model,scenario,region,variable,unit,year,value
OECD ENV-Growth 2025,SSP2,Africa (R10),GDP|PPP,billion USD_2017/yr,2025,7863.745409
OECD ENV-Growth 2025,SSP2,Africa (R10),GDP|PPP,billion USD_2017/yr,2030,9800.376266000001
OECD ENV-Growth 2025,SSP2,Africa (R10),GDP|PPP,billion USD_2017/yr,2035,12457.4095
OECD ENV-Growth 2025,SSP2,Africa (R10),GDP|PPP,billion USD_2017/yr,2040,15717.91237
OECD ENV-Growth 2025,SSP2,Africa (R10),GDP|PPP,billion USD_2017/yr,2045,19728.33116
OECD ENV-Growth 2025,SSP2,Africa (R10),GDP|PPP,billion USD_2017/yr,2050,24628.28666
OECD ENV-Growth 2025,SSP2,Albania,GDP|PPP,billion USD_2017/yr,2025,48.8271
OECD ENV-Growth 2025,SSP2,Albania,GDP|PPP,billion USD_2017/yr,2030,57.9079
OECD ENV-Growth 2025,SSP2,Albania,GDP|PPP,billion USD_2017/yr,2035,66.5048
OECD ENV-Growth 2025,SSP2,Albania,GDP|PPP,billion USD_2017/yr,2040,74.3173
OECD ENV-Growth 2025,SSP2,Albania,GDP|PPP,billion USD_2017/yr,2045,81.1924
OECD ENV-Growth 2025,SSP2,Albania,GDP|PPP,billion USD_2017/yr,2050,86.9263
OECD ENV-Growth 2025,SSP2,Algeria,GDP|PPP,billion USD_2017/yr,2025,543.288
OECD ENV-Growth 2025,SSP2,Algeria,GDP|PPP,billion USD_2017/yr,2030,596.259
OECD ENV-Growth 2025,SSP2,Algeria,GDP|PPP,billion USD_2017/yr,2035,666.653
OECD ENV-Growth 2025,SSP2,Algeria,GDP|PPP,billion USD_2017/yr,2040,742.763
OECD ENV-Growth 2025,SSP2,Algeria,GDP|PPP,billion USD_2017/yr,2045,834.654
OECD ENV-Growth 2025,SSP2,Algeria,GDP|PPP,billion USD_2017/yr,2050,949.78
OECD ENV-Growth 2025,SSP2,Angola,GDP|PPP,billion USD_2017/yr,2025,227.037
OECD ENV-Growth 2025,SSP2,Angola,GDP|PPP,billion USD_2017/yr,2030,272.642
OECD ENV-Growth 2025,SSP2,Angola,GDP|PPP,billion USD_2017/yr,2035,333.204
OECD ENV-Growth 2025,SSP2,Angola,GDP|PPP,billion USD_2017/yr,2040,409.347
OECD ENV-Growth 2025,SSP2,Angola,GDP|PPP,billion USD_2017/yr,2045,509.502
OECD ENV-Growth 2025,SSP2,Angola,GDP|PPP,billion USD_2017/yr,2050,640.197
OECD ENV-Growth 2025,SSP2,Antigua and Barbuda,GDP|PPP,billion USD_2017/yr,2025,2.333
OECD ENV-Growth 2025,SSP2,Antigua and Barbuda,GDP|PPP,billion USD_2017/yr,2030,2.69026
OECD ENV-Growth 2025,SSP2,Antigua and Barbuda,GDP|PPP,billion USD_2017/yr,2035,3.09397
OECD ENV-Growth 2025,SSP2,Antigua and Barbuda,GDP|PPP,billion USD_2017/yr,2040,3.52088
OECD ENV-Growth 2025,SSP2,Antigua and Barbuda,GDP|PPP,billion USD_2017/yr,2045,3.98645
OECD ENV-Growth 2025,SSP2,Antigua and Barbuda,GDP|PPP,billion USD_2017/yr,2050,4.49744
OECD ENV-Growth 2025,SSP2,Argentina,GDP|PPP,billion USD_2017/yr,2025,1025.84
OECD ENV-Growth 2025,SSP2,Argentina,GDP|PPP,billion USD_2017/yr,2030,1161.1
OECD ENV-Growth 2025,SSP2,Argentina,GDP|PPP,billion USD_2017/yr,2035,1292.23
OECD ENV-Growth 2025,SSP2,Argentina,GDP|PPP,billion USD_2017/yr,2040,1440.27
OECD ENV-Growth 2025,SSP2,Argentina,GDP|PPP,billion USD_2017/yr,2045,1611.32
OECD ENV-Growth 2025,SSP2,Argentina,GDP|PPP,billion USD_2017/yr,2050,1808.47
OECD ENV-Growth 2025,SSP2,Armenia,GDP|PPP,billion USD_2017/yr,2025,52.4338
OECD ENV-Growth 2025,SSP2,Armenia,GDP|PPP,billion USD_2017/yr,2030,65.4882
OECD ENV-Growth 2025,SSP2,Armenia,GDP|PPP,billion USD_2017/yr,2035,78.8069
OECD ENV-Growth 2025,SSP2,Armenia,GDP|PPP,billion USD_2017/yr,2040,90.6287
OECD ENV-Growth 2025,SSP2,Armenia,GDP|PPP,billion USD_2017/yr,2045,100.616
OECD ENV-Growth 2025,SSP2,Armenia,GDP|PPP,billion USD_2017/yr,2050,109.199
OECD ENV-Growth 2025,SSP2,Aruba,GDP|PPP,billion USD_2017/yr,2025,4.60237
OECD ENV-Growth 2025,SSP2,Aruba,GDP|PPP,billion USD_2017/yr,2030,4.88721
OECD ENV-Growth 2025,SSP2,Aruba,GDP|PPP,billion USD_2017/yr,2035,5.26404
OECD ENV-Growth 2025,SSP2,Aruba,GDP|PPP,billion USD_2017/yr,2040,5.66998
OECD ENV-Growth 2025,SSP2,Aruba,GDP|PPP,billion USD_2017/yr,2045,6.11162
OECD ENV-Growth 2025,SSP2,Aruba,GDP|PPP,billion USD_2017/yr,2050,6.61421
OECD ENV-Growth 2025,SSP2,Asia (R5),GDP|PPP,billion USD_2017/yr,2025,59205.352373
OECD ENV-Growth 2025,SSP2,Asia (R5),GDP|PPP,billion USD_2017/yr,2030,73136.320724
OECD ENV-Growth 2025,SSP2,Asia (R5),GDP|PPP,billion USD_2017/yr,2035,86966.12091499999
OECD ENV-Growth 2025,SSP2,Asia (R5),GDP|PPP,billion USD_2017/yr,2040,100061.37111
OECD ENV-Growth 2025,SSP2,Asia (R5),GDP|PPP,billion USD_2017/yr,2045,113437.544242
OECD ENV-Growth 2025,SSP2,Asia (R5),GDP|PPP,billion USD_2017/yr,2050,127094.576645
OECD ENV-Growth 2025,SSP2,Australia,GDP|PPP,billion USD_2017/yr,2025,1443.22
OECD ENV-Growth 2025,SSP2,Australia,GDP|PPP,billion USD_2017/yr,2030,1644.06
OECD ENV-Growth 2025,SSP2,Australia,GDP|PPP,billion USD_2017/yr,2035,1860.35
OECD ENV-Growth 2025,SSP2,Australia,GDP|PPP,billion USD_2017/yr,2040,2093.3
OECD ENV-Growth 2025,SSP2,Australia,GDP|PPP,billion USD_2017/yr,2045,2345.09
OECD ENV-Growth 2025,SSP2,Australia,GDP|PPP,billion USD_2017/yr,2050,2606.7
OECD ENV-Growth 2025,SSP2,Austria,GDP|PPP,billion USD_2017/yr,2025,514.16
OECD ENV-Growth 2025,SSP2,Austria,GDP|PPP,billion USD_2017/yr,2030,565.586
OECD ENV-Growth 2025,SSP2,Austria,GDP|PPP,billion USD_2017/yr,2035,604.181
OECD ENV-Growth 2025,SSP2,Austria,GDP|PPP,billion USD_2017/yr,2040,642.687
OECD ENV-Growth 2025,SSP2,Austria,GDP|PPP,billion USD_2017/yr,2045,681.392
OECD ENV-Growth 2025,SSP2,Austria,GDP|PPP,billion USD_2017/yr,2050,718.406
OECD ENV-Growth 2025,SSP2,Azerbaijan,GDP|PPP,billion USD_2017/yr,2025,164.983
OECD ENV-Growth 2025,SSP2,Azerbaijan,GDP|PPP,billion USD_2017/yr,2030,186.416
OECD ENV-Growth 2025,SSP2,Azerbaijan,GDP|PPP,billion USD_2017/yr,2035,206.376
OECD ENV-Growth 2025,SSP2,Azerbaijan,GDP|PPP,billion USD_2017/yr,2040,226.487
OECD ENV-Growth 2025,SSP2,Azerbaijan,GDP|PPP,billion USD_2017/yr,2045,249.317
OECD ENV-Growth 2025,SSP2,Azerbaijan,GDP|PPP,billion USD_2017/yr,2050,276.131
OECD ENV-Growth 2025,SSP2,Bahamas,GDP|PPP,billion USD_2017/yr,2025,15.3387
OECD ENV-Growth 2025,SSP2,Bahamas,GDP|PPP,billion USD_2017/yr,2030,16.6043
OECD ENV-Growth 2025,SSP2,Bahamas,GDP|PPP,billion USD_2017/yr,2035,17.9648
OECD ENV-Growth 2025,SSP2,Bahamas,GDP|PPP,billion USD_2017/yr,2040,19.3114
OECD ENV-Growth 2025,SSP2,Bahamas,GDP|PPP,billion USD_2017/yr,2045,20.7115
OECD ENV-Growth 2025,SSP2,Bahamas,GDP|PPP,billion USD_2017/yr,2050,22.2069
OECD ENV-Growth 2025,SSP2,Bahrain,GDP|PPP,billion USD_2017/yr,2025,83.7891
OECD ENV-Growth 2025,SSP2,Bahrain,GDP|PPP,billion USD_2017/yr,2030,96.2929
OECD ENV-Growth 2025,SSP2,Bahrain,GDP|PPP,billion USD_2017/yr,2035,110.227
OECD ENV-Growth 2025,SSP2,Bahrain,GDP|PPP,billion USD_2017/yr,2040,122.846
OECD ENV-Growth 2025,SSP2,Bahrain,GDP|PPP,billion USD_2017/yr,2045,134.556
OECD ENV-Growth 2025,SSP2,Bahrain,GDP|PPP,billion USD_2017/yr,2050,145.813
OECD ENV-Growth 2025,SSP2,Bangladesh,GDP|PPP,billion USD_2017/yr,2025,1371.5
OECD ENV-Growth 2025,SSP2,Bangladesh,GDP|PPP,billion USD_2017/yr,2030,1926.22
OECD ENV-Growth 2025,SSP2,Bangladesh,GDP|PPP,billion USD_2017/yr,2035,2563.84
OECD ENV-Growth 2025,SSP2,Bangladesh,GDP|PPP,billion USD_2017/yr,2040,3221.98
OECD ENV-Growth 2025,SSP2,Bangladesh,GDP|PPP,billion USD_2017/yr,2045,3914.5
OECD ENV-Growth 2025,SSP2,Bangladesh,GDP|PPP,billion USD_2017/yr,2050,4644.59
OECD ENV-Growth 2025,SSP2,Barbados,GDP|PPP,billion USD_2017/yr,2025,4.74368
OECD ENV-Growth 2025,SSP2,Barbados,GDP|PPP,billion USD_2017/yr,2030,5.24855
OECD ENV-Growth 2025,SSP2,Barbados,GDP|PPP,billion USD_2017/yr,2035,5.82101
OECD ENV-Growth 2025,SSP2,Barbados,GDP|PPP,billion USD_2017/yr,2040,6.51233
OECD ENV-Growth 2025,SSP2,Barbados,GDP|PPP,billion USD_2017/yr,2045,7.30602
OECD ENV-Growth 2025,SSP2,Barbados,GDP|PPP,billion USD_2017/yr,2050,8.19443
OECD ENV-Growth 2025,SSP2,Belarus,GDP|PPP,billion USD_2017/yr,2025,184.177
OECD ENV-Growth 2025,SSP2,Belarus,GDP|PPP,billion USD_2017/yr,2030,191.541
OECD ENV-Growth 2025,SSP2,Belarus,GDP|PPP,billion USD_2017/yr,2035,201.7
OECD ENV-Growth 2025,SSP2,Belarus,GDP|PPP,billion USD_2017/yr,2040,212.97
OECD ENV-Growth 2025,SSP2,Belarus,GDP|PPP,billion USD_2017/yr,2045,225.329
OECD ENV-Growth 2025,SSP2,Belarus,GDP|PPP,billion USD_2017/yr,2050,239.037
OECD ENV-Growth 2025,SSP2,Belgium,GDP|PPP,billion USD_2017/yr,2025,648.597
OECD ENV-Growth 2025,SSP2,Belgium,GDP|PPP,billion USD_2017/yr,2030,703.209
OECD ENV-Growth 2025,SSP2,Belgium,GDP|PPP,billion USD_2017/yr,2035,750.995
OECD ENV-Growth 2025,SSP2,Belgium,GDP|PPP,billion USD_2017/yr,2040,794.903
OECD ENV-Growth 2025,SSP2,Belgium,GDP|PPP,billion USD_2017/yr,2045,836.273
OECD ENV-Growth 2025,SSP2,Belgium,GDP|PPP,billion USD_2017/yr,2050,876.962
OECD ENV-Growth 2025,SSP2,Belize,GDP|PPP,billion USD_2017/yr,2025,4.34084
OECD ENV-Growth 2025,SSP2,Belize,GDP|PPP,billion USD_2017/yr,2030,4.97082
OECD ENV-Growth 2025,SSP2,Belize,GDP|PPP,billion USD_2017/yr,2035,5.91874
OECD ENV-Growth 2025,SSP2,Belize,GDP|PPP,billion USD_2017/yr,2040,7.14121
OECD ENV-Growth 2025,SSP2,Belize,GDP|PPP,billion USD_2017/yr,2045,8.65727
OECD ENV-Growth 2025,SSP2,Belize,GDP|PPP,billion USD_2017/yr,2050,10.491
OECD ENV-Growth 2025,SSP2,Benin,GDP|PPP,billion USD_2017/yr,2025,54.5112
OECD ENV-Growth 2025,SSP2,Benin,GDP|PPP,billion USD_2017/yr,2030,73.8431
OECD ENV-Growth 2025,SSP2,Benin,GDP|PPP,billion USD_2017/yr,2035,100.965
OECD ENV-Growth 2025,SSP2,Benin,GDP|PPP,billion USD_2017/yr,2040,133.685
OECD ENV-Growth 2025,SSP2,Benin,GDP|PPP,billion USD_2017/yr,2045,173.647
OECD ENV-Growth 2025,SSP2,Benin,GDP|PPP,billion USD_2017/yr,2050,222.735
OECD ENV-Growth 2025,SSP2,Bhutan,GDP|PPP,billion USD_2017/yr,2025,9.65527
OECD ENV-Growth 2025,SSP2,Bhutan,GDP|PPP,billion USD_2017/yr,2030,11.6981
OECD ENV-Growth 2025,SSP2,Bhutan,GDP|PPP,billion USD_2017/yr,2035,13.7241
OECD ENV-Growth 2025,SSP2,Bhutan,GDP|PPP,billion USD_2017/yr,2040,15.77
OECD ENV-Growth 2025,SSP2,Bhutan,GDP|PPP,billion USD_2017/yr,2045,17.9457
OECD ENV-Growth 2025,SSP2,Bhutan,GDP|PPP,billion USD_2017/yr,2050,20.293
OECD ENV-Growth 2025,SSP2,Bolivia,GDP|PPP,billion USD_2017/yr,2025,106.494
OECD ENV-Growth 2025,SSP2,Bolivia,GDP|PPP,billion USD_2017/yr,2030,119.463
OECD ENV-Growth 2025,SSP2,Bolivia,GDP|PPP,billion USD_2017/yr,2035,138.011
OECD ENV-Growth 2025,SSP2,Bolivia,GDP|PPP,billion USD_2017/yr,2040,164.44
OECD ENV-Growth 2025,SSP2,Bolivia,GDP|PPP,billion USD_2017/yr,2045,198.795
OECD ENV-Growth 2025,SSP2,Bolivia,GDP|PPP,billion USD_2017/yr,2050,241.427
OECD ENV-Growth 2025,SSP2,Bosnia and Herzegovina,GDP|PPP,billion USD_2017/yr,2025,58.9414
OECD ENV-Growth 2025,SSP2,Bosnia and Herzegovina,GDP|PPP,billion USD_2017/yr,2030,68.4728
OECD ENV-Growth 2025,SSP2,Bosnia and Herzegovina,GDP|PPP,billion USD_2017/yr,2035,76.5733
OECD ENV-Growth 2025,SSP2,Bosnia and Herzegovina,GDP|PPP,billion USD_2017/yr,2040,81.9266
OECD ENV-Growth 2025,SSP2,Bosnia and Herzegovina,GDP|PPP,billion USD_2017/yr,2045,85.3115
OECD ENV-Growth 2025,SSP2,Bosnia and Herzegovina,GDP|PPP,billion USD_2017/yr,2050,87.4088
OECD ENV-Growth 2025,SSP2,Botswana,GDP|PPP,billion USD_2017/yr,2025,46.0452
OECD ENV-Growth 2025,SSP2,Botswana,GDP|PPP,billion USD_2017/yr,2030,56.1316
OECD ENV-Growth 2025,SSP2,Botswana,GDP|PPP,billion USD_2017/yr,2035,67.2517
OECD ENV-Growth 2025,SSP2,Botswana,GDP|PPP,billion USD_2017/yr,2040,78.2545
OECD ENV-Growth 2025,SSP2,Botswana,GDP|PPP,billion USD_2017/yr,2045,89.4597
OECD ENV-Growth 2025,SSP2,Botswana,GDP|PPP,billion USD_2017/yr,2050,101.229
OECD ENV-Growth 2025,SSP2,Brazil,GDP|PPP,billion USD_2017/yr,2025,3480.58
OECD ENV-Growth 2025,SSP2,Brazil,GDP|PPP,billion USD_2017/yr,2030,3783.4
OECD ENV-Growth 2025,SSP2,Brazil,GDP|PPP,billion USD_2017/yr,2035,4302.42
OECD ENV-Growth 2025,SSP2,Brazil,GDP|PPP,billion USD_2017/yr,2040,4982.15
OECD ENV-Growth 2025,SSP2,Brazil,GDP|PPP,billion USD_2017/yr,2045,5810.2
OECD ENV-Growth 2025,SSP2,Brazil,GDP|PPP,billion USD_2017/yr,2050,6760.68
OECD ENV-Growth 2025,SSP2,Brunei Darussalam,GDP|PPP,billion USD_2017/yr,2025,27.8239
OECD ENV-Growth 2025,SSP2,Brunei Darussalam,GDP|PPP,billion USD_2017/yr,2030,32.4179
OECD ENV-Growth 2025,SSP2,Brunei Darussalam,GDP|PPP,billion USD_2017/yr,2035,36.4628
OECD ENV-Growth 2025,SSP2,Brunei Darussalam,GDP|PPP,billion USD_2017/yr,2040,39.2832
OECD ENV-Growth 2025,SSP2,Brunei Darussalam,GDP|PPP,billion USD_2017/yr,2045,41.2702
OECD ENV-Growth 2025,SSP2,Brunei Darussalam,GDP|PPP,billion USD_2017/yr,2050,42.7606
OECD ENV-Growth 2025,SSP2,Bulgaria,GDP|PPP,billion USD_2017/yr,2025,187.916
OECD ENV-Growth 2025,SSP2,Bulgaria,GDP|PPP,billion USD_2017/yr,2030,215.471
OECD ENV-Growth 2025,SSP2,Bulgaria,GDP|PPP,billion USD_2017/yr,2035,239.576
OECD ENV-Growth 2025,SSP2,Bulgaria,GDP|PPP,billion USD_2017/yr,2040,259.659
OECD ENV-Growth 2025,SSP2,Bulgaria,GDP|PPP,billion USD_2017/yr,2045,277.074
OECD ENV-Growth 2025,SSP2,Bulgaria,GDP|PPP,billion USD_2017/yr,2050,293.214
OECD ENV-Growth 2025,SSP2,Burkina Faso,GDP|PPP,billion USD_2017/yr,2025,57.8578
OECD ENV-Growth 2025,SSP2,Burkina Faso,GDP|PPP,billion USD_2017/yr,2030,77.1408
OECD ENV-Growth 2025,SSP2,Burkina Faso,GDP|PPP,billion USD_2017/yr,2035,106.909
OECD ENV-Growth 2025,SSP2,Burkina Faso,GDP|PPP,billion USD_2017/yr,2040,143.845
OECD ENV-Growth 2025,SSP2,Burkina Faso,GDP|PPP,billion USD_2017/yr,2045,190.995
OECD ENV-Growth 2025,SSP2,Burkina Faso,GDP|PPP,billion USD_2017/yr,2050,251.101
OECD ENV-Growth 2025,SSP2,Burundi,GDP|PPP,billion USD_2017/yr,2025,10.5911
OECD ENV-Growth 2025,SSP2,Burundi,GDP|PPP,billion USD_2017/yr,2030,13.9948
OECD ENV-Growth 2025,SSP2,Burundi,GDP|PPP,billion USD_2017/yr,2035,18.5775
OECD ENV-Growth 2025,SSP2,Burundi,GDP|PPP,billion USD_2017/yr,2040,24.5249
OECD ENV-Growth 2025,SSP2,Burundi,GDP|PPP,billion USD_2017/yr,2045,32.3524
OECD ENV-Growth 2025,SSP2,Burundi,GDP|PPP,billion USD_2017/yr,2050,42.6786
OECD ENV-Growth 2025,SSP2,Cabo Verde,GDP|PPP,billion USD_2017/yr,2025,5.10428
OECD ENV-Growth 2025,SSP2,Cabo Verde,GDP|PPP,billion USD_2017/yr,2030,6.43636
OECD ENV-Growth 2025,SSP2,Cabo Verde,GDP|PPP,billion USD_2017/yr,2035,7.89294
OECD ENV-Growth 2025,SSP2,Cabo Verde,GDP|PPP,billion USD_2017/yr,2040,9.29157
OECD ENV-Growth 2025,SSP2,Cabo Verde,GDP|PPP,billion USD_2017/yr,2045,10.6586
OECD ENV-Growth 2025,SSP2,Cabo Verde,GDP|PPP,billion USD_2017/yr,2050,12.009
OECD ENV-Growth 2025,SSP2,Cambodia,GDP|PPP,billion USD_2017/yr,2025,90.6875
OECD ENV-Growth 2025,SSP2,Cambodia,GDP|PPP,billion USD_2017/yr,2030,123.392
OECD ENV-Growth 2025,SSP2,Cambodia,GDP|PPP,billion USD_2017/yr,2035,164.706
OECD ENV-Growth 2025,SSP2,Cambodia,GDP|PPP,billion USD_2017/yr,2040,214.184
OECD ENV-Growth 2025,SSP2,Cambodia,GDP|PPP,billion USD_2017/yr,2045,273.703
OECD ENV-Growth 2025,SSP2,Cambodia,GDP|PPP,billion USD_2017/yr,2050,344.863
OECD ENV-Growth 2025,SSP2,Cameroon,GDP|PPP,billion USD_2017/yr,2025,118.502
OECD ENV-Growth 2025,SSP2,Cameroon,GDP|PPP,billion USD_2017/yr,2030,150.083
OECD ENV-Growth 2025,SSP2,Cameroon,GDP|PPP,billion USD_2017/yr,2035,195.565
OECD ENV-Growth 2025,SSP2,Cameroon,GDP|PPP,billion USD_2017/yr,2040,252.33
OECD ENV-Growth 2025,SSP2,Cameroon,GDP|PPP,billion USD_2017/yr,2045,323.397
OECD ENV-Growth 2025,SSP2,Cameroon,GDP|PPP,billion USD_2017/yr,2050,411.558
OECD ENV-Growth 2025,SSP2,Canada,GDP|PPP,billion USD_2017/yr,2025,1981.43
OECD ENV-Growth 2025,SSP2,Canada,GDP|PPP,billion USD_2017/yr,2030,2199.36
OECD ENV-Growth 2025,SSP2,Canada,GDP|PPP,billion USD_2017/yr,2035,2444.35
OECD ENV-Growth 2025,SSP2,Canada,GDP|PPP,billion USD_2017/yr,2040,2716.48
OECD ENV-Growth 2025,SSP2,Canada,GDP|PPP,billion USD_2017/yr,2045,3000.87
OECD ENV-Growth 2025,SSP2,Canada,GDP|PPP,billion USD_2017/yr,2050,3285.67
OECD ENV-Growth 2025,SSP2,Central African Republic,GDP|PPP,billion USD_2017/yr,2025,4.93142
OECD ENV-Growth 2025,SSP2,Central African Republic,GDP|PPP,billion USD_2017/yr,2030,6.09484
OECD ENV-Growth 2025,SSP2,Central African Republic,GDP|PPP,billion USD_2017/yr,2035,8.25758
OECD ENV-Growth 2025,SSP2,Central African Republic,GDP|PPP,billion USD_2017/yr,2040,11.2927
OECD ENV-Growth 2025,SSP2,Central African Republic,GDP|PPP,billion USD_2017/yr,2045,15.5967
OECD ENV-Growth 2025,SSP2,Central African Republic,GDP|PPP,billion USD_2017/yr,2050,21.589
OECD ENV-Growth 2025,SSP2,Chad,GDP|PPP,billion USD_2017/yr,2025,28.2583
OECD ENV-Growth 2025,SSP2,Chad,GDP|PPP,billion USD_2017/yr,2030,34.213
OECD ENV-Growth 2025,SSP2,Chad,GDP|PPP,billion USD_2017/yr,2035,46.8124
OECD ENV-Growth 2025,SSP2,Chad,GDP|PPP,billion USD_2017/yr,2040,63.7497
OECD ENV-Growth 2025,SSP2,Chad,GDP|PPP,billion USD_2017/yr,2045,86.2088
OECD ENV-Growth 2025,SSP2,Chad,GDP|PPP,billion USD_2017/yr,2050,115.911
OECD ENV-Growth 2025,SSP2,Chile,GDP|PPP,billion USD_2017/yr,2025,527.728
OECD ENV-Growth 2025,SSP2,Chile,GDP|PPP,billion USD_2017/yr,2030,568.14
OECD ENV-Growth 2025,SSP2,Chile,GDP|PPP,billion USD_2017/yr,2035,628.043
OECD ENV-Growth 2025,SSP2,Chile,GDP|PPP,billion USD_2017/yr,2040,696.257
OECD ENV-Growth 2025,SSP2,Chile,GDP|PPP,billion USD_2017/yr,2045,771.79
OECD ENV-Growth 2025,SSP2,Chile,GDP|PPP,billion USD_2017/yr,2050,852.051
OECD ENV-Growth 2025,SSP2,China,GDP|PPP,billion USD_2017/yr,2025,29479.7
OECD ENV-Growth 2025,SSP2,China,GDP|PPP,billion USD_2017/yr,2030,35428.4
OECD ENV-Growth 2025,SSP2,China,GDP|PPP,billion USD_2017/yr,2035,40831.7
OECD ENV-Growth 2025,SSP2,China,GDP|PPP,billion USD_2017/yr,2040,45162.4
OECD ENV-Growth 2025,SSP2,China,GDP|PPP,billion USD_2017/yr,2045,49308.3
OECD ENV-Growth 2025,SSP2,China,GDP|PPP,billion USD_2017/yr,2050,53179.4
OECD ENV-Growth 2025,SSP2,China (R9),GDP|PPP,billion USD_2017/yr,2025,30037.3304
OECD ENV-Growth 2025,SSP2,China (R9),GDP|PPP,billion USD_2017/yr,2030,36064.59600000001
OECD ENV-Growth 2025,SSP2,China (R9),GDP|PPP,billion USD_2017/yr,2035,41525.255
OECD ENV-Growth 2025,SSP2,China (R9),GDP|PPP,billion USD_2017/yr,2040,45888.88
OECD ENV-Growth 2025,SSP2,China (R9),GDP|PPP,billion USD_2017/yr,2045,50052.379
OECD ENV-Growth 2025,SSP2,China (R9),GDP|PPP,billion USD_2017/yr,2050,53930.732
OECD ENV-Growth 2025,SSP2,China+ (R10),GDP|PPP,billion USD_2017/yr,2025,32632.9884
OECD ENV-Growth 2025,SSP2,China+ (R10),GDP|PPP,billion USD_2017/yr,2030,38932.9747
OECD ENV-Growth 2025,SSP2,China+ (R10),GDP|PPP,billion USD_2017/yr,2035,44608.0529
OECD ENV-Growth 2025,SSP2,China+ (R10),GDP|PPP,billion USD_2017/yr,2040,49142.5654
OECD ENV-Growth 2025,SSP2,China+ (R10),GDP|PPP,billion USD_2017/yr,2045,53449.7113
OECD ENV-Growth 2025,SSP2,China+ (R10),GDP|PPP,billion USD_2017/yr,2050,57452.485
OECD ENV-Growth 2025,SSP2,Colombia,GDP|PPP,billion USD_2017/yr,2025,856.133
OECD ENV-Growth 2025,SSP2,Colombia,GDP|PPP,billion USD_2017/yr,2030,988.324
OECD ENV-Growth 2025,SSP2,Colombia,GDP|PPP,billion USD_2017/yr,2035,1168.52
OECD ENV-Growth 2025,SSP2,Colombia,GDP|PPP,billion USD_2017/yr,2040,1394.38
OECD ENV-Growth 2025,SSP2,Colombia,GDP|PPP,billion USD_2017/yr,2045,1652.82
OECD ENV-Growth 2025,SSP2,Colombia,GDP|PPP,billion USD_2017/yr,2050,1932.05
OECD ENV-Growth 2025,SSP2,Comoros,GDP|PPP,billion USD_2017/yr,2025,3.01843
OECD ENV-Growth 2025,SSP2,Comoros,GDP|PPP,billion USD_2017/yr,2030,3.73257
OECD ENV-Growth 2025,SSP2,Comoros,GDP|PPP,billion USD_2017/yr,2035,4.73699
OECD ENV-Growth 2025,SSP2,Comoros,GDP|PPP,billion USD_2017/yr,2040,6.51196
OECD ENV-Growth 2025,SSP2,Comoros,GDP|PPP,billion USD_2017/yr,2045,9.13829
OECD ENV-Growth 2025,SSP2,Comoros,GDP|PPP,billion USD_2017/yr,2050,12.5485
OECD ENV-Growth 2025,SSP2,Congo,GDP|PPP,billion USD_2017/yr,2025,24.657
OECD ENV-Growth 2025,SSP2,Congo,GDP|PPP,billion USD_2017/yr,2030,29.9131
OECD ENV-Growth 2025,SSP2,Congo,GDP|PPP,billion USD_2017/yr,2035,36.4092
OECD ENV-Growth 2025,SSP2,Congo,GDP|PPP,billion USD_2017/yr,2040,44.2989
OECD ENV-Growth 2025,SSP2,Congo,GDP|PPP,billion USD_2017/yr,2045,54.0897
OECD ENV-Growth 2025,SSP2,Congo,GDP|PPP,billion USD_2017/yr,2050,66.2792
OECD ENV-Growth 2025,SSP2,Costa Rica,GDP|PPP,billion USD_2017/yr,2025,128.803
OECD ENV-Growth 2025,SSP2,Costa Rica,GDP|PPP,billion USD_2017/yr,2030,147.952
OECD ENV-Growth 2025,SSP2,Costa Rica,GDP|PPP,billion USD_2017/yr,2035,174.347
OECD ENV-Growth 2025,SSP2,Costa Rica,GDP|PPP,billion USD_2017/yr,2040,203.698
OECD ENV-Growth 2025,SSP2,Costa Rica,GDP|PPP,billion USD_2017/yr,2045,234.79
OECD ENV-Growth 2025,SSP2,Costa Rica,GDP|PPP,billion USD_2017/yr,2050,265.961
OECD ENV-Growth 2025,SSP2,Croatia,GDP|PPP,billion USD_2017/yr,2025,141.742
OECD ENV-Growth 2025,SSP2,Croatia,GDP|PPP,billion USD_2017/yr,2030,161.027
OECD ENV-Growth 2025,SSP2,Croatia,GDP|PPP,billion USD_2017/yr,2035,174.431
OECD ENV-Growth 2025,SSP2,Croatia,GDP|PPP,billion USD_2017/yr,2040,183.1
OECD ENV-Growth 2025,SSP2,Croatia,GDP|PPP,billion USD_2017/yr,2045,188.79
OECD ENV-Growth 2025,SSP2,Croatia,GDP|PPP,billion USD_2017/yr,2050,192.643
OECD ENV-Growth 2025,SSP2,Cuba,GDP|PPP,billion USD_2017/yr,2025,82.7981
OECD ENV-Growth 2025,SSP2,Cuba,GDP|PPP,billion USD_2017/yr,2030,103.15
OECD ENV-Growth 2025,SSP2,Cuba,GDP|PPP,billion USD_2017/yr,2035,130.229
OECD ENV-Growth 2025,SSP2,Cuba,GDP|PPP,billion USD_2017/yr,2040,168.502
OECD ENV-Growth 2025,SSP2,Cuba,GDP|PPP,billion USD_2017/yr,2045,216.215
OECD ENV-Growth 2025,SSP2,Cuba,GDP|PPP,billion USD_2017/yr,2050,271.236
OECD ENV-Growth 2025,SSP2,Curaçao,GDP|PPP,billion USD_2017/yr,2025,3.56938
OECD ENV-Growth 2025,SSP2,Curaçao,GDP|PPP,billion USD_2017/yr,2030,4.11794
OECD ENV-Growth 2025,SSP2,Curaçao,GDP|PPP,billion USD_2017/yr,2035,4.76284
OECD ENV-Growth 2025,SSP2,Curaçao,GDP|PPP,billion USD_2017/yr,2040,5.52335
OECD ENV-Growth 2025,SSP2,Curaçao,GDP|PPP,billion USD_2017/yr,2045,6.4296
OECD ENV-Growth 2025,SSP2,Curaçao,GDP|PPP,billion USD_2017/yr,2050,7.50359
OECD ENV-Growth 2025,SSP2,Cyprus,GDP|PPP,billion USD_2017/yr,2025,42.9015
OECD ENV-Growth 2025,SSP2,Cyprus,GDP|PPP,billion USD_2017/yr,2030,49.4632
OECD ENV-Growth 2025,SSP2,Cyprus,GDP|PPP,billion USD_2017/yr,2035,56.0827
OECD ENV-Growth 2025,SSP2,Cyprus,GDP|PPP,billion USD_2017/yr,2040,62.5326
OECD ENV-Growth 2025,SSP2,Cyprus,GDP|PPP,billion USD_2017/yr,2045,68.9387
OECD ENV-Growth 2025,SSP2,Cyprus,GDP|PPP,billion USD_2017/yr,2050,75.3751
OECD ENV-Growth 2025,SSP2,Czechia,GDP|PPP,billion USD_2017/yr,2025,452.933
OECD ENV-Growth 2025,SSP2,Czechia,GDP|PPP,billion USD_2017/yr,2030,491.181
OECD ENV-Growth 2025,SSP2,Czechia,GDP|PPP,billion USD_2017/yr,2035,527.083
OECD ENV-Growth 2025,SSP2,Czechia,GDP|PPP,billion USD_2017/yr,2040,562.001
OECD ENV-Growth 2025,SSP2,Czechia,GDP|PPP,billion USD_2017/yr,2045,595.268
OECD ENV-Growth 2025,SSP2,Czechia,GDP|PPP,billion USD_2017/yr,2050,626.963
OECD ENV-Growth 2025,SSP2,Côte d'Ivoire,GDP|PPP,billion USD_2017/yr,2025,187.758
OECD ENV-Growth 2025,SSP2,Côte d'Ivoire,GDP|PPP,billion USD_2017/yr,2030,255.211
OECD ENV-Growth 2025,SSP2,Côte d'Ivoire,GDP|PPP,billion USD_2017/yr,2035,343.78
OECD ENV-Growth 2025,SSP2,Côte d'Ivoire,GDP|PPP,billion USD_2017/yr,2040,443.407
OECD ENV-Growth 2025,SSP2,Côte d'Ivoire,GDP|PPP,billion USD_2017/yr,2045,558.023
OECD ENV-Growth 2025,SSP2,Côte d'Ivoire,GDP|PPP,billion USD_2017/yr,2050,690.859
OECD ENV-Growth 2025,SSP2,Democratic Republic of the Congo,GDP|PPP,billion USD_2017/yr,2025,135.911
OECD ENV-Growth 2025,SSP2,Democratic Republic of the Congo,GDP|PPP,billion USD_2017/yr,2030,176.69
OECD ENV-Growth 2025,SSP2,Democratic Republic of the Congo,GDP|PPP,billion USD_2017/yr,2035,235.259
OECD ENV-Growth 2025,SSP2,Democratic Republic of the Congo,GDP|PPP,billion USD_2017/yr,2040,322.353
OECD ENV-Growth 2025,SSP2,Democratic Republic of the Congo,GDP|PPP,billion USD_2017/yr,2045,445.325
OECD ENV-Growth 2025,SSP2,Democratic Republic of the Congo,GDP|PPP,billion USD_2017/yr,2050,612.528
OECD ENV-Growth 2025,SSP2,Denmark,GDP|PPP,billion USD_2017/yr,2025,367.936
OECD ENV-Growth 2025,SSP2,Denmark,GDP|PPP,billion USD_2017/yr,2030,393.354
OECD ENV-Growth 2025,SSP2,Denmark,GDP|PPP,billion USD_2017/yr,2035,418.505
OECD ENV-Growth 2025,SSP2,Denmark,GDP|PPP,billion USD_2017/yr,2040,444.458
OECD ENV-Growth 2025,SSP2,Denmark,GDP|PPP,billion USD_2017/yr,2045,472.71
OECD ENV-Growth 2025,SSP2,Denmark,GDP|PPP,billion USD_2017/yr,2050,502.47
OECD ENV-Growth 2025,SSP2,Djibouti,GDP|PPP,billion USD_2017/yr,2025,6.57003
OECD ENV-Growth 2025,SSP2,Djibouti,GDP|PPP,billion USD_2017/yr,2030,8.64729
OECD ENV-Growth 2025,SSP2,Djibouti,GDP|PPP,billion USD_2017/yr,2035,11.7591
OECD ENV-Growth 2025,SSP2,Djibouti,GDP|PPP,billion USD_2017/yr,2040,14.9064
OECD ENV-Growth 2025,SSP2,Djibouti,GDP|PPP,billion USD_2017/yr,2045,18.2035
OECD ENV-Growth 2025,SSP2,Djibouti,GDP|PPP,billion USD_2017/yr,2050,21.7446
OECD ENV-Growth 2025,SSP2,Dominican Republic,GDP|PPP,billion USD_2017/yr,2025,247.217
OECD ENV-Growth 2025,SSP2,Dominican Republic,GDP|PPP,billion USD_2017/yr,2030,315.418
OECD ENV-Growth 2025,SSP2,Dominican Republic,GDP|PPP,billion USD_2017/yr,2035,389.268
OECD ENV-Growth 2025,SSP2,Dominican Republic,GDP|PPP,billion USD_2017/yr,2040,462.61
OECD ENV-Growth 2025,SSP2,Dominican Republic,GDP|PPP,billion USD_2017/yr,2045,536.933
OECD ENV-Growth 2025,SSP2,Dominican Republic,GDP|PPP,billion USD_2017/yr,2050,613.025
OECD ENV-Growth 2025,SSP2,Ecuador,GDP|PPP,billion USD_2017/yr,2025,205.776
OECD ENV-Growth 2025,SSP2,Ecuador,GDP|PPP,billion USD_2017/yr,2030,235.005
OECD ENV-Growth 2025,SSP2,Ecuador,GDP|PPP,billion USD_2017/yr,2035,270.484
OECD ENV-Growth 2025,SSP2,Ecuador,GDP|PPP,billion USD_2017/yr,2040,312.125
OECD ENV-Growth 2025,SSP2,Ecuador,GDP|PPP,billion USD_2017/yr,2045,360.571
OECD ENV-Growth 2025,SSP2,Ecuador,GDP|PPP,billion USD_2017/yr,2050,416.191
OECD ENV-Growth 2025,SSP2,Egypt,GDP|PPP,billion USD_2017/yr,2025,1608.55
OECD ENV-Growth 2025,SSP2,Egypt,GDP|PPP,billion USD_2017/yr,2030,2138.34
OECD ENV-Growth 2025,SSP2,Egypt,GDP|PPP,billion USD_2017/yr,2035,2823.0
OECD ENV-Growth 2025,SSP2,Egypt,GDP|PPP,billion USD_2017/yr,2040,3654.92
OECD ENV-Growth 2025,SSP2,Egypt,GDP|PPP,billion USD_2017/yr,2045,4643.77
OECD ENV-Growth 2025,SSP2,Egypt,GDP|PPP,billion USD_2017/yr,2050,5804.68
OECD ENV-Growth 2025,SSP2,El Salvador,GDP|PPP,billion USD_2017/yr,2025,63.3113
OECD ENV-Growth 2025,SSP2,El Salvador,GDP|PPP,billion USD_2017/yr,2030,70.3563
OECD ENV-Growth 2025,SSP2,El Salvador,GDP|PPP,billion USD_2017/yr,2035,80.0383
OECD ENV-Growth 2025,SSP2,El Salvador,GDP|PPP,billion USD_2017/yr,2040,92.2424
OECD ENV-Growth 2025,SSP2,El Salvador,GDP|PPP,billion USD_2017/yr,2045,107.143
OECD ENV-Growth 2025,SSP2,El Salvador,GDP|PPP,billion USD_2017/yr,2050,124.747
OECD ENV-Growth 2025,SSP2,Equatorial Guinea,GDP|PPP,billion USD_2017/yr,2025,21.0139
OECD ENV-Growth 2025,SSP2,Equatorial Guinea,GDP|PPP,billion USD_2017/yr,2030,20.4926
OECD ENV-Growth 2025,SSP2,Equatorial Guinea,GDP|PPP,billion USD_2017/yr,2035,24.2626
OECD ENV-Growth 2025,SSP2,Equatorial Guinea,GDP|PPP,billion USD_2017/yr,2040,29.1189
OECD ENV-Growth 2025,SSP2,Equatorial Guinea,GDP|PPP,billion USD_2017/yr,2045,35.1808
OECD ENV-Growth 2025,SSP2,Equatorial Guinea,GDP|PPP,billion USD_2017/yr,2050,42.6261
OECD ENV-Growth 2025,SSP2,Eritrea,GDP|PPP,billion USD_2017/yr,2025,7.04007
OECD ENV-Growth 2025,SSP2,Eritrea,GDP|PPP,billion USD_2017/yr,2030,8.39421
OECD ENV-Growth 2025,SSP2,Eritrea,GDP|PPP,billion USD_2017/yr,2035,10.6529
OECD ENV-Growth 2025,SSP2,Eritrea,GDP|PPP,billion USD_2017/yr,2040,14.0091
OECD ENV-Growth 2025,SSP2,Eritrea,GDP|PPP,billion USD_2017/yr,2045,18.6926
OECD ENV-Growth 2025,SSP2,Eritrea,GDP|PPP,billion USD_2017/yr,2050,24.8412
OECD ENV-Growth 2025,SSP2,Estonia,GDP|PPP,billion USD_2017/yr,2025,51.1842
OECD ENV-Growth 2025,SSP2,Estonia,GDP|PPP,billion USD_2017/yr,2030,60.5631
OECD ENV-Growth 2025,SSP2,Estonia,GDP|PPP,billion USD_2017/yr,2035,66.6261
OECD ENV-Growth 2025,SSP2,Estonia,GDP|PPP,billion USD_2017/yr,2040,71.0377
OECD ENV-Growth 2025,SSP2,Estonia,GDP|PPP,billion USD_2017/yr,2045,74.0085
OECD ENV-Growth 2025,SSP2,Estonia,GDP|PPP,billion USD_2017/yr,2050,76.2528
OECD ENV-Growth 2025,SSP2,Eswatini,GDP|PPP,billion USD_2017/yr,2025,11.9999
OECD ENV-Growth 2025,SSP2,Eswatini,GDP|PPP,billion USD_2017/yr,2030,13.9207
OECD ENV-Growth 2025,SSP2,Eswatini,GDP|PPP,billion USD_2017/yr,2035,16.4556
OECD ENV-Growth 2025,SSP2,Eswatini,GDP|PPP,billion USD_2017/yr,2040,19.3921
OECD ENV-Growth 2025,SSP2,Eswatini,GDP|PPP,billion USD_2017/yr,2045,22.7399
OECD ENV-Growth 2025,SSP2,Eswatini,GDP|PPP,billion USD_2017/yr,2050,26.478
OECD ENV-Growth 2025,SSP2,Ethiopia,GDP|PPP,billion USD_2017/yr,2025,363.207
OECD ENV-Growth 2025,SSP2,Ethiopia,GDP|PPP,billion USD_2017/yr,2030,508.135
OECD ENV-Growth 2025,SSP2,Ethiopia,GDP|PPP,billion USD_2017/yr,2035,702.468
OECD ENV-Growth 2025,SSP2,Ethiopia,GDP|PPP,billion USD_2017/yr,2040,947.493
OECD ENV-Growth 2025,SSP2,Ethiopia,GDP|PPP,billion USD_2017/yr,2045,1261.73
OECD ENV-Growth 2025,SSP2,Ethiopia,GDP|PPP,billion USD_2017/yr,2050,1658.1
OECD ENV-Growth 2025,SSP2,Europe (R10),GDP|PPP,billion USD_2017/yr,2025,29072.576986633
OECD ENV-Growth 2025,SSP2,Europe (R10),GDP|PPP,billion USD_2017/yr,2030,31999.07905470291
OECD ENV-Growth 2025,SSP2,Europe (R10),GDP|PPP,billion USD_2017/yr,2035,34862.59126086418
OECD ENV-Growth 2025,SSP2,Europe (R10),GDP|PPP,billion USD_2017/yr,2040,37733.94120980512
OECD ENV-Growth 2025,SSP2,Europe (R10),GDP|PPP,billion USD_2017/yr,2045,40578.75307967673
OECD ENV-Growth 2025,SSP2,Europe (R10),GDP|PPP,billion USD_2017/yr,2050,43364.764378265
OECD ENV-Growth 2025,SSP2,European Union (R9),GDP|PPP,billion USD_2017/yr,2025,21289.9021
OECD ENV-Growth 2025,SSP2,European Union (R9),GDP|PPP,billion USD_2017/yr,2030,23128.885
OECD ENV-Growth 2025,SSP2,European Union (R9),GDP|PPP,billion USD_2017/yr,2035,24871.8976
OECD ENV-Growth 2025,SSP2,European Union (R9),GDP|PPP,billion USD_2017/yr,2040,26622.6397
OECD ENV-Growth 2025,SSP2,European Union (R9),GDP|PPP,billion USD_2017/yr,2045,28330.4022
OECD ENV-Growth 2025,SSP2,European Union (R9),GDP|PPP,billion USD_2017/yr,2050,29994.1096
OECD ENV-Growth 2025,SSP2,Fiji,GDP|PPP,billion USD_2017/yr,2025,13.3352
OECD ENV-Growth 2025,SSP2,Fiji,GDP|PPP,billion USD_2017/yr,2030,15.6828
OECD ENV-Growth 2025,SSP2,Fiji,GDP|PPP,billion USD_2017/yr,2035,18.3736
OECD ENV-Growth 2025,SSP2,Fiji,GDP|PPP,billion USD_2017/yr,2040,21.5295
OECD ENV-Growth 2025,SSP2,Fiji,GDP|PPP,billion USD_2017/yr,2045,25.1469
OECD ENV-Growth 2025,SSP2,Fiji,GDP|PPP,billion USD_2017/yr,2050,29.2123
OECD ENV-Growth 2025,SSP2,Finland,GDP|PPP,billion USD_2017/yr,2025,281.888
OECD ENV-Growth 2025,SSP2,Finland,GDP|PPP,billion USD_2017/yr,2030,303.137
OECD ENV-Growth 2025,SSP2,Finland,GDP|PPP,billion USD_2017/yr,2035,321.116
OECD ENV-Growth 2025,SSP2,Finland,GDP|PPP,billion USD_2017/yr,2040,339.594
OECD ENV-Growth 2025,SSP2,Finland,GDP|PPP,billion USD_2017/yr,2045,358.472
OECD ENV-Growth 2025,SSP2,Finland,GDP|PPP,billion USD_2017/yr,2050,377.964
OECD ENV-Growth 2025,SSP2,France,GDP|PPP,billion USD_2017/yr,2025,3207.38
OECD ENV-Growth 2025,SSP2,France,GDP|PPP,billion USD_2017/yr,2030,3465.21
OECD ENV-Growth 2025,SSP2,France,GDP|PPP,billion USD_2017/yr,2035,3699.28
OECD ENV-Growth 2025,SSP2,France,GDP|PPP,billion USD_2017/yr,2040,3937.9
OECD ENV-Growth 2025,SSP2,France,GDP|PPP,billion USD_2017/yr,2045,4181.43
OECD ENV-Growth 2025,SSP2,France,GDP|PPP,billion USD_2017/yr,2050,4434.16
OECD ENV-Growth 2025,SSP2,French Guiana,GDP|PPP,billion USD_2017/yr,2025,16.066
OECD ENV-Growth 2025,SSP2,French Guiana,GDP|PPP,billion USD_2017/yr,2030,18.5609
OECD ENV-Growth 2025,SSP2,French Guiana,GDP|PPP,billion USD_2017/yr,2035,21.2765
OECD ENV-Growth 2025,SSP2,French Guiana,GDP|PPP,billion USD_2017/yr,2040,24.2581
OECD ENV-Growth 2025,SSP2,French Guiana,GDP|PPP,billion USD_2017/yr,2045,27.5436
OECD ENV-Growth 2025,SSP2,French Guiana,GDP|PPP,billion USD_2017/yr,2050,31.1807
OECD ENV-Growth 2025,SSP2,French Polynesia,GDP|PPP,billion USD_2017/yr,2025,5.44629
OECD ENV-Growth 2025,SSP2,French Polynesia,GDP|PPP,billion USD_2017/yr,2030,6.30972
OECD ENV-Growth 2025,SSP2,French Polynesia,GDP|PPP,billion USD_2017/yr,2035,7.20289
OECD ENV-Growth 2025,SSP2,French Polynesia,GDP|PPP,billion USD_2017/yr,2040,8.19009
OECD ENV-Growth 2025,SSP2,French Polynesia,GDP|PPP,billion USD_2017/yr,2045,9.29443
OECD ENV-Growth 2025,SSP2,French Polynesia,GDP|PPP,billion USD_2017/yr,2050,10.5151
OECD ENV-Growth 2025,SSP2,Gabon,GDP|PPP,billion USD_2017/yr,2025,36.0025
OECD ENV-Growth 2025,SSP2,Gabon,GDP|PPP,billion USD_2017/yr,2030,42.0198
OECD ENV-Growth 2025,SSP2,Gabon,GDP|PPP,billion USD_2017/yr,2035,50.8128
OECD ENV-Growth 2025,SSP2,Gabon,GDP|PPP,billion USD_2017/yr,2040,60.2287
OECD ENV-Growth 2025,SSP2,Gabon,GDP|PPP,billion USD_2017/yr,2045,70.3722
OECD ENV-Growth 2025,SSP2,Gabon,GDP|PPP,billion USD_2017/yr,2050,81.3946
OECD ENV-Growth 2025,SSP2,Gambia,GDP|PPP,billion USD_2017/yr,2025,6.88655
OECD ENV-Growth 2025,SSP2,Gambia,GDP|PPP,billion USD_2017/yr,2030,8.95751
OECD ENV-Growth 2025,SSP2,Gambia,GDP|PPP,billion USD_2017/yr,2035,12.0192
OECD ENV-Growth 2025,SSP2,Gambia,GDP|PPP,billion USD_2017/yr,2040,15.6493
OECD ENV-Growth 2025,SSP2,Gambia,GDP|PPP,billion USD_2017/yr,2045,20.0506
OECD ENV-Growth 2025,SSP2,Gambia,GDP|PPP,billion USD_2017/yr,2050,25.4353
OECD ENV-Growth 2025,SSP2,Georgia,GDP|PPP,billion USD_2017/yr,2025,74.022
OECD ENV-Growth 2025,SSP2,Georgia,GDP|PPP,billion USD_2017/yr,2030,96.4869
OECD ENV-Growth 2025,SSP2,Georgia,GDP|PPP,billion USD_2017/yr,2035,120.571
OECD ENV-Growth 2025,SSP2,Georgia,GDP|PPP,billion USD_2017/yr,2040,139.841
OECD ENV-Growth 2025,SSP2,Georgia,GDP|PPP,billion USD_2017/yr,2045,153.983
OECD ENV-Growth 2025,SSP2,Georgia,GDP|PPP,billion USD_2017/yr,2050,163.996
OECD ENV-Growth 2025,SSP2,Germany,GDP|PPP,billion USD_2017/yr,2025,4595.24
OECD ENV-Growth 2025,SSP2,Germany,GDP|PPP,billion USD_2017/yr,2030,4837.51
OECD ENV-Growth 2025,SSP2,Germany,GDP|PPP,billion USD_2017/yr,2035,5095.55
OECD ENV-Growth 2025,SSP2,Germany,GDP|PPP,billion USD_2017/yr,2040,5397.91
OECD ENV-Growth 2025,SSP2,Germany,GDP|PPP,billion USD_2017/yr,2045,5718.72
OECD ENV-Growth 2025,SSP2,Germany,GDP|PPP,billion USD_2017/yr,2050,6027.31
OECD ENV-Growth 2025,SSP2,Ghana,GDP|PPP,billion USD_2017/yr,2025,199.342
OECD ENV-Growth 2025,SSP2,Ghana,GDP|PPP,billion USD_2017/yr,2030,256.023
OECD ENV-Growth 2025,SSP2,Ghana,GDP|PPP,billion USD_2017/yr,2035,327.607
OECD ENV-Growth 2025,SSP2,Ghana,GDP|PPP,billion USD_2017/yr,2040,411.795
OECD ENV-Growth 2025,SSP2,Ghana,GDP|PPP,billion USD_2017/yr,2045,512.625
OECD ENV-Growth 2025,SSP2,Ghana,GDP|PPP,billion USD_2017/yr,2050,633.487
OECD ENV-Growth 2025,SSP2,Greece,GDP|PPP,billion USD_2017/yr,2025,355.738
OECD ENV-Growth 2025,SSP2,Greece,GDP|PPP,billion USD_2017/yr,2030,393.694
OECD ENV-Growth 2025,SSP2,Greece,GDP|PPP,billion USD_2017/yr,2035,425.017
OECD ENV-Growth 2025,SSP2,Greece,GDP|PPP,billion USD_2017/yr,2040,459.988
OECD ENV-Growth 2025,SSP2,Greece,GDP|PPP,billion USD_2017/yr,2045,494.625
OECD ENV-Growth 2025,SSP2,Greece,GDP|PPP,billion USD_2017/yr,2050,528.07
OECD ENV-Growth 2025,SSP2,Grenada,GDP|PPP,billion USD_2017/yr,2025,2.02408
OECD ENV-Growth 2025,SSP2,Grenada,GDP|PPP,billion USD_2017/yr,2030,2.33697
OECD ENV-Growth 2025,SSP2,Grenada,GDP|PPP,billion USD_2017/yr,2035,2.70227
OECD ENV-Growth 2025,SSP2,Grenada,GDP|PPP,billion USD_2017/yr,2040,3.10674
OECD ENV-Growth 2025,SSP2,Grenada,GDP|PPP,billion USD_2017/yr,2045,3.54023
OECD ENV-Growth 2025,SSP2,Grenada,GDP|PPP,billion USD_2017/yr,2050,4.00766
OECD ENV-Growth 2025,SSP2,Guam,GDP|PPP,billion USD_2017/yr,2025,6.75847
OECD ENV-Growth 2025,SSP2,Guam,GDP|PPP,billion USD_2017/yr,2030,8.4415
OECD ENV-Growth 2025,SSP2,Guam,GDP|PPP,billion USD_2017/yr,2035,10.0399
OECD ENV-Growth 2025,SSP2,Guam,GDP|PPP,billion USD_2017/yr,2040,11.5666
OECD ENV-Growth 2025,SSP2,Guam,GDP|PPP,billion USD_2017/yr,2045,13.0449
OECD ENV-Growth 2025,SSP2,Guam,GDP|PPP,billion USD_2017/yr,2050,14.4701
OECD ENV-Growth 2025,SSP2,Guatemala,GDP|PPP,billion USD_2017/yr,2025,176.378
OECD ENV-Growth 2025,SSP2,Guatemala,GDP|PPP,billion USD_2017/yr,2030,213.091
OECD ENV-Growth 2025,SSP2,Guatemala,GDP|PPP,billion USD_2017/yr,2035,258.117
OECD ENV-Growth 2025,SSP2,Guatemala,GDP|PPP,billion USD_2017/yr,2040,312.892
OECD ENV-Growth 2025,SSP2,Guatemala,GDP|PPP,billion USD_2017/yr,2045,378.095
OECD ENV-Growth 2025,SSP2,Guatemala,GDP|PPP,billion USD_2017/yr,2050,452.958
OECD ENV-Growth 2025,SSP2,Guinea,GDP|PPP,billion USD_2017/yr,2025,44.4269
OECD ENV-Growth 2025,SSP2,Guinea,GDP|PPP,billion USD_2017/yr,2030,58.4326
OECD ENV-Growth 2025,SSP2,Guinea,GDP|PPP,billion USD_2017/yr,2035,79.4751
OECD ENV-Growth 2025,SSP2,Guinea,GDP|PPP,billion USD_2017/yr,2040,107.501
OECD ENV-Growth 2025,SSP2,Guinea,GDP|PPP,billion USD_2017/yr,2045,143.675
OECD ENV-Growth 2025,SSP2,Guinea,GDP|PPP,billion USD_2017/yr,2050,188.82
OECD ENV-Growth 2025,SSP2,Guinea-Bissau,GDP|PPP,billion USD_2017/yr,2025,5.38701
OECD ENV-Growth 2025,SSP2,Guinea-Bissau,GDP|PPP,billion USD_2017/yr,2030,6.84189
OECD ENV-Growth 2025,SSP2,Guinea-Bissau,GDP|PPP,billion USD_2017/yr,2035,8.70173
OECD ENV-Growth 2025,SSP2,Guinea-Bissau,GDP|PPP,billion USD_2017/yr,2040,10.9828
OECD ENV-Growth 2025,SSP2,Guinea-Bissau,GDP|PPP,billion USD_2017/yr,2045,13.8323
OECD ENV-Growth 2025,SSP2,Guinea-Bissau,GDP|PPP,billion USD_2017/yr,2050,17.3883
OECD ENV-Growth 2025,SSP2,Guyana,GDP|PPP,billion USD_2017/yr,2025,59.5733
OECD ENV-Growth 2025,SSP2,Guyana,GDP|PPP,billion USD_2017/yr,2030,123.572
OECD ENV-Growth 2025,SSP2,Guyana,GDP|PPP,billion USD_2017/yr,2035,189.229
OECD ENV-Growth 2025,SSP2,Guyana,GDP|PPP,billion USD_2017/yr,2040,250.895
OECD ENV-Growth 2025,SSP2,Guyana,GDP|PPP,billion USD_2017/yr,2045,289.825
OECD ENV-Growth 2025,SSP2,Guyana,GDP|PPP,billion USD_2017/yr,2050,295.18
OECD ENV-Growth 2025,SSP2,Haiti,GDP|PPP,billion USD_2017/yr,2025,32.7487
OECD ENV-Growth 2025,SSP2,Haiti,GDP|PPP,billion USD_2017/yr,2030,36.6046
OECD ENV-Growth 2025,SSP2,Haiti,GDP|PPP,billion USD_2017/yr,2035,45.6904
OECD ENV-Growth 2025,SSP2,Haiti,GDP|PPP,billion USD_2017/yr,2040,58.027
OECD ENV-Growth 2025,SSP2,Haiti,GDP|PPP,billion USD_2017/yr,2045,74.4854
OECD ENV-Growth 2025,SSP2,Haiti,GDP|PPP,billion USD_2017/yr,2050,96.0899
OECD ENV-Growth 2025,SSP2,Honduras,GDP|PPP,billion USD_2017/yr,2025,65.4587
OECD ENV-Growth 2025,SSP2,Honduras,GDP|PPP,billion USD_2017/yr,2030,78.9688
OECD ENV-Growth 2025,SSP2,Honduras,GDP|PPP,billion USD_2017/yr,2035,96.5757
OECD ENV-Growth 2025,SSP2,Honduras,GDP|PPP,billion USD_2017/yr,2040,119.462
OECD ENV-Growth 2025,SSP2,Honduras,GDP|PPP,billion USD_2017/yr,2045,148.572
OECD ENV-Growth 2025,SSP2,Honduras,GDP|PPP,billion USD_2017/yr,2050,184.924
OECD ENV-Growth 2025,SSP2,Hong Kong,GDP|PPP,billion USD_2017/yr,2025,474.864
OECD ENV-Growth 2025,SSP2,Hong Kong,GDP|PPP,billion USD_2017/yr,2030,535.463
OECD ENV-Growth 2025,SSP2,Hong Kong,GDP|PPP,billion USD_2017/yr,2035,574.64
OECD ENV-Growth 2025,SSP2,Hong Kong,GDP|PPP,billion USD_2017/yr,2040,590.191
OECD ENV-Growth 2025,SSP2,Hong Kong,GDP|PPP,billion USD_2017/yr,2045,592.142
OECD ENV-Growth 2025,SSP2,Hong Kong,GDP|PPP,billion USD_2017/yr,2050,586.393
OECD ENV-Growth 2025,SSP2,Hungary,GDP|PPP,billion USD_2017/yr,2025,356.484
OECD ENV-Growth 2025,SSP2,Hungary,GDP|PPP,billion USD_2017/yr,2030,405.44
OECD ENV-Growth 2025,SSP2,Hungary,GDP|PPP,billion USD_2017/yr,2035,445.727
OECD ENV-Growth 2025,SSP2,Hungary,GDP|PPP,billion USD_2017/yr,2040,477.865
OECD ENV-Growth 2025,SSP2,Hungary,GDP|PPP,billion USD_2017/yr,2045,503.725
OECD ENV-Growth 2025,SSP2,Hungary,GDP|PPP,billion USD_2017/yr,2050,525.997
OECD ENV-Growth 2025,SSP2,Iceland,GDP|PPP,billion USD_2017/yr,2025,23.2428
OECD ENV-Growth 2025,SSP2,Iceland,GDP|PPP,billion USD_2017/yr,2030,26.5505
OECD ENV-Growth 2025,SSP2,Iceland,GDP|PPP,billion USD_2017/yr,2035,29.847
OECD ENV-Growth 2025,SSP2,Iceland,GDP|PPP,billion USD_2017/yr,2040,33.1491
OECD ENV-Growth 2025,SSP2,Iceland,GDP|PPP,billion USD_2017/yr,2045,36.3261
OECD ENV-Growth 2025,SSP2,Iceland,GDP|PPP,billion USD_2017/yr,2050,39.2327
OECD ENV-Growth 2025,SSP2,India,GDP|PPP,billion USD_2017/yr,2025,11813.6
OECD ENV-Growth 2025,SSP2,India,GDP|PPP,billion USD_2017/yr,2030,15657.5
OECD ENV-Growth 2025,SSP2,India,GDP|PPP,billion USD_2017/yr,2035,19747.5
OECD ENV-Growth 2025,SSP2,India,GDP|PPP,billion USD_2017/yr,2040,24167.4
OECD ENV-Growth 2025,SSP2,India,GDP|PPP,billion USD_2017/yr,2045,28922.3
OECD ENV-Growth 2025,SSP2,India,GDP|PPP,billion USD_2017/yr,2050,34022.9
OECD ENV-Growth 2025,SSP2,India (R9),GDP|PPP,billion USD_2017/yr,2025,11813.6
OECD ENV-Growth 2025,SSP2,India (R9),GDP|PPP,billion USD_2017/yr,2030,15657.5
OECD ENV-Growth 2025,SSP2,India (R9),GDP|PPP,billion USD_2017/yr,2035,19747.5
OECD ENV-Growth 2025,SSP2,India (R9),GDP|PPP,billion USD_2017/yr,2040,24167.4
OECD ENV-Growth 2025,SSP2,India (R9),GDP|PPP,billion USD_2017/yr,2045,28922.3
OECD ENV-Growth 2025,SSP2,India (R9),GDP|PPP,billion USD_2017/yr,2050,34022.9
OECD ENV-Growth 2025,SSP2,India+ (R10),GDP|PPP,billion USD_2017/yr,2025,15043.94467
OECD ENV-Growth 2025,SSP2,India+ (R10),GDP|PPP,billion USD_2017/yr,2030,19937.7311
OECD ENV-Growth 2025,SSP2,India+ (R10),GDP|PPP,billion USD_2017/yr,2035,25291.085
OECD ENV-Growth 2025,SSP2,India+ (R10),GDP|PPP,billion USD_2017/yr,2040,31178.4562
OECD ENV-Growth 2025,SSP2,India+ (R10),GDP|PPP,billion USD_2017/yr,2045,37669.7229
OECD ENV-Growth 2025,SSP2,India+ (R10),GDP|PPP,billion USD_2017/yr,2050,44815.4604
OECD ENV-Growth 2025,SSP2,Indonesia,GDP|PPP,billion USD_2017/yr,2025,3967.11
OECD ENV-Growth 2025,SSP2,Indonesia,GDP|PPP,billion USD_2017/yr,2030,4935.46
OECD ENV-Growth 2025,SSP2,Indonesia,GDP|PPP,billion USD_2017/yr,2035,5906.97
OECD ENV-Growth 2025,SSP2,Indonesia,GDP|PPP,billion USD_2017/yr,2040,6923.5
OECD ENV-Growth 2025,SSP2,Indonesia,GDP|PPP,billion USD_2017/yr,2045,7943.49
OECD ENV-Growth 2025,SSP2,Indonesia,GDP|PPP,billion USD_2017/yr,2050,8940.65
OECD ENV-Growth 2025,SSP2,Iran,GDP|PPP,billion USD_2017/yr,2025,1473.82
OECD ENV-Growth 2025,SSP2,Iran,GDP|PPP,billion USD_2017/yr,2030,1638.13
OECD ENV-Growth 2025,SSP2,Iran,GDP|PPP,billion USD_2017/yr,2035,1832.95
OECD ENV-Growth 2025,SSP2,Iran,GDP|PPP,billion USD_2017/yr,2040,2000.67
OECD ENV-Growth 2025,SSP2,Iran,GDP|PPP,billion USD_2017/yr,2045,2159.58
OECD ENV-Growth 2025,SSP2,Iran,GDP|PPP,billion USD_2017/yr,2050,2317.34
OECD ENV-Growth 2025,SSP2,Iraq,GDP|PPP,billion USD_2017/yr,2025,445.304
OECD ENV-Growth 2025,SSP2,Iraq,GDP|PPP,billion USD_2017/yr,2030,518.262
OECD ENV-Growth 2025,SSP2,Iraq,GDP|PPP,billion USD_2017/yr,2035,674.064
OECD ENV-Growth 2025,SSP2,Iraq,GDP|PPP,billion USD_2017/yr,2040,987.702
OECD ENV-Growth 2025,SSP2,Iraq,GDP|PPP,billion USD_2017/yr,2045,1379.73
OECD ENV-Growth 2025,SSP2,Iraq,GDP|PPP,billion USD_2017/yr,2050,1821.18
OECD ENV-Growth 2025,SSP2,Ireland,GDP|PPP,billion USD_2017/yr,2025,597.738
OECD ENV-Growth 2025,SSP2,Ireland,GDP|PPP,billion USD_2017/yr,2030,674.637
OECD ENV-Growth 2025,SSP2,Ireland,GDP|PPP,billion USD_2017/yr,2035,749.439
OECD ENV-Growth 2025,SSP2,Ireland,GDP|PPP,billion USD_2017/yr,2040,840.013
OECD ENV-Growth 2025,SSP2,Ireland,GDP|PPP,billion USD_2017/yr,2045,951.362
OECD ENV-Growth 2025,SSP2,Ireland,GDP|PPP,billion USD_2017/yr,2050,1075.28
OECD ENV-Growth 2025,SSP2,Israel,GDP|PPP,billion USD_2017/yr,2025,461.237
OECD ENV-Growth 2025,SSP2,Israel,GDP|PPP,billion USD_2017/yr,2030,551.876
OECD ENV-Growth 2025,SSP2,Israel,GDP|PPP,billion USD_2017/yr,2035,647.357
OECD ENV-Growth 2025,SSP2,Israel,GDP|PPP,billion USD_2017/yr,2040,751.394
OECD ENV-Growth 2025,SSP2,Israel,GDP|PPP,billion USD_2017/yr,2045,861.684
OECD ENV-Growth 2025,SSP2,Israel,GDP|PPP,billion USD_2017/yr,2050,972.422
OECD ENV-Growth 2025,SSP2,Italy,GDP|PPP,billion USD_2017/yr,2025,2678.69
OECD ENV-Growth 2025,SSP2,Italy,GDP|PPP,billion USD_2017/yr,2030,2815.03
OECD ENV-Growth 2025,SSP2,Italy,GDP|PPP,billion USD_2017/yr,2035,2989.98
OECD ENV-Growth 2025,SSP2,Italy,GDP|PPP,billion USD_2017/yr,2040,3169.17
OECD ENV-Growth 2025,SSP2,Italy,GDP|PPP,billion USD_2017/yr,2045,3351.53
OECD ENV-Growth 2025,SSP2,Italy,GDP|PPP,billion USD_2017/yr,2050,3528.72
OECD ENV-Growth 2025,SSP2,Jamaica,GDP|PPP,billion USD_2017/yr,2025,30.1838
OECD ENV-Growth 2025,SSP2,Jamaica,GDP|PPP,billion USD_2017/yr,2030,32.5349
OECD ENV-Growth 2025,SSP2,Jamaica,GDP|PPP,billion USD_2017/yr,2035,35.5039
OECD ENV-Growth 2025,SSP2,Jamaica,GDP|PPP,billion USD_2017/yr,2040,39.5336
OECD ENV-Growth 2025,SSP2,Jamaica,GDP|PPP,billion USD_2017/yr,2045,44.6001
OECD ENV-Growth 2025,SSP2,Jamaica,GDP|PPP,billion USD_2017/yr,2050,50.7093
OECD ENV-Growth 2025,SSP2,Japan,GDP|PPP,billion USD_2017/yr,2025,5419.11
OECD ENV-Growth 2025,SSP2,Japan,GDP|PPP,billion USD_2017/yr,2030,5635.98
OECD ENV-Growth 2025,SSP2,Japan,GDP|PPP,billion USD_2017/yr,2035,5876.58
OECD ENV-Growth 2025,SSP2,Japan,GDP|PPP,billion USD_2017/yr,2040,6082.35
OECD ENV-Growth 2025,SSP2,Japan,GDP|PPP,billion USD_2017/yr,2045,6294.11
OECD ENV-Growth 2025,SSP2,Japan,GDP|PPP,billion USD_2017/yr,2050,6518.54
OECD ENV-Growth 2025,SSP2,Jordan,GDP|PPP,billion USD_2017/yr,2025,114.145
OECD ENV-Growth 2025,SSP2,Jordan,GDP|PPP,billion USD_2017/yr,2030,132.597
OECD ENV-Growth 2025,SSP2,Jordan,GDP|PPP,billion USD_2017/yr,2035,155.834
OECD ENV-Growth 2025,SSP2,Jordan,GDP|PPP,billion USD_2017/yr,2040,185.619
OECD ENV-Growth 2025,SSP2,Jordan,GDP|PPP,billion USD_2017/yr,2045,222.403
OECD ENV-Growth 2025,SSP2,Jordan,GDP|PPP,billion USD_2017/yr,2050,266.641
OECD ENV-Growth 2025,SSP2,Kazakhstan,GDP|PPP,billion USD_2017/yr,2025,582.083
OECD ENV-Growth 2025,SSP2,Kazakhstan,GDP|PPP,billion USD_2017/yr,2030,668.597
OECD ENV-Growth 2025,SSP2,Kazakhstan,GDP|PPP,billion USD_2017/yr,2035,767.135
OECD ENV-Growth 2025,SSP2,Kazakhstan,GDP|PPP,billion USD_2017/yr,2040,861.136
OECD ENV-Growth 2025,SSP2,Kazakhstan,GDP|PPP,billion USD_2017/yr,2045,945.83
OECD ENV-Growth 2025,SSP2,Kazakhstan,GDP|PPP,billion USD_2017/yr,2050,1024.2
OECD ENV-Growth 2025,SSP2,Kenya,GDP|PPP,billion USD_2017/yr,2025,307.035
OECD ENV-Growth 2025,SSP2,Kenya,GDP|PPP,billion USD_2017/yr,2030,399.367
OECD ENV-Growth 2025,SSP2,Kenya,GDP|PPP,billion USD_2017/yr,2035,511.681
OECD ENV-Growth 2025,SSP2,Kenya,GDP|PPP,billion USD_2017/yr,2040,645.003
OECD ENV-Growth 2025,SSP2,Kenya,GDP|PPP,billion USD_2017/yr,2045,806.326
OECD ENV-Growth 2025,SSP2,Kenya,GDP|PPP,billion USD_2017/yr,2050,999.747
OECD ENV-Growth 2025,SSP2,Kiribati,GDP|PPP,billion USD_2017/yr,2025,0.252937
OECD ENV-Growth 2025,SSP2,Kiribati,GDP|PPP,billion USD_2017/yr,2030,0.29004
OECD ENV-Growth 2025,SSP2,Kiribati,GDP|PPP,billion USD_2017/yr,2035,0.37406
OECD ENV-Growth 2025,SSP2,Kiribati,GDP|PPP,billion USD_2017/yr,2040,0.498859
OECD ENV-Growth 2025,SSP2,Kiribati,GDP|PPP,billion USD_2017/yr,2045,0.676343
OECD ENV-Growth 2025,SSP2,Kiribati,GDP|PPP,billion USD_2017/yr,2050,0.92466
OECD ENV-Growth 2025,SSP2,Kosovo,GDP|PPP,billion USD_2017/yr,2025,24.665386633
OECD ENV-Growth 2025,SSP2,Kosovo,GDP|PPP,billion USD_2017/yr,2030,29.2359547029082
OECD ENV-Growth 2025,SSP2,Kosovo,GDP|PPP,billion USD_2017/yr,2035,33.47276086417993
OECD ENV-Growth 2025,SSP2,Kosovo,GDP|PPP,billion USD_2017/yr,2040,37.2770098051193
OECD ENV-Growth 2025,SSP2,Kosovo,GDP|PPP,billion USD_2017/yr,2045,40.77897967672856
OECD ENV-Growth 2025,SSP2,Kosovo,GDP|PPP,billion USD_2017/yr,2050,44.05327826499344
OECD ENV-Growth 2025,SSP2,Kuwait,GDP|PPP,billion USD_2017/yr,2025,225.983
OECD ENV-Growth 2025,SSP2,Kuwait,GDP|PPP,billion USD_2017/yr,2030,255.537
OECD ENV-Growth 2025,SSP2,Kuwait,GDP|PPP,billion USD_2017/yr,2035,290.211
OECD ENV-Growth 2025,SSP2,Kuwait,GDP|PPP,billion USD_2017/yr,2040,326.787
OECD ENV-Growth 2025,SSP2,Kuwait,GDP|PPP,billion USD_2017/yr,2045,361.137
OECD ENV-Growth 2025,SSP2,Kuwait,GDP|PPP,billion USD_2017/yr,2050,394.718
OECD ENV-Growth 2025,SSP2,Kyrgyzstan,GDP|PPP,billion USD_2017/yr,2025,39.4952
OECD ENV-Growth 2025,SSP2,Kyrgyzstan,GDP|PPP,billion USD_2017/yr,2030,48.1043
OECD ENV-Growth 2025,SSP2,Kyrgyzstan,GDP|PPP,billion USD_2017/yr,2035,58.5981
OECD ENV-Growth 2025,SSP2,Kyrgyzstan,GDP|PPP,billion USD_2017/yr,2040,70.4336
OECD ENV-Growth 2025,SSP2,Kyrgyzstan,GDP|PPP,billion USD_2017/yr,2045,83.6603
OECD ENV-Growth 2025,SSP2,Kyrgyzstan,GDP|PPP,billion USD_2017/yr,2050,98.7931
OECD ENV-Growth 2025,SSP2,Laos,GDP|PPP,billion USD_2017/yr,2025,65.6445
OECD ENV-Growth 2025,SSP2,Laos,GDP|PPP,billion USD_2017/yr,2030,81.9813
OECD ENV-Growth 2025,SSP2,Laos,GDP|PPP,billion USD_2017/yr,2035,102.213
OECD ENV-Growth 2025,SSP2,Laos,GDP|PPP,billion USD_2017/yr,2040,124.811
OECD ENV-Growth 2025,SSP2,Laos,GDP|PPP,billion USD_2017/yr,2045,150.538
OECD ENV-Growth 2025,SSP2,Laos,GDP|PPP,billion USD_2017/yr,2050,179.808
OECD ENV-Growth 2025,SSP2,Latin America (R10),GDP|PPP,billion USD_2017/yr,2025,10979.05152
OECD ENV-Growth 2025,SSP2,Latin America (R10),GDP|PPP,billion USD_2017/yr,2030,12435.55003
OECD ENV-Growth 2025,SSP2,Latin America (R10),GDP|PPP,billion USD_2017/yr,2035,14305.41766
OECD ENV-Growth 2025,SSP2,Latin America (R10),GDP|PPP,billion USD_2017/yr,2040,16518.74472
OECD ENV-Growth 2025,SSP2,Latin America (R10),GDP|PPP,billion USD_2017/yr,2045,19042.14104
OECD ENV-Growth 2025,SSP2,Latin America (R10),GDP|PPP,billion USD_2017/yr,2050,21818.887
OECD ENV-Growth 2025,SSP2,Latin America (R5),GDP|PPP,billion USD_2017/yr,2025,10871.39552
OECD ENV-Growth 2025,SSP2,Latin America (R5),GDP|PPP,billion USD_2017/yr,2030,12322.79303
OECD ENV-Growth 2025,SSP2,Latin America (R5),GDP|PPP,billion USD_2017/yr,2035,14188.69166
OECD ENV-Growth 2025,SSP2,Latin America (R5),GDP|PPP,billion USD_2017/yr,2040,16399.44572
OECD ENV-Growth 2025,SSP2,Latin America (R5),GDP|PPP,billion USD_2017/yr,2045,18920.94404
OECD ENV-Growth 2025,SSP2,Latin America (R5),GDP|PPP,billion USD_2017/yr,2050,21696.321
OECD ENV-Growth 2025,SSP2,Latin America (R9),GDP|PPP,billion USD_2017/yr,2025,10871.39552
OECD ENV-Growth 2025,SSP2,Latin America (R9),GDP|PPP,billion USD_2017/yr,2030,12322.79303
OECD ENV-Growth 2025,SSP2,Latin America (R9),GDP|PPP,billion USD_2017/yr,2035,14188.69166
OECD ENV-Growth 2025,SSP2,Latin America (R9),GDP|PPP,billion USD_2017/yr,2040,16399.44572
OECD ENV-Growth 2025,SSP2,Latin America (R9),GDP|PPP,billion USD_2017/yr,2045,18920.94404
OECD ENV-Growth 2025,SSP2,Latin America (R9),GDP|PPP,billion USD_2017/yr,2050,21696.321
OECD ENV-Growth 2025,SSP2,Latvia,GDP|PPP,billion USD_2017/yr,2025,64.8255
OECD ENV-Growth 2025,SSP2,Latvia,GDP|PPP,billion USD_2017/yr,2030,70.923
OECD ENV-Growth 2025,SSP2,Latvia,GDP|PPP,billion USD_2017/yr,2035,75.4982
OECD ENV-Growth 2025,SSP2,Latvia,GDP|PPP,billion USD_2017/yr,2040,78.8785
OECD ENV-Growth 2025,SSP2,Latvia,GDP|PPP,billion USD_2017/yr,2045,81.126
OECD ENV-Growth 2025,SSP2,Latvia,GDP|PPP,billion USD_2017/yr,2050,83.3209
OECD ENV-Growth 2025,SSP2,Lebanon,GDP|PPP,billion USD_2017/yr,2025,69.8061
OECD ENV-Growth 2025,SSP2,Lebanon,GDP|PPP,billion USD_2017/yr,2030,78.5236
OECD ENV-Growth 2025,SSP2,Lebanon,GDP|PPP,billion USD_2017/yr,2035,88.6929
OECD ENV-Growth 2025,SSP2,Lebanon,GDP|PPP,billion USD_2017/yr,2040,101.354
OECD ENV-Growth 2025,SSP2,Lebanon,GDP|PPP,billion USD_2017/yr,2045,117.046
OECD ENV-Growth 2025,SSP2,Lebanon,GDP|PPP,billion USD_2017/yr,2050,135.694
OECD ENV-Growth 2025,SSP2,Lesotho,GDP|PPP,billion USD_2017/yr,2025,5.9243
OECD ENV-Growth 2025,SSP2,Lesotho,GDP|PPP,billion USD_2017/yr,2030,6.62934
OECD ENV-Growth 2025,SSP2,Lesotho,GDP|PPP,billion USD_2017/yr,2035,7.90443
OECD ENV-Growth 2025,SSP2,Lesotho,GDP|PPP,billion USD_2017/yr,2040,9.38733
OECD ENV-Growth 2025,SSP2,Lesotho,GDP|PPP,billion USD_2017/yr,2045,11.0812
OECD ENV-Growth 2025,SSP2,Lesotho,GDP|PPP,billion USD_2017/yr,2050,13.0454
OECD ENV-Growth 2025,SSP2,Liberia,GDP|PPP,billion USD_2017/yr,2025,8.89204
OECD ENV-Growth 2025,SSP2,Liberia,GDP|PPP,billion USD_2017/yr,2030,12.1392
OECD ENV-Growth 2025,SSP2,Liberia,GDP|PPP,billion USD_2017/yr,2035,16.0059
OECD ENV-Growth 2025,SSP2,Liberia,GDP|PPP,billion USD_2017/yr,2040,20.8005
OECD ENV-Growth 2025,SSP2,Liberia,GDP|PPP,billion USD_2017/yr,2045,26.9341
OECD ENV-Growth 2025,SSP2,Liberia,GDP|PPP,billion USD_2017/yr,2050,34.785
OECD ENV-Growth 2025,SSP2,Libya,GDP|PPP,billion USD_2017/yr,2025,156.525
OECD ENV-Growth 2025,SSP2,Libya,GDP|PPP,billion USD_2017/yr,2030,178.875
OECD ENV-Growth 2025,SSP2,Libya,GDP|PPP,billion USD_2017/yr,2035,191.822
OECD ENV-Growth 2025,SSP2,Libya,GDP|PPP,billion USD_2017/yr,2040,219.285
OECD ENV-Growth 2025,SSP2,Libya,GDP|PPP,billion USD_2017/yr,2045,260.956
OECD ENV-Growth 2025,SSP2,Libya,GDP|PPP,billion USD_2017/yr,2050,315.629
OECD ENV-Growth 2025,SSP2,Lithuania,GDP|PPP,billion USD_2017/yr,2025,118.114
OECD ENV-Growth 2025,SSP2,Lithuania,GDP|PPP,billion USD_2017/yr,2030,134.234
OECD ENV-Growth 2025,SSP2,Lithuania,GDP|PPP,billion USD_2017/yr,2035,142.141
OECD ENV-Growth 2025,SSP2,Lithuania,GDP|PPP,billion USD_2017/yr,2040,146.497
OECD ENV-Growth 2025,SSP2,Lithuania,GDP|PPP,billion USD_2017/yr,2045,148.83
OECD ENV-Growth 2025,SSP2,Lithuania,GDP|PPP,billion USD_2017/yr,2050,149.098
OECD ENV-Growth 2025,SSP2,Luxembourg,GDP|PPP,billion USD_2017/yr,2025,79.7977
OECD ENV-Growth 2025,SSP2,Luxembourg,GDP|PPP,billion USD_2017/yr,2030,91.6901
OECD ENV-Growth 2025,SSP2,Luxembourg,GDP|PPP,billion USD_2017/yr,2035,98.9877
OECD ENV-Growth 2025,SSP2,Luxembourg,GDP|PPP,billion USD_2017/yr,2040,104.165
OECD ENV-Growth 2025,SSP2,Luxembourg,GDP|PPP,billion USD_2017/yr,2045,107.468
OECD ENV-Growth 2025,SSP2,Luxembourg,GDP|PPP,billion USD_2017/yr,2050,110.173
OECD ENV-Growth 2025,SSP2,Macao,GDP|PPP,billion USD_2017/yr,2025,82.7664
OECD ENV-Growth 2025,SSP2,Macao,GDP|PPP,billion USD_2017/yr,2030,100.733
OECD ENV-Growth 2025,SSP2,Macao,GDP|PPP,billion USD_2017/yr,2035,118.915
OECD ENV-Growth 2025,SSP2,Macao,GDP|PPP,billion USD_2017/yr,2040,136.289
OECD ENV-Growth 2025,SSP2,Macao,GDP|PPP,billion USD_2017/yr,2045,151.937
OECD ENV-Growth 2025,SSP2,Macao,GDP|PPP,billion USD_2017/yr,2050,164.939
OECD ENV-Growth 2025,SSP2,Madagascar,GDP|PPP,billion USD_2017/yr,2025,50.8714
OECD ENV-Growth 2025,SSP2,Madagascar,GDP|PPP,billion USD_2017/yr,2030,64.3919
OECD ENV-Growth 2025,SSP2,Madagascar,GDP|PPP,billion USD_2017/yr,2035,83.9462
OECD ENV-Growth 2025,SSP2,Madagascar,GDP|PPP,billion USD_2017/yr,2040,109.279
OECD ENV-Growth 2025,SSP2,Madagascar,GDP|PPP,billion USD_2017/yr,2045,142.539
OECD ENV-Growth 2025,SSP2,Madagascar,GDP|PPP,billion USD_2017/yr,2050,185.989
OECD ENV-Growth 2025,SSP2,Malawi,GDP|PPP,billion USD_2017/yr,2025,33.199
OECD ENV-Growth 2025,SSP2,Malawi,GDP|PPP,billion USD_2017/yr,2030,41.5783
OECD ENV-Growth 2025,SSP2,Malawi,GDP|PPP,billion USD_2017/yr,2035,54.095
OECD ENV-Growth 2025,SSP2,Malawi,GDP|PPP,billion USD_2017/yr,2040,73.2573
OECD ENV-Growth 2025,SSP2,Malawi,GDP|PPP,billion USD_2017/yr,2045,99.9261
OECD ENV-Growth 2025,SSP2,Malawi,GDP|PPP,billion USD_2017/yr,2050,135.288
OECD ENV-Growth 2025,SSP2,Malaysia,GDP|PPP,billion USD_2017/yr,2025,1090.28
OECD ENV-Growth 2025,SSP2,Malaysia,GDP|PPP,billion USD_2017/yr,2030,1326.57
OECD ENV-Growth 2025,SSP2,Malaysia,GDP|PPP,billion USD_2017/yr,2035,1559.3
OECD ENV-Growth 2025,SSP2,Malaysia,GDP|PPP,billion USD_2017/yr,2040,1761.0
OECD ENV-Growth 2025,SSP2,Malaysia,GDP|PPP,billion USD_2017/yr,2045,1942.03
OECD ENV-Growth 2025,SSP2,Malaysia,GDP|PPP,billion USD_2017/yr,2050,2111.32
OECD ENV-Growth 2025,SSP2,Maldives,GDP|PPP,billion USD_2017/yr,2025,13.4647
OECD ENV-Growth 2025,SSP2,Maldives,GDP|PPP,billion USD_2017/yr,2030,17.395
OECD ENV-Growth 2025,SSP2,Maldives,GDP|PPP,billion USD_2017/yr,2035,21.4209
OECD ENV-Growth 2025,SSP2,Maldives,GDP|PPP,billion USD_2017/yr,2040,25.4582
OECD ENV-Growth 2025,SSP2,Maldives,GDP|PPP,billion USD_2017/yr,2045,29.3802
OECD ENV-Growth 2025,SSP2,Maldives,GDP|PPP,billion USD_2017/yr,2050,33.1194
OECD ENV-Growth 2025,SSP2,Mali,GDP|PPP,billion USD_2017/yr,2025,55.5534
OECD ENV-Growth 2025,SSP2,Mali,GDP|PPP,billion USD_2017/yr,2030,72.5468
OECD ENV-Growth 2025,SSP2,Mali,GDP|PPP,billion USD_2017/yr,2035,99.5508
OECD ENV-Growth 2025,SSP2,Mali,GDP|PPP,billion USD_2017/yr,2040,136.076
OECD ENV-Growth 2025,SSP2,Mali,GDP|PPP,billion USD_2017/yr,2045,185.009
OECD ENV-Growth 2025,SSP2,Mali,GDP|PPP,billion USD_2017/yr,2050,249.209
OECD ENV-Growth 2025,SSP2,Malta,GDP|PPP,billion USD_2017/yr,2025,29.0761
OECD ENV-Growth 2025,SSP2,Malta,GDP|PPP,billion USD_2017/yr,2030,34.6476
OECD ENV-Growth 2025,SSP2,Malta,GDP|PPP,billion USD_2017/yr,2035,39.8259
OECD ENV-Growth 2025,SSP2,Malta,GDP|PPP,billion USD_2017/yr,2040,43.7429
OECD ENV-Growth 2025,SSP2,Malta,GDP|PPP,billion USD_2017/yr,2045,46.812
OECD ENV-Growth 2025,SSP2,Malta,GDP|PPP,billion USD_2017/yr,2050,49.2818
OECD ENV-Growth 2025,SSP2,Mauritania,GDP|PPP,billion USD_2017/yr,2025,30.756
OECD ENV-Growth 2025,SSP2,Mauritania,GDP|PPP,billion USD_2017/yr,2030,38.4691
OECD ENV-Growth 2025,SSP2,Mauritania,GDP|PPP,billion USD_2017/yr,2035,49.5987
OECD ENV-Growth 2025,SSP2,Mauritania,GDP|PPP,billion USD_2017/yr,2040,62.5549
OECD ENV-Growth 2025,SSP2,Mauritania,GDP|PPP,billion USD_2017/yr,2045,78.03
OECD ENV-Growth 2025,SSP2,Mauritania,GDP|PPP,billion USD_2017/yr,2050,96.5891
OECD ENV-Growth 2025,SSP2,Mauritius,GDP|PPP,billion USD_2017/yr,2025,32.4593
OECD ENV-Growth 2025,SSP2,Mauritius,GDP|PPP,billion USD_2017/yr,2030,38.3025
OECD ENV-Growth 2025,SSP2,Mauritius,GDP|PPP,billion USD_2017/yr,2035,44.2957
OECD ENV-Growth 2025,SSP2,Mauritius,GDP|PPP,billion USD_2017/yr,2040,50.2628
OECD ENV-Growth 2025,SSP2,Mauritius,GDP|PPP,billion USD_2017/yr,2045,56.1843
OECD ENV-Growth 2025,SSP2,Mauritius,GDP|PPP,billion USD_2017/yr,2050,61.9332
OECD ENV-Growth 2025,SSP2,Mayotte,GDP|PPP,billion USD_2017/yr,2025,9.58331
OECD ENV-Growth 2025,SSP2,Mayotte,GDP|PPP,billion USD_2017/yr,2030,12.9586
OECD ENV-Growth 2025,SSP2,Mayotte,GDP|PPP,billion USD_2017/yr,2035,16.7622
OECD ENV-Growth 2025,SSP2,Mayotte,GDP|PPP,billion USD_2017/yr,2040,21.4991
OECD ENV-Growth 2025,SSP2,Mayotte,GDP|PPP,billion USD_2017/yr,2045,27.3131
OECD ENV-Growth 2025,SSP2,Mayotte,GDP|PPP,billion USD_2017/yr,2050,34.3778
OECD ENV-Growth 2025,SSP2,Mexico,GDP|PPP,billion USD_2017/yr,2025,2793.85
OECD ENV-Growth 2025,SSP2,Mexico,GDP|PPP,billion USD_2017/yr,2030,3194.2
OECD ENV-Growth 2025,SSP2,Mexico,GDP|PPP,billion USD_2017/yr,2035,3656.51
OECD ENV-Growth 2025,SSP2,Mexico,GDP|PPP,billion USD_2017/yr,2040,4171.19
OECD ENV-Growth 2025,SSP2,Mexico,GDP|PPP,billion USD_2017/yr,2045,4739.14
OECD ENV-Growth 2025,SSP2,Mexico,GDP|PPP,billion USD_2017/yr,2050,5350.39
OECD ENV-Growth 2025,SSP2,Micronesia,GDP|PPP,billion USD_2017/yr,2025,0.353932
OECD ENV-Growth 2025,SSP2,Micronesia,GDP|PPP,billion USD_2017/yr,2030,0.375265
OECD ENV-Growth 2025,SSP2,Micronesia,GDP|PPP,billion USD_2017/yr,2035,0.428452
OECD ENV-Growth 2025,SSP2,Micronesia,GDP|PPP,billion USD_2017/yr,2040,0.515257
OECD ENV-Growth 2025,SSP2,Micronesia,GDP|PPP,billion USD_2017/yr,2045,0.640459
OECD ENV-Growth 2025,SSP2,Micronesia,GDP|PPP,billion USD_2017/yr,2050,0.812235
OECD ENV-Growth 2025,SSP2,Middle East & Africa (R5),GDP|PPP,billion USD_2017/yr,2025,14101.902109
OECD ENV-Growth 2025,SSP2,Middle East & Africa (R5),GDP|PPP,billion USD_2017/yr,2030,17208.514666
OECD ENV-Growth 2025,SSP2,Middle East & Africa (R5),GDP|PPP,billion USD_2017/yr,2035,21113.6965
OECD ENV-Growth 2025,SSP2,Middle East & Africa (R5),GDP|PPP,billion USD_2017/yr,2040,25707.22217
OECD ENV-Growth 2025,SSP2,Middle East & Africa (R5),GDP|PPP,billion USD_2017/yr,2045,31069.91316
OECD ENV-Growth 2025,SSP2,Middle East & Africa (R5),GDP|PPP,billion USD_2017/yr,2050,37328.73716
OECD ENV-Growth 2025,SSP2,Middle East & Africa (R9),GDP|PPP,billion USD_2017/yr,2025,14101.902109
OECD ENV-Growth 2025,SSP2,Middle East & Africa (R9),GDP|PPP,billion USD_2017/yr,2030,17208.514666
OECD ENV-Growth 2025,SSP2,Middle East & Africa (R9),GDP|PPP,billion USD_2017/yr,2035,21113.6965
OECD ENV-Growth 2025,SSP2,Middle East & Africa (R9),GDP|PPP,billion USD_2017/yr,2040,25707.22217
OECD ENV-Growth 2025,SSP2,Middle East & Africa (R9),GDP|PPP,billion USD_2017/yr,2045,31069.91316
OECD ENV-Growth 2025,SSP2,Middle East & Africa (R9),GDP|PPP,billion USD_2017/yr,2050,37328.73716
OECD ENV-Growth 2025,SSP2,Middle East (R10),GDP|PPP,billion USD_2017/yr,2025,6238.1567
OECD ENV-Growth 2025,SSP2,Middle East (R10),GDP|PPP,billion USD_2017/yr,2030,7408.1384
OECD ENV-Growth 2025,SSP2,Middle East (R10),GDP|PPP,billion USD_2017/yr,2035,8656.287
OECD ENV-Growth 2025,SSP2,Middle East (R10),GDP|PPP,billion USD_2017/yr,2040,9989.309799999999
OECD ENV-Growth 2025,SSP2,Middle East (R10),GDP|PPP,billion USD_2017/yr,2045,11341.582
OECD ENV-Growth 2025,SSP2,Middle East (R10),GDP|PPP,billion USD_2017/yr,2050,12700.4505
OECD ENV-Growth 2025,SSP2,Moldova,GDP|PPP,billion USD_2017/yr,2025,37.7605
OECD ENV-Growth 2025,SSP2,Moldova,GDP|PPP,billion USD_2017/yr,2030,48.1527
OECD ENV-Growth 2025,SSP2,Moldova,GDP|PPP,billion USD_2017/yr,2035,58.6445
OECD ENV-Growth 2025,SSP2,Moldova,GDP|PPP,billion USD_2017/yr,2040,67.3701
OECD ENV-Growth 2025,SSP2,Moldova,GDP|PPP,billion USD_2017/yr,2045,74.3961
OECD ENV-Growth 2025,SSP2,Moldova,GDP|PPP,billion USD_2017/yr,2050,80.1249
OECD ENV-Growth 2025,SSP2,Mongolia,GDP|PPP,billion USD_2017/yr,2025,46.8166
OECD ENV-Growth 2025,SSP2,Mongolia,GDP|PPP,billion USD_2017/yr,2030,56.3342
OECD ENV-Growth 2025,SSP2,Mongolia,GDP|PPP,billion USD_2017/yr,2035,68.0089
OECD ENV-Growth 2025,SSP2,Mongolia,GDP|PPP,billion USD_2017/yr,2040,80.7024
OECD ENV-Growth 2025,SSP2,Mongolia,GDP|PPP,billion USD_2017/yr,2045,94.6743
OECD ENV-Growth 2025,SSP2,Mongolia,GDP|PPP,billion USD_2017/yr,2050,110.563
OECD ENV-Growth 2025,SSP2,Montenegro,GDP|PPP,billion USD_2017/yr,2025,15.24
OECD ENV-Growth 2025,SSP2,Montenegro,GDP|PPP,billion USD_2017/yr,2030,17.602
OECD ENV-Growth 2025,SSP2,Montenegro,GDP|PPP,billion USD_2017/yr,2035,19.6973
OECD ENV-Growth 2025,SSP2,Montenegro,GDP|PPP,billion USD_2017/yr,2040,21.3652
OECD ENV-Growth 2025,SSP2,Montenegro,GDP|PPP,billion USD_2017/yr,2045,22.736
OECD ENV-Growth 2025,SSP2,Montenegro,GDP|PPP,billion USD_2017/yr,2050,23.9494
OECD ENV-Growth 2025,SSP2,Morocco,GDP|PPP,billion USD_2017/yr,2025,336.533
OECD ENV-Growth 2025,SSP2,Morocco,GDP|PPP,billion USD_2017/yr,2030,398.533
OECD ENV-Growth 2025,SSP2,Morocco,GDP|PPP,billion USD_2017/yr,2035,475.142
OECD ENV-Growth 2025,SSP2,Morocco,GDP|PPP,billion USD_2017/yr,2040,561.939
OECD ENV-Growth 2025,SSP2,Morocco,GDP|PPP,billion USD_2017/yr,2045,661.67
OECD ENV-Growth 2025,SSP2,Morocco,GDP|PPP,billion USD_2017/yr,2050,778.583
OECD ENV-Growth 2025,SSP2,Mozambique,GDP|PPP,billion USD_2017/yr,2025,48.3351
OECD ENV-Growth 2025,SSP2,Mozambique,GDP|PPP,billion USD_2017/yr,2030,78.4936
OECD ENV-Growth 2025,SSP2,Mozambique,GDP|PPP,billion USD_2017/yr,2035,123.435
OECD ENV-Growth 2025,SSP2,Mozambique,GDP|PPP,billion USD_2017/yr,2040,179.559
OECD ENV-Growth 2025,SSP2,Mozambique,GDP|PPP,billion USD_2017/yr,2045,250.991
OECD ENV-Growth 2025,SSP2,Mozambique,GDP|PPP,billion USD_2017/yr,2050,341.522
OECD ENV-Growth 2025,SSP2,Myanmar,GDP|PPP,billion USD_2017/yr,2025,238.781
OECD ENV-Growth 2025,SSP2,Myanmar,GDP|PPP,billion USD_2017/yr,2030,279.238
OECD ENV-Growth 2025,SSP2,Myanmar,GDP|PPP,billion USD_2017/yr,2035,331.044
OECD ENV-Growth 2025,SSP2,Myanmar,GDP|PPP,billion USD_2017/yr,2040,388.651
OECD ENV-Growth 2025,SSP2,Myanmar,GDP|PPP,billion USD_2017/yr,2045,453.547
OECD ENV-Growth 2025,SSP2,Myanmar,GDP|PPP,billion USD_2017/yr,2050,527.418
OECD ENV-Growth 2025,SSP2,Namibia,GDP|PPP,billion USD_2017/yr,2025,26.4236
OECD ENV-Growth 2025,SSP2,Namibia,GDP|PPP,billion USD_2017/yr,2030,30.3361
OECD ENV-Growth 2025,SSP2,Namibia,GDP|PPP,billion USD_2017/yr,2035,35.9084
OECD ENV-Growth 2025,SSP2,Namibia,GDP|PPP,billion USD_2017/yr,2040,43.0464
OECD ENV-Growth 2025,SSP2,Namibia,GDP|PPP,billion USD_2017/yr,2045,51.6497
OECD ENV-Growth 2025,SSP2,Namibia,GDP|PPP,billion USD_2017/yr,2050,61.6668
OECD ENV-Growth 2025,SSP2,Nepal,GDP|PPP,billion USD_2017/yr,2025,136.076
OECD ENV-Growth 2025,SSP2,Nepal,GDP|PPP,billion USD_2017/yr,2030,174.946
OECD ENV-Growth 2025,SSP2,Nepal,GDP|PPP,billion USD_2017/yr,2035,223.386
OECD ENV-Growth 2025,SSP2,Nepal,GDP|PPP,billion USD_2017/yr,2040,281.018
OECD ENV-Growth 2025,SSP2,Nepal,GDP|PPP,billion USD_2017/yr,2045,349.691
OECD ENV-Growth 2025,SSP2,Nepal,GDP|PPP,billion USD_2017/yr,2050,430.796
OECD ENV-Growth 2025,SSP2,Netherlands,GDP|PPP,billion USD_2017/yr,2025,1068.58
OECD ENV-Growth 2025,SSP2,Netherlands,GDP|PPP,billion USD_2017/yr,2030,1169.26
OECD ENV-Growth 2025,SSP2,Netherlands,GDP|PPP,billion USD_2017/yr,2035,1251.15
OECD ENV-Growth 2025,SSP2,Netherlands,GDP|PPP,billion USD_2017/yr,2040,1328.66
OECD ENV-Growth 2025,SSP2,Netherlands,GDP|PPP,billion USD_2017/yr,2045,1403.33
OECD ENV-Growth 2025,SSP2,Netherlands,GDP|PPP,billion USD_2017/yr,2050,1473.77
OECD ENV-Growth 2025,SSP2,New Caledonia,GDP|PPP,billion USD_2017/yr,2025,11.9061
OECD ENV-Growth 2025,SSP2,New Caledonia,GDP|PPP,billion USD_2017/yr,2030,15.072
OECD ENV-Growth 2025,SSP2,New Caledonia,GDP|PPP,billion USD_2017/yr,2035,18.1994
OECD ENV-Growth 2025,SSP2,New Caledonia,GDP|PPP,billion USD_2017/yr,2040,21.2435
OECD ENV-Growth 2025,SSP2,New Caledonia,GDP|PPP,billion USD_2017/yr,2045,24.1785
OECD ENV-Growth 2025,SSP2,New Caledonia,GDP|PPP,billion USD_2017/yr,2050,27.0032
OECD ENV-Growth 2025,SSP2,New Zealand,GDP|PPP,billion USD_2017/yr,2025,242.258
OECD ENV-Growth 2025,SSP2,New Zealand,GDP|PPP,billion USD_2017/yr,2030,273.848
OECD ENV-Growth 2025,SSP2,New Zealand,GDP|PPP,billion USD_2017/yr,2035,304.859
OECD ENV-Growth 2025,SSP2,New Zealand,GDP|PPP,billion USD_2017/yr,2040,334.754
OECD ENV-Growth 2025,SSP2,New Zealand,GDP|PPP,billion USD_2017/yr,2045,365.808
OECD ENV-Growth 2025,SSP2,New Zealand,GDP|PPP,billion USD_2017/yr,2050,397.544
OECD ENV-Growth 2025,SSP2,Nicaragua,GDP|PPP,billion USD_2017/yr,2025,44.5433
OECD ENV-Growth 2025,SSP2,Nicaragua,GDP|PPP,billion USD_2017/yr,2030,53.0759
OECD ENV-Growth 2025,SSP2,Nicaragua,GDP|PPP,billion USD_2017/yr,2035,64.4709
OECD ENV-Growth 2025,SSP2,Nicaragua,GDP|PPP,billion USD_2017/yr,2040,79.3056
OECD ENV-Growth 2025,SSP2,Nicaragua,GDP|PPP,billion USD_2017/yr,2045,98.1417
OECD ENV-Growth 2025,SSP2,Nicaragua,GDP|PPP,billion USD_2017/yr,2050,121.619
OECD ENV-Growth 2025,SSP2,Niger,GDP|PPP,billion USD_2017/yr,2025,41.3144
OECD ENV-Growth 2025,SSP2,Niger,GDP|PPP,billion USD_2017/yr,2030,56.8643
OECD ENV-Growth 2025,SSP2,Niger,GDP|PPP,billion USD_2017/yr,2035,82.6137
OECD ENV-Growth 2025,SSP2,Niger,GDP|PPP,billion USD_2017/yr,2040,117.469
OECD ENV-Growth 2025,SSP2,Niger,GDP|PPP,billion USD_2017/yr,2045,165.323
OECD ENV-Growth 2025,SSP2,Niger,GDP|PPP,billion USD_2017/yr,2050,231.003
OECD ENV-Growth 2025,SSP2,Nigeria,GDP|PPP,billion USD_2017/yr,2025,1185.13
OECD ENV-Growth 2025,SSP2,Nigeria,GDP|PPP,billion USD_2017/yr,2030,1416.12
OECD ENV-Growth 2025,SSP2,Nigeria,GDP|PPP,billion USD_2017/yr,2035,1798.43
OECD ENV-Growth 2025,SSP2,Nigeria,GDP|PPP,billion USD_2017/yr,2040,2264.24
OECD ENV-Growth 2025,SSP2,Nigeria,GDP|PPP,billion USD_2017/yr,2045,2841.85
OECD ENV-Growth 2025,SSP2,Nigeria,GDP|PPP,billion USD_2017/yr,2050,3563.51
OECD ENV-Growth 2025,SSP2,North America (R10),GDP|PPP,billion USD_2017/yr,2025,25064.38847
OECD ENV-Growth 2025,SSP2,North America (R10),GDP|PPP,billion USD_2017/yr,2030,27522.4015
OECD ENV-Growth 2025,SSP2,North America (R10),GDP|PPP,billion USD_2017/yr,2035,29782.6899
OECD ENV-Growth 2025,SSP2,North America (R10),GDP|PPP,billion USD_2017/yr,2040,31947.9466
OECD ENV-Growth 2025,SSP2,North America (R10),GDP|PPP,billion USD_2017/yr,2045,34074.2149
OECD ENV-Growth 2025,SSP2,North America (R10),GDP|PPP,billion USD_2017/yr,2050,36183.6401
OECD ENV-Growth 2025,SSP2,North Korea,GDP|PPP,billion USD_2017/yr,2025,58.8114
OECD ENV-Growth 2025,SSP2,North Korea,GDP|PPP,billion USD_2017/yr,2030,76.6745
OECD ENV-Growth 2025,SSP2,North Korea,GDP|PPP,billion USD_2017/yr,2035,100.399
OECD ENV-Growth 2025,SSP2,North Korea,GDP|PPP,billion USD_2017/yr,2040,131.203
OECD ENV-Growth 2025,SSP2,North Korea,GDP|PPP,billion USD_2017/yr,2045,169.178
OECD ENV-Growth 2025,SSP2,North Korea,GDP|PPP,billion USD_2017/yr,2050,214.73
OECD ENV-Growth 2025,SSP2,North Macedonia,GDP|PPP,billion USD_2017/yr,2025,38.4392
OECD ENV-Growth 2025,SSP2,North Macedonia,GDP|PPP,billion USD_2017/yr,2030,45.5769
OECD ENV-Growth 2025,SSP2,North Macedonia,GDP|PPP,billion USD_2017/yr,2035,51.9545
OECD ENV-Growth 2025,SSP2,North Macedonia,GDP|PPP,billion USD_2017/yr,2040,58.1873
OECD ENV-Growth 2025,SSP2,North Macedonia,GDP|PPP,billion USD_2017/yr,2045,64.5439
OECD ENV-Growth 2025,SSP2,North Macedonia,GDP|PPP,billion USD_2017/yr,2050,71.1173
OECD ENV-Growth 2025,SSP2,Norway,GDP|PPP,billion USD_2017/yr,2025,381.285
OECD ENV-Growth 2025,SSP2,Norway,GDP|PPP,billion USD_2017/yr,2030,416.206
OECD ENV-Growth 2025,SSP2,Norway,GDP|PPP,billion USD_2017/yr,2035,450.92
OECD ENV-Growth 2025,SSP2,Norway,GDP|PPP,billion USD_2017/yr,2040,486.847
OECD ENV-Growth 2025,SSP2,Norway,GDP|PPP,billion USD_2017/yr,2045,524.188
OECD ENV-Growth 2025,SSP2,Norway,GDP|PPP,billion USD_2017/yr,2050,562.701
OECD ENV-Growth 2025,SSP2,OECD & EU (R5),GDP|PPP,billion USD_2017/yr,2025,61349.20945663301
OECD ENV-Growth 2025,SSP2,OECD & EU (R5),GDP|PPP,billion USD_2017/yr,2030,67188.12555470291
OECD ENV-Growth 2025,SSP2,OECD & EU (R5),GDP|PPP,billion USD_2017/yr,2035,72803.79616086418
OECD ENV-Growth 2025,SSP2,OECD & EU (R5),GDP|PPP,billion USD_2017/yr,2040,78311.59080980511
OECD ENV-Growth 2025,SSP2,OECD & EU (R5),GDP|PPP,billion USD_2017/yr,2045,83779.17297967673
OECD ENV-Growth 2025,SSP2,OECD & EU (R5),GDP|PPP,billion USD_2017/yr,2050,89193.754478265
OECD ENV-Growth 2025,SSP2,Oman,GDP|PPP,billion USD_2017/yr,2025,173.087
OECD ENV-Growth 2025,SSP2,Oman,GDP|PPP,billion USD_2017/yr,2030,202.465
OECD ENV-Growth 2025,SSP2,Oman,GDP|PPP,billion USD_2017/yr,2035,235.781
OECD ENV-Growth 2025,SSP2,Oman,GDP|PPP,billion USD_2017/yr,2040,271.267
OECD ENV-Growth 2025,SSP2,Oman,GDP|PPP,billion USD_2017/yr,2045,308.468
OECD ENV-Growth 2025,SSP2,Oman,GDP|PPP,billion USD_2017/yr,2050,347.202
OECD ENV-Growth 2025,SSP2,Other Asia (R9),GDP|PPP,billion USD_2017/yr,2025,17354.421973
OECD ENV-Growth 2025,SSP2,Other Asia (R9),GDP|PPP,billion USD_2017/yr,2030,21414.224724
OECD ENV-Growth 2025,SSP2,Other Asia (R9),GDP|PPP,billion USD_2017/yr,2035,25693.365915
OECD ENV-Growth 2025,SSP2,Other Asia (R9),GDP|PPP,billion USD_2017/yr,2040,30005.09111
OECD ENV-Growth 2025,SSP2,Other Asia (R9),GDP|PPP,billion USD_2017/yr,2045,34462.865242
OECD ENV-Growth 2025,SSP2,Other Asia (R9),GDP|PPP,billion USD_2017/yr,2050,39140.944645
OECD ENV-Growth 2025,SSP2,Other OECD (R9),GDP|PPP,billion USD_2017/yr,2025,16983.107356633
OECD ENV-Growth 2025,SSP2,Other OECD (R9),GDP|PPP,billion USD_2017/yr,2030,18744.64055470291
OECD ENV-Growth 2025,SSP2,Other OECD (R9),GDP|PPP,billion USD_2017/yr,2035,20603.59856086418
OECD ENV-Growth 2025,SSP2,Other OECD (R9),GDP|PPP,billion USD_2017/yr,2040,22469.05110980512
OECD ENV-Growth 2025,SSP2,Other OECD (R9),GDP|PPP,billion USD_2017/yr,2045,24388.47077967673
OECD ENV-Growth 2025,SSP2,Other OECD (R9),GDP|PPP,billion USD_2017/yr,2050,26316.14487826499
OECD ENV-Growth 2025,SSP2,Pacific OECD (R10),GDP|PPP,billion USD_2017/yr,2025,7104.588
OECD ENV-Growth 2025,SSP2,Pacific OECD (R10),GDP|PPP,billion USD_2017/yr,2030,7553.887999999999
OECD ENV-Growth 2025,SSP2,Pacific OECD (R10),GDP|PPP,billion USD_2017/yr,2035,8041.789000000001
OECD ENV-Growth 2025,SSP2,Pacific OECD (R10),GDP|PPP,billion USD_2017/yr,2040,8510.404
OECD ENV-Growth 2025,SSP2,Pacific OECD (R10),GDP|PPP,billion USD_2017/yr,2045,9005.008
OECD ENV-Growth 2025,SSP2,Pacific OECD (R10),GDP|PPP,billion USD_2017/yr,2050,9522.784
OECD ENV-Growth 2025,SSP2,Pakistan,GDP|PPP,billion USD_2017/yr,2025,1360.53
OECD ENV-Growth 2025,SSP2,Pakistan,GDP|PPP,billion USD_2017/yr,2030,1728.32
OECD ENV-Growth 2025,SSP2,Pakistan,GDP|PPP,billion USD_2017/yr,2035,2198.79
OECD ENV-Growth 2025,SSP2,Pakistan,GDP|PPP,billion USD_2017/yr,2040,2819.93
OECD ENV-Growth 2025,SSP2,Pakistan,GDP|PPP,billion USD_2017/yr,2045,3632.01
OECD ENV-Growth 2025,SSP2,Pakistan,GDP|PPP,billion USD_2017/yr,2050,4661.67
OECD ENV-Growth 2025,SSP2,Panama,GDP|PPP,billion USD_2017/yr,2025,168.143
OECD ENV-Growth 2025,SSP2,Panama,GDP|PPP,billion USD_2017/yr,2030,204.316
OECD ENV-Growth 2025,SSP2,Panama,GDP|PPP,billion USD_2017/yr,2035,241.185
OECD ENV-Growth 2025,SSP2,Panama,GDP|PPP,billion USD_2017/yr,2040,275.446
OECD ENV-Growth 2025,SSP2,Panama,GDP|PPP,billion USD_2017/yr,2045,308.393
OECD ENV-Growth 2025,SSP2,Panama,GDP|PPP,billion USD_2017/yr,2050,341.047
OECD ENV-Growth 2025,SSP2,Papua New Guinea,GDP|PPP,billion USD_2017/yr,2025,36.966
OECD ENV-Growth 2025,SSP2,Papua New Guinea,GDP|PPP,billion USD_2017/yr,2030,43.6591
OECD ENV-Growth 2025,SSP2,Papua New Guinea,GDP|PPP,billion USD_2017/yr,2035,54.5532
OECD ENV-Growth 2025,SSP2,Papua New Guinea,GDP|PPP,billion USD_2017/yr,2040,69.2949
OECD ENV-Growth 2025,SSP2,Papua New Guinea,GDP|PPP,billion USD_2017/yr,2045,88.8425
OECD ENV-Growth 2025,SSP2,Papua New Guinea,GDP|PPP,billion USD_2017/yr,2050,114.366
OECD ENV-Growth 2025,SSP2,Paraguay,GDP|PPP,billion USD_2017/yr,2025,103.285
OECD ENV-Growth 2025,SSP2,Paraguay,GDP|PPP,billion USD_2017/yr,2030,122.776
OECD ENV-Growth 2025,SSP2,Paraguay,GDP|PPP,billion USD_2017/yr,2035,144.799
OECD ENV-Growth 2025,SSP2,Paraguay,GDP|PPP,billion USD_2017/yr,2040,168.381
OECD ENV-Growth 2025,SSP2,Paraguay,GDP|PPP,billion USD_2017/yr,2045,194.089
OECD ENV-Growth 2025,SSP2,Paraguay,GDP|PPP,billion USD_2017/yr,2050,221.99
OECD ENV-Growth 2025,SSP2,Peru,GDP|PPP,billion USD_2017/yr,2025,474.594
OECD ENV-Growth 2025,SSP2,Peru,GDP|PPP,billion USD_2017/yr,2030,551.017
OECD ENV-Growth 2025,SSP2,Peru,GDP|PPP,billion USD_2017/yr,2035,639.576
OECD ENV-Growth 2025,SSP2,Peru,GDP|PPP,billion USD_2017/yr,2040,740.136
OECD ENV-Growth 2025,SSP2,Peru,GDP|PPP,billion USD_2017/yr,2045,852.196
OECD ENV-Growth 2025,SSP2,Peru,GDP|PPP,billion USD_2017/yr,2050,975.898
OECD ENV-Growth 2025,SSP2,Philippines,GDP|PPP,billion USD_2017/yr,2025,1173.33
OECD ENV-Growth 2025,SSP2,Philippines,GDP|PPP,billion USD_2017/yr,2030,1597.99
OECD ENV-Growth 2025,SSP2,Philippines,GDP|PPP,billion USD_2017/yr,2035,2088.18
OECD ENV-Growth 2025,SSP2,Philippines,GDP|PPP,billion USD_2017/yr,2040,2588.91
OECD ENV-Growth 2025,SSP2,Philippines,GDP|PPP,billion USD_2017/yr,2045,3110.06
OECD ENV-Growth 2025,SSP2,Philippines,GDP|PPP,billion USD_2017/yr,2050,3654.48
OECD ENV-Growth 2025,SSP2,Poland,GDP|PPP,billion USD_2017/yr,2025,1472.02
OECD ENV-Growth 2025,SSP2,Poland,GDP|PPP,billion USD_2017/yr,2030,1729.33
OECD ENV-Growth 2025,SSP2,Poland,GDP|PPP,billion USD_2017/yr,2035,1928.89
OECD ENV-Growth 2025,SSP2,Poland,GDP|PPP,billion USD_2017/yr,2040,2093.74
OECD ENV-Growth 2025,SSP2,Poland,GDP|PPP,billion USD_2017/yr,2045,2203.9
OECD ENV-Growth 2025,SSP2,Poland,GDP|PPP,billion USD_2017/yr,2050,2289.63
OECD ENV-Growth 2025,SSP2,Portugal,GDP|PPP,billion USD_2017/yr,2025,392.799
OECD ENV-Growth 2025,SSP2,Portugal,GDP|PPP,billion USD_2017/yr,2030,433.691
OECD ENV-Growth 2025,SSP2,Portugal,GDP|PPP,billion USD_2017/yr,2035,472.993
OECD ENV-Growth 2025,SSP2,Portugal,GDP|PPP,billion USD_2017/yr,2040,513.794
OECD ENV-Growth 2025,SSP2,Portugal,GDP|PPP,billion USD_2017/yr,2045,553.243
OECD ENV-Growth 2025,SSP2,Portugal,GDP|PPP,billion USD_2017/yr,2050,592.039
OECD ENV-Growth 2025,SSP2,Puerto Rico,GDP|PPP,billion USD_2017/yr,2025,107.656
OECD ENV-Growth 2025,SSP2,Puerto Rico,GDP|PPP,billion USD_2017/yr,2030,112.757
OECD ENV-Growth 2025,SSP2,Puerto Rico,GDP|PPP,billion USD_2017/yr,2035,116.726
OECD ENV-Growth 2025,SSP2,Puerto Rico,GDP|PPP,billion USD_2017/yr,2040,119.299
OECD ENV-Growth 2025,SSP2,Puerto Rico,GDP|PPP,billion USD_2017/yr,2045,121.197
OECD ENV-Growth 2025,SSP2,Puerto Rico,GDP|PPP,billion USD_2017/yr,2050,122.566
OECD ENV-Growth 2025,SSP2,Qatar,GDP|PPP,billion USD_2017/yr,2025,284.051
OECD ENV-Growth 2025,SSP2,Qatar,GDP|PPP,billion USD_2017/yr,2030,338.694
OECD ENV-Growth 2025,SSP2,Qatar,GDP|PPP,billion USD_2017/yr,2035,375.846
OECD ENV-Growth 2025,SSP2,Qatar,GDP|PPP,billion USD_2017/yr,2040,403.232
OECD ENV-Growth 2025,SSP2,Qatar,GDP|PPP,billion USD_2017/yr,2045,426.844
OECD ENV-Growth 2025,SSP2,Qatar,GDP|PPP,billion USD_2017/yr,2050,451.56
OECD ENV-Growth 2025,SSP2,Reforming Economies (R10),GDP|PPP,billion USD_2017/yr,2025,6216.335499999999
OECD ENV-Growth 2025,SSP2,Reforming Economies (R10),GDP|PPP,billion USD_2017/yr,2030,6930.482
OECD ENV-Growth 2025,SSP2,Reforming Economies (R10),GDP|PPP,billion USD_2017/yr,2035,7813.291
OECD ENV-Growth 2025,SSP2,Reforming Economies (R10),GDP|PPP,billion USD_2017/yr,2040,8710.391
OECD ENV-Growth 2025,SSP2,Reforming Economies (R10),GDP|PPP,billion USD_2017/yr,2045,9603.5734
OECD ENV-Growth 2025,SSP2,Reforming Economies (R10),GDP|PPP,billion USD_2017/yr,2050,10504.643
OECD ENV-Growth 2025,SSP2,Reforming Economies (R5),GDP|PPP,billion USD_2017/yr,2025,6216.335499999999
OECD ENV-Growth 2025,SSP2,Reforming Economies (R5),GDP|PPP,billion USD_2017/yr,2030,6930.482
OECD ENV-Growth 2025,SSP2,Reforming Economies (R5),GDP|PPP,billion USD_2017/yr,2035,7813.291
OECD ENV-Growth 2025,SSP2,Reforming Economies (R5),GDP|PPP,billion USD_2017/yr,2040,8710.391
OECD ENV-Growth 2025,SSP2,Reforming Economies (R5),GDP|PPP,billion USD_2017/yr,2045,9603.5734
OECD ENV-Growth 2025,SSP2,Reforming Economies (R5),GDP|PPP,billion USD_2017/yr,2050,10504.643
OECD ENV-Growth 2025,SSP2,Reforming Economies (R9),GDP|PPP,billion USD_2017/yr,2025,6216.335499999999
OECD ENV-Growth 2025,SSP2,Reforming Economies (R9),GDP|PPP,billion USD_2017/yr,2030,6930.482
OECD ENV-Growth 2025,SSP2,Reforming Economies (R9),GDP|PPP,billion USD_2017/yr,2035,7813.291
OECD ENV-Growth 2025,SSP2,Reforming Economies (R9),GDP|PPP,billion USD_2017/yr,2040,8710.391
OECD ENV-Growth 2025,SSP2,Reforming Economies (R9),GDP|PPP,billion USD_2017/yr,2045,9603.5734
OECD ENV-Growth 2025,SSP2,Reforming Economies (R9),GDP|PPP,billion USD_2017/yr,2050,10504.643
OECD ENV-Growth 2025,SSP2,Rest of Asia (R10),GDP|PPP,billion USD_2017/yr,2025,11528.419303
OECD ENV-Growth 2025,SSP2,Rest of Asia (R10),GDP|PPP,billion USD_2017/yr,2030,14265.614924
OECD ENV-Growth 2025,SSP2,Rest of Asia (R10),GDP|PPP,billion USD_2017/yr,2035,17066.983015
OECD ENV-Growth 2025,SSP2,Rest of Asia (R10),GDP|PPP,billion USD_2017/yr,2040,19740.34951
OECD ENV-Growth 2025,SSP2,Rest of Asia (R10),GDP|PPP,billion USD_2017/yr,2045,22318.110042
OECD ENV-Growth 2025,SSP2,Rest of Asia (R10),GDP|PPP,billion USD_2017/yr,2050,24826.631245
OECD ENV-Growth 2025,SSP2,Romania,GDP|PPP,billion USD_2017/yr,2025,670.387
OECD ENV-Growth 2025,SSP2,Romania,GDP|PPP,billion USD_2017/yr,2030,759.427
OECD ENV-Growth 2025,SSP2,Romania,GDP|PPP,billion USD_2017/yr,2035,834.824
OECD ENV-Growth 2025,SSP2,Romania,GDP|PPP,billion USD_2017/yr,2040,892.011
OECD ENV-Growth 2025,SSP2,Romania,GDP|PPP,billion USD_2017/yr,2045,932.422
OECD ENV-Growth 2025,SSP2,Romania,GDP|PPP,billion USD_2017/yr,2050,962.158
OECD ENV-Growth 2025,SSP2,Russian Federation,GDP|PPP,billion USD_2017/yr,2025,4161.94
OECD ENV-Growth 2025,SSP2,Russian Federation,GDP|PPP,billion USD_2017/yr,2030,4473.88
OECD ENV-Growth 2025,SSP2,Russian Federation,GDP|PPP,billion USD_2017/yr,2035,4908.63
OECD ENV-Growth 2025,SSP2,Russian Federation,GDP|PPP,billion USD_2017/yr,2040,5359.14
OECD ENV-Growth 2025,SSP2,Russian Federation,GDP|PPP,billion USD_2017/yr,2045,5816.11
OECD ENV-Growth 2025,SSP2,Russian Federation,GDP|PPP,billion USD_2017/yr,2050,6275.87
OECD ENV-Growth 2025,SSP2,Rwanda,GDP|PPP,billion USD_2017/yr,2025,39.6021
OECD ENV-Growth 2025,SSP2,Rwanda,GDP|PPP,billion USD_2017/yr,2030,55.8704
OECD ENV-Growth 2025,SSP2,Rwanda,GDP|PPP,billion USD_2017/yr,2035,75.5455
OECD ENV-Growth 2025,SSP2,Rwanda,GDP|PPP,billion USD_2017/yr,2040,98.7993
OECD ENV-Growth 2025,SSP2,Rwanda,GDP|PPP,billion USD_2017/yr,2045,126.984
OECD ENV-Growth 2025,SSP2,Rwanda,GDP|PPP,billion USD_2017/yr,2050,161.362
OECD ENV-Growth 2025,SSP2,Saint Lucia,GDP|PPP,billion USD_2017/yr,2025,2.95041
OECD ENV-Growth 2025,SSP2,Saint Lucia,GDP|PPP,billion USD_2017/yr,2030,3.17974
OECD ENV-Growth 2025,SSP2,Saint Lucia,GDP|PPP,billion USD_2017/yr,2035,3.44794
OECD ENV-Growth 2025,SSP2,Saint Lucia,GDP|PPP,billion USD_2017/yr,2040,3.79713
OECD ENV-Growth 2025,SSP2,Saint Lucia,GDP|PPP,billion USD_2017/yr,2045,4.22112
OECD ENV-Growth 2025,SSP2,Saint Lucia,GDP|PPP,billion USD_2017/yr,2050,4.70997
OECD ENV-Growth 2025,SSP2,Saint Vincent and the Grenadines,GDP|PPP,billion USD_2017/yr,2025,1.76493
OECD ENV-Growth 2025,SSP2,Saint Vincent and the Grenadines,GDP|PPP,billion USD_2017/yr,2030,2.01294
OECD ENV-Growth 2025,SSP2,Saint Vincent and the Grenadines,GDP|PPP,billion USD_2017/yr,2035,2.26618
OECD ENV-Growth 2025,SSP2,Saint Vincent and the Grenadines,GDP|PPP,billion USD_2017/yr,2040,2.53101
OECD ENV-Growth 2025,SSP2,Saint Vincent and the Grenadines,GDP|PPP,billion USD_2017/yr,2045,2.8076
OECD ENV-Growth 2025,SSP2,Saint Vincent and the Grenadines,GDP|PPP,billion USD_2017/yr,2050,3.10083
OECD ENV-Growth 2025,SSP2,Samoa,GDP|PPP,billion USD_2017/yr,2025,1.15936
OECD ENV-Growth 2025,SSP2,Samoa,GDP|PPP,billion USD_2017/yr,2030,1.31674
OECD ENV-Growth 2025,SSP2,Samoa,GDP|PPP,billion USD_2017/yr,2035,1.53862
OECD ENV-Growth 2025,SSP2,Samoa,GDP|PPP,billion USD_2017/yr,2040,1.83915
OECD ENV-Growth 2025,SSP2,Samoa,GDP|PPP,billion USD_2017/yr,2045,2.22473
OECD ENV-Growth 2025,SSP2,Samoa,GDP|PPP,billion USD_2017/yr,2050,2.71116
OECD ENV-Growth 2025,SSP2,Sao Tome and Principe,GDP|PPP,billion USD_2017/yr,2025,0.829859
OECD ENV-Growth 2025,SSP2,Sao Tome and Principe,GDP|PPP,billion USD_2017/yr,2030,0.998796
OECD ENV-Growth 2025,SSP2,Sao Tome and Principe,GDP|PPP,billion USD_2017/yr,2035,1.21825
OECD ENV-Growth 2025,SSP2,Sao Tome and Principe,GDP|PPP,billion USD_2017/yr,2040,1.49132
OECD ENV-Growth 2025,SSP2,Sao Tome and Principe,GDP|PPP,billion USD_2017/yr,2045,1.83178
OECD ENV-Growth 2025,SSP2,Sao Tome and Principe,GDP|PPP,billion USD_2017/yr,2050,2.2513
OECD ENV-Growth 2025,SSP2,Saudi Arabia,GDP|PPP,billion USD_2017/yr,2025,1956.32
OECD ENV-Growth 2025,SSP2,Saudi Arabia,GDP|PPP,billion USD_2017/yr,2030,2422.55
OECD ENV-Growth 2025,SSP2,Saudi Arabia,GDP|PPP,billion USD_2017/yr,2035,2841.76
OECD ENV-Growth 2025,SSP2,Saudi Arabia,GDP|PPP,billion USD_2017/yr,2040,3217.45
OECD ENV-Growth 2025,SSP2,Saudi Arabia,GDP|PPP,billion USD_2017/yr,2045,3542.84
OECD ENV-Growth 2025,SSP2,Saudi Arabia,GDP|PPP,billion USD_2017/yr,2050,3821.66
OECD ENV-Growth 2025,SSP2,Senegal,GDP|PPP,billion USD_2017/yr,2025,76.9212
OECD ENV-Growth 2025,SSP2,Senegal,GDP|PPP,billion USD_2017/yr,2030,101.328
OECD ENV-Growth 2025,SSP2,Senegal,GDP|PPP,billion USD_2017/yr,2035,136.466
OECD ENV-Growth 2025,SSP2,Senegal,GDP|PPP,billion USD_2017/yr,2040,176.624
OECD ENV-Growth 2025,SSP2,Senegal,GDP|PPP,billion USD_2017/yr,2045,224.199
OECD ENV-Growth 2025,SSP2,Senegal,GDP|PPP,billion USD_2017/yr,2050,281.365
OECD ENV-Growth 2025,SSP2,Serbia,GDP|PPP,billion USD_2017/yr,2025,152.122
OECD ENV-Growth 2025,SSP2,Serbia,GDP|PPP,billion USD_2017/yr,2030,184.761
OECD ENV-Growth 2025,SSP2,Serbia,GDP|PPP,billion USD_2017/yr,2035,216.344
OECD ENV-Growth 2025,SSP2,Serbia,GDP|PPP,billion USD_2017/yr,2040,244.539
OECD ENV-Growth 2025,SSP2,Serbia,GDP|PPP,billion USD_2017/yr,2045,270.673
OECD ENV-Growth 2025,SSP2,Serbia,GDP|PPP,billion USD_2017/yr,2050,295.459
OECD ENV-Growth 2025,SSP2,Seychelles,GDP|PPP,billion USD_2017/yr,2025,3.68008
OECD ENV-Growth 2025,SSP2,Seychelles,GDP|PPP,billion USD_2017/yr,2030,4.41325
OECD ENV-Growth 2025,SSP2,Seychelles,GDP|PPP,billion USD_2017/yr,2035,5.16045
OECD ENV-Growth 2025,SSP2,Seychelles,GDP|PPP,billion USD_2017/yr,2040,5.87013
OECD ENV-Growth 2025,SSP2,Seychelles,GDP|PPP,billion USD_2017/yr,2045,6.55419
OECD ENV-Growth 2025,SSP2,Seychelles,GDP|PPP,billion USD_2017/yr,2050,7.23445
OECD ENV-Growth 2025,SSP2,Sierra Leone,GDP|PPP,billion USD_2017/yr,2025,16.0047
OECD ENV-Growth 2025,SSP2,Sierra Leone,GDP|PPP,billion USD_2017/yr,2030,20.1644
OECD ENV-Growth 2025,SSP2,Sierra Leone,GDP|PPP,billion USD_2017/yr,2035,26.133
OECD ENV-Growth 2025,SSP2,Sierra Leone,GDP|PPP,billion USD_2017/yr,2040,34.3179
OECD ENV-Growth 2025,SSP2,Sierra Leone,GDP|PPP,billion USD_2017/yr,2045,44.9849
OECD ENV-Growth 2025,SSP2,Sierra Leone,GDP|PPP,billion USD_2017/yr,2050,58.4413
OECD ENV-Growth 2025,SSP2,Singapore,GDP|PPP,billion USD_2017/yr,2025,643.993
OECD ENV-Growth 2025,SSP2,Singapore,GDP|PPP,billion USD_2017/yr,2030,730.849
OECD ENV-Growth 2025,SSP2,Singapore,GDP|PPP,billion USD_2017/yr,2035,806.607
OECD ENV-Growth 2025,SSP2,Singapore,GDP|PPP,billion USD_2017/yr,2040,852.74
OECD ENV-Growth 2025,SSP2,Singapore,GDP|PPP,billion USD_2017/yr,2045,876.14
OECD ENV-Growth 2025,SSP2,Singapore,GDP|PPP,billion USD_2017/yr,2050,881.886
OECD ENV-Growth 2025,SSP2,Slovakia,GDP|PPP,billion USD_2017/yr,2025,189.842
OECD ENV-Growth 2025,SSP2,Slovakia,GDP|PPP,billion USD_2017/yr,2030,210.589
OECD ENV-Growth 2025,SSP2,Slovakia,GDP|PPP,billion USD_2017/yr,2035,231.46
OECD ENV-Growth 2025,SSP2,Slovakia,GDP|PPP,billion USD_2017/yr,2040,251.823
OECD ENV-Growth 2025,SSP2,Slovakia,GDP|PPP,billion USD_2017/yr,2045,269.576
OECD ENV-Growth 2025,SSP2,Slovakia,GDP|PPP,billion USD_2017/yr,2050,286.412
OECD ENV-Growth 2025,SSP2,Slovenia,GDP|PPP,billion USD_2017/yr,2025,91.7521
OECD ENV-Growth 2025,SSP2,Slovenia,GDP|PPP,billion USD_2017/yr,2030,103.389
OECD ENV-Growth 2025,SSP2,Slovenia,GDP|PPP,billion USD_2017/yr,2035,112.378
OECD ENV-Growth 2025,SSP2,Slovenia,GDP|PPP,billion USD_2017/yr,2040,119.424
OECD ENV-Growth 2025,SSP2,Slovenia,GDP|PPP,billion USD_2017/yr,2045,124.734
OECD ENV-Growth 2025,SSP2,Slovenia,GDP|PPP,billion USD_2017/yr,2050,129.93
OECD ENV-Growth 2025,SSP2,Solomon Islands,GDP|PPP,billion USD_2017/yr,2025,1.53733
OECD ENV-Growth 2025,SSP2,Solomon Islands,GDP|PPP,billion USD_2017/yr,2030,1.80529
OECD ENV-Growth 2025,SSP2,Solomon Islands,GDP|PPP,billion USD_2017/yr,2035,2.31258
OECD ENV-Growth 2025,SSP2,Solomon Islands,GDP|PPP,billion USD_2017/yr,2040,3.13715
OECD ENV-Growth 2025,SSP2,Solomon Islands,GDP|PPP,billion USD_2017/yr,2045,4.39608
OECD ENV-Growth 2025,SSP2,Solomon Islands,GDP|PPP,billion USD_2017/yr,2050,6.26362
OECD ENV-Growth 2025,SSP2,Somalia,GDP|PPP,billion USD_2017/yr,2025,28.2333
OECD ENV-Growth 2025,SSP2,Somalia,GDP|PPP,billion USD_2017/yr,2030,35.2756
OECD ENV-Growth 2025,SSP2,Somalia,GDP|PPP,billion USD_2017/yr,2035,47.3728
OECD ENV-Growth 2025,SSP2,Somalia,GDP|PPP,billion USD_2017/yr,2040,66.2277
OECD ENV-Growth 2025,SSP2,Somalia,GDP|PPP,billion USD_2017/yr,2045,94.3112
OECD ENV-Growth 2025,SSP2,Somalia,GDP|PPP,billion USD_2017/yr,2050,133.632
OECD ENV-Growth 2025,SSP2,South Africa,GDP|PPP,billion USD_2017/yr,2025,831.469
OECD ENV-Growth 2025,SSP2,South Africa,GDP|PPP,billion USD_2017/yr,2030,901.54
OECD ENV-Growth 2025,SSP2,South Africa,GDP|PPP,billion USD_2017/yr,2035,1030.47
OECD ENV-Growth 2025,SSP2,South Africa,GDP|PPP,billion USD_2017/yr,2040,1206.92
OECD ENV-Growth 2025,SSP2,South Africa,GDP|PPP,billion USD_2017/yr,2045,1423.43
OECD ENV-Growth 2025,SSP2,South Africa,GDP|PPP,billion USD_2017/yr,2050,1671.17
OECD ENV-Growth 2025,SSP2,South Korea,GDP|PPP,billion USD_2017/yr,2025,2490.03
OECD ENV-Growth 2025,SSP2,South Korea,GDP|PPP,billion USD_2017/yr,2030,2735.37
OECD ENV-Growth 2025,SSP2,South Korea,GDP|PPP,billion USD_2017/yr,2035,2914.39
OECD ENV-Growth 2025,SSP2,South Korea,GDP|PPP,billion USD_2017/yr,2040,3041.78
OECD ENV-Growth 2025,SSP2,South Korea,GDP|PPP,billion USD_2017/yr,2045,3133.48
OECD ENV-Growth 2025,SSP2,South Korea,GDP|PPP,billion USD_2017/yr,2050,3196.46
OECD ENV-Growth 2025,SSP2,South Sudan,GDP|PPP,billion USD_2017/yr,2025,6.40987
OECD ENV-Growth 2025,SSP2,South Sudan,GDP|PPP,billion USD_2017/yr,2030,8.28132
OECD ENV-Growth 2025,SSP2,South Sudan,GDP|PPP,billion USD_2017/yr,2035,10.3572
OECD ENV-Growth 2025,SSP2,South Sudan,GDP|PPP,billion USD_2017/yr,2040,12.7437
OECD ENV-Growth 2025,SSP2,South Sudan,GDP|PPP,billion USD_2017/yr,2045,15.9091
OECD ENV-Growth 2025,SSP2,South Sudan,GDP|PPP,billion USD_2017/yr,2050,20.1229
OECD ENV-Growth 2025,SSP2,Spain,GDP|PPP,billion USD_2017/yr,2025,2035.64
OECD ENV-Growth 2025,SSP2,Spain,GDP|PPP,billion USD_2017/yr,2030,2179.94
OECD ENV-Growth 2025,SSP2,Spain,GDP|PPP,billion USD_2017/yr,2035,2375.77
OECD ENV-Growth 2025,SSP2,Spain,GDP|PPP,billion USD_2017/yr,2040,2602.35
OECD ENV-Growth 2025,SSP2,Spain,GDP|PPP,billion USD_2017/yr,2045,2842.12
OECD ENV-Growth 2025,SSP2,Spain,GDP|PPP,billion USD_2017/yr,2050,3088.61
OECD ENV-Growth 2025,SSP2,Sri Lanka,GDP|PPP,billion USD_2017/yr,2025,273.455
OECD ENV-Growth 2025,SSP2,Sri Lanka,GDP|PPP,billion USD_2017/yr,2030,320.477
OECD ENV-Growth 2025,SSP2,Sri Lanka,GDP|PPP,billion USD_2017/yr,2035,372.362
OECD ENV-Growth 2025,SSP2,Sri Lanka,GDP|PPP,billion USD_2017/yr,2040,426.689
OECD ENV-Growth 2025,SSP2,Sri Lanka,GDP|PPP,billion USD_2017/yr,2045,484.227
OECD ENV-Growth 2025,SSP2,Sri Lanka,GDP|PPP,billion USD_2017/yr,2050,546.046
OECD ENV-Growth 2025,SSP2,Sudan,GDP|PPP,billion USD_2017/yr,2025,151.506
OECD ENV-Growth 2025,SSP2,Sudan,GDP|PPP,billion USD_2017/yr,2030,189.217
OECD ENV-Growth 2025,SSP2,Sudan,GDP|PPP,billion USD_2017/yr,2035,230.356
OECD ENV-Growth 2025,SSP2,Sudan,GDP|PPP,billion USD_2017/yr,2040,275.196
OECD ENV-Growth 2025,SSP2,Sudan,GDP|PPP,billion USD_2017/yr,2045,326.497
OECD ENV-Growth 2025,SSP2,Sudan,GDP|PPP,billion USD_2017/yr,2050,386.154
OECD ENV-Growth 2025,SSP2,Suriname,GDP|PPP,billion USD_2017/yr,2025,9.90498
OECD ENV-Growth 2025,SSP2,Suriname,GDP|PPP,billion USD_2017/yr,2030,11.4991
OECD ENV-Growth 2025,SSP2,Suriname,GDP|PPP,billion USD_2017/yr,2035,13.338
OECD ENV-Growth 2025,SSP2,Suriname,GDP|PPP,billion USD_2017/yr,2040,15.5253
OECD ENV-Growth 2025,SSP2,Suriname,GDP|PPP,billion USD_2017/yr,2045,18.0272
OECD ENV-Growth 2025,SSP2,Suriname,GDP|PPP,billion USD_2017/yr,2050,20.794
OECD ENV-Growth 2025,SSP2,Sweden,GDP|PPP,billion USD_2017/yr,2025,596.541
OECD ENV-Growth 2025,SSP2,Sweden,GDP|PPP,billion USD_2017/yr,2030,677.252
OECD ENV-Growth 2025,SSP2,Sweden,GDP|PPP,billion USD_2017/yr,2035,744.391
OECD ENV-Growth 2025,SSP2,Sweden,GDP|PPP,billion USD_2017/yr,2040,804.736
OECD ENV-Growth 2025,SSP2,Sweden,GDP|PPP,billion USD_2017/yr,2045,862.523
OECD ENV-Growth 2025,SSP2,Sweden,GDP|PPP,billion USD_2017/yr,2050,919.9
OECD ENV-Growth 2025,SSP2,Switzerland,GDP|PPP,billion USD_2017/yr,2025,654.222
OECD ENV-Growth 2025,SSP2,Switzerland,GDP|PPP,billion USD_2017/yr,2030,690.971
OECD ENV-Growth 2025,SSP2,Switzerland,GDP|PPP,billion USD_2017/yr,2035,728.84
OECD ENV-Growth 2025,SSP2,Switzerland,GDP|PPP,billion USD_2017/yr,2040,763.533
OECD ENV-Growth 2025,SSP2,Switzerland,GDP|PPP,billion USD_2017/yr,2045,797.661
OECD ENV-Growth 2025,SSP2,Switzerland,GDP|PPP,billion USD_2017/yr,2050,832.097
OECD ENV-Growth 2025,SSP2,Taiwan,GDP|PPP,billion USD_2017/yr,2025,1456.74
OECD ENV-Growth 2025,SSP2,Taiwan,GDP|PPP,billion USD_2017/yr,2030,1632.08
OECD ENV-Growth 2025,SSP2,Taiwan,GDP|PPP,billion USD_2017/yr,2035,1733.93
OECD ENV-Growth 2025,SSP2,Taiwan,GDP|PPP,billion USD_2017/yr,2040,1745.35
OECD ENV-Growth 2025,SSP2,Taiwan,GDP|PPP,billion USD_2017/yr,2045,1701.71
OECD ENV-Growth 2025,SSP2,Taiwan,GDP|PPP,billion USD_2017/yr,2050,1626.87
OECD ENV-Growth 2025,SSP2,Tajikistan,GDP|PPP,billion USD_2017/yr,2025,48.033
OECD ENV-Growth 2025,SSP2,Tajikistan,GDP|PPP,billion USD_2017/yr,2030,60.0599
OECD ENV-Growth 2025,SSP2,Tajikistan,GDP|PPP,billion USD_2017/yr,2035,75.0315
OECD ENV-Growth 2025,SSP2,Tajikistan,GDP|PPP,billion USD_2017/yr,2040,93.0096
OECD ENV-Growth 2025,SSP2,Tajikistan,GDP|PPP,billion USD_2017/yr,2045,114.112
OECD ENV-Growth 2025,SSP2,Tajikistan,GDP|PPP,billion USD_2017/yr,2050,139.044
OECD ENV-Growth 2025,SSP2,Tanzania,GDP|PPP,billion USD_2017/yr,2025,209.587
OECD ENV-Growth 2025,SSP2,Tanzania,GDP|PPP,billion USD_2017/yr,2030,294.35
OECD ENV-Growth 2025,SSP2,Tanzania,GDP|PPP,billion USD_2017/yr,2035,403.698
OECD ENV-Growth 2025,SSP2,Tanzania,GDP|PPP,billion USD_2017/yr,2040,532.709
OECD ENV-Growth 2025,SSP2,Tanzania,GDP|PPP,billion USD_2017/yr,2045,689.684
OECD ENV-Growth 2025,SSP2,Tanzania,GDP|PPP,billion USD_2017/yr,2050,882.48
OECD ENV-Growth 2025,SSP2,Thailand,GDP|PPP,billion USD_2017/yr,2025,1371.85
OECD ENV-Growth 2025,SSP2,Thailand,GDP|PPP,billion USD_2017/yr,2030,1591.5
OECD ENV-Growth 2025,SSP2,Thailand,GDP|PPP,billion USD_2017/yr,2035,1808.41
OECD ENV-Growth 2025,SSP2,Thailand,GDP|PPP,billion USD_2017/yr,2040,2009.4
OECD ENV-Growth 2025,SSP2,Thailand,GDP|PPP,billion USD_2017/yr,2045,2198.5
OECD ENV-Growth 2025,SSP2,Thailand,GDP|PPP,billion USD_2017/yr,2050,2377.92
OECD ENV-Growth 2025,SSP2,Timor-Leste,GDP|PPP,billion USD_2017/yr,2025,4.18281
OECD ENV-Growth 2025,SSP2,Timor-Leste,GDP|PPP,billion USD_2017/yr,2030,4.90879
OECD ENV-Growth 2025,SSP2,Timor-Leste,GDP|PPP,billion USD_2017/yr,2035,6.05379
OECD ENV-Growth 2025,SSP2,Timor-Leste,GDP|PPP,billion USD_2017/yr,2040,7.65768
OECD ENV-Growth 2025,SSP2,Timor-Leste,GDP|PPP,billion USD_2017/yr,2045,9.84021
OECD ENV-Growth 2025,SSP2,Timor-Leste,GDP|PPP,billion USD_2017/yr,2050,12.7356
OECD ENV-Growth 2025,SSP2,Togo,GDP|PPP,billion USD_2017/yr,2025,22.738
OECD ENV-Growth 2025,SSP2,Togo,GDP|PPP,billion USD_2017/yr,2030,30.0426
OECD ENV-Growth 2025,SSP2,Togo,GDP|PPP,billion USD_2017/yr,2035,39.9257
OECD ENV-Growth 2025,SSP2,Togo,GDP|PPP,billion USD_2017/yr,2040,51.9557
OECD ENV-Growth 2025,SSP2,Togo,GDP|PPP,billion USD_2017/yr,2045,66.8996
OECD ENV-Growth 2025,SSP2,Togo,GDP|PPP,billion USD_2017/yr,2050,85.4756
OECD ENV-Growth 2025,SSP2,Tonga,GDP|PPP,billion USD_2017/yr,2025,0.608561
OECD ENV-Growth 2025,SSP2,Tonga,GDP|PPP,billion USD_2017/yr,2030,0.655549
OECD ENV-Growth 2025,SSP2,Tonga,GDP|PPP,billion USD_2017/yr,2035,0.744873
OECD ENV-Growth 2025,SSP2,Tonga,GDP|PPP,billion USD_2017/yr,2040,0.867814
OECD ENV-Growth 2025,SSP2,Tonga,GDP|PPP,billion USD_2017/yr,2045,1.02658
OECD ENV-Growth 2025,SSP2,Tonga,GDP|PPP,billion USD_2017/yr,2050,1.22682
OECD ENV-Growth 2025,SSP2,Trinidad and Tobago,GDP|PPP,billion USD_2017/yr,2025,37.3631
OECD ENV-Growth 2025,SSP2,Trinidad and Tobago,GDP|PPP,billion USD_2017/yr,2030,40.1502
OECD ENV-Growth 2025,SSP2,Trinidad and Tobago,GDP|PPP,billion USD_2017/yr,2035,43.0838
OECD ENV-Growth 2025,SSP2,Trinidad and Tobago,GDP|PPP,billion USD_2017/yr,2040,46.3704
OECD ENV-Growth 2025,SSP2,Trinidad and Tobago,GDP|PPP,billion USD_2017/yr,2045,49.8619
OECD ENV-Growth 2025,SSP2,Trinidad and Tobago,GDP|PPP,billion USD_2017/yr,2050,53.7247
OECD ENV-Growth 2025,SSP2,Tunisia,GDP|PPP,billion USD_2017/yr,2025,141.006
OECD ENV-Growth 2025,SSP2,Tunisia,GDP|PPP,billion USD_2017/yr,2030,160.513
OECD ENV-Growth 2025,SSP2,Tunisia,GDP|PPP,billion USD_2017/yr,2035,184.144
OECD ENV-Growth 2025,SSP2,Tunisia,GDP|PPP,billion USD_2017/yr,2040,212.398
OECD ENV-Growth 2025,SSP2,Tunisia,GDP|PPP,billion USD_2017/yr,2045,244.951
OECD ENV-Growth 2025,SSP2,Tunisia,GDP|PPP,billion USD_2017/yr,2050,281.555
OECD ENV-Growth 2025,SSP2,Turkey,GDP|PPP,billion USD_2017/yr,2025,3122.89
OECD ENV-Growth 2025,SSP2,Turkey,GDP|PPP,billion USD_2017/yr,2030,3778.56
OECD ENV-Growth 2025,SSP2,Turkey,GDP|PPP,billion USD_2017/yr,2035,4429.59
OECD ENV-Growth 2025,SSP2,Turkey,GDP|PPP,billion USD_2017/yr,2040,5030.02
OECD ENV-Growth 2025,SSP2,Turkey,GDP|PPP,billion USD_2017/yr,2045,5599.15
OECD ENV-Growth 2025,SSP2,Turkey,GDP|PPP,billion USD_2017/yr,2050,6126.96
OECD ENV-Growth 2025,SSP2,Turkmenistan,GDP|PPP,billion USD_2017/yr,2025,107.274
OECD ENV-Growth 2025,SSP2,Turkmenistan,GDP|PPP,billion USD_2017/yr,2030,118.908
OECD ENV-Growth 2025,SSP2,Turkmenistan,GDP|PPP,billion USD_2017/yr,2035,134.27
OECD ENV-Growth 2025,SSP2,Turkmenistan,GDP|PPP,billion USD_2017/yr,2040,148.342
OECD ENV-Growth 2025,SSP2,Turkmenistan,GDP|PPP,billion USD_2017/yr,2045,161.604
OECD ENV-Growth 2025,SSP2,Turkmenistan,GDP|PPP,billion USD_2017/yr,2050,175.616
OECD ENV-Growth 2025,SSP2,USA (R9),GDP|PPP,billion USD_2017/yr,2025,23076.2
OECD ENV-Growth 2025,SSP2,USA (R9),GDP|PPP,billion USD_2017/yr,2030,25314.6
OECD ENV-Growth 2025,SSP2,USA (R9),GDP|PPP,billion USD_2017/yr,2035,27328.3
OECD ENV-Growth 2025,SSP2,USA (R9),GDP|PPP,billion USD_2017/yr,2040,29219.9
OECD ENV-Growth 2025,SSP2,USA (R9),GDP|PPP,billion USD_2017/yr,2045,31060.3
OECD ENV-Growth 2025,SSP2,USA (R9),GDP|PPP,billion USD_2017/yr,2050,32883.5
OECD ENV-Growth 2025,SSP2,Uganda,GDP|PPP,billion USD_2017/yr,2025,134.738
OECD ENV-Growth 2025,SSP2,Uganda,GDP|PPP,billion USD_2017/yr,2030,186.954
OECD ENV-Growth 2025,SSP2,Uganda,GDP|PPP,billion USD_2017/yr,2035,254.948
OECD ENV-Growth 2025,SSP2,Uganda,GDP|PPP,billion USD_2017/yr,2040,333.467
OECD ENV-Growth 2025,SSP2,Uganda,GDP|PPP,billion USD_2017/yr,2045,427.955
OECD ENV-Growth 2025,SSP2,Uganda,GDP|PPP,billion USD_2017/yr,2050,543.283
OECD ENV-Growth 2025,SSP2,Ukraine,GDP|PPP,billion USD_2017/yr,2025,426.261
OECD ENV-Growth 2025,SSP2,Ukraine,GDP|PPP,billion USD_2017/yr,2030,531.874
OECD ENV-Growth 2025,SSP2,Ukraine,GDP|PPP,billion USD_2017/yr,2035,643.99
OECD ENV-Growth 2025,SSP2,Ukraine,GDP|PPP,billion USD_2017/yr,2040,755.979
OECD ENV-Growth 2025,SSP2,Ukraine,GDP|PPP,billion USD_2017/yr,2045,863.914
OECD ENV-Growth 2025,SSP2,Ukraine,GDP|PPP,billion USD_2017/yr,2050,971.928
OECD ENV-Growth 2025,SSP2,United Arab Emirates,GDP|PPP,billion USD_2017/yr,2025,792.174
OECD ENV-Growth 2025,SSP2,United Arab Emirates,GDP|PPP,billion USD_2017/yr,2030,981.529
OECD ENV-Growth 2025,SSP2,United Arab Emirates,GDP|PPP,billion USD_2017/yr,2035,1159.06
OECD ENV-Growth 2025,SSP2,United Arab Emirates,GDP|PPP,billion USD_2017/yr,2040,1293.92
OECD ENV-Growth 2025,SSP2,United Arab Emirates,GDP|PPP,billion USD_2017/yr,2045,1394.2
OECD ENV-Growth 2025,SSP2,United Arab Emirates,GDP|PPP,billion USD_2017/yr,2050,1464.83
OECD ENV-Growth 2025,SSP2,United Kingdom,GDP|PPP,billion USD_2017/yr,2025,3262.8
OECD ENV-Growth 2025,SSP2,United Kingdom,GDP|PPP,billion USD_2017/yr,2030,3554.35
OECD ENV-Growth 2025,SSP2,United Kingdom,GDP|PPP,billion USD_2017/yr,2035,3886.95
OECD ENV-Growth 2025,SSP2,United Kingdom,GDP|PPP,billion USD_2017/yr,2040,4280.14
OECD ENV-Growth 2025,SSP2,United Kingdom,GDP|PPP,billion USD_2017/yr,2045,4725.79
OECD ENV-Growth 2025,SSP2,United Kingdom,GDP|PPP,billion USD_2017/yr,2050,5200.75
OECD ENV-Growth 2025,SSP2,United States,GDP|PPP,billion USD_2017/yr,2025,23076.2
OECD ENV-Growth 2025,SSP2,United States,GDP|PPP,billion USD_2017/yr,2030,25314.6
OECD ENV-Growth 2025,SSP2,United States,GDP|PPP,billion USD_2017/yr,2035,27328.3
OECD ENV-Growth 2025,SSP2,United States,GDP|PPP,billion USD_2017/yr,2040,29219.9
OECD ENV-Growth 2025,SSP2,United States,GDP|PPP,billion USD_2017/yr,2045,31060.3
OECD ENV-Growth 2025,SSP2,United States,GDP|PPP,billion USD_2017/yr,2050,32883.5
OECD ENV-Growth 2025,SSP2,United States Virgin Islands,GDP|PPP,billion USD_2017/yr,2025,3.24045
OECD ENV-Growth 2025,SSP2,United States Virgin Islands,GDP|PPP,billion USD_2017/yr,2030,3.4656
OECD ENV-Growth 2025,SSP2,United States Virgin Islands,GDP|PPP,billion USD_2017/yr,2035,3.67637
OECD ENV-Growth 2025,SSP2,United States Virgin Islands,GDP|PPP,billion USD_2017/yr,2040,3.95129
OECD ENV-Growth 2025,SSP2,United States Virgin Islands,GDP|PPP,billion USD_2017/yr,2045,4.26873
OECD ENV-Growth 2025,SSP2,United States Virgin Islands,GDP|PPP,billion USD_2017/yr,2050,4.61537
OECD ENV-Growth 2025,SSP2,Uruguay,GDP|PPP,billion USD_2017/yr,2025,89.7154
OECD ENV-Growth 2025,SSP2,Uruguay,GDP|PPP,billion USD_2017/yr,2030,100.604
OECD ENV-Growth 2025,SSP2,Uruguay,GDP|PPP,billion USD_2017/yr,2035,110.828
OECD ENV-Growth 2025,SSP2,Uruguay,GDP|PPP,billion USD_2017/yr,2040,120.284
OECD ENV-Growth 2025,SSP2,Uruguay,GDP|PPP,billion USD_2017/yr,2045,129.357
OECD ENV-Growth 2025,SSP2,Uruguay,GDP|PPP,billion USD_2017/yr,2050,138.037
OECD ENV-Growth 2025,SSP2,Uzbekistan,GDP|PPP,billion USD_2017/yr,2025,337.873
OECD ENV-Growth 2025,SSP2,Uzbekistan,GDP|PPP,billion USD_2017/yr,2030,440.974
OECD ENV-Growth 2025,SSP2,Uzbekistan,GDP|PPP,billion USD_2017/yr,2035,559.538
OECD ENV-Growth 2025,SSP2,Uzbekistan,GDP|PPP,billion USD_2017/yr,2040,685.054
OECD ENV-Growth 2025,SSP2,Uzbekistan,GDP|PPP,billion USD_2017/yr,2045,814.702
OECD ENV-Growth 2025,SSP2,Uzbekistan,GDP|PPP,billion USD_2017/yr,2050,950.704
OECD ENV-Growth 2025,SSP2,Vanuatu,GDP|PPP,billion USD_2017/yr,2025,0.850883
OECD ENV-Growth 2025,SSP2,Vanuatu,GDP|PPP,billion USD_2017/yr,2030,1.00143
OECD ENV-Growth 2025,SSP2,Vanuatu,GDP|PPP,billion USD_2017/yr,2035,1.30875
OECD ENV-Growth 2025,SSP2,Vanuatu,GDP|PPP,billion USD_2017/yr,2040,1.75641
OECD ENV-Growth 2025,SSP2,Vanuatu,GDP|PPP,billion USD_2017/yr,2045,2.39511
OECD ENV-Growth 2025,SSP2,Vanuatu,GDP|PPP,billion USD_2017/yr,2050,3.30495
OECD ENV-Growth 2025,SSP2,Viet Nam,GDP|PPP,billion USD_2017/yr,2025,1325.58
OECD ENV-Growth 2025,SSP2,Viet Nam,GDP|PPP,billion USD_2017/yr,2030,1843.06
OECD ENV-Growth 2025,SSP2,Viet Nam,GDP|PPP,billion USD_2017/yr,2035,2418.07
OECD ENV-Growth 2025,SSP2,Viet Nam,GDP|PPP,billion USD_2017/yr,2040,2955.99
OECD ENV-Growth 2025,SSP2,Viet Nam,GDP|PPP,billion USD_2017/yr,2045,3458.46
OECD ENV-Growth 2025,SSP2,Viet Nam,GDP|PPP,billion USD_2017/yr,2050,3929.58
OECD ENV-Growth 2025,SSP2,Western Sahara,GDP|PPP,billion USD_2017/yr,2025,1.14956
OECD ENV-Growth 2025,SSP2,Western Sahara,GDP|PPP,billion USD_2017/yr,2030,1.26889
OECD ENV-Growth 2025,SSP2,Western Sahara,GDP|PPP,billion USD_2017/yr,2035,1.48413
OECD ENV-Growth 2025,SSP2,Western Sahara,GDP|PPP,billion USD_2017/yr,2040,1.77516
OECD ENV-Growth 2025,SSP2,Western Sahara,GDP|PPP,billion USD_2017/yr,2045,2.1527
OECD ENV-Growth 2025,SSP2,Western Sahara,GDP|PPP,billion USD_2017/yr,2050,2.64181
OECD ENV-Growth 2025,SSP2,World,GDP|PPP,billion USD_2017/yr,2025,151744.194958633
OECD ENV-Growth 2025,SSP2,World,GDP|PPP,billion USD_2017/yr,2030,176786.2359747029
OECD ENV-Growth 2025,SSP2,World,GDP|PPP,billion USD_2017/yr,2035,202885.5962358642
OECD ENV-Growth 2025,SSP2,World,GDP|PPP,billion USD_2017/yr,2040,229190.0208098051
OECD ENV-Growth 2025,SSP2,World,GDP|PPP,billion USD_2017/yr,2045,256811.1478216767
OECD ENV-Growth 2025,SSP2,World,GDP|PPP,billion USD_2017/yr,2050,285818.032283265
OECD ENV-Growth 2025,SSP2,Yemen,GDP|PPP,billion USD_2017/yr,2025,62.3754
OECD ENV-Growth 2025,SSP2,Yemen,GDP|PPP,billion USD_2017/yr,2030,82.5068
OECD ENV-Growth 2025,SSP2,Yemen,GDP|PPP,billion USD_2017/yr,2035,108.889
OECD ENV-Growth 2025,SSP2,Yemen,GDP|PPP,billion USD_2017/yr,2040,146.086
OECD ENV-Growth 2025,SSP2,Yemen,GDP|PPP,billion USD_2017/yr,2045,196.117
OECD ENV-Growth 2025,SSP2,Yemen,GDP|PPP,billion USD_2017/yr,2050,260.447
OECD ENV-Growth 2025,SSP2,Zambia,GDP|PPP,billion USD_2017/yr,2025,74.5033
OECD ENV-Growth 2025,SSP2,Zambia,GDP|PPP,billion USD_2017/yr,2030,95.725
OECD ENV-Growth 2025,SSP2,Zambia,GDP|PPP,billion USD_2017/yr,2035,123.108
OECD ENV-Growth 2025,SSP2,Zambia,GDP|PPP,billion USD_2017/yr,2040,155.181
OECD ENV-Growth 2025,SSP2,Zambia,GDP|PPP,billion USD_2017/yr,2045,193.852
OECD ENV-Growth 2025,SSP2,Zambia,GDP|PPP,billion USD_2017/yr,2050,240.842
OECD ENV-Growth 2025,SSP2,Zimbabwe,GDP|PPP,billion USD_2017/yr,2025,38.936
OECD ENV-Growth 2025,SSP2,Zimbabwe,GDP|PPP,billion USD_2017/yr,2030,46.2395
OECD ENV-Growth 2025,SSP2,Zimbabwe,GDP|PPP,billion USD_2017/yr,2035,56.3441
OECD ENV-Growth 2025,SSP2,Zimbabwe,GDP|PPP,billion USD_2017/yr,2040,66.9276
OECD ENV-Growth 2025,SSP2,Zimbabwe,GDP|PPP,billion USD_2017/yr,2045,78.4341
OECD ENV-Growth 2025,SSP2,Zimbabwe,GDP|PPP,billion USD_2017/yr,2050,91.4016
IIASA-WiC POP 2025,SSP2,Afghanistan,Population,million,2025,44.16620500000001
IIASA-WiC POP 2025,SSP2,Afghanistan,Population,million,2030,50.404898
IIASA-WiC POP 2025,SSP2,Afghanistan,Population,million,2035,56.79468600000001
IIASA-WiC POP 2025,SSP2,Afghanistan,Population,million,2040,63.205115
IIASA-WiC POP 2025,SSP2,Afghanistan,Population,million,2045,69.52080499999991
IIASA-WiC POP 2025,SSP2,Afghanistan,Population,million,2050,75.62951700000009
IIASA-WiC POP 2025,SSP2,Africa (R10),Population,million,2025,1511.33019
IIASA-WiC POP 2025,SSP2,Africa (R10),Population,million,2030,1688.217823
IIASA-WiC POP 2025,SSP2,Africa (R10),Population,million,2035,1871.221237
IIASA-WiC POP 2025,SSP2,Africa (R10),Population,million,2040,2057.98956
IIASA-WiC POP 2025,SSP2,Africa (R10),Population,million,2045,2245.189696
IIASA-WiC POP 2025,SSP2,Africa (R10),Population,million,2050,2429.161397
IIASA-WiC POP 2025,SSP2,Albania,Population,million,2025,2.793087
IIASA-WiC POP 2025,SSP2,Albania,Population,million,2030,2.71576
IIASA-WiC POP 2025,SSP2,Albania,Population,million,2035,2.616294
IIASA-WiC POP 2025,SSP2,Albania,Population,million,2040,2.504241
IIASA-WiC POP 2025,SSP2,Albania,Population,million,2045,2.38716
IIASA-WiC POP 2025,SSP2,Albania,Population,million,2050,2.269995
IIASA-WiC POP 2025,SSP2,Algeria,Population,million,2025,46.733889
IIASA-WiC POP 2025,SSP2,Algeria,Population,million,2030,49.868402
IIASA-WiC POP 2025,SSP2,Algeria,Population,million,2035,52.623291
IIASA-WiC POP 2025,SSP2,Algeria,Population,million,2040,55.230273
IIASA-WiC POP 2025,SSP2,Algeria,Population,million,2045,57.750149
IIASA-WiC POP 2025,SSP2,Algeria,Population,million,2050,60.092807
IIASA-WiC POP 2025,SSP2,Angola,Population,million,2025,38.360074
IIASA-WiC POP 2025,SSP2,Angola,Population,million,2030,44.111332
IIASA-WiC POP 2025,SSP2,Angola,Population,million,2035,50.168419
IIASA-WiC POP 2025,SSP2,Angola,Population,million,2040,56.45312000000001
IIASA-WiC POP 2025,SSP2,Angola,Population,million,2045,62.76542
IIASA-WiC POP 2025,SSP2,Angola,Population,million,2050,69.004102
IIASA-WiC POP 2025,SSP2,Antigua and Barbuda,Population,million,2025,0.095485
IIASA-WiC POP 2025,SSP2,Antigua and Barbuda,Population,million,2030,0.09816799999999991
IIASA-WiC POP 2025,SSP2,Antigua and Barbuda,Population,million,2035,0.1004
IIASA-WiC POP 2025,SSP2,Antigua and Barbuda,Population,million,2040,0.102107
IIASA-WiC POP 2025,SSP2,Antigua and Barbuda,Population,million,2045,0.103252
IIASA-WiC POP 2025,SSP2,Antigua and Barbuda,Population,million,2050,0.103921
IIASA-WiC POP 2025,SSP2,Argentina,Population,million,2025,46.045355
IIASA-WiC POP 2025,SSP2,Argentina,Population,million,2030,47.23267300000001
IIASA-WiC POP 2025,SSP2,Argentina,Population,million,2035,48.326453
IIASA-WiC POP 2025,SSP2,Argentina,Population,million,2040,49.306325
IIASA-WiC POP 2025,SSP2,Argentina,Population,million,2045,50.12319400000001
IIASA-WiC POP 2025,SSP2,Argentina,Population,million,2050,50.76405200000001
IIASA-WiC POP 2025,SSP2,Armenia,Population,million,2025,2.762253
IIASA-WiC POP 2025,SSP2,Armenia,Population,million,2030,2.719485
IIASA-WiC POP 2025,SSP2,Armenia,Population,million,2035,2.666604
IIASA-WiC POP 2025,SSP2,Armenia,Population,million,2040,2.613293
IIASA-WiC POP 2025,SSP2,Armenia,Population,million,2045,2.563119
IIASA-WiC POP 2025,SSP2,Armenia,Population,million,2050,2.513745
IIASA-WiC POP 2025,SSP2,Aruba,Population,million,2025,0.1088
IIASA-WiC POP 2025,SSP2,Aruba,Population,million,2030,0.111126
IIASA-WiC POP 2025,SSP2,Aruba,Population,million,2035,0.113363
IIASA-WiC POP 2025,SSP2,Aruba,Population,million,2040,0.115545
IIASA-WiC POP 2025,SSP2,Aruba,Population,million,2045,0.117614
IIASA-WiC POP 2025,SSP2,Aruba,Population,million,2050,0.119487
IIASA-WiC POP 2025,SSP2,Asia (R5),Population,million,2025,4216.475747
IIASA-WiC POP 2025,SSP2,Asia (R5),Population,million,2030,4329.99133
IIASA-WiC POP 2025,SSP2,Asia (R5),Population,million,2035,4419.114528
IIASA-WiC POP 2025,SSP2,Asia (R5),Population,million,2040,4483.84892
IIASA-WiC POP 2025,SSP2,Asia (R5),Population,million,2045,4521.775933
IIASA-WiC POP 2025,SSP2,Asia (R5),Population,million,2050,4531.928889
IIASA-WiC POP 2025,SSP2,Australia,Population,million,2025,26.559259
IIASA-WiC POP 2025,SSP2,Australia,Population,million,2030,27.538454
IIASA-WiC POP 2025,SSP2,Australia,Population,million,2035,28.449554
IIASA-WiC POP 2025,SSP2,Australia,Population,million,2040,29.31123
IIASA-WiC POP 2025,SSP2,Australia,Population,million,2045,30.162385
IIASA-WiC POP 2025,SSP2,Australia,Population,million,2050,31.02957
IIASA-WiC POP 2025,SSP2,Austria,Population,million,2025,9.044223000000011
IIASA-WiC POP 2025,SSP2,Austria,Population,million,2030,9.10496000000001
IIASA-WiC POP 2025,SSP2,Austria,Population,million,2035,9.150989
IIASA-WiC POP 2025,SSP2,Austria,Population,million,2040,9.18942
IIASA-WiC POP 2025,SSP2,Austria,Population,million,2045,9.230788
IIASA-WiC POP 2025,SSP2,Austria,Population,million,2050,9.267935
IIASA-WiC POP 2025,SSP2,Azerbaijan,Population,million,2025,10.492942
IIASA-WiC POP 2025,SSP2,Azerbaijan,Population,million,2030,10.730317
IIASA-WiC POP 2025,SSP2,Azerbaijan,Population,million,2035,10.945605
IIASA-WiC POP 2025,SSP2,Azerbaijan,Population,million,2040,11.106106
IIASA-WiC POP 2025,SSP2,Azerbaijan,Population,million,2045,11.178221
IIASA-WiC POP 2025,SSP2,Azerbaijan,Population,million,2050,11.173076
IIASA-WiC POP 2025,SSP2,Bahamas,Population,million,2025,0.415502
IIASA-WiC POP 2025,SSP2,Bahamas,Population,million,2030,0.425291
IIASA-WiC POP 2025,SSP2,Bahamas,Population,million,2035,0.433818
IIASA-WiC POP 2025,SSP2,Bahamas,Population,million,2040,0.440313
IIASA-WiC POP 2025,SSP2,Bahamas,Population,million,2045,0.444626
IIASA-WiC POP 2025,SSP2,Bahamas,Population,million,2050,0.44698
IIASA-WiC POP 2025,SSP2,Bahrain,Population,million,2025,1.624196
IIASA-WiC POP 2025,SSP2,Bahrain,Population,million,2030,1.7446
IIASA-WiC POP 2025,SSP2,Bahrain,Population,million,2035,1.856733
IIASA-WiC POP 2025,SSP2,Bahrain,Population,million,2040,1.963182
IIASA-WiC POP 2025,SSP2,Bahrain,Population,million,2045,2.062126
IIASA-WiC POP 2025,SSP2,Bahrain,Population,million,2050,2.150258
IIASA-WiC POP 2025,SSP2,Bangladesh,Population,million,2025,175.53052
IIASA-WiC POP 2025,SSP2,Bangladesh,Population,million,2030,183.379034
IIASA-WiC POP 2025,SSP2,Bangladesh,Population,million,2035,189.557256
IIASA-WiC POP 2025,SSP2,Bangladesh,Population,million,2040,194.17533
IIASA-WiC POP 2025,SSP2,Bangladesh,Population,million,2045,197.367556
IIASA-WiC POP 2025,SSP2,Bangladesh,Population,million,2050,199.30763
IIASA-WiC POP 2025,SSP2,Barbados,Population,million,2025,0.282601
IIASA-WiC POP 2025,SSP2,Barbados,Population,million,2030,0.284133
IIASA-WiC POP 2025,SSP2,Barbados,Population,million,2035,0.284686
IIASA-WiC POP 2025,SSP2,Barbados,Population,million,2040,0.284119
IIASA-WiC POP 2025,SSP2,Barbados,Population,million,2045,0.282676
IIASA-WiC POP 2025,SSP2,Barbados,Population,million,2050,0.280557
IIASA-WiC POP 2025,SSP2,Belarus,Population,million,2025,9.39459999999999
IIASA-WiC POP 2025,SSP2,Belarus,Population,million,2030,9.219073
IIASA-WiC POP 2025,SSP2,Belarus,Population,million,2035,9.052640000000011
IIASA-WiC POP 2025,SSP2,Belarus,Population,million,2040,8.90578099999999
IIASA-WiC POP 2025,SSP2,Belarus,Population,million,2045,8.78022500000001
IIASA-WiC POP 2025,SSP2,Belarus,Population,million,2050,8.661805000000001
IIASA-WiC POP 2025,SSP2,Belgium,Population,million,2025,11.692354
IIASA-WiC POP 2025,SSP2,Belgium,Population,million,2030,11.810999
IIASA-WiC POP 2025,SSP2,Belgium,Population,million,2035,11.936622
IIASA-WiC POP 2025,SSP2,Belgium,Population,million,2040,12.070333
IIASA-WiC POP 2025,SSP2,Belgium,Population,million,2045,12.205234
IIASA-WiC POP 2025,SSP2,Belgium,Population,million,2050,12.337609
IIASA-WiC POP 2025,SSP2,Belize,Population,million,2025,0.423846
IIASA-WiC POP 2025,SSP2,Belize,Population,million,2030,0.454772
IIASA-WiC POP 2025,SSP2,Belize,Population,million,2035,0.482488
IIASA-WiC POP 2025,SSP2,Belize,Population,million,2040,0.506762
IIASA-WiC POP 2025,SSP2,Belize,Population,million,2045,0.5284070000000001
IIASA-WiC POP 2025,SSP2,Belize,Population,million,2050,0.547826
IIASA-WiC POP 2025,SSP2,Benin,Population,million,2025,14.28294
IIASA-WiC POP 2025,SSP2,Benin,Population,million,2030,16.189478
IIASA-WiC POP 2025,SSP2,Benin,Population,million,2035,18.151696
IIASA-WiC POP 2025,SSP2,Benin,Population,million,2040,20.153844
IIASA-WiC POP 2025,SSP2,Benin,Population,million,2045,22.154872
IIASA-WiC POP 2025,SSP2,Benin,Population,million,2050,24.129548
IIASA-WiC POP 2025,SSP2,Bhutan,Population,million,2025,0.797744
IIASA-WiC POP 2025,SSP2,Bhutan,Population,million,2030,0.8228780000000001
IIASA-WiC POP 2025,SSP2,Bhutan,Population,million,2035,0.843781
IIASA-WiC POP 2025,SSP2,Bhutan,Population,million,2040,0.859476
IIASA-WiC POP 2025,SSP2,Bhutan,Population,million,2045,0.869099999999999
IIASA-WiC POP 2025,SSP2,Bhutan,Population,million,2050,0.872703
IIASA-WiC POP 2025,SSP2,Bolivia,Population,million,2025,12.620088
IIASA-WiC POP 2025,SSP2,Bolivia,Population,million,2030,13.442415
IIASA-WiC POP 2025,SSP2,Bolivia,Population,million,2035,14.20986
IIASA-WiC POP 2025,SSP2,Bolivia,Population,million,2040,14.888473
IIASA-WiC POP 2025,SSP2,Bolivia,Population,million,2045,15.480678
IIASA-WiC POP 2025,SSP2,Bolivia,Population,million,2050,15.962025
IIASA-WiC POP 2025,SSP2,Bosnia and Herzegovina,Population,million,2025,3.181
IIASA-WiC POP 2025,SSP2,Bosnia and Herzegovina,Population,million,2030,3.063396
IIASA-WiC POP 2025,SSP2,Bosnia and Herzegovina,Population,million,2035,2.937883
IIASA-WiC POP 2025,SSP2,Bosnia and Herzegovina,Population,million,2040,2.807735
IIASA-WiC POP 2025,SSP2,Bosnia and Herzegovina,Population,million,2045,2.678244
IIASA-WiC POP 2025,SSP2,Bosnia and Herzegovina,Population,million,2050,2.553582
IIASA-WiC POP 2025,SSP2,Botswana,Population,million,2025,2.7334
IIASA-WiC POP 2025,SSP2,Botswana,Population,million,2030,2.932271
IIASA-WiC POP 2025,SSP2,Botswana,Population,million,2035,3.115001
IIASA-WiC POP 2025,SSP2,Botswana,Population,million,2040,3.276953
IIASA-WiC POP 2025,SSP2,Botswana,Population,million,2045,3.415313
IIASA-WiC POP 2025,SSP2,Botswana,Population,million,2050,3.521001
IIASA-WiC POP 2025,SSP2,Brazil,Population,million,2025,217.546263
IIASA-WiC POP 2025,SSP2,Brazil,Population,million,2030,222.202702
IIASA-WiC POP 2025,SSP2,Brazil,Population,million,2035,225.638046
IIASA-WiC POP 2025,SSP2,Brazil,Population,million,2040,227.778572
IIASA-WiC POP 2025,SSP2,Brazil,Population,million,2045,228.511707
IIASA-WiC POP 2025,SSP2,Brazil,Population,million,2050,228.019021
IIASA-WiC POP 2025,SSP2,Brunei Darussalam,Population,million,2025,0.461429
IIASA-WiC POP 2025,SSP2,Brunei Darussalam,Population,million,2030,0.480438
IIASA-WiC POP 2025,SSP2,Brunei Darussalam,Population,million,2035,0.497018
IIASA-WiC POP 2025,SSP2,Brunei Darussalam,Population,million,2040,0.511413
IIASA-WiC POP 2025,SSP2,Brunei Darussalam,Population,million,2045,0.523616
IIASA-WiC POP 2025,SSP2,Brunei Darussalam,Population,million,2050,0.533407999999999
IIASA-WiC POP 2025,SSP2,Bulgaria,Population,million,2025,6.67825200000001
IIASA-WiC POP 2025,SSP2,Bulgaria,Population,million,2030,6.424437
IIASA-WiC POP 2025,SSP2,Bulgaria,Population,million,2035,6.183804
IIASA-WiC POP 2025,SSP2,Bulgaria,Population,million,2040,5.958433
IIASA-WiC POP 2025,SSP2,Bulgaria,Population,million,2045,5.74976499999999
IIASA-WiC POP 2025,SSP2,Bulgaria,Population,million,2050,5.560353
IIASA-WiC POP 2025,SSP2,Burkina Faso,Population,million,2025,24.191297
IIASA-WiC POP 2025,SSP2,Burkina Faso,Population,million,2030,27.355589
IIASA-WiC POP 2025,SSP2,Burkina Faso,Population,million,2035,30.683232
IIASA-WiC POP 2025,SSP2,Burkina Faso,Population,million,2040,34.13178
IIASA-WiC POP 2025,SSP2,Burkina Faso,Population,million,2045,37.6027919999999
IIASA-WiC POP 2025,SSP2,Burkina Faso,Population,million,2050,40.99897
IIASA-WiC POP 2025,SSP2,Burundi,Population,million,2025,13.674842
IIASA-WiC POP 2025,SSP2,Burundi,Population,million,2030,15.345204
IIASA-WiC POP 2025,SSP2,Burundi,Population,million,2035,17.091247
IIASA-WiC POP 2025,SSP2,Burundi,Population,million,2040,18.881577
IIASA-WiC POP 2025,SSP2,Burundi,Population,million,2045,20.640486
IIASA-WiC POP 2025,SSP2,Burundi,Population,million,2050,22.306537
IIASA-WiC POP 2025,SSP2,Cabo Verde,Population,million,2025,0.6081150000000001
IIASA-WiC POP 2025,SSP2,Cabo Verde,Population,million,2030,0.6342150000000001
IIASA-WiC POP 2025,SSP2,Cabo Verde,Population,million,2035,0.6554690000000001
IIASA-WiC POP 2025,SSP2,Cabo Verde,Population,million,2040,0.672705999999999
IIASA-WiC POP 2025,SSP2,Cabo Verde,Population,million,2045,0.685556999999999
IIASA-WiC POP 2025,SSP2,Cabo Verde,Population,million,2050,0.6941710000000001
IIASA-WiC POP 2025,SSP2,Cambodia,Population,million,2025,17.300953
IIASA-WiC POP 2025,SSP2,Cambodia,Population,million,2030,18.19908
IIASA-WiC POP 2025,SSP2,Cambodia,Population,million,2035,18.979536
IIASA-WiC POP 2025,SSP2,Cambodia,Population,million,2040,19.619666
IIASA-WiC POP 2025,SSP2,Cambodia,Population,million,2045,20.079646
IIASA-WiC POP 2025,SSP2,Cambodia,Population,million,2050,20.397549
IIASA-WiC POP 2025,SSP2,Cameroon,Population,million,2025,29.624897
IIASA-WiC POP 2025,SSP2,Cameroon,Population,million,2030,33.20158
IIASA-WiC POP 2025,SSP2,Cameroon,Population,million,2035,36.783255
IIASA-WiC POP 2025,SSP2,Cameroon,Population,million,2040,40.3259659999999
IIASA-WiC POP 2025,SSP2,Cameroon,Population,million,2045,43.796998
IIASA-WiC POP 2025,SSP2,Cameroon,Population,million,2050,47.106459
IIASA-WiC POP 2025,SSP2,Canada,Population,million,2025,38.636151
IIASA-WiC POP 2025,SSP2,Canada,Population,million,2030,39.42825
IIASA-WiC POP 2025,SSP2,Canada,Population,million,2035,40.16366000000001
IIASA-WiC POP 2025,SSP2,Canada,Population,million,2040,40.833279
IIASA-WiC POP 2025,SSP2,Canada,Population,million,2045,41.468949
IIASA-WiC POP 2025,SSP2,Canada,Population,million,2050,42.129846
IIASA-WiC POP 2025,SSP2,Central African Republic,Population,million,2025,6.099845
IIASA-WiC POP 2025,SSP2,Central African Republic,Population,million,2030,7.04041100000001
IIASA-WiC POP 2025,SSP2,Central African Republic,Population,million,2035,8.039984
IIASA-WiC POP 2025,SSP2,Central African Republic,Population,million,2040,9.057122
IIASA-WiC POP 2025,SSP2,Central African Republic,Population,million,2045,10.072094
IIASA-WiC POP 2025,SSP2,Central African Republic,Population,million,2050,11.084846
IIASA-WiC POP 2025,SSP2,Chad,Population,million,2025,19.219191
IIASA-WiC POP 2025,SSP2,Chad,Population,million,2030,22.315991
IIASA-WiC POP 2025,SSP2,Chad,Population,million,2035,25.672285
IIASA-WiC POP 2025,SSP2,Chad,Population,million,2040,29.237495
IIASA-WiC POP 2025,SSP2,Chad,Population,million,2045,32.901812
IIASA-WiC POP 2025,SSP2,Chad,Population,million,2050,36.613954
IIASA-WiC POP 2025,SSP2,Chile,Population,million,2025,19.581699
IIASA-WiC POP 2025,SSP2,Chile,Population,million,2030,19.951504
IIASA-WiC POP 2025,SSP2,Chile,Population,million,2035,20.229859
IIASA-WiC POP 2025,SSP2,Chile,Population,million,2040,20.399154
IIASA-WiC POP 2025,SSP2,Chile,Population,million,2045,20.463541
IIASA-WiC POP 2025,SSP2,Chile,Population,million,2050,20.446031
IIASA-WiC POP 2025,SSP2,China,Population,million,2025,1426.368117
IIASA-WiC POP 2025,SSP2,China,Population,million,2030,1416.2883
IIASA-WiC POP 2025,SSP2,China,Population,million,2035,1398.752831
IIASA-WiC POP 2025,SSP2,China,Population,million,2040,1375.470594
IIASA-WiC POP 2025,SSP2,China,Population,million,2045,1345.026235
IIASA-WiC POP 2025,SSP2,China,Population,million,2050,1305.494312
IIASA-WiC POP 2025,SSP2,China (R9),Population,million,2025,1434.602655
IIASA-WiC POP 2025,SSP2,China (R9),Population,million,2030,1424.559568
IIASA-WiC POP 2025,SSP2,China (R9),Population,million,2035,1407.028044
IIASA-WiC POP 2025,SSP2,China (R9),Population,million,2040,1383.730514
IIASA-WiC POP 2025,SSP2,China (R9),Population,million,2045,1353.263689
IIASA-WiC POP 2025,SSP2,China (R9),Population,million,2050,1313.721942
IIASA-WiC POP 2025,SSP2,China+ (R10),Population,million,2025,1516.021663
IIASA-WiC POP 2025,SSP2,China+ (R10),Population,million,2030,1505.796288
IIASA-WiC POP 2025,SSP2,China+ (R10),Population,million,2035,1487.583421
IIASA-WiC POP 2025,SSP2,China+ (R10),Population,million,2040,1463.16212
IIASA-WiC POP 2025,SSP2,China+ (R10),Population,million,2045,1431.191713
IIASA-WiC POP 2025,SSP2,China+ (R10),Population,million,2050,1389.931134
IIASA-WiC POP 2025,SSP2,Colombia,Population,million,2025,52.41844200000001
IIASA-WiC POP 2025,SSP2,Colombia,Population,million,2030,54.19397
IIASA-WiC POP 2025,SSP2,Colombia,Population,million,2035,55.598629
IIASA-WiC POP 2025,SSP2,Colombia,Population,million,2040,56.627229
IIASA-WiC POP 2025,SSP2,Colombia,Population,million,2045,57.268556
IIASA-WiC POP 2025,SSP2,Colombia,Population,million,2050,57.57911099999991
IIASA-WiC POP 2025,SSP2,Comoros,Population,million,2025,0.880919
IIASA-WiC POP 2025,SSP2,Comoros,Population,million,2030,0.963388999999999
IIASA-WiC POP 2025,SSP2,Comoros,Population,million,2035,1.043447
IIASA-WiC POP 2025,SSP2,Comoros,Population,million,2040,1.121012
IIASA-WiC POP 2025,SSP2,Comoros,Population,million,2045,1.194963
IIASA-WiC POP 2025,SSP2,Comoros,Population,million,2050,1.2637
IIASA-WiC POP 2025,SSP2,Congo,Population,million,2025,6.343255
IIASA-WiC POP 2025,SSP2,Congo,Population,million,2030,7.073607
IIASA-WiC POP 2025,SSP2,Congo,Population,million,2035,7.820291
IIASA-WiC POP 2025,SSP2,Congo,Population,million,2040,8.561846
IIASA-WiC POP 2025,SSP2,Congo,Population,million,2045,9.27572700000001
IIASA-WiC POP 2025,SSP2,Congo,Population,million,2050,9.95229799999999
IIASA-WiC POP 2025,SSP2,Costa Rica,Population,million,2025,5.256994
IIASA-WiC POP 2025,SSP2,Costa Rica,Population,million,2030,5.40981300000001
IIASA-WiC POP 2025,SSP2,Costa Rica,Population,million,2035,5.539
IIASA-WiC POP 2025,SSP2,Costa Rica,Population,million,2040,5.641293
IIASA-WiC POP 2025,SSP2,Costa Rica,Population,million,2045,5.713999
IIASA-WiC POP 2025,SSP2,Costa Rica,Population,million,2050,5.753852
IIASA-WiC POP 2025,SSP2,Croatia,Population,million,2025,3.980758
IIASA-WiC POP 2025,SSP2,Croatia,Population,million,2030,3.848844
IIASA-WiC POP 2025,SSP2,Croatia,Population,million,2035,3.72408
IIASA-WiC POP 2025,SSP2,Croatia,Population,million,2040,3.605436
IIASA-WiC POP 2025,SSP2,Croatia,Population,million,2045,3.494705
IIASA-WiC POP 2025,SSP2,Croatia,Population,million,2050,3.393445
IIASA-WiC POP 2025,SSP2,Cuba,Population,million,2025,11.211281
IIASA-WiC POP 2025,SSP2,Cuba,Population,million,2030,11.144802
IIASA-WiC POP 2025,SSP2,Cuba,Population,million,2035,11.036291
IIASA-WiC POP 2025,SSP2,Cuba,Population,million,2040,10.889173
IIASA-WiC POP 2025,SSP2,Cuba,Population,million,2045,10.69919
IIASA-WiC POP 2025,SSP2,Cuba,Population,million,2050,10.473166
IIASA-WiC POP 2025,SSP2,Curaçao,Population,million,2025,0.19498
IIASA-WiC POP 2025,SSP2,Curaçao,Population,million,2030,0.201431
IIASA-WiC POP 2025,SSP2,Curaçao,Population,million,2035,0.207505
IIASA-WiC POP 2025,SSP2,Curaçao,Population,million,2040,0.213146
IIASA-WiC POP 2025,SSP2,Curaçao,Population,million,2045,0.218431
IIASA-WiC POP 2025,SSP2,Curaçao,Population,million,2050,0.223496
IIASA-WiC POP 2025,SSP2,Cyprus,Population,million,2025,1.284492
IIASA-WiC POP 2025,SSP2,Cyprus,Population,million,2030,1.315415
IIASA-WiC POP 2025,SSP2,Cyprus,Population,million,2035,1.342106
IIASA-WiC POP 2025,SSP2,Cyprus,Population,million,2040,1.367768
IIASA-WiC POP 2025,SSP2,Cyprus,Population,million,2045,1.394051
IIASA-WiC POP 2025,SSP2,Cyprus,Population,million,2050,1.420726
IIASA-WiC POP 2025,SSP2,Czechia,Population,million,2025,10.851138
IIASA-WiC POP 2025,SSP2,Czechia,Population,million,2030,10.713612
IIASA-WiC POP 2025,SSP2,Czechia,Population,million,2035,10.558383
IIASA-WiC POP 2025,SSP2,Czechia,Population,million,2040,10.422343
IIASA-WiC POP 2025,SSP2,Czechia,Population,million,2045,10.323083
IIASA-WiC POP 2025,SSP2,Czechia,Population,million,2050,10.25188
IIASA-WiC POP 2025,SSP2,Côte d'Ivoire,Population,million,2025,29.762711
IIASA-WiC POP 2025,SSP2,Côte d'Ivoire,Population,million,2030,33.081148
IIASA-WiC POP 2025,SSP2,Côte d'Ivoire,Population,million,2035,36.37045
IIASA-WiC POP 2025,SSP2,Côte d'Ivoire,Population,million,2040,39.549567
IIASA-WiC POP 2025,SSP2,Côte d'Ivoire,Population,million,2045,42.561807
IIASA-WiC POP 2025,SSP2,Côte d'Ivoire,Population,million,2050,45.341135
IIASA-WiC POP 2025,SSP2,Democratic Republic of the Congo,Population,million,2025,107.546464
IIASA-WiC POP 2025,SSP2,Democratic Republic of the Congo,Population,million,2030,125.553895
IIASA-WiC POP 2025,SSP2,Democratic Republic of the Congo,Population,million,2035,144.880945
IIASA-WiC POP 2025,SSP2,Democratic Republic of the Congo,Population,million,2040,165.366723
IIASA-WiC POP 2025,SSP2,Democratic Republic of the Congo,Population,million,2045,186.699283
IIASA-WiC POP 2025,SSP2,Democratic Republic of the Congo,Population,million,2050,208.432325
IIASA-WiC POP 2025,SSP2,Denmark,Population,million,2025,5.903302
IIASA-WiC POP 2025,SSP2,Denmark,Population,million,2030,5.965375
IIASA-WiC POP 2025,SSP2,Denmark,Population,million,2035,6.019839
IIASA-WiC POP 2025,SSP2,Denmark,Population,million,2040,6.066419
IIASA-WiC POP 2025,SSP2,Denmark,Population,million,2045,6.112550000000001
IIASA-WiC POP 2025,SSP2,Denmark,Population,million,2050,6.170431
IIASA-WiC POP 2025,SSP2,Djibouti,Population,million,2025,1.154103
IIASA-WiC POP 2025,SSP2,Djibouti,Population,million,2030,1.223793
IIASA-WiC POP 2025,SSP2,Djibouti,Population,million,2035,1.288532
IIASA-WiC POP 2025,SSP2,Djibouti,Population,million,2040,1.345821
IIASA-WiC POP 2025,SSP2,Djibouti,Population,million,2045,1.39413
IIASA-WiC POP 2025,SSP2,Djibouti,Population,million,2050,1.429788
IIASA-WiC POP 2025,SSP2,Dominican Republic,Population,million,2025,11.537089
IIASA-WiC POP 2025,SSP2,Dominican Republic,Population,million,2030,12.066848
IIASA-WiC POP 2025,SSP2,Dominican Republic,Population,million,2035,12.519517
IIASA-WiC POP 2025,SSP2,Dominican Republic,Population,million,2040,12.87697
IIASA-WiC POP 2025,SSP2,Dominican Republic,Population,million,2045,13.144531
IIASA-WiC POP 2025,SSP2,Dominican Republic,Population,million,2050,13.341377
IIASA-WiC POP 2025,SSP2,Ecuador,Population,million,2025,18.413986
IIASA-WiC POP 2025,SSP2,Ecuador,Population,million,2030,19.312216
IIASA-WiC POP 2025,SSP2,Ecuador,Population,million,2035,20.080505
IIASA-WiC POP 2025,SSP2,Ecuador,Population,million,2040,20.702594
IIASA-WiC POP 2025,SSP2,Ecuador,Population,million,2045,21.208262
IIASA-WiC POP 2025,SSP2,Ecuador,Population,million,2050,21.607307
IIASA-WiC POP 2025,SSP2,Egypt,Population,million,2025,116.004863
IIASA-WiC POP 2025,SSP2,Egypt,Population,million,2030,125.574135
IIASA-WiC POP 2025,SSP2,Egypt,Population,million,2035,135.246249
IIASA-WiC POP 2025,SSP2,Egypt,Population,million,2040,145.026826
IIASA-WiC POP 2025,SSP2,Egypt,Population,million,2045,154.449783
IIASA-WiC POP 2025,SSP2,Egypt,Population,million,2050,163.104711
IIASA-WiC POP 2025,SSP2,El Salvador,Population,million,2025,6.373113999999999
IIASA-WiC POP 2025,SSP2,El Salvador,Population,million,2030,6.452383
IIASA-WiC POP 2025,SSP2,El Salvador,Population,million,2035,6.48743300000001
IIASA-WiC POP 2025,SSP2,El Salvador,Population,million,2040,6.482212000000001
IIASA-WiC POP 2025,SSP2,El Salvador,Population,million,2045,6.443833
IIASA-WiC POP 2025,SSP2,El Salvador,Population,million,2050,6.374359
IIASA-WiC POP 2025,SSP2,Equatorial Guinea,Population,million,2025,1.790756
IIASA-WiC POP 2025,SSP2,Equatorial Guinea,Population,million,2030,2.009195
IIASA-WiC POP 2025,SSP2,Equatorial Guinea,Population,million,2035,2.231483
IIASA-WiC POP 2025,SSP2,Equatorial Guinea,Population,million,2040,2.453326
IIASA-WiC POP 2025,SSP2,Equatorial Guinea,Population,million,2045,2.670795
IIASA-WiC POP 2025,SSP2,Equatorial Guinea,Population,million,2050,2.879336
IIASA-WiC POP 2025,SSP2,Eritrea,Population,million,2025,3.85609
IIASA-WiC POP 2025,SSP2,Eritrea,Population,million,2030,4.21101400000001
IIASA-WiC POP 2025,SSP2,Eritrea,Population,million,2035,4.561734
IIASA-WiC POP 2025,SSP2,Eritrea,Population,million,2040,4.884952
IIASA-WiC POP 2025,SSP2,Eritrea,Population,million,2045,5.164314999999999
IIASA-WiC POP 2025,SSP2,Eritrea,Population,million,2050,5.40203500000001
IIASA-WiC POP 2025,SSP2,Estonia,Population,million,2025,1.347628
IIASA-WiC POP 2025,SSP2,Estonia,Population,million,2030,1.312082
IIASA-WiC POP 2025,SSP2,Estonia,Population,million,2035,1.279865
IIASA-WiC POP 2025,SSP2,Estonia,Population,million,2040,1.253187
IIASA-WiC POP 2025,SSP2,Estonia,Population,million,2045,1.231975
IIASA-WiC POP 2025,SSP2,Estonia,Population,million,2050,1.214001
IIASA-WiC POP 2025,SSP2,Eswatini,Population,million,2025,1.230944
IIASA-WiC POP 2025,SSP2,Eswatini,Population,million,2030,1.28636
IIASA-WiC POP 2025,SSP2,Eswatini,Population,million,2035,1.33378
IIASA-WiC POP 2025,SSP2,Eswatini,Population,million,2040,1.371365
IIASA-WiC POP 2025,SSP2,Eswatini,Population,million,2045,1.398734
IIASA-WiC POP 2025,SSP2,Eswatini,Population,million,2050,1.413516
IIASA-WiC POP 2025,SSP2,Ethiopia,Population,million,2025,130.851847
IIASA-WiC POP 2025,SSP2,Ethiopia,Population,million,2030,146.757791
IIASA-WiC POP 2025,SSP2,Ethiopia,Population,million,2035,162.801993
IIASA-WiC POP 2025,SSP2,Ethiopia,Population,million,2040,178.59731
IIASA-WiC POP 2025,SSP2,Ethiopia,Population,million,2045,193.927322
IIASA-WiC POP 2025,SSP2,Ethiopia,Population,million,2050,208.775107
IIASA-WiC POP 2025,SSP2,Europe (R10),Population,million,2025,633.525503
IIASA-WiC POP 2025,SSP2,Europe (R10),Population,million,2030,634.9173480000001
IIASA-WiC POP 2025,SSP2,Europe (R10),Population,million,2035,635.858031
IIASA-WiC POP 2025,SSP2,Europe (R10),Population,million,2040,636.752108
IIASA-WiC POP 2025,SSP2,Europe (R10),Population,million,2045,637.507449
IIASA-WiC POP 2025,SSP2,Europe (R10),Population,million,2050,638.0131240000001
IIASA-WiC POP 2025,SSP2,European Union (R9),Population,million,2025,446.2266780000001
IIASA-WiC POP 2025,SSP2,European Union (R9),Population,million,2030,443.8412750000001
IIASA-WiC POP 2025,SSP2,European Union (R9),Population,million,2035,441.5833230000002
IIASA-WiC POP 2025,SSP2,European Union (R9),Population,million,2040,439.687362
IIASA-WiC POP 2025,SSP2,European Union (R9),Population,million,2045,438.062919
IIASA-WiC POP 2025,SSP2,European Union (R9),Population,million,2050,436.6459190000002
IIASA-WiC POP 2025,SSP2,Fiji,Population,million,2025,0.941961999999999
IIASA-WiC POP 2025,SSP2,Fiji,Population,million,2030,0.959551
IIASA-WiC POP 2025,SSP2,Fiji,Population,million,2035,0.970444999999999
IIASA-WiC POP 2025,SSP2,Fiji,Population,million,2040,0.9756939999999991
IIASA-WiC POP 2025,SSP2,Fiji,Population,million,2045,0.9745710000000001
IIASA-WiC POP 2025,SSP2,Fiji,Population,million,2050,0.967584
IIASA-WiC POP 2025,SSP2,Finland,Population,million,2025,5.536560000000001
IIASA-WiC POP 2025,SSP2,Finland,Population,million,2030,5.513914
IIASA-WiC POP 2025,SSP2,Finland,Population,million,2035,5.493351
IIASA-WiC POP 2025,SSP2,Finland,Population,million,2040,5.476464
IIASA-WiC POP 2025,SSP2,Finland,Population,million,2045,5.46549
IIASA-WiC POP 2025,SSP2,Finland,Population,million,2050,5.471331
IIASA-WiC POP 2025,SSP2,France,Population,million,2025,65.106109
IIASA-WiC POP 2025,SSP2,France,Population,million,2030,65.7692970000001
IIASA-WiC POP 2025,SSP2,France,Population,million,2035,66.51669700000001
IIASA-WiC POP 2025,SSP2,France,Population,million,2040,67.2983449999999
IIASA-WiC POP 2025,SSP2,France,Population,million,2045,67.996533
IIASA-WiC POP 2025,SSP2,France,Population,million,2050,68.59007000000001
IIASA-WiC POP 2025,SSP2,French Guiana,Population,million,2025,0.321887
IIASA-WiC POP 2025,SSP2,French Guiana,Population,million,2030,0.35544
IIASA-WiC POP 2025,SSP2,French Guiana,Population,million,2035,0.387971
IIASA-WiC POP 2025,SSP2,French Guiana,Population,million,2040,0.419108
IIASA-WiC POP 2025,SSP2,French Guiana,Population,million,2045,0.448545
IIASA-WiC POP 2025,SSP2,French Guiana,Population,million,2050,0.476426
IIASA-WiC POP 2025,SSP2,French Polynesia,Population,million,2025,0.310863
IIASA-WiC POP 2025,SSP2,French Polynesia,Population,million,2030,0.320157
IIASA-WiC POP 2025,SSP2,French Polynesia,Population,million,2035,0.327741
IIASA-WiC POP 2025,SSP2,French Polynesia,Population,million,2040,0.33352
IIASA-WiC POP 2025,SSP2,French Polynesia,Population,million,2045,0.337222
IIASA-WiC POP 2025,SSP2,French Polynesia,Population,million,2050,0.338900999999999
IIASA-WiC POP 2025,SSP2,Gabon,Population,million,2025,2.512271
IIASA-WiC POP 2025,SSP2,Gabon,Population,million,2030,2.749862
IIASA-WiC POP 2025,SSP2,Gabon,Population,million,2035,2.978193
IIASA-WiC POP 2025,SSP2,Gabon,Population,million,2040,3.197673
IIASA-WiC POP 2025,SSP2,Gabon,Population,million,2045,3.404698
IIASA-WiC POP 2025,SSP2,Gabon,Population,million,2050,3.593556
IIASA-WiC POP 2025,SSP2,Gambia,Population,million,2025,2.843788
IIASA-WiC POP 2025,SSP2,Gambia,Population,million,2030,3.162427
IIASA-WiC POP 2025,SSP2,Gambia,Population,million,2035,3.490007
IIASA-WiC POP 2025,SSP2,Gambia,Population,million,2040,3.8091
IIASA-WiC POP 2025,SSP2,Gambia,Population,million,2045,4.114249
IIASA-WiC POP 2025,SSP2,Gambia,Population,million,2050,4.394544
IIASA-WiC POP 2025,SSP2,Georgia,Population,million,2025,3.621957
IIASA-WiC POP 2025,SSP2,Georgia,Population,million,2030,3.467429
IIASA-WiC POP 2025,SSP2,Georgia,Population,million,2035,3.315151
IIASA-WiC POP 2025,SSP2,Georgia,Population,million,2040,3.176131
IIASA-WiC POP 2025,SSP2,Georgia,Population,million,2045,3.045625
IIASA-WiC POP 2025,SSP2,Georgia,Population,million,2050,2.917124
IIASA-WiC POP 2025,SSP2,Germany,Population,million,2025,83.5960050000001
IIASA-WiC POP 2025,SSP2,Germany,Population,million,2030,83.006542
IIASA-WiC POP 2025,SSP2,Germany,Population,million,2035,82.4103340000001
IIASA-WiC POP 2025,SSP2,Germany,Population,million,2040,81.872506
IIASA-WiC POP 2025,SSP2,Germany,Population,million,2045,81.404276
IIASA-WiC POP 2025,SSP2,Germany,Population,million,2050,80.93885700000011
IIASA-WiC POP 2025,SSP2,Ghana,Population,million,2025,35.282895
IIASA-WiC POP 2025,SSP2,Ghana,Population,million,2030,38.789223
IIASA-WiC POP 2025,SSP2,Ghana,Population,million,2035,42.313794
IIASA-WiC POP 2025,SSP2,Ghana,Population,million,2040,45.864375
IIASA-WiC POP 2025,SSP2,Ghana,Population,million,2045,49.376093
IIASA-WiC POP 2025,SSP2,Ghana,Population,million,2050,52.767513
IIASA-WiC POP 2025,SSP2,Greece,Population,million,2025,10.364011
IIASA-WiC POP 2025,SSP2,Greece,Population,million,2030,10.206515
IIASA-WiC POP 2025,SSP2,Greece,Population,million,2035,10.071939
IIASA-WiC POP 2025,SSP2,Greece,Population,million,2040,9.961801
IIASA-WiC POP 2025,SSP2,Greece,Population,million,2045,9.86571599999999
IIASA-WiC POP 2025,SSP2,Greece,Population,million,2050,9.776803000000012
IIASA-WiC POP 2025,SSP2,Grenada,Population,million,2025,0.126268
IIASA-WiC POP 2025,SSP2,Grenada,Population,million,2030,0.128263
IIASA-WiC POP 2025,SSP2,Grenada,Population,million,2035,0.129454
IIASA-WiC POP 2025,SSP2,Grenada,Population,million,2040,0.130436
IIASA-WiC POP 2025,SSP2,Grenada,Population,million,2045,0.131265
IIASA-WiC POP 2025,SSP2,Grenada,Population,million,2050,0.131701
IIASA-WiC POP 2025,SSP2,Guadeloupe,Population,million,2025,0.397751
IIASA-WiC POP 2025,SSP2,Guadeloupe,Population,million,2030,0.401035
IIASA-WiC POP 2025,SSP2,Guadeloupe,Population,million,2035,0.402417
IIASA-WiC POP 2025,SSP2,Guadeloupe,Population,million,2040,0.401939
IIASA-WiC POP 2025,SSP2,Guadeloupe,Population,million,2045,0.399242
IIASA-WiC POP 2025,SSP2,Guadeloupe,Population,million,2050,0.395241
IIASA-WiC POP 2025,SSP2,Guam,Population,million,2025,0.173227
IIASA-WiC POP 2025,SSP2,Guam,Population,million,2030,0.177625
IIASA-WiC POP 2025,SSP2,Guam,Population,million,2035,0.181505
IIASA-WiC POP 2025,SSP2,Guam,Population,million,2040,0.184405
IIASA-WiC POP 2025,SSP2,Guam,Population,million,2045,0.186273
IIASA-WiC POP 2025,SSP2,Guam,Population,million,2050,0.18697
IIASA-WiC POP 2025,SSP2,Guatemala,Population,million,2025,18.589952
IIASA-WiC POP 2025,SSP2,Guatemala,Population,million,2030,19.997516
IIASA-WiC POP 2025,SSP2,Guatemala,Population,million,2035,21.289452
IIASA-WiC POP 2025,SSP2,Guatemala,Population,million,2040,22.453732
IIASA-WiC POP 2025,SSP2,Guatemala,Population,million,2045,23.453405
IIASA-WiC POP 2025,SSP2,Guatemala,Population,million,2050,24.270018
IIASA-WiC POP 2025,SSP2,Guinea,Population,million,2025,14.62162
IIASA-WiC POP 2025,SSP2,Guinea,Population,million,2030,16.229047
IIASA-WiC POP 2025,SSP2,Guinea,Population,million,2035,17.813126
IIASA-WiC POP 2025,SSP2,Guinea,Population,million,2040,19.349768
IIASA-WiC POP 2025,SSP2,Guinea,Population,million,2045,20.822851
IIASA-WiC POP 2025,SSP2,Guinea,Population,million,2050,22.195051
IIASA-WiC POP 2025,SSP2,Guinea-Bissau,Population,million,2025,2.214987
IIASA-WiC POP 2025,SSP2,Guinea-Bissau,Population,million,2030,2.43651
IIASA-WiC POP 2025,SSP2,Guinea-Bissau,Population,million,2035,2.650549
IIASA-WiC POP 2025,SSP2,Guinea-Bissau,Population,million,2040,2.854586
IIASA-WiC POP 2025,SSP2,Guinea-Bissau,Population,million,2045,3.043234
IIASA-WiC POP 2025,SSP2,Guinea-Bissau,Population,million,2050,3.210712
IIASA-WiC POP 2025,SSP2,Guyana,Population,million,2025,0.808134
IIASA-WiC POP 2025,SSP2,Guyana,Population,million,2030,0.819367
IIASA-WiC POP 2025,SSP2,Guyana,Population,million,2035,0.823886
IIASA-WiC POP 2025,SSP2,Guyana,Population,million,2040,0.821877
IIASA-WiC POP 2025,SSP2,Guyana,Population,million,2045,0.813624
IIASA-WiC POP 2025,SSP2,Guyana,Population,million,2050,0.800377
IIASA-WiC POP 2025,SSP2,Haiti,Population,million,2025,12.018019
IIASA-WiC POP 2025,SSP2,Haiti,Population,million,2030,12.776209
IIASA-WiC POP 2025,SSP2,Haiti,Population,million,2035,13.460557
IIASA-WiC POP 2025,SSP2,Haiti,Population,million,2040,14.051298
IIASA-WiC POP 2025,SSP2,Haiti,Population,million,2045,14.553426
IIASA-WiC POP 2025,SSP2,Haiti,Population,million,2050,14.941526
IIASA-WiC POP 2025,SSP2,Honduras,Population,million,2025,10.827569
IIASA-WiC POP 2025,SSP2,Honduras,Population,million,2030,11.590097
IIASA-WiC POP 2025,SSP2,Honduras,Population,million,2035,12.281429
IIASA-WiC POP 2025,SSP2,Honduras,Population,million,2040,12.877121
IIASA-WiC POP 2025,SSP2,Honduras,Population,million,2045,13.375223
IIASA-WiC POP 2025,SSP2,Honduras,Population,million,2050,13.795986
IIASA-WiC POP 2025,SSP2,Hong Kong,Population,million,2025,7.535771
IIASA-WiC POP 2025,SSP2,Hong Kong,Population,million,2030,7.547875
IIASA-WiC POP 2025,SSP2,Hong Kong,Population,million,2035,7.531257
IIASA-WiC POP 2025,SSP2,Hong Kong,Population,million,2040,7.497919
IIASA-WiC POP 2025,SSP2,Hong Kong,Population,million,2045,7.458832
IIASA-WiC POP 2025,SSP2,Hong Kong,Population,million,2050,7.433175
IIASA-WiC POP 2025,SSP2,Hungary,Population,million,2025,9.592585
IIASA-WiC POP 2025,SSP2,Hungary,Population,million,2030,9.41546400000001
IIASA-WiC POP 2025,SSP2,Hungary,Population,million,2035,9.219485
IIASA-WiC POP 2025,SSP2,Hungary,Population,million,2040,9.01820000000001
IIASA-WiC POP 2025,SSP2,Hungary,Population,million,2045,8.824083
IIASA-WiC POP 2025,SSP2,Hungary,Population,million,2050,8.646604
IIASA-WiC POP 2025,SSP2,Iceland,Population,million,2025,0.376535
IIASA-WiC POP 2025,SSP2,Iceland,Population,million,2030,0.387063
IIASA-WiC POP 2025,SSP2,Iceland,Population,million,2035,0.396667
IIASA-WiC POP 2025,SSP2,Iceland,Population,million,2040,0.405186
IIASA-WiC POP 2025,SSP2,Iceland,Population,million,2045,0.412828
IIASA-WiC POP 2025,SSP2,Iceland,Population,million,2050,0.4201240000000001
IIASA-WiC POP 2025,SSP2,India,Population,million,2025,1445.482972
IIASA-WiC POP 2025,SSP2,India,Population,million,2030,1501.737826
IIASA-WiC POP 2025,SSP2,India,Population,million,2035,1548.090395
IIASA-WiC POP 2025,SSP2,India,Population,million,2040,1583.719968
IIASA-WiC POP 2025,SSP2,India,Population,million,2045,1607.73803
IIASA-WiC POP 2025,SSP2,India,Population,million,2050,1620.410267
IIASA-WiC POP 2025,SSP2,India (R9),Population,million,2025,1445.482972
IIASA-WiC POP 2025,SSP2,India (R9),Population,million,2030,1501.737826
IIASA-WiC POP 2025,SSP2,India (R9),Population,million,2035,1548.090395
IIASA-WiC POP 2025,SSP2,India (R9),Population,million,2040,1583.719968
IIASA-WiC POP 2025,SSP2,India (R9),Population,million,2045,1607.73803
IIASA-WiC POP 2025,SSP2,India (R9),Population,million,2050,1620.410267
IIASA-WiC POP 2025,SSP2,India+ (R10),Population,million,2025,1968.074285
IIASA-WiC POP 2025,SSP2,India+ (R10),Population,million,2030,2065.140409
IIASA-WiC POP 2025,SSP2,India+ (R10),Population,million,2035,2150.697413
IIASA-WiC POP 2025,SSP2,India+ (R10),Population,million,2040,2223.177983
IIASA-WiC POP 2025,SSP2,India+ (R10),Population,million,2045,2281.304422
IIASA-WiC POP 2025,SSP2,India+ (R10),Population,million,2050,2325.512508
IIASA-WiC POP 2025,SSP2,Indonesia,Population,million,2025,280.697803
IIASA-WiC POP 2025,SSP2,Indonesia,Population,million,2030,290.595633
IIASA-WiC POP 2025,SSP2,Indonesia,Population,million,2035,298.627839
IIASA-WiC POP 2025,SSP2,Indonesia,Population,million,2040,304.63792
IIASA-WiC POP 2025,SSP2,Indonesia,Population,million,2045,308.581629
IIASA-WiC POP 2025,SSP2,Indonesia,Population,million,2050,310.596288
IIASA-WiC POP 2025,SSP2,Iran,Population,million,2025,90.6947030000001
IIASA-WiC POP 2025,SSP2,Iran,Population,million,2030,94.11506800000001
IIASA-WiC POP 2025,SSP2,Iran,Population,million,2035,96.895393
IIASA-WiC POP 2025,SSP2,Iran,Population,million,2040,99.209066
IIASA-WiC POP 2025,SSP2,Iran,Population,million,2045,101.144813
IIASA-WiC POP 2025,SSP2,Iran,Population,million,2050,102.628935
IIASA-WiC POP 2025,SSP2,Iraq,Population,million,2025,47.025073
IIASA-WiC POP 2025,SSP2,Iraq,Population,million,2030,52.0805059999999
IIASA-WiC POP 2025,SSP2,Iraq,Population,million,2035,57.166674
IIASA-WiC POP 2025,SSP2,Iraq,Population,million,2040,62.2648709999999
IIASA-WiC POP 2025,SSP2,Iraq,Population,million,2045,67.14302
IIASA-WiC POP 2025,SSP2,Iraq,Population,million,2050,71.652032
IIASA-WiC POP 2025,SSP2,Ireland,Population,million,2025,5.123491
IIASA-WiC POP 2025,SSP2,Ireland,Population,million,2030,5.266291
IIASA-WiC POP 2025,SSP2,Ireland,Population,million,2035,5.416347
IIASA-WiC POP 2025,SSP2,Ireland,Population,million,2040,5.578542000000001
IIASA-WiC POP 2025,SSP2,Ireland,Population,million,2045,5.74821300000001
IIASA-WiC POP 2025,SSP2,Ireland,Population,million,2050,5.917908000000001
IIASA-WiC POP 2025,SSP2,Israel,Population,million,2025,9.371281000000002
IIASA-WiC POP 2025,SSP2,Israel,Population,million,2030,10.046613
IIASA-WiC POP 2025,SSP2,Israel,Population,million,2035,10.719559
IIASA-WiC POP 2025,SSP2,Israel,Population,million,2040,11.416232
IIASA-WiC POP 2025,SSP2,Israel,Population,million,2045,12.136273
IIASA-WiC POP 2025,SSP2,Israel,Population,million,2050,12.861699
IIASA-WiC POP 2025,SSP2,Italy,Population,million,2025,58.934481
IIASA-WiC POP 2025,SSP2,Italy,Population,million,2030,58.198487
IIASA-WiC POP 2025,SSP2,Italy,Population,million,2035,57.54990400000001
IIASA-WiC POP 2025,SSP2,Italy,Population,million,2040,56.98769
IIASA-WiC POP 2025,SSP2,Italy,Population,million,2045,56.46577
IIASA-WiC POP 2025,SSP2,Italy,Population,million,2050,55.949235
IIASA-WiC POP 2025,SSP2,Jamaica,Population,million,2025,2.835407
IIASA-WiC POP 2025,SSP2,Jamaica,Population,million,2030,2.854932
IIASA-WiC POP 2025,SSP2,Jamaica,Population,million,2035,2.859742
IIASA-WiC POP 2025,SSP2,Jamaica,Population,million,2040,2.848785
IIASA-WiC POP 2025,SSP2,Jamaica,Population,million,2045,2.82173
IIASA-WiC POP 2025,SSP2,Jamaica,Population,million,2050,2.781507
IIASA-WiC POP 2025,SSP2,Japan,Population,million,2025,122.475878
IIASA-WiC POP 2025,SSP2,Japan,Population,million,2030,119.341859
IIASA-WiC POP 2025,SSP2,Japan,Population,million,2035,116.061912
IIASA-WiC POP 2025,SSP2,Japan,Population,million,2040,112.668661
IIASA-WiC POP 2025,SSP2,Japan,Population,million,2045,109.256544
IIASA-WiC POP 2025,SSP2,Japan,Population,million,2050,105.962593
IIASA-WiC POP 2025,SSP2,Jordan,Population,million,2025,11.893489
IIASA-WiC POP 2025,SSP2,Jordan,Population,million,2030,12.97042
IIASA-WiC POP 2025,SSP2,Jordan,Population,million,2035,14.019875
IIASA-WiC POP 2025,SSP2,Jordan,Population,million,2040,15.009799
IIASA-WiC POP 2025,SSP2,Jordan,Population,million,2045,15.912427
IIASA-WiC POP 2025,SSP2,Jordan,Population,million,2050,16.67204
IIASA-WiC POP 2025,SSP2,Kazakhstan,Population,million,2025,19.792327
IIASA-WiC POP 2025,SSP2,Kazakhstan,Population,million,2030,20.642406
IIASA-WiC POP 2025,SSP2,Kazakhstan,Population,million,2035,21.393123
IIASA-WiC POP 2025,SSP2,Kazakhstan,Population,million,2040,22.106969
IIASA-WiC POP 2025,SSP2,Kazakhstan,Population,million,2045,22.77881
IIASA-WiC POP 2025,SSP2,Kazakhstan,Population,million,2050,23.372441
IIASA-WiC POP 2025,SSP2,Kenya,Population,million,2025,56.833242
IIASA-WiC POP 2025,SSP2,Kenya,Population,million,2030,62.461286
IIASA-WiC POP 2025,SSP2,Kenya,Population,million,2035,68.059636
IIASA-WiC POP 2025,SSP2,Kenya,Population,million,2040,73.42201200000001
IIASA-WiC POP 2025,SSP2,Kenya,Population,million,2045,78.4295790000001
IIASA-WiC POP 2025,SSP2,Kenya,Population,million,2050,83.0557649999999
IIASA-WiC POP 2025,SSP2,Kiribati,Population,million,2025,0.136069
IIASA-WiC POP 2025,SSP2,Kiribati,Population,million,2030,0.145597
IIASA-WiC POP 2025,SSP2,Kiribati,Population,million,2035,0.153683
IIASA-WiC POP 2025,SSP2,Kiribati,Population,million,2040,0.160845
IIASA-WiC POP 2025,SSP2,Kiribati,Population,million,2045,0.167673
IIASA-WiC POP 2025,SSP2,Kiribati,Population,million,2050,0.173597
IIASA-WiC POP 2025,SSP2,Kosovo,Population,million,2025,1.774432
IIASA-WiC POP 2025,SSP2,Kosovo,Population,million,2030,1.821983
IIASA-WiC POP 2025,SSP2,Kosovo,Population,million,2035,1.869736
IIASA-WiC POP 2025,SSP2,Kosovo,Population,million,2040,1.908277
IIASA-WiC POP 2025,SSP2,Kosovo,Population,million,2045,1.930737
IIASA-WiC POP 2025,SSP2,Kosovo,Population,million,2050,1.934445
IIASA-WiC POP 2025,SSP2,Kuwait,Population,million,2025,4.737165
IIASA-WiC POP 2025,SSP2,Kuwait,Population,million,2030,4.968395
IIASA-WiC POP 2025,SSP2,Kuwait,Population,million,2035,5.169912000000011
IIASA-WiC POP 2025,SSP2,Kuwait,Population,million,2040,5.351122
IIASA-WiC POP 2025,SSP2,Kuwait,Population,million,2045,5.503314
IIASA-WiC POP 2025,SSP2,Kuwait,Population,million,2050,5.609415
IIASA-WiC POP 2025,SSP2,Kyrgyzstan,Population,million,2025,6.897813
IIASA-WiC POP 2025,SSP2,Kyrgyzstan,Population,million,2030,7.373944000000001
IIASA-WiC POP 2025,SSP2,Kyrgyzstan,Population,million,2035,7.817014
IIASA-WiC POP 2025,SSP2,Kyrgyzstan,Population,million,2040,8.247088
IIASA-WiC POP 2025,SSP2,Kyrgyzstan,Population,million,2045,8.655432000000001
IIASA-WiC POP 2025,SSP2,Kyrgyzstan,Population,million,2050,9.007187999999989
IIASA-WiC POP 2025,SSP2,Laos,Population,million,2025,7.767739
IIASA-WiC POP 2025,SSP2,Laos,Population,million,2030,8.216553000000012
IIASA-WiC POP 2025,SSP2,Laos,Population,million,2035,8.602171
IIASA-WiC POP 2025,SSP2,Laos,Population,million,2040,8.921073
IIASA-WiC POP 2025,SSP2,Laos,Population,million,2045,9.16383300000001
IIASA-WiC POP 2025,SSP2,Laos,Population,million,2050,9.327655
IIASA-WiC POP 2025,SSP2,Latin America (R10),Population,million,2025,671.3303109999999
IIASA-WiC POP 2025,SSP2,Latin America (R10),Population,million,2030,693.6437460000001
IIASA-WiC POP 2025,SSP2,Latin America (R10),Population,million,2035,712.439622
IIASA-WiC POP 2025,SSP2,Latin America (R10),Population,million,2040,727.203772
IIASA-WiC POP 2025,SSP2,Latin America (R10),Population,million,2045,737.68888
IIASA-WiC POP 2025,SSP2,Latin America (R10),Population,million,2050,744.2109009999999
IIASA-WiC POP 2025,SSP2,Latin America (R5),Population,million,2025,668.220992
IIASA-WiC POP 2025,SSP2,Latin America (R5),Population,million,2030,690.6944900000001
IIASA-WiC POP 2025,SSP2,Latin America (R5),Population,million,2035,709.6449339999999
IIASA-WiC POP 2025,SSP2,Latin America (R5),Population,million,2040,724.55673
IIASA-WiC POP 2025,SSP2,Latin America (R5),Population,million,2045,735.181406
IIASA-WiC POP 2025,SSP2,Latin America (R5),Population,million,2050,741.8294729999999
IIASA-WiC POP 2025,SSP2,Latin America (R9),Population,million,2025,668.220992
IIASA-WiC POP 2025,SSP2,Latin America (R9),Population,million,2030,690.6944900000001
IIASA-WiC POP 2025,SSP2,Latin America (R9),Population,million,2035,709.6449339999999
IIASA-WiC POP 2025,SSP2,Latin America (R9),Population,million,2040,724.55673
IIASA-WiC POP 2025,SSP2,Latin America (R9),Population,million,2045,735.181406
IIASA-WiC POP 2025,SSP2,Latin America (R9),Population,million,2050,741.8294729999999
IIASA-WiC POP 2025,SSP2,Latvia,Population,million,2025,1.836499
IIASA-WiC POP 2025,SSP2,Latvia,Population,million,2030,1.735887
IIASA-WiC POP 2025,SSP2,Latvia,Population,million,2035,1.645724
IIASA-WiC POP 2025,SSP2,Latvia,Population,million,2040,1.569581
IIASA-WiC POP 2025,SSP2,Latvia,Population,million,2045,1.50597
IIASA-WiC POP 2025,SSP2,Latvia,Population,million,2050,1.451241
IIASA-WiC POP 2025,SSP2,Lebanon,Population,million,2025,5.93967100000001
IIASA-WiC POP 2025,SSP2,Lebanon,Population,million,2030,6.238251
IIASA-WiC POP 2025,SSP2,Lebanon,Population,million,2035,6.513202000000001
IIASA-WiC POP 2025,SSP2,Lebanon,Population,million,2040,6.756884
IIASA-WiC POP 2025,SSP2,Lebanon,Population,million,2045,6.965317
IIASA-WiC POP 2025,SSP2,Lebanon,Population,million,2050,7.127144
IIASA-WiC POP 2025,SSP2,Lesotho,Population,million,2025,2.348805
IIASA-WiC POP 2025,SSP2,Lesotho,Population,million,2030,2.445461
IIASA-WiC POP 2025,SSP2,Lesotho,Population,million,2035,2.529329
IIASA-WiC POP 2025,SSP2,Lesotho,Population,million,2040,2.597835
IIASA-WiC POP 2025,SSP2,Lesotho,Population,million,2045,2.649189
IIASA-WiC POP 2025,SSP2,Lesotho,Population,million,2050,2.684741
IIASA-WiC POP 2025,SSP2,Liberia,Population,million,2025,5.653457
IIASA-WiC POP 2025,SSP2,Liberia,Population,million,2030,6.305604000000001
IIASA-WiC POP 2025,SSP2,Liberia,Population,million,2035,6.968539
IIASA-WiC POP 2025,SSP2,Liberia,Population,million,2040,7.623188
IIASA-WiC POP 2025,SSP2,Liberia,Population,million,2045,8.251887
IIASA-WiC POP 2025,SSP2,Liberia,Population,million,2050,8.83726299999999
IIASA-WiC POP 2025,SSP2,Libya,Population,million,2025,7.042351
IIASA-WiC POP 2025,SSP2,Libya,Population,million,2030,7.460064
IIASA-WiC POP 2025,SSP2,Libya,Population,million,2035,7.860692
IIASA-WiC POP 2025,SSP2,Libya,Population,million,2040,8.24912200000001
IIASA-WiC POP 2025,SSP2,Libya,Population,million,2045,8.597008
IIASA-WiC POP 2025,SSP2,Libya,Population,million,2050,8.875078
IIASA-WiC POP 2025,SSP2,Lithuania,Population,million,2025,2.725074
IIASA-WiC POP 2025,SSP2,Lithuania,Population,million,2030,2.584094
IIASA-WiC POP 2025,SSP2,Lithuania,Population,million,2035,2.453473
IIASA-WiC POP 2025,SSP2,Lithuania,Population,million,2040,2.333521
IIASA-WiC POP 2025,SSP2,Lithuania,Population,million,2045,2.226868
IIASA-WiC POP 2025,SSP2,Lithuania,Population,million,2050,2.130166
IIASA-WiC POP 2025,SSP2,Luxembourg,Population,million,2025,0.655149999999999
IIASA-WiC POP 2025,SSP2,Luxembourg,Population,million,2030,0.676650999999999
IIASA-WiC POP 2025,SSP2,Luxembourg,Population,million,2035,0.6968289999999999
IIASA-WiC POP 2025,SSP2,Luxembourg,Population,million,2040,0.716353
IIASA-WiC POP 2025,SSP2,Luxembourg,Population,million,2045,0.736116
IIASA-WiC POP 2025,SSP2,Luxembourg,Population,million,2050,0.756960999999999
IIASA-WiC POP 2025,SSP2,Macao,Population,million,2025,0.698767
IIASA-WiC POP 2025,SSP2,Macao,Population,million,2030,0.7233930000000001
IIASA-WiC POP 2025,SSP2,Macao,Population,million,2035,0.7439560000000001
IIASA-WiC POP 2025,SSP2,Macao,Population,million,2040,0.762001
IIASA-WiC POP 2025,SSP2,Macao,Population,million,2045,0.7786219999999999
IIASA-WiC POP 2025,SSP2,Macao,Population,million,2050,0.794455
IIASA-WiC POP 2025,SSP2,Madagascar,Population,million,2025,31.357004
IIASA-WiC POP 2025,SSP2,Madagascar,Population,million,2030,34.977058
IIASA-WiC POP 2025,SSP2,Madagascar,Population,million,2035,38.584105
IIASA-WiC POP 2025,SSP2,Madagascar,Population,million,2040,42.116413
IIASA-WiC POP 2025,SSP2,Madagascar,Population,million,2045,45.579478
IIASA-WiC POP 2025,SSP2,Madagascar,Population,million,2050,48.911188
IIASA-WiC POP 2025,SSP2,Malawi,Population,million,2025,21.722635
IIASA-WiC POP 2025,SSP2,Malawi,Population,million,2030,24.536153
IIASA-WiC POP 2025,SSP2,Malawi,Population,million,2035,27.50122
IIASA-WiC POP 2025,SSP2,Malawi,Population,million,2040,30.485585
IIASA-WiC POP 2025,SSP2,Malawi,Population,million,2045,33.428938
IIASA-WiC POP 2025,SSP2,Malawi,Population,million,2050,36.268006
IIASA-WiC POP 2025,SSP2,Malaysia,Population,million,2025,34.725784
IIASA-WiC POP 2025,SSP2,Malaysia,Population,million,2030,36.322345
IIASA-WiC POP 2025,SSP2,Malaysia,Population,million,2035,37.762978
IIASA-WiC POP 2025,SSP2,Malaysia,Population,million,2040,39.025134
IIASA-WiC POP 2025,SSP2,Malaysia,Population,million,2045,40.1222209999999
IIASA-WiC POP 2025,SSP2,Malaysia,Population,million,2050,41.053302
IIASA-WiC POP 2025,SSP2,Maldives,Population,million,2025,0.5482279999999999
IIASA-WiC POP 2025,SSP2,Maldives,Population,million,2030,0.5808769999999991
IIASA-WiC POP 2025,SSP2,Maldives,Population,million,2035,0.610129999999999
IIASA-WiC POP 2025,SSP2,Maldives,Population,million,2040,0.638386
IIASA-WiC POP 2025,SSP2,Maldives,Population,million,2045,0.66623
IIASA-WiC POP 2025,SSP2,Maldives,Population,million,2050,0.691851
IIASA-WiC POP 2025,SSP2,Mali,Population,million,2025,24.361669
IIASA-WiC POP 2025,SSP2,Mali,Population,million,2030,28.186465
IIASA-WiC POP 2025,SSP2,Mali,Population,million,2035,32.228931
IIASA-WiC POP 2025,SSP2,Mali,Population,million,2040,36.356613
IIASA-WiC POP 2025,SSP2,Mali,Population,million,2045,40.472757
IIASA-WiC POP 2025,SSP2,Mali,Population,million,2050,44.484265
IIASA-WiC POP 2025,SSP2,Malta,Population,million,2025,0.5174030000000001
IIASA-WiC POP 2025,SSP2,Malta,Population,million,2030,0.52122
IIASA-WiC POP 2025,SSP2,Malta,Population,million,2035,0.521274
IIASA-WiC POP 2025,SSP2,Malta,Population,million,2040,0.51878
IIASA-WiC POP 2025,SSP2,Malta,Population,million,2045,0.5160030000000001
IIASA-WiC POP 2025,SSP2,Malta,Population,million,2050,0.514952
IIASA-WiC POP 2025,SSP2,Martinique,Population,million,2025,0.366326
IIASA-WiC POP 2025,SSP2,Martinique,Population,million,2030,0.363307
IIASA-WiC POP 2025,SSP2,Martinique,Population,million,2035,0.360514
IIASA-WiC POP 2025,SSP2,Martinique,Population,million,2040,0.356412
IIASA-WiC POP 2025,SSP2,Martinique,Population,million,2045,0.350007
IIASA-WiC POP 2025,SSP2,Martinique,Population,million,2050,0.341618
IIASA-WiC POP 2025,SSP2,Mauritania,Population,million,2025,5.009208
IIASA-WiC POP 2025,SSP2,Mauritania,Population,million,2030,5.618175
IIASA-WiC POP 2025,SSP2,Mauritania,Population,million,2035,6.240921999999999
IIASA-WiC POP 2025,SSP2,Mauritania,Population,million,2040,6.860068
IIASA-WiC POP 2025,SSP2,Mauritania,Population,million,2045,7.464479000000001
IIASA-WiC POP 2025,SSP2,Mauritania,Population,million,2050,8.037003
IIASA-WiC POP 2025,SSP2,Mauritius,Population,million,2025,1.29863
IIASA-WiC POP 2025,SSP2,Mauritius,Population,million,2030,1.298638
IIASA-WiC POP 2025,SSP2,Mauritius,Population,million,2035,1.292356
IIASA-WiC POP 2025,SSP2,Mauritius,Population,million,2040,1.278156
IIASA-WiC POP 2025,SSP2,Mauritius,Population,million,2045,1.256528
IIASA-WiC POP 2025,SSP2,Mauritius,Population,million,2050,1.229415
IIASA-WiC POP 2025,SSP2,Mayotte,Population,million,2025,0.356558
IIASA-WiC POP 2025,SSP2,Mayotte,Population,million,2030,0.419857
IIASA-WiC POP 2025,SSP2,Mayotte,Population,million,2035,0.490832
IIASA-WiC POP 2025,SSP2,Mayotte,Population,million,2040,0.570883999999999
IIASA-WiC POP 2025,SSP2,Mayotte,Population,million,2045,0.6609360000000001
IIASA-WiC POP 2025,SSP2,Mayotte,Population,million,2050,0.760798999999999
IIASA-WiC POP 2025,SSP2,Mexico,Population,million,2025,130.41403
IIASA-WiC POP 2025,SSP2,Mexico,Population,million,2030,135.626567
IIASA-WiC POP 2025,SSP2,Mexico,Population,million,2035,140.239105
IIASA-WiC POP 2025,SSP2,Mexico,Population,million,2040,144.119912
IIASA-WiC POP 2025,SSP2,Mexico,Population,million,2045,147.183626
IIASA-WiC POP 2025,SSP2,Mexico,Population,million,2050,149.451079
IIASA-WiC POP 2025,SSP2,Micronesia,Population,million,2025,0.114689
IIASA-WiC POP 2025,SSP2,Micronesia,Population,million,2030,0.117572
IIASA-WiC POP 2025,SSP2,Micronesia,Population,million,2035,0.119554
IIASA-WiC POP 2025,SSP2,Micronesia,Population,million,2040,0.12024
IIASA-WiC POP 2025,SSP2,Micronesia,Population,million,2045,0.119656
IIASA-WiC POP 2025,SSP2,Micronesia,Population,million,2050,0.117981
IIASA-WiC POP 2025,SSP2,Middle East & Africa (R5),Population,million,2025,1803.141284
IIASA-WiC POP 2025,SSP2,Middle East & Africa (R5),Population,million,2030,2001.008166
IIASA-WiC POP 2025,SSP2,Middle East & Africa (R5),Population,million,2035,2203.904382
IIASA-WiC POP 2025,SSP2,Middle East & Africa (R5),Population,million,2040,2409.331127
IIASA-WiC POP 2025,SSP2,Middle East & Africa (R5),Population,million,2045,2613.586935
IIASA-WiC POP 2025,SSP2,Middle East & Africa (R5),Population,million,2050,2812.45901
IIASA-WiC POP 2025,SSP2,Middle East & Africa (R9),Population,million,2025,1803.141284
IIASA-WiC POP 2025,SSP2,Middle East & Africa (R9),Population,million,2030,2001.008166
IIASA-WiC POP 2025,SSP2,Middle East & Africa (R9),Population,million,2035,2203.904382
IIASA-WiC POP 2025,SSP2,Middle East & Africa (R9),Population,million,2040,2409.331127
IIASA-WiC POP 2025,SSP2,Middle East & Africa (R9),Population,million,2045,2613.586935
IIASA-WiC POP 2025,SSP2,Middle East & Africa (R9),Population,million,2050,2812.45901
IIASA-WiC POP 2025,SSP2,Middle East (R10),Population,million,2025,291.8110940000001
IIASA-WiC POP 2025,SSP2,Middle East (R10),Population,million,2030,312.7903429999999
IIASA-WiC POP 2025,SSP2,Middle East (R10),Population,million,2035,332.6831449999999
IIASA-WiC POP 2025,SSP2,Middle East (R10),Population,million,2040,351.3415669999999
IIASA-WiC POP 2025,SSP2,Middle East (R10),Population,million,2045,368.397239
IIASA-WiC POP 2025,SSP2,Middle East (R10),Population,million,2050,383.297613
IIASA-WiC POP 2025,SSP2,Moldova,Population,million,2025,3.054643
IIASA-WiC POP 2025,SSP2,Moldova,Population,million,2030,2.928028
IIASA-WiC POP 2025,SSP2,Moldova,Population,million,2035,2.800143
IIASA-WiC POP 2025,SSP2,Moldova,Population,million,2040,2.686241
IIASA-WiC POP 2025,SSP2,Moldova,Population,million,2045,2.587763
IIASA-WiC POP 2025,SSP2,Moldova,Population,million,2050,2.498801
IIASA-WiC POP 2025,SSP2,Mongolia,Population,million,2025,3.507299
IIASA-WiC POP 2025,SSP2,Mongolia,Population,million,2030,3.723802
IIASA-WiC POP 2025,SSP2,Mongolia,Population,million,2035,3.934381
IIASA-WiC POP 2025,SSP2,Mongolia,Population,million,2040,4.144813
IIASA-WiC POP 2025,SSP2,Mongolia,Population,million,2045,4.357601
IIASA-WiC POP 2025,SSP2,Mongolia,Population,million,2050,4.563552
IIASA-WiC POP 2025,SSP2,Montenegro,Population,million,2025,0.648656999999999
IIASA-WiC POP 2025,SSP2,Montenegro,Population,million,2030,0.641454
IIASA-WiC POP 2025,SSP2,Montenegro,Population,million,2035,0.634218
IIASA-WiC POP 2025,SSP2,Montenegro,Population,million,2040,0.6279009999999999
IIASA-WiC POP 2025,SSP2,Montenegro,Population,million,2045,0.6223049999999991
IIASA-WiC POP 2025,SSP2,Montenegro,Population,million,2050,0.6171749999999999
IIASA-WiC POP 2025,SSP2,Morocco,Population,million,2025,38.40947800000001
IIASA-WiC POP 2025,SSP2,Morocco,Population,million,2030,40.056365
IIASA-WiC POP 2025,SSP2,Morocco,Population,million,2035,41.44511
IIASA-WiC POP 2025,SSP2,Morocco,Population,million,2040,42.549938
IIASA-WiC POP 2025,SSP2,Morocco,Population,million,2045,43.369883
IIASA-WiC POP 2025,SSP2,Morocco,Population,million,2050,43.93265099999991
IIASA-WiC POP 2025,SSP2,Mozambique,Population,million,2025,35.042684
IIASA-WiC POP 2025,SSP2,Mozambique,Population,million,2030,39.581959
IIASA-WiC POP 2025,SSP2,Mozambique,Population,million,2035,44.214503
IIASA-WiC POP 2025,SSP2,Mozambique,Population,million,2040,48.83531
IIASA-WiC POP 2025,SSP2,Mozambique,Population,million,2045,53.372249
IIASA-WiC POP 2025,SSP2,Mozambique,Population,million,2050,57.716129
IIASA-WiC POP 2025,SSP2,Myanmar,Population,million,2025,54.951374
IIASA-WiC POP 2025,SSP2,Myanmar,Population,million,2030,56.29464
IIASA-WiC POP 2025,SSP2,Myanmar,Population,million,2035,57.119009
IIASA-WiC POP 2025,SSP2,Myanmar,Population,million,2040,57.457235
IIASA-WiC POP 2025,SSP2,Myanmar,Population,million,2045,57.438823
IIASA-WiC POP 2025,SSP2,Myanmar,Population,million,2050,57.145554
IIASA-WiC POP 2025,SSP2,Namibia,Population,million,2025,2.679352
IIASA-WiC POP 2025,SSP2,Namibia,Population,million,2030,2.895977
IIASA-WiC POP 2025,SSP2,Namibia,Population,million,2035,3.098437
IIASA-WiC POP 2025,SSP2,Namibia,Population,million,2040,3.292008
IIASA-WiC POP 2025,SSP2,Namibia,Population,million,2045,3.472033
IIASA-WiC POP 2025,SSP2,Namibia,Population,million,2050,3.63549
IIASA-WiC POP 2025,SSP2,Nepal,Population,million,2025,30.601911
IIASA-WiC POP 2025,SSP2,Nepal,Population,million,2030,31.963772
IIASA-WiC POP 2025,SSP2,Nepal,Population,million,2035,33.018223
IIASA-WiC POP 2025,SSP2,Nepal,Population,million,2040,33.82442500000001
IIASA-WiC POP 2025,SSP2,Nepal,Population,million,2045,34.445816
IIASA-WiC POP 2025,SSP2,Nepal,Population,million,2050,34.904699
IIASA-WiC POP 2025,SSP2,Netherlands,Population,million,2025,17.582513
IIASA-WiC POP 2025,SSP2,Netherlands,Population,million,2030,17.712524
IIASA-WiC POP 2025,SSP2,Netherlands,Population,million,2035,17.805057
IIASA-WiC POP 2025,SSP2,Netherlands,Population,million,2040,17.847679
IIASA-WiC POP 2025,SSP2,Netherlands,Population,million,2045,17.854199
IIASA-WiC POP 2025,SSP2,Netherlands,Population,million,2050,17.858089
IIASA-WiC POP 2025,SSP2,New Caledonia,Population,million,2025,0.299259
IIASA-WiC POP 2025,SSP2,New Caledonia,Population,million,2030,0.311126
IIASA-WiC POP 2025,SSP2,New Caledonia,Population,million,2035,0.321592999999999
IIASA-WiC POP 2025,SSP2,New Caledonia,Population,million,2040,0.331215
IIASA-WiC POP 2025,SSP2,New Caledonia,Population,million,2045,0.339736
IIASA-WiC POP 2025,SSP2,New Caledonia,Population,million,2050,0.346821
IIASA-WiC POP 2025,SSP2,New Zealand,Population,million,2025,5.179058
IIASA-WiC POP 2025,SSP2,New Zealand,Population,million,2030,5.319470000000001
IIASA-WiC POP 2025,SSP2,New Zealand,Population,million,2035,5.445953
IIASA-WiC POP 2025,SSP2,New Zealand,Population,million,2040,5.56117800000001
IIASA-WiC POP 2025,SSP2,New Zealand,Population,million,2045,5.668683
IIASA-WiC POP 2025,SSP2,New Zealand,Population,million,2050,5.768874
IIASA-WiC POP 2025,SSP2,Nicaragua,Population,million,2025,7.160782
IIASA-WiC POP 2025,SSP2,Nicaragua,Population,million,2030,7.567676000000001
IIASA-WiC POP 2025,SSP2,Nicaragua,Population,million,2035,7.919665
IIASA-WiC POP 2025,SSP2,Nicaragua,Population,million,2040,8.210336999999999
IIASA-WiC POP 2025,SSP2,Nicaragua,Population,million,2045,8.43400600000001
IIASA-WiC POP 2025,SSP2,Nicaragua,Population,million,2050,8.604702999999999
IIASA-WiC POP 2025,SSP2,Niger,Population,million,2025,28.709716
IIASA-WiC POP 2025,SSP2,Niger,Population,million,2030,34.354147
IIASA-WiC POP 2025,SSP2,Niger,Population,million,2035,40.755626
IIASA-WiC POP 2025,SSP2,Niger,Population,million,2040,47.864252
IIASA-WiC POP 2025,SSP2,Niger,Population,million,2045,55.567808
IIASA-WiC POP 2025,SSP2,Niger,Population,million,2050,63.823689
IIASA-WiC POP 2025,SSP2,Nigeria,Population,million,2025,232.14437
IIASA-WiC POP 2025,SSP2,Nigeria,Population,million,2030,261.136993
IIASA-WiC POP 2025,SSP2,Nigeria,Population,million,2035,292.863484
IIASA-WiC POP 2025,SSP2,Nigeria,Population,million,2040,327.152576
IIASA-WiC POP 2025,SSP2,Nigeria,Population,million,2045,363.305193
IIASA-WiC POP 2025,SSP2,Nigeria,Population,million,2050,400.606795
IIASA-WiC POP 2025,SSP2,North America (R10),Population,million,2025,380.778844
IIASA-WiC POP 2025,SSP2,North America (R10),Population,million,2030,389.280852
IIASA-WiC POP 2025,SSP2,North America (R10),Population,million,2035,397.466714
IIASA-WiC POP 2025,SSP2,North America (R10),Population,million,2040,405.265767
IIASA-WiC POP 2025,SSP2,North America (R10),Population,million,2045,412.430621
IIASA-WiC POP 2025,SSP2,North America (R10),Population,million,2050,419.2177830000001
IIASA-WiC POP 2025,SSP2,North Korea,Population,million,2025,26.39872
IIASA-WiC POP 2025,SSP2,North Korea,Population,million,2030,26.531991
IIASA-WiC POP 2025,SSP2,North Korea,Population,million,2035,26.376504
IIASA-WiC POP 2025,SSP2,North Korea,Population,million,2040,26.077621
IIASA-WiC POP 2025,SSP2,North Korea,Population,million,2045,25.672331
IIASA-WiC POP 2025,SSP2,North Korea,Population,million,2050,25.211354
IIASA-WiC POP 2025,SSP2,North Macedonia,Population,million,2025,2.095603
IIASA-WiC POP 2025,SSP2,North Macedonia,Population,million,2030,2.103217
IIASA-WiC POP 2025,SSP2,North Macedonia,Population,million,2035,2.10084
IIASA-WiC POP 2025,SSP2,North Macedonia,Population,million,2040,2.088184
IIASA-WiC POP 2025,SSP2,North Macedonia,Population,million,2045,2.068711
IIASA-WiC POP 2025,SSP2,North Macedonia,Population,million,2050,2.046103
IIASA-WiC POP 2025,SSP2,Norway,Population,million,2025,5.506107
IIASA-WiC POP 2025,SSP2,Norway,Population,million,2030,5.623243
IIASA-WiC POP 2025,SSP2,Norway,Population,million,2035,5.739623
IIASA-WiC POP 2025,SSP2,Norway,Population,million,2040,5.855436
IIASA-WiC POP 2025,SSP2,Norway,Population,million,2045,5.972144
IIASA-WiC POP 2025,SSP2,Norway,Population,million,2050,6.096741
IIASA-WiC POP 2025,SSP2,OECD & EU (R5),Population,million,2025,1171.627861
IIASA-WiC POP 2025,SSP2,OECD & EU (R5),Population,million,2030,1179.347239
IIASA-WiC POP 2025,SSP2,OECD & EU (R5),Population,million,2035,1186.076852
IIASA-WiC POP 2025,SSP2,OECD & EU (R5),Population,million,2040,1192.205986
IIASA-WiC POP 2025,SSP2,OECD & EU (R5),Population,million,2045,1197.533156
IIASA-WiC POP 2025,SSP2,OECD & EU (R5),Population,million,2050,1202.373372
IIASA-WiC POP 2025,SSP2,Oman,Population,million,2025,4.99153200000001
IIASA-WiC POP 2025,SSP2,Oman,Population,million,2030,5.359469
IIASA-WiC POP 2025,SSP2,Oman,Population,million,2035,5.67798
IIASA-WiC POP 2025,SSP2,Oman,Population,million,2040,5.963986
IIASA-WiC POP 2025,SSP2,Oman,Population,million,2045,6.240824
IIASA-WiC POP 2025,SSP2,Oman,Population,million,2050,6.498734000000001
IIASA-WiC POP 2025,SSP2,Other Asia (R9),Population,million,2025,1336.39012
IIASA-WiC POP 2025,SSP2,Other Asia (R9),Population,million,2030,1403.693936
IIASA-WiC POP 2025,SSP2,Other Asia (R9),Population,million,2035,1463.996089
IIASA-WiC POP 2025,SSP2,Other Asia (R9),Population,million,2040,1516.398438
IIASA-WiC POP 2025,SSP2,Other Asia (R9),Population,million,2045,1560.774214
IIASA-WiC POP 2025,SSP2,Other Asia (R9),Population,million,2050,1597.79668
IIASA-WiC POP 2025,SSP2,Other OECD (R9),Population,million,2025,383.4317169999998
IIASA-WiC POP 2025,SSP2,Other OECD (R9),Population,million,2030,385.830987
IIASA-WiC POP 2025,SSP2,Other OECD (R9),Population,million,2035,387.3719799999999
IIASA-WiC POP 2025,SSP2,Other OECD (R9),Population,million,2040,388.2705410000002
IIASA-WiC POP 2025,SSP2,Other OECD (R9),Population,million,2045,388.6948379999999
IIASA-WiC POP 2025,SSP2,Other OECD (R9),Population,million,2050,388.8264859999999
IIASA-WiC POP 2025,SSP2,Pacific OECD (R10),Population,million,2025,154.214195
IIASA-WiC POP 2025,SSP2,Pacific OECD (R10),Population,million,2030,152.199783
IIASA-WiC POP 2025,SSP2,Pacific OECD (R10),Population,million,2035,149.957419
IIASA-WiC POP 2025,SSP2,Pacific OECD (R10),Population,million,2040,147.541069
IIASA-WiC POP 2025,SSP2,Pacific OECD (R10),Population,million,2045,145.087612
IIASA-WiC POP 2025,SSP2,Pacific OECD (R10),Population,million,2050,142.761037
IIASA-WiC POP 2025,SSP2,Pakistan,Population,million,2025,248.722589
IIASA-WiC POP 2025,SSP2,Pakistan,Population,million,2030,273.625782
IIASA-WiC POP 2025,SSP2,Pakistan,Population,million,2035,298.857263
IIASA-WiC POP 2025,SSP2,Pakistan,Population,million,2040,323.624535
IIASA-WiC POP 2025,SSP2,Pakistan,Population,million,2045,347.481198
IIASA-WiC POP 2025,SSP2,Pakistan,Population,million,2050,370.513812
IIASA-WiC POP 2025,SSP2,Palestine,Population,million,2025,5.559569000000001
IIASA-WiC POP 2025,SSP2,Palestine,Population,million,2030,6.150008
IIASA-WiC POP 2025,SSP2,Palestine,Population,million,2035,6.71825000000001
IIASA-WiC POP 2025,SSP2,Palestine,Population,million,2040,7.256401
IIASA-WiC POP 2025,SSP2,Palestine,Population,million,2045,7.75766
IIASA-WiC POP 2025,SSP2,Palestine,Population,million,2050,8.219953000000011
IIASA-WiC POP 2025,SSP2,Panama,Population,million,2025,4.540154
IIASA-WiC POP 2025,SSP2,Panama,Population,million,2030,4.799697
IIASA-WiC POP 2025,SSP2,Panama,Population,million,2035,5.035422
IIASA-WiC POP 2025,SSP2,Panama,Population,million,2040,5.238332000000001
IIASA-WiC POP 2025,SSP2,Panama,Population,million,2045,5.410468
IIASA-WiC POP 2025,SSP2,Panama,Population,million,2050,5.545922
IIASA-WiC POP 2025,SSP2,Papua New Guinea,Population,million,2025,10.657199
IIASA-WiC POP 2025,SSP2,Papua New Guinea,Population,million,2030,11.631957
IIASA-WiC POP 2025,SSP2,Papua New Guinea,Population,million,2035,12.559038
IIASA-WiC POP 2025,SSP2,Papua New Guinea,Population,million,2040,13.433737
IIASA-WiC POP 2025,SSP2,Papua New Guinea,Population,million,2045,14.233671
IIASA-WiC POP 2025,SSP2,Papua New Guinea,Population,million,2050,14.947903
IIASA-WiC POP 2025,SSP2,Paraguay,Population,million,2025,7.003398000000001
IIASA-WiC POP 2025,SSP2,Paraguay,Population,million,2030,7.425442
IIASA-WiC POP 2025,SSP2,Paraguay,Population,million,2035,7.788876999999991
IIASA-WiC POP 2025,SSP2,Paraguay,Population,million,2040,8.106773
IIASA-WiC POP 2025,SSP2,Paraguay,Population,million,2045,8.366047000000009
IIASA-WiC POP 2025,SSP2,Paraguay,Population,million,2050,8.57278200000001
IIASA-WiC POP 2025,SSP2,Peru,Population,million,2025,34.546824
IIASA-WiC POP 2025,SSP2,Peru,Population,million,2030,35.99487999999999
IIASA-WiC POP 2025,SSP2,Peru,Population,million,2035,37.2174839999999
IIASA-WiC POP 2025,SSP2,Peru,Population,million,2040,38.170273
IIASA-WiC POP 2025,SSP2,Peru,Population,million,2045,38.89019200000001
IIASA-WiC POP 2025,SSP2,Peru,Population,million,2050,39.387793
IIASA-WiC POP 2025,SSP2,Philippines,Population,million,2025,119.754409
IIASA-WiC POP 2025,SSP2,Philippines,Population,million,2030,128.098429
IIASA-WiC POP 2025,SSP2,Philippines,Population,million,2035,135.868594
IIASA-WiC POP 2025,SSP2,Philippines,Population,million,2040,142.860805
IIASA-WiC POP 2025,SSP2,Philippines,Population,million,2045,149.048736
IIASA-WiC POP 2025,SSP2,Philippines,Population,million,2050,154.346119
IIASA-WiC POP 2025,SSP2,Poland,Population,million,2025,39.009959
IIASA-WiC POP 2025,SSP2,Poland,Population,million,2030,38.208969
IIASA-WiC POP 2025,SSP2,Poland,Population,million,2035,37.380619
IIASA-WiC POP 2025,SSP2,Poland,Population,million,2040,36.574703
IIASA-WiC POP 2025,SSP2,Poland,Population,million,2045,35.804396
IIASA-WiC POP 2025,SSP2,Poland,Population,million,2050,35.107514
IIASA-WiC POP 2025,SSP2,Portugal,Population,million,2025,10.196377
IIASA-WiC POP 2025,SSP2,Portugal,Population,million,2030,10.069498
IIASA-WiC POP 2025,SSP2,Portugal,Population,million,2035,9.96150900000001
IIASA-WiC POP 2025,SSP2,Portugal,Population,million,2040,9.86128700000001
IIASA-WiC POP 2025,SSP2,Portugal,Population,million,2045,9.762404000000009
IIASA-WiC POP 2025,SSP2,Portugal,Population,million,2050,9.662971000000011
IIASA-WiC POP 2025,SSP2,Puerto Rico,Population,million,2025,3.109319
IIASA-WiC POP 2025,SSP2,Puerto Rico,Population,million,2030,2.949256
IIASA-WiC POP 2025,SSP2,Puerto Rico,Population,million,2035,2.794688
IIASA-WiC POP 2025,SSP2,Puerto Rico,Population,million,2040,2.647042
IIASA-WiC POP 2025,SSP2,Puerto Rico,Population,million,2045,2.507474
IIASA-WiC POP 2025,SSP2,Puerto Rico,Population,million,2050,2.381428
IIASA-WiC POP 2025,SSP2,Qatar,Population,million,2025,3.125791
IIASA-WiC POP 2025,SSP2,Qatar,Population,million,2030,3.407818
IIASA-WiC POP 2025,SSP2,Qatar,Population,million,2035,3.681191
IIASA-WiC POP 2025,SSP2,Qatar,Population,million,2040,3.952339
IIASA-WiC POP 2025,SSP2,Qatar,Population,million,2045,4.218106
IIASA-WiC POP 2025,SSP2,Qatar,Population,million,2050,4.464774999999999
IIASA-WiC POP 2025,SSP2,Reforming Economies (R10),Population,million,2025,290.991358
IIASA-WiC POP 2025,SSP2,Reforming Economies (R10),Population,million,2030,294.490932
IIASA-WiC POP 2025,SSP2,Reforming Economies (R10),Population,million,2035,297.134937
IIASA-WiC POP 2025,SSP2,Reforming Economies (R10),Population,million,2040,299.628468
IIASA-WiC POP 2025,SSP2,Reforming Economies (R10),Population,million,2045,302.086495
IIASA-WiC POP 2025,SSP2,Reforming Economies (R10),Population,million,2050,304.184665
IIASA-WiC POP 2025,SSP2,Reforming Economies (R5),Population,million,2025,290.991358
IIASA-WiC POP 2025,SSP2,Reforming Economies (R5),Population,million,2030,294.490932
IIASA-WiC POP 2025,SSP2,Reforming Economies (R5),Population,million,2035,297.134937
IIASA-WiC POP 2025,SSP2,Reforming Economies (R5),Population,million,2040,299.628468
IIASA-WiC POP 2025,SSP2,Reforming Economies (R5),Population,million,2045,302.086495
IIASA-WiC POP 2025,SSP2,Reforming Economies (R5),Population,million,2050,304.184665
IIASA-WiC POP 2025,SSP2,Reforming Economies (R9),Population,million,2025,290.991358
IIASA-WiC POP 2025,SSP2,Reforming Economies (R9),Population,million,2030,294.490932
IIASA-WiC POP 2025,SSP2,Reforming Economies (R9),Population,million,2035,297.134937
IIASA-WiC POP 2025,SSP2,Reforming Economies (R9),Population,million,2040,299.628468
IIASA-WiC POP 2025,SSP2,Reforming Economies (R9),Population,million,2045,302.086495
IIASA-WiC POP 2025,SSP2,Reforming Economies (R9),Population,million,2050,304.184665
IIASA-WiC POP 2025,SSP2,Rest of Asia (R10),Population,million,2025,732.379799
IIASA-WiC POP 2025,SSP2,Rest of Asia (R10),Population,million,2030,759.054633
IIASA-WiC POP 2025,SSP2,Rest of Asia (R10),Population,million,2035,780.833694
IIASA-WiC POP 2025,SSP2,Rest of Asia (R10),Population,million,2040,797.5088169999999
IIASA-WiC POP 2025,SSP2,Rest of Asia (R10),Population,million,2045,809.2797979999999
IIASA-WiC POP 2025,SSP2,Rest of Asia (R10),Population,million,2050,816.4852470000001
IIASA-WiC POP 2025,SSP2,Romania,Population,million,2025,18.885716
IIASA-WiC POP 2025,SSP2,Romania,Population,million,2030,18.310787
IIASA-WiC POP 2025,SSP2,Romania,Population,million,2035,17.703964
IIASA-WiC POP 2025,SSP2,Romania,Population,million,2040,17.109353
IIASA-WiC POP 2025,SSP2,Romania,Population,million,2045,16.521048
IIASA-WiC POP 2025,SSP2,Romania,Population,million,2050,15.94051
IIASA-WiC POP 2025,SSP2,Russian Federation,Population,million,2025,145.394341
IIASA-WiC POP 2025,SSP2,Russian Federation,Population,million,2030,143.469876
IIASA-WiC POP 2025,SSP2,Russian Federation,Population,million,2035,141.704841
IIASA-WiC POP 2025,SSP2,Russian Federation,Population,million,2040,140.393013
IIASA-WiC POP 2025,SSP2,Russian Federation,Population,million,2045,139.573836
IIASA-WiC POP 2025,SSP2,Russian Federation,Population,million,2050,139.022941
IIASA-WiC POP 2025,SSP2,Rwanda,Population,million,2025,14.570678
IIASA-WiC POP 2025,SSP2,Rwanda,Population,million,2030,16.199303
IIASA-WiC POP 2025,SSP2,Rwanda,Population,million,2035,17.830262
IIASA-WiC POP 2025,SSP2,Rwanda,Population,million,2040,19.433992
IIASA-WiC POP 2025,SSP2,Rwanda,Population,million,2045,20.980623
IIASA-WiC POP 2025,SSP2,Rwanda,Population,million,2050,22.455446
IIASA-WiC POP 2025,SSP2,Réunion,Population,million,2025,1.000816
IIASA-WiC POP 2025,SSP2,Réunion,Population,million,2030,1.039585
IIASA-WiC POP 2025,SSP2,Réunion,Population,million,2035,1.072545
IIASA-WiC POP 2025,SSP2,Réunion,Population,million,2040,1.102815
IIASA-WiC POP 2025,SSP2,Réunion,Population,million,2045,1.128821
IIASA-WiC POP 2025,SSP2,Réunion,Population,million,2050,1.14977
IIASA-WiC POP 2025,SSP2,Saint Lucia,Population,million,2025,0.180791
IIASA-WiC POP 2025,SSP2,Saint Lucia,Population,million,2030,0.182952
IIASA-WiC POP 2025,SSP2,Saint Lucia,Population,million,2035,0.184138
IIASA-WiC POP 2025,SSP2,Saint Lucia,Population,million,2040,0.184217
IIASA-WiC POP 2025,SSP2,Saint Lucia,Population,million,2045,0.183337
IIASA-WiC POP 2025,SSP2,Saint Lucia,Population,million,2050,0.181731
IIASA-WiC POP 2025,SSP2,Saint Vincent and the Grenadines,Population,million,2025,0.101993
IIASA-WiC POP 2025,SSP2,Saint Vincent and the Grenadines,Population,million,2030,0.100616
IIASA-WiC POP 2025,SSP2,Saint Vincent and the Grenadines,Population,million,2035,0.098923
IIASA-WiC POP 2025,SSP2,Saint Vincent and the Grenadines,Population,million,2040,0.09699500000000001
IIASA-WiC POP 2025,SSP2,Saint Vincent and the Grenadines,Population,million,2045,0.0948240000000001
IIASA-WiC POP 2025,SSP2,Saint Vincent and the Grenadines,Population,million,2050,0.092332
IIASA-WiC POP 2025,SSP2,Samoa,Population,million,2025,0.226676
IIASA-WiC POP 2025,SSP2,Samoa,Population,million,2030,0.238569
IIASA-WiC POP 2025,SSP2,Samoa,Population,million,2035,0.248821
IIASA-WiC POP 2025,SSP2,Samoa,Population,million,2040,0.257568
IIASA-WiC POP 2025,SSP2,Samoa,Population,million,2045,0.264827
IIASA-WiC POP 2025,SSP2,Samoa,Population,million,2050,0.270217
IIASA-WiC POP 2025,SSP2,Sao Tome and Principe,Population,million,2025,0.237482
IIASA-WiC POP 2025,SSP2,Sao Tome and Principe,Population,million,2030,0.258839
IIASA-WiC POP 2025,SSP2,Sao Tome and Principe,Population,million,2035,0.279593
IIASA-WiC POP 2025,SSP2,Sao Tome and Principe,Population,million,2040,0.298876
IIASA-WiC POP 2025,SSP2,Sao Tome and Principe,Population,million,2045,0.316499
IIASA-WiC POP 2025,SSP2,Sao Tome and Principe,Population,million,2050,0.33185
IIASA-WiC POP 2025,SSP2,Saudi Arabia,Population,million,2025,39.22019
IIASA-WiC POP 2025,SSP2,Saudi Arabia,Population,million,2030,41.909557
IIASA-WiC POP 2025,SSP2,Saudi Arabia,Population,million,2035,44.3182209999999
IIASA-WiC POP 2025,SSP2,Saudi Arabia,Population,million,2040,46.430034
IIASA-WiC POP 2025,SSP2,Saudi Arabia,Population,million,2045,48.188669
IIASA-WiC POP 2025,SSP2,Saudi Arabia,Population,million,2050,49.55113900000001
IIASA-WiC POP 2025,SSP2,Senegal,Population,million,2025,18.370559
IIASA-WiC POP 2025,SSP2,Senegal,Population,million,2030,20.635823
IIASA-WiC POP 2025,SSP2,Senegal,Population,million,2035,22.978768
IIASA-WiC POP 2025,SSP2,Senegal,Population,million,2040,25.354606
IIASA-WiC POP 2025,SSP2,Senegal,Population,million,2045,27.735552
IIASA-WiC POP 2025,SSP2,Senegal,Population,million,2050,30.042477
IIASA-WiC POP 2025,SSP2,Serbia,Population,million,2025,7.153957
IIASA-WiC POP 2025,SSP2,Serbia,Population,million,2030,7.04423
IIASA-WiC POP 2025,SSP2,Serbia,Population,million,2035,6.933712000000001
IIASA-WiC POP 2025,SSP2,Serbia,Population,million,2040,6.81965600000001
IIASA-WiC POP 2025,SSP2,Serbia,Population,million,2045,6.712923
IIASA-WiC POP 2025,SSP2,Serbia,Population,million,2050,6.61866800000001
IIASA-WiC POP 2025,SSP2,Seychelles,Population,million,2025,0.109057
IIASA-WiC POP 2025,SSP2,Seychelles,Population,million,2030,0.112742
IIASA-WiC POP 2025,SSP2,Seychelles,Population,million,2035,0.115831
IIASA-WiC POP 2025,SSP2,Seychelles,Population,million,2040,0.118238
IIASA-WiC POP 2025,SSP2,Seychelles,Population,million,2045,0.119853
IIASA-WiC POP 2025,SSP2,Seychelles,Population,million,2050,0.120807
IIASA-WiC POP 2025,SSP2,Sierra Leone,Population,million,2025,9.070178
IIASA-WiC POP 2025,SSP2,Sierra Leone,Population,million,2030,9.995037
IIASA-WiC POP 2025,SSP2,Sierra Leone,Population,million,2035,10.899265
IIASA-WiC POP 2025,SSP2,Sierra Leone,Population,million,2040,11.758916
IIASA-WiC POP 2025,SSP2,Sierra Leone,Population,million,2045,12.553229
IIASA-WiC POP 2025,SSP2,Sierra Leone,Population,million,2050,13.274394
IIASA-WiC POP 2025,SSP2,Singapore,Population,million,2025,6.10754000000001
IIASA-WiC POP 2025,SSP2,Singapore,Population,million,2030,6.29482600000001
IIASA-WiC POP 2025,SSP2,Singapore,Population,million,2035,6.437782
IIASA-WiC POP 2025,SSP2,Singapore,Population,million,2040,6.53381100000001
IIASA-WiC POP 2025,SSP2,Singapore,Population,million,2045,6.592068
IIASA-WiC POP 2025,SSP2,Singapore,Population,million,2050,6.628146
IIASA-WiC POP 2025,SSP2,Slovakia,Population,million,2025,5.501991
IIASA-WiC POP 2025,SSP2,Slovakia,Population,million,2030,5.464144
IIASA-WiC POP 2025,SSP2,Slovakia,Population,million,2035,5.40414100000001
IIASA-WiC POP 2025,SSP2,Slovakia,Population,million,2040,5.330283000000001
IIASA-WiC POP 2025,SSP2,Slovakia,Population,million,2045,5.254349
IIASA-WiC POP 2025,SSP2,Slovakia,Population,million,2050,5.18062800000001
IIASA-WiC POP 2025,SSP2,Slovenia,Population,million,2025,2.114577
IIASA-WiC POP 2025,SSP2,Slovenia,Population,million,2030,2.10329
IIASA-WiC POP 2025,SSP2,Slovenia,Population,million,2035,2.088908
IIASA-WiC POP 2025,SSP2,Slovenia,Population,million,2040,2.074236
IIASA-WiC POP 2025,SSP2,Slovenia,Population,million,2045,2.059769
IIASA-WiC POP 2025,SSP2,Slovenia,Population,million,2050,2.043585
IIASA-WiC POP 2025,SSP2,Solomon Islands,Population,million,2025,0.7681949999999991
IIASA-WiC POP 2025,SSP2,Solomon Islands,Population,million,2030,0.8545090000000001
IIASA-WiC POP 2025,SSP2,Solomon Islands,Population,million,2035,0.940373
IIASA-WiC POP 2025,SSP2,Solomon Islands,Population,million,2040,1.025506
IIASA-WiC POP 2025,SSP2,Solomon Islands,Population,million,2045,1.107432
IIASA-WiC POP 2025,SSP2,Solomon Islands,Population,million,2050,1.184323
IIASA-WiC POP 2025,SSP2,Somalia,Population,million,2025,19.02004
IIASA-WiC POP 2025,SSP2,Somalia,Population,million,2030,22.157119
IIASA-WiC POP 2025,SSP2,Somalia,Population,million,2035,25.558944
IIASA-WiC POP 2025,SSP2,Somalia,Population,million,2040,29.178275
IIASA-WiC POP 2025,SSP2,Somalia,Population,million,2045,32.98639
IIASA-WiC POP 2025,SSP2,Somalia,Population,million,2050,36.913873
IIASA-WiC POP 2025,SSP2,South Africa,Population,million,2025,60.83381300000001
IIASA-WiC POP 2025,SSP2,South Africa,Population,million,2030,63.2843029999999
IIASA-WiC POP 2025,SSP2,South Africa,Population,million,2035,65.267448
IIASA-WiC POP 2025,SSP2,South Africa,Population,million,2040,66.80121699999991
IIASA-WiC POP 2025,SSP2,South Africa,Population,million,2045,67.888105
IIASA-WiC POP 2025,SSP2,South Africa,Population,million,2050,68.455971
IIASA-WiC POP 2025,SSP2,South Korea,Population,million,2025,51.512989
IIASA-WiC POP 2025,SSP2,South Korea,Population,million,2030,50.980927
IIASA-WiC POP 2025,SSP2,South Korea,Population,million,2035,50.244492
IIASA-WiC POP 2025,SSP2,South Korea,Population,million,2040,49.209172
IIASA-WiC POP 2025,SSP2,South Korea,Population,million,2045,47.898092
IIASA-WiC POP 2025,SSP2,South Korea,Population,million,2050,46.4342859999999
IIASA-WiC POP 2025,SSP2,South Sudan,Population,million,2025,11.082318
IIASA-WiC POP 2025,SSP2,South Sudan,Population,million,2030,11.715827
IIASA-WiC POP 2025,SSP2,South Sudan,Population,million,2035,12.413342
IIASA-WiC POP 2025,SSP2,South Sudan,Population,million,2040,13.06927
IIASA-WiC POP 2025,SSP2,South Sudan,Population,million,2045,13.544456
IIASA-WiC POP 2025,SSP2,South Sudan,Population,million,2050,13.794921
IIASA-WiC POP 2025,SSP2,Spain,Population,million,2025,47.59626
IIASA-WiC POP 2025,SSP2,Spain,Population,million,2030,47.811395
IIASA-WiC POP 2025,SSP2,Spain,Population,million,2035,48.086132
IIASA-WiC POP 2025,SSP2,Spain,Population,million,2040,48.45429600000001
IIASA-WiC POP 2025,SSP2,Spain,Population,million,2045,48.89510300000001
IIASA-WiC POP 2025,SSP2,Spain,Population,million,2050,49.395564
IIASA-WiC POP 2025,SSP2,Sri Lanka,Population,million,2025,22.224116
IIASA-WiC POP 2025,SSP2,Sri Lanka,Population,million,2030,22.625342
IIASA-WiC POP 2025,SSP2,Sri Lanka,Population,million,2035,22.925679
IIASA-WiC POP 2025,SSP2,Sri Lanka,Population,million,2040,23.130748
IIASA-WiC POP 2025,SSP2,Sri Lanka,Population,million,2045,23.215687
IIASA-WiC POP 2025,SSP2,Sri Lanka,Population,million,2050,23.182029
IIASA-WiC POP 2025,SSP2,Sudan,Population,million,2025,49.751585
IIASA-WiC POP 2025,SSP2,Sudan,Population,million,2030,55.69335700000001
IIASA-WiC POP 2025,SSP2,Sudan,Population,million,2035,61.50744199999991
IIASA-WiC POP 2025,SSP2,Sudan,Population,million,2040,67.124499
IIASA-WiC POP 2025,SSP2,Sudan,Population,million,2045,72.639112
IIASA-WiC POP 2025,SSP2,Sudan,Population,million,2050,77.9503649999999
IIASA-WiC POP 2025,SSP2,Suriname,Population,million,2025,0.633338
IIASA-WiC POP 2025,SSP2,Suriname,Population,million,2030,0.6624909999999989
IIASA-WiC POP 2025,SSP2,Suriname,Population,million,2035,0.688346
IIASA-WiC POP 2025,SSP2,Suriname,Population,million,2040,0.7105130000000001
IIASA-WiC POP 2025,SSP2,Suriname,Population,million,2045,0.7290019999999999
IIASA-WiC POP 2025,SSP2,Suriname,Population,million,2050,0.744012999999999
IIASA-WiC POP 2025,SSP2,Sweden,Population,million,2025,10.56977
IIASA-WiC POP 2025,SSP2,Sweden,Population,million,2030,10.770582
IIASA-WiC POP 2025,SSP2,Sweden,Population,million,2035,10.961948
IIASA-WiC POP 2025,SSP2,Sweden,Population,million,2040,11.170403
IIASA-WiC POP 2025,SSP2,Sweden,Population,million,2045,11.414462
IIASA-WiC POP 2025,SSP2,Sweden,Population,million,2050,11.69655
IIASA-WiC POP 2025,SSP2,Switzerland,Population,million,2025,8.846489
IIASA-WiC POP 2025,SSP2,Switzerland,Population,million,2030,9.013775000000011
IIASA-WiC POP 2025,SSP2,Switzerland,Population,million,2035,9.16650999999999
IIASA-WiC POP 2025,SSP2,Switzerland,Population,million,2040,9.316875000000008
IIASA-WiC POP 2025,SSP2,Switzerland,Population,million,2045,9.479105
IIASA-WiC POP 2025,SSP2,Switzerland,Population,million,2050,9.66024400000001
IIASA-WiC POP 2025,SSP2,Syria,Population,million,2025,22.104625
IIASA-WiC POP 2025,SSP2,Syria,Population,million,2030,23.893538
IIASA-WiC POP 2025,SSP2,Syria,Population,million,2035,25.82846
IIASA-WiC POP 2025,SSP2,Syria,Population,million,2040,27.659082
IIASA-WiC POP 2025,SSP2,Syria,Population,million,2045,29.237258
IIASA-WiC POP 2025,SSP2,Syria,Population,million,2050,30.507384
IIASA-WiC POP 2025,SSP2,Taiwan,Population,million,2025,23.475315
IIASA-WiC POP 2025,SSP2,Taiwan,Population,million,2030,23.083675
IIASA-WiC POP 2025,SSP2,Taiwan,Population,million,2035,22.538003
IIASA-WiC POP 2025,SSP2,Taiwan,Population,million,2040,21.826049
IIASA-WiC POP 2025,SSP2,Taiwan,Population,million,2045,20.9909
IIASA-WiC POP 2025,SSP2,Taiwan,Population,million,2050,20.098028
IIASA-WiC POP 2025,SSP2,Tajikistan,Population,million,2025,10.416997
IIASA-WiC POP 2025,SSP2,Tajikistan,Population,million,2030,11.325319
IIASA-WiC POP 2025,SSP2,Tajikistan,Population,million,2035,12.215322
IIASA-WiC POP 2025,SSP2,Tajikistan,Population,million,2040,13.0964
IIASA-WiC POP 2025,SSP2,Tajikistan,Population,million,2045,13.925217
IIASA-WiC POP 2025,SSP2,Tajikistan,Population,million,2050,14.632982
IIASA-WiC POP 2025,SSP2,Tanzania,Population,million,2025,70.25430300000001
IIASA-WiC POP 2025,SSP2,Tanzania,Population,million,2030,80.35759
IIASA-WiC POP 2025,SSP2,Tanzania,Population,million,2035,90.9292749999999
IIASA-WiC POP 2025,SSP2,Tanzania,Population,million,2040,101.859967
IIASA-WiC POP 2025,SSP2,Tanzania,Population,million,2045,113.029188
IIASA-WiC POP 2025,SSP2,Tanzania,Population,million,2050,124.212443
IIASA-WiC POP 2025,SSP2,Thailand,Population,million,2025,72.030014
IIASA-WiC POP 2025,SSP2,Thailand,Population,million,2030,72.19480300000001
IIASA-WiC POP 2025,SSP2,Thailand,Population,million,2035,71.854703
IIASA-WiC POP 2025,SSP2,Thailand,Population,million,2040,70.9983839999999
IIASA-WiC POP 2025,SSP2,Thailand,Population,million,2045,69.690962
IIASA-WiC POP 2025,SSP2,Thailand,Population,million,2050,67.97427800000001
IIASA-WiC POP 2025,SSP2,Timor-Leste,Population,million,2025,1.393823
IIASA-WiC POP 2025,SSP2,Timor-Leste,Population,million,2030,1.499831
IIASA-WiC POP 2025,SSP2,Timor-Leste,Population,million,2035,1.601591
IIASA-WiC POP 2025,SSP2,Timor-Leste,Population,million,2040,1.69341
IIASA-WiC POP 2025,SSP2,Timor-Leste,Population,million,2045,1.771077
IIASA-WiC POP 2025,SSP2,Timor-Leste,Population,million,2050,1.835057
IIASA-WiC POP 2025,SSP2,Togo,Population,million,2025,9.354153000000009
IIASA-WiC POP 2025,SSP2,Togo,Population,million,2030,10.390887
IIASA-WiC POP 2025,SSP2,Togo,Population,million,2035,11.430823
IIASA-WiC POP 2025,SSP2,Togo,Population,million,2040,12.455156
IIASA-WiC POP 2025,SSP2,Togo,Population,million,2045,13.443919
IIASA-WiC POP 2025,SSP2,Togo,Population,million,2050,14.372813
IIASA-WiC POP 2025,SSP2,Tonga,Population,million,2025,0.107989
IIASA-WiC POP 2025,SSP2,Tonga,Population,million,2030,0.110559
IIASA-WiC POP 2025,SSP2,Tonga,Population,million,2035,0.112606
IIASA-WiC POP 2025,SSP2,Tonga,Population,million,2040,0.114165
IIASA-WiC POP 2025,SSP2,Tonga,Population,million,2045,0.114916
IIASA-WiC POP 2025,SSP2,Tonga,Population,million,2050,0.114826
IIASA-WiC POP 2025,SSP2,Trinidad and Tobago,Population,million,2025,1.527884
IIASA-WiC POP 2025,SSP2,Trinidad and Tobago,Population,million,2030,1.532434
IIASA-WiC POP 2025,SSP2,Trinidad and Tobago,Population,million,2035,1.529048
IIASA-WiC POP 2025,SSP2,Trinidad and Tobago,Population,million,2040,1.518951
IIASA-WiC POP 2025,SSP2,Trinidad and Tobago,Population,million,2045,1.503283
IIASA-WiC POP 2025,SSP2,Trinidad and Tobago,Population,million,2050,1.481193
IIASA-WiC POP 2025,SSP2,Tunisia,Population,million,2025,12.623486
IIASA-WiC POP 2025,SSP2,Tunisia,Population,million,2030,13.056138
IIASA-WiC POP 2025,SSP2,Tunisia,Population,million,2035,13.369176
IIASA-WiC POP 2025,SSP2,Tunisia,Population,million,2040,13.606069
IIASA-WiC POP 2025,SSP2,Tunisia,Population,million,2045,13.795174
IIASA-WiC POP 2025,SSP2,Tunisia,Population,million,2050,13.933538
IIASA-WiC POP 2025,SSP2,Turkey,Population,million,2025,87.0890089999999
IIASA-WiC POP 2025,SSP2,Turkey,Population,million,2030,89.963219
IIASA-WiC POP 2025,SSP2,Turkey,Population,million,2035,92.303082
IIASA-WiC POP 2025,SSP2,Turkey,Population,million,2040,94.2002600000001
IIASA-WiC POP 2025,SSP2,Turkey,Population,million,2045,95.5771559999999
IIASA-WiC POP 2025,SSP2,Turkey,Population,million,2050,96.3749259999999
IIASA-WiC POP 2025,SSP2,Turkmenistan,Population,million,2025,6.714457
IIASA-WiC POP 2025,SSP2,Turkmenistan,Population,million,2030,7.142520999999999
IIASA-WiC POP 2025,SSP2,Turkmenistan,Population,million,2035,7.520217
IIASA-WiC POP 2025,SSP2,Turkmenistan,Population,million,2040,7.87676200000001
IIASA-WiC POP 2025,SSP2,Turkmenistan,Population,million,2045,8.215276000000012
IIASA-WiC POP 2025,SSP2,Turkmenistan,Population,million,2050,8.518201999999999
IIASA-WiC POP 2025,SSP2,USA (R9),Population,million,2025,341.969466
IIASA-WiC POP 2025,SSP2,USA (R9),Population,million,2030,349.674977
IIASA-WiC POP 2025,SSP2,USA (R9),Population,million,2035,357.121549
IIASA-WiC POP 2025,SSP2,USA (R9),Population,million,2040,364.248083
IIASA-WiC POP 2025,SSP2,USA (R9),Population,million,2045,370.775399
IIASA-WiC POP 2025,SSP2,USA (R9),Population,million,2050,376.900967
IIASA-WiC POP 2025,SSP2,Uganda,Population,million,2025,50.77312000000001
IIASA-WiC POP 2025,SSP2,Uganda,Population,million,2030,58.375352
IIASA-WiC POP 2025,SSP2,Uganda,Population,million,2035,66.3045290000001
IIASA-WiC POP 2025,SSP2,Uganda,Population,million,2040,74.3964210000001
IIASA-WiC POP 2025,SSP2,Uganda,Population,million,2045,82.5849379999999
IIASA-WiC POP 2025,SSP2,Uganda,Population,million,2050,90.75444800000001
IIASA-WiC POP 2025,SSP2,Ukraine,Population,million,2025,36.391202
IIASA-WiC POP 2025,SSP2,Ukraine,Population,million,2030,36.944393
IIASA-WiC POP 2025,SSP2,Ukraine,Population,million,2035,36.945438
IIASA-WiC POP 2025,SSP2,Ukraine,Population,million,2040,36.51855
IIASA-WiC POP 2025,SSP2,Ukraine,Population,million,2045,35.812696
IIASA-WiC POP 2025,SSP2,Ukraine,Population,million,2050,35.009324
IIASA-WiC POP 2025,SSP2,United Arab Emirates,Population,million,2025,9.792430000000001
IIASA-WiC POP 2025,SSP2,United Arab Emirates,Population,million,2030,10.288551
IIASA-WiC POP 2025,SSP2,United Arab Emirates,Population,million,2035,10.708719
IIASA-WiC POP 2025,SSP2,United Arab Emirates,Population,million,2040,11.065265
IIASA-WiC POP 2025,SSP2,United Arab Emirates,Population,million,2045,11.384253
IIASA-WiC POP 2025,SSP2,United Arab Emirates,Population,million,2050,11.67033
IIASA-WiC POP 2025,SSP2,United Kingdom,Population,million,2025,67.8339489999999
IIASA-WiC POP 2025,SSP2,United Kingdom,Population,million,2030,68.69873299999999
IIASA-WiC POP 2025,SSP2,United Kingdom,Population,million,2035,69.5761429999999
IIASA-WiC POP 2025,SSP2,United Kingdom,Population,million,2040,70.53099499999999
IIASA-WiC POP 2025,SSP2,United Kingdom,Population,million,2045,71.603217
IIASA-WiC POP 2025,SSP2,United Kingdom,Population,million,2050,72.77520200000001
IIASA-WiC POP 2025,SSP2,United States,Population,million,2025,341.969466
IIASA-WiC POP 2025,SSP2,United States,Population,million,2030,349.674977
IIASA-WiC POP 2025,SSP2,United States,Population,million,2035,357.121549
IIASA-WiC POP 2025,SSP2,United States,Population,million,2040,364.248083
IIASA-WiC POP 2025,SSP2,United States,Population,million,2045,370.775399
IIASA-WiC POP 2025,SSP2,United States,Population,million,2050,376.900967
IIASA-WiC POP 2025,SSP2,United States Virgin Islands,Population,million,2025,0.098266
IIASA-WiC POP 2025,SSP2,United States Virgin Islands,Population,million,2030,0.096251
IIASA-WiC POP 2025,SSP2,United States Virgin Islands,Population,million,2035,0.094416
IIASA-WiC POP 2025,SSP2,United States Virgin Islands,Population,million,2040,0.092789
IIASA-WiC POP 2025,SSP2,United States Virgin Islands,Population,million,2045,0.09152800000000001
IIASA-WiC POP 2025,SSP2,United States Virgin Islands,Population,million,2050,0.090644
IIASA-WiC POP 2025,SSP2,Uruguay,Population,million,2025,3.411022
IIASA-WiC POP 2025,SSP2,Uruguay,Population,million,2030,3.400947
IIASA-WiC POP 2025,SSP2,Uruguay,Population,million,2035,3.386825
IIASA-WiC POP 2025,SSP2,Uruguay,Population,million,2040,3.3645
IIASA-WiC POP 2025,SSP2,Uruguay,Population,million,2045,3.331266
IIASA-WiC POP 2025,SSP2,Uruguay,Population,million,2050,3.285633
IIASA-WiC POP 2025,SSP2,Uzbekistan,Population,million,2025,36.057826
IIASA-WiC POP 2025,SSP2,Uzbekistan,Population,million,2030,38.52814100000001
IIASA-WiC POP 2025,SSP2,Uzbekistan,Population,million,2035,40.758839
IIASA-WiC POP 2025,SSP2,Uzbekistan,Population,million,2040,42.902134
IIASA-WiC POP 2025,SSP2,Uzbekistan,Population,million,2045,44.970275
IIASA-WiC POP 2025,SSP2,Uzbekistan,Population,million,2050,46.857036
IIASA-WiC POP 2025,SSP2,Vanuatu,Population,million,2025,0.343505
IIASA-WiC POP 2025,SSP2,Vanuatu,Population,million,2030,0.378539999999999
IIASA-WiC POP 2025,SSP2,Vanuatu,Population,million,2035,0.413577
IIASA-WiC POP 2025,SSP2,Vanuatu,Population,million,2040,0.448339
IIASA-WiC POP 2025,SSP2,Vanuatu,Population,million,2045,0.4823
IIASA-WiC POP 2025,SSP2,Vanuatu,Population,million,2050,0.514101
IIASA-WiC POP 2025,SSP2,Venezuela,Population,million,2025,29.785672
IIASA-WiC POP 2025,SSP2,Venezuela,Population,million,2030,31.034124
IIASA-WiC POP 2025,SSP2,Venezuela,Population,million,2035,32.17941
IIASA-WiC POP 2025,SSP2,Venezuela,Population,million,2040,33.128443
IIASA-WiC POP 2025,SSP2,Venezuela,Population,million,2045,33.864863
IIASA-WiC POP 2025,SSP2,Venezuela,Population,million,2050,34.41468
IIASA-WiC POP 2025,SSP2,Viet Nam,Population,million,2025,99.8072100000001
IIASA-WiC POP 2025,SSP2,Viet Nam,Population,million,2030,102.706243
IIASA-WiC POP 2025,SSP2,Viet Nam,Population,million,2035,104.777039
IIASA-WiC POP 2025,SSP2,Viet Nam,Population,million,2040,106.223088
IIASA-WiC POP 2025,SSP2,Viet Nam,Population,million,2045,107.134283
IIASA-WiC POP 2025,SSP2,Viet Nam,Population,million,2050,107.573609
IIASA-WiC POP 2025,SSP2,Western Sahara,Population,million,2025,0.597309999999999
IIASA-WiC POP 2025,SSP2,Western Sahara,Population,million,2030,0.638634
IIASA-WiC POP 2025,SSP2,Western Sahara,Population,million,2035,0.676157999999999
IIASA-WiC POP 2025,SSP2,Western Sahara,Population,million,2040,0.710757
IIASA-WiC POP 2025,SSP2,Western Sahara,Population,million,2045,0.7421810000000001
IIASA-WiC POP 2025,SSP2,Western Sahara,Population,million,2050,0.7707740000000001
IIASA-WiC POP 2025,SSP2,World,Population,million,2025,8151.639502999999
IIASA-WiC POP 2025,SSP2,World,Population,million,2030,8496.67780299999
IIASA-WiC POP 2025,SSP2,World,Population,million,2035,8816.982553999991
IIASA-WiC POP 2025,SSP2,World,Population,million,2040,9110.647602000001
IIASA-WiC POP 2025,SSP2,World,Population,million,2045,9371.223953000012
IIASA-WiC POP 2025,SSP2,World,Population,million,2050,9593.835625
IIASA-WiC POP 2025,SSP2,Yemen,Population,million,2025,35.731379
IIASA-WiC POP 2025,SSP2,Yemen,Population,million,2030,39.617549
IIASA-WiC POP 2025,SSP2,Yemen,Population,million,2035,43.408976
IIASA-WiC POP 2025,SSP2,Yemen,Population,million,2040,47.043304
IIASA-WiC POP 2025,SSP2,Yemen,Population,million,2045,50.503179
IIASA-WiC POP 2025,SSP2,Yemen,Population,million,2050,53.683775
IIASA-WiC POP 2025,SSP2,Zambia,Population,million,2025,21.313458
IIASA-WiC POP 2025,SSP2,Zambia,Population,million,2030,24.073267
IIASA-WiC POP 2025,SSP2,Zambia,Population,million,2035,26.878722
IIASA-WiC POP 2025,SSP2,Zambia,Population,million,2040,29.669082
IIASA-WiC POP 2025,SSP2,Zambia,Population,million,2045,32.380668
IIASA-WiC POP 2025,SSP2,Zambia,Population,million,2050,34.93906500000001
IIASA-WiC POP 2025,SSP2,Zimbabwe,Population,million,2025,16.972672
IIASA-WiC POP 2025,SSP2,Zimbabwe,Population,million,2030,18.403949
IIASA-WiC POP 2025,SSP2,Zimbabwe,Population,million,2035,19.76694
IIASA-WiC POP 2025,SSP2,Zimbabwe,Population,million,2040,21.022358
IIASA-WiC POP 2025,SSP2,Zimbabwe,Population,million,2045,22.159566
IIASA-WiC POP 2025,SSP2,Zimbabwe,Population,million,2050,23.122443
