time,ws100,ghi,dni,dhi,t2m
2021-01-01 00:00:00,3.670,0.000,0.000,0.000,0.600
2021-01-01 01:00:00,3.730,0.000,0.000,0.000,0.500
2021-01-01 02:00:00,3.830,0.000,0.000,0.000,0.200
2021-01-01 03:00:00,3.830,0.000,0.000,0.000,0.100
2021-01-01 04:00:00,3.670,0.000,0.000,0.000,0.000
2021-01-01 05:00:00,3.790,0.000,0.000,0.000,0.200
2021-01-01 06:00:00,4.160,0.000,0.000,0.000,0.500
2021-01-01 07:00:00,4.520,0.000,0.000,0.000,0.700
2021-01-01 08:00:00,4.650,3.000,19.100,2.000,0.800
2021-01-01 09:00:00,4.660,43.000,144.800,29.000,1.100
2021-01-01 10:00:00,5.060,85.000,126.200,62.000,1.900
2021-01-01 11:00:00,4.210,84.000,68.200,68.000,2.400
2021-01-01 12:00:00,3.940,113.000,132.200,80.000,3.100
2021-01-01 13:00:00,4.200,102.000,154.500,67.000,3.300
2021-01-01 14:00:00,4.240,79.000,161.500,52.000,3.400
2021-01-01 15:00:00,5.190,30.000,116.600,21.000,3.400
2021-01-01 16:00:00,5.900,0.000,0.000,0.000,3.200
2021-01-01 17:00:00,6.020,0.000,0.000,0.000,3.100
2021-01-01 18:00:00,6.070,0.000,0.000,0.000,3.200
2021-01-01 19:00:00,6.180,0.000,0.000,0.000,3.500
2021-01-01 20:00:00,6.360,0.000,0.000,0.000,3.500
2021-01-01 21:00:00,6.230,0.000,0.000,0.000,3.600
2021-01-01 22:00:00,6.150,0.000,0.000,0.000,3.500
2021-01-01 23:00:00,6.270,0.000,0.000,0.000,3.500
2021-01-02 00:00:00,6.360,0.000,0.000,0.000,3.200
2021-01-02 01:00:00,6.210,0.000,0.000,0.000,3.200
2021-01-02 02:00:00,6.000,0.000,0.000,0.000,3.100
2021-01-02 03:00:00,6.000,0.000,0.000,0.000,2.900
2021-01-02 04:00:00,5.830,0.000,0.000,0.000,2.700
2021-01-02 05:00:00,5.910,0.000,0.000,0.000,2.400
2021-01-02 06:00:00,5.870,0.000,0.000,0.000,2.300
2021-01-02 07:00:00,5.730,0.000,0.000,0.000,2.300
2021-01-02 08:00:00,5.380,3.000,19.100,2.000,2.400
2021-01-02 09:00:00,4.740,49.000,195.300,30.000,2.700
2021-01-02 10:00:00,3.640,103.000,245.600,58.000,3.100
2021-01-02 11:00:00,3.610,134.000,280.100,68.000,3.800
2021-01-02 12:00:00,3.330,99.000,91.600,76.000,4.000
2021-01-02 13:00:00,2.750,108.000,144.500,75.000,4.300
2021-01-02 14:00:00,2.240,49.000,11.800,47.000,4.300
2021-01-02 15:00:00,1.560,21.000,25.500,19.000,4.000
2021-01-02 16:00:00,0.500,0.000,0.000,0.000,3.900
2021-01-02 17:00:00,0.500,0.000,0.000,0.000,3.900
2021-01-02 18:00:00,1.240,0.000,0.000,0.000,3.400
2021-01-02 19:00:00,2.400,0.000,0.000,0.000,3.400
2021-01-02 20:00:00,3.080,0.000,0.000,0.000,2.500
2021-01-02 21:00:00,3.880,0.000,0.000,0.000,2.800
2021-01-02 22:00:00,5.410,0.000,0.000,0.000,2.800
2021-01-02 23:00:00,5.500,0.000,0.000,0.000,2.300
2021-01-03 00:00:00,5.630,0.000,0.000,0.000,2.500
2021-01-03 01:00:00,5.850,0.000,0.000,0.000,2.500
2021-01-03 02:00:00,6.170,0.000,0.000,0.000,2.600
2021-01-03 03:00:00,6.710,0.000,0.000,0.000,2.600
2021-01-03 04:00:00,7.000,0.000,0.000,0.000,2.600
2021-01-03 05:00:00,7.190,0.000,0.000,0.000,2.600
2021-01-03 06:00:00,7.320,0.000,0.000,0.000,2.500
2021-01-03 07:00:00,7.680,0.000,0.000,0.000,2.400
2021-01-03 08:00:00,8.250,2.000,0.000,2.000,2.400
2021-01-03 09:00:00,8.430,26.000,10.200,25.000,2.300
2021-01-03 10:00:00,8.700,58.000,10.900,56.000,2.300
2021-01-03 11:00:00,8.870,69.000,33.800,61.000,2.300
2021-01-03 12:00:00,9.390,48.000,0.000,48.000,1.900
2021-01-03 13:00:00,9.320,42.000,4.300,41.000,1.600
2021-01-03 14:00:00,8.220,32.000,0.000,32.000,1.600
2021-01-03 15:00:00,8.130,11.000,0.000,11.000,1.500
2021-01-03 16:00:00,7.680,0.000,0.000,0.000,1.400
2021-01-03 17:00:00,7.580,0.000,0.000,0.000,1.400
2021-01-03 18:00:00,7.600,0.000,0.000,0.000,1.300
2021-01-03 19:00:00,7.710,0.000,0.000,0.000,1.300
2021-01-03 20:00:00,7.800,0.000,0.000,0.000,1.300
2021-01-03 21:00:00,7.930,0.000,0.000,0.000,1.300
2021-01-03 22:00:00,7.570,0.000,0.000,0.000,1.400
2021-01-03 23:00:00,6.890,0.000,0.000,0.000,1.400
2021-01-04 00:00:00,6.810,0.000,0.000,0.000,1.500
2021-01-04 01:00:00,6.880,0.000,0.000,0.000,1.600
2021-01-04 02:00:00,6.960,0.000,0.000,0.000,1.600
2021-01-04 03:00:00,6.880,0.000,0.000,0.000,1.600
2021-01-04 04:00:00,6.990,0.000,0.000,0.000,1.700
2021-01-04 05:00:00,6.960,0.000,0.000,0.000,1.700
2021-01-04 06:00:00,6.800,0.000,0.000,0.000,1.600
2021-01-04 07:00:00,6.540,0.000,0.000,0.000,1.500
2021-01-04 08:00:00,6.310,1.000,0.000,1.000,1.300
2021-01-04 09:00:00,5.890,9.000,0.000,9.000,1.400
2021-01-04 10:00:00,5.880,34.000,0.000,34.000,1.400
2021-01-04 11:00:00,5.700,48.000,0.000,48.000,1.500
2021-01-04 12:00:00,5.880,41.000,0.000,41.000,1.400
2021-01-04 13:00:00,6.410,62.000,21.500,57.000,1.400
2021-01-04 14:00:00,5.490,39.000,0.000,39.000,1.200
2021-01-04 15:00:00,5.280,25.000,36.500,22.000,1.100
2021-01-04 16:00:00,5.370,1.000,0.000,1.000,1.000
2021-01-04 17:00:00,5.370,0.000,0.000,0.000,1.100
2021-01-04 18:00:00,5.590,0.000,0.000,0.000,1.100
2021-01-04 19:00:00,5.550,0.000,0.000,0.000,1.100
2021-01-04 20:00:00,5.460,0.000,0.000,0.000,1.100
2021-01-04 21:00:00,5.420,0.000,0.000,0.000,1.000
2021-01-04 22:00:00,4.830,0.000,0.000,0.000,1.000
2021-01-04 23:00:00,5.500,0.000,0.000,0.000,1.000
2021-01-05 00:00:00,4.970,0.000,0.000,0.000,1.000
2021-01-05 01:00:00,5.300,0.000,0.000,0.000,1.100
2021-01-05 02:00:00,5.470,0.000,0.000,0.000,1.200
2021-01-05 03:00:00,5.230,0.000,0.000,0.000,1.200
2021-01-05 04:00:00,5.010,0.000,0.000,0.000,1.300
2021-01-05 05:00:00,4.970,0.000,0.000,0.000,1.300
2021-01-05 06:00:00,5.220,0.000,0.000,0.000,1.300
2021-01-05 07:00:00,5.350,0.000,0.000,0.000,1.300
2021-01-05 08:00:00,5.410,1.000,0.000,1.000,1.300
2021-01-05 09:00:00,5.550,11.000,0.000,11.000,1.400
2021-01-05 10:00:00,6.470,36.000,0.000,36.000,1.700
2021-01-05 11:00:00,7.070,47.000,4.200,46.000,1.900
2021-01-05 12:00:00,6.800,56.000,0.000,56.000,2.200
2021-01-05 13:00:00,7.200,46.000,0.000,46.000,2.500
2021-01-05 14:00:00,5.810,28.000,0.000,28.000,2.500
2021-01-05 15:00:00,5.940,11.000,0.000,11.000,2.800
2021-01-05 16:00:00,6.510,0.000,0.000,0.000,3.000
2021-01-05 17:00:00,6.530,0.000,0.000,0.000,3.100
2021-01-05 18:00:00,6.390,0.000,0.000,0.000,3.100
2021-01-05 19:00:00,6.370,0.000,0.000,0.000,3.100
2021-01-05 20:00:00,6.230,0.000,0.000,0.000,3.100
2021-01-05 21:00:00,6.400,0.000,0.000,0.000,3.000
2021-01-05 22:00:00,6.080,0.000,0.000,0.000,3.000
2021-01-05 23:00:00,6.460,0.000,0.000,0.000,3.000
2021-01-06 00:00:00,6.400,0.000,0.000,0.000,2.900
2021-01-06 01:00:00,6.500,0.000,0.000,0.000,2.800
2021-01-06 02:00:00,6.510,0.000,0.000,0.000,2.800
2021-01-06 03:00:00,6.310,0.000,0.000,0.000,2.500
2021-01-06 04:00:00,6.040,0.000,0.000,0.000,2.300
2021-01-06 05:00:00,6.070,0.000,0.000,0.000,2.000
2021-01-06 06:00:00,5.900,0.000,0.000,0.000,1.600
2021-01-06 07:00:00,5.810,0.000,0.000,0.000,1.300
2021-01-06 08:00:00,5.690,2.000,0.000,2.000,1.100
2021-01-06 09:00:00,6.840,20.000,0.000,20.000,1.200
2021-01-06 10:00:00,6.020,41.000,0.000,41.000,1.200
2021-01-06 11:00:00,5.910,70.000,0.000,70.000,1.400
2021-01-06 12:00:00,5.660,82.000,3.900,81.000,1.500
2021-01-06 13:00:00,6.010,72.000,4.200,71.000,1.300
2021-01-06 14:00:00,6.220,51.000,0.000,51.000,1.200
2021-01-06 15:00:00,5.690,23.000,0.000,23.000,1.000
2021-01-06 16:00:00,5.500,1.000,0.000,1.000,0.800
2021-01-06 17:00:00,5.820,0.000,0.000,0.000,0.700
2021-01-06 18:00:00,6.260,0.000,0.000,0.000,0.500
2021-01-06 19:00:00,6.400,0.000,0.000,0.000,0.500
2021-01-06 20:00:00,6.020,0.000,0.000,0.000,0.600
2021-01-06 21:00:00,5.950,0.000,0.000,0.000,0.600
2021-01-06 22:00:00,6.520,0.000,0.000,0.000,0.500
2021-01-06 23:00:00,7.120,0.000,0.000,0.000,0.400
2021-01-07 00:00:00,6.820,0.000,0.000,0.000,0.400
2021-01-07 01:00:00,6.600,0.000,0.000,0.000,0.400
2021-01-07 02:00:00,6.620,0.000,0.000,0.000,0.400
2021-01-07 03:00:00,6.730,0.000,0.000,0.000,0.400
2021-01-07 04:00:00,7.130,0.000,0.000,0.000,0.400
2021-01-07 05:00:00,7.060,0.000,0.000,0.000,0.300
2021-01-07 06:00:00,7.200,0.000,0.000,0.000,0.400
2021-01-07 07:00:00,6.670,0.000,0.000,0.000,0.400
2021-01-07 08:00:00,6.390,2.000,0.000,2.000,0.500
2021-01-07 09:00:00,7.060,27.000,9.800,26.000,0.600
2021-01-07 10:00:00,7.080,69.000,52.800,59.000,0.700
2021-01-07 11:00:00,6.960,88.000,28.700,81.000,1.000
2021-01-07 12:00:00,7.120,82.000,7.700,80.000,1.100
2021-01-07 13:00:00,7.180,84.000,8.400,82.000,1.300
2021-01-07 14:00:00,5.890,52.000,0.000,52.000,1.400
2021-01-07 15:00:00,5.280,22.000,0.000,22.000,1.400
2021-01-07 16:00:00,4.940,1.000,0.000,1.000,1.300
2021-01-07 17:00:00,4.610,0.000,0.000,0.000,1.100
2021-01-07 18:00:00,4.490,0.000,0.000,0.000,0.800
2021-01-07 19:00:00,4.340,0.000,0.000,0.000,0.800
2021-01-07 20:00:00,3.920,0.000,0.000,0.000,0.700
2021-01-07 21:00:00,3.740,0.000,0.000,0.000,0.400
2021-01-07 22:00:00,3.740,0.000,0.000,0.000,0.900
2021-01-07 23:00:00,3.700,0.000,0.000,0.000,0.800
2021-01-08 00:00:00,3.440,0.000,0.000,0.000,0.900
2021-01-08 01:00:00,3.500,0.000,0.000,0.000,0.900
2021-01-08 02:00:00,3.830,0.000,0.000,0.000,0.800
2021-01-08 03:00:00,3.950,0.000,0.000,0.000,0.800
2021-01-08 04:00:00,3.770,0.000,0.000,0.000,0.700
2021-01-08 05:00:00,3.880,0.000,0.000,0.000,0.600
2021-01-08 06:00:00,4.030,0.000,0.000,0.000,0.500
2021-01-08 07:00:00,3.860,0.000,0.000,0.000,0.700
2021-01-08 08:00:00,3.610,2.000,0.000,2.000,0.700
2021-01-08 09:00:00,4.300,25.000,19.300,23.000,0.800
2021-01-08 10:00:00,4.570,49.000,20.900,45.000,0.900
2021-01-08 11:00:00,4.800,66.000,12.200,63.000,0.900
2021-01-08 12:00:00,5.080,79.000,30.500,71.000,0.900
2021-01-08 13:00:00,4.950,102.000,136.600,69.000,1.100
2021-01-08 14:00:00,5.450,75.000,54.500,65.000,0.900
2021-01-08 15:00:00,5.380,37.000,75.400,30.000,0.600
2021-01-08 16:00:00,5.300,2.000,0.000,2.000,0.400
2021-01-08 17:00:00,5.510,0.000,0.000,0.000,0.500
2021-01-08 18:00:00,5.810,0.000,0.000,0.000,0.500
2021-01-08 19:00:00,5.860,0.000,0.000,0.000,0.600
2021-01-08 20:00:00,5.900,0.000,0.000,0.000,0.600
2021-01-08 21:00:00,5.990,0.000,0.000,0.000,0.500
2021-01-08 22:00:00,6.260,0.000,0.000,0.000,0.500
2021-01-08 23:00:00,6.520,0.000,0.000,0.000,0.600
2021-01-09 00:00:00,6.340,0.000,0.000,0.000,0.600
2021-01-09 01:00:00,6.010,0.000,0.000,0.000,0.600
2021-01-09 02:00:00,5.800,0.000,0.000,0.000,0.300
2021-01-09 03:00:00,5.330,0.000,0.000,0.000,0.000
2021-01-09 04:00:00,5.050,0.000,0.000,0.000,0.000
2021-01-09 05:00:00,5.150,0.000,0.000,0.000,-0.100
2021-01-09 06:00:00,5.150,0.000,0.000,0.000,-0.000
2021-01-09 07:00:00,5.150,0.000,0.000,0.000,0.000
2021-01-09 08:00:00,5.150,3.000,0.000,3.000,0.100
2021-01-09 09:00:00,4.300,26.000,0.000,26.000,0.300
2021-01-09 10:00:00,4.770,50.000,15.500,47.000,0.500
2021-01-09 11:00:00,4.580,67.000,20.200,62.000,0.700
2021-01-09 12:00:00,4.170,70.000,7.500,68.000,0.800
2021-01-09 13:00:00,3.670,73.000,16.400,69.000,1.000
2021-01-09 14:00:00,3.400,54.000,48.300,45.000,1.200
2021-01-09 15:00:00,3.050,24.000,41.800,20.000,1.300
2021-01-09 16:00:00,2.750,1.000,0.000,1.000,0.900
2021-01-09 17:00:00,2.730,0.000,0.000,0.000,1.000
2021-01-09 18:00:00,2.870,0.000,0.000,0.000,0.700
2021-01-09 19:00:00,2.610,0.000,0.000,0.000,0.700
2021-01-09 20:00:00,2.160,0.000,0.000,0.000,0.400
2021-01-09 21:00:00,1.570,0.000,0.000,0.000,-0.400
2021-01-09 22:00:00,1.220,0.000,0.000,0.000,-0.200
2021-01-09 23:00:00,1.720,0.000,0.000,0.000,-0.500
2021-01-10 00:00:00,1.800,0.000,0.000,0.000,-0.200
2021-01-10 01:00:00,2.060,0.000,0.000,0.000,-0.500
2021-01-10 02:00:00,2.190,0.000,0.000,0.000,-0.700
2021-01-10 03:00:00,2.280,0.000,0.000,0.000,-0.800
2021-01-10 04:00:00,2.480,0.000,0.000,0.000,-0.500
2021-01-10 05:00:00,2.700,0.000,0.000,0.000,-0.300
2021-01-10 06:00:00,3.000,0.000,0.000,0.000,-0.300
2021-01-10 07:00:00,3.400,0.000,0.000,0.000,-0.300
2021-01-10 08:00:00,3.830,2.000,0.000,2.000,-0.300
2021-01-10 09:00:00,4.120,24.000,9.400,23.000,0.300
2021-01-10 10:00:00,4.380,49.000,25.700,44.000,1.100
2021-01-10 11:00:00,4.690,74.000,52.000,61.000,1.700
2021-01-10 12:00:00,4.750,128.000,171.900,82.000,2.200
2021-01-10 13:00:00,4.670,77.000,44.600,66.000,2.400
2021-01-10 14:00:00,5.520,46.000,31.700,40.000,2.400
2021-01-10 15:00:00,6.230,23.000,10.100,22.000,2.100
2021-01-10 16:00:00,6.720,2.000,0.000,2.000,1.400
2021-01-10 17:00:00,7.150,0.000,0.000,0.000,1.300
2021-01-10 18:00:00,7.520,0.000,0.000,0.000,1.400
2021-01-10 19:00:00,7.760,0.000,0.000,0.000,1.400
2021-01-10 20:00:00,8.160,0.000,0.000,0.000,1.500
2021-01-10 21:00:00,8.320,0.000,0.000,0.000,1.500
2021-01-10 22:00:00,8.270,0.000,0.000,0.000,1.800
2021-01-10 23:00:00,8.200,0.000,0.000,0.000,1.800
2021-01-11 00:00:00,7.920,0.000,0.000,0.000,1.900
2021-01-11 01:00:00,7.610,0.000,0.000,0.000,1.900
2021-01-11 02:00:00,7.680,0.000,0.000,0.000,1.900
2021-01-11 03:00:00,7.680,0.000,0.000,0.000,2.000
2021-01-11 04:00:00,7.960,0.000,0.000,0.000,2.000
2021-01-11 05:00:00,8.290,0.000,0.000,0.000,1.900
2021-01-11 06:00:00,8.510,0.000,0.000,0.000,1.900
2021-01-11 07:00:00,8.930,0.000,0.000,0.000,1.800
2021-01-11 08:00:00,9.280,2.000,0.000,2.000,1.600
2021-01-11 09:00:00,9.420,17.000,0.000,17.000,1.400
2021-01-11 10:00:00,8.940,56.000,0.000,56.000,1.700
2021-01-11 11:00:00,8.350,112.000,71.400,94.000,2.100
2021-01-11 12:00:00,8.910,106.000,77.700,85.000,2.300
2021-01-11 13:00:00,10.170,71.000,40.000,61.000,2.400
2021-01-11 14:00:00,9.630,40.000,20.800,36.000,2.500
2021-01-11 15:00:00,10.040,11.000,0.000,11.000,2.700
2021-01-11 16:00:00,10.410,1.000,0.000,1.000,2.800
2021-01-11 17:00:00,10.730,0.000,0.000,0.000,2.900
2021-01-11 18:00:00,10.780,0.000,0.000,0.000,3.200
2021-01-11 19:00:00,11.040,0.000,0.000,0.000,3.500
2021-01-11 20:00:00,11.140,0.000,0.000,0.000,3.800
2021-01-11 21:00:00,11.290,0.000,0.000,0.000,4.000
2021-01-11 22:00:00,11.030,0.000,0.000,0.000,4.100
2021-01-11 23:00:00,11.430,0.000,0.000,0.000,3.900
2021-01-12 00:00:00,11.790,0.000,0.000,0.000,3.900
2021-01-12 01:00:00,11.680,0.000,0.000,0.000,4.000
2021-01-12 02:00:00,11.560,0.000,0.000,0.000,4.200
2021-01-12 03:00:00,11.460,0.000,0.000,0.000,4.400
2021-01-12 04:00:00,10.950,0.000,0.000,0.000,4.300
2021-01-12 05:00:00,10.780,0.000,0.000,0.000,4.000
2021-01-12 06:00:00,10.790,0.000,0.000,0.000,4.000
2021-01-12 07:00:00,9.960,0.000,0.000,0.000,4.400
2021-01-12 08:00:00,8.460,1.000,0.000,1.000,4.900
2021-01-12 09:00:00,6.800,7.000,0.000,7.000,5.200
2021-01-12 10:00:00,6.160,15.000,0.000,15.000,4.500
2021-01-12 11:00:00,6.120,29.000,7.900,27.000,4.200
2021-01-12 12:00:00,5.530,75.000,117.200,43.000,4.100
2021-01-12 13:00:00,5.190,99.000,138.500,64.000,4.400
2021-01-12 14:00:00,6.740,86.000,173.900,52.000,4.000
2021-01-12 15:00:00,7.890,58.000,257.000,31.000,3.600
2021-01-12 16:00:00,9.350,4.000,19.100,3.000,2.900
2021-01-12 17:00:00,10.450,0.000,0.000,0.000,2.800
2021-01-12 18:00:00,9.600,0.000,0.000,0.000,2.500
2021-01-12 19:00:00,8.510,0.000,0.000,0.000,2.000
2021-01-12 20:00:00,8.730,0.000,0.000,0.000,1.800
2021-01-12 21:00:00,9.220,0.000,0.000,0.000,1.700
2021-01-12 22:00:00,9.600,0.000,0.000,0.000,1.700
2021-01-12 23:00:00,9.700,0.000,0.000,0.000,1.600
2021-01-13 00:00:00,9.550,0.000,0.000,0.000,1.500
2021-01-13 01:00:00,9.600,0.000,0.000,0.000,1.400
2021-01-13 02:00:00,9.800,0.000,0.000,0.000,1.400
2021-01-13 03:00:00,9.910,0.000,0.000,0.000,1.400
2021-01-13 04:00:00,10.270,0.000,0.000,0.000,1.600
2021-01-13 05:00:00,10.580,0.000,0.000,0.000,1.800
2021-01-13 06:00:00,10.680,0.000,0.000,0.000,1.800
2021-01-13 07:00:00,10.850,0.000,0.000,0.000,1.800
2021-01-13 08:00:00,10.340,6.000,19.100,5.000,1.800
2021-01-13 09:00:00,9.970,59.000,222.600,34.000,1.900
2021-01-13 10:00:00,9.050,129.000,337.400,61.000,2.600
2021-01-13 11:00:00,9.580,177.000,435.300,65.000,3.000
2021-01-13 12:00:00,10.660,186.000,395.200,77.000,3.400
2021-01-13 13:00:00,13.070,131.000,211.100,77.000,3.700
2021-01-13 14:00:00,14.080,111.000,216.400,68.000,3.800
2021-01-13 15:00:00,14.000,39.000,101.500,28.000,4.000
2021-01-13 16:00:00,13.500,2.000,0.000,2.000,3.600
2021-01-13 17:00:00,11.860,0.000,0.000,0.000,3.000
2021-01-13 18:00:00,10.930,0.000,0.000,0.000,2.100
2021-01-13 19:00:00,10.080,0.000,0.000,0.000,1.500
2021-01-13 20:00:00,10.040,0.000,0.000,0.000,0.900
2021-01-13 21:00:00,10.260,0.000,0.000,0.000,0.700
2021-01-13 22:00:00,11.540,0.000,0.000,0.000,0.400
2021-01-13 23:00:00,11.000,0.000,0.000,0.000,0.200
2021-01-14 00:00:00,11.220,0.000,0.000,0.000,0.400
2021-01-14 01:00:00,11.540,0.000,0.000,0.000,0.300
2021-01-14 02:00:00,11.240,0.000,0.000,0.000,0.500
2021-01-14 03:00:00,10.310,0.000,0.000,0.000,0.600
2021-01-14 04:00:00,9.290,0.000,0.000,0.000,0.700
2021-01-14 05:00:00,8.320,0.000,0.000,0.000,0.900
2021-01-14 06:00:00,7.590,0.000,0.000,0.000,1.100
2021-01-14 07:00:00,6.810,0.000,0.000,0.000,1.300
2021-01-14 08:00:00,5.800,4.000,19.100,3.000,1.300
2021-01-14 09:00:00,4.730,51.000,166.000,32.000,1.200
2021-01-14 10:00:00,4.370,134.000,357.900,61.000,1.500
2021-01-14 11:00:00,3.910,179.000,411.500,72.000,1.700
2021-01-14 12:00:00,3.820,161.000,190.100,108.000,1.800
2021-01-14 13:00:00,3.770,119.000,123.500,87.000,1.800
2021-01-14 14:00:00,3.980,84.000,59.400,72.000,1.800
2021-01-14 15:00:00,3.400,34.000,53.600,28.000,1.700
2021-01-14 16:00:00,3.540,3.000,0.000,3.000,1.800
2021-01-14 17:00:00,4.110,0.000,0.000,0.000,1.600
2021-01-14 18:00:00,4.690,0.000,0.000,0.000,1.600
2021-01-14 19:00:00,4.700,0.000,0.000,0.000,1.400
2021-01-14 20:00:00,4.530,0.000,0.000,0.000,1.200
2021-01-14 21:00:00,4.370,0.000,0.000,0.000,1.200
2021-01-14 22:00:00,4.590,0.000,0.000,0.000,0.600
2021-01-14 23:00:00,4.490,0.000,0.000,0.000,0.700
2021-01-15 00:00:00,4.810,0.000,0.000,0.000,0.700
2021-01-15 01:00:00,4.900,0.000,0.000,0.000,0.700
2021-01-15 02:00:00,4.720,0.000,0.000,0.000,0.600
2021-01-15 03:00:00,4.570,0.000,0.000,0.000,0.400
2021-01-15 04:00:00,4.520,0.000,0.000,0.000,0.300
2021-01-15 05:00:00,4.260,0.000,0.000,0.000,0.300
2021-01-15 06:00:00,4.400,0.000,0.000,0.000,0.200
2021-01-15 07:00:00,4.460,0.000,0.000,0.000,0.200
2021-01-15 08:00:00,4.540,4.000,0.000,4.000,0.100
2021-01-15 09:00:00,4.180,29.000,25.700,26.000,0.100
2021-01-15 10:00:00,4.590,74.000,62.900,61.000,0.300
2021-01-15 11:00:00,4.930,126.000,156.000,85.000,0.400
2021-01-15 12:00:00,4.680,148.000,191.500,94.000,0.400
2021-01-15 13:00:00,4.880,114.000,141.000,77.000,0.200
2021-01-15 14:00:00,5.110,72.000,58.400,60.000,0.100
2021-01-15 15:00:00,5.100,38.000,60.700,31.000,-0.200
2021-01-15 16:00:00,4.880,4.000,0.000,4.000,-0.300
2021-01-15 17:00:00,4.880,0.000,0.000,0.000,-0.500
2021-01-15 18:00:00,4.570,0.000,0.000,0.000,-0.600
2021-01-15 19:00:00,4.110,0.000,0.000,0.000,-0.700
2021-01-15 20:00:00,4.030,0.000,0.000,0.000,-1.000
2021-01-15 21:00:00,3.550,0.000,0.000,0.000,-1.200
2021-01-15 22:00:00,2.790,0.000,0.000,0.000,-1.300
2021-01-15 23:00:00,3.540,0.000,0.000,0.000,-1.400
2021-01-16 00:00:00,3.580,0.000,0.000,0.000,-1.600
2021-01-16 01:00:00,4.070,0.000,0.000,0.000,-1.800
2021-01-16 02:00:00,4.170,0.000,0.000,0.000,-1.700
2021-01-16 03:00:00,4.030,0.000,0.000,0.000,-1.900
2021-01-16 04:00:00,4.120,0.000,0.000,0.000,-2.100
2021-01-16 05:00:00,4.020,0.000,0.000,0.000,-2.100
2021-01-16 06:00:00,3.920,0.000,0.000,0.000,-2.500
2021-01-16 07:00:00,3.650,0.000,0.000,0.000,-2.300
2021-01-16 08:00:00,3.510,7.000,38.200,5.000,-2.400
2021-01-16 09:00:00,3.850,74.000,327.300,35.000,-1.800
2021-01-16 10:00:00,2.820,150.000,411.000,64.000,-1.200
2021-01-16 11:00:00,2.860,202.000,458.900,80.000,-0.500
2021-01-16 12:00:00,3.080,205.000,424.300,84.000,-0.000
2021-01-16 13:00:00,2.970,146.000,173.000,100.000,0.300
2021-01-16 14:00:00,3.640,97.000,119.500,72.000,0.300
2021-01-16 15:00:00,3.540,42.000,58.800,35.000,-0.000
2021-01-16 16:00:00,3.260,5.000,0.000,5.000,-0.700
2021-01-16 17:00:00,3.500,0.000,0.000,0.000,-1.000
2021-01-16 18:00:00,3.760,0.000,0.000,0.000,-1.200
2021-01-16 19:00:00,3.360,0.000,0.000,0.000,-1.100
2021-01-16 20:00:00,3.480,0.000,0.000,0.000,-1.200
2021-01-16 21:00:00,3.860,0.000,0.000,0.000,-1.500
2021-01-16 22:00:00,3.440,0.000,0.000,0.000,-1.300
2021-01-16 23:00:00,3.890,0.000,0.000,0.000,-1.800
2021-01-17 00:00:00,4.320,0.000,0.000,0.000,-2.100
2021-01-17 01:00:00,4.130,0.000,0.000,0.000,-2.500
2021-01-17 02:00:00,3.950,0.000,0.000,0.000,-2.600
2021-01-17 03:00:00,4.220,0.000,0.000,0.000,-2.500
2021-01-17 04:00:00,4.250,0.000,0.000,0.000,-2.500
2021-01-17 05:00:00,4.030,0.000,0.000,0.000,-2.600
2021-01-17 06:00:00,4.120,0.000,0.000,0.000,-2.800
2021-01-17 07:00:00,4.300,0.000,0.000,0.000,-2.800
2021-01-17 08:00:00,4.480,6.000,0.000,6.000,-2.800
2021-01-17 09:00:00,4.120,55.000,49.300,49.000,-2.200
2021-01-17 10:00:00,3.800,108.000,75.400,92.000,-1.300
2021-01-17 11:00:00,3.710,167.000,211.900,110.000,-0.700
2021-01-17 12:00:00,3.580,187.000,308.500,98.000,-0.300
2021-01-17 13:00:00,3.350,160.000,349.000,66.000,-0.200
2021-01-17 14:00:00,3.160,138.000,385.300,56.000,-0.300
2021-01-17 15:00:00,3.360,77.000,309.600,39.000,-0.700
2021-01-17 16:00:00,3.990,7.000,19.100,6.000,-0.800
2021-01-17 17:00:00,4.550,0.000,0.000,0.000,-0.900
2021-01-17 18:00:00,4.490,0.000,0.000,0.000,-0.900
2021-01-17 19:00:00,4.230,0.000,0.000,0.000,-0.900
2021-01-17 20:00:00,4.000,0.000,0.000,0.000,-0.900
2021-01-17 21:00:00,3.770,0.000,0.000,0.000,-0.800
2021-01-17 22:00:00,3.080,0.000,0.000,0.000,-0.800
2021-01-17 23:00:00,3.300,0.000,0.000,0.000,-0.400
2021-01-18 00:00:00,3.730,0.000,0.000,0.000,0.100
2021-01-18 01:00:00,4.870,0.000,0.000,0.000,0.600
2021-01-18 02:00:00,6.100,0.000,0.000,0.000,1.100
2021-01-18 03:00:00,6.900,0.000,0.000,0.000,1.400
2021-01-18 04:00:00,7.100,0.000,0.000,0.000,1.500
2021-01-18 05:00:00,7.320,0.000,0.000,0.000,1.600
2021-01-18 06:00:00,7.550,0.000,0.000,0.000,1.800
2021-01-18 07:00:00,7.400,0.000,0.000,0.000,2.000
2021-01-18 08:00:00,7.240,3.000,0.000,3.000,2.300
2021-01-18 09:00:00,7.250,27.000,8.000,26.000,2.700
2021-01-18 10:00:00,7.190,43.000,0.000,43.000,3.100
2021-01-18 11:00:00,7.640,67.000,3.700,66.000,3.600
2021-01-18 12:00:00,9.350,72.000,0.000,72.000,4.100
2021-01-18 13:00:00,9.170,53.000,0.000,53.000,4.200
2021-01-18 14:00:00,9.320,53.000,4.600,52.000,4.300
2021-01-18 15:00:00,9.260,24.000,0.000,24.000,4.100
2021-01-18 16:00:00,9.670,2.000,0.000,2.000,3.900
2021-01-18 17:00:00,9.820,0.000,0.000,0.000,4.100
2021-01-18 18:00:00,9.620,0.000,0.000,0.000,4.300
2021-01-18 19:00:00,9.340,0.000,0.000,0.000,4.300
2021-01-18 20:00:00,9.150,0.000,0.000,0.000,4.400
2021-01-18 21:00:00,9.120,0.000,0.000,0.000,4.300
2021-01-18 22:00:00,9.050,0.000,0.000,0.000,4.300
2021-01-18 23:00:00,8.520,0.000,0.000,0.000,4.300
2021-01-19 00:00:00,8.230,0.000,0.000,0.000,4.200
2021-01-19 01:00:00,7.990,0.000,0.000,0.000,4.100
2021-01-19 02:00:00,7.980,0.000,0.000,0.000,4.100
2021-01-19 03:00:00,7.990,0.000,0.000,0.000,4.200
2021-01-19 04:00:00,8.390,0.000,0.000,0.000,4.300
2021-01-19 05:00:00,9.020,0.000,0.000,0.000,4.400
2021-01-19 06:00:00,10.560,0.000,0.000,0.000,4.300
2021-01-19 07:00:00,9.130,0.000,0.000,0.000,3.900
2021-01-19 08:00:00,9.380,1.000,0.000,1.000,3.500
2021-01-19 09:00:00,9.750,10.000,0.000,10.000,3.100
2021-01-19 10:00:00,9.830,17.000,0.000,17.000,2.900
2021-01-19 11:00:00,10.530,21.000,0.000,21.000,3.200
2021-01-19 12:00:00,10.760,23.000,0.000,23.000,3.700
2021-01-19 13:00:00,10.470,25.000,0.000,25.000,4.400
2021-01-19 14:00:00,10.400,16.000,0.000,16.000,5.400
2021-01-19 15:00:00,10.300,7.000,0.000,7.000,6.200
2021-01-19 16:00:00,9.790,1.000,0.000,1.000,6.500
2021-01-19 17:00:00,8.950,0.000,0.000,0.000,6.600
2021-01-19 18:00:00,8.900,0.000,0.000,0.000,7.100
2021-01-19 19:00:00,10.420,0.000,0.000,0.000,8.000
2021-01-19 20:00:00,11.990,0.000,0.000,0.000,8.300
2021-01-19 21:00:00,11.700,0.000,0.000,0.000,8.200
2021-01-19 22:00:00,11.070,0.000,0.000,0.000,7.500
2021-01-19 23:00:00,10.650,0.000,0.000,0.000,7.100
2021-01-20 00:00:00,10.550,0.000,0.000,0.000,6.800
2021-01-20 01:00:00,10.560,0.000,0.000,0.000,6.600
2021-01-20 02:00:00,9.690,0.000,0.000,0.000,6.400
2021-01-20 03:00:00,9.840,0.000,0.000,0.000,6.100
2021-01-20 04:00:00,10.190,0.000,0.000,0.000,5.900
2021-01-20 05:00:00,10.470,0.000,0.000,0.000,5.800
2021-01-20 06:00:00,10.400,0.000,0.000,0.000,5.900
2021-01-20 07:00:00,9.920,0.000,0.000,0.000,6.500
2021-01-20 08:00:00,10.320,6.000,0.000,6.000,7.000
2021-01-20 09:00:00,10.590,43.000,23.100,40.000,7.500
2021-01-20 10:00:00,9.960,93.000,49.700,82.000,7.500
2021-01-20 11:00:00,10.420,140.000,136.300,102.000,8.400
2021-01-20 12:00:00,9.820,123.000,60.200,105.000,9.300
2021-01-20 13:00:00,9.830,102.000,35.600,92.000,9.700
2021-01-20 14:00:00,10.070,115.000,182.800,74.000,9.600
2021-01-20 15:00:00,9.940,84.000,297.700,44.000,8.900
2021-01-20 16:00:00,10.020,11.000,56.400,8.000,8.600
2021-01-20 17:00:00,10.230,0.000,0.000,0.000,8.700
2021-01-20 18:00:00,10.400,0.000,0.000,0.000,8.500
2021-01-20 19:00:00,10.820,0.000,0.000,0.000,8.500
2021-01-20 20:00:00,11.160,0.000,0.000,0.000,8.400
2021-01-20 21:00:00,11.130,0.000,0.000,0.000,8.700
2021-01-20 22:00:00,10.750,0.000,0.000,0.000,8.500
2021-01-20 23:00:00,10.840,0.000,0.000,0.000,8.000
2021-01-21 00:00:00,11.180,0.000,0.000,0.000,8.200
2021-01-21 01:00:00,11.740,0.000,0.000,0.000,8.500
2021-01-21 02:00:00,11.810,0.000,0.000,0.000,8.900
2021-01-21 03:00:00,12.320,0.000,0.000,0.000,9.100
2021-01-21 04:00:00,13.120,0.000,0.000,0.000,9.500
2021-01-21 05:00:00,14.140,0.000,0.000,0.000,9.700
2021-01-21 06:00:00,14.930,0.000,0.000,0.000,10.000
2021-01-21 07:00:00,14.860,0.000,0.000,0.000,9.800
2021-01-21 08:00:00,14.460,8.000,38.200,6.000,9.400
2021-01-21 09:00:00,12.710,25.000,7.500,24.000,8.600
2021-01-21 10:00:00,9.960,41.000,8.900,39.000,7.200
2021-01-21 11:00:00,9.620,62.000,17.700,57.000,6.800
2021-01-21 12:00:00,9.420,147.000,224.500,79.000,7.200
2021-01-21 13:00:00,8.540,201.000,478.200,65.000,7.800
2021-01-21 14:00:00,10.100,160.000,332.900,84.000,8.000
2021-01-21 15:00:00,10.260,80.000,180.600,55.000,7.700
2021-01-21 16:00:00,10.710,13.000,54.200,10.000,7.200
2021-01-21 17:00:00,10.760,0.000,0.000,0.000,6.800
2021-01-21 18:00:00,10.310,0.000,0.000,0.000,6.700
2021-01-21 19:00:00,9.810,0.000,0.000,0.000,6.600
2021-01-21 20:00:00,9.000,0.000,0.000,0.000,6.700
2021-01-21 21:00:00,9.000,0.000,0.000,0.000,6.200
2021-01-21 22:00:00,9.690,0.000,0.000,0.000,6.900
2021-01-21 23:00:00,12.440,0.000,0.000,0.000,7.900
2021-01-22 00:00:00,12.840,0.000,0.000,0.000,8.800
2021-01-22 01:00:00,12.980,0.000,0.000,0.000,9.400
2021-01-22 02:00:00,13.820,0.000,0.000,0.000,9.600
2021-01-22 03:00:00,14.210,0.000,0.000,0.000,9.400
2021-01-22 04:00:00,14.430,0.000,0.000,0.000,9.000
2021-01-22 05:00:00,13.210,0.000,0.000,0.000,8.100
2021-01-22 06:00:00,10.670,0.000,0.000,0.000,5.800
2021-01-22 07:00:00,9.170,0.000,0.000,0.000,4.000
2021-01-22 08:00:00,8.450,7.000,0.000,7.000,3.700
2021-01-22 09:00:00,9.020,53.000,44.100,47.000,4.200
2021-01-22 10:00:00,8.290,92.000,35.100,84.000,4.700
2021-01-22 11:00:00,9.120,131.000,55.900,115.000,5.500
2021-01-22 12:00:00,9.390,156.000,71.700,134.000,6.000
2021-01-22 13:00:00,8.680,146.000,107.500,115.000,6.400
2021-01-22 14:00:00,8.470,142.000,275.400,78.000,6.400
2021-01-22 15:00:00,7.020,92.000,336.900,44.000,6.000
2021-01-22 16:00:00,7.000,16.000,104.400,10.000,5.200
2021-01-22 17:00:00,6.740,0.000,0.000,0.000,4.200
2021-01-22 18:00:00,6.760,0.000,0.000,0.000,3.400
2021-01-22 19:00:00,6.720,0.000,0.000,0.000,2.700
2021-01-22 20:00:00,6.330,0.000,0.000,0.000,2.500
2021-01-22 21:00:00,5.940,0.000,0.000,0.000,2.000
2021-01-22 22:00:00,5.590,0.000,0.000,0.000,1.700
2021-01-22 23:00:00,5.470,0.000,0.000,0.000,1.300
2021-01-23 00:00:00,4.700,0.000,0.000,0.000,0.900
2021-01-23 01:00:00,3.790,0.000,0.000,0.000,0.300
2021-01-23 02:00:00,3.510,0.000,0.000,0.000,0.300
2021-01-23 03:00:00,3.300,0.000,0.000,0.000,0.400
2021-01-23 04:00:00,4.180,0.000,0.000,0.000,0.500
2021-01-23 05:00:00,4.600,0.000,0.000,0.000,0.900
2021-01-23 06:00:00,4.660,0.000,0.000,0.000,1.000
2021-01-23 07:00:00,5.160,0.000,0.000,0.000,1.300
2021-01-23 08:00:00,5.590,9.000,0.000,9.000,1.400
2021-01-23 09:00:00,5.600,52.000,7.200,51.000,1.800
2021-01-23 10:00:00,5.630,131.000,129.800,101.000,2.900
2021-01-23 11:00:00,4.520,196.000,248.600,124.000,4.100
2021-01-23 12:00:00,4.650,231.000,344.500,124.000,5.000
2021-01-23 13:00:00,5.060,221.000,461.700,86.000,5.600
2021-01-23 14:00:00,4.690,147.000,262.200,85.000,5.800
2021-01-23 15:00:00,4.020,52.000,40.900,46.000,5.600
2021-01-23 16:00:00,4.310,13.000,33.500,11.000,4.600
2021-01-23 17:00:00,4.570,0.000,0.000,0.000,3.400
2021-01-23 18:00:00,4.920,0.000,0.000,0.000,3.300
2021-01-23 19:00:00,4.940,0.000,0.000,0.000,3.200
2021-01-23 20:00:00,4.440,0.000,0.000,0.000,3.000
2021-01-23 21:00:00,3.790,0.000,0.000,0.000,2.600
2021-01-23 22:00:00,4.570,0.000,0.000,0.000,1.600
2021-01-23 23:00:00,4.310,0.000,0.000,0.000,1.300
2021-01-24 00:00:00,3.890,0.000,0.000,0.000,0.900
2021-01-24 01:00:00,4.570,0.000,0.000,0.000,0.500
2021-01-24 02:00:00,4.920,0.000,0.000,0.000,0.600
2021-01-24 03:00:00,4.930,0.000,0.000,0.000,0.400
2021-01-24 04:00:00,4.770,0.000,0.000,0.000,0.400
2021-01-24 05:00:00,4.630,0.000,0.000,0.000,0.400
2021-01-24 06:00:00,4.400,0.000,0.000,0.000,0.400
2021-01-24 07:00:00,4.300,0.000,0.000,0.000,0.300
2021-01-24 08:00:00,4.300,8.000,0.000,8.000,0.200
2021-01-24 09:00:00,3.700,42.000,0.000,42.000,0.500
2021-01-24 10:00:00,3.110,66.000,12.800,63.000,0.900
2021-01-24 11:00:00,2.000,83.000,0.000,83.000,1.200
2021-01-24 12:00:00,0.200,120.000,9.500,117.000,1.900
2021-01-24 13:00:00,1.810,92.000,16.900,87.000,2.300
2021-01-24 14:00:00,3.210,96.000,20.800,91.000,2.700
2021-01-24 15:00:00,3.800,48.000,13.300,46.000,2.500
2021-01-24 16:00:00,4.000,10.000,0.000,10.000,2.200
2021-01-24 17:00:00,5.140,0.000,0.000,0.000,1.900
2021-01-24 18:00:00,6.380,0.000,0.000,0.000,1.600
2021-01-24 19:00:00,6.460,0.000,0.000,0.000,1.600
2021-01-24 20:00:00,6.070,0.000,0.000,0.000,1.400
2021-01-24 21:00:00,5.690,0.000,0.000,0.000,1.200
2021-01-24 22:00:00,6.080,0.000,0.000,0.000,1.200
2021-01-24 23:00:00,5.990,0.000,0.000,0.000,1.100
2021-01-25 00:00:00,6.170,0.000,0.000,0.000,0.900
2021-01-25 01:00:00,6.390,0.000,0.000,0.000,0.700
2021-01-25 02:00:00,5.760,0.000,0.000,0.000,0.700
2021-01-25 03:00:00,5.080,0.000,0.000,0.000,0.500
2021-01-25 04:00:00,4.300,0.000,0.000,0.000,-0.200
2021-01-25 05:00:00,3.700,0.000,0.000,0.000,-0.800
2021-01-25 06:00:00,3.890,0.000,0.000,0.000,-0.500
2021-01-25 07:00:00,4.290,0.000,0.000,0.000,-0.800
2021-01-25 08:00:00,4.650,15.000,68.300,11.000,-1.100
2021-01-25 09:00:00,4.680,90.000,247.100,54.000,-0.700
2021-01-25 10:00:00,3.980,165.000,335.700,85.000,0.300
2021-01-25 11:00:00,3.930,218.000,373.400,107.000,1.100
2021-01-25 12:00:00,4.330,239.000,408.100,109.000,2.000
2021-01-25 13:00:00,4.700,201.000,296.000,112.000,2.400
2021-01-25 14:00:00,4.710,148.000,228.700,92.000,2.500
2021-01-25 15:00:00,4.700,79.000,148.400,56.000,2.500
2021-01-25 16:00:00,5.140,17.000,78.000,12.000,1.600
2021-01-25 17:00:00,6.130,0.000,0.000,0.000,0.800
2021-01-25 18:00:00,6.240,0.000,0.000,0.000,0.300
2021-01-25 19:00:00,6.220,0.000,0.000,0.000,-0.000
2021-01-25 20:00:00,6.450,0.000,0.000,0.000,-0.200
2021-01-25 21:00:00,6.800,0.000,0.000,0.000,-0.300
2021-01-25 22:00:00,7.630,0.000,0.000,0.000,-0.200
2021-01-25 23:00:00,7.150,0.000,0.000,0.000,-0.000
2021-01-26 00:00:00,6.500,0.000,0.000,0.000,-0.100
2021-01-26 01:00:00,6.410,0.000,0.000,0.000,0.100
2021-01-26 02:00:00,6.000,0.000,0.000,0.000,0.100
2021-01-26 03:00:00,5.460,0.000,0.000,0.000,0.000
2021-01-26 04:00:00,4.630,0.000,0.000,0.000,-0.200
2021-01-26 05:00:00,3.610,0.000,0.000,0.000,-0.200
2021-01-26 06:00:00,3.100,0.000,0.000,0.000,-0.900
2021-01-26 07:00:00,3.500,0.000,0.000,0.000,-1.200
2021-01-26 08:00:00,4.660,6.000,0.000,6.000,-0.500
2021-01-26 09:00:00,4.970,36.000,20.100,33.000,-0.200
2021-01-26 10:00:00,4.100,85.000,66.100,69.000,0.900
2021-01-26 11:00:00,5.600,134.000,86.300,108.000,1.600
2021-01-26 12:00:00,6.690,191.000,229.300,117.000,2.200
2021-01-26 13:00:00,6.890,193.000,249.300,117.000,2.900
2021-01-26 14:00:00,5.820,107.000,128.400,75.000,2.800
2021-01-26 15:00:00,6.360,64.000,87.900,50.000,2.800
2021-01-26 16:00:00,6.800,17.000,75.400,12.000,2.400
2021-01-26 17:00:00,7.200,0.000,0.000,0.000,2.100
2021-01-26 18:00:00,7.100,0.000,0.000,0.000,1.500
2021-01-26 19:00:00,6.510,0.000,0.000,0.000,1.300
2021-01-26 20:00:00,6.410,0.000,0.000,0.000,1.100
2021-01-26 21:00:00,6.620,0.000,0.000,0.000,1.000
2021-01-26 22:00:00,6.380,0.000,0.000,0.000,0.500
2021-01-26 23:00:00,6.390,0.000,0.000,0.000,0.600
2021-01-27 00:00:00,6.170,0.000,0.000,0.000,0.500
2021-01-27 01:00:00,6.410,0.000,0.000,0.000,0.600
2021-01-27 02:00:00,6.490,0.000,0.000,0.000,0.700
2021-01-27 03:00:00,6.330,0.000,0.000,0.000,0.800
2021-01-27 04:00:00,6.580,0.000,0.000,0.000,1.000
2021-01-27 05:00:00,6.480,0.000,0.000,0.000,1.100
2021-01-27 06:00:00,6.310,0.000,0.000,0.000,0.800
2021-01-27 07:00:00,6.110,0.000,0.000,0.000,0.600
2021-01-27 08:00:00,6.400,17.000,48.300,14.000,0.800
2021-01-27 09:00:00,6.100,92.000,209.600,60.000,1.100
2021-01-27 10:00:00,6.020,170.000,317.300,92.000,1.800
2021-01-27 11:00:00,6.590,239.000,445.600,103.000,2.500
2021-01-27 12:00:00,7.070,231.000,299.900,133.000,2.700
2021-01-27 13:00:00,5.790,219.000,378.400,102.000,2.600
2021-01-27 14:00:00,6.480,118.000,161.800,77.000,2.300
2021-01-27 15:00:00,5.940,61.000,79.500,48.000,2.200
2021-01-27 16:00:00,5.580,16.000,43.800,13.000,2.000
2021-01-27 17:00:00,5.830,0.000,0.000,0.000,2.100
2021-01-27 18:00:00,6.510,0.000,0.000,0.000,2.100
2021-01-27 19:00:00,6.480,0.000,0.000,0.000,2.200
2021-01-27 20:00:00,6.960,0.000,0.000,0.000,2.700
2021-01-27 21:00:00,7.600,0.000,0.000,0.000,3.400
2021-01-27 22:00:00,7.310,0.000,0.000,0.000,3.600
2021-01-27 23:00:00,7.810,0.000,0.000,0.000,4.100
2021-01-28 00:00:00,8.010,0.000,0.000,0.000,4.400
2021-01-28 01:00:00,8.410,0.000,0.000,0.000,4.600
2021-01-28 02:00:00,7.910,0.000,0.000,0.000,4.400
2021-01-28 03:00:00,6.900,0.000,0.000,0.000,4.300
2021-01-28 04:00:00,6.590,0.000,0.000,0.000,3.900
2021-01-28 05:00:00,5.570,0.000,0.000,0.000,3.700
2021-01-28 06:00:00,4.750,0.000,0.000,0.000,3.500
2021-01-28 07:00:00,3.270,0.000,0.000,0.000,3.100
2021-01-28 08:00:00,2.650,6.000,0.000,6.000,2.900
2021-01-28 09:00:00,2.550,31.000,0.000,31.000,2.800
2021-01-28 10:00:00,3.220,67.000,0.000,67.000,2.600
2021-01-28 11:00:00,3.770,90.000,3.200,89.000,2.700
2021-01-28 12:00:00,4.140,69.000,0.000,69.000,2.500
2021-01-28 13:00:00,4.130,59.000,0.000,59.000,2.400
2021-01-28 14:00:00,4.580,56.000,19.400,51.000,2.200
2021-01-28 15:00:00,4.660,30.000,0.000,30.000,1.900
2021-01-28 16:00:00,4.820,7.000,0.000,7.000,1.600
2021-01-28 17:00:00,5.600,0.000,0.000,0.000,1.000
2021-01-28 18:00:00,5.500,0.000,0.000,0.000,0.800
2021-01-28 19:00:00,5.570,0.000,0.000,0.000,0.300
2021-01-28 20:00:00,5.000,0.000,0.000,0.000,0.200
2021-01-28 21:00:00,5.000,0.000,0.000,0.000,-0.000
2021-01-28 22:00:00,4.680,0.000,0.000,0.000,-0.500
2021-01-28 23:00:00,4.740,0.000,0.000,0.000,-0.400
2021-01-29 00:00:00,5.770,0.000,0.000,0.000,-0.400
2021-01-29 01:00:00,5.300,0.000,0.000,0.000,-0.300
2021-01-29 02:00:00,6.330,0.000,0.000,0.000,-0.300
2021-01-29 03:00:00,7.570,0.000,0.000,0.000,-0.400
2021-01-29 04:00:00,7.520,0.000,0.000,0.000,-0.400
2021-01-29 05:00:00,7.940,0.000,0.000,0.000,-0.500
2021-01-29 06:00:00,9.850,0.000,0.000,0.000,-0.600
2021-01-29 07:00:00,10.370,0.000,0.000,0.000,-0.700
2021-01-29 08:00:00,10.370,4.000,0.000,4.000,-0.700
2021-01-29 09:00:00,10.100,13.000,0.000,13.000,-0.700
2021-01-29 10:00:00,9.400,22.000,0.000,22.000,-0.600
2021-01-29 11:00:00,8.320,29.000,0.000,29.000,-0.700
2021-01-29 12:00:00,7.720,28.000,0.000,28.000,-0.800
2021-01-29 13:00:00,7.480,30.000,0.000,30.000,-1.000
2021-01-29 14:00:00,7.820,19.000,0.000,19.000,-0.900
2021-01-29 15:00:00,7.620,14.000,0.000,14.000,-0.800
2021-01-29 16:00:00,7.030,5.000,0.000,5.000,-0.600
2021-01-29 17:00:00,5.490,0.000,0.000,0.000,-0.600
2021-01-29 18:00:00,4.570,0.000,0.000,0.000,-0.200
2021-01-29 19:00:00,3.300,0.000,0.000,0.000,0.600
2021-01-29 20:00:00,3.700,0.000,0.000,0.000,1.100
2021-01-29 21:00:00,5.160,0.000,0.000,0.000,1.200
2021-01-29 22:00:00,7.590,0.000,0.000,0.000,-1.200
2021-01-29 23:00:00,8.850,0.000,0.000,0.000,-1.800
2021-01-30 00:00:00,8.080,0.000,0.000,0.000,-1.500
2021-01-30 01:00:00,6.890,0.000,0.000,0.000,-1.400
2021-01-30 02:00:00,6.220,0.000,0.000,0.000,-1.400
2021-01-30 03:00:00,5.800,0.000,0.000,0.000,-1.400
2021-01-30 04:00:00,5.800,0.000,0.000,0.000,-1.500
2021-01-30 05:00:00,5.500,0.000,0.000,0.000,-1.500
2021-01-30 06:00:00,4.500,0.000,0.000,0.000,-1.200
2021-01-30 07:00:00,4.010,0.000,0.000,0.000,-1.000
2021-01-30 08:00:00,3.570,14.000,29.500,12.000,-0.900
2021-01-30 09:00:00,2.820,54.000,30.500,49.000,-0.500
2021-01-30 10:00:00,3.640,94.000,38.800,84.000,0.000
2021-01-30 11:00:00,2.940,174.000,192.000,113.000,0.600
2021-01-30 12:00:00,2.380,159.000,44.100,144.000,0.600
2021-01-30 13:00:00,2.520,158.000,142.700,112.000,0.600
2021-01-30 14:00:00,3.180,119.000,78.700,98.000,0.200
2021-01-30 15:00:00,3.130,73.000,56.600,63.000,-0.300
2021-01-30 16:00:00,3.140,20.000,26.500,18.000,-0.800
2021-01-30 17:00:00,3.500,0.000,0.000,0.000,-1.700
2021-01-30 18:00:00,3.180,0.000,0.000,0.000,-2.200
2021-01-30 19:00:00,3.500,0.000,0.000,0.000,-2.900
2021-01-30 20:00:00,4.030,0.000,0.000,0.000,-3.200
2021-01-30 21:00:00,4.080,0.000,0.000,0.000,-4.100
2021-01-30 22:00:00,3.620,0.000,0.000,0.000,-5.100
2021-01-30 23:00:00,3.280,0.000,0.000,0.000,-5.400
2021-01-31 00:00:00,3.260,0.000,0.000,0.000,-5.400
2021-01-31 01:00:00,3.000,0.000,0.000,0.000,-5.600
2021-01-31 02:00:00,2.860,0.000,0.000,0.000,-6.300
2021-01-31 03:00:00,3.190,0.000,0.000,0.000,-6.600
2021-01-31 04:00:00,2.940,0.000,0.000,0.000,-7.600
2021-01-31 05:00:00,2.690,0.000,0.000,0.000,-7.600
2021-01-31 06:00:00,2.620,0.000,0.000,0.000,-8.200
2021-01-31 07:00:00,2.820,0.000,0.000,0.000,-8.200
2021-01-31 08:00:00,3.110,25.000,142.900,15.000,-8.600
2021-01-31 09:00:00,3.080,112.000,339.400,55.000,-6.400
2021-01-31 10:00:00,2.060,216.000,492.400,87.000,-3.800
2021-01-31 11:00:00,1.580,276.000,564.900,94.000,-1.800
2021-01-31 12:00:00,1.200,324.000,711.500,79.000,-1.100
2021-01-31 13:00:00,1.560,307.000,700.200,78.000,-0.300
2021-01-31 14:00:00,2.150,230.000,548.900,81.000,-0.200
2021-01-31 15:00:00,3.580,124.000,264.700,76.000,-0.900
2021-01-31 16:00:00,5.150,33.000,102.600,25.000,-1.700
2021-01-31 17:00:00,6.070,0.000,0.000,0.000,-2.800
2021-01-31 18:00:00,6.120,0.000,0.000,0.000,-4.000
2021-01-31 19:00:00,6.110,0.000,0.000,0.000,-4.300
2021-01-31 20:00:00,6.380,0.000,0.000,0.000,-4.900
2021-01-31 21:00:00,6.780,0.000,0.000,0.000,-5.400
2021-01-31 22:00:00,7.520,0.000,0.000,0.000,-6.300
2021-01-31 23:00:00,7.690,0.000,0.000,0.000,-6.500
2021-02-01 00:00:00,7.880,0.000,0.000,0.000,-6.600
2021-02-01 01:00:00,7.830,0.000,0.000,0.000,-6.600
2021-02-01 02:00:00,7.840,0.000,0.000,0.000,-6.300
2021-02-01 03:00:00,7.910,0.000,0.000,0.000,-5.900
2021-02-01 04:00:00,7.910,0.000,0.000,0.000,-5.600
2021-02-01 05:00:00,7.870,0.000,0.000,0.000,-5.200
2021-02-01 06:00:00,7.910,0.000,0.000,0.000,-4.900
2021-02-01 07:00:00,7.840,0.000,0.000,0.000,-4.600
2021-02-01 08:00:00,8.350,8.000,0.000,8.000,-4.200
2021-02-01 09:00:00,8.570,27.000,0.000,27.000,-3.800
2021-02-01 10:00:00,6.840,49.000,0.000,49.000,-2.900
2021-02-01 11:00:00,5.570,79.000,30.600,69.000,-1.900
2021-02-01 12:00:00,4.810,67.000,17.200,61.000,-1.300
2021-02-01 13:00:00,4.370,104.000,27.100,95.000,-0.600
2021-02-01 14:00:00,4.090,64.000,36.200,54.000,-0.500
2021-02-01 15:00:00,4.220,55.000,37.600,48.000,-0.300
2021-02-01 16:00:00,3.740,14.000,0.000,14.000,-0.400
2021-02-01 17:00:00,3.180,0.000,0.000,0.000,-0.500
2021-02-01 18:00:00,2.820,0.000,0.000,0.000,-0.500
2021-02-01 19:00:00,2.910,0.000,0.000,0.000,-0.500
2021-02-01 20:00:00,3.380,0.000,0.000,0.000,-0.400
2021-02-01 21:00:00,3.800,0.000,0.000,0.000,-0.200
2021-02-01 22:00:00,5.040,0.000,0.000,0.000,0.400
2021-02-01 23:00:00,5.200,0.000,0.000,0.000,0.500
2021-02-02 00:00:00,5.320,0.000,0.000,0.000,0.500
2021-02-02 01:00:00,4.900,0.000,0.000,0.000,0.400
2021-02-02 02:00:00,5.910,0.000,0.000,0.000,0.400
2021-02-02 03:00:00,5.200,0.000,0.000,0.000,0.500
2021-02-02 04:00:00,4.810,0.000,0.000,0.000,0.400
2021-02-02 05:00:00,4.510,0.000,0.000,0.000,0.500
2021-02-02 06:00:00,4.230,0.000,0.000,0.000,0.500
2021-02-02 07:00:00,3.670,0.000,0.000,0.000,0.200
2021-02-02 08:00:00,3.450,9.000,0.000,9.000,0.500
2021-02-02 09:00:00,1.970,30.000,0.000,30.000,0.900
2021-02-02 10:00:00,1.170,56.000,0.000,56.000,0.900
2021-02-02 11:00:00,1.920,120.000,15.100,115.000,1.300
2021-02-02 12:00:00,2.800,125.000,5.700,123.000,1.700
2021-02-02 13:00:00,3.580,68.000,0.000,68.000,1.900
2021-02-02 14:00:00,4.140,61.000,0.000,61.000,1.800
2021-02-02 15:00:00,5.150,29.000,0.000,29.000,1.400
2021-02-02 16:00:00,5.620,9.000,0.000,9.000,1.100
2021-02-02 17:00:00,5.800,0.000,0.000,0.000,1.000
2021-02-02 18:00:00,5.940,0.000,0.000,0.000,1.000
2021-02-02 19:00:00,5.280,0.000,0.000,0.000,1.000
2021-02-02 20:00:00,3.980,0.000,0.000,0.000,1.100
2021-02-02 21:00:00,2.360,0.000,0.000,0.000,1.100
2021-02-02 22:00:00,1.430,0.000,0.000,0.000,1.200
2021-02-02 23:00:00,2.200,0.000,0.000,0.000,1.200
2021-02-03 00:00:00,3.320,0.000,0.000,0.000,1.400
2021-02-03 01:00:00,2.910,0.000,0.000,0.000,1.500
2021-02-03 02:00:00,3.500,0.000,0.000,0.000,2.100
2021-02-03 03:00:00,4.880,0.000,0.000,0.000,3.400
2021-02-03 04:00:00,5.840,0.000,0.000,0.000,4.300
2021-02-03 05:00:00,7.160,0.000,0.000,0.000,4.600
2021-02-03 06:00:00,7.360,0.000,0.000,0.000,5.400
2021-02-03 07:00:00,7.440,0.000,0.000,0.000,6.200
2021-02-03 08:00:00,7.900,18.000,91.400,11.000,6.400
2021-02-03 09:00:00,8.370,60.000,77.500,46.000,6.500
2021-02-03 10:00:00,7.470,88.000,32.700,79.000,7.200
2021-02-03 11:00:00,5.820,110.000,26.800,101.000,7.500
2021-02-03 12:00:00,4.830,96.000,2.800,95.000,7.500
2021-02-03 13:00:00,5.540,77.000,17.600,71.000,7.300
2021-02-03 14:00:00,4.810,58.000,3.500,57.000,7.200
2021-02-03 15:00:00,4.890,42.000,10.200,40.000,6.600
2021-02-03 16:00:00,5.440,8.000,0.000,8.000,6.000
2021-02-03 17:00:00,4.480,0.000,0.000,0.000,6.000
2021-02-03 18:00:00,3.850,0.000,0.000,0.000,5.700
2021-02-03 19:00:00,5.780,0.000,0.000,0.000,4.300
2021-02-03 20:00:00,6.870,0.000,0.000,0.000,5.100
2021-02-03 21:00:00,7.280,0.000,0.000,0.000,4.000
2021-02-03 22:00:00,5.460,0.000,0.000,0.000,4.500
2021-02-03 23:00:00,5.070,0.000,0.000,0.000,4.000
2021-02-04 00:00:00,5.050,0.000,0.000,0.000,3.900
2021-02-04 01:00:00,5.710,0.000,0.000,0.000,4.200
2021-02-04 02:00:00,6.260,0.000,0.000,0.000,4.500
2021-02-04 03:00:00,6.130,0.000,0.000,0.000,4.000
2021-02-04 04:00:00,5.250,0.000,0.000,0.000,3.500
2021-02-04 05:00:00,3.580,0.000,0.000,0.000,3.100
2021-02-04 06:00:00,2.300,0.000,0.000,0.000,2.800
2021-02-04 07:00:00,2.220,0.000,0.000,0.000,2.600
2021-02-04 08:00:00,1.980,4.000,0.000,4.000,2.400
2021-02-04 09:00:00,1.200,19.000,0.000,19.000,2.500
2021-02-04 10:00:00,2.790,42.000,17.900,37.000,2.100
2021-02-04 11:00:00,2.160,39.000,0.000,39.000,2.500
2021-02-04 12:00:00,1.300,59.000,0.000,59.000,3.100
2021-02-04 13:00:00,1.030,92.000,11.500,88.000,3.900
2021-02-04 14:00:00,0.940,86.000,72.200,65.000,4.200
2021-02-04 15:00:00,1.430,45.000,15.000,42.000,3.900
2021-02-04 16:00:00,2.340,13.000,11.400,12.000,3.700
2021-02-04 17:00:00,3.060,0.000,0.000,0.000,3.200
2021-02-04 18:00:00,4.080,0.000,0.000,0.000,2.600
2021-02-04 19:00:00,4.540,0.000,0.000,0.000,2.300
2021-02-04 20:00:00,4.900,0.000,0.000,0.000,1.800
2021-02-04 21:00:00,5.310,0.000,0.000,0.000,1.700
2021-02-04 22:00:00,5.320,0.000,0.000,0.000,1.700
2021-02-04 23:00:00,5.140,0.000,0.000,0.000,1.600
2021-02-05 00:00:00,5.260,0.000,0.000,0.000,1.300
2021-02-05 01:00:00,5.210,0.000,0.000,0.000,1.100
2021-02-05 02:00:00,5.610,0.000,0.000,0.000,1.100
2021-02-05 03:00:00,6.240,0.000,0.000,0.000,0.900
2021-02-05 04:00:00,6.430,0.000,0.000,0.000,1.100
2021-02-05 05:00:00,6.520,0.000,0.000,0.000,1.100
2021-02-05 06:00:00,7.020,0.000,0.000,0.000,1.000
2021-02-05 07:00:00,7.200,0.000,0.000,0.000,1.000
2021-02-05 08:00:00,7.450,17.000,0.000,17.000,1.300
2021-02-05 09:00:00,7.170,67.000,10.500,65.000,1.600
2021-02-05 10:00:00,6.750,91.000,14.000,87.000,2.000
2021-02-05 11:00:00,7.080,128.000,14.500,123.000,2.200
2021-02-05 12:00:00,7.450,123.000,29.900,112.000,2.200
2021-02-05 13:00:00,7.210,125.000,22.800,117.000,2.100
2021-02-05 14:00:00,6.990,94.000,13.500,90.000,2.200
2021-02-05 15:00:00,7.060,49.000,0.000,49.000,2.000
2021-02-05 16:00:00,7.440,16.000,0.000,16.000,1.600
2021-02-05 17:00:00,8.060,0.000,0.000,0.000,1.100
2021-02-05 18:00:00,7.830,0.000,0.000,0.000,0.800
2021-02-05 19:00:00,7.810,0.000,0.000,0.000,0.900
2021-02-05 20:00:00,7.730,0.000,0.000,0.000,0.800
2021-02-05 21:00:00,7.800,0.000,0.000,0.000,0.700
2021-02-05 22:00:00,8.310,0.000,0.000,0.000,0.200
2021-02-05 23:00:00,8.950,0.000,0.000,0.000,0.100
2021-02-06 00:00:00,8.760,0.000,0.000,0.000,-0.000
2021-02-06 01:00:00,8.860,0.000,0.000,0.000,-0.200
2021-02-06 02:00:00,9.010,0.000,0.000,0.000,-0.300
2021-02-06 03:00:00,9.000,0.000,0.000,0.000,-0.500
2021-02-06 04:00:00,8.720,0.000,0.000,0.000,-0.700
2021-02-06 05:00:00,8.550,0.000,0.000,0.000,-0.700
2021-02-06 06:00:00,8.530,0.000,0.000,0.000,-0.800
2021-02-06 07:00:00,8.940,0.000,0.000,0.000,-0.800
2021-02-06 08:00:00,9.490,7.000,0.000,7.000,-0.900
2021-02-06 09:00:00,9.740,35.000,0.000,35.000,-0.900
2021-02-06 10:00:00,9.200,72.000,24.200,65.000,-0.900
2021-02-06 11:00:00,9.360,125.000,25.700,116.000,-0.800
2021-02-06 12:00:00,10.480,148.000,26.800,138.000,-0.700
2021-02-06 13:00:00,10.460,142.000,78.600,114.000,-0.700
2021-02-06 14:00:00,10.660,108.000,79.800,84.000,-0.700
2021-02-06 15:00:00,10.320,78.000,19.000,74.000,-0.700
2021-02-06 16:00:00,10.180,23.000,10.700,22.000,-0.800
2021-02-06 17:00:00,10.670,0.000,0.000,0.000,-1.000
2021-02-06 18:00:00,10.830,0.000,0.000,0.000,-1.200
2021-02-06 19:00:00,12.020,0.000,0.000,0.000,-1.600
2021-02-06 20:00:00,11.260,0.000,0.000,0.000,-1.900
2021-02-06 21:00:00,11.420,0.000,0.000,0.000,-2.200
2021-02-06 22:00:00,11.160,0.000,0.000,0.000,-2.500
2021-02-06 23:00:00,11.210,0.000,0.000,0.000,-2.700
2021-02-07 00:00:00,11.910,0.000,0.000,0.000,-3.100
2021-02-07 01:00:00,12.520,0.000,0.000,0.000,-3.400
2021-02-07 02:00:00,12.890,0.000,0.000,0.000,-3.700
2021-02-07 03:00:00,12.990,0.000,0.000,0.000,-4.000
2021-02-07 04:00:00,12.890,0.000,0.000,0.000,-4.200
2021-02-07 05:00:00,12.550,0.000,0.000,0.000,-4.500
2021-02-07 06:00:00,12.080,0.000,0.000,0.000,-4.800
2021-02-07 07:00:00,11.880,0.000,0.000,0.000,-5.200
2021-02-07 08:00:00,11.570,6.000,0.000,6.000,-5.700
2021-02-07 09:00:00,11.090,20.000,0.000,20.000,-6.100
2021-02-07 10:00:00,11.380,31.000,3.400,30.000,-6.300
2021-02-07 11:00:00,11.790,51.000,0.000,51.000,-6.300
2021-02-07 12:00:00,12.120,73.000,2.600,72.000,-6.300
2021-02-07 13:00:00,12.570,42.000,0.000,42.000,-6.400
2021-02-07 14:00:00,12.540,54.000,0.000,54.000,-6.300
2021-02-07 15:00:00,11.790,37.000,0.000,37.000,-6.200
2021-02-07 16:00:00,12.180,11.000,0.000,11.000,-6.200
2021-02-07 17:00:00,12.390,0.000,0.000,0.000,-6.000
2021-02-07 18:00:00,12.420,0.000,0.000,0.000,-5.900
2021-02-07 19:00:00,12.500,0.000,0.000,0.000,-5.900
2021-02-07 20:00:00,12.190,0.000,0.000,0.000,-5.800
2021-02-07 21:00:00,11.820,0.000,0.000,0.000,-5.900
2021-02-07 22:00:00,9.600,0.000,0.000,0.000,-6.100
2021-02-07 23:00:00,9.560,0.000,0.000,0.000,-6.100
2021-02-08 00:00:00,9.360,0.000,0.000,0.000,-6.100
2021-02-08 01:00:00,9.580,0.000,0.000,0.000,-6.300
2021-02-08 02:00:00,9.900,0.000,0.000,0.000,-6.500
2021-02-08 03:00:00,9.710,0.000,0.000,0.000,-6.700
2021-02-08 04:00:00,9.490,0.000,0.000,0.000,-7.000
2021-02-08 05:00:00,8.880,0.000,0.000,0.000,-7.200
2021-02-08 06:00:00,8.370,0.000,0.000,0.000,-7.400
2021-02-08 07:00:00,8.300,0.000,0.000,0.000,-7.500
2021-02-08 08:00:00,8.000,15.000,0.000,15.000,-7.700
2021-02-08 09:00:00,7.820,47.000,0.000,47.000,-7.700
2021-02-08 10:00:00,7.650,57.000,0.000,57.000,-7.600
2021-02-08 11:00:00,7.520,80.000,0.000,80.000,-7.500
2021-02-08 12:00:00,7.350,104.000,10.400,100.000,-7.600
2021-02-08 13:00:00,7.090,67.000,0.000,67.000,-7.700
2021-02-08 14:00:00,7.280,62.000,0.000,62.000,-7.700
2021-02-08 15:00:00,5.970,40.000,0.000,40.000,-7.800
2021-02-08 16:00:00,4.910,21.000,0.000,21.000,-7.900
2021-02-08 17:00:00,4.540,1.000,0.000,1.000,-8.000
2021-02-08 18:00:00,4.490,0.000,0.000,0.000,-8.200
2021-02-08 19:00:00,4.350,0.000,0.000,0.000,-8.500
2021-02-08 20:00:00,4.340,0.000,0.000,0.000,-8.500
2021-02-08 21:00:00,4.380,0.000,0.000,0.000,-8.600
2021-02-08 22:00:00,3.580,0.000,0.000,0.000,-8.900
2021-02-08 23:00:00,3.220,0.000,0.000,0.000,-9.300
2021-02-09 00:00:00,3.040,0.000,0.000,0.000,-10.000
2021-02-09 01:00:00,3.140,0.000,0.000,0.000,-10.600
2021-02-09 02:00:00,3.540,0.000,0.000,0.000,-11.300
2021-02-09 03:00:00,3.770,0.000,0.000,0.000,-12.400
2021-02-09 04:00:00,4.060,0.000,0.000,0.000,-12.700
2021-02-09 05:00:00,4.460,0.000,0.000,0.000,-13.000
2021-02-09 06:00:00,4.160,0.000,0.000,0.000,-13.100
2021-02-09 07:00:00,3.760,0.000,0.000,0.000,-13.600
2021-02-09 08:00:00,2.850,50.000,252.200,27.000,-13.100
2021-02-09 09:00:00,1.240,146.000,383.300,66.000,-11.100
2021-02-09 10:00:00,2.400,247.000,499.200,95.000,-9.100
2021-02-09 11:00:00,3.110,324.000,557.400,120.000,-8.500
2021-02-09 12:00:00,3.610,307.000,403.600,150.000,-7.400
2021-02-09 13:00:00,3.420,279.000,354.900,147.000,-6.800
2021-02-09 14:00:00,3.190,193.000,246.900,115.000,-6.500
2021-02-09 15:00:00,3.240,95.000,97.800,73.000,-6.700
2021-02-09 16:00:00,2.140,40.000,38.000,36.000,-7.100
2021-02-09 17:00:00,1.060,2.000,0.000,2.000,-9.200
2021-02-09 18:00:00,0.640,0.000,0.000,0.000,-10.600
2021-02-09 19:00:00,0.360,0.000,0.000,0.000,-11.300
2021-02-09 20:00:00,0.100,0.000,0.000,0.000,-11.200
2021-02-09 21:00:00,0.500,0.000,0.000,0.000,-11.800
2021-02-09 22:00:00,0.920,0.000,0.000,0.000,-13.500
2021-02-09 23:00:00,1.620,0.000,0.000,0.000,-14.400
2021-02-10 00:00:00,2.100,0.000,0.000,0.000,-14.400
2021-02-10 01:00:00,2.420,0.000,0.000,0.000,-13.300
2021-02-10 02:00:00,2.730,0.000,0.000,0.000,-12.800
2021-02-10 03:00:00,2.830,0.000,0.000,0.000,-12.800
2021-02-10 04:00:00,3.060,0.000,0.000,0.000,-12.700
2021-02-10 05:00:00,3.270,0.000,0.000,0.000,-13.800
2021-02-10 06:00:00,2.850,0.000,0.000,0.000,-12.700
2021-02-10 07:00:00,2.570,0.000,0.000,0.000,-11.300
2021-02-10 08:00:00,2.930,25.000,10.700,24.000,-9.100
2021-02-10 09:00:00,3.810,81.000,18.700,77.000,-7.300
2021-02-10 10:00:00,4.440,142.000,103.400,110.000,-5.300
2021-02-10 11:00:00,4.730,178.000,86.200,146.000,-3.900
2021-02-10 12:00:00,6.280,150.000,71.000,122.000,-3.000
2021-02-10 13:00:00,5.540,183.000,169.700,119.000,-2.500
2021-02-10 14:00:00,5.890,165.000,230.400,91.000,-2.400
2021-02-10 15:00:00,5.500,155.000,339.100,77.000,-2.600
2021-02-10 16:00:00,6.070,63.000,254.400,35.000,-3.200
2021-02-10 17:00:00,6.480,3.000,0.000,3.000,-3.800
2021-02-10 18:00:00,6.970,0.000,0.000,0.000,-4.300
2021-02-10 19:00:00,7.370,0.000,0.000,0.000,-4.800
2021-02-10 20:00:00,7.280,0.000,0.000,0.000,-5.100
2021-02-10 21:00:00,7.120,0.000,0.000,0.000,-5.700
2021-02-10 22:00:00,6.920,0.000,0.000,0.000,-6.400
2021-02-10 23:00:00,6.480,0.000,0.000,0.000,-6.800
2021-02-11 00:00:00,6.350,0.000,0.000,0.000,-7.700
2021-02-11 01:00:00,6.000,0.000,0.000,0.000,-7.900
2021-02-11 02:00:00,5.820,0.000,0.000,0.000,-9.300
2021-02-11 03:00:00,5.630,0.000,0.000,0.000,-9.800
2021-02-11 04:00:00,5.600,0.000,0.000,0.000,-10.500
2021-02-11 05:00:00,5.510,0.000,0.000,0.000,-11.500
2021-02-11 06:00:00,5.260,0.000,0.000,0.000,-11.800
2021-02-11 07:00:00,4.970,1.000,0.000,1.000,-12.400
2021-02-11 08:00:00,4.590,38.000,83.000,30.000,-11.200
2021-02-11 09:00:00,4.020,120.000,251.500,65.000,-8.500
2021-02-11 10:00:00,3.380,194.000,292.300,102.000,-5.300
2021-02-11 11:00:00,3.510,276.000,358.600,141.000,-3.500
2021-02-11 12:00:00,3.400,317.000,430.500,145.000,-2.600
2021-02-11 13:00:00,3.300,227.000,180.400,158.000,-2.300
2021-02-11 14:00:00,3.100,200.000,168.500,145.000,-2.100
2021-02-11 15:00:00,2.820,161.000,302.000,90.000,-2.400
2021-02-11 16:00:00,2.790,64.000,200.100,41.000,-4.600
2021-02-11 17:00:00,2.980,4.000,19.100,3.000,-6.600
2021-02-11 18:00:00,3.210,0.000,0.000,0.000,-8.500
2021-02-11 19:00:00,3.890,0.000,0.000,0.000,-10.100
2021-02-11 20:00:00,4.330,0.000,0.000,0.000,-10.600
2021-02-11 21:00:00,4.390,0.000,0.000,0.000,-11.900
2021-02-11 22:00:00,5.800,0.000,0.000,0.000,-13.000
2021-02-11 23:00:00,5.520,0.000,0.000,0.000,-13.400
2021-02-12 00:00:00,5.250,0.000,0.000,0.000,-13.800
2021-02-12 01:00:00,5.140,0.000,0.000,0.000,-14.200
2021-02-12 02:00:00,5.190,0.000,0.000,0.000,-14.600
2021-02-12 03:00:00,5.160,0.000,0.000,0.000,-14.800
2021-02-12 04:00:00,5.240,0.000,0.000,0.000,-13.500
2021-02-12 05:00:00,5.320,0.000,0.000,0.000,-12.700
2021-02-12 06:00:00,5.520,0.000,0.000,0.000,-12.300
2021-02-12 07:00:00,5.600,1.000,0.000,1.000,-11.400
2021-02-12 08:00:00,5.720,58.000,250.800,33.000,-10.700
2021-02-12 09:00:00,5.110,135.000,250.200,79.000,-8.900
2021-02-12 10:00:00,3.850,239.000,371.900,120.000,-6.800
2021-02-12 11:00:00,4.090,327.000,526.500,126.000,-4.900
2021-02-12 12:00:00,5.190,371.000,605.200,126.000,-3.700
2021-02-12 13:00:00,5.350,329.000,562.300,111.000,-2.900
2021-02-12 14:00:00,5.200,293.000,597.200,95.000,-2.700
2021-02-12 15:00:00,4.570,181.000,399.700,85.000,-2.800
2021-02-12 16:00:00,4.970,75.000,275.300,42.000,-3.800
2021-02-12 17:00:00,6.650,4.000,19.100,3.000,-5.100
2021-02-12 18:00:00,7.570,0.000,0.000,0.000,-6.600
2021-02-12 19:00:00,7.440,0.000,0.000,0.000,-7.700
2021-02-12 20:00:00,6.960,0.000,0.000,0.000,-8.800
2021-02-12 21:00:00,6.740,0.000,0.000,0.000,-9.900
2021-02-12 22:00:00,6.130,0.000,0.000,0.000,-11.000
2021-02-12 23:00:00,5.720,0.000,0.000,0.000,-13.500
2021-02-13 00:00:00,4.940,0.000,0.000,0.000,-14.800
2021-02-13 01:00:00,3.860,0.000,0.000,0.000,-14.800
2021-02-13 02:00:00,3.000,0.000,0.000,0.000,-14.400
2021-02-13 03:00:00,2.820,0.000,0.000,0.000,-15.300
2021-02-13 04:00:00,2.590,0.000,0.000,0.000,-16.600
2021-02-13 05:00:00,1.840,0.000,0.000,0.000,-17.600
2021-02-13 06:00:00,1.840,0.000,0.000,0.000,-18.400
2021-02-13 07:00:00,1.350,2.000,0.000,2.000,-19.900
2021-02-13 08:00:00,1.040,57.000,200.700,36.000,-18.800
2021-02-13 09:00:00,1.020,144.000,205.300,97.000,-15.500
2021-02-13 10:00:00,0.420,237.000,270.600,149.000,-12.900
2021-02-13 11:00:00,0.000,313.000,374.600,168.000,-9.500
2021-02-13 12:00:00,0.200,370.000,590.000,128.000,-6.900
2021-02-13 13:00:00,0.140,317.000,580.100,89.000,-5.300
2021-02-13 14:00:00,0.300,288.000,510.700,116.000,-4.100
2021-02-13 15:00:00,0.500,185.000,371.000,94.000,-3.800
2021-02-13 16:00:00,1.030,72.000,192.400,48.000,-4.200
2021-02-13 17:00:00,1.800,4.000,19.100,3.000,-5.400
2021-02-13 18:00:00,2.380,0.000,0.000,0.000,-6.700
2021-02-13 19:00:00,2.970,0.000,0.000,0.000,-8.000
2021-02-13 20:00:00,3.550,0.000,0.000,0.000,-9.600
2021-02-13 21:00:00,3.890,0.000,0.000,0.000,-11.400
2021-02-13 22:00:00,3.410,0.000,0.000,0.000,-12.000
2021-02-13 23:00:00,3.610,0.000,0.000,0.000,-13.200
2021-02-14 00:00:00,3.960,0.000,0.000,0.000,-13.900
2021-02-14 01:00:00,3.800,0.000,0.000,0.000,-14.400
2021-02-14 02:00:00,3.910,0.000,0.000,0.000,-15.300
2021-02-14 03:00:00,4.500,0.000,0.000,0.000,-16.200
2021-02-14 04:00:00,4.900,0.000,0.000,0.000,-16.500
2021-02-14 05:00:00,5.100,0.000,0.000,0.000,-16.700
2021-02-14 06:00:00,5.500,0.000,0.000,0.000,-16.900
2021-02-14 07:00:00,6.000,2.000,0.000,2.000,-16.900
2021-02-14 08:00:00,5.310,73.000,328.400,37.000,-14.800
2021-02-14 09:00:00,4.300,177.000,350.300,95.000,-11.800
2021-02-14 10:00:00,4.200,309.000,644.500,96.000,-8.700
2021-02-14 11:00:00,3.360,397.000,779.800,91.000,-5.600
2021-02-14 12:00:00,3.160,426.000,794.100,96.000,-3.900
2021-02-14 13:00:00,3.260,402.000,763.100,98.000,-2.600
2021-02-14 14:00:00,3.570,321.000,628.600,106.000,-1.900
2021-02-14 15:00:00,3.860,194.000,339.500,109.000,-2.400
2021-02-14 16:00:00,4.620,81.000,161.900,60.000,-3.000
2021-02-14 17:00:00,5.690,6.000,0.000,6.000,-4.800
2021-02-14 18:00:00,6.230,0.000,0.000,0.000,-5.800
2021-02-14 19:00:00,6.870,0.000,0.000,0.000,-6.000
2021-02-14 20:00:00,7.020,0.000,0.000,0.000,-6.600
2021-02-14 21:00:00,7.050,0.000,0.000,0.000,-6.700
2021-02-14 22:00:00,7.340,0.000,0.000,0.000,-6.700
2021-02-14 23:00:00,7.840,0.000,0.000,0.000,-6.500
2021-02-15 00:00:00,8.190,0.000,0.000,0.000,-6.600
2021-02-15 01:00:00,8.000,0.000,0.000,0.000,-6.200
2021-02-15 02:00:00,8.300,0.000,0.000,0.000,-6.200
2021-02-15 03:00:00,8.760,0.000,0.000,0.000,-6.300
2021-02-15 04:00:00,8.930,0.000,0.000,0.000,-5.900
2021-02-15 05:00:00,9.850,0.000,0.000,0.000,-5.100
2021-02-15 06:00:00,9.590,0.000,0.000,0.000,-4.100
2021-02-15 07:00:00,9.460,2.000,0.000,2.000,-3.100
2021-02-15 08:00:00,9.820,41.000,0.000,41.000,-1.900
2021-02-15 09:00:00,9.540,102.000,4.200,101.000,-0.900
2021-02-15 10:00:00,9.210,131.000,6.000,129.000,-0.300
2021-02-15 11:00:00,9.620,143.000,2.500,142.000,0.200
2021-02-15 12:00:00,9.430,133.000,2.400,132.000,0.500
2021-02-15 13:00:00,9.530,115.000,14.900,109.000,0.500
2021-02-15 14:00:00,9.300,62.000,0.000,62.000,0.500
2021-02-15 15:00:00,8.900,29.000,0.000,29.000,0.000
2021-02-15 16:00:00,8.650,13.000,0.000,13.000,-0.000
2021-02-15 17:00:00,8.510,1.000,0.000,1.000,0.000
2021-02-15 18:00:00,8.960,0.000,0.000,0.000,0.400
2021-02-15 19:00:00,8.810,0.000,0.000,0.000,0.700
2021-02-15 20:00:00,8.390,0.000,0.000,0.000,1.200
2021-02-15 21:00:00,8.540,0.000,0.000,0.000,1.800
2021-02-15 22:00:00,7.680,0.000,0.000,0.000,2.400
2021-02-15 23:00:00,7.210,0.000,0.000,0.000,2.400
2021-02-16 00:00:00,7.150,0.000,0.000,0.000,2.400
2021-02-16 01:00:00,6.930,0.000,0.000,0.000,2.300
2021-02-16 02:00:00,6.370,0.000,0.000,0.000,2.200
2021-02-16 03:00:00,6.350,0.000,0.000,0.000,2.400
2021-02-16 04:00:00,6.400,0.000,0.000,0.000,2.400
2021-02-16 05:00:00,6.360,0.000,0.000,0.000,2.600
2021-02-16 06:00:00,6.720,0.000,0.000,0.000,2.800
2021-02-16 07:00:00,5.940,1.000,0.000,1.000,2.800
2021-02-16 08:00:00,6.140,29.000,8.300,28.000,3.000
2021-02-16 09:00:00,5.960,62.000,0.000,62.000,3.500
2021-02-16 10:00:00,5.380,83.000,8.800,80.000,3.700
2021-02-16 11:00:00,5.630,108.000,2.500,107.000,4.000
2021-02-16 12:00:00,6.550,95.000,4.700,93.000,4.200
2021-02-16 13:00:00,6.450,205.000,90.500,168.000,5.400
2021-02-16 14:00:00,6.670,191.000,65.300,168.000,5.900
2021-02-16 15:00:00,7.520,115.000,15.400,111.000,5.700
2021-02-16 16:00:00,8.610,51.000,7.200,50.000,5.300
2021-02-16 17:00:00,9.010,5.000,0.000,5.000,4.900
2021-02-16 18:00:00,9.140,0.000,0.000,0.000,4.800
2021-02-16 19:00:00,9.370,0.000,0.000,0.000,4.600
2021-02-16 20:00:00,9.460,0.000,0.000,0.000,4.400
2021-02-16 21:00:00,9.210,0.000,0.000,0.000,4.100
2021-02-16 22:00:00,8.680,0.000,0.000,0.000,4.400
2021-02-16 23:00:00,9.550,0.000,0.000,0.000,4.500
2021-02-17 00:00:00,9.950,0.000,0.000,0.000,5.300
2021-02-17 01:00:00,9.590,0.000,0.000,0.000,5.600
2021-02-17 02:00:00,9.330,0.000,0.000,0.000,5.900
2021-02-17 03:00:00,9.430,0.000,0.000,0.000,5.800
2021-02-17 04:00:00,9.580,0.000,0.000,0.000,5.700
2021-02-17 05:00:00,9.360,0.000,0.000,0.000,5.800
2021-02-17 06:00:00,8.960,0.000,0.000,0.000,5.900
2021-02-17 07:00:00,9.270,1.000,0.000,1.000,6.000
2021-02-17 08:00:00,9.650,20.000,0.000,20.000,6.200
2021-02-17 09:00:00,9.310,102.000,168.100,60.000,6.600
2021-02-17 10:00:00,9.440,87.000,31.700,76.000,7.300
2021-02-17 11:00:00,9.750,114.000,24.500,104.000,7.700
2021-02-17 12:00:00,8.780,130.000,78.800,96.000,8.200
2021-02-17 13:00:00,8.100,149.000,115.800,101.000,8.800
2021-02-17 14:00:00,7.470,208.000,313.100,96.000,9.000
2021-02-17 15:00:00,6.500,125.000,256.000,57.000,8.900
2021-02-17 16:00:00,5.920,56.000,131.600,37.000,8.600
2021-02-17 17:00:00,5.800,5.000,0.000,5.000,7.800
2021-02-17 18:00:00,6.300,0.000,0.000,0.000,7.400
2021-02-17 19:00:00,6.860,0.000,0.000,0.000,7.500
2021-02-17 20:00:00,7.080,0.000,0.000,0.000,7.100
2021-02-17 21:00:00,7.150,0.000,0.000,0.000,7.000
2021-02-17 22:00:00,6.870,0.000,0.000,0.000,6.800
2021-02-17 23:00:00,7.040,0.000,0.000,0.000,6.900
2021-02-18 00:00:00,7.140,0.000,0.000,0.000,6.600
2021-02-18 01:00:00,7.220,0.000,0.000,0.000,6.300
2021-02-18 02:00:00,6.810,0.000,0.000,0.000,5.500
2021-02-18 03:00:00,6.990,0.000,0.000,0.000,5.100
2021-02-18 04:00:00,7.310,0.000,0.000,0.000,4.600
2021-02-18 05:00:00,7.200,0.000,0.000,0.000,4.500
2021-02-18 06:00:00,7.230,0.000,0.000,0.000,4.700
2021-02-18 07:00:00,7.300,4.000,0.000,4.000,4.900
2021-02-18 08:00:00,7.140,49.000,23.100,46.000,5.400
2021-02-18 09:00:00,6.720,127.000,66.600,110.000,6.400
2021-02-18 10:00:00,6.250,239.000,235.800,156.000,7.800
2021-02-18 11:00:00,5.720,290.000,253.600,185.000,9.000
2021-02-18 12:00:00,6.620,292.000,194.400,207.000,9.800
2021-02-18 13:00:00,7.200,316.000,335.900,175.000,10.400
2021-02-18 14:00:00,7.250,292.000,462.800,124.000,10.500
2021-02-18 15:00:00,8.620,189.000,291.800,110.000,10.200
2021-02-18 16:00:00,9.170,70.000,53.600,62.000,9.500
2021-02-18 17:00:00,9.660,8.000,0.000,8.000,8.900
2021-02-18 18:00:00,9.580,0.000,0.000,0.000,8.300
2021-02-18 19:00:00,9.320,0.000,0.000,0.000,8.000
2021-02-18 20:00:00,9.420,0.000,0.000,0.000,7.800
2021-02-18 21:00:00,9.700,0.000,0.000,0.000,7.700
2021-02-18 22:00:00,9.300,0.000,0.000,0.000,7.700
2021-02-18 23:00:00,9.680,0.000,0.000,0.000,7.500
2021-02-19 00:00:00,9.640,0.000,0.000,0.000,7.500
2021-02-19 01:00:00,9.980,0.000,0.000,0.000,7.100
2021-02-19 02:00:00,9.600,0.000,0.000,0.000,6.500
2021-02-19 03:00:00,9.290,0.000,0.000,0.000,5.600
2021-02-19 04:00:00,8.830,0.000,0.000,0.000,5.400
2021-02-19 05:00:00,8.810,0.000,0.000,0.000,5.200
2021-02-19 06:00:00,8.730,0.000,0.000,0.000,5.000
2021-02-19 07:00:00,7.970,6.000,38.200,4.000,4.700
2021-02-19 08:00:00,7.290,84.000,339.600,38.000,5.200
2021-02-19 09:00:00,6.570,207.000,537.300,67.000,6.000
2021-02-19 10:00:00,6.550,312.000,626.600,88.000,7.200
2021-02-19 11:00:00,6.050,355.000,562.400,119.000,8.200
2021-02-19 12:00:00,5.160,351.000,454.000,150.000,9.000
2021-02-19 13:00:00,5.120,381.000,667.900,97.000,9.800
2021-02-19 14:00:00,4.600,301.000,562.000,94.000,10.400
2021-02-19 15:00:00,3.850,188.000,308.100,103.000,10.400
2021-02-19 16:00:00,4.440,94.000,259.200,54.000,9.300
2021-02-19 17:00:00,5.820,12.000,51.600,9.000,7.700
2021-02-19 18:00:00,6.960,0.000,0.000,0.000,7.100
2021-02-19 19:00:00,7.210,0.000,0.000,0.000,6.600
2021-02-19 20:00:00,7.300,0.000,0.000,0.000,6.500
2021-02-19 21:00:00,7.300,0.000,0.000,0.000,6.500
2021-02-19 22:00:00,6.940,0.000,0.000,0.000,6.300
2021-02-19 23:00:00,6.650,0.000,0.000,0.000,6.000
2021-02-20 00:00:00,6.680,0.000,0.000,0.000,5.900
2021-02-20 01:00:00,6.750,0.000,0.000,0.000,6.000
2021-02-20 02:00:00,7.010,0.000,0.000,0.000,6.000
2021-02-20 03:00:00,7.220,0.000,0.000,0.000,5.700
2021-02-20 04:00:00,7.050,0.000,0.000,0.000,5.600
2021-02-20 05:00:00,6.950,0.000,0.000,0.000,5.900
2021-02-20 06:00:00,7.030,0.000,0.000,0.000,6.100
2021-02-20 07:00:00,7.320,6.000,0.000,6.000,5.900
2021-02-20 08:00:00,7.210,61.000,78.100,50.000,7.200
2021-02-20 09:00:00,7.160,158.000,259.300,89.000,8.900
2021-02-20 10:00:00,5.800,281.000,448.900,118.000,10.600
2021-02-20 11:00:00,5.500,339.000,536.200,111.000,12.200
2021-02-20 12:00:00,5.200,398.000,649.100,107.000,13.600
2021-02-20 13:00:00,5.200,383.000,668.700,95.000,14.800
2021-02-20 14:00:00,5.430,321.000,618.200,90.000,15.400
2021-02-20 15:00:00,6.530,220.000,501.600,79.000,15.300
2021-02-20 16:00:00,6.660,104.000,339.000,50.000,14.100
2021-02-20 17:00:00,7.200,14.000,65.900,10.000,12.500
2021-02-20 18:00:00,8.320,0.000,0.000,0.000,11.500
2021-02-20 19:00:00,8.340,0.000,0.000,0.000,10.900
2021-02-20 20:00:00,8.530,0.000,0.000,0.000,10.500
2021-02-20 21:00:00,8.400,0.000,0.000,0.000,10.000
2021-02-20 22:00:00,7.920,0.000,0.000,0.000,9.100
2021-02-20 23:00:00,7.990,0.000,0.000,0.000,8.900
2021-02-21 00:00:00,8.100,0.000,0.000,0.000,8.600
2021-02-21 01:00:00,7.790,0.000,0.000,0.000,8.300
2021-02-21 02:00:00,7.750,0.000,0.000,0.000,8.200
2021-02-21 03:00:00,7.750,0.000,0.000,0.000,7.700
2021-02-21 04:00:00,7.870,0.000,0.000,0.000,7.400
2021-02-21 05:00:00,8.070,0.000,0.000,0.000,7.400
2021-02-21 06:00:00,7.980,0.000,0.000,0.000,7.100
2021-02-21 07:00:00,7.660,9.000,56.300,6.000,6.900
2021-02-21 08:00:00,7.280,100.000,403.000,41.000,8.700
2021-02-21 09:00:00,6.800,225.000,588.800,65.000,11.300
2021-02-21 10:00:00,4.750,332.000,691.500,77.000,13.700
2021-02-21 11:00:00,4.460,407.000,749.600,84.000,15.500
2021-02-21 12:00:00,4.230,435.000,768.900,86.000,16.700
2021-02-21 13:00:00,4.400,416.000,758.800,85.000,17.600
2021-02-21 14:00:00,4.600,348.000,712.300,78.000,18.100
2021-02-21 15:00:00,4.300,243.000,618.200,66.000,18.000
2021-02-21 16:00:00,5.020,118.000,450.300,44.000,17.300
2021-02-21 17:00:00,5.900,16.000,110.700,9.000,14.500
2021-02-21 18:00:00,6.560,0.000,0.000,0.000,12.200
2021-02-21 19:00:00,6.500,0.000,0.000,0.000,10.500
2021-02-21 20:00:00,6.260,0.000,0.000,0.000,9.700
2021-02-21 21:00:00,6.500,0.000,0.000,0.000,8.900
2021-02-21 22:00:00,6.740,0.000,0.000,0.000,7.900
2021-02-21 23:00:00,6.940,0.000,0.000,0.000,7.100
2021-02-22 00:00:00,7.320,0.000,0.000,0.000,7.000
2021-02-22 01:00:00,7.740,0.000,0.000,0.000,6.900
2021-02-22 02:00:00,7.450,0.000,0.000,0.000,6.300
2021-02-22 03:00:00,7.300,0.000,0.000,0.000,5.700
2021-02-22 04:00:00,7.160,0.000,0.000,0.000,5.500
2021-02-22 05:00:00,7.030,0.000,0.000,0.000,5.400
2021-02-22 06:00:00,6.850,0.000,0.000,0.000,5.100
2021-02-22 07:00:00,6.610,12.000,89.000,7.000,5.000
2021-02-22 08:00:00,6.580,110.000,447.400,42.000,7.100
2021-02-22 09:00:00,6.380,239.000,634.400,63.000,9.700
2021-02-22 10:00:00,4.970,347.000,712.900,80.000,12.400
2021-02-22 11:00:00,4.420,406.000,689.400,105.000,14.400
2021-02-22 12:00:00,4.400,404.000,576.600,139.000,15.900
2021-02-22 13:00:00,4.700,394.000,588.500,134.000,17.100
2021-02-22 14:00:00,4.680,330.000,561.800,114.000,17.500
2021-02-22 15:00:00,5.200,244.000,593.400,71.000,16.800
2021-02-22 16:00:00,6.220,121.000,442.800,46.000,15.800
2021-02-22 17:00:00,7.580,17.000,91.200,11.000,14.200
2021-02-22 18:00:00,8.380,0.000,0.000,0.000,12.900
2021-02-22 19:00:00,8.150,0.000,0.000,0.000,12.200
2021-02-22 20:00:00,7.890,0.000,0.000,0.000,11.500
2021-02-22 21:00:00,8.030,0.000,0.000,0.000,11.000
2021-02-22 22:00:00,8.960,0.000,0.000,0.000,10.400
2021-02-22 23:00:00,8.700,0.000,0.000,0.000,10.100
2021-02-23 00:00:00,7.990,0.000,0.000,0.000,9.600
2021-02-23 01:00:00,7.660,0.000,0.000,0.000,9.300
2021-02-23 02:00:00,7.820,0.000,0.000,0.000,8.900
2021-02-23 03:00:00,7.550,0.000,0.000,0.000,9.300
2021-02-23 04:00:00,7.020,0.000,0.000,0.000,9.100
2021-02-23 05:00:00,7.160,0.000,0.000,0.000,9.000
2021-02-23 06:00:00,6.720,0.000,0.000,0.000,8.800
2021-02-23 07:00:00,5.540,6.000,0.000,6.000,8.700
2021-02-23 08:00:00,6.620,60.000,69.800,49.000,9.900
2021-02-23 09:00:00,6.890,136.000,201.300,79.000,11.000
2021-02-23 10:00:00,6.550,187.000,231.400,99.000,12.900
2021-02-23 11:00:00,5.980,310.000,411.400,128.000,15.100
2021-02-23 12:00:00,5.940,365.000,533.000,117.000,16.700
2021-02-23 13:00:00,5.420,379.000,623.700,100.000,17.700
2021-02-23 14:00:00,5.800,330.000,618.100,89.000,18.300
2021-02-23 15:00:00,6.180,225.000,508.800,74.000,18.100
2021-02-23 16:00:00,6.890,116.000,395.600,47.000,17.400
2021-02-23 17:00:00,7.700,18.000,73.200,13.000,15.700
2021-02-23 18:00:00,7.960,0.000,0.000,0.000,14.500
2021-02-23 19:00:00,8.460,0.000,0.000,0.000,13.700
2021-02-23 20:00:00,8.410,0.000,0.000,0.000,13.200
2021-02-23 21:00:00,8.180,0.000,0.000,0.000,12.700
2021-02-23 22:00:00,9.170,0.000,0.000,0.000,12.700
2021-02-23 23:00:00,8.950,0.000,0.000,0.000,12.300
2021-02-24 00:00:00,8.440,0.000,0.000,0.000,11.900
2021-02-24 01:00:00,8.270,0.000,0.000,0.000,11.500
2021-02-24 02:00:00,8.440,0.000,0.000,0.000,10.800
2021-02-24 03:00:00,8.300,0.000,0.000,0.000,10.300
2021-02-24 04:00:00,7.890,0.000,0.000,0.000,10.100
2021-02-24 05:00:00,7.910,0.000,0.000,0.000,10.100
2021-02-24 06:00:00,7.960,0.000,0.000,0.000,10.000
2021-02-24 07:00:00,7.830,14.000,64.500,10.000,10.000
2021-02-24 08:00:00,7.470,109.000,361.100,50.000,11.600
2021-02-24 09:00:00,7.420,235.000,570.900,70.000,13.700
2021-02-24 10:00:00,5.320,341.000,662.900,85.000,15.800
2021-02-24 11:00:00,5.240,412.000,716.200,91.000,17.400
2021-02-24 12:00:00,5.350,446.000,757.900,89.000,18.500
2021-02-24 13:00:00,5.810,429.000,755.000,87.000,19.000
2021-02-24 14:00:00,5.870,360.000,705.700,81.000,19.300
2021-02-24 15:00:00,5.110,254.000,612.500,69.000,19.100
2021-02-24 16:00:00,5.240,129.000,456.900,47.000,18.200
2021-02-24 17:00:00,6.110,22.000,141.100,12.000,15.800
2021-02-24 18:00:00,6.960,0.000,0.000,0.000,14.300
2021-02-24 19:00:00,7.460,0.000,0.000,0.000,13.400
2021-02-24 20:00:00,7.590,0.000,0.000,0.000,12.600
2021-02-24 21:00:00,7.530,0.000,0.000,0.000,12.100
2021-02-24 22:00:00,7.560,0.000,0.000,0.000,11.200
2021-02-24 23:00:00,7.220,0.000,0.000,0.000,10.500
2021-02-25 00:00:00,7.160,0.000,0.000,0.000,9.900
2021-02-25 01:00:00,7.050,0.000,0.000,0.000,9.500
2021-02-25 02:00:00,6.910,0.000,0.000,0.000,9.200
2021-02-25 03:00:00,6.800,0.000,0.000,0.000,8.900
2021-02-25 04:00:00,6.740,0.000,0.000,0.000,8.500
2021-02-25 05:00:00,6.850,0.000,0.000,0.000,8.400
2021-02-25 06:00:00,6.570,0.000,0.000,0.000,8.400
2021-02-25 07:00:00,6.690,16.000,107.800,9.000,8.400
2021-02-25 08:00:00,6.770,117.000,425.500,45.000,10.600
2021-02-25 09:00:00,6.600,242.000,593.500,67.000,13.300
2021-02-25 10:00:00,4.740,350.000,688.700,80.000,15.400
2021-02-25 11:00:00,5.270,419.000,724.500,90.000,16.700
2021-02-25 12:00:00,5.660,438.000,715.200,97.000,17.500
2021-02-25 13:00:00,5.650,398.000,658.500,96.000,17.900
2021-02-25 14:00:00,4.920,346.000,646.200,87.000,18.100
2021-02-25 15:00:00,4.400,252.000,592.200,70.000,17.800
2021-02-25 16:00:00,4.570,128.000,406.400,53.000,16.500
2021-02-25 17:00:00,5.200,23.000,122.500,14.000,14.300
2021-02-25 18:00:00,5.240,0.000,0.000,0.000,12.600
2021-02-25 19:00:00,4.920,0.000,0.000,0.000,11.000
2021-02-25 20:00:00,4.300,0.000,0.000,0.000,10.000
2021-02-25 21:00:00,4.120,0.000,0.000,0.000,10.000
2021-02-25 22:00:00,5.040,0.000,0.000,0.000,10.400
2021-02-25 23:00:00,6.580,0.000,0.000,0.000,9.800
2021-02-26 00:00:00,6.040,0.000,0.000,0.000,9.100
2021-02-26 01:00:00,4.920,0.000,0.000,0.000,8.400
2021-02-26 02:00:00,4.880,0.000,0.000,0.000,7.800
2021-02-26 03:00:00,4.030,0.000,0.000,0.000,7.300
2021-02-26 04:00:00,4.300,0.000,0.000,0.000,7.000
2021-02-26 05:00:00,5.280,0.000,0.000,0.000,6.900
2021-02-26 06:00:00,5.810,0.000,0.000,0.000,6.600
2021-02-26 07:00:00,5.770,11.000,29.400,9.000,6.600
2021-02-26 08:00:00,5.550,47.000,57.100,37.000,6.500
2021-02-26 09:00:00,5.100,88.000,13.300,84.000,6.800
2021-02-26 10:00:00,5.820,228.000,178.400,157.000,7.400
2021-02-26 11:00:00,6.740,331.000,358.700,166.000,8.400
2021-02-26 12:00:00,7.140,410.000,534.700,152.000,9.300
2021-02-26 13:00:00,6.720,317.000,405.000,129.000,9.500
2021-02-26 14:00:00,6.440,239.000,241.200,141.000,9.900
2021-02-26 15:00:00,6.520,160.000,191.900,100.000,9.600
2021-02-26 16:00:00,6.580,106.000,290.000,51.000,9.100
2021-02-26 17:00:00,6.160,19.000,92.100,12.000,8.200
2021-02-26 18:00:00,6.450,0.000,0.000,0.000,7.400
2021-02-26 19:00:00,6.660,0.000,0.000,0.000,6.600
2021-02-26 20:00:00,6.590,0.000,0.000,0.000,6.000
2021-02-26 21:00:00,6.510,0.000,0.000,0.000,5.300
2021-02-26 22:00:00,6.510,0.000,0.000,0.000,5.000
2021-02-26 23:00:00,6.010,0.000,0.000,0.000,4.500
2021-02-27 00:00:00,5.950,0.000,0.000,0.000,4.400
2021-02-27 01:00:00,5.820,0.000,0.000,0.000,4.300
2021-02-27 02:00:00,6.240,0.000,0.000,0.000,4.100
2021-02-27 03:00:00,6.520,0.000,0.000,0.000,4.000
2021-02-27 04:00:00,6.470,0.000,0.000,0.000,4.100
2021-02-27 05:00:00,6.720,0.000,0.000,0.000,3.900
2021-02-27 06:00:00,5.820,0.000,0.000,0.000,3.800
2021-02-27 07:00:00,6.040,7.000,0.000,7.000,3.800
2021-02-27 08:00:00,6.220,46.000,5.500,45.000,3.900
2021-02-27 09:00:00,5.950,95.000,9.800,92.000,4.200
2021-02-27 10:00:00,4.890,105.000,5.000,103.000,5.000
2021-02-27 11:00:00,5.230,146.000,17.200,138.000,5.500
2021-02-27 12:00:00,4.760,125.000,24.600,113.000,5.800
2021-02-27 13:00:00,4.420,106.000,2.100,105.000,6.000
2021-02-27 14:00:00,4.220,109.000,17.000,102.000,6.400
2021-02-27 15:00:00,4.170,67.000,6.300,65.000,6.600
2021-02-27 16:00:00,3.670,50.000,5.100,49.000,6.800
2021-02-27 17:00:00,2.680,11.000,12.700,10.000,6.600
2021-02-27 18:00:00,2.360,0.000,0.000,0.000,6.200
2021-02-27 19:00:00,2.480,0.000,0.000,0.000,5.800
2021-02-27 20:00:00,2.900,0.000,0.000,0.000,5.600
2021-02-27 21:00:00,2.910,0.000,0.000,0.000,5.200
2021-02-27 22:00:00,3.720,0.000,0.000,0.000,5.200
2021-02-27 23:00:00,3.760,0.000,0.000,0.000,4.200
2021-02-28 00:00:00,3.930,0.000,0.000,0.000,3.200
2021-02-28 01:00:00,4.270,0.000,0.000,0.000,2.000
2021-02-28 02:00:00,4.750,0.000,0.000,0.000,2.000
2021-02-28 03:00:00,4.590,0.000,0.000,0.000,2.000
2021-02-28 04:00:00,4.220,0.000,0.000,0.000,1.600
2021-02-28 05:00:00,3.860,0.000,0.000,0.000,1.900
2021-02-28 06:00:00,3.330,0.000,0.000,0.000,2.100
2021-02-28 07:00:00,3.220,10.000,0.000,10.000,2.000
2021-02-28 08:00:00,2.920,50.000,5.400,49.000,2.200
2021-02-28 09:00:00,2.610,91.000,0.000,91.000,2.600
2021-02-28 10:00:00,2.060,132.000,14.600,126.000,3.100
2021-02-28 11:00:00,1.790,174.000,29.700,160.000,3.900
2021-02-28 12:00:00,1.660,182.000,72.900,146.000,4.400
2021-02-28 13:00:00,1.640,189.000,29.400,175.000,5.100
2021-02-28 14:00:00,1.840,124.000,2.400,123.000,5.000
2021-02-28 15:00:00,2.160,95.000,3.100,94.000,5.100
2021-02-28 16:00:00,2.560,56.000,10.000,54.000,5.000
2021-02-28 17:00:00,2.570,9.000,0.000,9.000,5.100
2021-02-28 18:00:00,2.420,0.000,0.000,0.000,4.900
2021-02-28 19:00:00,2.340,0.000,0.000,0.000,4.700
2021-02-28 20:00:00,2.020,0.000,0.000,0.000,4.500
2021-02-28 21:00:00,1.480,0.000,0.000,0.000,4.300
2021-02-28 22:00:00,1.620,0.000,0.000,0.000,4.200
2021-02-28 23:00:00,1.340,0.000,0.000,0.000,4.100
2021-03-01 00:00:00,1.490,0.000,0.000,0.000,3.600
2021-03-01 01:00:00,1.660,0.000,0.000,0.000,3.600
2021-03-01 02:00:00,1.250,0.000,0.000,0.000,3.400
2021-03-01 03:00:00,0.920,0.000,0.000,0.000,3.300
2021-03-01 04:00:00,0.630,0.000,0.000,0.000,3.500
2021-03-01 05:00:00,0.410,0.000,0.000,0.000,3.300
2021-03-01 06:00:00,0.360,0.000,0.000,0.000,3.300
2021-03-01 07:00:00,0.610,11.000,0.000,11.000,3.300
2021-03-01 08:00:00,1.080,60.000,36.300,53.000,3.400
2021-03-01 09:00:00,1.000,100.000,28.200,91.000,3.600
2021-03-01 10:00:00,1.350,113.000,14.400,107.000,3.500
2021-03-01 11:00:00,1.440,231.000,186.300,142.000,4.200
2021-03-01 12:00:00,1.360,292.000,344.000,120.000,5.000
2021-03-01 13:00:00,1.400,285.000,303.400,139.000,5.800
2021-03-01 14:00:00,1.820,257.000,331.200,117.000,6.400
2021-03-01 15:00:00,2.140,249.000,478.000,92.000,7.000
2021-03-01 16:00:00,2.620,136.000,370.900,60.000,6.900
2021-03-01 17:00:00,3.700,31.000,167.100,17.000,5.600
2021-03-01 18:00:00,4.430,0.000,0.000,0.000,4.000
2021-03-01 19:00:00,4.840,0.000,0.000,0.000,3.000
2021-03-01 20:00:00,4.710,0.000,0.000,0.000,2.300
2021-03-01 21:00:00,4.470,0.000,0.000,0.000,1.600
2021-03-01 22:00:00,4.150,0.000,0.000,0.000,1.300
2021-03-01 23:00:00,4.370,0.000,0.000,0.000,0.500
2021-03-02 00:00:00,4.340,0.000,0.000,0.000,0.000
2021-03-02 01:00:00,3.890,0.000,0.000,0.000,-0.500
2021-03-02 02:00:00,3.580,0.000,0.000,0.000,-1.600
2021-03-02 03:00:00,3.610,0.000,0.000,0.000,-1.600
2021-03-02 04:00:00,3.920,0.000,0.000,0.000,-1.400
2021-03-02 05:00:00,3.980,0.000,0.000,0.000,-1.500
2021-03-02 06:00:00,3.890,0.000,0.000,0.000,-1.600
2021-03-02 07:00:00,3.800,31.000,187.200,16.000,-1.000
2021-03-02 08:00:00,3.320,141.000,392.200,63.000,0.100
2021-03-02 09:00:00,2.210,259.000,508.100,94.000,1.600
2021-03-02 10:00:00,2.150,374.000,616.300,114.000,3.700
2021-03-02 11:00:00,2.060,460.000,740.300,102.000,6.300
2021-03-02 12:00:00,2.020,499.000,808.700,90.000,8.500
2021-03-02 13:00:00,2.240,473.000,788.800,89.000,10.600
2021-03-02 14:00:00,2.730,400.000,735.700,85.000,11.800
2021-03-02 15:00:00,3.180,291.000,653.300,73.000,12.200
2021-03-02 16:00:00,4.360,160.000,504.900,54.000,12.000
2021-03-02 17:00:00,5.750,38.000,231.700,18.000,10.700
2021-03-02 18:00:00,6.130,0.000,0.000,0.000,8.600
2021-03-02 19:00:00,5.890,0.000,0.000,0.000,7.100
2021-03-02 20:00:00,5.560,0.000,0.000,0.000,6.000
2021-03-02 21:00:00,5.050,0.000,0.000,0.000,4.400
2021-03-02 22:00:00,4.900,0.000,0.000,0.000,3.500
2021-03-02 23:00:00,4.820,0.000,0.000,0.000,1.900
2021-03-03 00:00:00,4.830,0.000,0.000,0.000,1.500
2021-03-03 01:00:00,5.000,0.000,0.000,0.000,1.200
2021-03-03 02:00:00,5.050,0.000,0.000,0.000,0.800
2021-03-03 03:00:00,5.300,0.000,0.000,0.000,0.700
2021-03-03 04:00:00,5.870,0.000,0.000,0.000,0.600
2021-03-03 05:00:00,5.600,0.000,0.000,0.000,0.400
2021-03-03 06:00:00,4.980,0.000,0.000,0.000,-0.200
2021-03-03 07:00:00,5.110,34.000,216.400,16.000,1.100
2021-03-03 08:00:00,4.880,155.000,497.800,53.000,3.400
2021-03-03 09:00:00,4.100,288.000,646.900,74.000,6.600
2021-03-03 10:00:00,3.610,396.000,722.200,87.000,9.700
2021-03-03 11:00:00,3.970,468.000,766.100,93.000,11.900
2021-03-03 12:00:00,4.380,493.000,780.000,94.000,13.300
2021-03-03 13:00:00,4.920,467.000,757.400,94.000,14.400
2021-03-03 14:00:00,5.550,391.000,687.300,93.000,14.700
2021-03-03 15:00:00,5.720,283.000,590.000,83.000,14.600
2021-03-03 16:00:00,6.450,157.000,465.100,57.000,13.800
2021-03-03 17:00:00,7.000,39.000,225.000,19.000,12.300
2021-03-03 18:00:00,7.210,0.000,0.000,0.000,10.700
2021-03-03 19:00:00,7.440,0.000,0.000,0.000,9.400
2021-03-03 20:00:00,7.230,0.000,0.000,0.000,8.600
2021-03-03 21:00:00,6.690,0.000,0.000,0.000,7.600
2021-03-03 22:00:00,6.310,0.000,0.000,0.000,6.700
2021-03-03 23:00:00,6.080,0.000,0.000,0.000,6.000
2021-03-04 00:00:00,5.280,0.000,0.000,0.000,5.500
2021-03-04 01:00:00,4.750,0.000,0.000,0.000,4.700
2021-03-04 02:00:00,4.680,0.000,0.000,0.000,4.200
2021-03-04 03:00:00,4.550,0.000,0.000,0.000,3.600
2021-03-04 04:00:00,4.390,0.000,0.000,0.000,3.000
2021-03-04 05:00:00,4.570,0.000,0.000,0.000,2.700
2021-03-04 06:00:00,4.610,0.000,0.000,0.000,2.400
2021-03-04 07:00:00,4.440,9.000,0.000,9.000,2.300
2021-03-04 08:00:00,4.590,53.000,0.000,53.000,2.400
2021-03-04 09:00:00,4.810,100.000,11.900,96.000,2.400
2021-03-04 10:00:00,4.800,128.000,9.200,124.000,2.700
2021-03-04 11:00:00,4.480,141.000,18.200,132.000,3.000
2021-03-04 12:00:00,4.390,155.000,5.800,152.000,3.300
2021-03-04 13:00:00,4.410,108.000,36.100,90.000,3.500
2021-03-04 14:00:00,4.280,107.000,4.600,105.000,4.000
2021-03-04 15:00:00,4.190,55.000,2.900,54.000,4.100
2021-03-04 16:00:00,3.910,39.000,0.000,39.000,4.200
2021-03-04 17:00:00,3.640,7.000,0.000,7.000,4.000
2021-03-04 18:00:00,3.610,0.000,0.000,0.000,4.200
2021-03-04 19:00:00,4.240,0.000,0.000,0.000,4.000
2021-03-04 20:00:00,5.820,0.000,0.000,0.000,3.600
2021-03-04 21:00:00,6.910,0.000,0.000,0.000,3.000
2021-03-04 22:00:00,6.890,0.000,0.000,0.000,2.500
2021-03-04 23:00:00,6.320,0.000,0.000,0.000,2.200
2021-03-05 00:00:00,6.100,0.000,0.000,0.000,1.800
2021-03-05 01:00:00,5.970,0.000,0.000,0.000,1.300
2021-03-05 02:00:00,6.580,0.000,0.000,0.000,0.800
2021-03-05 03:00:00,6.340,0.000,0.000,0.000,-0.100
2021-03-05 04:00:00,5.930,0.000,0.000,0.000,-0.900
2021-03-05 05:00:00,5.620,0.000,0.000,0.000,-1.200
2021-03-05 06:00:00,5.410,0.000,0.000,0.000,-2.100
2021-03-05 07:00:00,4.900,38.000,235.000,17.000,-1.600
2021-03-05 08:00:00,3.700,165.000,506.900,55.000,-0.100
2021-03-05 09:00:00,3.200,277.000,565.800,83.000,1.200
2021-03-05 10:00:00,3.100,375.000,645.700,91.000,2.500
2021-03-05 11:00:00,3.410,448.000,684.200,105.000,3.700
2021-03-05 12:00:00,3.060,426.000,650.000,86.000,4.400
2021-03-05 13:00:00,3.010,464.000,724.700,99.000,5.100
2021-03-05 14:00:00,3.110,416.000,688.500,110.000,5.700
2021-03-05 15:00:00,3.390,314.000,664.000,82.000,5.700
2021-03-05 16:00:00,3.830,181.000,537.500,60.000,5.500
2021-03-05 17:00:00,4.220,50.000,287.300,23.000,4.300
2021-03-05 18:00:00,4.470,0.000,0.000,0.000,1.900
2021-03-05 19:00:00,4.390,0.000,0.000,0.000,0.400
2021-03-05 20:00:00,4.340,0.000,0.000,0.000,-0.500
2021-03-05 21:00:00,4.430,0.000,0.000,0.000,-1.300
2021-03-05 22:00:00,5.410,0.000,0.000,0.000,-1.600
2021-03-05 23:00:00,5.280,0.000,0.000,0.000,-1.900
2021-03-06 00:00:00,4.940,0.000,0.000,0.000,-2.300
2021-03-06 01:00:00,4.950,0.000,0.000,0.000,-2.300
2021-03-06 02:00:00,5.250,0.000,0.000,0.000,-2.500
2021-03-06 03:00:00,5.530,0.000,0.000,0.000,-2.400
2021-03-06 04:00:00,5.610,0.000,0.000,0.000,-2.400
2021-03-06 05:00:00,5.800,0.000,0.000,0.000,-2.200
2021-03-06 06:00:00,5.940,0.000,0.000,0.000,-2.100
2021-03-06 07:00:00,6.080,30.000,162.200,15.000,-1.400
2021-03-06 08:00:00,6.170,88.000,165.900,51.000,0.100
2021-03-06 09:00:00,5.410,104.000,40.100,90.000,1.500
2021-03-06 10:00:00,6.020,156.000,76.300,122.000,2.500
2021-03-06 11:00:00,6.120,137.000,61.100,106.000,3.100
2021-03-06 12:00:00,6.000,178.000,41.600,156.000,3.700
2021-03-06 13:00:00,5.320,206.000,113.900,148.000,4.400
2021-03-06 14:00:00,5.140,177.000,71.100,145.000,4.900
2021-03-06 15:00:00,5.150,160.000,79.000,132.000,5.200
2021-03-06 16:00:00,4.940,94.000,60.800,80.000,5.200
2021-03-06 17:00:00,5.100,25.000,20.700,23.000,5.100
2021-03-06 18:00:00,5.500,0.000,0.000,0.000,4.700
2021-03-06 19:00:00,5.800,0.000,0.000,0.000,4.500
2021-03-06 20:00:00,5.810,0.000,0.000,0.000,4.000
2021-03-06 21:00:00,5.630,0.000,0.000,0.000,3.700
2021-03-06 22:00:00,5.870,0.000,0.000,0.000,2.600
2021-03-06 23:00:00,5.600,0.000,0.000,0.000,2.200
2021-03-07 00:00:00,5.460,0.000,0.000,0.000,1.500
2021-03-07 01:00:00,5.610,0.000,0.000,0.000,1.100
2021-03-07 02:00:00,5.790,0.000,0.000,0.000,0.700
2021-03-07 03:00:00,5.870,0.000,0.000,0.000,0.600
2021-03-07 04:00:00,5.820,0.000,0.000,0.000,0.400
2021-03-07 05:00:00,5.910,0.000,0.000,0.000,0.500
2021-03-07 06:00:00,6.110,0.000,0.000,0.000,0.400
2021-03-07 07:00:00,6.100,40.000,188.400,22.000,0.800
2021-03-07 08:00:00,5.740,131.000,262.000,71.000,1.300
2021-03-07 09:00:00,6.000,198.000,278.900,99.000,2.000
2021-03-07 10:00:00,7.670,289.000,309.900,149.000,2.800
2021-03-07 11:00:00,7.060,288.000,140.300,216.000,3.400
2021-03-07 12:00:00,6.960,213.000,33.700,195.000,3.700
2021-03-07 13:00:00,7.060,221.000,46.600,197.000,4.000
2021-03-07 14:00:00,7.020,101.000,4.400,99.000,3.900
2021-03-07 15:00:00,7.210,139.000,72.300,113.000,4.300
2021-03-07 16:00:00,6.580,79.000,34.000,71.000,4.400
2021-03-07 17:00:00,6.410,26.000,40.400,22.000,4.300
2021-03-07 18:00:00,6.810,0.000,0.000,0.000,3.900
2021-03-07 19:00:00,7.030,0.000,0.000,0.000,4.100
2021-03-07 20:00:00,7.140,0.000,0.000,0.000,4.000
2021-03-07 21:00:00,6.920,0.000,0.000,0.000,3.900
2021-03-07 22:00:00,6.770,0.000,0.000,0.000,3.200
2021-03-07 23:00:00,5.510,0.000,0.000,0.000,2.800
2021-03-08 00:00:00,4.760,0.000,0.000,0.000,2.500
2021-03-08 01:00:00,4.610,0.000,0.000,0.000,2.100
2021-03-08 02:00:00,4.480,0.000,0.000,0.000,1.700
2021-03-08 03:00:00,4.200,0.000,0.000,0.000,0.900
2021-03-08 04:00:00,4.270,0.000,0.000,0.000,0.200
2021-03-08 05:00:00,3.940,0.000,0.000,0.000,-0.400
2021-03-08 06:00:00,3.860,0.000,0.000,0.000,-0.900
2021-03-08 07:00:00,3.750,45.000,212.900,24.000,-1.200
2021-03-08 08:00:00,2.420,176.000,489.200,61.000,0.200
2021-03-08 09:00:00,1.840,323.000,656.700,86.000,1.700
2021-03-08 10:00:00,2.020,409.000,668.600,103.000,3.300
2021-03-08 11:00:00,1.900,516.000,786.400,108.000,4.600
2021-03-08 12:00:00,1.800,543.000,812.700,104.000,5.400
2021-03-08 13:00:00,1.820,498.000,755.400,105.000,5.900
2021-03-08 14:00:00,1.930,424.000,658.100,121.000,6.300
2021-03-08 15:00:00,1.610,333.000,671.500,88.000,6.300
2021-03-08 16:00:00,1.620,178.000,424.900,76.000,6.000
2021-03-08 17:00:00,2.840,52.000,216.600,30.000,4.500
2021-03-08 18:00:00,4.220,0.000,0.000,0.000,3.000
2021-03-08 19:00:00,5.200,0.000,0.000,0.000,2.700
2021-03-08 20:00:00,5.710,0.000,0.000,0.000,2.500
2021-03-08 21:00:00,5.730,0.000,0.000,0.000,2.200
2021-03-08 22:00:00,5.890,0.000,0.000,0.000,2.100
2021-03-08 23:00:00,6.050,0.000,0.000,0.000,1.800
2021-03-09 00:00:00,5.640,0.000,0.000,0.000,1.600
2021-03-09 01:00:00,5.310,0.000,0.000,0.000,1.300
2021-03-09 02:00:00,5.320,0.000,0.000,0.000,1.200
2021-03-09 03:00:00,4.880,0.000,0.000,0.000,1.200
2021-03-09 04:00:00,4.810,0.000,0.000,0.000,1.000
2021-03-09 05:00:00,5.100,0.000,0.000,0.000,0.900
2021-03-09 06:00:00,5.280,0.000,0.000,0.000,0.800
2021-03-09 07:00:00,5.200,16.000,0.000,16.000,0.600
2021-03-09 08:00:00,5.370,32.000,0.000,32.000,0.900
2021-03-09 09:00:00,5.370,52.000,8.200,49.000,1.500
2021-03-09 10:00:00,4.990,110.000,17.300,102.000,1.600
2021-03-09 11:00:00,4.600,116.000,13.300,109.000,1.600
2021-03-09 12:00:00,4.550,165.000,22.000,153.000,2.200
2021-03-09 13:00:00,4.480,144.000,59.000,113.000,2.400
2021-03-09 14:00:00,4.740,102.000,6.400,99.000,2.600
2021-03-09 15:00:00,4.680,110.000,16.200,104.000,3.000
2021-03-09 16:00:00,4.280,52.000,4.100,51.000,3.100
2021-03-09 17:00:00,3.830,15.000,0.000,15.000,3.300
2021-03-09 18:00:00,3.850,0.000,0.000,0.000,3.300
2021-03-09 19:00:00,3.980,0.000,0.000,0.000,3.200
2021-03-09 20:00:00,3.350,0.000,0.000,0.000,3.200
2021-03-09 21:00:00,2.600,0.000,0.000,0.000,3.100
2021-03-09 22:00:00,2.950,0.000,0.000,0.000,2.700
2021-03-09 23:00:00,3.450,0.000,0.000,0.000,2.600
2021-03-10 00:00:00,3.160,0.000,0.000,0.000,2.300
2021-03-10 01:00:00,2.770,0.000,0.000,0.000,2.300
2021-03-10 02:00:00,2.300,0.000,0.000,0.000,1.500
2021-03-10 03:00:00,2.410,0.000,0.000,0.000,2.000
2021-03-10 04:00:00,1.710,0.000,0.000,0.000,1.700
2021-03-10 05:00:00,1.340,0.000,0.000,0.000,1.400
2021-03-10 06:00:00,1.960,0.000,0.000,0.000,1.500
2021-03-10 07:00:00,3.090,47.000,152.700,31.000,1.900
2021-03-10 08:00:00,2.340,122.000,202.400,72.000,3.200
2021-03-10 09:00:00,2.280,172.000,160.900,112.000,4.100
2021-03-10 10:00:00,3.440,252.000,166.100,174.000,4.500
2021-03-10 11:00:00,4.200,343.000,213.100,230.000,5.600
2021-03-10 12:00:00,4.490,339.000,188.600,235.000,6.400
2021-03-10 13:00:00,4.530,288.000,120.500,224.000,7.500
2021-03-10 14:00:00,4.880,248.000,112.500,195.000,8.000
2021-03-10 15:00:00,5.200,124.000,16.000,118.000,8.200
2021-03-10 16:00:00,4.780,65.000,0.000,65.000,7.800
2021-03-10 17:00:00,5.500,20.000,0.000,20.000,7.300
2021-03-10 18:00:00,6.200,0.000,0.000,0.000,6.900
2021-03-10 19:00:00,7.240,0.000,0.000,0.000,6.700
2021-03-10 20:00:00,8.330,0.000,0.000,0.000,6.600
2021-03-10 21:00:00,9.000,0.000,0.000,0.000,6.700
2021-03-10 22:00:00,9.710,0.000,0.000,0.000,7.000
2021-03-10 23:00:00,10.100,0.000,0.000,0.000,6.900
2021-03-11 00:00:00,10.720,0.000,0.000,0.000,6.300
2021-03-11 01:00:00,11.320,0.000,0.000,0.000,5.900
2021-03-11 02:00:00,10.920,0.000,0.000,0.000,5.600
2021-03-11 03:00:00,10.760,0.000,0.000,0.000,5.800
2021-03-11 04:00:00,10.610,0.000,0.000,0.000,6.100
2021-03-11 05:00:00,10.840,0.000,0.000,0.000,6.400
2021-03-11 06:00:00,11.070,0.000,0.000,0.000,6.700
2021-03-11 07:00:00,11.370,6.000,0.000,6.000,7.200
2021-03-11 08:00:00,12.010,22.000,0.000,22.000,7.700
2021-03-11 09:00:00,12.480,72.000,7.900,69.000,8.600
2021-03-11 10:00:00,11.600,90.000,6.300,87.000,9.800
2021-03-11 11:00:00,10.600,177.000,39.200,156.000,11.100
2021-03-11 12:00:00,13.070,314.000,254.900,172.000,12.300
2021-03-11 13:00:00,16.060,354.000,335.400,174.000,11.900
2021-03-11 14:00:00,15.920,375.000,514.400,130.000,12.100
2021-03-11 15:00:00,15.720,177.000,163.100,115.000,10.800
2021-03-11 16:00:00,14.790,113.000,105.900,86.000,9.700
2021-03-11 17:00:00,12.940,51.000,192.600,30.000,8.900
2021-03-11 18:00:00,11.340,1.000,0.000,1.000,8.200
2021-03-11 19:00:00,10.430,0.000,0.000,0.000,7.400
2021-03-11 20:00:00,10.590,0.000,0.000,0.000,7.100
2021-03-11 21:00:00,10.600,0.000,0.000,0.000,6.900
2021-03-11 22:00:00,11.400,0.000,0.000,0.000,6.500
2021-03-11 23:00:00,10.500,0.000,0.000,0.000,6.200
2021-03-12 00:00:00,10.150,0.000,0.000,0.000,5.900
2021-03-12 01:00:00,10.180,0.000,0.000,0.000,5.800
2021-03-12 02:00:00,11.320,0.000,0.000,0.000,5.200
2021-03-12 03:00:00,11.770,0.000,0.000,0.000,5.100
2021-03-12 04:00:00,11.810,0.000,0.000,0.000,5.400
2021-03-12 05:00:00,11.420,0.000,0.000,0.000,5.200
2021-03-12 06:00:00,11.060,1.000,0.000,1.000,5.000
2021-03-12 07:00:00,10.440,59.000,230.200,33.000,5.200
2021-03-12 08:00:00,10.240,188.000,466.700,67.000,6.000
2021-03-12 09:00:00,12.910,314.000,579.300,91.000,6.800
2021-03-12 10:00:00,11.270,383.000,467.400,158.000,7.600
2021-03-12 11:00:00,11.780,395.000,433.600,160.000,8.300
2021-03-12 12:00:00,11.640,362.000,305.700,190.000,9.000
2021-03-12 13:00:00,10.710,371.000,254.600,233.000,9.500
2021-03-12 14:00:00,10.560,374.000,404.900,179.000,9.400
2021-03-12 15:00:00,9.690,317.000,511.300,120.000,9.200
2021-03-12 16:00:00,10.110,167.000,292.500,91.000,9.400
2021-03-12 17:00:00,10.900,41.000,35.200,37.000,8.500
2021-03-12 18:00:00,11.890,1.000,0.000,1.000,7.100
2021-03-12 19:00:00,12.640,0.000,0.000,0.000,6.100
2021-03-12 20:00:00,11.620,0.000,0.000,0.000,5.700
2021-03-12 21:00:00,10.690,0.000,0.000,0.000,5.300
2021-03-12 22:00:00,9.450,0.000,0.000,0.000,4.700
2021-03-12 23:00:00,10.320,0.000,0.000,0.000,5.000
2021-03-13 00:00:00,10.170,0.000,0.000,0.000,5.000
2021-03-13 01:00:00,9.690,0.000,0.000,0.000,4.900
2021-03-13 02:00:00,9.300,0.000,0.000,0.000,4.700
2021-03-13 03:00:00,8.810,0.000,0.000,0.000,4.800
2021-03-13 04:00:00,9.010,0.000,0.000,0.000,5.000
2021-03-13 05:00:00,8.950,0.000,0.000,0.000,5.300
2021-03-13 06:00:00,9.750,1.000,0.000,1.000,5.100
2021-03-13 07:00:00,11.140,17.000,0.000,17.000,4.800
2021-03-13 08:00:00,12.080,48.000,3.800,47.000,5.900
2021-03-13 09:00:00,13.370,105.000,5.100,103.000,7.200
2021-03-13 10:00:00,13.150,113.000,4.100,111.000,7.300
2021-03-13 11:00:00,13.310,270.000,115.000,207.000,7.900
2021-03-13 12:00:00,13.050,360.000,251.600,217.000,7.800
2021-03-13 13:00:00,13.520,363.000,396.300,146.000,8.200
2021-03-13 14:00:00,13.160,284.000,246.500,164.000,7.800
2021-03-13 15:00:00,14.390,213.000,192.100,138.000,7.000
2021-03-13 16:00:00,14.160,107.000,102.000,80.000,6.800
2021-03-13 17:00:00,13.930,55.000,168.700,35.000,6.100
2021-03-13 18:00:00,14.650,2.000,0.000,2.000,5.800
2021-03-13 19:00:00,14.810,0.000,0.000,0.000,5.800
2021-03-13 20:00:00,15.120,0.000,0.000,0.000,5.500
2021-03-13 21:00:00,15.050,0.000,0.000,0.000,5.400
2021-03-13 22:00:00,15.100,0.000,0.000,0.000,5.600
2021-03-13 23:00:00,14.850,0.000,0.000,0.000,5.300
2021-03-14 00:00:00,14.450,0.000,0.000,0.000,5.200
2021-03-14 01:00:00,13.960,0.000,0.000,0.000,4.900
2021-03-14 02:00:00,13.220,0.000,0.000,0.000,4.800
2021-03-14 03:00:00,12.430,0.000,0.000,0.000,4.700
2021-03-14 04:00:00,12.140,0.000,0.000,0.000,4.600
2021-03-14 05:00:00,11.320,0.000,0.000,0.000,4.700
2021-03-14 06:00:00,11.110,1.000,0.000,1.000,4.700
2021-03-14 07:00:00,10.710,40.000,31.900,36.000,4.600
2021-03-14 08:00:00,11.520,82.000,36.800,72.000,4.800
2021-03-14 09:00:00,10.720,132.000,10.100,128.000,5.300
2021-03-14 10:00:00,8.600,191.000,91.200,146.000,5.900
2021-03-14 11:00:00,8.720,340.000,249.200,202.000,6.700
2021-03-14 12:00:00,8.580,402.000,344.900,204.000,7.200
2021-03-14 13:00:00,8.470,471.000,607.600,135.000,7.900
2021-03-14 14:00:00,8.170,378.000,510.100,127.000,8.100
2021-03-14 15:00:00,7.750,310.000,518.400,105.000,8.200
2021-03-14 16:00:00,8.740,173.000,363.400,75.000,7.800
2021-03-14 17:00:00,8.400,66.000,227.000,38.000,6.600
2021-03-14 18:00:00,7.500,2.000,0.000,2.000,6.000
2021-03-14 19:00:00,7.320,0.000,0.000,0.000,5.500
2021-03-14 20:00:00,7.670,0.000,0.000,0.000,5.100
2021-03-14 21:00:00,7.770,0.000,0.000,0.000,4.900
2021-03-14 22:00:00,8.050,0.000,0.000,0.000,4.700
2021-03-14 23:00:00,7.760,0.000,0.000,0.000,4.300
2021-03-15 00:00:00,7.870,0.000,0.000,0.000,4.200
2021-03-15 01:00:00,8.100,0.000,0.000,0.000,3.900
2021-03-15 02:00:00,7.890,0.000,0.000,0.000,3.600
2021-03-15 03:00:00,7.470,0.000,0.000,0.000,3.600
2021-03-15 04:00:00,7.280,0.000,0.000,0.000,3.500
2021-03-15 05:00:00,6.800,0.000,0.000,0.000,3.300
2021-03-15 06:00:00,6.550,1.000,0.000,1.000,3.200
2021-03-15 07:00:00,7.090,34.000,7.600,33.000,3.700
2021-03-15 08:00:00,9.000,102.000,36.000,92.000,4.500
2021-03-15 09:00:00,9.350,166.000,57.000,143.000,5.500
2021-03-15 10:00:00,9.230,295.000,234.300,178.000,6.100
2021-03-15 11:00:00,8.700,301.000,282.400,143.000,6.300
2021-03-15 12:00:00,8.610,333.000,238.100,195.000,7.300
2021-03-15 13:00:00,9.110,218.000,55.500,187.000,7.700
2021-03-15 14:00:00,9.710,291.000,273.500,155.000,7.300
2021-03-15 15:00:00,10.620,241.000,322.100,112.000,6.600
2021-03-15 16:00:00,10.590,165.000,305.900,81.000,6.500
2021-03-15 17:00:00,10.290,51.000,93.600,39.000,5.900
2021-03-15 18:00:00,9.750,2.000,0.000,2.000,5.600
2021-03-15 19:00:00,9.420,0.000,0.000,0.000,5.400
2021-03-15 20:00:00,9.140,0.000,0.000,0.000,5.100
2021-03-15 21:00:00,8.860,0.000,0.000,0.000,5.100
2021-03-15 22:00:00,8.680,0.000,0.000,0.000,4.600
2021-03-15 23:00:00,8.100,0.000,0.000,0.000,4.300
2021-03-16 00:00:00,8.080,0.000,0.000,0.000,4.000
2021-03-16 01:00:00,8.120,0.000,0.000,0.000,3.500
2021-03-16 02:00:00,7.840,0.000,0.000,0.000,2.800
2021-03-16 03:00:00,7.490,0.000,0.000,0.000,2.400
2021-03-16 04:00:00,7.610,0.000,0.000,0.000,2.200
2021-03-16 05:00:00,7.830,0.000,0.000,0.000,2.200
2021-03-16 06:00:00,7.690,5.000,19.100,4.000,2.500
2021-03-16 07:00:00,8.010,52.000,79.800,41.000,3.600
2021-03-16 08:00:00,9.870,97.000,42.200,85.000,4.400
2021-03-16 09:00:00,8.450,203.000,156.300,139.000,5.200
2021-03-16 10:00:00,8.410,220.000,83.100,178.000,5.500
2021-03-16 11:00:00,7.190,265.000,161.000,174.000,6.100
2021-03-16 12:00:00,6.500,321.000,237.500,182.000,6.700
2021-03-16 13:00:00,6.690,362.000,287.300,200.000,7.400
2021-03-16 14:00:00,7.080,368.000,398.000,168.000,7.500
2021-03-16 15:00:00,7.730,240.000,256.400,136.000,7.200
2021-03-16 16:00:00,7.420,192.000,357.800,92.000,6.900
2021-03-16 17:00:00,7.140,84.000,316.000,42.000,5.900
2021-03-16 18:00:00,6.940,4.000,19.100,3.000,4.700
2021-03-16 19:00:00,6.400,0.000,0.000,0.000,3.800
2021-03-16 20:00:00,5.750,0.000,0.000,0.000,3.200
2021-03-16 21:00:00,5.590,0.000,0.000,0.000,2.700
2021-03-16 22:00:00,5.390,0.000,0.000,0.000,1.800
2021-03-16 23:00:00,5.030,0.000,0.000,0.000,1.700
2021-03-17 00:00:00,5.340,0.000,0.000,0.000,1.500
2021-03-17 01:00:00,5.610,0.000,0.000,0.000,1.300
2021-03-17 02:00:00,5.830,0.000,0.000,0.000,1.300
2021-03-17 03:00:00,5.690,0.000,0.000,0.000,1.200
2021-03-17 04:00:00,5.580,0.000,0.000,0.000,1.300
2021-03-17 05:00:00,5.600,0.000,0.000,0.000,1.200
2021-03-17 06:00:00,5.720,6.000,19.100,5.000,1.000
2021-03-17 07:00:00,4.530,83.000,298.300,40.000,1.500
2021-03-17 08:00:00,3.140,198.000,440.900,70.000,2.900
2021-03-17 09:00:00,3.220,277.000,385.000,117.000,3.900
2021-03-17 10:00:00,3.890,370.000,408.700,161.000,4.700
2021-03-17 11:00:00,3.220,366.000,325.700,180.000,5.200
2021-03-17 12:00:00,2.600,421.000,394.300,188.000,6.100
2021-03-17 13:00:00,2.510,407.000,428.600,163.000,6.500
2021-03-17 14:00:00,2.850,412.000,518.000,149.000,6.600
2021-03-17 15:00:00,3.260,284.000,362.900,135.000,6.700
2021-03-17 16:00:00,3.610,190.000,344.700,92.000,6.200
2021-03-17 17:00:00,3.700,74.000,239.600,41.000,5.200
2021-03-17 18:00:00,3.550,4.000,19.100,3.000,4.100
2021-03-17 19:00:00,3.220,0.000,0.000,0.000,2.500
2021-03-17 20:00:00,4.100,0.000,0.000,0.000,1.100
2021-03-17 21:00:00,3.730,0.000,0.000,0.000,1.100
2021-03-17 22:00:00,3.510,0.000,0.000,0.000,0.100
2021-03-17 23:00:00,2.600,0.000,0.000,0.000,0.100
2021-03-18 00:00:00,3.050,0.000,0.000,0.000,-0.500
2021-03-18 01:00:00,3.890,0.000,0.000,0.000,-1.500
2021-03-18 02:00:00,3.840,0.000,0.000,0.000,-1.500
2021-03-18 03:00:00,3.310,0.000,0.000,0.000,-1.100
2021-03-18 04:00:00,4.050,0.000,0.000,0.000,-1.200
2021-03-18 05:00:00,4.320,0.000,0.000,0.000,-1.100
2021-03-18 06:00:00,4.500,7.000,19.100,6.000,-1.000
2021-03-18 07:00:00,3.710,66.000,106.300,50.000,-0.400
2021-03-18 08:00:00,3.810,119.000,43.800,106.000,0.500
2021-03-18 09:00:00,3.920,205.000,102.000,162.000,1.200
2021-03-18 10:00:00,3.810,237.000,81.200,195.000,1.600
2021-03-18 11:00:00,4.030,304.000,121.300,234.000,2.600
2021-03-18 12:00:00,4.430,319.000,130.800,241.000,3.300
2021-03-18 13:00:00,4.440,318.000,147.900,233.000,3.800
2021-03-18 14:00:00,3.670,292.000,294.400,141.000,4.100
2021-03-18 15:00:00,2.830,281.000,293.600,159.000,4.500
2021-03-18 16:00:00,2.720,172.000,204.000,113.000,4.300
2021-03-18 17:00:00,3.040,69.000,189.500,42.000,3.300
2021-03-18 18:00:00,3.660,4.000,0.000,4.000,2.900
2021-03-18 19:00:00,4.230,0.000,0.000,0.000,2.500
2021-03-18 20:00:00,4.960,0.000,0.000,0.000,2.400
2021-03-18 21:00:00,4.790,0.000,0.000,0.000,1.800
2021-03-18 22:00:00,5.560,0.000,0.000,0.000,0.700
2021-03-18 23:00:00,5.860,0.000,0.000,0.000,0.500
2021-03-19 00:00:00,6.450,0.000,0.000,0.000,0.200
2021-03-19 01:00:00,6.800,0.000,0.000,0.000,-0.300
2021-03-19 02:00:00,6.580,0.000,0.000,0.000,-0.800
2021-03-19 03:00:00,6.480,0.000,0.000,0.000,-0.900
2021-03-19 04:00:00,6.360,0.000,0.000,0.000,-1.100
2021-03-19 05:00:00,5.890,0.000,0.000,0.000,-1.400
2021-03-19 06:00:00,5.470,9.000,54.100,6.000,-1.300
2021-03-19 07:00:00,4.730,103.000,363.600,46.000,-0.100
2021-03-19 08:00:00,4.680,238.000,498.700,87.000,1.400
2021-03-19 09:00:00,4.830,311.000,367.000,154.000,2.700
2021-03-19 10:00:00,5.770,373.000,336.300,197.000,4.100
2021-03-19 11:00:00,5.960,381.000,278.000,219.000,4.700
2021-03-19 12:00:00,5.200,444.000,402.000,202.000,5.200
2021-03-19 13:00:00,4.660,487.000,536.200,176.000,5.600
2021-03-19 14:00:00,4.330,381.000,384.100,182.000,5.600
2021-03-19 15:00:00,4.610,276.000,347.200,130.000,4.900
2021-03-19 16:00:00,6.130,211.000,428.500,85.000,3.900
2021-03-19 17:00:00,6.990,88.000,264.900,49.000,3.000
2021-03-19 18:00:00,7.090,6.000,19.100,5.000,1.900
2021-03-19 19:00:00,6.860,0.000,0.000,0.000,1.000
2021-03-19 20:00:00,6.380,0.000,0.000,0.000,0.600
2021-03-19 21:00:00,5.780,0.000,0.000,0.000,-0.000
2021-03-19 22:00:00,5.370,0.000,0.000,0.000,-1.400
2021-03-19 23:00:00,4.680,0.000,0.000,0.000,-2.300
2021-03-20 00:00:00,4.050,0.000,0.000,0.000,-2.800
2021-03-20 01:00:00,2.940,0.000,0.000,0.000,-3.300
2021-03-20 02:00:00,1.900,0.000,0.000,0.000,-3.400
2021-03-20 03:00:00,0.810,0.000,0.000,0.000,-3.300
2021-03-20 04:00:00,0.570,0.000,0.000,0.000,-3.300
2021-03-20 05:00:00,1.460,0.000,0.000,0.000,-2.700
2021-03-20 06:00:00,1.710,11.000,51.200,8.000,-2.900
2021-03-20 07:00:00,1.960,110.000,368.000,50.000,-1.800
2021-03-20 08:00:00,2.960,242.000,459.500,100.000,-0.400
2021-03-20 09:00:00,3.450,359.000,525.400,131.000,0.800
2021-03-20 10:00:00,4.430,487.000,682.100,126.000,2.000
2021-03-20 11:00:00,4.490,524.000,615.200,162.000,3.000
2021-03-20 12:00:00,4.840,545.000,665.000,141.000,3.900
2021-03-20 13:00:00,4.950,415.000,437.400,159.000,4.100
2021-03-20 14:00:00,5.120,275.000,135.700,204.000,4.300
2021-03-20 15:00:00,5.770,179.000,108.100,133.000,4.400
2021-03-20 16:00:00,6.100,109.000,93.700,81.000,4.300
2021-03-20 17:00:00,6.740,46.000,98.700,31.000,4.100
2021-03-20 18:00:00,7.350,3.000,0.000,3.000,3.800
2021-03-20 19:00:00,8.010,0.000,0.000,0.000,4.100
2021-03-20 20:00:00,8.390,0.000,0.000,0.000,4.100
2021-03-20 21:00:00,8.750,0.000,0.000,0.000,4.300
2021-03-20 22:00:00,8.920,0.000,0.000,0.000,4.400
2021-03-20 23:00:00,8.800,0.000,0.000,0.000,4.500
2021-03-21 00:00:00,8.650,0.000,0.000,0.000,4.600
2021-03-21 01:00:00,8.520,0.000,0.000,0.000,4.600
2021-03-21 02:00:00,8.610,0.000,0.000,0.000,4.700
2021-03-21 03:00:00,9.100,0.000,0.000,0.000,4.800
2021-03-21 04:00:00,9.600,0.000,0.000,0.000,4.900
2021-03-21 05:00:00,10.050,0.000,0.000,0.000,5.100
2021-03-21 06:00:00,10.120,2.000,0.000,2.000,5.500
2021-03-21 07:00:00,10.470,27.000,11.800,25.000,5.700
2021-03-21 08:00:00,10.080,115.000,145.900,69.000,5.600
2021-03-21 09:00:00,11.130,219.000,236.400,115.000,5.400
2021-03-21 10:00:00,11.100,281.000,166.300,192.000,6.400
2021-03-21 11:00:00,10.620,283.000,80.800,235.000,7.000
2021-03-21 12:00:00,9.410,248.000,35.900,226.000,7.700
2021-03-21 13:00:00,9.330,283.000,96.500,226.000,8.400
2021-03-21 14:00:00,8.860,282.000,140.100,208.000,8.700
2021-03-21 15:00:00,8.160,211.000,144.100,149.000,8.500
2021-03-21 16:00:00,7.890,146.000,191.000,88.000,7.900
2021-03-21 17:00:00,8.470,78.000,204.200,46.000,7.000
2021-03-21 18:00:00,8.850,8.000,36.100,6.000,6.100
2021-03-21 19:00:00,8.480,0.000,0.000,0.000,5.500
2021-03-21 20:00:00,7.860,0.000,0.000,0.000,5.000
2021-03-21 21:00:00,7.170,0.000,0.000,0.000,4.400
2021-03-21 22:00:00,6.740,0.000,0.000,0.000,4.000
2021-03-21 23:00:00,6.640,0.000,0.000,0.000,3.800
2021-03-22 00:00:00,6.550,0.000,0.000,0.000,3.400
2021-03-22 01:00:00,6.600,0.000,0.000,0.000,3.000
2021-03-22 02:00:00,6.300,0.000,0.000,0.000,2.800
2021-03-22 03:00:00,6.010,0.000,0.000,0.000,2.400
2021-03-22 04:00:00,5.950,0.000,0.000,0.000,2.200
2021-03-22 05:00:00,5.730,0.000,0.000,0.000,2.000
2021-03-22 06:00:00,5.590,10.000,30.800,8.000,2.600
2021-03-22 07:00:00,5.400,61.000,68.300,49.000,3.500
2021-03-22 08:00:00,5.260,167.000,248.900,87.000,4.400
2021-03-22 09:00:00,4.520,249.000,222.000,150.000,5.400
2021-03-22 10:00:00,4.080,255.000,134.900,182.000,6.000
2021-03-22 11:00:00,4.440,322.000,210.100,196.000,7.100
2021-03-22 12:00:00,4.610,421.000,331.500,216.000,8.200
2021-03-22 13:00:00,5.170,346.000,218.200,216.000,8.500
2021-03-22 14:00:00,5.450,319.000,232.500,195.000,8.800
2021-03-22 15:00:00,5.900,186.000,87.300,148.000,8.500
2021-03-22 16:00:00,6.350,82.000,9.700,79.000,7.900
2021-03-22 17:00:00,6.660,28.000,18.600,25.000,7.200
2021-03-22 18:00:00,6.550,3.000,0.000,3.000,6.500
2021-03-22 19:00:00,5.910,0.000,0.000,0.000,6.300
2021-03-22 20:00:00,5.370,0.000,0.000,0.000,6.200
2021-03-22 21:00:00,5.350,0.000,0.000,0.000,5.900
2021-03-22 22:00:00,5.950,0.000,0.000,0.000,6.100
2021-03-22 23:00:00,6.010,0.000,0.000,0.000,5.900
2021-03-23 00:00:00,6.020,0.000,0.000,0.000,6.000
2021-03-23 01:00:00,5.910,0.000,0.000,0.000,5.700
2021-03-23 02:00:00,5.570,0.000,0.000,0.000,5.500
2021-03-23 03:00:00,5.310,0.000,0.000,0.000,5.100
2021-03-23 04:00:00,4.770,0.000,0.000,0.000,4.900
2021-03-23 05:00:00,4.710,0.000,0.000,0.000,4.700
2021-03-23 06:00:00,4.900,6.000,0.000,6.000,4.700
2021-03-23 07:00:00,5.460,50.000,11.000,48.000,4.800
2021-03-23 08:00:00,4.750,106.000,36.600,94.000,5.300
2021-03-23 09:00:00,5.220,210.000,99.600,165.000,5.800
2021-03-23 10:00:00,6.140,323.000,245.100,189.000,7.300
2021-03-23 11:00:00,5.150,249.000,64.400,210.000,7.600
2021-03-23 12:00:00,4.620,281.000,68.900,238.000,8.200
2021-03-23 13:00:00,4.500,260.000,74.900,215.000,8.700
2021-03-23 14:00:00,4.410,246.000,72.400,207.000,9.100
2021-03-23 15:00:00,4.520,192.000,72.700,160.000,9.400
2021-03-23 16:00:00,4.710,141.000,51.100,125.000,9.500
2021-03-23 17:00:00,4.000,61.000,30.100,56.000,9.100
2021-03-23 18:00:00,3.900,7.000,16.600,6.000,8.000
2021-03-23 19:00:00,4.010,0.000,0.000,0.000,6.700
2021-03-23 20:00:00,4.260,0.000,0.000,0.000,6.000
2021-03-23 21:00:00,4.570,0.000,0.000,0.000,5.100
2021-03-23 22:00:00,4.710,0.000,0.000,0.000,4.900
2021-03-23 23:00:00,4.360,0.000,0.000,0.000,4.800
2021-03-24 00:00:00,4.210,0.000,0.000,0.000,4.400
2021-03-24 01:00:00,4.350,0.000,0.000,0.000,4.300
2021-03-24 02:00:00,4.610,0.000,0.000,0.000,4.200
2021-03-24 03:00:00,4.720,0.000,0.000,0.000,4.500
2021-03-24 04:00:00,5.230,0.000,0.000,0.000,4.400
2021-03-24 05:00:00,5.520,0.000,0.000,0.000,4.500
2021-03-24 06:00:00,5.560,10.000,28.100,8.000,4.700
2021-03-24 07:00:00,5.440,86.000,191.400,50.000,5.400
2021-03-24 08:00:00,4.480,232.000,431.500,88.000,6.800
2021-03-24 09:00:00,4.460,359.000,552.400,106.000,8.700
2021-03-24 10:00:00,3.690,466.000,626.200,120.000,10.400
2021-03-24 11:00:00,5.330,560.000,700.500,132.000,12.000
2021-03-24 12:00:00,5.410,499.000,500.600,184.000,13.100
2021-03-24 13:00:00,4.840,565.000,724.200,126.000,13.700
2021-03-24 14:00:00,4.720,515.000,756.500,104.000,14.400
2021-03-24 15:00:00,4.840,397.000,678.700,95.000,14.700
2021-03-24 16:00:00,4.300,248.000,509.700,86.000,14.600
2021-03-24 17:00:00,3.980,110.000,339.800,52.000,13.500
2021-03-24 18:00:00,4.580,13.000,64.000,9.000,11.000
2021-03-24 19:00:00,5.200,0.000,0.000,0.000,9.400
2021-03-24 20:00:00,5.460,0.000,0.000,0.000,8.600
2021-03-24 21:00:00,5.640,0.000,0.000,0.000,7.700
2021-03-24 22:00:00,5.380,0.000,0.000,0.000,6.900
2021-03-24 23:00:00,4.920,0.000,0.000,0.000,6.400
2021-03-25 00:00:00,4.500,0.000,0.000,0.000,5.000
2021-03-25 01:00:00,4.400,0.000,0.000,0.000,4.100
2021-03-25 02:00:00,4.300,0.000,0.000,0.000,3.500
2021-03-25 03:00:00,4.000,0.000,0.000,0.000,3.000
2021-03-25 04:00:00,3.710,0.000,0.000,0.000,2.800
2021-03-25 05:00:00,3.110,0.000,0.000,0.000,2.700
2021-03-25 06:00:00,2.510,12.000,13.400,11.000,3.400
2021-03-25 07:00:00,1.910,108.000,190.500,71.000,5.000
2021-03-25 08:00:00,1.120,188.000,179.500,127.000,7.100
2021-03-25 09:00:00,0.860,313.000,319.000,165.000,8.900
2021-03-25 10:00:00,1.210,356.000,229.300,228.000,10.500
2021-03-25 11:00:00,1.640,451.000,322.800,252.000,11.800
2021-03-25 12:00:00,2.200,521.000,490.100,210.000,12.800
2021-03-25 13:00:00,2.460,529.000,613.500,154.000,13.500
2021-03-25 14:00:00,2.310,303.000,282.700,148.000,13.900
2021-03-25 15:00:00,2.220,244.000,273.500,121.000,14.300
2021-03-25 16:00:00,2.600,184.000,306.900,85.000,14.100
2021-03-25 17:00:00,1.900,92.000,262.300,46.000,12.700
2021-03-25 18:00:00,1.000,11.000,61.800,7.000,11.300
2021-03-25 19:00:00,1.360,0.000,0.000,0.000,10.900
2021-03-25 20:00:00,2.900,0.000,0.000,0.000,10.400
2021-03-25 21:00:00,4.610,0.000,0.000,0.000,10.300
2021-03-25 22:00:00,4.810,0.000,0.000,0.000,9.400
2021-03-25 23:00:00,4.460,0.000,0.000,0.000,8.800
2021-03-26 00:00:00,4.240,0.000,0.000,0.000,7.800
2021-03-26 01:00:00,3.810,0.000,0.000,0.000,7.100
2021-03-26 02:00:00,3.770,0.000,0.000,0.000,6.800
2021-03-26 03:00:00,4.120,0.000,0.000,0.000,6.500
2021-03-26 04:00:00,4.490,0.000,0.000,0.000,6.300
2021-03-26 05:00:00,4.790,0.000,0.000,0.000,6.400
2021-03-26 06:00:00,5.240,14.000,64.600,9.000,6.600
2021-03-26 07:00:00,5.050,115.000,309.400,53.000,8.400
2021-03-26 08:00:00,3.990,266.000,543.700,78.000,10.300
2021-03-26 09:00:00,4.570,402.000,630.100,106.000,12.000
2021-03-26 10:00:00,4.610,494.000,654.300,125.000,13.000
2021-03-26 11:00:00,5.710,483.000,586.900,118.000,13.800
2021-03-26 12:00:00,5.660,550.000,650.200,134.000,14.600
2021-03-26 13:00:00,5.590,533.000,611.700,156.000,15.700
2021-03-26 14:00:00,5.910,250.000,117.500,185.000,15.700
2021-03-26 15:00:00,5.610,186.000,110.000,136.000,15.700
2021-03-26 16:00:00,5.510,171.000,259.800,86.000,15.400
2021-03-26 17:00:00,5.760,82.000,211.200,44.000,14.700
2021-03-26 18:00:00,6.600,13.000,59.600,9.000,13.200
2021-03-26 19:00:00,7.610,0.000,0.000,0.000,12.400
2021-03-26 20:00:00,8.100,0.000,0.000,0.000,11.800
2021-03-26 21:00:00,7.940,0.000,0.000,0.000,11.300
2021-03-26 22:00:00,7.620,0.000,0.000,0.000,10.800
2021-03-26 23:00:00,6.900,0.000,0.000,0.000,10.500
2021-03-27 00:00:00,6.530,0.000,0.000,0.000,10.200
2021-03-27 01:00:00,6.910,0.000,0.000,0.000,9.900
2021-03-27 02:00:00,7.980,0.000,0.000,0.000,9.100
2021-03-27 03:00:00,8.660,0.000,0.000,0.000,9.200
2021-03-27 04:00:00,9.350,0.000,0.000,0.000,9.100
2021-03-27 05:00:00,11.140,0.000,0.000,0.000,7.300
2021-03-27 06:00:00,10.730,6.000,0.000,6.000,5.600
2021-03-27 07:00:00,10.160,24.000,0.000,24.000,5.700
2021-03-27 08:00:00,8.130,163.000,139.300,114.000,6.400
2021-03-27 09:00:00,9.420,379.000,525.700,129.000,7.200
2021-03-27 10:00:00,10.560,435.000,423.200,194.000,6.300
2021-03-27 11:00:00,9.560,418.000,326.800,213.000,5.500
2021-03-27 12:00:00,9.680,439.000,289.900,252.000,6.000
2021-03-27 13:00:00,9.200,442.000,315.500,246.000,5.900
2021-03-27 14:00:00,8.960,434.000,439.200,189.000,6.300
2021-03-27 15:00:00,9.220,301.000,328.900,150.000,5.200
2021-03-27 16:00:00,8.080,188.000,198.900,122.000,5.400
2021-03-27 17:00:00,8.500,90.000,189.700,55.000,5.300
2021-03-27 18:00:00,7.990,15.000,72.100,10.000,4.500
2021-03-27 19:00:00,7.860,0.000,0.000,0.000,4.100
2021-03-27 20:00:00,7.850,0.000,0.000,0.000,3.900
2021-03-27 21:00:00,7.710,0.000,0.000,0.000,3.700
2021-03-27 22:00:00,7.920,0.000,0.000,0.000,3.300
2021-03-27 23:00:00,7.560,0.000,0.000,0.000,2.700
2021-03-28 00:00:00,7.430,0.000,0.000,0.000,2.300
2021-03-28 01:00:00,7.440,0.000,0.000,0.000,2.000
2021-03-28 02:00:00,7.500,0.000,0.000,0.000,2.200
2021-03-28 03:00:00,7.620,0.000,0.000,0.000,2.500
2021-03-28 04:00:00,7.640,0.000,0.000,0.000,2.900
2021-03-28 05:00:00,7.720,0.000,0.000,0.000,3.100
2021-03-28 06:00:00,7.910,18.000,12.000,17.000,3.500
2021-03-28 07:00:00,8.270,98.000,56.500,86.000,4.700
2021-03-28 08:00:00,7.290,246.000,321.600,131.000,6.400
2021-03-28 09:00:00,7.860,371.000,442.600,158.000,8.200
2021-03-28 10:00:00,7.420,519.000,641.700,150.000,9.700
2021-03-28 11:00:00,8.210,504.000,485.300,197.000,11.100
2021-03-28 12:00:00,13.000,373.000,160.000,269.000,12.000
2021-03-28 13:00:00,11.960,363.000,166.100,259.000,12.400
2021-03-28 14:00:00,9.880,183.000,14.200,175.000,12.000
2021-03-28 15:00:00,9.060,132.000,17.200,124.000,11.300
2021-03-28 16:00:00,8.290,60.000,0.000,60.000,10.400
2021-03-28 17:00:00,8.460,27.000,0.000,27.000,10.200
2021-03-28 18:00:00,8.680,4.000,0.000,4.000,10.100
2021-03-28 19:00:00,8.640,0.000,0.000,0.000,10.000
2021-03-28 20:00:00,8.300,0.000,0.000,0.000,10.100
2021-03-28 21:00:00,7.870,0.000,0.000,0.000,10.300
2021-03-28 22:00:00,8.900,0.000,0.000,0.000,10.900
2021-03-28 23:00:00,8.680,0.000,0.000,0.000,10.900
2021-03-29 00:00:00,8.360,0.000,0.000,0.000,10.800
2021-03-29 01:00:00,8.820,0.000,0.000,0.000,10.400
2021-03-29 02:00:00,9.230,0.000,0.000,0.000,10.500
2021-03-29 03:00:00,9.240,0.000,0.000,0.000,10.500
2021-03-29 04:00:00,9.010,0.000,0.000,0.000,10.500
2021-03-29 05:00:00,9.290,0.000,0.000,0.000,10.400
2021-03-29 06:00:00,9.470,28.000,104.000,19.000,10.800
2021-03-29 07:00:00,9.040,50.000,50.400,39.000,11.400
2021-03-29 08:00:00,8.800,134.000,57.800,113.000,12.200
2021-03-29 09:00:00,7.840,383.000,519.600,130.000,13.000
2021-03-29 10:00:00,7.850,513.000,651.200,135.000,15.100
2021-03-29 11:00:00,8.150,616.000,780.700,118.000,16.700
2021-03-29 12:00:00,8.290,639.000,801.400,114.000,18.000
2021-03-29 13:00:00,8.230,618.000,806.600,109.000,18.700
2021-03-29 14:00:00,8.350,508.000,664.500,131.000,19.100
2021-03-29 15:00:00,8.070,403.000,608.500,118.000,19.200
2021-03-29 16:00:00,7.470,276.000,551.500,88.000,19.100
2021-03-29 17:00:00,7.540,131.000,397.700,54.000,18.300
2021-03-29 18:00:00,7.620,20.000,94.800,13.000,16.300
2021-03-29 19:00:00,7.640,0.000,0.000,0.000,14.600
2021-03-29 20:00:00,7.570,0.000,0.000,0.000,13.200
2021-03-29 21:00:00,7.180,0.000,0.000,0.000,11.800
2021-03-29 22:00:00,7.450,0.000,0.000,0.000,10.800
2021-03-29 23:00:00,7.280,0.000,0.000,0.000,9.800
2021-03-30 00:00:00,7.300,0.000,0.000,0.000,9.300
2021-03-30 01:00:00,7.500,0.000,0.000,0.000,8.800
2021-03-30 02:00:00,7.370,0.000,0.000,0.000,8.500
2021-03-30 03:00:00,7.180,0.000,0.000,0.000,7.900
2021-03-30 04:00:00,6.770,0.000,0.000,0.000,7.800
2021-03-30 05:00:00,6.510,0.000,0.000,0.000,7.600
2021-03-30 06:00:00,6.330,38.000,212.200,19.000,8.100
2021-03-30 07:00:00,5.830,166.000,490.200,56.000,11.000
2021-03-30 08:00:00,4.310,318.000,647.300,79.000,13.500
2021-03-30 09:00:00,4.110,458.000,743.100,92.000,15.200
2021-03-30 10:00:00,3.620,570.000,798.700,102.000,17.200
2021-03-30 11:00:00,3.940,641.000,830.400,107.000,18.600
2021-03-30 12:00:00,4.180,665.000,843.800,108.000,19.900
2021-03-30 13:00:00,4.220,639.000,836.700,107.000,20.800
2021-03-30 14:00:00,4.020,564.000,805.900,103.000,21.400
2021-03-30 15:00:00,3.600,448.000,748.500,94.000,21.500
2021-03-30 16:00:00,3.200,303.000,651.400,78.000,21.200
2021-03-30 17:00:00,2.800,148.000,474.500,54.000,19.900
2021-03-30 18:00:00,2.410,25.000,157.700,13.000,15.800
2021-03-30 19:00:00,1.710,0.000,0.000,0.000,13.200
2021-03-30 20:00:00,1.220,0.000,0.000,0.000,11.900
2021-03-30 21:00:00,0.720,0.000,0.000,0.000,10.500
2021-03-30 22:00:00,0.500,0.000,0.000,0.000,8.700
2021-03-30 23:00:00,1.700,0.000,0.000,0.000,6.200
2021-03-31 00:00:00,2.850,0.000,0.000,0.000,5.800
2021-03-31 01:00:00,3.770,0.000,0.000,0.000,5.400
2021-03-31 02:00:00,4.320,0.000,0.000,0.000,4.900
2021-03-31 03:00:00,4.700,0.000,0.000,0.000,4.700
2021-03-31 04:00:00,4.800,0.000,0.000,0.000,4.400
2021-03-31 05:00:00,5.100,0.000,0.000,0.000,4.200
2021-03-31 06:00:00,5.220,43.000,248.600,20.000,5.100
2021-03-31 07:00:00,5.050,179.000,525.300,58.000,9.100
2021-03-31 08:00:00,4.180,334.000,680.000,79.000,13.300
2021-03-31 09:00:00,3.080,476.000,768.900,93.000,16.700
2021-03-31 10:00:00,2.310,586.000,818.500,102.000,19.600
2021-03-31 11:00:00,2.330,653.000,842.200,107.000,21.500
2021-03-31 12:00:00,2.440,672.000,848.000,108.000,22.800
2021-03-31 13:00:00,2.640,642.000,836.600,106.000,23.700
2021-03-31 14:00:00,2.760,564.000,804.600,100.000,24.000
2021-03-31 15:00:00,2.970,447.000,745.600,91.000,24.100
2021-03-31 16:00:00,2.600,302.000,648.800,75.000,23.500
2021-03-31 17:00:00,2.770,149.000,478.800,52.000,22.300
2021-03-31 18:00:00,3.110,27.000,165.900,14.000,19.000
2021-03-31 19:00:00,3.490,0.000,0.000,0.000,15.600
2021-03-31 20:00:00,3.410,0.000,0.000,0.000,13.600
2021-03-31 21:00:00,2.770,0.000,0.000,0.000,12.400
2021-03-31 22:00:00,2.600,0.000,0.000,0.000,12.700
2021-03-31 23:00:00,1.600,0.000,0.000,0.000,10.700
2021-04-01 00:00:00,1.140,0.000,0.000,0.000,10.000
2021-04-01 01:00:00,1.700,0.000,0.000,0.000,9.600
2021-04-01 02:00:00,1.710,0.000,0.000,0.000,9.800
2021-04-01 03:00:00,1.270,0.000,0.000,0.000,10.200
2021-04-01 04:00:00,2.160,0.000,0.000,0.000,10.400
2021-04-01 05:00:00,4.080,0.000,0.000,0.000,10.700
2021-04-01 06:00:00,5.570,37.000,115.200,26.000,10.700
2021-04-01 07:00:00,5.470,104.000,93.100,82.000,11.900
2021-04-01 08:00:00,5.170,201.000,215.300,119.000,12.700
2021-04-01 09:00:00,5.110,256.000,220.400,145.000,13.600
2021-04-01 10:00:00,5.460,519.000,616.700,151.000,15.100
2021-04-01 11:00:00,7.060,647.000,831.000,104.000,15.400
2021-04-01 12:00:00,6.920,659.000,811.900,115.000,15.500
2021-04-01 13:00:00,6.800,612.000,743.700,132.000,15.200
2021-04-01 14:00:00,7.740,529.000,708.700,117.000,14.400
2021-04-01 15:00:00,7.600,382.000,570.500,107.000,13.300
2021-04-01 16:00:00,6.840,228.000,409.200,83.000,11.700
2021-04-01 17:00:00,6.960,76.000,96.600,56.000,10.200
2021-04-01 18:00:00,6.930,20.000,74.500,14.000,8.900
2021-04-01 19:00:00,7.000,0.000,0.000,0.000,8.000
2021-04-01 20:00:00,6.710,0.000,0.000,0.000,7.400
2021-04-01 21:00:00,6.460,0.000,0.000,0.000,7.100
2021-04-01 22:00:00,6.060,0.000,0.000,0.000,6.700
2021-04-01 23:00:00,5.140,0.000,0.000,0.000,6.500
2021-04-02 00:00:00,4.560,0.000,0.000,0.000,6.000
2021-04-02 01:00:00,4.110,0.000,0.000,0.000,5.400
2021-04-02 02:00:00,3.760,0.000,0.000,0.000,4.900
2021-04-02 03:00:00,3.710,0.000,0.000,0.000,4.400
2021-04-02 04:00:00,3.720,0.000,0.000,0.000,3.500
2021-04-02 05:00:00,3.100,0.000,0.000,0.000,2.700
2021-04-02 06:00:00,2.760,46.000,243.600,22.000,3.400
2021-04-02 07:00:00,3.420,170.000,441.700,63.000,4.800
2021-04-02 08:00:00,4.120,287.000,434.600,119.000,5.600
2021-04-02 09:00:00,5.140,339.000,367.200,152.000,6.400
2021-04-02 10:00:00,5.640,421.000,360.400,204.000,6.800
2021-04-02 11:00:00,7.030,436.000,192.800,309.000,7.000
2021-04-02 12:00:00,8.150,503.000,368.900,254.000,7.500
2021-04-02 13:00:00,8.320,519.000,493.700,198.000,7.700
2021-04-02 14:00:00,8.700,409.000,360.100,198.000,7.500
2021-04-02 15:00:00,8.800,214.000,117.200,157.000,7.100
2021-04-02 16:00:00,9.070,93.000,30.700,82.000,6.700
2021-04-02 17:00:00,8.060,66.000,75.600,50.000,6.800
2021-04-02 18:00:00,8.340,17.000,84.500,10.000,6.400
2021-04-02 19:00:00,8.320,0.000,0.000,0.000,6.200
2021-04-02 20:00:00,7.890,0.000,0.000,0.000,5.700
2021-04-02 21:00:00,7.650,0.000,0.000,0.000,5.300
2021-04-02 22:00:00,7.580,0.000,0.000,0.000,5.100
2021-04-02 23:00:00,7.070,0.000,0.000,0.000,4.700
2021-04-03 00:00:00,6.590,0.000,0.000,0.000,4.200
2021-04-03 01:00:00,6.720,0.000,0.000,0.000,3.500
2021-04-03 02:00:00,6.750,0.000,0.000,0.000,2.800
2021-04-03 03:00:00,6.360,0.000,0.000,0.000,2.400
2021-04-03 04:00:00,6.010,0.000,0.000,0.000,1.900
2021-04-03 05:00:00,5.980,0.000,0.000,0.000,1.800
2021-04-03 06:00:00,5.580,55.000,285.800,26.000,2.400
2021-04-03 07:00:00,4.360,192.000,507.700,66.000,4.100
2021-04-03 08:00:00,3.910,351.000,667.800,89.000,6.000
2021-04-03 09:00:00,3.970,491.000,745.800,107.000,7.800
2021-04-03 10:00:00,4.940,597.000,777.100,125.000,9.300
2021-04-03 11:00:00,7.420,662.000,816.600,120.000,10.500
2021-04-03 12:00:00,7.810,481.000,360.400,236.000,10.900
2021-04-03 13:00:00,7.530,441.000,277.900,259.000,11.400
2021-04-03 14:00:00,7.690,380.000,223.600,248.000,11.600
2021-04-03 15:00:00,7.160,269.000,171.100,185.000,11.600
2021-04-03 16:00:00,6.940,213.000,283.600,110.000,11.300
2021-04-03 17:00:00,6.570,115.000,208.300,70.000,10.600
2021-04-03 18:00:00,6.380,29.000,129.400,18.000,8.900
2021-04-03 19:00:00,6.320,0.000,0.000,0.000,7.500
2021-04-03 20:00:00,6.190,0.000,0.000,0.000,5.800
2021-04-03 21:00:00,5.720,0.000,0.000,0.000,4.900
2021-04-03 22:00:00,5.390,0.000,0.000,0.000,4.500
2021-04-03 23:00:00,4.030,0.000,0.000,0.000,4.000
2021-04-04 00:00:00,3.710,0.000,0.000,0.000,3.400
2021-04-04 01:00:00,4.460,0.000,0.000,0.000,3.500
2021-04-04 02:00:00,4.710,0.000,0.000,0.000,3.400
2021-04-04 03:00:00,4.690,0.000,0.000,0.000,3.500
2021-04-04 04:00:00,4.900,0.000,0.000,0.000,3.400
2021-04-04 05:00:00,5.300,0.000,0.000,0.000,3.400
2021-04-04 06:00:00,5.200,48.000,220.200,25.000,3.600
2021-04-04 07:00:00,4.800,148.000,310.900,69.000,4.500
2021-04-04 08:00:00,5.290,198.000,178.400,127.000,5.400
2021-04-04 09:00:00,5.380,207.000,36.500,188.000,5.400
2021-04-04 10:00:00,5.460,244.000,80.000,195.000,5.800
2021-04-04 11:00:00,5.920,261.000,55.300,224.000,6.000
2021-04-04 12:00:00,6.210,266.000,55.500,228.000,6.200
2021-04-04 13:00:00,6.300,201.000,34.900,178.000,6.400
2021-04-04 14:00:00,6.510,244.000,67.200,204.000,7.000
2021-04-04 15:00:00,6.810,175.000,50.500,150.000,7.200
2021-04-04 16:00:00,7.110,149.000,29.900,138.000,7.400
2021-04-04 17:00:00,6.950,76.000,27.200,70.000,7.100
2021-04-04 18:00:00,6.960,17.000,22.900,15.000,6.800
2021-04-04 19:00:00,7.520,0.000,0.000,0.000,6.200
2021-04-04 20:00:00,8.100,0.000,0.000,0.000,5.900
2021-04-04 21:00:00,8.590,0.000,0.000,0.000,5.400
2021-04-04 22:00:00,9.240,0.000,0.000,0.000,4.900
2021-04-04 23:00:00,9.800,0.000,0.000,0.000,4.700
2021-04-05 00:00:00,10.380,0.000,0.000,0.000,4.600
2021-04-05 01:00:00,10.690,0.000,0.000,0.000,4.600
2021-04-05 02:00:00,11.320,0.000,0.000,0.000,4.800
2021-04-05 03:00:00,11.570,0.000,0.000,0.000,5.200
2021-04-05 04:00:00,11.880,0.000,0.000,0.000,5.700
2021-04-05 05:00:00,12.200,0.000,0.000,0.000,5.800
2021-04-05 06:00:00,12.040,8.000,0.000,8.000,5.600
2021-04-05 07:00:00,11.860,30.000,0.000,30.000,5.100
2021-04-05 08:00:00,10.620,47.000,0.000,47.000,3.800
2021-04-05 09:00:00,9.090,99.000,0.000,99.000,2.500
2021-04-05 10:00:00,9.300,214.000,101.900,151.000,2.400
2021-04-05 11:00:00,9.530,302.000,203.300,165.000,2.800
2021-04-05 12:00:00,8.510,575.000,517.700,218.000,3.300
2021-04-05 13:00:00,9.110,622.000,630.800,203.000,3.000
2021-04-05 14:00:00,9.950,570.000,692.300,155.000,3.000
2021-04-05 15:00:00,11.540,412.000,510.200,157.000,1.700
2021-04-05 16:00:00,10.450,221.000,209.700,143.000,2.200
2021-04-05 17:00:00,10.170,123.000,235.700,70.000,2.100
2021-04-05 18:00:00,10.140,32.000,123.100,21.000,1.300
2021-04-05 19:00:00,9.740,0.000,0.000,0.000,0.700
2021-04-05 20:00:00,9.500,0.000,0.000,0.000,0.400
2021-04-05 21:00:00,9.180,0.000,0.000,0.000,0.000
2021-04-05 22:00:00,7.710,0.000,0.000,0.000,-0.400
2021-04-05 23:00:00,6.870,0.000,0.000,0.000,-0.700
2021-04-06 00:00:00,6.790,0.000,0.000,0.000,-0.800
2021-04-06 01:00:00,6.350,0.000,0.000,0.000,-0.700
2021-04-06 02:00:00,6.600,0.000,0.000,0.000,-0.900
2021-04-06 03:00:00,7.220,0.000,0.000,0.000,-0.900
2021-04-06 04:00:00,7.600,0.000,0.000,0.000,-0.600
2021-04-06 05:00:00,8.120,1.000,0.000,1.000,-0.400
2021-04-06 06:00:00,8.350,65.000,271.900,35.000,0.200
2021-04-06 07:00:00,9.140,151.000,248.300,85.000,0.900
2021-04-06 08:00:00,9.990,304.000,422.500,131.000,1.900
2021-04-06 09:00:00,8.780,444.000,517.600,169.000,2.700
2021-04-06 10:00:00,8.300,512.000,476.600,215.000,3.500
2021-04-06 11:00:00,8.300,574.000,446.400,271.000,3.800
2021-04-06 12:00:00,8.310,520.000,350.000,277.000,3.600
2021-04-06 13:00:00,8.710,482.000,346.900,250.000,3.500
2021-04-06 14:00:00,8.520,450.000,357.700,234.000,3.900
2021-04-06 15:00:00,9.010,373.000,388.700,177.000,3.300
2021-04-06 16:00:00,9.330,225.000,228.500,139.000,2.700
2021-04-06 17:00:00,8.800,103.000,100.300,80.000,1.700
2021-04-06 18:00:00,8.860,30.000,76.400,23.000,1.200
2021-04-06 19:00:00,8.180,0.000,0.000,0.000,0.800
2021-04-06 20:00:00,8.060,0.000,0.000,0.000,0.800
2021-04-06 21:00:00,7.980,0.000,0.000,0.000,0.700
2021-04-06 22:00:00,7.690,0.000,0.000,0.000,0.600
2021-04-06 23:00:00,7.920,0.000,0.000,0.000,0.600
2021-04-07 00:00:00,8.320,0.000,0.000,0.000,0.500
2021-04-07 01:00:00,8.510,0.000,0.000,0.000,0.200
2021-04-07 02:00:00,8.600,0.000,0.000,0.000,0.100
2021-04-07 03:00:00,8.920,0.000,0.000,0.000,-0.100
2021-04-07 04:00:00,8.930,0.000,0.000,0.000,-0.200
2021-04-07 05:00:00,8.320,2.000,0.000,2.000,-0.300
2021-04-07 06:00:00,7.370,74.000,352.800,33.000,0.200
2021-04-07 07:00:00,9.610,196.000,423.400,81.000,0.800
2021-04-07 08:00:00,9.490,288.000,366.200,136.000,1.400
2021-04-07 09:00:00,9.420,308.000,218.000,191.000,1.900
2021-04-07 10:00:00,9.300,264.000,47.700,234.000,2.800
2021-04-07 11:00:00,8.890,408.000,229.600,251.000,3.700
2021-04-07 12:00:00,8.600,389.000,173.100,268.000,4.500
2021-04-07 13:00:00,8.420,287.000,74.300,237.000,5.000
2021-04-07 14:00:00,8.930,306.000,172.600,201.000,5.300
2021-04-07 15:00:00,8.510,305.000,304.800,150.000,4.800
2021-04-07 16:00:00,9.290,157.000,105.100,117.000,3.800
2021-04-07 17:00:00,9.840,88.000,47.100,77.000,3.400
2021-04-07 18:00:00,10.020,29.000,21.300,27.000,3.000
2021-04-07 19:00:00,9.300,0.000,0.000,0.000,2.300
2021-04-07 20:00:00,9.310,0.000,0.000,0.000,1.700
2021-04-07 21:00:00,9.450,0.000,0.000,0.000,1.500
2021-04-07 22:00:00,9.760,0.000,0.000,0.000,1.700
2021-04-07 23:00:00,9.640,0.000,0.000,0.000,1.600
2021-04-08 00:00:00,9.660,0.000,0.000,0.000,1.400
2021-04-08 01:00:00,9.630,0.000,0.000,0.000,1.300
2021-04-08 02:00:00,9.420,0.000,0.000,0.000,1.000
2021-04-08 03:00:00,9.210,0.000,0.000,0.000,0.800
2021-04-08 04:00:00,8.900,0.000,0.000,0.000,0.700
2021-04-08 05:00:00,8.500,2.000,0.000,2.000,0.700
2021-04-08 06:00:00,8.320,73.000,319.300,34.000,1.100
2021-04-08 07:00:00,9.210,185.000,378.500,80.000,2.100
2021-04-08 08:00:00,8.000,323.000,463.600,128.000,3.000
2021-04-08 09:00:00,8.030,457.000,610.700,126.000,4.200
2021-04-08 10:00:00,7.600,520.000,569.900,159.000,4.800
2021-04-08 11:00:00,8.120,530.000,474.900,203.000,5.300
2021-04-08 12:00:00,7.790,469.000,314.100,248.000,5.400
2021-04-08 13:00:00,8.550,351.000,177.000,231.000,5.800
2021-04-08 14:00:00,8.200,405.000,333.000,201.000,6.100
2021-04-08 15:00:00,8.540,287.000,187.200,191.000,6.100
2021-04-08 16:00:00,8.080,199.000,202.600,121.000,6.100
2021-04-08 17:00:00,7.160,116.000,142.900,82.000,5.800
2021-04-08 18:00:00,6.930,45.000,229.500,23.000,5.100
2021-04-08 19:00:00,6.870,0.000,0.000,0.000,4.100
2021-04-08 20:00:00,7.150,0.000,0.000,0.000,3.700
2021-04-08 21:00:00,7.110,0.000,0.000,0.000,3.300
2021-04-08 22:00:00,7.550,0.000,0.000,0.000,3.200
2021-04-08 23:00:00,7.700,0.000,0.000,0.000,2.800
2021-04-09 00:00:00,8.050,0.000,0.000,0.000,2.300
2021-04-09 01:00:00,8.270,0.000,0.000,0.000,2.400
2021-04-09 02:00:00,8.150,0.000,0.000,0.000,2.700
2021-04-09 03:00:00,8.600,0.000,0.000,0.000,2.800
2021-04-09 04:00:00,8.930,0.000,0.000,0.000,2.900
2021-04-09 05:00:00,8.980,3.000,0.000,3.000,3.200
2021-04-09 06:00:00,8.790,64.000,93.700,52.000,4.300
2021-04-09 07:00:00,8.860,138.000,137.800,99.000,5.700
2021-04-09 08:00:00,7.790,252.000,176.000,177.000,7.200
2021-04-09 09:00:00,8.220,374.000,252.100,236.000,8.600
2021-04-09 10:00:00,7.350,479.000,288.200,295.000,10.200
2021-04-09 11:00:00,7.620,545.000,314.400,327.000,11.100
2021-04-09 12:00:00,9.360,524.000,350.100,276.000,11.700
2021-04-09 13:00:00,9.150,361.000,102.600,291.000,12.100
2021-04-09 14:00:00,8.460,244.000,69.700,201.000,11.900
2021-04-09 15:00:00,7.860,255.000,143.100,181.000,11.700
2021-04-09 16:00:00,6.890,184.000,159.300,122.000,11.300
2021-04-09 17:00:00,6.140,96.000,128.000,65.000,10.800
2021-04-09 18:00:00,5.830,34.000,112.200,23.000,10.300
2021-04-09 19:00:00,5.140,0.000,0.000,0.000,9.300
2021-04-09 20:00:00,4.390,0.000,0.000,0.000,8.100
2021-04-09 21:00:00,3.720,0.000,0.000,0.000,6.400
2021-04-09 22:00:00,2.920,0.000,0.000,0.000,4.700
2021-04-09 23:00:00,3.060,0.000,0.000,0.000,4.600
2021-04-10 00:00:00,2.920,0.000,0.000,0.000,4.800
2021-04-10 01:00:00,3.090,0.000,0.000,0.000,4.900
2021-04-10 02:00:00,3.940,0.000,0.000,0.000,4.900
2021-04-10 03:00:00,3.330,0.000,0.000,0.000,4.800
2021-04-10 04:00:00,3.000,0.000,0.000,0.000,4.800
2021-04-10 05:00:00,3.690,1.000,0.000,1.000,4.700
2021-04-10 06:00:00,4.000,33.000,7.500,32.000,4.700
2021-04-10 07:00:00,3.190,100.000,20.800,94.000,5.000
2021-04-10 08:00:00,3.480,127.000,4.600,125.000,5.400
2021-04-10 09:00:00,3.830,155.000,27.100,140.000,6.100
2021-04-10 10:00:00,3.890,151.000,1.600,150.000,5.900
2021-04-10 11:00:00,3.670,187.000,8.600,181.000,6.400
2021-04-10 12:00:00,3.910,154.000,0.000,154.000,6.500
2021-04-10 13:00:00,3.630,120.000,0.000,120.000,6.700
2021-04-10 14:00:00,4.410,176.000,0.000,176.000,7.400
2021-04-10 15:00:00,5.200,165.000,7.700,161.000,7.700
2021-04-10 16:00:00,5.400,107.000,0.000,107.000,7.600
2021-04-10 17:00:00,6.710,45.000,0.000,45.000,7.100
2021-04-10 18:00:00,7.500,10.000,0.000,10.000,6.700
2021-04-10 19:00:00,8.740,0.000,0.000,0.000,6.400
2021-04-10 20:00:00,9.190,0.000,0.000,0.000,6.300
2021-04-10 21:00:00,9.000,0.000,0.000,0.000,6.500
2021-04-10 22:00:00,7.760,0.000,0.000,0.000,6.500
2021-04-10 23:00:00,7.070,0.000,0.000,0.000,6.700
2021-04-11 00:00:00,6.970,0.000,0.000,0.000,7.100
2021-04-11 01:00:00,7.000,0.000,0.000,0.000,7.300
2021-04-11 02:00:00,6.940,0.000,0.000,0.000,7.700
2021-04-11 03:00:00,7.240,0.000,0.000,0.000,8.200
2021-04-11 04:00:00,7.420,0.000,0.000,0.000,8.600
2021-04-11 05:00:00,7.200,1.000,0.000,1.000,8.900
2021-04-11 06:00:00,6.950,16.000,7.200,15.000,9.100
2021-04-11 07:00:00,6.330,60.000,3.400,59.000,9.500
2021-04-11 08:00:00,5.680,92.000,13.700,86.000,10.300
2021-04-11 09:00:00,5.100,99.000,12.600,92.000,10.800
2021-04-11 10:00:00,5.700,138.000,32.400,117.000,10.400
2021-04-11 11:00:00,5.690,179.000,27.000,160.000,9.400
2021-04-11 12:00:00,6.500,214.000,9.800,207.000,8.800
2021-04-11 13:00:00,6.930,234.000,18.800,221.000,7.900
2021-04-11 14:00:00,7.520,144.000,8.000,139.000,6.800
2021-04-11 15:00:00,8.190,97.000,1.900,96.000,5.800
2021-04-11 16:00:00,7.780,99.000,17.600,92.000,5.100
2021-04-11 17:00:00,7.020,57.000,4.000,56.000,4.500
2021-04-11 18:00:00,6.760,15.000,0.000,15.000,4.200
2021-04-11 19:00:00,6.670,0.000,0.000,0.000,3.900
2021-04-11 20:00:00,6.360,0.000,0.000,0.000,3.900
2021-04-11 21:00:00,6.710,0.000,0.000,0.000,3.900
2021-04-11 22:00:00,7.110,0.000,0.000,0.000,3.500
2021-04-11 23:00:00,6.530,0.000,0.000,0.000,3.300
2021-04-12 00:00:00,6.320,0.000,0.000,0.000,2.900
2021-04-12 01:00:00,6.150,0.000,0.000,0.000,2.600
2021-04-12 02:00:00,6.140,0.000,0.000,0.000,2.000
2021-04-12 03:00:00,6.180,0.000,0.000,0.000,1.500
2021-04-12 04:00:00,6.260,0.000,0.000,0.000,1.200
2021-04-12 05:00:00,5.970,6.000,19.100,5.000,1.000
2021-04-12 06:00:00,5.120,80.000,172.000,55.000,1.600
2021-04-12 07:00:00,5.980,135.000,46.700,121.000,2.800
2021-04-12 08:00:00,5.770,238.000,122.100,184.000,4.100
2021-04-12 09:00:00,5.680,350.000,202.600,236.000,5.200
2021-04-12 10:00:00,5.200,516.000,519.000,177.000,6.300
2021-04-12 11:00:00,4.910,631.000,629.100,186.000,6.900
2021-04-12 12:00:00,4.930,712.000,757.900,165.000,7.200
2021-04-12 13:00:00,4.730,652.000,656.000,196.000,7.300
2021-04-12 14:00:00,5.400,511.000,449.500,228.000,7.500
2021-04-12 15:00:00,5.510,392.000,415.500,172.000,7.300
2021-04-12 16:00:00,4.970,276.000,356.000,133.000,6.600
2021-04-12 17:00:00,6.310,137.000,266.700,69.000,5.900
2021-04-12 18:00:00,5.810,48.000,163.000,31.000,4.700
2021-04-12 19:00:00,5.320,0.000,0.000,0.000,3.400
2021-04-12 20:00:00,5.920,0.000,0.000,0.000,2.600
2021-04-12 21:00:00,6.330,0.000,0.000,0.000,2.000
2021-04-12 22:00:00,7.180,0.000,0.000,0.000,1.300
2021-04-12 23:00:00,6.940,0.000,0.000,0.000,1.100
2021-04-13 00:00:00,7.060,0.000,0.000,0.000,0.800
2021-04-13 01:00:00,7.280,0.000,0.000,0.000,0.600
2021-04-13 02:00:00,7.310,0.000,0.000,0.000,0.500
2021-04-13 03:00:00,7.260,0.000,0.000,0.000,0.200
2021-04-13 04:00:00,6.960,0.000,0.000,0.000,0.100
2021-04-13 05:00:00,6.890,8.000,38.200,6.000,0.300
2021-04-13 06:00:00,6.810,87.000,278.200,45.000,1.100
2021-04-13 07:00:00,7.110,209.000,409.400,84.000,2.800
2021-04-13 08:00:00,6.760,368.000,556.500,119.000,4.600
2021-04-13 09:00:00,6.930,430.000,442.100,179.000,5.700
2021-04-13 10:00:00,6.750,561.000,606.500,162.000,6.700
2021-04-13 11:00:00,6.460,601.000,561.900,201.000,7.400
2021-04-13 12:00:00,6.390,669.000,701.100,160.000,8.000
2021-04-13 13:00:00,6.610,655.000,693.500,170.000,8.300
2021-04-13 14:00:00,6.450,605.000,714.900,152.000,8.400
2021-04-13 15:00:00,6.260,437.000,491.000,175.000,8.100
2021-04-13 16:00:00,7.250,301.000,441.100,122.000,7.100
2021-04-13 17:00:00,7.280,147.000,258.600,80.000,6.500
2021-04-13 18:00:00,6.720,55.000,244.500,29.000,5.600
2021-04-13 19:00:00,6.020,1.000,0.000,1.000,4.300
2021-04-13 20:00:00,5.860,0.000,0.000,0.000,3.800
2021-04-13 21:00:00,5.770,0.000,0.000,0.000,3.000
2021-04-13 22:00:00,5.880,0.000,0.000,0.000,1.900
2021-04-13 23:00:00,5.970,0.000,0.000,0.000,1.400
2021-04-14 00:00:00,5.690,0.000,0.000,0.000,1.000
2021-04-14 01:00:00,5.500,0.000,0.000,0.000,0.800
2021-04-14 02:00:00,5.410,0.000,0.000,0.000,0.400
2021-04-14 03:00:00,5.420,0.000,0.000,0.000,0.100
2021-04-14 04:00:00,5.390,0.000,0.000,0.000,0.000
2021-04-14 05:00:00,5.200,9.000,55.200,6.000,-0.100
2021-04-14 06:00:00,4.620,90.000,313.100,41.000,0.700
2021-04-14 07:00:00,3.680,234.000,476.400,86.000,2.600
2021-04-14 08:00:00,3.760,352.000,488.300,131.000,4.300
2021-04-14 09:00:00,4.080,496.000,604.200,150.000,5.600
2021-04-14 10:00:00,4.080,599.000,661.000,161.000,6.200
2021-04-14 11:00:00,3.910,643.000,614.200,203.000,6.400
2021-04-14 12:00:00,3.830,669.000,638.100,203.000,7.000
2021-04-14 13:00:00,3.970,560.000,456.300,239.000,6.900
2021-04-14 14:00:00,4.000,498.000,473.600,196.000,7.000
2021-04-14 15:00:00,3.760,413.000,522.700,132.000,6.900
2021-04-14 16:00:00,3.110,271.000,300.100,148.000,6.100
2021-04-14 17:00:00,3.110,159.000,307.700,78.000,5.900
2021-04-14 18:00:00,4.400,54.000,203.000,32.000,4.700
2021-04-14 19:00:00,4.250,1.000,0.000,1.000,4.100
2021-04-14 20:00:00,3.830,0.000,0.000,0.000,3.400
2021-04-14 21:00:00,3.670,0.000,0.000,0.000,2.800
2021-04-14 22:00:00,4.340,0.000,0.000,0.000,1.300
2021-04-14 23:00:00,4.110,0.000,0.000,0.000,0.600
2021-04-15 00:00:00,3.810,0.000,0.000,0.000,-0.000
2021-04-15 01:00:00,4.110,0.000,0.000,0.000,-0.600
2021-04-15 02:00:00,4.210,0.000,0.000,0.000,-1.400
2021-04-15 03:00:00,3.830,0.000,0.000,0.000,-2.000
2021-04-15 04:00:00,3.470,0.000,0.000,0.000,-2.700
2021-04-15 05:00:00,2.780,11.000,70.100,7.000,-2.600
2021-04-15 06:00:00,2.510,106.000,321.000,54.000,-1.300
2021-04-15 07:00:00,2.220,184.000,136.100,141.000,1.600
2021-04-15 08:00:00,1.820,382.000,498.200,154.000,4.300
2021-04-15 09:00:00,2.500,552.000,727.300,132.000,6.400
2021-04-15 10:00:00,2.800,632.000,665.500,188.000,8.100
2021-04-15 11:00:00,3.130,639.000,498.100,280.000,8.700
2021-04-15 12:00:00,4.130,633.000,468.400,289.000,9.100
2021-04-15 13:00:00,5.120,551.000,349.100,304.000,9.300
2021-04-15 14:00:00,5.030,481.000,360.000,250.000,9.200
2021-04-15 15:00:00,5.350,369.000,376.700,165.000,9.100
2021-04-15 16:00:00,5.060,266.000,319.000,134.000,8.400
2021-04-15 17:00:00,4.440,127.000,138.400,90.000,8.000
2021-04-15 18:00:00,4.400,49.000,80.300,40.000,7.400
2021-04-15 19:00:00,5.600,1.000,0.000,1.000,6.100
2021-04-15 20:00:00,6.450,0.000,0.000,0.000,5.000
2021-04-15 21:00:00,6.440,0.000,0.000,0.000,4.800
2021-04-15 22:00:00,5.390,0.000,0.000,0.000,5.000
2021-04-15 23:00:00,4.900,0.000,0.000,0.000,4.900
2021-04-16 00:00:00,4.460,0.000,0.000,0.000,4.800
2021-04-16 01:00:00,4.160,0.000,0.000,0.000,4.600
2021-04-16 02:00:00,4.110,0.000,0.000,0.000,4.300
2021-04-16 03:00:00,4.590,0.000,0.000,0.000,4.200
2021-04-16 04:00:00,5.030,0.000,0.000,0.000,3.700
2021-04-16 05:00:00,5.160,6.000,0.000,6.000,3.500
2021-04-16 06:00:00,4.900,58.000,29.900,53.000,4.200
2021-04-16 07:00:00,3.850,270.000,619.600,71.000,5.600
2021-04-16 08:00:00,4.440,424.000,724.100,89.000,7.400
2021-04-16 09:00:00,4.940,565.000,788.400,106.000,8.500
2021-04-16 10:00:00,4.550,676.000,835.200,115.000,9.500
2021-04-16 11:00:00,4.530,745.000,866.200,117.000,10.300
2021-04-16 12:00:00,4.720,737.000,775.800,164.000,11.000
2021-04-16 13:00:00,4.790,686.000,699.900,188.000,11.400
2021-04-16 14:00:00,4.790,568.000,545.200,216.000,11.500
2021-04-16 15:00:00,4.750,421.000,430.900,186.000,11.300
2021-04-16 16:00:00,5.220,313.000,390.200,150.000,10.900
2021-04-16 17:00:00,5.470,165.000,187.900,114.000,10.300
2021-04-16 18:00:00,6.070,53.000,103.200,41.000,9.500
2021-04-16 19:00:00,6.400,2.000,0.000,2.000,8.700
2021-04-16 20:00:00,5.990,0.000,0.000,0.000,7.400
2021-04-16 21:00:00,5.230,0.000,0.000,0.000,5.900
2021-04-16 22:00:00,6.010,0.000,0.000,0.000,4.600
2021-04-16 23:00:00,5.300,0.000,0.000,0.000,3.700
2021-04-17 00:00:00,5.200,0.000,0.000,0.000,3.000
2021-04-17 01:00:00,5.260,0.000,0.000,0.000,3.100
2021-04-17 02:00:00,5.260,0.000,0.000,0.000,3.100
2021-04-17 03:00:00,5.190,0.000,0.000,0.000,3.300
2021-04-17 04:00:00,4.920,0.000,0.000,0.000,3.700
2021-04-17 05:00:00,4.840,6.000,0.000,6.000,3.800
2021-04-17 06:00:00,4.830,51.000,86.900,36.000,4.000
2021-04-17 07:00:00,4.200,163.000,236.000,86.000,4.800
2021-04-17 08:00:00,4.260,378.000,584.000,105.000,6.300
2021-04-17 09:00:00,4.220,513.000,666.300,122.000,8.100
2021-04-17 10:00:00,4.180,563.000,636.000,133.000,9.400
2021-04-17 11:00:00,3.800,640.000,669.200,152.000,10.200
2021-04-17 12:00:00,3.650,577.000,553.400,166.000,11.200
2021-04-17 13:00:00,3.350,374.000,239.000,203.000,11.400
2021-04-17 14:00:00,3.010,298.000,135.500,210.000,12.000
2021-04-17 15:00:00,2.870,237.000,85.600,190.000,12.300
2021-04-17 16:00:00,2.690,131.000,26.100,120.000,12.600
2021-04-17 17:00:00,1.630,68.000,10.900,65.000,12.300
2021-04-17 18:00:00,1.840,34.000,0.000,34.000,11.600
2021-04-17 19:00:00,3.280,2.000,0.000,2.000,10.500
2021-04-17 20:00:00,4.840,0.000,0.000,0.000,10.000
2021-04-17 21:00:00,6.130,0.000,0.000,0.000,9.200
2021-04-17 22:00:00,5.770,0.000,0.000,0.000,8.100
2021-04-17 23:00:00,4.580,0.000,0.000,0.000,7.300
2021-04-18 00:00:00,4.370,0.000,0.000,0.000,6.500
2021-04-18 01:00:00,4.590,0.000,0.000,0.000,5.700
2021-04-18 02:00:00,4.550,0.000,0.000,0.000,5.700
2021-04-18 03:00:00,4.280,0.000,0.000,0.000,5.200
2021-04-18 04:00:00,4.110,0.000,0.000,0.000,5.500
2021-04-18 05:00:00,3.680,9.000,30.800,7.000,5.300
2021-04-18 06:00:00,2.690,45.000,50.600,36.000,5.700
2021-04-18 07:00:00,2.250,222.000,407.600,87.000,6.300
2021-04-18 08:00:00,2.420,294.000,319.700,143.000,7.300
2021-04-18 09:00:00,2.620,370.000,282.400,203.000,8.100
2021-04-18 10:00:00,2.530,443.000,220.500,293.000,10.600
2021-04-18 11:00:00,3.440,475.000,249.500,292.000,11.700
2021-04-18 12:00:00,4.110,448.000,194.200,303.000,12.800
2021-04-18 13:00:00,4.360,335.000,55.600,295.000,13.100
2021-04-18 14:00:00,4.990,248.000,62.800,207.000,13.000
2021-04-18 15:00:00,4.850,161.000,5.400,158.000,12.600
2021-04-18 16:00:00,3.960,122.000,32.900,108.000,11.700
2021-04-18 17:00:00,3.550,76.000,3.600,75.000,11.100
2021-04-18 18:00:00,4.380,31.000,24.100,28.000,10.400
2021-04-18 19:00:00,4.470,2.000,0.000,2.000,9.500
2021-04-18 20:00:00,4.570,0.000,0.000,0.000,9.000
2021-04-18 21:00:00,4.610,0.000,0.000,0.000,8.900
2021-04-18 22:00:00,4.830,0.000,0.000,0.000,9.100
2021-04-18 23:00:00,4.660,0.000,0.000,0.000,8.800
2021-04-19 00:00:00,4.390,0.000,0.000,0.000,8.600
2021-04-19 01:00:00,4.060,0.000,0.000,0.000,8.200
2021-04-19 02:00:00,4.280,0.000,0.000,0.000,7.700
2021-04-19 03:00:00,3.790,0.000,0.000,0.000,7.200
2021-04-19 04:00:00,4.460,0.000,0.000,0.000,6.800
2021-04-19 05:00:00,4.880,16.000,88.900,10.000,6.400
2021-04-19 06:00:00,3.420,110.000,295.000,56.000,6.500
2021-04-19 07:00:00,3.110,136.000,47.600,120.000,6.600
2021-04-19 08:00:00,3.000,226.000,81.800,187.000,7.100
2021-04-19 09:00:00,3.000,336.000,132.600,257.000,8.300
2021-04-19 10:00:00,2.020,417.000,229.300,260.000,9.500
2021-04-19 11:00:00,2.820,335.000,115.300,250.000,10.900
2021-04-19 12:00:00,3.300,232.000,12.000,223.000,11.700
2021-04-19 13:00:00,3.110,279.000,41.500,249.000,12.400
2021-04-19 14:00:00,2.620,288.000,71.500,241.000,12.800
2021-04-19 15:00:00,2.010,391.000,369.900,185.000,13.800
2021-04-19 16:00:00,1.060,251.000,281.800,130.000,14.000
2021-04-19 17:00:00,1.440,117.000,60.000,100.000,14.000
2021-04-19 18:00:00,2.770,31.000,38.800,26.000,13.400
2021-04-19 19:00:00,3.580,3.000,0.000,3.000,11.600
2021-04-19 20:00:00,4.180,0.000,0.000,0.000,10.200
2021-04-19 21:00:00,4.790,0.000,0.000,0.000,9.800
2021-04-19 22:00:00,3.510,0.000,0.000,0.000,7.700
2021-04-19 23:00:00,2.730,0.000,0.000,0.000,6.500
2021-04-20 00:00:00,2.450,0.000,0.000,0.000,5.900
2021-04-20 01:00:00,2.610,0.000,0.000,0.000,4.500
2021-04-20 02:00:00,2.530,0.000,0.000,0.000,3.700
2021-04-20 03:00:00,2.220,0.000,0.000,0.000,3.100
2021-04-20 04:00:00,1.900,0.000,0.000,0.000,2.300
2021-04-20 05:00:00,1.940,20.000,128.500,11.000,2.200
2021-04-20 06:00:00,2.350,134.000,446.500,50.000,4.500
2021-04-20 07:00:00,1.630,291.000,636.200,74.000,7.100
2021-04-20 08:00:00,1.770,449.000,745.400,90.000,9.300
2021-04-20 09:00:00,1.990,587.000,809.600,101.000,11.400
2021-04-20 10:00:00,1.700,695.000,849.200,110.000,13.500
2021-04-20 11:00:00,1.970,759.000,871.300,113.000,14.900
2021-04-20 12:00:00,2.250,775.000,877.500,113.000,16.000
2021-04-20 13:00:00,2.470,740.000,865.400,111.000,16.800
2021-04-20 14:00:00,2.450,649.000,815.700,110.000,17.200
2021-04-20 15:00:00,2.350,497.000,685.000,113.000,17.400
2021-04-20 16:00:00,2.690,379.000,669.400,89.000,17.100
2021-04-20 17:00:00,3.450,236.000,595.200,65.000,16.600
2021-04-20 18:00:00,4.200,86.000,376.300,36.000,15.100
2021-04-20 19:00:00,5.190,4.000,19.100,3.000,12.900
2021-04-20 20:00:00,6.110,0.000,0.000,0.000,11.200
2021-04-20 21:00:00,5.740,0.000,0.000,0.000,9.400
2021-04-20 22:00:00,4.240,0.000,0.000,0.000,7.500
2021-04-20 23:00:00,2.550,0.000,0.000,0.000,6.300
2021-04-21 00:00:00,1.430,0.000,0.000,0.000,6.100
2021-04-21 01:00:00,1.630,0.000,0.000,0.000,4.100
2021-04-21 02:00:00,2.730,0.000,0.000,0.000,2.200
2021-04-21 03:00:00,4.070,0.000,0.000,0.000,2.000
2021-04-21 04:00:00,4.970,0.000,0.000,0.000,1.700
2021-04-21 05:00:00,4.910,23.000,151.700,12.000,2.300
2021-04-21 06:00:00,4.330,143.000,481.400,50.000,5.400
2021-04-21 07:00:00,3.090,301.000,656.200,74.000,8.700
2021-04-21 08:00:00,3.010,458.000,752.700,92.000,11.500
2021-04-21 09:00:00,3.720,597.000,815.300,104.000,13.300
2021-04-21 10:00:00,4.780,697.000,834.000,119.000,14.800
2021-04-21 11:00:00,5.520,735.000,795.500,142.000,15.100
2021-04-21 12:00:00,6.270,657.000,590.900,209.000,15.400
2021-04-21 13:00:00,6.640,592.000,555.700,186.000,15.100
2021-04-21 14:00:00,6.780,520.000,495.200,191.000,14.100
2021-04-21 15:00:00,7.860,415.000,427.100,174.000,13.100
2021-04-21 16:00:00,8.490,367.000,576.700,115.000,11.900
2021-04-21 17:00:00,8.500,231.000,559.700,68.000,10.400
2021-04-21 18:00:00,8.590,86.000,335.800,40.000,8.800
2021-04-21 19:00:00,8.560,5.000,19.100,4.000,7.400
2021-04-21 20:00:00,8.110,0.000,0.000,0.000,6.300
2021-04-21 21:00:00,7.420,0.000,0.000,0.000,5.600
2021-04-21 22:00:00,7.220,0.000,0.000,0.000,4.600
2021-04-21 23:00:00,6.740,0.000,0.000,0.000,4.200
2021-04-22 00:00:00,6.710,0.000,0.000,0.000,4.100
2021-04-22 01:00:00,7.350,0.000,0.000,0.000,4.400
2021-04-22 02:00:00,7.730,0.000,0.000,0.000,4.700
2021-04-22 03:00:00,7.750,0.000,0.000,0.000,4.600
2021-04-22 04:00:00,7.710,0.000,0.000,0.000,4.700
2021-04-22 05:00:00,7.790,18.000,66.700,13.000,4.700
2021-04-22 06:00:00,7.340,104.000,252.300,54.000,5.400
2021-04-22 07:00:00,7.750,206.000,270.900,111.000,6.300
2021-04-22 08:00:00,10.320,299.000,209.800,196.000,7.300
2021-04-22 09:00:00,10.320,389.000,285.700,215.000,8.200
2021-04-22 10:00:00,9.660,402.000,212.300,254.000,8.800
2021-04-22 11:00:00,10.360,470.000,242.900,288.000,9.500
2021-04-22 12:00:00,10.180,486.000,204.700,330.000,10.000
2021-04-22 13:00:00,10.090,456.000,219.300,295.000,10.400
2021-04-22 14:00:00,10.120,395.000,218.500,249.000,10.300
2021-04-22 15:00:00,9.690,333.000,199.000,220.000,10.300
2021-04-22 16:00:00,9.220,295.000,333.500,148.000,10.200
2021-04-22 17:00:00,7.860,192.000,345.600,90.000,9.600
2021-04-22 18:00:00,7.420,89.000,340.300,41.000,8.700
2021-04-22 19:00:00,7.310,5.000,19.100,4.000,7.500
2021-04-22 20:00:00,7.290,0.000,0.000,0.000,6.400
2021-04-22 21:00:00,7.380,0.000,0.000,0.000,5.600
2021-04-22 22:00:00,7.390,0.000,0.000,0.000,4.900
2021-04-22 23:00:00,7.180,0.000,0.000,0.000,4.700
2021-04-23 00:00:00,7.010,0.000,0.000,0.000,4.900
2021-04-23 01:00:00,7.160,0.000,0.000,0.000,4.700
2021-04-23 02:00:00,7.240,0.000,0.000,0.000,4.600
2021-04-23 03:00:00,7.330,0.000,0.000,0.000,4.500
2021-04-23 04:00:00,7.430,0.000,0.000,0.000,4.500
2021-04-23 05:00:00,7.320,17.000,64.600,12.000,4.600
2021-04-23 06:00:00,6.660,113.000,275.600,57.000,5.400
2021-04-23 07:00:00,7.370,204.000,295.400,99.000,6.300
2021-04-23 08:00:00,6.960,297.000,230.100,183.000,7.600
2021-04-23 09:00:00,6.440,325.000,168.000,222.000,8.600
2021-04-23 10:00:00,5.650,411.000,186.800,280.000,9.200
2021-04-23 11:00:00,6.310,566.000,369.100,288.000,10.400
2021-04-23 12:00:00,5.990,628.000,478.000,262.000,11.400
2021-04-23 13:00:00,6.090,620.000,559.700,207.000,12.200
2021-04-23 14:00:00,6.050,493.000,363.300,249.000,12.600
2021-04-23 15:00:00,5.740,388.000,365.600,179.000,12.800
2021-04-23 16:00:00,5.540,320.000,400.500,142.000,12.800
2021-04-23 17:00:00,5.240,181.000,291.000,94.000,12.000
2021-04-23 18:00:00,5.400,70.000,172.300,45.000,10.900
2021-04-23 19:00:00,5.910,7.000,38.200,5.000,9.200
2021-04-23 20:00:00,6.130,0.000,0.000,0.000,7.400
2021-04-23 21:00:00,6.040,0.000,0.000,0.000,6.200
2021-04-23 22:00:00,5.810,0.000,0.000,0.000,4.700
2021-04-23 23:00:00,5.110,0.000,0.000,0.000,3.500
2021-04-24 00:00:00,4.750,0.000,0.000,0.000,2.700
2021-04-24 01:00:00,4.980,0.000,0.000,0.000,2.100
2021-04-24 02:00:00,5.100,0.000,0.000,0.000,2.000
2021-04-24 03:00:00,5.330,0.000,0.000,0.000,1.900
2021-04-24 04:00:00,5.280,0.000,0.000,0.000,2.200
2021-04-24 05:00:00,5.310,24.000,62.600,19.000,2.200
2021-04-24 06:00:00,4.780,113.000,206.700,70.000,3.900
2021-04-24 07:00:00,3.940,264.000,383.200,126.000,5.900
2021-04-24 08:00:00,4.610,404.000,466.200,171.000,7.100
2021-04-24 09:00:00,4.280,380.000,217.000,246.000,7.700
2021-04-24 10:00:00,3.890,438.000,224.100,280.000,8.800
2021-04-24 11:00:00,3.750,539.000,301.200,311.000,9.700
2021-04-24 12:00:00,3.820,617.000,467.900,257.000,10.700
2021-04-24 13:00:00,3.970,579.000,476.100,226.000,11.300
2021-04-24 14:00:00,3.800,448.000,303.600,243.000,11.700
2021-04-24 15:00:00,3.830,378.000,255.600,231.000,12.200
2021-04-24 16:00:00,3.770,265.000,133.900,205.000,12.200
2021-04-24 17:00:00,3.690,169.000,168.400,118.000,11.800
2021-04-24 18:00:00,4.330,69.000,147.500,47.000,10.500
2021-04-24 19:00:00,5.730,6.000,19.100,5.000,9.300
2021-04-24 20:00:00,7.310,0.000,0.000,0.000,8.000
2021-04-24 21:00:00,7.710,0.000,0.000,0.000,6.400
2021-04-24 22:00:00,7.340,0.000,0.000,0.000,5.100
2021-04-24 23:00:00,6.620,0.000,0.000,0.000,4.200
2021-04-25 00:00:00,6.230,0.000,0.000,0.000,3.300
2021-04-25 01:00:00,6.350,0.000,0.000,0.000,2.400
2021-04-25 02:00:00,6.050,0.000,0.000,0.000,1.900
2021-04-25 03:00:00,5.610,0.000,0.000,0.000,1.600
2021-04-25 04:00:00,5.450,0.000,0.000,0.000,1.100
2021-04-25 05:00:00,5.250,32.000,182.300,17.000,1.300
2021-04-25 06:00:00,4.520,155.000,469.700,55.000,2.700
2021-04-25 07:00:00,4.170,291.000,526.400,99.000,4.700
2021-04-25 08:00:00,5.030,373.000,468.100,137.000,6.000
2021-04-25 09:00:00,5.010,471.000,437.600,199.000,7.200
2021-04-25 10:00:00,3.830,618.000,535.900,238.000,8.200
2021-04-25 11:00:00,3.730,645.000,567.900,213.000,9.300
2021-04-25 12:00:00,3.810,476.000,306.600,239.000,9.600
2021-04-25 13:00:00,3.800,521.000,390.600,230.000,10.300
2021-04-25 14:00:00,4.200,475.000,266.700,294.000,10.900
2021-04-25 15:00:00,4.400,395.000,305.800,218.000,11.200
2021-04-25 16:00:00,4.410,311.000,334.200,160.000,11.200
2021-04-25 17:00:00,3.750,220.000,348.900,113.000,10.800
2021-04-25 18:00:00,3.490,95.000,267.700,54.000,9.800
2021-04-25 19:00:00,4.140,9.000,56.700,6.000,7.800
2021-04-25 20:00:00,4.970,0.000,0.000,0.000,5.700
2021-04-25 21:00:00,5.200,0.000,0.000,0.000,4.200
2021-04-25 22:00:00,5.000,0.000,0.000,0.000,2.700
2021-04-25 23:00:00,4.290,0.000,0.000,0.000,1.400
2021-04-26 00:00:00,3.760,0.000,0.000,0.000,1.000
2021-04-26 01:00:00,3.280,0.000,0.000,0.000,0.400
2021-04-26 02:00:00,2.860,0.000,0.000,0.000,-0.200
2021-04-26 03:00:00,2.550,0.000,0.000,0.000,-0.200
2021-04-26 04:00:00,2.010,0.000,0.000,0.000,0.500
2021-04-26 05:00:00,2.130,34.000,177.300,19.000,0.300
2021-04-26 06:00:00,2.560,141.000,358.300,63.000,1.900
2021-04-26 07:00:00,1.800,283.000,465.700,111.000,5.000
2021-04-26 08:00:00,1.840,446.000,629.400,126.000,7.400
2021-04-26 09:00:00,1.940,524.000,489.100,218.000,8.800
2021-04-26 10:00:00,1.220,647.000,582.100,232.000,9.500
2021-04-26 11:00:00,0.000,668.000,548.100,249.000,10.200
2021-04-26 12:00:00,0.220,562.000,282.000,343.000,10.700
2021-04-26 13:00:00,0.000,515.000,240.500,335.000,11.100
2021-04-26 14:00:00,0.320,441.000,258.000,265.000,11.500
2021-04-26 15:00:00,0.950,328.000,154.600,238.000,11.400
2021-04-26 16:00:00,1.940,205.000,114.200,153.000,11.200
2021-04-26 17:00:00,3.600,123.000,83.800,97.000,10.600
2021-04-26 18:00:00,5.020,65.000,127.300,45.000,10.000
2021-04-26 19:00:00,6.430,9.000,36.400,7.000,8.700
2021-04-26 20:00:00,7.130,0.000,0.000,0.000,7.100
2021-04-26 21:00:00,7.320,0.000,0.000,0.000,5.600
2021-04-26 22:00:00,7.810,0.000,0.000,0.000,4.400
2021-04-26 23:00:00,7.890,0.000,0.000,0.000,3.700
2021-04-27 00:00:00,8.050,0.000,0.000,0.000,2.900
2021-04-27 01:00:00,8.100,0.000,0.000,0.000,2.300
2021-04-27 02:00:00,7.670,0.000,0.000,0.000,1.500
2021-04-27 03:00:00,7.020,0.000,0.000,0.000,0.800
2021-04-27 04:00:00,6.660,0.000,0.000,0.000,0.400
2021-04-27 05:00:00,6.450,39.000,230.100,19.000,0.700
2021-04-27 06:00:00,5.630,168.000,485.600,60.000,3.300
2021-04-27 07:00:00,4.660,326.000,634.100,89.000,5.900
2021-04-27 08:00:00,5.020,489.000,749.000,105.000,8.000
2021-04-27 09:00:00,6.170,628.000,814.700,115.000,9.000
2021-04-27 10:00:00,6.320,733.000,851.100,123.000,9.900
2021-04-27 11:00:00,6.320,788.000,834.600,147.000,10.600
2021-04-27 12:00:00,6.100,802.000,835.900,150.000,11.400
2021-04-27 13:00:00,6.040,766.000,791.400,171.000,12.200
2021-04-27 14:00:00,5.920,596.000,564.500,209.000,12.600
2021-04-27 15:00:00,5.730,424.000,314.200,240.000,12.700
2021-04-27 16:00:00,5.590,291.000,213.500,193.000,12.800
2021-04-27 17:00:00,5.570,178.000,162.300,127.000,12.400
2021-04-27 18:00:00,6.400,85.000,204.900,52.000,11.400
2021-04-27 19:00:00,7.110,11.000,70.300,7.000,9.500
2021-04-27 20:00:00,7.500,0.000,0.000,0.000,7.800
2021-04-27 21:00:00,7.800,0.000,0.000,0.000,6.900
2021-04-27 22:00:00,8.870,0.000,0.000,0.000,5.900
2021-04-27 23:00:00,7.940,0.000,0.000,0.000,5.500
2021-04-28 00:00:00,7.280,0.000,0.000,0.000,5.200
2021-04-28 01:00:00,6.960,0.000,0.000,0.000,4.500
2021-04-28 02:00:00,6.990,0.000,0.000,0.000,3.800
2021-04-28 03:00:00,7.070,0.000,0.000,0.000,3.400
2021-04-28 04:00:00,6.960,0.000,0.000,0.000,2.900
2021-04-28 05:00:00,6.540,40.000,224.200,20.000,3.400
2021-04-28 06:00:00,5.820,156.000,422.900,60.000,5.600
2021-04-28 07:00:00,4.510,331.000,669.000,78.000,7.900
2021-04-28 08:00:00,4.300,487.000,760.400,94.000,10.000
2021-04-28 09:00:00,4.200,622.000,816.000,105.000,11.800
2021-04-28 10:00:00,4.280,725.000,848.100,114.000,13.700
2021-04-28 11:00:00,4.080,785.000,864.500,118.000,15.200
2021-04-28 12:00:00,3.860,762.000,795.300,139.000,16.400
2021-04-28 13:00:00,3.680,740.000,789.200,144.000,17.500
2021-04-28 14:00:00,3.220,638.000,740.300,128.000,18.000
2021-04-28 15:00:00,2.920,525.000,653.500,140.000,18.100
2021-04-28 16:00:00,2.860,372.000,503.700,139.000,17.900
2021-04-28 17:00:00,4.160,201.000,358.600,87.000,17.300
2021-04-28 18:00:00,6.210,61.000,66.700,50.000,16.300
2021-04-28 19:00:00,7.360,7.000,0.000,7.000,15.100
2021-04-28 20:00:00,7.350,0.000,0.000,0.000,14.300
2021-04-28 21:00:00,6.830,0.000,0.000,0.000,13.500
2021-04-28 22:00:00,4.120,0.000,0.000,0.000,13.200
2021-04-28 23:00:00,7.000,0.000,0.000,0.000,12.600
2021-04-29 00:00:00,6.820,0.000,0.000,0.000,11.900
2021-04-29 01:00:00,6.000,0.000,0.000,0.000,11.300
2021-04-29 02:00:00,6.010,0.000,0.000,0.000,10.600
2021-04-29 03:00:00,6.010,0.000,0.000,0.000,9.900
2021-04-29 04:00:00,5.260,0.000,0.000,0.000,9.300
2021-04-29 05:00:00,4.320,5.000,0.000,5.000,9.100
2021-04-29 06:00:00,3.230,28.000,0.000,28.000,9.200
2021-04-29 07:00:00,1.700,192.000,201.300,115.000,9.400
2021-04-29 08:00:00,2.480,260.000,142.100,186.000,10.000
2021-04-29 09:00:00,3.920,202.000,20.400,189.000,10.900
2021-04-29 10:00:00,0.710,237.000,29.000,216.000,11.100
2021-04-29 11:00:00,1.840,348.000,158.700,225.000,11.600
2021-04-29 12:00:00,2.010,517.000,475.400,143.000,12.500
2021-04-29 13:00:00,3.200,656.000,636.800,173.000,13.500
2021-04-29 14:00:00,4.460,620.000,664.500,160.000,14.300
2021-04-29 15:00:00,6.540,407.000,376.400,184.000,11.800
2021-04-29 16:00:00,7.690,292.000,354.000,127.000,11.600
2021-04-29 17:00:00,7.960,193.000,357.700,78.000,11.500
2021-04-29 18:00:00,8.700,64.000,159.900,37.000,10.200
2021-04-29 19:00:00,9.400,9.000,32.900,7.000,9.000
2021-04-29 20:00:00,9.660,0.000,0.000,0.000,8.600
2021-04-29 21:00:00,9.360,0.000,0.000,0.000,8.500
2021-04-29 22:00:00,9.200,0.000,0.000,0.000,7.900
2021-04-29 23:00:00,8.050,0.000,0.000,0.000,7.700
2021-04-30 00:00:00,6.940,0.000,0.000,0.000,7.500
2021-04-30 01:00:00,6.950,0.000,0.000,0.000,7.200
2021-04-30 02:00:00,5.330,0.000,0.000,0.000,7.200
2021-04-30 03:00:00,4.250,0.000,0.000,0.000,6.900
2021-04-30 04:00:00,3.840,0.000,0.000,0.000,7.000
2021-04-30 05:00:00,3.540,9.000,0.000,9.000,6.900
2021-04-30 06:00:00,3.020,44.000,29.700,37.000,7.300
2021-04-30 07:00:00,2.150,140.000,80.200,109.000,7.800
2021-04-30 08:00:00,2.100,316.000,312.400,152.000,8.400
2021-04-30 09:00:00,1.510,317.000,113.900,244.000,8.800
2021-04-30 10:00:00,1.640,316.000,68.700,266.000,9.900
2021-04-30 11:00:00,1.120,304.000,71.900,248.000,10.200
2021-04-30 12:00:00,1.020,193.000,11.400,184.000,10.200
2021-04-30 13:00:00,1.430,238.000,11.800,229.000,10.400
2021-04-30 14:00:00,2.110,331.000,77.600,277.000,10.800
2021-04-30 15:00:00,2.470,365.000,261.800,209.000,11.200
2021-04-30 16:00:00,2.420,284.000,362.100,114.000,11.200
2021-04-30 17:00:00,2.250,126.000,107.600,91.000,10.900
2021-04-30 18:00:00,2.940,66.000,156.400,39.000,10.700
2021-04-30 19:00:00,3.540,14.000,79.900,9.000,9.500
2021-04-30 20:00:00,3.810,0.000,0.000,0.000,8.700
2021-04-30 21:00:00,4.280,0.000,0.000,0.000,7.800
2021-04-30 22:00:00,4.840,0.000,0.000,0.000,6.600
2021-04-30 23:00:00,4.600,0.000,0.000,0.000,6.600
2021-05-01 00:00:00,4.100,0.000,0.000,0.000,6.700
2021-05-01 01:00:00,3.920,0.000,0.000,0.000,6.200
2021-05-01 02:00:00,4.530,0.000,0.000,0.000,5.700
2021-05-01 03:00:00,4.650,0.000,0.000,0.000,5.000
2021-05-01 04:00:00,4.480,0.000,0.000,0.000,5.200
2021-05-01 05:00:00,4.720,32.000,104.400,22.000,5.700
2021-05-01 06:00:00,3.830,108.000,145.600,73.000,6.700
2021-05-01 07:00:00,2.700,272.000,447.700,97.000,7.900
2021-05-01 08:00:00,2.060,423.000,527.600,144.000,9.300
2021-05-01 09:00:00,1.400,557.000,593.900,174.000,10.300
2021-05-01 10:00:00,0.810,612.000,622.300,157.000,11.800
2021-05-01 11:00:00,0.780,658.000,570.500,212.000,12.600
2021-05-01 12:00:00,1.480,552.000,335.300,286.000,12.800
2021-05-01 13:00:00,3.540,539.000,308.500,303.000,13.200
2021-05-01 14:00:00,4.950,360.000,138.800,263.000,12.900
2021-05-01 15:00:00,4.290,241.000,95.100,184.000,11.300
2021-05-01 16:00:00,3.060,256.000,154.400,183.000,11.300
2021-05-01 17:00:00,2.000,106.000,42.600,92.000,10.900
2021-05-01 18:00:00,1.870,57.000,28.300,52.000,10.700
2021-05-01 19:00:00,1.640,12.000,15.500,11.000,9.500
2021-05-01 20:00:00,1.000,0.000,0.000,0.000,8.800
2021-05-01 21:00:00,0.910,0.000,0.000,0.000,8.600
2021-05-01 22:00:00,2.390,0.000,0.000,0.000,7.300
2021-05-01 23:00:00,4.830,0.000,0.000,0.000,6.300
2021-05-02 00:00:00,5.450,0.000,0.000,0.000,6.200
2021-05-02 01:00:00,5.090,0.000,0.000,0.000,5.700
2021-05-02 02:00:00,4.610,0.000,0.000,0.000,5.600
2021-05-02 03:00:00,5.730,0.000,0.000,0.000,5.700
2021-05-02 04:00:00,7.080,0.000,0.000,0.000,5.600
2021-05-02 05:00:00,6.860,35.000,20.400,33.000,5.600
2021-05-02 06:00:00,5.950,121.000,81.700,101.000,6.100
2021-05-02 07:00:00,5.990,236.000,215.200,151.000,7.100
2021-05-02 08:00:00,5.740,287.000,174.600,194.000,8.100
2021-05-02 09:00:00,6.360,400.000,296.100,208.000,8.500
2021-05-02 10:00:00,6.400,458.000,315.900,226.000,8.900
2021-05-02 11:00:00,7.030,509.000,270.100,297.000,9.000
2021-05-02 12:00:00,7.000,498.000,303.900,256.000,9.600
2021-05-02 13:00:00,7.900,585.000,423.200,260.000,10.200
2021-05-02 14:00:00,8.500,561.000,505.800,206.000,10.400
2021-05-02 15:00:00,8.730,499.000,534.600,177.000,9.400
2021-05-02 16:00:00,9.020,310.000,388.500,125.000,9.300
2021-05-02 17:00:00,9.420,209.000,355.100,91.000,8.700
2021-05-02 18:00:00,8.940,95.000,227.500,54.000,7.900
2021-05-02 19:00:00,7.690,14.000,75.400,9.000,7.200
2021-05-02 20:00:00,7.060,0.000,0.000,0.000,6.400
2021-05-02 21:00:00,6.910,0.000,0.000,0.000,5.700
2021-05-02 22:00:00,6.820,0.000,0.000,0.000,5.300
2021-05-02 23:00:00,6.650,0.000,0.000,0.000,4.800
2021-05-03 00:00:00,6.900,0.000,0.000,0.000,4.200
2021-05-03 01:00:00,7.400,0.000,0.000,0.000,3.600
2021-05-03 02:00:00,7.300,0.000,0.000,0.000,3.300
2021-05-03 03:00:00,7.220,0.000,0.000,0.000,2.900
2021-05-03 04:00:00,7.160,1.000,0.000,1.000,2.900
2021-05-03 05:00:00,7.020,44.000,120.100,32.000,3.600
2021-05-03 06:00:00,6.230,133.000,237.100,74.000,5.000
2021-05-03 07:00:00,6.530,315.000,516.500,109.000,6.500
2021-05-03 08:00:00,6.650,430.000,492.200,166.000,7.200
2021-05-03 09:00:00,7.450,407.000,297.600,213.000,7.300
2021-05-03 10:00:00,7.190,575.000,450.000,243.000,8.500
2021-05-03 11:00:00,7.620,491.000,237.300,304.000,9.600
2021-05-03 12:00:00,7.090,625.000,455.300,261.000,10.700
2021-05-03 13:00:00,6.290,677.000,616.000,202.000,11.700
2021-05-03 14:00:00,6.280,549.000,522.100,181.000,12.400
2021-05-03 15:00:00,6.230,495.000,533.500,172.000,12.500
2021-05-03 16:00:00,5.100,398.000,540.100,139.000,12.100
2021-05-03 17:00:00,5.100,191.000,163.800,136.000,11.200
2021-05-03 18:00:00,3.220,81.000,54.400,71.000,10.400
2021-05-03 19:00:00,2.010,12.000,0.000,12.000,9.600
2021-05-03 20:00:00,4.470,0.000,0.000,0.000,8.400
2021-05-03 21:00:00,6.730,0.000,0.000,0.000,7.900
2021-05-03 22:00:00,7.500,0.000,0.000,0.000,7.400
2021-05-03 23:00:00,8.020,0.000,0.000,0.000,7.300
2021-05-04 00:00:00,8.810,0.000,0.000,0.000,7.800
2021-05-04 01:00:00,9.620,0.000,0.000,0.000,8.600
2021-05-04 02:00:00,10.500,0.000,0.000,0.000,9.300
2021-05-04 03:00:00,11.300,0.000,0.000,0.000,9.800
2021-05-04 04:00:00,11.540,0.000,0.000,0.000,10.400
2021-05-04 05:00:00,11.950,16.000,0.000,16.000,10.300
2021-05-04 06:00:00,12.060,29.000,0.000,29.000,9.700
2021-05-04 07:00:00,11.920,70.000,7.400,67.000,9.400
2021-05-04 08:00:00,11.720,240.000,124.100,173.000,9.900
2021-05-04 09:00:00,13.620,248.000,106.800,178.000,10.800
2021-05-04 10:00:00,11.150,197.000,9.400,190.000,10.500
2021-05-04 11:00:00,12.710,161.000,5.100,157.000,10.400
2021-05-04 12:00:00,13.920,215.000,56.100,170.000,11.100
2021-05-04 13:00:00,14.350,388.000,136.900,282.000,11.500
2021-05-04 14:00:00,13.990,446.000,247.200,271.000,11.900
2021-05-04 15:00:00,11.410,416.000,341.800,208.000,10.900
2021-05-04 16:00:00,12.260,281.000,319.000,127.000,10.800
2021-05-04 17:00:00,12.040,205.000,333.200,92.000,10.900
2021-05-04 18:00:00,13.120,87.000,149.300,59.000,9.700
2021-05-04 19:00:00,12.440,19.000,85.900,13.000,9.200
2021-05-04 20:00:00,12.260,0.000,0.000,0.000,8.800
2021-05-04 21:00:00,12.230,0.000,0.000,0.000,8.200
2021-05-04 22:00:00,11.490,0.000,0.000,0.000,8.300
2021-05-04 23:00:00,11.430,0.000,0.000,0.000,7.900
2021-05-05 00:00:00,12.200,0.000,0.000,0.000,7.600
2021-05-05 01:00:00,12.240,0.000,0.000,0.000,7.200
2021-05-05 02:00:00,11.880,0.000,0.000,0.000,7.100
2021-05-05 03:00:00,11.750,0.000,0.000,0.000,6.800
2021-05-05 04:00:00,11.470,1.000,0.000,1.000,6.800
2021-05-05 05:00:00,11.300,34.000,47.600,29.000,6.600
2021-05-05 06:00:00,12.490,128.000,175.100,83.000,7.000
2021-05-05 07:00:00,14.180,210.000,253.400,107.000,7.200
2021-05-05 08:00:00,13.800,421.000,506.000,146.000,7.600
2021-05-05 09:00:00,13.000,556.000,634.600,138.000,8.300
2021-05-05 10:00:00,11.480,625.000,568.400,202.000,9.100
2021-05-05 11:00:00,11.440,615.000,458.300,251.000,9.800
2021-05-05 12:00:00,11.810,679.000,484.200,289.000,10.200
2021-05-05 13:00:00,13.860,596.000,399.000,286.000,10.400
2021-05-05 14:00:00,12.220,450.000,225.100,290.000,9.100
2021-05-05 15:00:00,12.890,373.000,217.500,240.000,8.700
2021-05-05 16:00:00,13.660,254.000,152.300,180.000,7.700
2021-05-05 17:00:00,13.700,178.000,251.100,92.000,8.600
2021-05-05 18:00:00,11.900,102.000,214.500,61.000,8.400
2021-05-05 19:00:00,11.100,22.000,97.700,15.000,7.800
2021-05-05 20:00:00,10.560,0.000,0.000,0.000,7.100
2021-05-05 21:00:00,10.240,0.000,0.000,0.000,6.300
2021-05-05 22:00:00,10.510,0.000,0.000,0.000,5.300
2021-05-05 23:00:00,10.100,0.000,0.000,0.000,4.800
2021-05-06 00:00:00,9.390,0.000,0.000,0.000,4.500
2021-05-06 01:00:00,9.270,0.000,0.000,0.000,4.100
2021-05-06 02:00:00,8.690,0.000,0.000,0.000,3.800
2021-05-06 03:00:00,8.140,0.000,0.000,0.000,3.700
2021-05-06 04:00:00,7.650,2.000,0.000,2.000,3.500
2021-05-06 05:00:00,7.030,46.000,119.100,33.000,4.000
2021-05-06 06:00:00,6.450,119.000,168.700,75.000,4.500
2021-05-06 07:00:00,6.770,215.000,131.700,161.000,4.700
2021-05-06 08:00:00,6.330,370.000,362.100,172.000,5.600
2021-05-06 09:00:00,5.510,358.000,281.000,172.000,7.000
2021-05-06 10:00:00,5.220,536.000,406.800,232.000,7.600
2021-05-06 11:00:00,5.010,642.000,572.000,186.000,8.600
2021-05-06 12:00:00,4.790,796.000,756.000,185.000,9.500
2021-05-06 13:00:00,4.160,734.000,696.400,191.000,10.100
2021-05-06 14:00:00,3.830,641.000,634.700,188.000,10.100
2021-05-06 15:00:00,3.350,459.000,478.400,165.000,10.300
2021-05-06 16:00:00,2.670,309.000,214.700,204.000,10.500
2021-05-06 17:00:00,1.790,172.000,63.600,150.000,9.900
2021-05-06 18:00:00,1.350,65.000,5.100,64.000,9.500
2021-05-06 19:00:00,1.140,16.000,0.000,16.000,9.200
2021-05-06 20:00:00,1.130,0.000,0.000,0.000,8.300
2021-05-06 21:00:00,2.320,0.000,0.000,0.000,6.100
2021-05-06 22:00:00,5.040,0.000,0.000,0.000,6.100
2021-05-06 23:00:00,4.380,0.000,0.000,0.000,5.700
2021-05-07 00:00:00,3.400,0.000,0.000,0.000,4.400
2021-05-07 01:00:00,2.400,0.000,0.000,0.000,4.600
2021-05-07 02:00:00,2.000,0.000,0.000,0.000,4.400
2021-05-07 03:00:00,4.700,0.000,0.000,0.000,4.300
2021-05-07 04:00:00,5.690,1.000,0.000,1.000,3.900
2021-05-07 05:00:00,5.730,26.000,61.900,19.000,3.700
2021-05-07 06:00:00,6.520,61.000,49.100,48.000,3.900
2021-05-07 07:00:00,5.950,177.000,145.100,117.000,4.800
2021-05-07 08:00:00,5.160,311.000,225.400,187.000,5.900
2021-05-07 09:00:00,4.850,456.000,374.500,207.000,6.700
2021-05-07 10:00:00,5.200,618.000,459.900,273.000,6.900
2021-05-07 11:00:00,5.500,627.000,366.300,334.000,7.600
2021-05-07 12:00:00,6.020,576.000,283.600,346.000,7.900
2021-05-07 13:00:00,6.210,498.000,250.500,302.000,8.400
2021-05-07 14:00:00,6.600,542.000,418.700,242.000,9.100
2021-05-07 15:00:00,7.210,487.000,479.400,191.000,10.100
2021-05-07 16:00:00,8.300,364.000,469.400,133.000,10.600
2021-05-07 17:00:00,7.590,224.000,372.400,94.000,9.700
2021-05-07 18:00:00,6.140,120.000,312.900,58.000,9.400
2021-05-07 19:00:00,6.110,25.000,146.500,14.000,8.300
2021-05-07 20:00:00,6.410,0.000,0.000,0.000,6.800
2021-05-07 21:00:00,6.500,0.000,0.000,0.000,5.700
2021-05-07 22:00:00,6.490,0.000,0.000,0.000,5.200
2021-05-07 23:00:00,5.800,0.000,0.000,0.000,4.700
2021-05-08 00:00:00,5.570,0.000,0.000,0.000,3.900
2021-05-08 01:00:00,5.700,0.000,0.000,0.000,3.600
2021-05-08 02:00:00,5.660,0.000,0.000,0.000,2.900
2021-05-08 03:00:00,5.540,0.000,0.000,0.000,2.300
2021-05-08 04:00:00,5.500,3.000,0.000,3.000,1.900
2021-05-08 05:00:00,5.020,69.000,299.100,34.000,3.000
2021-05-08 06:00:00,3.830,207.000,522.000,67.000,5.500
2021-05-08 07:00:00,3.610,367.000,661.800,91.000,7.900
2021-05-08 08:00:00,3.120,502.000,645.100,145.000,9.500
2021-05-08 09:00:00,3.160,596.000,592.800,200.000,10.900
2021-05-08 10:00:00,2.690,629.000,471.400,274.000,12.400
2021-05-08 11:00:00,3.800,636.000,346.300,358.000,13.600
2021-05-08 12:00:00,5.130,428.000,89.700,355.000,14.000
2021-05-08 13:00:00,4.790,315.000,39.500,284.000,14.400
2021-05-08 14:00:00,4.320,372.000,83.400,312.000,15.000
2021-05-08 15:00:00,6.600,226.000,40.300,201.000,14.600
2021-05-08 16:00:00,5.680,148.000,4.000,146.000,14.200
2021-05-08 17:00:00,6.340,69.000,0.000,69.000,13.100
2021-05-08 18:00:00,6.410,23.000,0.000,23.000,12.100
2021-05-08 19:00:00,7.120,4.000,0.000,4.000,11.300
2021-05-08 20:00:00,8.140,0.000,0.000,0.000,11.100
2021-05-08 21:00:00,8.350,0.000,0.000,0.000,11.400
2021-05-08 22:00:00,8.320,0.000,0.000,0.000,11.800
2021-05-08 23:00:00,8.430,0.000,0.000,0.000,11.800
2021-05-09 00:00:00,8.850,0.000,0.000,0.000,11.600
2021-05-09 01:00:00,8.900,0.000,0.000,0.000,11.400
2021-05-09 02:00:00,8.990,0.000,0.000,0.000,11.200
2021-05-09 03:00:00,8.890,0.000,0.000,0.000,10.800
2021-05-09 04:00:00,8.640,3.000,0.000,3.000,10.900
2021-05-09 05:00:00,8.300,69.000,265.000,37.000,11.900
2021-05-09 06:00:00,7.710,201.000,478.400,71.000,14.100
2021-05-09 07:00:00,6.540,363.000,654.200,88.000,16.200
2021-05-09 08:00:00,6.230,517.000,742.200,104.000,18.500
2021-05-09 09:00:00,6.210,653.000,810.900,109.000,20.600
2021-05-09 10:00:00,5.100,728.000,727.700,178.000,22.200
2021-05-09 11:00:00,5.690,745.000,622.100,244.000,23.600
2021-05-09 12:00:00,6.480,786.000,721.500,197.000,25.100
2021-05-09 13:00:00,7.080,763.000,767.900,158.000,26.100
2021-05-09 14:00:00,8.070,670.000,684.200,176.000,26.900
2021-05-09 15:00:00,8.520,562.000,678.800,139.000,27.200
2021-05-09 16:00:00,8.010,434.000,658.400,106.000,27.300
2021-05-09 17:00:00,7.940,287.000,593.500,76.000,26.900
2021-05-09 18:00:00,8.190,137.000,414.700,52.000,25.700
2021-05-09 19:00:00,8.790,26.000,140.300,15.000,24.000
2021-05-09 20:00:00,9.220,0.000,0.000,0.000,22.700
2021-05-09 21:00:00,9.410,0.000,0.000,0.000,21.700
2021-05-09 22:00:00,9.710,0.000,0.000,0.000,21.100
2021-05-09 23:00:00,9.600,0.000,0.000,0.000,20.300
2021-05-10 00:00:00,9.090,0.000,0.000,0.000,19.800
2021-05-10 01:00:00,9.280,0.000,0.000,0.000,19.000
2021-05-10 02:00:00,8.420,0.000,0.000,0.000,18.500
2021-05-10 03:00:00,6.570,0.000,0.000,0.000,17.900
2021-05-10 04:00:00,4.220,3.000,0.000,3.000,17.300
2021-05-10 05:00:00,4.180,56.000,176.800,34.000,17.700
2021-05-10 06:00:00,6.650,148.000,196.200,94.000,18.900
2021-05-10 07:00:00,5.320,286.000,410.800,112.000,20.700
2021-05-10 08:00:00,4.900,407.000,504.000,125.000,22.600
2021-05-10 09:00:00,5.600,598.000,651.600,159.000,23.700
2021-05-10 10:00:00,6.630,690.000,668.400,183.000,26.100
2021-05-10 11:00:00,7.570,659.000,523.500,236.000,24.300
2021-05-10 12:00:00,8.610,437.000,230.800,248.000,23.900
2021-05-10 13:00:00,7.210,621.000,528.800,203.000,24.200
2021-05-10 14:00:00,7.690,606.000,521.600,228.000,24.000
2021-05-10 15:00:00,6.820,334.000,137.400,248.000,22.700
2021-05-10 16:00:00,5.670,173.000,20.000,163.000,21.400
2021-05-10 17:00:00,5.100,128.000,25.100,119.000,20.600
2021-05-10 18:00:00,4.670,32.000,0.000,32.000,19.200
2021-05-10 19:00:00,4.520,22.000,25.000,20.000,18.600
2021-05-10 20:00:00,4.190,0.000,0.000,0.000,17.600
2021-05-10 21:00:00,3.050,0.000,0.000,0.000,16.500
2021-05-10 22:00:00,3.280,0.000,0.000,0.000,15.100
2021-05-10 23:00:00,2.010,0.000,0.000,0.000,14.600
2021-05-11 00:00:00,2.980,0.000,0.000,0.000,14.500
2021-05-11 01:00:00,5.170,0.000,0.000,0.000,14.300
2021-05-11 02:00:00,3.240,0.000,0.000,0.000,14.000
2021-05-11 03:00:00,3.930,0.000,0.000,0.000,13.800
2021-05-11 04:00:00,6.200,0.000,0.000,0.000,13.600
2021-05-11 05:00:00,6.260,10.000,7.800,9.000,13.200
2021-05-11 06:00:00,5.750,20.000,3.600,19.000,13.000
2021-05-11 07:00:00,4.600,158.000,114.800,109.000,13.000
2021-05-11 08:00:00,4.960,144.000,33.800,125.000,13.000
2021-05-11 09:00:00,5.190,197.000,59.100,157.000,13.300
2021-05-11 10:00:00,2.330,336.000,118.200,246.000,14.700
2021-05-11 11:00:00,3.860,394.000,90.100,321.000,15.700
2021-05-11 12:00:00,4.340,392.000,81.600,325.000,16.500
2021-05-11 13:00:00,2.790,317.000,27.700,295.000,16.800
2021-05-11 14:00:00,1.680,152.000,6.900,147.000,16.100
2021-05-11 15:00:00,3.520,207.000,42.900,180.000,16.000
2021-05-11 16:00:00,4.530,151.000,17.900,142.000,15.800
2021-05-11 17:00:00,3.980,68.000,2.800,67.000,15.200
2021-05-11 18:00:00,4.310,61.000,33.100,54.000,14.700
2021-05-11 19:00:00,4.670,4.000,0.000,4.000,14.000
2021-05-11 20:00:00,4.530,0.000,0.000,0.000,13.300
2021-05-11 21:00:00,4.320,0.000,0.000,0.000,12.700
2021-05-11 22:00:00,4.440,0.000,0.000,0.000,12.800
2021-05-11 23:00:00,4.610,0.000,0.000,0.000,12.300
2021-05-12 00:00:00,4.590,0.000,0.000,0.000,11.900
2021-05-12 01:00:00,4.850,0.000,0.000,0.000,11.800
2021-05-12 02:00:00,5.480,0.000,0.000,0.000,11.700
2021-05-12 03:00:00,5.950,0.000,0.000,0.000,11.600
2021-05-12 04:00:00,6.060,1.000,0.000,1.000,11.700
2021-05-12 05:00:00,6.380,16.000,0.000,16.000,11.800
2021-05-12 06:00:00,7.140,26.000,0.000,26.000,11.900
2021-05-12 07:00:00,6.400,44.000,0.000,44.000,11.800
2021-05-12 08:00:00,7.300,62.000,0.000,62.000,12.000
2021-05-12 09:00:00,6.960,100.000,0.000,100.000,12.200
2021-05-12 10:00:00,6.280,100.000,0.000,100.000,13.000
2021-05-12 11:00:00,5.820,183.000,4.900,179.000,13.600
2021-05-12 12:00:00,5.740,262.000,30.300,237.000,14.200
2021-05-12 13:00:00,5.240,234.000,7.500,228.000,14.900
2021-05-12 14:00:00,4.400,218.000,12.300,209.000,15.100
2021-05-12 15:00:00,3.040,170.000,3.200,168.000,15.200
2021-05-12 16:00:00,2.690,138.000,3.900,136.000,15.000
2021-05-12 17:00:00,2.330,95.000,0.000,95.000,14.600
2021-05-12 18:00:00,2.830,54.000,0.000,54.000,13.700
2021-05-12 19:00:00,3.800,8.000,0.000,8.000,12.900
2021-05-12 20:00:00,4.250,0.000,0.000,0.000,12.300
2021-05-12 21:00:00,4.390,0.000,0.000,0.000,11.600
2021-05-12 22:00:00,3.350,0.000,0.000,0.000,11.400
2021-05-12 23:00:00,2.820,0.000,0.000,0.000,11.100
2021-05-13 00:00:00,3.000,0.000,0.000,0.000,10.300
2021-05-13 01:00:00,3.180,0.000,0.000,0.000,9.900
2021-05-13 02:00:00,3.860,0.000,0.000,0.000,9.700
2021-05-13 03:00:00,4.300,0.000,0.000,0.000,9.500
2021-05-13 04:00:00,4.240,4.000,0.000,4.000,9.400
2021-05-13 05:00:00,3.860,44.000,7.400,43.000,9.600
2021-05-13 06:00:00,3.910,106.000,42.100,94.000,9.900
2021-05-13 07:00:00,3.890,130.000,27.700,118.000,10.500
2021-05-13 08:00:00,4.050,249.000,105.600,189.000,11.600
2021-05-13 09:00:00,3.820,420.000,236.100,259.000,12.600
2021-05-13 10:00:00,2.770,416.000,199.700,263.000,13.800
2021-05-13 11:00:00,3.410,557.000,279.600,329.000,14.800
2021-05-13 12:00:00,3.940,568.000,269.900,345.000,15.400
2021-05-13 13:00:00,4.210,516.000,196.700,359.000,15.500
2021-05-13 14:00:00,4.250,387.000,131.100,291.000,15.700
2021-05-13 15:00:00,3.880,267.000,63.100,227.000,15.600
2021-05-13 16:00:00,3.620,213.000,76.500,174.000,15.500
2021-05-13 17:00:00,3.260,136.000,27.200,126.000,15.100
2021-05-13 18:00:00,3.260,60.000,18.300,56.000,14.200
2021-05-13 19:00:00,3.060,16.000,11.800,15.000,13.000
2021-05-13 20:00:00,2.730,0.000,0.000,0.000,12.700
2021-05-13 21:00:00,2.920,0.000,0.000,0.000,11.500
2021-05-13 22:00:00,3.830,0.000,0.000,0.000,11.000
2021-05-13 23:00:00,4.800,0.000,0.000,0.000,10.800
2021-05-14 00:00:00,4.250,0.000,0.000,0.000,10.400
2021-05-14 01:00:00,4.140,0.000,0.000,0.000,10.100
2021-05-14 02:00:00,4.060,0.000,0.000,0.000,9.700
2021-05-14 03:00:00,4.030,0.000,0.000,0.000,9.500
2021-05-14 04:00:00,3.850,2.000,0.000,2.000,9.400
2021-05-14 05:00:00,4.440,15.000,0.000,15.000,9.200
2021-05-14 06:00:00,4.530,72.000,10.400,69.000,9.300
2021-05-14 07:00:00,4.590,80.000,4.600,78.000,9.600
2021-05-14 08:00:00,5.040,124.000,1.800,123.000,10.200
2021-05-14 09:00:00,5.100,245.000,39.400,218.000,11.200
2021-05-14 10:00:00,4.700,278.000,59.800,232.000,11.700
2021-05-14 11:00:00,4.650,548.000,267.800,329.000,13.200
2021-05-14 12:00:00,5.100,624.000,386.200,304.000,14.300
2021-05-14 13:00:00,5.580,376.000,158.700,249.000,14.300
2021-05-14 14:00:00,5.090,392.000,133.300,294.000,14.600
2021-05-14 15:00:00,4.970,352.000,168.000,245.000,14.800
2021-05-14 16:00:00,4.520,159.000,17.600,150.000,14.900
2021-05-14 17:00:00,3.760,122.000,67.400,97.000,14.800
2021-05-14 18:00:00,2.690,84.000,63.200,70.000,14.300
2021-05-14 19:00:00,2.060,31.000,138.900,19.000,12.400
2021-05-14 20:00:00,1.610,0.000,0.000,0.000,10.400
2021-05-14 21:00:00,1.000,0.000,0.000,0.000,9.300
2021-05-14 22:00:00,1.080,0.000,0.000,0.000,10.500
2021-05-14 23:00:00,0.710,0.000,0.000,0.000,9.100
2021-05-15 00:00:00,0.400,0.000,0.000,0.000,8.100
2021-05-15 01:00:00,1.170,0.000,0.000,0.000,7.600
2021-05-15 02:00:00,1.320,0.000,0.000,0.000,7.600
2021-05-15 03:00:00,1.440,0.000,0.000,0.000,7.300
2021-05-15 04:00:00,1.720,5.000,19.100,4.000,7.700
2021-05-15 05:00:00,2.020,68.000,204.800,39.000,8.600
2021-05-15 06:00:00,2.020,154.000,199.100,96.000,9.900
2021-05-15 07:00:00,2.210,308.000,396.700,134.000,11.100
2021-05-15 08:00:00,2.720,372.000,299.900,200.000,12.100
2021-05-15 09:00:00,2.860,440.000,396.000,168.000,12.800
2021-05-15 10:00:00,3.040,577.000,461.700,221.000,14.000
2021-05-15 11:00:00,3.630,529.000,448.700,161.000,13.800
2021-05-15 12:00:00,5.690,534.000,395.900,205.000,13.600
2021-05-15 13:00:00,6.900,397.000,175.600,256.000,12.400
2021-05-15 14:00:00,5.260,390.000,192.600,248.000,12.500
2021-05-15 15:00:00,5.300,342.000,234.600,192.000,13.500
2021-05-15 16:00:00,4.390,329.000,304.600,172.000,14.400
2021-05-15 17:00:00,3.790,192.000,160.400,132.000,13.300
2021-05-15 18:00:00,4.510,67.000,44.500,57.000,12.100
2021-05-15 19:00:00,4.880,31.000,68.200,25.000,11.300
2021-05-15 20:00:00,4.610,0.000,0.000,0.000,10.200
2021-05-15 21:00:00,5.320,0.000,0.000,0.000,9.700
2021-05-15 22:00:00,5.430,0.000,0.000,0.000,9.600
2021-05-15 23:00:00,5.910,0.000,0.000,0.000,9.500
2021-05-16 00:00:00,6.330,0.000,0.000,0.000,9.800
2021-05-16 01:00:00,5.920,0.000,0.000,0.000,9.400
2021-05-16 02:00:00,6.220,0.000,0.000,0.000,9.400
2021-05-16 03:00:00,6.460,0.000,0.000,0.000,9.200
2021-05-16 04:00:00,6.620,6.000,19.100,5.000,9.600
2021-05-16 05:00:00,6.330,57.000,124.300,39.000,9.900
2021-05-16 06:00:00,6.740,177.000,288.900,92.000,10.400
2021-05-16 07:00:00,8.080,269.000,348.900,115.000,11.100
2021-05-16 08:00:00,6.880,312.000,317.600,129.000,11.900
2021-05-16 09:00:00,5.970,446.000,343.800,209.000,13.100
2021-05-16 10:00:00,7.020,577.000,501.700,189.000,13.500
2021-05-16 11:00:00,6.920,699.000,621.300,188.000,14.000
2021-05-16 12:00:00,6.440,707.000,607.300,201.000,14.500
2021-05-16 13:00:00,5.580,682.000,557.700,233.000,15.100
2021-05-16 14:00:00,4.720,551.000,448.800,219.000,15.400
2021-05-16 15:00:00,4.560,354.000,277.300,176.000,14.700
2021-05-16 16:00:00,4.830,381.000,451.600,147.000,15.500
2021-05-16 17:00:00,4.210,251.000,419.200,93.000,15.600
2021-05-16 18:00:00,3.670,145.000,316.100,73.000,14.600
2021-05-16 19:00:00,2.790,31.000,123.000,20.000,12.500
2021-05-16 20:00:00,2.380,0.000,0.000,0.000,11.100
2021-05-16 21:00:00,2.420,0.000,0.000,0.000,10.600
2021-05-16 22:00:00,2.010,0.000,0.000,0.000,9.900
2021-05-16 23:00:00,2.250,0.000,0.000,0.000,9.800
2021-05-17 00:00:00,3.740,0.000,0.000,0.000,9.400
2021-05-17 01:00:00,4.820,0.000,0.000,0.000,8.900
2021-05-17 02:00:00,5.660,0.000,0.000,0.000,8.500
2021-05-17 03:00:00,6.240,0.000,0.000,0.000,8.100
2021-05-17 04:00:00,5.920,8.000,19.100,7.000,7.900
2021-05-17 05:00:00,5.330,74.000,223.200,41.000,8.900
2021-05-17 06:00:00,4.170,167.000,262.500,89.000,10.300
2021-05-17 07:00:00,4.180,311.000,416.700,126.000,11.300
2021-05-17 08:00:00,3.690,408.000,409.600,171.000,12.100
2021-05-17 09:00:00,3.190,423.000,279.000,230.000,12.900
2021-05-17 10:00:00,4.690,483.000,246.300,292.000,13.700
2021-05-17 11:00:00,3.620,633.000,409.900,295.000,14.200
2021-05-17 12:00:00,1.890,629.000,410.600,286.000,14.200
2021-05-17 13:00:00,5.800,646.000,531.400,217.000,14.900
2021-05-17 14:00:00,4.550,605.000,537.600,206.000,15.400
2021-05-17 15:00:00,4.050,459.000,358.500,228.000,15.300
2021-05-17 16:00:00,3.580,306.000,253.400,174.000,14.800
2021-05-17 17:00:00,3.060,171.000,129.000,122.000,13.600
2021-05-17 18:00:00,5.320,99.000,116.900,72.000,13.200
2021-05-17 19:00:00,4.270,29.000,55.000,24.000,12.000
2021-05-17 20:00:00,5.680,0.000,0.000,0.000,11.300
2021-05-17 21:00:00,6.480,0.000,0.000,0.000,11.000
2021-05-17 22:00:00,6.450,0.000,0.000,0.000,10.600
2021-05-17 23:00:00,7.020,0.000,0.000,0.000,10.700
2021-05-18 00:00:00,7.000,0.000,0.000,0.000,10.500
2021-05-18 01:00:00,6.750,0.000,0.000,0.000,10.400
2021-05-18 02:00:00,6.460,0.000,0.000,0.000,9.900
2021-05-18 03:00:00,5.840,0.000,0.000,0.000,9.500
2021-05-18 04:00:00,5.060,5.000,0.000,5.000,9.200
2021-05-18 05:00:00,4.610,38.000,0.000,38.000,9.400
2021-05-18 06:00:00,4.110,127.000,113.400,93.000,10.000
2021-05-18 07:00:00,3.550,179.000,118.700,126.000,10.700
2021-05-18 08:00:00,3.810,294.000,213.400,170.000,11.700
2021-05-18 09:00:00,4.150,346.000,230.600,186.000,12.200
2021-05-18 10:00:00,4.590,470.000,237.900,285.000,12.400
2021-05-18 11:00:00,4.020,551.000,333.900,275.000,13.100
2021-05-18 12:00:00,3.980,600.000,413.100,254.000,13.500
2021-05-18 13:00:00,3.610,524.000,313.800,270.000,14.000
2021-05-18 14:00:00,3.620,520.000,431.200,199.000,14.000
2021-05-18 15:00:00,3.220,465.000,435.900,183.000,14.000
2021-05-18 16:00:00,3.270,319.000,278.900,173.000,13.900
2021-05-18 17:00:00,3.000,179.000,125.500,131.000,12.700
2021-05-18 18:00:00,3.740,69.000,68.400,53.000,12.100
2021-05-18 19:00:00,4.250,32.000,97.400,23.000,11.200
2021-05-18 20:00:00,3.940,0.000,0.000,0.000,10.500
2021-05-18 21:00:00,4.390,0.000,0.000,0.000,10.000
2021-05-18 22:00:00,3.960,0.000,0.000,0.000,9.200
2021-05-18 23:00:00,4.000,0.000,0.000,0.000,8.700
2021-05-19 00:00:00,5.070,0.000,0.000,0.000,8.100
2021-05-19 01:00:00,5.060,0.000,0.000,0.000,7.900
2021-05-19 02:00:00,4.970,0.000,0.000,0.000,7.200
2021-05-19 03:00:00,4.460,0.000,0.000,0.000,6.300
2021-05-19 04:00:00,4.150,10.000,55.800,7.000,6.400
2021-05-19 05:00:00,3.570,91.000,305.700,44.000,7.600
2021-05-19 06:00:00,2.910,232.000,528.800,72.000,9.300
2021-05-19 07:00:00,3.320,367.000,576.800,108.000,10.900
2021-05-19 08:00:00,3.450,491.000,560.600,164.000,12.000
2021-05-19 09:00:00,3.850,599.000,600.500,181.000,12.900
2021-05-19 10:00:00,4.130,611.000,474.500,241.000,14.000
2021-05-19 11:00:00,3.910,651.000,504.400,233.000,14.400
2021-05-19 12:00:00,4.160,606.000,407.300,264.000,14.400
2021-05-19 13:00:00,4.880,644.000,506.400,233.000,14.600
2021-05-19 14:00:00,4.640,462.000,358.900,194.000,14.600
2021-05-19 15:00:00,3.950,505.000,451.300,212.000,14.200
2021-05-19 16:00:00,4.440,336.000,254.700,202.000,13.100
2021-05-19 17:00:00,4.380,184.000,109.000,142.000,12.000
2021-05-19 18:00:00,2.800,86.000,71.800,69.000,11.500
2021-05-19 19:00:00,4.260,33.000,42.700,29.000,10.700
2021-05-19 20:00:00,4.320,0.000,0.000,0.000,9.500
2021-05-19 21:00:00,4.600,0.000,0.000,0.000,9.400
2021-05-19 22:00:00,5.400,0.000,0.000,0.000,9.300
2021-05-19 23:00:00,5.150,0.000,0.000,0.000,8.900
2021-05-20 00:00:00,4.880,0.000,0.000,0.000,8.500
2021-05-20 01:00:00,5.100,0.000,0.000,0.000,7.600
2021-05-20 02:00:00,4.290,0.000,0.000,0.000,7.300
2021-05-20 03:00:00,4.480,0.000,0.000,0.000,6.800
2021-05-20 04:00:00,4.370,11.000,54.400,8.000,6.500
2021-05-20 05:00:00,3.910,89.000,287.500,44.000,7.200
2021-05-20 06:00:00,3.830,226.000,455.500,87.000,8.400
2021-05-20 07:00:00,4.010,330.000,398.700,150.000,10.000
2021-05-20 08:00:00,4.400,487.000,608.000,131.000,11.300
2021-05-20 09:00:00,4.800,563.000,597.300,146.000,12.600
2021-05-20 10:00:00,4.610,643.000,573.000,195.000,13.900
2021-05-20 11:00:00,4.650,592.000,379.200,277.000,14.300
2021-05-20 12:00:00,5.760,574.000,380.200,254.000,14.600
2021-05-20 13:00:00,6.260,624.000,535.900,188.000,15.000
2021-05-20 14:00:00,6.100,598.000,572.900,169.000,15.800
2021-05-20 15:00:00,5.940,446.000,394.400,189.000,16.100
2021-05-20 16:00:00,5.380,392.000,491.900,132.000,16.200
2021-05-20 17:00:00,5.030,222.000,268.000,118.000,15.800
2021-05-20 18:00:00,4.220,98.000,37.500,89.000,14.900
2021-05-20 19:00:00,3.910,27.000,0.000,27.000,13.700
2021-05-20 20:00:00,4.240,0.000,0.000,0.000,12.800
2021-05-20 21:00:00,5.320,0.000,0.000,0.000,12.500
2021-05-20 22:00:00,6.210,0.000,0.000,0.000,12.000
2021-05-20 23:00:00,7.320,0.000,0.000,0.000,12.000
2021-05-21 00:00:00,7.550,0.000,0.000,0.000,11.700
2021-05-21 01:00:00,7.810,0.000,0.000,0.000,11.300
2021-05-21 02:00:00,8.220,0.000,0.000,0.000,11.300
2021-05-21 03:00:00,8.600,0.000,0.000,0.000,11.200
2021-05-21 04:00:00,8.640,8.000,35.400,6.000,11.400
2021-05-21 05:00:00,8.360,50.000,100.500,34.000,11.900
2021-05-21 06:00:00,7.450,144.000,208.100,80.000,13.300
2021-05-21 07:00:00,7.650,336.000,489.300,114.000,14.700
2021-05-21 08:00:00,8.510,394.000,449.300,130.000,15.300
2021-05-21 09:00:00,8.890,421.000,378.500,156.000,14.800
2021-05-21 10:00:00,5.850,534.000,450.400,181.000,14.900
2021-05-21 11:00:00,6.460,633.000,535.700,187.000,15.600
2021-05-21 12:00:00,7.840,679.000,583.300,187.000,16.000
2021-05-21 13:00:00,7.530,678.000,610.600,180.000,16.600
2021-05-21 14:00:00,10.380,637.000,597.900,188.000,16.800
2021-05-21 15:00:00,10.340,563.000,637.700,146.000,16.600
2021-05-21 16:00:00,9.190,440.000,583.800,130.000,16.500
2021-05-21 17:00:00,7.570,232.000,284.100,121.000,15.400
2021-05-21 18:00:00,7.560,142.000,292.600,71.000,14.900
2021-05-21 19:00:00,7.380,44.000,206.500,24.000,13.700
2021-05-21 20:00:00,6.230,1.000,0.000,1.000,12.200
2021-05-21 21:00:00,6.570,0.000,0.000,0.000,11.200
2021-05-21 22:00:00,6.780,0.000,0.000,0.000,9.500
2021-05-21 23:00:00,7.930,0.000,0.000,0.000,9.500
2021-05-22 00:00:00,8.190,0.000,0.000,0.000,9.400
2021-05-22 01:00:00,8.810,0.000,0.000,0.000,9.600
2021-05-22 02:00:00,9.020,0.000,0.000,0.000,9.600
2021-05-22 03:00:00,9.440,0.000,0.000,0.000,9.500
2021-05-22 04:00:00,9.170,13.000,69.300,9.000,9.500
2021-05-22 05:00:00,9.350,102.000,346.100,46.000,10.300
2021-05-22 06:00:00,9.260,240.000,525.800,77.000,11.600
2021-05-22 07:00:00,13.690,354.000,458.400,145.000,12.400
2021-05-22 08:00:00,12.810,393.000,432.400,138.000,12.700
2021-05-22 09:00:00,13.160,479.000,471.400,148.000,12.400
2021-05-22 10:00:00,10.730,516.000,389.500,210.000,13.300
2021-05-22 11:00:00,11.920,287.000,25.200,266.000,11.900
2021-05-22 12:00:00,12.950,218.000,36.700,187.000,10.800
2021-05-22 13:00:00,11.930,243.000,24.500,223.000,11.000
2021-05-22 14:00:00,11.260,368.000,152.700,253.000,12.100
2021-05-22 15:00:00,12.070,381.000,288.100,192.000,11.700
2021-05-22 16:00:00,10.410,268.000,210.000,156.000,11.800
2021-05-22 17:00:00,9.630,198.000,185.600,125.000,12.400
2021-05-22 18:00:00,9.580,99.000,101.900,74.000,12.200
2021-05-22 19:00:00,9.700,41.000,170.300,24.000,11.700
2021-05-22 20:00:00,9.300,1.000,0.000,1.000,11.400
2021-05-22 21:00:00,8.680,0.000,0.000,0.000,10.900
2021-05-22 22:00:00,7.660,0.000,0.000,0.000,10.100
2021-05-22 23:00:00,7.110,0.000,0.000,0.000,9.800
2021-05-23 00:00:00,7.080,0.000,0.000,0.000,9.500
2021-05-23 01:00:00,6.620,0.000,0.000,0.000,9.400
2021-05-23 02:00:00,5.980,0.000,0.000,0.000,9.300
2021-05-23 03:00:00,5.700,0.000,0.000,0.000,8.900
2021-05-23 04:00:00,5.760,4.000,17.000,3.000,8.700
2021-05-23 05:00:00,5.700,37.000,48.700,29.000,9.000
2021-05-23 06:00:00,5.200,96.000,105.700,63.000,9.400
2021-05-23 07:00:00,4.690,153.000,91.700,111.000,10.100
2021-05-23 08:00:00,4.050,273.000,148.700,185.000,10.700
2021-05-23 09:00:00,4.160,436.000,254.300,257.000,11.800
2021-05-23 10:00:00,3.580,542.000,383.600,240.000,12.900
2021-05-23 11:00:00,5.490,376.000,162.600,240.000,12.100
2021-05-23 12:00:00,6.750,489.000,324.600,214.000,12.300
2021-05-23 13:00:00,7.430,583.000,428.300,232.000,13.300
2021-05-23 14:00:00,7.810,600.000,503.300,220.000,13.700
2021-05-23 15:00:00,7.540,539.000,595.500,147.000,14.400
2021-05-23 16:00:00,7.610,349.000,406.900,131.000,14.300
2021-05-23 17:00:00,5.900,194.000,192.000,118.000,14.200
2021-05-23 18:00:00,5.370,126.000,165.200,85.000,13.700
2021-05-23 19:00:00,5.330,57.000,233.700,33.000,12.300
2021-05-23 20:00:00,5.370,2.000,0.000,2.000,10.600
2021-05-23 21:00:00,5.640,0.000,0.000,0.000,9.800
2021-05-23 22:00:00,5.150,0.000,0.000,0.000,9.000
2021-05-23 23:00:00,5.740,0.000,0.000,0.000,8.600
2021-05-24 00:00:00,6.460,0.000,0.000,0.000,8.400
2021-05-24 01:00:00,7.110,0.000,0.000,0.000,8.200
2021-05-24 02:00:00,7.850,0.000,0.000,0.000,8.200
2021-05-24 03:00:00,7.720,0.000,0.000,0.000,8.100
2021-05-24 04:00:00,7.630,14.000,66.600,10.000,8.500
2021-05-24 05:00:00,8.010,101.000,324.000,47.000,10.100
2021-05-24 06:00:00,7.640,232.000,486.600,79.000,12.200
2021-05-24 07:00:00,7.070,385.000,626.000,97.000,14.500
2021-05-24 08:00:00,7.000,527.000,682.400,122.000,16.500
2021-05-24 09:00:00,7.020,671.000,776.500,123.000,18.000
2021-05-24 10:00:00,7.130,781.000,817.400,136.000,19.300
2021-05-24 11:00:00,7.400,749.000,681.500,178.000,19.800
2021-05-24 12:00:00,8.550,767.000,700.900,172.000,20.400
2021-05-24 13:00:00,7.940,576.000,382.300,262.000,20.300
2021-05-24 14:00:00,8.020,569.000,519.200,176.000,20.700
2021-05-24 15:00:00,7.580,553.000,631.500,136.000,20.900
2021-05-24 16:00:00,5.660,300.000,260.200,160.000,19.800
2021-05-24 17:00:00,6.710,165.000,97.900,126.000,17.600
2021-05-24 18:00:00,6.380,72.000,15.900,68.000,15.900
2021-05-24 19:00:00,4.780,20.000,0.000,20.000,14.600
2021-05-24 20:00:00,4.000,1.000,0.000,1.000,13.500
2021-05-24 21:00:00,3.610,0.000,0.000,0.000,12.800
2021-05-24 22:00:00,4.910,0.000,0.000,0.000,11.300
2021-05-24 23:00:00,5.760,0.000,0.000,0.000,11.200
2021-05-25 00:00:00,5.900,0.000,0.000,0.000,11.000
2021-05-25 01:00:00,7.120,0.000,0.000,0.000,10.800
2021-05-25 02:00:00,8.100,0.000,0.000,0.000,10.600
2021-05-25 03:00:00,7.920,0.000,0.000,0.000,10.200
2021-05-25 04:00:00,8.060,10.000,49.100,7.000,9.700
2021-05-25 05:00:00,8.280,81.000,189.500,49.000,9.800
2021-05-25 06:00:00,7.990,190.000,315.900,90.000,10.100
2021-05-25 07:00:00,7.720,259.000,285.700,127.000,10.700
2021-05-25 08:00:00,7.250,489.000,566.100,152.000,11.100
2021-05-25 09:00:00,6.840,599.000,534.400,221.000,11.800
2021-05-25 10:00:00,5.610,600.000,370.600,307.000,12.100
2021-05-25 11:00:00,6.590,657.000,394.300,326.000,12.600
2021-05-25 12:00:00,7.000,585.000,308.100,323.000,12.600
2021-05-25 13:00:00,6.590,507.000,188.300,352.000,11.600
2021-05-25 14:00:00,8.840,470.000,283.300,255.000,12.100
2021-05-25 15:00:00,10.500,399.000,308.000,195.000,11.200
2021-05-25 16:00:00,10.030,243.000,203.600,133.000,10.500
2021-05-25 17:00:00,7.790,151.000,64.900,125.000,10.600
2021-05-25 18:00:00,6.950,127.000,169.700,84.000,10.200
2021-05-25 19:00:00,7.360,35.000,64.700,28.000,9.800
2021-05-25 20:00:00,7.930,2.000,0.000,2.000,9.600
2021-05-25 21:00:00,8.270,0.000,0.000,0.000,9.400
2021-05-25 22:00:00,7.930,0.000,0.000,0.000,9.100
2021-05-25 23:00:00,7.980,0.000,0.000,0.000,9.000
2021-05-26 00:00:00,8.180,0.000,0.000,0.000,9.100
2021-05-26 01:00:00,8.680,0.000,0.000,0.000,9.100
2021-05-26 02:00:00,8.800,0.000,0.000,0.000,9.100
2021-05-26 03:00:00,8.180,0.000,0.000,0.000,9.000
2021-05-26 04:00:00,7.880,6.000,16.100,5.000,9.000
2021-05-26 05:00:00,8.640,34.000,35.100,28.000,9.200
2021-05-26 06:00:00,8.580,114.000,106.800,80.000,10.000
2021-05-26 07:00:00,7.500,234.000,267.400,110.000,10.500
2021-05-26 08:00:00,7.200,387.000,412.100,141.000,11.200
2021-05-26 09:00:00,6.870,539.000,505.000,181.000,12.100
2021-05-26 10:00:00,7.640,598.000,446.900,244.000,12.700
2021-05-26 11:00:00,6.940,715.000,624.200,190.000,13.200
2021-05-26 12:00:00,7.070,759.000,640.800,213.000,13.900
2021-05-26 13:00:00,8.020,760.000,717.900,168.000,14.300
2021-05-26 14:00:00,7.880,634.000,569.300,201.000,14.500
2021-05-26 15:00:00,7.740,542.000,558.500,171.000,14.000
2021-05-26 16:00:00,8.220,425.000,521.800,142.000,14.300
2021-05-26 17:00:00,7.840,273.000,451.600,91.000,13.300
2021-05-26 18:00:00,7.790,124.000,207.200,71.000,12.300
2021-05-26 19:00:00,8.020,44.000,153.400,27.000,11.500
2021-05-26 20:00:00,8.500,2.000,0.000,2.000,10.900
2021-05-26 21:00:00,8.860,0.000,0.000,0.000,10.500
2021-05-26 22:00:00,9.380,0.000,0.000,0.000,10.000
2021-05-26 23:00:00,9.480,0.000,0.000,0.000,10.000
2021-05-27 00:00:00,9.390,0.000,0.000,0.000,9.700
2021-05-27 01:00:00,9.350,0.000,0.000,0.000,9.600
2021-05-27 02:00:00,9.400,0.000,0.000,0.000,9.500
2021-05-27 03:00:00,9.960,0.000,0.000,0.000,9.300
2021-05-27 04:00:00,9.850,5.000,0.000,5.000,9.400
2021-05-27 05:00:00,10.220,54.000,98.200,37.000,9.500
2021-05-27 06:00:00,9.340,139.000,153.000,90.000,10.100
2021-05-27 07:00:00,9.120,94.000,12.900,88.000,10.700
2021-05-27 08:00:00,8.130,273.000,193.800,157.000,11.300
2021-05-27 09:00:00,8.620,220.000,69.000,171.000,11.400
2021-05-27 10:00:00,9.090,203.000,16.400,190.000,11.200
2021-05-27 11:00:00,6.820,258.000,33.200,230.000,11.000
2021-05-27 12:00:00,7.940,214.000,38.700,181.000,11.400
2021-05-27 13:00:00,7.370,310.000,72.600,250.000,12.200
2021-05-27 14:00:00,7.940,499.000,356.800,227.000,13.400
2021-05-27 15:00:00,8.300,302.000,169.600,189.000,12.400
2021-05-27 16:00:00,7.620,255.000,202.100,145.000,12.500
2021-05-27 17:00:00,6.810,197.000,269.000,88.000,12.300
2021-05-27 18:00:00,6.300,84.000,120.000,53.000,12.100
2021-05-27 19:00:00,6.270,42.000,132.300,27.000,11.900
2021-05-27 20:00:00,6.190,1.000,0.000,1.000,11.500
2021-05-27 21:00:00,5.940,0.000,0.000,0.000,11.000
2021-05-27 22:00:00,6.640,0.000,0.000,0.000,10.200
2021-05-27 23:00:00,6.190,0.000,0.000,0.000,9.800
2021-05-28 00:00:00,6.130,0.000,0.000,0.000,9.600
2021-05-28 01:00:00,5.940,0.000,0.000,0.000,9.300
2021-05-28 02:00:00,5.730,0.000,0.000,0.000,9.100
2021-05-28 03:00:00,5.780,0.000,0.000,0.000,9.000
2021-05-28 04:00:00,5.940,15.000,62.400,11.000,8.700
2021-05-28 05:00:00,5.640,106.000,325.700,49.000,9.100
2021-05-28 06:00:00,4.390,239.000,484.300,83.000,9.900
2021-05-28 07:00:00,4.120,394.000,610.200,109.000,11.000
2021-05-28 08:00:00,4.750,449.000,493.300,153.000,12.200
2021-05-28 09:00:00,5.820,512.000,432.700,204.000,13.200
2021-05-28 10:00:00,5.980,370.000,152.200,249.000,13.300
2021-05-28 11:00:00,6.160,487.000,234.600,289.000,14.300
2021-05-28 12:00:00,5.520,552.000,277.200,315.000,15.000
2021-05-28 13:00:00,5.020,549.000,314.100,289.000,15.500
2021-05-28 14:00:00,3.910,624.000,497.400,244.000,16.200
2021-05-28 15:00:00,4.670,507.000,477.500,188.000,16.100
2021-05-28 16:00:00,5.990,403.000,431.900,167.000,14.600
2021-05-28 17:00:00,3.810,204.000,235.600,108.000,13.400
2021-05-28 18:00:00,3.240,132.000,214.900,76.000,12.900
2021-05-28 19:00:00,3.940,47.000,120.900,33.000,12.200
2021-05-28 20:00:00,4.610,3.000,0.000,3.000,10.900
2021-05-28 21:00:00,5.350,0.000,0.000,0.000,10.500
2021-05-28 22:00:00,4.480,0.000,0.000,0.000,9.900
2021-05-28 23:00:00,4.380,0.000,0.000,0.000,9.200
2021-05-29 00:00:00,4.750,0.000,0.000,0.000,8.900
2021-05-29 01:00:00,4.920,0.000,0.000,0.000,8.100
2021-05-29 02:00:00,4.300,0.000,0.000,0.000,7.900
2021-05-29 03:00:00,3.720,0.000,0.000,0.000,8.000
2021-05-29 04:00:00,3.320,16.000,61.500,12.000,8.000
2021-05-29 05:00:00,2.470,72.000,152.700,45.000,8.400
2021-05-29 06:00:00,2.330,148.000,117.400,110.000,8.700
2021-05-29 07:00:00,2.690,181.000,68.300,149.000,8.700
2021-05-29 08:00:00,3.190,289.000,141.300,204.000,9.000
2021-05-29 09:00:00,3.380,301.000,57.500,260.000,9.500
2021-05-29 10:00:00,3.200,348.000,67.800,294.000,10.800
2021-05-29 11:00:00,3.480,384.000,89.900,308.000,11.400
2021-05-29 12:00:00,3.360,385.000,78.200,318.000,12.100
2021-05-29 13:00:00,3.160,433.000,103.700,347.000,13.200
2021-05-29 14:00:00,3.090,428.000,167.200,300.000,14.200
2021-05-29 15:00:00,3.100,353.000,167.200,241.000,15.200
2021-05-29 16:00:00,2.890,314.000,193.300,208.000,15.500
2021-05-29 17:00:00,2.470,217.000,222.200,126.000,15.700
2021-05-29 18:00:00,2.480,167.000,357.600,73.000,15.100
2021-05-29 19:00:00,3.890,66.000,270.600,34.000,13.300
2021-05-29 20:00:00,4.880,4.000,19.100,3.000,11.500
2021-05-29 21:00:00,5.320,0.000,0.000,0.000,10.400
2021-05-29 22:00:00,5.220,0.000,0.000,0.000,9.300
2021-05-29 23:00:00,4.730,0.000,0.000,0.000,8.400
2021-05-30 00:00:00,3.980,0.000,0.000,0.000,7.200
2021-05-30 01:00:00,3.450,0.000,0.000,0.000,6.300
2021-05-30 02:00:00,3.180,0.000,0.000,0.000,5.900
2021-05-30 03:00:00,2.880,0.000,0.000,0.000,5.300
2021-05-30 04:00:00,2.510,18.000,91.200,12.000,5.300
2021-05-30 05:00:00,2.160,111.000,347.300,49.000,7.300
2021-05-30 06:00:00,1.260,249.000,525.700,78.000,9.400
2021-05-30 07:00:00,1.140,386.000,600.000,104.000,11.700
2021-05-30 08:00:00,1.490,516.000,633.800,134.000,13.800
2021-05-30 09:00:00,1.770,617.000,677.500,133.000,15.300
2021-05-30 10:00:00,1.910,721.000,704.700,159.000,16.800
2021-05-30 11:00:00,2.300,760.000,700.600,167.000,18.000
2021-05-30 12:00:00,2.470,767.000,735.700,136.000,19.100
2021-05-30 13:00:00,3.220,758.000,723.500,157.000,20.300
2021-05-30 14:00:00,3.600,526.000,406.700,214.000,20.500
2021-05-30 15:00:00,3.540,367.000,280.000,179.000,20.600
2021-05-30 16:00:00,3.280,239.000,158.100,152.000,20.600
2021-05-30 17:00:00,3.300,150.000,99.600,109.000,20.300
2021-05-30 18:00:00,3.380,137.000,222.600,78.000,19.900
2021-05-30 19:00:00,4.030,50.000,149.200,32.000,18.000
2021-05-30 20:00:00,4.750,3.000,0.000,3.000,16.400
2021-05-30 21:00:00,5.390,0.000,0.000,0.000,14.600
2021-05-30 22:00:00,5.940,0.000,0.000,0.000,13.400
2021-05-30 23:00:00,5.960,0.000,0.000,0.000,12.300
2021-05-31 00:00:00,6.120,0.000,0.000,0.000,11.600
2021-05-31 01:00:00,5.930,0.000,0.000,0.000,10.700
2021-05-31 02:00:00,5.350,0.000,0.000,0.000,9.900
2021-05-31 03:00:00,5.430,0.000,0.000,0.000,9.300
2021-05-31 04:00:00,5.510,19.000,105.100,12.000,8.700
2021-05-31 05:00:00,4.730,116.000,372.000,49.000,9.900
2021-05-31 06:00:00,3.220,260.000,563.100,76.000,11.600
2021-05-31 07:00:00,2.720,419.000,689.600,94.000,13.500
2021-05-31 08:00:00,3.090,572.000,766.700,109.000,15.300
2021-05-31 09:00:00,3.490,702.000,813.300,120.000,16.800
2021-05-31 10:00:00,4.120,801.000,843.900,127.000,18.200
2021-05-31 11:00:00,4.200,859.000,858.900,131.000,19.200
2021-05-31 12:00:00,4.390,873.000,863.800,131.000,20.200
2021-05-31 13:00:00,4.300,839.000,852.100,130.000,20.900
2021-05-31 14:00:00,4.200,762.000,828.700,125.000,21.400
2021-05-31 15:00:00,3.910,648.000,790.200,116.000,21.700
2021-05-31 16:00:00,3.790,506.000,729.900,103.000,21.800
2021-05-31 17:00:00,3.450,351.000,638.300,87.000,21.600
2021-05-31 18:00:00,3.000,199.000,493.900,67.000,20.900
2021-05-31 19:00:00,3.100,71.000,292.900,35.000,18.900
2021-05-31 20:00:00,3.400,4.000,19.100,3.000,15.900
2021-05-31 21:00:00,3.700,0.000,0.000,0.000,13.600
2021-05-31 22:00:00,3.950,0.000,0.000,0.000,12.100
2021-05-31 23:00:00,4.030,0.000,0.000,0.000,10.800
2021-06-01 00:00:00,3.920,0.000,0.000,0.000,9.900
2021-06-01 01:00:00,3.810,0.000,0.000,0.000,8.900
2021-06-01 02:00:00,3.400,0.000,0.000,0.000,8.400
2021-06-01 03:00:00,2.750,0.000,0.000,0.000,8.600
2021-06-01 04:00:00,2.310,21.000,104.000,14.000,8.500
2021-06-01 05:00:00,2.120,115.000,352.400,51.000,10.500
2021-06-01 06:00:00,1.900,252.000,524.300,80.000,13.600
2021-06-01 07:00:00,1.020,375.000,482.500,147.000,16.900
2021-06-01 08:00:00,0.600,511.000,545.400,181.000,19.200
2021-06-01 09:00:00,0.600,631.000,587.500,210.000,20.700
2021-06-01 10:00:00,1.200,706.000,555.200,262.000,21.500
2021-06-01 11:00:00,1.490,730.000,480.700,322.000,22.300
2021-06-01 12:00:00,1.790,738.000,488.300,318.000,23.000
2021-06-01 13:00:00,1.660,714.000,491.900,304.000,23.600
2021-06-01 14:00:00,1.840,680.000,662.200,170.000,24.300
2021-06-01 15:00:00,2.360,554.000,524.500,200.000,24.400
2021-06-01 16:00:00,2.750,413.000,478.400,148.000,24.100
2021-06-01 17:00:00,3.470,271.000,353.700,124.000,23.800
2021-06-01 18:00:00,4.700,161.000,248.700,94.000,22.700
2021-06-01 19:00:00,6.020,55.000,63.900,47.000,21.000
2021-06-01 20:00:00,6.980,4.000,0.000,4.000,19.100
2021-06-01 21:00:00,6.990,0.000,0.000,0.000,17.500
2021-06-01 22:00:00,6.000,0.000,0.000,0.000,15.900
2021-06-01 23:00:00,5.500,0.000,0.000,0.000,15.400
2021-06-02 00:00:00,5.700,0.000,0.000,0.000,14.600
2021-06-02 01:00:00,6.110,0.000,0.000,0.000,13.800
2021-06-02 02:00:00,6.710,0.000,0.000,0.000,13.300
2021-06-02 03:00:00,6.940,0.000,0.000,0.000,12.800
2021-06-02 04:00:00,7.030,20.000,103.000,13.000,12.600
2021-06-02 05:00:00,7.020,96.000,262.300,48.000,13.100
2021-06-02 06:00:00,6.750,215.000,376.500,91.000,14.200
2021-06-02 07:00:00,5.720,301.000,411.700,106.000,15.600
2021-06-02 08:00:00,5.560,452.000,499.900,149.000,16.700
2021-06-02 09:00:00,5.460,542.000,494.700,187.000,18.000
2021-06-02 10:00:00,5.610,695.000,655.600,170.000,20.100
2021-06-02 11:00:00,5.280,756.000,690.700,169.000,21.700
2021-06-02 12:00:00,5.470,812.000,779.000,141.000,23.100
2021-06-02 13:00:00,5.760,793.000,788.300,135.000,24.200
2021-06-02 14:00:00,5.730,689.000,683.000,162.000,24.800
2021-06-02 15:00:00,5.460,594.000,691.800,126.000,25.200
2021-06-02 16:00:00,5.330,455.000,613.700,114.000,25.200
2021-06-02 17:00:00,5.720,309.000,493.400,103.000,24.600
2021-06-02 18:00:00,6.710,158.000,302.100,76.000,24.100
2021-06-02 19:00:00,7.880,68.000,235.600,38.000,23.000
2021-06-02 20:00:00,8.660,5.000,19.100,4.000,21.500
2021-06-02 21:00:00,8.780,0.000,0.000,0.000,20.200
2021-06-02 22:00:00,9.920,0.000,0.000,0.000,19.600
2021-06-02 23:00:00,9.730,0.000,0.000,0.000,18.800
2021-06-03 00:00:00,8.220,0.000,0.000,0.000,18.100
2021-06-03 01:00:00,7.800,0.000,0.000,0.000,17.200
2021-06-03 02:00:00,7.280,0.000,0.000,0.000,16.200
2021-06-03 03:00:00,6.450,0.000,0.000,0.000,15.400
2021-06-03 04:00:00,6.160,20.000,43.700,17.000,15.300
2021-06-03 05:00:00,6.160,106.000,238.700,62.000,16.600
2021-06-03 06:00:00,6.080,218.000,296.600,120.000,18.200
2021-06-03 07:00:00,4.960,371.000,497.200,135.000,20.200
2021-06-03 08:00:00,4.460,512.000,561.800,171.000,22.100
2021-06-03 09:00:00,4.220,607.000,541.300,218.000,23.400
2021-06-03 10:00:00,4.160,646.000,435.300,297.000,24.500
2021-06-03 11:00:00,4.700,625.000,276.200,390.000,25.000
2021-06-03 12:00:00,4.800,585.000,207.500,406.000,25.600
2021-06-03 13:00:00,4.080,493.000,156.700,362.000,25.500
2021-06-03 14:00:00,3.630,423.000,183.700,281.000,25.400
2021-06-03 15:00:00,4.100,375.000,141.600,279.000,24.700
2021-06-03 16:00:00,3.670,334.000,227.800,207.000,23.700
2021-06-03 17:00:00,2.040,177.000,69.100,148.000,22.700
2021-06-03 18:00:00,1.390,80.000,47.500,67.000,21.300
2021-06-03 19:00:00,4.880,33.000,54.100,26.000,20.300
2021-06-03 20:00:00,5.640,2.000,0.000,2.000,19.300
2021-06-03 21:00:00,5.380,0.000,0.000,0.000,18.500
2021-06-03 22:00:00,4.010,0.000,0.000,0.000,17.900
2021-06-03 23:00:00,2.310,0.000,0.000,0.000,17.700
2021-06-04 00:00:00,1.700,0.000,0.000,0.000,17.500
2021-06-04 01:00:00,1.430,0.000,0.000,0.000,17.300
2021-06-04 02:00:00,1.430,0.000,0.000,0.000,16.600
2021-06-04 03:00:00,2.110,0.000,0.000,0.000,16.000
2021-06-04 04:00:00,2.340,15.000,14.500,14.000,15.600
2021-06-04 05:00:00,2.160,68.000,80.900,53.000,16.700
2021-06-04 06:00:00,1.200,194.000,286.600,99.000,18.600
2021-06-04 07:00:00,0.610,380.000,574.000,107.000,20.000
2021-06-04 08:00:00,0.910,528.000,676.100,117.000,21.400
2021-06-04 09:00:00,0.850,664.000,750.600,124.000,22.600
2021-06-04 10:00:00,1.980,693.000,667.800,157.000,24.300
2021-06-04 11:00:00,1.350,638.000,574.100,149.000,25.100
2021-06-04 12:00:00,0.990,744.000,658.900,175.000,26.000
2021-06-04 13:00:00,0.780,696.000,641.500,159.000,26.400
2021-06-04 14:00:00,0.510,583.000,524.300,177.000,26.400
2021-06-04 15:00:00,0.540,453.000,388.500,189.000,26.600
2021-06-04 16:00:00,0.850,372.000,393.500,152.000,27.000
2021-06-04 17:00:00,0.450,223.000,235.000,124.000,26.900
2021-06-04 18:00:00,3.290,133.000,141.600,94.000,25.700
2021-06-04 19:00:00,5.500,31.000,15.200,29.000,23.900
2021-06-04 20:00:00,5.690,3.000,0.000,3.000,22.300
2021-06-04 21:00:00,3.620,0.000,0.000,0.000,21.000
2021-06-04 22:00:00,2.620,0.000,0.000,0.000,19.300
2021-06-04 23:00:00,2.100,0.000,0.000,0.000,18.600
2021-06-05 00:00:00,2.960,0.000,0.000,0.000,18.100
2021-06-05 01:00:00,4.830,0.000,0.000,0.000,17.400
2021-06-05 02:00:00,4.940,0.000,0.000,0.000,16.700
2021-06-05 03:00:00,4.370,0.000,0.000,0.000,16.000
2021-06-05 04:00:00,4.440,18.000,14.300,17.000,16.500
2021-06-05 05:00:00,4.200,79.000,64.300,67.000,17.500
2021-06-05 06:00:00,3.230,168.000,138.400,122.000,18.600
2021-06-05 07:00:00,2.180,291.000,333.700,132.000,19.700
2021-06-05 08:00:00,1.770,337.000,303.900,152.000,21.200
2021-06-05 09:00:00,1.520,507.000,347.100,257.000,22.500
2021-06-05 10:00:00,0.730,464.000,298.700,224.000,23.000
2021-06-05 11:00:00,0.140,468.000,188.800,307.000,23.500
2021-06-05 12:00:00,1.120,470.000,151.500,339.000,23.700
2021-06-05 13:00:00,1.710,439.000,120.500,338.000,23.100
2021-06-05 14:00:00,2.060,370.000,96.700,295.000,22.000
2021-06-05 15:00:00,3.040,193.000,19.100,180.000,20.200
2021-06-05 16:00:00,3.040,103.000,0.000,103.000,20.000
2021-06-05 17:00:00,2.560,60.000,0.000,60.000,19.700
2021-06-05 18:00:00,1.750,45.000,3.600,44.000,19.500
2021-06-05 19:00:00,2.470,21.000,0.000,21.000,19.000
2021-06-05 20:00:00,3.200,2.000,0.000,2.000,18.500
2021-06-05 21:00:00,2.910,0.000,0.000,0.000,18.200
2021-06-05 22:00:00,4.330,0.000,0.000,0.000,17.500
2021-06-05 23:00:00,3.800,0.000,0.000,0.000,17.600
2021-06-06 00:00:00,4.680,0.000,0.000,0.000,17.400
2021-06-06 01:00:00,5.350,0.000,0.000,0.000,17.100
2021-06-06 02:00:00,5.330,0.000,0.000,0.000,16.900
2021-06-06 03:00:00,5.610,0.000,0.000,0.000,16.700
2021-06-06 04:00:00,5.950,4.000,0.000,4.000,16.400
2021-06-06 05:00:00,6.420,15.000,0.000,15.000,16.100
2021-06-06 06:00:00,6.360,31.000,0.000,31.000,15.800
2021-06-06 07:00:00,5.420,130.000,21.000,120.000,15.800
2021-06-06 08:00:00,3.620,92.000,0.000,92.000,15.600
2021-06-06 09:00:00,2.660,106.000,0.000,106.000,15.700
2021-06-06 10:00:00,3.980,112.000,1.200,111.000,16.600
2021-06-06 11:00:00,4.530,165.000,12.900,154.000,16.700
2021-06-06 12:00:00,4.790,187.000,34.700,157.000,17.100
2021-06-06 13:00:00,4.880,176.000,19.100,160.000,17.400
2021-06-06 14:00:00,4.390,161.000,19.300,146.000,17.500
2021-06-06 15:00:00,4.430,176.000,14.700,166.000,17.700
2021-06-06 16:00:00,4.680,129.000,32.000,111.000,17.500
2021-06-06 17:00:00,4.570,80.000,35.300,65.000,17.300
2021-06-06 18:00:00,3.940,44.000,17.900,39.000,17.000
2021-06-06 19:00:00,3.710,27.000,0.000,27.000,16.900
2021-06-06 20:00:00,3.850,3.000,0.000,3.000,16.600
2021-06-06 21:00:00,3.880,0.000,0.000,0.000,16.300
2021-06-06 22:00:00,4.040,0.000,0.000,0.000,16.200
2021-06-06 23:00:00,3.470,0.000,0.000,0.000,15.900
2021-06-07 00:00:00,3.400,0.000,0.000,0.000,15.600
2021-06-07 01:00:00,3.410,0.000,0.000,0.000,15.100
2021-06-07 02:00:00,3.310,0.000,0.000,0.000,14.700
2021-06-07 03:00:00,3.320,0.000,0.000,0.000,14.400
2021-06-07 04:00:00,3.320,13.000,42.500,10.000,14.200
2021-06-07 05:00:00,3.230,64.000,122.100,41.000,14.400
2021-06-07 06:00:00,3.770,168.000,224.500,93.000,14.900
2021-06-07 07:00:00,3.680,229.000,154.800,155.000,15.700
2021-06-07 08:00:00,3.400,209.000,54.100,176.000,16.600
2021-06-07 09:00:00,2.910,296.000,41.600,266.000,17.500
2021-06-07 10:00:00,2.800,381.000,78.300,318.000,17.400
2021-06-07 11:00:00,2.280,376.000,70.200,316.000,17.800
2021-06-07 12:00:00,2.920,358.000,76.200,292.000,18.300
2021-06-07 13:00:00,3.710,303.000,22.600,284.000,18.600
2021-06-07 14:00:00,3.830,235.000,11.600,226.000,18.700
2021-06-07 15:00:00,3.280,258.000,81.900,202.000,18.900
2021-06-07 16:00:00,2.940,178.000,46.100,152.000,18.800
2021-06-07 17:00:00,3.060,111.000,30.500,98.000,18.500
2021-06-07 18:00:00,3.190,105.000,85.500,81.000,18.200
2021-06-07 19:00:00,2.690,21.000,21.900,18.000,17.700
2021-06-07 20:00:00,2.840,2.000,0.000,2.000,16.900
2021-06-07 21:00:00,3.120,0.000,0.000,0.000,16.300
2021-06-07 22:00:00,3.560,0.000,0.000,0.000,15.900
2021-06-07 23:00:00,2.920,0.000,0.000,0.000,15.700
2021-06-08 00:00:00,2.480,0.000,0.000,0.000,15.500
2021-06-08 01:00:00,2.640,0.000,0.000,0.000,15.300
2021-06-08 02:00:00,2.940,0.000,0.000,0.000,15.500
2021-06-08 03:00:00,3.470,0.000,0.000,0.000,15.300
2021-06-08 04:00:00,3.760,14.000,56.400,10.000,15.200
2021-06-08 05:00:00,3.220,80.000,158.500,50.000,15.600
2021-06-08 06:00:00,2.500,165.000,212.100,94.000,16.400
2021-06-08 07:00:00,1.940,260.000,246.600,142.000,17.800
2021-06-08 08:00:00,1.840,334.000,209.600,206.000,18.900
2021-06-08 09:00:00,1.910,362.000,159.300,247.000,19.900
2021-06-08 10:00:00,1.340,358.000,129.100,254.000,20.700
2021-06-08 11:00:00,1.650,516.000,335.700,229.000,21.500
2021-06-08 12:00:00,1.620,480.000,290.600,228.000,22.200
2021-06-08 13:00:00,1.700,479.000,331.600,200.000,22.600
2021-06-08 14:00:00,1.940,486.000,327.300,231.000,22.800
2021-06-08 15:00:00,1.970,435.000,394.200,165.000,23.000
2021-06-08 16:00:00,2.250,342.000,399.900,116.000,22.900
2021-06-08 17:00:00,2.720,203.000,212.700,112.000,22.500
2021-06-08 18:00:00,2.930,147.000,304.500,61.000,22.100
2021-06-08 19:00:00,3.700,53.000,129.700,35.000,21.000
2021-06-08 20:00:00,4.490,5.000,19.100,4.000,19.600
2021-06-08 21:00:00,5.230,0.000,0.000,0.000,18.500
2021-06-08 22:00:00,6.430,0.000,0.000,0.000,17.600
2021-06-08 23:00:00,6.100,0.000,0.000,0.000,17.100
2021-06-09 00:00:00,6.080,0.000,0.000,0.000,16.500
2021-06-09 01:00:00,5.700,0.000,0.000,0.000,15.400
2021-06-09 02:00:00,5.220,0.000,0.000,0.000,14.900
2021-06-09 03:00:00,4.940,0.000,0.000,0.000,14.300
2021-06-09 04:00:00,4.760,17.000,56.100,13.000,14.400
2021-06-09 05:00:00,4.330,89.000,221.100,47.000,15.700
2021-06-09 06:00:00,3.970,208.000,396.600,75.000,17.900
2021-06-09 07:00:00,2.940,244.000,294.400,103.000,19.400
2021-06-09 08:00:00,2.620,385.000,366.600,161.000,21.200
2021-06-09 09:00:00,2.270,485.000,441.400,166.000,22.500
2021-06-09 10:00:00,1.750,642.000,562.000,189.000,23.000
2021-06-09 11:00:00,1.880,704.000,653.400,145.000,23.700
2021-06-09 12:00:00,2.200,771.000,686.700,175.000,24.400
2021-06-09 13:00:00,1.920,652.000,590.200,155.000,24.600
2021-06-09 14:00:00,1.360,592.000,574.200,144.000,24.900
2021-06-09 15:00:00,0.710,428.000,419.700,140.000,24.800
2021-06-09 16:00:00,0.360,365.000,370.700,155.000,25.100
2021-06-09 17:00:00,0.580,268.000,368.100,110.000,24.500
2021-06-09 18:00:00,1.300,144.000,211.300,84.000,23.200
2021-06-09 19:00:00,1.700,55.000,106.800,40.000,21.600
2021-06-09 20:00:00,2.060,6.000,19.100,5.000,19.500
2021-06-09 21:00:00,2.650,0.000,0.000,0.000,17.700
2021-06-09 22:00:00,0.940,0.000,0.000,0.000,16.600
2021-06-09 23:00:00,0.820,0.000,0.000,0.000,16.000
2021-06-10 00:00:00,1.420,0.000,0.000,0.000,15.500
2021-06-10 01:00:00,2.000,0.000,0.000,0.000,14.700
2021-06-10 02:00:00,1.630,0.000,0.000,0.000,13.900
2021-06-10 03:00:00,1.140,0.000,0.000,0.000,13.500
2021-06-10 04:00:00,1.140,24.000,125.700,15.000,14.000
2021-06-10 05:00:00,1.870,113.000,320.200,52.000,16.100
2021-06-10 06:00:00,2.200,227.000,348.400,110.000,18.400
2021-06-10 07:00:00,1.630,351.000,408.800,155.000,20.600
2021-06-10 08:00:00,1.940,475.000,484.000,179.000,22.200
2021-06-10 09:00:00,2.810,635.000,619.600,187.000,23.400
2021-06-10 10:00:00,3.510,675.000,523.300,253.000,24.500
2021-06-10 11:00:00,4.100,692.000,477.800,283.000,24.600
2021-06-10 12:00:00,4.320,658.000,394.900,315.000,25.000
2021-06-10 13:00:00,4.430,698.000,462.600,308.000,25.400
2021-06-10 14:00:00,4.030,572.000,428.900,237.000,25.500
2021-06-10 15:00:00,3.800,551.000,458.300,236.000,25.700
2021-06-10 16:00:00,3.490,455.000,542.500,147.000,25.800
2021-06-10 17:00:00,3.230,342.000,564.200,99.000,25.500
2021-06-10 18:00:00,3.980,202.000,462.400,70.000,24.400
2021-06-10 19:00:00,4.250,81.000,288.800,40.000,22.500
2021-06-10 20:00:00,4.530,8.000,38.200,6.000,19.200
2021-06-10 21:00:00,5.090,0.000,0.000,0.000,17.300
2021-06-10 22:00:00,4.660,0.000,0.000,0.000,16.000
2021-06-10 23:00:00,4.500,0.000,0.000,0.000,14.800
2021-06-11 00:00:00,4.200,0.000,0.000,0.000,13.800
2021-06-11 01:00:00,3.000,0.000,0.000,0.000,13.300
2021-06-11 02:00:00,1.810,0.000,0.000,0.000,13.800
2021-06-11 03:00:00,0.950,0.000,0.000,0.000,13.500
2021-06-11 04:00:00,0.220,25.000,139.200,15.000,12.900
2021-06-11 05:00:00,1.300,117.000,340.300,52.000,15.200
2021-06-11 06:00:00,1.880,252.000,520.400,77.000,18.300
2021-06-11 07:00:00,1.280,389.000,569.000,116.000,20.900
2021-06-11 08:00:00,1.700,540.000,691.400,117.000,22.800
2021-06-11 09:00:00,2.900,657.000,718.800,137.000,24.100
2021-06-11 10:00:00,3.300,719.000,689.100,163.000,24.700
2021-06-11 11:00:00,4.510,779.000,757.600,130.000,25.400
2021-06-11 12:00:00,5.210,627.000,485.500,205.000,25.800
2021-06-11 13:00:00,5.120,593.000,405.300,251.000,26.100
2021-06-11 14:00:00,5.150,527.000,390.000,222.000,26.500
2021-06-11 15:00:00,5.380,395.000,222.300,242.000,26.200
2021-06-11 16:00:00,5.320,330.000,260.100,182.000,25.900
2021-06-11 17:00:00,4.660,271.000,347.200,121.000,25.300
2021-06-11 18:00:00,4.020,145.000,205.700,86.000,24.300
2021-06-11 19:00:00,4.440,61.000,188.200,34.000,23.100
2021-06-11 20:00:00,5.140,6.000,19.100,5.000,21.300
2021-06-11 21:00:00,5.750,0.000,0.000,0.000,20.300
2021-06-11 22:00:00,4.610,0.000,0.000,0.000,19.200
2021-06-11 23:00:00,2.460,0.000,0.000,0.000,18.100
2021-06-12 00:00:00,2.320,0.000,0.000,0.000,17.300
2021-06-12 01:00:00,4.930,0.000,0.000,0.000,17.300
2021-06-12 02:00:00,5.610,0.000,0.000,0.000,17.300
2021-06-12 03:00:00,5.910,0.000,0.000,0.000,17.500
2021-06-12 04:00:00,5.740,15.000,13.900,14.000,17.400
2021-06-12 05:00:00,6.110,43.000,26.100,38.000,17.700
2021-06-12 06:00:00,6.040,111.000,35.700,99.000,18.400
2021-06-12 07:00:00,6.180,185.000,133.300,121.000,18.600
2021-06-12 08:00:00,7.320,166.000,58.800,130.000,18.800
2021-06-12 09:00:00,8.810,276.000,92.600,209.000,19.300
2021-06-12 10:00:00,7.940,391.000,231.700,204.000,19.800
2021-06-12 11:00:00,9.300,320.000,142.300,198.000,19.700
2021-06-12 12:00:00,9.950,708.000,556.500,224.000,20.700
2021-06-12 13:00:00,9.400,657.000,510.400,226.000,20.900
2021-06-12 14:00:00,9.240,656.000,591.400,193.000,21.000
2021-06-12 15:00:00,9.240,531.000,468.600,208.000,20.800
2021-06-12 16:00:00,9.740,414.000,443.800,161.000,20.000
2021-06-12 17:00:00,10.020,278.000,330.100,135.000,19.100
2021-06-12 18:00:00,9.710,172.000,315.800,81.000,17.900
2021-06-12 19:00:00,9.490,77.000,241.800,42.000,16.700
2021-06-12 20:00:00,8.840,7.000,19.100,6.000,15.600
2021-06-12 21:00:00,8.310,0.000,0.000,0.000,14.200
2021-06-12 22:00:00,6.740,0.000,0.000,0.000,13.100
2021-06-12 23:00:00,7.020,0.000,0.000,0.000,12.300
2021-06-13 00:00:00,6.720,0.000,0.000,0.000,11.600
2021-06-13 01:00:00,6.660,0.000,0.000,0.000,10.800
2021-06-13 02:00:00,6.530,0.000,0.000,0.000,10.200
2021-06-13 03:00:00,6.200,0.000,0.000,0.000,10.000
2021-06-13 04:00:00,6.140,17.000,69.300,12.000,10.200
2021-06-13 05:00:00,5.920,66.000,135.600,40.000,11.300
2021-06-13 06:00:00,6.180,179.000,255.300,93.000,12.600
2021-06-13 07:00:00,7.070,299.000,370.600,121.000,14.000
2021-06-13 08:00:00,6.810,358.000,323.400,160.000,15.100
2021-06-13 09:00:00,6.690,322.000,142.300,219.000,15.600
2021-06-13 10:00:00,5.920,400.000,118.900,304.000,16.600
2021-06-13 11:00:00,6.160,404.000,92.100,325.000,17.300
2021-06-13 12:00:00,5.800,396.000,159.700,257.000,18.200
2021-06-13 13:00:00,5.500,539.000,258.000,321.000,18.900
2021-06-13 14:00:00,5.260,634.000,473.400,263.000,20.000
2021-06-13 15:00:00,5.060,529.000,411.400,245.000,20.400
2021-06-13 16:00:00,4.560,478.000,598.800,136.000,20.700
2021-06-13 17:00:00,4.180,342.000,547.900,104.000,20.700
2021-06-13 18:00:00,3.680,197.000,425.000,74.000,20.200
2021-06-13 19:00:00,3.520,84.000,294.500,41.000,18.600
2021-06-13 20:00:00,3.570,9.000,38.200,7.000,15.800
2021-06-13 21:00:00,3.400,0.000,0.000,0.000,13.900
2021-06-13 22:00:00,3.130,0.000,0.000,0.000,12.100
2021-06-13 23:00:00,2.390,0.000,0.000,0.000,11.100
2021-06-14 00:00:00,2.240,0.000,0.000,0.000,10.400
2021-06-14 01:00:00,2.830,0.000,0.000,0.000,9.700
2021-06-14 02:00:00,3.850,0.000,0.000,0.000,9.600
2021-06-14 03:00:00,4.590,0.000,0.000,0.000,9.400
2021-06-14 04:00:00,4.840,26.000,138.300,16.000,10.300
2021-06-14 05:00:00,4.500,122.000,369.800,51.000,13.300
2021-06-14 06:00:00,3.280,259.000,537.100,78.000,16.300
2021-06-14 07:00:00,2.620,409.000,649.500,97.000,18.700
2021-06-14 08:00:00,3.350,556.000,725.000,112.000,20.500
2021-06-14 09:00:00,3.930,684.000,774.800,123.000,21.600
2021-06-14 10:00:00,3.920,782.000,807.200,130.000,22.800
2021-06-14 11:00:00,3.980,842.000,824.200,135.000,24.000
2021-06-14 12:00:00,3.910,857.000,829.200,135.000,25.100
2021-06-14 13:00:00,3.750,827.000,820.600,133.000,25.900
2021-06-14 14:00:00,3.640,755.000,800.600,127.000,26.500
2021-06-14 15:00:00,3.440,646.000,762.600,119.000,26.800
2021-06-14 16:00:00,3.290,506.000,690.500,111.000,26.900
2021-06-14 17:00:00,2.970,341.000,519.000,115.000,26.600
2021-06-14 18:00:00,2.660,186.000,299.500,99.000,25.800
2021-06-14 19:00:00,2.510,80.000,217.500,48.000,23.800
2021-06-14 20:00:00,2.500,9.000,38.200,7.000,20.600
2021-06-14 21:00:00,2.560,0.000,0.000,0.000,19.300
2021-06-14 22:00:00,3.860,0.000,0.000,0.000,17.900
2021-06-14 23:00:00,5.440,0.000,0.000,0.000,17.100
2021-06-15 00:00:00,5.790,0.000,0.000,0.000,16.700
2021-06-15 01:00:00,5.150,0.000,0.000,0.000,15.700
2021-06-15 02:00:00,4.790,0.000,0.000,0.000,15.000
2021-06-15 03:00:00,4.610,0.000,0.000,0.000,14.600
2021-06-15 04:00:00,4.210,20.000,27.600,18.000,14.600
2021-06-15 05:00:00,3.580,74.000,36.400,67.000,15.200
2021-06-15 06:00:00,3.050,178.000,163.200,123.000,16.200
2021-06-15 07:00:00,3.020,275.000,258.100,151.000,16.900
2021-06-15 08:00:00,3.180,337.000,217.200,204.000,17.500
2021-06-15 09:00:00,3.320,397.000,165.700,277.000,18.100
2021-06-15 10:00:00,2.640,563.000,345.300,284.000,19.400
2021-06-15 11:00:00,2.660,638.000,510.500,200.000,20.300
2021-06-15 12:00:00,2.840,672.000,512.000,226.000,21.300
2021-06-15 13:00:00,3.050,611.000,434.900,243.000,21.800
2021-06-15 14:00:00,3.200,471.000,393.600,162.000,21.900
2021-06-15 15:00:00,2.720,380.000,306.400,168.000,22.000
2021-06-15 16:00:00,2.440,256.000,219.900,130.000,21.900
2021-06-15 17:00:00,2.500,236.000,279.600,114.000,21.900
2021-06-15 18:00:00,2.860,168.000,329.300,72.000,21.300
2021-06-15 19:00:00,3.450,80.000,195.700,51.000,19.600
2021-06-15 20:00:00,4.150,9.000,19.100,8.000,17.500
2021-06-15 21:00:00,5.020,0.000,0.000,0.000,16.100
2021-06-15 22:00:00,5.590,0.000,0.000,0.000,15.300
2021-06-15 23:00:00,5.720,0.000,0.000,0.000,14.000
2021-06-16 00:00:00,5.590,0.000,0.000,0.000,12.700
2021-06-16 01:00:00,5.350,0.000,0.000,0.000,11.700
2021-06-16 02:00:00,5.410,0.000,0.000,0.000,11.000
2021-06-16 03:00:00,5.400,0.000,0.000,0.000,10.800
2021-06-16 04:00:00,5.170,26.000,138.100,16.000,11.200
2021-06-16 05:00:00,4.490,123.000,369.500,52.000,13.600
2021-06-16 06:00:00,3.130,259.000,537.000,78.000,16.300
2021-06-16 07:00:00,2.850,401.000,618.200,104.000,18.500
2021-06-16 08:00:00,3.050,541.000,690.700,118.000,20.800
2021-06-16 09:00:00,3.360,667.000,740.100,131.000,22.700
2021-06-16 10:00:00,4.030,765.000,780.900,134.000,24.300
2021-06-16 11:00:00,3.910,809.000,769.000,149.000,25.700
2021-06-16 12:00:00,3.820,748.000,641.500,189.000,26.700
2021-06-16 13:00:00,4.060,722.000,649.600,172.000,27.600
2021-06-16 14:00:00,4.060,607.000,543.500,180.000,28.100
2021-06-16 15:00:00,4.050,506.000,528.500,140.000,28.300
2021-06-16 16:00:00,4.000,356.000,376.500,140.000,28.100
2021-06-16 17:00:00,4.130,215.000,274.400,95.000,27.600
2021-06-16 18:00:00,5.290,136.000,270.200,57.000,27.000
2021-06-16 19:00:00,6.580,68.000,194.500,39.000,25.900
2021-06-16 20:00:00,7.740,9.000,38.200,7.000,24.200
2021-06-16 21:00:00,7.960,0.000,0.000,0.000,22.800
2021-06-16 22:00:00,8.490,0.000,0.000,0.000,22.100
2021-06-16 23:00:00,8.210,0.000,0.000,0.000,21.500
2021-06-17 00:00:00,7.840,0.000,0.000,0.000,20.600
2021-06-17 01:00:00,7.840,0.000,0.000,0.000,19.800
2021-06-17 02:00:00,7.470,0.000,0.000,0.000,19.400
2021-06-17 03:00:00,6.080,0.000,0.000,0.000,18.500
2021-06-17 04:00:00,6.010,25.000,124.300,16.000,18.700
2021-06-17 05:00:00,5.020,119.000,354.000,51.000,20.400
2021-06-17 06:00:00,4.270,254.000,525.300,77.000,22.600
2021-06-17 07:00:00,3.720,399.000,630.900,96.000,25.000
2021-06-17 08:00:00,3.670,544.000,705.500,112.000,27.400
2021-06-17 09:00:00,3.730,674.000,763.700,121.000,29.300
2021-06-17 10:00:00,4.130,773.000,797.000,129.000,31.200
2021-06-17 11:00:00,5.240,816.000,795.700,133.000,32.200
2021-06-17 12:00:00,5.630,836.000,801.900,137.000,32.900
2021-06-17 13:00:00,5.650,810.000,795.700,136.000,33.300
2021-06-17 14:00:00,5.730,733.000,765.800,131.000,33.600
2021-06-17 15:00:00,5.600,627.000,722.800,126.000,33.600
2021-06-17 16:00:00,5.660,495.000,680.700,104.000,33.300
2021-06-17 17:00:00,4.980,330.000,541.100,93.000,32.900
2021-06-17 18:00:00,5.200,209.000,474.000,70.000,31.900
2021-06-17 19:00:00,6.370,87.000,306.800,41.000,29.900
2021-06-17 20:00:00,7.010,10.000,57.000,7.000,27.200
2021-06-17 21:00:00,7.040,0.000,0.000,0.000,25.100
2021-06-17 22:00:00,6.530,0.000,0.000,0.000,23.900
2021-06-17 23:00:00,6.080,0.000,0.000,0.000,23.000
2021-06-18 00:00:00,5.030,0.000,0.000,0.000,22.100
2021-06-18 01:00:00,3.720,0.000,0.000,0.000,20.700
2021-06-18 02:00:00,2.110,0.000,0.000,0.000,19.600
2021-06-18 03:00:00,1.580,0.000,0.000,0.000,19.700
2021-06-18 04:00:00,2.280,25.000,138.300,15.000,19.600
2021-06-18 05:00:00,2.100,119.000,359.400,50.000,21.100
2021-06-18 06:00:00,1.550,253.000,525.600,76.000,23.300
2021-06-18 07:00:00,1.650,397.000,627.000,96.000,25.500
2021-06-18 08:00:00,1.320,537.000,694.200,112.000,27.800
2021-06-18 09:00:00,0.920,641.000,698.900,135.000,29.600
2021-06-18 10:00:00,0.980,745.000,761.100,130.000,31.000
2021-06-18 11:00:00,1.170,807.000,780.500,137.000,32.100
2021-06-18 12:00:00,1.630,787.000,715.700,163.000,32.900
2021-06-18 13:00:00,2.260,687.000,658.500,129.000,33.400
2021-06-18 14:00:00,2.450,615.000,602.600,141.000,33.900
2021-06-18 15:00:00,0.940,515.000,546.300,136.000,32.700
2021-06-18 16:00:00,0.730,340.000,389.500,116.000,31.400
2021-06-18 17:00:00,0.610,228.000,330.500,83.000,30.300
2021-06-18 18:00:00,0.980,150.000,306.200,60.000,29.500
2021-06-18 19:00:00,0.860,82.000,272.200,41.000,28.400
2021-06-18 20:00:00,0.810,8.000,37.800,6.000,27.200
2021-06-18 21:00:00,3.280,0.000,0.000,0.000,25.500
2021-06-18 22:00:00,3.850,0.000,0.000,0.000,24.200
2021-06-18 23:00:00,2.690,0.000,0.000,0.000,23.100
2021-06-19 00:00:00,3.510,0.000,0.000,0.000,23.900
2021-06-19 01:00:00,5.640,0.000,0.000,0.000,22.600
2021-06-19 02:00:00,6.240,0.000,0.000,0.000,21.900
2021-06-19 03:00:00,6.070,0.000,0.000,0.000,21.700
2021-06-19 04:00:00,6.590,23.000,97.000,16.000,22.000
2021-06-19 05:00:00,7.560,114.000,323.400,52.000,23.400
2021-06-19 06:00:00,6.500,244.000,481.500,82.000,24.900
2021-06-19 07:00:00,6.330,298.000,354.300,128.000,25.900
2021-06-19 08:00:00,5.000,528.000,671.700,117.000,26.600
2021-06-19 09:00:00,5.030,663.000,743.300,125.000,27.300
2021-06-19 10:00:00,5.340,764.000,786.000,129.000,28.200
2021-06-19 11:00:00,4.240,825.000,807.300,132.000,29.000
2021-06-19 12:00:00,3.500,845.000,815.400,134.000,29.800
2021-06-19 13:00:00,2.720,821.000,815.200,130.000,30.600
2021-06-19 14:00:00,1.960,757.000,803.100,125.000,31.100
2021-06-19 15:00:00,2.100,645.000,754.800,121.000,31.200
2021-06-19 16:00:00,2.120,501.000,674.000,113.000,30.800
2021-06-19 17:00:00,1.820,352.000,573.600,100.000,30.200
2021-06-19 18:00:00,1.400,182.000,315.700,89.000,29.700
2021-06-19 19:00:00,1.820,85.000,284.200,42.000,28.500
2021-06-19 20:00:00,4.390,10.000,37.500,8.000,24.800
2021-06-19 21:00:00,6.480,0.000,0.000,0.000,23.100
2021-06-19 22:00:00,6.100,0.000,0.000,0.000,23.100
2021-06-19 23:00:00,6.500,0.000,0.000,0.000,22.600
2021-06-20 00:00:00,6.590,0.000,0.000,0.000,22.100
2021-06-20 01:00:00,6.880,0.000,0.000,0.000,22.100
2021-06-20 02:00:00,6.260,0.000,0.000,0.000,21.900
2021-06-20 03:00:00,6.540,0.000,0.000,0.000,21.800
2021-06-20 04:00:00,6.400,6.000,0.000,6.000,20.700
2021-06-20 05:00:00,4.000,23.000,0.000,23.000,20.800
2021-06-20 06:00:00,4.920,126.000,110.100,89.000,21.800
2021-06-20 07:00:00,4.910,150.000,83.400,110.000,23.000
2021-06-20 08:00:00,5.500,270.000,129.200,191.000,23.400
2021-06-20 09:00:00,6.270,620.000,617.800,173.000,24.600
2021-06-20 10:00:00,5.560,757.000,777.500,129.000,25.600
2021-06-20 11:00:00,6.170,818.000,789.800,140.000,26.300
2021-06-20 12:00:00,8.280,795.000,686.900,196.000,27.200
2021-06-20 13:00:00,6.960,749.000,645.200,202.000,27.600
2021-06-20 14:00:00,6.240,556.000,444.500,206.000,27.700
2021-06-20 15:00:00,4.440,507.000,489.500,167.000,27.700
2021-06-20 16:00:00,4.710,371.000,427.000,125.000,27.400
2021-06-20 17:00:00,4.080,275.000,422.800,89.000,26.700
2021-06-20 18:00:00,3.400,137.000,233.800,68.000,25.600
2021-06-20 19:00:00,5.430,55.000,79.000,43.000,24.600
2021-06-20 20:00:00,6.870,8.000,18.700,7.000,22.800
2021-06-20 21:00:00,7.060,0.000,0.000,0.000,21.800
2021-06-20 22:00:00,5.660,0.000,0.000,0.000,21.300
2021-06-20 23:00:00,4.360,0.000,0.000,0.000,20.500
2021-06-21 00:00:00,5.220,0.000,0.000,0.000,19.800
2021-06-21 01:00:00,5.600,0.000,0.000,0.000,18.900
2021-06-21 02:00:00,6.020,0.000,0.000,0.000,17.900
2021-06-21 03:00:00,5.560,0.000,0.000,0.000,17.200
2021-06-21 04:00:00,4.890,2.000,0.000,2.000,17.100
2021-06-21 05:00:00,4.690,9.000,0.000,9.000,17.400
2021-06-21 06:00:00,3.370,22.000,0.000,22.000,17.800
2021-06-21 07:00:00,3.770,13.000,0.000,13.000,17.800
2021-06-21 08:00:00,4.960,115.000,29.500,97.000,17.700
2021-06-21 09:00:00,3.420,213.000,109.200,134.000,17.800
2021-06-21 10:00:00,2.410,329.000,196.900,170.000,20.600
2021-06-21 11:00:00,2.150,527.000,397.300,186.000,21.900
2021-06-21 12:00:00,2.260,437.000,291.300,183.000,22.900
2021-06-21 13:00:00,2.730,446.000,333.700,163.000,23.600
2021-06-21 14:00:00,2.600,413.000,271.700,199.000,23.400
2021-06-21 15:00:00,2.690,343.000,297.800,136.000,22.900
2021-06-21 16:00:00,3.350,331.000,326.000,143.000,21.800
2021-06-21 17:00:00,4.380,231.000,317.900,91.000,20.400
2021-06-21 18:00:00,5.250,106.000,131.900,67.000,18.200
2021-06-21 19:00:00,6.400,33.000,59.100,24.000,16.200
2021-06-21 20:00:00,6.960,2.000,0.000,2.000,14.900
2021-06-21 21:00:00,6.940,0.000,0.000,0.000,14.200
2021-06-21 22:00:00,5.450,0.000,0.000,0.000,13.600
2021-06-21 23:00:00,5.420,0.000,0.000,0.000,13.400
2021-06-22 00:00:00,5.990,0.000,0.000,0.000,13.400
2021-06-22 01:00:00,5.270,0.000,0.000,0.000,13.200
2021-06-22 02:00:00,5.840,0.000,0.000,0.000,13.100
2021-06-22 03:00:00,5.580,0.000,0.000,0.000,12.900
2021-06-22 04:00:00,4.390,15.000,55.900,11.000,12.800
2021-06-22 05:00:00,4.530,78.000,99.900,59.000,12.900
2021-06-22 06:00:00,4.250,173.000,164.200,118.000,13.600
2021-06-22 07:00:00,4.400,318.000,344.900,153.000,14.500
2021-06-22 08:00:00,4.050,427.000,440.500,158.000,15.200
2021-06-22 09:00:00,3.760,468.000,330.700,229.000,16.100
2021-06-22 10:00:00,2.730,490.000,225.500,308.000,17.100
2021-06-22 11:00:00,3.050,455.000,92.100,376.000,17.300
2021-06-22 12:00:00,3.280,506.000,156.000,370.000,17.800
2021-06-22 13:00:00,3.280,391.000,66.000,335.000,17.900
2021-06-22 14:00:00,3.670,345.000,87.600,276.000,18.100
2021-06-22 15:00:00,3.310,298.000,87.700,237.000,18.100
2021-06-22 16:00:00,3.120,280.000,74.500,237.000,17.900
2021-06-22 17:00:00,3.440,217.000,99.800,173.000,17.800
2021-06-22 18:00:00,3.140,177.000,300.600,88.000,17.300
2021-06-22 19:00:00,3.500,44.000,98.200,29.000,16.500
2021-06-22 20:00:00,4.470,6.000,0.000,6.000,15.300
2021-06-22 21:00:00,5.190,0.000,0.000,0.000,14.200
2021-06-22 22:00:00,5.410,0.000,0.000,0.000,13.200
2021-06-22 23:00:00,5.020,0.000,0.000,0.000,12.500
2021-06-23 00:00:00,3.930,0.000,0.000,0.000,12.200
2021-06-23 01:00:00,2.400,0.000,0.000,0.000,11.500
2021-06-23 02:00:00,3.220,0.000,0.000,0.000,11.700
2021-06-23 03:00:00,2.690,0.000,0.000,0.000,10.800
2021-06-23 04:00:00,2.340,22.000,98.300,15.000,11.900
2021-06-23 05:00:00,2.330,87.000,179.300,53.000,12.500
2021-06-23 06:00:00,1.920,210.000,329.100,100.000,13.600
2021-06-23 07:00:00,1.620,261.000,247.000,143.000,14.700
2021-06-23 08:00:00,1.970,267.000,57.400,232.000,15.500
2021-06-23 09:00:00,2.340,390.000,146.800,284.000,16.300
2021-06-23 10:00:00,1.840,644.000,502.000,239.000,17.100
2021-06-23 11:00:00,1.840,626.000,395.200,287.000,18.100
2021-06-23 12:00:00,1.840,542.000,172.000,392.000,18.600
2021-06-23 13:00:00,1.440,465.000,140.300,346.000,19.000
2021-06-23 14:00:00,1.410,332.000,76.100,272.000,19.100
2021-06-23 15:00:00,1.420,292.000,67.600,245.000,19.500
2021-06-23 16:00:00,2.190,200.000,26.000,185.000,19.600
2021-06-23 17:00:00,2.620,151.000,29.500,138.000,19.500
2021-06-23 18:00:00,3.070,114.000,60.700,96.000,19.300
2021-06-23 19:00:00,3.410,60.000,117.700,42.000,18.500
2021-06-23 20:00:00,3.910,9.000,37.000,7.000,17.600
2021-06-23 21:00:00,4.530,0.000,0.000,0.000,16.700
2021-06-23 22:00:00,4.400,0.000,0.000,0.000,16.000
2021-06-23 23:00:00,4.400,0.000,0.000,0.000,15.800
2021-06-24 00:00:00,3.230,0.000,0.000,0.000,15.500
2021-06-24 01:00:00,4.200,0.000,0.000,0.000,15.200
2021-06-24 02:00:00,3.860,0.000,0.000,0.000,14.800
2021-06-24 03:00:00,3.580,0.000,0.000,0.000,14.500
2021-06-24 04:00:00,3.930,13.000,14.100,12.000,14.400
2021-06-24 05:00:00,3.600,65.000,79.400,50.000,15.000
2021-06-24 06:00:00,2.900,147.000,116.900,108.000,15.900
2021-06-24 07:00:00,2.820,212.000,123.700,153.000,16.800
2021-06-24 08:00:00,2.200,154.000,27.900,137.000,17.800
2021-06-24 09:00:00,1.900,237.000,63.700,191.000,18.600
2021-06-24 10:00:00,1.430,287.000,114.100,195.000,18.800
2021-06-24 11:00:00,1.390,366.000,86.300,292.000,19.600
2021-06-24 12:00:00,1.210,350.000,92.900,269.000,19.900
2021-06-24 13:00:00,0.760,395.000,121.500,292.000,20.200
2021-06-24 14:00:00,0.410,332.000,104.100,250.000,20.200
2021-06-24 15:00:00,0.320,290.000,103.500,218.000,20.200
2021-06-24 16:00:00,0.630,187.000,62.300,151.000,20.000
2021-06-24 17:00:00,1.350,121.000,49.800,99.000,19.700
2021-06-24 18:00:00,1.860,83.000,27.000,75.000,19.400
2021-06-24 19:00:00,1.610,40.000,52.200,32.000,18.700
2021-06-24 20:00:00,1.570,6.000,0.000,6.000,17.800
2021-06-24 21:00:00,2.110,0.000,0.000,0.000,16.900
2021-06-24 22:00:00,4.190,0.000,0.000,0.000,16.300
2021-06-24 23:00:00,3.380,0.000,0.000,0.000,15.900
2021-06-25 00:00:00,2.470,0.000,0.000,0.000,15.300
2021-06-25 01:00:00,2.790,0.000,0.000,0.000,14.500
2021-06-25 02:00:00,2.470,0.000,0.000,0.000,14.100
2021-06-25 03:00:00,2.330,0.000,0.000,0.000,13.300
2021-06-25 04:00:00,2.500,16.000,14.200,15.000,13.500
2021-06-25 05:00:00,1.780,85.000,90.500,68.000,14.200
2021-06-25 06:00:00,0.710,206.000,297.600,107.000,15.500
2021-06-25 07:00:00,0.580,229.000,161.700,152.000,16.800
2021-06-25 08:00:00,1.210,324.000,246.400,174.000,18.100
2021-06-25 09:00:00,1.570,516.000,423.000,211.000,18.900
2021-06-25 10:00:00,2.690,518.000,338.700,245.000,19.400
2021-06-25 11:00:00,3.760,545.000,353.500,242.000,20.300
2021-06-25 12:00:00,3.610,581.000,336.200,288.000,21.200
2021-06-25 13:00:00,2.960,526.000,259.400,306.000,21.700
2021-06-25 14:00:00,3.080,602.000,444.100,252.000,22.500
2021-06-25 15:00:00,3.180,598.000,613.600,171.000,22.500
2021-06-25 16:00:00,3.420,463.000,503.700,172.000,22.500
2021-06-25 17:00:00,3.200,330.000,430.200,140.000,22.300
2021-06-25 18:00:00,2.280,207.000,373.900,96.000,21.600
2021-06-25 19:00:00,1.770,84.000,228.300,49.000,20.500
2021-06-25 20:00:00,1.020,10.000,36.900,8.000,18.000
2021-06-25 21:00:00,0.410,0.000,0.000,0.000,15.700
2021-06-25 22:00:00,1.440,0.000,0.000,0.000,14.900
2021-06-25 23:00:00,0.820,0.000,0.000,0.000,13.900
2021-06-26 00:00:00,1.220,0.000,0.000,0.000,12.900
2021-06-26 01:00:00,1.140,0.000,0.000,0.000,12.500
2021-06-26 02:00:00,0.860,0.000,0.000,0.000,11.900
2021-06-26 03:00:00,0.300,0.000,0.000,0.000,11.400
2021-06-26 04:00:00,0.200,21.000,100.000,14.000,12.200
2021-06-26 05:00:00,1.000,117.000,358.300,50.000,14.500
2021-06-26 06:00:00,1.700,242.000,485.400,81.000,16.800
2021-06-26 07:00:00,1.250,191.000,119.900,134.000,19.200
2021-06-26 08:00:00,0.810,461.000,529.700,139.000,21.200
2021-06-26 09:00:00,1.000,618.000,639.900,157.000,22.400
2021-06-26 10:00:00,0.360,757.000,763.600,142.000,22.900
2021-06-26 11:00:00,0.320,827.000,793.600,147.000,24.000
2021-06-26 12:00:00,0.760,666.000,556.600,181.000,24.200
2021-06-26 13:00:00,1.400,533.000,323.200,259.000,24.600
2021-06-26 14:00:00,1.460,385.000,144.700,271.000,24.700
2021-06-26 15:00:00,1.120,434.000,370.700,176.000,24.900
2021-06-26 16:00:00,0.890,323.000,337.500,128.000,25.000
2021-06-26 17:00:00,1.120,246.000,314.700,107.000,24.800
2021-06-26 18:00:00,1.810,165.000,286.300,80.000,24.500
2021-06-26 19:00:00,2.060,80.000,267.400,39.000,22.800
2021-06-26 20:00:00,3.140,10.000,55.400,7.000,20.100
2021-06-26 21:00:00,4.320,0.000,0.000,0.000,18.100
2021-06-26 22:00:00,5.950,0.000,0.000,0.000,17.000
2021-06-26 23:00:00,6.490,0.000,0.000,0.000,16.500
2021-06-27 00:00:00,6.400,0.000,0.000,0.000,15.800
2021-06-27 01:00:00,6.120,0.000,0.000,0.000,15.100
2021-06-27 02:00:00,5.520,0.000,0.000,0.000,14.400
2021-06-27 03:00:00,5.240,0.000,0.000,0.000,13.500
2021-06-27 04:00:00,4.990,22.000,115.100,14.000,14.100
2021-06-27 05:00:00,4.240,108.000,328.100,47.000,16.000
2021-06-27 06:00:00,2.860,238.000,477.800,80.000,18.400
2021-06-27 07:00:00,2.300,371.000,531.300,119.000,20.700
2021-06-27 08:00:00,1.880,499.000,631.000,116.000,22.800
2021-06-27 09:00:00,1.750,653.000,685.000,160.000,24.100
2021-06-27 10:00:00,2.400,680.000,504.500,274.000,24.700
2021-06-27 11:00:00,2.220,730.000,505.600,297.000,25.500
2021-06-27 12:00:00,1.750,713.000,496.000,281.000,26.200
2021-06-27 13:00:00,1.940,546.000,320.900,274.000,26.100
2021-06-27 14:00:00,2.600,628.000,531.800,209.000,26.600
2021-06-27 15:00:00,2.500,541.000,533.100,170.000,26.800
2021-06-27 16:00:00,2.620,387.000,451.700,126.000,26.800
2021-06-27 17:00:00,2.780,318.000,498.000,98.000,26.300
2021-06-27 18:00:00,2.770,179.000,357.000,73.000,25.200
2021-06-27 19:00:00,3.350,81.000,228.400,46.000,23.800
2021-06-27 20:00:00,4.030,10.000,37.000,8.000,21.800
2021-06-27 21:00:00,4.300,0.000,0.000,0.000,20.100
2021-06-27 22:00:00,4.270,0.000,0.000,0.000,19.200
2021-06-27 23:00:00,5.890,0.000,0.000,0.000,18.300
2021-06-28 00:00:00,6.710,0.000,0.000,0.000,17.500
2021-06-28 01:00:00,6.640,0.000,0.000,0.000,17.200
2021-06-28 02:00:00,6.930,0.000,0.000,0.000,16.800
2021-06-28 03:00:00,6.990,0.000,0.000,0.000,16.400
2021-06-28 04:00:00,6.140,20.000,58.000,16.000,16.900
2021-06-28 05:00:00,5.120,108.000,292.200,54.000,18.000
2021-06-28 06:00:00,4.030,248.000,524.900,75.000,19.900
2021-06-28 07:00:00,3.260,203.000,128.900,142.000,22.400
2021-06-28 08:00:00,3.400,187.000,44.600,160.000,24.300
2021-06-28 09:00:00,4.110,359.000,222.600,199.000,26.000
2021-06-28 10:00:00,4.100,589.000,451.500,226.000,26.500
2021-06-28 11:00:00,4.050,738.000,649.700,182.000,27.800
2021-06-28 12:00:00,3.960,582.000,398.600,235.000,28.100
2021-06-28 13:00:00,4.240,455.000,260.800,234.000,28.100
2021-06-28 14:00:00,4.900,397.000,215.800,227.000,28.100
2021-06-28 15:00:00,2.300,471.000,359.300,221.000,28.100
2021-06-28 16:00:00,0.950,377.000,302.900,202.000,27.900
2021-06-28 17:00:00,1.040,263.000,246.800,154.000,27.200
2021-06-28 18:00:00,1.660,116.000,53.900,100.000,25.800
2021-06-28 19:00:00,2.100,65.000,111.100,48.000,24.700
2021-06-28 20:00:00,2.730,9.000,0.000,9.000,23.300
2021-06-28 21:00:00,3.040,0.000,0.000,0.000,21.600
2021-06-28 22:00:00,2.260,0.000,0.000,0.000,20.200
2021-06-28 23:00:00,2.190,0.000,0.000,0.000,19.000
2021-06-29 00:00:00,2.400,0.000,0.000,0.000,18.900
2021-06-29 01:00:00,3.970,0.000,0.000,0.000,18.800
2021-06-29 02:00:00,7.630,0.000,0.000,0.000,19.100
2021-06-29 03:00:00,8.700,0.000,0.000,0.000,18.900
2021-06-29 04:00:00,8.650,8.000,0.000,8.000,18.700
2021-06-29 05:00:00,7.250,42.000,16.300,39.000,18.700
2021-06-29 06:00:00,6.790,118.000,36.500,106.000,19.200
2021-06-29 07:00:00,4.210,203.000,95.300,158.000,19.900
2021-06-29 08:00:00,1.720,80.000,1.700,79.000,20.100
2021-06-29 09:00:00,0.450,158.000,20.900,143.000,20.200
2021-06-29 10:00:00,1.510,231.000,36.100,202.000,21.700
2021-06-29 11:00:00,3.710,306.000,132.100,193.000,22.500
2021-06-29 12:00:00,4.160,403.000,204.600,225.000,23.600
2021-06-29 13:00:00,2.620,409.000,153.500,279.000,24.100
2021-06-29 14:00:00,1.630,320.000,76.200,260.000,23.400
2021-06-29 15:00:00,1.890,342.000,156.700,233.000,23.100
2021-06-29 16:00:00,0.910,378.000,360.100,170.000,23.200
2021-06-29 17:00:00,1.080,241.000,299.000,109.000,23.200
2021-06-29 18:00:00,1.250,164.000,293.300,77.000,22.700
2021-06-29 19:00:00,1.580,65.000,91.700,51.000,21.100
2021-06-29 20:00:00,1.900,8.000,0.000,8.000,19.600
2021-06-29 21:00:00,2.650,0.000,0.000,0.000,18.200
2021-06-29 22:00:00,1.430,0.000,0.000,0.000,18.000
2021-06-29 23:00:00,2.710,0.000,0.000,0.000,17.800
2021-06-30 00:00:00,4.310,0.000,0.000,0.000,17.200
2021-06-30 01:00:00,4.980,0.000,0.000,0.000,17.100
2021-06-30 02:00:00,5.200,0.000,0.000,0.000,17.100
2021-06-30 03:00:00,5.290,0.000,0.000,0.000,17.000
2021-06-30 04:00:00,5.410,11.000,29.500,9.000,17.200
2021-06-30 05:00:00,5.620,48.000,82.300,33.000,17.600
2021-06-30 06:00:00,5.260,87.000,21.400,80.000,17.500
2021-06-30 07:00:00,4.980,99.000,8.500,95.000,17.400
2021-06-30 08:00:00,4.900,172.000,21.500,159.000,17.200
2021-06-30 09:00:00,5.540,177.000,12.600,168.000,16.800
2021-06-30 10:00:00,5.920,186.000,0.000,186.000,17.100
2021-06-30 11:00:00,5.300,248.000,9.400,240.000,17.400
2021-06-30 12:00:00,4.280,299.000,28.700,274.000,17.900
2021-06-30 13:00:00,4.840,306.000,26.000,284.000,18.500
2021-06-30 14:00:00,4.980,376.000,92.700,303.000,19.200
2021-06-30 15:00:00,5.250,246.000,61.800,203.000,19.100
2021-06-30 16:00:00,5.420,251.000,107.400,189.000,19.000
2021-06-30 17:00:00,5.390,149.000,31.700,135.000,18.300
2021-06-30 18:00:00,5.470,55.000,0.000,55.000,17.600
2021-06-30 19:00:00,5.760,11.000,0.000,11.000,17.000
2021-06-30 20:00:00,5.390,2.000,0.000,2.000,16.400
2021-06-30 21:00:00,5.590,0.000,0.000,0.000,16.000
2021-06-30 22:00:00,5.860,0.000,0.000,0.000,15.400
2021-06-30 23:00:00,6.350,0.000,0.000,0.000,15.000
2021-07-01 00:00:00,6.700,0.000,0.000,0.000,14.600
2021-07-01 01:00:00,6.600,0.000,0.000,0.000,14.200
2021-07-01 02:00:00,6.530,0.000,0.000,0.000,13.800
2021-07-01 03:00:00,7.300,0.000,0.000,0.000,13.600
2021-07-01 04:00:00,7.730,6.000,0.000,6.000,13.400
2021-07-01 05:00:00,7.450,24.000,0.000,24.000,13.500
2021-07-01 06:00:00,7.430,48.000,6.100,46.000,13.600
2021-07-01 07:00:00,8.170,57.000,0.000,57.000,14.000
2021-07-01 08:00:00,8.730,63.000,0.000,63.000,14.400
2021-07-01 09:00:00,8.540,109.000,4.200,106.000,15.400
2021-07-01 10:00:00,7.340,74.000,0.000,74.000,14.500
2021-07-01 11:00:00,7.780,122.000,0.000,122.000,14.900
2021-07-01 12:00:00,8.420,91.000,0.000,91.000,14.900
2021-07-01 13:00:00,7.790,149.000,0.000,149.000,15.300
2021-07-01 14:00:00,7.090,110.000,0.000,110.000,15.100
2021-07-01 15:00:00,6.890,136.000,17.300,124.000,15.500
2021-07-01 16:00:00,6.610,54.000,0.000,54.000,15.600
2021-07-01 17:00:00,6.560,74.000,34.000,59.000,15.900
2021-07-01 18:00:00,5.610,58.000,33.800,48.000,16.400
2021-07-01 19:00:00,6.200,18.000,13.200,16.000,16.500
2021-07-01 20:00:00,6.630,4.000,18.700,3.000,16.500
2021-07-01 21:00:00,6.720,0.000,0.000,0.000,16.400
2021-07-01 22:00:00,6.710,0.000,0.000,0.000,16.100
2021-07-01 23:00:00,6.520,0.000,0.000,0.000,16.000
2021-07-02 00:00:00,6.320,0.000,0.000,0.000,15.800
2021-07-02 01:00:00,6.300,0.000,0.000,0.000,15.700
2021-07-02 02:00:00,6.200,0.000,0.000,0.000,15.500
2021-07-02 03:00:00,5.410,0.000,0.000,0.000,15.500
2021-07-02 04:00:00,5.100,7.000,0.000,7.000,15.300
2021-07-02 05:00:00,5.930,41.000,0.000,41.000,15.300
2021-07-02 06:00:00,6.320,68.000,3.100,67.000,15.500
2021-07-02 07:00:00,6.250,112.000,19.200,103.000,15.900
2021-07-02 08:00:00,7.030,154.000,11.600,147.000,16.600
2021-07-02 09:00:00,6.240,267.000,30.800,245.000,17.200
2021-07-02 10:00:00,5.060,390.000,116.100,297.000,17.400
2021-07-02 11:00:00,5.210,500.000,186.400,341.000,18.400
2021-07-02 12:00:00,5.100,457.000,147.400,329.000,19.100
2021-07-02 13:00:00,5.610,427.000,121.800,324.000,19.600
2021-07-02 14:00:00,5.660,277.000,61.000,229.000,19.400
2021-07-02 15:00:00,5.770,199.000,21.600,184.000,19.300
2021-07-02 16:00:00,5.600,140.000,3.500,138.000,19.300
2021-07-02 17:00:00,4.750,165.000,149.800,99.000,19.300
2021-07-02 18:00:00,4.020,93.000,121.900,57.000,19.000
2021-07-02 19:00:00,4.030,54.000,145.400,32.000,18.400
2021-07-02 20:00:00,4.380,7.000,18.800,6.000,16.900
2021-07-02 21:00:00,4.740,0.000,0.000,0.000,15.900
2021-07-02 22:00:00,4.920,0.000,0.000,0.000,15.100
2021-07-02 23:00:00,4.520,0.000,0.000,0.000,14.100
2021-07-03 00:00:00,4.400,0.000,0.000,0.000,13.700
2021-07-03 01:00:00,3.900,0.000,0.000,0.000,13.200
2021-07-03 02:00:00,2.800,0.000,0.000,0.000,12.200
2021-07-03 03:00:00,2.980,0.000,0.000,0.000,11.700
2021-07-03 04:00:00,4.470,18.000,91.300,12.000,12.300
2021-07-03 05:00:00,3.940,104.000,314.700,48.000,13.900
2021-07-03 06:00:00,2.140,206.000,365.300,88.000,15.600
2021-07-03 07:00:00,2.150,314.000,389.600,132.000,17.500
2021-07-03 08:00:00,3.540,452.000,491.300,157.000,19.000
2021-07-03 09:00:00,4.120,555.000,505.600,194.000,20.200
2021-07-03 10:00:00,3.510,575.000,512.600,165.000,21.100
2021-07-03 11:00:00,3.260,553.000,381.300,228.000,21.700
2021-07-03 12:00:00,3.240,644.000,466.700,239.000,22.700
2021-07-03 13:00:00,3.500,705.000,578.600,216.000,23.400
2021-07-03 14:00:00,2.750,504.000,264.700,296.000,23.800
2021-07-03 15:00:00,2.060,482.000,409.100,198.000,24.100
2021-07-03 16:00:00,2.000,319.000,274.200,161.000,23.800
2021-07-03 17:00:00,1.710,290.000,400.000,114.000,23.700
2021-07-03 18:00:00,1.060,165.000,308.700,74.000,23.200
2021-07-03 19:00:00,1.200,73.000,179.300,46.000,22.800
2021-07-03 20:00:00,1.170,9.000,18.900,8.000,20.400
2021-07-03 21:00:00,1.120,0.000,0.000,0.000,18.400
2021-07-03 22:00:00,3.040,0.000,0.000,0.000,15.600
2021-07-03 23:00:00,2.830,0.000,0.000,0.000,14.700
2021-07-04 00:00:00,2.920,0.000,0.000,0.000,13.900
2021-07-04 01:00:00,3.000,0.000,0.000,0.000,13.600
2021-07-04 02:00:00,3.180,0.000,0.000,0.000,13.300
2021-07-04 03:00:00,3.380,0.000,0.000,0.000,13.400
2021-07-04 04:00:00,3.580,16.000,15.400,15.000,13.800
2021-07-04 05:00:00,3.450,81.000,85.000,66.000,15.600
2021-07-04 06:00:00,2.570,210.000,339.000,101.000,17.900
2021-07-04 07:00:00,1.430,329.000,435.900,126.000,20.000
2021-07-04 08:00:00,1.040,347.000,350.400,137.000,21.800
2021-07-04 09:00:00,1.140,455.000,383.000,182.000,22.600
2021-07-04 10:00:00,1.170,505.000,363.000,215.000,23.400
2021-07-04 11:00:00,1.430,513.000,331.200,231.000,24.000
2021-07-04 12:00:00,1.340,582.000,389.800,244.000,25.000
2021-07-04 13:00:00,1.120,572.000,402.600,232.000,25.500
2021-07-04 14:00:00,1.810,505.000,347.600,232.000,25.400
2021-07-04 15:00:00,2.630,393.000,276.800,201.000,25.000
2021-07-04 16:00:00,2.970,376.000,345.700,177.000,24.600
2021-07-04 17:00:00,3.480,279.000,295.900,149.000,23.400
2021-07-04 18:00:00,4.120,154.000,173.400,103.000,22.500
2021-07-04 19:00:00,4.360,58.000,53.400,50.000,21.100
2021-07-04 20:00:00,4.810,8.000,19.100,7.000,19.700
2021-07-04 21:00:00,5.150,0.000,0.000,0.000,18.400
2021-07-04 22:00:00,3.450,0.000,0.000,0.000,17.400
2021-07-04 23:00:00,3.620,0.000,0.000,0.000,16.700
2021-07-05 00:00:00,4.300,0.000,0.000,0.000,16.400
2021-07-05 01:00:00,4.680,0.000,0.000,0.000,16.400
2021-07-05 02:00:00,6.190,0.000,0.000,0.000,16.300
2021-07-05 03:00:00,4.970,0.000,0.000,0.000,16.200
2021-07-05 04:00:00,4.890,6.000,0.000,6.000,16.000
2021-07-05 05:00:00,3.500,71.000,62.900,60.000,16.300
2021-07-05 06:00:00,3.310,175.000,284.400,84.000,17.200
2021-07-05 07:00:00,3.180,337.000,488.900,110.000,18.500
2021-07-05 08:00:00,4.050,509.000,630.500,132.000,19.900
2021-07-05 09:00:00,5.260,553.000,453.800,230.000,20.300
2021-07-05 10:00:00,5.000,507.000,246.900,310.000,20.900
2021-07-05 11:00:00,5.520,387.000,109.300,294.000,20.200
2021-07-05 12:00:00,5.870,186.000,0.000,186.000,18.200
2021-07-05 13:00:00,4.620,239.000,39.100,206.000,18.600
2021-07-05 14:00:00,5.510,508.000,444.700,159.000,19.900
2021-07-05 15:00:00,3.640,580.000,624.800,147.000,21.000
2021-07-05 16:00:00,2.840,425.000,535.600,117.000,21.500
2021-07-05 17:00:00,2.940,242.000,335.100,95.000,21.500
2021-07-05 18:00:00,2.310,128.000,235.300,59.000,21.200
2021-07-05 19:00:00,2.470,65.000,147.800,43.000,20.400
2021-07-05 20:00:00,3.820,6.000,19.100,5.000,19.000
2021-07-05 21:00:00,5.520,0.000,0.000,0.000,18.300
2021-07-05 22:00:00,6.530,0.000,0.000,0.000,18.100
2021-07-05 23:00:00,6.800,0.000,0.000,0.000,18.200
2021-07-06 00:00:00,6.710,0.000,0.000,0.000,18.200
2021-07-06 01:00:00,6.410,0.000,0.000,0.000,18.400
2021-07-06 02:00:00,6.280,0.000,0.000,0.000,18.300
2021-07-06 03:00:00,6.620,0.000,0.000,0.000,18.200
2021-07-06 04:00:00,6.800,12.000,31.500,10.000,18.200
2021-07-06 05:00:00,7.100,68.000,150.200,42.000,19.000
2021-07-06 06:00:00,6.610,177.000,339.200,69.000,20.400
2021-07-06 07:00:00,6.550,368.000,574.700,102.000,22.100
2021-07-06 08:00:00,6.940,514.000,658.800,121.000,23.400
2021-07-06 09:00:00,7.830,518.000,405.400,230.000,24.200
2021-07-06 10:00:00,6.100,292.000,118.000,198.000,22.800
2021-07-06 11:00:00,4.700,109.000,0.000,109.000,21.200
2021-07-06 12:00:00,6.760,104.000,0.000,104.000,20.600
2021-07-06 13:00:00,8.130,126.000,13.000,115.000,20.400
2021-07-06 14:00:00,7.930,180.000,12.800,170.000,21.000
2021-07-06 15:00:00,8.360,288.000,50.600,253.000,21.900
2021-07-06 16:00:00,8.130,189.000,22.600,176.000,21.900
2021-07-06 17:00:00,7.500,114.000,2.300,113.000,21.900
2021-07-06 18:00:00,6.960,57.000,0.000,57.000,21.500
2021-07-06 19:00:00,6.440,45.000,0.000,45.000,20.700
2021-07-06 20:00:00,5.170,4.000,0.000,4.000,19.900
2021-07-06 21:00:00,6.410,0.000,0.000,0.000,19.200
2021-07-06 22:00:00,6.080,0.000,0.000,0.000,18.400
2021-07-06 23:00:00,5.680,0.000,0.000,0.000,17.400
2021-07-07 00:00:00,5.020,0.000,0.000,0.000,17.100
2021-07-07 01:00:00,4.530,0.000,0.000,0.000,16.500
2021-07-07 02:00:00,4.110,0.000,0.000,0.000,15.600
2021-07-07 03:00:00,3.300,0.000,0.000,0.000,15.000
2021-07-07 04:00:00,3.050,7.000,0.000,7.000,14.900
2021-07-07 05:00:00,4.870,44.000,5.800,43.000,15.200
2021-07-07 06:00:00,3.720,94.000,6.300,92.000,16.300
2021-07-07 07:00:00,2.410,148.000,17.300,140.000,17.800
2021-07-07 08:00:00,3.060,366.000,245.300,220.000,19.500
2021-07-07 09:00:00,4.320,507.000,327.100,275.000,20.800
2021-07-07 10:00:00,4.020,648.000,573.100,192.000,22.700
2021-07-07 11:00:00,4.440,748.000,702.300,152.000,23.500
2021-07-07 12:00:00,4.850,618.000,517.000,171.000,23.900
2021-07-07 13:00:00,4.430,602.000,505.800,176.000,24.100
2021-07-07 14:00:00,3.810,587.000,579.700,133.000,24.500
2021-07-07 15:00:00,4.370,413.000,409.200,130.000,24.600
2021-07-07 16:00:00,4.280,345.000,416.800,106.000,24.400
2021-07-07 17:00:00,3.520,228.000,341.000,79.000,24.400
2021-07-07 18:00:00,3.370,158.000,332.900,61.000,23.600
2021-07-07 19:00:00,2.330,64.000,177.300,38.000,21.900
2021-07-07 20:00:00,2.620,8.000,38.200,6.000,19.600
2021-07-07 21:00:00,2.830,0.000,0.000,0.000,18.300
2021-07-07 22:00:00,1.260,0.000,0.000,0.000,17.600
2021-07-07 23:00:00,2.350,0.000,0.000,0.000,17.100
2021-07-08 00:00:00,2.950,0.000,0.000,0.000,16.800
2021-07-08 01:00:00,3.230,0.000,0.000,0.000,15.300
2021-07-08 02:00:00,3.830,0.000,0.000,0.000,15.000
2021-07-08 03:00:00,3.580,0.000,0.000,0.000,14.700
2021-07-08 04:00:00,2.570,15.000,81.100,10.000,15.200
2021-07-08 05:00:00,2.860,97.000,318.700,43.000,16.000
2021-07-08 06:00:00,1.750,222.000,425.400,88.000,17.800
2021-07-08 07:00:00,1.220,317.000,369.800,147.000,19.400
2021-07-08 08:00:00,0.410,382.000,283.000,214.000,21.400
2021-07-08 09:00:00,0.400,455.000,227.400,294.000,22.700
2021-07-08 10:00:00,1.140,526.000,263.100,317.000,23.500
2021-07-08 11:00:00,1.460,581.000,231.200,385.000,24.400
2021-07-08 12:00:00,1.430,572.000,267.500,341.000,25.000
2021-07-08 13:00:00,2.890,498.000,221.100,312.000,25.200
2021-07-08 14:00:00,3.360,308.000,112.500,220.000,24.600
2021-07-08 15:00:00,3.550,253.000,75.300,201.000,23.800
2021-07-08 16:00:00,2.480,209.000,55.900,177.000,22.700
2021-07-08 17:00:00,1.900,156.000,89.500,117.000,20.900
2021-07-08 18:00:00,2.310,97.000,99.900,68.000,19.900
2021-07-08 19:00:00,2.160,49.000,34.400,44.000,18.800
2021-07-08 20:00:00,0.450,6.000,0.000,6.000,17.600
2021-07-08 21:00:00,1.580,0.000,0.000,0.000,16.700
2021-07-08 22:00:00,2.150,0.000,0.000,0.000,16.600
2021-07-08 23:00:00,0.580,0.000,0.000,0.000,16.400
2021-07-09 00:00:00,2.260,0.000,0.000,0.000,16.100
2021-07-09 01:00:00,2.060,0.000,0.000,0.000,15.600
2021-07-09 02:00:00,1.710,0.000,0.000,0.000,15.800
2021-07-09 03:00:00,2.210,0.000,0.000,0.000,15.900
2021-07-09 04:00:00,3.420,8.000,0.000,8.000,16.100
2021-07-09 05:00:00,4.240,50.000,6.000,49.000,16.600
2021-07-09 06:00:00,4.780,91.000,9.600,88.000,17.300
2021-07-09 07:00:00,4.830,91.000,24.000,80.000,17.800
2021-07-09 08:00:00,4.480,110.000,1.700,109.000,18.300
2021-07-09 09:00:00,4.020,96.000,2.800,94.000,18.800
2021-07-09 10:00:00,5.020,116.000,0.000,116.000,18.200
2021-07-09 11:00:00,5.880,180.000,2.400,178.000,18.400
2021-07-09 12:00:00,6.010,151.000,9.300,143.000,18.400
2021-07-09 13:00:00,6.870,116.000,6.000,111.000,18.300
2021-07-09 14:00:00,6.010,122.000,1.300,121.000,18.300
2021-07-09 15:00:00,5.960,101.000,0.000,101.000,17.300
2021-07-09 16:00:00,6.720,117.000,19.200,106.000,17.300
2021-07-09 17:00:00,6.650,77.000,0.000,77.000,17.200
2021-07-09 18:00:00,6.680,57.000,0.000,57.000,17.100
2021-07-09 19:00:00,6.080,8.000,0.000,8.000,16.800
2021-07-09 20:00:00,5.600,3.000,0.000,3.000,16.200
2021-07-09 21:00:00,5.380,0.000,0.000,0.000,15.700
2021-07-09 22:00:00,5.070,0.000,0.000,0.000,15.000
2021-07-09 23:00:00,5.340,0.000,0.000,0.000,14.800
2021-07-10 00:00:00,5.630,0.000,0.000,0.000,14.500
2021-07-10 01:00:00,5.630,0.000,0.000,0.000,14.000
2021-07-10 02:00:00,5.850,0.000,0.000,0.000,14.200
2021-07-10 03:00:00,6.180,0.000,0.000,0.000,14.000
2021-07-10 04:00:00,5.760,13.000,50.200,10.000,13.900
2021-07-10 05:00:00,5.510,92.000,271.900,47.000,14.400
2021-07-10 06:00:00,5.200,215.000,424.100,83.000,15.500
2021-07-10 07:00:00,5.210,275.000,306.900,135.000,16.600
2021-07-10 08:00:00,4.950,376.000,321.800,186.000,18.100
2021-07-10 09:00:00,4.460,457.000,350.300,210.000,19.200
2021-07-10 10:00:00,2.770,575.000,445.800,222.000,20.200
2021-07-10 11:00:00,2.560,558.000,450.800,177.000,21.000
2021-07-10 12:00:00,2.660,533.000,385.400,201.000,21.800
2021-07-10 13:00:00,1.800,598.000,458.700,213.000,22.500
2021-07-10 14:00:00,1.630,381.000,231.900,200.000,22.400
2021-07-10 15:00:00,1.390,320.000,190.200,189.000,22.400
2021-07-10 16:00:00,1.170,224.000,68.400,185.000,22.200
2021-07-10 17:00:00,0.580,148.000,53.000,125.000,21.900
2021-07-10 18:00:00,1.630,84.000,31.300,75.000,21.400
2021-07-10 19:00:00,2.700,36.000,70.200,26.000,20.300
2021-07-10 20:00:00,3.720,6.000,19.100,5.000,19.400
2021-07-10 21:00:00,4.060,0.000,0.000,0.000,18.200
2021-07-10 22:00:00,3.880,0.000,0.000,0.000,17.400
2021-07-10 23:00:00,4.810,0.000,0.000,0.000,16.700
2021-07-11 00:00:00,4.920,0.000,0.000,0.000,16.400
2021-07-11 01:00:00,4.370,0.000,0.000,0.000,16.000
2021-07-11 02:00:00,3.670,0.000,0.000,0.000,15.800
2021-07-11 03:00:00,3.160,0.000,0.000,0.000,15.600
2021-07-11 04:00:00,3.010,9.000,34.000,7.000,15.700
2021-07-11 05:00:00,3.300,68.000,189.700,37.000,16.800
2021-07-11 06:00:00,3.140,146.000,203.700,83.000,18.400
2021-07-11 07:00:00,2.260,138.000,72.600,105.000,20.200
2021-07-11 08:00:00,2.240,260.000,141.000,177.000,21.900
2021-07-11 09:00:00,2.310,617.000,618.400,182.000,23.500
2021-07-11 10:00:00,3.110,700.000,619.800,210.000,24.800
2021-07-11 11:00:00,3.010,673.000,497.600,253.000,25.200
2021-07-11 12:00:00,4.700,695.000,461.500,298.000,25.600
2021-07-11 13:00:00,4.660,528.000,310.200,268.000,25.200
2021-07-11 14:00:00,5.420,435.000,222.000,262.000,24.300
2021-07-11 15:00:00,5.360,377.000,221.100,225.000,24.500
2021-07-11 16:00:00,3.840,290.000,200.300,176.000,24.200
2021-07-11 17:00:00,2.360,240.000,254.400,130.000,23.900
2021-07-11 18:00:00,2.060,112.000,97.800,84.000,21.800
2021-07-11 19:00:00,2.730,31.000,42.600,25.000,20.800
2021-07-11 20:00:00,3.680,5.000,19.100,4.000,19.200
2021-07-11 21:00:00,4.100,0.000,0.000,0.000,19.100
2021-07-11 22:00:00,2.610,0.000,0.000,0.000,18.100
2021-07-11 23:00:00,2.500,0.000,0.000,0.000,17.400
2021-07-12 00:00:00,2.420,0.000,0.000,0.000,17.200
2021-07-12 01:00:00,1.840,0.000,0.000,0.000,16.800
2021-07-12 02:00:00,1.300,0.000,0.000,0.000,16.000
2021-07-12 03:00:00,1.000,0.000,0.000,0.000,15.600
2021-07-12 04:00:00,1.430,12.000,69.300,8.000,15.800
2021-07-12 05:00:00,1.780,81.000,260.600,39.000,17.100
2021-07-12 06:00:00,1.220,144.000,244.200,69.000,18.400
2021-07-12 07:00:00,1.020,131.000,33.200,116.000,20.000
2021-07-12 08:00:00,2.820,246.000,57.900,212.000,21.700
2021-07-12 09:00:00,4.570,445.000,330.500,213.000,22.900
2021-07-12 10:00:00,3.400,565.000,437.200,220.000,23.800
2021-07-12 11:00:00,3.770,613.000,445.000,238.000,24.500
2021-07-12 12:00:00,3.440,528.000,307.300,264.000,24.900
2021-07-12 13:00:00,3.700,664.000,547.200,206.000,25.300
2021-07-12 14:00:00,3.800,383.000,240.300,196.000,25.300
2021-07-12 15:00:00,3.940,387.000,357.000,142.000,25.800
2021-07-12 16:00:00,3.540,292.000,232.400,160.000,26.000
2021-07-12 17:00:00,2.660,211.000,123.000,158.000,26.100
2021-07-12 18:00:00,1.580,110.000,52.700,95.000,25.500
2021-07-12 19:00:00,1.790,54.000,35.900,49.000,24.100
2021-07-12 20:00:00,1.980,4.000,0.000,4.000,22.600
2021-07-12 21:00:00,2.780,0.000,0.000,0.000,21.600
2021-07-12 22:00:00,2.610,0.000,0.000,0.000,20.200
2021-07-12 23:00:00,3.890,0.000,0.000,0.000,19.000
2021-07-13 00:00:00,3.940,0.000,0.000,0.000,18.500
2021-07-13 01:00:00,4.800,0.000,0.000,0.000,18.000
2021-07-13 02:00:00,5.330,0.000,0.000,0.000,17.600
2021-07-13 03:00:00,4.810,0.000,0.000,0.000,17.300
2021-07-13 04:00:00,3.840,12.000,53.000,9.000,17.200
2021-07-13 05:00:00,4.110,88.000,258.000,47.000,18.700
2021-07-13 06:00:00,4.270,204.000,367.200,92.000,20.300
2021-07-13 07:00:00,3.350,220.000,68.800,189.000,22.100
2021-07-13 08:00:00,2.600,351.000,194.800,237.000,23.800
2021-07-13 09:00:00,2.500,503.000,309.900,286.000,24.700
2021-07-13 10:00:00,2.600,472.000,218.400,300.000,25.200
2021-07-13 11:00:00,2.400,548.000,303.100,293.000,25.300
2021-07-13 12:00:00,1.490,515.000,256.500,295.000,25.800
2021-07-13 13:00:00,0.850,459.000,271.600,232.000,25.900
2021-07-13 14:00:00,1.770,480.000,355.300,204.000,26.300
2021-07-13 15:00:00,1.790,364.000,254.000,190.000,26.300
2021-07-13 16:00:00,1.640,362.000,407.800,131.000,26.500
2021-07-13 17:00:00,2.300,223.000,258.500,112.000,25.700
2021-07-13 18:00:00,1.940,116.000,120.100,82.000,24.700
2021-07-13 19:00:00,3.110,50.000,43.700,44.000,23.600
2021-07-13 20:00:00,4.060,5.000,0.000,5.000,22.300
2021-07-13 21:00:00,4.160,0.000,0.000,0.000,21.600
2021-07-13 22:00:00,3.810,0.000,0.000,0.000,21.000
2021-07-13 23:00:00,3.400,0.000,0.000,0.000,20.700
2021-07-14 00:00:00,4.160,0.000,0.000,0.000,20.300
2021-07-14 01:00:00,4.880,0.000,0.000,0.000,20.200
2021-07-14 02:00:00,3.710,0.000,0.000,0.000,19.800
2021-07-14 03:00:00,3.450,0.000,0.000,0.000,19.400
2021-07-14 04:00:00,3.640,6.000,0.000,6.000,19.600
2021-07-14 05:00:00,3.610,33.000,12.800,31.000,19.700
2021-07-14 06:00:00,3.100,59.000,49.500,44.000,19.700
2021-07-14 07:00:00,3.280,44.000,8.900,40.000,19.800
2021-07-14 08:00:00,2.980,112.000,37.700,90.000,20.100
2021-07-14 09:00:00,2.420,158.000,32.900,135.000,20.200
2021-07-14 10:00:00,1.800,154.000,15.300,142.000,21.000
2021-07-14 11:00:00,2.820,133.000,3.600,130.000,21.500
2021-07-14 12:00:00,3.760,271.000,37.400,239.000,22.200
2021-07-14 13:00:00,4.650,233.000,30.000,208.000,21.500
2021-07-14 14:00:00,8.300,231.000,2.600,229.000,20.800
2021-07-14 15:00:00,9.350,402.000,280.900,210.000,21.400
2021-07-14 16:00:00,8.080,348.000,338.000,157.000,21.400
2021-07-14 17:00:00,5.970,341.000,572.600,96.000,20.900
2021-07-14 18:00:00,5.730,203.000,487.000,66.000,20.600
2021-07-14 19:00:00,5.000,17.000,14.800,15.000,19.700
2021-07-14 20:00:00,5.100,5.000,19.100,4.000,18.600
2021-07-14 21:00:00,4.930,0.000,0.000,0.000,17.800
2021-07-14 22:00:00,3.360,0.000,0.000,0.000,17.000
2021-07-14 23:00:00,3.580,0.000,0.000,0.000,16.500
2021-07-15 00:00:00,3.830,0.000,0.000,0.000,15.800
2021-07-15 01:00:00,3.920,0.000,0.000,0.000,15.100
2021-07-15 02:00:00,4.670,0.000,0.000,0.000,14.800
2021-07-15 03:00:00,3.310,0.000,0.000,0.000,14.700
2021-07-15 04:00:00,3.440,11.000,55.300,8.000,14.700
2021-07-15 05:00:00,4.680,91.000,311.500,43.000,15.800
2021-07-15 06:00:00,2.620,220.000,492.500,72.000,17.300
2021-07-15 07:00:00,1.560,353.000,537.800,113.000,19.000
2021-07-15 08:00:00,1.750,498.000,645.000,123.000,20.200
2021-07-15 09:00:00,1.710,530.000,511.000,174.000,21.400
2021-07-15 10:00:00,1.170,645.000,548.200,215.000,22.900
2021-07-15 11:00:00,0.760,564.000,312.500,302.000,23.800
2021-07-15 12:00:00,0.860,692.000,552.100,220.000,24.800
2021-07-15 13:00:00,1.510,657.000,476.600,260.000,25.600
2021-07-15 14:00:00,1.260,512.000,279.000,296.000,26.000
2021-07-15 15:00:00,2.060,434.000,313.700,220.000,26.400
2021-07-15 16:00:00,3.260,289.000,145.500,207.000,26.100
2021-07-15 17:00:00,3.520,217.000,255.800,108.000,25.300
2021-07-15 18:00:00,4.400,148.000,289.800,67.000,24.300
2021-07-15 19:00:00,5.560,46.000,164.800,24.000,23.200
2021-07-15 20:00:00,5.880,5.000,19.100,4.000,21.700
2021-07-15 21:00:00,5.690,0.000,0.000,0.000,20.800
2021-07-15 22:00:00,5.190,0.000,0.000,0.000,19.800
2021-07-15 23:00:00,5.140,0.000,0.000,0.000,19.400
2021-07-16 00:00:00,5.820,0.000,0.000,0.000,18.900
2021-07-16 01:00:00,5.010,0.000,0.000,0.000,18.700
2021-07-16 02:00:00,4.250,0.000,0.000,0.000,18.400
2021-07-16 03:00:00,5.470,0.000,0.000,0.000,18.100
2021-07-16 04:00:00,6.090,6.000,18.800,5.000,17.900
2021-07-16 05:00:00,5.550,44.000,52.800,36.000,17.800
2021-07-16 06:00:00,6.240,114.000,130.800,75.000,18.000
2021-07-16 07:00:00,5.690,151.000,117.100,99.000,18.400
2021-07-16 08:00:00,4.130,267.000,158.800,175.000,19.000
2021-07-16 09:00:00,3.700,284.000,136.700,189.000,19.300
2021-07-16 10:00:00,5.120,326.000,123.900,229.000,19.600
2021-07-16 11:00:00,5.050,402.000,153.000,274.000,20.700
2021-07-16 12:00:00,4.700,280.000,32.800,252.000,21.000
2021-07-16 13:00:00,4.970,342.000,45.700,304.000,21.900
2021-07-16 14:00:00,4.190,305.000,86.700,238.000,22.500
2021-07-16 15:00:00,4.100,272.000,104.300,201.000,23.100
2021-07-16 16:00:00,4.610,160.000,67.600,122.000,23.000
2021-07-16 17:00:00,5.050,178.000,124.900,125.000,23.100
2021-07-16 18:00:00,5.560,105.000,111.700,74.000,22.500
2021-07-16 19:00:00,6.240,43.000,53.300,36.000,22.000
2021-07-16 20:00:00,6.690,4.000,0.000,4.000,21.200
2021-07-16 21:00:00,6.660,0.000,0.000,0.000,20.500
2021-07-16 22:00:00,6.670,0.000,0.000,0.000,19.200
2021-07-16 23:00:00,5.700,0.000,0.000,0.000,18.700
2021-07-17 00:00:00,5.870,0.000,0.000,0.000,18.200
2021-07-17 01:00:00,5.770,0.000,0.000,0.000,17.800
2021-07-17 02:00:00,5.850,0.000,0.000,0.000,17.500
2021-07-17 03:00:00,5.790,0.000,0.000,0.000,17.100
2021-07-17 04:00:00,5.460,9.000,38.200,7.000,17.000
2021-07-17 05:00:00,5.360,80.000,241.600,44.000,17.400
2021-07-17 06:00:00,5.020,202.000,436.200,73.000,18.400
2021-07-17 07:00:00,4.420,293.000,312.300,155.000,19.700
2021-07-17 08:00:00,4.390,422.000,415.700,182.000,21.200
2021-07-17 09:00:00,5.170,565.000,538.300,192.000,22.500
2021-07-17 10:00:00,4.950,688.000,619.800,204.000,23.700
2021-07-17 11:00:00,5.870,806.000,783.200,152.000,25.000
2021-07-17 12:00:00,6.730,834.000,824.100,132.000,25.900
2021-07-17 13:00:00,7.040,819.000,843.400,119.000,26.400
2021-07-17 14:00:00,6.940,745.000,792.400,134.000,26.800
2021-07-17 15:00:00,7.440,641.000,786.400,107.000,26.600
2021-07-17 16:00:00,7.910,508.000,735.500,96.000,26.000
2021-07-17 17:00:00,7.800,357.000,650.800,82.000,24.900
2021-07-17 18:00:00,7.750,206.000,519.000,63.000,23.600
2021-07-17 19:00:00,7.960,77.000,317.400,36.000,21.800
2021-07-17 20:00:00,7.700,5.000,19.100,4.000,19.900
2021-07-17 21:00:00,7.080,0.000,0.000,0.000,18.600
2021-07-17 22:00:00,6.710,0.000,0.000,0.000,17.300
2021-07-17 23:00:00,6.190,0.000,0.000,0.000,16.500
2021-07-18 00:00:00,5.560,0.000,0.000,0.000,15.700
2021-07-18 01:00:00,5.250,0.000,0.000,0.000,15.200
2021-07-18 02:00:00,5.030,0.000,0.000,0.000,15.100
2021-07-18 03:00:00,5.020,0.000,0.000,0.000,15.000
2021-07-18 04:00:00,4.690,9.000,38.200,7.000,15.200
2021-07-18 05:00:00,4.470,86.000,307.400,41.000,15.900
2021-07-18 06:00:00,4.810,200.000,433.100,73.000,17.300
2021-07-18 07:00:00,4.460,273.000,275.300,152.000,18.500
2021-07-18 08:00:00,4.250,426.000,446.800,169.000,19.800
2021-07-18 09:00:00,4.300,534.000,470.300,209.000,21.200
2021-07-18 10:00:00,3.680,617.000,486.500,238.000,22.400
2021-07-18 11:00:00,3.860,754.000,663.500,201.000,23.800
2021-07-18 12:00:00,4.630,727.000,591.600,224.000,25.100
2021-07-18 13:00:00,5.160,681.000,569.800,209.000,26.000
2021-07-18 14:00:00,5.630,607.000,496.400,225.000,26.300
2021-07-18 15:00:00,6.220,548.000,497.500,211.000,26.300
2021-07-18 16:00:00,6.080,403.000,494.300,127.000,26.000
2021-07-18 17:00:00,5.950,307.000,451.700,117.000,25.400
2021-07-18 18:00:00,6.220,178.000,380.400,74.000,24.200
2021-07-18 19:00:00,7.240,65.000,244.400,34.000,22.500
2021-07-18 20:00:00,7.620,4.000,19.100,3.000,20.600
2021-07-18 21:00:00,7.170,0.000,0.000,0.000,19.100
2021-07-18 22:00:00,6.990,0.000,0.000,0.000,17.300
2021-07-18 23:00:00,6.410,0.000,0.000,0.000,16.100
2021-07-19 00:00:00,5.400,0.000,0.000,0.000,15.400
2021-07-19 01:00:00,4.880,0.000,0.000,0.000,14.900
2021-07-19 02:00:00,4.420,0.000,0.000,0.000,14.600
2021-07-19 03:00:00,4.340,0.000,0.000,0.000,14.600
2021-07-19 04:00:00,4.300,5.000,19.100,4.000,14.700
2021-07-19 05:00:00,3.850,49.000,97.400,35.000,15.300
2021-07-19 06:00:00,3.180,125.000,147.900,82.000,16.000
2021-07-19 07:00:00,3.400,243.000,260.800,129.000,16.500
2021-07-19 08:00:00,4.760,379.000,438.000,128.000,17.300
2021-07-19 09:00:00,5.230,362.000,211.900,216.000,17.800
2021-07-19 10:00:00,4.140,376.000,115.800,286.000,18.700
2021-07-19 11:00:00,4.320,316.000,67.300,260.000,19.000
2021-07-19 12:00:00,4.470,324.000,28.300,300.000,19.300
2021-07-19 13:00:00,4.410,435.000,121.000,335.000,19.900
2021-07-19 14:00:00,4.550,348.000,93.800,276.000,19.900
2021-07-19 15:00:00,4.530,295.000,133.200,205.000,19.400
2021-07-19 16:00:00,4.260,274.000,203.100,161.000,19.300
2021-07-19 17:00:00,3.920,165.000,100.300,123.000,18.700
2021-07-19 18:00:00,3.470,118.000,165.900,73.000,18.100
2021-07-19 19:00:00,2.920,41.000,96.400,29.000,17.400
2021-07-19 20:00:00,3.400,3.000,0.000,3.000,16.000
2021-07-19 21:00:00,3.960,0.000,0.000,0.000,15.300
2021-07-19 22:00:00,4.100,0.000,0.000,0.000,14.800
2021-07-19 23:00:00,3.960,0.000,0.000,0.000,14.600
2021-07-20 00:00:00,3.680,0.000,0.000,0.000,14.100
2021-07-20 01:00:00,3.500,0.000,0.000,0.000,13.800
2021-07-20 02:00:00,3.300,0.000,0.000,0.000,13.300
2021-07-20 03:00:00,3.330,0.000,0.000,0.000,12.700
2021-07-20 04:00:00,3.580,6.000,38.200,4.000,12.900
2021-07-20 05:00:00,3.190,66.000,198.700,38.000,13.400
2021-07-20 06:00:00,2.920,156.000,308.900,67.000,14.400
2021-07-20 07:00:00,3.390,219.000,218.500,124.000,15.700
2021-07-20 08:00:00,3.620,303.000,250.500,160.000,16.600
2021-07-20 09:00:00,3.400,251.000,104.800,179.000,16.900
2021-07-20 10:00:00,3.520,222.000,24.500,203.000,17.600
2021-07-20 11:00:00,3.660,249.000,39.800,216.000,18.200
2021-07-20 12:00:00,3.980,332.000,54.300,286.000,18.900
2021-07-20 13:00:00,4.170,290.000,50.900,248.000,19.400
2021-07-20 14:00:00,4.300,366.000,184.100,225.000,20.100
2021-07-20 15:00:00,4.720,340.000,126.200,255.000,20.500
2021-07-20 16:00:00,4.360,268.000,108.200,208.000,20.600
2021-07-20 17:00:00,4.300,197.000,91.300,159.000,20.500
2021-07-20 18:00:00,4.300,95.000,33.500,86.000,19.800
2021-07-20 19:00:00,4.650,32.000,57.400,25.000,18.900
2021-07-20 20:00:00,4.790,1.000,0.000,1.000,17.800
2021-07-20 21:00:00,4.390,0.000,0.000,0.000,17.300
2021-07-20 22:00:00,4.170,0.000,0.000,0.000,16.700
2021-07-20 23:00:00,3.750,0.000,0.000,0.000,16.400
2021-07-21 00:00:00,3.540,0.000,0.000,0.000,16.300
2021-07-21 01:00:00,3.700,0.000,0.000,0.000,15.900
2021-07-21 02:00:00,3.580,0.000,0.000,0.000,15.700
2021-07-21 03:00:00,3.380,0.000,0.000,0.000,15.700
2021-07-21 04:00:00,3.090,3.000,0.000,3.000,15.500
2021-07-21 05:00:00,2.890,24.000,14.500,22.000,15.700
2021-07-21 06:00:00,2.550,66.000,56.000,50.000,16.100
2021-07-21 07:00:00,2.630,128.000,25.400,117.000,17.100
2021-07-21 08:00:00,2.800,231.000,110.800,168.000,18.200
2021-07-21 09:00:00,3.310,408.000,216.100,260.000,19.100
2021-07-21 10:00:00,4.480,423.000,278.000,208.000,19.700
2021-07-21 11:00:00,4.440,416.000,225.800,229.000,20.400
2021-07-21 12:00:00,4.400,311.000,59.200,261.000,20.600
2021-07-21 13:00:00,4.210,371.000,86.200,300.000,20.900
2021-07-21 14:00:00,4.080,283.000,44.500,249.000,21.400
2021-07-21 15:00:00,4.270,245.000,28.300,226.000,21.500
2021-07-21 16:00:00,3.810,199.000,38.000,178.000,21.600
2021-07-21 17:00:00,3.420,127.000,14.500,121.000,21.300
2021-07-21 18:00:00,2.690,100.000,71.300,81.000,21.100
2021-07-21 19:00:00,2.420,42.000,117.300,28.000,20.200
2021-07-21 20:00:00,2.240,2.000,0.000,2.000,18.700
2021-07-21 21:00:00,2.160,0.000,0.000,0.000,17.600
2021-07-21 22:00:00,1.120,0.000,0.000,0.000,17.200
2021-07-21 23:00:00,1.500,0.000,0.000,0.000,17.100
2021-07-22 00:00:00,2.210,0.000,0.000,0.000,16.400
2021-07-22 01:00:00,2.450,0.000,0.000,0.000,16.000
2021-07-22 02:00:00,2.280,0.000,0.000,0.000,15.800
2021-07-22 03:00:00,2.080,0.000,0.000,0.000,15.400
2021-07-22 04:00:00,1.700,5.000,19.100,4.000,14.900
2021-07-22 05:00:00,1.170,60.000,184.800,35.000,15.600
2021-07-22 06:00:00,0.780,121.000,144.900,80.000,16.100
2021-07-22 07:00:00,0.360,211.000,197.700,126.000,16.900
2021-07-22 08:00:00,0.200,189.000,35.300,169.000,17.800
2021-07-22 09:00:00,1.220,295.000,180.100,172.000,18.900
2021-07-22 10:00:00,1.200,430.000,295.600,202.000,19.900
2021-07-22 11:00:00,2.300,348.000,162.200,214.000,20.400
2021-07-22 12:00:00,2.880,349.000,85.400,277.000,20.600
2021-07-22 13:00:00,3.200,358.000,86.400,287.000,21.400
2021-07-22 14:00:00,3.040,352.000,136.400,248.000,21.700
2021-07-22 15:00:00,2.780,345.000,219.500,198.000,22.200
2021-07-22 16:00:00,2.510,281.000,243.500,147.000,22.200
2021-07-22 17:00:00,2.560,246.000,388.500,86.000,22.200
2021-07-22 18:00:00,3.110,142.000,314.400,59.000,21.300
2021-07-22 19:00:00,3.830,60.000,257.200,30.000,19.500
2021-07-22 20:00:00,4.490,3.000,0.000,3.000,17.800
2021-07-22 21:00:00,4.630,0.000,0.000,0.000,16.400
2021-07-22 22:00:00,5.020,0.000,0.000,0.000,15.000
2021-07-22 23:00:00,4.270,0.000,0.000,0.000,13.700
2021-07-23 00:00:00,3.580,0.000,0.000,0.000,13.000
2021-07-23 01:00:00,3.050,0.000,0.000,0.000,12.400
2021-07-23 02:00:00,2.880,0.000,0.000,0.000,12.000
2021-07-23 03:00:00,2.880,0.000,0.000,0.000,11.800
2021-07-23 04:00:00,2.820,4.000,19.100,3.000,11.400
2021-07-23 05:00:00,2.370,54.000,158.700,33.000,12.400
2021-07-23 06:00:00,1.480,153.000,267.700,78.000,14.200
2021-07-23 07:00:00,1.920,308.000,470.300,107.000,15.900
2021-07-23 08:00:00,1.910,367.000,404.300,139.000,17.100
2021-07-23 09:00:00,1.770,423.000,298.300,220.000,17.800
2021-07-23 10:00:00,2.360,504.000,425.000,177.000,18.600
2021-07-23 11:00:00,2.500,565.000,456.200,189.000,19.300
2021-07-23 12:00:00,2.560,632.000,508.800,204.000,19.900
2021-07-23 13:00:00,2.330,616.000,574.700,145.000,20.600
2021-07-23 14:00:00,2.190,596.000,595.800,143.000,21.400
2021-07-23 15:00:00,2.310,566.000,636.500,141.000,21.700
2021-07-23 16:00:00,1.940,401.000,501.700,126.000,21.700
2021-07-23 17:00:00,1.770,261.000,432.200,84.000,21.400
2021-07-23 18:00:00,2.560,150.000,348.200,59.000,20.700
2021-07-23 19:00:00,3.710,52.000,184.500,31.000,19.300
2021-07-23 20:00:00,4.960,2.000,0.000,2.000,17.300
2021-07-23 21:00:00,5.950,0.000,0.000,0.000,15.800
2021-07-23 22:00:00,5.070,0.000,0.000,0.000,14.700
2021-07-23 23:00:00,5.310,0.000,0.000,0.000,13.900
2021-07-24 00:00:00,5.100,0.000,0.000,0.000,13.400
2021-07-24 01:00:00,5.020,0.000,0.000,0.000,12.800
2021-07-24 02:00:00,5.510,0.000,0.000,0.000,12.300
2021-07-24 03:00:00,6.180,0.000,0.000,0.000,12.000
2021-07-24 04:00:00,5.320,5.000,19.100,4.000,11.700
2021-07-24 05:00:00,4.830,73.000,285.900,36.000,13.100
2021-07-24 06:00:00,4.320,204.000,497.500,66.000,15.700
2021-07-24 07:00:00,4.360,356.000,642.700,83.000,18.500
2021-07-24 08:00:00,4.520,501.000,705.200,105.000,21.000
2021-07-24 09:00:00,4.570,637.000,772.400,113.000,23.200
2021-07-24 10:00:00,4.030,738.000,809.400,117.000,24.900
2021-07-24 11:00:00,4.570,779.000,734.600,175.000,26.600
2021-07-24 12:00:00,4.940,709.000,533.800,261.000,27.600
2021-07-24 13:00:00,5.570,636.000,467.300,254.000,28.100
2021-07-24 14:00:00,5.760,618.000,517.000,226.000,28.400
2021-07-24 15:00:00,5.550,452.000,405.700,182.000,28.100
2021-07-24 16:00:00,4.160,353.000,335.300,170.000,27.800
2021-07-24 17:00:00,3.700,203.000,179.400,130.000,27.200
2021-07-24 18:00:00,5.640,118.000,108.200,90.000,26.000
2021-07-24 19:00:00,6.330,28.000,9.000,27.000,24.900
2021-07-24 20:00:00,5.610,1.000,0.000,1.000,23.200
2021-07-24 21:00:00,5.070,0.000,0.000,0.000,22.300
2021-07-24 22:00:00,3.800,0.000,0.000,0.000,21.400
2021-07-24 23:00:00,4.160,0.000,0.000,0.000,20.200
2021-07-25 00:00:00,5.720,0.000,0.000,0.000,19.300
2021-07-25 01:00:00,5.610,0.000,0.000,0.000,18.900
2021-07-25 02:00:00,5.060,0.000,0.000,0.000,18.400
2021-07-25 03:00:00,5.020,0.000,0.000,0.000,17.500
2021-07-25 04:00:00,4.460,4.000,19.100,3.000,17.300
2021-07-25 05:00:00,3.710,69.000,284.700,33.000,17.800
2021-07-25 06:00:00,3.260,191.000,444.300,69.000,19.100
2021-07-25 07:00:00,2.750,295.000,426.300,115.000,20.500
2021-07-25 08:00:00,2.420,435.000,520.400,144.000,22.100
2021-07-25 09:00:00,1.970,571.000,631.500,144.000,22.900
2021-07-25 10:00:00,1.240,587.000,491.400,211.000,24.700
2021-07-25 11:00:00,2.060,630.000,543.800,184.000,25.400
2021-07-25 12:00:00,2.020,461.000,309.300,202.000,25.700
2021-07-25 13:00:00,2.020,449.000,294.300,209.000,26.100
2021-07-25 14:00:00,2.610,402.000,280.400,190.000,26.300
2021-07-25 15:00:00,2.330,504.000,532.200,151.000,26.900
2021-07-25 16:00:00,1.800,395.000,507.900,119.000,26.800
2021-07-25 17:00:00,2.380,297.000,519.300,87.000,26.300
2021-07-25 18:00:00,1.900,138.000,289.200,64.000,25.800
2021-07-25 19:00:00,1.780,35.000,129.700,21.000,24.700
2021-07-25 20:00:00,0.280,1.000,0.000,1.000,22.300
2021-07-25 21:00:00,1.220,0.000,0.000,0.000,21.200
2021-07-25 22:00:00,0.810,0.000,0.000,0.000,19.900
2021-07-25 23:00:00,1.700,0.000,0.000,0.000,19.300
2021-07-26 00:00:00,3.910,0.000,0.000,0.000,18.800
2021-07-26 01:00:00,4.520,0.000,0.000,0.000,17.800
2021-07-26 02:00:00,5.520,0.000,0.000,0.000,16.900
2021-07-26 03:00:00,4.220,0.000,0.000,0.000,17.200
2021-07-26 04:00:00,3.520,4.000,19.100,3.000,17.100
2021-07-26 05:00:00,2.970,61.000,251.200,30.000,18.200
2021-07-26 06:00:00,3.130,173.000,334.800,82.000,19.800
2021-07-26 07:00:00,2.640,249.000,300.300,123.000,21.600
2021-07-26 08:00:00,2.880,379.000,405.900,153.000,23.400
2021-07-26 09:00:00,3.280,556.000,550.600,185.000,24.800
2021-07-26 10:00:00,2.120,675.000,730.000,118.000,25.400
2021-07-26 11:00:00,2.880,706.000,682.100,148.000,26.000
2021-07-26 12:00:00,3.340,749.000,731.500,138.000,26.700
2021-07-26 13:00:00,3.580,652.000,555.700,200.000,27.400
2021-07-26 14:00:00,4.060,664.000,680.400,151.000,27.800
2021-07-26 15:00:00,4.240,468.000,385.800,213.000,25.500
2021-07-26 16:00:00,3.960,270.000,286.600,115.000,25.300
2021-07-26 17:00:00,3.750,261.000,418.200,93.000,25.200
2021-07-26 18:00:00,5.160,171.000,426.800,63.000,24.700
2021-07-26 19:00:00,4.880,23.000,66.700,16.000,23.800
2021-07-26 20:00:00,4.530,1.000,0.000,1.000,21.200
2021-07-26 21:00:00,4.800,0.000,0.000,0.000,20.300
2021-07-26 22:00:00,6.410,0.000,0.000,0.000,19.200
2021-07-26 23:00:00,6.140,0.000,0.000,0.000,19.000
2021-07-27 00:00:00,7.070,0.000,0.000,0.000,18.400
2021-07-27 01:00:00,6.450,0.000,0.000,0.000,17.700
2021-07-27 02:00:00,6.720,0.000,0.000,0.000,17.100
2021-07-27 03:00:00,6.000,0.000,0.000,0.000,16.700
2021-07-27 04:00:00,5.440,3.000,0.000,3.000,16.800
2021-07-27 05:00:00,5.100,62.000,207.700,37.000,17.700
2021-07-27 06:00:00,4.140,147.000,245.400,81.000,18.900
2021-07-27 07:00:00,4.620,309.000,501.300,100.000,19.900
2021-07-27 08:00:00,5.250,415.000,523.200,125.000,20.700
2021-07-27 09:00:00,5.160,414.000,443.800,116.000,21.200
2021-07-27 10:00:00,4.800,537.000,454.800,191.000,22.200
2021-07-27 11:00:00,4.720,659.000,536.800,221.000,23.100
2021-07-27 12:00:00,5.300,678.000,492.100,268.000,23.900
2021-07-27 13:00:00,5.590,571.000,501.700,164.000,24.600
2021-07-27 14:00:00,5.870,615.000,642.500,132.000,25.500
2021-07-27 15:00:00,5.400,493.000,549.600,131.000,25.900
2021-07-27 16:00:00,6.460,421.000,579.600,109.000,25.800
2021-07-27 17:00:00,6.470,270.000,481.200,78.000,23.800
2021-07-27 18:00:00,4.960,112.000,164.000,71.000,20.800
2021-07-27 19:00:00,4.000,24.000,9.800,23.000,19.300
2021-07-27 20:00:00,3.790,1.000,0.000,1.000,18.700
2021-07-27 21:00:00,4.980,0.000,0.000,0.000,18.300
2021-07-27 22:00:00,5.110,0.000,0.000,0.000,18.200
2021-07-27 23:00:00,4.750,0.000,0.000,0.000,17.900
2021-07-28 00:00:00,5.390,0.000,0.000,0.000,17.500
2021-07-28 01:00:00,5.860,0.000,0.000,0.000,17.100
2021-07-28 02:00:00,5.420,0.000,0.000,0.000,16.500
2021-07-28 03:00:00,5.970,0.000,0.000,0.000,16.100
2021-07-28 04:00:00,5.950,2.000,0.000,2.000,16.000
2021-07-28 05:00:00,5.420,63.000,255.800,33.000,16.400
2021-07-28 06:00:00,5.330,186.000,451.000,66.000,17.500
2021-07-28 07:00:00,5.440,318.000,482.800,118.000,18.500
2021-07-28 08:00:00,6.510,442.000,560.000,133.000,19.700
2021-07-28 09:00:00,7.640,512.000,566.400,133.000,20.800
2021-07-28 10:00:00,5.940,464.000,410.000,153.000,21.400
2021-07-28 11:00:00,5.580,578.000,426.500,231.000,22.400
2021-07-28 12:00:00,7.400,586.000,509.100,163.000,22.900
2021-07-28 13:00:00,8.180,507.000,424.000,164.000,23.000
2021-07-28 14:00:00,6.780,480.000,376.300,198.000,21.600
2021-07-28 15:00:00,6.890,374.000,347.500,146.000,22.000
2021-07-28 16:00:00,7.390,332.000,418.200,108.000,22.800
2021-07-28 17:00:00,7.350,227.000,343.300,91.000,22.600
2021-07-28 18:00:00,7.470,114.000,255.100,51.000,21.900
2021-07-28 19:00:00,7.630,39.000,182.500,21.000,20.500
2021-07-28 20:00:00,7.170,1.000,0.000,1.000,19.100
2021-07-28 21:00:00,6.440,0.000,0.000,0.000,18.300
2021-07-28 22:00:00,5.830,0.000,0.000,0.000,17.600
2021-07-28 23:00:00,6.510,0.000,0.000,0.000,16.900
2021-07-29 00:00:00,6.440,0.000,0.000,0.000,16.600
2021-07-29 01:00:00,7.060,0.000,0.000,0.000,16.200
2021-07-29 02:00:00,8.460,0.000,0.000,0.000,16.000
2021-07-29 03:00:00,8.480,0.000,0.000,0.000,15.900
2021-07-29 04:00:00,8.420,2.000,0.000,2.000,16.000
2021-07-29 05:00:00,8.630,56.000,219.100,31.000,16.600
2021-07-29 06:00:00,8.700,159.000,353.500,66.000,17.100
2021-07-29 07:00:00,9.980,266.000,452.000,80.000,17.700
2021-07-29 08:00:00,10.070,250.000,200.300,140.000,18.900
2021-07-29 09:00:00,10.180,430.000,397.500,165.000,19.500
2021-07-29 10:00:00,9.320,480.000,384.800,189.000,19.800
2021-07-29 11:00:00,10.150,627.000,573.100,162.000,20.600
2021-07-29 12:00:00,9.860,599.000,517.700,170.000,20.900
2021-07-29 13:00:00,11.320,497.000,409.100,167.000,21.100
2021-07-29 14:00:00,11.120,503.000,480.600,144.000,21.400
2021-07-29 15:00:00,10.060,422.000,414.700,151.000,21.100
2021-07-29 16:00:00,9.420,301.000,328.400,126.000,21.100
2021-07-29 17:00:00,8.860,269.000,435.000,98.000,21.200
2021-07-29 18:00:00,7.840,173.000,455.300,62.000,20.700
2021-07-29 19:00:00,7.290,49.000,226.600,27.000,19.200
2021-07-29 20:00:00,6.950,0.000,0.000,0.000,17.500
2021-07-29 21:00:00,6.810,0.000,0.000,0.000,16.200
2021-07-29 22:00:00,6.390,0.000,0.000,0.000,15.900
2021-07-29 23:00:00,5.950,0.000,0.000,0.000,15.000
2021-07-30 00:00:00,6.070,0.000,0.000,0.000,14.200
2021-07-30 01:00:00,6.330,0.000,0.000,0.000,13.700
2021-07-30 02:00:00,6.650,0.000,0.000,0.000,13.100
2021-07-30 03:00:00,7.070,0.000,0.000,0.000,13.000
2021-07-30 04:00:00,7.080,2.000,0.000,2.000,12.600
2021-07-30 05:00:00,6.440,63.000,288.600,31.000,13.700
2021-07-30 06:00:00,5.940,183.000,415.300,75.000,16.000
2021-07-30 07:00:00,5.660,318.000,506.500,111.000,18.000
2021-07-30 08:00:00,5.440,477.000,645.900,124.000,19.600
2021-07-30 09:00:00,6.120,522.000,414.000,247.000,20.600
2021-07-30 10:00:00,6.990,618.000,461.700,270.000,22.300
2021-07-30 11:00:00,6.800,568.000,316.400,312.000,23.100
2021-07-30 12:00:00,6.490,473.000,221.500,290.000,23.800
2021-07-30 13:00:00,6.300,464.000,151.700,342.000,24.500
2021-07-30 14:00:00,4.980,336.000,133.000,237.000,24.800
2021-07-30 15:00:00,4.210,310.000,132.100,224.000,24.800
2021-07-30 16:00:00,4.960,224.000,77.400,183.000,24.900
2021-07-30 17:00:00,3.810,177.000,159.000,115.000,24.800
2021-07-30 18:00:00,1.350,99.000,174.700,57.000,24.400
2021-07-30 19:00:00,2.260,36.000,167.500,20.000,22.400
2021-07-30 20:00:00,5.020,0.000,0.000,0.000,21.100
2021-07-30 21:00:00,6.940,0.000,0.000,0.000,20.000
2021-07-30 22:00:00,7.370,0.000,0.000,0.000,18.900
2021-07-30 23:00:00,6.840,0.000,0.000,0.000,18.200
2021-07-31 00:00:00,6.220,0.000,0.000,0.000,17.700
2021-07-31 01:00:00,7.050,0.000,0.000,0.000,16.900
2021-07-31 02:00:00,7.640,0.000,0.000,0.000,16.100
2021-07-31 03:00:00,8.280,0.000,0.000,0.000,15.500
2021-07-31 04:00:00,8.280,1.000,0.000,1.000,15.600
2021-07-31 05:00:00,8.580,42.000,111.500,30.000,16.200
2021-07-31 06:00:00,8.630,134.000,221.800,77.000,17.100
2021-07-31 07:00:00,12.540,289.000,478.100,95.000,17.900
2021-07-31 08:00:00,12.460,336.000,369.600,135.000,18.000
2021-07-31 09:00:00,12.520,443.000,456.400,141.000,18.400
2021-07-31 10:00:00,11.150,509.000,484.500,145.000,19.100
2021-07-31 11:00:00,10.680,495.000,389.300,181.000,19.400
2021-07-31 12:00:00,13.200,547.000,396.900,220.000,19.800
2021-07-31 13:00:00,12.480,537.000,487.700,146.000,20.500
2021-07-31 14:00:00,10.100,563.000,558.100,149.000,20.700
2021-07-31 15:00:00,10.090,442.000,458.300,145.000,20.300
2021-07-31 16:00:00,10.070,252.000,269.400,110.000,19.100
2021-07-31 17:00:00,8.980,169.000,217.200,85.000,19.300
2021-07-31 18:00:00,8.270,97.000,160.300,59.000,19.200
2021-07-31 19:00:00,7.840,42.000,181.100,25.000,18.500
2021-07-31 20:00:00,8.130,0.000,0.000,0.000,17.500
2021-07-31 21:00:00,7.660,0.000,0.000,0.000,16.600
2021-07-31 22:00:00,6.500,0.000,0.000,0.000,16.100
2021-07-31 23:00:00,6.840,0.000,0.000,0.000,15.500
2021-08-01 00:00:00,6.710,0.000,0.000,0.000,15.100
2021-08-01 01:00:00,5.850,0.000,0.000,0.000,14.900
2021-08-01 02:00:00,6.220,0.000,0.000,0.000,14.500
2021-08-01 03:00:00,5.630,0.000,0.000,0.000,14.400
2021-08-01 04:00:00,5.740,1.000,0.000,1.000,14.100
2021-08-01 05:00:00,5.660,45.000,57.600,39.000,14.600
2021-08-01 06:00:00,6.040,120.000,74.800,101.000,15.600
2021-08-01 07:00:00,4.650,189.000,153.900,127.000,16.800
2021-08-01 08:00:00,4.180,324.000,245.800,191.000,17.900
2021-08-01 09:00:00,4.750,452.000,349.000,222.000,18.600
2021-08-01 10:00:00,4.370,565.000,404.600,262.000,19.600
2021-08-01 11:00:00,4.660,561.000,368.100,265.000,20.600
2021-08-01 12:00:00,5.030,663.000,539.400,220.000,21.500
2021-08-01 13:00:00,6.890,522.000,424.200,183.000,19.400
2021-08-01 14:00:00,7.210,647.000,641.400,173.000,20.700
2021-08-01 15:00:00,5.220,479.000,576.600,107.000,20.600
2021-08-01 16:00:00,4.640,303.000,358.800,115.000,19.300
2021-08-01 17:00:00,5.200,178.000,239.900,86.000,18.300
2021-08-01 18:00:00,5.610,77.000,77.100,59.000,17.800
2021-08-01 19:00:00,5.190,27.000,65.100,21.000,16.800
2021-08-01 20:00:00,4.180,0.000,0.000,0.000,16.000
2021-08-01 21:00:00,4.700,0.000,0.000,0.000,15.500
2021-08-01 22:00:00,5.550,0.000,0.000,0.000,14.600
2021-08-01 23:00:00,5.540,0.000,0.000,0.000,14.200
2021-08-02 00:00:00,5.850,0.000,0.000,0.000,14.000
2021-08-02 01:00:00,5.810,0.000,0.000,0.000,14.000
2021-08-02 02:00:00,5.700,0.000,0.000,0.000,13.500
2021-08-02 03:00:00,6.120,0.000,0.000,0.000,12.900
2021-08-02 04:00:00,6.330,1.000,0.000,1.000,12.700
2021-08-02 05:00:00,6.240,49.000,218.200,27.000,12.900
2021-08-02 06:00:00,6.460,173.000,438.800,63.000,14.100
2021-08-02 07:00:00,6.530,300.000,515.200,94.000,15.300
2021-08-02 08:00:00,6.280,403.000,520.200,123.000,16.500
2021-08-02 09:00:00,6.520,546.000,612.400,144.000,17.500
2021-08-02 10:00:00,5.870,679.000,731.700,133.000,18.600
2021-08-02 11:00:00,6.240,634.000,608.800,146.000,18.800
2021-08-02 12:00:00,6.870,611.000,544.700,165.000,19.400
2021-08-02 13:00:00,7.130,624.000,615.200,134.000,19.600
2021-08-02 14:00:00,7.320,428.000,380.300,148.000,19.800
2021-08-02 15:00:00,7.100,398.000,420.400,128.000,19.900
2021-08-02 16:00:00,6.920,295.000,355.300,110.000,20.000
2021-08-02 17:00:00,6.550,202.000,289.400,92.000,19.700
2021-08-02 18:00:00,5.570,120.000,274.100,57.000,18.900
2021-08-02 19:00:00,5.010,29.000,110.600,19.000,17.800
2021-08-02 20:00:00,4.440,0.000,0.000,0.000,16.700
2021-08-02 21:00:00,4.340,0.000,0.000,0.000,15.600
2021-08-02 22:00:00,4.260,0.000,0.000,0.000,14.600
2021-08-02 23:00:00,3.930,0.000,0.000,0.000,13.800
2021-08-03 00:00:00,3.520,0.000,0.000,0.000,13.500
2021-08-03 01:00:00,3.630,0.000,0.000,0.000,13.000
2021-08-03 02:00:00,3.310,0.000,0.000,0.000,12.800
2021-08-03 03:00:00,3.520,0.000,0.000,0.000,12.600
2021-08-03 04:00:00,3.520,1.000,0.000,1.000,12.000
2021-08-03 05:00:00,2.860,46.000,211.800,25.000,12.700
2021-08-03 06:00:00,1.800,137.000,286.900,66.000,14.200
2021-08-03 07:00:00,1.320,277.000,438.500,103.000,15.600
2021-08-03 08:00:00,0.780,396.000,491.200,133.000,17.100
2021-08-03 09:00:00,0.320,484.000,472.700,175.000,18.000
2021-08-03 10:00:00,0.630,454.000,305.300,227.000,18.400
2021-08-03 11:00:00,1.320,529.000,413.000,199.000,19.200
2021-08-03 12:00:00,1.430,428.000,264.700,212.000,19.700
2021-08-03 13:00:00,0.910,456.000,289.800,226.000,20.200
2021-08-03 14:00:00,1.130,417.000,263.200,224.000,20.500
2021-08-03 15:00:00,0.610,307.000,220.600,166.000,20.600
2021-08-03 16:00:00,0.720,265.000,249.300,136.000,20.800
2021-08-03 17:00:00,1.360,177.000,217.700,95.000,20.600
2021-08-03 18:00:00,2.120,87.000,110.500,62.000,19.900
2021-08-03 19:00:00,3.010,19.000,22.600,17.000,19.100
2021-08-03 20:00:00,3.540,0.000,0.000,0.000,18.100
2021-08-03 21:00:00,3.800,0.000,0.000,0.000,17.700
2021-08-03 22:00:00,4.100,0.000,0.000,0.000,16.400
2021-08-03 23:00:00,3.620,0.000,0.000,0.000,16.100
2021-08-04 00:00:00,3.320,0.000,0.000,0.000,15.700
2021-08-04 01:00:00,3.410,0.000,0.000,0.000,15.200
2021-08-04 02:00:00,3.580,0.000,0.000,0.000,14.700
2021-08-04 03:00:00,3.820,0.000,0.000,0.000,14.600
2021-08-04 04:00:00,3.310,0.000,0.000,0.000,14.300
2021-08-04 05:00:00,1.750,32.000,133.300,19.000,14.700
2021-08-04 06:00:00,1.650,129.000,266.200,64.000,15.600
2021-08-04 07:00:00,1.820,214.000,327.600,85.000,16.500
2021-08-04 08:00:00,1.710,360.000,388.700,153.000,17.900
2021-08-04 09:00:00,2.020,523.000,546.900,167.000,19.100
2021-08-04 10:00:00,0.990,609.000,593.900,169.000,20.000
2021-08-04 11:00:00,1.000,687.000,689.400,138.000,20.900
2021-08-04 12:00:00,1.170,712.000,666.300,170.000,21.500
2021-08-04 13:00:00,2.200,645.000,562.600,200.000,21.900
2021-08-04 14:00:00,3.400,448.000,371.000,177.000,21.200
2021-08-04 15:00:00,3.180,360.000,358.500,132.000,20.300
2021-08-04 16:00:00,3.100,257.000,319.000,93.000,20.000
2021-08-04 17:00:00,3.550,232.000,361.900,97.000,20.300
2021-08-04 18:00:00,3.490,119.000,274.400,58.000,19.300
2021-08-04 19:00:00,3.910,29.000,126.800,18.000,17.500
2021-08-04 20:00:00,4.420,0.000,0.000,0.000,16.700
2021-08-04 21:00:00,4.840,0.000,0.000,0.000,16.000
2021-08-04 22:00:00,4.410,0.000,0.000,0.000,15.100
2021-08-04 23:00:00,4.100,0.000,0.000,0.000,14.800
2021-08-05 00:00:00,4.040,0.000,0.000,0.000,14.600
2021-08-05 01:00:00,4.010,0.000,0.000,0.000,14.400
2021-08-05 02:00:00,3.770,0.000,0.000,0.000,14.400
2021-08-05 03:00:00,4.180,0.000,0.000,0.000,14.400
2021-08-05 04:00:00,4.030,0.000,0.000,0.000,14.200
2021-08-05 05:00:00,3.420,43.000,198.000,24.000,14.600
2021-08-05 06:00:00,3.100,154.000,369.600,65.000,15.500
2021-08-05 07:00:00,3.140,304.000,537.600,94.000,17.000
2021-08-05 08:00:00,3.040,448.000,647.700,105.000,18.200
2021-08-05 09:00:00,2.730,464.000,407.300,200.000,19.300
2021-08-05 10:00:00,3.180,528.000,342.700,275.000,20.800
2021-08-05 11:00:00,2.550,387.000,182.700,242.000,21.400
2021-08-05 12:00:00,2.750,555.000,342.900,277.000,22.200
2021-08-05 13:00:00,2.660,416.000,166.200,285.000,21.600
2021-08-05 14:00:00,2.420,344.000,176.000,216.000,21.300
2021-08-05 15:00:00,2.620,291.000,175.400,180.000,20.400
2021-08-05 16:00:00,2.980,164.000,39.200,144.000,19.300
2021-08-05 17:00:00,3.620,115.000,73.100,88.000,19.400
2021-08-05 18:00:00,3.780,78.000,77.800,61.000,18.600
2021-08-05 19:00:00,4.060,27.000,117.900,17.000,17.600
2021-08-05 20:00:00,4.360,0.000,0.000,0.000,16.600
2021-08-05 21:00:00,4.950,0.000,0.000,0.000,15.900
2021-08-05 22:00:00,5.750,0.000,0.000,0.000,15.100
2021-08-05 23:00:00,5.830,0.000,0.000,0.000,15.000
2021-08-06 00:00:00,5.550,0.000,0.000,0.000,14.400
2021-08-06 01:00:00,5.810,0.000,0.000,0.000,14.000
2021-08-06 02:00:00,5.590,0.000,0.000,0.000,13.700
2021-08-06 03:00:00,5.660,0.000,0.000,0.000,13.400
2021-08-06 04:00:00,5.810,0.000,0.000,0.000,13.200
2021-08-06 05:00:00,5.750,43.000,201.500,24.000,13.900
2021-08-06 06:00:00,4.900,152.000,370.600,64.000,15.400
2021-08-06 07:00:00,4.620,268.000,415.500,107.000,17.200
2021-08-06 08:00:00,5.100,427.000,584.900,119.000,19.200
2021-08-06 09:00:00,4.740,524.000,567.200,158.000,20.900
2021-08-06 10:00:00,5.260,514.000,424.300,202.000,21.900
2021-08-06 11:00:00,5.400,540.000,460.300,176.000,22.500
2021-08-06 12:00:00,6.120,370.000,191.900,215.000,22.400
2021-08-06 13:00:00,6.040,337.000,207.600,174.000,19.700
2021-08-06 14:00:00,4.380,261.000,122.900,172.000,20.000
2021-08-06 15:00:00,3.680,304.000,281.200,127.000,20.400
2021-08-06 16:00:00,3.260,339.000,404.200,134.000,21.000
2021-08-06 17:00:00,5.470,196.000,246.200,106.000,20.100
2021-08-06 18:00:00,4.610,85.000,158.600,51.000,19.000
2021-08-06 19:00:00,4.190,17.000,84.500,10.000,18.300
2021-08-06 20:00:00,5.110,0.000,0.000,0.000,17.500
2021-08-06 21:00:00,5.820,0.000,0.000,0.000,16.700
2021-08-06 22:00:00,6.160,0.000,0.000,0.000,16.200
2021-08-06 23:00:00,6.790,0.000,0.000,0.000,15.900
2021-08-07 00:00:00,6.440,0.000,0.000,0.000,15.300
2021-08-07 01:00:00,6.370,0.000,0.000,0.000,15.000
2021-08-07 02:00:00,6.280,0.000,0.000,0.000,14.700
2021-08-07 03:00:00,6.130,0.000,0.000,0.000,14.300
2021-08-07 04:00:00,6.130,0.000,0.000,0.000,14.300
2021-08-07 05:00:00,5.680,34.000,151.100,20.000,14.800
2021-08-07 06:00:00,5.080,141.000,341.800,61.000,16.300
2021-08-07 07:00:00,4.480,236.000,377.400,91.000,17.500
2021-08-07 08:00:00,3.820,359.000,429.800,134.000,18.700
2021-08-07 09:00:00,3.000,500.000,563.600,138.000,20.000
2021-08-07 10:00:00,3.490,678.000,745.400,132.000,21.400
2021-08-07 11:00:00,4.330,631.000,604.100,155.000,22.300
2021-08-07 12:00:00,4.800,623.000,566.600,167.000,23.100
2021-08-07 13:00:00,5.470,484.000,406.600,166.000,22.600
2021-08-07 14:00:00,6.090,378.000,317.600,149.000,20.300
2021-08-07 15:00:00,5.730,372.000,396.100,124.000,20.500
2021-08-07 16:00:00,5.020,283.000,319.800,122.000,21.100
2021-08-07 17:00:00,5.210,240.000,447.900,78.000,21.400
2021-08-07 18:00:00,5.300,107.000,228.200,59.000,20.700
2021-08-07 19:00:00,5.920,22.000,98.900,14.000,18.900
2021-08-07 20:00:00,6.510,0.000,0.000,0.000,18.100
2021-08-07 21:00:00,7.470,0.000,0.000,0.000,17.700
2021-08-07 22:00:00,6.760,0.000,0.000,0.000,17.100
2021-08-07 23:00:00,7.600,0.000,0.000,0.000,16.800
2021-08-08 00:00:00,7.800,0.000,0.000,0.000,16.400
2021-08-08 01:00:00,8.100,0.000,0.000,0.000,16.000
2021-08-08 02:00:00,7.950,0.000,0.000,0.000,16.000
2021-08-08 03:00:00,7.590,0.000,0.000,0.000,15.800
2021-08-08 04:00:00,7.780,0.000,0.000,0.000,15.700
2021-08-08 05:00:00,8.320,22.000,66.000,16.000,16.100
2021-08-08 06:00:00,8.320,46.000,65.100,31.000,16.300
2021-08-08 07:00:00,9.340,154.000,170.600,89.000,16.800
2021-08-08 08:00:00,10.720,249.000,257.500,115.000,17.400
2021-08-08 09:00:00,10.040,347.000,303.400,153.000,18.400
2021-08-08 10:00:00,9.270,518.000,508.500,147.000,19.100
2021-08-08 11:00:00,7.540,548.000,475.100,175.000,19.800
2021-08-08 12:00:00,8.620,496.000,360.400,207.000,20.100
2021-08-08 13:00:00,9.060,441.000,259.300,239.000,20.200
2021-08-08 14:00:00,8.450,361.000,259.100,175.000,20.200
2021-08-08 15:00:00,7.750,367.000,298.700,181.000,20.400
2021-08-08 16:00:00,6.860,274.000,202.100,173.000,20.500
2021-08-08 17:00:00,6.720,172.000,167.700,112.000,19.300
2021-08-08 18:00:00,7.150,99.000,155.200,67.000,18.000
2021-08-08 19:00:00,7.020,19.000,25.400,17.000,16.200
2021-08-08 20:00:00,7.060,0.000,0.000,0.000,15.200
2021-08-08 21:00:00,7.310,0.000,0.000,0.000,14.600
2021-08-08 22:00:00,8.560,0.000,0.000,0.000,14.700
2021-08-08 23:00:00,8.280,0.000,0.000,0.000,14.300
2021-08-09 00:00:00,7.540,0.000,0.000,0.000,14.000
2021-08-09 01:00:00,7.220,0.000,0.000,0.000,13.800
2021-08-09 02:00:00,7.160,0.000,0.000,0.000,13.800
2021-08-09 03:00:00,7.170,0.000,0.000,0.000,13.800
2021-08-09 04:00:00,7.250,0.000,0.000,0.000,13.500
2021-08-09 05:00:00,7.170,38.000,168.000,23.000,14.100
2021-08-09 06:00:00,6.260,136.000,246.600,80.000,15.100
2021-08-09 07:00:00,6.530,300.000,558.600,89.000,16.300
2021-08-09 08:00:00,6.880,351.000,291.900,200.000,17.500
2021-08-09 09:00:00,6.800,474.000,355.200,248.000,18.800
2021-08-09 10:00:00,5.340,505.000,267.000,311.000,19.900
2021-08-09 11:00:00,5.440,377.000,67.800,324.000,20.000
2021-08-09 12:00:00,4.430,363.000,137.700,253.000,20.100
2021-08-09 13:00:00,3.890,493.000,318.400,246.000,20.700
2021-08-09 14:00:00,3.040,369.000,278.500,170.000,20.600
2021-08-09 15:00:00,3.410,371.000,324.700,170.000,21.000
2021-08-09 16:00:00,4.370,331.000,356.800,154.000,21.700
2021-08-09 17:00:00,4.680,154.000,113.100,114.000,19.000
2021-08-09 18:00:00,6.080,33.000,24.800,28.000,17.200
2021-08-09 19:00:00,4.700,17.000,52.100,13.000,16.200
2021-08-09 20:00:00,5.460,0.000,0.000,0.000,15.300
2021-08-09 21:00:00,5.990,0.000,0.000,0.000,14.800
2021-08-09 22:00:00,7.010,0.000,0.000,0.000,14.600
2021-08-09 23:00:00,6.740,0.000,0.000,0.000,14.300
2021-08-10 00:00:00,6.540,0.000,0.000,0.000,13.900
2021-08-10 01:00:00,6.190,0.000,0.000,0.000,13.400
2021-08-10 02:00:00,5.920,0.000,0.000,0.000,13.200
2021-08-10 03:00:00,6.220,0.000,0.000,0.000,13.300
2021-08-10 04:00:00,6.400,0.000,0.000,0.000,13.400
2021-08-10 05:00:00,6.400,33.000,125.600,22.000,13.700
2021-08-10 06:00:00,6.000,125.000,308.600,56.000,14.700
2021-08-10 07:00:00,5.020,161.000,112.200,119.000,15.700
2021-08-10 08:00:00,6.440,389.000,466.800,149.000,17.000
2021-08-10 09:00:00,6.160,481.000,513.200,156.000,18.600
2021-08-10 10:00:00,5.870,611.000,602.500,175.000,20.500
2021-08-10 11:00:00,5.800,486.000,433.800,148.000,20.900
2021-08-10 12:00:00,6.100,403.000,207.300,238.000,19.200
2021-08-10 13:00:00,6.840,380.000,286.100,159.000,19.900
2021-08-10 14:00:00,6.650,489.000,465.500,158.000,20.800
2021-08-10 15:00:00,6.550,408.000,469.600,119.000,20.900
2021-08-10 16:00:00,6.080,316.000,432.800,103.000,20.600
2021-08-10 17:00:00,5.010,150.000,217.400,74.000,19.300
2021-08-10 18:00:00,3.750,72.000,131.600,46.000,18.200
2021-08-10 19:00:00,4.300,7.000,13.400,6.000,17.000
2021-08-10 20:00:00,4.630,0.000,0.000,0.000,15.700
2021-08-10 21:00:00,4.850,0.000,0.000,0.000,14.400
2021-08-10 22:00:00,4.810,0.000,0.000,0.000,13.500
2021-08-10 23:00:00,4.940,0.000,0.000,0.000,13.200
2021-08-11 00:00:00,5.120,0.000,0.000,0.000,12.900
2021-08-11 01:00:00,5.240,0.000,0.000,0.000,12.700
2021-08-11 02:00:00,5.680,0.000,0.000,0.000,12.200
2021-08-11 03:00:00,5.150,0.000,0.000,0.000,12.000
2021-08-11 04:00:00,4.460,0.000,0.000,0.000,11.700
2021-08-11 05:00:00,4.100,31.000,151.500,18.000,12.100
2021-08-11 06:00:00,3.180,143.000,363.600,63.000,14.200
2021-08-11 07:00:00,3.200,252.000,409.600,100.000,15.900
2021-08-11 08:00:00,3.370,389.000,508.800,129.000,17.600
2021-08-11 09:00:00,3.610,507.000,563.300,152.000,18.800
2021-08-11 10:00:00,3.180,562.000,509.300,195.000,20.000
2021-08-11 11:00:00,3.440,516.000,324.700,264.000,20.600
2021-08-11 12:00:00,3.950,492.000,277.600,272.000,21.400
2021-08-11 13:00:00,3.920,470.000,315.900,227.000,22.000
2021-08-11 14:00:00,4.000,447.000,401.300,163.000,22.600
2021-08-11 15:00:00,3.540,389.000,377.600,158.000,23.000
2021-08-11 16:00:00,2.980,282.000,370.700,101.000,23.100
2021-08-11 17:00:00,1.990,181.000,260.500,91.000,23.000
2021-08-11 18:00:00,1.000,107.000,315.800,46.000,22.400
2021-08-11 19:00:00,0.450,21.000,124.200,12.000,19.100
2021-08-11 20:00:00,1.030,0.000,0.000,0.000,16.300
2021-08-11 21:00:00,2.110,0.000,0.000,0.000,14.800
2021-08-11 22:00:00,3.260,0.000,0.000,0.000,14.400
2021-08-11 23:00:00,4.390,0.000,0.000,0.000,14.300
2021-08-12 00:00:00,5.350,0.000,0.000,0.000,14.300
2021-08-12 01:00:00,5.660,0.000,0.000,0.000,14.000
2021-08-12 02:00:00,5.820,0.000,0.000,0.000,13.600
2021-08-12 03:00:00,5.630,0.000,0.000,0.000,13.300
2021-08-12 04:00:00,5.200,0.000,0.000,0.000,13.000
2021-08-12 05:00:00,4.810,28.000,71.400,22.000,13.400
2021-08-12 06:00:00,4.700,110.000,166.300,74.000,15.900
2021-08-12 07:00:00,3.490,233.000,323.700,114.000,18.500
2021-08-12 08:00:00,3.000,381.000,449.100,153.000,21.300
2021-08-12 09:00:00,2.600,439.000,405.100,185.000,22.900
2021-08-12 10:00:00,3.140,433.000,276.000,235.000,24.000
2021-08-12 11:00:00,3.500,579.000,446.400,234.000,25.200
2021-08-12 12:00:00,4.330,608.000,496.600,216.000,26.100
2021-08-12 13:00:00,4.390,555.000,432.100,224.000,26.900
2021-08-12 14:00:00,4.300,463.000,343.700,221.000,27.300
2021-08-12 15:00:00,3.740,362.000,291.100,185.000,27.400
2021-08-12 16:00:00,3.920,310.000,324.200,153.000,27.500
2021-08-12 17:00:00,3.340,165.000,161.200,110.000,26.600
2021-08-12 18:00:00,3.580,68.000,26.500,63.000,25.000
2021-08-12 19:00:00,4.040,14.000,0.000,14.000,22.400
2021-08-12 20:00:00,4.720,0.000,0.000,0.000,21.100
2021-08-12 21:00:00,5.100,0.000,0.000,0.000,19.500
2021-08-12 22:00:00,4.400,0.000,0.000,0.000,18.400
2021-08-12 23:00:00,3.830,0.000,0.000,0.000,17.700
2021-08-13 00:00:00,2.690,0.000,0.000,0.000,17.000
2021-08-13 01:00:00,1.630,0.000,0.000,0.000,16.100
2021-08-13 02:00:00,1.400,0.000,0.000,0.000,15.700
2021-08-13 03:00:00,1.240,0.000,0.000,0.000,16.200
2021-08-13 04:00:00,3.140,0.000,0.000,0.000,14.900
2021-08-13 05:00:00,3.580,26.000,109.300,17.000,15.400
2021-08-13 06:00:00,3.610,135.000,399.300,50.000,18.300
2021-08-13 07:00:00,3.040,283.000,562.800,78.000,21.400
2021-08-13 08:00:00,2.690,414.000,624.400,99.000,23.600
2021-08-13 09:00:00,2.790,539.000,610.700,158.000,25.200
2021-08-13 10:00:00,2.550,609.000,572.500,200.000,26.700
2021-08-13 11:00:00,2.830,635.000,488.500,259.000,27.800
2021-08-13 12:00:00,3.940,569.000,454.100,212.000,28.400
2021-08-13 13:00:00,5.100,507.000,371.100,224.000,28.500
2021-08-13 14:00:00,6.170,366.000,214.100,216.000,27.800
2021-08-13 15:00:00,7.240,319.000,206.900,194.000,27.200
2021-08-13 16:00:00,7.750,296.000,320.700,142.000,26.500
2021-08-13 17:00:00,7.130,184.000,166.200,128.000,25.500
2021-08-13 18:00:00,6.860,84.000,124.900,61.000,23.900
2021-08-13 19:00:00,7.020,14.000,14.700,13.000,22.200
2021-08-13 20:00:00,5.990,0.000,0.000,0.000,20.700
2021-08-13 21:00:00,5.550,0.000,0.000,0.000,19.300
2021-08-13 22:00:00,4.840,0.000,0.000,0.000,18.000
2021-08-13 23:00:00,4.340,0.000,0.000,0.000,16.700
2021-08-14 00:00:00,4.000,0.000,0.000,0.000,15.500
2021-08-14 01:00:00,4.260,0.000,0.000,0.000,14.700
2021-08-14 02:00:00,4.430,0.000,0.000,0.000,14.400
2021-08-14 03:00:00,4.440,0.000,0.000,0.000,14.100
2021-08-14 04:00:00,4.780,0.000,0.000,0.000,14.300
2021-08-14 05:00:00,4.900,25.000,124.100,15.000,14.600
2021-08-14 06:00:00,4.530,127.000,339.300,56.000,15.900
2021-08-14 07:00:00,4.390,251.000,451.700,88.000,17.700
2021-08-14 08:00:00,5.080,332.000,454.900,104.000,19.800
2021-08-14 09:00:00,5.380,448.000,465.600,159.000,21.400
2021-08-14 10:00:00,4.940,447.000,288.200,242.000,22.700
2021-08-14 11:00:00,5.370,453.000,301.400,222.000,23.200
2021-08-14 12:00:00,5.220,640.000,567.200,196.000,24.600
2021-08-14 13:00:00,5.730,640.000,603.400,182.000,25.400
2021-08-14 14:00:00,6.360,591.000,670.200,124.000,25.900
2021-08-14 15:00:00,6.650,407.000,484.800,116.000,25.800
2021-08-14 16:00:00,6.710,272.000,256.300,150.000,25.400
2021-08-14 17:00:00,6.300,210.000,393.900,79.000,24.900
2021-08-14 18:00:00,6.240,75.000,172.600,44.000,23.400
2021-08-14 19:00:00,6.110,16.000,91.200,10.000,21.700
2021-08-14 20:00:00,5.890,0.000,0.000,0.000,19.800
2021-08-14 21:00:00,5.550,0.000,0.000,0.000,18.300
2021-08-14 22:00:00,5.190,0.000,0.000,0.000,17.300
2021-08-14 23:00:00,4.660,0.000,0.000,0.000,15.900
2021-08-15 00:00:00,4.180,0.000,0.000,0.000,14.800
2021-08-15 01:00:00,4.150,0.000,0.000,0.000,14.200
2021-08-15 02:00:00,4.570,0.000,0.000,0.000,13.700
2021-08-15 03:00:00,5.280,0.000,0.000,0.000,13.800
2021-08-15 04:00:00,5.590,0.000,0.000,0.000,13.700
2021-08-15 05:00:00,5.670,26.000,101.600,18.000,14.300
2021-08-15 06:00:00,5.240,113.000,126.500,87.000,15.900
2021-08-15 07:00:00,4.380,207.000,195.900,137.000,17.800
2021-08-15 08:00:00,4.530,269.000,166.700,186.000,19.500
2021-08-15 09:00:00,4.520,330.000,236.400,184.000,21.000
2021-08-15 10:00:00,5.290,513.000,404.000,227.000,22.700
2021-08-15 11:00:00,5.200,530.000,386.500,235.000,23.600
2021-08-15 12:00:00,5.330,393.000,127.000,294.000,24.300
2021-08-15 13:00:00,5.640,326.000,75.400,269.000,25.200
2021-08-15 14:00:00,6.060,267.000,119.700,184.000,25.500
2021-08-15 15:00:00,6.410,278.000,176.100,173.000,25.800
2021-08-15 16:00:00,6.450,314.000,394.200,128.000,26.200
2021-08-15 17:00:00,5.540,184.000,210.300,115.000,25.600
2021-08-15 18:00:00,5.950,81.000,102.900,63.000,24.400
2021-08-15 19:00:00,6.720,13.000,78.800,8.000,22.300
2021-08-15 20:00:00,6.790,0.000,0.000,0.000,21.000
2021-08-15 21:00:00,6.440,0.000,0.000,0.000,20.100
2021-08-15 22:00:00,4.740,0.000,0.000,0.000,18.500
2021-08-15 23:00:00,3.860,0.000,0.000,0.000,17.800
2021-08-16 00:00:00,4.370,0.000,0.000,0.000,17.500
2021-08-16 01:00:00,7.000,0.000,0.000,0.000,16.900
2021-08-16 02:00:00,6.800,0.000,0.000,0.000,16.400
2021-08-16 03:00:00,7.050,0.000,0.000,0.000,16.200
2021-08-16 04:00:00,7.780,0.000,0.000,0.000,15.800
2021-08-16 05:00:00,8.050,16.000,52.000,12.000,16.100
2021-08-16 06:00:00,8.710,70.000,69.300,56.000,17.100
2021-08-16 07:00:00,8.910,152.000,115.800,111.000,17.600
2021-08-16 08:00:00,9.360,248.000,208.300,145.000,18.100
2021-08-16 09:00:00,9.400,245.000,115.600,174.000,18.700
2021-08-16 10:00:00,9.320,221.000,76.600,167.000,18.900
2021-08-16 11:00:00,9.820,132.000,25.000,113.000,17.800
2021-08-16 12:00:00,9.050,69.000,7.700,63.000,16.700
2021-08-16 13:00:00,8.740,80.000,4.000,77.000,15.700
2021-08-16 14:00:00,8.810,79.000,4.400,76.000,15.100
2021-08-16 15:00:00,8.700,66.000,0.000,66.000,14.200
2021-08-16 16:00:00,8.560,81.000,19.200,72.000,13.900
2021-08-16 17:00:00,9.090,88.000,142.100,42.000,14.000
2021-08-16 18:00:00,9.820,84.000,270.300,38.000,14.100
2021-08-16 19:00:00,9.970,6.000,16.400,5.000,13.500
2021-08-16 20:00:00,10.510,0.000,0.000,0.000,13.300
2021-08-16 21:00:00,11.420,0.000,0.000,0.000,13.500
2021-08-16 22:00:00,12.270,0.000,0.000,0.000,13.300
2021-08-16 23:00:00,11.690,0.000,0.000,0.000,13.600
2021-08-17 00:00:00,11.570,0.000,0.000,0.000,13.800
2021-08-17 01:00:00,11.860,0.000,0.000,0.000,13.800
2021-08-17 02:00:00,11.620,0.000,0.000,0.000,13.700
2021-08-17 03:00:00,11.530,0.000,0.000,0.000,13.600
2021-08-17 04:00:00,11.710,0.000,0.000,0.000,13.500
2021-08-17 05:00:00,11.470,12.000,26.600,10.000,13.500
2021-08-17 06:00:00,10.180,39.000,10.100,37.000,13.700
2021-08-17 07:00:00,10.650,143.000,119.900,101.000,14.200
2021-08-17 08:00:00,12.010,204.000,124.200,143.000,14.700
2021-08-17 09:00:00,11.500,233.000,170.200,129.000,15.100
2021-08-17 10:00:00,11.240,249.000,126.900,160.000,16.300
2021-08-17 11:00:00,11.740,323.000,134.800,221.000,16.800
2021-08-17 12:00:00,12.170,281.000,99.700,204.000,16.800
2021-08-17 13:00:00,12.000,308.000,49.400,271.000,16.900
2021-08-17 14:00:00,11.310,282.000,72.900,232.000,16.900
2021-08-17 15:00:00,10.320,262.000,62.900,225.000,16.600
2021-08-17 16:00:00,9.980,220.000,138.200,156.000,16.100
2021-08-17 17:00:00,9.280,154.000,197.500,91.000,15.700
2021-08-17 18:00:00,8.200,82.000,272.100,37.000,15.300
2021-08-17 19:00:00,7.980,6.000,0.000,6.000,14.600
2021-08-17 20:00:00,7.590,0.000,0.000,0.000,13.900
2021-08-17 21:00:00,7.310,0.000,0.000,0.000,13.600
2021-08-17 22:00:00,8.540,0.000,0.000,0.000,13.300
2021-08-17 23:00:00,8.190,0.000,0.000,0.000,13.000
2021-08-18 00:00:00,7.750,0.000,0.000,0.000,13.100
2021-08-18 01:00:00,7.240,0.000,0.000,0.000,13.300
2021-08-18 02:00:00,6.990,0.000,0.000,0.000,13.500
2021-08-18 03:00:00,7.010,0.000,0.000,0.000,13.600
2021-08-18 04:00:00,6.650,0.000,0.000,0.000,13.700
2021-08-18 05:00:00,6.650,10.000,27.300,8.000,13.900
2021-08-18 06:00:00,7.880,59.000,66.800,46.000,14.200
2021-08-18 07:00:00,8.160,100.000,80.700,72.000,14.900
2021-08-18 08:00:00,8.370,184.000,73.800,148.000,15.700
2021-08-18 09:00:00,9.300,273.000,159.700,176.000,16.400
2021-08-18 10:00:00,9.000,389.000,310.900,172.000,17.300
2021-08-18 11:00:00,9.140,357.000,243.000,174.000,17.800
2021-08-18 12:00:00,9.550,237.000,37.700,208.000,17.900
2021-08-18 13:00:00,9.550,214.000,32.200,190.000,18.600
2021-08-18 14:00:00,9.980,181.000,23.500,165.000,18.900
2021-08-18 15:00:00,9.280,224.000,97.600,167.000,19.400
2021-08-18 16:00:00,8.270,200.000,183.100,116.000,19.600
2021-08-18 17:00:00,8.130,127.000,127.300,87.000,19.300
2021-08-18 18:00:00,8.450,44.000,37.400,38.000,18.500
2021-08-18 19:00:00,8.450,5.000,0.000,5.000,17.900
2021-08-18 20:00:00,8.320,0.000,0.000,0.000,17.600
2021-08-18 21:00:00,8.380,0.000,0.000,0.000,17.200
2021-08-18 22:00:00,8.100,0.000,0.000,0.000,17.200
2021-08-18 23:00:00,8.350,0.000,0.000,0.000,16.900
2021-08-19 00:00:00,8.270,0.000,0.000,0.000,16.500
2021-08-19 01:00:00,8.340,0.000,0.000,0.000,16.200
2021-08-19 02:00:00,8.260,0.000,0.000,0.000,16.100
2021-08-19 03:00:00,7.890,0.000,0.000,0.000,16.000
2021-08-19 04:00:00,7.550,0.000,0.000,0.000,16.000
2021-08-19 05:00:00,6.960,5.000,0.000,5.000,15.900
2021-08-19 06:00:00,6.910,43.000,62.900,31.000,16.100
2021-08-19 07:00:00,7.550,121.000,142.700,72.000,16.400
2021-08-19 08:00:00,7.060,136.000,55.800,109.000,16.500
2021-08-19 09:00:00,6.810,128.000,14.900,119.000,16.900
2021-08-19 10:00:00,5.260,99.000,0.000,99.000,17.100
2021-08-19 11:00:00,5.950,109.000,1.300,108.000,17.200
2021-08-19 12:00:00,6.950,102.000,0.000,102.000,17.300
2021-08-19 13:00:00,6.590,119.000,1.300,118.000,17.700
2021-08-19 14:00:00,6.740,92.000,0.000,92.000,17.800
2021-08-19 15:00:00,7.320,99.000,1.700,98.000,17.900
2021-08-19 16:00:00,6.550,93.000,4.400,91.000,18.000
2021-08-19 17:00:00,6.670,67.000,9.700,64.000,17.900
2021-08-19 18:00:00,6.940,21.000,6.400,20.000,17.400
2021-08-19 19:00:00,6.240,1.000,0.000,1.000,17.200
2021-08-19 20:00:00,6.140,0.000,0.000,0.000,17.000
2021-08-19 21:00:00,5.950,0.000,0.000,0.000,16.900
2021-08-19 22:00:00,4.240,0.000,0.000,0.000,16.300
2021-08-19 23:00:00,4.160,0.000,0.000,0.000,16.100
2021-08-20 00:00:00,4.790,0.000,0.000,0.000,15.600
2021-08-20 01:00:00,5.110,0.000,0.000,0.000,15.500
2021-08-20 02:00:00,6.000,0.000,0.000,0.000,15.400
2021-08-20 03:00:00,5.780,0.000,0.000,0.000,15.300
2021-08-20 04:00:00,5.770,0.000,0.000,0.000,15.100
2021-08-20 05:00:00,5.820,8.000,0.000,8.000,14.900
2021-08-20 06:00:00,6.040,50.000,32.100,44.000,15.400
2021-08-20 07:00:00,5.730,94.000,58.900,74.000,15.900
2021-08-20 08:00:00,6.570,157.000,99.800,109.000,16.900
2021-08-20 09:00:00,6.000,250.000,161.500,153.000,17.600
2021-08-20 10:00:00,5.020,339.000,267.700,154.000,18.300
2021-08-20 11:00:00,5.330,486.000,357.900,219.000,19.300
2021-08-20 12:00:00,5.710,531.000,513.300,140.000,20.000
2021-08-20 13:00:00,5.700,420.000,369.100,148.000,20.300
2021-08-20 14:00:00,5.800,431.000,418.800,149.000,20.500
2021-08-20 15:00:00,5.460,351.000,422.400,108.000,20.600
2021-08-20 16:00:00,5.100,258.000,389.300,83.000,20.500
2021-08-20 17:00:00,4.490,118.000,213.400,53.000,19.400
2021-08-20 18:00:00,3.090,54.000,186.300,26.000,18.600
2021-08-20 19:00:00,1.780,3.000,0.000,3.000,17.400
2021-08-20 20:00:00,1.130,0.000,0.000,0.000,15.900
2021-08-20 21:00:00,0.780,0.000,0.000,0.000,15.400
2021-08-20 22:00:00,1.140,0.000,0.000,0.000,16.400
2021-08-20 23:00:00,0.410,0.000,0.000,0.000,16.200
2021-08-21 00:00:00,0.510,0.000,0.000,0.000,15.200
2021-08-21 01:00:00,1.200,0.000,0.000,0.000,13.900
2021-08-21 02:00:00,1.560,0.000,0.000,0.000,13.100
2021-08-21 03:00:00,1.490,0.000,0.000,0.000,12.700
2021-08-21 04:00:00,1.300,0.000,0.000,0.000,12.300
2021-08-21 05:00:00,0.710,15.000,73.800,10.000,13.100
2021-08-21 06:00:00,0.200,99.000,294.800,45.000,14.800
2021-08-21 07:00:00,0.710,210.000,404.800,74.000,16.300
2021-08-21 08:00:00,0.910,291.000,341.600,128.000,18.100
2021-08-21 09:00:00,1.080,374.000,328.200,178.000,19.300
2021-08-21 10:00:00,0.720,531.000,507.600,182.000,20.400
2021-08-21 11:00:00,0.630,354.000,208.800,199.000,20.700
2021-08-21 12:00:00,1.100,429.000,308.800,195.000,21.800
2021-08-21 13:00:00,1.120,407.000,324.800,169.000,22.600
2021-08-21 14:00:00,0.720,418.000,405.000,147.000,23.200
2021-08-21 15:00:00,0.910,329.000,329.400,141.000,23.700
2021-08-21 16:00:00,1.600,234.000,245.100,125.000,23.500
2021-08-21 17:00:00,2.280,150.000,237.000,79.000,22.700
2021-08-21 18:00:00,4.550,54.000,110.300,38.000,21.200
2021-08-21 19:00:00,5.890,4.000,0.000,4.000,19.600
2021-08-21 20:00:00,6.100,0.000,0.000,0.000,18.600
2021-08-21 21:00:00,6.400,0.000,0.000,0.000,18.100
2021-08-21 22:00:00,5.910,0.000,0.000,0.000,18.200
2021-08-21 23:00:00,5.820,0.000,0.000,0.000,17.700
2021-08-22 00:00:00,6.260,0.000,0.000,0.000,17.400
2021-08-22 01:00:00,6.870,0.000,0.000,0.000,17.100
2021-08-22 02:00:00,7.310,0.000,0.000,0.000,16.600
2021-08-22 03:00:00,6.840,0.000,0.000,0.000,16.500
2021-08-22 04:00:00,4.550,0.000,0.000,0.000,16.300
2021-08-22 05:00:00,3.040,6.000,0.000,6.000,16.100
2021-08-22 06:00:00,2.820,25.000,0.000,25.000,16.100
2021-08-22 07:00:00,3.040,62.000,0.000,62.000,16.200
2021-08-22 08:00:00,2.690,119.000,2.100,118.000,17.100
2021-08-22 09:00:00,1.960,272.000,188.700,160.000,17.900
2021-08-22 10:00:00,1.030,302.000,117.000,222.000,18.500
2021-08-22 11:00:00,0.540,373.000,300.500,151.000,19.500
2021-08-22 12:00:00,1.770,475.000,403.200,171.000,20.700
2021-08-22 13:00:00,1.970,352.000,220.900,191.000,20.900
2021-08-22 14:00:00,2.280,274.000,93.300,212.000,20.500
2021-08-22 15:00:00,2.880,161.000,61.800,126.000,19.300
2021-08-22 16:00:00,2.650,123.000,52.300,100.000,18.700
2021-08-22 17:00:00,1.650,85.000,40.700,73.000,18.000
2021-08-22 18:00:00,0.810,29.000,7.200,28.000,17.600
2021-08-22 19:00:00,0.580,2.000,0.000,2.000,17.200
2021-08-22 20:00:00,0.450,0.000,0.000,0.000,16.800
2021-08-22 21:00:00,0.850,0.000,0.000,0.000,16.500
2021-08-22 22:00:00,3.400,0.000,0.000,0.000,16.600
2021-08-22 23:00:00,4.040,0.000,0.000,0.000,16.200
2021-08-23 00:00:00,4.980,0.000,0.000,0.000,16.200
2021-08-23 01:00:00,4.700,0.000,0.000,0.000,16.100
2021-08-23 02:00:00,4.710,0.000,0.000,0.000,15.800
2021-08-23 03:00:00,4.850,0.000,0.000,0.000,15.600
2021-08-23 04:00:00,5.390,0.000,0.000,0.000,15.300
2021-08-23 05:00:00,5.430,8.000,31.300,6.000,15.200
2021-08-23 06:00:00,6.020,60.000,131.100,37.000,15.300
2021-08-23 07:00:00,6.400,96.000,103.500,62.000,15.900
2021-08-23 08:00:00,6.310,172.000,159.600,97.000,17.100
2021-08-23 09:00:00,5.050,360.000,389.900,130.000,18.300
2021-08-23 10:00:00,6.390,597.000,689.400,128.000,19.200
2021-08-23 11:00:00,6.670,605.000,586.400,174.000,20.300
2021-08-23 12:00:00,6.660,657.000,641.300,176.000,21.400
2021-08-23 13:00:00,6.450,565.000,545.100,170.000,21.800
2021-08-23 14:00:00,6.330,596.000,710.200,127.000,22.300
2021-08-23 15:00:00,6.500,499.000,680.200,117.000,22.300
2021-08-23 16:00:00,6.660,358.000,602.200,96.000,21.900
2021-08-23 17:00:00,6.020,216.000,490.700,74.000,21.100
2021-08-23 18:00:00,6.580,69.000,215.700,40.000,19.800
2021-08-23 19:00:00,7.070,4.000,19.100,3.000,17.900
2021-08-23 20:00:00,6.480,0.000,0.000,0.000,16.200
2021-08-23 21:00:00,5.940,0.000,0.000,0.000,15.000
2021-08-23 22:00:00,6.390,0.000,0.000,0.000,14.000
2021-08-23 23:00:00,6.010,0.000,0.000,0.000,13.000
2021-08-24 00:00:00,5.740,0.000,0.000,0.000,12.200
2021-08-24 01:00:00,5.760,0.000,0.000,0.000,11.600
2021-08-24 02:00:00,5.840,0.000,0.000,0.000,11.000
2021-08-24 03:00:00,5.980,0.000,0.000,0.000,10.600
2021-08-24 04:00:00,5.950,0.000,0.000,0.000,10.300
2021-08-24 05:00:00,5.590,13.000,80.800,8.000,9.900
2021-08-24 06:00:00,5.140,106.000,350.000,46.000,11.700
2021-08-24 07:00:00,5.870,182.000,274.100,93.000,14.100
2021-08-24 08:00:00,5.280,301.000,351.800,137.000,15.900
2021-08-24 09:00:00,4.430,498.000,585.100,155.000,17.200
2021-08-24 10:00:00,4.940,572.000,548.300,201.000,18.700
2021-08-24 11:00:00,5.290,640.000,584.000,213.000,20.000
2021-08-24 12:00:00,5.280,568.000,391.400,276.000,20.500
2021-08-24 13:00:00,5.280,557.000,378.900,284.000,21.200
2021-08-24 14:00:00,5.330,492.000,414.700,220.000,21.300
2021-08-24 15:00:00,4.960,450.000,499.200,172.000,21.200
2021-08-24 16:00:00,4.610,352.000,583.700,101.000,21.000
2021-08-24 17:00:00,3.670,188.000,366.000,84.000,20.300
2021-08-24 18:00:00,3.360,69.000,232.600,39.000,18.500
2021-08-24 19:00:00,3.860,3.000,19.100,2.000,16.000
2021-08-24 20:00:00,4.740,0.000,0.000,0.000,14.500
2021-08-24 21:00:00,5.470,0.000,0.000,0.000,13.600
2021-08-24 22:00:00,5.520,0.000,0.000,0.000,12.300
2021-08-24 23:00:00,4.520,0.000,0.000,0.000,11.200
2021-08-25 00:00:00,3.920,0.000,0.000,0.000,10.200
2021-08-25 01:00:00,3.130,0.000,0.000,0.000,10.300
2021-08-25 02:00:00,1.700,0.000,0.000,0.000,10.300
2021-08-25 03:00:00,1.080,0.000,0.000,0.000,9.000
2021-08-25 04:00:00,2.010,0.000,0.000,0.000,7.900
2021-08-25 05:00:00,3.160,11.000,50.000,8.000,8.800
2021-08-25 06:00:00,3.770,97.000,238.800,57.000,11.000
2021-08-25 07:00:00,3.410,207.000,386.400,83.000,13.400
2021-08-25 08:00:00,3.690,371.000,534.100,124.000,15.700
2021-08-25 09:00:00,4.570,479.000,527.000,172.000,17.600
2021-08-25 10:00:00,5.650,518.000,521.700,167.000,18.900
2021-08-25 11:00:00,7.350,493.000,334.100,250.000,19.500
2021-08-25 12:00:00,8.280,535.000,372.000,259.000,19.900
2021-08-25 13:00:00,9.390,432.000,263.900,243.000,20.100
2021-08-25 14:00:00,9.110,401.000,353.100,171.000,20.000
2021-08-25 15:00:00,9.590,304.000,239.100,172.000,19.800
2021-08-25 16:00:00,9.730,215.000,185.900,136.000,19.200
2021-08-25 17:00:00,8.990,93.000,25.100,86.000,18.500
2021-08-25 18:00:00,8.780,36.000,89.100,25.000,17.600
2021-08-25 19:00:00,8.740,1.000,0.000,1.000,16.800
2021-08-25 20:00:00,8.880,0.000,0.000,0.000,16.200
2021-08-25 21:00:00,8.970,0.000,0.000,0.000,15.900
2021-08-25 22:00:00,8.300,0.000,0.000,0.000,15.700
2021-08-25 23:00:00,8.430,0.000,0.000,0.000,15.500
2021-08-26 00:00:00,8.250,0.000,0.000,0.000,15.100
2021-08-26 01:00:00,8.060,0.000,0.000,0.000,14.700
2021-08-26 02:00:00,7.410,0.000,0.000,0.000,14.300
2021-08-26 03:00:00,7.130,0.000,0.000,0.000,13.600
2021-08-26 04:00:00,6.980,0.000,0.000,0.000,13.600
2021-08-26 05:00:00,7.130,9.000,34.500,7.000,13.400
2021-08-26 06:00:00,6.360,80.000,201.800,47.000,14.100
2021-08-26 07:00:00,6.440,186.000,318.500,85.000,15.100
2021-08-26 08:00:00,5.980,224.000,204.900,130.000,16.200
2021-08-26 09:00:00,5.860,255.000,103.700,195.000,16.800
2021-08-26 10:00:00,6.940,318.000,140.500,224.000,17.100
2021-08-26 11:00:00,6.510,437.000,308.300,214.000,17.500
2021-08-26 12:00:00,7.570,538.000,527.200,149.000,18.200
2021-08-26 13:00:00,8.180,415.000,406.000,126.000,17.300
2021-08-26 14:00:00,8.100,477.000,516.400,143.000,17.700
2021-08-26 15:00:00,7.640,328.000,385.600,117.000,17.500
2021-08-26 16:00:00,7.200,292.000,450.200,103.000,17.400
2021-08-26 17:00:00,6.550,131.000,259.700,60.000,16.700
2021-08-26 18:00:00,6.050,42.000,118.700,28.000,16.100
2021-08-26 19:00:00,5.360,2.000,0.000,2.000,15.400
2021-08-26 20:00:00,5.940,0.000,0.000,0.000,14.900
2021-08-26 21:00:00,6.290,0.000,0.000,0.000,14.400
2021-08-26 22:00:00,6.620,0.000,0.000,0.000,14.200
2021-08-26 23:00:00,6.460,0.000,0.000,0.000,13.800
2021-08-27 00:00:00,6.160,0.000,0.000,0.000,13.700
2021-08-27 01:00:00,6.720,0.000,0.000,0.000,13.300
2021-08-27 02:00:00,7.040,0.000,0.000,0.000,12.900
2021-08-27 03:00:00,7.160,0.000,0.000,0.000,13.100
2021-08-27 04:00:00,6.720,0.000,0.000,0.000,13.200
2021-08-27 05:00:00,7.380,4.000,0.000,4.000,13.300
2021-08-27 06:00:00,7.660,36.000,56.400,27.000,13.200
2021-08-27 07:00:00,7.160,79.000,89.400,51.000,13.100
2021-08-27 08:00:00,7.520,148.000,76.900,113.000,12.900
2021-08-27 09:00:00,7.290,79.000,12.200,72.000,13.600
2021-08-27 10:00:00,7.500,182.000,72.200,134.000,14.600
2021-08-27 11:00:00,6.610,224.000,133.500,128.000,15.400
2021-08-27 12:00:00,6.400,376.000,222.200,213.000,16.300
2021-08-27 13:00:00,6.200,357.000,261.500,172.000,17.200
2021-08-27 14:00:00,6.690,330.000,317.700,126.000,16.300
2021-08-27 15:00:00,6.230,323.000,332.000,143.000,15.800
2021-08-27 16:00:00,5.140,248.000,381.100,90.000,16.500
2021-08-27 17:00:00,4.510,163.000,373.100,63.000,16.600
2021-08-27 18:00:00,4.400,48.000,195.900,26.000,15.700
2021-08-27 19:00:00,4.700,1.000,0.000,1.000,14.900
2021-08-27 20:00:00,5.200,0.000,0.000,0.000,14.300
2021-08-27 21:00:00,5.010,0.000,0.000,0.000,13.400
2021-08-27 22:00:00,5.900,0.000,0.000,0.000,12.100
2021-08-27 23:00:00,4.810,0.000,0.000,0.000,12.200
2021-08-28 00:00:00,3.550,0.000,0.000,0.000,12.600
2021-08-28 01:00:00,3.180,0.000,0.000,0.000,12.700
2021-08-28 02:00:00,4.340,0.000,0.000,0.000,12.500
2021-08-28 03:00:00,4.550,0.000,0.000,0.000,12.500
2021-08-28 04:00:00,4.120,0.000,0.000,0.000,12.500
2021-08-28 05:00:00,3.890,5.000,18.500,4.000,12.500
2021-08-28 06:00:00,3.640,72.000,231.600,36.000,13.000
2021-08-28 07:00:00,3.920,119.000,58.200,101.000,13.700
2021-08-28 08:00:00,3.520,104.000,4.400,102.000,14.500
2021-08-28 09:00:00,4.040,197.000,28.000,181.000,15.600
2021-08-28 10:00:00,2.510,255.000,54.400,219.000,16.400
2021-08-28 11:00:00,3.490,299.000,61.500,255.000,17.000
2021-08-28 12:00:00,4.050,344.000,139.800,242.000,17.800
2021-08-28 13:00:00,3.940,261.000,101.000,190.000,18.000
2021-08-28 14:00:00,4.630,189.000,50.200,157.000,17.400
2021-08-28 15:00:00,6.120,174.000,108.000,116.000,16.700
2021-08-28 16:00:00,6.100,105.000,26.900,94.000,16.500
2021-08-28 17:00:00,5.610,41.000,7.600,39.000,15.900
2021-08-28 18:00:00,6.280,12.000,0.000,12.000,15.300
2021-08-28 19:00:00,6.490,0.000,0.000,0.000,14.900
2021-08-28 20:00:00,6.300,0.000,0.000,0.000,14.800
2021-08-28 21:00:00,5.810,0.000,0.000,0.000,14.600
2021-08-28 22:00:00,5.320,0.000,0.000,0.000,14.500
2021-08-28 23:00:00,4.940,0.000,0.000,0.000,14.300
2021-08-29 00:00:00,5.280,0.000,0.000,0.000,14.300
2021-08-29 01:00:00,5.280,0.000,0.000,0.000,14.200
2021-08-29 02:00:00,5.100,0.000,0.000,0.000,14.000
2021-08-29 03:00:00,4.890,0.000,0.000,0.000,13.900
2021-08-29 04:00:00,4.770,0.000,0.000,0.000,13.800
2021-08-29 05:00:00,5.020,0.000,0.000,0.000,13.700
2021-08-29 06:00:00,5.460,7.000,0.000,7.000,13.700
2021-08-29 07:00:00,6.320,22.000,9.800,19.000,13.800
2021-08-29 08:00:00,5.700,39.000,15.700,32.000,14.200
2021-08-29 09:00:00,4.750,33.000,0.000,33.000,14.600
2021-08-29 10:00:00,3.770,70.000,0.000,70.000,15.200
2021-08-29 11:00:00,4.490,150.000,32.300,127.000,16.200
2021-08-29 12:00:00,4.840,198.000,121.400,110.000,17.000
2021-08-29 13:00:00,5.920,173.000,51.600,137.000,17.400
2021-08-29 14:00:00,5.800,116.000,9.500,110.000,17.300
2021-08-29 15:00:00,5.610,144.000,48.900,118.000,17.500
2021-08-29 16:00:00,8.100,64.000,9.900,60.000,17.000
2021-08-29 17:00:00,6.780,56.000,3.900,55.000,16.600
2021-08-29 18:00:00,6.960,19.000,9.500,18.000,16.200
2021-08-29 19:00:00,7.280,0.000,0.000,0.000,16.200
2021-08-29 20:00:00,7.350,0.000,0.000,0.000,16.100
2021-08-29 21:00:00,7.280,0.000,0.000,0.000,16.200
2021-08-29 22:00:00,8.900,0.000,0.000,0.000,16.100
2021-08-29 23:00:00,9.160,0.000,0.000,0.000,15.900
2021-08-30 00:00:00,8.430,0.000,0.000,0.000,15.900
2021-08-30 01:00:00,8.600,0.000,0.000,0.000,15.800
2021-08-30 02:00:00,7.540,0.000,0.000,0.000,15.800
2021-08-30 03:00:00,7.320,0.000,0.000,0.000,15.700
2021-08-30 04:00:00,7.100,0.000,0.000,0.000,15.700
2021-08-30 05:00:00,7.530,3.000,0.000,3.000,15.700
2021-08-30 06:00:00,7.280,41.000,61.100,32.000,15.800
2021-08-30 07:00:00,7.420,87.000,69.700,66.000,16.100
2021-08-30 08:00:00,6.530,136.000,74.400,103.000,16.500
2021-08-30 09:00:00,5.740,148.000,19.500,137.000,17.100
2021-08-30 10:00:00,5.630,248.000,111.700,175.000,17.600
2021-08-30 11:00:00,5.100,262.000,94.800,195.000,17.900
2021-08-30 12:00:00,5.990,384.000,245.600,207.000,18.400
2021-08-30 13:00:00,6.510,385.000,289.700,184.000,18.500
2021-08-30 14:00:00,6.990,288.000,146.600,196.000,18.800
2021-08-30 15:00:00,7.060,287.000,248.600,156.000,18.100
2021-08-30 16:00:00,7.380,228.000,331.100,96.000,18.500
2021-08-30 17:00:00,7.780,109.000,202.900,58.000,18.200
2021-08-30 18:00:00,7.050,34.000,136.800,20.000,17.500
2021-08-30 19:00:00,6.620,0.000,0.000,0.000,16.400
2021-08-30 20:00:00,6.630,0.000,0.000,0.000,15.700
2021-08-30 21:00:00,6.280,0.000,0.000,0.000,15.100
2021-08-30 22:00:00,6.090,0.000,0.000,0.000,14.700
2021-08-30 23:00:00,5.280,0.000,0.000,0.000,14.700
2021-08-31 00:00:00,4.400,0.000,0.000,0.000,14.400
2021-08-31 01:00:00,4.460,0.000,0.000,0.000,13.800
2021-08-31 02:00:00,5.110,0.000,0.000,0.000,13.600
2021-08-31 03:00:00,5.550,0.000,0.000,0.000,13.400
2021-08-31 04:00:00,5.630,0.000,0.000,0.000,13.300
2021-08-31 05:00:00,5.520,4.000,19.100,3.000,13.100
2021-08-31 06:00:00,5.240,68.000,167.600,44.000,13.600
2021-08-31 07:00:00,4.430,202.000,423.700,76.000,14.500
2021-08-31 08:00:00,4.560,334.000,471.100,127.000,16.200
2021-08-31 09:00:00,4.630,451.000,572.100,131.000,17.900
2021-08-31 10:00:00,5.370,602.000,734.700,125.000,19.600
2021-08-31 11:00:00,6.530,635.000,653.100,176.000,20.500
2021-08-31 12:00:00,6.200,606.000,594.600,180.000,21.100
2021-08-31 13:00:00,5.900,609.000,679.100,141.000,21.700
2021-08-31 14:00:00,5.730,536.000,623.000,148.000,22.000
2021-08-31 15:00:00,5.630,400.000,517.400,130.000,21.900
2021-08-31 16:00:00,5.700,294.000,490.700,101.000,21.800
2021-08-31 17:00:00,5.330,152.000,325.500,72.000,21.000
2021-08-31 18:00:00,5.690,40.000,160.800,24.000,19.000
2021-08-31 19:00:00,6.190,0.000,0.000,0.000,17.300
2021-08-31 20:00:00,6.350,0.000,0.000,0.000,16.300
2021-08-31 21:00:00,6.130,0.000,0.000,0.000,15.700
2021-08-31 22:00:00,5.990,0.000,0.000,0.000,14.600
2021-08-31 23:00:00,5.490,0.000,0.000,0.000,14.200
2021-09-01 00:00:00,5.380,0.000,0.000,0.000,13.900
2021-09-01 01:00:00,5.340,0.000,0.000,0.000,13.700
2021-09-01 02:00:00,5.080,0.000,0.000,0.000,13.200
2021-09-01 03:00:00,4.650,0.000,0.000,0.000,13.000
2021-09-01 04:00:00,5.050,0.000,0.000,0.000,12.800
2021-09-01 05:00:00,4.920,4.000,19.100,3.000,12.600
2021-09-01 06:00:00,4.880,74.000,222.900,43.000,13.000
2021-09-01 07:00:00,5.140,137.000,170.400,87.000,13.900
2021-09-01 08:00:00,4.790,264.000,250.400,155.000,15.300
2021-09-01 09:00:00,4.380,382.000,387.100,167.000,17.000
2021-09-01 10:00:00,4.560,505.000,406.100,243.000,18.200
2021-09-01 11:00:00,4.250,547.000,532.500,175.000,19.400
2021-09-01 12:00:00,4.240,377.000,160.100,263.000,20.000
2021-09-01 13:00:00,4.280,293.000,67.200,247.000,20.400
2021-09-01 14:00:00,4.220,285.000,140.800,198.000,20.800
2021-09-01 15:00:00,4.430,217.000,114.200,158.000,20.800
2021-09-01 16:00:00,4.530,181.000,188.200,108.000,20.800
2021-09-01 17:00:00,4.920,115.000,174.900,73.000,20.300
2021-09-01 18:00:00,5.500,36.000,175.800,19.000,18.700
2021-09-01 19:00:00,5.900,0.000,0.000,0.000,17.000
2021-09-01 20:00:00,5.870,0.000,0.000,0.000,16.100
2021-09-01 21:00:00,5.630,0.000,0.000,0.000,15.300
2021-09-01 22:00:00,4.420,0.000,0.000,0.000,14.600
2021-09-01 23:00:00,3.780,0.000,0.000,0.000,14.000
2021-09-02 00:00:00,3.890,0.000,0.000,0.000,13.400
2021-09-02 01:00:00,3.860,0.000,0.000,0.000,12.900
2021-09-02 02:00:00,3.550,0.000,0.000,0.000,11.800
2021-09-02 03:00:00,3.440,0.000,0.000,0.000,11.400
2021-09-02 04:00:00,3.080,0.000,0.000,0.000,11.100
2021-09-02 05:00:00,2.480,3.000,0.000,3.000,11.200
2021-09-02 06:00:00,1.980,62.000,207.400,34.000,12.100
2021-09-02 07:00:00,1.350,82.000,10.400,79.000,13.600
2021-09-02 08:00:00,0.940,128.000,18.500,120.000,15.000
2021-09-02 09:00:00,1.100,202.000,67.100,165.000,16.200
2021-09-02 10:00:00,1.120,310.000,109.200,240.000,16.500
2021-09-02 11:00:00,1.330,410.000,154.100,303.000,17.500
2021-09-02 12:00:00,1.530,450.000,230.400,287.000,18.800
2021-09-02 13:00:00,1.600,449.000,267.800,267.000,19.600
2021-09-02 14:00:00,1.520,351.000,218.700,217.000,20.200
2021-09-02 15:00:00,1.360,297.000,215.100,187.000,20.600
2021-09-02 16:00:00,1.210,171.000,143.800,116.000,20.300
2021-09-02 17:00:00,1.060,143.000,311.400,70.000,20.100
2021-09-02 18:00:00,1.300,38.000,202.400,19.000,19.400
2021-09-02 19:00:00,1.460,0.000,0.000,0.000,18.100
2021-09-02 20:00:00,1.570,0.000,0.000,0.000,16.100
2021-09-02 21:00:00,1.490,0.000,0.000,0.000,14.000
2021-09-02 22:00:00,1.930,0.000,0.000,0.000,12.500
2021-09-02 23:00:00,1.630,0.000,0.000,0.000,12.200
2021-09-03 00:00:00,0.980,0.000,0.000,0.000,12.300
2021-09-03 01:00:00,0.140,0.000,0.000,0.000,11.500
2021-09-03 02:00:00,0.670,0.000,0.000,0.000,10.900
2021-09-03 03:00:00,0.920,0.000,0.000,0.000,10.200
2021-09-03 04:00:00,1.120,0.000,0.000,0.000,9.700
2021-09-03 05:00:00,1.660,3.000,19.100,2.000,9.500
2021-09-03 06:00:00,2.020,77.000,313.400,36.000,10.700
2021-09-03 07:00:00,2.020,144.000,115.700,111.000,12.800
2021-09-03 08:00:00,1.770,240.000,147.400,177.000,14.900
2021-09-03 09:00:00,2.240,397.000,316.100,224.000,16.700
2021-09-03 10:00:00,2.820,553.000,593.600,175.000,18.100
2021-09-03 11:00:00,3.070,637.000,733.400,131.000,19.500
2021-09-03 12:00:00,3.370,680.000,796.700,120.000,20.900
2021-09-03 13:00:00,3.690,653.000,804.500,110.000,21.700
2021-09-03 14:00:00,3.860,575.000,774.900,104.000,22.300
2021-09-03 15:00:00,3.940,461.000,729.000,92.000,22.300
2021-09-03 16:00:00,4.040,318.000,634.200,79.000,21.900
2021-09-03 17:00:00,4.120,167.000,480.900,57.000,20.800
2021-09-03 18:00:00,4.720,40.000,219.800,20.000,18.600
2021-09-03 19:00:00,5.280,0.000,0.000,0.000,16.400
2021-09-03 20:00:00,5.460,0.000,0.000,0.000,15.200
2021-09-03 21:00:00,5.440,0.000,0.000,0.000,14.300
2021-09-03 22:00:00,4.430,0.000,0.000,0.000,13.200
2021-09-03 23:00:00,3.440,0.000,0.000,0.000,12.300
2021-09-04 00:00:00,3.040,0.000,0.000,0.000,11.800
2021-09-04 01:00:00,3.080,0.000,0.000,0.000,11.600
2021-09-04 02:00:00,3.140,0.000,0.000,0.000,11.500
2021-09-04 03:00:00,2.520,0.000,0.000,0.000,11.800
2021-09-04 04:00:00,2.200,0.000,0.000,0.000,11.300
2021-09-04 05:00:00,1.940,3.000,0.000,3.000,11.600
2021-09-04 06:00:00,1.910,52.000,126.300,36.000,12.100
2021-09-04 07:00:00,1.640,126.000,170.700,78.000,13.100
2021-09-04 08:00:00,2.280,234.000,240.900,132.000,14.000
2021-09-04 09:00:00,2.200,311.000,241.200,180.000,14.400
2021-09-04 10:00:00,1.580,396.000,257.700,233.000,15.300
2021-09-04 11:00:00,1.910,517.000,424.500,226.000,16.500
2021-09-04 12:00:00,2.130,584.000,557.000,195.000,17.700
2021-09-04 13:00:00,2.330,544.000,571.500,161.000,18.300
2021-09-04 14:00:00,2.400,534.000,660.300,136.000,18.900
2021-09-04 15:00:00,2.400,441.000,636.900,122.000,19.000
2021-09-04 16:00:00,2.560,304.000,576.300,90.000,18.600
2021-09-04 17:00:00,2.690,153.000,421.500,59.000,17.900
2021-09-04 18:00:00,3.330,36.000,192.900,19.000,15.400
2021-09-04 19:00:00,4.110,0.000,0.000,0.000,13.300
2021-09-04 20:00:00,4.330,0.000,0.000,0.000,11.900
2021-09-04 21:00:00,4.210,0.000,0.000,0.000,10.900
2021-09-04 22:00:00,3.210,0.000,0.000,0.000,10.500
2021-09-04 23:00:00,3.610,0.000,0.000,0.000,9.700
2021-09-05 00:00:00,3.620,0.000,0.000,0.000,9.200
2021-09-05 01:00:00,3.510,0.000,0.000,0.000,9.100
2021-09-05 02:00:00,3.600,0.000,0.000,0.000,8.900
2021-09-05 03:00:00,3.650,0.000,0.000,0.000,8.600
2021-09-05 04:00:00,3.890,0.000,0.000,0.000,8.900
2021-09-05 05:00:00,4.430,2.000,0.000,2.000,9.200
2021-09-05 06:00:00,4.340,44.000,130.600,28.000,10.200
2021-09-05 07:00:00,3.380,149.000,303.100,65.000,11.500
2021-09-05 08:00:00,3.160,268.000,384.000,107.000,12.900
2021-09-05 09:00:00,3.510,382.000,448.900,140.000,14.100
2021-09-05 10:00:00,2.900,436.000,471.000,140.000,16.300
2021-09-05 11:00:00,3.010,488.000,436.000,191.000,17.600
2021-09-05 12:00:00,3.130,469.000,455.500,153.000,18.600
2021-09-05 13:00:00,3.240,495.000,502.000,161.000,19.600
2021-09-05 14:00:00,3.420,446.000,483.500,157.000,20.100
2021-09-05 15:00:00,3.610,413.000,579.200,126.000,20.300
2021-09-05 16:00:00,3.710,286.000,524.900,94.000,20.000
2021-09-05 17:00:00,3.800,148.000,395.800,62.000,18.900
2021-09-05 18:00:00,4.500,32.000,175.900,17.000,16.200
2021-09-05 19:00:00,4.810,0.000,0.000,0.000,13.900
2021-09-05 20:00:00,4.410,0.000,0.000,0.000,12.600
2021-09-05 21:00:00,4.040,0.000,0.000,0.000,11.700
2021-09-05 22:00:00,2.640,0.000,0.000,0.000,10.500
2021-09-05 23:00:00,2.190,0.000,0.000,0.000,9.100
2021-09-06 00:00:00,1.960,0.000,0.000,0.000,8.600
2021-09-06 01:00:00,1.820,0.000,0.000,0.000,8.100
2021-09-06 02:00:00,2.120,0.000,0.000,0.000,7.200
2021-09-06 03:00:00,2.090,0.000,0.000,0.000,6.700
2021-09-06 04:00:00,1.530,0.000,0.000,0.000,6.600
2021-09-06 05:00:00,1.770,2.000,0.000,2.000,6.700
2021-09-06 06:00:00,1.940,65.000,262.000,34.000,7.800
2021-09-06 07:00:00,1.300,150.000,128.200,115.000,10.400
2021-09-06 08:00:00,0.850,250.000,190.300,171.000,13.600
2021-09-06 09:00:00,0.360,411.000,405.700,194.000,16.200
2021-09-06 10:00:00,0.920,586.000,724.200,134.000,19.000
2021-09-06 11:00:00,1.080,656.000,793.500,119.000,20.300
2021-09-06 12:00:00,1.500,655.000,738.700,146.000,21.100
2021-09-06 13:00:00,2.480,574.000,548.200,212.000,21.600
2021-09-06 14:00:00,2.550,438.000,339.200,237.000,21.600
2021-09-06 15:00:00,2.360,253.000,116.300,196.000,21.300
2021-09-06 16:00:00,2.720,145.000,33.300,133.000,20.700
2021-09-06 17:00:00,3.540,95.000,94.600,75.000,19.700
2021-09-06 18:00:00,3.740,23.000,109.300,14.000,17.800
2021-09-06 19:00:00,4.610,0.000,0.000,0.000,16.700
2021-09-06 20:00:00,4.110,0.000,0.000,0.000,16.100
2021-09-06 21:00:00,3.610,0.000,0.000,0.000,14.800
2021-09-06 22:00:00,4.100,0.000,0.000,0.000,14.800
2021-09-06 23:00:00,1.660,0.000,0.000,0.000,14.400
2021-09-07 00:00:00,0.410,0.000,0.000,0.000,13.400
2021-09-07 01:00:00,1.780,0.000,0.000,0.000,12.600
2021-09-07 02:00:00,2.270,0.000,0.000,0.000,12.000
2021-09-07 03:00:00,2.690,0.000,0.000,0.000,11.300
2021-09-07 04:00:00,3.000,0.000,0.000,0.000,11.500
2021-09-07 05:00:00,2.970,1.000,0.000,1.000,11.600
2021-09-07 06:00:00,2.700,34.000,35.000,30.000,12.200
2021-09-07 07:00:00,1.530,133.000,171.100,87.000,14.100
2021-09-07 08:00:00,0.400,241.000,245.700,140.000,16.200
2021-09-07 09:00:00,0.320,320.000,229.900,198.000,18.100
2021-09-07 10:00:00,0.500,409.000,292.000,228.000,19.700
2021-09-07 11:00:00,0.450,520.000,419.500,238.000,21.000
2021-09-07 12:00:00,0.420,515.000,356.500,271.000,21.700
2021-09-07 13:00:00,0.280,502.000,373.800,257.000,22.300
2021-09-07 14:00:00,0.420,439.000,381.400,215.000,22.900
2021-09-07 15:00:00,0.850,376.000,476.700,145.000,23.000
2021-09-07 16:00:00,1.280,250.000,403.500,107.000,22.700
2021-09-07 17:00:00,1.460,133.000,360.000,59.000,21.900
2021-09-07 18:00:00,2.010,25.000,138.600,14.000,19.800
2021-09-07 19:00:00,3.090,0.000,0.000,0.000,16.600
2021-09-07 20:00:00,3.800,0.000,0.000,0.000,15.500
2021-09-07 21:00:00,4.550,0.000,0.000,0.000,14.700
2021-09-07 22:00:00,5.300,0.000,0.000,0.000,14.000
2021-09-07 23:00:00,5.560,0.000,0.000,0.000,13.300
2021-09-08 00:00:00,5.420,0.000,0.000,0.000,12.600
2021-09-08 01:00:00,5.200,0.000,0.000,0.000,12.000
2021-09-08 02:00:00,5.200,0.000,0.000,0.000,11.700
2021-09-08 03:00:00,5.040,0.000,0.000,0.000,11.500
2021-09-08 04:00:00,4.890,0.000,0.000,0.000,11.000
2021-09-08 05:00:00,4.880,1.000,0.000,1.000,10.800
2021-09-08 06:00:00,4.890,63.000,299.200,30.000,12.100
2021-09-08 07:00:00,3.800,194.000,487.300,65.000,15.300
2021-09-08 08:00:00,2.830,331.000,589.900,91.000,18.400
2021-09-08 09:00:00,2.970,461.000,672.500,107.000,20.800
2021-09-08 10:00:00,3.490,573.000,749.100,112.000,22.500
2021-09-08 11:00:00,3.620,639.000,796.900,107.000,23.600
2021-09-08 12:00:00,3.720,651.000,796.100,110.000,24.500
2021-09-08 13:00:00,3.850,616.000,782.700,107.000,25.100
2021-09-08 14:00:00,3.980,536.000,745.800,102.000,25.300
2021-09-08 15:00:00,4.070,411.000,649.200,100.000,25.200
2021-09-08 16:00:00,4.090,281.000,590.900,75.000,24.900
2021-09-08 17:00:00,4.680,134.000,405.800,53.000,23.800
2021-09-08 18:00:00,5.920,23.000,130.900,13.000,21.100
2021-09-08 19:00:00,6.520,0.000,0.000,0.000,19.200
2021-09-08 20:00:00,6.500,0.000,0.000,0.000,18.000
2021-09-08 21:00:00,6.260,0.000,0.000,0.000,17.000
2021-09-08 22:00:00,6.410,0.000,0.000,0.000,15.700
2021-09-08 23:00:00,6.070,0.000,0.000,0.000,14.800
2021-09-09 00:00:00,5.540,0.000,0.000,0.000,14.000
2021-09-09 01:00:00,5.100,0.000,0.000,0.000,13.400
2021-09-09 02:00:00,5.160,0.000,0.000,0.000,12.800
2021-09-09 03:00:00,4.840,0.000,0.000,0.000,12.500
2021-09-09 04:00:00,4.960,0.000,0.000,0.000,12.000
2021-09-09 05:00:00,5.680,1.000,0.000,1.000,11.600
2021-09-09 06:00:00,5.410,61.000,295.700,29.000,13.200
2021-09-09 07:00:00,4.140,194.000,502.800,63.000,16.100
2021-09-09 08:00:00,3.240,341.000,640.800,83.000,19.100
2021-09-09 09:00:00,3.120,474.000,722.100,97.000,21.700
2021-09-09 10:00:00,3.620,574.000,767.700,105.000,24.300
2021-09-09 11:00:00,4.160,632.000,784.400,112.000,25.800
2021-09-09 12:00:00,3.830,643.000,788.600,111.000,26.900
2021-09-09 13:00:00,3.630,592.000,726.900,123.000,27.700
2021-09-09 14:00:00,3.410,448.000,546.400,133.000,27.900
2021-09-09 15:00:00,3.260,359.000,566.100,91.000,27.800
2021-09-09 16:00:00,2.890,221.000,417.200,78.000,27.500
2021-09-09 17:00:00,2.930,97.000,284.200,42.000,26.500
2021-09-09 18:00:00,3.440,16.000,81.800,10.000,23.200
2021-09-09 19:00:00,3.980,0.000,0.000,0.000,21.300
2021-09-09 20:00:00,5.500,0.000,0.000,0.000,20.500
2021-09-09 21:00:00,6.590,0.000,0.000,0.000,19.500
2021-09-09 22:00:00,8.210,0.000,0.000,0.000,19.600
2021-09-09 23:00:00,6.300,0.000,0.000,0.000,19.300
2021-09-10 00:00:00,6.580,0.000,0.000,0.000,19.000
2021-09-10 01:00:00,6.670,0.000,0.000,0.000,18.900
2021-09-10 02:00:00,5.590,0.000,0.000,0.000,18.800
2021-09-10 03:00:00,5.300,0.000,0.000,0.000,18.700
2021-09-10 04:00:00,5.500,0.000,0.000,0.000,18.700
2021-09-10 05:00:00,5.170,0.000,0.000,0.000,18.500
2021-09-10 06:00:00,5.310,31.000,56.500,25.000,18.800
2021-09-10 07:00:00,4.110,144.000,249.700,80.000,19.400
2021-09-10 08:00:00,4.030,121.000,32.600,108.000,20.600
2021-09-10 09:00:00,4.240,124.000,19.300,114.000,21.200
2021-09-10 10:00:00,2.960,166.000,31.300,147.000,21.000
2021-09-10 11:00:00,2.620,228.000,15.200,218.000,22.200
2021-09-10 12:00:00,2.500,319.000,107.500,247.000,23.100
2021-09-10 13:00:00,3.580,387.000,309.400,189.000,24.100
2021-09-10 14:00:00,2.830,354.000,350.200,154.000,24.000
2021-09-10 15:00:00,2.940,307.000,380.600,129.000,23.900
2021-09-10 16:00:00,3.360,175.000,249.400,91.000,23.600
2021-09-10 17:00:00,3.140,73.000,144.000,46.000,22.500
2021-09-10 18:00:00,3.330,11.000,28.400,9.000,20.800
2021-09-10 19:00:00,3.710,0.000,0.000,0.000,20.100
2021-09-10 20:00:00,4.950,0.000,0.000,0.000,19.200
2021-09-10 21:00:00,5.200,0.000,0.000,0.000,18.800
2021-09-10 22:00:00,4.830,0.000,0.000,0.000,18.500
2021-09-10 23:00:00,4.520,0.000,0.000,0.000,18.500
2021-09-11 00:00:00,4.400,0.000,0.000,0.000,18.700
2021-09-11 01:00:00,5.090,0.000,0.000,0.000,18.300
2021-09-11 02:00:00,6.040,0.000,0.000,0.000,18.100
2021-09-11 03:00:00,6.590,0.000,0.000,0.000,17.700
2021-09-11 04:00:00,5.520,0.000,0.000,0.000,17.300
2021-09-11 05:00:00,5.560,0.000,0.000,0.000,17.200
2021-09-11 06:00:00,5.520,38.000,144.200,23.000,17.300
2021-09-11 07:00:00,5.100,114.000,134.900,80.000,18.200
2021-09-11 08:00:00,6.170,165.000,142.100,109.000,19.000
2021-09-11 09:00:00,6.610,285.000,263.000,150.000,19.800
2021-09-11 10:00:00,5.720,435.000,458.600,159.000,20.600
2021-09-11 11:00:00,5.280,474.000,489.700,154.000,21.000
2021-09-11 12:00:00,4.980,537.000,628.800,119.000,21.100
2021-09-11 13:00:00,5.600,445.000,501.000,127.000,21.300
2021-09-11 14:00:00,6.160,361.000,378.400,147.000,21.300
2021-09-11 15:00:00,5.690,302.000,404.800,115.000,21.600
2021-09-11 16:00:00,5.080,199.000,332.400,89.000,21.400
2021-09-11 17:00:00,4.950,108.000,330.900,48.000,20.600
2021-09-11 18:00:00,4.750,14.000,74.400,9.000,19.100
2021-09-11 19:00:00,4.980,0.000,0.000,0.000,17.900
2021-09-11 20:00:00,5.430,0.000,0.000,0.000,17.300
2021-09-11 21:00:00,5.760,0.000,0.000,0.000,17.100
2021-09-11 22:00:00,5.980,0.000,0.000,0.000,16.700
2021-09-11 23:00:00,5.600,0.000,0.000,0.000,16.800
2021-09-12 00:00:00,5.510,0.000,0.000,0.000,16.800
2021-09-12 01:00:00,5.240,0.000,0.000,0.000,16.700
2021-09-12 02:00:00,4.870,0.000,0.000,0.000,16.800
2021-09-12 03:00:00,5.190,0.000,0.000,0.000,16.700
2021-09-12 04:00:00,5.150,0.000,0.000,0.000,16.800
2021-09-12 05:00:00,5.110,0.000,0.000,0.000,16.700
2021-09-12 06:00:00,5.570,27.000,68.700,20.000,16.800
2021-09-12 07:00:00,5.710,60.000,20.200,55.000,17.300
2021-09-12 08:00:00,5.280,140.000,102.600,100.000,17.800
2021-09-12 09:00:00,4.880,262.000,196.500,162.000,18.400
2021-09-12 10:00:00,5.460,358.000,267.900,198.000,19.500
2021-09-12 11:00:00,5.320,339.000,180.400,222.000,19.700
2021-09-12 12:00:00,5.660,483.000,403.200,217.000,20.500
2021-09-12 13:00:00,5.810,430.000,473.500,132.000,20.800
2021-09-12 14:00:00,5.810,435.000,557.200,123.000,21.400
2021-09-12 15:00:00,5.710,312.000,412.200,124.000,21.300
2021-09-12 16:00:00,5.220,210.000,338.600,100.000,21.100
2021-09-12 17:00:00,5.020,96.000,268.400,49.000,20.000
2021-09-12 18:00:00,5.120,11.000,46.800,8.000,18.200
2021-09-12 19:00:00,5.200,0.000,0.000,0.000,16.700
2021-09-12 20:00:00,4.900,0.000,0.000,0.000,15.800
2021-09-12 21:00:00,4.730,0.000,0.000,0.000,15.200
2021-09-12 22:00:00,4.510,0.000,0.000,0.000,14.500
2021-09-12 23:00:00,4.260,0.000,0.000,0.000,13.900
2021-09-13 00:00:00,4.630,0.000,0.000,0.000,13.500
2021-09-13 01:00:00,4.810,0.000,0.000,0.000,13.200
2021-09-13 02:00:00,4.770,0.000,0.000,0.000,12.900
2021-09-13 03:00:00,5.020,0.000,0.000,0.000,12.700
2021-09-13 04:00:00,4.820,0.000,0.000,0.000,12.600
2021-09-13 05:00:00,4.340,0.000,0.000,0.000,12.900
2021-09-13 06:00:00,4.410,34.000,90.200,25.000,13.300
2021-09-13 07:00:00,4.210,88.000,78.100,69.000,14.100
2021-09-13 08:00:00,3.520,132.000,46.700,114.000,14.800
2021-09-13 09:00:00,3.240,228.000,95.200,180.000,15.600
2021-09-13 10:00:00,2.380,247.000,145.100,161.000,17.000
2021-09-13 11:00:00,2.260,310.000,197.300,183.000,17.500
2021-09-13 12:00:00,2.280,224.000,82.500,170.000,17.700
2021-09-13 13:00:00,2.050,308.000,173.100,200.000,18.400
2021-09-13 14:00:00,2.050,253.000,110.000,192.000,18.500
2021-09-13 15:00:00,1.700,227.000,182.100,145.000,18.600
2021-09-13 16:00:00,1.000,121.000,97.200,90.000,18.100
2021-09-13 17:00:00,0.580,71.000,77.000,58.000,17.800
2021-09-13 18:00:00,0.950,9.000,16.400,8.000,16.100
2021-09-13 19:00:00,1.770,0.000,0.000,0.000,14.900
2021-09-13 20:00:00,2.280,0.000,0.000,0.000,14.300
2021-09-13 21:00:00,2.600,0.000,0.000,0.000,14.200
2021-09-13 22:00:00,3.490,0.000,0.000,0.000,11.800
2021-09-13 23:00:00,4.020,0.000,0.000,0.000,11.200
2021-09-14 00:00:00,4.050,0.000,0.000,0.000,10.800
2021-09-14 01:00:00,3.940,0.000,0.000,0.000,11.000
2021-09-14 02:00:00,4.430,0.000,0.000,0.000,10.500
2021-09-14 03:00:00,5.060,0.000,0.000,0.000,10.600
2021-09-14 04:00:00,5.240,0.000,0.000,0.000,10.200
2021-09-14 05:00:00,4.890,0.000,0.000,0.000,9.900
2021-09-14 06:00:00,5.010,43.000,215.200,22.000,10.900
2021-09-14 07:00:00,4.570,167.000,455.900,58.000,13.300
2021-09-14 08:00:00,3.810,315.000,616.900,80.000,15.800
2021-09-14 09:00:00,3.940,432.000,656.100,104.000,17.900
2021-09-14 10:00:00,4.020,508.000,654.800,123.000,20.000
2021-09-14 11:00:00,4.330,572.000,665.200,147.000,21.400
2021-09-14 12:00:00,4.550,606.000,757.700,114.000,22.400
2021-09-14 13:00:00,4.930,575.000,751.700,110.000,23.100
2021-09-14 14:00:00,5.070,494.000,716.300,101.000,23.200
2021-09-14 15:00:00,5.260,367.000,609.900,96.000,23.300
2021-09-14 16:00:00,5.260,212.000,425.400,79.000,22.800
2021-09-14 17:00:00,5.820,85.000,258.200,43.000,21.700
2021-09-14 18:00:00,6.400,7.000,17.300,6.000,20.300
2021-09-14 19:00:00,7.520,0.000,0.000,0.000,19.300
2021-09-14 20:00:00,7.340,0.000,0.000,0.000,18.900
2021-09-14 21:00:00,6.980,0.000,0.000,0.000,18.400
2021-09-14 22:00:00,7.060,0.000,0.000,0.000,18.100
2021-09-14 23:00:00,4.470,0.000,0.000,0.000,17.500
2021-09-15 00:00:00,4.420,0.000,0.000,0.000,17.400
2021-09-15 01:00:00,4.510,0.000,0.000,0.000,17.800
2021-09-15 02:00:00,3.890,0.000,0.000,0.000,17.500
2021-09-15 03:00:00,3.060,0.000,0.000,0.000,17.000
2021-09-15 04:00:00,4.690,0.000,0.000,0.000,16.900
2021-09-15 05:00:00,4.700,0.000,0.000,0.000,16.800
2021-09-15 06:00:00,4.630,16.000,0.000,16.000,17.000
2021-09-15 07:00:00,4.340,92.000,106.500,67.000,17.600
2021-09-15 08:00:00,3.950,155.000,98.300,118.000,18.200
2021-09-15 09:00:00,3.750,161.000,72.700,125.000,18.500
2021-09-15 10:00:00,2.950,182.000,37.700,160.000,20.300
2021-09-15 11:00:00,3.900,78.000,1.600,77.000,20.100
2021-09-15 12:00:00,3.940,54.000,0.000,54.000,19.800
2021-09-15 13:00:00,3.950,170.000,19.600,158.000,20.400
2021-09-15 14:00:00,3.960,161.000,23.900,148.000,20.800
2021-09-15 15:00:00,4.420,107.000,2.300,106.000,20.500
2021-09-15 16:00:00,4.630,73.000,45.700,59.000,19.900
2021-09-15 17:00:00,4.410,15.000,6.400,14.000,19.500
2021-09-15 18:00:00,4.710,1.000,0.000,1.000,19.100
2021-09-15 19:00:00,5.220,0.000,0.000,0.000,18.900
2021-09-15 20:00:00,5.640,0.000,0.000,0.000,18.600
2021-09-15 21:00:00,5.600,0.000,0.000,0.000,18.200
2021-09-15 22:00:00,7.050,0.000,0.000,0.000,17.500
2021-09-15 23:00:00,6.730,0.000,0.000,0.000,17.300
2021-09-16 00:00:00,6.440,0.000,0.000,0.000,16.800
2021-09-16 01:00:00,6.110,0.000,0.000,0.000,16.200
2021-09-16 02:00:00,5.820,0.000,0.000,0.000,15.400
2021-09-16 03:00:00,6.380,0.000,0.000,0.000,14.900
2021-09-16 04:00:00,6.380,0.000,0.000,0.000,14.700
2021-09-16 05:00:00,6.500,0.000,0.000,0.000,14.600
2021-09-16 06:00:00,6.860,11.000,0.000,11.000,14.700
2021-09-16 07:00:00,8.030,71.000,69.500,55.000,15.000
2021-09-16 08:00:00,8.780,76.000,8.100,73.000,15.100
2021-09-16 09:00:00,7.470,118.000,26.500,105.000,15.700
2021-09-16 10:00:00,7.500,193.000,32.800,174.000,16.500
2021-09-16 11:00:00,7.900,308.000,189.200,189.000,17.400
2021-09-16 12:00:00,7.450,271.000,95.500,210.000,17.600
2021-09-16 13:00:00,7.950,224.000,82.300,174.000,17.800
2021-09-16 14:00:00,8.020,217.000,119.100,153.000,18.000
2021-09-16 15:00:00,7.900,142.000,32.400,128.000,17.700
2021-09-16 16:00:00,7.550,90.000,46.600,76.000,17.500
2021-09-16 17:00:00,7.050,42.000,53.300,34.000,17.100
2021-09-16 18:00:00,7.020,3.000,0.000,3.000,16.300
2021-09-16 19:00:00,7.120,0.000,0.000,0.000,16.100
2021-09-16 20:00:00,7.220,0.000,0.000,0.000,15.800
2021-09-16 21:00:00,7.200,0.000,0.000,0.000,15.600
2021-09-16 22:00:00,7.680,0.000,0.000,0.000,15.100
2021-09-16 23:00:00,7.990,0.000,0.000,0.000,14.700
2021-09-17 00:00:00,8.010,0.000,0.000,0.000,14.500
2021-09-17 01:00:00,8.040,0.000,0.000,0.000,14.400
2021-09-17 02:00:00,7.740,0.000,0.000,0.000,14.300
2021-09-17 03:00:00,7.280,0.000,0.000,0.000,14.100
2021-09-17 04:00:00,6.680,0.000,0.000,0.000,14.100
2021-09-17 05:00:00,6.230,0.000,0.000,0.000,14.000
2021-09-17 06:00:00,5.920,12.000,0.000,12.000,14.000
2021-09-17 07:00:00,6.910,125.000,292.100,59.000,14.300
2021-09-17 08:00:00,6.860,207.000,326.500,87.000,15.000
2021-09-17 09:00:00,6.820,274.000,314.700,121.000,15.700
2021-09-17 10:00:00,6.360,364.000,392.200,139.000,16.500
2021-09-17 11:00:00,7.290,389.000,346.200,173.000,17.200
2021-09-17 12:00:00,7.240,319.000,195.700,195.000,17.400
2021-09-17 13:00:00,6.860,300.000,196.000,182.000,17.500
2021-09-17 14:00:00,6.620,235.000,133.600,164.000,17.300
2021-09-17 15:00:00,6.110,263.000,330.700,122.000,17.400
2021-09-17 16:00:00,5.730,182.000,363.700,75.000,17.100
2021-09-17 17:00:00,5.090,74.000,215.600,43.000,16.400
2021-09-17 18:00:00,4.820,5.000,19.100,4.000,15.500
2021-09-17 19:00:00,4.740,0.000,0.000,0.000,14.300
2021-09-17 20:00:00,4.740,0.000,0.000,0.000,13.100
2021-09-17 21:00:00,4.600,0.000,0.000,0.000,12.200
2021-09-17 22:00:00,4.660,0.000,0.000,0.000,12.100
2021-09-17 23:00:00,4.100,0.000,0.000,0.000,11.600
2021-09-18 00:00:00,4.220,0.000,0.000,0.000,11.700
2021-09-18 01:00:00,4.470,0.000,0.000,0.000,11.600
2021-09-18 02:00:00,4.650,0.000,0.000,0.000,11.300
2021-09-18 03:00:00,4.830,0.000,0.000,0.000,11.500
2021-09-18 04:00:00,4.840,0.000,0.000,0.000,11.700
2021-09-18 05:00:00,4.800,0.000,0.000,0.000,11.700
2021-09-18 06:00:00,4.600,16.000,33.800,13.000,11.600
2021-09-18 07:00:00,3.680,31.000,13.500,28.000,12.500
2021-09-18 08:00:00,3.280,63.000,8.300,60.000,13.500
2021-09-18 09:00:00,3.200,112.000,31.200,97.000,14.500
2021-09-18 10:00:00,1.970,148.000,15.800,139.000,15.400
2021-09-18 11:00:00,1.880,175.000,35.500,153.000,16.100
2021-09-18 12:00:00,2.140,233.000,81.200,182.000,17.300
2021-09-18 13:00:00,2.210,243.000,171.000,141.000,17.500
2021-09-18 14:00:00,2.590,185.000,66.600,150.000,17.500
2021-09-18 15:00:00,2.690,152.000,133.200,96.000,17.200
2021-09-18 16:00:00,2.750,89.000,62.500,71.000,16.900
2021-09-18 17:00:00,2.860,37.000,58.200,29.000,16.200
2021-09-18 18:00:00,3.200,2.000,0.000,2.000,15.400
2021-09-18 19:00:00,4.180,0.000,0.000,0.000,15.600
2021-09-18 20:00:00,5.120,0.000,0.000,0.000,15.100
2021-09-18 21:00:00,5.730,0.000,0.000,0.000,14.800
2021-09-18 22:00:00,6.240,0.000,0.000,0.000,14.200
2021-09-18 23:00:00,6.360,0.000,0.000,0.000,13.700
2021-09-19 00:00:00,6.120,0.000,0.000,0.000,13.300
2021-09-19 01:00:00,5.800,0.000,0.000,0.000,12.800
2021-09-19 02:00:00,5.500,0.000,0.000,0.000,12.500
2021-09-19 03:00:00,5.100,0.000,0.000,0.000,12.200
2021-09-19 04:00:00,5.510,0.000,0.000,0.000,12.000
2021-09-19 05:00:00,5.700,0.000,0.000,0.000,11.900
2021-09-19 06:00:00,5.700,21.000,80.800,14.000,11.800
2021-09-19 07:00:00,5.500,95.000,161.300,60.000,12.100
2021-09-19 08:00:00,5.700,166.000,133.900,118.000,12.700
2021-09-19 09:00:00,5.800,286.000,283.100,151.000,13.500
2021-09-19 10:00:00,5.490,312.000,163.100,220.000,13.700
2021-09-19 11:00:00,5.220,274.000,53.800,241.000,13.900
2021-09-19 12:00:00,4.610,297.000,88.300,242.000,14.100
2021-09-19 13:00:00,4.510,271.000,101.500,211.000,14.300
2021-09-19 14:00:00,4.550,247.000,121.200,184.000,14.200
2021-09-19 15:00:00,4.530,180.000,82.100,146.000,14.100
2021-09-19 16:00:00,3.950,111.000,81.600,88.000,14.000
2021-09-19 17:00:00,3.610,35.000,15.200,33.000,13.500
2021-09-19 18:00:00,3.690,1.000,0.000,1.000,12.900
2021-09-19 19:00:00,3.730,0.000,0.000,0.000,12.500
2021-09-19 20:00:00,3.630,0.000,0.000,0.000,12.300
2021-09-19 21:00:00,3.500,0.000,0.000,0.000,12.300
2021-09-19 22:00:00,4.830,0.000,0.000,0.000,11.600
2021-09-19 23:00:00,4.730,0.000,0.000,0.000,11.500
2021-09-20 00:00:00,4.830,0.000,0.000,0.000,11.500
2021-09-20 01:00:00,4.870,0.000,0.000,0.000,11.400
2021-09-20 02:00:00,4.780,0.000,0.000,0.000,11.500
2021-09-20 03:00:00,4.780,0.000,0.000,0.000,11.400
2021-09-20 04:00:00,4.680,0.000,0.000,0.000,11.100
2021-09-20 05:00:00,4.590,0.000,0.000,0.000,10.900
2021-09-20 06:00:00,4.530,18.000,59.200,13.000,10.400
2021-09-20 07:00:00,3.490,81.000,89.400,62.000,10.800
2021-09-20 08:00:00,2.860,168.000,192.100,100.000,11.900
2021-09-20 09:00:00,3.740,313.000,366.400,140.000,12.800
2021-09-20 10:00:00,3.420,387.000,375.700,177.000,13.800
2021-09-20 11:00:00,3.320,346.000,243.200,198.000,14.200
2021-09-20 12:00:00,2.720,385.000,259.100,225.000,14.600
2021-09-20 13:00:00,2.020,296.000,201.600,178.000,14.600
2021-09-20 14:00:00,2.050,189.000,62.300,157.000,14.600
2021-09-20 15:00:00,2.500,145.000,85.700,110.000,14.600
2021-09-20 16:00:00,2.730,64.000,3.600,63.000,14.300
2021-09-20 17:00:00,3.070,23.000,8.000,22.000,13.700
2021-09-20 18:00:00,3.180,1.000,0.000,1.000,12.600
2021-09-20 19:00:00,3.580,0.000,0.000,0.000,12.200
2021-09-20 20:00:00,3.710,0.000,0.000,0.000,12.000
2021-09-20 21:00:00,3.330,0.000,0.000,0.000,11.400
2021-09-20 22:00:00,3.180,0.000,0.000,0.000,10.900
2021-09-20 23:00:00,2.850,0.000,0.000,0.000,10.500
2021-09-21 00:00:00,2.520,0.000,0.000,0.000,10.500
2021-09-21 01:00:00,3.240,0.000,0.000,0.000,10.500
2021-09-21 02:00:00,2.890,0.000,0.000,0.000,9.900
2021-09-21 03:00:00,2.640,0.000,0.000,0.000,9.100
2021-09-21 04:00:00,3.410,0.000,0.000,0.000,9.100
2021-09-21 05:00:00,2.520,0.000,0.000,0.000,9.200
2021-09-21 06:00:00,3.410,25.000,85.200,18.000,9.100
2021-09-21 07:00:00,2.620,92.000,129.700,65.000,10.400
2021-09-21 08:00:00,2.400,119.000,65.800,96.000,11.900
2021-09-21 09:00:00,3.000,140.000,32.100,125.000,13.100
2021-09-21 10:00:00,3.010,95.000,0.000,95.000,13.200
2021-09-21 11:00:00,3.720,131.000,3.300,129.000,14.000
2021-09-21 12:00:00,4.220,78.000,0.000,78.000,14.200
2021-09-21 13:00:00,4.520,85.000,0.000,85.000,14.500
2021-09-21 14:00:00,5.460,143.000,41.300,122.000,15.100
2021-09-21 15:00:00,6.460,157.000,82.000,124.000,15.300
2021-09-21 16:00:00,7.160,117.000,118.800,85.000,15.100
2021-09-21 17:00:00,7.100,33.000,25.300,30.000,14.600
2021-09-21 18:00:00,7.710,1.000,0.000,1.000,14.100
2021-09-21 19:00:00,7.910,0.000,0.000,0.000,14.000
2021-09-21 20:00:00,7.840,0.000,0.000,0.000,13.900
2021-09-21 21:00:00,7.210,0.000,0.000,0.000,13.700
2021-09-21 22:00:00,6.850,0.000,0.000,0.000,13.200
2021-09-21 23:00:00,6.400,0.000,0.000,0.000,12.900
2021-09-22 00:00:00,6.280,0.000,0.000,0.000,12.600
2021-09-22 01:00:00,5.640,0.000,0.000,0.000,12.300
2021-09-22 02:00:00,5.500,0.000,0.000,0.000,12.300
2021-09-22 03:00:00,5.630,0.000,0.000,0.000,12.000
2021-09-22 04:00:00,5.290,0.000,0.000,0.000,11.800
2021-09-22 05:00:00,5.220,0.000,0.000,0.000,11.500
2021-09-22 06:00:00,5.390,17.000,25.000,15.000,11.600
2021-09-22 07:00:00,5.260,66.000,44.200,57.000,12.500
2021-09-22 08:00:00,5.120,143.000,95.700,110.000,13.900
2021-09-22 09:00:00,4.830,253.000,177.200,171.000,15.000
2021-09-22 10:00:00,5.560,265.000,151.100,182.000,16.000
2021-09-22 11:00:00,5.260,404.000,396.100,167.000,17.000
2021-09-22 12:00:00,5.380,312.000,117.000,241.000,17.500
2021-09-22 13:00:00,5.510,343.000,217.800,218.000,18.100
2021-09-22 14:00:00,5.530,287.000,125.500,224.000,18.500
2021-09-22 15:00:00,5.300,282.000,333.200,150.000,18.800
2021-09-22 16:00:00,4.540,162.000,235.600,100.000,18.600
2021-09-22 17:00:00,4.100,49.000,115.700,36.000,17.100
2021-09-22 18:00:00,4.180,1.000,0.000,1.000,14.700
2021-09-22 19:00:00,5.010,0.000,0.000,0.000,13.700
2021-09-22 20:00:00,6.090,0.000,0.000,0.000,13.000
2021-09-22 21:00:00,6.950,0.000,0.000,0.000,12.700
2021-09-22 22:00:00,8.270,0.000,0.000,0.000,12.800
2021-09-22 23:00:00,7.660,0.000,0.000,0.000,12.200
2021-09-23 00:00:00,7.320,0.000,0.000,0.000,11.600
2021-09-23 01:00:00,7.340,0.000,0.000,0.000,11.000
2021-09-23 02:00:00,7.410,0.000,0.000,0.000,10.800
2021-09-23 03:00:00,7.930,0.000,0.000,0.000,10.400
2021-09-23 04:00:00,8.430,0.000,0.000,0.000,10.500
2021-09-23 05:00:00,8.500,0.000,0.000,0.000,10.400
2021-09-23 06:00:00,8.620,23.000,103.000,15.000,10.900
2021-09-23 07:00:00,9.210,124.000,321.400,60.000,12.600
2021-09-23 08:00:00,8.710,208.000,194.000,142.000,14.300
2021-09-23 09:00:00,9.450,310.000,255.500,193.000,15.900
2021-09-23 10:00:00,10.540,363.000,264.600,219.000,17.200
2021-09-23 11:00:00,11.710,431.000,386.100,202.000,18.200
2021-09-23 12:00:00,12.300,392.000,394.100,155.000,18.600
2021-09-23 13:00:00,12.740,386.000,425.800,144.000,18.800
2021-09-23 14:00:00,12.620,266.000,304.300,115.000,18.700
2021-09-23 15:00:00,11.570,111.000,17.900,104.000,18.000
2021-09-23 16:00:00,11.670,32.000,0.000,32.000,17.500
2021-09-23 17:00:00,12.160,14.000,0.000,14.000,17.200
2021-09-23 18:00:00,12.000,0.000,0.000,0.000,16.800
2021-09-23 19:00:00,11.820,0.000,0.000,0.000,16.200
2021-09-23 20:00:00,11.450,0.000,0.000,0.000,15.400
2021-09-23 21:00:00,10.230,0.000,0.000,0.000,14.800
2021-09-23 22:00:00,10.050,0.000,0.000,0.000,13.900
2021-09-23 23:00:00,9.140,0.000,0.000,0.000,13.400
2021-09-24 00:00:00,8.710,0.000,0.000,0.000,12.900
2021-09-24 01:00:00,8.340,0.000,0.000,0.000,12.100
2021-09-24 02:00:00,8.120,0.000,0.000,0.000,11.700
2021-09-24 03:00:00,8.120,0.000,0.000,0.000,11.700
2021-09-24 04:00:00,8.200,0.000,0.000,0.000,11.500
2021-09-24 05:00:00,8.100,0.000,0.000,0.000,11.500
2021-09-24 06:00:00,7.610,18.000,92.800,11.000,12.000
2021-09-24 07:00:00,7.320,76.000,123.300,52.000,13.300
2021-09-24 08:00:00,6.740,133.000,83.400,105.000,14.400
2021-09-24 09:00:00,7.520,159.000,48.600,137.000,15.600
2021-09-24 10:00:00,8.130,242.000,163.200,154.000,16.600
2021-09-24 11:00:00,8.690,313.000,178.600,208.000,17.300
2021-09-24 12:00:00,8.910,272.000,184.600,162.000,17.800
2021-09-24 13:00:00,8.000,208.000,60.400,174.000,17.900
2021-09-24 14:00:00,7.860,132.000,6.100,129.000,18.200
2021-09-24 15:00:00,7.840,122.000,20.800,114.000,18.300
2021-09-24 16:00:00,7.700,76.000,63.800,60.000,18.100
2021-09-24 17:00:00,7.960,30.000,47.500,25.000,17.900
2021-09-24 18:00:00,8.230,0.000,0.000,0.000,17.500
2021-09-24 19:00:00,8.540,0.000,0.000,0.000,17.200
2021-09-24 20:00:00,8.600,0.000,0.000,0.000,17.100
2021-09-24 21:00:00,8.510,0.000,0.000,0.000,17.000
2021-09-24 22:00:00,8.710,0.000,0.000,0.000,16.700
2021-09-24 23:00:00,8.260,0.000,0.000,0.000,16.400
2021-09-25 00:00:00,7.860,0.000,0.000,0.000,16.200
2021-09-25 01:00:00,7.720,0.000,0.000,0.000,16.100
2021-09-25 02:00:00,7.460,0.000,0.000,0.000,16.100
2021-09-25 03:00:00,7.180,0.000,0.000,0.000,16.100
2021-09-25 04:00:00,6.740,0.000,0.000,0.000,16.000
2021-09-25 05:00:00,6.620,0.000,0.000,0.000,16.000
2021-09-25 06:00:00,6.670,7.000,0.000,7.000,16.000
2021-09-25 07:00:00,6.720,52.000,63.100,40.000,16.000
2021-09-25 08:00:00,5.950,85.000,21.200,78.000,16.400
2021-09-25 09:00:00,5.740,116.000,17.800,108.000,16.900
2021-09-25 10:00:00,4.470,131.000,33.700,113.000,17.900
2021-09-25 11:00:00,4.120,135.000,18.900,124.000,18.400
2021-09-25 12:00:00,3.720,127.000,1.700,126.000,18.800
2021-09-25 13:00:00,3.450,103.000,0.000,103.000,19.200
2021-09-25 14:00:00,3.220,109.000,10.300,104.000,19.300
2021-09-25 15:00:00,2.760,92.000,0.000,92.000,19.500
2021-09-25 16:00:00,2.410,45.000,0.000,45.000,19.100
2021-09-25 17:00:00,2.270,16.000,9.800,15.000,18.100
2021-09-25 18:00:00,1.980,0.000,0.000,0.000,16.400
2021-09-25 19:00:00,0.780,0.000,0.000,0.000,15.500
2021-09-25 20:00:00,0.670,0.000,0.000,0.000,15.600
2021-09-25 21:00:00,1.660,0.000,0.000,0.000,15.300
2021-09-25 22:00:00,3.330,0.000,0.000,0.000,15.500
2021-09-25 23:00:00,4.470,0.000,0.000,0.000,14.900
2021-09-26 00:00:00,4.960,0.000,0.000,0.000,14.700
2021-09-26 01:00:00,4.940,0.000,0.000,0.000,14.600
2021-09-26 02:00:00,5.090,0.000,0.000,0.000,14.300
2021-09-26 03:00:00,5.440,0.000,0.000,0.000,14.000
2021-09-26 04:00:00,6.060,0.000,0.000,0.000,13.700
2021-09-26 05:00:00,6.580,0.000,0.000,0.000,13.300
2021-09-26 06:00:00,6.100,17.000,98.700,10.000,13.200
2021-09-26 07:00:00,5.240,121.000,388.000,49.000,15.100
2021-09-26 08:00:00,3.850,246.000,511.800,79.000,17.300
2021-09-26 09:00:00,3.760,350.000,577.200,94.000,19.400
2021-09-26 10:00:00,3.320,424.000,583.900,115.000,21.400
2021-09-26 11:00:00,2.860,477.000,592.300,135.000,22.700
2021-09-26 12:00:00,2.910,515.000,706.000,102.000,23.900
2021-09-26 13:00:00,3.600,473.000,665.700,106.000,24.500
2021-09-26 14:00:00,3.360,328.000,478.400,99.000,24.800
2021-09-26 15:00:00,2.830,176.000,207.000,99.000,24.000
2021-09-26 16:00:00,2.940,70.000,62.900,55.000,22.600
2021-09-26 17:00:00,3.540,21.000,30.300,18.000,21.100
2021-09-26 18:00:00,3.400,0.000,0.000,0.000,19.400
2021-09-26 19:00:00,4.240,0.000,0.000,0.000,18.700
2021-09-26 20:00:00,4.210,0.000,0.000,0.000,18.200
2021-09-26 21:00:00,3.580,0.000,0.000,0.000,17.800
2021-09-26 22:00:00,4.020,0.000,0.000,0.000,16.800
2021-09-26 23:00:00,2.920,0.000,0.000,0.000,17.200
2021-09-27 00:00:00,2.600,0.000,0.000,0.000,17.000
2021-09-27 01:00:00,3.960,0.000,0.000,0.000,17.300
2021-09-27 02:00:00,4.070,0.000,0.000,0.000,17.400
2021-09-27 03:00:00,3.110,0.000,0.000,0.000,17.400
2021-09-27 04:00:00,3.600,0.000,0.000,0.000,17.500
2021-09-27 05:00:00,4.650,0.000,0.000,0.000,17.400
2021-09-27 06:00:00,5.100,7.000,0.000,7.000,16.900
2021-09-27 07:00:00,4.920,61.000,27.600,56.000,17.500
2021-09-27 08:00:00,4.300,126.000,171.000,71.000,18.000
2021-09-27 09:00:00,4.960,192.000,186.900,110.000,18.800
2021-09-27 10:00:00,3.400,349.000,316.700,183.000,19.900
2021-09-27 11:00:00,4.000,415.000,412.500,179.000,20.600
2021-09-27 12:00:00,4.900,446.000,440.100,191.000,21.300
2021-09-27 13:00:00,5.630,386.000,342.800,199.000,21.700
2021-09-27 14:00:00,5.130,327.000,355.400,159.000,22.000
2021-09-27 15:00:00,5.000,236.000,333.400,114.000,21.800
2021-09-27 16:00:00,5.700,137.000,258.100,77.000,21.500
2021-09-27 17:00:00,6.060,30.000,62.600,24.000,20.200
2021-09-27 18:00:00,6.330,0.000,0.000,0.000,19.200
2021-09-27 19:00:00,6.770,0.000,0.000,0.000,18.400
2021-09-27 20:00:00,6.520,0.000,0.000,0.000,17.900
2021-09-27 21:00:00,6.740,0.000,0.000,0.000,16.900
2021-09-27 22:00:00,6.700,0.000,0.000,0.000,15.900
2021-09-27 23:00:00,7.350,0.000,0.000,0.000,15.100
2021-09-28 00:00:00,6.360,0.000,0.000,0.000,14.200
2021-09-28 01:00:00,5.930,0.000,0.000,0.000,13.600
2021-09-28 02:00:00,5.600,0.000,0.000,0.000,12.600
2021-09-28 03:00:00,5.120,0.000,0.000,0.000,11.800
2021-09-28 04:00:00,5.060,0.000,0.000,0.000,11.300
2021-09-28 05:00:00,5.100,0.000,0.000,0.000,11.300
2021-09-28 06:00:00,5.070,15.000,60.300,11.000,11.200
2021-09-28 07:00:00,4.560,114.000,351.500,52.000,12.100
2021-09-28 08:00:00,3.640,223.000,350.300,112.000,13.500
2021-09-28 09:00:00,3.040,339.000,442.700,147.000,14.800
2021-09-28 10:00:00,2.810,425.000,612.700,107.000,16.000
2021-09-28 11:00:00,2.320,427.000,525.800,129.000,16.800
2021-09-28 12:00:00,1.840,394.000,435.600,144.000,17.500
2021-09-28 13:00:00,1.630,338.000,318.700,166.000,17.800
2021-09-28 14:00:00,1.930,203.000,94.300,159.000,17.700
2021-09-28 15:00:00,1.600,129.000,55.600,109.000,17.400
2021-09-28 16:00:00,1.600,101.000,66.300,86.000,17.100
2021-09-28 17:00:00,2.000,28.000,54.000,23.000,15.400
2021-09-28 18:00:00,2.940,0.000,0.000,0.000,13.500
2021-09-28 19:00:00,3.850,0.000,0.000,0.000,12.400
2021-09-28 20:00:00,4.480,0.000,0.000,0.000,11.700
2021-09-28 21:00:00,5.160,0.000,0.000,0.000,10.800
2021-09-28 22:00:00,6.580,0.000,0.000,0.000,10.700
2021-09-28 23:00:00,5.840,0.000,0.000,0.000,10.500
2021-09-29 00:00:00,5.520,0.000,0.000,0.000,10.400
2021-09-29 01:00:00,5.630,0.000,0.000,0.000,10.100
2021-09-29 02:00:00,5.560,0.000,0.000,0.000,10.000
2021-09-29 03:00:00,5.520,0.000,0.000,0.000,10.000
2021-09-29 04:00:00,5.520,0.000,0.000,0.000,10.300
2021-09-29 05:00:00,5.800,0.000,0.000,0.000,10.500
2021-09-29 06:00:00,5.680,8.000,0.000,8.000,10.800
2021-09-29 07:00:00,5.540,61.000,17.500,58.000,11.400
2021-09-29 08:00:00,4.590,123.000,51.300,107.000,13.000
2021-09-29 09:00:00,4.800,220.000,209.900,130.000,14.200
2021-09-29 10:00:00,6.090,229.000,192.700,130.000,15.000
2021-09-29 11:00:00,4.610,263.000,228.000,135.000,15.900
2021-09-29 12:00:00,6.000,432.000,526.200,133.000,17.100
2021-09-29 13:00:00,7.530,363.000,453.200,121.000,16.700
2021-09-29 14:00:00,9.140,188.000,151.900,118.000,15.000
2021-09-29 15:00:00,8.230,63.000,14.100,58.000,13.200
2021-09-29 16:00:00,7.780,66.000,31.800,59.000,12.400
2021-09-29 17:00:00,9.130,15.000,11.200,14.000,11.500
2021-09-29 18:00:00,9.730,0.000,0.000,0.000,10.800
2021-09-29 19:00:00,10.540,0.000,0.000,0.000,10.400
2021-09-29 20:00:00,10.890,0.000,0.000,0.000,10.100
2021-09-29 21:00:00,10.690,0.000,0.000,0.000,10.100
2021-09-29 22:00:00,10.670,0.000,0.000,0.000,9.900
2021-09-29 23:00:00,11.440,0.000,0.000,0.000,9.700
2021-09-30 00:00:00,11.280,0.000,0.000,0.000,9.600
2021-09-30 01:00:00,10.880,0.000,0.000,0.000,9.600
2021-09-30 02:00:00,10.970,0.000,0.000,0.000,9.700
2021-09-30 03:00:00,10.870,0.000,0.000,0.000,9.600
2021-09-30 04:00:00,9.930,0.000,0.000,0.000,9.300
2021-09-30 05:00:00,9.550,0.000,0.000,0.000,9.000
2021-09-30 06:00:00,9.810,12.000,48.600,9.000,9.100
2021-09-30 07:00:00,9.630,64.000,35.900,58.000,10.000
2021-09-30 08:00:00,8.220,222.000,471.800,77.000,11.400
2021-09-30 09:00:00,8.850,353.000,594.600,101.000,12.500
2021-09-30 10:00:00,8.840,436.000,666.500,97.000,13.800
2021-09-30 11:00:00,8.820,417.000,523.400,126.000,14.400
2021-09-30 12:00:00,8.410,447.000,595.500,112.000,15.000
2021-09-30 13:00:00,7.750,323.000,354.100,136.000,14.800
2021-09-30 14:00:00,7.470,231.000,241.900,121.000,14.800
2021-09-30 15:00:00,6.980,188.000,184.200,124.000,14.800
2021-09-30 16:00:00,7.000,92.000,46.800,82.000,14.000
2021-09-30 17:00:00,6.800,22.000,11.600,21.000,12.700
2021-09-30 18:00:00,6.660,0.000,0.000,0.000,11.900
2021-09-30 19:00:00,6.360,0.000,0.000,0.000,11.600
2021-09-30 20:00:00,6.310,0.000,0.000,0.000,11.200
2021-09-30 21:00:00,6.770,0.000,0.000,0.000,10.800
2021-09-30 22:00:00,7.780,0.000,0.000,0.000,10.900
2021-09-30 23:00:00,7.370,0.000,0.000,0.000,10.800
2021-10-01 00:00:00,8.100,0.000,0.000,0.000,11.000
2021-10-01 01:00:00,8.540,0.000,0.000,0.000,11.000
2021-10-01 02:00:00,8.260,0.000,0.000,0.000,10.900
2021-10-01 03:00:00,8.460,0.000,0.000,0.000,10.700
2021-10-01 04:00:00,8.610,0.000,0.000,0.000,10.300
2021-10-01 05:00:00,8.250,0.000,0.000,0.000,9.900
2021-10-01 06:00:00,8.340,9.000,0.000,9.000,10.000
2021-10-01 07:00:00,8.300,86.000,147.700,62.000,11.000
2021-10-01 08:00:00,7.730,157.000,175.200,104.000,12.200
2021-10-01 09:00:00,7.850,184.000,174.300,111.000,13.900
2021-10-01 10:00:00,6.410,334.000,405.300,130.000,15.000
2021-10-01 11:00:00,6.800,421.000,505.000,143.000,16.400
2021-10-01 12:00:00,7.200,449.000,610.500,109.000,17.300
2021-10-01 13:00:00,7.030,440.000,624.300,114.000,18.200
2021-10-01 14:00:00,6.810,354.000,561.700,102.000,18.200
2021-10-01 15:00:00,6.410,232.000,419.000,89.000,17.800
2021-10-01 16:00:00,6.610,124.000,255.500,71.000,16.800
2021-10-01 17:00:00,7.100,26.000,48.200,22.000,15.500
2021-10-01 18:00:00,7.410,0.000,0.000,0.000,14.800
2021-10-01 19:00:00,7.030,0.000,0.000,0.000,14.300
2021-10-01 20:00:00,6.770,0.000,0.000,0.000,14.000
2021-10-01 21:00:00,6.840,0.000,0.000,0.000,13.700
2021-10-01 22:00:00,6.870,0.000,0.000,0.000,13.400
2021-10-01 23:00:00,5.910,0.000,0.000,0.000,12.900
2021-10-02 00:00:00,6.760,0.000,0.000,0.000,12.700
2021-10-02 01:00:00,7.020,0.000,0.000,0.000,12.200
2021-10-02 02:00:00,6.300,0.000,0.000,0.000,12.100
2021-10-02 03:00:00,5.940,0.000,0.000,0.000,11.900
2021-10-02 04:00:00,5.770,0.000,0.000,0.000,11.700
2021-10-02 05:00:00,5.820,0.000,0.000,0.000,11.800
2021-10-02 06:00:00,6.170,5.000,17.500,4.000,12.000
2021-10-02 07:00:00,6.330,80.000,221.700,45.000,12.800
2021-10-02 08:00:00,5.900,136.000,194.800,78.000,13.400
2021-10-02 09:00:00,5.350,205.000,193.300,125.000,14.200
2021-10-02 10:00:00,5.590,279.000,295.100,132.000,14.900
2021-10-02 11:00:00,5.520,330.000,280.700,177.000,15.600
2021-10-02 12:00:00,4.640,260.000,183.200,159.000,16.400
2021-10-02 13:00:00,5.940,163.000,34.900,145.000,16.700
2021-10-02 14:00:00,5.790,103.000,4.500,101.000,16.900
2021-10-02 15:00:00,5.950,59.000,0.000,59.000,16.900
2021-10-02 16:00:00,7.020,28.000,0.000,28.000,16.700
2021-10-02 17:00:00,7.560,9.000,0.000,9.000,16.100
2021-10-02 18:00:00,8.590,0.000,0.000,0.000,15.400
2021-10-02 19:00:00,8.260,0.000,0.000,0.000,15.500
2021-10-02 20:00:00,8.730,0.000,0.000,0.000,15.700
2021-10-02 21:00:00,9.700,0.000,0.000,0.000,16.400
2021-10-02 22:00:00,10.520,0.000,0.000,0.000,17.200
2021-10-02 23:00:00,11.770,0.000,0.000,0.000,17.600
2021-10-03 00:00:00,11.800,0.000,0.000,0.000,18.300
2021-10-03 01:00:00,12.000,0.000,0.000,0.000,18.900
2021-10-03 02:00:00,12.000,0.000,0.000,0.000,19.200
2021-10-03 03:00:00,12.110,0.000,0.000,0.000,19.200
2021-10-03 04:00:00,12.090,0.000,0.000,0.000,19.100
2021-10-03 05:00:00,10.930,0.000,0.000,0.000,18.800
2021-10-03 06:00:00,10.420,3.000,0.000,3.000,19.100
2021-10-03 07:00:00,10.620,29.000,6.500,28.000,19.500
2021-10-03 08:00:00,10.400,90.000,13.700,86.000,20.200
2021-10-03 09:00:00,10.400,119.000,26.900,108.000,20.300
2021-10-03 10:00:00,12.550,139.000,10.100,134.000,20.400
2021-10-03 11:00:00,11.290,107.000,9.300,102.000,21.100
2021-10-03 12:00:00,10.810,126.000,12.800,119.000,21.500
2021-10-03 13:00:00,11.100,160.000,23.500,148.000,21.600
2021-10-03 14:00:00,11.100,114.000,20.600,105.000,21.600
2021-10-03 15:00:00,12.130,99.000,30.400,89.000,22.200
2021-10-03 16:00:00,11.990,27.000,10.300,25.000,22.700
2021-10-03 17:00:00,11.070,5.000,0.000,5.000,21.500
2021-10-03 18:00:00,10.830,0.000,0.000,0.000,20.100
2021-10-03 19:00:00,10.230,0.000,0.000,0.000,18.800
2021-10-03 20:00:00,9.000,0.000,0.000,0.000,16.900
2021-10-03 21:00:00,8.670,0.000,0.000,0.000,15.500
2021-10-03 22:00:00,6.550,0.000,0.000,0.000,14.600
2021-10-03 23:00:00,6.320,0.000,0.000,0.000,13.800
2021-10-04 00:00:00,5.340,0.000,0.000,0.000,13.200
2021-10-04 01:00:00,5.900,0.000,0.000,0.000,12.900
2021-10-04 02:00:00,5.810,0.000,0.000,0.000,12.200
2021-10-04 03:00:00,5.760,0.000,0.000,0.000,12.000
2021-10-04 04:00:00,5.490,0.000,0.000,0.000,11.900
2021-10-04 05:00:00,5.280,0.000,0.000,0.000,12.000
2021-10-04 06:00:00,5.550,5.000,0.000,5.000,12.100
2021-10-04 07:00:00,5.950,48.000,47.100,41.000,12.600
2021-10-04 08:00:00,6.040,65.000,13.900,61.000,13.300
2021-10-04 09:00:00,5.540,88.000,7.400,85.000,13.900
2021-10-04 10:00:00,4.960,153.000,6.200,150.000,14.200
2021-10-04 11:00:00,4.810,199.000,37.500,179.000,14.900
2021-10-04 12:00:00,5.050,273.000,131.600,202.000,15.700
2021-10-04 13:00:00,5.610,245.000,93.200,198.000,16.200
2021-10-04 14:00:00,5.640,275.000,227.700,177.000,16.700
2021-10-04 15:00:00,5.320,165.000,161.200,113.000,16.500
2021-10-04 16:00:00,4.650,115.000,233.200,71.000,16.000
2021-10-04 17:00:00,5.620,22.000,136.100,12.000,14.400
2021-10-04 18:00:00,6.570,0.000,0.000,0.000,13.100
2021-10-04 19:00:00,6.330,0.000,0.000,0.000,12.100
2021-10-04 20:00:00,6.680,0.000,0.000,0.000,11.800
2021-10-04 21:00:00,6.630,0.000,0.000,0.000,11.300
2021-10-04 22:00:00,6.100,0.000,0.000,0.000,10.700
2021-10-04 23:00:00,5.630,0.000,0.000,0.000,10.400
2021-10-05 00:00:00,4.900,0.000,0.000,0.000,10.400
2021-10-05 01:00:00,4.610,0.000,0.000,0.000,10.100
2021-10-05 02:00:00,3.450,0.000,0.000,0.000,9.800
2021-10-05 03:00:00,3.350,0.000,0.000,0.000,9.900
2021-10-05 04:00:00,4.830,0.000,0.000,0.000,10.000
2021-10-05 05:00:00,5.470,0.000,0.000,0.000,10.200
2021-10-05 06:00:00,5.320,3.000,0.000,3.000,10.200
2021-10-05 07:00:00,5.460,54.000,20.900,51.000,10.600
2021-10-05 08:00:00,4.900,101.000,35.300,91.000,10.900
2021-10-05 09:00:00,4.190,97.000,5.000,95.000,11.000
2021-10-05 10:00:00,3.250,70.000,0.000,70.000,11.600
2021-10-05 11:00:00,3.200,98.000,0.000,98.000,12.000
2021-10-05 12:00:00,2.550,135.000,28.100,120.000,12.400
2021-10-05 13:00:00,3.200,145.000,56.200,117.000,12.800
2021-10-05 14:00:00,4.360,188.000,106.100,143.000,13.200
2021-10-05 15:00:00,5.060,232.000,474.000,82.000,13.700
2021-10-05 16:00:00,6.050,114.000,323.500,55.000,13.500
2021-10-05 17:00:00,7.320,18.000,113.800,10.000,12.700
2021-10-05 18:00:00,7.940,0.000,0.000,0.000,12.200
2021-10-05 19:00:00,8.500,0.000,0.000,0.000,12.800
2021-10-05 20:00:00,8.420,0.000,0.000,0.000,13.600
2021-10-05 21:00:00,7.530,0.000,0.000,0.000,13.500
2021-10-05 22:00:00,7.940,0.000,0.000,0.000,13.400
2021-10-05 23:00:00,7.340,0.000,0.000,0.000,13.000
2021-10-06 00:00:00,7.520,0.000,0.000,0.000,12.500
2021-10-06 01:00:00,8.200,0.000,0.000,0.000,12.100
2021-10-06 02:00:00,8.220,0.000,0.000,0.000,11.500
2021-10-06 03:00:00,7.990,0.000,0.000,0.000,11.500
2021-10-06 04:00:00,8.080,0.000,0.000,0.000,11.000
2021-10-06 05:00:00,7.890,0.000,0.000,0.000,10.600
2021-10-06 06:00:00,7.920,5.000,19.100,4.000,10.600
2021-10-06 07:00:00,7.600,85.000,323.600,40.000,11.400
2021-10-06 08:00:00,7.000,207.000,481.600,73.000,12.700
2021-10-06 09:00:00,9.280,310.000,556.600,91.000,13.700
2021-10-06 10:00:00,7.430,309.000,348.100,143.000,14.100
2021-10-06 11:00:00,8.490,384.000,516.400,114.000,14.500
2021-10-06 12:00:00,8.390,364.000,439.300,132.000,14.700
2021-10-06 13:00:00,8.460,335.000,473.200,102.000,14.800
2021-10-06 14:00:00,7.060,228.000,284.600,109.000,14.400
2021-10-06 15:00:00,6.080,196.000,309.400,100.000,14.100
2021-10-06 16:00:00,4.920,115.000,374.600,49.000,13.500
2021-10-06 17:00:00,4.620,16.000,89.400,10.000,12.600
2021-10-06 18:00:00,4.370,0.000,0.000,0.000,11.800
2021-10-06 19:00:00,4.400,0.000,0.000,0.000,11.400
2021-10-06 20:00:00,4.900,0.000,0.000,0.000,11.200
2021-10-06 21:00:00,5.120,0.000,0.000,0.000,11.100
2021-10-06 22:00:00,4.700,0.000,0.000,0.000,10.600
2021-10-06 23:00:00,4.560,0.000,0.000,0.000,10.100
2021-10-07 00:00:00,3.950,0.000,0.000,0.000,9.500
2021-10-07 01:00:00,3.180,0.000,0.000,0.000,8.600
2021-10-07 02:00:00,3.260,0.000,0.000,0.000,7.800
2021-10-07 03:00:00,3.410,0.000,0.000,0.000,7.500
2021-10-07 04:00:00,3.760,0.000,0.000,0.000,7.100
2021-10-07 05:00:00,3.540,0.000,0.000,0.000,6.800
2021-10-07 06:00:00,2.620,4.000,19.100,3.000,7.000
2021-10-07 07:00:00,2.560,76.000,275.400,39.000,8.600
2021-10-07 08:00:00,1.610,199.000,482.900,67.000,10.900
2021-10-07 09:00:00,1.710,326.000,615.400,87.000,12.800
2021-10-07 10:00:00,2.190,386.000,509.000,146.000,14.800
2021-10-07 11:00:00,2.150,400.000,460.100,162.000,15.700
2021-10-07 12:00:00,2.060,386.000,407.800,173.000,16.300
2021-10-07 13:00:00,2.310,315.000,302.200,168.000,16.500
2021-10-07 14:00:00,2.000,192.000,148.100,131.000,16.600
2021-10-07 15:00:00,1.220,133.000,134.800,92.000,16.500
2021-10-07 16:00:00,1.360,70.000,88.200,55.000,16.100
2021-10-07 17:00:00,1.360,12.000,46.900,9.000,13.700
2021-10-07 18:00:00,1.220,0.000,0.000,0.000,12.000
2021-10-07 19:00:00,1.600,0.000,0.000,0.000,10.500
2021-10-07 20:00:00,2.280,0.000,0.000,0.000,9.500
2021-10-07 21:00:00,2.970,0.000,0.000,0.000,8.900
2021-10-07 22:00:00,3.860,0.000,0.000,0.000,9.300
2021-10-07 23:00:00,3.710,0.000,0.000,0.000,7.900
2021-10-08 00:00:00,3.360,0.000,0.000,0.000,7.000
2021-10-08 01:00:00,2.920,0.000,0.000,0.000,5.900
2021-10-08 02:00:00,2.560,0.000,0.000,0.000,5.400
2021-10-08 03:00:00,2.220,0.000,0.000,0.000,4.700
2021-10-08 04:00:00,2.600,0.000,0.000,0.000,4.400
2021-10-08 05:00:00,3.550,0.000,0.000,0.000,4.500
2021-10-08 06:00:00,4.370,4.000,19.100,3.000,4.400
2021-10-08 07:00:00,4.680,71.000,185.100,47.000,5.700
2021-10-08 08:00:00,3.640,161.000,249.600,94.000,8.400
2021-10-08 09:00:00,3.100,215.000,245.300,121.000,10.900
2021-10-08 10:00:00,3.040,225.000,184.500,139.000,12.300
2021-10-08 11:00:00,4.210,293.000,275.600,152.000,14.100
2021-10-08 12:00:00,4.630,303.000,255.500,171.000,15.300
2021-10-08 13:00:00,4.530,218.000,133.200,154.000,15.900
2021-10-08 14:00:00,4.490,135.000,32.000,122.000,15.900
2021-10-08 15:00:00,4.050,85.000,10.100,82.000,15.800
2021-10-08 16:00:00,4.620,31.000,0.000,31.000,14.900
2021-10-08 17:00:00,5.160,5.000,16.400,4.000,13.600
2021-10-08 18:00:00,5.440,0.000,0.000,0.000,12.700
2021-10-08 19:00:00,5.790,0.000,0.000,0.000,11.900
2021-10-08 20:00:00,5.920,0.000,0.000,0.000,10.900
2021-10-08 21:00:00,6.100,0.000,0.000,0.000,10.000
2021-10-08 22:00:00,6.840,0.000,0.000,0.000,9.100
2021-10-08 23:00:00,6.180,0.000,0.000,0.000,8.400
2021-10-09 00:00:00,5.630,0.000,0.000,0.000,7.700
2021-10-09 01:00:00,5.460,0.000,0.000,0.000,7.000
2021-10-09 02:00:00,5.520,0.000,0.000,0.000,6.500
2021-10-09 03:00:00,5.800,0.000,0.000,0.000,5.800
2021-10-09 04:00:00,6.100,0.000,0.000,0.000,5.400
2021-10-09 05:00:00,6.310,0.000,0.000,0.000,5.000
2021-10-09 06:00:00,6.430,4.000,19.100,3.000,4.600
2021-10-09 07:00:00,6.350,81.000,360.200,36.000,5.600
2021-10-09 08:00:00,5.490,212.000,561.700,64.000,7.500
2021-10-09 09:00:00,5.360,338.000,682.400,80.000,9.200
2021-10-09 10:00:00,5.440,434.000,748.600,89.000,11.400
2021-10-09 11:00:00,5.410,487.000,776.500,94.000,13.100
2021-10-09 12:00:00,5.190,493.000,781.100,94.000,14.200
2021-10-09 13:00:00,5.140,452.000,762.800,90.000,14.900
2021-10-09 14:00:00,5.240,366.000,710.200,82.000,15.100
2021-10-09 15:00:00,5.280,246.000,609.900,68.000,14.700
2021-10-09 16:00:00,5.730,112.000,431.000,44.000,13.600
2021-10-09 17:00:00,6.440,12.000,69.300,8.000,11.200
2021-10-09 18:00:00,6.940,0.000,0.000,0.000,9.100
2021-10-09 19:00:00,6.860,0.000,0.000,0.000,8.100
2021-10-09 20:00:00,6.760,0.000,0.000,0.000,7.700
2021-10-09 21:00:00,6.750,0.000,0.000,0.000,6.900
2021-10-09 22:00:00,7.020,0.000,0.000,0.000,5.900
2021-10-09 23:00:00,6.580,0.000,0.000,0.000,5.400
2021-10-10 00:00:00,6.000,0.000,0.000,0.000,5.000
2021-10-10 01:00:00,5.580,0.000,0.000,0.000,4.200
2021-10-10 02:00:00,5.420,0.000,0.000,0.000,3.100
2021-10-10 03:00:00,4.960,0.000,0.000,0.000,2.100
2021-10-10 04:00:00,4.530,0.000,0.000,0.000,1.500
2021-10-10 05:00:00,4.530,0.000,0.000,0.000,1.100
2021-10-10 06:00:00,4.820,3.000,19.100,2.000,1.200
2021-10-10 07:00:00,4.460,78.000,366.100,34.000,3.000
2021-10-10 08:00:00,3.060,200.000,495.000,72.000,5.900
2021-10-10 09:00:00,2.080,326.000,627.400,92.000,8.300
2021-10-10 10:00:00,1.840,395.000,599.300,122.000,10.600
2021-10-10 11:00:00,2.420,435.000,581.300,144.000,12.300
2021-10-10 12:00:00,2.460,434.000,599.900,131.000,13.700
2021-10-10 13:00:00,2.850,358.000,403.300,169.000,14.400
2021-10-10 14:00:00,2.720,281.000,307.200,160.000,14.800
2021-10-10 15:00:00,2.440,202.000,356.900,100.000,14.600
2021-10-10 16:00:00,2.960,103.000,408.700,41.000,13.400
2021-10-10 17:00:00,3.640,10.000,54.900,7.000,9.700
2021-10-10 18:00:00,4.480,0.000,0.000,0.000,7.500
2021-10-10 19:00:00,5.030,0.000,0.000,0.000,6.400
2021-10-10 20:00:00,5.220,0.000,0.000,0.000,6.000
2021-10-10 21:00:00,5.590,0.000,0.000,0.000,5.500
2021-10-10 22:00:00,5.920,0.000,0.000,0.000,5.600
2021-10-10 23:00:00,5.760,0.000,0.000,0.000,5.700
2021-10-11 00:00:00,6.210,0.000,0.000,0.000,6.100
2021-10-11 01:00:00,6.240,0.000,0.000,0.000,6.700
2021-10-11 02:00:00,6.460,0.000,0.000,0.000,7.500
2021-10-11 03:00:00,6.220,0.000,0.000,0.000,8.100
2021-10-11 04:00:00,5.810,0.000,0.000,0.000,8.700
2021-10-11 05:00:00,5.510,0.000,0.000,0.000,9.300
2021-10-11 06:00:00,5.460,1.000,0.000,1.000,9.300
2021-10-11 07:00:00,5.460,13.000,8.700,12.000,9.500
2021-10-11 08:00:00,5.440,71.000,7.900,69.000,10.500
2021-10-11 09:00:00,4.880,198.000,252.800,105.000,11.500
2021-10-11 10:00:00,4.880,283.000,408.700,99.000,12.700
2021-10-11 11:00:00,5.100,335.000,456.600,109.000,13.700
2021-10-11 12:00:00,5.180,354.000,468.600,120.000,14.200
2021-10-11 13:00:00,6.000,336.000,505.600,102.000,14.400
2021-10-11 14:00:00,7.400,279.000,469.200,97.000,14.400
2021-10-11 15:00:00,7.420,170.000,332.400,77.000,13.900
2021-10-11 16:00:00,7.400,68.000,192.100,40.000,12.600
2021-10-11 17:00:00,7.450,6.000,19.100,5.000,11.600
2021-10-11 18:00:00,7.170,0.000,0.000,0.000,10.800
2021-10-11 19:00:00,6.820,0.000,0.000,0.000,10.200
2021-10-11 20:00:00,6.260,0.000,0.000,0.000,9.700
2021-10-11 21:00:00,6.910,0.000,0.000,0.000,9.400
2021-10-11 22:00:00,7.350,0.000,0.000,0.000,8.800
2021-10-11 23:00:00,7.010,0.000,0.000,0.000,8.600
2021-10-12 00:00:00,7.820,0.000,0.000,0.000,8.500
2021-10-12 01:00:00,7.830,0.000,0.000,0.000,8.200
2021-10-12 02:00:00,7.580,0.000,0.000,0.000,8.300
2021-10-12 03:00:00,7.670,0.000,0.000,0.000,8.500
2021-10-12 04:00:00,7.690,0.000,0.000,0.000,8.700
2021-10-12 05:00:00,8.500,0.000,0.000,0.000,8.800
2021-10-12 06:00:00,8.850,0.000,0.000,0.000,8.800
2021-10-12 07:00:00,7.780,11.000,0.000,11.000,9.000
2021-10-12 08:00:00,7.970,69.000,76.400,50.000,9.300
2021-10-12 09:00:00,7.200,178.000,195.700,107.000,9.900
2021-10-12 10:00:00,4.380,219.000,224.800,119.000,11.200
2021-10-12 11:00:00,5.190,326.000,390.200,135.000,11.700
2021-10-12 12:00:00,5.140,402.000,601.700,105.000,12.000
2021-10-12 13:00:00,5.320,351.000,516.400,115.000,12.100
2021-10-12 14:00:00,5.640,284.000,481.700,100.000,12.300
2021-10-12 15:00:00,5.200,196.000,456.500,71.000,11.800
2021-10-12 16:00:00,5.160,68.000,171.700,44.000,10.500
2021-10-12 17:00:00,5.160,6.000,19.100,5.000,8.900
2021-10-12 18:00:00,5.270,0.000,0.000,0.000,8.200
2021-10-12 19:00:00,5.270,0.000,0.000,0.000,7.500
2021-10-12 20:00:00,5.100,0.000,0.000,0.000,7.200
2021-10-12 21:00:00,5.110,0.000,0.000,0.000,6.600
2021-10-12 22:00:00,4.740,0.000,0.000,0.000,5.500
2021-10-12 23:00:00,4.610,0.000,0.000,0.000,4.800
2021-10-13 00:00:00,5.080,0.000,0.000,0.000,4.200
2021-10-13 01:00:00,5.160,0.000,0.000,0.000,4.400
2021-10-13 02:00:00,4.140,0.000,0.000,0.000,3.700
2021-10-13 03:00:00,4.930,0.000,0.000,0.000,3.200
2021-10-13 04:00:00,4.710,0.000,0.000,0.000,3.100
2021-10-13 05:00:00,5.000,0.000,0.000,0.000,2.700
2021-10-13 06:00:00,5.410,1.000,0.000,1.000,2.600
2021-10-13 07:00:00,5.120,66.000,311.100,33.000,4.200
2021-10-13 08:00:00,4.510,147.000,323.900,68.000,5.900
2021-10-13 09:00:00,4.280,238.000,371.900,105.000,7.900
2021-10-13 10:00:00,3.750,286.000,364.000,126.000,9.500
2021-10-13 11:00:00,4.500,379.000,545.500,115.000,10.900
2021-10-13 12:00:00,5.200,228.000,233.600,114.000,11.300
2021-10-13 13:00:00,5.540,158.000,141.800,94.000,11.200
2021-10-13 14:00:00,4.240,121.000,45.200,104.000,11.300
2021-10-13 15:00:00,4.730,95.000,63.400,78.000,11.200
2021-10-13 16:00:00,5.930,53.000,29.900,49.000,10.700
2021-10-13 17:00:00,6.090,3.000,0.000,3.000,10.100
2021-10-13 18:00:00,5.630,0.000,0.000,0.000,9.900
2021-10-13 19:00:00,5.890,0.000,0.000,0.000,9.800
2021-10-13 20:00:00,6.220,0.000,0.000,0.000,9.700
2021-10-13 21:00:00,6.010,0.000,0.000,0.000,9.700
2021-10-13 22:00:00,6.740,0.000,0.000,0.000,9.500
2021-10-13 23:00:00,7.040,0.000,0.000,0.000,9.400
2021-10-14 00:00:00,7.540,0.000,0.000,0.000,9.500
2021-10-14 01:00:00,7.890,0.000,0.000,0.000,9.700
2021-10-14 02:00:00,8.040,0.000,0.000,0.000,9.800
2021-10-14 03:00:00,7.880,0.000,0.000,0.000,10.000
2021-10-14 04:00:00,7.700,0.000,0.000,0.000,10.300
2021-10-14 05:00:00,7.300,0.000,0.000,0.000,10.600
2021-10-14 06:00:00,7.340,0.000,0.000,0.000,10.800
2021-10-14 07:00:00,7.380,20.000,9.700,19.000,11.000
2021-10-14 08:00:00,7.160,39.000,4.200,38.000,11.300
2021-10-14 09:00:00,7.720,63.000,5.700,61.000,11.800
2021-10-14 10:00:00,7.470,65.000,4.600,63.000,12.000
2021-10-14 11:00:00,7.920,59.000,4.200,57.000,12.100
2021-10-14 12:00:00,9.080,131.000,18.700,122.000,12.900
2021-10-14 13:00:00,9.450,176.000,119.000,123.000,13.200
2021-10-14 14:00:00,8.020,133.000,140.400,81.000,12.900
2021-10-14 15:00:00,7.980,78.000,49.600,65.000,13.000
2021-10-14 16:00:00,7.550,37.000,62.400,29.000,13.100
2021-10-14 17:00:00,7.350,2.000,0.000,2.000,12.800
2021-10-14 18:00:00,7.310,0.000,0.000,0.000,12.700
2021-10-14 19:00:00,7.540,0.000,0.000,0.000,12.600
2021-10-14 20:00:00,8.050,0.000,0.000,0.000,12.700
2021-10-14 21:00:00,8.680,0.000,0.000,0.000,12.900
2021-10-14 22:00:00,9.060,0.000,0.000,0.000,12.600
2021-10-14 23:00:00,9.240,0.000,0.000,0.000,12.500
2021-10-15 00:00:00,9.720,0.000,0.000,0.000,12.700
2021-10-15 01:00:00,9.740,0.000,0.000,0.000,12.700
2021-10-15 02:00:00,9.830,0.000,0.000,0.000,12.700
2021-10-15 03:00:00,10.030,0.000,0.000,0.000,12.600
2021-10-15 04:00:00,10.100,0.000,0.000,0.000,12.400
2021-10-15 05:00:00,10.230,0.000,0.000,0.000,12.200
2021-10-15 06:00:00,10.730,0.000,0.000,0.000,11.900
2021-10-15 07:00:00,11.240,16.000,0.000,16.000,12.000
2021-10-15 08:00:00,11.670,46.000,17.100,42.000,12.200
2021-10-15 09:00:00,10.300,40.000,2.900,39.000,12.000
2021-10-15 10:00:00,8.680,54.000,4.700,52.000,10.900
2021-10-15 11:00:00,5.740,91.000,25.400,79.000,10.900
2021-10-15 12:00:00,5.180,202.000,211.900,101.000,11.500
2021-10-15 13:00:00,6.240,309.000,461.600,106.000,12.600
2021-10-15 14:00:00,7.030,202.000,320.900,85.000,12.700
2021-10-15 15:00:00,6.820,139.000,304.200,61.000,12.300
2021-10-15 16:00:00,6.550,63.000,269.400,30.000,11.600
2021-10-15 17:00:00,6.210,3.000,19.100,2.000,10.500
2021-10-15 18:00:00,6.500,0.000,0.000,0.000,9.300
2021-10-15 19:00:00,6.750,0.000,0.000,0.000,8.300
2021-10-15 20:00:00,6.730,0.000,0.000,0.000,7.700
2021-10-15 21:00:00,6.550,0.000,0.000,0.000,7.000
2021-10-15 22:00:00,6.330,0.000,0.000,0.000,6.200
2021-10-15 23:00:00,5.730,0.000,0.000,0.000,6.000
2021-10-16 00:00:00,5.470,0.000,0.000,0.000,5.900
2021-10-16 01:00:00,5.020,0.000,0.000,0.000,5.700
2021-10-16 02:00:00,4.900,0.000,0.000,0.000,6.000
2021-10-16 03:00:00,4.900,0.000,0.000,0.000,5.800
2021-10-16 04:00:00,4.900,0.000,0.000,0.000,5.900
2021-10-16 05:00:00,4.880,0.000,0.000,0.000,6.100
2021-10-16 06:00:00,4.960,0.000,0.000,0.000,6.200
2021-10-16 07:00:00,4.980,29.000,122.000,17.000,6.700
2021-10-16 08:00:00,4.440,85.000,139.600,53.000,7.600
2021-10-16 09:00:00,4.490,166.000,207.400,95.000,9.000
2021-10-16 10:00:00,4.050,235.000,254.900,127.000,9.700
2021-10-16 11:00:00,3.980,267.000,299.400,127.000,10.600
2021-10-16 12:00:00,4.280,286.000,309.900,140.000,11.100
2021-10-16 13:00:00,4.320,207.000,200.400,120.000,11.100
2021-10-16 14:00:00,4.130,142.000,92.000,109.000,11.100
2021-10-16 15:00:00,3.910,96.000,63.800,80.000,10.900
2021-10-16 16:00:00,3.730,36.000,77.000,27.000,10.200
2021-10-16 17:00:00,3.890,1.000,0.000,1.000,9.600
2021-10-16 18:00:00,4.000,0.000,0.000,0.000,8.900
2021-10-16 19:00:00,4.500,0.000,0.000,0.000,8.800
2021-10-16 20:00:00,4.950,0.000,0.000,0.000,8.500
2021-10-16 21:00:00,5.450,0.000,0.000,0.000,8.300
2021-10-16 22:00:00,6.090,0.000,0.000,0.000,7.500
2021-10-16 23:00:00,6.440,0.000,0.000,0.000,7.100
2021-10-17 00:00:00,6.680,0.000,0.000,0.000,7.000
2021-10-17 01:00:00,6.640,0.000,0.000,0.000,6.900
2021-10-17 02:00:00,6.770,0.000,0.000,0.000,6.900
2021-10-17 03:00:00,6.820,0.000,0.000,0.000,7.500
2021-10-17 04:00:00,6.860,0.000,0.000,0.000,7.800
2021-10-17 05:00:00,6.800,0.000,0.000,0.000,7.900
2021-10-17 06:00:00,6.620,0.000,0.000,0.000,8.000
2021-10-17 07:00:00,6.220,28.000,73.000,21.000,8.200
2021-10-17 08:00:00,6.350,52.000,22.300,47.000,8.400
2021-10-17 09:00:00,5.320,62.000,0.000,62.000,9.000
2021-10-17 10:00:00,6.360,150.000,43.000,132.000,10.200
2021-10-17 11:00:00,6.450,115.000,4.300,113.000,10.800
2021-10-17 12:00:00,5.610,140.000,43.000,120.000,11.500
2021-10-17 13:00:00,5.110,118.000,11.700,113.000,11.800
2021-10-17 14:00:00,4.440,116.000,34.000,104.000,12.200
2021-10-17 15:00:00,4.470,51.000,0.000,51.000,11.700
2021-10-17 16:00:00,4.390,22.000,0.000,22.000,11.100
2021-10-17 17:00:00,4.580,1.000,0.000,1.000,10.500
2021-10-17 18:00:00,4.990,0.000,0.000,0.000,10.200
2021-10-17 19:00:00,5.440,0.000,0.000,0.000,10.200
2021-10-17 20:00:00,5.420,0.000,0.000,0.000,10.200
2021-10-17 21:00:00,5.490,0.000,0.000,0.000,10.100
2021-10-17 22:00:00,5.660,0.000,0.000,0.000,9.200
2021-10-17 23:00:00,5.460,0.000,0.000,0.000,9.100
2021-10-18 00:00:00,5.550,0.000,0.000,0.000,9.200
2021-10-18 01:00:00,5.580,0.000,0.000,0.000,8.700
2021-10-18 02:00:00,6.040,0.000,0.000,0.000,8.800
2021-10-18 03:00:00,6.150,0.000,0.000,0.000,8.700
2021-10-18 04:00:00,6.150,0.000,0.000,0.000,8.500
2021-10-18 05:00:00,6.060,0.000,0.000,0.000,8.500
2021-10-18 06:00:00,6.140,0.000,0.000,0.000,8.400
2021-10-18 07:00:00,6.240,41.000,171.400,25.000,8.900
2021-10-18 08:00:00,5.880,55.000,22.800,50.000,10.300
2021-10-18 09:00:00,4.830,139.000,75.300,114.000,11.600
2021-10-18 10:00:00,3.670,177.000,79.900,144.000,12.800
2021-10-18 11:00:00,3.940,231.000,131.400,171.000,14.100
2021-10-18 12:00:00,4.240,234.000,115.300,181.000,14.400
2021-10-18 13:00:00,4.300,217.000,113.600,169.000,14.700
2021-10-18 14:00:00,4.530,179.000,66.200,156.000,14.600
2021-10-18 15:00:00,4.800,114.000,58.500,100.000,14.100
2021-10-18 16:00:00,5.310,39.000,9.500,38.000,13.100
2021-10-18 17:00:00,5.920,1.000,0.000,1.000,11.700
2021-10-18 18:00:00,6.550,0.000,0.000,0.000,11.100
2021-10-18 19:00:00,7.450,0.000,0.000,0.000,10.700
2021-10-18 20:00:00,6.950,0.000,0.000,0.000,10.400
2021-10-18 21:00:00,6.990,0.000,0.000,0.000,10.100
2021-10-18 22:00:00,7.160,0.000,0.000,0.000,9.900
2021-10-18 23:00:00,7.350,0.000,0.000,0.000,9.900
2021-10-19 00:00:00,7.160,0.000,0.000,0.000,9.800
2021-10-19 01:00:00,7.330,0.000,0.000,0.000,9.900
2021-10-19 02:00:00,7.610,0.000,0.000,0.000,10.100
2021-10-19 03:00:00,7.520,0.000,0.000,0.000,10.300
2021-10-19 04:00:00,7.620,0.000,0.000,0.000,10.700
2021-10-19 05:00:00,7.340,0.000,0.000,0.000,11.000
2021-10-19 06:00:00,7.520,0.000,0.000,0.000,11.200
2021-10-19 07:00:00,7.380,18.000,66.100,12.000,11.600
2021-10-19 08:00:00,7.380,57.000,56.000,45.000,12.600
2021-10-19 09:00:00,7.650,130.000,85.600,102.000,13.400
2021-10-19 10:00:00,6.180,133.000,41.700,116.000,13.500
2021-10-19 11:00:00,6.660,204.000,90.900,163.000,14.400
2021-10-19 12:00:00,7.070,154.000,22.000,144.000,14.600
2021-10-19 13:00:00,7.120,77.000,4.800,75.000,14.400
2021-10-19 14:00:00,8.210,37.000,0.000,37.000,14.200
2021-10-19 15:00:00,8.060,23.000,0.000,23.000,14.400
2021-10-19 16:00:00,8.740,6.000,0.000,6.000,14.300
2021-10-19 17:00:00,8.680,0.000,0.000,0.000,14.400
2021-10-19 18:00:00,8.560,0.000,0.000,0.000,14.900
2021-10-19 19:00:00,9.030,0.000,0.000,0.000,15.500
2021-10-19 20:00:00,9.420,0.000,0.000,0.000,16.000
2021-10-19 21:00:00,9.490,0.000,0.000,0.000,16.200
2021-10-19 22:00:00,9.260,0.000,0.000,0.000,15.700
2021-10-19 23:00:00,9.480,0.000,0.000,0.000,15.300
2021-10-20 00:00:00,9.620,0.000,0.000,0.000,14.900
2021-10-20 01:00:00,9.340,0.000,0.000,0.000,14.700
2021-10-20 02:00:00,9.550,0.000,0.000,0.000,14.500
2021-10-20 03:00:00,9.770,0.000,0.000,0.000,14.400
2021-10-20 04:00:00,10.130,0.000,0.000,0.000,14.300
2021-10-20 05:00:00,10.200,0.000,0.000,0.000,14.300
2021-10-20 06:00:00,10.590,0.000,0.000,0.000,14.100
2021-10-20 07:00:00,10.430,25.000,11.300,24.000,14.700
2021-10-20 08:00:00,10.480,88.000,52.500,77.000,15.200
2021-10-20 09:00:00,10.730,90.000,34.200,79.000,15.900
2021-10-20 10:00:00,10.210,151.000,34.800,137.000,16.700
2021-10-20 11:00:00,10.380,178.000,24.700,167.000,17.200
2021-10-20 12:00:00,11.210,206.000,207.300,113.000,18.000
2021-10-20 13:00:00,10.530,195.000,194.600,115.000,18.300
2021-10-20 14:00:00,12.510,173.000,151.800,122.000,18.200
2021-10-20 15:00:00,12.010,83.000,87.800,63.000,17.900
2021-10-20 16:00:00,11.920,35.000,111.600,24.000,17.300
2021-10-20 17:00:00,10.970,0.000,0.000,0.000,17.100
2021-10-20 18:00:00,11.530,0.000,0.000,0.000,17.200
2021-10-20 19:00:00,11.310,0.000,0.000,0.000,16.600
2021-10-20 20:00:00,11.200,0.000,0.000,0.000,15.900
2021-10-20 21:00:00,11.020,0.000,0.000,0.000,15.500
2021-10-20 22:00:00,8.650,0.000,0.000,0.000,15.800
2021-10-20 23:00:00,8.100,0.000,0.000,0.000,15.500
2021-10-21 00:00:00,8.210,0.000,0.000,0.000,15.300
2021-10-21 01:00:00,9.390,0.000,0.000,0.000,15.400
2021-10-21 02:00:00,10.990,0.000,0.000,0.000,15.200
2021-10-21 03:00:00,13.350,0.000,0.000,0.000,15.100
2021-10-21 04:00:00,16.030,0.000,0.000,0.000,14.600
2021-10-21 05:00:00,15.060,0.000,0.000,0.000,13.800
2021-10-21 06:00:00,13.300,0.000,0.000,0.000,12.900
2021-10-21 07:00:00,15.130,18.000,69.900,12.000,12.100
2021-10-21 08:00:00,15.560,84.000,156.400,52.000,11.500
2021-10-21 09:00:00,14.370,77.000,50.500,61.000,10.500
2021-10-21 10:00:00,14.620,64.000,5.000,62.000,10.700
2021-10-21 11:00:00,14.330,97.000,2.300,96.000,11.100
2021-10-21 12:00:00,15.630,104.000,31.600,90.000,10.600
2021-10-21 13:00:00,14.860,169.000,111.000,124.000,10.700
2021-10-21 14:00:00,13.450,105.000,115.100,67.000,9.400
2021-10-21 15:00:00,11.260,41.000,45.000,31.000,8.300
2021-10-21 16:00:00,10.200,11.000,10.500,10.000,8.000
2021-10-21 17:00:00,11.410,0.000,0.000,0.000,7.900
2021-10-21 18:00:00,10.700,0.000,0.000,0.000,7.500
2021-10-21 19:00:00,10.420,0.000,0.000,0.000,7.300
2021-10-21 20:00:00,10.450,0.000,0.000,0.000,7.000
2021-10-21 21:00:00,10.260,0.000,0.000,0.000,6.800
2021-10-21 22:00:00,11.210,0.000,0.000,0.000,6.600
2021-10-21 23:00:00,10.980,0.000,0.000,0.000,6.500
2021-10-22 00:00:00,10.770,0.000,0.000,0.000,6.400
2021-10-22 01:00:00,10.980,0.000,0.000,0.000,6.300
2021-10-22 02:00:00,10.960,0.000,0.000,0.000,6.300
2021-10-22 03:00:00,11.060,0.000,0.000,0.000,6.200
2021-10-22 04:00:00,11.410,0.000,0.000,0.000,6.300
2021-10-22 05:00:00,12.080,0.000,0.000,0.000,6.500
2021-10-22 06:00:00,12.660,0.000,0.000,0.000,6.800
2021-10-22 07:00:00,13.010,32.000,144.100,20.000,7.300
2021-10-22 08:00:00,11.750,83.000,120.200,59.000,8.000
2021-10-22 09:00:00,12.760,132.000,102.700,100.000,8.900
2021-10-22 10:00:00,13.660,216.000,219.600,130.000,9.600
2021-10-22 11:00:00,15.370,186.000,135.800,127.000,9.600
2021-10-22 12:00:00,14.920,105.000,11.400,100.000,9.000
2021-10-22 13:00:00,14.000,91.000,30.000,79.000,9.000
2021-10-22 14:00:00,12.130,37.000,0.000,37.000,8.900
2021-10-22 15:00:00,11.650,39.000,64.600,25.000,8.500
2021-10-22 16:00:00,10.090,18.000,86.300,10.000,7.900
2021-10-22 17:00:00,9.460,0.000,0.000,0.000,7.200
2021-10-22 18:00:00,9.410,0.000,0.000,0.000,6.800
2021-10-22 19:00:00,9.490,0.000,0.000,0.000,6.600
2021-10-22 20:00:00,9.520,0.000,0.000,0.000,6.400
2021-10-22 21:00:00,9.600,0.000,0.000,0.000,6.100
2021-10-22 22:00:00,9.600,0.000,0.000,0.000,5.700
2021-10-22 23:00:00,9.600,0.000,0.000,0.000,5.400
2021-10-23 00:00:00,9.310,0.000,0.000,0.000,5.200
2021-10-23 01:00:00,9.340,0.000,0.000,0.000,5.100
2021-10-23 02:00:00,9.310,0.000,0.000,0.000,5.000
2021-10-23 03:00:00,9.000,0.000,0.000,0.000,4.900
2021-10-23 04:00:00,8.680,0.000,0.000,0.000,5.000
2021-10-23 05:00:00,8.360,0.000,0.000,0.000,4.800
2021-10-23 06:00:00,8.040,0.000,0.000,0.000,4.900
2021-10-23 07:00:00,7.950,26.000,99.100,18.000,5.500
2021-10-23 08:00:00,7.880,98.000,241.400,51.000,6.800
2021-10-23 09:00:00,7.030,148.000,192.600,89.000,8.200
2021-10-23 10:00:00,6.300,170.000,147.500,113.000,9.000
2021-10-23 11:00:00,6.000,229.000,256.300,119.000,10.100
2021-10-23 12:00:00,6.550,303.000,321.900,164.000,10.800
2021-10-23 13:00:00,6.110,333.000,553.000,115.000,11.200
2021-10-23 14:00:00,5.840,195.000,326.100,91.000,11.100
2021-10-23 15:00:00,4.410,101.000,213.200,56.000,10.600
2021-10-23 16:00:00,4.240,35.000,144.700,22.000,9.700
2021-10-23 17:00:00,4.210,0.000,0.000,0.000,8.200
2021-10-23 18:00:00,4.080,0.000,0.000,0.000,6.900
2021-10-23 19:00:00,3.880,0.000,0.000,0.000,6.400
2021-10-23 20:00:00,3.620,0.000,0.000,0.000,5.900
2021-10-23 21:00:00,3.740,0.000,0.000,0.000,5.300
2021-10-23 22:00:00,4.050,0.000,0.000,0.000,6.100
2021-10-23 23:00:00,4.750,0.000,0.000,0.000,5.900
2021-10-24 00:00:00,5.020,0.000,0.000,0.000,5.700
2021-10-24 01:00:00,5.410,0.000,0.000,0.000,5.300
2021-10-24 02:00:00,5.320,0.000,0.000,0.000,4.500
2021-10-24 03:00:00,4.830,0.000,0.000,0.000,3.900
2021-10-24 04:00:00,4.810,0.000,0.000,0.000,3.500
2021-10-24 05:00:00,5.410,0.000,0.000,0.000,3.100
2021-10-24 06:00:00,5.710,0.000,0.000,0.000,2.700
2021-10-24 07:00:00,5.650,30.000,166.200,17.000,2.900
2021-10-24 08:00:00,5.250,124.000,337.200,60.000,5.200
2021-10-24 09:00:00,4.490,247.000,547.700,82.000,7.500
2021-10-24 10:00:00,4.340,339.000,653.500,90.000,9.300
2021-10-24 11:00:00,4.790,395.000,724.600,88.000,10.800
2021-10-24 12:00:00,5.020,398.000,731.900,86.000,11.900
2021-10-24 13:00:00,5.030,348.000,653.500,94.000,12.600
2021-10-24 14:00:00,4.920,271.000,635.000,72.000,12.800
2021-10-24 15:00:00,5.100,159.000,510.900,54.000,12.300
2021-10-24 16:00:00,5.970,44.000,275.900,20.000,10.400
2021-10-24 17:00:00,6.350,0.000,0.000,0.000,8.300
2021-10-24 18:00:00,5.920,0.000,0.000,0.000,7.400
2021-10-24 19:00:00,5.890,0.000,0.000,0.000,6.900
2021-10-24 20:00:00,6.400,0.000,0.000,0.000,6.700
2021-10-24 21:00:00,6.900,0.000,0.000,0.000,6.200
2021-10-24 22:00:00,7.780,0.000,0.000,0.000,5.500
2021-10-24 23:00:00,7.720,0.000,0.000,0.000,5.100
2021-10-25 00:00:00,7.200,0.000,0.000,0.000,5.200
2021-10-25 01:00:00,7.170,0.000,0.000,0.000,4.800
2021-10-25 02:00:00,7.170,0.000,0.000,0.000,4.200
2021-10-25 03:00:00,6.910,0.000,0.000,0.000,3.900
2021-10-25 04:00:00,6.750,0.000,0.000,0.000,3.600
2021-10-25 05:00:00,6.580,0.000,0.000,0.000,3.400
2021-10-25 06:00:00,6.300,0.000,0.000,0.000,3.300
2021-10-25 07:00:00,6.310,30.000,198.100,15.000,3.900
2021-10-25 08:00:00,6.310,138.000,476.000,50.000,6.000
2021-10-25 09:00:00,5.240,217.000,374.900,106.000,8.200
2021-10-25 10:00:00,4.430,300.000,457.800,128.000,10.000
2021-10-25 11:00:00,4.560,319.000,416.000,145.000,11.500
2021-10-25 12:00:00,4.490,303.000,361.300,151.000,12.500
2021-10-25 13:00:00,4.650,264.000,326.300,139.000,13.200
2021-10-25 14:00:00,4.740,199.000,341.100,94.000,13.300
2021-10-25 15:00:00,5.030,126.000,329.800,60.000,12.800
2021-10-25 16:00:00,5.720,33.000,178.200,18.000,11.700
2021-10-25 17:00:00,6.430,0.000,0.000,0.000,10.700
2021-10-25 18:00:00,6.460,0.000,0.000,0.000,10.500
2021-10-25 19:00:00,6.840,0.000,0.000,0.000,10.300
2021-10-25 20:00:00,7.210,0.000,0.000,0.000,9.800
2021-10-25 21:00:00,7.030,0.000,0.000,0.000,9.800
2021-10-25 22:00:00,6.530,0.000,0.000,0.000,10.000
2021-10-25 23:00:00,6.650,0.000,0.000,0.000,10.200
2021-10-26 00:00:00,6.620,0.000,0.000,0.000,10.400
2021-10-26 01:00:00,6.820,0.000,0.000,0.000,10.400
2021-10-26 02:00:00,6.960,0.000,0.000,0.000,10.600
2021-10-26 03:00:00,6.740,0.000,0.000,0.000,10.700
2021-10-26 04:00:00,6.770,0.000,0.000,0.000,10.400
2021-10-26 05:00:00,7.020,0.000,0.000,0.000,10.600
2021-10-26 06:00:00,6.940,0.000,0.000,0.000,10.700
2021-10-26 07:00:00,7.180,9.000,0.000,9.000,10.800
2021-10-26 08:00:00,7.180,37.000,11.100,35.000,11.300
2021-10-26 09:00:00,7.270,55.000,0.000,55.000,11.700
2021-10-26 10:00:00,7.250,103.000,59.400,81.000,12.300
2021-10-26 11:00:00,6.520,133.000,50.900,112.000,12.800
2021-10-26 12:00:00,7.370,224.000,199.900,141.000,13.400
2021-10-26 13:00:00,7.520,197.000,206.600,119.000,13.800
2021-10-26 14:00:00,6.590,174.000,224.900,106.000,13.900
2021-10-26 15:00:00,6.380,85.000,66.800,72.000,13.600
2021-10-26 16:00:00,6.100,22.000,12.300,21.000,12.800
2021-10-26 17:00:00,7.640,0.000,0.000,0.000,12.200
2021-10-26 18:00:00,8.820,0.000,0.000,0.000,12.500
2021-10-26 19:00:00,8.940,0.000,0.000,0.000,12.700
2021-10-26 20:00:00,8.630,0.000,0.000,0.000,12.500
2021-10-26 21:00:00,8.320,0.000,0.000,0.000,12.300
2021-10-26 22:00:00,8.380,0.000,0.000,0.000,12.000
2021-10-26 23:00:00,8.580,0.000,0.000,0.000,12.000
2021-10-27 00:00:00,8.380,0.000,0.000,0.000,12.200
2021-10-27 01:00:00,8.420,0.000,0.000,0.000,12.300
2021-10-27 02:00:00,8.340,0.000,0.000,0.000,12.300
2021-10-27 03:00:00,8.170,0.000,0.000,0.000,12.200
2021-10-27 04:00:00,8.220,0.000,0.000,0.000,12.400
2021-10-27 05:00:00,8.530,0.000,0.000,0.000,12.500
2021-10-27 06:00:00,8.440,0.000,0.000,0.000,12.500
2021-10-27 07:00:00,8.380,6.000,0.000,6.000,12.400
2021-10-27 08:00:00,8.430,32.000,0.000,32.000,12.700
2021-10-27 09:00:00,8.180,58.000,3.500,57.000,13.300
2021-10-27 10:00:00,9.300,79.000,2.700,78.000,13.800
2021-10-27 11:00:00,9.090,117.000,9.800,113.000,14.500
2021-10-27 12:00:00,8.320,137.000,26.800,126.000,14.900
2021-10-27 13:00:00,9.220,156.000,69.900,130.000,15.400
2021-10-27 14:00:00,7.880,115.000,43.800,102.000,15.500
2021-10-27 15:00:00,7.420,61.000,58.100,50.000,15.400
2021-10-27 16:00:00,7.110,17.000,38.200,14.000,14.800
2021-10-27 17:00:00,6.860,0.000,0.000,0.000,14.300
2021-10-27 18:00:00,6.730,0.000,0.000,0.000,13.700
2021-10-27 19:00:00,6.780,0.000,0.000,0.000,12.900
2021-10-27 20:00:00,7.100,0.000,0.000,0.000,12.200
2021-10-27 21:00:00,7.160,0.000,0.000,0.000,11.500
2021-10-27 22:00:00,6.910,0.000,0.000,0.000,10.700
2021-10-27 23:00:00,6.800,0.000,0.000,0.000,10.300
2021-10-28 00:00:00,6.440,0.000,0.000,0.000,9.900
2021-10-28 01:00:00,6.130,0.000,0.000,0.000,9.100
2021-10-28 02:00:00,5.910,0.000,0.000,0.000,8.600
2021-10-28 03:00:00,5.780,0.000,0.000,0.000,8.300
2021-10-28 04:00:00,5.600,0.000,0.000,0.000,8.200
2021-10-28 05:00:00,6.200,0.000,0.000,0.000,7.900
2021-10-28 06:00:00,6.440,0.000,0.000,0.000,7.700
2021-10-28 07:00:00,6.310,21.000,131.900,12.000,8.000
2021-10-28 08:00:00,6.100,118.000,422.900,46.000,10.100
2021-10-28 09:00:00,4.900,216.000,505.500,74.000,11.900
2021-10-28 10:00:00,3.710,308.000,647.200,75.000,13.700
2021-10-28 11:00:00,3.610,360.000,686.300,84.000,15.200
2021-10-28 12:00:00,3.960,364.000,694.800,83.000,16.400
2021-10-28 13:00:00,4.270,326.000,681.600,76.000,17.000
2021-10-28 14:00:00,4.220,243.000,606.900,66.000,17.000
2021-10-28 15:00:00,5.260,135.000,472.300,48.000,16.100
2021-10-28 16:00:00,6.590,30.000,197.600,15.000,14.100
2021-10-28 17:00:00,6.960,0.000,0.000,0.000,12.300
2021-10-28 18:00:00,7.110,0.000,0.000,0.000,11.400
2021-10-28 19:00:00,7.610,0.000,0.000,0.000,10.600
2021-10-28 20:00:00,7.590,0.000,0.000,0.000,9.900
2021-10-28 21:00:00,7.430,0.000,0.000,0.000,9.200
2021-10-28 22:00:00,7.250,0.000,0.000,0.000,8.300
2021-10-28 23:00:00,7.080,0.000,0.000,0.000,7.700
2021-10-29 00:00:00,7.400,0.000,0.000,0.000,7.300
2021-10-29 01:00:00,7.950,0.000,0.000,0.000,7.100
2021-10-29 02:00:00,7.600,0.000,0.000,0.000,6.800
2021-10-29 03:00:00,7.720,0.000,0.000,0.000,6.500
2021-10-29 04:00:00,7.750,0.000,0.000,0.000,6.600
2021-10-29 05:00:00,7.840,0.000,0.000,0.000,6.900
2021-10-29 06:00:00,7.960,0.000,0.000,0.000,6.700
2021-10-29 07:00:00,8.040,18.000,106.500,11.000,7.200
2021-10-29 08:00:00,8.650,102.000,314.300,50.000,9.300
2021-10-29 09:00:00,7.610,208.000,482.100,75.000,11.100
2021-10-29 10:00:00,6.600,311.000,659.500,77.000,13.400
2021-10-29 11:00:00,6.310,359.000,695.400,83.000,15.000
2021-10-29 12:00:00,6.150,363.000,709.000,80.000,16.000
2021-10-29 13:00:00,6.170,303.000,553.300,103.000,16.600
2021-10-29 14:00:00,6.760,200.000,296.800,115.000,16.300
2021-10-29 15:00:00,7.320,109.000,184.300,76.000,15.400
2021-10-29 16:00:00,8.320,22.000,27.300,20.000,14.000
2021-10-29 17:00:00,8.520,0.000,0.000,0.000,13.200
2021-10-29 18:00:00,8.430,0.000,0.000,0.000,12.600
2021-10-29 19:00:00,8.710,0.000,0.000,0.000,12.000
2021-10-29 20:00:00,9.110,0.000,0.000,0.000,11.600
2021-10-29 21:00:00,8.900,0.000,0.000,0.000,11.500
2021-10-29 22:00:00,8.970,0.000,0.000,0.000,11.000
2021-10-29 23:00:00,8.380,0.000,0.000,0.000,10.500
2021-10-30 00:00:00,7.840,0.000,0.000,0.000,9.900
2021-10-30 01:00:00,7.880,0.000,0.000,0.000,9.700
2021-10-30 02:00:00,6.910,0.000,0.000,0.000,9.400
2021-10-30 03:00:00,6.540,0.000,0.000,0.000,9.000
2021-10-30 04:00:00,7.570,0.000,0.000,0.000,8.700
2021-10-30 05:00:00,7.610,0.000,0.000,0.000,8.800
2021-10-30 06:00:00,7.130,0.000,0.000,0.000,8.600
2021-10-30 07:00:00,7.150,17.000,94.800,11.000,8.800
2021-10-30 08:00:00,6.840,97.000,292.600,50.000,10.400
2021-10-30 09:00:00,6.410,186.000,310.100,102.000,11.800
2021-10-30 10:00:00,7.990,214.000,174.400,153.000,13.600
2021-10-30 11:00:00,9.500,196.000,71.500,168.000,14.300
2021-10-30 12:00:00,7.100,176.000,33.000,163.000,14.600
2021-10-30 13:00:00,7.060,192.000,126.300,147.000,14.300
2021-10-30 14:00:00,6.240,112.000,17.800,107.000,13.600
2021-10-30 15:00:00,6.120,47.000,17.200,44.000,12.900
2021-10-30 16:00:00,6.500,9.000,0.000,9.000,12.700
2021-10-30 17:00:00,7.210,0.000,0.000,0.000,12.700
2021-10-30 18:00:00,7.760,0.000,0.000,0.000,13.000
2021-10-30 19:00:00,8.320,0.000,0.000,0.000,12.900
2021-10-30 20:00:00,8.500,0.000,0.000,0.000,12.400
2021-10-30 21:00:00,7.920,0.000,0.000,0.000,12.100
2021-10-30 22:00:00,7.520,0.000,0.000,0.000,11.400
2021-10-30 23:00:00,7.470,0.000,0.000,0.000,12.000
2021-10-31 00:00:00,7.690,0.000,0.000,0.000,12.500
2021-10-31 01:00:00,7.820,0.000,0.000,0.000,12.900
2021-10-31 02:00:00,7.630,0.000,0.000,0.000,12.800
2021-10-31 03:00:00,7.270,0.000,0.000,0.000,12.400
2021-10-31 04:00:00,6.860,0.000,0.000,0.000,11.900
2021-10-31 05:00:00,6.440,0.000,0.000,0.000,11.700
2021-10-31 06:00:00,6.490,0.000,0.000,0.000,11.300
2021-10-31 07:00:00,6.310,10.000,16.400,9.000,11.100
2021-10-31 08:00:00,5.610,84.000,173.200,57.000,11.900
2021-10-31 09:00:00,4.610,183.000,323.300,97.000,12.900
2021-10-31 10:00:00,5.020,220.000,272.700,126.000,14.300
2021-10-31 11:00:00,5.630,287.000,364.800,146.000,15.400
2021-10-31 12:00:00,6.990,287.000,370.500,143.000,16.200
2021-10-31 13:00:00,6.620,274.000,458.600,113.000,17.000
2021-10-31 14:00:00,6.500,191.000,318.700,103.000,17.200
2021-10-31 15:00:00,7.030,80.000,76.900,67.000,16.800
2021-10-31 16:00:00,7.880,15.000,0.000,15.000,16.000
2021-10-31 17:00:00,8.350,0.000,0.000,0.000,15.900
2021-10-31 18:00:00,8.810,0.000,0.000,0.000,15.800
2021-10-31 19:00:00,9.680,0.000,0.000,0.000,16.000
2021-10-31 20:00:00,10.580,0.000,0.000,0.000,16.000
2021-10-31 21:00:00,11.340,0.000,0.000,0.000,15.700
2021-10-31 22:00:00,10.500,0.000,0.000,0.000,16.000
2021-10-31 23:00:00,9.990,0.000,0.000,0.000,15.100
2021-11-01 00:00:00,9.020,0.000,0.000,0.000,13.600
2021-11-01 01:00:00,7.420,0.000,0.000,0.000,13.400
2021-11-01 02:00:00,6.500,0.000,0.000,0.000,12.800
2021-11-01 03:00:00,6.490,0.000,0.000,0.000,12.400
2021-11-01 04:00:00,6.300,0.000,0.000,0.000,11.900
2021-11-01 05:00:00,6.370,0.000,0.000,0.000,11.600
2021-11-01 06:00:00,6.110,0.000,0.000,0.000,11.100
2021-11-01 07:00:00,6.170,7.000,0.000,7.000,10.700
2021-11-01 08:00:00,7.160,40.000,0.000,40.000,10.900
2021-11-01 09:00:00,7.650,94.000,3.800,93.000,11.400
2021-11-01 10:00:00,7.580,129.000,11.800,125.000,12.500
2021-11-01 11:00:00,7.520,134.000,10.500,130.000,12.600
2021-11-01 12:00:00,7.310,168.000,49.500,149.000,13.000
2021-11-01 13:00:00,6.540,158.000,75.100,132.000,13.200
2021-11-01 14:00:00,5.960,125.000,66.400,107.000,13.300
2021-11-01 15:00:00,5.600,67.000,42.600,60.000,12.900
2021-11-01 16:00:00,5.630,13.000,15.200,12.000,11.900
2021-11-01 17:00:00,5.630,0.000,0.000,0.000,10.900
2021-11-01 18:00:00,5.420,0.000,0.000,0.000,9.900
2021-11-01 19:00:00,5.540,0.000,0.000,0.000,9.500
2021-11-01 20:00:00,5.610,0.000,0.000,0.000,9.100
2021-11-01 21:00:00,6.070,0.000,0.000,0.000,8.700
2021-11-01 22:00:00,6.170,0.000,0.000,0.000,8.300
2021-11-01 23:00:00,6.400,0.000,0.000,0.000,7.900
2021-11-02 00:00:00,6.020,0.000,0.000,0.000,7.500
2021-11-02 01:00:00,5.460,0.000,0.000,0.000,7.000
2021-11-02 02:00:00,5.320,0.000,0.000,0.000,6.100
2021-11-02 03:00:00,5.320,0.000,0.000,0.000,5.500
2021-11-02 04:00:00,5.460,0.000,0.000,0.000,5.100
2021-11-02 05:00:00,5.640,0.000,0.000,0.000,5.000
2021-11-02 06:00:00,5.630,0.000,0.000,0.000,5.100
2021-11-02 07:00:00,5.050,10.000,35.700,8.000,5.700
2021-11-02 08:00:00,4.700,77.000,191.100,49.000,6.800
2021-11-02 09:00:00,4.300,183.000,429.200,73.000,8.300
2021-11-02 10:00:00,3.610,241.000,379.500,114.000,9.700
2021-11-02 11:00:00,3.040,221.000,196.600,147.000,10.700
2021-11-02 12:00:00,2.940,185.000,192.800,112.000,11.200
2021-11-02 13:00:00,2.340,133.000,167.200,76.000,11.300
2021-11-02 14:00:00,2.830,79.000,26.300,72.000,11.100
2021-11-02 15:00:00,3.080,50.000,69.000,39.000,10.700
2021-11-02 16:00:00,2.360,12.000,31.600,10.000,8.800
2021-11-02 17:00:00,2.330,0.000,0.000,0.000,8.200
2021-11-02 18:00:00,2.550,0.000,0.000,0.000,7.800
2021-11-02 19:00:00,3.000,0.000,0.000,0.000,7.000
2021-11-02 20:00:00,3.300,0.000,0.000,0.000,6.600
2021-11-02 21:00:00,4.050,0.000,0.000,0.000,6.200
2021-11-02 22:00:00,5.000,0.000,0.000,0.000,6.800
2021-11-02 23:00:00,5.190,0.000,0.000,0.000,6.800
2021-11-03 00:00:00,5.220,0.000,0.000,0.000,6.600
2021-11-03 01:00:00,5.740,0.000,0.000,0.000,6.300
2021-11-03 02:00:00,6.000,0.000,0.000,0.000,5.900
2021-11-03 03:00:00,5.320,0.000,0.000,0.000,5.600
2021-11-03 04:00:00,4.960,0.000,0.000,0.000,5.700
2021-11-03 05:00:00,4.250,0.000,0.000,0.000,5.300
2021-11-03 06:00:00,3.140,0.000,0.000,0.000,5.500
2021-11-03 07:00:00,2.120,7.000,18.600,6.000,5.600
2021-11-03 08:00:00,2.240,44.000,21.100,41.000,6.000
2021-11-03 09:00:00,2.330,108.000,99.400,83.000,6.600
2021-11-03 10:00:00,3.140,157.000,136.500,112.000,7.900
2021-11-03 11:00:00,2.160,152.000,35.000,139.000,8.700
2021-11-03 12:00:00,2.820,195.000,85.700,163.000,9.600
2021-11-03 13:00:00,4.100,124.000,23.800,116.000,9.700
2021-11-03 14:00:00,3.810,69.000,7.600,67.000,9.400
2021-11-03 15:00:00,4.460,22.000,0.000,22.000,8.800
2021-11-03 16:00:00,5.150,4.000,0.000,4.000,8.200
2021-11-03 17:00:00,4.350,0.000,0.000,0.000,7.600
2021-11-03 18:00:00,4.600,0.000,0.000,0.000,7.300
2021-11-03 19:00:00,4.850,0.000,0.000,0.000,7.300
2021-11-03 20:00:00,4.510,0.000,0.000,0.000,7.400
2021-11-03 21:00:00,4.800,0.000,0.000,0.000,7.200
2021-11-03 22:00:00,4.620,0.000,0.000,0.000,7.700
2021-11-03 23:00:00,4.100,0.000,0.000,0.000,7.700
2021-11-04 00:00:00,4.080,0.000,0.000,0.000,7.400
2021-11-04 01:00:00,5.140,0.000,0.000,0.000,7.200
2021-11-04 02:00:00,4.900,0.000,0.000,0.000,7.200
2021-11-04 03:00:00,4.530,0.000,0.000,0.000,7.200
2021-11-04 04:00:00,4.890,0.000,0.000,0.000,7.100
2021-11-04 05:00:00,4.340,0.000,0.000,0.000,7.100
2021-11-04 06:00:00,4.630,0.000,0.000,0.000,7.000
2021-11-04 07:00:00,5.710,2.000,0.000,2.000,7.000
2021-11-04 08:00:00,6.410,12.000,0.000,12.000,7.000
2021-11-04 09:00:00,7.210,25.000,0.000,25.000,7.100
2021-11-04 10:00:00,7.530,30.000,0.000,30.000,7.300
2021-11-04 11:00:00,6.890,35.000,0.000,35.000,7.500
2021-11-04 12:00:00,7.470,42.000,0.000,42.000,7.700
2021-11-04 13:00:00,7.560,38.000,0.000,38.000,7.600
2021-11-04 14:00:00,7.670,39.000,0.000,39.000,7.600
2021-11-04 15:00:00,7.800,14.000,0.000,14.000,7.400
2021-11-04 16:00:00,7.650,2.000,0.000,2.000,7.300
2021-11-04 17:00:00,7.210,0.000,0.000,0.000,7.300
2021-11-04 18:00:00,7.400,0.000,0.000,0.000,7.300
2021-11-04 19:00:00,7.890,0.000,0.000,0.000,7.400
2021-11-04 20:00:00,8.260,0.000,0.000,0.000,7.500
2021-11-04 21:00:00,8.250,0.000,0.000,0.000,7.500
2021-11-04 22:00:00,7.870,0.000,0.000,0.000,7.600
2021-11-04 23:00:00,7.380,0.000,0.000,0.000,7.600
2021-11-05 00:00:00,7.020,0.000,0.000,0.000,7.500
2021-11-05 01:00:00,7.010,0.000,0.000,0.000,7.500
2021-11-05 02:00:00,6.960,0.000,0.000,0.000,7.500
2021-11-05 03:00:00,7.050,0.000,0.000,0.000,7.400
2021-11-05 04:00:00,7.410,0.000,0.000,0.000,7.200
2021-11-05 05:00:00,7.500,0.000,0.000,0.000,7.100
2021-11-05 06:00:00,7.510,0.000,0.000,0.000,7.000
2021-11-05 07:00:00,7.410,4.000,0.000,4.000,6.900
2021-11-05 08:00:00,7.010,39.000,45.200,33.000,7.400
2021-11-05 09:00:00,6.830,110.000,190.000,64.000,8.200
2021-11-05 10:00:00,7.200,188.000,299.800,92.000,8.700
2021-11-05 11:00:00,6.500,219.000,309.600,107.000,9.300
2021-11-05 12:00:00,6.510,177.000,219.800,97.000,9.800
2021-11-05 13:00:00,6.200,161.000,251.100,79.000,10.100
2021-11-05 14:00:00,6.590,121.000,245.800,59.000,10.000
2021-11-05 15:00:00,6.800,50.000,130.200,31.000,9.900
2021-11-05 16:00:00,7.180,8.000,53.300,5.000,9.200
2021-11-05 17:00:00,7.450,0.000,0.000,0.000,8.900
2021-11-05 18:00:00,7.510,0.000,0.000,0.000,8.500
2021-11-05 19:00:00,7.510,0.000,0.000,0.000,8.400
2021-11-05 20:00:00,7.590,0.000,0.000,0.000,8.200
2021-11-05 21:00:00,7.740,0.000,0.000,0.000,8.000
2021-11-05 22:00:00,8.260,0.000,0.000,0.000,7.700
2021-11-05 23:00:00,8.180,0.000,0.000,0.000,7.700
2021-11-06 00:00:00,8.000,0.000,0.000,0.000,7.500
2021-11-06 01:00:00,7.880,0.000,0.000,0.000,7.300
2021-11-06 02:00:00,8.150,0.000,0.000,0.000,7.300
2021-11-06 03:00:00,8.320,0.000,0.000,0.000,7.100
2021-11-06 04:00:00,8.100,0.000,0.000,0.000,7.100
2021-11-06 05:00:00,8.270,0.000,0.000,0.000,7.100
2021-11-06 06:00:00,8.660,0.000,0.000,0.000,7.200
2021-11-06 07:00:00,8.790,5.000,19.100,4.000,7.300
2021-11-06 08:00:00,8.680,44.000,101.400,31.000,7.600
2021-11-06 09:00:00,7.900,75.000,37.900,66.000,8.100
2021-11-06 10:00:00,7.520,93.000,25.400,85.000,8.300
2021-11-06 11:00:00,7.390,129.000,106.500,91.000,8.900
2021-11-06 12:00:00,7.920,120.000,69.600,95.000,9.200
2021-11-06 13:00:00,7.680,149.000,149.100,101.000,9.800
2021-11-06 14:00:00,7.430,112.000,161.500,72.000,9.900
2021-11-06 15:00:00,8.870,47.000,49.400,40.000,9.900
2021-11-06 16:00:00,9.060,7.000,18.500,6.000,9.600
2021-11-06 17:00:00,9.180,0.000,0.000,0.000,9.600
2021-11-06 18:00:00,9.480,0.000,0.000,0.000,9.600
2021-11-06 19:00:00,10.040,0.000,0.000,0.000,9.700
2021-11-06 20:00:00,10.260,0.000,0.000,0.000,9.800
2021-11-06 21:00:00,10.700,0.000,0.000,0.000,10.000
2021-11-06 22:00:00,9.970,0.000,0.000,0.000,9.900
2021-11-06 23:00:00,10.560,0.000,0.000,0.000,10.100
2021-11-07 00:00:00,11.240,0.000,0.000,0.000,9.900
2021-11-07 01:00:00,11.900,0.000,0.000,0.000,9.700
2021-11-07 02:00:00,12.460,0.000,0.000,0.000,9.500
2021-11-07 03:00:00,12.760,0.000,0.000,0.000,9.500
2021-11-07 04:00:00,12.120,0.000,0.000,0.000,9.500
2021-11-07 05:00:00,11.580,0.000,0.000,0.000,9.500
2021-11-07 06:00:00,11.490,0.000,0.000,0.000,9.700
2021-11-07 07:00:00,11.700,2.000,0.000,2.000,9.700
2021-11-07 08:00:00,11.040,25.000,40.400,20.000,9.500
2021-11-07 09:00:00,10.560,92.000,107.400,67.000,9.700
2021-11-07 10:00:00,10.170,181.000,367.000,67.000,10.300
2021-11-07 11:00:00,10.280,198.000,337.900,79.000,10.500
2021-11-07 12:00:00,11.400,259.000,513.500,77.000,10.800
2021-11-07 13:00:00,10.750,199.000,381.400,78.000,10.600
2021-11-07 14:00:00,10.640,172.000,456.400,61.000,9.700
2021-11-07 15:00:00,9.740,71.000,254.900,36.000,9.100
2021-11-07 16:00:00,9.810,7.000,38.200,5.000,8.700
2021-11-07 17:00:00,9.300,0.000,0.000,0.000,8.500
2021-11-07 18:00:00,9.200,0.000,0.000,0.000,8.200
2021-11-07 19:00:00,9.430,0.000,0.000,0.000,8.100
2021-11-07 20:00:00,9.590,0.000,0.000,0.000,8.200
2021-11-07 21:00:00,9.700,0.000,0.000,0.000,8.100
2021-11-07 22:00:00,9.730,0.000,0.000,0.000,7.900
2021-11-07 23:00:00,9.550,0.000,0.000,0.000,7.900
2021-11-08 00:00:00,9.490,0.000,0.000,0.000,7.900
2021-11-08 01:00:00,9.630,0.000,0.000,0.000,7.800
2021-11-08 02:00:00,9.210,0.000,0.000,0.000,7.700
2021-11-08 03:00:00,8.900,0.000,0.000,0.000,7.400
2021-11-08 04:00:00,8.500,0.000,0.000,0.000,7.200
2021-11-08 05:00:00,8.120,0.000,0.000,0.000,7.000
2021-11-08 06:00:00,7.760,0.000,0.000,0.000,6.800
2021-11-08 07:00:00,7.350,5.000,19.100,4.000,6.600
2021-11-08 08:00:00,7.090,66.000,243.400,37.000,7.400
2021-11-08 09:00:00,7.150,127.000,236.800,73.000,8.300
2021-11-08 10:00:00,6.010,139.000,192.900,80.000,8.900
2021-11-08 11:00:00,6.230,91.000,72.000,66.000,9.100
2021-11-08 12:00:00,6.400,72.000,5.700,70.000,9.500
2021-11-08 13:00:00,6.440,64.000,41.600,51.000,9.600
2021-11-08 14:00:00,7.470,40.000,12.600,37.000,9.500
2021-11-08 15:00:00,7.120,23.000,22.500,20.000,9.300
2021-11-08 16:00:00,6.740,2.000,0.000,2.000,9.100
2021-11-08 17:00:00,6.610,0.000,0.000,0.000,9.000
2021-11-08 18:00:00,6.410,0.000,0.000,0.000,8.700
2021-11-08 19:00:00,6.000,0.000,0.000,0.000,8.300
2021-11-08 20:00:00,5.400,0.000,0.000,0.000,7.900
2021-11-08 21:00:00,5.690,0.000,0.000,0.000,7.900
2021-11-08 22:00:00,5.570,0.000,0.000,0.000,8.000
2021-11-08 23:00:00,5.260,0.000,0.000,0.000,7.700
2021-11-09 00:00:00,4.670,0.000,0.000,0.000,7.600
2021-11-09 01:00:00,4.300,0.000,0.000,0.000,7.700
2021-11-09 02:00:00,4.520,0.000,0.000,0.000,7.600
2021-11-09 03:00:00,4.580,0.000,0.000,0.000,7.900
2021-11-09 04:00:00,4.680,0.000,0.000,0.000,8.100
2021-11-09 05:00:00,4.810,0.000,0.000,0.000,8.600
2021-11-09 06:00:00,4.960,0.000,0.000,0.000,8.500
2021-11-09 07:00:00,5.140,3.000,0.000,3.000,8.500
2021-11-09 08:00:00,5.280,41.000,104.700,29.000,8.800
2021-11-09 09:00:00,4.380,132.000,264.100,73.000,9.600
2021-11-09 10:00:00,3.670,211.000,415.000,86.000,10.900
2021-11-09 11:00:00,3.940,282.000,569.000,87.000,11.800
2021-11-09 12:00:00,4.250,288.000,605.700,79.000,12.300
2021-11-09 13:00:00,4.300,239.000,558.200,67.000,12.500
2021-11-09 14:00:00,4.210,179.000,507.700,60.000,12.300
2021-11-09 15:00:00,4.570,84.000,372.400,36.000,11.400
2021-11-09 16:00:00,5.140,8.000,57.300,5.000,9.500
2021-11-09 17:00:00,6.110,0.000,0.000,0.000,8.400
2021-11-09 18:00:00,6.810,0.000,0.000,0.000,7.700
2021-11-09 19:00:00,6.400,0.000,0.000,0.000,6.800
2021-11-09 20:00:00,5.030,0.000,0.000,0.000,5.800
2021-11-09 21:00:00,4.660,0.000,0.000,0.000,4.800
2021-11-09 22:00:00,5.000,0.000,0.000,0.000,4.200
2021-11-09 23:00:00,5.940,0.000,0.000,0.000,4.000
2021-11-10 00:00:00,5.980,0.000,0.000,0.000,3.800
2021-11-10 01:00:00,5.910,0.000,0.000,0.000,3.500
2021-11-10 02:00:00,5.240,0.000,0.000,0.000,2.500
2021-11-10 03:00:00,4.470,0.000,0.000,0.000,1.700
2021-11-10 04:00:00,5.220,0.000,0.000,0.000,1.800
2021-11-10 05:00:00,5.420,0.000,0.000,0.000,1.700
2021-11-10 06:00:00,4.970,0.000,0.000,0.000,1.400
2021-11-10 07:00:00,4.220,4.000,19.100,3.000,1.200
2021-11-10 08:00:00,4.030,68.000,290.400,36.000,2.600
2021-11-10 09:00:00,4.280,164.000,443.200,67.000,4.700
2021-11-10 10:00:00,3.540,239.000,512.500,87.000,7.300
2021-11-10 11:00:00,2.680,276.000,496.900,108.000,8.600
2021-11-10 12:00:00,2.830,270.000,452.300,116.000,9.400
2021-11-10 13:00:00,2.620,205.000,260.100,126.000,9.500
2021-11-10 14:00:00,2.150,126.000,108.600,101.000,9.300
2021-11-10 15:00:00,2.900,50.000,24.000,47.000,8.300
2021-11-10 16:00:00,3.480,5.000,0.000,5.000,6.400
2021-11-10 17:00:00,3.810,0.000,0.000,0.000,5.600
2021-11-10 18:00:00,4.470,0.000,0.000,0.000,5.800
2021-11-10 19:00:00,3.970,0.000,0.000,0.000,5.500
2021-11-10 20:00:00,3.700,0.000,0.000,0.000,4.800
2021-11-10 21:00:00,3.770,0.000,0.000,0.000,4.400
2021-11-10 22:00:00,3.400,0.000,0.000,0.000,5.000
2021-11-10 23:00:00,3.480,0.000,0.000,0.000,4.900
2021-11-11 00:00:00,3.380,0.000,0.000,0.000,5.100
2021-11-11 01:00:00,3.880,0.000,0.000,0.000,5.000
2021-11-11 02:00:00,4.000,0.000,0.000,0.000,5.100
2021-11-11 03:00:00,4.020,0.000,0.000,0.000,5.400
2021-11-11 04:00:00,3.990,0.000,0.000,0.000,5.300
2021-11-11 05:00:00,4.110,0.000,0.000,0.000,5.500
2021-11-11 06:00:00,4.110,0.000,0.000,0.000,5.400
2021-11-11 07:00:00,4.300,1.000,0.000,1.000,5.500
2021-11-11 08:00:00,4.570,29.000,66.200,22.000,5.800
2021-11-11 09:00:00,3.860,75.000,121.300,49.000,6.600
2021-11-11 10:00:00,3.400,121.000,161.000,74.000,7.900
2021-11-11 11:00:00,3.480,158.000,200.900,91.000,8.800
2021-11-11 12:00:00,3.420,108.000,74.400,83.000,9.000
2021-11-11 13:00:00,3.690,95.000,73.500,73.000,9.100
2021-11-11 14:00:00,4.140,50.000,26.600,44.000,9.000
2021-11-11 15:00:00,4.030,23.000,33.100,19.000,8.700
2021-11-11 16:00:00,4.200,1.000,0.000,1.000,8.700
2021-11-11 17:00:00,4.300,0.000,0.000,0.000,8.400
2021-11-11 18:00:00,4.070,0.000,0.000,0.000,8.300
2021-11-11 19:00:00,4.220,0.000,0.000,0.000,8.200
2021-11-11 20:00:00,4.200,0.000,0.000,0.000,8.100
2021-11-11 21:00:00,3.500,0.000,0.000,0.000,8.000
2021-11-11 22:00:00,2.720,0.000,0.000,0.000,7.900
2021-11-11 23:00:00,2.760,0.000,0.000,0.000,7.600
2021-11-12 00:00:00,2.480,0.000,0.000,0.000,7.700
2021-11-12 01:00:00,2.120,0.000,0.000,0.000,7.700
2021-11-12 02:00:00,1.940,0.000,0.000,0.000,7.800
2021-11-12 03:00:00,2.500,0.000,0.000,0.000,7.800
2021-11-12 04:00:00,3.010,0.000,0.000,0.000,7.800
2021-11-12 05:00:00,3.140,0.000,0.000,0.000,7.700
2021-11-12 06:00:00,3.450,0.000,0.000,0.000,7.700
2021-11-12 07:00:00,3.720,1.000,0.000,1.000,7.500
2021-11-12 08:00:00,4.840,24.000,19.700,22.000,7.600
2021-11-12 09:00:00,4.660,76.000,138.200,47.000,7.800
2021-11-12 10:00:00,4.570,166.000,267.900,89.000,8.500
2021-11-12 11:00:00,4.340,227.000,465.100,74.000,8.800
2021-11-12 12:00:00,4.090,264.000,552.000,81.000,8.800
2021-11-12 13:00:00,4.310,232.000,525.500,77.000,8.700
2021-11-12 14:00:00,4.490,177.000,550.000,55.000,8.300
2021-11-12 15:00:00,5.100,76.000,367.700,33.000,7.300
2021-11-12 16:00:00,5.510,5.000,19.100,4.000,6.200
2021-11-12 17:00:00,6.130,0.000,0.000,0.000,5.700
2021-11-12 18:00:00,7.100,0.000,0.000,0.000,5.300
2021-11-12 19:00:00,7.120,0.000,0.000,0.000,5.000
2021-11-12 20:00:00,6.710,0.000,0.000,0.000,4.700
2021-11-12 21:00:00,6.690,0.000,0.000,0.000,4.400
2021-11-12 22:00:00,6.400,0.000,0.000,0.000,4.100
2021-11-12 23:00:00,6.730,0.000,0.000,0.000,4.100
2021-11-13 00:00:00,7.220,0.000,0.000,0.000,4.300
2021-11-13 01:00:00,7.600,0.000,0.000,0.000,4.600
2021-11-13 02:00:00,7.430,0.000,0.000,0.000,4.700
2021-11-13 03:00:00,7.590,0.000,0.000,0.000,4.700
2021-11-13 04:00:00,7.270,0.000,0.000,0.000,4.900
2021-11-13 05:00:00,7.210,0.000,0.000,0.000,5.100
2021-11-13 06:00:00,6.900,0.000,0.000,0.000,5.200
2021-11-13 07:00:00,6.750,1.000,0.000,1.000,5.300
2021-11-13 08:00:00,6.610,14.000,20.600,12.000,5.400
2021-11-13 09:00:00,7.080,37.000,19.500,33.000,5.600
2021-11-13 10:00:00,5.680,38.000,0.000,38.000,5.700
2021-11-13 11:00:00,5.070,53.000,0.000,53.000,6.300
2021-11-13 12:00:00,4.630,44.000,0.000,44.000,6.600
2021-11-13 13:00:00,4.550,52.000,6.900,50.000,7.000
2021-11-13 14:00:00,4.160,36.000,9.200,34.000,7.000
2021-11-13 15:00:00,4.100,17.000,0.000,17.000,7.000
2021-11-13 16:00:00,4.100,1.000,0.000,1.000,7.000
2021-11-13 17:00:00,3.910,0.000,0.000,0.000,7.000
2021-11-13 18:00:00,3.550,0.000,0.000,0.000,7.000
2021-11-13 19:00:00,2.850,0.000,0.000,0.000,7.000
2021-11-13 20:00:00,2.180,0.000,0.000,0.000,7.100
2021-11-13 21:00:00,1.600,0.000,0.000,0.000,7.000
2021-11-13 22:00:00,1.480,0.000,0.000,0.000,6.900
2021-11-13 23:00:00,1.770,0.000,0.000,0.000,7.000
2021-11-14 00:00:00,2.150,0.000,0.000,0.000,7.100
2021-11-14 01:00:00,2.250,0.000,0.000,0.000,7.000
2021-11-14 02:00:00,2.300,0.000,0.000,0.000,7.000
2021-11-14 03:00:00,2.930,0.000,0.000,0.000,7.100
2021-11-14 04:00:00,3.350,0.000,0.000,0.000,7.200
2021-11-14 05:00:00,3.540,0.000,0.000,0.000,7.300
2021-11-14 06:00:00,3.450,0.000,0.000,0.000,7.300
2021-11-14 07:00:00,3.290,0.000,0.000,0.000,7.400
2021-11-14 08:00:00,3.090,14.000,0.000,14.000,7.500
2021-11-14 09:00:00,2.950,58.000,14.900,55.000,7.400
2021-11-14 10:00:00,3.910,76.000,0.000,76.000,7.900
2021-11-14 11:00:00,3.520,67.000,0.000,67.000,7.900
2021-11-14 12:00:00,3.610,78.000,12.400,74.000,8.100
2021-11-14 13:00:00,3.730,65.000,7.000,63.000,8.200
2021-11-14 14:00:00,3.890,44.000,0.000,44.000,8.100
2021-11-14 15:00:00,4.190,25.000,36.500,21.000,7.900
2021-11-14 16:00:00,4.470,2.000,0.000,2.000,7.800
2021-11-14 17:00:00,4.370,0.000,0.000,0.000,7.500
2021-11-14 18:00:00,4.780,0.000,0.000,0.000,7.300
2021-11-14 19:00:00,4.830,0.000,0.000,0.000,7.200
2021-11-14 20:00:00,4.710,0.000,0.000,0.000,7.000
2021-11-14 21:00:00,4.630,0.000,0.000,0.000,7.000
2021-11-14 22:00:00,5.400,0.000,0.000,0.000,6.600
2021-11-14 23:00:00,5.100,0.000,0.000,0.000,6.500
2021-11-15 00:00:00,5.000,0.000,0.000,0.000,6.300
2021-11-15 01:00:00,5.510,0.000,0.000,0.000,6.100
2021-11-15 02:00:00,5.820,0.000,0.000,0.000,5.800
2021-11-15 03:00:00,5.560,0.000,0.000,0.000,5.600
2021-11-15 04:00:00,5.010,0.000,0.000,0.000,5.600
2021-11-15 05:00:00,5.400,0.000,0.000,0.000,5.500
2021-11-15 06:00:00,5.800,0.000,0.000,0.000,5.500
2021-11-15 07:00:00,5.920,0.000,0.000,0.000,5.500
2021-11-15 08:00:00,5.810,18.000,0.000,18.000,5.500
2021-11-15 09:00:00,5.220,56.000,10.200,54.000,5.600
2021-11-15 10:00:00,6.360,83.000,25.500,76.000,5.800
2021-11-15 11:00:00,6.160,118.000,19.000,112.000,6.000
2021-11-15 12:00:00,5.850,110.000,31.400,100.000,6.100
2021-11-15 13:00:00,5.390,93.000,17.700,88.000,6.100
2021-11-15 14:00:00,5.280,69.000,57.100,57.000,6.000
2021-11-15 15:00:00,5.380,23.000,0.000,23.000,6.000
2021-11-15 16:00:00,5.540,1.000,0.000,1.000,5.900
2021-11-15 17:00:00,5.410,0.000,0.000,0.000,5.800
2021-11-15 18:00:00,5.320,0.000,0.000,0.000,5.700
2021-11-15 19:00:00,5.120,0.000,0.000,0.000,5.700
2021-11-15 20:00:00,4.620,0.000,0.000,0.000,5.600
2021-11-15 21:00:00,4.100,0.000,0.000,0.000,5.500
2021-11-15 22:00:00,3.790,0.000,0.000,0.000,5.300
2021-11-15 23:00:00,4.080,0.000,0.000,0.000,5.300
2021-11-16 00:00:00,3.950,0.000,0.000,0.000,5.300
2021-11-16 01:00:00,3.910,0.000,0.000,0.000,5.200
2021-11-16 02:00:00,3.900,0.000,0.000,0.000,5.200
2021-11-16 03:00:00,4.010,0.000,0.000,0.000,5.000
2021-11-16 04:00:00,3.810,0.000,0.000,0.000,5.000
2021-11-16 05:00:00,3.420,0.000,0.000,0.000,4.700
2021-11-16 06:00:00,3.240,0.000,0.000,0.000,4.600
2021-11-16 07:00:00,3.280,0.000,0.000,0.000,4.500
2021-11-16 08:00:00,2.240,18.000,34.600,15.000,4.600
2021-11-16 09:00:00,1.400,49.000,5.200,48.000,4.600
2021-11-16 10:00:00,2.100,66.000,3.700,65.000,4.800
2021-11-16 11:00:00,1.970,79.000,12.800,75.000,4.800
2021-11-16 12:00:00,1.780,79.000,9.500,76.000,4.700
2021-11-16 13:00:00,1.730,55.000,0.000,55.000,4.700
2021-11-16 14:00:00,1.390,38.000,9.700,36.000,4.600
2021-11-16 15:00:00,1.060,23.000,39.100,19.000,4.600
2021-11-16 16:00:00,1.410,1.000,0.000,1.000,4.500
2021-11-16 17:00:00,2.060,0.000,0.000,0.000,4.500
2021-11-16 18:00:00,2.330,0.000,0.000,0.000,4.400
2021-11-16 19:00:00,2.510,0.000,0.000,0.000,4.300
2021-11-16 20:00:00,2.280,0.000,0.000,0.000,4.300
2021-11-16 21:00:00,2.180,0.000,0.000,0.000,4.200
2021-11-16 22:00:00,3.540,0.000,0.000,0.000,4.200
2021-11-16 23:00:00,3.440,0.000,0.000,0.000,4.200
2021-11-17 00:00:00,3.610,0.000,0.000,0.000,4.200
2021-11-17 01:00:00,4.070,0.000,0.000,0.000,4.300
2021-11-17 02:00:00,4.620,0.000,0.000,0.000,4.200
2021-11-17 03:00:00,4.900,0.000,0.000,0.000,4.300
2021-11-17 04:00:00,4.830,0.000,0.000,0.000,4.300
2021-11-17 05:00:00,5.240,0.000,0.000,0.000,4.300
2021-11-17 06:00:00,5.590,0.000,0.000,0.000,4.400
2021-11-17 07:00:00,5.740,0.000,0.000,0.000,4.400
2021-11-17 08:00:00,6.230,15.000,0.000,15.000,4.600
2021-11-17 09:00:00,7.140,39.000,10.600,37.000,5.100
2021-11-17 10:00:00,6.080,61.000,0.000,61.000,5.800
2021-11-17 11:00:00,7.340,66.000,29.300,57.000,6.500
2021-11-17 12:00:00,7.960,34.000,3.200,33.000,6.800
2021-11-17 13:00:00,8.190,33.000,0.000,33.000,7.100
2021-11-17 14:00:00,7.790,26.000,4.900,25.000,7.200
2021-11-17 15:00:00,7.880,22.000,20.200,20.000,7.500
2021-11-17 16:00:00,8.170,1.000,0.000,1.000,7.200
2021-11-17 17:00:00,8.170,0.000,0.000,0.000,7.000
2021-11-17 18:00:00,8.200,0.000,0.000,0.000,7.100
2021-11-17 19:00:00,8.080,0.000,0.000,0.000,6.700
2021-11-17 20:00:00,8.120,0.000,0.000,0.000,6.400
2021-11-17 21:00:00,8.130,0.000,0.000,0.000,6.200
2021-11-17 22:00:00,8.610,0.000,0.000,0.000,5.900
2021-11-17 23:00:00,8.760,0.000,0.000,0.000,6.000
2021-11-18 00:00:00,8.710,0.000,0.000,0.000,5.700
2021-11-18 01:00:00,8.420,0.000,0.000,0.000,5.800
2021-11-18 02:00:00,8.440,0.000,0.000,0.000,5.800
2021-11-18 03:00:00,8.320,0.000,0.000,0.000,6.200
2021-11-18 04:00:00,8.250,0.000,0.000,0.000,6.500
2021-11-18 05:00:00,8.350,0.000,0.000,0.000,6.800
2021-11-18 06:00:00,8.800,0.000,0.000,0.000,6.900
2021-11-18 07:00:00,8.760,0.000,0.000,0.000,6.900
2021-11-18 08:00:00,8.650,18.000,36.500,15.000,7.300
2021-11-18 09:00:00,8.720,38.000,21.700,34.000,8.100
2021-11-18 10:00:00,8.280,66.000,22.900,60.000,8.800
2021-11-18 11:00:00,9.940,130.000,112.100,96.000,9.400
2021-11-18 12:00:00,8.140,157.000,163.100,107.000,10.000
2021-11-18 13:00:00,9.850,126.000,158.600,83.000,10.300
2021-11-18 14:00:00,10.180,31.000,15.100,28.000,10.000
2021-11-18 15:00:00,10.090,9.000,0.000,9.000,9.900
2021-11-18 16:00:00,10.410,0.000,0.000,0.000,9.700
2021-11-18 17:00:00,10.340,0.000,0.000,0.000,9.700
2021-11-18 18:00:00,10.660,0.000,0.000,0.000,9.600
2021-11-18 19:00:00,11.230,0.000,0.000,0.000,9.600
2021-11-18 20:00:00,11.160,0.000,0.000,0.000,9.500
2021-11-18 21:00:00,10.970,0.000,0.000,0.000,9.500
2021-11-18 22:00:00,10.400,0.000,0.000,0.000,9.600
2021-11-18 23:00:00,10.430,0.000,0.000,0.000,9.700
2021-11-19 00:00:00,10.140,0.000,0.000,0.000,9.900
2021-11-19 01:00:00,9.850,0.000,0.000,0.000,10.100
2021-11-19 02:00:00,9.800,0.000,0.000,0.000,10.400
2021-11-19 03:00:00,9.530,0.000,0.000,0.000,10.500
2021-11-19 04:00:00,9.510,0.000,0.000,0.000,10.700
2021-11-19 05:00:00,9.630,0.000,0.000,0.000,10.800
2021-11-19 06:00:00,9.450,0.000,0.000,0.000,10.900
2021-11-19 07:00:00,9.280,0.000,0.000,0.000,11.000
2021-11-19 08:00:00,9.120,6.000,0.000,6.000,11.200
2021-11-19 09:00:00,8.810,24.000,0.000,24.000,11.400
2021-11-19 10:00:00,9.220,26.000,0.000,26.000,11.600
2021-11-19 11:00:00,8.940,44.000,6.700,42.000,11.800
2021-11-19 12:00:00,9.180,67.000,16.500,62.000,12.100
2021-11-19 13:00:00,9.170,47.000,0.000,47.000,12.200
2021-11-19 14:00:00,9.010,32.000,10.200,30.000,12.300
2021-11-19 15:00:00,9.000,18.000,21.600,16.000,12.300
2021-11-19 16:00:00,9.000,1.000,0.000,1.000,12.100
2021-11-19 17:00:00,9.010,0.000,0.000,0.000,11.700
2021-11-19 18:00:00,9.000,0.000,0.000,0.000,11.600
2021-11-19 19:00:00,8.810,0.000,0.000,0.000,11.500
2021-11-19 20:00:00,8.640,0.000,0.000,0.000,11.400
2021-11-19 21:00:00,8.470,0.000,0.000,0.000,11.200
2021-11-19 22:00:00,7.690,0.000,0.000,0.000,11.000
2021-11-19 23:00:00,7.780,0.000,0.000,0.000,10.900
2021-11-20 00:00:00,7.780,0.000,0.000,0.000,10.900
2021-11-20 01:00:00,7.710,0.000,0.000,0.000,10.900
2021-11-20 02:00:00,7.610,0.000,0.000,0.000,10.900
2021-11-20 03:00:00,7.570,0.000,0.000,0.000,10.900
2021-11-20 04:00:00,7.340,0.000,0.000,0.000,10.900
2021-11-20 05:00:00,7.270,0.000,0.000,0.000,10.900
2021-11-20 06:00:00,7.380,0.000,0.000,0.000,10.900
2021-11-20 07:00:00,7.530,0.000,0.000,0.000,10.900
2021-11-20 08:00:00,7.980,13.000,0.000,13.000,10.900
2021-11-20 09:00:00,8.010,46.000,11.400,44.000,10.900
2021-11-20 10:00:00,7.640,88.000,59.200,73.000,11.200
2021-11-20 11:00:00,8.200,126.000,189.500,70.000,11.300
2021-11-20 12:00:00,7.830,83.000,30.100,74.000,10.900
2021-11-20 13:00:00,7.620,104.000,64.400,87.000,10.800
2021-11-20 14:00:00,7.560,59.000,31.200,53.000,10.500
2021-11-20 15:00:00,7.970,23.000,22.300,21.000,10.100
2021-11-20 16:00:00,7.930,1.000,0.000,1.000,9.800
2021-11-20 17:00:00,8.230,0.000,0.000,0.000,9.700
2021-11-20 18:00:00,8.230,0.000,0.000,0.000,9.400
2021-11-20 19:00:00,8.050,0.000,0.000,0.000,9.200
2021-11-20 20:00:00,8.140,0.000,0.000,0.000,9.100
2021-11-20 21:00:00,8.340,0.000,0.000,0.000,8.900
2021-11-20 22:00:00,8.090,0.000,0.000,0.000,8.700
2021-11-20 23:00:00,8.880,0.000,0.000,0.000,8.600
2021-11-21 00:00:00,8.910,0.000,0.000,0.000,8.400
2021-11-21 01:00:00,8.450,0.000,0.000,0.000,8.400
2021-11-21 02:00:00,8.140,0.000,0.000,0.000,8.300
2021-11-21 03:00:00,7.890,0.000,0.000,0.000,8.200
2021-11-21 04:00:00,7.630,0.000,0.000,0.000,8.100
2021-11-21 05:00:00,7.430,0.000,0.000,0.000,8.000
2021-11-21 06:00:00,7.280,0.000,0.000,0.000,8.000
2021-11-21 07:00:00,6.910,0.000,0.000,0.000,8.000
2021-11-21 08:00:00,6.400,3.000,0.000,3.000,8.000
2021-11-21 09:00:00,6.020,11.000,0.000,11.000,8.100
2021-11-21 10:00:00,5.830,23.000,0.000,23.000,8.400
2021-11-21 11:00:00,4.550,76.000,65.100,57.000,9.100
2021-11-21 12:00:00,4.780,96.000,111.700,63.000,9.400
2021-11-21 13:00:00,5.310,88.000,126.700,55.000,9.400
2021-11-21 14:00:00,5.220,73.000,137.300,47.000,8.900
2021-11-21 15:00:00,5.420,39.000,173.000,24.000,8.000
2021-11-21 16:00:00,5.820,1.000,0.000,1.000,6.200
2021-11-21 17:00:00,5.880,0.000,0.000,0.000,5.700
2021-11-21 18:00:00,5.460,0.000,0.000,0.000,5.100
2021-11-21 19:00:00,5.220,0.000,0.000,0.000,5.000
2021-11-21 20:00:00,4.950,0.000,0.000,0.000,4.800
2021-11-21 21:00:00,5.100,0.000,0.000,0.000,4.500
2021-11-21 22:00:00,5.830,0.000,0.000,0.000,4.500
2021-11-21 23:00:00,5.920,0.000,0.000,0.000,4.200
2021-11-22 00:00:00,6.000,0.000,0.000,0.000,4.000
2021-11-22 01:00:00,6.360,0.000,0.000,0.000,4.100
2021-11-22 02:00:00,6.790,0.000,0.000,0.000,4.000
2021-11-22 03:00:00,6.920,0.000,0.000,0.000,3.800
2021-11-22 04:00:00,6.570,0.000,0.000,0.000,3.400
2021-11-22 05:00:00,6.180,0.000,0.000,0.000,3.000
2021-11-22 06:00:00,6.020,0.000,0.000,0.000,2.500
2021-11-22 07:00:00,5.630,0.000,0.000,0.000,2.100
2021-11-22 08:00:00,5.360,31.000,190.000,17.000,2.200
2021-11-22 09:00:00,4.430,90.000,213.800,54.000,3.100
2021-11-22 10:00:00,2.400,136.000,227.700,80.000,4.300
2021-11-22 11:00:00,3.010,168.000,308.900,79.000,5.100
2021-11-22 12:00:00,3.080,209.000,438.300,81.000,5.900
2021-11-22 13:00:00,2.820,197.000,462.500,78.000,6.300
2021-11-22 14:00:00,2.860,136.000,434.700,55.000,6.200
2021-11-22 15:00:00,3.640,51.000,306.600,25.000,4.600
2021-11-22 16:00:00,4.620,1.000,0.000,1.000,3.400
2021-11-22 17:00:00,5.420,0.000,0.000,0.000,2.500
2021-11-22 18:00:00,5.820,0.000,0.000,0.000,1.600
2021-11-22 19:00:00,6.000,0.000,0.000,0.000,1.500
2021-11-22 20:00:00,6.120,0.000,0.000,0.000,1.400
2021-11-22 21:00:00,6.110,0.000,0.000,0.000,1.700
2021-11-22 22:00:00,6.410,0.000,0.000,0.000,2.200
2021-11-22 23:00:00,6.770,0.000,0.000,0.000,2.600
2021-11-23 00:00:00,6.990,0.000,0.000,0.000,2.800
2021-11-23 01:00:00,7.250,0.000,0.000,0.000,3.400
2021-11-23 02:00:00,7.380,0.000,0.000,0.000,4.000
2021-11-23 03:00:00,7.200,0.000,0.000,0.000,4.400
2021-11-23 04:00:00,7.220,0.000,0.000,0.000,4.700
2021-11-23 05:00:00,6.950,0.000,0.000,0.000,4.800
2021-11-23 06:00:00,6.710,0.000,0.000,0.000,4.800
2021-11-23 07:00:00,6.700,0.000,0.000,0.000,4.900
2021-11-23 08:00:00,6.630,11.000,55.800,7.000,5.300
2021-11-23 09:00:00,6.630,41.000,60.700,31.000,5.800
2021-11-23 10:00:00,5.380,94.000,78.400,75.000,6.800
2021-11-23 11:00:00,5.100,103.000,105.400,73.000,7.400
2021-11-23 12:00:00,5.180,119.000,121.200,84.000,8.000
2021-11-23 13:00:00,5.630,70.000,39.300,60.000,8.100
2021-11-23 14:00:00,5.720,78.000,174.400,46.000,8.100
2021-11-23 15:00:00,5.720,27.000,96.000,19.000,7.700
2021-11-23 16:00:00,5.810,1.000,0.000,1.000,7.200
2021-11-23 17:00:00,5.700,0.000,0.000,0.000,6.900
2021-11-23 18:00:00,5.700,0.000,0.000,0.000,6.600
2021-11-23 19:00:00,5.710,0.000,0.000,0.000,6.300
2021-11-23 20:00:00,5.820,0.000,0.000,0.000,6.400
2021-11-23 21:00:00,5.820,0.000,0.000,0.000,6.500
2021-11-23 22:00:00,5.500,0.000,0.000,0.000,6.700
2021-11-23 23:00:00,5.300,0.000,0.000,0.000,6.600
2021-11-24 00:00:00,5.000,0.000,0.000,0.000,6.500
2021-11-24 01:00:00,4.900,0.000,0.000,0.000,6.400
2021-11-24 02:00:00,5.000,0.000,0.000,0.000,6.500
2021-11-24 03:00:00,4.800,0.000,0.000,0.000,6.500
2021-11-24 04:00:00,4.720,0.000,0.000,0.000,6.300
2021-11-24 05:00:00,4.740,0.000,0.000,0.000,6.400
2021-11-24 06:00:00,4.750,0.000,0.000,0.000,6.300
2021-11-24 07:00:00,4.680,0.000,0.000,0.000,6.200
2021-11-24 08:00:00,4.700,13.000,28.700,11.000,6.300
2021-11-24 09:00:00,3.740,44.000,18.600,41.000,6.500
2021-11-24 10:00:00,3.640,96.000,100.500,72.000,6.900
2021-11-24 11:00:00,3.230,102.000,64.000,84.000,7.200
2021-11-24 12:00:00,3.450,109.000,56.000,93.000,7.300
2021-11-24 13:00:00,3.310,86.000,63.700,70.000,7.300
2021-11-24 14:00:00,3.310,51.000,38.700,44.000,7.100
2021-11-24 15:00:00,2.700,18.000,61.100,13.000,7.000
2021-11-24 16:00:00,2.590,0.000,0.000,0.000,6.800
2021-11-24 17:00:00,2.570,0.000,0.000,0.000,6.600
2021-11-24 18:00:00,2.260,0.000,0.000,0.000,6.300
2021-11-24 19:00:00,2.400,0.000,0.000,0.000,6.000
2021-11-24 20:00:00,3.240,0.000,0.000,0.000,5.600
2021-11-24 21:00:00,3.370,0.000,0.000,0.000,5.300
2021-11-24 22:00:00,3.000,0.000,0.000,0.000,4.700
2021-11-24 23:00:00,3.000,0.000,0.000,0.000,4.200
2021-11-25 00:00:00,2.910,0.000,0.000,0.000,4.100
2021-11-25 01:00:00,2.600,0.000,0.000,0.000,3.800
2021-11-25 02:00:00,2.700,0.000,0.000,0.000,3.700
2021-11-25 03:00:00,2.980,0.000,0.000,0.000,3.300
2021-11-25 04:00:00,3.580,0.000,0.000,0.000,3.400
2021-11-25 05:00:00,3.860,0.000,0.000,0.000,4.200
2021-11-25 06:00:00,3.940,0.000,0.000,0.000,4.300
2021-11-25 07:00:00,4.090,0.000,0.000,0.000,4.500
2021-11-25 08:00:00,4.570,21.000,132.600,12.000,4.300
2021-11-25 09:00:00,5.030,87.000,279.100,43.000,4.700
2021-11-25 10:00:00,4.940,146.000,344.000,65.000,5.200
2021-11-25 11:00:00,5.910,147.000,244.600,79.000,5.400
2021-11-25 12:00:00,6.220,103.000,166.500,56.000,5.400
2021-11-25 13:00:00,6.750,36.000,4.000,35.000,5.200
2021-11-25 14:00:00,7.680,29.000,11.200,27.000,4.800
2021-11-25 15:00:00,7.400,8.000,0.000,8.000,4.700
2021-11-25 16:00:00,7.270,0.000,0.000,0.000,4.600
2021-11-25 17:00:00,7.690,0.000,0.000,0.000,4.300
2021-11-25 18:00:00,7.690,0.000,0.000,0.000,4.000
2021-11-25 19:00:00,7.450,0.000,0.000,0.000,4.100
2021-11-25 20:00:00,7.520,0.000,0.000,0.000,3.800
2021-11-25 21:00:00,7.720,0.000,0.000,0.000,3.700
2021-11-25 22:00:00,7.730,0.000,0.000,0.000,3.900
2021-11-25 23:00:00,7.340,0.000,0.000,0.000,3.800
2021-11-26 00:00:00,7.370,0.000,0.000,0.000,3.400
2021-11-26 01:00:00,7.520,0.000,0.000,0.000,3.400
2021-11-26 02:00:00,7.220,0.000,0.000,0.000,3.200
2021-11-26 03:00:00,7.300,0.000,0.000,0.000,3.400
2021-11-26 04:00:00,7.120,0.000,0.000,0.000,3.400
2021-11-26 05:00:00,6.730,0.000,0.000,0.000,3.600
2021-11-26 06:00:00,6.440,0.000,0.000,0.000,3.600
2021-11-26 07:00:00,6.250,0.000,0.000,0.000,3.600
2021-11-26 08:00:00,6.120,10.000,0.000,10.000,3.800
2021-11-26 09:00:00,7.840,38.000,0.000,38.000,3.900
2021-11-26 10:00:00,6.880,68.000,8.600,66.000,4.400
2021-11-26 11:00:00,6.560,73.000,0.000,73.000,4.200
2021-11-26 12:00:00,6.440,88.000,0.000,88.000,4.200
2021-11-26 13:00:00,7.110,64.000,0.000,64.000,4.100
2021-11-26 14:00:00,7.090,47.000,5.700,46.000,3.900
2021-11-26 15:00:00,6.720,25.000,12.600,24.000,3.700
2021-11-26 16:00:00,7.030,0.000,0.000,0.000,3.500
2021-11-26 17:00:00,7.500,0.000,0.000,0.000,3.300
2021-11-26 18:00:00,7.800,0.000,0.000,0.000,3.100
2021-11-26 19:00:00,8.050,0.000,0.000,0.000,3.200
2021-11-26 20:00:00,8.220,0.000,0.000,0.000,3.200
2021-11-26 21:00:00,8.140,0.000,0.000,0.000,3.000
2021-11-26 22:00:00,7.940,0.000,0.000,0.000,3.200
2021-11-26 23:00:00,7.590,0.000,0.000,0.000,3.300
2021-11-27 00:00:00,7.200,0.000,0.000,0.000,3.100
2021-11-27 01:00:00,7.100,0.000,0.000,0.000,2.900
2021-11-27 02:00:00,6.820,0.000,0.000,0.000,2.600
2021-11-27 03:00:00,6.370,0.000,0.000,0.000,2.600
2021-11-27 04:00:00,6.220,0.000,0.000,0.000,2.800
2021-11-27 05:00:00,5.860,0.000,0.000,0.000,2.900
2021-11-27 06:00:00,5.550,0.000,0.000,0.000,3.000
2021-11-27 07:00:00,5.690,0.000,0.000,0.000,2.800
2021-11-27 08:00:00,5.690,13.000,46.700,10.000,3.000
2021-11-27 09:00:00,5.170,50.000,86.200,37.000,3.600
2021-11-27 10:00:00,4.320,91.000,113.600,65.000,4.100
2021-11-27 11:00:00,3.950,128.000,151.000,87.000,4.700
2021-11-27 12:00:00,3.830,104.000,97.700,77.000,4.800
2021-11-27 13:00:00,3.940,55.000,28.800,48.000,4.500
2021-11-27 14:00:00,3.740,54.000,69.300,42.000,4.400
2021-11-27 15:00:00,3.760,18.000,12.800,17.000,4.000
2021-11-27 16:00:00,4.020,0.000,0.000,0.000,3.900
2021-11-27 17:00:00,4.640,0.000,0.000,0.000,3.300
2021-11-27 18:00:00,4.970,0.000,0.000,0.000,2.500
2021-11-27 19:00:00,6.190,0.000,0.000,0.000,1.900
2021-11-27 20:00:00,5.460,0.000,0.000,0.000,1.000
2021-11-27 21:00:00,5.330,0.000,0.000,0.000,0.600
2021-11-27 22:00:00,5.580,0.000,0.000,0.000,1.400
2021-11-27 23:00:00,5.300,0.000,0.000,0.000,1.100
2021-11-28 00:00:00,5.510,0.000,0.000,0.000,0.700
2021-11-28 01:00:00,5.820,0.000,0.000,0.000,0.500
2021-11-28 02:00:00,5.470,0.000,0.000,0.000,-0.000
2021-11-28 03:00:00,5.300,0.000,0.000,0.000,-0.100
2021-11-28 04:00:00,5.190,0.000,0.000,0.000,-0.100
2021-11-28 05:00:00,5.300,0.000,0.000,0.000,-0.500
2021-11-28 06:00:00,5.660,0.000,0.000,0.000,-0.000
2021-11-28 07:00:00,5.600,0.000,0.000,0.000,-0.100
2021-11-28 08:00:00,5.190,16.000,64.100,12.000,0.500
2021-11-28 09:00:00,4.850,80.000,291.500,37.000,1.300
2021-11-28 10:00:00,4.520,159.000,447.800,58.000,2.000
2021-11-28 11:00:00,4.700,199.000,428.200,84.000,2.600
2021-11-28 12:00:00,4.400,113.000,69.500,94.000,2.800
2021-11-28 13:00:00,4.420,78.000,58.300,64.000,2.900
2021-11-28 14:00:00,4.420,52.000,17.600,49.000,2.900
2021-11-28 15:00:00,4.200,14.000,0.000,14.000,2.800
2021-11-28 16:00:00,4.520,0.000,0.000,0.000,2.600
2021-11-28 17:00:00,5.040,0.000,0.000,0.000,2.600
2021-11-28 18:00:00,5.420,0.000,0.000,0.000,2.800
2021-11-28 19:00:00,5.100,0.000,0.000,0.000,3.000
2021-11-28 20:00:00,4.930,0.000,0.000,0.000,2.800
2021-11-28 21:00:00,5.100,0.000,0.000,0.000,2.600
2021-11-28 22:00:00,4.880,0.000,0.000,0.000,2.400
2021-11-28 23:00:00,5.100,0.000,0.000,0.000,2.400
2021-11-29 00:00:00,5.450,0.000,0.000,0.000,2.600
2021-11-29 01:00:00,5.700,0.000,0.000,0.000,2.500
2021-11-29 02:00:00,5.600,0.000,0.000,0.000,2.300
2021-11-29 03:00:00,5.220,0.000,0.000,0.000,2.200
2021-11-29 04:00:00,5.170,0.000,0.000,0.000,2.200
2021-11-29 05:00:00,4.570,0.000,0.000,0.000,2.100
2021-11-29 06:00:00,4.200,0.000,0.000,0.000,2.100
2021-11-29 07:00:00,3.520,0.000,0.000,0.000,2.100
2021-11-29 08:00:00,4.500,7.000,0.000,7.000,2.100
2021-11-29 09:00:00,5.040,35.000,13.900,33.000,1.900
2021-11-29 10:00:00,5.260,93.000,94.400,72.000,2.200
2021-11-29 11:00:00,5.760,100.000,90.400,76.000,2.500
2021-11-29 12:00:00,6.020,76.000,36.900,66.000,2.800
2021-11-29 13:00:00,6.180,78.000,84.100,58.000,3.200
2021-11-29 14:00:00,6.020,37.000,5.900,36.000,3.200
2021-11-29 15:00:00,5.320,11.000,13.200,10.000,3.200
2021-11-29 16:00:00,5.920,0.000,0.000,0.000,3.100
2021-11-29 17:00:00,5.910,0.000,0.000,0.000,2.900
2021-11-29 18:00:00,5.610,0.000,0.000,0.000,2.600
2021-11-29 19:00:00,6.500,0.000,0.000,0.000,2.400
2021-11-29 20:00:00,6.110,0.000,0.000,0.000,2.200
2021-11-29 21:00:00,6.280,0.000,0.000,0.000,2.300
2021-11-29 22:00:00,6.540,0.000,0.000,0.000,2.400
2021-11-29 23:00:00,7.030,0.000,0.000,0.000,2.500
2021-11-30 00:00:00,7.960,0.000,0.000,0.000,2.600
2021-11-30 01:00:00,9.160,0.000,0.000,0.000,2.900
2021-11-30 02:00:00,9.580,0.000,0.000,0.000,3.200
2021-11-30 03:00:00,11.050,0.000,0.000,0.000,3.300
2021-11-30 04:00:00,11.960,0.000,0.000,0.000,2.800
2021-11-30 05:00:00,12.840,0.000,0.000,0.000,2.200
2021-11-30 06:00:00,13.520,0.000,0.000,0.000,2.300
2021-11-30 07:00:00,13.330,0.000,0.000,0.000,3.100
2021-11-30 08:00:00,12.780,1.000,0.000,1.000,4.000
2021-11-30 09:00:00,11.810,11.000,0.000,11.000,5.000
2021-11-30 10:00:00,11.580,25.000,4.600,24.000,6.400
2021-11-30 11:00:00,12.250,34.000,0.000,34.000,7.300
2021-11-30 12:00:00,12.660,80.000,100.700,53.000,7.300
2021-11-30 13:00:00,12.130,104.000,233.600,49.000,7.100
2021-11-30 14:00:00,13.000,68.000,132.000,46.000,6.600
2021-11-30 15:00:00,12.410,23.000,93.800,16.000,6.300
2021-11-30 16:00:00,11.730,0.000,0.000,0.000,6.200
2021-11-30 17:00:00,10.350,0.000,0.000,0.000,6.000
2021-11-30 18:00:00,9.340,0.000,0.000,0.000,5.800
2021-11-30 19:00:00,9.030,0.000,0.000,0.000,5.700
2021-11-30 20:00:00,7.760,0.000,0.000,0.000,5.600
2021-11-30 21:00:00,6.700,0.000,0.000,0.000,5.700
2021-11-30 22:00:00,6.850,0.000,0.000,0.000,5.000
2021-11-30 23:00:00,6.000,0.000,0.000,0.000,5.200
2021-12-01 00:00:00,6.110,0.000,0.000,0.000,5.200
2021-12-01 01:00:00,6.570,0.000,0.000,0.000,5.400
2021-12-01 02:00:00,6.800,0.000,0.000,0.000,5.600
2021-12-01 03:00:00,7.540,0.000,0.000,0.000,6.500
2021-12-01 04:00:00,9.100,0.000,0.000,0.000,7.800
2021-12-01 05:00:00,10.900,0.000,0.000,0.000,8.500
2021-12-01 06:00:00,12.100,0.000,0.000,0.000,8.500
2021-12-01 07:00:00,12.060,0.000,0.000,0.000,8.100
2021-12-01 08:00:00,12.520,2.000,0.000,2.000,7.900
2021-12-01 09:00:00,12.680,9.000,0.000,9.000,7.900
2021-12-01 10:00:00,13.060,17.000,0.000,17.000,8.200
2021-12-01 11:00:00,13.110,26.000,0.000,26.000,8.600
2021-12-01 12:00:00,13.480,32.000,0.000,32.000,8.900
2021-12-01 13:00:00,13.950,36.000,0.000,36.000,9.000
2021-12-01 14:00:00,13.400,38.000,54.700,29.000,9.000
2021-12-01 15:00:00,13.790,22.000,81.500,16.000,8.600
2021-12-01 16:00:00,14.270,0.000,0.000,0.000,8.000
2021-12-01 17:00:00,14.860,0.000,0.000,0.000,7.700
2021-12-01 18:00:00,15.120,0.000,0.000,0.000,7.200
2021-12-01 19:00:00,15.460,0.000,0.000,0.000,7.000
2021-12-01 20:00:00,15.590,0.000,0.000,0.000,6.400
2021-12-01 21:00:00,15.150,0.000,0.000,0.000,5.900
2021-12-01 22:00:00,13.410,0.000,0.000,0.000,5.200
2021-12-01 23:00:00,12.610,0.000,0.000,0.000,5.100
2021-12-02 00:00:00,12.200,0.000,0.000,0.000,4.800
2021-12-02 01:00:00,12.010,0.000,0.000,0.000,4.300
2021-12-02 02:00:00,11.440,0.000,0.000,0.000,3.700
2021-12-02 03:00:00,10.740,0.000,0.000,0.000,3.400
2021-12-02 04:00:00,10.280,0.000,0.000,0.000,3.000
2021-12-02 05:00:00,9.270,0.000,0.000,0.000,2.600
2021-12-02 06:00:00,7.690,0.000,0.000,0.000,2.400
2021-12-02 07:00:00,6.650,0.000,0.000,0.000,2.100
2021-12-02 08:00:00,6.020,14.000,71.900,10.000,1.800
2021-12-02 09:00:00,5.630,93.000,385.300,41.000,2.200
2021-12-02 10:00:00,4.590,174.000,538.600,59.000,3.100
2021-12-02 11:00:00,4.830,211.000,544.200,71.000,3.500
2021-12-02 12:00:00,5.110,198.000,433.100,84.000,3.500
2021-12-02 13:00:00,5.010,178.000,502.100,62.000,3.400
2021-12-02 14:00:00,4.720,117.000,429.900,47.000,3.000
2021-12-02 15:00:00,4.880,36.000,247.500,18.000,2.300
2021-12-02 16:00:00,5.530,0.000,0.000,0.000,1.400
2021-12-02 17:00:00,5.730,0.000,0.000,0.000,0.800
2021-12-02 18:00:00,5.410,0.000,0.000,0.000,0.100
2021-12-02 19:00:00,5.690,0.000,0.000,0.000,-0.500
2021-12-02 20:00:00,6.820,0.000,0.000,0.000,-1.000
2021-12-02 21:00:00,7.240,0.000,0.000,0.000,-1.200
2021-12-02 22:00:00,8.200,0.000,0.000,0.000,-1.400
2021-12-02 23:00:00,8.490,0.000,0.000,0.000,-1.300
2021-12-03 00:00:00,8.560,0.000,0.000,0.000,-1.100
2021-12-03 01:00:00,8.960,0.000,0.000,0.000,-1.000
2021-12-03 02:00:00,9.040,0.000,0.000,0.000,-0.900
2021-12-03 03:00:00,9.140,0.000,0.000,0.000,-1.000
2021-12-03 04:00:00,8.920,0.000,0.000,0.000,-0.600
2021-12-03 05:00:00,8.720,0.000,0.000,0.000,-0.400
2021-12-03 06:00:00,8.560,0.000,0.000,0.000,-0.200
2021-12-03 07:00:00,8.650,0.000,0.000,0.000,0.000
2021-12-03 08:00:00,8.760,8.000,0.000,8.000,0.300
2021-12-03 09:00:00,8.850,56.000,45.400,50.000,0.800
2021-12-03 10:00:00,9.980,115.000,142.400,85.000,1.900
2021-12-03 11:00:00,10.980,148.000,161.000,107.000,2.600
2021-12-03 12:00:00,10.480,113.000,65.200,96.000,3.000
2021-12-03 13:00:00,9.490,90.000,78.600,72.000,3.000
2021-12-03 14:00:00,9.810,66.000,80.700,53.000,3.200
2021-12-03 15:00:00,10.380,20.000,41.800,17.000,3.100
2021-12-03 16:00:00,10.630,0.000,0.000,0.000,3.200
2021-12-03 17:00:00,10.860,0.000,0.000,0.000,3.000
2021-12-03 18:00:00,11.060,0.000,0.000,0.000,2.900
2021-12-03 19:00:00,10.560,0.000,0.000,0.000,2.900
2021-12-03 20:00:00,10.120,0.000,0.000,0.000,2.900
2021-12-03 21:00:00,9.270,0.000,0.000,0.000,3.100
2021-12-03 22:00:00,8.920,0.000,0.000,0.000,3.100
2021-12-03 23:00:00,8.790,0.000,0.000,0.000,3.200
2021-12-04 00:00:00,8.200,0.000,0.000,0.000,3.000
2021-12-04 01:00:00,7.850,0.000,0.000,0.000,2.800
2021-12-04 02:00:00,7.250,0.000,0.000,0.000,2.700
2021-12-04 03:00:00,6.460,0.000,0.000,0.000,2.700
2021-12-04 04:00:00,5.630,0.000,0.000,0.000,2.800
2021-12-04 05:00:00,5.420,0.000,0.000,0.000,2.800
2021-12-04 06:00:00,5.700,0.000,0.000,0.000,2.800
2021-12-04 07:00:00,5.410,0.000,0.000,0.000,2.700
2021-12-04 08:00:00,4.330,4.000,0.000,4.000,2.800
2021-12-04 09:00:00,4.000,20.000,15.500,18.000,2.800
2021-12-04 10:00:00,4.330,29.000,0.000,29.000,3.100
2021-12-04 11:00:00,4.050,63.000,11.900,60.000,3.200
2021-12-04 12:00:00,3.770,84.000,30.900,76.000,3.400
2021-12-04 13:00:00,3.910,98.000,101.300,75.000,3.700
2021-12-04 14:00:00,5.790,75.000,131.700,54.000,3.600
2021-12-04 15:00:00,5.240,21.000,14.100,20.000,3.400
2021-12-04 16:00:00,5.500,0.000,0.000,0.000,3.000
2021-12-04 17:00:00,6.370,0.000,0.000,0.000,2.900
2021-12-04 18:00:00,5.680,0.000,0.000,0.000,2.700
2021-12-04 19:00:00,4.570,0.000,0.000,0.000,2.200
2021-12-04 20:00:00,4.410,0.000,0.000,0.000,1.300
2021-12-04 21:00:00,3.850,0.000,0.000,0.000,1.100
2021-12-04 22:00:00,3.470,0.000,0.000,0.000,1.100
2021-12-04 23:00:00,4.140,0.000,0.000,0.000,1.200
2021-12-05 00:00:00,4.940,0.000,0.000,0.000,1.600
2021-12-05 01:00:00,5.200,0.000,0.000,0.000,2.300
2021-12-05 02:00:00,4.750,0.000,0.000,0.000,3.300
2021-12-05 03:00:00,5.680,0.000,0.000,0.000,3.800
2021-12-05 04:00:00,6.590,0.000,0.000,0.000,3.700
2021-12-05 05:00:00,6.750,0.000,0.000,0.000,3.500
2021-12-05 06:00:00,6.350,0.000,0.000,0.000,3.200
2021-12-05 07:00:00,5.780,0.000,0.000,0.000,2.800
2021-12-05 08:00:00,5.120,10.000,57.300,7.000,2.700
2021-12-05 09:00:00,4.390,52.000,87.000,41.000,2.900
2021-12-05 10:00:00,3.940,84.000,92.500,65.000,3.800
2021-12-05 11:00:00,4.330,90.000,76.000,71.000,4.300
2021-12-05 12:00:00,3.470,95.000,97.400,70.000,4.600
2021-12-05 13:00:00,2.460,91.000,75.500,74.000,4.800
2021-12-05 14:00:00,2.300,66.000,94.900,51.000,4.700
2021-12-05 15:00:00,1.440,16.000,56.900,12.000,4.500
2021-12-05 16:00:00,1.530,0.000,0.000,0.000,3.400
2021-12-05 17:00:00,2.220,0.000,0.000,0.000,2.800
2021-12-05 18:00:00,2.970,0.000,0.000,0.000,2.200
2021-12-05 19:00:00,4.110,0.000,0.000,0.000,2.500
2021-12-05 20:00:00,4.620,0.000,0.000,0.000,2.500
2021-12-05 21:00:00,4.840,0.000,0.000,0.000,2.800
2021-12-05 22:00:00,4.180,0.000,0.000,0.000,2.100
2021-12-05 23:00:00,4.130,0.000,0.000,0.000,2.100
2021-12-06 00:00:00,4.300,0.000,0.000,0.000,2.100
2021-12-06 01:00:00,4.130,0.000,0.000,0.000,2.000
2021-12-06 02:00:00,3.940,0.000,0.000,0.000,2.000
2021-12-06 03:00:00,3.940,0.000,0.000,0.000,1.900
2021-12-06 04:00:00,3.670,0.000,0.000,0.000,1.500
2021-12-06 05:00:00,3.620,0.000,0.000,0.000,1.100
2021-12-06 06:00:00,3.570,0.000,0.000,0.000,1.100
2021-12-06 07:00:00,3.670,0.000,0.000,0.000,1.100
2021-12-06 08:00:00,4.100,5.000,0.000,5.000,1.000
2021-12-06 09:00:00,4.340,46.000,96.900,34.000,0.900
2021-12-06 10:00:00,4.560,82.000,152.700,51.000,0.800
2021-12-06 11:00:00,4.120,97.000,105.000,71.000,1.000
2021-12-06 12:00:00,4.250,99.000,58.900,84.000,1.300
2021-12-06 13:00:00,3.890,97.000,49.200,86.000,1.400
2021-12-06 14:00:00,3.830,54.000,25.500,50.000,1.300
2021-12-06 15:00:00,4.530,16.000,0.000,16.000,1.100
2021-12-06 16:00:00,6.040,0.000,0.000,0.000,1.100
2021-12-06 17:00:00,7.110,0.000,0.000,0.000,1.200
2021-12-06 18:00:00,6.510,0.000,0.000,0.000,1.200
2021-12-06 19:00:00,6.450,0.000,0.000,0.000,1.200
2021-12-06 20:00:00,7.320,0.000,0.000,0.000,1.000
2021-12-06 21:00:00,7.490,0.000,0.000,0.000,1.000
2021-12-06 22:00:00,7.850,0.000,0.000,0.000,0.500
2021-12-06 23:00:00,7.620,0.000,0.000,0.000,0.600
2021-12-07 00:00:00,7.690,0.000,0.000,0.000,0.900
2021-12-07 01:00:00,7.750,0.000,0.000,0.000,0.900
2021-12-07 02:00:00,7.260,0.000,0.000,0.000,0.900
2021-12-07 03:00:00,6.820,0.000,0.000,0.000,0.900
2021-12-07 04:00:00,6.190,0.000,0.000,0.000,0.900
2021-12-07 05:00:00,5.410,0.000,0.000,0.000,0.800
2021-12-07 06:00:00,4.910,0.000,0.000,0.000,1.000
2021-12-07 07:00:00,4.600,0.000,0.000,0.000,0.900
2021-12-07 08:00:00,4.300,6.000,0.000,6.000,0.900
2021-12-07 09:00:00,3.610,31.000,8.200,30.000,1.300
2021-12-07 10:00:00,2.930,55.000,15.000,52.000,1.700
2021-12-07 11:00:00,3.450,144.000,175.200,101.000,2.500
2021-12-07 12:00:00,3.420,121.000,134.500,87.000,3.000
2021-12-07 13:00:00,3.660,79.000,40.500,70.000,3.400
2021-12-07 14:00:00,3.810,28.000,12.900,26.000,3.600
2021-12-07 15:00:00,4.260,6.000,0.000,6.000,3.600
2021-12-07 16:00:00,3.860,0.000,0.000,0.000,3.200
2021-12-07 17:00:00,5.330,0.000,0.000,0.000,2.900
2021-12-07 18:00:00,6.130,0.000,0.000,0.000,2.500
2021-12-07 19:00:00,6.770,0.000,0.000,0.000,2.200
2021-12-07 20:00:00,8.000,0.000,0.000,0.000,1.900
2021-12-07 21:00:00,8.000,0.000,0.000,0.000,1.700
2021-12-07 22:00:00,9.260,0.000,0.000,0.000,1.600
2021-12-07 23:00:00,9.630,0.000,0.000,0.000,1.700
2021-12-08 00:00:00,10.400,0.000,0.000,0.000,1.800
2021-12-08 01:00:00,10.080,0.000,0.000,0.000,2.000
2021-12-08 02:00:00,10.780,0.000,0.000,0.000,2.200
2021-12-08 03:00:00,10.930,0.000,0.000,0.000,2.300
2021-12-08 04:00:00,10.240,0.000,0.000,0.000,2.300
2021-12-08 05:00:00,9.870,0.000,0.000,0.000,2.100
2021-12-08 06:00:00,8.950,0.000,0.000,0.000,1.900
2021-12-08 07:00:00,8.230,0.000,0.000,0.000,1.900
2021-12-08 08:00:00,7.420,4.000,0.000,4.000,2.200
2021-12-08 09:00:00,6.990,30.000,8.400,29.000,2.400
2021-12-08 10:00:00,6.560,45.000,0.000,45.000,3.000
2021-12-08 11:00:00,5.980,71.000,8.200,69.000,3.400
2021-12-08 12:00:00,5.500,73.000,8.000,71.000,3.800
2021-12-08 13:00:00,5.150,86.000,18.100,82.000,4.100
2021-12-08 14:00:00,4.810,57.000,13.000,55.000,3.900
2021-12-08 15:00:00,4.950,16.000,0.000,16.000,3.400
2021-12-08 16:00:00,4.900,0.000,0.000,0.000,2.900
2021-12-08 17:00:00,5.090,0.000,0.000,0.000,2.600
2021-12-08 18:00:00,4.960,0.000,0.000,0.000,2.300
2021-12-08 19:00:00,4.890,0.000,0.000,0.000,2.100
2021-12-08 20:00:00,4.950,0.000,0.000,0.000,1.800
2021-12-08 21:00:00,4.600,0.000,0.000,0.000,1.500
2021-12-08 22:00:00,4.060,0.000,0.000,0.000,1.400
2021-12-08 23:00:00,4.190,0.000,0.000,0.000,1.200
2021-12-09 00:00:00,3.480,0.000,0.000,0.000,1.300
2021-12-09 01:00:00,3.040,0.000,0.000,0.000,1.200
2021-12-09 02:00:00,3.450,0.000,0.000,0.000,1.200
2021-12-09 03:00:00,3.890,0.000,0.000,0.000,1.000
2021-12-09 04:00:00,3.400,0.000,0.000,0.000,0.800
2021-12-09 05:00:00,3.360,0.000,0.000,0.000,1.000
2021-12-09 06:00:00,2.950,0.000,0.000,0.000,0.800
2021-12-09 07:00:00,3.360,0.000,0.000,0.000,0.800
2021-12-09 08:00:00,3.080,6.000,0.000,6.000,0.900
2021-12-09 09:00:00,2.340,43.000,34.300,39.000,1.000
2021-12-09 10:00:00,1.660,99.000,163.000,67.000,1.700
2021-12-09 11:00:00,1.400,112.000,173.800,70.000,2.300
2021-12-09 12:00:00,1.550,130.000,220.500,75.000,3.100
2021-12-09 13:00:00,2.360,113.000,164.100,77.000,3.600
2021-12-09 14:00:00,2.210,54.000,6.500,53.000,3.600
2021-12-09 15:00:00,2.250,14.000,0.000,14.000,3.300
2021-12-09 16:00:00,3.310,0.000,0.000,0.000,3.300
2021-12-09 17:00:00,3.900,0.000,0.000,0.000,2.900
2021-12-09 18:00:00,4.300,0.000,0.000,0.000,3.300
2021-12-09 19:00:00,4.570,0.000,0.000,0.000,3.200
2021-12-09 20:00:00,5.100,0.000,0.000,0.000,2.900
2021-12-09 21:00:00,5.060,0.000,0.000,0.000,2.700
2021-12-09 22:00:00,5.490,0.000,0.000,0.000,2.500
2021-12-09 23:00:00,5.540,0.000,0.000,0.000,2.200
2021-12-10 00:00:00,5.320,0.000,0.000,0.000,2.100
2021-12-10 01:00:00,5.060,0.000,0.000,0.000,2.000
2021-12-10 02:00:00,5.040,0.000,0.000,0.000,2.000
2021-12-10 03:00:00,4.930,0.000,0.000,0.000,2.000
2021-12-10 04:00:00,5.110,0.000,0.000,0.000,2.000
2021-12-10 05:00:00,5.880,0.000,0.000,0.000,2.100
2021-12-10 06:00:00,5.390,0.000,0.000,0.000,2.100
2021-12-10 07:00:00,4.920,0.000,0.000,0.000,1.900
2021-12-10 08:00:00,5.040,5.000,19.100,4.000,2.100
2021-12-10 09:00:00,5.220,50.000,122.400,36.000,2.400
2021-12-10 10:00:00,4.410,153.000,514.700,53.000,3.000
2021-12-10 11:00:00,3.960,184.000,508.700,62.000,3.500
2021-12-10 12:00:00,4.080,169.000,326.600,88.000,4.000
2021-12-10 13:00:00,3.540,133.000,279.500,72.000,4.100
2021-12-10 14:00:00,3.890,73.000,131.200,53.000,4.000
2021-12-10 15:00:00,4.490,22.000,118.300,14.000,3.300
2021-12-10 16:00:00,4.900,0.000,0.000,0.000,2.300
2021-12-10 17:00:00,4.950,0.000,0.000,0.000,1.700
2021-12-10 18:00:00,4.840,0.000,0.000,0.000,1.300
2021-12-10 19:00:00,4.540,0.000,0.000,0.000,0.800
2021-12-10 20:00:00,4.240,0.000,0.000,0.000,0.200
2021-12-10 21:00:00,3.900,0.000,0.000,0.000,-0.100
2021-12-10 22:00:00,1.350,0.000,0.000,0.000,-1.000
2021-12-10 23:00:00,1.040,0.000,0.000,0.000,-0.900
2021-12-11 00:00:00,0.990,0.000,0.000,0.000,-0.500
2021-12-11 01:00:00,1.500,0.000,0.000,0.000,-0.500
2021-12-11 02:00:00,2.200,0.000,0.000,0.000,-0.600
2021-12-11 03:00:00,2.330,0.000,0.000,0.000,-0.600
2021-12-11 04:00:00,2.510,0.000,0.000,0.000,-1.300
2021-12-11 05:00:00,2.790,0.000,0.000,0.000,-1.600
2021-12-11 06:00:00,2.690,0.000,0.000,0.000,-1.400
2021-12-11 07:00:00,2.600,0.000,0.000,0.000,-1.300
2021-12-11 08:00:00,2.860,5.000,19.100,4.000,-1.600
2021-12-11 09:00:00,2.790,52.000,106.800,40.000,-1.100
2021-12-11 10:00:00,3.340,120.000,270.200,68.000,0.400
2021-12-11 11:00:00,3.790,172.000,398.800,77.000,1.400
2021-12-11 12:00:00,4.330,186.000,458.100,73.000,2.500
2021-12-11 13:00:00,4.920,181.000,584.700,54.000,3.200
2021-12-11 14:00:00,5.680,113.000,467.900,42.000,3.200
2021-12-11 15:00:00,6.210,32.000,237.700,16.000,2.400
2021-12-11 16:00:00,6.900,0.000,0.000,0.000,1.500
2021-12-11 17:00:00,7.220,0.000,0.000,0.000,0.900
2021-12-11 18:00:00,7.440,0.000,0.000,0.000,0.600
2021-12-11 19:00:00,7.470,0.000,0.000,0.000,0.400
2021-12-11 20:00:00,7.410,0.000,0.000,0.000,0.500
2021-12-11 21:00:00,7.360,0.000,0.000,0.000,0.500
2021-12-11 22:00:00,7.100,0.000,0.000,0.000,0.400
2021-12-11 23:00:00,7.160,0.000,0.000,0.000,0.500
2021-12-12 00:00:00,6.970,0.000,0.000,0.000,0.700
2021-12-12 01:00:00,7.000,0.000,0.000,0.000,1.400
2021-12-12 02:00:00,7.200,0.000,0.000,0.000,1.800
2021-12-12 03:00:00,7.350,0.000,0.000,0.000,2.300
2021-12-12 04:00:00,7.620,0.000,0.000,0.000,2.500
2021-12-12 05:00:00,7.690,0.000,0.000,0.000,2.800
2021-12-12 06:00:00,7.510,0.000,0.000,0.000,3.100
2021-12-12 07:00:00,7.750,0.000,0.000,0.000,3.100
2021-12-12 08:00:00,8.030,2.000,0.000,2.000,3.200
2021-12-12 09:00:00,8.590,12.000,0.000,12.000,3.300
2021-12-12 10:00:00,8.770,21.000,0.000,21.000,3.600
2021-12-12 11:00:00,8.480,19.000,0.000,19.000,4.100
2021-12-12 12:00:00,8.280,24.000,0.000,24.000,4.700
2021-12-12 13:00:00,7.670,16.000,0.000,16.000,5.100
2021-12-12 14:00:00,7.080,14.000,0.000,14.000,5.500
2021-12-12 15:00:00,7.000,3.000,0.000,3.000,5.800
2021-12-12 16:00:00,7.160,0.000,0.000,0.000,6.000
2021-12-12 17:00:00,7.130,0.000,0.000,0.000,6.300
2021-12-12 18:00:00,6.880,0.000,0.000,0.000,6.500
2021-12-12 19:00:00,6.640,0.000,0.000,0.000,6.800
2021-12-12 20:00:00,6.300,0.000,0.000,0.000,7.100
2021-12-12 21:00:00,5.920,0.000,0.000,0.000,7.300
2021-12-12 22:00:00,6.550,0.000,0.000,0.000,7.600
2021-12-12 23:00:00,6.420,0.000,0.000,0.000,8.000
2021-12-13 00:00:00,6.450,0.000,0.000,0.000,8.200
2021-12-13 01:00:00,6.550,0.000,0.000,0.000,8.500
2021-12-13 02:00:00,6.740,0.000,0.000,0.000,8.800
2021-12-13 03:00:00,6.800,0.000,0.000,0.000,9.000
2021-12-13 04:00:00,6.940,0.000,0.000,0.000,9.100
2021-12-13 05:00:00,6.690,0.000,0.000,0.000,9.400
2021-12-13 06:00:00,6.500,0.000,0.000,0.000,9.300
2021-12-13 07:00:00,6.110,0.000,0.000,0.000,9.200
2021-12-13 08:00:00,5.850,1.000,0.000,1.000,9.300
2021-12-13 09:00:00,5.480,16.000,0.000,16.000,9.400
2021-12-13 10:00:00,5.870,32.000,0.000,32.000,9.600
2021-12-13 11:00:00,6.840,67.000,80.700,48.000,10.000
2021-12-13 12:00:00,5.870,53.000,16.400,49.000,9.800
2021-12-13 13:00:00,5.730,51.000,23.200,46.000,9.600
2021-12-13 14:00:00,5.640,31.000,13.300,29.000,9.400
2021-12-13 15:00:00,5.770,12.000,29.900,10.000,9.200
2021-12-13 16:00:00,5.720,0.000,0.000,0.000,9.000
2021-12-13 17:00:00,5.880,0.000,0.000,0.000,8.700
2021-12-13 18:00:00,6.160,0.000,0.000,0.000,8.700
2021-12-13 19:00:00,6.300,0.000,0.000,0.000,8.600
2021-12-13 20:00:00,6.280,0.000,0.000,0.000,8.400
2021-12-13 21:00:00,6.220,0.000,0.000,0.000,8.300
2021-12-13 22:00:00,5.520,0.000,0.000,0.000,7.900
2021-12-13 23:00:00,5.750,0.000,0.000,0.000,7.700
2021-12-14 00:00:00,6.140,0.000,0.000,0.000,7.600
2021-12-14 01:00:00,6.610,0.000,0.000,0.000,7.500
2021-12-14 02:00:00,6.790,0.000,0.000,0.000,7.300
2021-12-14 03:00:00,6.870,0.000,0.000,0.000,7.200
2021-12-14 04:00:00,6.800,0.000,0.000,0.000,7.400
2021-12-14 05:00:00,6.840,0.000,0.000,0.000,7.400
2021-12-14 06:00:00,6.460,0.000,0.000,0.000,7.500
2021-12-14 07:00:00,6.370,0.000,0.000,0.000,7.500
2021-12-14 08:00:00,6.400,4.000,0.000,4.000,7.500
2021-12-14 09:00:00,6.410,27.000,9.300,26.000,7.600
2021-12-14 10:00:00,6.510,34.000,10.700,32.000,7.700
2021-12-14 11:00:00,6.240,27.000,0.000,27.000,7.800
2021-12-14 12:00:00,6.090,33.000,8.200,31.000,8.100
2021-12-14 13:00:00,5.740,17.000,0.000,17.000,8.000
2021-12-14 14:00:00,5.530,12.000,0.000,12.000,8.100
2021-12-14 15:00:00,5.500,3.000,0.000,3.000,8.000
2021-12-14 16:00:00,5.550,0.000,0.000,0.000,7.900
2021-12-14 17:00:00,6.130,0.000,0.000,0.000,7.900
2021-12-14 18:00:00,6.350,0.000,0.000,0.000,8.000
2021-12-14 19:00:00,6.130,0.000,0.000,0.000,8.000
2021-12-14 20:00:00,5.910,0.000,0.000,0.000,7.900
2021-12-14 21:00:00,5.720,0.000,0.000,0.000,7.900
2021-12-14 22:00:00,6.520,0.000,0.000,0.000,8.000
2021-12-14 23:00:00,6.490,0.000,0.000,0.000,8.100
2021-12-15 00:00:00,6.910,0.000,0.000,0.000,8.000
2021-12-15 01:00:00,6.900,0.000,0.000,0.000,8.200
2021-12-15 02:00:00,6.750,0.000,0.000,0.000,8.300
2021-12-15 03:00:00,6.570,0.000,0.000,0.000,8.500
2021-12-15 04:00:00,6.490,0.000,0.000,0.000,8.500
2021-12-15 05:00:00,6.600,0.000,0.000,0.000,8.500
2021-12-15 06:00:00,6.830,0.000,0.000,0.000,8.600
2021-12-15 07:00:00,7.000,0.000,0.000,0.000,8.700
2021-12-15 08:00:00,7.000,1.000,0.000,1.000,8.700
2021-12-15 09:00:00,6.910,11.000,0.000,11.000,8.900
2021-12-15 10:00:00,6.740,22.000,0.000,22.000,9.100
2021-12-15 11:00:00,6.850,33.000,0.000,33.000,9.400
2021-12-15 12:00:00,6.840,41.000,16.500,37.000,9.500
2021-12-15 13:00:00,6.800,38.000,9.300,36.000,9.600
2021-12-15 14:00:00,6.840,26.000,13.300,24.000,9.600
2021-12-15 15:00:00,6.770,9.000,15.000,8.000,9.500
2021-12-15 16:00:00,6.890,0.000,0.000,0.000,9.300
2021-12-15 17:00:00,7.130,0.000,0.000,0.000,9.300
2021-12-15 18:00:00,7.060,0.000,0.000,0.000,9.200
2021-12-15 19:00:00,6.810,0.000,0.000,0.000,9.000
2021-12-15 20:00:00,6.630,0.000,0.000,0.000,8.800
2021-12-15 21:00:00,6.720,0.000,0.000,0.000,8.600
2021-12-15 22:00:00,7.610,0.000,0.000,0.000,8.400
2021-12-15 23:00:00,7.630,0.000,0.000,0.000,8.200
2021-12-16 00:00:00,7.310,0.000,0.000,0.000,8.000
2021-12-16 01:00:00,7.120,0.000,0.000,0.000,7.900
2021-12-16 02:00:00,7.000,0.000,0.000,0.000,7.700
2021-12-16 03:00:00,6.950,0.000,0.000,0.000,7.700
2021-12-16 04:00:00,7.110,0.000,0.000,0.000,7.700
2021-12-16 05:00:00,6.710,0.000,0.000,0.000,7.700
2021-12-16 06:00:00,6.220,0.000,0.000,0.000,7.700
2021-12-16 07:00:00,5.850,0.000,0.000,0.000,7.900
2021-12-16 08:00:00,5.550,1.000,0.000,1.000,8.100
2021-12-16 09:00:00,5.460,9.000,0.000,9.000,8.200
2021-12-16 10:00:00,4.830,24.000,0.000,24.000,8.500
2021-12-16 11:00:00,5.370,42.000,0.000,42.000,8.800
2021-12-16 12:00:00,4.980,55.000,8.300,53.000,9.100
2021-12-16 13:00:00,4.830,56.000,23.300,51.000,9.300
2021-12-16 14:00:00,4.200,46.000,59.900,37.000,9.200
2021-12-16 15:00:00,4.390,15.000,59.900,11.000,8.600
2021-12-16 16:00:00,4.880,0.000,0.000,0.000,8.300
2021-12-16 17:00:00,5.190,0.000,0.000,0.000,8.200
2021-12-16 18:00:00,4.840,0.000,0.000,0.000,7.900
2021-12-16 19:00:00,4.580,0.000,0.000,0.000,7.800
2021-12-16 20:00:00,4.300,0.000,0.000,0.000,7.600
2021-12-16 21:00:00,3.610,0.000,0.000,0.000,7.400
2021-12-16 22:00:00,3.860,0.000,0.000,0.000,6.700
2021-12-16 23:00:00,4.820,0.000,0.000,0.000,6.700
2021-12-17 00:00:00,4.950,0.000,0.000,0.000,6.600
2021-12-17 01:00:00,4.940,0.000,0.000,0.000,6.400
2021-12-17 02:00:00,4.160,0.000,0.000,0.000,6.400
2021-12-17 03:00:00,4.050,0.000,0.000,0.000,6.500
2021-12-17 04:00:00,3.710,0.000,0.000,0.000,6.900
2021-12-17 05:00:00,4.050,0.000,0.000,0.000,7.000
2021-12-17 06:00:00,4.250,0.000,0.000,0.000,7.000
2021-12-17 07:00:00,3.720,0.000,0.000,0.000,7.000
2021-12-17 08:00:00,4.300,1.000,0.000,1.000,6.900
2021-12-17 09:00:00,4.960,19.000,19.500,17.000,7.200
2021-12-17 10:00:00,5.310,40.000,5.400,39.000,7.200
2021-12-17 11:00:00,5.020,50.000,0.000,50.000,7.200
2021-12-17 12:00:00,4.740,60.000,8.300,58.000,7.200
2021-12-17 13:00:00,4.600,57.000,0.000,57.000,7.200
2021-12-17 14:00:00,4.750,53.000,86.500,40.000,7.300
2021-12-17 15:00:00,4.790,19.000,59.800,15.000,7.000
2021-12-17 16:00:00,4.920,0.000,0.000,0.000,6.600
2021-12-17 17:00:00,5.150,0.000,0.000,0.000,6.400
2021-12-17 18:00:00,5.050,0.000,0.000,0.000,6.600
2021-12-17 19:00:00,4.610,0.000,0.000,0.000,6.600
2021-12-17 20:00:00,4.560,0.000,0.000,0.000,6.700
2021-12-17 21:00:00,3.670,0.000,0.000,0.000,6.700
2021-12-17 22:00:00,4.050,0.000,0.000,0.000,6.600
2021-12-17 23:00:00,4.030,0.000,0.000,0.000,6.700
2021-12-18 00:00:00,4.160,0.000,0.000,0.000,6.600
2021-12-18 01:00:00,4.400,0.000,0.000,0.000,6.500
2021-12-18 02:00:00,4.490,0.000,0.000,0.000,6.500
2021-12-18 03:00:00,4.810,0.000,0.000,0.000,6.500
2021-12-18 04:00:00,5.060,0.000,0.000,0.000,6.400
2021-12-18 05:00:00,5.060,0.000,0.000,0.000,6.400
2021-12-18 06:00:00,5.140,0.000,0.000,0.000,6.400
2021-12-18 07:00:00,5.510,0.000,0.000,0.000,6.500
2021-12-18 08:00:00,5.730,1.000,0.000,1.000,6.600
2021-12-18 09:00:00,5.970,12.000,0.000,12.000,6.800
2021-12-18 10:00:00,5.800,25.000,5.500,24.000,7.000
2021-12-18 11:00:00,6.100,32.000,0.000,32.000,7.400
2021-12-18 12:00:00,6.500,34.000,0.000,34.000,7.600
2021-12-18 13:00:00,6.650,28.000,0.000,28.000,7.700
2021-12-18 14:00:00,6.930,27.000,0.000,27.000,7.800
2021-12-18 15:00:00,6.930,7.000,0.000,7.000,7.700
2021-12-18 16:00:00,7.180,0.000,0.000,0.000,7.600
2021-12-18 17:00:00,7.520,0.000,0.000,0.000,7.500
2021-12-18 18:00:00,7.760,0.000,0.000,0.000,7.600
2021-12-18 19:00:00,7.840,0.000,0.000,0.000,7.700
2021-12-18 20:00:00,7.910,0.000,0.000,0.000,7.700
2021-12-18 21:00:00,7.840,0.000,0.000,0.000,7.700
2021-12-18 22:00:00,7.790,0.000,0.000,0.000,7.800
2021-12-18 23:00:00,8.200,0.000,0.000,0.000,7.600
2021-12-19 00:00:00,8.420,0.000,0.000,0.000,7.400
2021-12-19 01:00:00,8.830,0.000,0.000,0.000,7.200
2021-12-19 02:00:00,9.190,0.000,0.000,0.000,7.000
2021-12-19 03:00:00,9.180,0.000,0.000,0.000,6.900
2021-12-19 04:00:00,9.170,0.000,0.000,0.000,6.800
2021-12-19 05:00:00,9.370,0.000,0.000,0.000,6.700
2021-12-19 06:00:00,9.300,0.000,0.000,0.000,6.700
2021-12-19 07:00:00,9.200,0.000,0.000,0.000,6.600
2021-12-19 08:00:00,9.040,1.000,0.000,1.000,6.700
2021-12-19 09:00:00,8.950,14.000,0.000,14.000,6.900
2021-12-19 10:00:00,8.760,19.000,0.000,19.000,7.100
2021-12-19 11:00:00,9.810,33.000,0.000,33.000,7.200
2021-12-19 12:00:00,10.200,36.000,4.100,35.000,7.200
2021-12-19 13:00:00,10.380,36.000,18.700,32.000,7.400
2021-12-19 14:00:00,10.340,28.000,0.000,28.000,7.600
2021-12-19 15:00:00,10.190,9.000,0.000,9.000,7.600
2021-12-19 16:00:00,9.780,0.000,0.000,0.000,7.600
2021-12-19 17:00:00,8.630,0.000,0.000,0.000,7.300
2021-12-19 18:00:00,7.260,0.000,0.000,0.000,6.700
2021-12-19 19:00:00,6.280,0.000,0.000,0.000,6.100
2021-12-19 20:00:00,6.000,0.000,0.000,0.000,5.300
2021-12-19 21:00:00,5.780,0.000,0.000,0.000,4.600
2021-12-19 22:00:00,6.150,0.000,0.000,0.000,3.500
2021-12-19 23:00:00,5.690,0.000,0.000,0.000,1.900
2021-12-20 00:00:00,5.470,0.000,0.000,0.000,0.900
2021-12-20 01:00:00,5.480,0.000,0.000,0.000,0.200
2021-12-20 02:00:00,5.370,0.000,0.000,0.000,-0.500
2021-12-20 03:00:00,5.330,0.000,0.000,0.000,-1.000
2021-12-20 04:00:00,5.240,0.000,0.000,0.000,-1.300
2021-12-20 05:00:00,5.240,0.000,0.000,0.000,-1.800
2021-12-20 06:00:00,5.080,0.000,0.000,0.000,-2.400
2021-12-20 07:00:00,4.960,0.000,0.000,0.000,-2.700
2021-12-20 08:00:00,4.720,5.000,38.200,3.000,-2.500
2021-12-20 09:00:00,4.390,66.000,372.400,29.000,-0.800
2021-12-20 10:00:00,4.190,142.000,518.000,48.000,0.900
2021-12-20 11:00:00,3.440,192.000,587.700,57.000,2.100
2021-12-20 12:00:00,3.540,205.000,610.300,58.000,2.900
2021-12-20 13:00:00,3.770,175.000,565.100,54.000,3.400
2021-12-20 14:00:00,4.400,111.000,455.900,42.000,3.100
2021-12-20 15:00:00,4.740,32.000,236.300,16.000,2.100
2021-12-20 16:00:00,4.740,0.000,0.000,0.000,0.500
2021-12-20 17:00:00,4.520,0.000,0.000,0.000,-1.200
2021-12-20 18:00:00,4.050,0.000,0.000,0.000,-1.800
2021-12-20 19:00:00,3.290,0.000,0.000,0.000,-1.900
2021-12-20 20:00:00,2.600,0.000,0.000,0.000,-2.200
2021-12-20 21:00:00,2.100,0.000,0.000,0.000,-2.800
2021-12-20 22:00:00,2.460,0.000,0.000,0.000,-3.300
2021-12-20 23:00:00,1.630,0.000,0.000,0.000,-3.800
2021-12-21 00:00:00,1.430,0.000,0.000,0.000,-3.900
2021-12-21 01:00:00,1.900,0.000,0.000,0.000,-4.200
2021-12-21 02:00:00,2.550,0.000,0.000,0.000,-4.400
2021-12-21 03:00:00,3.160,0.000,0.000,0.000,-4.500
2021-12-21 04:00:00,3.240,0.000,0.000,0.000,-4.800
2021-12-21 05:00:00,3.110,0.000,0.000,0.000,-4.900
2021-12-21 06:00:00,2.700,0.000,0.000,0.000,-4.800
2021-12-21 07:00:00,2.310,0.000,0.000,0.000,-4.800
2021-12-21 08:00:00,2.090,4.000,0.000,4.000,-4.600
2021-12-21 09:00:00,1.860,46.000,91.400,37.000,-4.100
2021-12-21 10:00:00,1.490,79.000,55.300,69.000,-3.200
2021-12-21 11:00:00,1.350,108.000,65.400,93.000,-2.100
2021-12-21 12:00:00,1.350,115.000,87.200,94.000,-1.600
2021-12-21 13:00:00,1.350,105.000,97.900,84.000,-1.200
2021-12-21 14:00:00,1.350,61.000,46.100,54.000,-1.100
2021-12-21 15:00:00,1.700,16.000,14.700,15.000,-1.600
2021-12-21 16:00:00,1.700,0.000,0.000,0.000,-2.500
2021-12-21 17:00:00,1.860,0.000,0.000,0.000,-2.800
2021-12-21 18:00:00,2.000,0.000,0.000,0.000,-3.100
2021-12-21 19:00:00,2.240,0.000,0.000,0.000,-3.300
2021-12-21 20:00:00,2.470,0.000,0.000,0.000,-3.500
2021-12-21 21:00:00,2.340,0.000,0.000,0.000,-3.800
2021-12-21 22:00:00,2.240,0.000,0.000,0.000,-4.200
2021-12-21 23:00:00,2.620,0.000,0.000,0.000,-4.200
2021-12-22 00:00:00,3.240,0.000,0.000,0.000,-4.400
2021-12-22 01:00:00,3.620,0.000,0.000,0.000,-4.300
2021-12-22 02:00:00,3.830,0.000,0.000,0.000,-4.600
2021-12-22 03:00:00,3.770,0.000,0.000,0.000,-4.800
2021-12-22 04:00:00,3.810,0.000,0.000,0.000,-4.700
2021-12-22 05:00:00,3.680,0.000,0.000,0.000,-5.000
2021-12-22 06:00:00,3.620,0.000,0.000,0.000,-5.100
2021-12-22 07:00:00,3.770,0.000,0.000,0.000,-5.300
2021-12-22 08:00:00,3.860,3.000,0.000,3.000,-4.700
2021-12-22 09:00:00,3.670,34.000,51.200,29.000,-4.000
2021-12-22 10:00:00,4.240,76.000,105.400,57.000,-3.400
2021-12-22 11:00:00,3.820,120.000,152.700,85.000,-2.700
2021-12-22 12:00:00,3.610,139.000,157.700,101.000,-2.100
2021-12-22 13:00:00,3.240,116.000,139.600,86.000,-2.000
2021-12-22 14:00:00,3.400,93.000,203.000,62.000,-1.900
2021-12-22 15:00:00,4.300,29.000,102.100,22.000,-2.900
2021-12-22 16:00:00,4.000,0.000,0.000,0.000,-3.000
2021-12-22 17:00:00,3.920,0.000,0.000,0.000,-3.100
2021-12-22 18:00:00,4.820,0.000,0.000,0.000,-3.400
2021-12-22 19:00:00,5.730,0.000,0.000,0.000,-3.300
2021-12-22 20:00:00,6.050,0.000,0.000,0.000,-3.300
2021-12-22 21:00:00,5.700,0.000,0.000,0.000,-3.300
2021-12-22 22:00:00,5.630,0.000,0.000,0.000,-3.500
2021-12-22 23:00:00,6.110,0.000,0.000,0.000,-3.300
2021-12-23 00:00:00,6.200,0.000,0.000,0.000,-3.300
2021-12-23 01:00:00,5.620,0.000,0.000,0.000,-3.000
2021-12-23 02:00:00,6.600,0.000,0.000,0.000,-2.700
2021-12-23 03:00:00,6.460,0.000,0.000,0.000,-2.400
2021-12-23 04:00:00,5.760,0.000,0.000,0.000,-2.200
2021-12-23 05:00:00,5.970,0.000,0.000,0.000,-1.900
2021-12-23 06:00:00,6.150,0.000,0.000,0.000,-1.800
2021-12-23 07:00:00,6.760,0.000,0.000,0.000,-1.600
2021-12-23 08:00:00,7.020,2.000,0.000,2.000,-1.400
2021-12-23 09:00:00,7.190,32.000,10.300,31.000,-1.000
2021-12-23 10:00:00,6.610,63.000,5.600,62.000,-0.700
2021-12-23 11:00:00,7.710,90.000,8.700,88.000,-0.400
2021-12-23 12:00:00,7.220,88.000,4.100,87.000,0.100
2021-12-23 13:00:00,6.950,67.000,4.600,66.000,0.600
2021-12-23 14:00:00,6.400,20.000,0.000,20.000,0.600
2021-12-23 15:00:00,5.460,5.000,0.000,5.000,0.600
2021-12-23 16:00:00,7.960,0.000,0.000,0.000,0.900
2021-12-23 17:00:00,8.560,0.000,0.000,0.000,1.400
2021-12-23 18:00:00,9.420,0.000,0.000,0.000,1.900
2021-12-23 19:00:00,9.360,0.000,0.000,0.000,2.300
2021-12-23 20:00:00,9.330,0.000,0.000,0.000,2.600
2021-12-23 21:00:00,9.850,0.000,0.000,0.000,2.900
2021-12-23 22:00:00,10.060,0.000,0.000,0.000,3.600
2021-12-23 23:00:00,10.450,0.000,0.000,0.000,3.900
2021-12-24 00:00:00,9.820,0.000,0.000,0.000,4.200
2021-12-24 01:00:00,9.220,0.000,0.000,0.000,4.500
2021-12-24 02:00:00,8.520,0.000,0.000,0.000,4.900
2021-12-24 03:00:00,8.700,0.000,0.000,0.000,5.300
2021-12-24 04:00:00,9.000,0.000,0.000,0.000,5.600
2021-12-24 05:00:00,8.830,0.000,0.000,0.000,6.100
2021-12-24 06:00:00,8.780,0.000,0.000,0.000,6.600
2021-12-24 07:00:00,8.910,0.000,0.000,0.000,6.900
2021-12-24 08:00:00,9.100,0.000,0.000,0.000,7.400
2021-12-24 09:00:00,9.330,7.000,0.000,7.000,7.800
2021-12-24 10:00:00,10.630,16.000,5.600,15.000,8.100
2021-12-24 11:00:00,9.510,27.000,0.000,27.000,7.900
2021-12-24 12:00:00,7.220,15.000,0.000,15.000,7.100
2021-12-24 13:00:00,6.360,15.000,0.000,15.000,4.500
2021-12-24 14:00:00,6.420,9.000,0.000,9.000,2.800
2021-12-24 15:00:00,5.100,3.000,0.000,3.000,1.200
2021-12-24 16:00:00,3.550,0.000,0.000,0.000,0.800
2021-12-24 17:00:00,3.590,0.000,0.000,0.000,0.600
2021-12-24 18:00:00,4.740,0.000,0.000,0.000,0.600
2021-12-24 19:00:00,6.020,0.000,0.000,0.000,0.200
2021-12-24 20:00:00,6.530,0.000,0.000,0.000,-0.300
2021-12-24 21:00:00,6.580,0.000,0.000,0.000,-1.100
2021-12-24 22:00:00,6.400,0.000,0.000,0.000,-1.800
2021-12-24 23:00:00,5.980,0.000,0.000,0.000,-2.700
2021-12-25 00:00:00,5.850,0.000,0.000,0.000,-3.300
2021-12-25 01:00:00,5.820,0.000,0.000,0.000,-4.100
2021-12-25 02:00:00,6.070,0.000,0.000,0.000,-4.600
2021-12-25 03:00:00,5.990,0.000,0.000,0.000,-5.100
2021-12-25 04:00:00,6.180,0.000,0.000,0.000,-5.400
2021-12-25 05:00:00,6.230,0.000,0.000,0.000,-5.600
2021-12-25 06:00:00,6.210,0.000,0.000,0.000,-5.800
2021-12-25 07:00:00,5.800,0.000,0.000,0.000,-6.100
2021-12-25 08:00:00,5.600,4.000,19.100,3.000,-6.400
2021-12-25 09:00:00,5.200,61.000,302.100,32.000,-5.700
2021-12-25 10:00:00,5.410,140.000,462.500,57.000,-4.700
2021-12-25 11:00:00,4.950,203.000,641.100,56.000,-3.800
2021-12-25 12:00:00,4.730,222.000,673.300,59.000,-3.200
2021-12-25 13:00:00,4.490,192.000,626.800,56.000,-2.900
2021-12-25 14:00:00,3.920,124.000,507.600,45.000,-2.800
2021-12-25 15:00:00,4.340,40.000,298.200,19.000,-3.900
2021-12-25 16:00:00,4.930,0.000,0.000,0.000,-5.300
2021-12-25 17:00:00,5.200,0.000,0.000,0.000,-6.100
2021-12-25 18:00:00,5.300,0.000,0.000,0.000,-6.700
2021-12-25 19:00:00,5.500,0.000,0.000,0.000,-7.300
2021-12-25 20:00:00,5.660,0.000,0.000,0.000,-7.600
2021-12-25 21:00:00,5.980,0.000,0.000,0.000,-8.100
2021-12-25 22:00:00,5.650,0.000,0.000,0.000,-8.700
2021-12-25 23:00:00,5.910,0.000,0.000,0.000,-9.100
2021-12-26 00:00:00,5.950,0.000,0.000,0.000,-9.300
2021-12-26 01:00:00,6.050,0.000,0.000,0.000,-9.500
2021-12-26 02:00:00,6.480,0.000,0.000,0.000,-9.700
2021-12-26 03:00:00,6.740,0.000,0.000,0.000,-9.700
2021-12-26 04:00:00,6.960,0.000,0.000,0.000,-9.900
2021-12-26 05:00:00,7.000,0.000,0.000,0.000,-9.900
2021-12-26 06:00:00,7.060,0.000,0.000,0.000,-10.000
2021-12-26 07:00:00,7.340,0.000,0.000,0.000,-10.000
2021-12-26 08:00:00,7.620,4.000,19.100,3.000,-9.900
2021-12-26 09:00:00,7.560,63.000,355.400,29.000,-8.500
2021-12-26 10:00:00,7.430,138.000,507.100,47.000,-6.400
2021-12-26 11:00:00,6.390,186.000,570.600,55.000,-4.500
2021-12-26 12:00:00,6.420,203.000,580.900,62.000,-3.300
2021-12-26 13:00:00,6.710,164.000,491.000,57.000,-2.600
2021-12-26 14:00:00,7.530,97.000,331.500,45.000,-2.700
2021-12-26 15:00:00,7.810,27.000,154.600,16.000,-3.200
2021-12-26 16:00:00,8.100,0.000,0.000,0.000,-4.100
2021-12-26 17:00:00,8.170,0.000,0.000,0.000,-4.300
2021-12-26 18:00:00,8.020,0.000,0.000,0.000,-4.300
2021-12-26 19:00:00,7.850,0.000,0.000,0.000,-4.400
2021-12-26 20:00:00,7.780,0.000,0.000,0.000,-4.300
2021-12-26 21:00:00,7.600,0.000,0.000,0.000,-4.000
2021-12-26 22:00:00,7.520,0.000,0.000,0.000,-3.900
2021-12-26 23:00:00,7.080,0.000,0.000,0.000,-3.700
2021-12-27 00:00:00,7.080,0.000,0.000,0.000,-3.600
2021-12-27 01:00:00,7.220,0.000,0.000,0.000,-3.400
2021-12-27 02:00:00,7.170,0.000,0.000,0.000,-3.200
2021-12-27 03:00:00,6.710,0.000,0.000,0.000,-2.900
2021-12-27 04:00:00,6.360,0.000,0.000,0.000,-2.700
2021-12-27 05:00:00,6.490,0.000,0.000,0.000,-2.500
2021-12-27 06:00:00,6.590,0.000,0.000,0.000,-2.300
2021-12-27 07:00:00,6.260,0.000,0.000,0.000,-2.200
2021-12-27 08:00:00,6.360,1.000,0.000,1.000,-2.100
2021-12-27 09:00:00,6.360,11.000,0.000,11.000,-1.600
2021-12-27 10:00:00,5.730,27.000,0.000,27.000,-0.900
2021-12-27 11:00:00,5.730,42.000,8.700,40.000,-0.300
2021-12-27 12:00:00,5.750,45.000,8.200,43.000,0.200
2021-12-27 13:00:00,5.500,46.000,9.100,44.000,0.600
2021-12-27 14:00:00,6.170,34.000,19.000,31.000,1.000
2021-12-27 15:00:00,6.820,20.000,55.600,16.000,1.100
2021-12-27 16:00:00,6.220,0.000,0.000,0.000,1.000
2021-12-27 17:00:00,6.400,0.000,0.000,0.000,1.000
2021-12-27 18:00:00,6.770,0.000,0.000,0.000,1.200
2021-12-27 19:00:00,6.640,0.000,0.000,0.000,1.400
2021-12-27 20:00:00,6.850,0.000,0.000,0.000,1.700
2021-12-27 21:00:00,6.910,0.000,0.000,0.000,1.800
2021-12-27 22:00:00,7.270,0.000,0.000,0.000,2.400
2021-12-27 23:00:00,7.290,0.000,0.000,0.000,2.500
2021-12-28 00:00:00,7.560,0.000,0.000,0.000,2.500
2021-12-28 01:00:00,7.450,0.000,0.000,0.000,2.400
2021-12-28 02:00:00,7.220,0.000,0.000,0.000,2.700
2021-12-28 03:00:00,7.150,0.000,0.000,0.000,2.700
2021-12-28 04:00:00,7.210,0.000,0.000,0.000,3.200
2021-12-28 05:00:00,7.120,0.000,0.000,0.000,3.000
2021-12-28 06:00:00,7.020,0.000,0.000,0.000,2.700
2021-12-28 07:00:00,7.020,0.000,0.000,0.000,3.200
2021-12-28 08:00:00,6.940,3.000,0.000,3.000,3.300
2021-12-28 09:00:00,7.100,48.000,146.800,34.000,3.700
2021-12-28 10:00:00,6.420,95.000,172.500,64.000,4.400
2021-12-28 11:00:00,6.710,100.000,56.400,87.000,5.500
2021-12-28 12:00:00,6.820,133.000,180.100,89.000,6.200
2021-12-28 13:00:00,6.890,77.000,86.300,58.000,6.300
2021-12-28 14:00:00,6.610,45.000,37.600,39.000,6.000
2021-12-28 15:00:00,6.750,16.000,27.500,14.000,5.400
2021-12-28 16:00:00,7.020,0.000,0.000,0.000,5.100
2021-12-28 17:00:00,7.880,0.000,0.000,0.000,5.200
2021-12-28 18:00:00,7.940,0.000,0.000,0.000,5.500
2021-12-28 19:00:00,6.830,0.000,0.000,0.000,5.500
2021-12-28 20:00:00,6.450,0.000,0.000,0.000,5.200
2021-12-28 21:00:00,6.730,0.000,0.000,0.000,4.900
2021-12-28 22:00:00,6.250,0.000,0.000,0.000,5.500
2021-12-28 23:00:00,5.850,0.000,0.000,0.000,5.200
2021-12-29 00:00:00,6.010,0.000,0.000,0.000,5.100
2021-12-29 01:00:00,6.660,0.000,0.000,0.000,5.000
2021-12-29 02:00:00,5.710,0.000,0.000,0.000,5.000
2021-12-29 03:00:00,5.160,0.000,0.000,0.000,5.000
2021-12-29 04:00:00,5.730,0.000,0.000,0.000,5.200
2021-12-29 05:00:00,5.510,0.000,0.000,0.000,5.600
2021-12-29 06:00:00,6.180,0.000,0.000,0.000,5.800
2021-12-29 07:00:00,6.180,0.000,0.000,0.000,6.000
2021-12-29 08:00:00,6.650,1.000,0.000,1.000,6.400
2021-12-29 09:00:00,6.700,10.000,0.000,10.000,6.700
2021-12-29 10:00:00,5.520,11.000,0.000,11.000,6.900
2021-12-29 11:00:00,6.110,20.000,0.000,20.000,7.100
2021-12-29 12:00:00,5.320,19.000,0.000,19.000,7.200
2021-12-29 13:00:00,6.620,22.000,0.000,22.000,7.300
2021-12-29 14:00:00,4.780,13.000,0.000,13.000,7.300
2021-12-29 15:00:00,4.550,8.000,0.000,8.000,7.300
2021-12-29 16:00:00,4.840,0.000,0.000,0.000,7.300
2021-12-29 17:00:00,4.880,0.000,0.000,0.000,7.200
2021-12-29 18:00:00,5.810,0.000,0.000,0.000,7.000
2021-12-29 19:00:00,5.700,0.000,0.000,0.000,6.900
2021-12-29 20:00:00,6.960,0.000,0.000,0.000,6.600
2021-12-29 21:00:00,6.890,0.000,0.000,0.000,6.600
2021-12-29 22:00:00,7.880,0.000,0.000,0.000,6.800
2021-12-29 23:00:00,8.000,0.000,0.000,0.000,7.400
2021-12-30 00:00:00,9.220,0.000,0.000,0.000,8.700
2021-12-30 01:00:00,9.230,0.000,0.000,0.000,9.700
2021-12-30 02:00:00,8.300,0.000,0.000,0.000,9.800
2021-12-30 03:00:00,7.670,0.000,0.000,0.000,9.900
2021-12-30 04:00:00,7.820,0.000,0.000,0.000,10.100
2021-12-30 05:00:00,7.940,0.000,0.000,0.000,10.000
2021-12-30 06:00:00,7.880,0.000,0.000,0.000,10.000
2021-12-30 07:00:00,8.250,0.000,0.000,0.000,10.000
2021-12-30 08:00:00,8.490,1.000,0.000,1.000,10.100
2021-12-30 09:00:00,8.700,7.000,0.000,7.000,10.600
2021-12-30 10:00:00,8.290,11.000,0.000,11.000,11.000
2021-12-30 11:00:00,9.330,21.000,0.000,21.000,11.600
2021-12-30 12:00:00,11.110,13.000,0.000,13.000,12.400
2021-12-30 13:00:00,11.880,19.000,0.000,19.000,13.100
2021-12-30 14:00:00,11.110,13.000,0.000,13.000,13.300
2021-12-30 15:00:00,10.280,4.000,0.000,4.000,13.200
2021-12-30 16:00:00,9.930,0.000,0.000,0.000,13.100
2021-12-30 17:00:00,9.900,0.000,0.000,0.000,13.000
2021-12-30 18:00:00,10.120,0.000,0.000,0.000,13.000
2021-12-30 19:00:00,9.930,0.000,0.000,0.000,13.000
2021-12-30 20:00:00,10.380,0.000,0.000,0.000,13.100
2021-12-30 21:00:00,10.680,0.000,0.000,0.000,13.200
2021-12-30 22:00:00,10.440,0.000,0.000,0.000,13.100
2021-12-30 23:00:00,10.630,0.000,0.000,0.000,13.300
2021-12-31 00:00:00,10.720,0.000,0.000,0.000,13.500
2021-12-31 01:00:00,10.750,0.000,0.000,0.000,13.500
2021-12-31 02:00:00,11.010,0.000,0.000,0.000,13.300
2021-12-31 03:00:00,10.960,0.000,0.000,0.000,13.200
2021-12-31 04:00:00,11.010,0.000,0.000,0.000,13.300
2021-12-31 05:00:00,11.160,0.000,0.000,0.000,13.400
2021-12-31 06:00:00,10.690,0.000,0.000,0.000,13.600
2021-12-31 07:00:00,10.350,0.000,0.000,0.000,13.900
2021-12-31 08:00:00,10.690,2.000,0.000,2.000,13.800
2021-12-31 09:00:00,11.450,34.000,73.000,27.000,13.900
2021-12-31 10:00:00,11.850,73.000,60.700,62.000,14.100
2021-12-31 11:00:00,11.720,88.000,34.300,80.000,14.100
2021-12-31 12:00:00,11.440,99.000,56.500,85.000,14.200
2021-12-31 13:00:00,11.290,87.000,44.600,77.000,14.100
2021-12-31 14:00:00,10.260,42.000,0.000,42.000,14.000
2021-12-31 15:00:00,11.290,12.000,0.000,12.000,13.200
2021-12-31 16:00:00,12.150,0.000,0.000,0.000,12.700
2021-12-31 17:00:00,12.350,0.000,0.000,0.000,12.500
2021-12-31 18:00:00,10.520,0.000,0.000,0.000,12.500
2021-12-31 19:00:00,9.560,0.000,0.000,0.000,12.500
2021-12-31 20:00:00,9.440,0.000,0.000,0.000,12.600
2021-12-31 21:00:00,9.460,0.000,0.000,0.000,12.600
2021-12-31 22:00:00,9.370,0.000,0.000,0.000,12.600
2021-12-31 23:00:00,9.420,0.000,0.000,0.000,12.600
