time,ws100,ghi,dni,dhi,t2m
2023-01-01 00:00:00,14.060,0.000,0.000,0.000,16.000
2023-01-01 01:00:00,14.260,0.000,0.000,0.000,15.800
2023-01-01 02:00:00,14.170,0.000,0.000,0.000,15.700
2023-01-01 03:00:00,13.140,0.000,0.000,0.000,16.000
2023-01-01 04:00:00,13.190,0.000,0.000,0.000,15.900
2023-01-01 05:00:00,13.350,0.000,0.000,0.000,15.600
2023-01-01 06:00:00,12.710,0.000,0.000,0.000,15.200
2023-01-01 07:00:00,12.240,0.000,0.000,0.000,15.000
2023-01-01 08:00:00,12.380,2.000,0.000,2.000,15.000
2023-01-01 09:00:00,12.000,30.000,0.000,30.000,14.800
2023-01-01 10:00:00,11.150,110.000,220.100,70.000,14.400
2023-01-01 11:00:00,10.100,130.000,141.200,97.000,14.100
2023-01-01 12:00:00,10.650,157.000,225.300,101.000,13.700
2023-01-01 13:00:00,10.070,112.000,199.700,67.000,13.600
2023-01-01 14:00:00,8.710,67.000,144.800,43.000,13.200
2023-01-01 15:00:00,7.880,27.000,78.600,21.000,12.700
2023-01-01 16:00:00,7.360,0.000,0.000,0.000,12.300
2023-01-01 17:00:00,7.140,0.000,0.000,0.000,11.400
2023-01-01 18:00:00,6.940,0.000,0.000,0.000,11.300
2023-01-01 19:00:00,6.540,0.000,0.000,0.000,11.500
2023-01-01 20:00:00,6.450,0.000,0.000,0.000,11.200
2023-01-01 21:00:00,6.360,0.000,0.000,0.000,11.000
2023-01-01 22:00:00,6.530,0.000,0.000,0.000,10.800
2023-01-01 23:00:00,6.110,0.000,0.000,0.000,11.000
2023-01-02 00:00:00,6.990,0.000,0.000,0.000,11.200
2023-01-02 01:00:00,8.230,0.000,0.000,0.000,11.800
2023-01-02 02:00:00,9.210,0.000,0.000,0.000,12.700
2023-01-02 03:00:00,9.400,0.000,0.000,0.000,13.100
2023-01-02 04:00:00,9.400,0.000,0.000,0.000,13.200
2023-01-02 05:00:00,9.710,0.000,0.000,0.000,13.500
2023-01-02 06:00:00,10.540,0.000,0.000,0.000,13.600
2023-01-02 07:00:00,11.140,0.000,0.000,0.000,13.800
2023-01-02 08:00:00,10.470,2.000,0.000,2.000,13.800
2023-01-02 09:00:00,9.900,28.000,10.300,27.000,13.900
2023-01-02 10:00:00,10.820,58.000,16.400,55.000,13.700
2023-01-02 11:00:00,10.720,55.000,8.500,53.000,13.300
2023-01-02 12:00:00,10.750,40.000,4.000,39.000,12.200
2023-01-02 13:00:00,9.710,41.000,0.000,41.000,11.300
2023-01-02 14:00:00,7.920,56.000,6.000,55.000,10.600
2023-01-02 15:00:00,7.130,24.000,0.000,24.000,9.900
2023-01-02 16:00:00,6.530,0.000,0.000,0.000,9.500
2023-01-02 17:00:00,6.420,0.000,0.000,0.000,9.100
2023-01-02 18:00:00,7.240,0.000,0.000,0.000,9.000
2023-01-02 19:00:00,8.070,0.000,0.000,0.000,8.800
2023-01-02 20:00:00,8.450,0.000,0.000,0.000,8.600
2023-01-02 21:00:00,8.650,0.000,0.000,0.000,8.200
2023-01-02 22:00:00,8.410,0.000,0.000,0.000,8.200
2023-01-02 23:00:00,7.420,0.000,0.000,0.000,7.500
2023-01-03 00:00:00,7.220,0.000,0.000,0.000,6.700
2023-01-03 01:00:00,7.320,0.000,0.000,0.000,6.300
2023-01-03 02:00:00,6.990,0.000,0.000,0.000,5.900
2023-01-03 03:00:00,6.790,0.000,0.000,0.000,5.300
2023-01-03 04:00:00,6.500,0.000,0.000,0.000,4.900
2023-01-03 05:00:00,6.180,0.000,0.000,0.000,4.400
2023-01-03 06:00:00,5.820,0.000,0.000,0.000,3.900
2023-01-03 07:00:00,5.790,0.000,0.000,0.000,3.500
2023-01-03 08:00:00,5.690,2.000,0.000,2.000,3.200
2023-01-03 09:00:00,5.640,31.000,102.400,21.000,3.900
2023-01-03 10:00:00,4.220,83.000,196.000,47.000,5.700
2023-01-03 11:00:00,3.940,142.000,317.500,67.000,6.500
2023-01-03 12:00:00,3.540,167.000,353.600,78.000,7.300
2023-01-03 13:00:00,3.160,141.000,292.500,74.000,7.800
2023-01-03 14:00:00,3.420,105.000,300.100,54.000,7.700
2023-01-03 15:00:00,4.770,39.000,215.700,22.000,6.800
2023-01-03 16:00:00,5.910,1.000,0.000,1.000,6.600
2023-01-03 17:00:00,6.620,0.000,0.000,0.000,7.100
2023-01-03 18:00:00,6.690,0.000,0.000,0.000,7.300
2023-01-03 19:00:00,7.070,0.000,0.000,0.000,6.800
2023-01-03 20:00:00,7.520,0.000,0.000,0.000,6.400
2023-01-03 21:00:00,8.130,0.000,0.000,0.000,6.200
2023-01-03 22:00:00,8.600,0.000,0.000,0.000,6.100
2023-01-03 23:00:00,8.880,0.000,0.000,0.000,6.100
2023-01-04 00:00:00,9.590,0.000,0.000,0.000,6.100
2023-01-04 01:00:00,10.050,0.000,0.000,0.000,6.200
2023-01-04 02:00:00,10.740,0.000,0.000,0.000,6.400
2023-01-04 03:00:00,11.460,0.000,0.000,0.000,6.600
2023-01-04 04:00:00,11.950,0.000,0.000,0.000,6.900
2023-01-04 05:00:00,12.790,0.000,0.000,0.000,7.300
2023-01-04 06:00:00,13.210,0.000,0.000,0.000,7.400
2023-01-04 07:00:00,13.020,0.000,0.000,0.000,8.000
2023-01-04 08:00:00,13.250,1.000,0.000,1.000,8.600
2023-01-04 09:00:00,13.150,6.000,0.000,6.000,9.300
2023-01-04 10:00:00,13.370,13.000,0.000,13.000,9.700
2023-01-04 11:00:00,13.840,26.000,0.000,26.000,10.000
2023-01-04 12:00:00,13.680,20.000,0.000,20.000,10.300
2023-01-04 13:00:00,12.730,17.000,0.000,17.000,10.700
2023-01-04 14:00:00,12.660,18.000,5.800,17.000,11.100
2023-01-04 15:00:00,13.400,13.000,0.000,13.000,11.200
2023-01-04 16:00:00,13.330,0.000,0.000,0.000,11.500
2023-01-04 17:00:00,13.580,0.000,0.000,0.000,11.700
2023-01-04 18:00:00,13.320,0.000,0.000,0.000,11.300
2023-01-04 19:00:00,13.170,0.000,0.000,0.000,11.000
2023-01-04 20:00:00,13.030,0.000,0.000,0.000,10.700
2023-01-04 21:00:00,13.490,0.000,0.000,0.000,10.600
2023-01-04 22:00:00,13.270,0.000,0.000,0.000,10.600
2023-01-04 23:00:00,12.970,0.000,0.000,0.000,10.600
2023-01-05 00:00:00,12.820,0.000,0.000,0.000,10.400
2023-01-05 01:00:00,12.840,0.000,0.000,0.000,9.900
2023-01-05 02:00:00,12.900,0.000,0.000,0.000,9.900
2023-01-05 03:00:00,12.800,0.000,0.000,0.000,9.700
2023-01-05 04:00:00,12.910,0.000,0.000,0.000,9.700
2023-01-05 05:00:00,12.500,0.000,0.000,0.000,9.500
2023-01-05 06:00:00,12.020,0.000,0.000,0.000,9.500
2023-01-05 07:00:00,11.950,0.000,0.000,0.000,9.300
2023-01-05 08:00:00,11.810,1.000,0.000,1.000,9.100
2023-01-05 09:00:00,11.400,27.000,80.400,19.000,9.000
2023-01-05 10:00:00,9.340,74.000,145.100,47.000,8.800
2023-01-05 11:00:00,8.760,124.000,263.300,61.000,9.000
2023-01-05 12:00:00,8.350,131.000,266.300,63.000,9.200
2023-01-05 13:00:00,7.620,152.000,424.300,53.000,9.300
2023-01-05 14:00:00,6.960,91.000,274.900,43.000,9.200
2023-01-05 15:00:00,6.430,33.000,156.200,20.000,8.700
2023-01-05 16:00:00,5.810,1.000,0.000,1.000,8.100
2023-01-05 17:00:00,5.510,0.000,0.000,0.000,7.800
2023-01-05 18:00:00,5.430,0.000,0.000,0.000,7.300
2023-01-05 19:00:00,5.320,0.000,0.000,0.000,7.300
2023-01-05 20:00:00,5.500,0.000,0.000,0.000,7.400
2023-01-05 21:00:00,5.400,0.000,0.000,0.000,7.400
2023-01-05 22:00:00,5.630,0.000,0.000,0.000,7.500
2023-01-05 23:00:00,5.820,0.000,0.000,0.000,7.600
2023-01-06 00:00:00,6.040,0.000,0.000,0.000,7.800
2023-01-06 01:00:00,6.530,0.000,0.000,0.000,8.000
2023-01-06 02:00:00,7.170,0.000,0.000,0.000,8.500
2023-01-06 03:00:00,7.450,0.000,0.000,0.000,8.800
2023-01-06 04:00:00,7.710,0.000,0.000,0.000,9.000
2023-01-06 05:00:00,7.780,0.000,0.000,0.000,9.300
2023-01-06 06:00:00,8.060,0.000,0.000,0.000,9.500
2023-01-06 07:00:00,8.420,0.000,0.000,0.000,9.700
2023-01-06 08:00:00,8.980,1.000,0.000,1.000,9.800
2023-01-06 09:00:00,9.910,21.000,0.000,21.000,10.200
2023-01-06 10:00:00,10.190,32.000,0.000,32.000,10.100
2023-01-06 11:00:00,10.930,29.000,0.000,29.000,10.000
2023-01-06 12:00:00,10.980,80.000,85.500,58.000,10.300
2023-01-06 13:00:00,9.440,114.000,220.700,62.000,10.500
2023-01-06 14:00:00,8.400,109.000,310.500,54.000,10.400
2023-01-06 15:00:00,8.000,41.000,209.500,23.000,9.800
2023-01-06 16:00:00,7.970,1.000,0.000,1.000,8.800
2023-01-06 17:00:00,7.660,0.000,0.000,0.000,8.400
2023-01-06 18:00:00,7.520,0.000,0.000,0.000,8.000
2023-01-06 19:00:00,7.160,0.000,0.000,0.000,8.100
2023-01-06 20:00:00,6.900,0.000,0.000,0.000,8.000
2023-01-06 21:00:00,6.410,0.000,0.000,0.000,7.600
2023-01-06 22:00:00,6.540,0.000,0.000,0.000,7.600
2023-01-06 23:00:00,6.660,0.000,0.000,0.000,7.400
2023-01-07 00:00:00,7.390,0.000,0.000,0.000,7.300
2023-01-07 01:00:00,7.580,0.000,0.000,0.000,7.700
2023-01-07 02:00:00,7.880,0.000,0.000,0.000,8.100
2023-01-07 03:00:00,8.110,0.000,0.000,0.000,8.900
2023-01-07 04:00:00,7.950,0.000,0.000,0.000,9.300
2023-01-07 05:00:00,7.760,0.000,0.000,0.000,9.400
2023-01-07 06:00:00,7.520,0.000,0.000,0.000,9.400
2023-01-07 07:00:00,7.240,0.000,0.000,0.000,9.000
2023-01-07 08:00:00,7.160,4.000,0.000,4.000,8.700
2023-01-07 09:00:00,7.080,56.000,167.100,39.000,9.000
2023-01-07 10:00:00,6.940,110.000,264.600,60.000,9.800
2023-01-07 11:00:00,6.870,137.000,119.400,108.000,10.200
2023-01-07 12:00:00,6.690,166.000,215.800,110.000,10.500
2023-01-07 13:00:00,6.740,157.000,264.700,94.000,10.700
2023-01-07 14:00:00,7.140,94.000,166.900,64.000,10.600
2023-01-07 15:00:00,7.500,42.000,146.600,29.000,10.300
2023-01-07 16:00:00,7.750,2.000,0.000,2.000,9.900
2023-01-07 17:00:00,8.370,0.000,0.000,0.000,9.600
2023-01-07 18:00:00,8.540,0.000,0.000,0.000,9.400
2023-01-07 19:00:00,8.610,0.000,0.000,0.000,9.000
2023-01-07 20:00:00,8.660,0.000,0.000,0.000,8.800
2023-01-07 21:00:00,8.880,0.000,0.000,0.000,8.600
2023-01-07 22:00:00,8.380,0.000,0.000,0.000,8.600
2023-01-07 23:00:00,8.250,0.000,0.000,0.000,8.600
2023-01-08 00:00:00,8.390,0.000,0.000,0.000,8.900
2023-01-08 01:00:00,8.380,0.000,0.000,0.000,9.200
2023-01-08 02:00:00,8.680,0.000,0.000,0.000,9.300
2023-01-08 03:00:00,8.420,0.000,0.000,0.000,9.200
2023-01-08 04:00:00,8.220,0.000,0.000,0.000,9.300
2023-01-08 05:00:00,6.960,0.000,0.000,0.000,9.200
2023-01-08 06:00:00,7.530,0.000,0.000,0.000,9.000
2023-01-08 07:00:00,7.720,0.000,0.000,0.000,8.700
2023-01-08 08:00:00,8.080,1.000,0.000,1.000,8.700
2023-01-08 09:00:00,8.300,12.000,0.000,12.000,8.700
2023-01-08 10:00:00,7.410,31.000,0.000,31.000,9.000
2023-01-08 11:00:00,7.380,102.000,53.100,89.000,9.700
2023-01-08 12:00:00,7.070,157.000,168.100,113.000,10.100
2023-01-08 13:00:00,6.360,143.000,274.400,77.000,10.400
2023-01-08 14:00:00,6.480,106.000,257.600,59.000,10.200
2023-01-08 15:00:00,7.020,40.000,142.000,27.000,9.400
2023-01-08 16:00:00,7.450,2.000,0.000,2.000,8.600
2023-01-08 17:00:00,7.810,0.000,0.000,0.000,8.500
2023-01-08 18:00:00,7.720,0.000,0.000,0.000,8.200
2023-01-08 19:00:00,7.400,0.000,0.000,0.000,7.500
2023-01-08 20:00:00,7.400,0.000,0.000,0.000,7.000
2023-01-08 21:00:00,7.320,0.000,0.000,0.000,6.900
2023-01-08 22:00:00,7.610,0.000,0.000,0.000,6.900
2023-01-08 23:00:00,7.510,0.000,0.000,0.000,6.800
2023-01-09 00:00:00,7.800,0.000,0.000,0.000,6.700
2023-01-09 01:00:00,7.500,0.000,0.000,0.000,6.500
2023-01-09 02:00:00,7.090,0.000,0.000,0.000,6.900
2023-01-09 03:00:00,6.320,0.000,0.000,0.000,6.900
2023-01-09 04:00:00,6.240,0.000,0.000,0.000,7.100
2023-01-09 05:00:00,6.500,0.000,0.000,0.000,7.200
2023-01-09 06:00:00,7.160,0.000,0.000,0.000,6.900
2023-01-09 07:00:00,7.160,0.000,0.000,0.000,6.800
2023-01-09 08:00:00,7.460,3.000,0.000,3.000,6.500
2023-01-09 09:00:00,7.500,53.000,200.900,32.000,6.600
2023-01-09 10:00:00,7.290,133.000,348.200,66.000,7.100
2023-01-09 11:00:00,5.960,152.000,295.700,79.000,7.800
2023-01-09 12:00:00,6.570,97.000,90.900,73.000,7.900
2023-01-09 13:00:00,7.380,111.000,156.300,73.000,8.100
2023-01-09 14:00:00,7.720,104.000,226.700,62.000,8.100
2023-01-09 15:00:00,7.370,37.000,105.800,27.000,7.700
2023-01-09 16:00:00,7.520,2.000,0.000,2.000,7.400
2023-01-09 17:00:00,7.790,0.000,0.000,0.000,7.200
2023-01-09 18:00:00,8.080,0.000,0.000,0.000,6.700
2023-01-09 19:00:00,8.320,0.000,0.000,0.000,6.400
2023-01-09 20:00:00,8.350,0.000,0.000,0.000,6.400
2023-01-09 21:00:00,8.280,0.000,0.000,0.000,6.400
2023-01-09 22:00:00,7.520,0.000,0.000,0.000,6.200
2023-01-09 23:00:00,7.500,0.000,0.000,0.000,5.800
2023-01-10 00:00:00,7.430,0.000,0.000,0.000,5.600
2023-01-10 01:00:00,7.540,0.000,0.000,0.000,5.600
2023-01-10 02:00:00,7.770,0.000,0.000,0.000,5.700
2023-01-10 03:00:00,8.220,0.000,0.000,0.000,5.700
2023-01-10 04:00:00,8.190,0.000,0.000,0.000,5.600
2023-01-10 05:00:00,7.810,0.000,0.000,0.000,5.400
2023-01-10 06:00:00,7.960,0.000,0.000,0.000,5.300
2023-01-10 07:00:00,7.310,0.000,0.000,0.000,5.400
2023-01-10 08:00:00,7.030,3.000,0.000,3.000,5.500
2023-01-10 09:00:00,7.550,46.000,122.500,33.000,5.900
2023-01-10 10:00:00,7.690,90.000,97.800,71.000,6.400
2023-01-10 11:00:00,9.480,86.000,20.100,81.000,6.700
2023-01-10 12:00:00,8.720,79.000,15.000,75.000,6.800
2023-01-10 13:00:00,7.210,83.000,36.600,74.000,7.000
2023-01-10 14:00:00,6.590,61.000,31.900,55.000,7.100
2023-01-10 15:00:00,7.160,43.000,123.000,31.000,7.000
2023-01-10 16:00:00,7.520,2.000,0.000,2.000,6.500
2023-01-10 17:00:00,8.030,0.000,0.000,0.000,6.300
2023-01-10 18:00:00,8.670,0.000,0.000,0.000,6.200
2023-01-10 19:00:00,9.530,0.000,0.000,0.000,6.100
2023-01-10 20:00:00,10.020,0.000,0.000,0.000,6.100
2023-01-10 21:00:00,10.790,0.000,0.000,0.000,5.700
2023-01-10 22:00:00,11.480,0.000,0.000,0.000,5.400
2023-01-10 23:00:00,11.700,0.000,0.000,0.000,5.500
2023-01-11 00:00:00,11.550,0.000,0.000,0.000,5.800
2023-01-11 01:00:00,11.610,0.000,0.000,0.000,6.100
2023-01-11 02:00:00,11.740,0.000,0.000,0.000,6.500
2023-01-11 03:00:00,11.750,0.000,0.000,0.000,6.900
2023-01-11 04:00:00,11.360,0.000,0.000,0.000,7.300
2023-01-11 05:00:00,11.090,0.000,0.000,0.000,7.700
2023-01-11 06:00:00,10.840,0.000,0.000,0.000,8.000
2023-01-11 07:00:00,10.580,0.000,0.000,0.000,8.100
2023-01-11 08:00:00,10.210,1.000,0.000,1.000,8.400
2023-01-11 09:00:00,9.520,15.000,0.000,15.000,8.700
2023-01-11 10:00:00,8.170,32.000,0.000,32.000,8.900
2023-01-11 11:00:00,8.010,36.000,0.000,36.000,9.100
2023-01-11 12:00:00,8.010,28.000,0.000,28.000,9.400
2023-01-11 13:00:00,8.190,36.000,0.000,36.000,9.400
2023-01-11 14:00:00,8.100,44.000,10.500,42.000,9.500
2023-01-11 15:00:00,8.340,34.000,19.900,32.000,9.000
2023-01-11 16:00:00,8.540,3.000,0.000,3.000,8.400
2023-01-11 17:00:00,8.420,0.000,0.000,0.000,8.000
2023-01-11 18:00:00,9.020,0.000,0.000,0.000,7.700
2023-01-11 19:00:00,9.570,0.000,0.000,0.000,7.500
2023-01-11 20:00:00,9.950,0.000,0.000,0.000,7.400
2023-01-11 21:00:00,10.320,0.000,0.000,0.000,7.300
2023-01-11 22:00:00,11.600,0.000,0.000,0.000,7.500
2023-01-11 23:00:00,11.630,0.000,0.000,0.000,7.700
2023-01-12 00:00:00,12.730,0.000,0.000,0.000,7.700
2023-01-12 01:00:00,12.400,0.000,0.000,0.000,7.800
2023-01-12 02:00:00,11.530,0.000,0.000,0.000,7.900
2023-01-12 03:00:00,11.270,0.000,0.000,0.000,8.000
2023-01-12 04:00:00,10.960,0.000,0.000,0.000,8.300
2023-01-12 05:00:00,11.630,0.000,0.000,0.000,8.400
2023-01-12 06:00:00,11.880,0.000,0.000,0.000,8.600
2023-01-12 07:00:00,12.610,0.000,0.000,0.000,8.500
2023-01-12 08:00:00,14.050,1.000,0.000,1.000,8.400
2023-01-12 09:00:00,15.140,11.000,0.000,11.000,8.300
2023-01-12 10:00:00,14.140,21.000,0.000,21.000,8.900
2023-01-12 11:00:00,13.510,29.000,3.900,28.000,9.500
2023-01-12 12:00:00,12.960,22.000,0.000,22.000,10.000
2023-01-12 13:00:00,12.590,21.000,0.000,21.000,10.300
2023-01-12 14:00:00,12.060,19.000,0.000,19.000,10.300
2023-01-12 15:00:00,11.540,10.000,9.600,9.000,10.100
2023-01-12 16:00:00,11.360,1.000,0.000,1.000,10.200
2023-01-12 17:00:00,12.110,0.000,0.000,0.000,10.200
2023-01-12 18:00:00,12.450,0.000,0.000,0.000,10.100
2023-01-12 19:00:00,12.090,0.000,0.000,0.000,10.200
2023-01-12 20:00:00,12.230,0.000,0.000,0.000,10.200
2023-01-12 21:00:00,12.640,0.000,0.000,0.000,10.200
2023-01-12 22:00:00,11.330,0.000,0.000,0.000,10.200
2023-01-12 23:00:00,11.460,0.000,0.000,0.000,10.200
2023-01-13 00:00:00,11.250,0.000,0.000,0.000,10.200
2023-01-13 01:00:00,11.110,0.000,0.000,0.000,10.100
2023-01-13 02:00:00,11.680,0.000,0.000,0.000,10.000
2023-01-13 03:00:00,11.230,0.000,0.000,0.000,9.500
2023-01-13 04:00:00,10.520,0.000,0.000,0.000,9.200
2023-01-13 05:00:00,10.070,0.000,0.000,0.000,8.500
2023-01-13 06:00:00,10.000,0.000,0.000,0.000,8.000
2023-01-13 07:00:00,10.900,0.000,0.000,0.000,7.900
2023-01-13 08:00:00,11.450,5.000,19.100,4.000,7.900
2023-01-13 09:00:00,11.220,57.000,233.200,31.000,8.200
2023-01-13 10:00:00,10.680,129.000,354.000,58.000,8.900
2023-01-13 11:00:00,12.010,165.000,347.300,76.000,9.000
2023-01-13 12:00:00,13.150,146.000,269.400,72.000,9.000
2023-01-13 13:00:00,12.490,139.000,243.500,77.000,8.700
2023-01-13 14:00:00,12.520,130.000,313.900,68.000,8.600
2023-01-13 15:00:00,11.700,58.000,196.000,37.000,8.300
2023-01-13 16:00:00,12.000,4.000,0.000,4.000,8.100
2023-01-13 17:00:00,11.960,0.000,0.000,0.000,8.000
2023-01-13 18:00:00,12.370,0.000,0.000,0.000,7.800
2023-01-13 19:00:00,12.160,0.000,0.000,0.000,7.700
2023-01-13 20:00:00,12.150,0.000,0.000,0.000,7.600
2023-01-13 21:00:00,12.210,0.000,0.000,0.000,7.400
2023-01-13 22:00:00,11.320,0.000,0.000,0.000,7.400
2023-01-13 23:00:00,10.940,0.000,0.000,0.000,7.100
2023-01-14 00:00:00,11.160,0.000,0.000,0.000,7.100
2023-01-14 01:00:00,10.530,0.000,0.000,0.000,7.000
2023-01-14 02:00:00,10.230,0.000,0.000,0.000,7.000
2023-01-14 03:00:00,10.230,0.000,0.000,0.000,7.100
2023-01-14 04:00:00,9.790,0.000,0.000,0.000,7.100
2023-01-14 05:00:00,8.910,0.000,0.000,0.000,7.100
2023-01-14 06:00:00,8.640,0.000,0.000,0.000,7.000
2023-01-14 07:00:00,8.360,0.000,0.000,0.000,6.400
2023-01-14 08:00:00,8.440,6.000,19.100,5.000,6.200
2023-01-14 09:00:00,8.710,46.000,17.600,44.000,6.600
2023-01-14 10:00:00,8.390,81.000,9.900,79.000,6.800
2023-01-14 11:00:00,9.010,86.000,3.900,85.000,7.000
2023-01-14 12:00:00,10.650,54.000,0.000,54.000,6.700
2023-01-14 13:00:00,11.560,27.000,0.000,27.000,6.700
2023-01-14 14:00:00,11.790,18.000,0.000,18.000,6.800
2023-01-14 15:00:00,12.560,6.000,0.000,6.000,7.200
2023-01-14 16:00:00,13.030,1.000,0.000,1.000,7.700
2023-01-14 17:00:00,13.350,0.000,0.000,0.000,8.300
2023-01-14 18:00:00,13.510,0.000,0.000,0.000,8.700
2023-01-14 19:00:00,13.470,0.000,0.000,0.000,9.000
2023-01-14 20:00:00,13.230,0.000,0.000,0.000,9.500
2023-01-14 21:00:00,12.900,0.000,0.000,0.000,10.100
2023-01-14 22:00:00,12.180,0.000,0.000,0.000,10.100
2023-01-14 23:00:00,11.530,0.000,0.000,0.000,10.300
2023-01-15 00:00:00,10.820,0.000,0.000,0.000,9.400
2023-01-15 01:00:00,11.150,0.000,0.000,0.000,8.300
2023-01-15 02:00:00,10.750,0.000,0.000,0.000,6.900
2023-01-15 03:00:00,10.120,0.000,0.000,0.000,6.200
2023-01-15 04:00:00,9.480,0.000,0.000,0.000,5.900
2023-01-15 05:00:00,9.870,0.000,0.000,0.000,5.800
2023-01-15 06:00:00,10.090,0.000,0.000,0.000,5.800
2023-01-15 07:00:00,10.930,0.000,0.000,0.000,5.800
2023-01-15 08:00:00,10.960,5.000,0.000,5.000,5.700
2023-01-15 09:00:00,11.540,49.000,34.600,45.000,5.900
2023-01-15 10:00:00,10.830,113.000,92.500,94.000,6.200
2023-01-15 11:00:00,10.580,155.000,206.400,101.000,6.400
2023-01-15 12:00:00,14.080,214.000,434.800,92.000,7.000
2023-01-15 13:00:00,13.750,188.000,425.400,77.000,7.000
2023-01-15 14:00:00,15.180,127.000,323.300,61.000,7.000
2023-01-15 15:00:00,15.030,63.000,219.500,38.000,7.100
2023-01-15 16:00:00,14.580,5.000,19.100,4.000,6.800
2023-01-15 17:00:00,14.120,0.000,0.000,0.000,6.500
2023-01-15 18:00:00,13.540,0.000,0.000,0.000,6.300
2023-01-15 19:00:00,12.680,0.000,0.000,0.000,6.300
2023-01-15 20:00:00,12.040,0.000,0.000,0.000,6.000
2023-01-15 21:00:00,11.340,0.000,0.000,0.000,5.800
2023-01-15 22:00:00,10.400,0.000,0.000,0.000,5.900
2023-01-15 23:00:00,9.460,0.000,0.000,0.000,5.800
2023-01-16 00:00:00,8.980,0.000,0.000,0.000,5.700
2023-01-16 01:00:00,8.490,0.000,0.000,0.000,5.600
2023-01-16 02:00:00,8.190,0.000,0.000,0.000,5.400
2023-01-16 03:00:00,8.070,0.000,0.000,0.000,4.800
2023-01-16 04:00:00,8.010,0.000,0.000,0.000,4.600
2023-01-16 05:00:00,7.960,0.000,0.000,0.000,4.200
2023-01-16 06:00:00,7.500,0.000,0.000,0.000,3.700
2023-01-16 07:00:00,7.160,0.000,0.000,0.000,3.600
2023-01-16 08:00:00,7.520,6.000,19.100,5.000,3.600
2023-01-16 09:00:00,7.860,57.000,42.400,52.000,4.400
2023-01-16 10:00:00,7.290,105.000,67.300,91.000,5.300
2023-01-16 11:00:00,7.760,144.000,75.600,124.000,5.900
2023-01-16 12:00:00,7.860,155.000,77.600,133.000,6.200
2023-01-16 13:00:00,8.680,112.000,49.200,99.000,6.300
2023-01-16 14:00:00,11.260,63.000,19.300,59.000,6.100
2023-01-16 15:00:00,10.570,27.000,0.000,27.000,5.600
2023-01-16 16:00:00,10.280,4.000,0.000,4.000,5.300
2023-01-16 17:00:00,9.650,0.000,0.000,0.000,5.300
2023-01-16 18:00:00,9.230,0.000,0.000,0.000,5.400
2023-01-16 19:00:00,9.030,0.000,0.000,0.000,5.300
2023-01-16 20:00:00,9.000,0.000,0.000,0.000,5.200
2023-01-16 21:00:00,8.820,0.000,0.000,0.000,5.200
2023-01-16 22:00:00,7.670,0.000,0.000,0.000,4.500
2023-01-16 23:00:00,7.310,0.000,0.000,0.000,3.900
2023-01-17 00:00:00,7.440,0.000,0.000,0.000,3.900
2023-01-17 01:00:00,8.180,0.000,0.000,0.000,3.600
2023-01-17 02:00:00,8.640,0.000,0.000,0.000,3.700
2023-01-17 03:00:00,10.250,0.000,0.000,0.000,3.600
2023-01-17 04:00:00,10.960,0.000,0.000,0.000,3.600
2023-01-17 05:00:00,11.150,0.000,0.000,0.000,3.000
2023-01-17 06:00:00,11.070,0.000,0.000,0.000,2.500
2023-01-17 07:00:00,10.790,0.000,0.000,0.000,2.400
2023-01-17 08:00:00,10.130,4.000,0.000,4.000,2.200
2023-01-17 09:00:00,9.560,47.000,41.600,42.000,2.100
2023-01-17 10:00:00,9.220,149.000,389.500,67.000,2.600
2023-01-17 11:00:00,7.910,205.000,501.200,71.000,3.200
2023-01-17 12:00:00,7.530,236.000,564.900,74.000,3.700
2023-01-17 13:00:00,6.630,205.000,493.300,73.000,3.600
2023-01-17 14:00:00,6.400,153.000,436.000,61.000,3.600
2023-01-17 15:00:00,5.990,78.000,355.600,35.000,3.000
2023-01-17 16:00:00,5.610,9.000,57.300,6.000,1.700
2023-01-17 17:00:00,5.800,0.000,0.000,0.000,0.700
2023-01-17 18:00:00,6.160,0.000,0.000,0.000,-0.200
2023-01-17 19:00:00,5.810,0.000,0.000,0.000,-1.500
2023-01-17 20:00:00,5.330,0.000,0.000,0.000,-1.800
2023-01-17 21:00:00,5.380,0.000,0.000,0.000,-1.700
2023-01-17 22:00:00,5.460,0.000,0.000,0.000,-1.300
2023-01-17 23:00:00,5.250,0.000,0.000,0.000,-1.800
2023-01-18 00:00:00,4.610,0.000,0.000,0.000,-2.600
2023-01-18 01:00:00,4.000,0.000,0.000,0.000,-3.100
2023-01-18 02:00:00,3.910,0.000,0.000,0.000,-3.600
2023-01-18 03:00:00,4.320,0.000,0.000,0.000,-3.600
2023-01-18 04:00:00,3.570,0.000,0.000,0.000,-3.400
2023-01-18 05:00:00,2.970,0.000,0.000,0.000,-3.800
2023-01-18 06:00:00,2.970,0.000,0.000,0.000,-4.000
2023-01-18 07:00:00,3.720,0.000,0.000,0.000,-3.900
2023-01-18 08:00:00,4.090,8.000,0.000,8.000,-3.700
2023-01-18 09:00:00,3.910,66.000,105.900,53.000,-2.300
2023-01-18 10:00:00,4.280,124.000,131.300,96.000,-1.100
2023-01-18 11:00:00,3.760,149.000,77.700,128.000,-0.100
2023-01-18 12:00:00,3.960,178.000,137.900,138.000,0.800
2023-01-18 13:00:00,3.890,174.000,166.000,129.000,1.500
2023-01-18 14:00:00,4.280,139.000,209.700,94.000,1.700
2023-01-18 15:00:00,5.160,78.000,240.900,48.000,1.400
2023-01-18 16:00:00,6.160,10.000,57.300,7.000,0.600
2023-01-18 17:00:00,6.810,0.000,0.000,0.000,-0.100
2023-01-18 18:00:00,7.290,0.000,0.000,0.000,-0.100
2023-01-18 19:00:00,7.850,0.000,0.000,0.000,-0.200
2023-01-18 20:00:00,8.510,0.000,0.000,0.000,-0.200
2023-01-18 21:00:00,8.900,0.000,0.000,0.000,-0.200
2023-01-18 22:00:00,8.770,0.000,0.000,0.000,-0.400
2023-01-18 23:00:00,9.040,0.000,0.000,0.000,-0.300
2023-01-19 00:00:00,9.400,0.000,0.000,0.000,-0.200
2023-01-19 01:00:00,9.540,0.000,0.000,0.000,0.100
2023-01-19 02:00:00,9.500,0.000,0.000,0.000,0.400
2023-01-19 03:00:00,9.520,0.000,0.000,0.000,0.400
2023-01-19 04:00:00,9.490,0.000,0.000,0.000,0.700
2023-01-19 05:00:00,9.460,0.000,0.000,0.000,0.900
2023-01-19 06:00:00,9.350,0.000,0.000,0.000,1.000
2023-01-19 07:00:00,9.190,0.000,0.000,0.000,1.100
2023-01-19 08:00:00,8.990,5.000,0.000,5.000,1.200
2023-01-19 09:00:00,8.600,36.000,23.900,33.000,1.300
2023-01-19 10:00:00,7.030,72.000,23.100,67.000,1.300
2023-01-19 11:00:00,6.790,104.000,18.300,99.000,1.500
2023-01-19 12:00:00,5.600,131.000,40.900,119.000,1.800
2023-01-19 13:00:00,5.460,118.000,51.000,104.000,1.900
2023-01-19 14:00:00,6.170,78.000,45.800,68.000,2.300
2023-01-19 15:00:00,6.790,59.000,101.400,46.000,2.700
2023-01-19 16:00:00,7.120,7.000,0.000,7.000,2.300
2023-01-19 17:00:00,7.260,0.000,0.000,0.000,2.100
2023-01-19 18:00:00,7.250,0.000,0.000,0.000,1.800
2023-01-19 19:00:00,7.020,0.000,0.000,0.000,1.100
2023-01-19 20:00:00,6.760,0.000,0.000,0.000,0.600
2023-01-19 21:00:00,6.670,0.000,0.000,0.000,0.200
2023-01-19 22:00:00,6.220,0.000,0.000,0.000,-0.300
2023-01-19 23:00:00,6.080,0.000,0.000,0.000,-0.600
2023-01-20 00:00:00,6.070,0.000,0.000,0.000,-0.900
2023-01-20 01:00:00,5.860,0.000,0.000,0.000,-1.200
2023-01-20 02:00:00,5.870,0.000,0.000,0.000,-1.600
2023-01-20 03:00:00,6.160,0.000,0.000,0.000,-1.700
2023-01-20 04:00:00,6.200,0.000,0.000,0.000,-1.900
2023-01-20 05:00:00,6.160,0.000,0.000,0.000,-1.700
2023-01-20 06:00:00,5.820,0.000,0.000,0.000,-1.500
2023-01-20 07:00:00,5.420,0.000,0.000,0.000,-1.600
2023-01-20 08:00:00,5.260,11.000,76.400,7.000,-1.600
2023-01-20 09:00:00,4.780,82.000,320.000,41.000,-0.700
2023-01-20 10:00:00,3.670,156.000,369.400,75.000,0.700
2023-01-20 11:00:00,3.260,201.000,404.600,89.000,1.500
2023-01-20 12:00:00,2.480,177.000,195.300,119.000,1.800
2023-01-20 13:00:00,2.200,128.000,111.400,97.000,2.000
2023-01-20 14:00:00,1.280,88.000,40.500,79.000,2.100
2023-01-20 15:00:00,0.000,53.000,53.000,46.000,1.900
2023-01-20 16:00:00,1.280,7.000,19.100,6.000,1.100
2023-01-20 17:00:00,2.340,0.000,0.000,0.000,-0.100
2023-01-20 18:00:00,3.020,0.000,0.000,0.000,-0.800
2023-01-20 19:00:00,3.310,0.000,0.000,0.000,-1.500
2023-01-20 20:00:00,3.490,0.000,0.000,0.000,-1.900
2023-01-20 21:00:00,3.640,0.000,0.000,0.000,-2.300
2023-01-20 22:00:00,4.040,0.000,0.000,0.000,-2.700
2023-01-20 23:00:00,4.240,0.000,0.000,0.000,-2.300
2023-01-21 00:00:00,3.840,0.000,0.000,0.000,-2.600
2023-01-21 01:00:00,3.160,0.000,0.000,0.000,-2.500
2023-01-21 02:00:00,2.900,0.000,0.000,0.000,-2.200
2023-01-21 03:00:00,2.730,0.000,0.000,0.000,-2.400
2023-01-21 04:00:00,2.820,0.000,0.000,0.000,-2.300
2023-01-21 05:00:00,2.820,0.000,0.000,0.000,-1.700
2023-01-21 06:00:00,3.090,0.000,0.000,0.000,-1.600
2023-01-21 07:00:00,3.880,0.000,0.000,0.000,-0.800
2023-01-21 08:00:00,4.420,7.000,38.200,5.000,-0.800
2023-01-21 09:00:00,4.630,47.000,129.700,30.000,-0.400
2023-01-21 10:00:00,4.560,104.000,197.800,60.000,-0.000
2023-01-21 11:00:00,5.350,145.000,157.000,101.000,0.600
2023-01-21 12:00:00,5.830,127.000,69.900,106.000,1.200
2023-01-21 13:00:00,5.630,114.000,31.900,105.000,1.700
2023-01-21 14:00:00,5.410,94.000,39.800,85.000,2.000
2023-01-21 15:00:00,6.750,51.000,44.100,45.000,2.000
2023-01-21 16:00:00,7.920,9.000,0.000,9.000,1.900
2023-01-21 17:00:00,8.410,0.000,0.000,0.000,1.800
2023-01-21 18:00:00,8.630,0.000,0.000,0.000,1.700
2023-01-21 19:00:00,8.850,0.000,0.000,0.000,1.600
2023-01-21 20:00:00,9.100,0.000,0.000,0.000,1.400
2023-01-21 21:00:00,9.070,0.000,0.000,0.000,1.300
2023-01-21 22:00:00,8.760,0.000,0.000,0.000,1.200
2023-01-21 23:00:00,9.170,0.000,0.000,0.000,1.100
2023-01-22 00:00:00,9.080,0.000,0.000,0.000,1.100
2023-01-22 01:00:00,8.750,0.000,0.000,0.000,1.000
2023-01-22 02:00:00,7.870,0.000,0.000,0.000,1.100
2023-01-22 03:00:00,7.750,0.000,0.000,0.000,1.200
2023-01-22 04:00:00,7.710,0.000,0.000,0.000,1.200
2023-01-22 05:00:00,7.790,0.000,0.000,0.000,1.200
2023-01-22 06:00:00,7.490,0.000,0.000,0.000,1.400
2023-01-22 07:00:00,7.000,0.000,0.000,0.000,1.400
2023-01-22 08:00:00,6.420,3.000,0.000,3.000,1.300
2023-01-22 09:00:00,6.060,20.000,0.000,20.000,1.300
2023-01-22 10:00:00,4.550,52.000,0.000,52.000,1.400
2023-01-22 11:00:00,5.090,77.000,0.000,77.000,1.700
2023-01-22 12:00:00,5.610,97.000,26.300,89.000,2.000
2023-01-22 13:00:00,5.740,81.000,21.000,75.000,2.100
2023-01-22 14:00:00,4.440,58.000,30.500,51.000,2.000
2023-01-22 15:00:00,4.050,22.000,0.000,22.000,1.900
2023-01-22 16:00:00,4.380,5.000,0.000,5.000,1.900
2023-01-22 17:00:00,4.470,0.000,0.000,0.000,1.900
2023-01-22 18:00:00,4.750,0.000,0.000,0.000,1.800
2023-01-22 19:00:00,4.890,0.000,0.000,0.000,1.800
2023-01-22 20:00:00,4.850,0.000,0.000,0.000,1.800
2023-01-22 21:00:00,4.600,0.000,0.000,0.000,1.900
2023-01-22 22:00:00,3.980,0.000,0.000,0.000,1.900
2023-01-22 23:00:00,4.020,0.000,0.000,0.000,1.800
2023-01-23 00:00:00,4.160,0.000,0.000,0.000,1.700
2023-01-23 01:00:00,4.360,0.000,0.000,0.000,1.800
2023-01-23 02:00:00,4.620,0.000,0.000,0.000,1.800
2023-01-23 03:00:00,4.700,0.000,0.000,0.000,1.800
2023-01-23 04:00:00,4.520,0.000,0.000,0.000,1.800
2023-01-23 05:00:00,4.320,0.000,0.000,0.000,1.800
2023-01-23 06:00:00,3.990,0.000,0.000,0.000,1.900
2023-01-23 07:00:00,4.180,0.000,0.000,0.000,1.900
2023-01-23 08:00:00,3.930,6.000,0.000,6.000,1.700
2023-01-23 09:00:00,3.910,41.000,29.200,37.000,1.900
2023-01-23 10:00:00,2.840,75.000,48.000,64.000,2.100
2023-01-23 11:00:00,3.210,70.000,7.000,68.000,2.100
2023-01-23 12:00:00,3.440,81.000,9.700,78.000,2.200
2023-01-23 13:00:00,3.350,59.000,3.400,58.000,2.300
2023-01-23 14:00:00,3.450,63.000,34.200,55.000,2.400
2023-01-23 15:00:00,4.000,25.000,0.000,25.000,2.300
2023-01-23 16:00:00,4.430,7.000,0.000,7.000,2.500
2023-01-23 17:00:00,4.790,0.000,0.000,0.000,2.500
2023-01-23 18:00:00,4.770,0.000,0.000,0.000,2.500
2023-01-23 19:00:00,4.710,0.000,0.000,0.000,2.300
2023-01-23 20:00:00,4.840,0.000,0.000,0.000,2.000
2023-01-23 21:00:00,4.680,0.000,0.000,0.000,1.800
2023-01-23 22:00:00,4.850,0.000,0.000,0.000,2.200
2023-01-23 23:00:00,4.770,0.000,0.000,0.000,2.100
2023-01-24 00:00:00,4.460,0.000,0.000,0.000,2.100
2023-01-24 01:00:00,4.550,0.000,0.000,0.000,2.100
2023-01-24 02:00:00,4.720,0.000,0.000,0.000,2.100
2023-01-24 03:00:00,4.540,0.000,0.000,0.000,2.000
2023-01-24 04:00:00,4.160,0.000,0.000,0.000,1.900
2023-01-24 05:00:00,3.910,0.000,0.000,0.000,1.700
2023-01-24 06:00:00,4.110,0.000,0.000,0.000,1.500
2023-01-24 07:00:00,4.440,0.000,0.000,0.000,1.400
2023-01-24 08:00:00,4.330,8.000,17.900,7.000,1.300
2023-01-24 09:00:00,3.520,55.000,142.400,35.000,1.200
2023-01-24 10:00:00,3.500,131.000,240.700,75.000,1.400
2023-01-24 11:00:00,3.420,161.000,226.600,95.000,1.400
2023-01-24 12:00:00,3.210,203.000,342.700,96.000,1.400
2023-01-24 13:00:00,3.110,139.000,102.000,109.000,1.300
2023-01-24 14:00:00,3.200,103.000,29.400,96.000,1.200
2023-01-24 15:00:00,3.220,58.000,33.700,53.000,1.100
2023-01-24 16:00:00,3.130,10.000,0.000,10.000,1.000
2023-01-24 17:00:00,3.140,0.000,0.000,0.000,0.900
2023-01-24 18:00:00,3.070,0.000,0.000,0.000,0.600
2023-01-24 19:00:00,3.050,0.000,0.000,0.000,-0.000
2023-01-24 20:00:00,3.050,0.000,0.000,0.000,-0.100
2023-01-24 21:00:00,2.890,0.000,0.000,0.000,-0.100
2023-01-24 22:00:00,3.010,0.000,0.000,0.000,-0.000
2023-01-24 23:00:00,3.040,0.000,0.000,0.000,-0.300
2023-01-25 00:00:00,3.160,0.000,0.000,0.000,-0.700
2023-01-25 01:00:00,3.050,0.000,0.000,0.000,-0.600
2023-01-25 02:00:00,3.040,0.000,0.000,0.000,-0.600
2023-01-25 03:00:00,2.840,0.000,0.000,0.000,-0.700
2023-01-25 04:00:00,2.580,0.000,0.000,0.000,-1.100
2023-01-25 05:00:00,2.550,0.000,0.000,0.000,-0.700
2023-01-25 06:00:00,2.520,0.000,0.000,0.000,-0.800
2023-01-25 07:00:00,2.340,0.000,0.000,0.000,-0.600
2023-01-25 08:00:00,2.400,11.000,52.100,8.000,-0.600
2023-01-25 09:00:00,2.250,66.000,173.700,41.000,-0.700
2023-01-25 10:00:00,2.440,100.000,84.600,80.000,-0.500
2023-01-25 11:00:00,2.840,127.000,64.400,108.000,-0.500
2023-01-25 12:00:00,3.000,145.000,50.600,129.000,-0.600
2023-01-25 13:00:00,3.020,136.000,53.600,120.000,-0.600
2023-01-25 14:00:00,2.920,106.000,66.000,90.000,-0.800
2023-01-25 15:00:00,2.690,62.000,39.400,56.000,-0.800
2023-01-25 16:00:00,2.590,12.000,15.900,11.000,-0.900
2023-01-25 17:00:00,2.840,0.000,0.000,0.000,-1.000
2023-01-25 18:00:00,3.040,0.000,0.000,0.000,-1.100
2023-01-25 19:00:00,3.370,0.000,0.000,0.000,-1.300
2023-01-25 20:00:00,3.490,0.000,0.000,0.000,-1.600
2023-01-25 21:00:00,3.260,0.000,0.000,0.000,-1.900
2023-01-25 22:00:00,3.320,0.000,0.000,0.000,-2.300
2023-01-25 23:00:00,3.240,0.000,0.000,0.000,-2.400
2023-01-26 00:00:00,2.700,0.000,0.000,0.000,-2.600
2023-01-26 01:00:00,2.610,0.000,0.000,0.000,-2.500
2023-01-26 02:00:00,2.220,0.000,0.000,0.000,-2.400
2023-01-26 03:00:00,1.990,0.000,0.000,0.000,-2.200
2023-01-26 04:00:00,2.150,0.000,0.000,0.000,-2.000
2023-01-26 05:00:00,2.180,0.000,0.000,0.000,-1.900
2023-01-26 06:00:00,2.520,0.000,0.000,0.000,-1.700
2023-01-26 07:00:00,2.400,0.000,0.000,0.000,-1.500
2023-01-26 08:00:00,2.320,5.000,0.000,5.000,-1.400
2023-01-26 09:00:00,2.600,20.000,0.000,20.000,-1.400
2023-01-26 10:00:00,2.450,34.000,4.200,33.000,-1.300
2023-01-26 11:00:00,2.320,52.000,0.000,52.000,-1.200
2023-01-26 12:00:00,2.000,57.000,0.000,57.000,-0.800
2023-01-26 13:00:00,2.280,72.000,9.900,69.000,-0.400
2023-01-26 14:00:00,2.820,40.000,4.100,39.000,-0.300
2023-01-26 15:00:00,2.750,26.000,31.900,21.000,-0.000
2023-01-26 16:00:00,2.410,6.000,0.000,6.000,0.100
2023-01-26 17:00:00,2.600,0.000,0.000,0.000,0.300
2023-01-26 18:00:00,3.420,0.000,0.000,0.000,0.700
2023-01-26 19:00:00,4.110,0.000,0.000,0.000,1.300
2023-01-26 20:00:00,4.470,0.000,0.000,0.000,1.600
2023-01-26 21:00:00,4.900,0.000,0.000,0.000,2.000
2023-01-26 22:00:00,5.410,0.000,0.000,0.000,1.800
2023-01-26 23:00:00,5.190,0.000,0.000,0.000,2.000
2023-01-27 00:00:00,5.310,0.000,0.000,0.000,2.300
2023-01-27 01:00:00,5.520,0.000,0.000,0.000,2.600
2023-01-27 02:00:00,5.640,0.000,0.000,0.000,2.800
2023-01-27 03:00:00,5.640,0.000,0.000,0.000,2.900
2023-01-27 04:00:00,5.950,0.000,0.000,0.000,3.100
2023-01-27 05:00:00,6.450,0.000,0.000,0.000,3.200
2023-01-27 06:00:00,6.660,0.000,0.000,0.000,3.300
2023-01-27 07:00:00,6.990,0.000,0.000,0.000,3.300
2023-01-27 08:00:00,7.130,3.000,0.000,3.000,3.300
2023-01-27 09:00:00,7.020,19.000,0.000,19.000,3.200
2023-01-27 10:00:00,6.620,53.000,16.400,49.000,3.500
2023-01-27 11:00:00,6.800,59.000,13.200,55.000,3.400
2023-01-27 12:00:00,6.550,86.000,24.600,78.000,3.400
2023-01-27 13:00:00,6.520,80.000,13.000,76.000,3.400
2023-01-27 14:00:00,6.300,79.000,23.900,73.000,3.300
2023-01-27 15:00:00,5.740,35.000,37.200,29.000,3.000
2023-01-27 16:00:00,5.690,8.000,0.000,8.000,2.500
2023-01-27 17:00:00,5.690,0.000,0.000,0.000,2.300
2023-01-27 18:00:00,5.580,0.000,0.000,0.000,2.000
2023-01-27 19:00:00,5.440,0.000,0.000,0.000,1.800
2023-01-27 20:00:00,5.220,0.000,0.000,0.000,1.700
2023-01-27 21:00:00,4.960,0.000,0.000,0.000,1.500
2023-01-27 22:00:00,3.840,0.000,0.000,0.000,1.200
2023-01-27 23:00:00,3.610,0.000,0.000,0.000,0.800
2023-01-28 00:00:00,3.810,0.000,0.000,0.000,0.600
2023-01-28 01:00:00,4.020,0.000,0.000,0.000,0.500
2023-01-28 02:00:00,3.610,0.000,0.000,0.000,0.600
2023-01-28 03:00:00,3.340,0.000,0.000,0.000,0.500
2023-01-28 04:00:00,3.030,0.000,0.000,0.000,0.400
2023-01-28 05:00:00,3.000,0.000,0.000,0.000,0.000
2023-01-28 06:00:00,2.610,0.000,0.000,0.000,-0.100
2023-01-28 07:00:00,1.730,0.000,0.000,0.000,-0.700
2023-01-28 08:00:00,1.750,13.000,47.500,10.000,-0.500
2023-01-28 09:00:00,2.560,67.000,135.700,46.000,0.200
2023-01-28 10:00:00,2.700,143.000,254.100,80.000,0.500
2023-01-28 11:00:00,2.620,169.000,195.200,109.000,0.600
2023-01-28 12:00:00,1.970,175.000,145.900,127.000,0.800
2023-01-28 13:00:00,2.000,213.000,311.500,116.000,1.000
2023-01-28 14:00:00,2.470,162.000,297.300,86.000,1.100
2023-01-28 15:00:00,3.110,94.000,181.100,64.000,0.800
2023-01-28 16:00:00,3.510,22.000,86.100,16.000,0.500
2023-01-28 17:00:00,4.210,0.000,0.000,0.000,-0.200
2023-01-28 18:00:00,4.740,0.000,0.000,0.000,-1.000
2023-01-28 19:00:00,5.240,0.000,0.000,0.000,-1.000
2023-01-28 20:00:00,5.610,0.000,0.000,0.000,-0.900
2023-01-28 21:00:00,5.680,0.000,0.000,0.000,-0.600
2023-01-28 22:00:00,6.070,0.000,0.000,0.000,-0.200
2023-01-28 23:00:00,6.020,0.000,0.000,0.000,-0.200
2023-01-29 00:00:00,6.390,0.000,0.000,0.000,-0.200
2023-01-29 01:00:00,6.510,0.000,0.000,0.000,-0.100
2023-01-29 02:00:00,6.380,0.000,0.000,0.000,-0.200
2023-01-29 03:00:00,6.610,0.000,0.000,0.000,-0.100
2023-01-29 04:00:00,6.930,0.000,0.000,0.000,-0.100
2023-01-29 05:00:00,7.020,0.000,0.000,0.000,0.000
2023-01-29 06:00:00,7.130,0.000,0.000,0.000,0.100
2023-01-29 07:00:00,7.150,0.000,0.000,0.000,0.300
2023-01-29 08:00:00,7.510,5.000,0.000,5.000,0.400
2023-01-29 09:00:00,7.740,23.000,0.000,23.000,0.700
2023-01-29 10:00:00,6.860,78.000,23.800,72.000,1.000
2023-01-29 11:00:00,7.130,147.000,109.100,113.000,1.700
2023-01-29 12:00:00,8.100,192.000,218.900,119.000,2.100
2023-01-29 13:00:00,7.790,154.000,215.300,86.000,2.300
2023-01-29 14:00:00,8.290,135.000,253.600,69.000,2.400
2023-01-29 15:00:00,8.610,54.000,76.400,41.000,2.200
2023-01-29 16:00:00,9.100,10.000,0.000,10.000,1.900
2023-01-29 17:00:00,9.600,0.000,0.000,0.000,1.600
2023-01-29 18:00:00,10.040,0.000,0.000,0.000,1.500
2023-01-29 19:00:00,10.490,0.000,0.000,0.000,1.400
2023-01-29 20:00:00,10.860,0.000,0.000,0.000,1.600
2023-01-29 21:00:00,11.040,0.000,0.000,0.000,1.600
2023-01-29 22:00:00,10.960,0.000,0.000,0.000,2.000
2023-01-29 23:00:00,11.140,0.000,0.000,0.000,2.200
2023-01-30 00:00:00,11.540,0.000,0.000,0.000,2.400
2023-01-30 01:00:00,12.080,0.000,0.000,0.000,2.700
2023-01-30 02:00:00,12.540,0.000,0.000,0.000,3.100
2023-01-30 03:00:00,12.800,0.000,0.000,0.000,3.700
2023-01-30 04:00:00,12.830,0.000,0.000,0.000,4.000
2023-01-30 05:00:00,12.810,0.000,0.000,0.000,4.500
2023-01-30 06:00:00,12.300,0.000,0.000,0.000,5.100
2023-01-30 07:00:00,12.310,0.000,0.000,0.000,5.400
2023-01-30 08:00:00,12.710,10.000,59.600,6.000,5.100
2023-01-30 09:00:00,12.290,74.000,172.400,46.000,5.100
2023-01-30 10:00:00,12.210,161.000,351.300,71.000,5.900
2023-01-30 11:00:00,13.410,181.000,278.500,93.000,5.500
2023-01-30 12:00:00,12.300,154.000,130.200,110.000,5.900
2023-01-30 13:00:00,11.900,73.000,9.400,70.000,5.900
2023-01-30 14:00:00,14.480,98.000,109.500,69.000,5.200
2023-01-30 15:00:00,13.660,80.000,166.000,51.000,5.600
2023-01-30 16:00:00,13.180,17.000,80.600,11.000,5.800
2023-01-30 17:00:00,12.460,0.000,0.000,0.000,5.600
2023-01-30 18:00:00,12.150,0.000,0.000,0.000,5.500
2023-01-30 19:00:00,11.550,0.000,0.000,0.000,5.300
2023-01-30 20:00:00,11.450,0.000,0.000,0.000,5.200
2023-01-30 21:00:00,11.450,0.000,0.000,0.000,5.100
2023-01-30 22:00:00,11.330,0.000,0.000,0.000,4.500
2023-01-30 23:00:00,10.690,0.000,0.000,0.000,4.300
2023-01-31 00:00:00,10.430,0.000,0.000,0.000,4.200
2023-01-31 01:00:00,10.180,0.000,0.000,0.000,4.200
2023-01-31 02:00:00,10.010,0.000,0.000,0.000,4.200
2023-01-31 03:00:00,9.910,0.000,0.000,0.000,4.100
2023-01-31 04:00:00,9.820,0.000,0.000,0.000,3.700
2023-01-31 05:00:00,10.030,0.000,0.000,0.000,3.600
2023-01-31 06:00:00,9.920,0.000,0.000,0.000,3.500
2023-01-31 07:00:00,9.680,0.000,0.000,0.000,3.400
2023-01-31 08:00:00,10.120,15.000,57.800,11.000,4.000
2023-01-31 09:00:00,10.700,42.000,30.000,37.000,4.700
2023-01-31 10:00:00,10.700,48.000,11.500,45.000,5.000
2023-01-31 11:00:00,11.560,34.000,0.000,34.000,4.900
2023-01-31 12:00:00,11.980,65.000,5.800,63.000,5.200
2023-01-31 13:00:00,12.310,58.000,3.100,57.000,5.200
2023-01-31 14:00:00,11.990,21.000,0.000,21.000,5.200
2023-01-31 15:00:00,12.060,13.000,0.000,13.000,5.700
2023-01-31 16:00:00,12.460,8.000,0.000,8.000,6.400
2023-01-31 17:00:00,12.670,0.000,0.000,0.000,6.700
2023-01-31 18:00:00,12.700,0.000,0.000,0.000,6.600
2023-01-31 19:00:00,12.230,0.000,0.000,0.000,6.300
2023-01-31 20:00:00,12.340,0.000,0.000,0.000,6.100
2023-01-31 21:00:00,12.410,0.000,0.000,0.000,5.800
2023-01-31 22:00:00,12.400,0.000,0.000,0.000,5.300
2023-01-31 23:00:00,12.200,0.000,0.000,0.000,5.200
2023-02-01 00:00:00,12.300,0.000,0.000,0.000,5.200
2023-02-01 01:00:00,11.510,0.000,0.000,0.000,5.400
2023-02-01 02:00:00,11.130,0.000,0.000,0.000,5.300
2023-02-01 03:00:00,11.670,0.000,0.000,0.000,5.200
2023-02-01 04:00:00,11.940,0.000,0.000,0.000,5.000
2023-02-01 05:00:00,12.390,0.000,0.000,0.000,4.800
2023-02-01 06:00:00,12.470,0.000,0.000,0.000,4.600
2023-02-01 07:00:00,12.570,0.000,0.000,0.000,4.700
2023-02-01 08:00:00,12.300,11.000,14.000,10.000,4.900
2023-02-01 09:00:00,12.100,42.000,46.900,34.000,5.300
2023-02-01 10:00:00,11.710,70.000,30.200,62.000,6.000
2023-02-01 11:00:00,11.960,86.000,33.900,75.000,6.300
2023-02-01 12:00:00,13.240,119.000,25.900,110.000,6.300
2023-02-01 13:00:00,13.050,75.000,3.000,74.000,5.000
2023-02-01 14:00:00,13.600,29.000,0.000,29.000,4.000
2023-02-01 15:00:00,14.220,27.000,0.000,27.000,4.400
2023-02-01 16:00:00,12.500,14.000,25.200,12.000,4.400
2023-02-01 17:00:00,11.720,0.000,0.000,0.000,4.600
2023-02-01 18:00:00,11.670,0.000,0.000,0.000,4.500
2023-02-01 19:00:00,11.850,0.000,0.000,0.000,4.200
2023-02-01 20:00:00,12.180,0.000,0.000,0.000,4.500
2023-02-01 21:00:00,12.430,0.000,0.000,0.000,4.500
2023-02-01 22:00:00,11.890,0.000,0.000,0.000,4.800
2023-02-01 23:00:00,12.490,0.000,0.000,0.000,4.900
2023-02-02 00:00:00,12.660,0.000,0.000,0.000,5.200
2023-02-02 01:00:00,12.760,0.000,0.000,0.000,5.200
2023-02-02 02:00:00,12.690,0.000,0.000,0.000,5.100
2023-02-02 03:00:00,11.790,0.000,0.000,0.000,4.900
2023-02-02 04:00:00,11.160,0.000,0.000,0.000,4.800
2023-02-02 05:00:00,10.480,0.000,0.000,0.000,4.700
2023-02-02 06:00:00,9.710,0.000,0.000,0.000,4.700
2023-02-02 07:00:00,9.150,0.000,0.000,0.000,4.600
2023-02-02 08:00:00,8.440,14.000,0.000,14.000,4.400
2023-02-02 09:00:00,7.960,74.000,28.600,69.000,4.800
2023-02-02 10:00:00,7.690,136.000,92.900,111.000,5.400
2023-02-02 11:00:00,7.430,139.000,100.100,106.000,5.900
2023-02-02 12:00:00,6.710,193.000,224.500,114.000,6.200
2023-02-02 13:00:00,6.180,179.000,146.400,130.000,6.400
2023-02-02 14:00:00,6.040,149.000,118.300,116.000,6.500
2023-02-02 15:00:00,6.310,88.000,58.300,77.000,6.100
2023-02-02 16:00:00,5.900,27.000,36.700,24.000,5.100
2023-02-02 17:00:00,5.750,0.000,0.000,0.000,4.300
2023-02-02 18:00:00,5.680,0.000,0.000,0.000,3.900
2023-02-02 19:00:00,4.960,0.000,0.000,0.000,3.700
2023-02-02 20:00:00,4.750,0.000,0.000,0.000,3.600
2023-02-02 21:00:00,5.920,0.000,0.000,0.000,3.500
2023-02-02 22:00:00,6.600,0.000,0.000,0.000,4.400
2023-02-02 23:00:00,8.230,0.000,0.000,0.000,5.800
2023-02-03 00:00:00,9.780,0.000,0.000,0.000,6.900
2023-02-03 01:00:00,10.670,0.000,0.000,0.000,7.200
2023-02-03 02:00:00,11.680,0.000,0.000,0.000,7.300
2023-02-03 03:00:00,12.300,0.000,0.000,0.000,7.700
2023-02-03 04:00:00,12.650,0.000,0.000,0.000,8.000
2023-02-03 05:00:00,13.140,0.000,0.000,0.000,8.300
2023-02-03 06:00:00,13.560,0.000,0.000,0.000,8.200
2023-02-03 07:00:00,13.920,0.000,0.000,0.000,8.200
2023-02-03 08:00:00,14.160,4.000,0.000,4.000,8.200
2023-02-03 09:00:00,14.700,13.000,0.000,13.000,8.400
2023-02-03 10:00:00,15.260,21.000,0.000,21.000,8.600
2023-02-03 11:00:00,14.900,53.000,6.000,51.000,8.500
2023-02-03 12:00:00,14.680,103.000,39.300,89.000,8.300
2023-02-03 13:00:00,13.930,156.000,112.000,118.000,8.600
2023-02-03 14:00:00,14.280,138.000,116.300,105.000,8.600
2023-02-03 15:00:00,14.340,78.000,56.900,67.000,8.400
2023-02-03 16:00:00,13.670,21.000,0.000,21.000,8.000
2023-02-03 17:00:00,13.190,0.000,0.000,0.000,7.500
2023-02-03 18:00:00,13.200,0.000,0.000,0.000,7.200
2023-02-03 19:00:00,13.240,0.000,0.000,0.000,6.800
2023-02-03 20:00:00,12.980,0.000,0.000,0.000,6.700
2023-02-03 21:00:00,12.700,0.000,0.000,0.000,6.800
2023-02-03 22:00:00,10.900,0.000,0.000,0.000,6.600
2023-02-03 23:00:00,9.540,0.000,0.000,0.000,6.400
2023-02-04 00:00:00,8.170,0.000,0.000,0.000,5.600
2023-02-04 01:00:00,7.140,0.000,0.000,0.000,4.800
2023-02-04 02:00:00,5.800,0.000,0.000,0.000,4.100
2023-02-04 03:00:00,5.100,0.000,0.000,0.000,3.600
2023-02-04 04:00:00,4.730,0.000,0.000,0.000,3.000
2023-02-04 05:00:00,4.330,0.000,0.000,0.000,2.400
2023-02-04 06:00:00,4.190,0.000,0.000,0.000,2.100
2023-02-04 07:00:00,4.180,0.000,0.000,0.000,1.500
2023-02-04 08:00:00,4.120,24.000,89.800,17.000,1.800
2023-02-04 09:00:00,3.520,88.000,141.900,62.000,2.700
2023-02-04 10:00:00,2.470,148.000,169.000,101.000,3.400
2023-02-04 11:00:00,1.580,195.000,147.600,145.000,4.000
2023-02-04 12:00:00,0.940,237.000,232.400,153.000,4.400
2023-02-04 13:00:00,0.850,214.000,171.400,155.000,4.700
2023-02-04 14:00:00,0.640,187.000,228.700,121.000,4.700
2023-02-04 15:00:00,0.610,110.000,151.400,80.000,4.500
2023-02-04 16:00:00,1.500,37.000,103.600,28.000,3.500
2023-02-04 17:00:00,2.200,0.000,0.000,0.000,2.500
2023-02-04 18:00:00,2.600,0.000,0.000,0.000,1.700
2023-02-04 19:00:00,3.010,0.000,0.000,0.000,0.900
2023-02-04 20:00:00,3.710,0.000,0.000,0.000,1.200
2023-02-04 21:00:00,4.540,0.000,0.000,0.000,0.500
2023-02-04 22:00:00,5.250,0.000,0.000,0.000,-0.500
2023-02-04 23:00:00,5.500,0.000,0.000,0.000,-0.700
2023-02-05 00:00:00,5.830,0.000,0.000,0.000,-0.800
2023-02-05 01:00:00,6.510,0.000,0.000,0.000,-0.900
2023-02-05 02:00:00,6.970,0.000,0.000,0.000,-1.000
2023-02-05 03:00:00,5.950,0.000,0.000,0.000,-1.200
2023-02-05 04:00:00,5.920,0.000,0.000,0.000,-1.200
2023-02-05 05:00:00,5.950,0.000,0.000,0.000,-0.800
2023-02-05 06:00:00,5.970,0.000,0.000,0.000,-0.300
2023-02-05 07:00:00,5.820,0.000,0.000,0.000,-0.100
2023-02-05 08:00:00,5.320,15.000,49.900,11.000,0.000
2023-02-05 09:00:00,4.900,56.000,58.600,45.000,0.400
2023-02-05 10:00:00,2.750,100.000,35.400,90.000,1.000
2023-02-05 11:00:00,2.080,141.000,72.800,116.000,1.600
2023-02-05 12:00:00,1.260,182.000,150.200,127.000,2.300
2023-02-05 13:00:00,1.810,120.000,54.400,101.000,2.500
2023-02-05 14:00:00,2.110,81.000,34.100,71.000,2.600
2023-02-05 15:00:00,1.250,47.000,34.500,40.000,2.800
2023-02-05 16:00:00,1.420,22.000,44.800,18.000,3.000
2023-02-05 17:00:00,1.220,0.000,0.000,0.000,2.500
2023-02-05 18:00:00,1.600,0.000,0.000,0.000,2.000
2023-02-05 19:00:00,2.560,0.000,0.000,0.000,1.900
2023-02-05 20:00:00,3.270,0.000,0.000,0.000,2.000
2023-02-05 21:00:00,3.720,0.000,0.000,0.000,2.000
2023-02-05 22:00:00,3.310,0.000,0.000,0.000,1.900
2023-02-05 23:00:00,3.840,0.000,0.000,0.000,1.700
2023-02-06 00:00:00,4.330,0.000,0.000,0.000,1.800
2023-02-06 01:00:00,4.340,0.000,0.000,0.000,1.500
2023-02-06 02:00:00,4.940,0.000,0.000,0.000,0.900
2023-02-06 03:00:00,4.750,0.000,0.000,0.000,0.600
2023-02-06 04:00:00,5.280,0.000,0.000,0.000,0.200
2023-02-06 05:00:00,4.980,0.000,0.000,0.000,-0.500
2023-02-06 06:00:00,4.520,0.000,0.000,0.000,-1.200
2023-02-06 07:00:00,4.020,0.000,0.000,0.000,-1.600
2023-02-06 08:00:00,3.610,40.000,242.400,20.000,-0.500
2023-02-06 09:00:00,2.680,140.000,463.300,51.000,0.200
2023-02-06 10:00:00,2.280,232.000,560.400,71.000,1.600
2023-02-06 11:00:00,2.600,269.000,536.900,82.000,2.500
2023-02-06 12:00:00,3.300,311.000,606.300,86.000,3.500
2023-02-06 13:00:00,3.830,305.000,621.500,85.000,4.200
2023-02-06 14:00:00,3.610,248.000,570.000,78.000,4.400
2023-02-06 15:00:00,3.470,156.000,462.300,60.000,4.100
2023-02-06 16:00:00,4.180,50.000,261.300,26.000,2.600
2023-02-06 17:00:00,4.740,1.000,0.000,1.000,1.400
2023-02-06 18:00:00,5.100,0.000,0.000,0.000,0.400
2023-02-06 19:00:00,4.900,0.000,0.000,0.000,-0.300
2023-02-06 20:00:00,4.720,0.000,0.000,0.000,-0.500
2023-02-06 21:00:00,4.430,0.000,0.000,0.000,-0.600
2023-02-06 22:00:00,3.580,0.000,0.000,0.000,-1.400
2023-02-06 23:00:00,4.090,0.000,0.000,0.000,-1.600
2023-02-07 00:00:00,4.330,0.000,0.000,0.000,-2.000
2023-02-07 01:00:00,4.030,0.000,0.000,0.000,-2.300
2023-02-07 02:00:00,3.750,0.000,0.000,0.000,-2.800
2023-02-07 03:00:00,2.910,0.000,0.000,0.000,-3.900
2023-02-07 04:00:00,2.420,0.000,0.000,0.000,-4.600
2023-02-07 05:00:00,2.620,0.000,0.000,0.000,-4.600
2023-02-07 06:00:00,3.680,0.000,0.000,0.000,-4.200
2023-02-07 07:00:00,3.860,0.000,0.000,0.000,-4.200
2023-02-07 08:00:00,2.590,43.000,259.300,21.000,-3.700
2023-02-07 09:00:00,1.360,134.000,371.300,61.000,-2.100
2023-02-07 10:00:00,1.320,247.000,596.000,73.000,-0.400
2023-02-07 11:00:00,1.360,308.000,614.500,91.000,0.800
2023-02-07 12:00:00,1.860,350.000,715.500,81.000,1.800
2023-02-07 13:00:00,2.120,333.000,707.700,79.000,2.600
2023-02-07 14:00:00,2.190,268.000,649.900,71.000,2.900
2023-02-07 15:00:00,2.860,170.000,541.300,55.000,2.900
2023-02-07 16:00:00,3.830,59.000,339.000,27.000,1.500
2023-02-07 17:00:00,3.920,1.000,0.000,1.000,-0.300
2023-02-07 18:00:00,3.760,0.000,0.000,0.000,-1.100
2023-02-07 19:00:00,4.030,0.000,0.000,0.000,-1.700
2023-02-07 20:00:00,4.110,0.000,0.000,0.000,-2.300
2023-02-07 21:00:00,4.120,0.000,0.000,0.000,-2.600
2023-02-07 22:00:00,3.810,0.000,0.000,0.000,-2.900
2023-02-07 23:00:00,3.540,0.000,0.000,0.000,-3.400
2023-02-08 00:00:00,3.730,0.000,0.000,0.000,-3.700
2023-02-08 01:00:00,3.940,0.000,0.000,0.000,-3.800
2023-02-08 02:00:00,3.940,0.000,0.000,0.000,-4.000
2023-02-08 03:00:00,3.940,0.000,0.000,0.000,-4.200
2023-02-08 04:00:00,4.220,0.000,0.000,0.000,-4.400
2023-02-08 05:00:00,4.240,0.000,0.000,0.000,-4.800
2023-02-08 06:00:00,3.860,0.000,0.000,0.000,-4.900
2023-02-08 07:00:00,4.260,0.000,0.000,0.000,-5.000
2023-02-08 08:00:00,4.330,48.000,298.000,22.000,-3.800
2023-02-08 09:00:00,3.680,158.000,521.800,53.000,-1.800
2023-02-08 10:00:00,2.980,261.000,650.400,68.000,0.400
2023-02-08 11:00:00,2.760,332.000,712.200,77.000,2.100
2023-02-08 12:00:00,2.700,358.000,732.300,79.000,3.400
2023-02-08 13:00:00,3.240,339.000,719.900,77.000,4.300
2023-02-08 14:00:00,4.100,275.000,665.400,70.000,4.600
2023-02-08 15:00:00,5.560,177.000,556.800,56.000,4.100
2023-02-08 16:00:00,6.240,64.000,368.300,28.000,3.100
2023-02-08 17:00:00,6.720,1.000,0.000,1.000,1.300
2023-02-08 18:00:00,7.360,0.000,0.000,0.000,0.200
2023-02-08 19:00:00,7.480,0.000,0.000,0.000,-0.400
2023-02-08 20:00:00,6.960,0.000,0.000,0.000,-1.000
2023-02-08 21:00:00,6.220,0.000,0.000,0.000,-1.700
2023-02-08 22:00:00,5.310,0.000,0.000,0.000,-2.200
2023-02-08 23:00:00,5.630,0.000,0.000,0.000,-2.500
2023-02-09 00:00:00,6.380,0.000,0.000,0.000,-2.400
2023-02-09 01:00:00,6.870,0.000,0.000,0.000,-2.500
2023-02-09 02:00:00,7.080,0.000,0.000,0.000,-2.700
2023-02-09 03:00:00,6.980,0.000,0.000,0.000,-2.900
2023-02-09 04:00:00,6.850,0.000,0.000,0.000,-3.000
2023-02-09 05:00:00,7.070,0.000,0.000,0.000,-3.000
2023-02-09 06:00:00,7.450,0.000,0.000,0.000,-3.000
2023-02-09 07:00:00,7.410,0.000,0.000,0.000,-2.800
2023-02-09 08:00:00,6.740,46.000,133.700,34.000,-1.800
2023-02-09 09:00:00,6.120,149.000,325.300,82.000,-0.600
2023-02-09 10:00:00,5.160,249.000,480.700,104.000,0.900
2023-02-09 11:00:00,5.500,314.000,523.300,124.000,2.200
2023-02-09 12:00:00,5.720,335.000,523.300,133.000,3.200
2023-02-09 13:00:00,5.660,313.000,498.600,129.000,3.700
2023-02-09 14:00:00,5.450,251.000,437.500,114.000,3.900
2023-02-09 15:00:00,6.080,143.000,220.500,94.000,3.300
2023-02-09 16:00:00,6.820,49.000,87.800,40.000,2.500
2023-02-09 17:00:00,7.160,2.000,0.000,2.000,1.700
2023-02-09 18:00:00,7.520,0.000,0.000,0.000,1.500
2023-02-09 19:00:00,7.630,0.000,0.000,0.000,1.500
2023-02-09 20:00:00,7.590,0.000,0.000,0.000,2.100
2023-02-09 21:00:00,7.470,0.000,0.000,0.000,2.500
2023-02-09 22:00:00,6.960,0.000,0.000,0.000,2.500
2023-02-09 23:00:00,6.920,0.000,0.000,0.000,2.300
2023-02-10 00:00:00,7.010,0.000,0.000,0.000,2.000
2023-02-10 01:00:00,7.200,0.000,0.000,0.000,1.800
2023-02-10 02:00:00,7.130,0.000,0.000,0.000,1.600
2023-02-10 03:00:00,7.400,0.000,0.000,0.000,1.500
2023-02-10 04:00:00,7.490,0.000,0.000,0.000,1.500
2023-02-10 05:00:00,7.350,0.000,0.000,0.000,1.400
2023-02-10 06:00:00,7.320,0.000,0.000,0.000,1.300
2023-02-10 07:00:00,7.280,0.000,0.000,0.000,1.200
2023-02-10 08:00:00,7.340,42.000,140.900,29.000,1.800
2023-02-10 09:00:00,7.780,116.000,170.800,80.000,2.600
2023-02-10 10:00:00,6.350,222.000,381.500,105.000,3.700
2023-02-10 11:00:00,7.090,308.000,551.400,105.000,4.700
2023-02-10 12:00:00,7.560,346.000,657.000,89.000,5.600
2023-02-10 13:00:00,7.600,311.000,566.600,99.000,6.300
2023-02-10 14:00:00,7.750,248.000,484.000,94.000,6.500
2023-02-10 15:00:00,7.420,150.000,290.500,84.000,6.200
2023-02-10 16:00:00,7.990,59.000,186.400,39.000,5.600
2023-02-10 17:00:00,8.540,2.000,0.000,2.000,4.700
2023-02-10 18:00:00,8.660,0.000,0.000,0.000,4.300
2023-02-10 19:00:00,8.680,0.000,0.000,0.000,3.900
2023-02-10 20:00:00,9.260,0.000,0.000,0.000,4.000
2023-02-10 21:00:00,9.790,0.000,0.000,0.000,4.200
2023-02-10 22:00:00,9.930,0.000,0.000,0.000,4.600
2023-02-10 23:00:00,9.810,0.000,0.000,0.000,4.600
2023-02-11 00:00:00,9.730,0.000,0.000,0.000,5.000
2023-02-11 01:00:00,9.730,0.000,0.000,0.000,5.200
2023-02-11 02:00:00,9.610,0.000,0.000,0.000,5.300
2023-02-11 03:00:00,9.750,0.000,0.000,0.000,5.500
2023-02-11 04:00:00,9.510,0.000,0.000,0.000,5.600
2023-02-11 05:00:00,9.710,0.000,0.000,0.000,5.600
2023-02-11 06:00:00,9.900,0.000,0.000,0.000,5.800
2023-02-11 07:00:00,10.260,0.000,0.000,0.000,5.900
2023-02-11 08:00:00,9.950,15.000,31.600,12.000,6.100
2023-02-11 09:00:00,9.730,28.000,0.000,28.000,6.300
2023-02-11 10:00:00,8.580,50.000,0.000,50.000,6.700
2023-02-11 11:00:00,9.110,66.000,2.700,65.000,7.000
2023-02-11 12:00:00,9.690,70.000,10.100,66.000,7.200
2023-02-11 13:00:00,9.530,79.000,7.900,76.000,7.500
2023-02-11 14:00:00,9.400,51.000,0.000,51.000,7.600
2023-02-11 15:00:00,8.730,35.000,0.000,35.000,7.800
2023-02-11 16:00:00,8.360,14.000,0.000,14.000,7.900
2023-02-11 17:00:00,8.050,1.000,0.000,1.000,7.900
2023-02-11 18:00:00,7.960,0.000,0.000,0.000,7.900
2023-02-11 19:00:00,7.710,0.000,0.000,0.000,7.900
2023-02-11 20:00:00,7.350,0.000,0.000,0.000,7.800
2023-02-11 21:00:00,7.060,0.000,0.000,0.000,7.800
2023-02-11 22:00:00,6.860,0.000,0.000,0.000,7.800
2023-02-11 23:00:00,6.870,0.000,0.000,0.000,7.700
2023-02-12 00:00:00,6.890,0.000,0.000,0.000,7.500
2023-02-12 01:00:00,6.750,0.000,0.000,0.000,7.300
2023-02-12 02:00:00,6.200,0.000,0.000,0.000,7.200
2023-02-12 03:00:00,5.610,0.000,0.000,0.000,7.000
2023-02-12 04:00:00,4.920,0.000,0.000,0.000,6.900
2023-02-12 05:00:00,4.370,0.000,0.000,0.000,6.800
2023-02-12 06:00:00,4.030,0.000,0.000,0.000,6.800
2023-02-12 07:00:00,4.020,0.000,0.000,0.000,6.800
2023-02-12 08:00:00,4.100,9.000,0.000,9.000,6.900
2023-02-12 09:00:00,3.710,22.000,0.000,22.000,7.000
2023-02-12 10:00:00,3.350,34.000,0.000,34.000,7.500
2023-02-12 11:00:00,3.160,73.000,18.500,66.000,8.000
2023-02-12 12:00:00,3.100,60.000,5.000,58.000,8.300
2023-02-12 13:00:00,3.130,42.000,2.600,41.000,8.300
2023-02-12 14:00:00,3.510,36.000,0.000,36.000,8.300
2023-02-12 15:00:00,3.860,23.000,0.000,23.000,8.200
2023-02-12 16:00:00,4.060,12.000,0.000,12.000,8.000
2023-02-12 17:00:00,4.110,1.000,0.000,1.000,7.900
2023-02-12 18:00:00,4.000,0.000,0.000,0.000,7.700
2023-02-12 19:00:00,3.720,0.000,0.000,0.000,7.500
2023-02-12 20:00:00,3.370,0.000,0.000,0.000,7.400
2023-02-12 21:00:00,2.890,0.000,0.000,0.000,7.400
2023-02-12 22:00:00,2.940,0.000,0.000,0.000,7.200
2023-02-12 23:00:00,3.100,0.000,0.000,0.000,7.300
2023-02-13 00:00:00,3.220,0.000,0.000,0.000,7.000
2023-02-13 01:00:00,3.310,0.000,0.000,0.000,7.200
2023-02-13 02:00:00,3.360,0.000,0.000,0.000,7.000
2023-02-13 03:00:00,3.360,0.000,0.000,0.000,6.800
2023-02-13 04:00:00,3.390,0.000,0.000,0.000,6.800
2023-02-13 05:00:00,3.690,0.000,0.000,0.000,6.400
2023-02-13 06:00:00,4.320,0.000,0.000,0.000,6.500
2023-02-13 07:00:00,4.330,1.000,0.000,1.000,6.200
2023-02-13 08:00:00,3.910,32.000,68.800,25.000,6.400
2023-02-13 09:00:00,2.680,68.000,31.000,61.000,6.600
2023-02-13 10:00:00,2.240,113.000,55.900,95.000,7.400
2023-02-13 11:00:00,1.920,153.000,59.900,130.000,7.800
2023-02-13 12:00:00,1.840,177.000,88.400,141.000,8.200
2023-02-13 13:00:00,1.620,146.000,107.700,104.000,8.400
2023-02-13 14:00:00,1.530,155.000,194.700,90.000,8.800
2023-02-13 15:00:00,0.810,99.000,103.200,74.000,8.800
2023-02-13 16:00:00,0.700,44.000,90.200,33.000,8.400
2023-02-13 17:00:00,1.460,3.000,0.000,3.000,8.100
2023-02-13 18:00:00,2.120,0.000,0.000,0.000,7.400
2023-02-13 19:00:00,2.600,0.000,0.000,0.000,6.600
2023-02-13 20:00:00,2.800,0.000,0.000,0.000,5.700
2023-02-13 21:00:00,2.810,0.000,0.000,0.000,4.400
2023-02-13 22:00:00,1.660,0.000,0.000,0.000,3.900
2023-02-13 23:00:00,2.590,0.000,0.000,0.000,3.800
2023-02-14 00:00:00,4.050,0.000,0.000,0.000,3.900
2023-02-14 01:00:00,4.740,0.000,0.000,0.000,3.600
2023-02-14 02:00:00,4.830,0.000,0.000,0.000,3.400
2023-02-14 03:00:00,5.020,0.000,0.000,0.000,2.900
2023-02-14 04:00:00,5.030,0.000,0.000,0.000,2.600
2023-02-14 05:00:00,4.940,0.000,0.000,0.000,2.000
2023-02-14 06:00:00,4.700,0.000,0.000,0.000,1.500
2023-02-14 07:00:00,4.460,2.000,0.000,2.000,1.200
2023-02-14 08:00:00,4.300,67.000,336.900,31.000,2.300
2023-02-14 09:00:00,3.350,182.000,540.700,57.000,4.100
2023-02-14 10:00:00,2.440,288.000,659.400,72.000,5.800
2023-02-14 11:00:00,2.280,366.000,739.600,78.000,7.500
2023-02-14 12:00:00,2.470,392.000,758.700,79.000,9.200
2023-02-14 13:00:00,2.780,371.000,738.600,79.000,10.300
2023-02-14 14:00:00,3.180,307.000,693.100,72.000,10.900
2023-02-14 15:00:00,3.750,206.000,594.000,59.000,10.700
2023-02-14 16:00:00,4.600,87.000,409.900,35.000,9.700
2023-02-14 17:00:00,5.260,6.000,38.200,4.000,7.800
2023-02-14 18:00:00,5.370,0.000,0.000,0.000,5.900
2023-02-14 19:00:00,5.140,0.000,0.000,0.000,4.500
2023-02-14 20:00:00,5.200,0.000,0.000,0.000,3.400
2023-02-14 21:00:00,5.280,0.000,0.000,0.000,2.300
2023-02-14 22:00:00,4.600,0.000,0.000,0.000,2.400
2023-02-14 23:00:00,5.000,0.000,0.000,0.000,2.000
2023-02-15 00:00:00,5.500,0.000,0.000,0.000,1.700
2023-02-15 01:00:00,5.670,0.000,0.000,0.000,1.200
2023-02-15 02:00:00,5.800,0.000,0.000,0.000,0.800
2023-02-15 03:00:00,5.720,0.000,0.000,0.000,0.400
2023-02-15 04:00:00,5.660,0.000,0.000,0.000,-0.200
2023-02-15 05:00:00,5.570,0.000,0.000,0.000,-0.300
2023-02-15 06:00:00,5.650,0.000,0.000,0.000,-0.400
2023-02-15 07:00:00,5.830,3.000,19.100,2.000,-0.500
2023-02-15 08:00:00,5.790,68.000,330.400,31.000,0.300
2023-02-15 09:00:00,4.870,177.000,477.800,64.000,1.700
2023-02-15 10:00:00,2.770,292.000,642.700,78.000,3.800
2023-02-15 11:00:00,2.800,360.000,698.900,84.000,5.400
2023-02-15 12:00:00,2.780,398.000,756.000,82.000,6.700
2023-02-15 13:00:00,2.800,378.000,746.100,79.000,7.800
2023-02-15 14:00:00,3.160,312.000,694.000,73.000,8.600
2023-02-15 15:00:00,3.470,211.000,597.700,60.000,8.700
2023-02-15 16:00:00,4.250,89.000,379.200,39.000,7.800
2023-02-15 17:00:00,5.540,6.000,19.100,5.000,6.000
2023-02-15 18:00:00,6.770,0.000,0.000,0.000,5.100
2023-02-15 19:00:00,7.420,0.000,0.000,0.000,4.500
2023-02-15 20:00:00,7.580,0.000,0.000,0.000,4.100
2023-02-15 21:00:00,7.660,0.000,0.000,0.000,3.600
2023-02-15 22:00:00,7.640,0.000,0.000,0.000,3.100
2023-02-15 23:00:00,7.670,0.000,0.000,0.000,2.700
2023-02-16 00:00:00,7.620,0.000,0.000,0.000,2.400
2023-02-16 01:00:00,7.470,0.000,0.000,0.000,2.500
2023-02-16 02:00:00,7.660,0.000,0.000,0.000,2.500
2023-02-16 03:00:00,7.890,0.000,0.000,0.000,2.400
2023-02-16 04:00:00,7.810,0.000,0.000,0.000,2.000
2023-02-16 05:00:00,7.660,0.000,0.000,0.000,2.100
2023-02-16 06:00:00,7.670,0.000,0.000,0.000,2.300
2023-02-16 07:00:00,7.780,3.000,19.100,2.000,2.300
2023-02-16 08:00:00,7.640,71.000,273.000,39.000,3.300
2023-02-16 09:00:00,7.570,186.000,496.100,66.000,5.000
2023-02-16 10:00:00,5.870,254.000,460.900,98.000,6.700
2023-02-16 11:00:00,6.180,326.000,502.000,125.000,8.200
2023-02-16 12:00:00,6.460,315.000,347.100,168.000,9.100
2023-02-16 13:00:00,6.470,280.000,288.000,163.000,9.600
2023-02-16 14:00:00,6.270,186.000,180.200,123.000,9.700
2023-02-16 15:00:00,6.760,86.000,19.400,81.000,9.200
2023-02-16 16:00:00,6.860,49.000,21.900,46.000,8.700
2023-02-16 17:00:00,6.860,2.000,0.000,2.000,8.200
2023-02-16 18:00:00,6.730,0.000,0.000,0.000,7.900
2023-02-16 19:00:00,6.650,0.000,0.000,0.000,7.800
2023-02-16 20:00:00,7.120,0.000,0.000,0.000,7.800
2023-02-16 21:00:00,7.700,0.000,0.000,0.000,8.000
2023-02-16 22:00:00,8.790,0.000,0.000,0.000,8.000
2023-02-16 23:00:00,9.220,0.000,0.000,0.000,8.100
2023-02-17 00:00:00,9.320,0.000,0.000,0.000,8.300
2023-02-17 01:00:00,9.490,0.000,0.000,0.000,8.500
2023-02-17 02:00:00,9.370,0.000,0.000,0.000,8.800
2023-02-17 03:00:00,9.350,0.000,0.000,0.000,9.100
2023-02-17 04:00:00,9.490,0.000,0.000,0.000,9.400
2023-02-17 05:00:00,9.670,0.000,0.000,0.000,9.700
2023-02-17 06:00:00,9.710,0.000,0.000,0.000,9.900
2023-02-17 07:00:00,10.350,1.000,0.000,1.000,10.000
2023-02-17 08:00:00,11.320,9.000,0.000,9.000,10.100
2023-02-17 09:00:00,12.020,18.000,0.000,18.000,10.300
2023-02-17 10:00:00,12.110,50.000,0.000,50.000,10.900
2023-02-17 11:00:00,12.890,71.000,2.500,70.000,11.400
2023-02-17 12:00:00,14.690,95.000,7.000,92.000,12.100
2023-02-17 13:00:00,14.850,147.000,119.000,98.000,12.800
2023-02-17 14:00:00,14.320,58.000,5.600,56.000,12.400
2023-02-17 15:00:00,13.860,36.000,0.000,36.000,12.100
2023-02-17 16:00:00,14.270,16.000,0.000,16.000,11.600
2023-02-17 17:00:00,14.210,2.000,0.000,2.000,11.300
2023-02-17 18:00:00,13.550,0.000,0.000,0.000,10.600
2023-02-17 19:00:00,13.260,0.000,0.000,0.000,9.800
2023-02-17 20:00:00,12.680,0.000,0.000,0.000,8.800
2023-02-17 21:00:00,12.410,0.000,0.000,0.000,8.100
2023-02-17 22:00:00,11.130,0.000,0.000,0.000,7.300
2023-02-17 23:00:00,10.850,0.000,0.000,0.000,7.000
2023-02-18 00:00:00,10.130,0.000,0.000,0.000,6.600
2023-02-18 01:00:00,9.400,0.000,0.000,0.000,6.400
2023-02-18 02:00:00,8.800,0.000,0.000,0.000,6.500
2023-02-18 03:00:00,7.940,0.000,0.000,0.000,6.400
2023-02-18 04:00:00,6.990,0.000,0.000,0.000,7.000
2023-02-18 05:00:00,6.070,0.000,0.000,0.000,7.000
2023-02-18 06:00:00,5.370,0.000,0.000,0.000,7.000
2023-02-18 07:00:00,4.820,1.000,0.000,1.000,7.000
2023-02-18 08:00:00,6.590,8.000,0.000,8.000,7.600
2023-02-18 09:00:00,9.600,17.000,0.000,17.000,9.000
2023-02-18 10:00:00,13.300,26.000,0.000,26.000,9.900
2023-02-18 11:00:00,14.800,29.000,2.400,28.000,10.000
2023-02-18 12:00:00,13.790,52.000,0.000,52.000,9.900
2023-02-18 13:00:00,13.710,36.000,0.000,36.000,9.900
2023-02-18 14:00:00,13.930,34.000,0.000,34.000,9.900
2023-02-18 15:00:00,13.120,24.000,0.000,24.000,10.000
2023-02-18 16:00:00,12.720,24.000,20.400,21.000,10.200
2023-02-18 17:00:00,11.900,3.000,18.400,2.000,9.800
2023-02-18 18:00:00,11.220,0.000,0.000,0.000,9.100
2023-02-18 19:00:00,10.340,0.000,0.000,0.000,8.800
2023-02-18 20:00:00,9.440,0.000,0.000,0.000,8.300
2023-02-18 21:00:00,7.530,0.000,0.000,0.000,7.900
2023-02-18 22:00:00,6.220,0.000,0.000,0.000,8.100
2023-02-18 23:00:00,5.100,0.000,0.000,0.000,7.900
2023-02-19 00:00:00,4.160,0.000,0.000,0.000,7.500
2023-02-19 01:00:00,3.520,0.000,0.000,0.000,7.300
2023-02-19 02:00:00,2.920,0.000,0.000,0.000,7.000
2023-02-19 03:00:00,3.720,0.000,0.000,0.000,6.600
2023-02-19 04:00:00,5.440,0.000,0.000,0.000,5.500
2023-02-19 05:00:00,5.480,0.000,0.000,0.000,4.300
2023-02-19 06:00:00,4.940,0.000,0.000,0.000,3.200
2023-02-19 07:00:00,3.410,2.000,0.000,2.000,2.900
2023-02-19 08:00:00,3.220,27.000,52.500,20.000,3.200
2023-02-19 09:00:00,3.470,82.000,112.200,53.000,4.000
2023-02-19 10:00:00,2.970,201.000,264.600,107.000,5.000
2023-02-19 11:00:00,3.700,351.000,558.400,118.000,6.300
2023-02-19 12:00:00,4.410,341.000,470.100,134.000,7.100
2023-02-19 13:00:00,4.900,234.000,234.200,135.000,7.500
2023-02-19 14:00:00,4.290,176.000,73.800,149.000,7.600
2023-02-19 15:00:00,4.680,124.000,109.700,94.000,7.400
2023-02-19 16:00:00,4.610,45.000,39.500,39.000,6.900
2023-02-19 17:00:00,5.160,8.000,17.600,7.000,5.700
2023-02-19 18:00:00,5.760,0.000,0.000,0.000,5.100
2023-02-19 19:00:00,6.360,0.000,0.000,0.000,4.900
2023-02-19 20:00:00,6.350,0.000,0.000,0.000,5.000
2023-02-19 21:00:00,6.580,0.000,0.000,0.000,4.900
2023-02-19 22:00:00,7.620,0.000,0.000,0.000,5.400
2023-02-19 23:00:00,7.680,0.000,0.000,0.000,5.300
2023-02-20 00:00:00,8.730,0.000,0.000,0.000,5.400
2023-02-20 01:00:00,9.460,0.000,0.000,0.000,5.700
2023-02-20 02:00:00,9.810,0.000,0.000,0.000,5.800
2023-02-20 03:00:00,10.340,0.000,0.000,0.000,5.800
2023-02-20 04:00:00,10.690,0.000,0.000,0.000,6.200
2023-02-20 05:00:00,11.320,0.000,0.000,0.000,6.500
2023-02-20 06:00:00,11.810,0.000,0.000,0.000,6.500
2023-02-20 07:00:00,12.050,6.000,19.100,5.000,6.800
2023-02-20 08:00:00,12.300,68.000,72.100,58.000,7.000
2023-02-20 09:00:00,12.810,132.000,159.100,90.000,7.200
2023-02-20 10:00:00,11.580,116.000,47.100,99.000,7.400
2023-02-20 11:00:00,11.540,61.000,0.000,61.000,7.600
2023-02-20 12:00:00,12.070,70.000,0.000,70.000,8.100
2023-02-20 13:00:00,13.160,73.000,14.000,67.000,8.500
2023-02-20 14:00:00,12.520,65.000,2.700,64.000,8.600
2023-02-20 15:00:00,12.810,40.000,17.900,35.000,8.600
2023-02-20 16:00:00,12.610,20.000,0.000,20.000,8.500
2023-02-20 17:00:00,12.560,3.000,0.000,3.000,8.300
2023-02-20 18:00:00,12.250,0.000,0.000,0.000,8.400
2023-02-20 19:00:00,12.060,0.000,0.000,0.000,8.400
2023-02-20 20:00:00,11.940,0.000,0.000,0.000,8.500
2023-02-20 21:00:00,11.710,0.000,0.000,0.000,8.600
2023-02-20 22:00:00,11.340,0.000,0.000,0.000,8.600
2023-02-20 23:00:00,11.530,0.000,0.000,0.000,8.700
2023-02-21 00:00:00,11.550,0.000,0.000,0.000,8.900
2023-02-21 01:00:00,11.400,0.000,0.000,0.000,9.000
2023-02-21 02:00:00,11.200,0.000,0.000,0.000,9.100
2023-02-21 03:00:00,11.260,0.000,0.000,0.000,9.100
2023-02-21 04:00:00,11.180,0.000,0.000,0.000,9.100
2023-02-21 05:00:00,10.840,0.000,0.000,0.000,9.100
2023-02-21 06:00:00,10.420,0.000,0.000,0.000,9.200
2023-02-21 07:00:00,9.700,1.000,0.000,1.000,9.200
2023-02-21 08:00:00,9.000,7.000,0.000,7.000,9.200
2023-02-21 09:00:00,8.510,16.000,0.000,16.000,9.400
2023-02-21 10:00:00,8.240,26.000,0.000,26.000,9.300
2023-02-21 11:00:00,7.880,50.000,0.000,50.000,9.600
2023-02-21 12:00:00,8.750,53.000,0.000,53.000,9.800
2023-02-21 13:00:00,8.620,62.000,0.000,62.000,10.000
2023-02-21 14:00:00,7.910,84.000,26.500,74.000,10.300
2023-02-21 15:00:00,6.500,63.000,17.600,58.000,10.500
2023-02-21 16:00:00,6.410,29.000,12.300,27.000,10.400
2023-02-21 17:00:00,6.440,4.000,0.000,4.000,10.200
2023-02-21 18:00:00,6.610,0.000,0.000,0.000,9.900
2023-02-21 19:00:00,6.530,0.000,0.000,0.000,9.500
2023-02-21 20:00:00,6.040,0.000,0.000,0.000,9.300
2023-02-21 21:00:00,5.320,0.000,0.000,0.000,9.100
2023-02-21 22:00:00,3.920,0.000,0.000,0.000,8.900
2023-02-21 23:00:00,2.940,0.000,0.000,0.000,8.600
2023-02-22 00:00:00,2.330,0.000,0.000,0.000,7.400
2023-02-22 01:00:00,2.160,0.000,0.000,0.000,7.400
2023-02-22 02:00:00,2.470,0.000,0.000,0.000,7.000
2023-02-22 03:00:00,3.110,0.000,0.000,0.000,6.700
2023-02-22 04:00:00,3.670,0.000,0.000,0.000,6.000
2023-02-22 05:00:00,4.080,0.000,0.000,0.000,6.400
2023-02-22 06:00:00,4.460,0.000,0.000,0.000,6.500
2023-02-22 07:00:00,5.250,6.000,18.100,5.000,6.500
2023-02-22 08:00:00,5.830,77.000,200.200,47.000,7.300
2023-02-22 09:00:00,4.830,172.000,334.200,80.000,8.500
2023-02-22 10:00:00,4.740,268.000,424.400,110.000,10.300
2023-02-22 11:00:00,4.650,329.000,462.800,128.000,11.300
2023-02-22 12:00:00,4.710,368.000,500.800,139.000,12.400
2023-02-22 13:00:00,4.530,372.000,541.600,134.000,13.200
2023-02-22 14:00:00,4.570,310.000,473.700,129.000,13.600
2023-02-22 15:00:00,4.520,193.000,255.900,119.000,13.500
2023-02-22 16:00:00,4.800,81.000,77.800,68.000,12.700
2023-02-22 17:00:00,4.850,12.000,0.000,12.000,11.400
2023-02-22 18:00:00,4.920,0.000,0.000,0.000,10.500
2023-02-22 19:00:00,5.460,0.000,0.000,0.000,9.800
2023-02-22 20:00:00,5.300,0.000,0.000,0.000,9.000
2023-02-22 21:00:00,4.900,0.000,0.000,0.000,8.400
2023-02-22 22:00:00,4.260,0.000,0.000,0.000,8.200
2023-02-22 23:00:00,4.250,0.000,0.000,0.000,7.600
2023-02-23 00:00:00,4.740,0.000,0.000,0.000,6.900
2023-02-23 01:00:00,5.260,0.000,0.000,0.000,6.600
2023-02-23 02:00:00,5.260,0.000,0.000,0.000,5.900
2023-02-23 03:00:00,5.120,0.000,0.000,0.000,6.200
2023-02-23 04:00:00,5.010,0.000,0.000,0.000,6.500
2023-02-23 05:00:00,5.020,0.000,0.000,0.000,6.400
2023-02-23 06:00:00,4.810,0.000,0.000,0.000,6.600
2023-02-23 07:00:00,4.610,7.000,0.000,7.000,6.700
2023-02-23 08:00:00,3.850,61.000,25.700,57.000,7.200
2023-02-23 09:00:00,3.540,109.000,35.600,99.000,7.500
2023-02-23 10:00:00,3.810,133.000,37.000,119.000,8.100
2023-02-23 11:00:00,4.200,96.000,4.500,94.000,8.000
2023-02-23 12:00:00,4.810,123.000,10.800,118.000,8.200
2023-02-23 13:00:00,5.200,106.000,18.000,98.000,8.100
2023-02-23 14:00:00,4.380,61.000,2.600,60.000,8.100
2023-02-23 15:00:00,4.430,40.000,3.400,39.000,7.900
2023-02-23 16:00:00,4.740,19.000,0.000,19.000,7.600
2023-02-23 17:00:00,4.830,5.000,0.000,5.000,7.300
2023-02-23 18:00:00,4.910,0.000,0.000,0.000,7.100
2023-02-23 19:00:00,5.300,0.000,0.000,0.000,6.800
2023-02-23 20:00:00,5.160,0.000,0.000,0.000,6.400
2023-02-23 21:00:00,5.520,0.000,0.000,0.000,5.700
2023-02-23 22:00:00,6.100,0.000,0.000,0.000,4.400
2023-02-23 23:00:00,5.330,0.000,0.000,0.000,3.700
2023-02-24 00:00:00,5.110,0.000,0.000,0.000,3.300
2023-02-24 01:00:00,5.380,0.000,0.000,0.000,2.900
2023-02-24 02:00:00,5.800,0.000,0.000,0.000,3.000
2023-02-24 03:00:00,6.220,0.000,0.000,0.000,2.700
2023-02-24 04:00:00,6.560,0.000,0.000,0.000,2.600
2023-02-24 05:00:00,7.110,0.000,0.000,0.000,2.400
2023-02-24 06:00:00,7.750,0.000,0.000,0.000,2.300
2023-02-24 07:00:00,8.320,8.000,0.000,8.000,2.500
2023-02-24 08:00:00,8.720,48.000,0.000,48.000,2.800
2023-02-24 09:00:00,8.830,78.000,0.000,78.000,2.900
2023-02-24 10:00:00,9.720,90.000,0.000,90.000,2.400
2023-02-24 11:00:00,11.630,82.000,0.000,82.000,1.900
2023-02-24 12:00:00,11.390,75.000,0.000,75.000,1.600
2023-02-24 13:00:00,11.290,88.000,4.400,86.000,2.100
2023-02-24 14:00:00,10.830,103.000,12.700,98.000,2.600
2023-02-24 15:00:00,9.870,87.000,26.700,79.000,3.200
2023-02-24 16:00:00,9.460,43.000,16.900,40.000,3.700
2023-02-24 17:00:00,9.530,7.000,14.300,6.000,4.100
2023-02-24 18:00:00,9.210,0.000,0.000,0.000,4.100
2023-02-24 19:00:00,9.460,0.000,0.000,0.000,4.300
2023-02-24 20:00:00,10.020,0.000,0.000,0.000,4.200
2023-02-24 21:00:00,10.070,0.000,0.000,0.000,4.000
2023-02-24 22:00:00,10.410,0.000,0.000,0.000,3.900
2023-02-24 23:00:00,10.310,0.000,0.000,0.000,3.700
2023-02-25 00:00:00,10.690,0.000,0.000,0.000,3.600
2023-02-25 01:00:00,9.800,0.000,0.000,0.000,3.600
2023-02-25 02:00:00,9.640,0.000,0.000,0.000,3.500
2023-02-25 03:00:00,9.490,0.000,0.000,0.000,3.200
2023-02-25 04:00:00,9.140,0.000,0.000,0.000,3.100
2023-02-25 05:00:00,8.780,0.000,0.000,0.000,2.800
2023-02-25 06:00:00,8.340,0.000,0.000,0.000,2.500
2023-02-25 07:00:00,8.210,9.000,47.100,6.000,2.200
2023-02-25 08:00:00,8.170,63.000,125.900,42.000,2.100
2023-02-25 09:00:00,8.350,150.000,205.200,90.000,2.300
2023-02-25 10:00:00,8.010,237.000,287.600,125.000,2.600
2023-02-25 11:00:00,8.180,302.000,237.000,195.000,2.700
2023-02-25 12:00:00,8.860,347.000,385.900,164.000,3.000
2023-02-25 13:00:00,9.190,264.000,221.500,163.000,2.900
2023-02-25 14:00:00,9.260,264.000,376.600,114.000,3.300
2023-02-25 15:00:00,9.040,234.000,482.100,87.000,3.600
2023-02-25 16:00:00,8.490,122.000,362.200,56.000,3.400
2023-02-25 17:00:00,7.960,24.000,152.200,13.000,2.700
2023-02-25 18:00:00,7.480,0.000,0.000,0.000,1.600
2023-02-25 19:00:00,7.230,0.000,0.000,0.000,0.900
2023-02-25 20:00:00,7.100,0.000,0.000,0.000,0.400
2023-02-25 21:00:00,6.920,0.000,0.000,0.000,0.100
2023-02-25 22:00:00,6.710,0.000,0.000,0.000,-0.200
2023-02-25 23:00:00,6.200,0.000,0.000,0.000,-0.600
2023-02-26 00:00:00,6.110,0.000,0.000,0.000,-0.800
2023-02-26 01:00:00,6.410,0.000,0.000,0.000,-0.900
2023-02-26 02:00:00,6.700,0.000,0.000,0.000,-1.100
2023-02-26 03:00:00,6.720,0.000,0.000,0.000,-1.100
2023-02-26 04:00:00,6.560,0.000,0.000,0.000,-1.300
2023-02-26 05:00:00,6.170,0.000,0.000,0.000,-1.400
2023-02-26 06:00:00,5.970,0.000,0.000,0.000,-1.700
2023-02-26 07:00:00,5.660,18.000,105.100,11.000,-1.600
2023-02-26 08:00:00,4.900,122.000,435.000,47.000,-0.400
2023-02-26 09:00:00,5.610,237.000,546.800,74.000,0.700
2023-02-26 10:00:00,6.290,355.000,637.600,103.000,1.800
2023-02-26 11:00:00,6.420,342.000,334.600,189.000,2.500
2023-02-26 12:00:00,6.610,325.000,283.400,189.000,3.100
2023-02-26 13:00:00,6.380,249.000,99.700,203.000,3.700
2023-02-26 14:00:00,6.280,187.000,76.800,156.000,3.800
2023-02-26 15:00:00,6.040,163.000,174.100,109.000,4.000
2023-02-26 16:00:00,5.570,96.000,144.200,69.000,3.600
2023-02-26 17:00:00,5.310,24.000,120.300,15.000,3.000
2023-02-26 18:00:00,4.980,0.000,0.000,0.000,1.800
2023-02-26 19:00:00,5.110,0.000,0.000,0.000,0.700
2023-02-26 20:00:00,4.830,0.000,0.000,0.000,-0.100
2023-02-26 21:00:00,4.380,0.000,0.000,0.000,-0.700
2023-02-26 22:00:00,4.180,0.000,0.000,0.000,-1.800
2023-02-26 23:00:00,3.900,0.000,0.000,0.000,-2.600
2023-02-27 00:00:00,3.290,0.000,0.000,0.000,-2.900
2023-02-27 01:00:00,2.960,0.000,0.000,0.000,-3.000
2023-02-27 02:00:00,2.900,0.000,0.000,0.000,-3.100
2023-02-27 03:00:00,3.210,0.000,0.000,0.000,-4.100
2023-02-27 04:00:00,3.320,0.000,0.000,0.000,-4.100
2023-02-27 05:00:00,3.310,0.000,0.000,0.000,-4.200
2023-02-27 06:00:00,3.610,0.000,0.000,0.000,-4.400
2023-02-27 07:00:00,3.550,16.000,72.000,11.000,-3.700
2023-02-27 08:00:00,3.040,85.000,140.400,60.000,-1.300
2023-02-27 09:00:00,2.780,188.000,283.100,102.000,0.700
2023-02-27 10:00:00,1.980,258.000,299.300,138.000,2.200
2023-02-27 11:00:00,2.000,351.000,423.400,155.000,3.300
2023-02-27 12:00:00,2.190,258.000,146.200,187.000,3.600
2023-02-27 13:00:00,2.640,229.000,111.300,177.000,4.200
2023-02-27 14:00:00,3.740,199.000,122.200,149.000,4.500
2023-02-27 15:00:00,3.830,148.000,145.900,102.000,4.400
2023-02-27 16:00:00,4.050,106.000,234.100,61.000,4.100
2023-02-27 17:00:00,4.530,23.000,90.500,16.000,2.800
2023-02-27 18:00:00,4.790,0.000,0.000,0.000,1.400
2023-02-27 19:00:00,4.740,0.000,0.000,0.000,0.600
2023-02-27 20:00:00,4.640,0.000,0.000,0.000,0.100
2023-02-27 21:00:00,4.490,0.000,0.000,0.000,-0.500
2023-02-27 22:00:00,2.700,0.000,0.000,0.000,-1.200
2023-02-27 23:00:00,2.700,0.000,0.000,0.000,-1.100
2023-02-28 00:00:00,2.400,0.000,0.000,0.000,-1.400
2023-02-28 01:00:00,2.160,0.000,0.000,0.000,-1.700
2023-02-28 02:00:00,2.330,0.000,0.000,0.000,-2.100
2023-02-28 03:00:00,2.580,0.000,0.000,0.000,-2.500
2023-02-28 04:00:00,2.950,0.000,0.000,0.000,-2.900
2023-02-28 05:00:00,3.380,0.000,0.000,0.000,-3.200
2023-02-28 06:00:00,3.670,0.000,0.000,0.000,-3.700
2023-02-28 07:00:00,3.610,24.000,151.900,13.000,-3.000
2023-02-28 08:00:00,3.200,137.000,462.400,52.000,-0.400
2023-02-28 09:00:00,2.100,266.000,610.500,77.000,1.900
2023-02-28 10:00:00,3.010,331.000,560.500,103.000,3.400
2023-02-28 11:00:00,4.220,448.000,734.000,104.000,4.400
2023-02-28 12:00:00,3.600,432.000,549.700,162.000,4.900
2023-02-28 13:00:00,3.210,405.000,490.900,173.000,5.400
2023-02-28 14:00:00,3.010,364.000,567.100,129.000,5.500
2023-02-28 15:00:00,3.040,276.000,596.000,85.000,5.400
2023-02-28 16:00:00,3.160,152.000,491.800,55.000,4.700
2023-02-28 17:00:00,3.320,33.000,212.800,16.000,2.400
2023-02-28 18:00:00,3.610,0.000,0.000,0.000,0.400
2023-02-28 19:00:00,4.000,0.000,0.000,0.000,-1.100
2023-02-28 20:00:00,4.020,0.000,0.000,0.000,-1.700
2023-02-28 21:00:00,3.590,0.000,0.000,0.000,-2.200
2023-02-28 22:00:00,3.530,0.000,0.000,0.000,-2.800
2023-02-28 23:00:00,2.820,0.000,0.000,0.000,-3.300
2023-03-01 00:00:00,2.460,0.000,0.000,0.000,-3.600
2023-03-01 01:00:00,2.180,0.000,0.000,0.000,-4.000
2023-03-01 02:00:00,1.700,0.000,0.000,0.000,-4.500
2023-03-01 03:00:00,1.550,0.000,0.000,0.000,-4.500
2023-03-01 04:00:00,1.900,0.000,0.000,0.000,-4.900
2023-03-01 05:00:00,2.260,0.000,0.000,0.000,-4.900
2023-03-01 06:00:00,2.430,0.000,0.000,0.000,-4.900
2023-03-01 07:00:00,2.450,27.000,172.500,14.000,-4.300
2023-03-01 08:00:00,2.500,147.000,501.000,52.000,-1.300
2023-03-01 09:00:00,1.800,283.000,665.700,73.000,1.300
2023-03-01 10:00:00,2.420,398.000,756.100,86.000,3.600
2023-03-01 11:00:00,3.040,473.000,805.100,91.000,4.900
2023-03-01 12:00:00,3.180,499.000,819.200,92.000,5.800
2023-03-01 13:00:00,3.320,477.000,809.300,90.000,6.600
2023-03-01 14:00:00,3.710,406.000,767.000,84.000,7.200
2023-03-01 15:00:00,3.890,295.000,684.700,72.000,7.300
2023-03-01 16:00:00,4.490,160.000,529.100,53.000,6.300
2023-03-01 17:00:00,5.380,36.000,230.500,17.000,4.400
2023-03-01 18:00:00,5.850,0.000,0.000,0.000,2.400
2023-03-01 19:00:00,5.940,0.000,0.000,0.000,1.100
2023-03-01 20:00:00,5.740,0.000,0.000,0.000,0.400
2023-03-01 21:00:00,5.730,0.000,0.000,0.000,-0.400
2023-03-01 22:00:00,5.820,0.000,0.000,0.000,-0.400
2023-03-01 23:00:00,5.910,0.000,0.000,0.000,-0.400
2023-03-02 00:00:00,6.090,0.000,0.000,0.000,-0.400
2023-03-02 01:00:00,6.220,0.000,0.000,0.000,-0.400
2023-03-02 02:00:00,6.080,0.000,0.000,0.000,-0.500
2023-03-02 03:00:00,5.650,0.000,0.000,0.000,-0.800
2023-03-02 04:00:00,5.350,0.000,0.000,0.000,-1.000
2023-03-02 05:00:00,4.900,0.000,0.000,0.000,-0.800
2023-03-02 06:00:00,4.650,0.000,0.000,0.000,-0.800
2023-03-02 07:00:00,4.550,17.000,51.000,13.000,-0.900
2023-03-02 08:00:00,3.890,85.000,143.200,57.000,-0.700
2023-03-02 09:00:00,3.100,113.000,0.000,113.000,-0.300
2023-03-02 10:00:00,2.720,174.000,14.300,168.000,0.400
2023-03-02 11:00:00,2.280,275.000,99.900,227.000,1.300
2023-03-02 12:00:00,2.160,331.000,185.100,238.000,2.200
2023-03-02 13:00:00,2.780,380.000,334.900,218.000,3.200
2023-03-02 14:00:00,3.440,340.000,453.900,147.000,3.900
2023-03-02 15:00:00,3.360,267.000,495.600,103.000,3.900
2023-03-02 16:00:00,3.800,154.000,439.000,63.000,3.600
2023-03-02 17:00:00,5.000,35.000,188.300,19.000,2.200
2023-03-02 18:00:00,5.230,0.000,0.000,0.000,1.500
2023-03-02 19:00:00,4.740,0.000,0.000,0.000,0.900
2023-03-02 20:00:00,4.020,0.000,0.000,0.000,0.800
2023-03-02 21:00:00,3.770,0.000,0.000,0.000,0.900
2023-03-02 22:00:00,3.280,0.000,0.000,0.000,0.500
2023-03-02 23:00:00,2.560,0.000,0.000,0.000,0.100
2023-03-03 00:00:00,1.430,0.000,0.000,0.000,0.200
2023-03-03 01:00:00,1.790,0.000,0.000,0.000,0.200
2023-03-03 02:00:00,2.160,0.000,0.000,0.000,-0.100
2023-03-03 03:00:00,1.750,0.000,0.000,0.000,-0.000
2023-03-03 04:00:00,1.100,0.000,0.000,0.000,-0.100
2023-03-03 05:00:00,0.850,0.000,0.000,0.000,-0.000
2023-03-03 06:00:00,1.320,0.000,0.000,0.000,-0.000
2023-03-03 07:00:00,1.700,21.000,98.300,13.000,-0.200
2023-03-03 08:00:00,1.700,86.000,94.300,67.000,-0.200
2023-03-03 09:00:00,1.600,134.000,39.700,121.000,-0.100
2023-03-03 10:00:00,1.940,199.000,54.200,176.000,0.700
2023-03-03 11:00:00,2.300,272.000,102.800,222.000,1.500
2023-03-03 12:00:00,2.910,305.000,155.400,226.000,2.300
2023-03-03 13:00:00,3.500,316.000,196.200,220.000,3.100
2023-03-03 14:00:00,4.000,301.000,318.100,164.000,3.700
2023-03-03 15:00:00,4.430,237.000,365.900,114.000,4.100
2023-03-03 16:00:00,5.020,123.000,216.700,77.000,3.900
2023-03-03 17:00:00,5.350,28.000,114.300,18.000,3.600
2023-03-03 18:00:00,5.820,0.000,0.000,0.000,3.400
2023-03-03 19:00:00,6.210,0.000,0.000,0.000,3.300
2023-03-03 20:00:00,6.700,0.000,0.000,0.000,3.500
2023-03-03 21:00:00,7.210,0.000,0.000,0.000,3.400
2023-03-03 22:00:00,7.260,0.000,0.000,0.000,3.300
2023-03-03 23:00:00,7.640,0.000,0.000,0.000,3.200
2023-03-04 00:00:00,7.920,0.000,0.000,0.000,3.600
2023-03-04 01:00:00,7.960,0.000,0.000,0.000,4.100
2023-03-04 02:00:00,7.870,0.000,0.000,0.000,4.400
2023-03-04 03:00:00,7.860,0.000,0.000,0.000,4.400
2023-03-04 04:00:00,8.000,0.000,0.000,0.000,4.500
2023-03-04 05:00:00,8.240,0.000,0.000,0.000,4.500
2023-03-04 06:00:00,8.320,0.000,0.000,0.000,4.500
2023-03-04 07:00:00,8.250,9.000,0.000,9.000,4.800
2023-03-04 08:00:00,8.040,37.000,0.000,37.000,5.100
2023-03-04 09:00:00,7.840,86.000,36.000,74.000,5.600
2023-03-04 10:00:00,9.170,200.000,178.900,123.000,6.000
2023-03-04 11:00:00,8.860,225.000,117.900,167.000,6.100
2023-03-04 12:00:00,8.950,233.000,167.300,147.000,6.100
2023-03-04 13:00:00,8.840,165.000,66.700,132.000,5.800
2023-03-04 14:00:00,9.040,130.000,25.200,119.000,5.600
2023-03-04 15:00:00,9.030,77.000,8.800,74.000,5.300
2023-03-04 16:00:00,8.250,40.000,4.600,39.000,4.900
2023-03-04 17:00:00,7.860,21.000,44.400,17.000,4.500
2023-03-04 18:00:00,7.880,0.000,0.000,0.000,4.200
2023-03-04 19:00:00,7.960,0.000,0.000,0.000,3.800
2023-03-04 20:00:00,7.660,0.000,0.000,0.000,3.300
2023-03-04 21:00:00,7.390,0.000,0.000,0.000,3.000
2023-03-04 22:00:00,6.890,0.000,0.000,0.000,2.800
2023-03-04 23:00:00,6.930,0.000,0.000,0.000,2.600
2023-03-05 00:00:00,7.060,0.000,0.000,0.000,2.500
2023-03-05 01:00:00,7.370,0.000,0.000,0.000,2.600
2023-03-05 02:00:00,7.540,0.000,0.000,0.000,2.300
2023-03-05 03:00:00,7.620,0.000,0.000,0.000,1.900
2023-03-05 04:00:00,7.630,0.000,0.000,0.000,1.700
2023-03-05 05:00:00,7.820,0.000,0.000,0.000,1.800
2023-03-05 06:00:00,7.760,0.000,0.000,0.000,1.600
2023-03-05 07:00:00,7.510,12.000,0.000,12.000,1.900
2023-03-05 08:00:00,7.380,60.000,4.700,59.000,2.100
2023-03-05 09:00:00,6.650,126.000,53.000,108.000,2.700
2023-03-05 10:00:00,6.170,200.000,98.500,157.000,3.300
2023-03-05 11:00:00,6.240,226.000,128.500,162.000,3.900
2023-03-05 12:00:00,7.160,267.000,173.100,177.000,4.300
2023-03-05 13:00:00,7.280,291.000,207.800,187.000,4.500
2023-03-05 14:00:00,7.690,309.000,303.500,175.000,5.000
2023-03-05 15:00:00,7.280,232.000,314.500,123.000,5.000
2023-03-05 16:00:00,5.940,129.000,188.900,87.000,4.500
2023-03-05 17:00:00,6.800,36.000,118.800,25.000,4.000
2023-03-05 18:00:00,7.700,0.000,0.000,0.000,3.900
2023-03-05 19:00:00,7.710,0.000,0.000,0.000,3.600
2023-03-05 20:00:00,7.940,0.000,0.000,0.000,3.600
2023-03-05 21:00:00,7.780,0.000,0.000,0.000,3.300
2023-03-05 22:00:00,8.500,0.000,0.000,0.000,3.000
2023-03-05 23:00:00,8.400,0.000,0.000,0.000,2.800
2023-03-06 00:00:00,8.340,0.000,0.000,0.000,2.500
2023-03-06 01:00:00,7.780,0.000,0.000,0.000,2.300
2023-03-06 02:00:00,6.950,0.000,0.000,0.000,1.800
2023-03-06 03:00:00,6.440,0.000,0.000,0.000,1.700
2023-03-06 04:00:00,6.100,0.000,0.000,0.000,1.500
2023-03-06 05:00:00,5.770,0.000,0.000,0.000,1.300
2023-03-06 06:00:00,5.410,0.000,0.000,0.000,1.100
2023-03-06 07:00:00,4.750,26.000,44.100,22.000,0.900
2023-03-06 08:00:00,4.700,59.000,22.800,54.000,0.900
2023-03-06 09:00:00,4.250,79.000,0.000,79.000,1.000
2023-03-06 10:00:00,2.550,181.000,101.700,136.000,1.400
2023-03-06 11:00:00,2.280,217.000,127.000,153.000,1.700
2023-03-06 12:00:00,2.200,293.000,176.900,200.000,2.700
2023-03-06 13:00:00,1.920,382.000,363.500,198.000,3.500
2023-03-06 14:00:00,1.990,297.000,252.900,184.000,3.800
2023-03-06 15:00:00,2.510,166.000,147.800,114.000,3.900
2023-03-06 16:00:00,2.450,80.000,66.000,65.000,3.800
2023-03-06 17:00:00,3.360,30.000,21.000,28.000,3.100
2023-03-06 18:00:00,4.360,0.000,0.000,0.000,2.100
2023-03-06 19:00:00,5.370,0.000,0.000,0.000,1.400
2023-03-06 20:00:00,6.370,0.000,0.000,0.000,1.200
2023-03-06 21:00:00,7.080,0.000,0.000,0.000,1.200
2023-03-06 22:00:00,7.740,0.000,0.000,0.000,1.600
2023-03-06 23:00:00,8.540,0.000,0.000,0.000,2.100
2023-03-07 00:00:00,9.390,0.000,0.000,0.000,2.400
2023-03-07 01:00:00,10.190,0.000,0.000,0.000,2.300
2023-03-07 02:00:00,10.730,0.000,0.000,0.000,1.900
2023-03-07 03:00:00,10.780,0.000,0.000,0.000,1.900
2023-03-07 04:00:00,10.570,0.000,0.000,0.000,2.100
2023-03-07 05:00:00,10.030,0.000,0.000,0.000,2.400
2023-03-07 06:00:00,9.800,0.000,0.000,0.000,2.600
2023-03-07 07:00:00,9.750,25.000,53.300,20.000,3.000
2023-03-07 08:00:00,9.920,99.000,132.900,69.000,3.300
2023-03-07 09:00:00,9.140,115.000,42.700,100.000,3.300
2023-03-07 10:00:00,8.130,136.000,13.400,130.000,2.300
2023-03-07 11:00:00,8.790,121.000,0.000,121.000,1.700
2023-03-07 12:00:00,7.630,156.000,11.300,150.000,1.900
2023-03-07 13:00:00,7.860,200.000,11.700,194.000,2.400
2023-03-07 14:00:00,7.520,226.000,84.000,188.000,2.600
2023-03-07 15:00:00,8.150,177.000,103.600,140.000,2.600
2023-03-07 16:00:00,8.040,64.000,12.900,61.000,2.500
2023-03-07 17:00:00,7.420,25.000,0.000,25.000,2.000
2023-03-07 18:00:00,7.000,0.000,0.000,0.000,1.000
2023-03-07 19:00:00,6.750,0.000,0.000,0.000,0.700
2023-03-07 20:00:00,6.790,0.000,0.000,0.000,0.500
2023-03-07 21:00:00,6.870,0.000,0.000,0.000,0.200
2023-03-07 22:00:00,6.990,0.000,0.000,0.000,-0.500
2023-03-07 23:00:00,7.060,0.000,0.000,0.000,-0.800
2023-03-08 00:00:00,6.930,0.000,0.000,0.000,-0.900
2023-03-08 01:00:00,7.370,0.000,0.000,0.000,-1.100
2023-03-08 02:00:00,7.000,0.000,0.000,0.000,-1.100
2023-03-08 03:00:00,6.570,0.000,0.000,0.000,-1.300
2023-03-08 04:00:00,6.590,0.000,0.000,0.000,-1.100
2023-03-08 05:00:00,6.000,0.000,0.000,0.000,-0.900
2023-03-08 06:00:00,4.910,0.000,0.000,0.000,-0.700
2023-03-08 07:00:00,5.850,22.000,0.000,22.000,-0.300
2023-03-08 08:00:00,4.400,83.000,25.900,77.000,0.000
2023-03-08 09:00:00,3.490,101.000,5.600,99.000,0.300
2023-03-08 10:00:00,2.690,188.000,19.800,179.000,1.100
2023-03-08 11:00:00,2.370,209.000,7.800,205.000,1.500
2023-03-08 12:00:00,2.770,145.000,0.000,145.000,1.900
2023-03-08 13:00:00,3.240,183.000,3.900,181.000,1.900
2023-03-08 14:00:00,3.490,130.000,2.200,129.000,2.000
2023-03-08 15:00:00,3.570,132.000,19.300,125.000,2.000
2023-03-08 16:00:00,3.900,62.000,0.000,62.000,1.600
2023-03-08 17:00:00,4.300,21.000,0.000,21.000,1.200
2023-03-08 18:00:00,5.160,0.000,0.000,0.000,1.000
2023-03-08 19:00:00,5.710,0.000,0.000,0.000,0.700
2023-03-08 20:00:00,5.900,0.000,0.000,0.000,0.200
2023-03-08 21:00:00,6.100,0.000,0.000,0.000,0.500
2023-03-08 22:00:00,6.540,0.000,0.000,0.000,0.400
2023-03-08 23:00:00,5.910,0.000,0.000,0.000,0.300
2023-03-09 00:00:00,6.310,0.000,0.000,0.000,0.200
2023-03-09 01:00:00,6.890,0.000,0.000,0.000,0.100
2023-03-09 02:00:00,6.840,0.000,0.000,0.000,0.100
2023-03-09 03:00:00,6.670,0.000,0.000,0.000,0.100
2023-03-09 04:00:00,6.400,0.000,0.000,0.000,0.100
2023-03-09 05:00:00,5.950,0.000,0.000,0.000,0.100
2023-03-09 06:00:00,5.780,0.000,0.000,0.000,0.100
2023-03-09 07:00:00,5.820,17.000,0.000,17.000,0.100
2023-03-09 08:00:00,4.640,93.000,58.800,79.000,0.500
2023-03-09 09:00:00,4.000,153.000,49.500,135.000,0.900
2023-03-09 10:00:00,3.310,126.000,4.300,124.000,1.300
2023-03-09 11:00:00,1.900,149.000,17.200,140.000,1.700
2023-03-09 12:00:00,1.810,172.000,29.500,156.000,2.100
2023-03-09 13:00:00,0.920,117.000,17.200,108.000,2.100
2023-03-09 14:00:00,0.900,174.000,19.400,165.000,2.400
2023-03-09 15:00:00,1.300,95.000,5.400,93.000,2.300
2023-03-09 16:00:00,1.730,74.000,4.100,73.000,2.100
2023-03-09 17:00:00,2.120,13.000,0.000,13.000,1.300
2023-03-09 18:00:00,3.220,0.000,0.000,0.000,0.500
2023-03-09 19:00:00,4.200,0.000,0.000,0.000,0.300
2023-03-09 20:00:00,4.610,0.000,0.000,0.000,0.300
2023-03-09 21:00:00,5.260,0.000,0.000,0.000,0.500
2023-03-09 22:00:00,6.100,0.000,0.000,0.000,0.600
2023-03-09 23:00:00,6.760,0.000,0.000,0.000,0.500
2023-03-10 00:00:00,6.620,0.000,0.000,0.000,0.700
2023-03-10 01:00:00,6.800,0.000,0.000,0.000,0.900
2023-03-10 02:00:00,7.010,0.000,0.000,0.000,1.100
2023-03-10 03:00:00,6.800,0.000,0.000,0.000,1.300
2023-03-10 04:00:00,4.910,0.000,0.000,0.000,1.600
2023-03-10 05:00:00,3.490,0.000,0.000,0.000,1.400
2023-03-10 06:00:00,3.760,0.000,0.000,0.000,1.300
2023-03-10 07:00:00,3.960,10.000,9.700,9.000,1.100
2023-03-10 08:00:00,3.690,35.000,12.300,32.000,1.300
2023-03-10 09:00:00,2.830,46.000,0.000,46.000,1.300
2023-03-10 10:00:00,4.400,40.000,0.000,40.000,1.800
2023-03-10 11:00:00,4.260,52.000,0.000,52.000,1.700
2023-03-10 12:00:00,4.670,64.000,0.000,64.000,1.800
2023-03-10 13:00:00,4.550,121.000,24.600,108.000,2.000
2023-03-10 14:00:00,4.500,76.000,2.100,75.000,2.100
2023-03-10 15:00:00,5.000,36.000,0.000,36.000,2.000
2023-03-10 16:00:00,5.580,23.000,0.000,23.000,1.900
2023-03-10 17:00:00,6.350,7.000,0.000,7.000,1.600
2023-03-10 18:00:00,7.100,0.000,0.000,0.000,1.300
2023-03-10 19:00:00,6.900,0.000,0.000,0.000,0.900
2023-03-10 20:00:00,8.250,0.000,0.000,0.000,0.500
2023-03-10 21:00:00,11.450,0.000,0.000,0.000,0.600
2023-03-10 22:00:00,11.940,0.000,0.000,0.000,0.400
2023-03-10 23:00:00,10.890,0.000,0.000,0.000,0.400
2023-03-11 00:00:00,10.730,0.000,0.000,0.000,0.400
2023-03-11 01:00:00,10.220,0.000,0.000,0.000,0.300
2023-03-11 02:00:00,8.770,0.000,0.000,0.000,0.200
2023-03-11 03:00:00,8.660,0.000,0.000,0.000,-0.100
2023-03-11 04:00:00,8.630,0.000,0.000,0.000,0.000
2023-03-11 05:00:00,8.320,0.000,0.000,0.000,0.100
2023-03-11 06:00:00,7.920,1.000,0.000,1.000,-0.300
2023-03-11 07:00:00,7.470,34.000,84.400,25.000,-0.300
2023-03-11 08:00:00,7.520,129.000,215.500,75.000,0.100
2023-03-11 09:00:00,7.450,247.000,313.600,129.000,0.600
2023-03-11 10:00:00,7.580,369.000,448.300,157.000,0.900
2023-03-11 11:00:00,7.440,368.000,305.400,205.000,1.600
2023-03-11 12:00:00,6.130,420.000,315.600,245.000,2.300
2023-03-11 13:00:00,5.630,380.000,252.700,245.000,3.100
2023-03-11 14:00:00,5.540,319.000,257.500,197.000,3.600
2023-03-11 15:00:00,6.000,199.000,166.800,136.000,3.700
2023-03-11 16:00:00,6.250,163.000,273.300,94.000,3.600
2023-03-11 17:00:00,6.680,58.000,204.000,36.000,2.700
2023-03-11 18:00:00,7.320,1.000,0.000,1.000,1.300
2023-03-11 19:00:00,7.690,0.000,0.000,0.000,0.900
2023-03-11 20:00:00,7.690,0.000,0.000,0.000,0.300
2023-03-11 21:00:00,7.630,0.000,0.000,0.000,-0.100
2023-03-11 22:00:00,7.810,0.000,0.000,0.000,-0.500
2023-03-11 23:00:00,7.600,0.000,0.000,0.000,-0.700
2023-03-12 00:00:00,7.160,0.000,0.000,0.000,-1.000
2023-03-12 01:00:00,6.670,0.000,0.000,0.000,-1.100
2023-03-12 02:00:00,5.760,0.000,0.000,0.000,-1.600
2023-03-12 03:00:00,5.520,0.000,0.000,0.000,-2.200
2023-03-12 04:00:00,5.750,0.000,0.000,0.000,-2.600
2023-03-12 05:00:00,5.560,0.000,0.000,0.000,-2.800
2023-03-12 06:00:00,5.500,1.000,0.000,1.000,-3.000
2023-03-12 07:00:00,5.750,42.000,45.300,37.000,-1.100
2023-03-12 08:00:00,5.700,157.000,155.700,117.000,0.200
2023-03-12 09:00:00,5.400,225.000,122.900,178.000,1.400
2023-03-12 10:00:00,5.360,170.000,52.200,145.000,2.700
2023-03-12 11:00:00,6.040,286.000,137.200,212.000,3.300
2023-03-12 12:00:00,6.250,196.000,89.200,146.000,3.000
2023-03-12 13:00:00,6.100,99.000,13.000,92.000,2.400
2023-03-12 14:00:00,6.940,100.000,18.800,91.000,2.500
2023-03-12 15:00:00,7.610,49.000,2.600,48.000,3.200
2023-03-12 16:00:00,8.490,30.000,0.000,30.000,4.100
2023-03-12 17:00:00,8.770,8.000,0.000,8.000,4.900
2023-03-12 18:00:00,9.140,0.000,0.000,0.000,5.700
2023-03-12 19:00:00,9.350,0.000,0.000,0.000,6.200
2023-03-12 20:00:00,9.270,0.000,0.000,0.000,6.700
2023-03-12 21:00:00,8.810,0.000,0.000,0.000,6.900
2023-03-12 22:00:00,9.080,0.000,0.000,0.000,7.500
2023-03-12 23:00:00,8.880,0.000,0.000,0.000,7.700
2023-03-13 00:00:00,8.490,0.000,0.000,0.000,7.900
2023-03-13 01:00:00,8.620,0.000,0.000,0.000,8.000
2023-03-13 02:00:00,8.820,0.000,0.000,0.000,8.000
2023-03-13 03:00:00,9.130,0.000,0.000,0.000,8.000
2023-03-13 04:00:00,9.680,0.000,0.000,0.000,7.900
2023-03-13 05:00:00,11.070,0.000,0.000,0.000,8.000
2023-03-13 06:00:00,12.180,0.000,0.000,0.000,8.600
2023-03-13 07:00:00,12.390,9.000,0.000,9.000,9.800
2023-03-13 08:00:00,12.660,32.000,3.800,31.000,10.800
2023-03-13 09:00:00,13.460,50.000,5.100,48.000,11.700
2023-03-13 10:00:00,13.900,80.000,26.800,67.000,12.900
2023-03-13 11:00:00,12.620,96.000,3.700,94.000,14.100
2023-03-13 12:00:00,11.650,108.000,8.800,103.000,15.100
2023-03-13 13:00:00,10.620,176.000,73.400,136.000,16.000
2023-03-13 14:00:00,13.590,249.000,247.700,129.000,16.700
2023-03-13 15:00:00,12.970,186.000,244.800,91.000,16.800
2023-03-13 16:00:00,11.950,109.000,209.600,54.000,16.100
2023-03-13 17:00:00,11.530,54.000,223.600,28.000,15.400
2023-03-13 18:00:00,10.960,1.000,0.000,1.000,14.500
2023-03-13 19:00:00,10.280,0.000,0.000,0.000,13.900
2023-03-13 20:00:00,9.800,0.000,0.000,0.000,13.300
2023-03-13 21:00:00,9.170,0.000,0.000,0.000,12.800
2023-03-13 22:00:00,9.260,0.000,0.000,0.000,12.100
2023-03-13 23:00:00,9.240,0.000,0.000,0.000,11.200
2023-03-14 00:00:00,9.570,0.000,0.000,0.000,11.100
2023-03-14 01:00:00,10.260,0.000,0.000,0.000,11.500
2023-03-14 02:00:00,10.660,0.000,0.000,0.000,11.600
2023-03-14 03:00:00,10.760,0.000,0.000,0.000,11.300
2023-03-14 04:00:00,11.060,0.000,0.000,0.000,10.700
2023-03-14 05:00:00,11.460,0.000,0.000,0.000,10.200
2023-03-14 06:00:00,11.120,2.000,0.000,2.000,10.100
2023-03-14 07:00:00,10.540,61.000,227.800,33.000,10.100
2023-03-14 08:00:00,9.850,149.000,174.600,102.000,10.900
2023-03-14 09:00:00,10.610,181.000,154.500,120.000,11.100
2023-03-14 10:00:00,7.570,190.000,108.000,137.000,11.200
2023-03-14 11:00:00,9.680,212.000,136.000,137.000,11.600
2023-03-14 12:00:00,11.200,172.000,56.000,140.000,9.000
2023-03-14 13:00:00,10.930,153.000,89.000,104.000,4.000
2023-03-14 14:00:00,9.480,85.000,2.000,84.000,3.600
2023-03-14 15:00:00,8.770,114.000,35.600,100.000,5.000
2023-03-14 16:00:00,9.760,139.000,190.700,88.000,5.600
2023-03-14 17:00:00,9.910,69.000,231.300,41.000,5.200
2023-03-14 18:00:00,9.210,2.000,0.000,2.000,4.500
2023-03-14 19:00:00,8.990,0.000,0.000,0.000,3.900
2023-03-14 20:00:00,8.540,0.000,0.000,0.000,3.300
2023-03-14 21:00:00,8.030,0.000,0.000,0.000,2.700
2023-03-14 22:00:00,8.300,0.000,0.000,0.000,1.800
2023-03-14 23:00:00,7.960,0.000,0.000,0.000,1.700
2023-03-15 00:00:00,8.040,0.000,0.000,0.000,1.600
2023-03-15 01:00:00,8.230,0.000,0.000,0.000,1.600
2023-03-15 02:00:00,8.610,0.000,0.000,0.000,1.700
2023-03-15 03:00:00,8.450,0.000,0.000,0.000,1.900
2023-03-15 04:00:00,7.930,0.000,0.000,0.000,1.700
2023-03-15 05:00:00,7.510,0.000,0.000,0.000,1.700
2023-03-15 06:00:00,7.030,3.000,0.000,3.000,1.400
2023-03-15 07:00:00,7.050,58.000,162.600,37.000,1.700
2023-03-15 08:00:00,6.360,194.000,366.700,93.000,2.400
2023-03-15 09:00:00,6.390,332.000,541.300,115.000,3.500
2023-03-15 10:00:00,5.790,438.000,650.000,115.000,4.600
2023-03-15 11:00:00,6.140,476.000,579.800,153.000,5.100
2023-03-15 12:00:00,6.550,541.000,677.300,150.000,5.400
2023-03-15 13:00:00,7.080,519.000,703.200,128.000,4.900
2023-03-15 14:00:00,7.340,405.000,535.400,140.000,5.400
2023-03-15 15:00:00,7.150,314.000,472.100,126.000,5.500
2023-03-15 16:00:00,6.240,194.000,374.600,92.000,5.700
2023-03-15 17:00:00,5.750,78.000,317.800,38.000,5.100
2023-03-15 18:00:00,4.820,3.000,19.100,2.000,3.100
2023-03-15 19:00:00,4.830,0.000,0.000,0.000,2.000
2023-03-15 20:00:00,5.030,0.000,0.000,0.000,1.000
2023-03-15 21:00:00,5.460,0.000,0.000,0.000,0.500
2023-03-15 22:00:00,5.640,0.000,0.000,0.000,0.400
2023-03-15 23:00:00,6.010,0.000,0.000,0.000,-0.100
2023-03-16 00:00:00,5.970,0.000,0.000,0.000,-0.700
2023-03-16 01:00:00,6.070,0.000,0.000,0.000,-0.900
2023-03-16 02:00:00,6.370,0.000,0.000,0.000,-0.800
2023-03-16 03:00:00,6.770,0.000,0.000,0.000,-0.800
2023-03-16 04:00:00,6.970,0.000,0.000,0.000,-0.700
2023-03-16 05:00:00,7.000,0.000,0.000,0.000,-0.600
2023-03-16 06:00:00,7.210,4.000,0.000,4.000,-0.300
2023-03-16 07:00:00,7.050,77.000,184.700,52.000,1.000
2023-03-16 08:00:00,6.480,193.000,291.200,111.000,2.900
2023-03-16 09:00:00,6.170,294.000,317.000,165.000,4.800
2023-03-16 10:00:00,6.080,361.000,262.500,229.000,6.500
2023-03-16 11:00:00,6.820,461.000,412.200,229.000,7.800
2023-03-16 12:00:00,7.560,470.000,389.500,243.000,8.500
2023-03-16 13:00:00,7.910,434.000,331.300,248.000,9.100
2023-03-16 14:00:00,8.010,359.000,251.900,233.000,9.200
2023-03-16 15:00:00,8.210,264.000,208.300,180.000,9.000
2023-03-16 16:00:00,8.140,140.000,54.100,125.000,8.700
2023-03-16 17:00:00,8.540,52.000,15.300,50.000,8.100
2023-03-16 18:00:00,9.030,3.000,0.000,3.000,7.400
2023-03-16 19:00:00,9.100,0.000,0.000,0.000,7.000
2023-03-16 20:00:00,9.080,0.000,0.000,0.000,6.500
2023-03-16 21:00:00,9.040,0.000,0.000,0.000,6.100
2023-03-16 22:00:00,8.950,0.000,0.000,0.000,5.800
2023-03-16 23:00:00,8.930,0.000,0.000,0.000,5.700
2023-03-17 00:00:00,8.680,0.000,0.000,0.000,5.500
2023-03-17 01:00:00,8.410,0.000,0.000,0.000,5.300
2023-03-17 02:00:00,8.100,0.000,0.000,0.000,5.200
2023-03-17 03:00:00,7.900,0.000,0.000,0.000,5.200
2023-03-17 04:00:00,8.000,0.000,0.000,0.000,5.000
2023-03-17 05:00:00,8.210,0.000,0.000,0.000,4.800
2023-03-17 06:00:00,8.400,5.000,0.000,5.000,4.500
2023-03-17 07:00:00,8.010,79.000,148.400,58.000,5.700
2023-03-17 08:00:00,7.320,218.000,455.300,87.000,8.000
2023-03-17 09:00:00,6.220,359.000,612.700,106.000,10.000
2023-03-17 10:00:00,5.500,443.000,550.400,163.000,12.300
2023-03-17 11:00:00,5.600,507.000,578.600,178.000,13.900
2023-03-17 12:00:00,6.010,464.000,385.800,237.000,15.000
2023-03-17 13:00:00,6.030,356.000,144.700,274.000,15.300
2023-03-17 14:00:00,5.600,296.000,116.800,237.000,15.500
2023-03-17 15:00:00,5.410,220.000,112.700,174.000,15.200
2023-03-17 16:00:00,6.000,116.000,21.300,110.000,14.700
2023-03-17 17:00:00,6.450,43.000,7.400,42.000,13.800
2023-03-17 18:00:00,6.610,2.000,0.000,2.000,12.800
2023-03-17 19:00:00,6.530,0.000,0.000,0.000,12.400
2023-03-17 20:00:00,6.550,0.000,0.000,0.000,11.900
2023-03-17 21:00:00,6.750,0.000,0.000,0.000,11.600
2023-03-17 22:00:00,6.390,0.000,0.000,0.000,11.300
2023-03-17 23:00:00,6.660,0.000,0.000,0.000,11.000
2023-03-18 00:00:00,6.950,0.000,0.000,0.000,10.600
2023-03-18 01:00:00,7.210,0.000,0.000,0.000,10.600
2023-03-18 02:00:00,6.740,0.000,0.000,0.000,10.400
2023-03-18 03:00:00,6.520,0.000,0.000,0.000,10.100
2023-03-18 04:00:00,6.850,0.000,0.000,0.000,10.100
2023-03-18 05:00:00,6.980,0.000,0.000,0.000,9.900
2023-03-18 06:00:00,7.210,5.000,0.000,5.000,9.800
2023-03-18 07:00:00,6.780,89.000,311.600,43.000,10.600
2023-03-18 08:00:00,5.610,222.000,510.600,72.000,11.900
2023-03-18 09:00:00,5.160,313.000,506.100,101.000,13.200
2023-03-18 10:00:00,4.440,456.000,680.100,106.000,14.300
2023-03-18 11:00:00,5.390,480.000,613.000,128.000,14.800
2023-03-18 12:00:00,5.940,417.000,444.500,153.000,15.200
2023-03-18 13:00:00,4.920,398.000,499.900,112.000,16.000
2023-03-18 14:00:00,3.490,336.000,411.400,126.000,16.200
2023-03-18 15:00:00,2.660,263.000,360.700,114.000,16.300
2023-03-18 16:00:00,1.640,164.000,181.300,112.000,16.300
2023-03-18 17:00:00,1.660,60.000,64.200,51.000,16.000
2023-03-18 18:00:00,1.360,5.000,0.000,5.000,12.700
2023-03-18 19:00:00,1.910,0.000,0.000,0.000,11.100
2023-03-18 20:00:00,2.450,0.000,0.000,0.000,10.500
2023-03-18 21:00:00,2.920,0.000,0.000,0.000,10.200
2023-03-18 22:00:00,2.790,0.000,0.000,0.000,9.900
2023-03-18 23:00:00,3.720,0.000,0.000,0.000,9.700
2023-03-19 00:00:00,4.700,0.000,0.000,0.000,9.500
2023-03-19 01:00:00,5.080,0.000,0.000,0.000,9.100
2023-03-19 02:00:00,5.100,0.000,0.000,0.000,9.000
2023-03-19 03:00:00,5.060,0.000,0.000,0.000,8.500
2023-03-19 04:00:00,4.960,0.000,0.000,0.000,8.300
2023-03-19 05:00:00,5.030,0.000,0.000,0.000,7.900
2023-03-19 06:00:00,5.420,8.000,37.100,6.000,8.000
2023-03-19 07:00:00,5.470,87.000,260.200,47.000,9.000
2023-03-19 08:00:00,4.840,181.000,276.800,98.000,10.700
2023-03-19 09:00:00,3.680,330.000,489.600,122.000,12.400
2023-03-19 10:00:00,3.310,455.000,605.300,140.000,14.000
2023-03-19 11:00:00,3.490,530.000,679.500,136.000,15.100
2023-03-19 12:00:00,3.740,532.000,589.000,179.000,15.800
2023-03-19 13:00:00,2.910,462.000,450.300,202.000,15.800
2023-03-19 14:00:00,3.810,357.000,320.100,192.000,15.600
2023-03-19 15:00:00,3.130,259.000,241.600,158.000,15.700
2023-03-19 16:00:00,2.780,121.000,99.400,92.000,14.400
2023-03-19 17:00:00,3.270,41.000,55.200,33.000,13.400
2023-03-19 18:00:00,4.120,4.000,0.000,4.000,11.800
2023-03-19 19:00:00,4.560,0.000,0.000,0.000,10.600
2023-03-19 20:00:00,5.160,0.000,0.000,0.000,10.000
2023-03-19 21:00:00,5.500,0.000,0.000,0.000,9.900
2023-03-19 22:00:00,5.410,0.000,0.000,0.000,9.600
2023-03-19 23:00:00,4.600,0.000,0.000,0.000,9.200
2023-03-20 00:00:00,5.020,0.000,0.000,0.000,8.500
2023-03-20 01:00:00,6.090,0.000,0.000,0.000,8.400
2023-03-20 02:00:00,6.450,0.000,0.000,0.000,8.300
2023-03-20 03:00:00,6.060,0.000,0.000,0.000,8.200
2023-03-20 04:00:00,5.020,0.000,0.000,0.000,8.400
2023-03-20 05:00:00,4.710,0.000,0.000,0.000,8.200
2023-03-20 06:00:00,5.190,3.000,0.000,3.000,8.100
2023-03-20 07:00:00,5.710,31.000,0.000,31.000,8.400
2023-03-20 08:00:00,5.940,100.000,26.200,92.000,8.800
2023-03-20 09:00:00,6.710,130.000,11.600,125.000,9.500
2023-03-20 10:00:00,6.260,223.000,57.000,193.000,9.600
2023-03-20 11:00:00,6.020,273.000,90.500,220.000,10.100
2023-03-20 12:00:00,5.970,282.000,105.800,218.000,10.700
2023-03-20 13:00:00,6.790,262.000,127.000,188.000,10.900
2023-03-20 14:00:00,6.790,196.000,76.800,156.000,10.900
2023-03-20 15:00:00,6.790,137.000,75.700,105.000,10.600
2023-03-20 16:00:00,6.480,85.000,57.400,68.000,10.200
2023-03-20 17:00:00,6.610,32.000,6.700,31.000,9.700
2023-03-20 18:00:00,6.520,3.000,0.000,3.000,9.000
2023-03-20 19:00:00,6.540,0.000,0.000,0.000,8.600
2023-03-20 20:00:00,6.400,0.000,0.000,0.000,8.300
2023-03-20 21:00:00,6.080,0.000,0.000,0.000,8.100
2023-03-20 22:00:00,5.420,0.000,0.000,0.000,7.900
2023-03-20 23:00:00,5.470,0.000,0.000,0.000,7.700
2023-03-21 00:00:00,5.660,0.000,0.000,0.000,7.700
2023-03-21 01:00:00,5.660,0.000,0.000,0.000,7.700
2023-03-21 02:00:00,5.400,0.000,0.000,0.000,7.800
2023-03-21 03:00:00,5.380,0.000,0.000,0.000,7.900
2023-03-21 04:00:00,5.450,0.000,0.000,0.000,8.000
2023-03-21 05:00:00,5.660,0.000,0.000,0.000,8.100
2023-03-21 06:00:00,5.540,1.000,0.000,1.000,8.300
2023-03-21 07:00:00,5.270,13.000,0.000,13.000,8.600
2023-03-21 08:00:00,5.440,41.000,0.000,41.000,9.200
2023-03-21 09:00:00,5.660,85.000,16.000,78.000,9.900
2023-03-21 10:00:00,6.740,118.000,18.800,108.000,10.500
2023-03-21 11:00:00,6.720,135.000,52.400,104.000,11.000
2023-03-21 12:00:00,6.740,83.000,16.400,73.000,10.900
2023-03-21 13:00:00,5.810,91.000,20.400,79.000,10.800
2023-03-21 14:00:00,6.160,94.000,0.000,94.000,10.900
2023-03-21 15:00:00,6.020,51.000,0.000,51.000,10.600
2023-03-21 16:00:00,6.170,49.000,3.300,48.000,10.500
2023-03-21 17:00:00,6.620,37.000,0.000,37.000,10.400
2023-03-21 18:00:00,7.220,3.000,0.000,3.000,10.300
2023-03-21 19:00:00,7.680,0.000,0.000,0.000,9.900
2023-03-21 20:00:00,7.480,0.000,0.000,0.000,9.800
2023-03-21 21:00:00,7.360,0.000,0.000,0.000,9.500
2023-03-21 22:00:00,7.490,0.000,0.000,0.000,8.800
2023-03-21 23:00:00,7.600,0.000,0.000,0.000,8.700
2023-03-22 00:00:00,7.780,0.000,0.000,0.000,8.700
2023-03-22 01:00:00,7.820,0.000,0.000,0.000,8.700
2023-03-22 02:00:00,7.820,0.000,0.000,0.000,8.600
2023-03-22 03:00:00,7.890,0.000,0.000,0.000,8.800
2023-03-22 04:00:00,7.690,0.000,0.000,0.000,9.100
2023-03-22 05:00:00,7.790,0.000,0.000,0.000,8.900
2023-03-22 06:00:00,8.220,10.000,31.600,8.000,9.000
2023-03-22 07:00:00,8.320,83.000,174.200,53.000,10.000
2023-03-22 08:00:00,7.940,164.000,198.100,101.000,11.100
2023-03-22 09:00:00,8.120,256.000,194.300,170.000,12.200
2023-03-22 10:00:00,8.740,351.000,225.000,230.000,13.500
2023-03-22 11:00:00,9.760,380.000,227.900,244.000,14.300
2023-03-22 12:00:00,10.510,280.000,84.500,228.000,14.200
2023-03-22 13:00:00,10.950,263.000,43.800,237.000,14.500
2023-03-22 14:00:00,8.860,175.000,13.200,168.000,14.000
2023-03-22 15:00:00,7.780,108.000,2.300,107.000,13.600
2023-03-22 16:00:00,7.910,53.000,0.000,53.000,13.100
2023-03-22 17:00:00,7.860,29.000,0.000,29.000,13.000
2023-03-22 18:00:00,7.640,1.000,0.000,1.000,12.800
2023-03-22 19:00:00,7.640,0.000,0.000,0.000,12.600
2023-03-22 20:00:00,7.650,0.000,0.000,0.000,12.400
2023-03-22 21:00:00,7.720,0.000,0.000,0.000,12.400
2023-03-22 22:00:00,8.090,0.000,0.000,0.000,12.500
2023-03-22 23:00:00,8.370,0.000,0.000,0.000,12.400
2023-03-23 00:00:00,8.660,0.000,0.000,0.000,11.900
2023-03-23 01:00:00,8.930,0.000,0.000,0.000,11.300
2023-03-23 02:00:00,8.820,0.000,0.000,0.000,10.800
2023-03-23 03:00:00,8.930,0.000,0.000,0.000,10.900
2023-03-23 04:00:00,8.980,0.000,0.000,0.000,10.900
2023-03-23 05:00:00,9.360,0.000,0.000,0.000,11.000
2023-03-23 06:00:00,9.520,4.000,0.000,4.000,11.100
2023-03-23 07:00:00,9.950,72.000,44.900,64.000,11.500
2023-03-23 08:00:00,9.140,164.000,117.200,126.000,12.300
2023-03-23 09:00:00,10.680,248.000,167.200,173.000,13.000
2023-03-23 10:00:00,9.290,239.000,58.900,207.000,13.200
2023-03-23 11:00:00,9.180,228.000,38.200,205.000,13.400
2023-03-23 12:00:00,10.400,179.000,54.800,145.000,12.600
2023-03-23 13:00:00,8.860,128.000,11.700,121.000,12.200
2023-03-23 14:00:00,8.730,189.000,104.500,133.000,12.100
2023-03-23 15:00:00,7.890,323.000,461.700,121.000,12.800
2023-03-23 16:00:00,7.580,215.000,383.100,96.000,13.000
2023-03-23 17:00:00,7.360,93.000,299.500,44.000,12.500
2023-03-23 18:00:00,7.360,8.000,33.900,6.000,12.000
2023-03-23 19:00:00,7.360,0.000,0.000,0.000,11.400
2023-03-23 20:00:00,7.340,0.000,0.000,0.000,11.100
2023-03-23 21:00:00,7.730,0.000,0.000,0.000,11.000
2023-03-23 22:00:00,8.140,0.000,0.000,0.000,10.900
2023-03-23 23:00:00,8.170,0.000,0.000,0.000,11.200
2023-03-24 00:00:00,8.150,0.000,0.000,0.000,11.300
2023-03-24 01:00:00,8.830,0.000,0.000,0.000,11.400
2023-03-24 02:00:00,9.640,0.000,0.000,0.000,11.300
2023-03-24 03:00:00,9.890,0.000,0.000,0.000,11.400
2023-03-24 04:00:00,9.550,0.000,0.000,0.000,11.700
2023-03-24 05:00:00,10.340,0.000,0.000,0.000,11.900
2023-03-24 06:00:00,11.160,7.000,0.000,7.000,12.300
2023-03-24 07:00:00,11.460,27.000,0.000,27.000,12.500
2023-03-24 08:00:00,10.640,103.000,51.500,86.000,12.500
2023-03-24 09:00:00,10.530,268.000,193.600,180.000,12.200
2023-03-24 10:00:00,9.140,463.000,560.700,155.000,13.200
2023-03-24 11:00:00,9.370,500.000,565.900,156.000,13.500
2023-03-24 12:00:00,9.880,556.000,678.600,131.000,13.800
2023-03-24 13:00:00,9.840,493.000,578.400,144.000,14.200
2023-03-24 14:00:00,9.960,445.000,579.000,132.000,14.200
2023-03-24 15:00:00,9.170,312.000,452.100,112.000,14.200
2023-03-24 16:00:00,7.650,237.000,516.900,74.000,13.500
2023-03-24 17:00:00,7.990,76.000,190.200,44.000,11.900
2023-03-24 18:00:00,7.960,7.000,16.300,6.000,10.200
2023-03-24 19:00:00,7.930,0.000,0.000,0.000,9.600
2023-03-24 20:00:00,8.440,0.000,0.000,0.000,8.900
2023-03-24 21:00:00,8.270,0.000,0.000,0.000,8.800
2023-03-24 22:00:00,8.590,0.000,0.000,0.000,8.600
2023-03-24 23:00:00,8.650,0.000,0.000,0.000,8.600
2023-03-25 00:00:00,9.260,0.000,0.000,0.000,8.800
2023-03-25 01:00:00,9.640,0.000,0.000,0.000,9.000
2023-03-25 02:00:00,9.790,0.000,0.000,0.000,9.100
2023-03-25 03:00:00,9.890,0.000,0.000,0.000,9.000
2023-03-25 04:00:00,10.000,0.000,0.000,0.000,8.700
2023-03-25 05:00:00,10.000,0.000,0.000,0.000,8.400
2023-03-25 06:00:00,10.100,12.000,27.500,10.000,8.200
2023-03-25 07:00:00,10.460,71.000,104.800,51.000,8.700
2023-03-25 08:00:00,10.960,197.000,240.800,116.000,9.200
2023-03-25 09:00:00,10.080,291.000,228.000,186.000,9.400
2023-03-25 10:00:00,9.960,356.000,286.400,197.000,10.000
2023-03-25 11:00:00,10.460,322.000,159.800,224.000,9.900
2023-03-25 12:00:00,9.670,380.000,237.500,230.000,10.500
2023-03-25 13:00:00,9.490,351.000,223.500,215.000,10.500
2023-03-25 14:00:00,12.370,228.000,99.000,174.000,10.400
2023-03-25 15:00:00,10.810,166.000,51.400,143.000,10.500
2023-03-25 16:00:00,9.270,156.000,125.000,116.000,9.100
2023-03-25 17:00:00,12.170,64.000,92.500,48.000,9.200
2023-03-25 18:00:00,10.960,9.000,31.500,7.000,8.500
2023-03-25 19:00:00,11.680,0.000,0.000,0.000,7.900
2023-03-25 20:00:00,11.570,0.000,0.000,0.000,7.800
2023-03-25 21:00:00,11.550,0.000,0.000,0.000,7.600
2023-03-25 22:00:00,10.010,0.000,0.000,0.000,7.600
2023-03-25 23:00:00,9.400,0.000,0.000,0.000,7.500
2023-03-26 00:00:00,9.450,0.000,0.000,0.000,7.600
2023-03-26 01:00:00,9.190,0.000,0.000,0.000,7.700
2023-03-26 02:00:00,8.570,0.000,0.000,0.000,7.600
2023-03-26 03:00:00,7.910,0.000,0.000,0.000,7.300
2023-03-26 04:00:00,6.970,0.000,0.000,0.000,7.200
2023-03-26 05:00:00,6.400,0.000,0.000,0.000,7.000
2023-03-26 06:00:00,5.890,8.000,13.200,7.000,7.000
2023-03-26 07:00:00,5.910,43.000,5.100,42.000,7.500
2023-03-26 08:00:00,4.630,120.000,26.300,111.000,7.900
2023-03-26 09:00:00,3.670,241.000,175.800,159.000,8.300
2023-03-26 10:00:00,3.050,336.000,256.800,192.000,8.100
2023-03-26 11:00:00,2.690,297.000,147.000,206.000,8.600
2023-03-26 12:00:00,2.830,383.000,218.200,244.000,9.100
2023-03-26 13:00:00,3.360,343.000,163.000,243.000,9.200
2023-03-26 14:00:00,3.980,314.000,154.400,229.000,9.400
2023-03-26 15:00:00,4.100,224.000,137.200,162.000,9.500
2023-03-26 16:00:00,4.100,106.000,55.400,88.000,9.100
2023-03-26 17:00:00,4.630,62.000,73.200,49.000,8.600
2023-03-26 18:00:00,5.360,8.000,30.400,6.000,7.700
2023-03-26 19:00:00,6.670,0.000,0.000,0.000,6.600
2023-03-26 20:00:00,7.750,0.000,0.000,0.000,5.700
2023-03-26 21:00:00,8.130,0.000,0.000,0.000,4.900
2023-03-26 22:00:00,8.660,0.000,0.000,0.000,4.300
2023-03-26 23:00:00,8.440,0.000,0.000,0.000,3.600
2023-03-27 00:00:00,8.190,0.000,0.000,0.000,2.900
2023-03-27 01:00:00,7.540,0.000,0.000,0.000,2.000
2023-03-27 02:00:00,6.600,0.000,0.000,0.000,1.300
2023-03-27 03:00:00,6.510,0.000,0.000,0.000,0.800
2023-03-27 04:00:00,6.810,0.000,0.000,0.000,0.300
2023-03-27 05:00:00,7.120,0.000,0.000,0.000,0.300
2023-03-27 06:00:00,7.350,26.000,139.500,15.000,0.900
2023-03-27 07:00:00,6.740,139.000,398.600,58.000,2.200
2023-03-27 08:00:00,8.650,263.000,502.100,88.000,3.500
2023-03-27 09:00:00,7.750,373.000,518.600,128.000,4.500
2023-03-27 10:00:00,7.340,501.000,566.600,180.000,4.900
2023-03-27 11:00:00,7.380,525.000,499.600,213.000,4.700
2023-03-27 12:00:00,7.880,476.000,378.400,233.000,4.300
2023-03-27 13:00:00,7.840,501.000,509.200,186.000,5.000
2023-03-27 14:00:00,7.700,439.000,486.200,169.000,5.500
2023-03-27 15:00:00,8.190,331.000,396.300,150.000,4.700
2023-03-27 16:00:00,7.890,189.000,230.700,113.000,5.000
2023-03-27 17:00:00,9.800,91.000,164.700,61.000,4.000
2023-03-27 18:00:00,8.600,15.000,73.300,10.000,3.200
2023-03-27 19:00:00,8.670,0.000,0.000,0.000,2.700
2023-03-27 20:00:00,9.510,0.000,0.000,0.000,2.600
2023-03-27 21:00:00,9.840,0.000,0.000,0.000,2.400
2023-03-27 22:00:00,9.220,0.000,0.000,0.000,2.500
2023-03-27 23:00:00,9.360,0.000,0.000,0.000,2.300
2023-03-28 00:00:00,9.680,0.000,0.000,0.000,2.000
2023-03-28 01:00:00,9.420,0.000,0.000,0.000,2.100
2023-03-28 02:00:00,8.780,0.000,0.000,0.000,1.800
2023-03-28 03:00:00,7.970,0.000,0.000,0.000,1.500
2023-03-28 04:00:00,7.520,0.000,0.000,0.000,1.200
2023-03-28 05:00:00,7.400,0.000,0.000,0.000,0.900
2023-03-28 06:00:00,7.160,27.000,134.200,16.000,1.100
2023-03-28 07:00:00,7.010,118.000,272.200,61.000,2.200
2023-03-28 08:00:00,7.030,243.000,366.600,113.000,3.400
2023-03-28 09:00:00,7.320,404.000,574.900,129.000,4.600
2023-03-28 10:00:00,5.470,465.000,606.400,118.000,5.500
2023-03-28 11:00:00,5.610,439.000,408.000,182.000,6.000
2023-03-28 12:00:00,5.220,445.000,359.900,212.000,6.800
2023-03-28 13:00:00,5.410,415.000,331.900,208.000,7.300
2023-03-28 14:00:00,5.480,276.000,105.300,217.000,7.200
2023-03-28 15:00:00,5.100,250.000,153.900,179.000,7.500
2023-03-28 16:00:00,4.520,189.000,128.700,146.000,7.400
2023-03-28 17:00:00,3.610,98.000,123.200,75.000,6.800
2023-03-28 18:00:00,2.940,17.000,42.600,14.000,5.600
2023-03-28 19:00:00,3.410,0.000,0.000,0.000,4.600
2023-03-28 20:00:00,5.510,0.000,0.000,0.000,4.100
2023-03-28 21:00:00,6.330,0.000,0.000,0.000,4.400
2023-03-28 22:00:00,6.410,0.000,0.000,0.000,4.600
2023-03-28 23:00:00,6.630,0.000,0.000,0.000,4.900
2023-03-29 00:00:00,6.670,0.000,0.000,0.000,4.800
2023-03-29 01:00:00,6.490,0.000,0.000,0.000,4.500
2023-03-29 02:00:00,6.220,0.000,0.000,0.000,4.000
2023-03-29 03:00:00,6.580,0.000,0.000,0.000,3.800
2023-03-29 04:00:00,6.710,0.000,0.000,0.000,3.600
2023-03-29 05:00:00,6.650,0.000,0.000,0.000,3.800
2023-03-29 06:00:00,6.360,21.000,58.800,16.000,4.200
2023-03-29 07:00:00,6.500,68.000,60.300,55.000,4.800
2023-03-29 08:00:00,6.010,113.000,74.900,86.000,5.800
2023-03-29 09:00:00,5.330,111.000,20.700,101.000,6.600
2023-03-29 10:00:00,4.480,105.000,8.700,100.000,7.500
2023-03-29 11:00:00,5.010,153.000,42.500,126.000,8.700
2023-03-29 12:00:00,5.300,169.000,36.800,145.000,9.800
2023-03-29 13:00:00,6.590,229.000,46.100,200.000,10.700
2023-03-29 14:00:00,6.660,227.000,143.400,146.000,11.200
2023-03-29 15:00:00,5.380,149.000,118.000,94.000,11.200
2023-03-29 16:00:00,4.740,82.000,14.800,77.000,11.000
2023-03-29 17:00:00,4.820,32.000,0.000,32.000,10.700
2023-03-29 18:00:00,5.040,6.000,0.000,6.000,10.200
2023-03-29 19:00:00,4.800,0.000,0.000,0.000,10.300
2023-03-29 20:00:00,4.590,0.000,0.000,0.000,10.300
2023-03-29 21:00:00,5.390,0.000,0.000,0.000,9.900
2023-03-29 22:00:00,5.600,0.000,0.000,0.000,10.100
2023-03-29 23:00:00,6.120,0.000,0.000,0.000,9.900
2023-03-30 00:00:00,6.500,0.000,0.000,0.000,9.900
2023-03-30 01:00:00,6.930,0.000,0.000,0.000,9.700
2023-03-30 02:00:00,7.690,0.000,0.000,0.000,9.500
2023-03-30 03:00:00,8.540,0.000,0.000,0.000,10.100
2023-03-30 04:00:00,8.770,0.000,0.000,0.000,10.900
2023-03-30 05:00:00,9.230,0.000,0.000,0.000,11.700
2023-03-30 06:00:00,8.580,11.000,34.000,8.000,11.900
2023-03-30 07:00:00,8.910,81.000,121.800,54.000,12.500
2023-03-30 08:00:00,8.960,173.000,191.000,103.000,13.200
2023-03-30 09:00:00,8.770,293.000,210.200,190.000,14.400
2023-03-30 10:00:00,6.460,395.000,433.600,142.000,14.700
2023-03-30 11:00:00,9.040,411.000,380.800,167.000,14.900
2023-03-30 12:00:00,9.430,355.000,311.700,150.000,14.200
2023-03-30 13:00:00,10.550,325.000,247.800,168.000,13.700
2023-03-30 14:00:00,10.740,381.000,415.900,144.000,14.600
2023-03-30 15:00:00,11.180,332.000,482.200,105.000,14.600
2023-03-30 16:00:00,9.960,194.000,300.100,91.000,13.700
2023-03-30 17:00:00,9.720,82.000,127.600,57.000,12.900
2023-03-30 18:00:00,9.040,13.000,40.000,10.000,11.900
2023-03-30 19:00:00,8.850,0.000,0.000,0.000,11.400
2023-03-30 20:00:00,9.280,0.000,0.000,0.000,11.300
2023-03-30 21:00:00,8.780,0.000,0.000,0.000,11.200
2023-03-30 22:00:00,9.500,0.000,0.000,0.000,11.200
2023-03-30 23:00:00,9.330,0.000,0.000,0.000,11.000
2023-03-31 00:00:00,9.140,0.000,0.000,0.000,11.100
2023-03-31 01:00:00,8.270,0.000,0.000,0.000,10.700
2023-03-31 02:00:00,7.570,0.000,0.000,0.000,10.400
2023-03-31 03:00:00,7.700,0.000,0.000,0.000,10.300
2023-03-31 04:00:00,7.600,0.000,0.000,0.000,9.900
2023-03-31 05:00:00,7.000,0.000,0.000,0.000,9.700
2023-03-31 06:00:00,6.580,26.000,32.900,23.000,9.800
2023-03-31 07:00:00,6.390,103.000,79.000,85.000,10.300
2023-03-31 08:00:00,5.710,152.000,56.400,131.000,10.400
2023-03-31 09:00:00,6.170,121.000,18.200,112.000,10.500
2023-03-31 10:00:00,5.350,219.000,32.300,200.000,11.400
2023-03-31 11:00:00,6.280,106.000,1.500,105.000,10.600
2023-03-31 12:00:00,6.220,159.000,16.600,148.000,10.700
2023-03-31 13:00:00,5.060,166.000,26.600,149.000,11.500
2023-03-31 14:00:00,4.990,323.000,146.200,239.000,12.800
2023-03-31 15:00:00,7.420,227.000,103.100,178.000,11.500
2023-03-31 16:00:00,6.380,88.000,37.400,75.000,10.400
2023-03-31 17:00:00,6.020,77.000,54.900,66.000,10.700
2023-03-31 18:00:00,6.410,17.000,25.900,15.000,10.000
2023-03-31 19:00:00,6.450,0.000,0.000,0.000,9.700
2023-03-31 20:00:00,6.710,0.000,0.000,0.000,9.900
2023-03-31 21:00:00,6.610,0.000,0.000,0.000,10.400
2023-03-31 22:00:00,6.570,0.000,0.000,0.000,10.400
2023-03-31 23:00:00,6.690,0.000,0.000,0.000,10.400
2023-04-01 00:00:00,6.200,0.000,0.000,0.000,10.100
2023-04-01 01:00:00,6.150,0.000,0.000,0.000,9.700
2023-04-01 02:00:00,6.100,0.000,0.000,0.000,9.400
2023-04-01 03:00:00,6.010,0.000,0.000,0.000,9.300
2023-04-01 04:00:00,5.800,0.000,0.000,0.000,9.400
2023-04-01 05:00:00,5.700,0.000,0.000,0.000,9.400
2023-04-01 06:00:00,5.520,12.000,0.000,12.000,9.500
2023-04-01 07:00:00,5.430,24.000,0.000,24.000,9.900
2023-04-01 08:00:00,5.140,48.000,0.000,48.000,10.400
2023-04-01 09:00:00,4.820,108.000,6.000,105.000,11.100
2023-04-01 10:00:00,3.140,165.000,16.800,155.000,11.500
2023-04-01 11:00:00,2.250,172.000,24.600,156.000,11.600
2023-04-01 12:00:00,2.680,181.000,29.900,161.000,11.400
2023-04-01 13:00:00,4.530,146.000,3.100,144.000,10.900
2023-04-01 14:00:00,8.520,101.000,12.100,94.000,9.900
2023-04-01 15:00:00,10.960,89.000,25.000,77.000,8.500
2023-04-01 16:00:00,12.140,54.000,8.500,51.000,7.400
2023-04-01 17:00:00,11.330,29.000,0.000,29.000,6.700
2023-04-01 18:00:00,11.330,4.000,0.000,4.000,6.100
2023-04-01 19:00:00,10.150,0.000,0.000,0.000,5.700
2023-04-01 20:00:00,9.950,0.000,0.000,0.000,5.200
2023-04-01 21:00:00,9.780,0.000,0.000,0.000,4.600
2023-04-01 22:00:00,8.820,0.000,0.000,0.000,3.800
2023-04-01 23:00:00,8.910,0.000,0.000,0.000,3.200
2023-04-02 00:00:00,8.950,0.000,0.000,0.000,2.800
2023-04-02 01:00:00,8.290,0.000,0.000,0.000,2.500
2023-04-02 02:00:00,8.290,0.000,0.000,0.000,2.300
2023-04-02 03:00:00,8.150,0.000,0.000,0.000,2.300
2023-04-02 04:00:00,8.240,0.000,0.000,0.000,2.100
2023-04-02 05:00:00,8.140,0.000,0.000,0.000,2.100
2023-04-02 06:00:00,8.630,27.000,71.900,20.000,2.300
2023-04-02 07:00:00,8.280,82.000,50.000,70.000,2.700
2023-04-02 08:00:00,7.700,137.000,39.000,122.000,3.100
2023-04-02 09:00:00,7.020,225.000,43.400,203.000,4.000
2023-04-02 10:00:00,5.820,303.000,93.300,247.000,4.500
2023-04-02 11:00:00,5.820,464.000,233.100,311.000,5.700
2023-04-02 12:00:00,6.060,528.000,349.200,293.000,6.700
2023-04-02 13:00:00,6.180,489.000,342.500,267.000,7.400
2023-04-02 14:00:00,6.200,383.000,256.900,233.000,7.700
2023-04-02 15:00:00,6.140,366.000,417.000,164.000,7.800
2023-04-02 16:00:00,6.440,202.000,173.800,140.000,7.500
2023-04-02 17:00:00,6.580,92.000,100.300,71.000,7.000
2023-04-02 18:00:00,6.500,17.000,48.900,13.000,6.200
2023-04-02 19:00:00,6.800,0.000,0.000,0.000,5.400
2023-04-02 20:00:00,6.940,0.000,0.000,0.000,4.600
2023-04-02 21:00:00,7.350,0.000,0.000,0.000,3.700
2023-04-02 22:00:00,7.170,0.000,0.000,0.000,2.400
2023-04-02 23:00:00,6.850,0.000,0.000,0.000,1.500
2023-04-03 00:00:00,6.450,0.000,0.000,0.000,0.600
2023-04-03 01:00:00,6.130,0.000,0.000,0.000,-0.000
2023-04-03 02:00:00,5.990,0.000,0.000,0.000,-0.900
2023-04-03 03:00:00,5.830,0.000,0.000,0.000,-1.200
2023-04-03 04:00:00,5.940,0.000,0.000,0.000,-1.600
2023-04-03 05:00:00,6.020,0.000,0.000,0.000,-1.800
2023-04-03 06:00:00,5.980,56.000,309.000,25.000,-0.900
2023-04-03 07:00:00,5.160,198.000,557.200,61.000,1.300
2023-04-03 08:00:00,5.460,353.000,692.100,83.000,3.400
2023-04-03 09:00:00,5.320,464.000,688.600,111.000,4.500
2023-04-03 10:00:00,5.420,601.000,811.200,110.000,5.600
2023-04-03 11:00:00,5.690,631.000,711.900,160.000,6.000
2023-04-03 12:00:00,5.380,488.000,385.100,227.000,6.000
2023-04-03 13:00:00,5.340,343.000,114.900,268.000,6.300
2023-04-03 14:00:00,5.400,257.000,49.300,228.000,6.600
2023-04-03 15:00:00,5.540,247.000,114.500,191.000,6.600
2023-04-03 16:00:00,5.420,166.000,66.500,142.000,6.400
2023-04-03 17:00:00,4.970,76.000,18.700,72.000,5.800
2023-04-03 18:00:00,4.790,20.000,59.600,15.000,5.000
2023-04-03 19:00:00,5.020,0.000,0.000,0.000,3.800
2023-04-03 20:00:00,4.880,0.000,0.000,0.000,3.100
2023-04-03 21:00:00,4.550,0.000,0.000,0.000,1.500
2023-04-03 22:00:00,4.740,0.000,0.000,0.000,1.200
2023-04-03 23:00:00,4.420,0.000,0.000,0.000,0.300
2023-04-04 00:00:00,4.600,0.000,0.000,0.000,-0.400
2023-04-04 01:00:00,4.620,0.000,0.000,0.000,-0.700
2023-04-04 02:00:00,4.590,0.000,0.000,0.000,-1.500
2023-04-04 03:00:00,4.020,0.000,0.000,0.000,-2.000
2023-04-04 04:00:00,3.590,0.000,0.000,0.000,-2.200
2023-04-04 05:00:00,3.210,0.000,0.000,0.000,-2.300
2023-04-04 06:00:00,3.030,44.000,38.700,40.000,-1.500
2023-04-04 07:00:00,2.220,154.000,178.700,109.000,0.600
2023-04-04 08:00:00,1.700,319.000,452.200,140.000,2.400
2023-04-04 09:00:00,2.060,485.000,694.700,125.000,3.700
2023-04-04 10:00:00,1.520,561.000,620.700,182.000,4.700
2023-04-04 11:00:00,1.260,588.000,490.500,261.000,5.600
2023-04-04 12:00:00,1.300,551.000,383.800,289.000,6.200
2023-04-04 13:00:00,1.220,542.000,409.100,273.000,6.700
2023-04-04 14:00:00,1.490,490.000,418.300,242.000,7.200
2023-04-04 15:00:00,1.640,379.000,332.400,215.000,7.400
2023-04-04 16:00:00,1.770,239.000,199.700,166.000,7.300
2023-04-04 17:00:00,2.050,114.000,73.300,98.000,6.900
2023-04-04 18:00:00,2.500,27.000,34.800,24.000,5.300
2023-04-04 19:00:00,3.140,0.000,0.000,0.000,3.600
2023-04-04 20:00:00,3.670,0.000,0.000,0.000,2.400
2023-04-04 21:00:00,4.220,0.000,0.000,0.000,1.900
2023-04-04 22:00:00,3.790,0.000,0.000,0.000,0.800
2023-04-04 23:00:00,3.910,0.000,0.000,0.000,-0.500
2023-04-05 00:00:00,3.510,0.000,0.000,0.000,-1.500
2023-04-05 01:00:00,2.980,0.000,0.000,0.000,-2.200
2023-04-05 02:00:00,2.820,0.000,0.000,0.000,-2.500
2023-04-05 03:00:00,2.660,0.000,0.000,0.000,-2.800
2023-04-05 04:00:00,2.420,0.000,0.000,0.000,-2.500
2023-04-05 05:00:00,2.190,1.000,0.000,1.000,-2.700
2023-04-05 06:00:00,2.000,64.000,329.500,29.000,-1.400
2023-04-05 07:00:00,1.560,162.000,349.400,72.000,1.100
2023-04-05 08:00:00,0.780,323.000,513.100,117.000,4.000
2023-04-05 09:00:00,0.810,434.000,550.000,146.000,5.900
2023-04-05 10:00:00,1.280,581.000,680.400,162.000,6.900
2023-04-05 11:00:00,1.000,551.000,449.600,249.000,7.600
2023-04-05 12:00:00,0.720,487.000,263.300,306.000,7.900
2023-04-05 13:00:00,0.610,474.000,274.900,292.000,8.400
2023-04-05 14:00:00,0.710,374.000,205.900,251.000,8.500
2023-04-05 15:00:00,0.540,191.000,46.200,168.000,8.500
2023-04-05 16:00:00,0.610,148.000,32.400,136.000,8.500
2023-04-05 17:00:00,1.300,84.000,98.800,62.000,8.300
2023-04-05 18:00:00,2.210,20.000,45.300,16.000,6.400
2023-04-05 19:00:00,2.900,0.000,0.000,0.000,4.800
2023-04-05 20:00:00,3.200,0.000,0.000,0.000,3.300
2023-04-05 21:00:00,3.600,0.000,0.000,0.000,2.100
2023-04-05 22:00:00,4.570,0.000,0.000,0.000,1.300
2023-04-05 23:00:00,5.310,0.000,0.000,0.000,0.700
2023-04-06 00:00:00,5.300,0.000,0.000,0.000,0.000
2023-04-06 01:00:00,5.010,0.000,0.000,0.000,-0.600
2023-04-06 02:00:00,4.700,0.000,0.000,0.000,-0.900
2023-04-06 03:00:00,4.790,0.000,0.000,0.000,-1.000
2023-04-06 04:00:00,5.000,0.000,0.000,0.000,-1.000
2023-04-06 05:00:00,5.460,1.000,0.000,1.000,-0.800
2023-04-06 06:00:00,5.590,52.000,201.600,30.000,0.400
2023-04-06 07:00:00,5.010,216.000,577.100,64.000,3.200
2023-04-06 08:00:00,4.130,375.000,719.800,82.000,5.600
2023-04-06 09:00:00,4.440,514.000,780.700,101.000,7.800
2023-04-06 10:00:00,4.250,628.000,843.900,104.000,9.800
2023-04-06 11:00:00,4.810,696.000,867.600,109.000,11.000
2023-04-06 12:00:00,4.900,716.000,875.500,110.000,11.900
2023-04-06 13:00:00,4.730,683.000,864.000,107.000,12.500
2023-04-06 14:00:00,4.770,601.000,822.500,106.000,12.800
2023-04-06 15:00:00,4.780,475.000,736.900,105.000,13.100
2023-04-06 16:00:00,4.740,309.000,526.400,112.000,12.900
2023-04-06 17:00:00,5.960,128.000,189.400,85.000,12.300
2023-04-06 18:00:00,7.580,34.000,154.700,20.000,10.900
2023-04-06 19:00:00,8.020,0.000,0.000,0.000,9.500
2023-04-06 20:00:00,7.850,0.000,0.000,0.000,8.700
2023-04-06 21:00:00,7.640,0.000,0.000,0.000,7.900
2023-04-06 22:00:00,7.120,0.000,0.000,0.000,6.600
2023-04-06 23:00:00,6.810,0.000,0.000,0.000,6.000
2023-04-07 00:00:00,6.790,0.000,0.000,0.000,5.000
2023-04-07 01:00:00,6.720,0.000,0.000,0.000,4.300
2023-04-07 02:00:00,6.660,0.000,0.000,0.000,3.500
2023-04-07 03:00:00,6.440,0.000,0.000,0.000,2.600
2023-04-07 04:00:00,6.260,0.000,0.000,0.000,2.100
2023-04-07 05:00:00,6.480,2.000,0.000,2.000,1.700
2023-04-07 06:00:00,6.720,73.000,361.000,32.000,2.200
2023-04-07 07:00:00,5.750,220.000,572.400,66.000,4.500
2023-04-07 08:00:00,5.300,373.000,688.400,89.000,7.100
2023-04-07 09:00:00,5.760,519.000,776.700,104.000,9.300
2023-04-07 10:00:00,6.070,636.000,841.900,109.000,10.600
2023-04-07 11:00:00,5.640,702.000,865.800,112.000,11.400
2023-04-07 12:00:00,4.900,723.000,879.700,110.000,12.100
2023-04-07 13:00:00,4.460,685.000,855.200,111.000,12.300
2023-04-07 14:00:00,4.520,603.000,801.700,117.000,12.500
2023-04-07 15:00:00,4.660,478.000,742.500,102.000,12.300
2023-04-07 16:00:00,4.880,313.000,570.600,97.000,11.700
2023-04-07 17:00:00,4.970,142.000,306.800,71.000,10.500
2023-04-07 18:00:00,5.410,36.000,161.900,21.000,9.100
2023-04-07 19:00:00,6.260,0.000,0.000,0.000,7.600
2023-04-07 20:00:00,6.530,0.000,0.000,0.000,6.500
2023-04-07 21:00:00,6.360,0.000,0.000,0.000,6.100
2023-04-07 22:00:00,4.660,0.000,0.000,0.000,6.000
2023-04-07 23:00:00,4.100,0.000,0.000,0.000,5.600
2023-04-08 00:00:00,3.470,0.000,0.000,0.000,5.600
2023-04-08 01:00:00,3.340,0.000,0.000,0.000,5.500
2023-04-08 02:00:00,3.280,0.000,0.000,0.000,5.500
2023-04-08 03:00:00,3.280,0.000,0.000,0.000,5.400
2023-04-08 04:00:00,3.400,0.000,0.000,0.000,5.300
2023-04-08 05:00:00,3.500,1.000,0.000,1.000,5.100
2023-04-08 06:00:00,3.610,18.000,0.000,18.000,5.000
2023-04-08 07:00:00,3.330,61.000,7.300,59.000,5.000
2023-04-08 08:00:00,3.080,79.000,0.000,79.000,5.300
2023-04-08 09:00:00,3.000,134.000,3.700,132.000,5.700
2023-04-08 10:00:00,2.410,141.000,6.300,137.000,5.900
2023-04-08 11:00:00,2.480,170.000,11.700,162.000,6.100
2023-04-08 12:00:00,2.910,201.000,34.200,177.000,6.500
2023-04-08 13:00:00,2.780,150.000,8.900,144.000,7.000
2023-04-08 14:00:00,2.700,161.000,21.300,148.000,7.500
2023-04-08 15:00:00,2.830,127.000,23.500,115.000,7.900
2023-04-08 16:00:00,3.060,102.000,15.700,96.000,8.200
2023-04-08 17:00:00,3.350,41.000,0.000,41.000,8.100
2023-04-08 18:00:00,3.440,9.000,0.000,9.000,7.700
2023-04-08 19:00:00,3.710,0.000,0.000,0.000,7.100
2023-04-08 20:00:00,3.650,0.000,0.000,0.000,7.000
2023-04-08 21:00:00,3.340,0.000,0.000,0.000,6.800
2023-04-08 22:00:00,2.910,0.000,0.000,0.000,5.400
2023-04-08 23:00:00,3.160,0.000,0.000,0.000,4.600
2023-04-09 00:00:00,3.160,0.000,0.000,0.000,4.400
2023-04-09 01:00:00,3.280,0.000,0.000,0.000,4.400
2023-04-09 02:00:00,3.510,0.000,0.000,0.000,4.100
2023-04-09 03:00:00,3.810,0.000,0.000,0.000,3.400
2023-04-09 04:00:00,3.980,0.000,0.000,0.000,4.000
2023-04-09 05:00:00,4.120,2.000,0.000,2.000,4.000
2023-04-09 06:00:00,3.410,51.000,167.900,30.000,4.500
2023-04-09 07:00:00,2.660,126.000,96.400,99.000,5.800
2023-04-09 08:00:00,2.250,211.000,92.100,172.000,7.000
2023-04-09 09:00:00,2.280,375.000,312.100,205.000,8.000
2023-04-09 10:00:00,1.730,496.000,470.200,197.000,9.300
2023-04-09 11:00:00,1.990,432.000,224.300,277.000,10.300
2023-04-09 12:00:00,2.690,367.000,121.800,281.000,11.000
2023-04-09 13:00:00,3.180,402.000,170.600,286.000,12.000
2023-04-09 14:00:00,3.280,314.000,128.500,235.000,12.400
2023-04-09 15:00:00,3.190,252.000,73.800,214.000,12.700
2023-04-09 16:00:00,2.750,176.000,137.000,123.000,12.800
2023-04-09 17:00:00,2.050,107.000,95.800,84.000,12.500
2023-04-09 18:00:00,2.860,32.000,82.600,24.000,11.200
2023-04-09 19:00:00,4.310,0.000,0.000,0.000,9.500
2023-04-09 20:00:00,5.020,0.000,0.000,0.000,8.600
2023-04-09 21:00:00,5.370,0.000,0.000,0.000,7.700
2023-04-09 22:00:00,6.470,0.000,0.000,0.000,6.800
2023-04-09 23:00:00,6.740,0.000,0.000,0.000,6.400
2023-04-10 00:00:00,6.170,0.000,0.000,0.000,5.600
2023-04-10 01:00:00,6.080,0.000,0.000,0.000,4.900
2023-04-10 02:00:00,6.380,0.000,0.000,0.000,4.700
2023-04-10 03:00:00,6.550,0.000,0.000,0.000,4.200
2023-04-10 04:00:00,6.530,0.000,0.000,0.000,4.300
2023-04-10 05:00:00,6.520,4.000,0.000,4.000,4.200
2023-04-10 06:00:00,6.390,76.000,221.800,47.000,5.600
2023-04-10 07:00:00,5.920,200.000,325.400,107.000,8.500
2023-04-10 08:00:00,5.000,354.000,527.200,128.000,11.300
2023-04-10 09:00:00,5.280,486.000,583.900,165.000,13.500
2023-04-10 10:00:00,5.200,586.000,613.300,193.000,15.100
2023-04-10 11:00:00,6.780,648.000,625.400,213.000,16.000
2023-04-10 12:00:00,7.560,659.000,602.500,231.000,16.800
2023-04-10 13:00:00,8.040,623.000,586.000,222.000,17.300
2023-04-10 14:00:00,8.490,480.000,342.500,268.000,17.300
2023-04-10 15:00:00,8.890,354.000,238.900,230.000,17.100
2023-04-10 16:00:00,8.450,237.000,150.800,178.000,16.800
2023-04-10 17:00:00,8.780,127.000,106.500,101.000,16.400
2023-04-10 18:00:00,9.020,32.000,20.200,30.000,15.600
2023-04-10 19:00:00,9.030,0.000,0.000,0.000,15.000
2023-04-10 20:00:00,9.360,0.000,0.000,0.000,14.300
2023-04-10 21:00:00,9.300,0.000,0.000,0.000,13.700
2023-04-10 22:00:00,8.570,0.000,0.000,0.000,12.900
2023-04-10 23:00:00,8.050,0.000,0.000,0.000,10.800
2023-04-11 00:00:00,7.670,0.000,0.000,0.000,9.700
2023-04-11 01:00:00,7.690,0.000,0.000,0.000,9.400
2023-04-11 02:00:00,8.340,0.000,0.000,0.000,9.300
2023-04-11 03:00:00,8.960,0.000,0.000,0.000,8.800
2023-04-11 04:00:00,9.070,0.000,0.000,0.000,8.200
2023-04-11 05:00:00,9.570,3.000,0.000,3.000,7.700
2023-04-11 06:00:00,9.680,57.000,102.600,43.000,7.500
2023-04-11 07:00:00,9.660,139.000,171.600,89.000,8.000
2023-04-11 08:00:00,9.460,171.000,73.700,139.000,8.500
2023-04-11 09:00:00,9.170,304.000,196.400,195.000,8.500
2023-04-11 10:00:00,10.410,410.000,322.100,202.000,9.300
2023-04-11 11:00:00,9.500,499.000,239.900,331.000,10.100
2023-04-11 12:00:00,10.350,539.000,372.100,273.000,10.700
2023-04-11 13:00:00,10.820,468.000,297.700,263.000,10.500
2023-04-11 14:00:00,10.060,477.000,434.800,206.000,10.800
2023-04-11 15:00:00,8.610,375.000,405.200,163.000,10.500
2023-04-11 16:00:00,7.750,274.000,361.700,131.000,9.400
2023-04-11 17:00:00,6.500,133.000,177.100,89.000,9.100
2023-04-11 18:00:00,5.700,40.000,158.300,24.000,8.500
2023-04-11 19:00:00,3.500,0.000,0.000,0.000,6.200
2023-04-11 20:00:00,2.950,0.000,0.000,0.000,4.600
2023-04-11 21:00:00,3.410,0.000,0.000,0.000,3.700
2023-04-11 22:00:00,4.590,0.000,0.000,0.000,3.600
2023-04-11 23:00:00,5.950,0.000,0.000,0.000,3.500
2023-04-12 00:00:00,6.670,0.000,0.000,0.000,3.800
2023-04-12 01:00:00,7.110,0.000,0.000,0.000,4.300
2023-04-12 02:00:00,7.480,0.000,0.000,0.000,4.400
2023-04-12 03:00:00,7.770,0.000,0.000,0.000,4.800
2023-04-12 04:00:00,8.030,0.000,0.000,0.000,5.100
2023-04-12 05:00:00,8.010,4.000,0.000,4.000,5.300
2023-04-12 06:00:00,8.150,62.000,56.300,54.000,6.500
2023-04-12 07:00:00,7.870,191.000,303.200,101.000,7.900
2023-04-12 08:00:00,8.290,203.000,100.200,159.000,8.700
2023-04-12 09:00:00,8.270,224.000,94.700,171.000,9.400
2023-04-12 10:00:00,7.330,229.000,32.300,208.000,9.700
2023-04-12 11:00:00,8.600,157.000,17.000,145.000,9.300
2023-04-12 12:00:00,8.300,98.000,2.800,96.000,8.900
2023-04-12 13:00:00,7.870,77.000,0.000,77.000,9.000
2023-04-12 14:00:00,7.430,53.000,0.000,53.000,9.100
2023-04-12 15:00:00,6.820,82.000,3.800,80.000,9.600
2023-04-12 16:00:00,6.430,62.000,2.500,61.000,10.000
2023-04-12 17:00:00,4.800,39.000,0.000,39.000,9.900
2023-04-12 18:00:00,4.480,12.000,29.100,9.000,9.200
2023-04-12 19:00:00,6.420,0.000,0.000,0.000,8.500
2023-04-12 20:00:00,5.800,0.000,0.000,0.000,6.900
2023-04-12 21:00:00,5.620,0.000,0.000,0.000,6.100
2023-04-12 22:00:00,6.320,0.000,0.000,0.000,5.300
2023-04-12 23:00:00,6.220,0.000,0.000,0.000,4.600
2023-04-13 00:00:00,7.160,0.000,0.000,0.000,4.400
2023-04-13 01:00:00,7.290,0.000,0.000,0.000,4.500
2023-04-13 02:00:00,7.780,0.000,0.000,0.000,4.300
2023-04-13 03:00:00,8.530,0.000,0.000,0.000,4.300
2023-04-13 04:00:00,9.350,0.000,0.000,0.000,4.600
2023-04-13 05:00:00,9.900,6.000,0.000,6.000,5.200
2023-04-13 06:00:00,9.800,57.000,67.700,47.000,6.100
2023-04-13 07:00:00,9.190,171.000,254.800,94.000,7.200
2023-04-13 08:00:00,11.180,369.000,582.700,110.000,8.400
2023-04-13 09:00:00,10.610,383.000,385.900,165.000,9.500
2023-04-13 10:00:00,7.310,488.000,508.200,155.000,10.100
2023-04-13 11:00:00,7.080,492.000,482.100,150.000,10.600
2023-04-13 12:00:00,7.360,544.000,498.900,183.000,11.300
2023-04-13 13:00:00,6.260,456.000,373.000,196.000,11.500
2023-04-13 14:00:00,5.660,482.000,497.200,168.000,11.900
2023-04-13 15:00:00,5.500,328.000,357.500,138.000,11.300
2023-04-13 16:00:00,5.940,245.000,336.900,109.000,11.300
2023-04-13 17:00:00,4.470,129.000,260.800,62.000,10.800
2023-04-13 18:00:00,2.720,50.000,218.500,27.000,9.800
2023-04-13 19:00:00,2.600,1.000,0.000,1.000,8.900
2023-04-13 20:00:00,2.060,0.000,0.000,0.000,7.500
2023-04-13 21:00:00,1.410,0.000,0.000,0.000,8.000
2023-04-13 22:00:00,1.930,0.000,0.000,0.000,5.400
2023-04-13 23:00:00,1.200,0.000,0.000,0.000,4.900
2023-04-14 00:00:00,0.500,0.000,0.000,0.000,4.900
2023-04-14 01:00:00,1.200,0.000,0.000,0.000,4.700
2023-04-14 02:00:00,2.000,0.000,0.000,0.000,4.300
2023-04-14 03:00:00,2.370,0.000,0.000,0.000,3.600
2023-04-14 04:00:00,2.580,0.000,0.000,0.000,2.900
2023-04-14 05:00:00,2.880,8.000,19.000,7.000,2.100
2023-04-14 06:00:00,2.610,85.000,163.000,60.000,3.300
2023-04-14 07:00:00,1.800,181.000,178.800,126.000,6.200
2023-04-14 08:00:00,1.660,339.000,366.900,174.000,8.400
2023-04-14 09:00:00,2.400,448.000,379.000,232.000,10.100
2023-04-14 10:00:00,1.530,569.000,530.300,219.000,11.600
2023-04-14 11:00:00,2.480,597.000,495.900,243.000,12.400
2023-04-14 12:00:00,3.560,558.000,358.500,297.000,12.500
2023-04-14 13:00:00,4.100,550.000,410.700,262.000,12.800
2023-04-14 14:00:00,3.920,560.000,645.100,150.000,13.100
2023-04-14 15:00:00,4.320,427.000,457.600,182.000,12.800
2023-04-14 16:00:00,4.740,304.000,397.300,142.000,12.400
2023-04-14 17:00:00,4.610,140.000,134.100,105.000,11.600
2023-04-14 18:00:00,4.800,36.000,65.200,29.000,10.700
2023-04-14 19:00:00,5.000,1.000,0.000,1.000,9.300
2023-04-14 20:00:00,4.690,0.000,0.000,0.000,8.000
2023-04-14 21:00:00,4.140,0.000,0.000,0.000,7.000
2023-04-14 22:00:00,4.130,0.000,0.000,0.000,6.800
2023-04-14 23:00:00,3.710,0.000,0.000,0.000,6.600
2023-04-15 00:00:00,4.140,0.000,0.000,0.000,6.500
2023-04-15 01:00:00,4.810,0.000,0.000,0.000,6.600
2023-04-15 02:00:00,5.200,0.000,0.000,0.000,6.600
2023-04-15 03:00:00,5.320,0.000,0.000,0.000,6.500
2023-04-15 04:00:00,5.590,0.000,0.000,0.000,6.500
2023-04-15 05:00:00,5.860,1.000,0.000,1.000,6.500
2023-04-15 06:00:00,6.000,10.000,0.000,10.000,6.600
2023-04-15 07:00:00,6.040,22.000,0.000,22.000,6.600
2023-04-15 08:00:00,5.600,45.000,0.000,45.000,6.900
2023-04-15 09:00:00,5.600,45.000,0.000,45.000,7.200
2023-04-15 10:00:00,6.250,93.000,0.000,93.000,7.800
2023-04-15 11:00:00,5.500,116.000,1.400,115.000,8.500
2023-04-15 12:00:00,5.310,151.000,0.000,151.000,9.700
2023-04-15 13:00:00,5.160,159.000,68.000,111.000,10.800
2023-04-15 14:00:00,5.000,170.000,67.200,127.000,11.900
2023-04-15 15:00:00,4.150,151.000,61.200,118.000,12.400
2023-04-15 16:00:00,4.320,124.000,48.600,104.000,12.200
2023-04-15 17:00:00,5.250,92.000,86.700,69.000,11.600
2023-04-15 18:00:00,5.700,29.000,27.300,26.000,11.100
2023-04-15 19:00:00,5.880,1.000,0.000,1.000,10.700
2023-04-15 20:00:00,5.900,0.000,0.000,0.000,10.500
2023-04-15 21:00:00,6.140,0.000,0.000,0.000,10.100
2023-04-15 22:00:00,6.110,0.000,0.000,0.000,9.600
2023-04-15 23:00:00,5.910,0.000,0.000,0.000,9.300
2023-04-16 00:00:00,5.800,0.000,0.000,0.000,8.900
2023-04-16 01:00:00,5.600,0.000,0.000,0.000,8.500
2023-04-16 02:00:00,5.700,0.000,0.000,0.000,8.200
2023-04-16 03:00:00,5.700,0.000,0.000,0.000,7.800
2023-04-16 04:00:00,5.500,0.000,0.000,0.000,7.400
2023-04-16 05:00:00,5.500,3.000,0.000,3.000,7.300
2023-04-16 06:00:00,5.800,42.000,73.000,30.000,7.400
2023-04-16 07:00:00,5.900,73.000,47.100,58.000,7.800
2023-04-16 08:00:00,5.520,66.000,2.200,65.000,8.600
2023-04-16 09:00:00,4.850,154.000,22.400,141.000,9.200
2023-04-16 10:00:00,5.610,148.000,14.900,138.000,9.200
2023-04-16 11:00:00,5.900,150.000,8.300,144.000,9.500
2023-04-16 12:00:00,5.550,143.000,8.100,137.000,9.600
2023-04-16 13:00:00,5.020,160.000,1.400,159.000,10.100
2023-04-16 14:00:00,5.070,183.000,10.900,176.000,10.700
2023-04-16 15:00:00,4.810,158.000,68.100,121.000,11.100
2023-04-16 16:00:00,4.400,129.000,77.000,97.000,11.200
2023-04-16 17:00:00,4.330,117.000,219.000,58.000,11.000
2023-04-16 18:00:00,4.480,40.000,131.400,25.000,10.300
2023-04-16 19:00:00,4.880,1.000,0.000,1.000,9.700
2023-04-16 20:00:00,5.280,0.000,0.000,0.000,9.600
2023-04-16 21:00:00,5.610,0.000,0.000,0.000,9.000
2023-04-16 22:00:00,5.690,0.000,0.000,0.000,9.100
2023-04-16 23:00:00,5.690,0.000,0.000,0.000,8.600
2023-04-17 00:00:00,5.920,0.000,0.000,0.000,7.900
2023-04-17 01:00:00,5.750,0.000,0.000,0.000,7.500
2023-04-17 02:00:00,5.310,0.000,0.000,0.000,6.800
2023-04-17 03:00:00,5.160,0.000,0.000,0.000,6.300
2023-04-17 04:00:00,4.950,0.000,0.000,0.000,5.400
2023-04-17 05:00:00,4.890,12.000,65.600,8.000,5.700
2023-04-17 06:00:00,4.190,108.000,341.400,50.000,6.500
2023-04-17 07:00:00,2.480,263.000,584.100,74.000,8.100
2023-04-17 08:00:00,2.280,421.000,705.400,93.000,10.000
2023-04-17 09:00:00,2.690,566.000,782.000,109.000,11.600
2023-04-17 10:00:00,2.220,652.000,765.800,136.000,12.500
2023-04-17 11:00:00,3.960,663.000,724.800,136.000,13.600
2023-04-17 12:00:00,5.580,559.000,503.600,186.000,14.000
2023-04-17 13:00:00,6.280,419.000,227.100,257.000,14.100
2023-04-17 14:00:00,6.300,542.000,557.500,181.000,14.700
2023-04-17 15:00:00,6.080,436.000,443.900,193.000,14.500
2023-04-17 16:00:00,6.220,354.000,612.200,97.000,13.900
2023-04-17 17:00:00,6.370,195.000,457.100,70.000,12.900
2023-04-17 18:00:00,7.120,68.000,312.400,31.000,11.200
2023-04-17 19:00:00,7.440,2.000,0.000,2.000,9.800
2023-04-17 20:00:00,6.930,0.000,0.000,0.000,9.000
2023-04-17 21:00:00,6.620,0.000,0.000,0.000,8.500
2023-04-17 22:00:00,6.000,0.000,0.000,0.000,7.800
2023-04-17 23:00:00,6.000,0.000,0.000,0.000,7.300
2023-04-18 00:00:00,6.040,0.000,0.000,0.000,6.900
2023-04-18 01:00:00,5.780,0.000,0.000,0.000,6.600
2023-04-18 02:00:00,6.300,0.000,0.000,0.000,6.300
2023-04-18 03:00:00,6.410,0.000,0.000,0.000,6.100
2023-04-18 04:00:00,6.230,0.000,0.000,0.000,5.800
2023-04-18 05:00:00,6.050,7.000,31.400,5.000,5.600
2023-04-18 06:00:00,5.990,57.000,136.900,33.000,5.700
2023-04-18 07:00:00,6.050,162.000,219.000,90.000,6.300
2023-04-18 08:00:00,5.410,231.000,195.800,139.000,7.600
2023-04-18 09:00:00,5.060,338.000,264.800,182.000,8.900
2023-04-18 10:00:00,4.660,482.000,346.500,247.000,9.500
2023-04-18 11:00:00,4.940,421.000,157.200,306.000,10.000
2023-04-18 12:00:00,5.520,315.000,71.200,262.000,10.400
2023-04-18 13:00:00,5.810,305.000,65.500,258.000,11.300
2023-04-18 14:00:00,6.000,321.000,118.200,244.000,12.000
2023-04-18 15:00:00,6.150,176.000,36.300,156.000,12.100
2023-04-18 16:00:00,6.400,117.000,28.300,105.000,12.200
2023-04-18 17:00:00,6.580,63.000,10.800,60.000,12.000
2023-04-18 18:00:00,6.490,20.000,8.200,19.000,11.600
2023-04-18 19:00:00,6.770,2.000,0.000,2.000,11.100
2023-04-18 20:00:00,7.600,0.000,0.000,0.000,10.800
2023-04-18 21:00:00,7.880,0.000,0.000,0.000,10.100
2023-04-18 22:00:00,7.930,0.000,0.000,0.000,9.300
2023-04-18 23:00:00,8.030,0.000,0.000,0.000,8.700
2023-04-19 00:00:00,7.880,0.000,0.000,0.000,7.700
2023-04-19 01:00:00,7.820,0.000,0.000,0.000,6.500
2023-04-19 02:00:00,7.640,0.000,0.000,0.000,5.200
2023-04-19 03:00:00,7.820,0.000,0.000,0.000,4.300
2023-04-19 04:00:00,7.620,0.000,0.000,0.000,3.600
2023-04-19 05:00:00,6.940,16.000,45.200,13.000,3.600
2023-04-19 06:00:00,7.220,115.000,271.200,66.000,4.900
2023-04-19 07:00:00,7.030,290.000,643.900,75.000,7.000
2023-04-19 08:00:00,7.380,450.000,747.700,95.000,8.800
2023-04-19 09:00:00,7.390,593.000,828.600,101.000,10.400
2023-04-19 10:00:00,6.810,701.000,868.600,108.000,11.900
2023-04-19 11:00:00,7.860,767.000,890.500,112.000,12.700
2023-04-19 12:00:00,8.900,786.000,898.900,113.000,13.100
2023-04-19 13:00:00,9.070,744.000,872.000,115.000,13.300
2023-04-19 14:00:00,9.760,564.000,579.900,184.000,13.000
2023-04-19 15:00:00,9.840,341.000,212.600,223.000,12.700
2023-04-19 16:00:00,9.000,244.000,201.100,158.000,12.400
2023-04-19 17:00:00,8.510,143.000,81.700,120.000,11.600
2023-04-19 18:00:00,8.970,45.000,23.600,42.000,10.400
2023-04-19 19:00:00,8.990,3.000,0.000,3.000,9.300
2023-04-19 20:00:00,9.540,0.000,0.000,0.000,8.800
2023-04-19 21:00:00,9.430,0.000,0.000,0.000,7.700
2023-04-19 22:00:00,8.560,0.000,0.000,0.000,6.700
2023-04-19 23:00:00,7.920,0.000,0.000,0.000,6.200
2023-04-20 00:00:00,7.420,0.000,0.000,0.000,5.800
2023-04-20 01:00:00,7.320,0.000,0.000,0.000,5.600
2023-04-20 02:00:00,7.000,0.000,0.000,0.000,5.500
2023-04-20 03:00:00,6.850,0.000,0.000,0.000,5.500
2023-04-20 04:00:00,6.800,0.000,0.000,0.000,5.700
2023-04-20 05:00:00,7.120,4.000,0.000,4.000,5.800
2023-04-20 06:00:00,7.830,38.000,0.000,38.000,5.900
2023-04-20 07:00:00,7.430,172.000,292.100,73.000,6.400
2023-04-20 08:00:00,7.100,217.000,239.800,102.000,6.900
2023-04-20 09:00:00,7.710,249.000,63.500,211.000,7.100
2023-04-20 10:00:00,7.510,398.000,231.400,239.000,8.500
2023-04-20 11:00:00,8.410,376.000,181.200,242.000,9.000
2023-04-20 12:00:00,8.410,354.000,134.200,253.000,9.600
2023-04-20 13:00:00,8.330,378.000,111.700,297.000,9.900
2023-04-20 14:00:00,7.500,341.000,138.100,250.000,9.900
2023-04-20 15:00:00,7.040,292.000,119.900,225.000,9.900
2023-04-20 16:00:00,6.040,148.000,23.200,138.000,10.200
2023-04-20 17:00:00,6.480,58.000,10.500,55.000,10.200
2023-04-20 18:00:00,6.710,34.000,61.100,26.000,10.300
2023-04-20 19:00:00,7.040,2.000,0.000,2.000,9.900
2023-04-20 20:00:00,7.350,0.000,0.000,0.000,9.500
2023-04-20 21:00:00,7.840,0.000,0.000,0.000,9.000
2023-04-20 22:00:00,8.850,0.000,0.000,0.000,8.800
2023-04-20 23:00:00,9.250,0.000,0.000,0.000,8.800
2023-04-21 00:00:00,9.410,0.000,0.000,0.000,8.600
2023-04-21 01:00:00,9.510,0.000,0.000,0.000,8.500
2023-04-21 02:00:00,9.400,0.000,0.000,0.000,8.500
2023-04-21 03:00:00,9.000,0.000,0.000,0.000,8.400
2023-04-21 04:00:00,8.900,0.000,0.000,0.000,8.100
2023-04-21 05:00:00,8.600,20.000,111.900,12.000,8.300
2023-04-21 06:00:00,8.600,132.000,429.100,50.000,9.800
2023-04-21 07:00:00,7.410,278.000,569.900,82.000,11.600
2023-04-21 08:00:00,7.500,441.000,720.500,92.000,13.500
2023-04-21 09:00:00,7.600,582.000,796.200,102.000,15.300
2023-04-21 10:00:00,7.710,686.000,836.100,108.000,17.300
2023-04-21 11:00:00,8.620,750.000,859.200,111.000,18.700
2023-04-21 12:00:00,10.160,693.000,741.500,132.000,19.400
2023-04-21 13:00:00,10.320,554.000,506.200,185.000,19.700
2023-04-21 14:00:00,10.100,616.000,749.800,119.000,20.100
2023-04-21 15:00:00,9.820,484.000,638.000,125.000,20.100
2023-04-21 16:00:00,9.140,330.000,500.800,112.000,20.000
2023-04-21 17:00:00,8.850,215.000,497.400,71.000,19.500
2023-04-21 18:00:00,8.990,83.000,347.700,36.000,18.100
2023-04-21 19:00:00,9.270,5.000,19.100,4.000,16.400
2023-04-21 20:00:00,9.210,0.000,0.000,0.000,15.300
2023-04-21 21:00:00,9.000,0.000,0.000,0.000,14.500
2023-04-21 22:00:00,9.960,0.000,0.000,0.000,13.300
2023-04-21 23:00:00,10.070,0.000,0.000,0.000,12.400
2023-04-22 00:00:00,9.760,0.000,0.000,0.000,11.800
2023-04-22 01:00:00,9.260,0.000,0.000,0.000,11.400
2023-04-22 02:00:00,8.770,0.000,0.000,0.000,11.000
2023-04-22 03:00:00,8.230,0.000,0.000,0.000,10.400
2023-04-22 04:00:00,7.710,0.000,0.000,0.000,10.300
2023-04-22 05:00:00,7.080,22.000,135.100,12.000,10.400
2023-04-22 06:00:00,6.350,135.000,428.100,51.000,12.200
2023-04-22 07:00:00,4.990,287.000,593.400,80.000,14.000
2023-04-22 08:00:00,4.480,442.000,715.700,92.000,16.200
2023-04-22 09:00:00,4.560,580.000,788.800,101.000,18.300
2023-04-22 10:00:00,3.620,679.000,808.100,117.000,20.200
2023-04-22 11:00:00,4.960,725.000,783.700,139.000,21.400
2023-04-22 12:00:00,6.470,690.000,622.000,217.000,22.200
2023-04-22 13:00:00,6.950,611.000,582.800,184.000,22.500
2023-04-22 14:00:00,7.040,411.000,351.100,177.000,22.400
2023-04-22 15:00:00,7.180,370.000,453.800,113.000,22.700
2023-04-22 16:00:00,6.710,307.000,487.300,93.000,22.400
2023-04-22 17:00:00,6.760,153.000,262.400,76.000,21.600
2023-04-22 18:00:00,7.040,47.000,50.300,40.000,20.000
2023-04-22 19:00:00,6.450,4.000,0.000,4.000,18.300
2023-04-22 20:00:00,4.890,0.000,0.000,0.000,17.300
2023-04-22 21:00:00,4.120,0.000,0.000,0.000,16.200
2023-04-22 22:00:00,5.460,0.000,0.000,0.000,15.800
2023-04-22 23:00:00,5.240,0.000,0.000,0.000,15.300
2023-04-23 00:00:00,5.320,0.000,0.000,0.000,14.400
2023-04-23 01:00:00,6.400,0.000,0.000,0.000,13.800
2023-04-23 02:00:00,6.330,0.000,0.000,0.000,13.300
2023-04-23 03:00:00,6.410,0.000,0.000,0.000,12.600
2023-04-23 04:00:00,6.110,0.000,0.000,0.000,11.600
2023-04-23 05:00:00,5.400,9.000,0.000,9.000,10.800
2023-04-23 06:00:00,4.650,62.000,29.800,56.000,10.700
2023-04-23 07:00:00,3.960,67.000,5.700,65.000,11.000
2023-04-23 08:00:00,4.170,269.000,158.000,191.000,11.900
2023-04-23 09:00:00,3.250,500.000,531.400,175.000,13.600
2023-04-23 10:00:00,1.920,635.000,640.400,187.000,15.400
2023-04-23 11:00:00,3.140,661.000,707.800,129.000,16.600
2023-04-23 12:00:00,3.350,562.000,564.000,131.000,17.100
2023-04-23 13:00:00,4.080,531.000,502.500,161.000,17.500
2023-04-23 14:00:00,3.850,458.000,449.200,157.000,17.400
2023-04-23 15:00:00,3.620,352.000,256.100,206.000,17.400
2023-04-23 16:00:00,4.300,173.000,85.800,135.000,16.600
2023-04-23 17:00:00,2.910,150.000,144.600,107.000,16.500
2023-04-23 18:00:00,3.700,81.000,279.100,41.000,15.100
2023-04-23 19:00:00,5.260,5.000,0.000,5.000,13.800
2023-04-23 20:00:00,6.170,0.000,0.000,0.000,13.400
2023-04-23 21:00:00,6.320,0.000,0.000,0.000,12.700
2023-04-23 22:00:00,6.830,0.000,0.000,0.000,12.500
2023-04-23 23:00:00,6.830,0.000,0.000,0.000,12.100
2023-04-24 00:00:00,7.500,0.000,0.000,0.000,12.000
2023-04-24 01:00:00,7.830,0.000,0.000,0.000,11.700
2023-04-24 02:00:00,7.850,0.000,0.000,0.000,11.400
2023-04-24 03:00:00,7.660,0.000,0.000,0.000,10.800
2023-04-24 04:00:00,7.590,0.000,0.000,0.000,10.300
2023-04-24 05:00:00,7.290,21.000,76.000,15.000,10.300
2023-04-24 06:00:00,6.120,98.000,135.800,70.000,11.000
2023-04-24 07:00:00,8.500,298.000,597.200,84.000,11.900
2023-04-24 08:00:00,8.280,365.000,491.900,120.000,12.200
2023-04-24 09:00:00,8.400,436.000,462.800,151.000,12.100
2023-04-24 10:00:00,9.150,567.000,592.700,150.000,12.300
2023-04-24 11:00:00,9.830,627.000,643.300,141.000,12.500
2023-04-24 12:00:00,9.760,656.000,648.600,158.000,12.800
2023-04-24 13:00:00,9.170,636.000,597.300,194.000,12.400
2023-04-24 14:00:00,11.860,349.000,225.600,197.000,10.400
2023-04-24 15:00:00,11.310,206.000,48.800,178.000,9.000
2023-04-24 16:00:00,9.690,165.000,40.300,147.000,8.700
2023-04-24 17:00:00,8.200,136.000,83.000,111.000,8.500
2023-04-24 18:00:00,7.840,67.000,101.800,52.000,8.500
2023-04-24 19:00:00,8.380,4.000,0.000,4.000,8.300
2023-04-24 20:00:00,8.480,0.000,0.000,0.000,8.200
2023-04-24 21:00:00,8.840,0.000,0.000,0.000,8.100
2023-04-24 22:00:00,8.950,0.000,0.000,0.000,7.600
2023-04-24 23:00:00,8.770,0.000,0.000,0.000,7.300
2023-04-25 00:00:00,8.540,0.000,0.000,0.000,7.100
2023-04-25 01:00:00,8.200,0.000,0.000,0.000,7.000
2023-04-25 02:00:00,8.000,0.000,0.000,0.000,6.800
2023-04-25 03:00:00,7.590,0.000,0.000,0.000,6.600
2023-04-25 04:00:00,7.170,0.000,0.000,0.000,6.000
2023-04-25 05:00:00,7.150,12.000,49.200,8.000,5.600
2023-04-25 06:00:00,7.240,94.000,246.400,42.000,5.800
2023-04-25 07:00:00,7.560,164.000,228.700,81.000,6.500
2023-04-25 08:00:00,7.400,411.000,571.200,124.000,7.200
2023-04-25 09:00:00,8.320,506.000,592.000,139.000,7.800
2023-04-25 10:00:00,8.480,621.000,616.200,185.000,8.400
2023-04-25 11:00:00,8.760,466.000,260.800,268.000,8.000
2023-04-25 12:00:00,9.360,568.000,431.700,235.000,8.400
2023-04-25 13:00:00,9.490,542.000,419.700,230.000,8.500
2023-04-25 14:00:00,9.120,512.000,477.000,189.000,8.900
2023-04-25 15:00:00,8.680,432.000,469.600,161.000,8.800
2023-04-25 16:00:00,8.540,324.000,411.000,139.000,8.400
2023-04-25 17:00:00,8.250,197.000,370.600,84.000,7.700
2023-04-25 18:00:00,7.880,91.000,317.200,43.000,6.900
2023-04-25 19:00:00,7.220,7.000,38.200,5.000,5.900
2023-04-25 20:00:00,6.890,0.000,0.000,0.000,5.300
2023-04-25 21:00:00,6.890,0.000,0.000,0.000,4.700
2023-04-25 22:00:00,6.710,0.000,0.000,0.000,4.100
2023-04-25 23:00:00,6.820,0.000,0.000,0.000,3.600
2023-04-26 00:00:00,6.930,0.000,0.000,0.000,3.300
2023-04-26 01:00:00,7.100,0.000,0.000,0.000,2.800
2023-04-26 02:00:00,7.210,0.000,0.000,0.000,2.400
2023-04-26 03:00:00,7.220,0.000,0.000,0.000,2.100
2023-04-26 04:00:00,6.920,0.000,0.000,0.000,1.900
2023-04-26 05:00:00,6.850,30.000,155.400,17.000,2.100
2023-04-26 06:00:00,6.170,150.000,440.300,55.000,3.500
2023-04-26 07:00:00,6.910,299.000,560.600,93.000,5.200
2023-04-26 08:00:00,6.650,371.000,453.900,141.000,6.600
2023-04-26 09:00:00,7.160,479.000,432.700,209.000,7.400
2023-04-26 10:00:00,6.710,493.000,312.100,271.000,7.700
2023-04-26 11:00:00,6.910,504.000,304.100,272.000,8.200
2023-04-26 12:00:00,7.320,557.000,321.300,308.000,8.900
2023-04-26 13:00:00,7.130,510.000,290.500,293.000,8.800
2023-04-26 14:00:00,7.280,452.000,285.000,258.000,9.100
2023-04-26 15:00:00,7.110,380.000,275.600,220.000,8.900
2023-04-26 16:00:00,6.710,265.000,251.200,151.000,8.500
2023-04-26 17:00:00,5.910,186.000,301.300,93.000,8.000
2023-04-26 18:00:00,4.920,66.000,103.000,50.000,7.400
2023-04-26 19:00:00,4.610,8.000,37.000,6.000,6.700
2023-04-26 20:00:00,4.490,0.000,0.000,0.000,6.000
2023-04-26 21:00:00,4.490,0.000,0.000,0.000,5.500
2023-04-26 22:00:00,4.320,0.000,0.000,0.000,4.300
2023-04-26 23:00:00,4.370,0.000,0.000,0.000,4.000
2023-04-27 00:00:00,4.590,0.000,0.000,0.000,3.600
2023-04-27 01:00:00,4.740,0.000,0.000,0.000,3.000
2023-04-27 02:00:00,4.830,0.000,0.000,0.000,2.600
2023-04-27 03:00:00,4.480,0.000,0.000,0.000,2.400
2023-04-27 04:00:00,4.160,0.000,0.000,0.000,1.800
2023-04-27 05:00:00,3.670,34.000,174.500,19.000,1.900
2023-04-27 06:00:00,2.960,156.000,440.100,59.000,4.000
2023-04-27 07:00:00,2.010,325.000,661.500,79.000,6.000
2023-04-27 08:00:00,2.280,459.000,704.700,99.000,7.600
2023-04-27 09:00:00,2.750,584.000,719.800,132.000,8.500
2023-04-27 10:00:00,1.970,557.000,433.500,247.000,9.300
2023-04-27 11:00:00,1.870,486.000,274.000,276.000,9.900
2023-04-27 12:00:00,1.960,449.000,199.100,294.000,10.300
2023-04-27 13:00:00,1.630,419.000,101.300,343.000,10.700
2023-04-27 14:00:00,1.400,351.000,144.700,252.000,10.800
2023-04-27 15:00:00,1.100,370.000,244.800,227.000,11.400
2023-04-27 16:00:00,0.720,292.000,258.000,174.000,11.400
2023-04-27 17:00:00,0.800,178.000,153.700,130.000,11.100
2023-04-27 18:00:00,1.440,82.000,131.900,61.000,10.300
2023-04-27 19:00:00,2.550,9.000,0.000,9.000,8.400
2023-04-27 20:00:00,3.830,0.000,0.000,0.000,6.900
2023-04-27 21:00:00,4.740,0.000,0.000,0.000,6.300
2023-04-27 22:00:00,6.080,0.000,0.000,0.000,6.000
2023-04-27 23:00:00,6.220,0.000,0.000,0.000,5.800
2023-04-28 00:00:00,6.180,0.000,0.000,0.000,5.800
2023-04-28 01:00:00,6.050,0.000,0.000,0.000,5.500
2023-04-28 02:00:00,6.520,0.000,0.000,0.000,5.500
2023-04-28 03:00:00,6.910,0.000,0.000,0.000,5.600
2023-04-28 04:00:00,7.250,0.000,0.000,0.000,5.400
2023-04-28 05:00:00,7.120,30.000,90.700,22.000,5.700
2023-04-28 06:00:00,6.810,122.000,204.500,76.000,7.100
2023-04-28 07:00:00,5.770,167.000,42.500,151.000,8.500
2023-04-28 08:00:00,5.250,351.000,268.000,213.000,10.200
2023-04-28 09:00:00,4.800,545.000,573.000,183.000,11.200
2023-04-28 10:00:00,3.750,528.000,425.800,222.000,12.500
2023-04-28 11:00:00,4.350,489.000,268.900,282.000,12.900
2023-04-28 12:00:00,4.550,496.000,287.800,271.000,13.600
2023-04-28 13:00:00,4.780,345.000,128.700,248.000,14.300
2023-04-28 14:00:00,4.670,238.000,52.400,202.000,14.500
2023-04-28 15:00:00,4.670,133.000,23.800,119.000,14.400
2023-04-28 16:00:00,4.190,72.000,8.700,68.000,14.000
2023-04-28 17:00:00,4.200,66.000,22.200,59.000,13.800
2023-04-28 18:00:00,3.920,36.000,67.500,25.000,12.900
2023-04-28 19:00:00,3.930,4.000,0.000,4.000,12.100
2023-04-28 20:00:00,4.720,0.000,0.000,0.000,12.000
2023-04-28 21:00:00,6.110,0.000,0.000,0.000,11.900
2023-04-28 22:00:00,7.810,0.000,0.000,0.000,12.100
2023-04-28 23:00:00,7.420,0.000,0.000,0.000,12.000
2023-04-29 00:00:00,6.700,0.000,0.000,0.000,11.700
2023-04-29 01:00:00,6.240,0.000,0.000,0.000,11.400
2023-04-29 02:00:00,6.040,0.000,0.000,0.000,11.000
2023-04-29 03:00:00,6.050,0.000,0.000,0.000,10.700
2023-04-29 04:00:00,6.090,0.000,0.000,0.000,10.200
2023-04-29 05:00:00,6.050,8.000,0.000,8.000,9.800
2023-04-29 06:00:00,6.230,38.000,8.700,36.000,9.600
2023-04-29 07:00:00,5.610,81.000,13.100,76.000,9.700
2023-04-29 08:00:00,5.910,157.000,59.700,126.000,10.400
2023-04-29 09:00:00,5.820,243.000,94.400,183.000,11.500
2023-04-29 10:00:00,5.960,347.000,217.400,190.000,12.100
2023-04-29 11:00:00,5.740,606.000,495.300,223.000,13.700
2023-04-29 12:00:00,5.740,468.000,247.100,274.000,14.300
2023-04-29 13:00:00,6.140,371.000,120.200,280.000,14.300
2023-04-29 14:00:00,6.260,259.000,57.900,219.000,13.900
2023-04-29 15:00:00,6.250,277.000,152.300,187.000,13.900
2023-04-29 16:00:00,5.950,255.000,269.300,130.000,13.800
2023-04-29 17:00:00,5.800,201.000,325.400,97.000,13.600
2023-04-29 18:00:00,6.150,102.000,335.600,46.000,12.500
2023-04-29 19:00:00,6.650,13.000,83.700,8.000,10.700
2023-04-29 20:00:00,6.720,0.000,0.000,0.000,9.400
2023-04-29 21:00:00,6.540,0.000,0.000,0.000,8.200
2023-04-29 22:00:00,5.810,0.000,0.000,0.000,7.100
2023-04-29 23:00:00,5.320,0.000,0.000,0.000,6.100
2023-04-30 00:00:00,4.830,0.000,0.000,0.000,5.200
2023-04-30 01:00:00,4.300,0.000,0.000,0.000,4.300
2023-04-30 02:00:00,3.810,0.000,0.000,0.000,3.400
2023-04-30 03:00:00,3.640,0.000,0.000,0.000,2.700
2023-04-30 04:00:00,3.160,0.000,0.000,0.000,2.200
2023-04-30 05:00:00,2.770,45.000,248.700,22.000,2.900
2023-04-30 06:00:00,2.000,175.000,496.300,59.000,5.400
2023-04-30 07:00:00,2.380,334.000,655.300,82.000,7.300
2023-04-30 08:00:00,1.920,477.000,684.700,119.000,8.200
2023-04-30 09:00:00,1.390,630.000,815.000,109.000,9.300
2023-04-30 10:00:00,1.250,713.000,789.500,140.000,10.600
2023-04-30 11:00:00,1.460,790.000,851.100,129.000,11.600
2023-04-30 12:00:00,1.730,810.000,875.300,120.000,12.700
2023-04-30 13:00:00,1.650,772.000,851.200,125.000,13.700
2023-04-30 14:00:00,1.520,694.000,841.700,110.000,14.400
2023-04-30 15:00:00,1.490,574.000,791.200,104.000,14.700
2023-04-30 16:00:00,1.610,427.000,720.600,90.000,14.900
2023-04-30 17:00:00,1.960,267.000,603.300,72.000,14.700
2023-04-30 18:00:00,2.520,116.000,410.200,46.000,13.500
2023-04-30 19:00:00,3.600,14.000,97.400,8.000,10.900
2023-04-30 20:00:00,4.550,0.000,0.000,0.000,8.800
2023-04-30 21:00:00,5.220,0.000,0.000,0.000,7.700
2023-04-30 22:00:00,6.170,0.000,0.000,0.000,7.000
2023-04-30 23:00:00,6.400,0.000,0.000,0.000,5.900
2023-05-01 00:00:00,6.690,0.000,0.000,0.000,5.400
2023-05-01 01:00:00,6.760,0.000,0.000,0.000,4.900
2023-05-01 02:00:00,6.310,0.000,0.000,0.000,4.600
2023-05-01 03:00:00,5.870,0.000,0.000,0.000,4.200
2023-05-01 04:00:00,5.940,0.000,0.000,0.000,3.900
2023-05-01 05:00:00,5.730,43.000,116.300,32.000,4.700
2023-05-01 06:00:00,5.020,144.000,189.000,99.000,7.100
2023-05-01 07:00:00,3.820,276.000,303.600,158.000,9.800
2023-05-01 08:00:00,3.610,406.000,345.500,224.000,12.200
2023-05-01 09:00:00,3.290,555.000,513.300,225.000,14.200
2023-05-01 10:00:00,2.060,642.000,525.200,259.000,15.800
2023-05-01 11:00:00,1.800,713.000,587.200,255.000,17.300
2023-05-01 12:00:00,1.710,730.000,621.600,238.000,18.300
2023-05-01 13:00:00,1.980,652.000,556.800,227.000,19.000
2023-05-01 14:00:00,2.280,480.000,393.100,206.000,19.000
2023-05-01 15:00:00,2.430,311.000,219.300,180.000,18.900
2023-05-01 16:00:00,2.700,243.000,278.100,112.000,18.600
2023-05-01 17:00:00,3.490,175.000,272.300,86.000,18.100
2023-05-01 18:00:00,4.810,78.000,189.200,45.000,16.900
2023-05-01 19:00:00,5.520,12.000,63.000,8.000,14.700
2023-05-01 20:00:00,5.920,0.000,0.000,0.000,13.900
2023-05-01 21:00:00,6.160,0.000,0.000,0.000,13.200
2023-05-01 22:00:00,5.850,0.000,0.000,0.000,12.300
2023-05-01 23:00:00,5.280,0.000,0.000,0.000,11.200
2023-05-02 00:00:00,5.190,0.000,0.000,0.000,11.400
2023-05-02 01:00:00,5.500,0.000,0.000,0.000,11.000
2023-05-02 02:00:00,5.910,0.000,0.000,0.000,10.100
2023-05-02 03:00:00,6.360,0.000,0.000,0.000,10.100
2023-05-02 04:00:00,6.360,0.000,0.000,0.000,9.900
2023-05-02 05:00:00,5.920,18.000,62.100,12.000,9.700
2023-05-02 06:00:00,6.240,30.000,4.100,29.000,9.300
2023-05-02 07:00:00,6.000,113.000,76.400,83.000,9.000
2023-05-02 08:00:00,5.780,188.000,118.800,125.000,8.700
2023-05-02 09:00:00,5.940,301.000,167.100,193.000,8.600
2023-05-02 10:00:00,5.660,325.000,92.800,257.000,9.100
2023-05-02 11:00:00,5.830,393.000,108.500,308.000,9.400
2023-05-02 12:00:00,5.690,425.000,118.300,331.000,9.700
2023-05-02 13:00:00,6.060,414.000,134.400,311.000,10.100
2023-05-02 14:00:00,6.120,400.000,167.100,283.000,10.400
2023-05-02 15:00:00,6.240,309.000,93.200,253.000,10.600
2023-05-02 16:00:00,6.220,265.000,170.700,184.000,10.600
2023-05-02 17:00:00,6.110,153.000,148.300,104.000,10.200
2023-05-02 18:00:00,5.600,55.000,39.300,48.000,9.600
2023-05-02 19:00:00,5.110,10.000,30.600,8.000,8.700
2023-05-02 20:00:00,4.700,0.000,0.000,0.000,7.900
2023-05-02 21:00:00,4.300,0.000,0.000,0.000,6.900
2023-05-02 22:00:00,4.140,0.000,0.000,0.000,5.800
2023-05-02 23:00:00,3.820,0.000,0.000,0.000,4.200
2023-05-03 00:00:00,3.960,0.000,0.000,0.000,3.400
2023-05-03 01:00:00,4.320,0.000,0.000,0.000,2.100
2023-05-03 02:00:00,4.460,0.000,0.000,0.000,1.400
2023-05-03 03:00:00,4.030,0.000,0.000,0.000,1.400
2023-05-03 04:00:00,3.550,0.000,0.000,0.000,0.900
2023-05-03 05:00:00,3.200,52.000,263.300,26.000,1.900
2023-05-03 06:00:00,1.780,185.000,490.800,64.000,4.900
2023-05-03 07:00:00,1.300,321.000,562.200,98.000,7.500
2023-05-03 08:00:00,1.820,482.000,668.200,125.000,8.700
2023-05-03 09:00:00,1.530,445.000,312.300,242.000,9.200
2023-05-03 10:00:00,1.280,502.000,353.300,242.000,10.100
2023-05-03 11:00:00,1.060,671.000,460.300,309.000,11.300
2023-05-03 12:00:00,1.030,720.000,542.700,287.000,12.200
2023-05-03 13:00:00,1.030,647.000,499.100,263.000,12.900
2023-05-03 14:00:00,1.140,618.000,548.900,232.000,13.600
2023-05-03 15:00:00,1.410,518.000,533.300,196.000,14.100
2023-05-03 16:00:00,1.860,341.000,395.600,152.000,14.100
2023-05-03 17:00:00,2.200,255.000,467.200,99.000,14.000
2023-05-03 18:00:00,2.420,117.000,335.300,56.000,12.900
2023-05-03 19:00:00,3.310,18.000,104.300,11.000,10.800
2023-05-03 20:00:00,4.310,0.000,0.000,0.000,8.600
2023-05-03 21:00:00,4.960,0.000,0.000,0.000,7.100
2023-05-03 22:00:00,5.710,0.000,0.000,0.000,6.400
2023-05-03 23:00:00,5.810,0.000,0.000,0.000,5.800
2023-05-04 00:00:00,5.900,0.000,0.000,0.000,5.000
2023-05-04 01:00:00,6.100,0.000,0.000,0.000,4.400
2023-05-04 02:00:00,6.110,0.000,0.000,0.000,4.100
2023-05-04 03:00:00,6.180,0.000,0.000,0.000,3.800
2023-05-04 04:00:00,6.070,1.000,0.000,1.000,3.500
2023-05-04 05:00:00,5.630,49.000,99.300,39.000,4.200
2023-05-04 06:00:00,4.680,153.000,207.500,101.000,6.700
2023-05-04 07:00:00,3.450,269.000,254.700,167.000,9.200
2023-05-04 08:00:00,3.490,385.000,269.600,240.000,11.600
2023-05-04 09:00:00,3.760,504.000,330.600,288.000,13.400
2023-05-04 10:00:00,4.250,574.000,328.700,331.000,14.800
2023-05-04 11:00:00,4.160,588.000,278.700,368.000,16.000
2023-05-04 12:00:00,4.390,639.000,358.400,352.000,16.700
2023-05-04 13:00:00,4.560,562.000,300.300,330.000,17.300
2023-05-04 14:00:00,4.880,535.000,304.400,320.000,17.900
2023-05-04 15:00:00,4.980,418.000,217.500,286.000,18.100
2023-05-04 16:00:00,5.190,303.000,166.300,223.000,18.000
2023-05-04 17:00:00,5.660,185.000,124.500,143.000,17.400
2023-05-04 18:00:00,6.440,85.000,53.900,75.000,16.300
2023-05-04 19:00:00,7.260,17.000,43.500,14.000,14.600
2023-05-04 20:00:00,7.500,0.000,0.000,0.000,13.300
2023-05-04 21:00:00,7.430,0.000,0.000,0.000,12.500
2023-05-04 22:00:00,7.910,0.000,0.000,0.000,11.700
2023-05-04 23:00:00,8.000,0.000,0.000,0.000,11.200
2023-05-05 00:00:00,8.060,0.000,0.000,0.000,10.800
2023-05-05 01:00:00,8.020,0.000,0.000,0.000,10.100
2023-05-05 02:00:00,8.120,0.000,0.000,0.000,9.400
2023-05-05 03:00:00,8.420,0.000,0.000,0.000,8.900
2023-05-05 04:00:00,8.260,1.000,0.000,1.000,8.700
2023-05-05 05:00:00,7.980,50.000,126.600,37.000,9.200
2023-05-05 06:00:00,7.500,165.000,290.600,91.000,10.500
2023-05-05 07:00:00,6.090,304.000,492.200,105.000,12.300
2023-05-05 08:00:00,5.790,463.000,622.400,126.000,14.000
2023-05-05 09:00:00,5.410,563.000,625.800,152.000,15.700
2023-05-05 10:00:00,4.360,586.000,541.500,184.000,17.100
2023-05-05 11:00:00,3.800,529.000,340.700,259.000,17.800
2023-05-05 12:00:00,4.300,506.000,350.800,224.000,18.300
2023-05-05 13:00:00,4.280,563.000,432.000,228.000,19.000
2023-05-05 14:00:00,4.040,420.000,222.800,262.000,18.900
2023-05-05 15:00:00,3.050,324.000,124.600,248.000,18.600
2023-05-05 16:00:00,1.280,204.000,88.800,161.000,18.000
2023-05-05 17:00:00,0.410,72.000,0.000,72.000,16.400
2023-05-05 18:00:00,1.730,20.000,0.000,20.000,14.400
2023-05-05 19:00:00,1.140,5.000,0.000,5.000,13.400
2023-05-05 20:00:00,2.280,0.000,0.000,0.000,12.900
2023-05-05 21:00:00,4.910,0.000,0.000,0.000,12.700
2023-05-05 22:00:00,3.650,0.000,0.000,0.000,12.600
2023-05-05 23:00:00,2.830,0.000,0.000,0.000,11.300
2023-05-06 00:00:00,1.120,0.000,0.000,0.000,11.500
2023-05-06 01:00:00,1.000,0.000,0.000,0.000,10.800
2023-05-06 02:00:00,2.550,0.000,0.000,0.000,11.000
2023-05-06 03:00:00,3.010,0.000,0.000,0.000,10.800
2023-05-06 04:00:00,3.830,1.000,0.000,1.000,10.500
2023-05-06 05:00:00,4.970,27.000,18.700,25.000,10.500
2023-05-06 06:00:00,5.220,93.000,65.700,76.000,10.800
2023-05-06 07:00:00,4.720,151.000,105.400,108.000,11.200
2023-05-06 08:00:00,3.960,263.000,201.800,153.000,12.100
2023-05-06 09:00:00,3.280,332.000,177.300,215.000,13.300
2023-05-06 10:00:00,3.280,386.000,171.700,258.000,14.000
2023-05-06 11:00:00,2.790,507.000,331.800,243.000,14.700
2023-05-06 12:00:00,2.710,548.000,428.900,202.000,15.600
2023-05-06 13:00:00,2.750,565.000,515.200,164.000,16.200
2023-05-06 14:00:00,2.860,460.000,453.500,137.000,16.100
2023-05-06 15:00:00,3.740,408.000,424.100,148.000,16.000
2023-05-06 16:00:00,5.150,287.000,320.000,131.000,15.400
2023-05-06 17:00:00,6.210,191.000,307.900,85.000,14.400
2023-05-06 18:00:00,6.440,107.000,274.700,54.000,13.300
2023-05-06 19:00:00,6.510,19.000,96.500,12.000,12.100
2023-05-06 20:00:00,6.630,0.000,0.000,0.000,11.200
2023-05-06 21:00:00,6.960,0.000,0.000,0.000,10.500
2023-05-06 22:00:00,6.450,0.000,0.000,0.000,9.800
2023-05-06 23:00:00,6.870,0.000,0.000,0.000,9.400
2023-05-07 00:00:00,7.200,0.000,0.000,0.000,9.100
2023-05-07 01:00:00,7.570,0.000,0.000,0.000,9.000
2023-05-07 02:00:00,7.500,0.000,0.000,0.000,9.000
2023-05-07 03:00:00,7.340,0.000,0.000,0.000,9.200
2023-05-07 04:00:00,7.490,1.000,0.000,1.000,9.200
2023-05-07 05:00:00,7.490,31.000,18.000,29.000,9.300
2023-05-07 06:00:00,7.580,78.000,7.600,76.000,9.600
2023-05-07 07:00:00,7.540,124.000,17.000,117.000,9.800
2023-05-07 08:00:00,7.630,172.000,34.600,153.000,9.900
2023-05-07 09:00:00,7.890,313.000,123.600,231.000,10.200
2023-05-07 10:00:00,7.580,341.000,124.200,248.000,11.200
2023-05-07 11:00:00,7.620,548.000,283.000,322.000,12.600
2023-05-07 12:00:00,7.620,473.000,203.800,308.000,12.600
2023-05-07 13:00:00,7.790,413.000,202.300,255.000,13.000
2023-05-07 14:00:00,7.560,495.000,338.400,253.000,14.400
2023-05-07 15:00:00,7.820,408.000,298.600,224.000,14.700
2023-05-07 16:00:00,8.080,314.000,287.300,173.000,14.900
2023-05-07 17:00:00,7.850,212.000,233.000,131.000,14.600
2023-05-07 18:00:00,7.340,98.000,91.600,80.000,13.900
2023-05-07 19:00:00,7.380,21.000,53.800,17.000,12.700
2023-05-07 20:00:00,7.880,0.000,0.000,0.000,11.600
2023-05-07 21:00:00,7.930,0.000,0.000,0.000,10.700
2023-05-07 22:00:00,8.100,0.000,0.000,0.000,9.700
2023-05-07 23:00:00,8.270,0.000,0.000,0.000,9.200
2023-05-08 00:00:00,8.010,0.000,0.000,0.000,8.700
2023-05-08 01:00:00,7.520,0.000,0.000,0.000,8.100
2023-05-08 02:00:00,7.250,0.000,0.000,0.000,7.600
2023-05-08 03:00:00,7.210,0.000,0.000,0.000,7.300
2023-05-08 04:00:00,7.580,2.000,0.000,2.000,7.100
2023-05-08 05:00:00,7.300,58.000,147.800,41.000,7.600
2023-05-08 06:00:00,6.800,167.000,307.900,85.000,8.900
2023-05-08 07:00:00,6.440,336.000,541.900,111.000,10.400
2023-05-08 08:00:00,6.090,493.000,674.300,121.000,12.000
2023-05-08 09:00:00,6.360,633.000,760.800,126.000,13.300
2023-05-08 10:00:00,6.930,736.000,809.000,128.000,15.500
2023-05-08 11:00:00,6.590,796.000,836.100,126.000,16.800
2023-05-08 12:00:00,6.330,811.000,845.600,124.000,17.800
2023-05-08 13:00:00,6.190,773.000,822.700,128.000,18.700
2023-05-08 14:00:00,6.340,684.000,784.100,121.000,19.300
2023-05-08 15:00:00,6.530,565.000,728.500,114.000,19.500
2023-05-08 16:00:00,6.750,428.000,668.200,98.000,19.400
2023-05-08 17:00:00,6.480,279.000,575.600,77.000,18.900
2023-05-08 18:00:00,7.240,136.000,414.900,53.000,17.800
2023-05-08 19:00:00,7.600,26.000,144.700,15.000,16.100
2023-05-08 20:00:00,7.680,0.000,0.000,0.000,14.800
2023-05-08 21:00:00,8.160,0.000,0.000,0.000,13.900
2023-05-08 22:00:00,8.540,0.000,0.000,0.000,12.800
2023-05-08 23:00:00,8.480,0.000,0.000,0.000,12.100
2023-05-09 00:00:00,8.010,0.000,0.000,0.000,11.400
2023-05-09 01:00:00,7.710,0.000,0.000,0.000,10.500
2023-05-09 02:00:00,7.350,0.000,0.000,0.000,9.700
2023-05-09 03:00:00,7.280,0.000,0.000,0.000,9.200
2023-05-09 04:00:00,7.570,2.000,0.000,2.000,9.300
2023-05-09 05:00:00,7.570,62.000,235.500,34.000,10.200
2023-05-09 06:00:00,7.140,193.000,466.700,67.000,12.000
2023-05-09 07:00:00,5.870,352.000,632.900,87.000,13.900
2023-05-09 08:00:00,6.090,505.000,726.200,102.000,16.000
2023-05-09 09:00:00,6.440,638.000,782.700,114.000,17.600
2023-05-09 10:00:00,6.170,735.000,807.200,126.000,19.500
2023-05-09 11:00:00,7.290,785.000,813.300,131.000,20.500
2023-05-09 12:00:00,7.780,703.000,652.600,171.000,21.200
2023-05-09 13:00:00,7.580,608.000,418.200,279.000,21.600
2023-05-09 14:00:00,8.070,404.000,222.000,244.000,21.200
2023-05-09 15:00:00,8.440,318.000,157.600,220.000,20.900
2023-05-09 16:00:00,8.290,315.000,303.900,164.000,20.600
2023-05-09 17:00:00,8.810,197.000,237.100,113.000,19.900
2023-05-09 18:00:00,9.480,100.000,142.500,71.000,18.900
2023-05-09 19:00:00,9.850,22.000,77.200,16.000,17.400
2023-05-09 20:00:00,10.040,0.000,0.000,0.000,16.600
2023-05-09 21:00:00,9.860,0.000,0.000,0.000,15.900
2023-05-09 22:00:00,9.090,0.000,0.000,0.000,15.000
2023-05-09 23:00:00,8.270,0.000,0.000,0.000,14.500
2023-05-10 00:00:00,7.570,0.000,0.000,0.000,14.000
2023-05-10 01:00:00,7.070,0.000,0.000,0.000,13.400
2023-05-10 02:00:00,6.790,0.000,0.000,0.000,12.900
2023-05-10 03:00:00,6.510,0.000,0.000,0.000,12.600
2023-05-10 04:00:00,5.880,2.000,0.000,2.000,12.100
2023-05-10 05:00:00,5.190,30.000,0.000,30.000,12.100
2023-05-10 06:00:00,4.280,71.000,3.700,70.000,12.500
2023-05-10 07:00:00,3.570,77.000,23.700,67.000,12.800
2023-05-10 08:00:00,4.280,96.000,23.300,83.000,13.000
2023-05-10 09:00:00,5.570,63.000,0.000,63.000,13.100
2023-05-10 10:00:00,5.010,75.000,1.300,74.000,13.300
2023-05-10 11:00:00,4.300,173.000,13.600,162.000,13.900
2023-05-10 12:00:00,3.810,369.000,125.900,266.000,15.200
2023-05-10 13:00:00,3.450,332.000,97.500,255.000,15.600
2023-05-10 14:00:00,2.340,305.000,135.400,207.000,15.800
2023-05-10 15:00:00,1.390,308.000,190.400,189.000,16.200
2023-05-10 16:00:00,2.100,195.000,130.000,130.000,16.300
2023-05-10 17:00:00,2.240,185.000,201.400,113.000,16.400
2023-05-10 18:00:00,2.250,78.000,101.400,57.000,15.600
2023-05-10 19:00:00,3.080,17.000,12.600,16.000,14.800
2023-05-10 20:00:00,3.620,0.000,0.000,0.000,14.000
2023-05-10 21:00:00,3.550,0.000,0.000,0.000,13.600
2023-05-10 22:00:00,3.000,0.000,0.000,0.000,13.300
2023-05-10 23:00:00,2.830,0.000,0.000,0.000,12.900
2023-05-11 00:00:00,2.610,0.000,0.000,0.000,12.400
2023-05-11 01:00:00,2.380,0.000,0.000,0.000,12.400
2023-05-11 02:00:00,2.080,0.000,0.000,0.000,12.200
2023-05-11 03:00:00,1.660,0.000,0.000,0.000,12.200
2023-05-11 04:00:00,1.700,1.000,0.000,1.000,12.100
2023-05-11 05:00:00,2.110,17.000,0.000,17.000,11.900
2023-05-11 06:00:00,2.140,41.000,0.000,41.000,12.400
2023-05-11 07:00:00,1.720,71.000,2.400,70.000,12.800
2023-05-11 08:00:00,1.840,71.000,0.000,71.000,13.200
2023-05-11 09:00:00,2.160,98.000,0.000,98.000,13.500
2023-05-11 10:00:00,3.000,115.000,0.000,115.000,14.100
2023-05-11 11:00:00,3.240,141.000,3.700,138.000,14.700
2023-05-11 12:00:00,2.860,160.000,6.100,155.000,15.000
2023-05-11 13:00:00,2.470,249.000,79.500,186.000,15.800
2023-05-11 14:00:00,2.260,281.000,165.200,161.000,16.600
2023-05-11 15:00:00,2.500,281.000,216.700,145.000,17.100
2023-05-11 16:00:00,2.610,149.000,81.500,108.000,17.000
2023-05-11 17:00:00,2.100,128.000,138.600,78.000,16.900
2023-05-11 18:00:00,2.720,89.000,147.300,58.000,16.100
2023-05-11 19:00:00,3.780,23.000,111.100,14.000,14.900
2023-05-11 20:00:00,4.530,0.000,0.000,0.000,14.500
2023-05-11 21:00:00,5.260,0.000,0.000,0.000,14.100
2023-05-11 22:00:00,3.400,0.000,0.000,0.000,12.400
2023-05-11 23:00:00,3.540,0.000,0.000,0.000,11.900
2023-05-12 00:00:00,3.330,0.000,0.000,0.000,11.200
2023-05-12 01:00:00,3.510,0.000,0.000,0.000,11.000
2023-05-12 02:00:00,4.200,0.000,0.000,0.000,10.900
2023-05-12 03:00:00,5.010,0.000,0.000,0.000,10.900
2023-05-12 04:00:00,5.300,4.000,19.100,3.000,11.100
2023-05-12 05:00:00,5.020,64.000,207.500,37.000,11.700
2023-05-12 06:00:00,4.750,170.000,349.400,72.000,12.700
2023-05-12 07:00:00,4.180,296.000,382.700,132.000,14.100
2023-05-12 08:00:00,4.670,435.000,480.300,164.000,16.000
2023-05-12 09:00:00,5.100,592.000,600.200,185.000,18.000
2023-05-12 10:00:00,3.490,721.000,750.000,149.000,20.200
2023-05-12 11:00:00,5.200,767.000,768.400,143.000,21.300
2023-05-12 12:00:00,5.820,769.000,727.900,170.000,21.700
2023-05-12 13:00:00,6.140,755.000,751.400,158.000,21.800
2023-05-12 14:00:00,6.390,710.000,798.500,128.000,22.000
2023-05-12 15:00:00,6.460,520.000,594.800,145.000,22.000
2023-05-12 16:00:00,6.260,370.000,450.700,142.000,21.700
2023-05-12 17:00:00,6.140,182.000,184.200,115.000,21.000
2023-05-12 18:00:00,6.170,106.000,187.200,66.000,20.100
2023-05-12 19:00:00,6.630,33.000,169.400,19.000,17.900
2023-05-12 20:00:00,7.340,0.000,0.000,0.000,16.100
2023-05-12 21:00:00,7.690,0.000,0.000,0.000,14.900
2023-05-12 22:00:00,7.180,0.000,0.000,0.000,13.900
2023-05-12 23:00:00,6.960,0.000,0.000,0.000,13.000
2023-05-13 00:00:00,6.770,0.000,0.000,0.000,12.100
2023-05-13 01:00:00,6.450,0.000,0.000,0.000,11.200
2023-05-13 02:00:00,6.330,0.000,0.000,0.000,10.500
2023-05-13 03:00:00,6.090,0.000,0.000,0.000,10.000
2023-05-13 04:00:00,5.960,5.000,19.100,4.000,9.600
2023-05-13 05:00:00,5.650,76.000,291.800,37.000,10.500
2023-05-13 06:00:00,4.720,200.000,426.300,79.000,12.800
2023-05-13 07:00:00,3.980,367.000,641.700,90.000,14.800
2023-05-13 08:00:00,3.830,486.000,631.300,128.000,16.700
2023-05-13 09:00:00,4.120,638.000,747.600,129.000,18.500
2023-05-13 10:00:00,4.330,717.000,746.200,146.000,19.900
2023-05-13 11:00:00,4.710,762.000,737.800,161.000,20.500
2023-05-13 12:00:00,4.900,699.000,647.000,165.000,20.800
2023-05-13 13:00:00,4.980,704.000,677.500,164.000,21.400
2023-05-13 14:00:00,5.120,585.000,552.300,181.000,21.800
2023-05-13 15:00:00,5.200,566.000,696.600,125.000,22.000
2023-05-13 16:00:00,5.160,425.000,589.700,125.000,21.800
2023-05-13 17:00:00,4.810,286.000,515.300,97.000,21.000
2023-05-13 18:00:00,5.100,151.000,424.000,59.000,19.700
2023-05-13 19:00:00,5.600,37.000,213.700,19.000,17.300
2023-05-13 20:00:00,5.700,0.000,0.000,0.000,14.800
2023-05-13 21:00:00,5.500,0.000,0.000,0.000,13.200
2023-05-13 22:00:00,5.470,0.000,0.000,0.000,12.200
2023-05-13 23:00:00,5.060,0.000,0.000,0.000,11.300
2023-05-14 00:00:00,4.560,0.000,0.000,0.000,10.500
2023-05-14 01:00:00,4.920,0.000,0.000,0.000,9.900
2023-05-14 02:00:00,5.550,0.000,0.000,0.000,9.300
2023-05-14 03:00:00,5.480,0.000,0.000,0.000,8.900
2023-05-14 04:00:00,5.440,6.000,19.100,5.000,8.500
2023-05-14 05:00:00,4.900,82.000,313.700,39.000,9.900
2023-05-14 06:00:00,3.450,216.000,512.200,69.000,12.200
2023-05-14 07:00:00,2.530,340.000,522.300,113.000,14.600
2023-05-14 08:00:00,3.000,497.000,649.300,127.000,16.700
2023-05-14 09:00:00,3.500,618.000,665.700,163.000,18.400
2023-05-14 10:00:00,3.570,727.000,764.600,140.000,19.300
2023-05-14 11:00:00,2.370,747.000,691.600,182.000,19.900
2023-05-14 12:00:00,2.060,785.000,769.500,148.000,20.400
2023-05-14 13:00:00,2.500,718.000,720.500,142.000,20.300
2023-05-14 14:00:00,3.140,655.000,673.100,161.000,20.400
2023-05-14 15:00:00,3.630,545.000,655.900,128.000,20.100
2023-05-14 16:00:00,3.720,396.000,557.100,111.000,20.100
2023-05-14 17:00:00,2.900,230.000,411.000,78.000,19.800
2023-05-14 18:00:00,1.500,141.000,367.800,60.000,18.600
2023-05-14 19:00:00,1.120,37.000,198.200,20.000,16.500
2023-05-14 20:00:00,1.530,0.000,0.000,0.000,14.900
2023-05-14 21:00:00,2.080,0.000,0.000,0.000,13.500
2023-05-14 22:00:00,3.640,0.000,0.000,0.000,12.000
2023-05-14 23:00:00,3.060,0.000,0.000,0.000,10.600
2023-05-15 00:00:00,2.640,0.000,0.000,0.000,10.000
2023-05-15 01:00:00,2.330,0.000,0.000,0.000,9.600
2023-05-15 02:00:00,1.970,0.000,0.000,0.000,9.100
2023-05-15 03:00:00,1.520,0.000,0.000,0.000,8.800
2023-05-15 04:00:00,0.420,6.000,19.100,5.000,9.000
2023-05-15 05:00:00,1.410,77.000,263.600,40.000,9.500
2023-05-15 06:00:00,3.040,198.000,410.200,79.000,11.700
2023-05-15 07:00:00,2.730,351.000,571.400,101.000,14.000
2023-05-15 08:00:00,2.870,430.000,539.700,121.000,16.500
2023-05-15 09:00:00,3.140,553.000,575.800,158.000,18.200
2023-05-15 10:00:00,4.160,683.000,628.500,199.000,19.300
2023-05-15 11:00:00,4.760,793.000,803.100,135.000,20.100
2023-05-15 12:00:00,5.520,762.000,739.700,148.000,20.200
2023-05-15 13:00:00,6.800,689.000,633.600,181.000,20.100
2023-05-15 14:00:00,6.300,590.000,586.600,158.000,19.600
2023-05-15 15:00:00,6.030,485.000,521.700,152.000,17.700
2023-05-15 16:00:00,7.080,305.000,381.100,109.000,17.700
2023-05-15 17:00:00,6.900,224.000,375.600,84.000,17.400
2023-05-15 18:00:00,6.580,140.000,362.600,59.000,16.600
2023-05-15 19:00:00,7.170,33.000,171.800,18.000,15.100
2023-05-15 20:00:00,7.580,0.000,0.000,0.000,13.800
2023-05-15 21:00:00,7.910,0.000,0.000,0.000,12.100
2023-05-15 22:00:00,6.740,0.000,0.000,0.000,10.700
2023-05-15 23:00:00,7.100,0.000,0.000,0.000,9.900
2023-05-16 00:00:00,7.520,0.000,0.000,0.000,9.500
2023-05-16 01:00:00,7.430,0.000,0.000,0.000,9.300
2023-05-16 02:00:00,7.770,0.000,0.000,0.000,9.600
2023-05-16 03:00:00,8.360,0.000,0.000,0.000,9.800
2023-05-16 04:00:00,7.400,2.000,0.000,2.000,9.700
2023-05-16 05:00:00,6.990,21.000,20.900,18.000,9.600
2023-05-16 06:00:00,7.600,44.000,6.800,42.000,9.600
2023-05-16 07:00:00,7.190,224.000,240.800,118.000,9.700
2023-05-16 08:00:00,7.310,441.000,448.600,183.000,10.200
2023-05-16 09:00:00,7.940,590.000,620.300,163.000,11.500
2023-05-16 10:00:00,7.200,750.000,785.800,143.000,12.800
2023-05-16 11:00:00,7.260,711.000,626.900,196.000,13.400
2023-05-16 12:00:00,8.100,602.000,378.500,287.000,13.400
2023-05-16 13:00:00,8.540,549.000,365.600,255.000,13.400
2023-05-16 14:00:00,8.380,557.000,429.100,240.000,13.600
2023-05-16 15:00:00,8.380,498.000,499.400,178.000,13.500
2023-05-16 16:00:00,8.050,316.000,303.700,159.000,12.900
2023-05-16 17:00:00,7.670,273.000,431.300,111.000,12.800
2023-05-16 18:00:00,7.340,123.000,172.200,84.000,12.100
2023-05-16 19:00:00,7.390,35.000,169.000,20.000,10.800
2023-05-16 20:00:00,7.120,0.000,0.000,0.000,10.000
2023-05-16 21:00:00,6.890,0.000,0.000,0.000,9.100
2023-05-16 22:00:00,7.340,0.000,0.000,0.000,8.600
2023-05-16 23:00:00,7.210,0.000,0.000,0.000,8.000
2023-05-17 00:00:00,7.240,0.000,0.000,0.000,7.600
2023-05-17 01:00:00,7.500,0.000,0.000,0.000,7.300
2023-05-17 02:00:00,7.120,0.000,0.000,0.000,7.300
2023-05-17 03:00:00,7.020,0.000,0.000,0.000,7.100
2023-05-17 04:00:00,6.900,7.000,38.200,5.000,7.000
2023-05-17 05:00:00,6.240,72.000,204.600,42.000,7.700
2023-05-17 06:00:00,6.330,156.000,283.800,72.000,8.700
2023-05-17 07:00:00,6.510,280.000,422.200,93.000,9.600
2023-05-17 08:00:00,6.650,372.000,401.700,140.000,9.700
2023-05-17 09:00:00,6.860,445.000,250.500,272.000,10.400
2023-05-17 10:00:00,6.360,428.000,174.300,293.000,10.900
2023-05-17 11:00:00,6.860,584.000,343.600,301.000,11.700
2023-05-17 12:00:00,6.740,454.000,163.000,318.000,11.900
2023-05-17 13:00:00,6.310,546.000,248.100,346.000,12.400
2023-05-17 14:00:00,6.030,509.000,255.000,320.000,12.700
2023-05-17 15:00:00,6.120,435.000,242.500,279.000,12.700
2023-05-17 16:00:00,5.660,292.000,134.700,222.000,12.500
2023-05-17 17:00:00,5.300,207.000,129.500,158.000,12.100
2023-05-17 18:00:00,5.100,95.000,43.600,85.000,11.200
2023-05-17 19:00:00,4.790,22.000,22.200,20.000,9.700
2023-05-17 20:00:00,4.650,0.000,0.000,0.000,8.300
2023-05-17 21:00:00,4.520,0.000,0.000,0.000,7.500
2023-05-17 22:00:00,3.920,0.000,0.000,0.000,6.300
2023-05-17 23:00:00,3.450,0.000,0.000,0.000,5.600
2023-05-18 00:00:00,3.490,0.000,0.000,0.000,4.800
2023-05-18 01:00:00,3.350,0.000,0.000,0.000,4.000
2023-05-18 02:00:00,3.200,0.000,0.000,0.000,3.100
2023-05-18 03:00:00,3.630,0.000,0.000,0.000,2.400
2023-05-18 04:00:00,3.880,8.000,38.200,6.000,2.100
2023-05-18 05:00:00,3.260,80.000,287.400,37.000,3.700
2023-05-18 06:00:00,2.800,217.000,478.700,74.000,6.500
2023-05-18 07:00:00,2.660,361.000,572.400,106.000,8.200
2023-05-18 08:00:00,1.910,457.000,532.800,148.000,9.500
2023-05-18 09:00:00,1.420,533.000,542.600,157.000,10.600
2023-05-18 10:00:00,1.440,698.000,638.500,202.000,11.500
2023-05-18 11:00:00,1.500,809.000,783.500,162.000,12.800
2023-05-18 12:00:00,1.490,765.000,659.900,213.000,13.900
2023-05-18 13:00:00,1.700,652.000,473.800,269.000,14.300
2023-05-18 14:00:00,2.000,696.000,636.300,223.000,15.300
2023-05-18 15:00:00,2.340,555.000,520.400,219.000,15.800
2023-05-18 16:00:00,2.720,395.000,396.400,188.000,15.900
2023-05-18 17:00:00,3.050,244.000,257.100,146.000,15.700
2023-05-18 18:00:00,3.160,111.000,129.100,81.000,14.700
2023-05-18 19:00:00,4.000,35.000,43.700,31.000,13.400
2023-05-18 20:00:00,4.920,0.000,0.000,0.000,11.800
2023-05-18 21:00:00,5.560,0.000,0.000,0.000,10.500
2023-05-18 22:00:00,5.950,0.000,0.000,0.000,9.600
2023-05-18 23:00:00,6.050,0.000,0.000,0.000,9.100
2023-05-19 00:00:00,5.610,0.000,0.000,0.000,8.400
2023-05-19 01:00:00,5.330,0.000,0.000,0.000,7.900
2023-05-19 02:00:00,5.550,0.000,0.000,0.000,7.600
2023-05-19 03:00:00,5.480,0.000,0.000,0.000,7.800
2023-05-19 04:00:00,5.320,7.000,0.000,7.000,7.500
2023-05-19 05:00:00,4.780,72.000,104.900,56.000,8.400
2023-05-19 06:00:00,3.550,197.000,328.500,98.000,10.000
2023-05-19 07:00:00,3.480,360.000,542.400,117.000,12.000
2023-05-19 08:00:00,3.700,515.000,650.900,136.000,14.100
2023-05-19 09:00:00,4.080,658.000,756.700,132.000,15.800
2023-05-19 10:00:00,4.930,741.000,713.900,185.000,17.000
2023-05-19 11:00:00,5.500,706.000,610.100,201.000,17.600
2023-05-19 12:00:00,5.320,496.000,213.500,317.000,17.800
2023-05-19 13:00:00,5.320,449.000,109.800,360.000,18.200
2023-05-19 14:00:00,5.820,225.000,24.100,207.000,17.900
2023-05-19 15:00:00,5.710,181.000,34.000,159.000,17.900
2023-05-19 16:00:00,4.930,184.000,38.100,164.000,17.900
2023-05-19 17:00:00,4.680,120.000,96.400,83.000,17.800
2023-05-19 18:00:00,5.150,85.000,102.000,61.000,17.300
2023-05-19 19:00:00,5.690,33.000,107.500,23.000,15.800
2023-05-19 20:00:00,6.040,0.000,0.000,0.000,14.100
2023-05-19 21:00:00,6.130,0.000,0.000,0.000,12.700
2023-05-19 22:00:00,6.900,0.000,0.000,0.000,12.600
2023-05-19 23:00:00,6.910,0.000,0.000,0.000,12.100
2023-05-20 00:00:00,6.790,0.000,0.000,0.000,11.400
2023-05-20 01:00:00,6.380,0.000,0.000,0.000,10.700
2023-05-20 02:00:00,6.260,0.000,0.000,0.000,10.400
2023-05-20 03:00:00,6.360,0.000,0.000,0.000,10.400
2023-05-20 04:00:00,6.610,6.000,0.000,6.000,10.300
2023-05-20 05:00:00,6.460,39.000,58.000,30.000,10.900
2023-05-20 06:00:00,5.910,99.000,88.800,72.000,11.800
2023-05-20 07:00:00,6.260,300.000,404.100,118.000,12.800
2023-05-20 08:00:00,8.280,373.000,379.800,151.000,13.900
2023-05-20 09:00:00,8.080,499.000,394.400,224.000,14.300
2023-05-20 10:00:00,7.300,323.000,55.100,280.000,15.300
2023-05-20 11:00:00,7.790,348.000,86.800,276.000,15.400
2023-05-20 12:00:00,7.810,237.000,23.800,217.000,15.600
2023-05-20 13:00:00,7.670,375.000,87.400,304.000,16.500
2023-05-20 14:00:00,7.690,310.000,52.200,271.000,16.600
2023-05-20 15:00:00,7.650,218.000,29.200,199.000,16.900
2023-05-20 16:00:00,7.000,144.000,19.000,134.000,17.000
2023-05-20 17:00:00,6.130,99.000,56.900,77.000,16.900
2023-05-20 18:00:00,5.530,111.000,188.900,66.000,16.800
2023-05-20 19:00:00,5.990,37.000,148.300,23.000,16.000
2023-05-20 20:00:00,7.070,0.000,0.000,0.000,15.000
2023-05-20 21:00:00,7.430,0.000,0.000,0.000,14.500
2023-05-20 22:00:00,7.120,0.000,0.000,0.000,13.800
2023-05-20 23:00:00,7.200,0.000,0.000,0.000,13.200
2023-05-21 00:00:00,7.000,0.000,0.000,0.000,12.700
2023-05-21 01:00:00,6.710,0.000,0.000,0.000,12.200
2023-05-21 02:00:00,6.610,0.000,0.000,0.000,11.700
2023-05-21 03:00:00,6.390,0.000,0.000,0.000,11.400
2023-05-21 04:00:00,6.360,10.000,17.900,9.000,11.400
2023-05-21 05:00:00,6.170,69.000,76.000,57.000,12.000
2023-05-21 06:00:00,5.630,158.000,159.900,109.000,13.300
2023-05-21 07:00:00,4.710,283.000,251.900,169.000,15.000
2023-05-21 08:00:00,4.750,417.000,320.500,229.000,16.800
2023-05-21 09:00:00,4.750,505.000,308.900,289.000,18.500
2023-05-21 10:00:00,4.600,553.000,291.300,325.000,20.200
2023-05-21 11:00:00,5.040,572.000,307.800,316.000,21.800
2023-05-21 12:00:00,5.360,669.000,391.700,339.000,23.500
2023-05-21 13:00:00,5.970,698.000,589.300,218.000,24.900
2023-05-21 14:00:00,6.500,645.000,589.500,203.000,25.600
2023-05-21 15:00:00,6.730,539.000,556.200,176.000,26.000
2023-05-21 16:00:00,6.260,389.000,460.700,145.000,26.200
2023-05-21 17:00:00,6.430,255.000,421.300,91.000,25.800
2023-05-21 18:00:00,6.230,115.000,224.000,61.000,24.100
2023-05-21 19:00:00,7.130,39.000,146.200,25.000,22.900
2023-05-21 20:00:00,7.920,1.000,0.000,1.000,21.400
2023-05-21 21:00:00,8.220,0.000,0.000,0.000,20.500
2023-05-21 22:00:00,7.260,0.000,0.000,0.000,19.800
2023-05-21 23:00:00,7.420,0.000,0.000,0.000,19.100
2023-05-22 00:00:00,7.800,0.000,0.000,0.000,18.300
2023-05-22 01:00:00,8.240,0.000,0.000,0.000,17.600
2023-05-22 02:00:00,8.240,0.000,0.000,0.000,17.100
2023-05-22 03:00:00,8.130,0.000,0.000,0.000,16.500
2023-05-22 04:00:00,7.980,11.000,35.100,9.000,16.300
2023-05-22 05:00:00,7.620,86.000,218.100,51.000,16.700
2023-05-22 06:00:00,6.900,205.000,395.100,83.000,18.000
2023-05-22 07:00:00,6.100,342.000,481.500,123.000,19.300
2023-05-22 08:00:00,5.570,446.000,513.100,144.000,20.900
2023-05-22 09:00:00,5.070,594.000,607.600,168.000,22.500
2023-05-22 10:00:00,5.090,684.000,624.500,194.000,24.400
2023-05-22 11:00:00,5.060,749.000,711.500,156.000,25.500
2023-05-22 12:00:00,4.610,779.000,727.200,165.000,26.400
2023-05-22 13:00:00,4.500,732.000,690.800,168.000,27.200
2023-05-22 14:00:00,3.830,458.000,416.300,145.000,26.800
2023-05-22 15:00:00,4.580,383.000,346.700,156.000,26.000
2023-05-22 16:00:00,3.540,222.000,172.900,130.000,23.700
2023-05-22 17:00:00,1.120,213.000,257.700,112.000,21.800
2023-05-22 18:00:00,0.580,112.000,184.500,67.000,20.300
2023-05-22 19:00:00,2.340,34.000,61.100,28.000,18.500
2023-05-22 20:00:00,4.610,0.000,0.000,0.000,17.600
2023-05-22 21:00:00,5.020,0.000,0.000,0.000,16.700
2023-05-22 22:00:00,2.470,0.000,0.000,0.000,16.400
2023-05-22 23:00:00,0.920,0.000,0.000,0.000,16.100
2023-05-23 00:00:00,2.570,0.000,0.000,0.000,15.900
2023-05-23 01:00:00,5.820,0.000,0.000,0.000,15.700
2023-05-23 02:00:00,7.430,0.000,0.000,0.000,15.300
2023-05-23 03:00:00,8.790,0.000,0.000,0.000,14.400
2023-05-23 04:00:00,8.830,3.000,0.000,3.000,13.600
2023-05-23 05:00:00,8.750,27.000,6.100,26.000,13.500
2023-05-23 06:00:00,9.450,44.000,0.000,44.000,13.500
2023-05-23 07:00:00,10.620,62.000,4.400,60.000,13.300
2023-05-23 08:00:00,11.500,88.000,1.700,87.000,12.900
2023-05-23 09:00:00,9.010,98.000,2.800,96.000,12.800
2023-05-23 10:00:00,8.990,152.000,25.400,132.000,12.700
2023-05-23 11:00:00,8.750,200.000,41.900,165.000,12.400
2023-05-23 12:00:00,8.790,240.000,52.000,196.000,12.600
2023-05-23 13:00:00,9.040,454.000,249.300,250.000,13.500
2023-05-23 14:00:00,9.100,542.000,346.200,281.000,14.100
2023-05-23 15:00:00,9.320,526.000,444.400,234.000,14.300
2023-05-23 16:00:00,9.490,400.000,378.000,198.000,13.900
2023-05-23 17:00:00,9.420,264.000,329.600,134.000,13.000
2023-05-23 18:00:00,8.990,147.000,271.700,80.000,12.000
2023-05-23 19:00:00,8.770,43.000,89.100,34.000,10.800
2023-05-23 20:00:00,8.500,1.000,0.000,1.000,9.800
2023-05-23 21:00:00,8.220,0.000,0.000,0.000,9.000
2023-05-23 22:00:00,6.940,0.000,0.000,0.000,8.600
2023-05-23 23:00:00,6.400,0.000,0.000,0.000,8.200
2023-05-24 00:00:00,6.480,0.000,0.000,0.000,7.800
2023-05-24 01:00:00,6.500,0.000,0.000,0.000,7.500
2023-05-24 02:00:00,6.360,0.000,0.000,0.000,7.500
2023-05-24 03:00:00,6.410,0.000,0.000,0.000,7.300
2023-05-24 04:00:00,6.250,8.000,16.800,7.000,7.500
2023-05-24 05:00:00,6.910,57.000,90.700,42.000,8.000
2023-05-24 06:00:00,7.740,118.000,92.600,89.000,8.600
2023-05-24 07:00:00,6.980,154.000,108.900,104.000,9.600
2023-05-24 08:00:00,6.090,151.000,67.500,111.000,10.100
2023-05-24 09:00:00,5.300,176.000,7.100,171.000,10.300
2023-05-24 10:00:00,4.050,210.000,55.800,166.000,10.900
2023-05-24 11:00:00,3.830,244.000,47.800,204.000,11.800
2023-05-24 12:00:00,4.430,238.000,24.800,217.000,12.400
2023-05-24 13:00:00,4.330,275.000,48.800,235.000,13.300
2023-05-24 14:00:00,3.920,300.000,66.200,250.000,13.900
2023-05-24 15:00:00,3.770,277.000,69.800,231.000,14.400
2023-05-24 16:00:00,3.840,184.000,67.100,148.000,14.400
2023-05-24 17:00:00,3.220,88.000,2.500,87.000,14.200
2023-05-24 18:00:00,3.420,53.000,20.100,48.000,13.700
2023-05-24 19:00:00,4.210,27.000,57.700,21.000,12.900
2023-05-24 20:00:00,4.830,1.000,0.000,1.000,12.000
2023-05-24 21:00:00,5.260,0.000,0.000,0.000,11.300
2023-05-24 22:00:00,4.460,0.000,0.000,0.000,9.900
2023-05-24 23:00:00,4.040,0.000,0.000,0.000,9.500
2023-05-25 00:00:00,3.610,0.000,0.000,0.000,8.700
2023-05-25 01:00:00,3.260,0.000,0.000,0.000,8.300
2023-05-25 02:00:00,3.420,0.000,0.000,0.000,8.200
2023-05-25 03:00:00,3.200,0.000,0.000,0.000,8.200
2023-05-25 04:00:00,3.050,12.000,49.600,9.000,8.000
2023-05-25 05:00:00,2.970,86.000,244.600,45.000,8.500
2023-05-25 06:00:00,2.360,192.000,333.000,87.000,9.300
2023-05-25 07:00:00,2.150,210.000,84.600,171.000,10.200
2023-05-25 08:00:00,2.590,297.000,94.200,241.000,11.300
2023-05-25 09:00:00,3.050,384.000,130.200,292.000,12.300
2023-05-25 10:00:00,3.550,569.000,303.900,329.000,12.900
2023-05-25 11:00:00,3.780,672.000,452.000,293.000,14.200
2023-05-25 12:00:00,3.830,699.000,545.000,236.000,15.500
2023-05-25 13:00:00,3.750,602.000,450.100,232.000,16.200
2023-05-25 14:00:00,3.340,620.000,505.400,237.000,17.000
2023-05-25 15:00:00,3.060,549.000,607.900,147.000,17.600
2023-05-25 16:00:00,3.160,439.000,569.600,132.000,17.700
2023-05-25 17:00:00,3.440,328.000,603.400,87.000,17.700
2023-05-25 18:00:00,3.830,179.000,464.300,62.000,16.700
2023-05-25 19:00:00,5.330,53.000,215.500,30.000,15.000
2023-05-25 20:00:00,6.580,2.000,0.000,2.000,12.900
2023-05-25 21:00:00,6.990,0.000,0.000,0.000,11.600
2023-05-25 22:00:00,6.710,0.000,0.000,0.000,10.700
2023-05-25 23:00:00,5.960,0.000,0.000,0.000,9.700
2023-05-26 00:00:00,5.350,0.000,0.000,0.000,9.000
2023-05-26 01:00:00,4.960,0.000,0.000,0.000,8.200
2023-05-26 02:00:00,4.780,0.000,0.000,0.000,7.600
2023-05-26 03:00:00,4.680,0.000,0.000,0.000,7.000
2023-05-26 04:00:00,4.920,15.000,81.200,10.000,6.700
2023-05-26 05:00:00,4.650,104.000,329.800,48.000,7.700
2023-05-26 06:00:00,4.500,247.000,535.700,77.000,9.000
2023-05-26 07:00:00,4.000,300.000,326.300,149.000,10.200
2023-05-26 08:00:00,3.450,427.000,446.300,161.000,11.500
2023-05-26 09:00:00,3.510,618.000,670.900,143.000,12.900
2023-05-26 10:00:00,3.580,779.000,815.100,134.000,14.500
2023-05-26 11:00:00,4.250,834.000,823.700,142.000,15.700
2023-05-26 12:00:00,4.610,884.000,894.000,123.000,16.600
2023-05-26 13:00:00,4.790,843.000,876.500,121.000,17.300
2023-05-26 14:00:00,4.610,745.000,814.800,126.000,17.800
2023-05-26 15:00:00,4.720,634.000,776.400,119.000,17.800
2023-05-26 16:00:00,5.060,493.000,709.500,109.000,17.500
2023-05-26 17:00:00,5.260,339.000,622.200,89.000,16.800
2023-05-26 18:00:00,5.260,185.000,463.500,67.000,15.800
2023-05-26 19:00:00,5.480,62.000,274.000,32.000,14.300
2023-05-26 20:00:00,5.630,2.000,0.000,2.000,12.300
2023-05-26 21:00:00,5.450,0.000,0.000,0.000,11.100
2023-05-26 22:00:00,4.900,0.000,0.000,0.000,9.900
2023-05-26 23:00:00,4.330,0.000,0.000,0.000,9.000
2023-05-27 00:00:00,3.960,0.000,0.000,0.000,8.000
2023-05-27 01:00:00,3.940,0.000,0.000,0.000,7.200
2023-05-27 02:00:00,3.770,0.000,0.000,0.000,6.400
2023-05-27 03:00:00,3.610,0.000,0.000,0.000,5.800
2023-05-27 04:00:00,3.400,17.000,95.800,11.000,5.700
2023-05-27 05:00:00,3.190,109.000,349.100,49.000,7.500
2023-05-27 06:00:00,1.800,247.000,532.500,77.000,10.100
2023-05-27 07:00:00,1.710,401.000,652.400,98.000,12.600
2023-05-27 08:00:00,1.820,553.000,741.300,110.000,14.700
2023-05-27 09:00:00,2.010,682.000,790.600,121.000,16.000
2023-05-27 10:00:00,2.520,768.000,780.700,149.000,17.000
2023-05-27 11:00:00,2.710,818.000,792.500,151.000,18.000
2023-05-27 12:00:00,2.900,850.000,833.700,139.000,18.900
2023-05-27 13:00:00,3.000,808.000,803.200,145.000,19.600
2023-05-27 14:00:00,3.110,743.000,811.600,125.000,20.300
2023-05-27 15:00:00,3.140,628.000,769.600,116.000,20.700
2023-05-27 16:00:00,2.960,489.000,712.200,102.000,20.700
2023-05-27 17:00:00,2.890,334.000,608.600,88.000,20.400
2023-05-27 18:00:00,2.940,186.000,474.500,64.000,19.700
2023-05-27 19:00:00,3.320,63.000,276.400,32.000,17.900
2023-05-27 20:00:00,3.800,3.000,0.000,3.000,15.200
2023-05-27 21:00:00,4.220,0.000,0.000,0.000,13.300
2023-05-27 22:00:00,4.200,0.000,0.000,0.000,11.500
2023-05-27 23:00:00,4.490,0.000,0.000,0.000,10.300
2023-05-28 00:00:00,4.760,0.000,0.000,0.000,9.400
2023-05-28 01:00:00,4.600,0.000,0.000,0.000,8.500
2023-05-28 02:00:00,4.240,0.000,0.000,0.000,7.500
2023-05-28 03:00:00,4.030,0.000,0.000,0.000,6.800
2023-05-28 04:00:00,3.260,18.000,110.100,11.000,7.100
2023-05-28 05:00:00,2.910,113.000,379.600,47.000,9.500
2023-05-28 06:00:00,2.000,254.000,563.800,73.000,12.700
2023-05-28 07:00:00,0.760,406.000,669.400,94.000,16.000
2023-05-28 08:00:00,0.410,553.000,736.100,112.000,18.700
2023-05-28 09:00:00,1.410,680.000,776.300,128.000,20.100
2023-05-28 10:00:00,2.480,777.000,807.000,136.000,20.900
2023-05-28 11:00:00,2.340,832.000,819.600,141.000,21.700
2023-05-28 12:00:00,2.260,845.000,818.200,146.000,22.400
2023-05-28 13:00:00,2.420,807.000,802.800,143.000,23.000
2023-05-28 14:00:00,2.460,713.000,731.100,155.000,23.500
2023-05-28 15:00:00,2.420,609.000,710.400,135.000,23.800
2023-05-28 16:00:00,2.620,470.000,641.600,120.000,23.800
2023-05-28 17:00:00,2.930,318.000,543.700,97.000,23.400
2023-05-28 18:00:00,4.130,188.000,477.700,64.000,22.200
2023-05-28 19:00:00,6.330,64.000,270.100,33.000,20.400
2023-05-28 20:00:00,7.520,3.000,0.000,3.000,18.300
2023-05-28 21:00:00,7.540,0.000,0.000,0.000,16.700
2023-05-28 22:00:00,6.840,0.000,0.000,0.000,15.000
2023-05-28 23:00:00,5.910,0.000,0.000,0.000,13.500
2023-05-29 00:00:00,5.570,0.000,0.000,0.000,12.400
2023-05-29 01:00:00,6.140,0.000,0.000,0.000,11.800
2023-05-29 02:00:00,6.400,0.000,0.000,0.000,11.000
2023-05-29 03:00:00,5.790,0.000,0.000,0.000,10.200
2023-05-29 04:00:00,5.630,17.000,46.500,14.000,10.000
2023-05-29 05:00:00,5.220,100.000,238.900,58.000,10.700
2023-05-29 06:00:00,4.520,233.000,467.800,82.000,11.700
2023-05-29 07:00:00,4.000,277.000,260.900,155.000,13.000
2023-05-29 08:00:00,3.910,419.000,379.600,191.000,14.400
2023-05-29 09:00:00,3.930,563.000,416.900,266.000,15.500
2023-05-29 10:00:00,3.420,635.000,476.400,256.000,16.800
2023-05-29 11:00:00,3.420,747.000,566.000,269.000,17.700
2023-05-29 12:00:00,3.640,809.000,733.800,181.000,18.500
2023-05-29 13:00:00,3.960,783.000,767.500,147.000,19.200
2023-05-29 14:00:00,4.140,736.000,749.100,163.000,19.700
2023-05-29 15:00:00,4.330,630.000,748.800,129.000,19.900
2023-05-29 16:00:00,4.780,491.000,675.700,121.000,19.800
2023-05-29 17:00:00,5.190,343.000,611.700,93.000,19.300
2023-05-29 18:00:00,5.550,192.000,481.000,66.000,18.100
2023-05-29 19:00:00,6.280,64.000,204.600,40.000,16.200
2023-05-29 20:00:00,6.910,3.000,0.000,3.000,14.500
2023-05-29 21:00:00,7.020,0.000,0.000,0.000,13.000
2023-05-29 22:00:00,6.910,0.000,0.000,0.000,11.700
2023-05-29 23:00:00,6.200,0.000,0.000,0.000,10.800
2023-05-30 00:00:00,5.660,0.000,0.000,0.000,9.900
2023-05-30 01:00:00,5.120,0.000,0.000,0.000,9.200
2023-05-30 02:00:00,4.620,0.000,0.000,0.000,8.500
2023-05-30 03:00:00,4.520,0.000,0.000,0.000,7.900
2023-05-30 04:00:00,4.700,18.000,76.500,13.000,8.000
2023-05-30 05:00:00,4.070,107.000,304.100,53.000,9.200
2023-05-30 06:00:00,3.610,246.000,517.900,78.000,10.400
2023-05-30 07:00:00,3.260,365.000,522.200,120.000,11.700
2023-05-30 08:00:00,3.130,504.000,616.400,133.000,13.000
2023-05-30 09:00:00,3.360,594.000,545.000,205.000,14.100
2023-05-30 10:00:00,3.290,653.000,515.700,242.000,15.600
2023-05-30 11:00:00,3.370,607.000,399.600,269.000,16.400
2023-05-30 12:00:00,3.500,611.000,409.500,260.000,17.000
2023-05-30 13:00:00,3.450,547.000,307.200,292.000,18.000
2023-05-30 14:00:00,3.260,414.000,143.500,304.000,18.600
2023-05-30 15:00:00,3.090,227.000,50.700,193.000,18.900
2023-05-30 16:00:00,3.100,204.000,41.800,181.000,19.100
2023-05-30 17:00:00,3.710,163.000,85.200,128.000,18.900
2023-05-30 18:00:00,4.420,129.000,132.400,94.000,18.400
2023-05-30 19:00:00,5.420,52.000,141.900,35.000,16.800
2023-05-30 20:00:00,6.100,4.000,0.000,4.000,15.000
2023-05-30 21:00:00,6.790,0.000,0.000,0.000,13.700
2023-05-30 22:00:00,6.670,0.000,0.000,0.000,12.800
2023-05-30 23:00:00,6.410,0.000,0.000,0.000,12.000
2023-05-31 00:00:00,5.950,0.000,0.000,0.000,11.200
2023-05-31 01:00:00,5.660,0.000,0.000,0.000,10.400
2023-05-31 02:00:00,5.330,0.000,0.000,0.000,9.500
2023-05-31 03:00:00,5.010,0.000,0.000,0.000,8.600
2023-05-31 04:00:00,4.790,20.000,105.800,13.000,8.600
2023-05-31 05:00:00,3.940,115.000,368.200,49.000,10.800
2023-05-31 06:00:00,2.240,255.000,549.200,76.000,13.100
2023-05-31 07:00:00,1.340,409.000,667.300,95.000,15.600
2023-05-31 08:00:00,0.990,560.000,747.700,109.000,17.800
2023-05-31 09:00:00,1.260,687.000,788.900,123.000,19.400
2023-05-31 10:00:00,1.870,784.000,813.200,135.000,20.800
2023-05-31 11:00:00,2.210,840.000,821.700,144.000,21.700
2023-05-31 12:00:00,2.600,850.000,811.900,153.000,22.600
2023-05-31 13:00:00,3.110,805.000,754.000,178.000,23.200
2023-05-31 14:00:00,3.110,712.000,675.600,193.000,23.700
2023-05-31 15:00:00,2.890,568.000,587.200,173.000,23.900
2023-05-31 16:00:00,3.180,469.000,567.500,156.000,24.000
2023-05-31 17:00:00,4.030,334.000,554.500,105.000,23.400
2023-05-31 18:00:00,5.270,193.000,469.000,68.000,22.200
2023-05-31 19:00:00,6.580,70.000,286.500,35.000,20.100
2023-05-31 20:00:00,6.890,4.000,19.100,3.000,17.200
2023-05-31 21:00:00,6.620,0.000,0.000,0.000,15.300
2023-05-31 22:00:00,6.240,0.000,0.000,0.000,13.000
2023-05-31 23:00:00,5.740,0.000,0.000,0.000,11.700
2023-06-01 00:00:00,5.380,0.000,0.000,0.000,10.700
2023-06-01 01:00:00,5.140,0.000,0.000,0.000,10.300
2023-06-01 02:00:00,4.920,0.000,0.000,0.000,10.000
2023-06-01 03:00:00,4.670,0.000,0.000,0.000,10.000
2023-06-01 04:00:00,4.810,15.000,59.800,11.000,10.000
2023-06-01 05:00:00,4.890,67.000,66.400,55.000,10.300
2023-06-01 06:00:00,4.780,137.000,58.000,118.000,10.500
2023-06-01 07:00:00,4.890,205.000,50.900,181.000,10.900
2023-06-01 08:00:00,5.240,293.000,52.900,261.000,11.400
2023-06-01 09:00:00,5.460,416.000,138.200,317.000,12.200
2023-06-01 10:00:00,5.440,581.000,314.000,330.000,13.500
2023-06-01 11:00:00,5.740,644.000,327.700,366.000,14.300
2023-06-01 12:00:00,6.110,713.000,485.000,296.000,15.100
2023-06-01 13:00:00,6.410,732.000,594.300,237.000,15.500
2023-06-01 14:00:00,6.800,707.000,687.300,178.000,15.800
2023-06-01 15:00:00,6.820,612.000,713.300,131.000,15.800
2023-06-01 16:00:00,6.860,481.000,648.700,122.000,15.600
2023-06-01 17:00:00,6.890,321.000,520.500,105.000,14.800
2023-06-01 18:00:00,7.000,182.000,379.600,80.000,13.700
2023-06-01 19:00:00,6.510,54.000,120.500,39.000,12.600
2023-06-01 20:00:00,6.380,4.000,0.000,4.000,11.700
2023-06-01 21:00:00,6.250,0.000,0.000,0.000,10.900
2023-06-01 22:00:00,5.720,0.000,0.000,0.000,10.400
2023-06-01 23:00:00,5.170,0.000,0.000,0.000,9.900
2023-06-02 00:00:00,4.610,0.000,0.000,0.000,9.200
2023-06-02 01:00:00,4.580,0.000,0.000,0.000,8.800
2023-06-02 02:00:00,4.750,0.000,0.000,0.000,8.500
2023-06-02 03:00:00,4.960,0.000,0.000,0.000,8.500
2023-06-02 04:00:00,4.810,19.000,88.700,13.000,8.700
2023-06-02 05:00:00,3.900,110.000,307.200,54.000,9.400
2023-06-02 06:00:00,3.180,252.000,514.200,83.000,10.500
2023-06-02 07:00:00,2.830,322.000,410.100,128.000,11.800
2023-06-02 08:00:00,2.420,487.000,571.400,141.000,13.000
2023-06-02 09:00:00,2.420,454.000,228.700,290.000,14.500
2023-06-02 10:00:00,2.220,489.000,219.900,313.000,15.500
2023-06-02 11:00:00,2.640,392.000,133.000,279.000,16.200
2023-06-02 12:00:00,3.620,492.000,305.500,229.000,17.100
2023-06-02 13:00:00,4.200,442.000,212.200,265.000,17.600
2023-06-02 14:00:00,4.520,339.000,68.700,286.000,18.000
2023-06-02 15:00:00,4.390,348.000,193.800,217.000,18.800
2023-06-02 16:00:00,4.250,241.000,109.900,180.000,18.900
2023-06-02 17:00:00,4.520,153.000,33.600,139.000,18.600
2023-06-02 18:00:00,4.570,142.000,262.200,71.000,18.100
2023-06-02 19:00:00,5.420,62.000,189.500,38.000,16.500
2023-06-02 20:00:00,6.750,5.000,19.100,4.000,14.700
2023-06-02 21:00:00,7.670,0.000,0.000,0.000,13.000
2023-06-02 22:00:00,7.200,0.000,0.000,0.000,11.600
2023-06-02 23:00:00,6.710,0.000,0.000,0.000,10.400
2023-06-03 00:00:00,6.010,0.000,0.000,0.000,9.200
2023-06-03 01:00:00,5.670,0.000,0.000,0.000,8.000
2023-06-03 02:00:00,5.450,0.000,0.000,0.000,6.800
2023-06-03 03:00:00,5.400,0.000,0.000,0.000,6.000
2023-06-03 04:00:00,5.710,23.000,131.700,14.000,6.500
2023-06-03 05:00:00,5.320,123.000,397.400,50.000,8.800
2023-06-03 06:00:00,4.020,267.000,575.900,77.000,11.400
2023-06-03 07:00:00,3.540,421.000,674.900,101.000,13.400
2023-06-03 08:00:00,3.690,569.000,743.500,118.000,15.000
2023-06-03 09:00:00,4.440,702.000,797.900,129.000,16.300
2023-06-03 10:00:00,4.830,802.000,837.300,131.000,17.300
2023-06-03 11:00:00,4.680,857.000,837.200,145.000,18.200
2023-06-03 12:00:00,4.240,860.000,798.100,172.000,19.000
2023-06-03 13:00:00,3.920,810.000,734.900,196.000,19.600
2023-06-03 14:00:00,3.760,708.000,607.000,239.000,20.000
2023-06-03 15:00:00,3.640,632.000,701.100,157.000,20.400
2023-06-03 16:00:00,3.420,503.000,678.800,125.000,20.400
2023-06-03 17:00:00,3.490,360.000,644.600,90.000,20.100
2023-06-03 18:00:00,3.410,205.000,505.800,67.000,19.300
2023-06-03 19:00:00,3.830,76.000,302.800,37.000,17.400
2023-06-03 20:00:00,4.700,5.000,19.100,4.000,14.700
2023-06-03 21:00:00,5.550,0.000,0.000,0.000,12.800
2023-06-03 22:00:00,6.360,0.000,0.000,0.000,11.500
2023-06-03 23:00:00,6.620,0.000,0.000,0.000,10.800
2023-06-04 00:00:00,6.260,0.000,0.000,0.000,9.900
2023-06-04 01:00:00,5.700,0.000,0.000,0.000,8.800
2023-06-04 02:00:00,4.920,0.000,0.000,0.000,7.500
2023-06-04 03:00:00,4.240,0.000,0.000,0.000,6.800
2023-06-04 04:00:00,3.770,23.000,130.600,14.000,6.900
2023-06-04 05:00:00,3.490,121.000,383.800,50.000,9.600
2023-06-04 06:00:00,2.080,261.000,558.800,76.000,12.400
2023-06-04 07:00:00,1.580,418.000,677.600,96.000,15.400
2023-06-04 08:00:00,1.440,567.000,753.900,109.000,17.700
2023-06-04 09:00:00,1.750,696.000,801.000,120.000,19.300
2023-06-04 10:00:00,1.400,793.000,828.900,128.000,20.300
2023-06-04 11:00:00,0.910,851.000,844.500,132.000,21.000
2023-06-04 12:00:00,0.780,864.000,848.100,132.000,21.600
2023-06-04 13:00:00,1.040,832.000,839.000,130.000,22.200
2023-06-04 14:00:00,1.260,757.000,817.900,124.000,22.700
2023-06-04 15:00:00,1.430,645.000,779.000,116.000,23.000
2023-06-04 16:00:00,1.570,507.000,721.500,104.000,23.100
2023-06-04 17:00:00,1.530,354.000,632.400,88.000,22.900
2023-06-04 18:00:00,1.510,203.000,495.000,67.000,22.400
2023-06-04 19:00:00,2.730,75.000,298.100,36.000,20.700
2023-06-04 20:00:00,4.440,6.000,19.100,5.000,18.500
2023-06-04 21:00:00,6.020,0.000,0.000,0.000,16.000
2023-06-04 22:00:00,6.450,0.000,0.000,0.000,13.900
2023-06-04 23:00:00,5.920,0.000,0.000,0.000,12.900
2023-06-05 00:00:00,5.520,0.000,0.000,0.000,11.900
2023-06-05 01:00:00,5.370,0.000,0.000,0.000,10.900
2023-06-05 02:00:00,5.060,0.000,0.000,0.000,9.800
2023-06-05 03:00:00,4.750,0.000,0.000,0.000,8.900
2023-06-05 04:00:00,4.430,23.000,129.500,14.000,8.900
2023-06-05 05:00:00,3.770,121.000,381.400,50.000,11.000
2023-06-05 06:00:00,2.250,260.000,554.000,76.000,13.300
2023-06-05 07:00:00,1.710,412.000,665.800,95.000,16.000
2023-06-05 08:00:00,1.490,561.000,741.300,110.000,18.500
2023-06-05 09:00:00,1.520,689.000,790.300,120.000,20.600
2023-06-05 10:00:00,1.990,787.000,820.500,128.000,22.300
2023-06-05 11:00:00,2.610,845.000,836.500,132.000,23.500
2023-06-05 12:00:00,2.600,823.000,760.300,166.000,24.200
2023-06-05 13:00:00,2.410,779.000,723.300,173.000,24.600
2023-06-05 14:00:00,2.260,641.000,587.000,186.000,24.900
2023-06-05 15:00:00,2.530,554.000,568.700,167.000,25.100
2023-06-05 16:00:00,2.610,476.000,633.800,121.000,25.300
2023-06-05 17:00:00,2.600,307.000,511.400,91.000,24.900
2023-06-05 18:00:00,1.840,203.000,491.700,67.000,24.200
2023-06-05 19:00:00,1.000,69.000,226.000,39.000,21.500
2023-06-05 20:00:00,2.500,5.000,19.100,4.000,20.000
2023-06-05 21:00:00,3.830,0.000,0.000,0.000,18.500
2023-06-05 22:00:00,5.600,0.000,0.000,0.000,16.200
2023-06-05 23:00:00,6.730,0.000,0.000,0.000,14.900
2023-06-06 00:00:00,6.600,0.000,0.000,0.000,14.100
2023-06-06 01:00:00,6.130,0.000,0.000,0.000,13.200
2023-06-06 02:00:00,5.640,0.000,0.000,0.000,12.400
2023-06-06 03:00:00,5.250,0.000,0.000,0.000,11.200
2023-06-06 04:00:00,4.920,23.000,114.300,15.000,11.400
2023-06-06 05:00:00,4.300,114.000,293.700,59.000,13.000
2023-06-06 06:00:00,3.060,248.000,471.400,91.000,15.300
2023-06-06 07:00:00,3.000,396.000,580.700,119.000,17.400
2023-06-06 08:00:00,3.060,538.000,659.900,136.000,19.300
2023-06-06 09:00:00,3.190,653.000,673.000,168.000,20.600
2023-06-06 10:00:00,2.750,661.000,495.100,263.000,22.700
2023-06-06 11:00:00,2.980,645.000,471.200,243.000,23.600
2023-06-06 12:00:00,2.800,577.000,263.600,349.000,24.100
2023-06-06 13:00:00,2.510,494.000,196.700,329.000,24.500
2023-06-06 14:00:00,1.960,434.000,130.100,333.000,24.400
2023-06-06 15:00:00,1.890,401.000,299.200,197.000,24.300
2023-06-06 16:00:00,2.410,253.000,146.000,171.000,24.400
2023-06-06 17:00:00,2.580,144.000,63.700,117.000,23.600
2023-06-06 18:00:00,2.730,106.000,143.700,66.000,22.200
2023-06-06 19:00:00,3.800,65.000,156.100,44.000,21.100
2023-06-06 20:00:00,4.730,3.000,0.000,3.000,19.900
2023-06-06 21:00:00,5.760,0.000,0.000,0.000,18.600
2023-06-06 22:00:00,7.470,0.000,0.000,0.000,17.300
2023-06-06 23:00:00,6.810,0.000,0.000,0.000,16.100
2023-06-07 00:00:00,6.410,0.000,0.000,0.000,15.500
2023-06-07 01:00:00,6.020,0.000,0.000,0.000,14.800
2023-06-07 02:00:00,5.450,0.000,0.000,0.000,14.300
2023-06-07 03:00:00,4.530,0.000,0.000,0.000,14.100
2023-06-07 04:00:00,3.720,12.000,56.800,8.000,13.900
2023-06-07 05:00:00,3.620,56.000,111.600,35.000,14.200
2023-06-07 06:00:00,2.690,120.000,158.700,67.000,14.500
2023-06-07 07:00:00,2.280,325.000,397.700,135.000,15.200
2023-06-07 08:00:00,1.840,377.000,355.800,160.000,16.600
2023-06-07 09:00:00,1.580,404.000,263.400,214.000,18.100
2023-06-07 10:00:00,1.360,627.000,461.100,256.000,20.500
2023-06-07 11:00:00,1.040,675.000,519.900,231.000,21.800
2023-06-07 12:00:00,2.160,686.000,531.200,226.000,22.600
2023-06-07 13:00:00,2.620,567.000,456.000,184.000,23.400
2023-06-07 14:00:00,2.750,430.000,275.200,216.000,23.700
2023-06-07 15:00:00,2.850,414.000,363.100,166.000,24.300
2023-06-07 16:00:00,2.880,319.000,326.800,135.000,24.500
2023-06-07 17:00:00,3.290,239.000,350.200,90.000,24.100
2023-06-07 18:00:00,3.610,133.000,207.200,75.000,23.200
2023-06-07 19:00:00,4.730,71.000,242.200,38.000,21.700
2023-06-07 20:00:00,6.030,6.000,19.100,5.000,19.900
2023-06-07 21:00:00,6.800,0.000,0.000,0.000,18.700
2023-06-07 22:00:00,5.940,0.000,0.000,0.000,17.700
2023-06-07 23:00:00,3.770,0.000,0.000,0.000,16.400
2023-06-08 00:00:00,3.760,0.000,0.000,0.000,16.000
2023-06-08 01:00:00,4.110,0.000,0.000,0.000,15.600
2023-06-08 02:00:00,3.990,0.000,0.000,0.000,14.700
2023-06-08 03:00:00,4.240,0.000,0.000,0.000,14.200
2023-06-08 04:00:00,4.370,19.000,98.700,12.000,14.400
2023-06-08 05:00:00,4.030,99.000,248.600,52.000,15.000
2023-06-08 06:00:00,2.750,215.000,397.400,82.000,16.000
2023-06-08 07:00:00,2.340,371.000,574.800,96.000,17.800
2023-06-08 08:00:00,2.400,433.000,514.300,119.000,19.500
2023-06-08 09:00:00,2.300,539.000,548.500,143.000,20.300
2023-06-08 10:00:00,1.800,606.000,540.200,171.000,22.700
2023-06-08 11:00:00,1.610,766.000,684.500,181.000,24.300
2023-06-08 12:00:00,1.910,818.000,769.500,151.000,25.500
2023-06-08 13:00:00,2.440,793.000,786.100,132.000,26.300
2023-06-08 14:00:00,2.500,729.000,748.800,146.000,27.200
2023-06-08 15:00:00,2.330,479.000,489.600,144.000,27.400
2023-06-08 16:00:00,2.340,400.000,474.900,132.000,25.600
2023-06-08 17:00:00,5.660,223.000,269.300,108.000,23.400
2023-06-08 18:00:00,5.770,148.000,284.100,68.000,22.600
2023-06-08 19:00:00,5.340,57.000,137.700,38.000,21.700
2023-06-08 20:00:00,5.810,6.000,19.100,5.000,20.300
2023-06-08 21:00:00,6.260,0.000,0.000,0.000,19.500
2023-06-08 22:00:00,5.390,0.000,0.000,0.000,18.800
2023-06-08 23:00:00,5.410,0.000,0.000,0.000,17.900
2023-06-09 00:00:00,5.610,0.000,0.000,0.000,17.200
2023-06-09 01:00:00,5.820,0.000,0.000,0.000,16.900
2023-06-09 02:00:00,6.020,0.000,0.000,0.000,16.600
2023-06-09 03:00:00,5.980,0.000,0.000,0.000,16.300
2023-06-09 04:00:00,5.570,21.000,98.300,14.000,16.000
2023-06-09 05:00:00,5.030,107.000,305.600,49.000,16.700
2023-06-09 06:00:00,3.830,226.000,435.400,80.000,18.100
2023-06-09 07:00:00,3.610,373.000,549.100,110.000,19.900
2023-06-09 08:00:00,3.540,514.000,649.700,117.000,21.600
2023-06-09 09:00:00,3.650,653.000,737.700,120.000,23.300
2023-06-09 10:00:00,3.420,763.000,785.500,130.000,24.700
2023-06-09 11:00:00,3.360,809.000,771.700,149.000,25.800
2023-06-09 12:00:00,3.540,838.000,804.600,140.000,26.600
2023-06-09 13:00:00,3.660,801.000,790.100,136.000,27.500
2023-06-09 14:00:00,3.720,636.000,638.800,138.000,27.800
2023-06-09 15:00:00,3.980,536.000,576.300,141.000,27.900
2023-06-09 16:00:00,4.830,470.000,655.800,99.000,27.900
2023-06-09 17:00:00,5.200,352.000,616.200,88.000,27.500
2023-06-09 18:00:00,5.980,202.000,462.700,71.000,26.200
2023-06-09 19:00:00,7.440,81.000,301.000,39.000,24.000
2023-06-09 20:00:00,8.350,8.000,38.200,6.000,22.100
2023-06-09 21:00:00,8.180,0.000,0.000,0.000,20.600
2023-06-09 22:00:00,7.670,0.000,0.000,0.000,18.500
2023-06-09 23:00:00,6.940,0.000,0.000,0.000,17.200
2023-06-10 00:00:00,6.260,0.000,0.000,0.000,15.900
2023-06-10 01:00:00,6.040,0.000,0.000,0.000,14.700
2023-06-10 02:00:00,5.770,0.000,0.000,0.000,13.600
2023-06-10 03:00:00,5.440,0.000,0.000,0.000,12.800
2023-06-10 04:00:00,4.940,25.000,139.800,15.000,12.600
2023-06-10 05:00:00,4.470,123.000,372.800,52.000,13.300
2023-06-10 06:00:00,4.120,260.000,542.000,78.000,14.600
2023-06-10 07:00:00,3.680,349.000,398.400,158.000,16.500
2023-06-10 08:00:00,3.490,532.000,623.100,151.000,18.700
2023-06-10 09:00:00,3.270,677.000,748.300,136.000,21.000
2023-06-10 10:00:00,3.440,772.000,795.000,131.000,22.500
2023-06-10 11:00:00,3.900,816.000,773.500,154.000,24.500
2023-06-10 12:00:00,4.240,825.000,786.700,142.000,26.300
2023-06-10 13:00:00,4.540,785.000,765.600,140.000,27.500
2023-06-10 14:00:00,4.600,726.000,758.400,134.000,28.300
2023-06-10 15:00:00,4.400,560.000,623.400,132.000,27.900
2023-06-10 16:00:00,4.610,383.000,462.100,121.000,27.500
2023-06-10 17:00:00,4.820,240.000,337.300,95.000,26.700
2023-06-10 18:00:00,5.410,152.000,274.100,74.000,24.900
2023-06-10 19:00:00,6.430,54.000,163.100,31.000,23.400
2023-06-10 20:00:00,7.320,7.000,38.200,5.000,22.100
2023-06-10 21:00:00,7.410,0.000,0.000,0.000,21.000
2023-06-10 22:00:00,7.400,0.000,0.000,0.000,19.900
2023-06-10 23:00:00,7.320,0.000,0.000,0.000,18.700
2023-06-11 00:00:00,7.110,0.000,0.000,0.000,17.800
2023-06-11 01:00:00,6.710,0.000,0.000,0.000,17.000
2023-06-11 02:00:00,6.500,0.000,0.000,0.000,16.400
2023-06-11 03:00:00,6.900,0.000,0.000,0.000,15.500
2023-06-11 04:00:00,7.030,23.000,125.300,14.000,15.500
2023-06-11 05:00:00,6.730,117.000,350.900,50.000,16.800
2023-06-11 06:00:00,5.750,242.000,487.700,78.000,18.800
2023-06-11 07:00:00,5.630,381.000,596.100,95.000,20.700
2023-06-11 08:00:00,5.440,533.000,676.700,119.000,22.700
2023-06-11 09:00:00,4.970,676.000,747.900,135.000,24.600
2023-06-11 10:00:00,4.430,779.000,803.200,131.000,26.100
2023-06-11 11:00:00,4.930,837.000,823.200,132.000,27.100
2023-06-11 12:00:00,4.500,850.000,821.800,136.000,27.700
2023-06-11 13:00:00,4.300,822.000,818.200,132.000,28.000
2023-06-11 14:00:00,4.300,754.000,797.200,131.000,28.200
2023-06-11 15:00:00,4.200,646.000,762.000,122.000,28.300
2023-06-11 16:00:00,4.200,493.000,688.200,102.000,28.000
2023-06-11 17:00:00,4.100,363.000,630.900,91.000,27.300
2023-06-11 18:00:00,3.920,213.000,503.600,69.000,26.200
2023-06-11 19:00:00,4.630,84.000,301.700,41.000,24.000
2023-06-11 20:00:00,5.910,9.000,38.200,7.000,21.100
2023-06-11 21:00:00,6.610,0.000,0.000,0.000,19.600
2023-06-11 22:00:00,6.960,0.000,0.000,0.000,18.500
2023-06-11 23:00:00,6.990,0.000,0.000,0.000,17.500
2023-06-12 00:00:00,7.100,0.000,0.000,0.000,16.800
2023-06-12 01:00:00,7.000,0.000,0.000,0.000,15.900
2023-06-12 02:00:00,6.890,0.000,0.000,0.000,15.500
2023-06-12 03:00:00,6.710,0.000,0.000,0.000,15.000
2023-06-12 04:00:00,6.550,22.000,97.200,15.000,15.500
2023-06-12 05:00:00,6.160,103.000,261.300,53.000,17.100
2023-06-12 06:00:00,5.230,235.000,457.500,81.000,19.100
2023-06-12 07:00:00,5.190,385.000,593.700,100.000,21.500
2023-06-12 08:00:00,5.480,507.000,651.900,108.000,23.500
2023-06-12 09:00:00,6.010,657.000,722.700,134.000,24.900
2023-06-12 10:00:00,7.040,676.000,626.900,170.000,25.700
2023-06-12 11:00:00,6.730,822.000,792.400,143.000,26.400
2023-06-12 12:00:00,6.020,859.000,835.000,133.000,26.700
2023-06-12 13:00:00,5.590,836.000,834.100,132.000,27.100
2023-06-12 14:00:00,5.570,769.000,823.100,125.000,27.200
2023-06-12 15:00:00,5.570,658.000,785.600,117.000,27.200
2023-06-12 16:00:00,5.560,519.000,727.200,105.000,26.900
2023-06-12 17:00:00,5.360,366.000,638.300,90.000,26.400
2023-06-12 18:00:00,4.820,214.000,504.700,69.000,25.400
2023-06-12 19:00:00,4.920,85.000,312.700,40.000,23.600
2023-06-12 20:00:00,5.710,9.000,38.200,7.000,21.100
2023-06-12 21:00:00,6.630,0.000,0.000,0.000,19.800
2023-06-12 22:00:00,7.970,0.000,0.000,0.000,18.500
2023-06-12 23:00:00,8.270,0.000,0.000,0.000,17.300
2023-06-13 00:00:00,7.770,0.000,0.000,0.000,16.100
2023-06-13 01:00:00,6.970,0.000,0.000,0.000,15.000
2023-06-13 02:00:00,6.040,0.000,0.000,0.000,14.300
2023-06-13 03:00:00,5.770,0.000,0.000,0.000,13.400
2023-06-13 04:00:00,5.820,26.000,138.600,16.000,13.300
2023-06-13 05:00:00,5.200,125.000,386.000,51.000,14.500
2023-06-13 06:00:00,3.720,262.000,546.300,78.000,16.200
2023-06-13 07:00:00,3.000,417.000,666.300,97.000,18.500
2023-06-13 08:00:00,2.610,565.000,741.500,111.000,20.800
2023-06-13 09:00:00,2.900,697.000,794.400,122.000,22.600
2023-06-13 10:00:00,2.880,794.000,822.400,130.000,24.100
2023-06-13 11:00:00,3.140,844.000,824.700,137.000,25.000
2023-06-13 12:00:00,3.200,837.000,785.100,154.000,25.600
2023-06-13 13:00:00,3.680,805.000,752.900,169.000,26.200
2023-06-13 14:00:00,4.310,738.000,778.900,128.000,26.400
2023-06-13 15:00:00,4.890,625.000,706.200,138.000,26.300
2023-06-13 16:00:00,5.780,484.000,638.200,120.000,26.000
2023-06-13 17:00:00,6.720,355.000,602.000,94.000,25.100
2023-06-13 18:00:00,7.080,208.000,474.800,71.000,23.900
2023-06-13 19:00:00,7.060,82.000,296.200,39.000,22.400
2023-06-13 20:00:00,7.050,9.000,38.200,7.000,20.300
2023-06-13 21:00:00,7.400,0.000,0.000,0.000,18.900
2023-06-13 22:00:00,8.160,0.000,0.000,0.000,17.700
2023-06-13 23:00:00,7.900,0.000,0.000,0.000,16.400
2023-06-14 00:00:00,7.210,0.000,0.000,0.000,15.300
2023-06-14 01:00:00,6.400,0.000,0.000,0.000,14.200
2023-06-14 02:00:00,5.830,0.000,0.000,0.000,12.800
2023-06-14 03:00:00,5.670,0.000,0.000,0.000,12.200
2023-06-14 04:00:00,5.810,26.000,138.400,16.000,12.500
2023-06-14 05:00:00,5.360,124.000,375.200,52.000,14.200
2023-06-14 06:00:00,5.460,262.000,546.100,78.000,15.800
2023-06-14 07:00:00,5.300,411.000,653.700,97.000,17.300
2023-06-14 08:00:00,5.730,557.000,725.000,113.000,18.800
2023-06-14 09:00:00,6.020,690.000,785.900,121.000,20.000
2023-06-14 10:00:00,6.600,780.000,806.100,129.000,22.000
2023-06-14 11:00:00,6.400,635.000,485.100,219.000,22.500
2023-06-14 12:00:00,6.610,389.000,153.900,255.000,22.500
2023-06-14 13:00:00,6.250,478.000,294.600,229.000,23.200
2023-06-14 14:00:00,6.200,371.000,202.800,212.000,23.400
2023-06-14 15:00:00,5.590,260.000,86.900,200.000,23.600
2023-06-14 16:00:00,4.670,223.000,129.500,149.000,23.600
2023-06-14 17:00:00,4.000,189.000,211.600,97.000,23.400
2023-06-14 18:00:00,3.350,124.000,179.500,72.000,22.800
2023-06-14 19:00:00,3.160,67.000,170.800,42.000,21.400
2023-06-14 20:00:00,3.760,9.000,38.200,7.000,19.200
2023-06-14 21:00:00,4.740,0.000,0.000,0.000,17.900
2023-06-14 22:00:00,5.870,0.000,0.000,0.000,16.400
2023-06-14 23:00:00,5.980,0.000,0.000,0.000,15.300
2023-06-15 00:00:00,5.310,0.000,0.000,0.000,13.900
2023-06-15 01:00:00,4.810,0.000,0.000,0.000,12.500
2023-06-15 02:00:00,4.290,0.000,0.000,0.000,11.600
2023-06-15 03:00:00,4.360,0.000,0.000,0.000,11.000
2023-06-15 04:00:00,4.900,26.000,138.300,16.000,11.100
2023-06-15 05:00:00,4.120,124.000,375.000,52.000,13.400
2023-06-15 06:00:00,1.980,262.000,540.100,80.000,15.800
2023-06-15 07:00:00,0.810,403.000,609.900,110.000,18.600
2023-06-15 08:00:00,1.300,557.000,720.100,116.000,20.900
2023-06-15 09:00:00,3.220,659.000,718.100,139.000,22.500
2023-06-15 10:00:00,3.340,625.000,558.300,174.000,23.100
2023-06-15 11:00:00,3.940,618.000,518.700,173.000,23.600
2023-06-15 12:00:00,4.100,580.000,368.600,259.000,23.700
2023-06-15 13:00:00,4.600,542.000,393.700,209.000,24.100
2023-06-15 14:00:00,4.850,669.000,628.300,176.000,24.500
2023-06-15 15:00:00,5.290,579.000,645.100,133.000,24.700
2023-06-15 16:00:00,5.280,392.000,471.700,122.000,24.300
2023-06-15 17:00:00,5.740,240.000,335.000,94.000,22.900
2023-06-15 18:00:00,5.420,152.000,275.000,72.000,21.700
2023-06-15 19:00:00,4.770,55.000,142.300,34.000,20.500
2023-06-15 20:00:00,4.900,8.000,38.200,6.000,19.000
2023-06-15 21:00:00,5.270,0.000,0.000,0.000,17.900
2023-06-15 22:00:00,5.950,0.000,0.000,0.000,16.600
2023-06-15 23:00:00,4.780,0.000,0.000,0.000,15.400
2023-06-16 00:00:00,4.330,0.000,0.000,0.000,14.500
2023-06-16 01:00:00,4.620,0.000,0.000,0.000,13.800
2023-06-16 02:00:00,4.500,0.000,0.000,0.000,13.500
2023-06-16 03:00:00,4.410,0.000,0.000,0.000,12.900
2023-06-16 04:00:00,4.250,15.000,0.000,15.000,13.100
2023-06-16 05:00:00,2.330,62.000,20.800,58.000,13.700
2023-06-16 06:00:00,2.400,127.000,38.600,114.000,14.500
2023-06-16 07:00:00,2.560,299.000,237.300,185.000,15.700
2023-06-16 08:00:00,3.260,414.000,292.300,235.000,17.200
2023-06-16 09:00:00,3.570,509.000,254.100,325.000,18.200
2023-06-16 10:00:00,3.040,605.000,366.400,309.000,20.800
2023-06-16 11:00:00,3.510,638.000,397.400,297.000,21.800
2023-06-16 12:00:00,3.810,728.000,570.500,231.000,22.700
2023-06-16 13:00:00,4.740,694.000,574.200,208.000,23.300
2023-06-16 14:00:00,4.920,551.000,385.800,248.000,22.900
2023-06-16 15:00:00,3.160,454.000,325.100,229.000,22.000
2023-06-16 16:00:00,2.680,307.000,212.800,185.000,20.500
2023-06-16 17:00:00,4.770,190.000,160.300,120.000,20.600
2023-06-16 18:00:00,5.510,175.000,304.900,86.000,20.700
2023-06-16 19:00:00,6.090,71.000,154.800,48.000,19.900
2023-06-16 20:00:00,6.220,8.000,19.100,7.000,18.800
2023-06-16 21:00:00,5.750,0.000,0.000,0.000,17.900
2023-06-16 22:00:00,5.310,0.000,0.000,0.000,16.600
2023-06-16 23:00:00,5.170,0.000,0.000,0.000,15.700
2023-06-17 00:00:00,4.460,0.000,0.000,0.000,15.000
2023-06-17 01:00:00,3.880,0.000,0.000,0.000,14.200
2023-06-17 02:00:00,4.350,0.000,0.000,0.000,13.900
2023-06-17 03:00:00,4.710,0.000,0.000,0.000,13.700
2023-06-17 04:00:00,4.660,25.000,138.300,15.000,13.700
2023-06-17 05:00:00,4.300,116.000,338.600,51.000,14.600
2023-06-17 06:00:00,3.810,251.000,510.600,79.000,15.300
2023-06-17 07:00:00,3.220,276.000,212.400,174.000,16.200
2023-06-17 08:00:00,2.580,420.000,329.900,218.000,17.700
2023-06-17 09:00:00,2.050,540.000,425.400,232.000,19.000
2023-06-17 10:00:00,0.450,634.000,474.000,251.000,20.400
2023-06-17 11:00:00,1.300,767.000,654.800,205.000,21.700
2023-06-17 12:00:00,2.440,846.000,809.000,141.000,23.200
2023-06-17 13:00:00,3.330,765.000,709.700,164.000,24.000
2023-06-17 14:00:00,3.360,617.000,605.700,141.000,24.500
2023-06-17 15:00:00,3.130,478.000,495.000,135.000,24.800
2023-06-17 16:00:00,2.940,406.000,484.200,128.000,24.900
2023-06-17 17:00:00,3.080,311.000,491.300,96.000,24.600
2023-06-17 18:00:00,3.310,186.000,389.300,72.000,23.700
2023-06-17 19:00:00,3.590,76.000,254.100,38.000,22.200
2023-06-17 20:00:00,3.730,8.000,38.100,6.000,20.200
2023-06-17 21:00:00,3.410,0.000,0.000,0.000,18.500
2023-06-17 22:00:00,3.470,0.000,0.000,0.000,15.300
2023-06-17 23:00:00,3.010,0.000,0.000,0.000,14.000
2023-06-18 00:00:00,2.420,0.000,0.000,0.000,13.100
2023-06-18 01:00:00,2.220,0.000,0.000,0.000,12.900
2023-06-18 02:00:00,1.750,0.000,0.000,0.000,12.900
2023-06-18 03:00:00,0.950,0.000,0.000,0.000,12.500
2023-06-18 04:00:00,1.530,26.000,138.400,16.000,12.800
2023-06-18 05:00:00,2.060,122.000,365.000,52.000,14.900
2023-06-18 06:00:00,1.600,257.000,534.700,77.000,17.800
2023-06-18 07:00:00,1.080,409.000,650.100,97.000,20.500
2023-06-18 08:00:00,1.000,554.000,723.800,111.000,22.600
2023-06-18 09:00:00,0.640,683.000,776.300,121.000,24.100
2023-06-18 10:00:00,1.000,734.000,725.300,148.000,25.300
2023-06-18 11:00:00,1.130,769.000,731.700,141.000,26.200
2023-06-18 12:00:00,1.130,807.000,694.000,202.000,27.000
2023-06-18 13:00:00,1.280,687.000,615.000,166.000,27.400
2023-06-18 14:00:00,1.500,710.000,709.500,152.000,27.900
2023-06-18 15:00:00,1.650,504.000,367.700,249.000,28.000
2023-06-18 16:00:00,1.620,331.000,175.700,230.000,27.800
2023-06-18 17:00:00,1.840,232.000,143.700,169.000,27.200
2023-06-18 18:00:00,2.590,133.000,61.300,115.000,26.300
2023-06-18 19:00:00,3.800,76.000,206.100,45.000,24.700
2023-06-18 20:00:00,5.230,10.000,37.800,8.000,22.200
2023-06-18 21:00:00,5.880,0.000,0.000,0.000,21.100
2023-06-18 22:00:00,6.620,0.000,0.000,0.000,21.100
2023-06-18 23:00:00,7.560,0.000,0.000,0.000,20.100
2023-06-19 00:00:00,7.740,0.000,0.000,0.000,19.900
2023-06-19 01:00:00,7.900,0.000,0.000,0.000,20.000
2023-06-19 02:00:00,7.050,0.000,0.000,0.000,19.900
2023-06-19 03:00:00,6.300,0.000,0.000,0.000,19.800
2023-06-19 04:00:00,6.160,15.000,55.500,11.000,19.900
2023-06-19 05:00:00,5.970,40.000,52.200,30.000,19.700
2023-06-19 06:00:00,5.330,92.000,68.400,69.000,20.100
2023-06-19 07:00:00,4.800,83.000,18.800,74.000,21.400
2023-06-19 08:00:00,3.910,326.000,308.900,137.000,23.000
2023-06-19 09:00:00,3.850,544.000,511.200,174.000,25.100
2023-06-19 10:00:00,3.190,711.000,677.100,164.000,26.600
2023-06-19 11:00:00,5.200,694.000,555.700,217.000,27.400
2023-06-19 12:00:00,5.610,758.000,617.000,220.000,27.900
2023-06-19 13:00:00,5.720,597.000,410.600,249.000,27.600
2023-06-19 14:00:00,5.630,626.000,578.200,171.000,27.600
2023-06-19 15:00:00,5.000,425.000,406.300,143.000,27.500
2023-06-19 16:00:00,4.410,423.000,477.800,148.000,27.600
2023-06-19 17:00:00,3.960,300.000,334.700,153.000,27.200
2023-06-19 18:00:00,3.610,161.000,125.600,124.000,26.400
2023-06-19 19:00:00,3.300,83.000,231.600,48.000,24.900
2023-06-19 20:00:00,3.570,9.000,18.800,8.000,22.400
2023-06-19 21:00:00,4.280,0.000,0.000,0.000,21.000
2023-06-19 22:00:00,4.560,0.000,0.000,0.000,19.600
2023-06-19 23:00:00,5.340,0.000,0.000,0.000,19.300
2023-06-20 00:00:00,6.170,0.000,0.000,0.000,19.000
2023-06-20 01:00:00,6.240,0.000,0.000,0.000,18.600
2023-06-20 02:00:00,5.940,0.000,0.000,0.000,18.100
2023-06-20 03:00:00,6.130,0.000,0.000,0.000,17.800
2023-06-20 04:00:00,6.260,22.000,41.700,19.000,17.700
2023-06-20 05:00:00,5.770,101.000,261.500,51.000,18.500
2023-06-20 06:00:00,5.000,221.000,357.200,101.000,19.700
2023-06-20 07:00:00,4.570,186.000,48.000,163.000,20.500
2023-06-20 08:00:00,3.830,178.000,40.900,153.000,20.600
2023-06-20 09:00:00,3.200,209.000,45.600,176.000,21.100
2023-06-20 10:00:00,3.790,228.000,75.500,167.000,21.600
2023-06-20 11:00:00,4.130,332.000,125.800,224.000,22.500
2023-06-20 12:00:00,4.430,364.000,131.900,249.000,23.300
2023-06-20 13:00:00,4.940,208.000,35.400,178.000,23.800
2023-06-20 14:00:00,4.650,255.000,90.200,184.000,24.400
2023-06-20 15:00:00,4.600,351.000,210.200,205.000,25.200
2023-06-20 16:00:00,4.240,391.000,420.000,149.000,26.200
2023-06-20 17:00:00,3.640,244.000,268.300,126.000,26.300
2023-06-20 18:00:00,3.800,148.000,199.900,89.000,25.900
2023-06-20 19:00:00,4.780,61.000,92.200,47.000,24.800
2023-06-20 20:00:00,5.470,8.000,0.000,8.000,23.600
2023-06-20 21:00:00,6.280,0.000,0.000,0.000,22.600
2023-06-20 22:00:00,3.500,0.000,0.000,0.000,21.800
2023-06-20 23:00:00,5.130,0.000,0.000,0.000,20.800
2023-06-21 00:00:00,5.100,0.000,0.000,0.000,19.600
2023-06-21 01:00:00,5.870,0.000,0.000,0.000,19.000
2023-06-21 02:00:00,6.850,0.000,0.000,0.000,18.900
2023-06-21 03:00:00,7.130,0.000,0.000,0.000,18.800
2023-06-21 04:00:00,6.960,24.000,111.500,16.000,18.700
2023-06-21 05:00:00,6.550,111.000,288.300,56.000,19.400
2023-06-21 06:00:00,7.060,229.000,417.300,89.000,20.500
2023-06-21 07:00:00,7.020,329.000,398.900,138.000,21.400
2023-06-21 08:00:00,6.350,430.000,381.300,197.000,22.300
2023-06-21 09:00:00,5.810,562.000,515.800,189.000,23.400
2023-06-21 10:00:00,4.500,731.000,688.600,175.000,24.400
2023-06-21 11:00:00,5.200,766.000,674.600,187.000,25.400
2023-06-21 12:00:00,5.510,752.000,675.400,163.000,26.100
2023-06-21 13:00:00,5.330,633.000,482.300,224.000,26.400
2023-06-21 14:00:00,4.920,460.000,333.900,197.000,26.600
2023-06-21 15:00:00,4.250,369.000,309.300,154.000,26.700
2023-06-21 16:00:00,3.700,347.000,352.000,144.000,26.600
2023-06-21 17:00:00,3.190,260.000,349.600,106.000,26.300
2023-06-21 18:00:00,2.220,159.000,331.400,61.000,25.800
2023-06-21 19:00:00,1.500,60.000,157.500,36.000,24.200
2023-06-21 20:00:00,1.500,7.000,18.600,6.000,21.800
2023-06-21 21:00:00,1.490,0.000,0.000,0.000,20.200
2023-06-21 22:00:00,2.330,0.000,0.000,0.000,19.400
2023-06-21 23:00:00,2.820,0.000,0.000,0.000,19.200
2023-06-22 00:00:00,3.090,0.000,0.000,0.000,18.000
2023-06-22 01:00:00,3.220,0.000,0.000,0.000,16.800
2023-06-22 02:00:00,4.130,0.000,0.000,0.000,16.800
2023-06-22 03:00:00,5.320,0.000,0.000,0.000,17.000
2023-06-22 04:00:00,5.660,20.000,14.000,19.000,17.000
2023-06-22 05:00:00,5.520,87.000,84.100,71.000,18.100
2023-06-22 06:00:00,4.700,162.000,125.400,120.000,19.700
2023-06-22 07:00:00,4.220,301.000,215.300,198.000,21.700
2023-06-22 08:00:00,3.980,463.000,386.500,227.000,23.600
2023-06-22 09:00:00,3.700,590.000,499.500,229.000,24.500
2023-06-22 10:00:00,3.070,544.000,268.800,327.000,26.200
2023-06-22 11:00:00,3.900,510.000,196.900,341.000,26.700
2023-06-22 12:00:00,3.510,646.000,477.000,230.000,27.400
2023-06-22 13:00:00,3.510,495.000,238.200,293.000,27.100
2023-06-22 14:00:00,4.900,523.000,374.400,228.000,26.800
2023-06-22 15:00:00,5.500,358.000,215.700,208.000,25.400
2023-06-22 16:00:00,6.800,152.000,34.700,132.000,23.800
2023-06-22 17:00:00,7.290,125.000,11.300,120.000,21.700
2023-06-22 18:00:00,7.730,61.000,3.400,60.000,20.100
2023-06-22 19:00:00,8.060,10.000,0.000,10.000,19.400
2023-06-22 20:00:00,8.930,1.000,0.000,1.000,18.800
2023-06-22 21:00:00,9.010,0.000,0.000,0.000,18.100
2023-06-22 22:00:00,4.610,0.000,0.000,0.000,18.300
2023-06-22 23:00:00,4.830,0.000,0.000,0.000,18.200
2023-06-23 00:00:00,5.850,0.000,0.000,0.000,18.300
2023-06-23 01:00:00,6.340,0.000,0.000,0.000,18.200
2023-06-23 02:00:00,6.510,0.000,0.000,0.000,18.100
2023-06-23 03:00:00,7.460,0.000,0.000,0.000,17.500
2023-06-23 04:00:00,8.510,12.000,28.100,10.000,16.800
2023-06-23 05:00:00,9.310,24.000,5.300,23.000,15.900
2023-06-23 06:00:00,9.530,54.000,9.000,51.000,15.600
2023-06-23 07:00:00,8.960,43.000,0.000,43.000,16.000
2023-06-23 08:00:00,8.730,49.000,0.000,49.000,16.300
2023-06-23 09:00:00,8.710,56.000,0.000,56.000,16.400
2023-06-23 10:00:00,8.100,65.000,0.000,65.000,16.200
2023-06-23 11:00:00,7.430,94.000,0.000,94.000,16.700
2023-06-23 12:00:00,7.160,72.000,0.000,72.000,17.100
2023-06-23 13:00:00,6.380,105.000,0.000,105.000,18.300
2023-06-23 14:00:00,4.600,194.000,14.000,183.000,19.500
2023-06-23 15:00:00,3.420,282.000,54.600,244.000,20.900
2023-06-23 16:00:00,3.360,325.000,228.600,193.000,21.700
2023-06-23 17:00:00,3.490,266.000,367.100,104.000,22.200
2023-06-23 18:00:00,3.810,188.000,377.600,76.000,22.000
2023-06-23 19:00:00,4.560,81.000,261.100,41.000,20.700
2023-06-23 20:00:00,5.520,11.000,55.400,8.000,18.900
2023-06-23 21:00:00,6.270,0.000,0.000,0.000,17.800
2023-06-23 22:00:00,6.540,0.000,0.000,0.000,16.000
2023-06-23 23:00:00,5.800,0.000,0.000,0.000,15.300
2023-06-24 00:00:00,5.160,0.000,0.000,0.000,14.200
2023-06-24 01:00:00,4.520,0.000,0.000,0.000,13.400
2023-06-24 02:00:00,4.300,0.000,0.000,0.000,12.700
2023-06-24 03:00:00,4.150,0.000,0.000,0.000,12.100
2023-06-24 04:00:00,3.590,24.000,126.900,15.000,12.600
2023-06-24 05:00:00,2.800,118.000,354.600,51.000,14.300
2023-06-24 06:00:00,1.900,242.000,470.500,85.000,16.100
2023-06-24 07:00:00,1.300,348.000,480.000,119.000,17.500
2023-06-24 08:00:00,1.460,496.000,557.800,156.000,19.300
2023-06-24 09:00:00,1.750,657.000,727.300,132.000,20.800
2023-06-24 10:00:00,1.940,754.000,753.800,146.000,22.200
2023-06-24 11:00:00,2.300,830.000,811.500,134.000,23.400
2023-06-24 12:00:00,3.100,815.000,755.800,156.000,24.500
2023-06-24 13:00:00,3.580,572.000,396.100,236.000,25.100
2023-06-24 14:00:00,3.090,534.000,398.400,220.000,25.800
2023-06-24 15:00:00,2.640,304.000,123.600,218.000,25.700
2023-06-24 16:00:00,2.420,319.000,178.300,216.000,25.800
2023-06-24 17:00:00,1.560,217.000,199.300,129.000,25.800
2023-06-24 18:00:00,0.360,115.000,161.700,67.000,25.200
2023-06-24 19:00:00,0.820,63.000,149.900,40.000,23.800
2023-06-24 20:00:00,1.960,9.000,36.900,7.000,21.000
2023-06-24 21:00:00,2.650,0.000,0.000,0.000,19.900
2023-06-24 22:00:00,2.750,0.000,0.000,0.000,19.600
2023-06-24 23:00:00,3.310,0.000,0.000,0.000,18.700
2023-06-25 00:00:00,3.620,0.000,0.000,0.000,17.800
2023-06-25 01:00:00,3.520,0.000,0.000,0.000,17.000
2023-06-25 02:00:00,3.100,0.000,0.000,0.000,16.500
2023-06-25 03:00:00,2.880,0.000,0.000,0.000,16.200
2023-06-25 04:00:00,3.010,19.000,85.000,13.000,16.600
2023-06-25 05:00:00,3.000,85.000,201.900,47.000,18.300
2023-06-25 06:00:00,2.280,196.000,360.500,76.000,20.500
2023-06-25 07:00:00,1.490,315.000,451.300,100.000,22.600
2023-06-25 08:00:00,1.520,457.000,545.300,125.000,24.600
2023-06-25 09:00:00,1.840,596.000,607.200,158.000,25.800
2023-06-25 10:00:00,1.840,673.000,647.600,151.000,26.400
2023-06-25 11:00:00,2.220,633.000,551.700,160.000,26.900
2023-06-25 12:00:00,2.020,743.000,680.200,150.000,27.400
2023-06-25 13:00:00,1.960,687.000,639.000,145.000,27.800
2023-06-25 14:00:00,1.710,628.000,611.500,146.000,28.000
2023-06-25 15:00:00,1.820,579.000,633.600,138.000,28.400
2023-06-25 16:00:00,2.060,496.000,669.600,109.000,28.200
2023-06-25 17:00:00,2.060,299.000,477.600,88.000,28.000
2023-06-25 18:00:00,2.480,173.000,346.700,70.000,27.100
2023-06-25 19:00:00,3.610,83.000,260.500,43.000,26.000
2023-06-25 20:00:00,4.740,11.000,55.200,8.000,23.800
2023-06-25 21:00:00,5.380,0.000,0.000,0.000,22.100
2023-06-25 22:00:00,6.220,0.000,0.000,0.000,20.700
2023-06-25 23:00:00,6.260,0.000,0.000,0.000,20.100
2023-06-26 00:00:00,6.200,0.000,0.000,0.000,19.400
2023-06-26 01:00:00,6.450,0.000,0.000,0.000,19.300
2023-06-26 02:00:00,6.830,0.000,0.000,0.000,18.900
2023-06-26 03:00:00,6.800,0.000,0.000,0.000,18.600
2023-06-26 04:00:00,6.830,21.000,114.000,13.000,18.800
2023-06-26 05:00:00,6.680,116.000,357.600,49.000,20.500
2023-06-26 06:00:00,6.280,249.000,524.000,75.000,22.700
2023-06-26 07:00:00,5.500,397.000,639.200,93.000,25.100
2023-06-26 08:00:00,6.390,538.000,703.700,110.000,26.400
2023-06-26 09:00:00,7.080,657.000,746.500,119.000,26.500
2023-06-26 10:00:00,6.450,641.000,613.200,147.000,26.200
2023-06-26 11:00:00,6.380,538.000,444.500,157.000,24.400
2023-06-26 12:00:00,8.440,606.000,493.400,176.000,23.700
2023-06-26 13:00:00,8.500,410.000,246.400,201.000,23.200
2023-06-26 14:00:00,8.820,533.000,449.100,179.000,23.900
2023-06-26 15:00:00,8.640,516.000,420.900,223.000,24.100
2023-06-26 16:00:00,8.990,411.000,460.200,145.000,23.500
2023-06-26 17:00:00,9.060,316.000,457.100,114.000,22.300
2023-06-26 18:00:00,8.510,149.000,238.900,78.000,21.100
2023-06-26 19:00:00,7.790,68.000,182.300,40.000,20.000
2023-06-26 20:00:00,7.210,10.000,36.800,8.000,18.700
2023-06-26 21:00:00,7.240,0.000,0.000,0.000,17.600
2023-06-26 22:00:00,6.940,0.000,0.000,0.000,16.500
2023-06-26 23:00:00,6.710,0.000,0.000,0.000,15.200
2023-06-27 00:00:00,6.940,0.000,0.000,0.000,14.400
2023-06-27 01:00:00,7.090,0.000,0.000,0.000,13.600
2023-06-27 02:00:00,6.950,0.000,0.000,0.000,13.100
2023-06-27 03:00:00,6.740,0.000,0.000,0.000,12.600
2023-06-27 04:00:00,6.520,23.000,114.700,15.000,12.700
2023-06-27 05:00:00,6.100,111.000,337.900,48.000,14.200
2023-06-27 06:00:00,6.800,228.000,437.800,83.000,15.800
2023-06-27 07:00:00,7.220,375.000,587.600,96.000,17.400
2023-06-27 08:00:00,7.600,528.000,684.900,112.000,18.600
2023-06-27 09:00:00,7.710,582.000,573.500,169.000,19.300
2023-06-27 10:00:00,8.430,706.000,676.900,161.000,20.400
2023-06-27 11:00:00,8.350,665.000,603.500,148.000,20.100
2023-06-27 12:00:00,8.680,585.000,425.800,214.000,20.500
2023-06-27 13:00:00,7.570,645.000,501.300,220.000,20.400
2023-06-27 14:00:00,7.030,610.000,541.800,183.000,20.500
2023-06-27 15:00:00,6.740,512.000,505.700,160.000,19.100
2023-06-27 16:00:00,6.530,379.000,380.600,159.000,18.900
2023-06-27 17:00:00,6.980,294.000,459.300,91.000,19.500
2023-06-27 18:00:00,6.710,175.000,390.400,59.000,18.900
2023-06-27 19:00:00,6.600,68.000,221.500,34.000,18.000
2023-06-27 20:00:00,6.500,10.000,55.300,7.000,16.800
2023-06-27 21:00:00,6.190,0.000,0.000,0.000,15.600
2023-06-27 22:00:00,6.620,0.000,0.000,0.000,14.600
2023-06-27 23:00:00,5.580,0.000,0.000,0.000,13.600
2023-06-28 00:00:00,5.710,0.000,0.000,0.000,13.000
2023-06-28 01:00:00,5.410,0.000,0.000,0.000,12.300
2023-06-28 02:00:00,5.600,0.000,0.000,0.000,11.900
2023-06-28 03:00:00,5.680,0.000,0.000,0.000,11.600
2023-06-28 04:00:00,5.150,23.000,115.500,15.000,11.600
2023-06-28 05:00:00,4.500,116.000,361.300,49.000,13.100
2023-06-28 06:00:00,5.000,257.000,551.100,75.000,15.000
2023-06-28 07:00:00,4.130,377.000,561.300,111.000,16.800
2023-06-28 08:00:00,4.120,498.000,547.300,166.000,18.200
2023-06-28 09:00:00,4.740,587.000,581.100,169.000,19.100
2023-06-28 10:00:00,4.390,644.000,532.000,216.000,20.100
2023-06-28 11:00:00,4.460,613.000,353.900,310.000,20.900
2023-06-28 12:00:00,4.360,397.000,93.000,316.000,21.500
2023-06-28 13:00:00,4.360,378.000,83.800,307.000,21.900
2023-06-28 14:00:00,4.550,366.000,102.800,285.000,22.400
2023-06-28 15:00:00,4.880,309.000,100.600,239.000,22.300
2023-06-28 16:00:00,4.830,241.000,102.100,182.000,22.200
2023-06-28 17:00:00,3.960,247.000,160.700,176.000,21.800
2023-06-28 18:00:00,3.450,130.000,124.600,93.000,21.300
2023-06-28 19:00:00,3.540,76.000,241.400,39.000,20.300
2023-06-28 20:00:00,3.790,9.000,36.900,7.000,18.400
2023-06-28 21:00:00,3.510,0.000,0.000,0.000,17.200
2023-06-28 22:00:00,2.790,0.000,0.000,0.000,16.500
2023-06-28 23:00:00,2.310,0.000,0.000,0.000,16.500
2023-06-29 00:00:00,2.020,0.000,0.000,0.000,16.600
2023-06-29 01:00:00,2.550,0.000,0.000,0.000,16.800
2023-06-29 02:00:00,3.140,0.000,0.000,0.000,16.800
2023-06-29 03:00:00,3.440,0.000,0.000,0.000,16.800
2023-06-29 04:00:00,3.580,7.000,14.500,6.000,17.100
2023-06-29 05:00:00,3.670,31.000,0.000,31.000,17.600
2023-06-29 06:00:00,3.270,74.000,45.600,59.000,18.400
2023-06-29 07:00:00,2.500,98.000,4.200,96.000,19.400
2023-06-29 08:00:00,2.260,189.000,49.500,159.000,20.300
2023-06-29 09:00:00,2.380,357.000,148.900,250.000,20.800
2023-06-29 10:00:00,2.260,424.000,149.300,304.000,22.600
2023-06-29 11:00:00,2.770,390.000,146.100,265.000,23.100
2023-06-29 12:00:00,3.290,337.000,63.200,282.000,23.100
2023-06-29 13:00:00,2.820,221.000,11.800,211.000,22.700
2023-06-29 14:00:00,1.840,224.000,19.000,209.000,23.000
2023-06-29 15:00:00,1.780,183.000,28.700,163.000,22.700
2023-06-29 16:00:00,2.330,252.000,129.800,177.000,22.600
2023-06-29 17:00:00,3.020,144.000,43.000,125.000,21.800
2023-06-29 18:00:00,3.610,117.000,101.100,87.000,21.500
2023-06-29 19:00:00,4.280,31.000,13.100,29.000,20.700
2023-06-29 20:00:00,4.440,4.000,0.000,4.000,20.100
2023-06-29 21:00:00,4.470,0.000,0.000,0.000,19.700
2023-06-29 22:00:00,4.950,0.000,0.000,0.000,19.000
2023-06-29 23:00:00,4.420,0.000,0.000,0.000,18.600
2023-06-30 00:00:00,3.640,0.000,0.000,0.000,18.100
2023-06-30 01:00:00,4.660,0.000,0.000,0.000,17.600
2023-06-30 02:00:00,4.940,0.000,0.000,0.000,17.200
2023-06-30 03:00:00,4.720,0.000,0.000,0.000,17.000
2023-06-30 04:00:00,4.200,8.000,0.000,8.000,16.600
2023-06-30 05:00:00,4.300,24.000,5.500,23.000,16.200
2023-06-30 06:00:00,4.300,62.000,9.100,59.000,16.100
2023-06-30 07:00:00,4.160,76.000,29.700,62.000,16.300
2023-06-30 08:00:00,3.980,84.000,16.500,74.000,16.600
2023-06-30 09:00:00,3.540,231.000,78.000,175.000,17.100
2023-06-30 10:00:00,3.410,516.000,386.000,206.000,18.100
2023-06-30 11:00:00,3.230,591.000,480.700,180.000,19.100
2023-06-30 12:00:00,3.200,541.000,348.300,238.000,19.600
2023-06-30 13:00:00,3.860,635.000,438.000,264.000,20.400
2023-06-30 14:00:00,4.830,572.000,530.800,154.000,20.900
2023-06-30 15:00:00,4.950,501.000,537.700,127.000,21.000
2023-06-30 16:00:00,5.060,419.000,507.300,126.000,21.200
2023-06-30 17:00:00,4.980,336.000,527.800,103.000,20.900
2023-06-30 18:00:00,4.750,176.000,374.400,65.000,20.200
2023-06-30 19:00:00,4.270,81.000,242.500,44.000,18.700
2023-06-30 20:00:00,3.300,10.000,37.200,8.000,16.600
2023-06-30 21:00:00,2.440,0.000,0.000,0.000,16.100
2023-06-30 22:00:00,4.580,0.000,0.000,0.000,14.500
2023-06-30 23:00:00,5.750,0.000,0.000,0.000,14.400
2023-07-01 00:00:00,6.140,0.000,0.000,0.000,14.800
2023-07-01 01:00:00,6.490,0.000,0.000,0.000,14.500
2023-07-01 02:00:00,7.020,0.000,0.000,0.000,14.700
2023-07-01 03:00:00,7.370,0.000,0.000,0.000,14.800
2023-07-01 04:00:00,7.620,10.000,14.800,9.000,15.200
2023-07-01 05:00:00,7.590,45.000,27.500,40.000,16.000
2023-07-01 06:00:00,7.750,64.000,6.100,62.000,16.900
2023-07-01 07:00:00,7.660,101.000,12.700,95.000,18.000
2023-07-01 08:00:00,7.120,230.000,91.100,175.000,18.700
2023-07-01 09:00:00,6.410,448.000,380.900,175.000,18.800
2023-07-01 10:00:00,8.880,455.000,225.600,274.000,19.800
2023-07-01 11:00:00,8.230,248.000,51.500,204.000,19.200
2023-07-01 12:00:00,7.090,197.000,11.500,187.000,18.900
2023-07-01 13:00:00,7.010,115.000,17.700,100.000,18.600
2023-07-01 14:00:00,8.130,132.000,10.200,124.000,18.300
2023-07-01 15:00:00,8.280,91.000,2.900,89.000,18.000
2023-07-01 16:00:00,8.420,50.000,3.500,48.000,17.900
2023-07-01 17:00:00,8.200,38.000,0.000,38.000,18.000
2023-07-01 18:00:00,8.200,19.000,0.000,19.000,18.000
2023-07-01 19:00:00,7.750,20.000,13.100,18.000,17.800
2023-07-01 20:00:00,7.300,4.000,0.000,4.000,17.500
2023-07-01 21:00:00,7.330,0.000,0.000,0.000,17.000
2023-07-01 22:00:00,7.260,0.000,0.000,0.000,16.600
2023-07-01 23:00:00,7.890,0.000,0.000,0.000,16.300
2023-07-02 00:00:00,7.740,0.000,0.000,0.000,15.900
2023-07-02 01:00:00,7.600,0.000,0.000,0.000,15.500
2023-07-02 02:00:00,8.030,0.000,0.000,0.000,15.300
2023-07-02 03:00:00,8.470,0.000,0.000,0.000,15.000
2023-07-02 04:00:00,8.260,14.000,74.800,9.000,14.600
2023-07-02 05:00:00,8.170,65.000,166.300,35.000,15.200
2023-07-02 06:00:00,8.220,124.000,181.300,65.000,16.000
2023-07-02 07:00:00,8.790,256.000,330.300,101.000,16.700
2023-07-02 08:00:00,9.880,369.000,353.500,156.000,17.500
2023-07-02 09:00:00,10.480,525.000,458.300,197.000,18.000
2023-07-02 10:00:00,10.890,447.000,326.900,185.000,18.600
2023-07-02 11:00:00,11.600,587.000,467.400,188.000,19.200
2023-07-02 12:00:00,12.270,704.000,591.600,190.000,19.800
2023-07-02 13:00:00,12.290,647.000,523.600,204.000,20.400
2023-07-02 14:00:00,11.800,383.000,240.300,194.000,20.000
2023-07-02 15:00:00,11.460,343.000,190.000,211.000,20.100
2023-07-02 16:00:00,10.320,316.000,273.900,158.000,20.200
2023-07-02 17:00:00,8.910,253.000,270.000,134.000,20.000
2023-07-02 18:00:00,8.410,172.000,260.500,95.000,19.500
2023-07-02 19:00:00,8.100,64.000,92.400,50.000,18.100
2023-07-02 20:00:00,7.430,8.000,0.000,8.000,16.800
2023-07-02 21:00:00,6.410,0.000,0.000,0.000,15.500
2023-07-02 22:00:00,6.480,0.000,0.000,0.000,14.700
2023-07-02 23:00:00,6.660,0.000,0.000,0.000,14.600
2023-07-03 00:00:00,6.690,0.000,0.000,0.000,14.400
2023-07-03 01:00:00,7.050,0.000,0.000,0.000,14.400
2023-07-03 02:00:00,7.460,0.000,0.000,0.000,14.700
2023-07-03 03:00:00,7.840,0.000,0.000,0.000,14.500
2023-07-03 04:00:00,8.110,16.000,90.700,10.000,14.500
2023-07-03 05:00:00,8.390,76.000,145.300,50.000,15.100
2023-07-03 06:00:00,8.770,146.000,203.700,80.000,15.800
2023-07-03 07:00:00,9.320,264.000,322.700,113.000,16.400
2023-07-03 08:00:00,9.660,441.000,523.900,126.000,17.300
2023-07-03 09:00:00,9.590,423.000,370.800,158.000,18.000
2023-07-03 10:00:00,8.960,455.000,308.600,208.000,17.800
2023-07-03 11:00:00,10.110,521.000,385.800,192.000,18.200
2023-07-03 12:00:00,10.890,525.000,339.800,230.000,18.600
2023-07-03 13:00:00,10.720,502.000,292.200,255.000,18.900
2023-07-03 14:00:00,10.440,416.000,237.900,229.000,18.800
2023-07-03 15:00:00,9.960,308.000,151.200,203.000,18.900
2023-07-03 16:00:00,9.100,208.000,142.300,126.000,18.800
2023-07-03 17:00:00,7.750,182.000,163.600,110.000,18.500
2023-07-03 18:00:00,6.730,107.000,162.700,59.000,17.900
2023-07-03 19:00:00,6.180,38.000,79.600,26.000,17.300
2023-07-03 20:00:00,5.370,4.000,18.900,3.000,16.600
2023-07-03 21:00:00,6.090,0.000,0.000,0.000,16.300
2023-07-03 22:00:00,7.710,0.000,0.000,0.000,16.000
2023-07-03 23:00:00,8.790,0.000,0.000,0.000,16.200
2023-07-04 00:00:00,9.890,0.000,0.000,0.000,16.400
2023-07-04 01:00:00,10.290,0.000,0.000,0.000,15.900
2023-07-04 02:00:00,10.240,0.000,0.000,0.000,15.200
2023-07-04 03:00:00,9.070,0.000,0.000,0.000,14.600
2023-07-04 04:00:00,7.910,11.000,61.100,7.000,14.400
2023-07-04 05:00:00,7.420,65.000,157.900,37.000,14.500
2023-07-04 06:00:00,8.550,186.000,325.700,81.000,15.300
2023-07-04 07:00:00,8.960,300.000,385.800,120.000,16.100
2023-07-04 08:00:00,9.020,408.000,421.700,155.000,17.200
2023-07-04 09:00:00,9.760,552.000,559.200,153.000,17.700
2023-07-04 10:00:00,8.370,654.000,621.700,157.000,18.700
2023-07-04 11:00:00,8.360,592.000,460.100,200.000,18.800
2023-07-04 12:00:00,8.440,732.000,656.000,163.000,19.100
2023-07-04 13:00:00,8.190,673.000,615.500,153.000,19.200
2023-07-04 14:00:00,8.150,534.000,479.900,157.000,18.900
2023-07-04 15:00:00,7.860,523.000,513.100,167.000,19.800
2023-07-04 16:00:00,6.650,351.000,397.700,122.000,19.800
2023-07-04 17:00:00,5.660,275.000,423.100,89.000,20.000
2023-07-04 18:00:00,3.830,170.000,360.100,64.000,19.600
2023-07-04 19:00:00,2.440,74.000,253.200,36.000,17.700
2023-07-04 20:00:00,1.300,9.000,38.100,7.000,16.400
2023-07-04 21:00:00,2.270,0.000,0.000,0.000,15.100
2023-07-04 22:00:00,5.350,0.000,0.000,0.000,14.100
2023-07-04 23:00:00,6.880,0.000,0.000,0.000,14.200
2023-07-05 00:00:00,7.760,0.000,0.000,0.000,15.000
2023-07-05 01:00:00,8.850,0.000,0.000,0.000,15.500
2023-07-05 02:00:00,9.740,0.000,0.000,0.000,15.600
2023-07-05 03:00:00,9.300,0.000,0.000,0.000,15.900
2023-07-05 04:00:00,9.220,6.000,0.000,6.000,15.800
2023-07-05 05:00:00,8.890,34.000,11.400,32.000,15.400
2023-07-05 06:00:00,8.320,77.000,21.800,70.000,15.300
2023-07-05 07:00:00,8.910,193.000,94.600,149.000,16.200
2023-07-05 08:00:00,10.560,302.000,177.100,196.000,16.700
2023-07-05 09:00:00,9.690,413.000,394.500,132.000,17.800
2023-07-05 10:00:00,10.720,666.000,611.200,178.000,18.900
2023-07-05 11:00:00,11.960,707.000,647.400,156.000,19.000
2023-07-05 12:00:00,14.350,727.000,635.800,176.000,18.800
2023-07-05 13:00:00,13.170,603.000,527.200,158.000,18.700
2023-07-05 14:00:00,13.840,524.000,422.900,192.000,18.700
2023-07-05 15:00:00,13.140,435.000,396.700,160.000,18.800
2023-07-05 16:00:00,12.790,401.000,465.900,133.000,18.900
2023-07-05 17:00:00,11.370,256.000,369.100,94.000,18.500
2023-07-05 18:00:00,10.020,163.000,292.900,77.000,18.200
2023-07-05 19:00:00,9.180,74.000,234.600,39.000,17.300
2023-07-05 20:00:00,8.320,9.000,57.300,6.000,16.300
2023-07-05 21:00:00,7.920,0.000,0.000,0.000,15.600
2023-07-05 22:00:00,8.120,0.000,0.000,0.000,14.300
2023-07-05 23:00:00,7.620,0.000,0.000,0.000,13.800
2023-07-06 00:00:00,7.290,0.000,0.000,0.000,13.400
2023-07-06 01:00:00,7.240,0.000,0.000,0.000,13.200
2023-07-06 02:00:00,7.200,0.000,0.000,0.000,12.800
2023-07-06 03:00:00,6.980,0.000,0.000,0.000,12.400
2023-07-06 04:00:00,6.710,16.000,78.400,11.000,12.300
2023-07-06 05:00:00,6.220,92.000,276.000,44.000,13.500
2023-07-06 06:00:00,5.810,216.000,401.100,88.000,15.000
2023-07-06 07:00:00,5.780,399.000,660.100,93.000,16.600
2023-07-06 08:00:00,5.700,525.000,669.800,125.000,17.800
2023-07-06 09:00:00,5.690,593.000,659.600,124.000,18.500
2023-07-06 10:00:00,4.690,587.000,564.400,137.000,19.300
2023-07-06 11:00:00,5.370,650.000,564.600,170.000,20.200
2023-07-06 12:00:00,5.760,601.000,474.700,190.000,20.600
2023-07-06 13:00:00,5.870,587.000,492.100,172.000,21.000
2023-07-06 14:00:00,5.610,514.000,459.000,154.000,21.100
2023-07-06 15:00:00,5.220,385.000,333.500,154.000,21.300
2023-07-06 16:00:00,4.300,299.000,287.200,134.000,21.200
2023-07-06 17:00:00,3.400,236.000,296.700,106.000,21.400
2023-07-06 18:00:00,2.120,142.000,263.000,65.000,21.000
2023-07-06 19:00:00,1.060,80.000,263.200,41.000,20.500
2023-07-06 20:00:00,0.640,9.000,38.200,7.000,17.900
2023-07-06 21:00:00,1.710,0.000,0.000,0.000,13.900
2023-07-06 22:00:00,3.860,0.000,0.000,0.000,13.400
2023-07-06 23:00:00,4.550,0.000,0.000,0.000,12.500
2023-07-07 00:00:00,4.530,0.000,0.000,0.000,12.000
2023-07-07 01:00:00,4.700,0.000,0.000,0.000,11.700
2023-07-07 02:00:00,4.950,0.000,0.000,0.000,11.100
2023-07-07 03:00:00,4.800,0.000,0.000,0.000,10.600
2023-07-07 04:00:00,4.530,18.000,111.300,11.000,10.900
2023-07-07 05:00:00,4.080,109.000,366.200,46.000,13.300
2023-07-07 06:00:00,3.260,244.000,541.900,72.000,16.400
2023-07-07 07:00:00,1.900,397.000,664.600,90.000,19.300
2023-07-07 08:00:00,1.970,549.000,748.600,103.000,21.700
2023-07-07 09:00:00,2.470,677.000,794.700,113.000,23.300
2023-07-07 10:00:00,1.330,777.000,817.700,126.000,24.300
2023-07-07 11:00:00,1.530,843.000,846.800,124.000,25.100
2023-07-07 12:00:00,1.530,862.000,853.300,124.000,25.800
2023-07-07 13:00:00,1.240,835.000,842.700,125.000,26.400
2023-07-07 14:00:00,1.000,768.000,829.600,118.000,26.900
2023-07-07 15:00:00,1.120,660.000,793.500,111.000,27.200
2023-07-07 16:00:00,0.920,525.000,740.700,100.000,27.200
2023-07-07 17:00:00,1.220,371.000,647.100,88.000,27.100
2023-07-07 18:00:00,2.700,222.000,531.200,67.000,26.500
2023-07-07 19:00:00,4.260,90.000,339.900,40.000,24.100
2023-07-07 20:00:00,5.630,10.000,57.300,7.000,21.300
2023-07-07 21:00:00,6.220,0.000,0.000,0.000,19.400
2023-07-07 22:00:00,6.910,0.000,0.000,0.000,17.700
2023-07-07 23:00:00,6.940,0.000,0.000,0.000,17.000
2023-07-08 00:00:00,6.660,0.000,0.000,0.000,16.200
2023-07-08 01:00:00,6.510,0.000,0.000,0.000,15.200
2023-07-08 02:00:00,6.610,0.000,0.000,0.000,14.800
2023-07-08 03:00:00,6.700,0.000,0.000,0.000,14.200
2023-07-08 04:00:00,6.510,17.000,112.900,10.000,14.300
2023-07-08 05:00:00,6.110,109.000,376.200,45.000,16.600
2023-07-08 06:00:00,5.140,245.000,554.500,70.000,19.200
2023-07-08 07:00:00,4.370,393.000,649.600,94.000,21.900
2023-07-08 08:00:00,4.120,536.000,713.500,112.000,24.100
2023-07-08 09:00:00,3.830,674.000,793.400,112.000,26.200
2023-07-08 10:00:00,4.110,771.000,818.900,120.000,27.900
2023-07-08 11:00:00,4.020,832.000,833.700,125.000,29.400
2023-07-08 12:00:00,4.130,848.000,838.000,124.000,30.400
2023-07-08 13:00:00,3.690,785.000,778.200,130.000,31.000
2023-07-08 14:00:00,2.910,717.000,748.700,131.000,31.300
2023-07-08 15:00:00,2.360,628.000,748.200,111.000,31.500
2023-07-08 16:00:00,2.190,485.000,673.800,99.000,31.400
2023-07-08 17:00:00,2.420,344.000,586.700,88.000,30.900
2023-07-08 18:00:00,3.400,204.000,481.500,64.000,30.100
2023-07-08 19:00:00,4.900,81.000,287.900,39.000,26.900
2023-07-08 20:00:00,6.400,9.000,57.300,6.000,24.400
2023-07-08 21:00:00,7.160,0.000,0.000,0.000,22.700
2023-07-08 22:00:00,6.990,0.000,0.000,0.000,22.000
2023-07-08 23:00:00,7.720,0.000,0.000,0.000,21.100
2023-07-09 00:00:00,7.470,0.000,0.000,0.000,20.000
2023-07-09 01:00:00,6.950,0.000,0.000,0.000,18.900
2023-07-09 02:00:00,6.280,0.000,0.000,0.000,18.100
2023-07-09 03:00:00,5.550,0.000,0.000,0.000,17.300
2023-07-09 04:00:00,5.460,16.000,98.300,10.000,17.100
2023-07-09 05:00:00,5.110,104.000,362.700,43.000,18.700
2023-07-09 06:00:00,4.110,234.000,513.200,73.000,21.000
2023-07-09 07:00:00,3.270,384.000,643.400,89.000,23.200
2023-07-09 08:00:00,3.140,526.000,710.400,105.000,25.500
2023-07-09 09:00:00,2.920,657.000,761.000,119.000,27.700
2023-07-09 10:00:00,3.340,749.000,768.600,139.000,29.700
2023-07-09 11:00:00,4.060,809.000,784.100,145.000,31.300
2023-07-09 12:00:00,3.990,832.000,812.400,131.000,32.200
2023-07-09 13:00:00,2.840,809.000,820.700,119.000,33.100
2023-07-09 14:00:00,2.830,666.000,685.600,130.000,33.500
2023-07-09 15:00:00,3.050,399.000,344.900,161.000,33.200
2023-07-09 16:00:00,3.330,334.000,321.700,150.000,32.800
2023-07-09 17:00:00,3.330,213.000,142.400,151.000,31.100
2023-07-09 18:00:00,2.280,108.000,65.600,89.000,28.700
2023-07-09 19:00:00,5.570,31.000,0.000,31.000,26.400
2023-07-09 20:00:00,6.440,3.000,0.000,3.000,23.700
2023-07-09 21:00:00,6.070,0.000,0.000,0.000,21.900
2023-07-09 22:00:00,4.210,0.000,0.000,0.000,20.800
2023-07-09 23:00:00,6.220,0.000,0.000,0.000,19.800
2023-07-10 00:00:00,6.840,0.000,0.000,0.000,19.600
2023-07-10 01:00:00,4.200,0.000,0.000,0.000,19.000
2023-07-10 02:00:00,3.560,0.000,0.000,0.000,18.600
2023-07-10 03:00:00,5.730,0.000,0.000,0.000,18.200
2023-07-10 04:00:00,3.720,7.000,0.000,7.000,18.300
2023-07-10 05:00:00,4.380,51.000,36.100,45.000,18.600
2023-07-10 06:00:00,5.590,153.000,189.200,94.000,19.600
2023-07-10 07:00:00,7.050,132.000,89.800,91.000,20.600
2023-07-10 08:00:00,7.400,207.000,94.800,151.000,20.400
2023-07-10 09:00:00,7.580,226.000,21.300,211.000,20.200
2023-07-10 10:00:00,6.660,298.000,35.300,270.000,21.100
2023-07-10 11:00:00,6.020,580.000,355.900,279.000,22.100
2023-07-10 12:00:00,5.560,675.000,544.200,206.000,23.100
2023-07-10 13:00:00,6.220,659.000,574.000,177.000,24.200
2023-07-10 14:00:00,6.280,639.000,634.000,144.000,24.800
2023-07-10 15:00:00,6.080,526.000,568.800,134.000,25.100
2023-07-10 16:00:00,5.280,374.000,486.900,96.000,25.300
2023-07-10 17:00:00,4.610,293.000,428.400,107.000,25.100
2023-07-10 18:00:00,3.960,161.000,291.300,77.000,24.400
2023-07-10 19:00:00,4.050,81.000,293.300,39.000,22.900
2023-07-10 20:00:00,3.960,8.000,38.200,6.000,19.800
2023-07-10 21:00:00,3.320,0.000,0.000,0.000,18.000
2023-07-10 22:00:00,1.140,0.000,0.000,0.000,16.400
2023-07-10 23:00:00,0.710,0.000,0.000,0.000,15.600
2023-07-11 00:00:00,1.750,0.000,0.000,0.000,15.300
2023-07-11 01:00:00,3.100,0.000,0.000,0.000,14.300
2023-07-11 02:00:00,4.120,0.000,0.000,0.000,13.900
2023-07-11 03:00:00,4.790,0.000,0.000,0.000,14.400
2023-07-11 04:00:00,5.640,14.000,67.700,10.000,14.800
2023-07-11 05:00:00,5.940,97.000,311.000,46.000,17.000
2023-07-11 06:00:00,5.470,217.000,451.900,77.000,19.600
2023-07-11 07:00:00,5.280,380.000,644.200,87.000,22.200
2023-07-11 08:00:00,5.550,518.000,683.900,115.000,24.200
2023-07-11 09:00:00,5.630,643.000,734.500,126.000,25.800
2023-07-11 10:00:00,4.980,736.000,752.300,141.000,27.200
2023-07-11 11:00:00,5.100,805.000,797.000,132.000,28.300
2023-07-11 12:00:00,4.920,764.000,696.000,165.000,28.800
2023-07-11 13:00:00,5.060,755.000,649.900,210.000,29.400
2023-07-11 14:00:00,4.880,654.000,561.700,216.000,30.200
2023-07-11 15:00:00,4.370,390.000,287.800,192.000,30.400
2023-07-11 16:00:00,3.900,381.000,384.300,162.000,30.700
2023-07-11 17:00:00,2.720,256.000,401.800,82.000,30.500
2023-07-11 18:00:00,2.300,140.000,289.200,57.000,30.100
2023-07-11 19:00:00,2.640,70.000,218.700,39.000,28.400
2023-07-11 20:00:00,3.820,7.000,19.100,6.000,25.200
2023-07-11 21:00:00,4.780,0.000,0.000,0.000,23.400
2023-07-11 22:00:00,8.150,0.000,0.000,0.000,22.000
2023-07-11 23:00:00,6.010,0.000,0.000,0.000,21.900
2023-07-12 00:00:00,3.690,0.000,0.000,0.000,21.900
2023-07-12 01:00:00,4.690,0.000,0.000,0.000,21.900
2023-07-12 02:00:00,5.540,0.000,0.000,0.000,20.400
2023-07-12 03:00:00,7.320,0.000,0.000,0.000,19.200
2023-07-12 04:00:00,7.700,8.000,34.500,6.000,19.000
2023-07-12 05:00:00,8.300,68.000,173.000,40.000,19.300
2023-07-12 06:00:00,6.680,56.000,32.500,46.000,18.900
2023-07-12 07:00:00,8.070,308.000,457.000,101.000,19.300
2023-07-12 08:00:00,9.440,488.000,646.700,108.000,20.600
2023-07-12 09:00:00,9.050,507.000,481.200,169.000,21.500
2023-07-12 10:00:00,7.980,589.000,478.800,211.000,21.700
2023-07-12 11:00:00,8.370,699.000,596.600,196.000,22.300
2023-07-12 12:00:00,8.390,668.000,612.000,142.000,22.800
2023-07-12 13:00:00,8.610,716.000,647.200,174.000,23.200
2023-07-12 14:00:00,8.220,626.000,599.800,159.000,23.400
2023-07-12 15:00:00,7.860,545.000,612.900,124.000,23.400
2023-07-12 16:00:00,7.610,420.000,545.200,110.000,23.200
2023-07-12 17:00:00,6.640,283.000,435.500,95.000,22.400
2023-07-12 18:00:00,5.870,173.000,381.700,64.000,21.600
2023-07-12 19:00:00,4.780,60.000,221.200,29.000,20.100
2023-07-12 20:00:00,3.960,6.000,19.100,5.000,18.800
2023-07-12 21:00:00,3.950,0.000,0.000,0.000,17.500
2023-07-12 22:00:00,4.230,0.000,0.000,0.000,16.600
2023-07-12 23:00:00,3.830,0.000,0.000,0.000,16.100
2023-07-13 00:00:00,4.030,0.000,0.000,0.000,15.400
2023-07-13 01:00:00,4.610,0.000,0.000,0.000,15.100
2023-07-13 02:00:00,5.630,0.000,0.000,0.000,14.800
2023-07-13 03:00:00,5.880,0.000,0.000,0.000,14.700
2023-07-13 04:00:00,6.130,12.000,70.200,8.000,14.600
2023-07-13 05:00:00,6.310,98.000,344.600,43.000,15.700
2023-07-13 06:00:00,6.940,217.000,474.400,72.000,17.300
2023-07-13 07:00:00,7.620,370.000,623.000,89.000,18.600
2023-07-13 08:00:00,7.980,495.000,618.000,133.000,19.500
2023-07-13 09:00:00,8.080,574.000,550.900,188.000,20.000
2023-07-13 10:00:00,6.770,467.000,361.700,182.000,20.100
2023-07-13 11:00:00,7.210,581.000,489.400,169.000,21.000
2023-07-13 12:00:00,7.370,552.000,449.800,166.000,21.100
2023-07-13 13:00:00,7.760,497.000,420.900,145.000,21.200
2023-07-13 14:00:00,8.600,521.000,432.200,185.000,20.900
2023-07-13 15:00:00,6.070,404.000,427.300,111.000,20.000
2023-07-13 16:00:00,4.910,386.000,477.700,115.000,18.400
2023-07-13 17:00:00,5.460,255.000,357.900,101.000,18.200
2023-07-13 18:00:00,6.020,149.000,281.700,69.000,17.600
2023-07-13 19:00:00,5.050,65.000,216.700,35.000,16.900
2023-07-13 20:00:00,4.500,5.000,19.100,4.000,16.100
2023-07-13 21:00:00,4.530,0.000,0.000,0.000,15.600
2023-07-13 22:00:00,4.170,0.000,0.000,0.000,14.900
2023-07-13 23:00:00,4.810,0.000,0.000,0.000,14.400
2023-07-14 00:00:00,4.830,0.000,0.000,0.000,14.000
2023-07-14 01:00:00,4.610,0.000,0.000,0.000,13.500
2023-07-14 02:00:00,4.340,0.000,0.000,0.000,12.700
2023-07-14 03:00:00,4.600,0.000,0.000,0.000,12.400
2023-07-14 04:00:00,4.500,11.000,71.600,7.000,12.500
2023-07-14 05:00:00,3.970,84.000,216.100,50.000,13.600
2023-07-14 06:00:00,2.600,210.000,425.000,81.000,15.600
2023-07-14 07:00:00,2.280,322.000,487.700,103.000,17.500
2023-07-14 08:00:00,2.350,483.000,609.600,127.000,19.500
2023-07-14 09:00:00,2.770,586.000,619.400,153.000,21.100
2023-07-14 10:00:00,3.130,614.000,567.000,168.000,22.500
2023-07-14 11:00:00,4.030,496.000,378.400,178.000,22.600
2023-07-14 12:00:00,4.430,504.000,344.300,209.000,23.600
2023-07-14 13:00:00,4.590,464.000,407.200,124.000,24.400
2023-07-14 14:00:00,3.890,281.000,101.800,202.000,24.600
2023-07-14 15:00:00,3.000,224.000,84.700,166.000,24.900
2023-07-14 16:00:00,2.300,399.000,401.100,172.000,25.500
2023-07-14 17:00:00,2.770,327.000,515.400,106.000,25.400
2023-07-14 18:00:00,3.280,186.000,410.800,70.000,24.900
2023-07-14 19:00:00,5.800,80.000,314.800,37.000,23.500
2023-07-14 20:00:00,7.530,7.000,38.200,5.000,21.800
2023-07-14 21:00:00,7.870,0.000,0.000,0.000,21.000
2023-07-14 22:00:00,7.320,0.000,0.000,0.000,20.500
2023-07-14 23:00:00,7.640,0.000,0.000,0.000,20.000
2023-07-15 00:00:00,7.730,0.000,0.000,0.000,19.400
2023-07-15 01:00:00,7.770,0.000,0.000,0.000,18.700
2023-07-15 02:00:00,8.230,0.000,0.000,0.000,18.300
2023-07-15 03:00:00,8.380,0.000,0.000,0.000,18.100
2023-07-15 04:00:00,8.470,10.000,18.300,9.000,18.400
2023-07-15 05:00:00,8.210,86.000,264.600,45.000,19.800
2023-07-15 06:00:00,7.750,219.000,501.100,68.000,22.200
2023-07-15 07:00:00,6.350,357.000,601.800,88.000,24.600
2023-07-15 08:00:00,6.180,528.000,740.400,97.000,26.900
2023-07-15 09:00:00,6.220,652.000,767.200,117.000,28.800
2023-07-15 10:00:00,6.820,725.000,717.200,162.000,29.900
2023-07-15 11:00:00,9.860,717.000,565.000,243.000,29.400
2023-07-15 12:00:00,8.340,374.000,66.600,317.000,25.200
2023-07-15 13:00:00,6.440,158.000,0.000,158.000,23.500
2023-07-15 14:00:00,6.070,274.000,29.700,251.000,24.800
2023-07-15 15:00:00,6.910,323.000,80.500,268.000,26.300
2023-07-15 16:00:00,8.500,261.000,140.000,182.000,26.000
2023-07-15 17:00:00,8.370,99.000,32.800,85.000,24.100
2023-07-15 18:00:00,8.730,150.000,278.000,72.000,23.700
2023-07-15 19:00:00,8.430,6.000,0.000,6.000,22.500
2023-07-15 20:00:00,8.100,3.000,0.000,3.000,21.600
2023-07-15 21:00:00,8.130,0.000,0.000,0.000,20.900
2023-07-15 22:00:00,5.760,0.000,0.000,0.000,20.600
2023-07-15 23:00:00,4.960,0.000,0.000,0.000,19.900
2023-07-16 00:00:00,5.500,0.000,0.000,0.000,19.200
2023-07-16 01:00:00,6.570,0.000,0.000,0.000,18.800
2023-07-16 02:00:00,6.890,0.000,0.000,0.000,18.400
2023-07-16 03:00:00,6.350,0.000,0.000,0.000,18.100
2023-07-16 04:00:00,6.660,5.000,18.700,4.000,17.900
2023-07-16 05:00:00,6.580,79.000,268.700,38.000,18.300
2023-07-16 06:00:00,6.120,200.000,448.000,66.000,19.500
2023-07-16 07:00:00,7.780,373.000,624.800,95.000,20.600
2023-07-16 08:00:00,9.440,432.000,508.500,137.000,21.100
2023-07-16 09:00:00,8.870,546.000,580.800,142.000,21.900
2023-07-16 10:00:00,7.680,720.000,755.700,128.000,23.000
2023-07-16 11:00:00,8.420,741.000,673.500,177.000,23.800
2023-07-16 12:00:00,8.750,714.000,588.900,211.000,24.100
2023-07-16 13:00:00,8.990,562.000,467.400,173.000,24.200
2023-07-16 14:00:00,8.830,533.000,393.000,229.000,24.400
2023-07-16 15:00:00,8.590,521.000,491.500,186.000,24.500
2023-07-16 16:00:00,8.270,388.000,369.500,180.000,24.300
2023-07-16 17:00:00,6.770,289.000,437.100,103.000,23.800
2023-07-16 18:00:00,5.300,166.000,315.700,78.000,23.000
2023-07-16 19:00:00,4.590,59.000,158.300,38.000,21.500
2023-07-16 20:00:00,4.370,5.000,0.000,5.000,19.100
2023-07-16 21:00:00,4.740,0.000,0.000,0.000,18.200
2023-07-16 22:00:00,5.640,0.000,0.000,0.000,16.900
2023-07-16 23:00:00,5.240,0.000,0.000,0.000,16.100
2023-07-17 00:00:00,5.020,0.000,0.000,0.000,15.600
2023-07-17 01:00:00,4.860,0.000,0.000,0.000,15.700
2023-07-17 02:00:00,5.560,0.000,0.000,0.000,15.700
2023-07-17 03:00:00,5.820,0.000,0.000,0.000,15.300
2023-07-17 04:00:00,5.890,6.000,38.200,4.000,15.400
2023-07-17 05:00:00,6.150,59.000,166.500,34.000,16.300
2023-07-17 06:00:00,5.750,170.000,360.500,63.000,17.800
2023-07-17 07:00:00,6.770,345.000,535.200,108.000,19.000
2023-07-17 08:00:00,7.290,504.000,669.300,117.000,20.400
2023-07-17 09:00:00,7.790,610.000,697.600,126.000,21.400
2023-07-17 10:00:00,6.840,644.000,630.700,151.000,21.900
2023-07-17 11:00:00,7.580,689.000,659.200,138.000,22.300
2023-07-17 12:00:00,8.480,579.000,521.900,134.000,22.200
2023-07-17 13:00:00,8.220,643.000,542.800,192.000,22.400
2023-07-17 14:00:00,8.580,574.000,566.100,137.000,22.500
2023-07-17 15:00:00,9.480,481.000,533.800,118.000,22.300
2023-07-17 16:00:00,7.840,440.000,566.600,122.000,21.200
2023-07-17 17:00:00,6.660,281.000,413.000,106.000,20.300
2023-07-17 18:00:00,7.840,157.000,263.700,84.000,18.000
2023-07-17 19:00:00,5.430,44.000,61.300,36.000,15.200
2023-07-17 20:00:00,5.010,4.000,19.100,3.000,14.000
2023-07-17 21:00:00,5.630,0.000,0.000,0.000,13.400
2023-07-17 22:00:00,5.470,0.000,0.000,0.000,12.800
2023-07-17 23:00:00,5.590,0.000,0.000,0.000,12.800
2023-07-18 00:00:00,5.700,0.000,0.000,0.000,12.500
2023-07-18 01:00:00,5.820,0.000,0.000,0.000,12.000
2023-07-18 02:00:00,5.570,0.000,0.000,0.000,11.700
2023-07-18 03:00:00,5.660,0.000,0.000,0.000,11.400
2023-07-18 04:00:00,6.040,9.000,19.100,8.000,11.700
2023-07-18 05:00:00,5.830,77.000,155.800,54.000,12.700
2023-07-18 06:00:00,4.880,189.000,271.700,109.000,14.600
2023-07-18 07:00:00,4.530,314.000,426.600,126.000,16.800
2023-07-18 08:00:00,4.430,468.000,609.100,117.000,18.800
2023-07-18 09:00:00,4.610,523.000,553.500,140.000,19.900
2023-07-18 10:00:00,3.340,676.000,692.300,136.000,21.100
2023-07-18 11:00:00,3.500,492.000,353.600,197.000,21.100
2023-07-18 12:00:00,4.170,635.000,501.700,208.000,22.000
2023-07-18 13:00:00,3.740,534.000,382.200,217.000,22.600
2023-07-18 14:00:00,3.910,523.000,367.300,240.000,23.200
2023-07-18 15:00:00,3.850,488.000,486.400,158.000,23.500
2023-07-18 16:00:00,3.320,345.000,332.400,159.000,23.500
2023-07-18 17:00:00,2.930,218.000,258.400,109.000,23.200
2023-07-18 18:00:00,2.240,158.000,334.800,66.000,22.600
2023-07-18 19:00:00,2.470,70.000,280.600,34.000,21.000
2023-07-18 20:00:00,2.940,5.000,19.100,4.000,18.800
2023-07-18 21:00:00,3.550,0.000,0.000,0.000,16.200
2023-07-18 22:00:00,3.990,0.000,0.000,0.000,15.000
2023-07-18 23:00:00,3.010,0.000,0.000,0.000,14.300
2023-07-19 00:00:00,2.300,0.000,0.000,0.000,13.900
2023-07-19 01:00:00,1.430,0.000,0.000,0.000,13.400
2023-07-19 02:00:00,0.950,0.000,0.000,0.000,12.800
2023-07-19 03:00:00,1.120,0.000,0.000,0.000,13.500
2023-07-19 04:00:00,2.110,7.000,19.100,6.000,13.400
2023-07-19 05:00:00,3.010,73.000,199.900,44.000,14.100
2023-07-19 06:00:00,2.690,200.000,428.000,75.000,15.700
2023-07-19 07:00:00,3.210,241.000,205.300,151.000,16.900
2023-07-19 08:00:00,4.510,414.000,472.000,143.000,18.000
2023-07-19 09:00:00,5.100,526.000,552.100,145.000,18.900
2023-07-19 10:00:00,4.690,598.000,547.400,172.000,21.200
2023-07-19 11:00:00,4.960,627.000,516.400,197.000,21.700
2023-07-19 12:00:00,5.500,712.000,626.200,180.000,22.000
2023-07-19 13:00:00,5.720,656.000,607.700,153.000,21.900
2023-07-19 14:00:00,5.660,394.000,288.800,172.000,21.200
2023-07-19 15:00:00,6.320,389.000,369.500,139.000,21.400
2023-07-19 16:00:00,5.500,286.000,317.400,109.000,20.600
2023-07-19 17:00:00,5.970,202.000,233.400,104.000,19.300
2023-07-19 18:00:00,5.950,121.000,220.100,61.000,18.500
2023-07-19 19:00:00,4.970,50.000,166.800,29.000,17.300
2023-07-19 20:00:00,5.110,4.000,19.100,3.000,16.400
2023-07-19 21:00:00,5.010,0.000,0.000,0.000,15.800
2023-07-19 22:00:00,3.520,0.000,0.000,0.000,15.100
2023-07-19 23:00:00,4.080,0.000,0.000,0.000,14.900
2023-07-20 00:00:00,4.740,0.000,0.000,0.000,14.400
2023-07-20 01:00:00,4.620,0.000,0.000,0.000,13.800
2023-07-20 02:00:00,4.270,0.000,0.000,0.000,13.600
2023-07-20 03:00:00,4.150,0.000,0.000,0.000,13.700
2023-07-20 04:00:00,4.440,6.000,19.100,5.000,13.800
2023-07-20 05:00:00,4.440,54.000,147.400,33.000,14.200
2023-07-20 06:00:00,4.020,129.000,158.900,83.000,15.100
2023-07-20 07:00:00,3.990,171.000,188.000,89.000,15.500
2023-07-20 08:00:00,4.470,297.000,277.900,138.000,16.200
2023-07-20 09:00:00,4.740,555.000,582.700,154.000,17.500
2023-07-20 10:00:00,5.420,642.000,653.000,135.000,19.000
2023-07-20 11:00:00,5.860,556.000,446.500,185.000,19.400
2023-07-20 12:00:00,6.450,687.000,633.400,150.000,19.900
2023-07-20 13:00:00,6.570,600.000,524.200,167.000,20.400
2023-07-20 14:00:00,6.220,479.000,362.400,201.000,20.300
2023-07-20 15:00:00,5.860,340.000,223.700,189.000,20.100
2023-07-20 16:00:00,5.190,297.000,264.500,150.000,19.900
2023-07-20 17:00:00,4.440,235.000,289.700,114.000,19.700
2023-07-20 18:00:00,3.620,161.000,351.500,66.000,19.100
2023-07-20 19:00:00,2.760,54.000,186.300,31.000,17.600
2023-07-20 20:00:00,1.890,3.000,19.100,2.000,15.400
2023-07-20 21:00:00,1.220,0.000,0.000,0.000,14.400
2023-07-20 22:00:00,0.540,0.000,0.000,0.000,14.400
2023-07-20 23:00:00,1.080,0.000,0.000,0.000,13.800
2023-07-21 00:00:00,1.700,0.000,0.000,0.000,12.600
2023-07-21 01:00:00,2.280,0.000,0.000,0.000,12.400
2023-07-21 02:00:00,2.420,0.000,0.000,0.000,12.800
2023-07-21 03:00:00,3.320,0.000,0.000,0.000,12.900
2023-07-21 04:00:00,4.000,2.000,0.000,2.000,13.000
2023-07-21 05:00:00,4.230,19.000,7.200,18.000,13.200
2023-07-21 06:00:00,3.910,36.000,3.500,35.000,13.700
2023-07-21 07:00:00,2.510,162.000,64.600,134.000,14.700
2023-07-21 08:00:00,2.190,319.000,236.900,184.000,15.800
2023-07-21 09:00:00,2.060,438.000,327.900,213.000,16.700
2023-07-21 10:00:00,1.900,589.000,480.300,217.000,19.800
2023-07-21 11:00:00,2.430,701.000,621.200,186.000,20.500
2023-07-21 12:00:00,2.860,631.000,425.500,271.000,20.700
2023-07-21 13:00:00,3.440,450.000,245.100,248.000,20.200
2023-07-21 14:00:00,3.550,404.000,233.900,225.000,19.600
2023-07-21 15:00:00,4.120,502.000,389.300,240.000,19.900
2023-07-21 16:00:00,3.960,442.000,568.900,127.000,20.000
2023-07-21 17:00:00,5.710,295.000,500.600,87.000,19.800
2023-07-21 18:00:00,4.840,143.000,276.200,69.000,17.800
2023-07-21 19:00:00,3.200,42.000,91.000,31.000,15.200
2023-07-21 20:00:00,4.670,2.000,0.000,2.000,14.500
2023-07-21 21:00:00,5.630,0.000,0.000,0.000,14.200
2023-07-21 22:00:00,4.830,0.000,0.000,0.000,14.200
2023-07-21 23:00:00,6.720,0.000,0.000,0.000,13.900
2023-07-22 00:00:00,7.340,0.000,0.000,0.000,13.500
2023-07-22 01:00:00,7.060,0.000,0.000,0.000,12.900
2023-07-22 02:00:00,7.020,0.000,0.000,0.000,12.400
2023-07-22 03:00:00,7.060,0.000,0.000,0.000,12.200
2023-07-22 04:00:00,6.960,6.000,19.100,5.000,12.100
2023-07-22 05:00:00,6.640,74.000,277.600,36.000,12.800
2023-07-22 06:00:00,6.450,188.000,414.900,70.000,13.900
2023-07-22 07:00:00,6.890,282.000,373.300,121.000,15.200
2023-07-22 08:00:00,6.140,364.000,348.800,166.000,16.500
2023-07-22 09:00:00,5.480,369.000,248.500,199.000,17.400
2023-07-22 10:00:00,4.430,482.000,365.000,200.000,17.900
2023-07-22 11:00:00,4.160,635.000,528.300,198.000,19.400
2023-07-22 12:00:00,4.380,721.000,670.400,155.000,20.200
2023-07-22 13:00:00,4.720,599.000,547.100,149.000,20.600
2023-07-22 14:00:00,5.580,519.000,396.900,216.000,20.700
2023-07-22 15:00:00,6.220,325.000,229.500,171.000,20.500
2023-07-22 16:00:00,6.560,109.000,23.600,96.000,20.200
2023-07-22 17:00:00,4.700,86.000,9.700,82.000,19.800
2023-07-22 18:00:00,3.440,56.000,0.000,56.000,19.300
2023-07-22 19:00:00,2.920,13.000,0.000,13.000,18.100
2023-07-22 20:00:00,2.940,1.000,0.000,1.000,17.000
2023-07-22 21:00:00,2.650,0.000,0.000,0.000,16.500
2023-07-22 22:00:00,3.180,0.000,0.000,0.000,15.800
2023-07-22 23:00:00,2.280,0.000,0.000,0.000,15.300
2023-07-23 00:00:00,1.940,0.000,0.000,0.000,14.900
2023-07-23 01:00:00,3.450,0.000,0.000,0.000,14.500
2023-07-23 02:00:00,4.940,0.000,0.000,0.000,14.400
2023-07-23 03:00:00,6.010,0.000,0.000,0.000,14.400
2023-07-23 04:00:00,6.590,1.000,0.000,1.000,14.400
2023-07-23 05:00:00,5.840,11.000,0.000,11.000,14.700
2023-07-23 06:00:00,5.760,39.000,0.000,39.000,15.200
2023-07-23 07:00:00,6.380,90.000,11.700,85.000,17.300
2023-07-23 08:00:00,6.530,242.000,70.800,202.000,19.500
2023-07-23 09:00:00,7.750,395.000,233.200,236.000,20.600
2023-07-23 10:00:00,8.080,436.000,172.600,303.000,21.900
2023-07-23 11:00:00,8.300,214.000,3.600,211.000,20.400
2023-07-23 12:00:00,8.360,103.000,0.000,103.000,19.100
2023-07-23 13:00:00,9.700,60.000,0.000,60.000,19.000
2023-07-23 14:00:00,11.110,73.000,2.600,71.000,19.500
2023-07-23 15:00:00,9.120,90.000,25.400,73.000,19.800
2023-07-23 16:00:00,7.920,92.000,14.600,84.000,19.900
2023-07-23 17:00:00,6.660,137.000,92.500,99.000,20.600
2023-07-23 18:00:00,6.420,131.000,255.000,64.000,20.700
2023-07-23 19:00:00,6.880,43.000,78.000,34.000,20.100
2023-07-23 20:00:00,7.590,1.000,0.000,1.000,19.400
2023-07-23 21:00:00,7.780,0.000,0.000,0.000,19.300
2023-07-23 22:00:00,8.770,0.000,0.000,0.000,19.200
2023-07-23 23:00:00,8.840,0.000,0.000,0.000,19.100
2023-07-24 00:00:00,8.270,0.000,0.000,0.000,18.800
2023-07-24 01:00:00,8.080,0.000,0.000,0.000,18.500
2023-07-24 02:00:00,7.870,0.000,0.000,0.000,18.400
2023-07-24 03:00:00,7.610,0.000,0.000,0.000,18.100
2023-07-24 04:00:00,6.580,1.000,0.000,1.000,18.200
2023-07-24 05:00:00,6.300,23.000,22.900,20.000,18.500
2023-07-24 06:00:00,5.830,54.000,32.300,45.000,18.700
2023-07-24 07:00:00,5.880,172.000,140.800,112.000,18.900
2023-07-24 08:00:00,6.300,80.000,12.400,73.000,19.300
2023-07-24 09:00:00,8.240,63.000,0.000,63.000,20.100
2023-07-24 10:00:00,6.940,346.000,304.500,112.000,20.700
2023-07-24 11:00:00,7.250,471.000,381.400,157.000,21.700
2023-07-24 12:00:00,7.060,573.000,428.400,213.000,22.500
2023-07-24 13:00:00,6.070,429.000,226.000,244.000,23.300
2023-07-24 14:00:00,5.280,401.000,197.500,251.000,21.500
2023-07-24 15:00:00,5.710,308.000,184.500,185.000,20.200
2023-07-24 16:00:00,6.040,293.000,257.800,152.000,19.800
2023-07-24 17:00:00,6.570,184.000,200.800,102.000,17.700
2023-07-24 18:00:00,6.040,82.000,61.500,66.000,17.200
2023-07-24 19:00:00,7.480,49.000,169.000,30.000,16.500
2023-07-24 20:00:00,7.320,1.000,0.000,1.000,16.100
2023-07-24 21:00:00,7.000,0.000,0.000,0.000,15.800
2023-07-24 22:00:00,6.580,0.000,0.000,0.000,15.300
2023-07-24 23:00:00,6.150,0.000,0.000,0.000,14.800
2023-07-25 00:00:00,5.920,0.000,0.000,0.000,14.300
2023-07-25 01:00:00,6.000,0.000,0.000,0.000,13.900
2023-07-25 02:00:00,5.450,0.000,0.000,0.000,13.500
2023-07-25 03:00:00,5.200,0.000,0.000,0.000,13.300
2023-07-25 04:00:00,5.120,3.000,0.000,3.000,12.900
2023-07-25 05:00:00,5.020,54.000,164.000,33.000,13.300
2023-07-25 06:00:00,5.220,151.000,210.000,93.000,14.100
2023-07-25 07:00:00,4.930,318.000,455.600,125.000,15.000
2023-07-25 08:00:00,4.080,422.000,431.800,180.000,15.900
2023-07-25 09:00:00,4.120,465.000,315.900,251.000,16.500
2023-07-25 10:00:00,4.610,435.000,241.400,250.000,17.200
2023-07-25 11:00:00,4.570,483.000,153.400,357.000,17.500
2023-07-25 12:00:00,4.620,479.000,152.700,351.000,18.100
2023-07-25 13:00:00,5.240,477.000,193.500,319.000,18.700
2023-07-25 14:00:00,5.360,395.000,211.300,235.000,18.800
2023-07-25 15:00:00,5.460,411.000,317.600,200.000,19.200
2023-07-25 16:00:00,5.500,240.000,159.800,153.000,18.700
2023-07-25 17:00:00,5.710,147.000,170.100,78.000,18.100
2023-07-25 18:00:00,5.820,123.000,186.600,75.000,17.700
2023-07-25 19:00:00,5.740,50.000,182.700,30.000,16.500
2023-07-25 20:00:00,5.750,2.000,0.000,2.000,14.900
2023-07-25 21:00:00,5.680,0.000,0.000,0.000,13.700
2023-07-25 22:00:00,5.860,0.000,0.000,0.000,12.700
2023-07-25 23:00:00,5.140,0.000,0.000,0.000,12.100
2023-07-26 00:00:00,5.800,0.000,0.000,0.000,11.500
2023-07-26 01:00:00,6.350,0.000,0.000,0.000,11.000
2023-07-26 02:00:00,6.140,0.000,0.000,0.000,11.100
2023-07-26 03:00:00,6.460,0.000,0.000,0.000,11.100
2023-07-26 04:00:00,6.390,3.000,19.100,2.000,11.300
2023-07-26 05:00:00,6.200,56.000,176.000,34.000,11.800
2023-07-26 06:00:00,5.760,152.000,259.800,81.000,12.800
2023-07-26 07:00:00,5.720,276.000,401.500,107.000,14.100
2023-07-26 08:00:00,5.220,453.000,569.900,135.000,15.100
2023-07-26 09:00:00,5.000,582.000,637.000,152.000,16.400
2023-07-26 10:00:00,6.090,675.000,640.000,186.000,17.000
2023-07-26 11:00:00,6.280,697.000,568.900,231.000,17.700
2023-07-26 12:00:00,6.440,642.000,444.900,270.000,17.600
2023-07-26 13:00:00,6.300,665.000,529.200,234.000,18.600
2023-07-26 14:00:00,6.110,596.000,517.900,205.000,18.900
2023-07-26 15:00:00,6.240,454.000,404.800,186.000,19.400
2023-07-26 16:00:00,7.220,320.000,278.600,169.000,18.600
2023-07-26 17:00:00,6.530,178.000,168.700,110.000,16.800
2023-07-26 18:00:00,5.300,131.000,279.100,60.000,16.200
2023-07-26 19:00:00,5.140,50.000,206.900,28.000,15.300
2023-07-26 20:00:00,5.390,1.000,0.000,1.000,14.200
2023-07-26 21:00:00,5.410,0.000,0.000,0.000,13.500
2023-07-26 22:00:00,5.730,0.000,0.000,0.000,12.900
2023-07-26 23:00:00,5.590,0.000,0.000,0.000,12.500
2023-07-27 00:00:00,6.240,0.000,0.000,0.000,12.300
2023-07-27 01:00:00,6.910,0.000,0.000,0.000,12.000
2023-07-27 02:00:00,6.770,0.000,0.000,0.000,11.800
2023-07-27 03:00:00,6.770,0.000,0.000,0.000,12.300
2023-07-27 04:00:00,6.450,2.000,0.000,2.000,12.700
2023-07-27 05:00:00,6.650,35.000,8.200,34.000,13.700
2023-07-27 06:00:00,6.820,83.000,7.400,81.000,14.300
2023-07-27 07:00:00,6.200,173.000,47.800,153.000,14.600
2023-07-27 08:00:00,6.110,162.000,18.000,152.000,14.600
2023-07-27 09:00:00,5.930,160.000,0.000,160.000,14.600
2023-07-27 10:00:00,5.570,152.000,9.200,145.000,15.600
2023-07-27 11:00:00,6.130,106.000,2.400,104.000,15.600
2023-07-27 12:00:00,6.940,82.000,0.000,82.000,15.700
2023-07-27 13:00:00,6.200,47.000,0.000,47.000,15.900
2023-07-27 14:00:00,5.890,64.000,1.300,63.000,16.300
2023-07-27 15:00:00,5.870,88.000,13.600,79.000,16.600
2023-07-27 16:00:00,5.910,64.000,1.900,63.000,16.700
2023-07-27 17:00:00,5.460,34.000,0.000,34.000,16.800
2023-07-27 18:00:00,5.670,20.000,4.000,19.000,16.900
2023-07-27 19:00:00,7.000,5.000,0.000,5.000,17.200
2023-07-27 20:00:00,7.840,0.000,0.000,0.000,17.400
2023-07-27 21:00:00,8.150,0.000,0.000,0.000,17.400
2023-07-27 22:00:00,9.230,0.000,0.000,0.000,17.600
2023-07-27 23:00:00,9.840,0.000,0.000,0.000,17.500
2023-07-28 00:00:00,9.680,0.000,0.000,0.000,17.300
2023-07-28 01:00:00,9.690,0.000,0.000,0.000,17.200
2023-07-28 02:00:00,9.280,0.000,0.000,0.000,17.200
2023-07-28 03:00:00,8.640,0.000,0.000,0.000,17.200
2023-07-28 04:00:00,8.030,1.000,0.000,1.000,17.200
2023-07-28 05:00:00,7.910,13.000,0.000,13.000,17.300
2023-07-28 06:00:00,8.130,27.000,0.000,27.000,17.600
2023-07-28 07:00:00,8.730,95.000,24.100,85.000,18.000
2023-07-28 08:00:00,7.830,102.000,16.300,93.000,18.600
2023-07-28 09:00:00,7.030,153.000,6.000,149.000,19.300
2023-07-28 10:00:00,7.570,141.000,6.600,136.000,19.900
2023-07-28 11:00:00,7.200,229.000,41.700,195.000,20.800
2023-07-28 12:00:00,6.990,293.000,76.900,229.000,21.400
2023-07-28 13:00:00,6.810,370.000,154.300,245.000,22.400
2023-07-28 14:00:00,6.520,379.000,211.900,220.000,22.800
2023-07-28 15:00:00,5.630,356.000,275.400,175.000,23.300
2023-07-28 16:00:00,4.470,347.000,398.700,133.000,23.500
2023-07-28 17:00:00,3.710,203.000,304.500,82.000,23.100
2023-07-28 18:00:00,3.550,136.000,338.300,52.000,22.800
2023-07-28 19:00:00,2.850,32.000,130.200,19.000,21.500
2023-07-28 20:00:00,2.860,1.000,0.000,1.000,20.100
2023-07-28 21:00:00,3.680,0.000,0.000,0.000,19.500
2023-07-28 22:00:00,4.220,0.000,0.000,0.000,19.200
2023-07-28 23:00:00,5.590,0.000,0.000,0.000,18.700
2023-07-29 00:00:00,5.690,0.000,0.000,0.000,18.300
2023-07-29 01:00:00,6.310,0.000,0.000,0.000,17.800
2023-07-29 02:00:00,6.520,0.000,0.000,0.000,17.800
2023-07-29 03:00:00,6.080,0.000,0.000,0.000,17.700
2023-07-29 04:00:00,6.080,2.000,0.000,2.000,17.600
2023-07-29 05:00:00,5.880,39.000,60.600,32.000,18.200
2023-07-29 06:00:00,5.600,114.000,105.900,86.000,19.200
2023-07-29 07:00:00,5.520,81.000,9.700,77.000,19.600
2023-07-29 08:00:00,6.150,68.000,1.800,67.000,19.700
2023-07-29 09:00:00,6.470,76.000,1.500,75.000,19.800
2023-07-29 10:00:00,7.140,101.000,10.600,93.000,19.600
2023-07-29 11:00:00,4.800,269.000,115.700,175.000,20.700
2023-07-29 12:00:00,4.150,505.000,419.500,157.000,22.500
2023-07-29 13:00:00,5.950,701.000,682.300,150.000,23.600
2023-07-29 14:00:00,7.380,536.000,489.400,170.000,23.700
2023-07-29 15:00:00,7.980,436.000,450.600,141.000,24.000
2023-07-29 16:00:00,7.730,297.000,325.800,123.000,23.800
2023-07-29 17:00:00,7.120,181.000,152.200,121.000,22.200
2023-07-29 18:00:00,6.200,79.000,36.700,70.000,20.800
2023-07-29 19:00:00,5.220,47.000,204.600,27.000,19.200
2023-07-29 20:00:00,5.140,1.000,0.000,1.000,18.100
2023-07-29 21:00:00,5.300,0.000,0.000,0.000,17.400
2023-07-29 22:00:00,4.120,0.000,0.000,0.000,16.900
2023-07-29 23:00:00,4.460,0.000,0.000,0.000,16.600
2023-07-30 00:00:00,5.600,0.000,0.000,0.000,16.800
2023-07-30 01:00:00,6.370,0.000,0.000,0.000,16.600
2023-07-30 02:00:00,6.890,0.000,0.000,0.000,16.200
2023-07-30 03:00:00,7.040,0.000,0.000,0.000,15.800
2023-07-30 04:00:00,7.070,2.000,0.000,2.000,15.300
2023-07-30 05:00:00,6.760,58.000,258.500,29.000,15.900
2023-07-30 06:00:00,6.020,170.000,390.400,68.000,17.100
2023-07-30 07:00:00,6.760,302.000,483.200,104.000,18.100
2023-07-30 08:00:00,6.800,444.000,589.900,121.000,19.000
2023-07-30 09:00:00,6.940,460.000,431.400,173.000,19.500
2023-07-30 10:00:00,6.090,458.000,243.800,274.000,19.800
2023-07-30 11:00:00,7.160,461.000,146.900,342.000,19.800
2023-07-30 12:00:00,7.730,405.000,147.500,283.000,19.300
2023-07-30 13:00:00,8.010,532.000,370.100,234.000,19.900
2023-07-30 14:00:00,8.860,518.000,515.200,134.000,20.100
2023-07-30 15:00:00,10.460,346.000,339.000,125.000,20.000
2023-07-30 16:00:00,8.390,323.000,391.600,115.000,20.300
2023-07-30 17:00:00,7.400,213.000,322.000,87.000,20.200
2023-07-30 18:00:00,8.830,133.000,289.500,63.000,19.000
2023-07-30 19:00:00,7.450,28.000,104.000,18.000,17.900
2023-07-30 20:00:00,6.570,0.000,0.000,0.000,16.800
2023-07-30 21:00:00,6.360,0.000,0.000,0.000,16.300
2023-07-30 22:00:00,6.700,0.000,0.000,0.000,15.900
2023-07-30 23:00:00,7.300,0.000,0.000,0.000,15.800
2023-07-31 00:00:00,7.570,0.000,0.000,0.000,15.300
2023-07-31 01:00:00,7.530,0.000,0.000,0.000,15.000
2023-07-31 02:00:00,7.000,0.000,0.000,0.000,15.000
2023-07-31 03:00:00,6.720,0.000,0.000,0.000,14.900
2023-07-31 04:00:00,7.000,0.000,0.000,0.000,14.800
2023-07-31 05:00:00,6.660,7.000,0.000,7.000,14.900
2023-07-31 06:00:00,7.890,15.000,0.000,15.000,15.200
2023-07-31 07:00:00,9.460,37.000,0.000,37.000,15.500
2023-07-31 08:00:00,10.630,108.000,18.400,98.000,16.500
2023-07-31 09:00:00,12.540,287.000,175.000,171.000,17.100
2023-07-31 10:00:00,8.070,226.000,97.000,153.000,17.600
2023-07-31 11:00:00,10.400,153.000,24.800,133.000,17.700
2023-07-31 12:00:00,10.980,244.000,41.200,210.000,17.900
2023-07-31 13:00:00,10.480,284.000,169.400,148.000,18.800
2023-07-31 14:00:00,10.980,167.000,26.900,147.000,18.300
2023-07-31 15:00:00,10.450,226.000,103.200,159.000,18.700
2023-07-31 16:00:00,10.210,206.000,94.700,156.000,19.200
2023-07-31 17:00:00,9.860,142.000,46.400,124.000,18.900
2023-07-31 18:00:00,8.510,39.000,0.000,39.000,18.700
2023-07-31 19:00:00,8.270,16.000,0.000,16.000,18.500
2023-07-31 20:00:00,8.500,0.000,0.000,0.000,17.800
2023-07-31 21:00:00,8.390,0.000,0.000,0.000,17.400
2023-07-31 22:00:00,8.010,0.000,0.000,0.000,17.000
2023-07-31 23:00:00,8.870,0.000,0.000,0.000,16.600
2023-08-01 00:00:00,9.190,0.000,0.000,0.000,16.700
2023-08-01 01:00:00,8.420,0.000,0.000,0.000,16.500
2023-08-01 02:00:00,7.950,0.000,0.000,0.000,16.100
2023-08-01 03:00:00,7.560,0.000,0.000,0.000,16.200
2023-08-01 04:00:00,7.170,0.000,0.000,0.000,16.100
2023-08-01 05:00:00,7.090,16.000,0.000,16.000,16.100
2023-08-01 06:00:00,7.310,46.000,0.000,46.000,16.100
2023-08-01 07:00:00,7.540,57.000,2.500,56.000,16.500
2023-08-01 08:00:00,7.750,100.000,5.500,97.000,16.800
2023-08-01 09:00:00,7.710,379.000,322.700,166.000,16.900
2023-08-01 10:00:00,6.650,552.000,453.400,212.000,18.200
2023-08-01 11:00:00,7.110,655.000,491.800,259.000,19.200
2023-08-01 12:00:00,8.490,591.000,330.800,319.000,19.600
2023-08-01 13:00:00,9.990,486.000,258.700,279.000,17.500
2023-08-01 14:00:00,10.440,281.000,93.200,212.000,17.300
2023-08-01 15:00:00,9.080,282.000,182.500,164.000,18.200
2023-08-01 16:00:00,9.340,348.000,407.400,134.000,19.200
2023-08-01 17:00:00,8.320,208.000,189.600,135.000,18.600
2023-08-01 18:00:00,8.570,84.000,178.700,42.000,18.200
2023-08-01 19:00:00,8.350,22.000,75.400,15.000,17.200
2023-08-01 20:00:00,8.220,0.000,0.000,0.000,16.500
2023-08-01 21:00:00,8.290,0.000,0.000,0.000,15.900
2023-08-01 22:00:00,8.770,0.000,0.000,0.000,15.700
2023-08-01 23:00:00,8.460,0.000,0.000,0.000,15.700
2023-08-02 00:00:00,8.610,0.000,0.000,0.000,15.500
2023-08-02 01:00:00,8.420,0.000,0.000,0.000,15.300
2023-08-02 02:00:00,7.380,0.000,0.000,0.000,15.000
2023-08-02 03:00:00,7.600,0.000,0.000,0.000,15.000
2023-08-02 04:00:00,6.370,1.000,0.000,1.000,14.700
2023-08-02 05:00:00,6.360,48.000,176.200,30.000,15.100
2023-08-02 06:00:00,5.290,151.000,345.400,64.000,16.200
2023-08-02 07:00:00,6.200,299.000,498.700,99.000,17.500
2023-08-02 08:00:00,7.160,310.000,220.600,191.000,17.800
2023-08-02 09:00:00,7.110,239.000,114.100,164.000,18.100
2023-08-02 10:00:00,7.930,298.000,73.600,243.000,18.600
2023-08-02 11:00:00,7.780,199.000,38.600,168.000,18.000
2023-08-02 12:00:00,8.100,249.000,108.600,160.000,18.600
2023-08-02 13:00:00,8.900,74.000,2.500,72.000,17.900
2023-08-02 14:00:00,9.000,99.000,0.000,99.000,17.900
2023-08-02 15:00:00,8.960,100.000,14.000,91.000,18.300
2023-08-02 16:00:00,8.520,198.000,176.200,106.000,18.700
2023-08-02 17:00:00,9.180,93.000,2.600,92.000,18.800
2023-08-02 18:00:00,7.560,94.000,129.600,64.000,18.600
2023-08-02 19:00:00,7.140,10.000,0.000,10.000,17.500
2023-08-02 20:00:00,8.460,0.000,0.000,0.000,17.100
2023-08-02 21:00:00,8.630,0.000,0.000,0.000,16.600
2023-08-02 22:00:00,8.350,0.000,0.000,0.000,16.400
2023-08-02 23:00:00,7.720,0.000,0.000,0.000,16.000
2023-08-03 00:00:00,8.280,0.000,0.000,0.000,16.200
2023-08-03 01:00:00,9.330,0.000,0.000,0.000,16.700
2023-08-03 02:00:00,9.870,0.000,0.000,0.000,16.500
2023-08-03 03:00:00,10.590,0.000,0.000,0.000,16.200
2023-08-03 04:00:00,11.590,0.000,0.000,0.000,16.300
2023-08-03 05:00:00,12.450,14.000,20.100,12.000,16.200
2023-08-03 06:00:00,12.010,26.000,0.000,26.000,16.200
2023-08-03 07:00:00,10.550,34.000,5.000,32.000,16.900
2023-08-03 08:00:00,11.030,62.000,1.900,61.000,17.800
2023-08-03 09:00:00,10.180,303.000,187.800,180.000,17.800
2023-08-03 10:00:00,11.900,424.000,237.700,247.000,18.600
2023-08-03 11:00:00,10.310,431.000,257.500,225.000,18.900
2023-08-03 12:00:00,10.320,575.000,478.400,184.000,18.700
2023-08-03 13:00:00,10.350,447.000,288.100,218.000,19.700
2023-08-03 14:00:00,9.860,492.000,453.300,159.000,19.800
2023-08-03 15:00:00,8.250,340.000,362.200,108.000,19.400
2023-08-03 16:00:00,7.810,311.000,350.700,129.000,19.500
2023-08-03 17:00:00,8.340,235.000,399.200,84.000,20.000
2023-08-03 18:00:00,9.520,97.000,206.200,50.000,19.000
2023-08-03 19:00:00,8.300,19.000,67.100,13.000,18.000
2023-08-03 20:00:00,7.720,0.000,0.000,0.000,17.300
2023-08-03 21:00:00,7.990,0.000,0.000,0.000,16.800
2023-08-03 22:00:00,8.320,0.000,0.000,0.000,16.700
2023-08-03 23:00:00,8.120,0.000,0.000,0.000,16.400
2023-08-04 00:00:00,7.330,0.000,0.000,0.000,16.100
2023-08-04 01:00:00,6.630,0.000,0.000,0.000,15.600
2023-08-04 02:00:00,6.400,0.000,0.000,0.000,15.200
2023-08-04 03:00:00,6.180,0.000,0.000,0.000,15.100
2023-08-04 04:00:00,5.990,0.000,0.000,0.000,15.000
2023-08-04 05:00:00,5.970,22.000,20.400,20.000,15.300
2023-08-04 06:00:00,6.800,75.000,28.500,68.000,15.700
2023-08-04 07:00:00,6.220,197.000,157.000,135.000,16.500
2023-08-04 08:00:00,5.400,247.000,202.400,139.000,17.400
2023-08-04 09:00:00,5.300,373.000,311.300,170.000,18.300
2023-08-04 10:00:00,4.540,465.000,423.100,151.000,18.500
2023-08-04 11:00:00,4.330,607.000,550.500,168.000,19.200
2023-08-04 12:00:00,4.180,582.000,516.800,161.000,19.800
2023-08-04 13:00:00,4.570,580.000,527.600,162.000,20.400
2023-08-04 14:00:00,4.490,549.000,567.100,134.000,21.300
2023-08-04 15:00:00,5.550,410.000,436.100,132.000,21.300
2023-08-04 16:00:00,5.820,337.000,438.200,111.000,21.200
2023-08-04 17:00:00,4.300,191.000,309.500,75.000,20.000
2023-08-04 18:00:00,4.210,93.000,205.200,47.000,19.000
2023-08-04 19:00:00,4.440,30.000,148.400,17.000,17.700
2023-08-04 20:00:00,4.030,0.000,0.000,0.000,16.300
2023-08-04 21:00:00,4.020,0.000,0.000,0.000,15.200
2023-08-04 22:00:00,4.330,0.000,0.000,0.000,14.900
2023-08-04 23:00:00,4.380,0.000,0.000,0.000,14.400
2023-08-05 00:00:00,3.940,0.000,0.000,0.000,14.000
2023-08-05 01:00:00,3.800,0.000,0.000,0.000,13.000
2023-08-05 02:00:00,3.540,0.000,0.000,0.000,12.600
2023-08-05 03:00:00,3.040,0.000,0.000,0.000,12.300
2023-08-05 04:00:00,2.620,0.000,0.000,0.000,12.200
2023-08-05 05:00:00,0.810,48.000,248.400,24.000,12.800
2023-08-05 06:00:00,1.000,170.000,458.200,59.000,14.300
2023-08-05 07:00:00,0.810,299.000,543.400,86.000,15.700
2023-08-05 08:00:00,0.950,443.000,614.100,117.000,17.200
2023-08-05 09:00:00,1.300,570.000,639.100,155.000,18.100
2023-08-05 10:00:00,1.390,570.000,489.600,208.000,19.200
2023-08-05 11:00:00,1.610,583.000,407.600,259.000,20.100
2023-08-05 12:00:00,1.920,480.000,234.000,290.000,20.600
2023-08-05 13:00:00,1.940,373.000,158.300,248.000,21.000
2023-08-05 14:00:00,1.750,457.000,347.100,204.000,21.600
2023-08-05 15:00:00,2.620,452.000,458.700,161.000,21.900
2023-08-05 16:00:00,3.330,263.000,251.700,134.000,21.400
2023-08-05 17:00:00,4.250,189.000,202.000,114.000,20.800
2023-08-05 18:00:00,5.640,97.000,190.500,55.000,19.400
2023-08-05 19:00:00,6.300,31.000,128.200,20.000,18.200
2023-08-05 20:00:00,4.700,0.000,0.000,0.000,16.500
2023-08-05 21:00:00,3.200,0.000,0.000,0.000,16.300
2023-08-05 22:00:00,1.960,0.000,0.000,0.000,14.800
2023-08-05 23:00:00,1.060,0.000,0.000,0.000,14.500
2023-08-06 00:00:00,2.380,0.000,0.000,0.000,14.300
2023-08-06 01:00:00,2.840,0.000,0.000,0.000,14.300
2023-08-06 02:00:00,2.510,0.000,0.000,0.000,14.300
2023-08-06 03:00:00,2.880,0.000,0.000,0.000,14.100
2023-08-06 04:00:00,2.600,0.000,0.000,0.000,13.800
2023-08-06 05:00:00,1.970,34.000,31.600,31.000,14.100
2023-08-06 06:00:00,1.630,100.000,113.000,73.000,14.700
2023-08-06 07:00:00,0.670,211.000,120.900,164.000,15.900
2023-08-06 08:00:00,0.450,386.000,359.900,196.000,17.400
2023-08-06 09:00:00,0.220,518.000,462.400,219.000,18.500
2023-08-06 10:00:00,1.210,611.000,494.100,247.000,20.000
2023-08-06 11:00:00,2.200,670.000,518.800,259.000,20.600
2023-08-06 12:00:00,2.810,447.000,184.100,298.000,20.900
2023-08-06 13:00:00,3.210,407.000,156.400,284.000,20.400
2023-08-06 14:00:00,3.700,475.000,316.800,245.000,20.600
2023-08-06 15:00:00,4.160,426.000,343.800,209.000,20.600
2023-08-06 16:00:00,4.330,320.000,353.600,140.000,20.500
2023-08-06 17:00:00,4.010,204.000,261.100,108.000,18.500
2023-08-06 18:00:00,4.080,84.000,152.400,51.000,17.700
2023-08-06 19:00:00,5.520,18.000,47.700,14.000,16.800
2023-08-06 20:00:00,5.810,0.000,0.000,0.000,15.900
2023-08-06 21:00:00,6.070,0.000,0.000,0.000,15.300
2023-08-06 22:00:00,6.550,0.000,0.000,0.000,14.900
2023-08-06 23:00:00,7.120,0.000,0.000,0.000,14.700
2023-08-07 00:00:00,7.490,0.000,0.000,0.000,14.700
2023-08-07 01:00:00,7.980,0.000,0.000,0.000,14.500
2023-08-07 02:00:00,8.580,0.000,0.000,0.000,14.300
2023-08-07 03:00:00,8.880,0.000,0.000,0.000,14.300
2023-08-07 04:00:00,8.660,0.000,0.000,0.000,14.300
2023-08-07 05:00:00,8.940,15.000,0.000,15.000,14.300
2023-08-07 06:00:00,8.610,62.000,29.700,55.000,14.600
2023-08-07 07:00:00,8.300,45.000,2.600,44.000,15.000
2023-08-07 08:00:00,7.900,117.000,30.500,101.000,15.800
2023-08-07 09:00:00,8.300,286.000,152.200,188.000,16.100
2023-08-07 10:00:00,9.400,348.000,162.100,229.000,16.800
2023-08-07 11:00:00,10.730,497.000,321.800,243.000,17.300
2023-08-07 12:00:00,11.260,626.000,491.100,230.000,17.800
2023-08-07 13:00:00,12.010,594.000,528.300,180.000,17.600
2023-08-07 14:00:00,13.340,537.000,491.100,182.000,17.600
2023-08-07 15:00:00,12.850,440.000,473.000,143.000,17.400
2023-08-07 16:00:00,12.350,299.000,330.300,132.000,17.100
2023-08-07 17:00:00,11.940,144.000,151.200,89.000,16.400
2023-08-07 18:00:00,11.360,99.000,277.500,40.000,15.800
2023-08-07 19:00:00,10.560,24.000,122.000,14.000,14.900
2023-08-07 20:00:00,10.100,0.000,0.000,0.000,14.200
2023-08-07 21:00:00,10.140,0.000,0.000,0.000,13.800
2023-08-07 22:00:00,10.650,0.000,0.000,0.000,13.100
2023-08-07 23:00:00,10.280,0.000,0.000,0.000,12.700
2023-08-08 00:00:00,10.070,0.000,0.000,0.000,12.400
2023-08-08 01:00:00,10.060,0.000,0.000,0.000,12.400
2023-08-08 02:00:00,10.100,0.000,0.000,0.000,12.600
2023-08-08 03:00:00,9.900,0.000,0.000,0.000,13.000
2023-08-08 04:00:00,9.810,0.000,0.000,0.000,13.000
2023-08-08 05:00:00,9.600,28.000,108.900,18.000,13.100
2023-08-08 06:00:00,8.720,101.000,202.300,54.000,13.800
2023-08-08 07:00:00,9.570,201.000,316.200,80.000,14.800
2023-08-08 08:00:00,9.710,378.000,498.100,118.000,15.900
2023-08-08 09:00:00,9.980,375.000,310.500,176.000,16.700
2023-08-08 10:00:00,9.530,552.000,502.000,185.000,16.700
2023-08-08 11:00:00,8.770,627.000,602.600,153.000,17.600
2023-08-08 12:00:00,10.400,642.000,562.500,190.000,17.700
2023-08-08 13:00:00,11.010,586.000,508.500,189.000,18.400
2023-08-08 14:00:00,11.060,563.000,566.900,155.000,17.100
2023-08-08 15:00:00,11.190,448.000,489.900,142.000,15.600
2023-08-08 16:00:00,11.310,227.000,257.000,98.000,16.400
2023-08-08 17:00:00,10.550,140.000,186.100,73.000,16.300
2023-08-08 18:00:00,10.170,94.000,225.400,47.000,16.200
2023-08-08 19:00:00,9.330,25.000,137.500,14.000,15.200
2023-08-08 20:00:00,8.680,0.000,0.000,0.000,14.400
2023-08-08 21:00:00,8.320,0.000,0.000,0.000,13.900
2023-08-08 22:00:00,8.290,0.000,0.000,0.000,13.200
2023-08-08 23:00:00,7.380,0.000,0.000,0.000,12.900
2023-08-09 00:00:00,7.400,0.000,0.000,0.000,12.800
2023-08-09 01:00:00,6.480,0.000,0.000,0.000,12.600
2023-08-09 02:00:00,6.000,0.000,0.000,0.000,12.200
2023-08-09 03:00:00,6.340,0.000,0.000,0.000,11.800
2023-08-09 04:00:00,6.510,0.000,0.000,0.000,11.000
2023-08-09 05:00:00,6.410,36.000,188.600,19.000,11.600
2023-08-09 06:00:00,5.850,164.000,467.500,57.000,12.800
2023-08-09 07:00:00,5.810,272.000,477.100,91.000,14.400
2023-08-09 08:00:00,6.130,404.000,558.800,114.000,15.800
2023-08-09 09:00:00,6.140,461.000,495.400,145.000,17.000
2023-08-09 10:00:00,6.100,579.000,583.600,154.000,17.600
2023-08-09 11:00:00,6.530,589.000,506.600,192.000,18.300
2023-08-09 12:00:00,7.410,466.000,359.800,178.000,18.400
2023-08-09 13:00:00,7.820,438.000,330.500,181.000,18.900
2023-08-09 14:00:00,7.790,486.000,459.200,157.000,19.500
2023-08-09 15:00:00,7.500,394.000,386.400,154.000,19.700
2023-08-09 16:00:00,6.530,331.000,395.400,134.000,19.700
2023-08-09 17:00:00,6.020,216.000,404.400,72.000,19.400
2023-08-09 18:00:00,5.230,110.000,318.100,45.000,18.400
2023-08-09 19:00:00,4.700,23.000,128.300,13.000,16.800
2023-08-09 20:00:00,4.530,0.000,0.000,0.000,15.100
2023-08-09 21:00:00,4.400,0.000,0.000,0.000,14.000
2023-08-09 22:00:00,3.640,0.000,0.000,0.000,13.700
2023-08-09 23:00:00,3.750,0.000,0.000,0.000,12.800
2023-08-10 00:00:00,3.220,0.000,0.000,0.000,11.600
2023-08-10 01:00:00,2.690,0.000,0.000,0.000,10.800
2023-08-10 02:00:00,2.010,0.000,0.000,0.000,10.300
2023-08-10 03:00:00,1.700,0.000,0.000,0.000,10.100
2023-08-10 04:00:00,1.930,0.000,0.000,0.000,10.000
2023-08-10 05:00:00,2.510,30.000,135.700,18.000,10.600
2023-08-10 06:00:00,2.650,97.000,217.400,48.000,12.700
2023-08-10 07:00:00,1.800,179.000,196.700,105.000,15.000
2023-08-10 08:00:00,2.430,306.000,317.900,142.000,16.700
2023-08-10 09:00:00,3.400,403.000,378.000,163.000,17.400
2023-08-10 10:00:00,3.720,502.000,373.700,231.000,18.700
2023-08-10 11:00:00,3.810,448.000,185.700,303.000,19.100
2023-08-10 12:00:00,3.900,509.000,287.200,280.000,19.900
2023-08-10 13:00:00,4.100,621.000,498.400,235.000,20.500
2023-08-10 14:00:00,4.280,659.000,699.800,160.000,21.000
2023-08-10 15:00:00,4.590,535.000,663.900,125.000,21.200
2023-08-10 16:00:00,4.720,347.000,402.500,148.000,20.900
2023-08-10 17:00:00,4.250,233.000,363.600,105.000,20.600
2023-08-10 18:00:00,3.700,102.000,204.900,61.000,19.900
2023-08-10 19:00:00,3.260,22.000,131.900,12.000,18.500
2023-08-10 20:00:00,2.330,0.000,0.000,0.000,16.300
2023-08-10 21:00:00,1.080,0.000,0.000,0.000,15.400
2023-08-10 22:00:00,1.840,0.000,0.000,0.000,13.800
2023-08-10 23:00:00,2.120,0.000,0.000,0.000,13.800
2023-08-11 00:00:00,2.920,0.000,0.000,0.000,13.800
2023-08-11 01:00:00,3.580,0.000,0.000,0.000,13.700
2023-08-11 02:00:00,3.660,0.000,0.000,0.000,13.800
2023-08-11 03:00:00,3.750,0.000,0.000,0.000,13.600
2023-08-11 04:00:00,4.160,0.000,0.000,0.000,13.800
2023-08-11 05:00:00,4.520,35.000,184.400,19.000,14.500
2023-08-11 06:00:00,4.310,142.000,392.100,55.000,15.900
2023-08-11 07:00:00,3.100,248.000,380.900,106.000,17.800
2023-08-11 08:00:00,2.890,393.000,487.600,143.000,19.900
2023-08-11 09:00:00,2.940,524.000,596.700,147.000,21.300
2023-08-11 10:00:00,2.720,653.000,695.100,151.000,22.700
2023-08-11 11:00:00,3.080,717.000,761.200,125.000,23.800
2023-08-11 12:00:00,3.130,701.000,654.600,181.000,24.800
2023-08-11 13:00:00,3.300,730.000,802.700,111.000,26.000
2023-08-11 14:00:00,3.400,660.000,776.500,109.000,26.800
2023-08-11 15:00:00,3.320,557.000,744.500,100.000,27.500
2023-08-11 16:00:00,3.230,425.000,687.100,88.000,27.800
2023-08-11 17:00:00,2.160,270.000,549.100,79.000,27.600
2023-08-11 18:00:00,2.020,110.000,178.900,75.000,26.100
2023-08-11 19:00:00,2.860,18.000,13.600,17.000,23.300
2023-08-11 20:00:00,3.860,0.000,0.000,0.000,21.500
2023-08-11 21:00:00,4.470,0.000,0.000,0.000,20.600
2023-08-11 22:00:00,3.670,0.000,0.000,0.000,19.500
2023-08-11 23:00:00,4.470,0.000,0.000,0.000,19.100
2023-08-12 00:00:00,5.120,0.000,0.000,0.000,18.900
2023-08-12 01:00:00,5.410,0.000,0.000,0.000,18.800
2023-08-12 02:00:00,5.710,0.000,0.000,0.000,19.000
2023-08-12 03:00:00,6.010,0.000,0.000,0.000,19.100
2023-08-12 04:00:00,5.450,0.000,0.000,0.000,19.100
2023-08-12 05:00:00,5.090,15.000,11.800,14.000,19.200
2023-08-12 06:00:00,4.530,55.000,13.700,52.000,19.200
2023-08-12 07:00:00,3.860,36.000,0.000,36.000,19.200
2023-08-12 08:00:00,4.170,169.000,108.000,114.000,20.000
2023-08-12 09:00:00,3.830,208.000,95.400,148.000,20.900
2023-08-12 10:00:00,2.800,191.000,77.900,135.000,21.000
2023-08-12 11:00:00,2.920,222.000,31.000,198.000,22.200
2023-08-12 12:00:00,3.350,380.000,128.900,278.000,23.600
2023-08-12 13:00:00,4.750,255.000,93.800,183.000,24.000
2023-08-12 14:00:00,7.140,245.000,82.100,187.000,24.600
2023-08-12 15:00:00,6.560,125.000,14.800,116.000,23.200
2023-08-12 16:00:00,6.600,148.000,67.800,115.000,23.500
2023-08-12 17:00:00,7.710,185.000,235.800,104.000,23.100
2023-08-12 18:00:00,7.650,91.000,188.300,55.000,21.800
2023-08-12 19:00:00,7.140,14.000,83.900,8.000,20.700
2023-08-12 20:00:00,6.140,0.000,0.000,0.000,19.800
2023-08-12 21:00:00,5.090,0.000,0.000,0.000,18.700
2023-08-12 22:00:00,4.220,0.000,0.000,0.000,16.700
2023-08-12 23:00:00,4.210,0.000,0.000,0.000,15.600
2023-08-13 00:00:00,4.390,0.000,0.000,0.000,15.200
2023-08-13 01:00:00,5.000,0.000,0.000,0.000,15.300
2023-08-13 02:00:00,5.840,0.000,0.000,0.000,15.300
2023-08-13 03:00:00,6.100,0.000,0.000,0.000,15.300
2023-08-13 04:00:00,5.870,0.000,0.000,0.000,15.400
2023-08-13 05:00:00,5.730,26.000,48.000,22.000,15.400
2023-08-13 06:00:00,5.240,128.000,274.700,69.000,17.100
2023-08-13 07:00:00,4.100,236.000,368.800,101.000,19.000
2023-08-13 08:00:00,4.160,330.000,331.900,162.000,20.500
2023-08-13 09:00:00,3.720,468.000,393.200,222.000,21.500
2023-08-13 10:00:00,3.680,579.000,490.200,228.000,22.300
2023-08-13 11:00:00,3.910,597.000,457.600,244.000,23.000
2023-08-13 12:00:00,3.960,636.000,453.100,279.000,24.000
2023-08-13 13:00:00,3.960,533.000,331.000,280.000,24.400
2023-08-13 14:00:00,3.960,368.000,150.900,262.000,24.400
2023-08-13 15:00:00,2.860,262.000,67.600,221.000,24.400
2023-08-13 16:00:00,1.960,215.000,45.600,193.000,24.300
2023-08-13 17:00:00,1.000,122.000,26.500,113.000,24.200
2023-08-13 18:00:00,0.630,87.000,166.100,56.000,23.900
2023-08-13 19:00:00,1.100,14.000,72.200,9.000,20.900
2023-08-13 20:00:00,1.880,0.000,0.000,0.000,18.100
2023-08-13 21:00:00,2.830,0.000,0.000,0.000,17.200
2023-08-13 22:00:00,3.200,0.000,0.000,0.000,16.400
2023-08-13 23:00:00,3.980,0.000,0.000,0.000,16.100
2023-08-14 00:00:00,4.080,0.000,0.000,0.000,15.900
2023-08-14 01:00:00,4.260,0.000,0.000,0.000,15.400
2023-08-14 02:00:00,4.740,0.000,0.000,0.000,14.900
2023-08-14 03:00:00,4.470,0.000,0.000,0.000,14.500
2023-08-14 04:00:00,3.880,0.000,0.000,0.000,14.600
2023-08-14 05:00:00,3.950,24.000,122.700,14.000,14.900
2023-08-14 06:00:00,3.240,105.000,246.300,53.000,17.300
2023-08-14 07:00:00,1.710,262.000,490.900,84.000,19.700
2023-08-14 08:00:00,1.530,378.000,483.200,135.000,21.700
2023-08-14 09:00:00,2.280,482.000,459.500,196.000,23.100
2023-08-14 10:00:00,2.560,456.000,272.100,262.000,24.500
2023-08-14 11:00:00,2.750,397.000,199.200,244.000,25.100
2023-08-14 12:00:00,2.910,481.000,277.900,263.000,25.900
2023-08-14 13:00:00,4.150,463.000,361.400,188.000,26.800
2023-08-14 14:00:00,3.640,396.000,257.600,216.000,26.600
2023-08-14 15:00:00,2.270,341.000,343.700,134.000,26.600
2023-08-14 16:00:00,1.610,289.000,399.400,98.000,26.800
2023-08-14 17:00:00,1.630,210.000,367.400,87.000,26.500
2023-08-14 18:00:00,2.050,100.000,280.300,49.000,25.700
2023-08-14 19:00:00,3.340,9.000,14.900,8.000,24.200
2023-08-14 20:00:00,4.840,0.000,0.000,0.000,22.300
2023-08-14 21:00:00,5.280,0.000,0.000,0.000,21.700
2023-08-14 22:00:00,6.790,0.000,0.000,0.000,20.600
2023-08-14 23:00:00,6.660,0.000,0.000,0.000,19.900
2023-08-15 00:00:00,6.490,0.000,0.000,0.000,19.600
2023-08-15 01:00:00,6.330,0.000,0.000,0.000,19.200
2023-08-15 02:00:00,6.090,0.000,0.000,0.000,18.900
2023-08-15 03:00:00,5.590,0.000,0.000,0.000,18.700
2023-08-15 04:00:00,5.200,0.000,0.000,0.000,18.700
2023-08-15 05:00:00,5.150,22.000,100.400,14.000,19.200
2023-08-15 06:00:00,5.660,99.000,226.600,52.000,20.300
2023-08-15 07:00:00,4.830,220.000,267.300,124.000,21.400
2023-08-15 08:00:00,4.070,149.000,60.100,119.000,22.200
2023-08-15 09:00:00,5.090,155.000,35.500,133.000,22.900
2023-08-15 10:00:00,4.630,499.000,412.900,206.000,23.900
2023-08-15 11:00:00,4.700,678.000,678.500,159.000,25.300
2023-08-15 12:00:00,5.660,705.000,725.800,138.000,26.300
2023-08-15 13:00:00,5.600,541.000,450.300,200.000,26.500
2023-08-15 14:00:00,5.300,496.000,472.000,168.000,26.000
2023-08-15 15:00:00,4.210,294.000,180.500,186.000,24.400
2023-08-15 16:00:00,3.300,131.000,33.800,115.000,24.300
2023-08-15 17:00:00,2.560,69.000,0.000,69.000,24.000
2023-08-15 18:00:00,2.860,32.000,11.300,30.000,22.900
2023-08-15 19:00:00,3.510,2.000,0.000,2.000,22.100
2023-08-15 20:00:00,4.160,0.000,0.000,0.000,21.000
2023-08-15 21:00:00,4.100,0.000,0.000,0.000,20.400
2023-08-15 22:00:00,2.810,0.000,0.000,0.000,19.100
2023-08-15 23:00:00,3.280,0.000,0.000,0.000,18.500
2023-08-16 00:00:00,3.720,0.000,0.000,0.000,17.800
2023-08-16 01:00:00,3.830,0.000,0.000,0.000,17.300
2023-08-16 02:00:00,4.040,0.000,0.000,0.000,16.700
2023-08-16 03:00:00,3.760,0.000,0.000,0.000,16.500
2023-08-16 04:00:00,2.860,0.000,0.000,0.000,16.200
2023-08-16 05:00:00,2.750,22.000,89.900,15.000,16.300
2023-08-16 06:00:00,2.770,109.000,235.600,61.000,17.200
2023-08-16 07:00:00,2.420,182.000,247.400,94.000,18.300
2023-08-16 08:00:00,2.130,304.000,382.900,114.000,19.100
2023-08-16 09:00:00,1.980,313.000,214.400,181.000,20.000
2023-08-16 10:00:00,2.830,363.000,270.400,172.000,20.800
2023-08-16 11:00:00,2.400,445.000,333.500,191.000,21.500
2023-08-16 12:00:00,2.110,559.000,504.000,167.000,22.500
2023-08-16 13:00:00,2.240,510.000,459.100,164.000,23.100
2023-08-16 14:00:00,2.590,428.000,360.300,179.000,23.600
2023-08-16 15:00:00,3.360,361.000,351.700,152.000,23.600
2023-08-16 16:00:00,4.030,262.000,285.400,128.000,23.900
2023-08-16 17:00:00,4.250,176.000,300.900,78.000,23.500
2023-08-16 18:00:00,4.600,75.000,139.300,51.000,22.400
2023-08-16 19:00:00,5.490,8.000,16.100,7.000,21.200
2023-08-16 20:00:00,5.880,0.000,0.000,0.000,20.600
2023-08-16 21:00:00,6.220,0.000,0.000,0.000,20.100
2023-08-16 22:00:00,6.800,0.000,0.000,0.000,19.200
2023-08-16 23:00:00,7.170,0.000,0.000,0.000,18.700
2023-08-17 00:00:00,6.820,0.000,0.000,0.000,18.600
2023-08-17 01:00:00,6.660,0.000,0.000,0.000,18.200
2023-08-17 02:00:00,6.080,0.000,0.000,0.000,17.500
2023-08-17 03:00:00,6.350,0.000,0.000,0.000,17.100
2023-08-17 04:00:00,7.080,0.000,0.000,0.000,17.000
2023-08-17 05:00:00,7.440,1.000,0.000,1.000,16.800
2023-08-17 06:00:00,7.690,3.000,0.000,3.000,16.600
2023-08-17 07:00:00,7.700,17.000,0.000,17.000,16.200
2023-08-17 08:00:00,7.560,33.000,0.000,33.000,16.100
2023-08-17 09:00:00,7.290,58.000,3.300,56.000,15.800
2023-08-17 10:00:00,6.690,80.000,0.000,80.000,16.200
2023-08-17 11:00:00,6.180,92.000,0.000,92.000,16.300
2023-08-17 12:00:00,6.180,187.000,49.100,149.000,16.800
2023-08-17 13:00:00,6.200,154.000,29.300,132.000,17.400
2023-08-17 14:00:00,5.840,194.000,65.500,149.000,18.100
2023-08-17 15:00:00,4.620,136.000,16.900,126.000,18.300
2023-08-17 16:00:00,4.390,87.000,12.900,81.000,18.400
2023-08-17 17:00:00,4.380,63.000,6.200,61.000,18.000
2023-08-17 18:00:00,3.970,36.000,77.600,23.000,17.600
2023-08-17 19:00:00,3.500,2.000,0.000,2.000,17.300
2023-08-17 20:00:00,3.340,0.000,0.000,0.000,17.300
2023-08-17 21:00:00,2.980,0.000,0.000,0.000,17.400
2023-08-17 22:00:00,3.190,0.000,0.000,0.000,17.000
2023-08-17 23:00:00,2.460,0.000,0.000,0.000,17.000
2023-08-18 00:00:00,1.980,0.000,0.000,0.000,17.100
2023-08-18 01:00:00,2.280,0.000,0.000,0.000,16.800
2023-08-18 02:00:00,3.400,0.000,0.000,0.000,16.500
2023-08-18 03:00:00,4.100,0.000,0.000,0.000,16.800
2023-08-18 04:00:00,4.120,0.000,0.000,0.000,16.700
2023-08-18 05:00:00,3.960,12.000,27.000,10.000,16.700
2023-08-18 06:00:00,3.210,86.000,183.400,50.000,17.200
2023-08-18 07:00:00,3.340,177.000,180.800,114.000,18.200
2023-08-18 08:00:00,3.010,307.000,290.200,165.000,19.800
2023-08-18 09:00:00,2.790,437.000,417.000,183.000,21.100
2023-08-18 10:00:00,2.100,485.000,337.300,249.000,22.700
2023-08-18 11:00:00,2.600,490.000,318.000,250.000,24.300
2023-08-18 12:00:00,3.530,386.000,111.600,300.000,25.500
2023-08-18 13:00:00,3.760,353.000,130.000,256.000,26.700
2023-08-18 14:00:00,3.810,412.000,203.500,273.000,27.900
2023-08-18 15:00:00,3.620,397.000,377.300,176.000,28.700
2023-08-18 16:00:00,3.860,289.000,332.200,136.000,28.700
2023-08-18 17:00:00,4.180,188.000,357.300,75.000,28.300
2023-08-18 18:00:00,5.150,60.000,147.700,36.000,26.800
2023-08-18 19:00:00,5.720,7.000,34.900,5.000,24.500
2023-08-18 20:00:00,6.410,0.000,0.000,0.000,23.300
2023-08-18 21:00:00,6.710,0.000,0.000,0.000,22.500
2023-08-18 22:00:00,7.920,0.000,0.000,0.000,21.900
2023-08-18 23:00:00,7.320,0.000,0.000,0.000,21.400
2023-08-19 00:00:00,6.400,0.000,0.000,0.000,20.700
2023-08-19 01:00:00,6.300,0.000,0.000,0.000,20.400
2023-08-19 02:00:00,5.940,0.000,0.000,0.000,20.200
2023-08-19 03:00:00,5.380,0.000,0.000,0.000,19.800
2023-08-19 04:00:00,5.380,0.000,0.000,0.000,19.500
2023-08-19 05:00:00,5.740,20.000,110.600,12.000,19.500
2023-08-19 06:00:00,5.780,121.000,353.300,53.000,21.100
2023-08-19 07:00:00,5.080,248.000,440.700,96.000,22.700
2023-08-19 08:00:00,4.480,392.000,559.900,120.000,24.800
2023-08-19 09:00:00,4.530,506.000,591.100,148.000,26.900
2023-08-19 10:00:00,4.700,630.000,702.500,141.000,29.000
2023-08-19 11:00:00,5.250,694.000,728.200,147.000,30.400
2023-08-19 12:00:00,5.470,713.000,751.000,137.000,31.100
2023-08-19 13:00:00,5.550,641.000,673.500,141.000,31.100
2023-08-19 14:00:00,5.120,534.000,541.900,166.000,30.800
2023-08-19 15:00:00,4.580,492.000,605.400,140.000,29.600
2023-08-19 16:00:00,6.170,224.000,210.500,128.000,28.000
2023-08-19 17:00:00,6.560,93.000,38.500,81.000,27.100
2023-08-19 18:00:00,4.400,32.000,12.700,30.000,26.200
2023-08-19 19:00:00,5.260,3.000,0.000,3.000,25.000
2023-08-19 20:00:00,6.330,0.000,0.000,0.000,23.800
2023-08-19 21:00:00,6.220,0.000,0.000,0.000,22.800
2023-08-19 22:00:00,5.860,0.000,0.000,0.000,21.700
2023-08-19 23:00:00,5.760,0.000,0.000,0.000,21.000
2023-08-20 00:00:00,5.230,0.000,0.000,0.000,20.200
2023-08-20 01:00:00,4.360,0.000,0.000,0.000,19.600
2023-08-20 02:00:00,2.910,0.000,0.000,0.000,18.200
2023-08-20 03:00:00,1.460,0.000,0.000,0.000,17.700
2023-08-20 04:00:00,0.820,0.000,0.000,0.000,17.000
2023-08-20 05:00:00,0.890,19.000,113.600,11.000,17.300
2023-08-20 06:00:00,0.920,119.000,371.100,49.000,18.900
2023-08-20 07:00:00,1.620,137.000,140.700,89.000,20.700
2023-08-20 08:00:00,1.200,371.000,568.100,97.000,22.200
2023-08-20 09:00:00,1.410,539.000,730.700,99.000,23.700
2023-08-20 10:00:00,1.240,625.000,747.900,107.000,25.000
2023-08-20 11:00:00,1.500,692.000,754.400,128.000,25.900
2023-08-20 12:00:00,2.400,706.000,746.800,136.000,26.600
2023-08-20 13:00:00,3.010,435.000,265.400,239.000,26.900
2023-08-20 14:00:00,2.710,370.000,269.600,188.000,27.200
2023-08-20 15:00:00,2.400,287.000,254.700,140.000,27.300
2023-08-20 16:00:00,2.310,180.000,163.900,106.000,27.100
2023-08-20 17:00:00,2.340,168.000,326.200,68.000,26.500
2023-08-20 18:00:00,2.770,63.000,137.800,42.000,25.300
2023-08-20 19:00:00,3.330,7.000,38.200,5.000,22.900
2023-08-20 20:00:00,3.890,0.000,0.000,0.000,21.600
2023-08-20 21:00:00,4.790,0.000,0.000,0.000,20.400
2023-08-20 22:00:00,5.350,0.000,0.000,0.000,19.400
2023-08-20 23:00:00,4.470,0.000,0.000,0.000,18.900
2023-08-21 00:00:00,3.440,0.000,0.000,0.000,17.700
2023-08-21 01:00:00,2.600,0.000,0.000,0.000,17.000
2023-08-21 02:00:00,1.660,0.000,0.000,0.000,16.300
2023-08-21 03:00:00,1.300,0.000,0.000,0.000,15.400
2023-08-21 04:00:00,1.970,0.000,0.000,0.000,15.000
2023-08-21 05:00:00,2.720,16.000,102.200,9.000,15.300
2023-08-21 06:00:00,2.940,104.000,308.500,47.000,17.600
2023-08-21 07:00:00,1.970,151.000,183.700,89.000,19.900
2023-08-21 08:00:00,1.970,337.000,495.100,100.000,21.500
2023-08-21 09:00:00,1.480,448.000,506.200,145.000,22.200
2023-08-21 10:00:00,1.220,536.000,552.900,155.000,23.600
2023-08-21 11:00:00,0.630,584.000,588.700,146.000,24.200
2023-08-21 12:00:00,0.980,562.000,479.300,198.000,24.900
2023-08-21 13:00:00,1.220,577.000,539.100,181.000,25.500
2023-08-21 14:00:00,1.300,572.000,632.100,148.000,25.600
2023-08-21 15:00:00,1.140,401.000,485.500,123.000,25.600
2023-08-21 16:00:00,0.980,327.000,521.600,94.000,25.400
2023-08-21 17:00:00,1.080,197.000,421.000,70.000,25.100
2023-08-21 18:00:00,1.970,81.000,312.500,35.000,23.400
2023-08-21 19:00:00,2.910,6.000,38.200,4.000,20.500
2023-08-21 20:00:00,3.760,0.000,0.000,0.000,19.500
2023-08-21 21:00:00,4.000,0.000,0.000,0.000,19.000
2023-08-21 22:00:00,4.570,0.000,0.000,0.000,17.300
2023-08-21 23:00:00,4.900,0.000,0.000,0.000,16.900
2023-08-22 00:00:00,5.080,0.000,0.000,0.000,16.500
2023-08-22 01:00:00,4.270,0.000,0.000,0.000,16.300
2023-08-22 02:00:00,4.520,0.000,0.000,0.000,16.100
2023-08-22 03:00:00,4.490,0.000,0.000,0.000,16.100
2023-08-22 04:00:00,4.160,0.000,0.000,0.000,15.800
2023-08-22 05:00:00,2.770,12.000,30.000,10.000,16.500
2023-08-22 06:00:00,1.630,85.000,149.200,58.000,17.400
2023-08-22 07:00:00,0.860,196.000,305.500,94.000,19.200
2023-08-22 08:00:00,1.120,254.000,214.700,152.000,20.700
2023-08-22 09:00:00,2.060,418.000,331.100,221.000,22.500
2023-08-22 10:00:00,2.280,426.000,310.700,213.000,23.700
2023-08-22 11:00:00,3.070,571.000,362.000,303.000,24.700
2023-08-22 12:00:00,3.540,543.000,321.600,300.000,25.000
2023-08-22 13:00:00,3.400,365.000,97.200,294.000,24.700
2023-08-22 14:00:00,3.630,351.000,196.500,220.000,24.700
2023-08-22 15:00:00,3.710,408.000,420.700,169.000,24.900
2023-08-22 16:00:00,3.420,385.000,681.000,84.000,25.000
2023-08-22 17:00:00,3.100,232.000,563.000,65.000,24.200
2023-08-22 18:00:00,3.000,88.000,352.100,38.000,22.800
2023-08-22 19:00:00,3.200,6.000,38.200,4.000,20.000
2023-08-22 20:00:00,3.600,0.000,0.000,0.000,18.800
2023-08-22 21:00:00,4.100,0.000,0.000,0.000,17.600
2023-08-22 22:00:00,5.100,0.000,0.000,0.000,16.800
2023-08-22 23:00:00,5.410,0.000,0.000,0.000,16.400
2023-08-23 00:00:00,5.380,0.000,0.000,0.000,16.000
2023-08-23 01:00:00,4.790,0.000,0.000,0.000,15.300
2023-08-23 02:00:00,4.160,0.000,0.000,0.000,14.800
2023-08-23 03:00:00,3.730,0.000,0.000,0.000,14.300
2023-08-23 04:00:00,3.370,0.000,0.000,0.000,13.700
2023-08-23 05:00:00,3.500,14.000,77.300,9.000,13.900
2023-08-23 06:00:00,3.320,111.000,372.800,45.000,15.600
2023-08-23 07:00:00,2.420,252.000,524.000,79.000,17.700
2023-08-23 08:00:00,3.200,371.000,517.500,127.000,19.600
2023-08-23 09:00:00,3.930,488.000,600.200,133.000,21.000
2023-08-23 10:00:00,2.960,515.000,450.200,208.000,22.100
2023-08-23 11:00:00,2.620,624.000,604.100,179.000,23.000
2023-08-23 12:00:00,2.600,645.000,637.200,166.000,23.800
2023-08-23 13:00:00,3.210,598.000,528.600,214.000,24.600
2023-08-23 14:00:00,3.470,433.000,306.500,230.000,24.700
2023-08-23 15:00:00,3.350,417.000,489.700,141.000,25.100
2023-08-23 16:00:00,2.920,266.000,343.100,116.000,25.100
2023-08-23 17:00:00,1.530,176.000,332.600,79.000,24.800
2023-08-23 18:00:00,0.580,69.000,241.300,36.000,24.000
2023-08-23 19:00:00,1.410,4.000,19.100,3.000,20.300
2023-08-23 20:00:00,2.650,0.000,0.000,0.000,18.700
2023-08-23 21:00:00,3.420,0.000,0.000,0.000,17.800
2023-08-23 22:00:00,4.170,0.000,0.000,0.000,17.800
2023-08-23 23:00:00,3.000,0.000,0.000,0.000,16.800
2023-08-24 00:00:00,2.500,0.000,0.000,0.000,15.900
2023-08-24 01:00:00,2.140,0.000,0.000,0.000,15.300
2023-08-24 02:00:00,1.700,0.000,0.000,0.000,14.800
2023-08-24 03:00:00,1.140,0.000,0.000,0.000,14.500
2023-08-24 04:00:00,0.850,0.000,0.000,0.000,14.900
2023-08-24 05:00:00,0.600,13.000,63.700,9.000,14.500
2023-08-24 06:00:00,1.140,67.000,40.400,60.000,15.900
2023-08-24 07:00:00,1.390,200.000,266.600,113.000,17.300
2023-08-24 08:00:00,1.620,300.000,295.000,162.000,18.600
2023-08-24 09:00:00,1.710,509.000,661.700,120.000,20.700
2023-08-24 10:00:00,1.040,618.000,744.600,113.000,24.000
2023-08-24 11:00:00,1.140,665.000,687.700,161.000,25.400
2023-08-24 12:00:00,2.110,669.000,633.800,195.000,26.400
2023-08-24 13:00:00,2.860,647.000,636.800,187.000,27.000
2023-08-24 14:00:00,3.640,529.000,460.600,226.000,27.300
2023-08-24 15:00:00,3.470,459.000,551.000,151.000,27.300
2023-08-24 16:00:00,2.940,296.000,402.500,122.000,26.600
2023-08-24 17:00:00,3.320,114.000,87.300,89.000,25.300
2023-08-24 18:00:00,4.120,32.000,7.600,31.000,24.100
2023-08-24 19:00:00,3.650,1.000,0.000,1.000,23.100
2023-08-24 20:00:00,3.800,0.000,0.000,0.000,22.100
2023-08-24 21:00:00,4.960,0.000,0.000,0.000,21.600
2023-08-24 22:00:00,6.410,0.000,0.000,0.000,20.200
2023-08-24 23:00:00,6.250,0.000,0.000,0.000,19.600
2023-08-25 00:00:00,6.160,0.000,0.000,0.000,19.500
2023-08-25 01:00:00,6.080,0.000,0.000,0.000,19.200
2023-08-25 02:00:00,6.440,0.000,0.000,0.000,18.700
2023-08-25 03:00:00,6.090,0.000,0.000,0.000,18.500
2023-08-25 04:00:00,5.060,0.000,0.000,0.000,18.000
2023-08-25 05:00:00,4.610,10.000,49.300,7.000,17.800
2023-08-25 06:00:00,4.310,71.000,171.400,42.000,19.500
2023-08-25 07:00:00,3.680,205.000,282.100,114.000,20.900
2023-08-25 08:00:00,3.490,302.000,325.300,151.000,22.100
2023-08-25 09:00:00,2.470,419.000,463.900,148.000,22.900
2023-08-25 10:00:00,3.420,404.000,212.000,261.000,23.400
2023-08-25 11:00:00,3.940,288.000,48.000,253.000,23.000
2023-08-25 12:00:00,4.550,304.000,63.200,257.000,22.200
2023-08-25 13:00:00,3.380,388.000,200.500,244.000,21.700
2023-08-25 14:00:00,4.520,226.000,90.300,167.000,21.300
2023-08-25 15:00:00,4.270,235.000,84.800,188.000,22.000
2023-08-25 16:00:00,4.480,207.000,194.200,124.000,22.800
2023-08-25 17:00:00,3.920,160.000,273.600,83.000,22.900
2023-08-25 18:00:00,3.160,33.000,71.300,24.000,21.100
2023-08-25 19:00:00,3.840,2.000,0.000,2.000,20.000
2023-08-25 20:00:00,5.090,0.000,0.000,0.000,19.700
2023-08-25 21:00:00,5.380,0.000,0.000,0.000,19.600
2023-08-25 22:00:00,4.940,0.000,0.000,0.000,19.000
2023-08-25 23:00:00,5.950,0.000,0.000,0.000,18.900
2023-08-26 00:00:00,5.890,0.000,0.000,0.000,18.100
2023-08-26 01:00:00,5.710,0.000,0.000,0.000,17.900
2023-08-26 02:00:00,5.960,0.000,0.000,0.000,17.800
2023-08-26 03:00:00,6.100,0.000,0.000,0.000,17.700
2023-08-26 04:00:00,6.130,0.000,0.000,0.000,18.100
2023-08-26 05:00:00,6.940,3.000,0.000,3.000,18.100
2023-08-26 06:00:00,7.950,13.000,0.000,13.000,18.100
2023-08-26 07:00:00,9.210,161.000,250.900,81.000,17.700
2023-08-26 08:00:00,8.800,315.000,469.100,99.000,17.900
2023-08-26 09:00:00,8.020,488.000,609.800,134.000,18.700
2023-08-26 10:00:00,7.380,585.000,657.400,144.000,18.900
2023-08-26 11:00:00,7.560,622.000,667.400,138.000,19.500
2023-08-26 12:00:00,7.270,578.000,532.500,184.000,20.300
2023-08-26 13:00:00,7.370,485.000,353.000,233.000,20.900
2023-08-26 14:00:00,6.640,347.000,208.000,212.000,21.200
2023-08-26 15:00:00,6.090,244.000,160.100,156.000,21.000
2023-08-26 16:00:00,5.770,265.000,336.100,123.000,21.200
2023-08-26 17:00:00,4.340,191.000,445.300,68.000,20.800
2023-08-26 18:00:00,2.830,70.000,306.300,33.000,18.500
2023-08-26 19:00:00,2.730,2.000,0.000,2.000,15.900
2023-08-26 20:00:00,3.500,0.000,0.000,0.000,15.000
2023-08-26 21:00:00,4.410,0.000,0.000,0.000,14.500
2023-08-26 22:00:00,3.950,0.000,0.000,0.000,14.400
2023-08-26 23:00:00,4.900,0.000,0.000,0.000,14.100
2023-08-27 00:00:00,5.940,0.000,0.000,0.000,13.600
2023-08-27 01:00:00,5.800,0.000,0.000,0.000,13.500
2023-08-27 02:00:00,4.750,0.000,0.000,0.000,13.000
2023-08-27 03:00:00,4.880,0.000,0.000,0.000,12.900
2023-08-27 04:00:00,4.850,0.000,0.000,0.000,12.800
2023-08-27 05:00:00,4.900,7.000,0.000,7.000,12.800
2023-08-27 06:00:00,4.880,62.000,37.200,56.000,13.800
2023-08-27 07:00:00,4.300,141.000,73.000,118.000,15.600
2023-08-27 08:00:00,3.890,311.000,326.200,162.000,17.000
2023-08-27 09:00:00,3.760,317.000,114.400,251.000,17.900
2023-08-27 10:00:00,4.400,427.000,257.900,255.000,19.200
2023-08-27 11:00:00,4.070,511.000,314.700,284.000,19.800
2023-08-27 12:00:00,6.310,519.000,369.600,247.000,20.400
2023-08-27 13:00:00,5.590,341.000,136.700,244.000,18.800
2023-08-27 14:00:00,4.260,398.000,287.000,213.000,18.000
2023-08-27 15:00:00,4.820,217.000,71.600,178.000,18.200
2023-08-27 16:00:00,5.400,210.000,141.300,151.000,18.300
2023-08-27 17:00:00,5.330,123.000,59.100,107.000,16.900
2023-08-27 18:00:00,5.580,41.000,26.000,38.000,16.100
2023-08-27 19:00:00,6.000,2.000,0.000,2.000,15.100
2023-08-27 20:00:00,6.400,0.000,0.000,0.000,14.000
2023-08-27 21:00:00,6.710,0.000,0.000,0.000,13.200
2023-08-27 22:00:00,7.360,0.000,0.000,0.000,12.900
2023-08-27 23:00:00,7.160,0.000,0.000,0.000,12.600
2023-08-28 00:00:00,6.890,0.000,0.000,0.000,12.300
2023-08-28 01:00:00,7.020,0.000,0.000,0.000,12.100
2023-08-28 02:00:00,7.160,0.000,0.000,0.000,11.800
2023-08-28 03:00:00,6.940,0.000,0.000,0.000,11.800
2023-08-28 04:00:00,6.410,0.000,0.000,0.000,11.900
2023-08-28 05:00:00,6.070,7.000,18.200,6.000,12.000
2023-08-28 06:00:00,6.040,85.000,216.000,51.000,12.900
2023-08-28 07:00:00,6.510,164.000,237.800,90.000,14.200
2023-08-28 08:00:00,5.610,288.000,357.700,126.000,15.500
2023-08-28 09:00:00,5.070,371.000,352.500,169.000,16.700
2023-08-28 10:00:00,4.800,420.000,297.000,223.000,17.600
2023-08-28 11:00:00,3.470,434.000,281.600,232.000,18.400
2023-08-28 12:00:00,2.910,352.000,131.200,256.000,19.000
2023-08-28 13:00:00,2.280,335.000,117.700,252.000,19.500
2023-08-28 14:00:00,2.610,390.000,231.300,242.000,20.200
2023-08-28 15:00:00,2.780,266.000,144.500,188.000,20.200
2023-08-28 16:00:00,3.140,187.000,143.100,128.000,20.100
2023-08-28 17:00:00,2.020,123.000,139.300,86.000,19.500
2023-08-28 18:00:00,2.970,44.000,118.400,31.000,18.200
2023-08-28 19:00:00,4.770,1.000,0.000,1.000,16.400
2023-08-28 20:00:00,4.050,0.000,0.000,0.000,15.500
2023-08-28 21:00:00,4.120,0.000,0.000,0.000,14.900
2023-08-28 22:00:00,5.430,0.000,0.000,0.000,13.600
2023-08-28 23:00:00,4.600,0.000,0.000,0.000,13.400
2023-08-29 00:00:00,5.500,0.000,0.000,0.000,12.700
2023-08-29 01:00:00,4.330,0.000,0.000,0.000,12.000
2023-08-29 02:00:00,3.550,0.000,0.000,0.000,11.700
2023-08-29 03:00:00,3.710,0.000,0.000,0.000,11.700
2023-08-29 04:00:00,3.730,0.000,0.000,0.000,11.500
2023-08-29 05:00:00,3.930,6.000,0.000,6.000,11.500
2023-08-29 06:00:00,4.270,65.000,45.600,58.000,12.000
2023-08-29 07:00:00,2.820,142.000,55.300,125.000,13.000
2023-08-29 08:00:00,2.530,185.000,49.000,163.000,14.200
2023-08-29 09:00:00,2.340,266.000,65.000,229.000,15.400
2023-08-29 10:00:00,2.550,363.000,121.300,283.000,17.100
2023-08-29 11:00:00,2.730,497.000,305.600,279.000,18.300
2023-08-29 12:00:00,2.390,527.000,472.900,183.000,19.000
2023-08-29 13:00:00,2.860,548.000,525.100,180.000,19.800
2023-08-29 14:00:00,2.460,469.000,494.300,155.000,20.200
2023-08-29 15:00:00,3.450,311.000,299.100,151.000,20.200
2023-08-29 16:00:00,3.740,259.000,346.400,118.000,20.200
2023-08-29 17:00:00,3.080,142.000,257.600,75.000,19.500
2023-08-29 18:00:00,3.640,52.000,206.300,30.000,17.600
2023-08-29 19:00:00,4.080,1.000,0.000,1.000,15.500
2023-08-29 20:00:00,3.500,0.000,0.000,0.000,14.700
2023-08-29 21:00:00,3.130,0.000,0.000,0.000,13.800
2023-08-29 22:00:00,2.690,0.000,0.000,0.000,13.600
2023-08-29 23:00:00,2.640,0.000,0.000,0.000,13.400
2023-08-30 00:00:00,3.040,0.000,0.000,0.000,12.600
2023-08-30 01:00:00,2.720,0.000,0.000,0.000,12.200
2023-08-30 02:00:00,2.820,0.000,0.000,0.000,12.000
2023-08-30 03:00:00,4.100,0.000,0.000,0.000,11.600
2023-08-30 04:00:00,4.440,0.000,0.000,0.000,11.600
2023-08-30 05:00:00,4.190,6.000,38.200,4.000,11.900
2023-08-30 06:00:00,4.170,72.000,247.800,35.000,12.800
2023-08-30 07:00:00,3.400,192.000,349.400,86.000,14.400
2023-08-30 08:00:00,3.540,335.000,532.300,98.000,15.800
2023-08-30 09:00:00,3.400,459.000,599.700,120.000,17.300
2023-08-30 10:00:00,3.020,575.000,683.600,127.000,18.800
2023-08-30 11:00:00,3.280,560.000,606.300,130.000,19.300
2023-08-30 12:00:00,3.140,528.000,490.900,173.000,19.600
2023-08-30 13:00:00,3.050,447.000,417.900,156.000,19.800
2023-08-30 14:00:00,2.690,337.000,353.800,114.000,19.400
2023-08-30 15:00:00,3.600,336.000,411.400,118.000,19.100
2023-08-30 16:00:00,3.100,231.000,348.500,91.000,18.300
2023-08-30 17:00:00,4.520,108.000,196.400,58.000,17.000
2023-08-30 18:00:00,5.820,23.000,19.200,21.000,15.300
2023-08-30 19:00:00,6.010,0.000,0.000,0.000,14.800
2023-08-30 20:00:00,6.620,0.000,0.000,0.000,14.100
2023-08-30 21:00:00,6.540,0.000,0.000,0.000,13.700
2023-08-30 22:00:00,5.580,0.000,0.000,0.000,13.000
2023-08-30 23:00:00,6.220,0.000,0.000,0.000,12.900
2023-08-31 00:00:00,7.020,0.000,0.000,0.000,12.600
2023-08-31 01:00:00,7.240,0.000,0.000,0.000,12.100
2023-08-31 02:00:00,6.890,0.000,0.000,0.000,11.700
2023-08-31 03:00:00,6.750,0.000,0.000,0.000,11.400
2023-08-31 04:00:00,6.590,0.000,0.000,0.000,11.200
2023-08-31 05:00:00,6.800,5.000,19.100,4.000,11.000
2023-08-31 06:00:00,6.840,80.000,289.200,38.000,11.800
2023-08-31 07:00:00,7.060,214.000,437.600,83.000,13.000
2023-08-31 08:00:00,7.210,301.000,410.100,120.000,13.900
2023-08-31 09:00:00,7.050,331.000,270.800,179.000,14.800
2023-08-31 10:00:00,7.930,263.000,118.200,186.000,14.900
2023-08-31 11:00:00,6.710,337.000,231.200,174.000,15.100
2023-08-31 12:00:00,7.110,442.000,393.700,159.000,15.500
2023-08-31 13:00:00,7.340,543.000,477.100,213.000,16.100
2023-08-31 14:00:00,7.470,428.000,372.500,195.000,15.700
2023-08-31 15:00:00,6.480,329.000,301.100,171.000,16.400
2023-08-31 16:00:00,7.160,187.000,186.700,113.000,14.500
2023-08-31 17:00:00,7.500,112.000,168.700,70.000,14.300
2023-08-31 18:00:00,6.550,36.000,128.600,23.000,13.700
2023-08-31 19:00:00,6.360,0.000,0.000,0.000,12.900
2023-08-31 20:00:00,6.280,0.000,0.000,0.000,12.500
2023-08-31 21:00:00,6.400,0.000,0.000,0.000,12.100
2023-08-31 22:00:00,7.110,0.000,0.000,0.000,11.400
2023-08-31 23:00:00,6.350,0.000,0.000,0.000,11.300
2023-09-01 00:00:00,6.130,0.000,0.000,0.000,10.800
2023-09-01 01:00:00,5.550,0.000,0.000,0.000,10.400
2023-09-01 02:00:00,5.860,0.000,0.000,0.000,9.900
2023-09-01 03:00:00,6.020,0.000,0.000,0.000,9.700
2023-09-01 04:00:00,5.340,0.000,0.000,0.000,9.700
2023-09-01 05:00:00,4.810,5.000,19.100,4.000,9.400
2023-09-01 06:00:00,4.700,80.000,248.000,45.000,10.900
2023-09-01 07:00:00,3.300,192.000,277.600,110.000,13.200
2023-09-01 08:00:00,2.520,343.000,493.900,127.000,15.400
2023-09-01 09:00:00,2.300,467.000,550.800,160.000,16.800
2023-09-01 10:00:00,3.310,506.000,479.000,196.000,17.900
2023-09-01 11:00:00,2.970,510.000,382.400,242.000,18.500
2023-09-01 12:00:00,2.500,331.000,142.800,229.000,18.800
2023-09-01 13:00:00,1.780,209.000,16.000,198.000,18.800
2023-09-01 14:00:00,0.760,189.000,3.200,187.000,19.000
2023-09-01 15:00:00,0.850,145.000,3.800,143.000,19.100
2023-09-01 16:00:00,0.610,131.000,0.000,131.000,19.100
2023-09-01 17:00:00,0.420,83.000,8.200,81.000,18.700
2023-09-01 18:00:00,0.670,29.000,20.400,27.000,17.500
2023-09-01 19:00:00,0.500,0.000,0.000,0.000,15.900
2023-09-01 20:00:00,0.200,0.000,0.000,0.000,15.600
2023-09-01 21:00:00,0.570,0.000,0.000,0.000,15.500
2023-09-01 22:00:00,0.910,0.000,0.000,0.000,15.500
2023-09-01 23:00:00,0.710,0.000,0.000,0.000,15.200
2023-09-02 00:00:00,0.500,0.000,0.000,0.000,13.900
2023-09-02 01:00:00,0.280,0.000,0.000,0.000,12.300
2023-09-02 02:00:00,0.450,0.000,0.000,0.000,12.300
2023-09-02 03:00:00,0.510,0.000,0.000,0.000,12.000
2023-09-02 04:00:00,0.320,0.000,0.000,0.000,12.200
2023-09-02 05:00:00,0.140,2.000,0.000,2.000,12.400
2023-09-02 06:00:00,0.730,45.000,43.800,39.000,13.100
2023-09-02 07:00:00,1.170,112.000,68.600,92.000,14.800
2023-09-02 08:00:00,0.920,222.000,180.000,144.000,16.700
2023-09-02 09:00:00,1.100,346.000,347.000,154.000,18.000
2023-09-02 10:00:00,1.300,429.000,421.400,158.000,19.100
2023-09-02 11:00:00,1.630,435.000,361.800,183.000,19.800
2023-09-02 12:00:00,2.060,430.000,307.100,212.000,20.400
2023-09-02 13:00:00,2.300,329.000,288.800,132.000,20.800
2023-09-02 14:00:00,1.780,351.000,337.900,143.000,21.200
2023-09-02 15:00:00,0.570,281.000,305.300,124.000,21.200
2023-09-02 16:00:00,0.920,202.000,314.000,81.000,21.300
2023-09-02 17:00:00,1.800,103.000,214.700,52.000,20.900
2023-09-02 18:00:00,2.690,30.000,125.800,18.000,19.400
2023-09-02 19:00:00,2.720,0.000,0.000,0.000,17.700
2023-09-02 20:00:00,2.880,0.000,0.000,0.000,16.700
2023-09-02 21:00:00,3.980,0.000,0.000,0.000,15.300
2023-09-02 22:00:00,5.550,0.000,0.000,0.000,15.200
2023-09-02 23:00:00,5.300,0.000,0.000,0.000,14.900
2023-09-03 00:00:00,4.610,0.000,0.000,0.000,14.600
2023-09-03 01:00:00,4.270,0.000,0.000,0.000,13.600
2023-09-03 02:00:00,3.960,0.000,0.000,0.000,13.000
2023-09-03 03:00:00,3.220,0.000,0.000,0.000,12.400
2023-09-03 04:00:00,3.520,0.000,0.000,0.000,11.900
2023-09-03 05:00:00,4.050,4.000,0.000,4.000,11.700
2023-09-03 06:00:00,2.720,75.000,248.400,42.000,12.500
2023-09-03 07:00:00,2.580,170.000,226.200,105.000,14.500
2023-09-03 08:00:00,2.830,261.000,202.600,174.000,16.400
2023-09-03 09:00:00,2.200,366.000,287.600,208.000,17.700
2023-09-03 10:00:00,2.260,471.000,488.300,159.000,18.500
2023-09-03 11:00:00,2.850,550.000,466.700,227.000,19.500
2023-09-03 12:00:00,3.360,536.000,484.900,194.000,20.200
2023-09-03 13:00:00,3.660,536.000,565.400,153.000,20.800
2023-09-03 14:00:00,3.110,503.000,570.100,155.000,21.000
2023-09-03 15:00:00,2.700,397.000,534.500,125.000,20.900
2023-09-03 16:00:00,2.820,281.000,429.200,118.000,20.600
2023-09-03 17:00:00,2.240,127.000,142.400,94.000,19.900
2023-09-03 18:00:00,2.200,32.000,43.200,28.000,17.900
2023-09-03 19:00:00,1.980,0.000,0.000,0.000,15.800
2023-09-03 20:00:00,1.700,0.000,0.000,0.000,15.100
2023-09-03 21:00:00,1.240,0.000,0.000,0.000,14.400
2023-09-03 22:00:00,1.060,0.000,0.000,0.000,14.600
2023-09-03 23:00:00,0.580,0.000,0.000,0.000,13.600
2023-09-04 00:00:00,0.610,0.000,0.000,0.000,12.900
2023-09-04 01:00:00,0.890,0.000,0.000,0.000,11.800
2023-09-04 02:00:00,1.400,0.000,0.000,0.000,10.700
2023-09-04 03:00:00,2.100,0.000,0.000,0.000,10.000
2023-09-04 04:00:00,2.770,0.000,0.000,0.000,9.600
2023-09-04 05:00:00,2.820,3.000,19.100,2.000,9.600
2023-09-04 06:00:00,3.050,78.000,326.400,36.000,11.500
2023-09-04 07:00:00,3.110,217.000,526.100,68.000,15.200
2023-09-04 08:00:00,2.480,368.000,663.100,86.000,18.000
2023-09-04 09:00:00,2.910,502.000,741.000,98.000,19.800
2023-09-04 10:00:00,2.900,605.000,784.600,107.000,21.400
2023-09-04 11:00:00,2.760,666.000,807.000,111.000,22.500
2023-09-04 12:00:00,2.780,681.000,812.100,112.000,23.300
2023-09-04 13:00:00,3.140,648.000,800.000,110.000,24.100
2023-09-04 14:00:00,3.450,569.000,769.900,103.000,24.600
2023-09-04 15:00:00,3.770,453.000,715.000,93.000,24.900
2023-09-04 16:00:00,3.880,311.000,622.800,78.000,24.600
2023-09-04 17:00:00,4.390,161.000,464.900,56.000,23.700
2023-09-04 18:00:00,5.240,37.000,201.000,19.000,21.000
2023-09-04 19:00:00,5.510,0.000,0.000,0.000,18.800
2023-09-04 20:00:00,5.800,0.000,0.000,0.000,17.500
2023-09-04 21:00:00,6.260,0.000,0.000,0.000,16.600
2023-09-04 22:00:00,7.070,0.000,0.000,0.000,16.200
2023-09-04 23:00:00,7.380,0.000,0.000,0.000,16.000
2023-09-05 00:00:00,7.220,0.000,0.000,0.000,15.600
2023-09-05 01:00:00,6.460,0.000,0.000,0.000,15.000
2023-09-05 02:00:00,5.330,0.000,0.000,0.000,14.000
2023-09-05 03:00:00,4.800,0.000,0.000,0.000,13.400
2023-09-05 04:00:00,4.830,0.000,0.000,0.000,13.100
2023-09-05 05:00:00,4.750,3.000,0.000,3.000,13.000
2023-09-05 06:00:00,4.710,73.000,321.300,33.000,15.300
2023-09-05 07:00:00,4.150,208.000,512.300,65.000,18.300
2023-09-05 08:00:00,3.300,353.000,636.300,85.000,21.100
2023-09-05 09:00:00,3.180,485.000,717.200,97.000,23.300
2023-09-05 10:00:00,3.160,585.000,751.900,111.000,25.300
2023-09-05 11:00:00,3.160,647.000,785.900,110.000,26.800
2023-09-05 12:00:00,3.070,662.000,793.200,110.000,28.000
2023-09-05 13:00:00,3.070,629.000,781.900,107.000,28.800
2023-09-05 14:00:00,2.820,552.000,751.600,101.000,29.200
2023-09-05 15:00:00,2.550,438.000,694.700,92.000,29.500
2023-09-05 16:00:00,2.750,298.000,602.600,76.000,29.100
2023-09-05 17:00:00,3.690,152.000,445.500,54.000,28.300
2023-09-05 18:00:00,4.880,33.000,184.700,17.000,24.300
2023-09-05 19:00:00,5.660,0.000,0.000,0.000,21.700
2023-09-05 20:00:00,5.720,0.000,0.000,0.000,20.700
2023-09-05 21:00:00,5.570,0.000,0.000,0.000,19.600
2023-09-05 22:00:00,5.390,0.000,0.000,0.000,18.500
2023-09-05 23:00:00,5.220,0.000,0.000,0.000,17.700
2023-09-06 00:00:00,4.650,0.000,0.000,0.000,16.800
2023-09-06 01:00:00,3.550,0.000,0.000,0.000,15.900
2023-09-06 02:00:00,2.830,0.000,0.000,0.000,15.000
2023-09-06 03:00:00,2.560,0.000,0.000,0.000,14.400
2023-09-06 04:00:00,2.620,0.000,0.000,0.000,13.700
2023-09-06 05:00:00,3.000,2.000,0.000,2.000,13.600
2023-09-06 06:00:00,3.330,70.000,315.900,32.000,15.800
2023-09-06 07:00:00,3.020,206.000,520.000,63.000,19.300
2023-09-06 08:00:00,1.920,354.000,649.800,83.000,22.200
2023-09-06 09:00:00,2.100,487.000,728.400,96.000,24.700
2023-09-06 10:00:00,2.730,589.000,774.700,104.000,26.700
2023-09-06 11:00:00,3.000,650.000,797.100,109.000,28.100
2023-09-06 12:00:00,3.010,665.000,802.900,110.000,29.000
2023-09-06 13:00:00,3.260,632.000,792.400,107.000,29.700
2023-09-06 14:00:00,3.710,554.000,761.600,101.000,30.100
2023-09-06 15:00:00,4.100,439.000,706.600,91.000,30.100
2023-09-06 16:00:00,4.360,299.000,612.200,77.000,29.500
2023-09-06 17:00:00,5.360,151.000,453.200,54.000,28.200
2023-09-06 18:00:00,6.320,31.000,179.400,16.000,25.200
2023-09-06 19:00:00,6.770,0.000,0.000,0.000,22.700
2023-09-06 20:00:00,6.840,0.000,0.000,0.000,21.200
2023-09-06 21:00:00,6.800,0.000,0.000,0.000,20.000
2023-09-06 22:00:00,6.860,0.000,0.000,0.000,18.700
2023-09-06 23:00:00,6.630,0.000,0.000,0.000,17.700
2023-09-07 00:00:00,6.360,0.000,0.000,0.000,16.800
2023-09-07 01:00:00,6.410,0.000,0.000,0.000,16.100
2023-09-07 02:00:00,6.540,0.000,0.000,0.000,15.500
2023-09-07 03:00:00,6.540,0.000,0.000,0.000,15.100
2023-09-07 04:00:00,6.500,0.000,0.000,0.000,14.600
2023-09-07 05:00:00,6.390,2.000,0.000,2.000,14.200
2023-09-07 06:00:00,6.260,69.000,327.400,31.000,15.800
2023-09-07 07:00:00,5.820,206.000,524.300,64.000,18.600
2023-09-07 08:00:00,4.960,355.000,658.800,83.000,21.400
2023-09-07 09:00:00,5.060,489.000,736.000,97.000,23.500
2023-09-07 10:00:00,5.280,591.000,781.700,105.000,25.600
2023-09-07 11:00:00,5.510,652.000,803.900,110.000,26.900
2023-09-07 12:00:00,5.630,666.000,810.000,110.000,28.000
2023-09-07 13:00:00,5.940,632.000,796.900,108.000,28.500
2023-09-07 14:00:00,6.450,553.000,765.000,102.000,28.900
2023-09-07 15:00:00,6.650,437.000,708.500,92.000,28.900
2023-09-07 16:00:00,6.430,295.000,613.700,76.000,28.500
2023-09-07 17:00:00,6.920,146.000,451.900,52.000,27.300
2023-09-07 18:00:00,7.430,28.000,161.200,15.000,24.400
2023-09-07 19:00:00,7.710,0.000,0.000,0.000,22.300
2023-09-07 20:00:00,7.840,0.000,0.000,0.000,21.100
2023-09-07 21:00:00,7.660,0.000,0.000,0.000,20.400
2023-09-07 22:00:00,7.960,0.000,0.000,0.000,19.200
2023-09-07 23:00:00,7.700,0.000,0.000,0.000,18.300
2023-09-08 00:00:00,7.240,0.000,0.000,0.000,17.300
2023-09-08 01:00:00,6.820,0.000,0.000,0.000,16.700
2023-09-08 02:00:00,6.300,0.000,0.000,0.000,15.500
2023-09-08 03:00:00,5.800,0.000,0.000,0.000,14.700
2023-09-08 04:00:00,5.560,0.000,0.000,0.000,13.900
2023-09-08 05:00:00,5.480,1.000,0.000,1.000,13.800
2023-09-08 06:00:00,5.330,67.000,322.000,31.000,15.400
2023-09-08 07:00:00,4.560,204.000,528.800,63.000,18.400
2023-09-08 08:00:00,3.580,354.000,663.100,83.000,21.300
2023-09-08 09:00:00,3.500,488.000,742.000,96.000,23.700
2023-09-08 10:00:00,3.560,590.000,787.300,104.000,26.100
2023-09-08 11:00:00,3.820,651.000,810.900,108.000,27.800
2023-09-08 12:00:00,4.110,665.000,815.800,109.000,28.900
2023-09-08 13:00:00,4.120,631.000,803.100,107.000,29.700
2023-09-08 14:00:00,3.910,552.000,772.100,101.000,30.100
2023-09-08 15:00:00,4.040,434.000,714.700,90.000,30.000
2023-09-08 16:00:00,4.100,291.000,615.400,75.000,29.500
2023-09-08 17:00:00,4.920,142.000,450.500,51.000,28.200
2023-09-08 18:00:00,5.560,25.000,154.600,13.000,24.400
2023-09-08 19:00:00,5.880,0.000,0.000,0.000,21.300
2023-09-08 20:00:00,5.950,0.000,0.000,0.000,19.500
2023-09-08 21:00:00,5.840,0.000,0.000,0.000,18.500
2023-09-08 22:00:00,5.550,0.000,0.000,0.000,17.600
2023-09-08 23:00:00,5.200,0.000,0.000,0.000,16.700
2023-09-09 00:00:00,4.630,0.000,0.000,0.000,15.800
2023-09-09 01:00:00,4.120,0.000,0.000,0.000,15.000
2023-09-09 02:00:00,3.800,0.000,0.000,0.000,14.100
2023-09-09 03:00:00,3.820,0.000,0.000,0.000,13.700
2023-09-09 04:00:00,3.950,0.000,0.000,0.000,13.400
2023-09-09 05:00:00,3.850,1.000,0.000,1.000,13.400
2023-09-09 06:00:00,3.960,63.000,311.500,29.000,14.900
2023-09-09 07:00:00,3.570,198.000,518.300,62.000,18.400
2023-09-09 08:00:00,2.260,347.000,652.700,83.000,21.300
2023-09-09 09:00:00,1.840,480.000,732.800,96.000,24.300
2023-09-09 10:00:00,1.840,582.000,779.900,104.000,26.900
2023-09-09 11:00:00,1.970,642.000,801.600,109.000,28.500
2023-09-09 12:00:00,2.020,655.000,805.400,110.000,29.400
2023-09-09 13:00:00,2.080,621.000,792.500,108.000,30.000
2023-09-09 14:00:00,2.060,542.000,763.700,100.000,30.200
2023-09-09 15:00:00,1.840,425.000,704.200,90.000,30.200
2023-09-09 16:00:00,1.770,283.000,602.700,75.000,29.800
2023-09-09 17:00:00,1.530,135.000,433.700,50.000,28.000
2023-09-09 18:00:00,1.340,22.000,134.100,12.000,25.100
2023-09-09 19:00:00,1.130,0.000,0.000,0.000,21.500
2023-09-09 20:00:00,1.300,0.000,0.000,0.000,19.000
2023-09-09 21:00:00,1.940,0.000,0.000,0.000,18.200
2023-09-09 22:00:00,3.500,0.000,0.000,0.000,16.800
2023-09-09 23:00:00,4.110,0.000,0.000,0.000,16.400
2023-09-10 00:00:00,4.220,0.000,0.000,0.000,16.200
2023-09-10 01:00:00,4.000,0.000,0.000,0.000,15.700
2023-09-10 02:00:00,3.640,0.000,0.000,0.000,15.100
2023-09-10 03:00:00,3.220,0.000,0.000,0.000,14.700
2023-09-10 04:00:00,2.870,0.000,0.000,0.000,14.400
2023-09-10 05:00:00,2.970,1.000,0.000,1.000,14.300
2023-09-10 06:00:00,3.230,58.000,280.200,28.000,15.200
2023-09-10 07:00:00,2.470,187.000,476.400,64.000,17.700
2023-09-10 08:00:00,1.550,318.000,542.200,101.000,20.200
2023-09-10 09:00:00,1.580,457.000,685.000,101.000,22.300
2023-09-10 10:00:00,1.520,563.000,751.200,106.000,24.600
2023-09-10 11:00:00,1.680,624.000,780.000,109.000,25.800
2023-09-10 12:00:00,1.770,637.000,783.000,111.000,26.900
2023-09-10 13:00:00,1.800,603.000,770.900,108.000,27.700
2023-09-10 14:00:00,1.890,525.000,739.600,101.000,28.000
2023-09-10 15:00:00,1.910,408.000,674.400,91.000,28.200
2023-09-10 16:00:00,1.780,269.000,574.800,74.000,27.600
2023-09-10 17:00:00,2.200,126.000,405.400,49.000,26.000
2023-09-10 18:00:00,2.770,19.000,97.800,12.000,22.400
2023-09-10 19:00:00,3.320,0.000,0.000,0.000,19.900
2023-09-10 20:00:00,3.670,0.000,0.000,0.000,18.600
2023-09-10 21:00:00,4.110,0.000,0.000,0.000,17.600
2023-09-10 22:00:00,3.300,0.000,0.000,0.000,16.800
2023-09-10 23:00:00,3.440,0.000,0.000,0.000,16.200
2023-09-11 00:00:00,3.670,0.000,0.000,0.000,15.700
2023-09-11 01:00:00,3.960,0.000,0.000,0.000,15.400
2023-09-11 02:00:00,3.910,0.000,0.000,0.000,15.100
2023-09-11 03:00:00,3.770,0.000,0.000,0.000,14.900
2023-09-11 04:00:00,3.810,0.000,0.000,0.000,14.500
2023-09-11 05:00:00,3.720,0.000,0.000,0.000,14.200
2023-09-11 06:00:00,4.120,55.000,266.800,27.000,15.600
2023-09-11 07:00:00,3.710,186.000,488.300,62.000,18.700
2023-09-11 08:00:00,2.500,331.000,633.900,80.000,21.600
2023-09-11 09:00:00,2.320,461.000,712.200,94.000,24.200
2023-09-11 10:00:00,2.140,559.000,755.100,103.000,26.700
2023-09-11 11:00:00,2.330,617.000,776.500,108.000,28.200
2023-09-11 12:00:00,2.500,628.000,776.800,110.000,29.200
2023-09-11 13:00:00,2.330,592.000,756.800,110.000,30.000
2023-09-11 14:00:00,2.390,513.000,723.800,102.000,30.300
2023-09-11 15:00:00,2.420,392.000,633.200,98.000,30.400
2023-09-11 16:00:00,1.930,259.000,555.000,74.000,29.900
2023-09-11 17:00:00,1.660,116.000,359.000,50.000,28.700
2023-09-11 18:00:00,1.630,15.000,58.400,11.000,25.000
2023-09-11 19:00:00,1.840,0.000,0.000,0.000,23.200
2023-09-11 20:00:00,2.310,0.000,0.000,0.000,21.800
2023-09-11 21:00:00,2.610,0.000,0.000,0.000,21.100
2023-09-11 22:00:00,2.630,0.000,0.000,0.000,19.900
2023-09-11 23:00:00,2.660,0.000,0.000,0.000,19.800
2023-09-12 00:00:00,2.750,0.000,0.000,0.000,19.500
2023-09-12 01:00:00,4.240,0.000,0.000,0.000,19.200
2023-09-12 02:00:00,4.380,0.000,0.000,0.000,18.700
2023-09-12 03:00:00,4.180,0.000,0.000,0.000,18.400
2023-09-12 04:00:00,3.380,0.000,0.000,0.000,18.200
2023-09-12 05:00:00,1.970,0.000,0.000,0.000,18.100
2023-09-12 06:00:00,1.120,32.000,9.700,31.000,18.400
2023-09-12 07:00:00,2.220,76.000,32.000,68.000,19.000
2023-09-12 08:00:00,2.430,138.000,46.000,120.000,19.400
2023-09-12 09:00:00,0.890,116.000,3.900,114.000,19.900
2023-09-12 10:00:00,1.200,136.000,0.000,136.000,19.000
2023-09-12 11:00:00,2.040,302.000,110.600,230.000,20.200
2023-09-12 12:00:00,1.500,345.000,117.900,267.000,20.600
2023-09-12 13:00:00,1.040,262.000,64.900,221.000,20.600
2023-09-12 14:00:00,0.410,244.000,76.500,201.000,21.100
2023-09-12 15:00:00,1.320,299.000,296.600,163.000,21.800
2023-09-12 16:00:00,1.700,227.000,403.200,95.000,21.900
2023-09-12 17:00:00,1.460,92.000,191.300,58.000,21.100
2023-09-12 18:00:00,1.780,10.000,15.300,9.000,20.000
2023-09-12 19:00:00,2.900,0.000,0.000,0.000,19.600
2023-09-12 20:00:00,4.120,0.000,0.000,0.000,19.200
2023-09-12 21:00:00,3.680,0.000,0.000,0.000,18.300
2023-09-12 22:00:00,1.300,0.000,0.000,0.000,17.400
2023-09-12 23:00:00,2.420,0.000,0.000,0.000,17.200
2023-09-13 00:00:00,3.100,0.000,0.000,0.000,17.100
2023-09-13 01:00:00,2.270,0.000,0.000,0.000,17.100
2023-09-13 02:00:00,2.100,0.000,0.000,0.000,17.200
2023-09-13 03:00:00,4.150,0.000,0.000,0.000,17.200
2023-09-13 04:00:00,5.010,0.000,0.000,0.000,17.100
2023-09-13 05:00:00,5.520,0.000,0.000,0.000,17.000
2023-09-13 06:00:00,5.720,15.000,19.900,13.000,17.100
2023-09-13 07:00:00,5.900,24.000,0.000,24.000,17.800
2023-09-13 08:00:00,5.420,56.000,0.000,56.000,18.600
2023-09-13 09:00:00,5.070,68.000,0.000,68.000,19.000
2023-09-13 10:00:00,4.300,60.000,0.000,60.000,17.400
2023-09-13 11:00:00,4.430,72.000,1.500,71.000,17.300
2023-09-13 12:00:00,6.110,102.000,19.800,89.000,16.700
2023-09-13 13:00:00,7.170,75.000,1.600,74.000,16.100
2023-09-13 14:00:00,6.550,81.000,0.000,81.000,15.400
2023-09-13 15:00:00,5.850,44.000,2.200,43.000,14.900
2023-09-13 16:00:00,5.260,72.000,65.300,51.000,15.000
2023-09-13 17:00:00,4.810,55.000,145.600,30.000,14.800
2023-09-13 18:00:00,4.950,10.000,64.100,6.000,13.500
2023-09-13 19:00:00,4.880,0.000,0.000,0.000,12.000
2023-09-13 20:00:00,4.830,0.000,0.000,0.000,11.500
2023-09-13 21:00:00,5.120,0.000,0.000,0.000,10.900
2023-09-13 22:00:00,5.520,0.000,0.000,0.000,10.100
2023-09-13 23:00:00,4.500,0.000,0.000,0.000,9.500
2023-09-14 00:00:00,4.700,0.000,0.000,0.000,9.100
2023-09-14 01:00:00,4.720,0.000,0.000,0.000,8.800
2023-09-14 02:00:00,4.740,0.000,0.000,0.000,8.200
2023-09-14 03:00:00,4.610,0.000,0.000,0.000,7.600
2023-09-14 04:00:00,4.160,0.000,0.000,0.000,6.700
2023-09-14 05:00:00,3.810,0.000,0.000,0.000,6.200
2023-09-14 06:00:00,3.610,48.000,253.600,23.000,7.900
2023-09-14 07:00:00,2.910,175.000,456.300,65.000,10.500
2023-09-14 08:00:00,2.280,314.000,584.900,90.000,12.800
2023-09-14 09:00:00,2.050,455.000,717.100,95.000,14.900
2023-09-14 10:00:00,1.700,550.000,740.500,113.000,16.200
2023-09-14 11:00:00,1.000,573.000,675.300,140.000,16.900
2023-09-14 12:00:00,1.390,608.000,742.600,124.000,17.700
2023-09-14 13:00:00,1.340,546.000,700.300,111.000,18.000
2023-09-14 14:00:00,1.020,485.000,634.800,135.000,18.300
2023-09-14 15:00:00,0.940,359.000,527.800,123.000,18.100
2023-09-14 16:00:00,0.920,231.000,462.700,85.000,17.900
2023-09-14 17:00:00,0.720,101.000,301.800,51.000,17.200
2023-09-14 18:00:00,1.100,11.000,67.400,7.000,14.700
2023-09-14 19:00:00,1.220,0.000,0.000,0.000,12.900
2023-09-14 20:00:00,1.350,0.000,0.000,0.000,11.300
2023-09-14 21:00:00,1.800,0.000,0.000,0.000,10.400
2023-09-14 22:00:00,3.490,0.000,0.000,0.000,9.500
2023-09-14 23:00:00,4.070,0.000,0.000,0.000,9.000
2023-09-15 00:00:00,4.250,0.000,0.000,0.000,8.800
2023-09-15 01:00:00,4.480,0.000,0.000,0.000,8.900
2023-09-15 02:00:00,5.110,0.000,0.000,0.000,8.400
2023-09-15 03:00:00,5.330,0.000,0.000,0.000,8.600
2023-09-15 04:00:00,5.330,0.000,0.000,0.000,8.400
2023-09-15 05:00:00,5.660,0.000,0.000,0.000,8.600
2023-09-15 06:00:00,5.580,42.000,207.400,22.000,9.500
2023-09-15 07:00:00,5.410,163.000,435.000,60.000,12.300
2023-09-15 08:00:00,4.440,293.000,541.400,88.000,15.000
2023-09-15 09:00:00,4.470,428.000,651.200,104.000,17.100
2023-09-15 10:00:00,4.520,529.000,710.500,113.000,19.100
2023-09-15 11:00:00,4.830,605.000,773.100,113.000,20.200
2023-09-15 12:00:00,5.060,617.000,780.900,112.000,21.100
2023-09-15 13:00:00,5.230,580.000,769.700,106.000,21.700
2023-09-15 14:00:00,4.890,467.000,665.100,104.000,22.000
2023-09-15 15:00:00,4.920,343.000,532.400,108.000,22.200
2023-09-15 16:00:00,4.970,167.000,232.500,95.000,21.800
2023-09-15 17:00:00,5.440,64.000,137.900,42.000,21.000
2023-09-15 18:00:00,6.240,7.000,35.500,5.000,18.700
2023-09-15 19:00:00,6.740,0.000,0.000,0.000,17.500
2023-09-15 20:00:00,7.210,0.000,0.000,0.000,16.500
2023-09-15 21:00:00,7.210,0.000,0.000,0.000,15.900
2023-09-15 22:00:00,7.120,0.000,0.000,0.000,14.500
2023-09-15 23:00:00,6.890,0.000,0.000,0.000,14.100
2023-09-16 00:00:00,6.750,0.000,0.000,0.000,13.500
2023-09-16 01:00:00,6.330,0.000,0.000,0.000,13.100
2023-09-16 02:00:00,6.140,0.000,0.000,0.000,12.700
2023-09-16 03:00:00,5.950,0.000,0.000,0.000,12.300
2023-09-16 04:00:00,5.870,0.000,0.000,0.000,12.200
2023-09-16 05:00:00,5.950,0.000,0.000,0.000,12.000
2023-09-16 06:00:00,5.700,41.000,212.100,21.000,12.700
2023-09-16 07:00:00,5.080,155.000,400.100,62.000,14.700
2023-09-16 08:00:00,4.000,306.000,603.900,80.000,17.200
2023-09-16 09:00:00,3.640,434.000,683.500,97.000,19.500
2023-09-16 10:00:00,3.440,524.000,711.100,111.000,21.800
2023-09-16 11:00:00,3.580,570.000,707.900,123.000,23.300
2023-09-16 12:00:00,3.550,588.000,745.000,110.000,24.300
2023-09-16 13:00:00,3.120,554.000,730.600,108.000,24.900
2023-09-16 14:00:00,2.980,470.000,672.000,107.000,25.200
2023-09-16 15:00:00,3.180,358.000,617.600,89.000,25.100
2023-09-16 16:00:00,3.110,225.000,517.100,68.000,24.400
2023-09-16 17:00:00,3.700,93.000,338.900,41.000,22.600
2023-09-16 18:00:00,4.490,7.000,37.600,5.000,19.700
2023-09-16 19:00:00,5.070,0.000,0.000,0.000,18.400
2023-09-16 20:00:00,5.140,0.000,0.000,0.000,17.500
2023-09-16 21:00:00,4.850,0.000,0.000,0.000,16.500
2023-09-16 22:00:00,3.820,0.000,0.000,0.000,16.300
2023-09-16 23:00:00,3.450,0.000,0.000,0.000,15.600
2023-09-17 00:00:00,2.470,0.000,0.000,0.000,14.800
2023-09-17 01:00:00,1.640,0.000,0.000,0.000,14.400
2023-09-17 02:00:00,2.460,0.000,0.000,0.000,14.100
2023-09-17 03:00:00,3.140,0.000,0.000,0.000,14.000
2023-09-17 04:00:00,3.320,0.000,0.000,0.000,14.000
2023-09-17 05:00:00,3.420,0.000,0.000,0.000,14.200
2023-09-17 06:00:00,4.390,30.000,86.900,22.000,14.800
2023-09-17 07:00:00,4.980,130.000,276.200,67.000,16.600
2023-09-17 08:00:00,4.720,226.000,338.000,101.000,19.100
2023-09-17 09:00:00,4.720,340.000,460.600,115.000,21.600
2023-09-17 10:00:00,5.370,404.000,432.200,155.000,23.600
2023-09-17 11:00:00,5.590,402.000,296.900,216.000,24.900
2023-09-17 12:00:00,6.020,458.000,465.100,162.000,25.700
2023-09-17 13:00:00,6.330,451.000,504.100,146.000,26.600
2023-09-17 14:00:00,5.920,431.000,591.200,115.000,27.100
2023-09-17 15:00:00,5.540,314.000,477.100,109.000,27.000
2023-09-17 16:00:00,5.240,206.000,430.100,78.000,26.500
2023-09-17 17:00:00,6.000,71.000,210.500,40.000,24.600
2023-09-17 18:00:00,6.600,5.000,19.100,4.000,22.800
2023-09-17 19:00:00,6.820,0.000,0.000,0.000,21.400
2023-09-17 20:00:00,6.580,0.000,0.000,0.000,20.800
2023-09-17 21:00:00,6.280,0.000,0.000,0.000,20.300
2023-09-17 22:00:00,6.090,0.000,0.000,0.000,19.600
2023-09-17 23:00:00,6.000,0.000,0.000,0.000,18.900
2023-09-18 00:00:00,6.220,0.000,0.000,0.000,18.400
2023-09-18 01:00:00,5.970,0.000,0.000,0.000,17.900
2023-09-18 02:00:00,5.370,0.000,0.000,0.000,17.600
2023-09-18 03:00:00,6.440,0.000,0.000,0.000,17.700
2023-09-18 04:00:00,7.000,0.000,0.000,0.000,18.000
2023-09-18 05:00:00,7.520,0.000,0.000,0.000,18.200
2023-09-18 06:00:00,7.890,31.000,133.500,19.000,19.000
2023-09-18 07:00:00,8.020,124.000,263.800,65.000,20.500
2023-09-18 08:00:00,8.340,112.000,90.300,79.000,22.200
2023-09-18 09:00:00,8.070,110.000,18.600,101.000,22.400
2023-09-18 10:00:00,7.690,250.000,189.000,142.000,23.200
2023-09-18 11:00:00,8.840,253.000,56.300,218.000,23.400
2023-09-18 12:00:00,8.220,213.000,30.100,194.000,23.200
2023-09-18 13:00:00,8.130,263.000,83.400,213.000,23.400
2023-09-18 14:00:00,7.490,262.000,155.100,180.000,22.500
2023-09-18 15:00:00,7.240,175.000,35.400,160.000,22.700
2023-09-18 16:00:00,7.530,99.000,13.700,95.000,22.300
2023-09-18 17:00:00,7.810,47.000,56.700,39.000,21.800
2023-09-18 18:00:00,8.380,4.000,19.100,3.000,20.600
2023-09-18 19:00:00,9.170,0.000,0.000,0.000,19.900
2023-09-18 20:00:00,9.680,0.000,0.000,0.000,19.300
2023-09-18 21:00:00,9.640,0.000,0.000,0.000,18.700
2023-09-18 22:00:00,9.900,0.000,0.000,0.000,17.700
2023-09-18 23:00:00,9.760,0.000,0.000,0.000,17.400
2023-09-19 00:00:00,9.870,0.000,0.000,0.000,17.100
2023-09-19 01:00:00,9.880,0.000,0.000,0.000,16.600
2023-09-19 02:00:00,9.490,0.000,0.000,0.000,16.200
2023-09-19 03:00:00,9.000,0.000,0.000,0.000,15.700
2023-09-19 04:00:00,8.730,0.000,0.000,0.000,15.400
2023-09-19 05:00:00,8.960,0.000,0.000,0.000,15.000
2023-09-19 06:00:00,8.990,24.000,68.400,18.000,14.700
2023-09-19 07:00:00,8.100,126.000,301.000,60.000,15.300
2023-09-19 08:00:00,9.180,254.000,404.600,108.000,16.000
2023-09-19 09:00:00,11.140,337.000,317.200,185.000,16.700
2023-09-19 10:00:00,10.830,382.000,296.600,214.000,17.600
2023-09-19 11:00:00,11.230,271.000,124.900,194.000,18.000
2023-09-19 12:00:00,11.630,286.000,131.000,204.000,18.400
2023-09-19 13:00:00,10.870,293.000,158.300,199.000,19.200
2023-09-19 14:00:00,10.340,202.000,82.200,159.000,19.200
2023-09-19 15:00:00,11.230,143.000,47.900,123.000,19.400
2023-09-19 16:00:00,10.210,116.000,98.100,88.000,19.200
2023-09-19 17:00:00,10.180,35.000,37.100,30.000,18.700
2023-09-19 18:00:00,10.390,2.000,0.000,2.000,18.300
2023-09-19 19:00:00,10.410,0.000,0.000,0.000,17.700
2023-09-19 20:00:00,10.200,0.000,0.000,0.000,17.600
2023-09-19 21:00:00,10.120,0.000,0.000,0.000,17.500
2023-09-19 22:00:00,11.010,0.000,0.000,0.000,17.800
2023-09-19 23:00:00,10.350,0.000,0.000,0.000,17.700
2023-09-20 00:00:00,9.950,0.000,0.000,0.000,17.700
2023-09-20 01:00:00,9.750,0.000,0.000,0.000,17.800
2023-09-20 02:00:00,9.540,0.000,0.000,0.000,17.600
2023-09-20 03:00:00,9.180,0.000,0.000,0.000,17.400
2023-09-20 04:00:00,8.490,0.000,0.000,0.000,17.100
2023-09-20 05:00:00,8.060,0.000,0.000,0.000,16.800
2023-09-20 06:00:00,8.160,20.000,46.800,16.000,16.700
2023-09-20 07:00:00,7.780,142.000,372.400,62.000,17.500
2023-09-20 08:00:00,7.750,282.000,558.500,83.000,18.700
2023-09-20 09:00:00,8.080,374.000,499.400,137.000,19.600
2023-09-20 10:00:00,8.280,414.000,441.600,166.000,20.900
2023-09-20 11:00:00,9.460,339.000,214.300,208.000,21.800
2023-09-20 12:00:00,9.640,322.000,151.500,228.000,22.700
2023-09-20 13:00:00,9.000,298.000,130.900,221.000,23.100
2023-09-20 14:00:00,8.720,301.000,197.200,199.000,23.500
2023-09-20 15:00:00,8.130,291.000,427.500,115.000,23.400
2023-09-20 16:00:00,6.760,191.000,415.600,75.000,22.800
2023-09-20 17:00:00,7.090,69.000,249.100,37.000,21.700
2023-09-20 18:00:00,7.240,3.000,0.000,3.000,20.400
2023-09-20 19:00:00,7.420,0.000,0.000,0.000,19.500
2023-09-20 20:00:00,7.410,0.000,0.000,0.000,18.700
2023-09-20 21:00:00,7.610,0.000,0.000,0.000,18.100
2023-09-20 22:00:00,8.420,0.000,0.000,0.000,17.800
2023-09-20 23:00:00,7.910,0.000,0.000,0.000,17.500
2023-09-21 00:00:00,7.780,0.000,0.000,0.000,17.000
2023-09-21 01:00:00,7.820,0.000,0.000,0.000,16.500
2023-09-21 02:00:00,7.900,0.000,0.000,0.000,16.200
2023-09-21 03:00:00,8.000,0.000,0.000,0.000,15.900
2023-09-21 04:00:00,8.230,0.000,0.000,0.000,15.600
2023-09-21 05:00:00,8.490,0.000,0.000,0.000,15.400
2023-09-21 06:00:00,8.520,29.000,156.100,16.000,16.200
2023-09-21 07:00:00,8.190,134.000,389.900,52.000,18.200
2023-09-21 08:00:00,7.270,252.000,486.200,81.000,20.200
2023-09-21 09:00:00,7.320,354.000,536.300,102.000,22.200
2023-09-21 10:00:00,8.430,474.000,644.900,115.000,23.700
2023-09-21 11:00:00,7.720,461.000,489.900,164.000,24.300
2023-09-21 12:00:00,8.140,352.000,297.500,169.000,23.600
2023-09-21 13:00:00,7.450,270.000,173.300,169.000,22.800
2023-09-21 14:00:00,6.550,165.000,62.600,133.000,21.900
2023-09-21 15:00:00,6.850,143.000,74.000,113.000,21.500
2023-09-21 16:00:00,7.320,101.000,113.600,70.000,21.100
2023-09-21 17:00:00,7.660,41.000,90.100,30.000,20.500
2023-09-21 18:00:00,7.380,2.000,0.000,2.000,19.700
2023-09-21 19:00:00,7.420,0.000,0.000,0.000,19.600
2023-09-21 20:00:00,7.590,0.000,0.000,0.000,19.100
2023-09-21 21:00:00,7.740,0.000,0.000,0.000,18.600
2023-09-21 22:00:00,6.660,0.000,0.000,0.000,17.700
2023-09-21 23:00:00,7.430,0.000,0.000,0.000,16.900
2023-09-22 00:00:00,7.420,0.000,0.000,0.000,16.300
2023-09-22 01:00:00,7.070,0.000,0.000,0.000,15.600
2023-09-22 02:00:00,6.460,0.000,0.000,0.000,15.200
2023-09-22 03:00:00,6.160,0.000,0.000,0.000,14.900
2023-09-22 04:00:00,6.800,0.000,0.000,0.000,14.700
2023-09-22 05:00:00,7.430,0.000,0.000,0.000,14.400
2023-09-22 06:00:00,7.530,13.000,12.300,12.000,14.300
2023-09-22 07:00:00,6.580,58.000,0.000,58.000,14.600
2023-09-22 08:00:00,6.060,122.000,25.900,113.000,15.200
2023-09-22 09:00:00,6.110,196.000,34.400,180.000,16.000
2023-09-22 10:00:00,5.880,261.000,68.900,223.000,16.400
2023-09-22 11:00:00,6.230,293.000,89.900,239.000,17.400
2023-09-22 12:00:00,7.210,298.000,191.900,181.000,18.100
2023-09-22 13:00:00,6.720,335.000,206.200,216.000,18.400
2023-09-22 14:00:00,6.790,266.000,247.400,141.000,18.300
2023-09-22 15:00:00,5.760,212.000,302.900,91.000,18.400
2023-09-22 16:00:00,4.400,154.000,337.600,64.000,18.100
2023-09-22 17:00:00,3.440,54.000,216.000,29.000,16.700
2023-09-22 18:00:00,3.650,1.000,0.000,1.000,14.400
2023-09-22 19:00:00,4.210,0.000,0.000,0.000,12.700
2023-09-22 20:00:00,4.930,0.000,0.000,0.000,12.200
2023-09-22 21:00:00,5.500,0.000,0.000,0.000,12.000
2023-09-22 22:00:00,6.700,0.000,0.000,0.000,13.100
2023-09-22 23:00:00,6.870,0.000,0.000,0.000,13.000
2023-09-23 00:00:00,7.460,0.000,0.000,0.000,12.900
2023-09-23 01:00:00,7.450,0.000,0.000,0.000,12.700
2023-09-23 02:00:00,8.370,0.000,0.000,0.000,12.500
2023-09-23 03:00:00,8.180,0.000,0.000,0.000,12.200
2023-09-23 04:00:00,8.100,0.000,0.000,0.000,12.000
2023-09-23 05:00:00,7.730,0.000,0.000,0.000,11.800
2023-09-23 06:00:00,7.160,15.000,38.100,12.000,11.900
2023-09-23 07:00:00,9.330,80.000,114.200,57.000,12.500
2023-09-23 08:00:00,8.730,162.000,175.200,102.000,13.500
2023-09-23 09:00:00,8.860,195.000,110.800,144.000,14.300
2023-09-23 10:00:00,6.980,341.000,369.500,139.000,15.100
2023-09-23 11:00:00,6.620,414.000,468.300,135.000,15.900
2023-09-23 12:00:00,6.750,449.000,531.300,128.000,16.800
2023-09-23 13:00:00,7.210,437.000,591.700,99.000,17.400
2023-09-23 14:00:00,7.160,321.000,408.500,117.000,17.200
2023-09-23 15:00:00,7.380,216.000,345.800,80.000,16.800
2023-09-23 16:00:00,6.910,125.000,211.300,70.000,16.400
2023-09-23 17:00:00,6.370,44.000,181.800,24.000,15.700
2023-09-23 18:00:00,6.280,1.000,0.000,1.000,14.600
2023-09-23 19:00:00,6.320,0.000,0.000,0.000,14.300
2023-09-23 20:00:00,6.280,0.000,0.000,0.000,13.900
2023-09-23 21:00:00,6.080,0.000,0.000,0.000,13.400
2023-09-23 22:00:00,6.280,0.000,0.000,0.000,12.800
2023-09-23 23:00:00,5.890,0.000,0.000,0.000,12.500
2023-09-24 00:00:00,5.470,0.000,0.000,0.000,11.900
2023-09-24 01:00:00,5.320,0.000,0.000,0.000,11.800
2023-09-24 02:00:00,4.800,0.000,0.000,0.000,11.400
2023-09-24 03:00:00,4.130,0.000,0.000,0.000,11.500
2023-09-24 04:00:00,3.790,0.000,0.000,0.000,11.600
2023-09-24 05:00:00,3.480,0.000,0.000,0.000,11.700
2023-09-24 06:00:00,3.380,15.000,39.200,12.000,11.800
2023-09-24 07:00:00,3.390,60.000,15.200,57.000,12.500
2023-09-24 08:00:00,3.470,146.000,133.200,101.000,13.500
2023-09-24 09:00:00,3.580,279.000,259.100,161.000,14.700
2023-09-24 10:00:00,3.580,360.000,371.100,159.000,15.700
2023-09-24 11:00:00,3.380,395.000,279.400,230.000,17.000
2023-09-24 12:00:00,3.360,399.000,319.100,208.000,17.800
2023-09-24 13:00:00,3.040,389.000,376.700,176.000,18.300
2023-09-24 14:00:00,2.860,415.000,573.600,132.000,19.100
2023-09-24 15:00:00,2.900,325.000,614.800,87.000,19.100
2023-09-24 16:00:00,2.750,194.000,519.700,62.000,18.500
2023-09-24 17:00:00,3.220,62.000,309.100,29.000,16.800
2023-09-24 18:00:00,4.460,1.000,0.000,1.000,14.100
2023-09-24 19:00:00,5.520,0.000,0.000,0.000,13.000
2023-09-24 20:00:00,5.870,0.000,0.000,0.000,12.200
2023-09-24 21:00:00,6.590,0.000,0.000,0.000,11.800
2023-09-24 22:00:00,7.530,0.000,0.000,0.000,11.200
2023-09-24 23:00:00,7.340,0.000,0.000,0.000,11.300
2023-09-25 00:00:00,7.260,0.000,0.000,0.000,11.100
2023-09-25 01:00:00,7.390,0.000,0.000,0.000,10.700
2023-09-25 02:00:00,7.250,0.000,0.000,0.000,10.500
2023-09-25 03:00:00,7.380,0.000,0.000,0.000,10.200
2023-09-25 04:00:00,6.800,0.000,0.000,0.000,9.900
2023-09-25 05:00:00,6.280,0.000,0.000,0.000,9.400
2023-09-25 06:00:00,6.240,22.000,94.300,15.000,9.900
2023-09-25 07:00:00,5.920,121.000,275.700,68.000,12.200
2023-09-25 08:00:00,4.780,252.000,426.200,110.000,14.600
2023-09-25 09:00:00,4.810,385.000,572.500,127.000,16.700
2023-09-25 10:00:00,4.830,473.000,583.300,160.000,18.500
2023-09-25 11:00:00,5.200,543.000,688.700,140.000,19.600
2023-09-25 12:00:00,5.300,542.000,635.700,165.000,20.100
2023-09-25 13:00:00,5.140,502.000,609.300,161.000,20.500
2023-09-25 14:00:00,4.810,414.000,545.800,148.000,20.600
2023-09-25 15:00:00,3.910,310.000,519.800,112.000,20.500
2023-09-25 16:00:00,2.940,170.000,331.100,88.000,19.900
2023-09-25 17:00:00,3.620,54.000,212.500,32.000,17.700
2023-09-25 18:00:00,4.410,0.000,0.000,0.000,15.200
2023-09-25 19:00:00,4.250,0.000,0.000,0.000,13.500
2023-09-25 20:00:00,4.520,0.000,0.000,0.000,12.200
2023-09-25 21:00:00,4.610,0.000,0.000,0.000,11.200
2023-09-25 22:00:00,4.490,0.000,0.000,0.000,10.300
2023-09-25 23:00:00,3.910,0.000,0.000,0.000,9.500
2023-09-26 00:00:00,3.710,0.000,0.000,0.000,8.900
2023-09-26 01:00:00,3.710,0.000,0.000,0.000,8.300
2023-09-26 02:00:00,3.600,0.000,0.000,0.000,7.500
2023-09-26 03:00:00,3.600,0.000,0.000,0.000,7.100
2023-09-26 04:00:00,3.510,0.000,0.000,0.000,7.000
2023-09-26 05:00:00,3.440,0.000,0.000,0.000,6.900
2023-09-26 06:00:00,3.470,20.000,111.100,12.000,7.700
2023-09-26 07:00:00,3.960,126.000,373.000,56.000,10.700
2023-09-26 08:00:00,3.540,260.000,508.400,93.000,14.200
2023-09-26 09:00:00,2.560,392.000,650.600,102.000,17.300
2023-09-26 10:00:00,2.330,481.000,683.000,118.000,19.600
2023-09-26 11:00:00,2.970,520.000,641.600,148.000,21.100
2023-09-26 12:00:00,2.880,513.000,580.400,172.000,22.100
2023-09-26 13:00:00,2.670,480.000,579.500,159.000,22.700
2023-09-26 14:00:00,2.500,414.000,592.100,129.000,23.100
2023-09-26 15:00:00,2.380,297.000,496.400,111.000,23.100
2023-09-26 16:00:00,2.090,167.000,372.900,77.000,22.300
2023-09-26 17:00:00,2.330,47.000,139.600,33.000,19.000
2023-09-26 18:00:00,2.940,0.000,0.000,0.000,16.600
2023-09-26 19:00:00,3.720,0.000,0.000,0.000,15.500
2023-09-26 20:00:00,4.370,0.000,0.000,0.000,14.800
2023-09-26 21:00:00,4.360,0.000,0.000,0.000,14.100
2023-09-26 22:00:00,4.800,0.000,0.000,0.000,13.300
2023-09-26 23:00:00,4.880,0.000,0.000,0.000,13.300
2023-09-27 00:00:00,4.960,0.000,0.000,0.000,13.200
2023-09-27 01:00:00,4.920,0.000,0.000,0.000,12.500
2023-09-27 02:00:00,4.990,0.000,0.000,0.000,12.100
2023-09-27 03:00:00,5.120,0.000,0.000,0.000,11.700
2023-09-27 04:00:00,4.720,0.000,0.000,0.000,11.600
2023-09-27 05:00:00,3.540,0.000,0.000,0.000,11.100
2023-09-27 06:00:00,3.580,18.000,100.400,11.000,11.400
2023-09-27 07:00:00,4.050,124.000,415.100,48.000,14.200
2023-09-27 08:00:00,2.600,257.000,552.900,78.000,16.900
2023-09-27 09:00:00,1.700,361.000,528.500,128.000,19.200
2023-09-27 10:00:00,1.970,451.000,583.200,144.000,21.400
2023-09-27 11:00:00,2.280,484.000,527.400,181.000,22.900
2023-09-27 12:00:00,2.510,429.000,305.900,251.000,23.400
2023-09-27 13:00:00,2.420,378.000,250.000,241.000,23.900
2023-09-27 14:00:00,2.900,338.000,328.200,182.000,24.200
2023-09-27 15:00:00,3.200,289.000,545.400,88.000,24.100
2023-09-27 16:00:00,3.580,167.000,442.500,63.000,23.500
2023-09-27 17:00:00,4.430,45.000,195.700,26.000,21.100
2023-09-27 18:00:00,4.970,0.000,0.000,0.000,18.700
2023-09-27 19:00:00,5.190,0.000,0.000,0.000,17.200
2023-09-27 20:00:00,5.730,0.000,0.000,0.000,16.700
2023-09-27 21:00:00,5.800,0.000,0.000,0.000,16.400
2023-09-27 22:00:00,6.020,0.000,0.000,0.000,15.900
2023-09-27 23:00:00,6.280,0.000,0.000,0.000,15.500
2023-09-28 00:00:00,6.580,0.000,0.000,0.000,15.300
2023-09-28 01:00:00,6.710,0.000,0.000,0.000,15.200
2023-09-28 02:00:00,6.890,0.000,0.000,0.000,15.300
2023-09-28 03:00:00,6.990,0.000,0.000,0.000,15.400
2023-09-28 04:00:00,7.120,0.000,0.000,0.000,15.200
2023-09-28 05:00:00,7.160,0.000,0.000,0.000,15.100
2023-09-28 06:00:00,6.930,11.000,0.000,11.000,15.400
2023-09-28 07:00:00,6.160,108.000,313.700,52.000,16.800
2023-09-28 08:00:00,5.040,244.000,517.200,79.000,18.900
2023-09-28 09:00:00,4.970,370.000,642.300,90.000,20.700
2023-09-28 10:00:00,4.540,467.000,704.100,100.000,22.100
2023-09-28 11:00:00,4.610,522.000,734.500,104.000,22.900
2023-09-28 12:00:00,5.160,532.000,741.000,105.000,23.700
2023-09-28 13:00:00,5.420,483.000,671.400,119.000,24.300
2023-09-28 14:00:00,4.650,385.000,554.100,125.000,24.500
2023-09-28 15:00:00,3.550,280.000,494.000,101.000,24.200
2023-09-28 16:00:00,2.940,151.000,362.900,68.000,23.200
2023-09-28 17:00:00,2.500,37.000,170.400,21.000,20.400
2023-09-28 18:00:00,1.800,0.000,0.000,0.000,18.500
2023-09-28 19:00:00,1.210,0.000,0.000,0.000,17.400
2023-09-28 20:00:00,0.670,0.000,0.000,0.000,17.100
2023-09-28 21:00:00,1.710,0.000,0.000,0.000,17.400
2023-09-28 22:00:00,0.610,0.000,0.000,0.000,16.600
2023-09-28 23:00:00,1.080,0.000,0.000,0.000,16.800
2023-09-29 00:00:00,1.980,0.000,0.000,0.000,15.900
2023-09-29 01:00:00,3.500,0.000,0.000,0.000,14.800
2023-09-29 02:00:00,5.060,0.000,0.000,0.000,15.000
2023-09-29 03:00:00,5.780,0.000,0.000,0.000,15.600
2023-09-29 04:00:00,5.860,0.000,0.000,0.000,16.000
2023-09-29 05:00:00,5.830,0.000,0.000,0.000,16.100
2023-09-29 06:00:00,5.910,5.000,0.000,5.000,16.600
2023-09-29 07:00:00,6.040,65.000,97.800,48.000,17.300
2023-09-29 08:00:00,6.010,119.000,120.900,81.000,18.500
2023-09-29 09:00:00,5.630,169.000,111.400,121.000,19.600
2023-09-29 10:00:00,5.540,154.000,60.100,123.000,19.500
2023-09-29 11:00:00,6.070,241.000,136.600,164.000,21.200
2023-09-29 12:00:00,6.400,282.000,110.400,219.000,23.000
2023-09-29 13:00:00,6.570,242.000,156.600,158.000,23.500
2023-09-29 14:00:00,7.220,145.000,110.100,94.000,22.400
2023-09-29 15:00:00,6.860,83.000,70.200,58.000,22.300
2023-09-29 16:00:00,7.880,96.000,215.800,48.000,21.700
2023-09-29 17:00:00,8.660,24.000,110.300,14.000,20.100
2023-09-29 18:00:00,9.490,0.000,0.000,0.000,18.800
2023-09-29 19:00:00,9.180,0.000,0.000,0.000,17.700
2023-09-29 20:00:00,8.630,0.000,0.000,0.000,16.700
2023-09-29 21:00:00,8.110,0.000,0.000,0.000,15.400
2023-09-29 22:00:00,7.000,0.000,0.000,0.000,14.500
2023-09-29 23:00:00,6.160,0.000,0.000,0.000,13.500
2023-09-30 00:00:00,6.110,0.000,0.000,0.000,12.800
2023-09-30 01:00:00,6.040,0.000,0.000,0.000,12.000
2023-09-30 02:00:00,6.360,0.000,0.000,0.000,11.700
2023-09-30 03:00:00,6.710,0.000,0.000,0.000,11.400
2023-09-30 04:00:00,6.420,0.000,0.000,0.000,11.200
2023-09-30 05:00:00,6.450,0.000,0.000,0.000,11.200
2023-09-30 06:00:00,6.460,11.000,0.000,11.000,11.300
2023-09-30 07:00:00,6.110,78.000,76.800,65.000,12.100
2023-09-30 08:00:00,6.770,212.000,378.000,95.000,14.100
2023-09-30 09:00:00,7.320,334.000,514.100,115.000,15.900
2023-09-30 10:00:00,6.420,339.000,373.900,148.000,17.200
2023-09-30 11:00:00,6.110,334.000,315.300,158.000,17.600
2023-09-30 12:00:00,6.300,443.000,532.800,142.000,18.400
2023-09-30 13:00:00,6.100,374.000,409.100,157.000,18.900
2023-09-30 14:00:00,5.600,262.000,290.900,129.000,18.800
2023-09-30 15:00:00,5.210,191.000,268.600,97.000,18.600
2023-09-30 16:00:00,4.430,96.000,115.600,71.000,17.700
2023-09-30 17:00:00,4.270,21.000,45.700,17.000,16.000
2023-09-30 18:00:00,4.570,0.000,0.000,0.000,14.200
2023-09-30 19:00:00,5.360,0.000,0.000,0.000,14.100
2023-09-30 20:00:00,5.540,0.000,0.000,0.000,13.700
2023-09-30 21:00:00,5.740,0.000,0.000,0.000,13.800
2023-09-30 22:00:00,5.490,0.000,0.000,0.000,14.100
2023-09-30 23:00:00,5.500,0.000,0.000,0.000,14.200
2023-10-01 00:00:00,5.080,0.000,0.000,0.000,14.000
2023-10-01 01:00:00,5.250,0.000,0.000,0.000,13.800
2023-10-01 02:00:00,5.300,0.000,0.000,0.000,13.800
2023-10-01 03:00:00,5.090,0.000,0.000,0.000,13.400
2023-10-01 04:00:00,5.590,0.000,0.000,0.000,13.100
2023-10-01 05:00:00,5.730,0.000,0.000,0.000,12.700
2023-10-01 06:00:00,5.760,8.000,33.100,6.000,12.500
2023-10-01 07:00:00,5.940,70.000,133.600,48.000,13.800
2023-10-01 08:00:00,4.980,209.000,387.200,91.000,14.900
2023-10-01 09:00:00,4.630,185.000,225.600,90.000,15.500
2023-10-01 10:00:00,4.390,233.000,172.000,146.000,17.000
2023-10-01 11:00:00,4.670,194.000,45.200,169.000,17.500
2023-10-01 12:00:00,5.200,237.000,87.600,188.000,18.300
2023-10-01 13:00:00,4.830,305.000,263.100,167.000,19.200
2023-10-01 14:00:00,4.330,316.000,450.000,113.000,20.100
2023-10-01 15:00:00,4.740,230.000,392.700,95.000,20.300
2023-10-01 16:00:00,5.460,121.000,209.600,77.000,19.900
2023-10-01 17:00:00,6.260,26.000,47.400,22.000,18.800
2023-10-01 18:00:00,6.440,0.000,0.000,0.000,17.900
2023-10-01 19:00:00,6.440,0.000,0.000,0.000,17.200
2023-10-01 20:00:00,6.240,0.000,0.000,0.000,16.600
2023-10-01 21:00:00,6.060,0.000,0.000,0.000,16.300
2023-10-01 22:00:00,6.590,0.000,0.000,0.000,16.400
2023-10-01 23:00:00,6.370,0.000,0.000,0.000,16.200
2023-10-02 00:00:00,6.080,0.000,0.000,0.000,16.100
2023-10-02 01:00:00,6.370,0.000,0.000,0.000,15.800
2023-10-02 02:00:00,6.390,0.000,0.000,0.000,15.700
2023-10-02 03:00:00,6.330,0.000,0.000,0.000,15.600
2023-10-02 04:00:00,6.440,0.000,0.000,0.000,15.300
2023-10-02 05:00:00,6.440,0.000,0.000,0.000,15.100
2023-10-02 06:00:00,6.470,10.000,17.200,9.000,15.000
2023-10-02 07:00:00,6.300,94.000,243.700,55.000,16.300
2023-10-02 08:00:00,5.690,215.000,440.100,83.000,18.000
2023-10-02 09:00:00,5.060,318.000,454.200,129.000,19.800
2023-10-02 10:00:00,4.690,402.000,517.500,143.000,21.700
2023-10-02 11:00:00,4.960,466.000,599.200,138.000,23.100
2023-10-02 12:00:00,5.260,454.000,538.200,156.000,23.800
2023-10-02 13:00:00,5.380,430.000,553.200,143.000,24.200
2023-10-02 14:00:00,5.060,338.000,435.900,144.000,24.100
2023-10-02 15:00:00,3.920,219.000,272.500,127.000,23.700
2023-10-02 16:00:00,3.680,110.000,171.800,75.000,22.800
2023-10-02 17:00:00,4.000,25.000,49.300,21.000,21.100
2023-10-02 18:00:00,4.530,0.000,0.000,0.000,19.600
2023-10-02 19:00:00,5.070,0.000,0.000,0.000,18.800
2023-10-02 20:00:00,5.690,0.000,0.000,0.000,17.900
2023-10-02 21:00:00,5.830,0.000,0.000,0.000,17.100
2023-10-02 22:00:00,5.150,0.000,0.000,0.000,16.200
2023-10-02 23:00:00,5.850,0.000,0.000,0.000,15.800
2023-10-03 00:00:00,6.850,0.000,0.000,0.000,15.600
2023-10-03 01:00:00,7.570,0.000,0.000,0.000,15.600
2023-10-03 02:00:00,8.100,0.000,0.000,0.000,15.800
2023-10-03 03:00:00,8.780,0.000,0.000,0.000,16.300
2023-10-03 04:00:00,9.270,0.000,0.000,0.000,17.000
2023-10-03 05:00:00,9.620,0.000,0.000,0.000,17.600
2023-10-03 06:00:00,10.390,6.000,0.000,6.000,18.400
2023-10-03 07:00:00,10.760,68.000,77.200,56.000,19.300
2023-10-03 08:00:00,10.820,127.000,37.300,116.000,20.500
2023-10-03 09:00:00,11.460,216.000,158.100,151.000,21.400
2023-10-03 10:00:00,13.130,296.000,246.300,174.000,21.100
2023-10-03 11:00:00,12.750,329.000,287.800,173.000,20.700
2023-10-03 12:00:00,12.340,252.000,136.900,177.000,19.600
2023-10-03 13:00:00,10.240,237.000,230.000,119.000,18.300
2023-10-03 14:00:00,9.950,155.000,77.400,121.000,17.100
2023-10-03 15:00:00,8.970,54.000,12.100,50.000,16.100
2023-10-03 16:00:00,8.850,15.000,0.000,15.000,14.600
2023-10-03 17:00:00,9.340,3.000,0.000,3.000,13.800
2023-10-03 18:00:00,9.310,0.000,0.000,0.000,13.300
2023-10-03 19:00:00,8.970,0.000,0.000,0.000,13.000
2023-10-03 20:00:00,9.610,0.000,0.000,0.000,12.800
2023-10-03 21:00:00,9.950,0.000,0.000,0.000,12.600
2023-10-03 22:00:00,10.290,0.000,0.000,0.000,12.500
2023-10-03 23:00:00,10.350,0.000,0.000,0.000,12.400
2023-10-04 00:00:00,10.060,0.000,0.000,0.000,12.400
2023-10-04 01:00:00,9.960,0.000,0.000,0.000,12.400
2023-10-04 02:00:00,10.000,0.000,0.000,0.000,12.400
2023-10-04 03:00:00,9.770,0.000,0.000,0.000,12.300
2023-10-04 04:00:00,9.590,0.000,0.000,0.000,12.400
2023-10-04 05:00:00,9.580,0.000,0.000,0.000,12.400
2023-10-04 06:00:00,9.360,7.000,18.700,6.000,12.300
2023-10-04 07:00:00,9.200,73.000,185.700,45.000,12.900
2023-10-04 08:00:00,8.430,166.000,372.000,58.000,13.800
2023-10-04 09:00:00,10.690,249.000,364.400,101.000,14.800
2023-10-04 10:00:00,8.300,346.000,475.400,113.000,15.600
2023-10-04 11:00:00,8.630,372.000,465.900,122.000,16.300
2023-10-04 12:00:00,7.880,362.000,473.800,105.000,17.000
2023-10-04 13:00:00,8.230,288.000,325.400,123.000,17.000
2023-10-04 14:00:00,8.710,235.000,221.600,139.000,16.900
2023-10-04 15:00:00,7.870,152.000,119.800,113.000,16.400
2023-10-04 16:00:00,7.620,68.000,41.800,60.000,15.900
2023-10-04 17:00:00,7.880,10.000,0.000,10.000,14.900
2023-10-04 18:00:00,8.350,0.000,0.000,0.000,14.400
2023-10-04 19:00:00,8.720,0.000,0.000,0.000,14.100
2023-10-04 20:00:00,8.540,0.000,0.000,0.000,13.700
2023-10-04 21:00:00,8.540,0.000,0.000,0.000,13.300
2023-10-04 22:00:00,9.090,0.000,0.000,0.000,12.700
2023-10-04 23:00:00,8.600,0.000,0.000,0.000,12.700
2023-10-05 00:00:00,8.640,0.000,0.000,0.000,12.800
2023-10-05 01:00:00,8.950,0.000,0.000,0.000,12.900
2023-10-05 02:00:00,9.210,0.000,0.000,0.000,13.000
2023-10-05 03:00:00,9.300,0.000,0.000,0.000,13.100
2023-10-05 04:00:00,9.670,0.000,0.000,0.000,13.100
2023-10-05 05:00:00,9.760,0.000,0.000,0.000,13.000
2023-10-05 06:00:00,9.590,6.000,0.000,6.000,12.900
2023-10-05 07:00:00,9.010,62.000,150.600,40.000,13.300
2023-10-05 08:00:00,11.720,130.000,192.600,75.000,14.200
2023-10-05 09:00:00,11.260,140.000,157.100,77.000,14.900
2023-10-05 10:00:00,9.630,177.000,121.700,118.000,15.700
2023-10-05 11:00:00,8.940,88.000,9.400,83.000,15.700
2023-10-05 12:00:00,7.980,59.000,0.000,59.000,15.400
2023-10-05 13:00:00,8.400,111.000,51.900,85.000,15.700
2023-10-05 14:00:00,7.200,125.000,86.600,88.000,15.200
2023-10-05 15:00:00,6.500,124.000,140.800,79.000,15.200
2023-10-05 16:00:00,6.600,79.000,129.400,55.000,14.800
2023-10-05 17:00:00,6.220,15.000,69.600,10.000,14.300
2023-10-05 18:00:00,6.280,0.000,0.000,0.000,13.800
2023-10-05 19:00:00,6.110,0.000,0.000,0.000,13.900
2023-10-05 20:00:00,6.150,0.000,0.000,0.000,13.900
2023-10-05 21:00:00,6.480,0.000,0.000,0.000,13.800
2023-10-05 22:00:00,6.460,0.000,0.000,0.000,13.700
2023-10-05 23:00:00,6.350,0.000,0.000,0.000,13.700
2023-10-06 00:00:00,6.400,0.000,0.000,0.000,13.600
2023-10-06 01:00:00,6.660,0.000,0.000,0.000,13.400
2023-10-06 02:00:00,7.060,0.000,0.000,0.000,12.800
2023-10-06 03:00:00,7.590,0.000,0.000,0.000,12.400
2023-10-06 04:00:00,7.930,0.000,0.000,0.000,12.100
2023-10-06 05:00:00,8.310,0.000,0.000,0.000,12.000
2023-10-06 06:00:00,8.440,5.000,19.100,4.000,12.200
2023-10-06 07:00:00,8.620,62.000,162.600,39.000,13.000
2023-10-06 08:00:00,8.020,152.000,274.300,75.000,14.100
2023-10-06 09:00:00,8.980,172.000,174.200,103.000,15.400
2023-10-06 10:00:00,8.160,306.000,392.000,118.000,16.300
2023-10-06 11:00:00,8.820,295.000,273.900,151.000,16.900
2023-10-06 12:00:00,9.730,194.000,75.300,154.000,17.100
2023-10-06 13:00:00,9.560,190.000,127.100,127.000,17.600
2023-10-06 14:00:00,9.590,252.000,339.400,109.000,18.500
2023-10-06 15:00:00,10.150,162.000,236.100,88.000,18.400
2023-10-06 16:00:00,10.650,52.000,61.300,41.000,18.200
2023-10-06 17:00:00,10.870,6.000,14.500,5.000,17.800
2023-10-06 18:00:00,11.110,0.000,0.000,0.000,17.500
2023-10-06 19:00:00,11.130,0.000,0.000,0.000,17.400
2023-10-06 20:00:00,11.010,0.000,0.000,0.000,17.100
2023-10-06 21:00:00,11.040,0.000,0.000,0.000,16.800
2023-10-06 22:00:00,11.040,0.000,0.000,0.000,16.500
2023-10-06 23:00:00,10.880,0.000,0.000,0.000,16.300
2023-10-07 00:00:00,10.950,0.000,0.000,0.000,15.900
2023-10-07 01:00:00,10.880,0.000,0.000,0.000,15.700
2023-10-07 02:00:00,10.720,0.000,0.000,0.000,15.700
2023-10-07 03:00:00,10.850,0.000,0.000,0.000,15.600
2023-10-07 04:00:00,11.170,0.000,0.000,0.000,15.400
2023-10-07 05:00:00,11.130,0.000,0.000,0.000,15.100
2023-10-07 06:00:00,10.850,1.000,0.000,1.000,15.100
2023-10-07 07:00:00,10.480,17.000,7.300,16.000,15.200
2023-10-07 08:00:00,9.880,49.000,0.000,49.000,15.500
2023-10-07 09:00:00,12.480,56.000,2.600,55.000,15.800
2023-10-07 10:00:00,11.140,108.000,19.000,99.000,16.300
2023-10-07 11:00:00,11.640,117.000,17.300,108.000,16.800
2023-10-07 12:00:00,12.840,182.000,55.200,153.000,18.200
2023-10-07 13:00:00,11.560,177.000,102.100,127.000,18.700
2023-10-07 14:00:00,10.890,137.000,45.700,118.000,19.000
2023-10-07 15:00:00,10.220,49.000,0.000,49.000,19.100
2023-10-07 16:00:00,10.560,59.000,86.500,44.000,19.000
2023-10-07 17:00:00,11.420,7.000,30.400,5.000,18.500
2023-10-07 18:00:00,11.400,0.000,0.000,0.000,18.300
2023-10-07 19:00:00,10.910,0.000,0.000,0.000,18.200
2023-10-07 20:00:00,10.250,0.000,0.000,0.000,18.100
2023-10-07 21:00:00,8.910,0.000,0.000,0.000,17.200
2023-10-07 22:00:00,6.520,0.000,0.000,0.000,16.000
2023-10-07 23:00:00,6.320,0.000,0.000,0.000,14.400
2023-10-08 00:00:00,6.500,0.000,0.000,0.000,12.700
2023-10-08 01:00:00,6.000,0.000,0.000,0.000,11.400
2023-10-08 02:00:00,3.860,0.000,0.000,0.000,10.400
2023-10-08 03:00:00,2.520,0.000,0.000,0.000,10.200
2023-10-08 04:00:00,2.970,0.000,0.000,0.000,10.300
2023-10-08 05:00:00,3.610,0.000,0.000,0.000,10.600
2023-10-08 06:00:00,4.180,2.000,0.000,2.000,10.700
2023-10-08 07:00:00,3.110,21.000,15.100,19.000,10.900
2023-10-08 08:00:00,2.060,69.000,73.800,49.000,11.900
2023-10-08 09:00:00,1.840,226.000,329.100,99.000,12.800
2023-10-08 10:00:00,1.220,434.000,729.100,92.000,14.100
2023-10-08 11:00:00,0.920,477.000,736.300,98.000,14.700
2023-10-08 12:00:00,1.040,451.000,634.900,121.000,15.100
2023-10-08 13:00:00,1.440,409.000,647.000,96.000,15.200
2023-10-08 14:00:00,1.610,304.000,461.700,115.000,15.200
2023-10-08 15:00:00,1.020,158.000,192.500,100.000,14.800
2023-10-08 16:00:00,0.890,60.000,29.900,55.000,14.100
2023-10-08 17:00:00,1.900,5.000,0.000,5.000,13.500
2023-10-08 18:00:00,2.410,0.000,0.000,0.000,12.700
2023-10-08 19:00:00,3.350,0.000,0.000,0.000,12.600
2023-10-08 20:00:00,3.770,0.000,0.000,0.000,12.500
2023-10-08 21:00:00,4.030,0.000,0.000,0.000,12.200
2023-10-08 22:00:00,4.050,0.000,0.000,0.000,11.800
2023-10-08 23:00:00,4.550,0.000,0.000,0.000,11.600
2023-10-09 00:00:00,4.470,0.000,0.000,0.000,11.600
2023-10-09 01:00:00,4.180,0.000,0.000,0.000,11.500
2023-10-09 02:00:00,3.640,0.000,0.000,0.000,11.400
2023-10-09 03:00:00,3.610,0.000,0.000,0.000,11.400
2023-10-09 04:00:00,3.830,0.000,0.000,0.000,11.600
2023-10-09 05:00:00,4.570,0.000,0.000,0.000,12.300
2023-10-09 06:00:00,5.360,1.000,0.000,1.000,12.800
2023-10-09 07:00:00,6.040,25.000,0.000,25.000,13.300
2023-10-09 08:00:00,6.230,55.000,0.000,55.000,13.600
2023-10-09 09:00:00,6.940,48.000,0.000,48.000,14.100
2023-10-09 10:00:00,6.820,82.000,4.300,80.000,14.900
2023-10-09 11:00:00,7.530,64.000,9.800,59.000,15.100
2023-10-09 12:00:00,8.060,96.000,13.600,89.000,15.500
2023-10-09 13:00:00,8.000,111.000,31.400,96.000,15.700
2023-10-09 14:00:00,7.730,110.000,104.100,68.000,15.800
2023-10-09 15:00:00,7.300,46.000,10.200,43.000,15.900
2023-10-09 16:00:00,7.430,18.000,0.000,18.000,16.100
2023-10-09 17:00:00,6.890,2.000,0.000,2.000,15.800
2023-10-09 18:00:00,7.080,0.000,0.000,0.000,15.500
2023-10-09 19:00:00,6.870,0.000,0.000,0.000,15.400
2023-10-09 20:00:00,6.680,0.000,0.000,0.000,15.300
2023-10-09 21:00:00,6.090,0.000,0.000,0.000,15.200
2023-10-09 22:00:00,5.380,0.000,0.000,0.000,15.000
2023-10-09 23:00:00,5.610,0.000,0.000,0.000,14.800
2023-10-10 00:00:00,5.410,0.000,0.000,0.000,14.600
2023-10-10 01:00:00,5.060,0.000,0.000,0.000,14.400
2023-10-10 02:00:00,5.150,0.000,0.000,0.000,14.200
2023-10-10 03:00:00,4.810,0.000,0.000,0.000,14.100
2023-10-10 04:00:00,4.400,0.000,0.000,0.000,14.000
2023-10-10 05:00:00,4.550,0.000,0.000,0.000,13.800
2023-10-10 06:00:00,4.300,1.000,0.000,1.000,13.600
2023-10-10 07:00:00,4.680,21.000,0.000,21.000,13.900
2023-10-10 08:00:00,5.100,66.000,7.700,64.000,14.800
2023-10-10 09:00:00,4.790,143.000,34.600,130.000,15.800
2023-10-10 10:00:00,3.740,138.000,17.500,130.000,16.700
2023-10-10 11:00:00,4.950,172.000,23.800,160.000,17.500
2023-10-10 12:00:00,5.240,222.000,43.300,200.000,18.400
2023-10-10 13:00:00,4.810,272.000,186.400,184.000,19.200
2023-10-10 14:00:00,4.810,212.000,153.500,151.000,20.000
2023-10-10 15:00:00,5.330,129.000,86.400,104.000,19.900
2023-10-10 16:00:00,5.870,60.000,83.800,47.000,19.400
2023-10-10 17:00:00,6.740,8.000,17.700,7.000,18.600
2023-10-10 18:00:00,7.660,0.000,0.000,0.000,18.000
2023-10-10 19:00:00,8.500,0.000,0.000,0.000,17.800
2023-10-10 20:00:00,8.430,0.000,0.000,0.000,17.400
2023-10-10 21:00:00,8.630,0.000,0.000,0.000,17.200
2023-10-10 22:00:00,9.200,0.000,0.000,0.000,16.900
2023-10-10 23:00:00,9.280,0.000,0.000,0.000,17.000
2023-10-11 00:00:00,9.570,0.000,0.000,0.000,17.000
2023-10-11 01:00:00,9.860,0.000,0.000,0.000,17.000
2023-10-11 02:00:00,10.070,0.000,0.000,0.000,17.100
2023-10-11 03:00:00,10.000,0.000,0.000,0.000,17.200
2023-10-11 04:00:00,9.720,0.000,0.000,0.000,16.900
2023-10-11 05:00:00,9.760,0.000,0.000,0.000,16.800
2023-10-11 06:00:00,9.740,2.000,0.000,2.000,16.600
2023-10-11 07:00:00,9.790,59.000,118.700,45.000,16.900
2023-10-11 08:00:00,9.400,186.000,464.400,67.000,17.900
2023-10-11 09:00:00,9.360,294.000,537.000,95.000,19.000
2023-10-11 10:00:00,9.790,383.000,582.800,119.000,20.200
2023-10-11 11:00:00,10.780,390.000,494.000,144.000,20.900
2023-10-11 12:00:00,11.100,404.000,519.400,143.000,21.200
2023-10-11 13:00:00,10.910,341.000,472.000,121.000,21.200
2023-10-11 14:00:00,11.450,235.000,350.100,98.000,20.900
2023-10-11 15:00:00,9.970,146.000,204.800,88.000,20.500
2023-10-11 16:00:00,9.600,45.000,53.700,37.000,19.900
2023-10-11 17:00:00,9.360,6.000,18.700,5.000,19.200
2023-10-11 18:00:00,9.620,0.000,0.000,0.000,18.800
2023-10-11 19:00:00,9.750,0.000,0.000,0.000,18.700
2023-10-11 20:00:00,9.930,0.000,0.000,0.000,18.800
2023-10-11 21:00:00,10.200,0.000,0.000,0.000,18.900
2023-10-11 22:00:00,11.230,0.000,0.000,0.000,18.800
2023-10-11 23:00:00,9.600,0.000,0.000,0.000,18.800
2023-10-12 00:00:00,9.610,0.000,0.000,0.000,18.400
2023-10-12 01:00:00,9.650,0.000,0.000,0.000,17.400
2023-10-12 02:00:00,8.420,0.000,0.000,0.000,16.300
2023-10-12 03:00:00,6.460,0.000,0.000,0.000,15.300
2023-10-12 04:00:00,5.000,0.000,0.000,0.000,14.500
2023-10-12 05:00:00,5.020,0.000,0.000,0.000,13.900
2023-10-12 06:00:00,4.780,0.000,0.000,0.000,13.400
2023-10-12 07:00:00,4.480,16.000,17.700,14.000,13.000
2023-10-12 08:00:00,4.290,39.000,0.000,39.000,13.000
2023-10-12 09:00:00,3.890,76.000,35.600,63.000,12.900
2023-10-12 10:00:00,3.320,96.000,31.300,82.000,13.200
2023-10-12 11:00:00,1.330,129.000,67.000,96.000,13.600
2023-10-12 12:00:00,0.280,120.000,78.500,81.000,13.900
2023-10-12 13:00:00,0.760,95.000,50.000,72.000,13.800
2023-10-12 14:00:00,0.730,55.000,0.000,55.000,13.700
2023-10-12 15:00:00,0.670,39.000,18.000,34.000,13.400
2023-10-12 16:00:00,1.610,20.000,0.000,20.000,13.100
2023-10-12 17:00:00,2.830,2.000,0.000,2.000,12.700
2023-10-12 18:00:00,3.470,0.000,0.000,0.000,12.500
2023-10-12 19:00:00,3.200,0.000,0.000,0.000,12.200
2023-10-12 20:00:00,3.550,0.000,0.000,0.000,12.400
2023-10-12 21:00:00,4.200,0.000,0.000,0.000,12.800
2023-10-12 22:00:00,4.660,0.000,0.000,0.000,13.400
2023-10-12 23:00:00,5.650,0.000,0.000,0.000,14.200
2023-10-13 00:00:00,6.570,0.000,0.000,0.000,14.700
2023-10-13 01:00:00,6.700,0.000,0.000,0.000,15.300
2023-10-13 02:00:00,7.240,0.000,0.000,0.000,15.700
2023-10-13 03:00:00,7.270,0.000,0.000,0.000,15.800
2023-10-13 04:00:00,7.560,0.000,0.000,0.000,15.900
2023-10-13 05:00:00,7.700,0.000,0.000,0.000,16.100
2023-10-13 06:00:00,7.790,0.000,0.000,0.000,16.300
2023-10-13 07:00:00,8.510,18.000,0.000,18.000,16.600
2023-10-13 08:00:00,10.120,31.000,0.000,31.000,16.900
2023-10-13 09:00:00,11.110,31.000,0.000,31.000,17.300
2023-10-13 10:00:00,9.380,96.000,13.600,90.000,18.700
2023-10-13 11:00:00,8.820,258.000,236.200,143.000,20.300
2023-10-13 12:00:00,10.740,380.000,472.600,148.000,21.500
2023-10-13 13:00:00,10.740,382.000,614.200,103.000,22.400
2023-10-13 14:00:00,11.580,314.000,617.000,80.000,23.200
2023-10-13 15:00:00,13.020,183.000,439.000,64.000,23.300
2023-10-13 16:00:00,12.200,66.000,197.000,39.000,22.900
2023-10-13 17:00:00,11.980,5.000,19.100,4.000,22.400
2023-10-13 18:00:00,11.740,0.000,0.000,0.000,21.800
2023-10-13 19:00:00,11.600,0.000,0.000,0.000,20.600
2023-10-13 20:00:00,11.710,0.000,0.000,0.000,20.300
2023-10-13 21:00:00,12.040,0.000,0.000,0.000,19.500
2023-10-13 22:00:00,12.370,0.000,0.000,0.000,18.100
2023-10-13 23:00:00,12.670,0.000,0.000,0.000,17.500
2023-10-14 00:00:00,12.870,0.000,0.000,0.000,17.400
2023-10-14 01:00:00,13.150,0.000,0.000,0.000,17.100
2023-10-14 02:00:00,12.710,0.000,0.000,0.000,16.700
2023-10-14 03:00:00,11.260,0.000,0.000,0.000,15.300
2023-10-14 04:00:00,8.770,0.000,0.000,0.000,12.200
2023-10-14 05:00:00,9.090,0.000,0.000,0.000,11.200
2023-10-14 06:00:00,9.520,1.000,0.000,1.000,11.300
2023-10-14 07:00:00,9.400,56.000,277.300,27.000,11.400
2023-10-14 08:00:00,8.840,163.000,389.400,69.000,12.300
2023-10-14 09:00:00,10.200,287.000,560.500,88.000,13.300
2023-10-14 10:00:00,9.000,346.000,588.300,89.000,13.800
2023-10-14 11:00:00,8.780,344.000,490.400,108.000,13.700
2023-10-14 12:00:00,10.300,386.000,562.700,113.000,13.700
2023-10-14 13:00:00,10.130,361.000,577.700,102.000,13.700
2023-10-14 14:00:00,9.660,267.000,460.800,95.000,13.200
2023-10-14 15:00:00,9.490,103.000,237.700,40.000,11.500
2023-10-14 16:00:00,8.840,63.000,160.200,42.000,10.900
2023-10-14 17:00:00,8.910,4.000,19.100,3.000,10.200
2023-10-14 18:00:00,9.100,0.000,0.000,0.000,9.900
2023-10-14 19:00:00,9.220,0.000,0.000,0.000,9.600
2023-10-14 20:00:00,9.530,0.000,0.000,0.000,9.200
2023-10-14 21:00:00,9.610,0.000,0.000,0.000,8.700
2023-10-14 22:00:00,10.350,0.000,0.000,0.000,8.400
2023-10-14 23:00:00,9.230,0.000,0.000,0.000,8.000
2023-10-15 00:00:00,9.300,0.000,0.000,0.000,7.700
2023-10-15 01:00:00,9.950,0.000,0.000,0.000,7.500
2023-10-15 02:00:00,10.330,0.000,0.000,0.000,7.200
2023-10-15 03:00:00,9.750,0.000,0.000,0.000,7.000
2023-10-15 04:00:00,9.270,0.000,0.000,0.000,6.900
2023-10-15 05:00:00,8.640,0.000,0.000,0.000,6.700
2023-10-15 06:00:00,7.930,1.000,0.000,1.000,6.600
2023-10-15 07:00:00,7.670,49.000,176.400,31.000,6.800
2023-10-15 08:00:00,8.840,164.000,342.600,83.000,7.500
2023-10-15 09:00:00,8.800,236.000,320.100,124.000,8.000
2023-10-15 10:00:00,7.410,260.000,331.500,117.000,8.600
2023-10-15 11:00:00,7.710,361.000,529.800,109.000,9.100
2023-10-15 12:00:00,8.300,362.000,456.800,143.000,9.300
2023-10-15 13:00:00,9.110,287.000,330.000,141.000,9.800
2023-10-15 14:00:00,9.490,267.000,427.400,110.000,10.100
2023-10-15 15:00:00,7.960,161.000,397.500,58.000,9.800
2023-10-15 16:00:00,7.630,76.000,319.500,36.000,8.900
2023-10-15 17:00:00,7.920,4.000,19.100,3.000,7.800
2023-10-15 18:00:00,7.920,0.000,0.000,0.000,7.200
2023-10-15 19:00:00,7.910,0.000,0.000,0.000,6.900
2023-10-15 20:00:00,7.900,0.000,0.000,0.000,6.700
2023-10-15 21:00:00,7.820,0.000,0.000,0.000,6.400
2023-10-15 22:00:00,7.890,0.000,0.000,0.000,5.900
2023-10-15 23:00:00,8.010,0.000,0.000,0.000,5.700
2023-10-16 00:00:00,7.790,0.000,0.000,0.000,5.400
2023-10-16 01:00:00,7.730,0.000,0.000,0.000,5.200
2023-10-16 02:00:00,7.670,0.000,0.000,0.000,5.300
2023-10-16 03:00:00,7.430,0.000,0.000,0.000,5.100
2023-10-16 04:00:00,7.320,0.000,0.000,0.000,5.200
2023-10-16 05:00:00,7.220,0.000,0.000,0.000,5.600
2023-10-16 06:00:00,6.890,0.000,0.000,0.000,5.900
2023-10-16 07:00:00,6.590,25.000,60.300,19.000,6.300
2023-10-16 08:00:00,5.730,95.000,190.100,51.000,7.000
2023-10-16 09:00:00,5.900,145.000,156.700,91.000,7.900
2023-10-16 10:00:00,4.880,192.000,208.900,103.000,8.700
2023-10-16 11:00:00,4.210,204.000,174.500,122.000,9.100
2023-10-16 12:00:00,3.860,220.000,221.700,115.000,9.500
2023-10-16 13:00:00,3.550,233.000,284.000,109.000,9.900
2023-10-16 14:00:00,3.220,219.000,401.200,74.000,10.200
2023-10-16 15:00:00,2.920,146.000,355.500,56.000,9.900
2023-10-16 16:00:00,2.880,57.000,226.300,30.000,9.100
2023-10-16 17:00:00,2.820,2.000,0.000,2.000,7.700
2023-10-16 18:00:00,2.620,0.000,0.000,0.000,7.100
2023-10-16 19:00:00,2.470,0.000,0.000,0.000,6.400
2023-10-16 20:00:00,2.340,0.000,0.000,0.000,6.100
2023-10-16 21:00:00,2.110,0.000,0.000,0.000,5.500
2023-10-16 22:00:00,2.800,0.000,0.000,0.000,6.000
2023-10-16 23:00:00,2.910,0.000,0.000,0.000,5.900
2023-10-17 00:00:00,2.560,0.000,0.000,0.000,5.800
2023-10-17 01:00:00,2.330,0.000,0.000,0.000,5.700
2023-10-17 02:00:00,2.120,0.000,0.000,0.000,5.000
2023-10-17 03:00:00,1.800,0.000,0.000,0.000,4.600
2023-10-17 04:00:00,1.710,0.000,0.000,0.000,4.400
2023-10-17 05:00:00,1.700,0.000,0.000,0.000,3.100
2023-10-17 06:00:00,2.000,0.000,0.000,0.000,2.100
2023-10-17 07:00:00,2.420,35.000,92.800,26.000,3.100
2023-10-17 08:00:00,2.240,113.000,136.900,82.000,4.400
2023-10-17 09:00:00,1.710,184.000,150.200,133.000,5.800
2023-10-17 10:00:00,1.910,291.000,325.700,154.000,8.000
2023-10-17 11:00:00,2.560,358.000,460.800,144.000,9.100
2023-10-17 12:00:00,2.150,357.000,493.700,126.000,10.100
2023-10-17 13:00:00,1.990,261.000,199.700,175.000,10.700
2023-10-17 14:00:00,2.240,167.000,98.500,132.000,10.800
2023-10-17 15:00:00,2.500,110.000,121.300,80.000,10.700
2023-10-17 16:00:00,3.140,44.000,132.200,29.000,9.800
2023-10-17 17:00:00,3.820,2.000,0.000,2.000,8.000
2023-10-17 18:00:00,4.400,0.000,0.000,0.000,6.500
2023-10-17 19:00:00,4.700,0.000,0.000,0.000,6.200
2023-10-17 20:00:00,5.150,0.000,0.000,0.000,5.600
2023-10-17 21:00:00,5.350,0.000,0.000,0.000,4.900
2023-10-17 22:00:00,5.510,0.000,0.000,0.000,3.600
2023-10-17 23:00:00,5.510,0.000,0.000,0.000,3.300
2023-10-18 00:00:00,5.720,0.000,0.000,0.000,2.900
2023-10-18 01:00:00,5.640,0.000,0.000,0.000,2.900
2023-10-18 02:00:00,5.510,0.000,0.000,0.000,2.600
2023-10-18 03:00:00,5.650,0.000,0.000,0.000,2.500
2023-10-18 04:00:00,5.880,0.000,0.000,0.000,2.400
2023-10-18 05:00:00,6.100,0.000,0.000,0.000,2.100
2023-10-18 06:00:00,6.420,0.000,0.000,0.000,2.000
2023-10-18 07:00:00,6.550,43.000,116.500,32.000,2.400
2023-10-18 08:00:00,5.820,135.000,230.200,84.000,4.200
2023-10-18 09:00:00,5.540,235.000,373.900,110.000,6.500
2023-10-18 10:00:00,6.260,343.000,472.000,147.000,7.900
2023-10-18 11:00:00,6.960,351.000,424.900,156.000,9.400
2023-10-18 12:00:00,7.380,379.000,454.400,169.000,10.600
2023-10-18 13:00:00,7.630,320.000,336.500,177.000,11.000
2023-10-18 14:00:00,8.010,238.000,257.400,148.000,11.100
2023-10-18 15:00:00,8.610,144.000,136.700,111.000,10.700
2023-10-18 16:00:00,9.410,50.000,65.000,43.000,9.800
2023-10-18 17:00:00,9.810,2.000,0.000,2.000,8.900
2023-10-18 18:00:00,10.000,0.000,0.000,0.000,8.600
2023-10-18 19:00:00,9.940,0.000,0.000,0.000,8.400
2023-10-18 20:00:00,9.680,0.000,0.000,0.000,8.400
2023-10-18 21:00:00,9.490,0.000,0.000,0.000,8.200
2023-10-18 22:00:00,9.110,0.000,0.000,0.000,8.200
2023-10-18 23:00:00,9.120,0.000,0.000,0.000,8.200
2023-10-19 00:00:00,9.010,0.000,0.000,0.000,8.200
2023-10-19 01:00:00,9.590,0.000,0.000,0.000,7.700
2023-10-19 02:00:00,8.770,0.000,0.000,0.000,7.100
2023-10-19 03:00:00,8.380,0.000,0.000,0.000,6.900
2023-10-19 04:00:00,8.970,0.000,0.000,0.000,6.800
2023-10-19 05:00:00,9.070,0.000,0.000,0.000,6.800
2023-10-19 06:00:00,9.070,0.000,0.000,0.000,6.600
2023-10-19 07:00:00,8.760,2.000,0.000,2.000,6.600
2023-10-19 08:00:00,8.440,13.000,0.000,13.000,6.700
2023-10-19 09:00:00,7.910,28.000,3.000,27.000,7.000
2023-10-19 10:00:00,7.330,62.000,14.600,56.000,7.000
2023-10-19 11:00:00,6.330,57.000,4.400,55.000,7.400
2023-10-19 12:00:00,5.920,68.000,2.200,67.000,7.900
2023-10-19 13:00:00,5.900,81.000,38.200,65.000,8.100
2023-10-19 14:00:00,5.600,68.000,55.300,49.000,8.000
2023-10-19 15:00:00,5.900,57.000,33.900,49.000,7.900
2023-10-19 16:00:00,6.940,25.000,29.200,22.000,7.600
2023-10-19 17:00:00,7.480,0.000,0.000,0.000,7.400
2023-10-19 18:00:00,7.430,0.000,0.000,0.000,7.300
2023-10-19 19:00:00,7.760,0.000,0.000,0.000,7.400
2023-10-19 20:00:00,8.370,0.000,0.000,0.000,7.400
2023-10-19 21:00:00,8.290,0.000,0.000,0.000,7.400
2023-10-19 22:00:00,7.620,0.000,0.000,0.000,7.100
2023-10-19 23:00:00,7.880,0.000,0.000,0.000,7.200
2023-10-20 00:00:00,8.400,0.000,0.000,0.000,7.300
2023-10-20 01:00:00,8.100,0.000,0.000,0.000,7.300
2023-10-20 02:00:00,9.140,0.000,0.000,0.000,7.300
2023-10-20 03:00:00,9.600,0.000,0.000,0.000,7.300
2023-10-20 04:00:00,9.970,0.000,0.000,0.000,7.300
2023-10-20 05:00:00,10.470,0.000,0.000,0.000,7.300
2023-10-20 06:00:00,11.180,0.000,0.000,0.000,7.300
2023-10-20 07:00:00,11.190,3.000,0.000,3.000,7.200
2023-10-20 08:00:00,11.410,9.000,0.000,9.000,7.000
2023-10-20 09:00:00,11.870,14.000,0.000,14.000,6.900
2023-10-20 10:00:00,9.750,22.000,0.000,22.000,6.500
2023-10-20 11:00:00,9.900,32.000,0.000,32.000,6.500
2023-10-20 12:00:00,11.830,32.000,0.000,32.000,6.400
2023-10-20 13:00:00,13.090,21.000,0.000,21.000,6.300
2023-10-20 14:00:00,12.000,17.000,0.000,17.000,6.100
2023-10-20 15:00:00,10.710,10.000,0.000,10.000,6.100
2023-10-20 16:00:00,9.820,2.000,0.000,2.000,6.100
2023-10-20 17:00:00,10.440,0.000,0.000,0.000,6.200
2023-10-20 18:00:00,11.830,0.000,0.000,0.000,6.300
2023-10-20 19:00:00,9.990,0.000,0.000,0.000,6.700
2023-10-20 20:00:00,8.160,0.000,0.000,0.000,7.100
2023-10-20 21:00:00,6.730,0.000,0.000,0.000,7.700
2023-10-20 22:00:00,5.800,0.000,0.000,0.000,7.900
2023-10-20 23:00:00,5.330,0.000,0.000,0.000,8.100
2023-10-21 00:00:00,5.640,0.000,0.000,0.000,8.500
2023-10-21 01:00:00,6.140,0.000,0.000,0.000,8.800
2023-10-21 02:00:00,6.510,0.000,0.000,0.000,9.000
2023-10-21 03:00:00,6.660,0.000,0.000,0.000,9.100
2023-10-21 04:00:00,7.020,0.000,0.000,0.000,9.200
2023-10-21 05:00:00,6.690,0.000,0.000,0.000,9.500
2023-10-21 06:00:00,6.110,0.000,0.000,0.000,9.900
2023-10-21 07:00:00,5.340,22.000,57.500,17.000,10.400
2023-10-21 08:00:00,4.960,60.000,77.400,44.000,11.200
2023-10-21 09:00:00,6.400,67.000,12.500,63.000,12.100
2023-10-21 10:00:00,7.410,62.000,5.000,60.000,12.900
2023-10-21 11:00:00,5.480,205.000,239.600,99.000,14.600
2023-10-21 12:00:00,6.230,243.000,312.200,104.000,15.900
2023-10-21 13:00:00,7.430,305.000,495.300,103.000,16.300
2023-10-21 14:00:00,6.980,212.000,382.000,85.000,16.100
2023-10-21 15:00:00,6.180,142.000,401.100,52.000,16.100
2023-10-21 16:00:00,6.690,46.000,237.700,23.000,14.200
2023-10-21 17:00:00,7.220,0.000,0.000,0.000,13.200
2023-10-21 18:00:00,7.530,0.000,0.000,0.000,12.400
2023-10-21 19:00:00,7.720,0.000,0.000,0.000,12.000
2023-10-21 20:00:00,8.100,0.000,0.000,0.000,11.900
2023-10-21 21:00:00,8.320,0.000,0.000,0.000,12.000
2023-10-21 22:00:00,8.490,0.000,0.000,0.000,11.700
2023-10-21 23:00:00,8.040,0.000,0.000,0.000,11.200
2023-10-22 00:00:00,8.310,0.000,0.000,0.000,11.000
2023-10-22 01:00:00,8.300,0.000,0.000,0.000,10.800
2023-10-22 02:00:00,8.420,0.000,0.000,0.000,10.500
2023-10-22 03:00:00,8.320,0.000,0.000,0.000,10.500
2023-10-22 04:00:00,8.470,0.000,0.000,0.000,10.400
2023-10-22 05:00:00,8.710,0.000,0.000,0.000,10.300
2023-10-22 06:00:00,8.350,0.000,0.000,0.000,10.400
2023-10-22 07:00:00,8.230,29.000,154.000,16.000,10.900
2023-10-22 08:00:00,8.010,65.000,39.600,57.000,12.400
2023-10-22 09:00:00,7.330,160.000,168.900,107.000,13.200
2023-10-22 10:00:00,7.530,262.000,347.800,125.000,14.200
2023-10-22 11:00:00,7.720,238.000,309.000,103.000,14.300
2023-10-22 12:00:00,7.440,275.000,368.400,113.000,14.500
2023-10-22 13:00:00,7.320,183.000,223.800,93.000,14.500
2023-10-22 14:00:00,6.360,172.000,296.800,75.000,14.400
2023-10-22 15:00:00,5.750,118.000,269.600,59.000,13.900
2023-10-22 16:00:00,5.660,36.000,159.800,21.000,13.100
2023-10-22 17:00:00,5.590,0.000,0.000,0.000,11.800
2023-10-22 18:00:00,5.800,0.000,0.000,0.000,11.600
2023-10-22 19:00:00,6.090,0.000,0.000,0.000,11.400
2023-10-22 20:00:00,6.110,0.000,0.000,0.000,10.900
2023-10-22 21:00:00,6.060,0.000,0.000,0.000,10.600
2023-10-22 22:00:00,5.940,0.000,0.000,0.000,10.100
2023-10-22 23:00:00,5.300,0.000,0.000,0.000,9.600
2023-10-23 00:00:00,5.100,0.000,0.000,0.000,9.400
2023-10-23 01:00:00,5.420,0.000,0.000,0.000,9.200
2023-10-23 02:00:00,5.560,0.000,0.000,0.000,9.400
2023-10-23 03:00:00,4.840,0.000,0.000,0.000,9.200
2023-10-23 04:00:00,4.800,0.000,0.000,0.000,9.200
2023-10-23 05:00:00,4.700,0.000,0.000,0.000,8.800
2023-10-23 06:00:00,4.440,0.000,0.000,0.000,9.000
2023-10-23 07:00:00,4.200,30.000,170.900,16.000,9.100
2023-10-23 08:00:00,3.320,91.000,208.100,50.000,10.600
2023-10-23 09:00:00,2.060,215.000,401.700,91.000,11.700
2023-10-23 10:00:00,2.220,310.000,537.700,101.000,12.600
2023-10-23 11:00:00,1.840,286.000,361.500,130.000,13.400
2023-10-23 12:00:00,1.700,260.000,269.400,143.000,13.900
2023-10-23 13:00:00,1.320,196.000,181.500,124.000,14.200
2023-10-23 14:00:00,1.860,147.000,161.800,95.000,14.100
2023-10-23 15:00:00,2.510,84.000,70.300,69.000,13.200
2023-10-23 16:00:00,3.910,31.000,32.900,28.000,12.200
2023-10-23 17:00:00,5.380,0.000,0.000,0.000,11.300
2023-10-23 18:00:00,6.050,0.000,0.000,0.000,10.800
2023-10-23 19:00:00,7.100,0.000,0.000,0.000,10.600
2023-10-23 20:00:00,7.160,0.000,0.000,0.000,10.700
2023-10-23 21:00:00,7.690,0.000,0.000,0.000,10.800
2023-10-23 22:00:00,7.240,0.000,0.000,0.000,10.600
2023-10-23 23:00:00,7.490,0.000,0.000,0.000,10.900
2023-10-24 00:00:00,7.750,0.000,0.000,0.000,11.000
2023-10-24 01:00:00,7.970,0.000,0.000,0.000,11.200
2023-10-24 02:00:00,7.750,0.000,0.000,0.000,11.300
2023-10-24 03:00:00,7.540,0.000,0.000,0.000,11.400
2023-10-24 04:00:00,7.140,0.000,0.000,0.000,11.500
2023-10-24 05:00:00,6.360,0.000,0.000,0.000,11.500
2023-10-24 06:00:00,5.820,0.000,0.000,0.000,11.400
2023-10-24 07:00:00,5.740,9.000,0.000,9.000,11.300
2023-10-24 08:00:00,5.520,62.000,20.800,58.000,12.100
2023-10-24 09:00:00,5.340,137.000,59.300,119.000,12.900
2023-10-24 10:00:00,4.970,192.000,52.200,172.000,13.500
2023-10-24 11:00:00,4.660,190.000,42.200,172.000,13.700
2023-10-24 12:00:00,3.970,160.000,16.300,153.000,13.700
2023-10-24 13:00:00,3.450,123.000,2.600,122.000,13.600
2023-10-24 14:00:00,3.930,79.000,3.200,78.000,13.300
2023-10-24 15:00:00,4.520,39.000,0.000,39.000,13.000
2023-10-24 16:00:00,4.730,16.000,0.000,16.000,12.300
2023-10-24 17:00:00,4.850,0.000,0.000,0.000,11.900
2023-10-24 18:00:00,4.880,0.000,0.000,0.000,11.500
2023-10-24 19:00:00,5.730,0.000,0.000,0.000,11.400
2023-10-24 20:00:00,6.690,0.000,0.000,0.000,11.200
2023-10-24 21:00:00,6.360,0.000,0.000,0.000,10.900
2023-10-24 22:00:00,5.840,0.000,0.000,0.000,8.900
2023-10-24 23:00:00,6.080,0.000,0.000,0.000,8.300
2023-10-25 00:00:00,6.240,0.000,0.000,0.000,8.000
2023-10-25 01:00:00,6.170,0.000,0.000,0.000,7.700
2023-10-25 02:00:00,6.240,0.000,0.000,0.000,7.700
2023-10-25 03:00:00,6.170,0.000,0.000,0.000,7.800
2023-10-25 04:00:00,5.800,0.000,0.000,0.000,7.800
2023-10-25 05:00:00,5.950,0.000,0.000,0.000,7.400
2023-10-25 06:00:00,5.880,0.000,0.000,0.000,7.100
2023-10-25 07:00:00,5.770,27.000,142.900,16.000,7.100
2023-10-25 08:00:00,5.610,129.000,379.000,58.000,8.900
2023-10-25 09:00:00,4.700,217.000,408.500,95.000,10.500
2023-10-25 10:00:00,5.040,291.000,452.000,120.000,11.600
2023-10-25 11:00:00,5.250,352.000,551.200,120.000,12.500
2023-10-25 12:00:00,5.550,322.000,406.200,150.000,13.000
2023-10-25 13:00:00,5.690,277.000,373.200,133.000,13.300
2023-10-25 14:00:00,5.660,180.000,151.300,133.000,13.300
2023-10-25 15:00:00,5.700,71.000,9.900,69.000,13.000
2023-10-25 16:00:00,6.350,14.000,0.000,14.000,12.100
2023-10-25 17:00:00,7.280,0.000,0.000,0.000,11.600
2023-10-25 18:00:00,8.190,0.000,0.000,0.000,10.900
2023-10-25 19:00:00,8.910,0.000,0.000,0.000,10.700
2023-10-25 20:00:00,9.110,0.000,0.000,0.000,10.600
2023-10-25 21:00:00,8.840,0.000,0.000,0.000,10.500
2023-10-25 22:00:00,8.020,0.000,0.000,0.000,10.700
2023-10-25 23:00:00,7.300,0.000,0.000,0.000,10.500
2023-10-26 00:00:00,6.850,0.000,0.000,0.000,10.400
2023-10-26 01:00:00,6.690,0.000,0.000,0.000,10.100
2023-10-26 02:00:00,6.480,0.000,0.000,0.000,10.000
2023-10-26 03:00:00,6.100,0.000,0.000,0.000,9.800
2023-10-26 04:00:00,5.780,0.000,0.000,0.000,9.700
2023-10-26 05:00:00,5.640,0.000,0.000,0.000,9.500
2023-10-26 06:00:00,5.380,0.000,0.000,0.000,9.300
2023-10-26 07:00:00,5.060,3.000,13.400,2.000,9.300
2023-10-26 08:00:00,5.020,7.000,0.000,7.000,9.400
2023-10-26 09:00:00,5.500,20.000,0.000,20.000,9.500
2023-10-26 10:00:00,5.810,31.000,0.000,31.000,9.900
2023-10-26 11:00:00,5.420,42.000,0.000,42.000,10.400
2023-10-26 12:00:00,3.960,38.000,0.000,38.000,10.400
2023-10-26 13:00:00,2.510,33.000,2.600,32.000,10.400
2023-10-26 14:00:00,2.460,24.000,0.000,24.000,10.400
2023-10-26 15:00:00,2.870,12.000,0.000,12.000,10.300
2023-10-26 16:00:00,2.600,3.000,0.000,3.000,10.300
2023-10-26 17:00:00,2.100,0.000,0.000,0.000,10.100
2023-10-26 18:00:00,2.000,0.000,0.000,0.000,10.100
2023-10-26 19:00:00,2.200,0.000,0.000,0.000,10.000
2023-10-26 20:00:00,2.100,0.000,0.000,0.000,9.800
2023-10-26 21:00:00,2.050,0.000,0.000,0.000,9.300
2023-10-26 22:00:00,0.920,0.000,0.000,0.000,8.700
2023-10-26 23:00:00,1.610,0.000,0.000,0.000,8.200
2023-10-27 00:00:00,1.630,0.000,0.000,0.000,7.700
2023-10-27 01:00:00,1.870,0.000,0.000,0.000,7.600
2023-10-27 02:00:00,2.600,0.000,0.000,0.000,7.700
2023-10-27 03:00:00,2.550,0.000,0.000,0.000,7.700
2023-10-27 04:00:00,2.620,0.000,0.000,0.000,7.800
2023-10-27 05:00:00,2.380,0.000,0.000,0.000,7.800
2023-10-27 06:00:00,3.010,0.000,0.000,0.000,7.800
2023-10-27 07:00:00,2.600,8.000,0.000,8.000,8.100
2023-10-27 08:00:00,2.640,34.000,0.000,34.000,8.500
2023-10-27 09:00:00,2.820,51.000,3.500,50.000,9.000
2023-10-27 10:00:00,3.410,77.000,0.000,77.000,9.000
2023-10-27 11:00:00,3.960,87.000,2.400,86.000,9.500
2023-10-27 12:00:00,4.120,96.000,0.000,96.000,10.100
2023-10-27 13:00:00,3.640,77.000,0.000,77.000,10.300
2023-10-27 14:00:00,3.710,63.000,0.000,63.000,10.300
2023-10-27 15:00:00,3.910,29.000,0.000,29.000,10.100
2023-10-27 16:00:00,4.600,7.000,0.000,7.000,9.900
2023-10-27 17:00:00,4.470,0.000,0.000,0.000,9.700
2023-10-27 18:00:00,3.620,0.000,0.000,0.000,9.500
2023-10-27 19:00:00,2.420,0.000,0.000,0.000,9.400
2023-10-27 20:00:00,2.260,0.000,0.000,0.000,9.400
2023-10-27 21:00:00,2.900,0.000,0.000,0.000,9.300
2023-10-27 22:00:00,1.940,0.000,0.000,0.000,9.900
2023-10-27 23:00:00,2.320,0.000,0.000,0.000,9.900
2023-10-28 00:00:00,2.470,0.000,0.000,0.000,10.000
2023-10-28 01:00:00,2.910,0.000,0.000,0.000,9.900
2023-10-28 02:00:00,2.910,0.000,0.000,0.000,9.700
2023-10-28 03:00:00,2.000,0.000,0.000,0.000,9.500
2023-10-28 04:00:00,1.810,0.000,0.000,0.000,9.300
2023-10-28 05:00:00,3.510,0.000,0.000,0.000,9.300
2023-10-28 06:00:00,4.120,0.000,0.000,0.000,9.400
2023-10-28 07:00:00,4.240,10.000,0.000,10.000,9.400
2023-10-28 08:00:00,4.460,49.000,52.100,40.000,9.800
2023-10-28 09:00:00,4.590,60.000,21.200,54.000,10.600
2023-10-28 10:00:00,3.490,112.000,79.900,83.000,10.600
2023-10-28 11:00:00,3.570,229.000,316.000,101.000,11.500
2023-10-28 12:00:00,3.110,218.000,287.200,101.000,12.400
2023-10-28 13:00:00,3.600,144.000,62.200,121.000,12.700
2023-10-28 14:00:00,4.550,109.000,101.800,79.000,12.400
2023-10-28 15:00:00,5.850,34.000,5.300,33.000,11.700
2023-10-28 16:00:00,6.510,14.000,64.600,9.000,11.400
2023-10-28 17:00:00,6.800,0.000,0.000,0.000,10.500
2023-10-28 18:00:00,6.680,0.000,0.000,0.000,10.000
2023-10-28 19:00:00,7.600,0.000,0.000,0.000,9.800
2023-10-28 20:00:00,7.710,0.000,0.000,0.000,9.800
2023-10-28 21:00:00,7.740,0.000,0.000,0.000,9.800
2023-10-28 22:00:00,7.500,0.000,0.000,0.000,9.800
2023-10-28 23:00:00,7.790,0.000,0.000,0.000,10.000
2023-10-29 00:00:00,8.040,0.000,0.000,0.000,10.400
2023-10-29 01:00:00,8.880,0.000,0.000,0.000,10.700
2023-10-29 02:00:00,9.330,0.000,0.000,0.000,11.200
2023-10-29 03:00:00,9.800,0.000,0.000,0.000,11.400
2023-10-29 04:00:00,10.650,0.000,0.000,0.000,11.800
2023-10-29 05:00:00,11.200,0.000,0.000,0.000,12.300
2023-10-29 06:00:00,11.420,0.000,0.000,0.000,12.400
2023-10-29 07:00:00,11.390,8.000,0.000,8.000,12.700
2023-10-29 08:00:00,11.290,42.000,0.000,42.000,13.000
2023-10-29 09:00:00,11.270,86.000,7.200,84.000,13.900
2023-10-29 10:00:00,10.380,218.000,178.900,154.000,14.900
2023-10-29 11:00:00,9.750,281.000,310.100,157.000,15.600
2023-10-29 12:00:00,10.770,231.000,161.600,166.000,15.800
2023-10-29 13:00:00,8.630,141.000,24.700,132.000,15.800
2023-10-29 14:00:00,9.420,125.000,76.000,103.000,15.600
2023-10-29 15:00:00,9.380,89.000,137.300,64.000,15.000
2023-10-29 16:00:00,9.400,23.000,53.500,19.000,14.000
2023-10-29 17:00:00,9.610,0.000,0.000,0.000,13.300
2023-10-29 18:00:00,10.910,0.000,0.000,0.000,13.500
2023-10-29 19:00:00,11.400,0.000,0.000,0.000,13.200
2023-10-29 20:00:00,11.580,0.000,0.000,0.000,12.900
2023-10-29 21:00:00,11.200,0.000,0.000,0.000,12.500
2023-10-29 22:00:00,12.090,0.000,0.000,0.000,12.600
2023-10-29 23:00:00,11.330,0.000,0.000,0.000,12.400
2023-10-30 00:00:00,10.550,0.000,0.000,0.000,12.200
2023-10-30 01:00:00,9.840,0.000,0.000,0.000,12.000
2023-10-30 02:00:00,9.450,0.000,0.000,0.000,11.800
2023-10-30 03:00:00,9.150,0.000,0.000,0.000,11.700
2023-10-30 04:00:00,8.940,0.000,0.000,0.000,11.700
2023-10-30 05:00:00,8.320,0.000,0.000,0.000,11.500
2023-10-30 06:00:00,8.160,0.000,0.000,0.000,11.500
2023-10-30 07:00:00,7.770,10.000,0.000,10.000,11.600
2023-10-30 08:00:00,7.720,62.000,24.500,58.000,11.900
2023-10-30 09:00:00,6.620,148.000,215.600,89.000,12.700
2023-10-30 10:00:00,8.850,259.000,436.800,105.000,14.300
2023-10-30 11:00:00,7.850,310.000,476.500,122.000,15.200
2023-10-30 12:00:00,6.920,270.000,330.100,139.000,15.500
2023-10-30 13:00:00,4.340,245.000,334.100,125.000,15.600
2023-10-30 14:00:00,2.710,191.000,341.300,94.000,15.200
2023-10-30 15:00:00,4.360,105.000,282.600,55.000,14.400
2023-10-30 16:00:00,5.860,23.000,110.800,15.000,13.400
2023-10-30 17:00:00,5.750,0.000,0.000,0.000,12.900
2023-10-30 18:00:00,5.660,0.000,0.000,0.000,12.700
2023-10-30 19:00:00,5.810,0.000,0.000,0.000,12.500
2023-10-30 20:00:00,5.730,0.000,0.000,0.000,12.200
2023-10-30 21:00:00,5.440,0.000,0.000,0.000,12.200
2023-10-30 22:00:00,6.110,0.000,0.000,0.000,12.000
2023-10-30 23:00:00,5.160,0.000,0.000,0.000,11.900
2023-10-31 00:00:00,5.850,0.000,0.000,0.000,11.800
2023-10-31 01:00:00,6.840,0.000,0.000,0.000,12.000
2023-10-31 02:00:00,7.120,0.000,0.000,0.000,12.200
2023-10-31 03:00:00,7.720,0.000,0.000,0.000,12.400
2023-10-31 04:00:00,9.120,0.000,0.000,0.000,12.200
2023-10-31 05:00:00,10.820,0.000,0.000,0.000,11.900
2023-10-31 06:00:00,11.030,0.000,0.000,0.000,11.300
2023-10-31 07:00:00,11.110,6.000,0.000,6.000,10.900
2023-10-31 08:00:00,11.510,40.000,18.900,37.000,11.000
2023-10-31 09:00:00,11.210,60.000,14.900,56.000,11.000
2023-10-31 10:00:00,10.580,66.000,2.900,65.000,11.100
2023-10-31 11:00:00,11.380,112.000,46.200,94.000,11.300
2023-10-31 12:00:00,10.360,156.000,112.400,112.000,11.900
2023-10-31 13:00:00,9.670,105.000,50.800,87.000,12.000
2023-10-31 14:00:00,9.790,100.000,121.800,66.000,11.700
2023-10-31 15:00:00,9.120,60.000,116.300,40.000,11.300
2023-10-31 16:00:00,7.470,14.000,71.800,9.000,10.500
2023-10-31 17:00:00,6.450,0.000,0.000,0.000,10.000
2023-10-31 18:00:00,5.050,0.000,0.000,0.000,9.500
2023-10-31 19:00:00,3.830,0.000,0.000,0.000,9.300
2023-10-31 20:00:00,2.400,0.000,0.000,0.000,8.900
2023-10-31 21:00:00,1.040,0.000,0.000,0.000,8.600
2023-10-31 22:00:00,1.170,0.000,0.000,0.000,8.800
2023-10-31 23:00:00,1.910,0.000,0.000,0.000,8.600
2023-11-01 00:00:00,3.360,0.000,0.000,0.000,8.300
2023-11-01 01:00:00,4.460,0.000,0.000,0.000,8.400
2023-11-01 02:00:00,5.290,0.000,0.000,0.000,8.700
2023-11-01 03:00:00,5.720,0.000,0.000,0.000,8.900
2023-11-01 04:00:00,6.170,0.000,0.000,0.000,9.200
2023-11-01 05:00:00,6.480,0.000,0.000,0.000,9.700
2023-11-01 06:00:00,6.550,0.000,0.000,0.000,9.900
2023-11-01 07:00:00,6.820,9.000,16.700,8.000,10.300
2023-11-01 08:00:00,7.010,66.000,58.600,57.000,10.700
2023-11-01 09:00:00,7.100,104.000,98.600,78.000,11.200
2023-11-01 10:00:00,7.440,57.000,2.900,56.000,11.400
2023-11-01 11:00:00,6.910,34.000,0.000,34.000,11.900
2023-11-01 12:00:00,7.350,69.000,10.400,65.000,12.900
2023-11-01 13:00:00,8.010,155.000,103.200,119.000,13.900
2023-11-01 14:00:00,8.150,158.000,156.900,115.000,14.000
2023-11-01 15:00:00,8.700,91.000,185.600,60.000,13.600
2023-11-01 16:00:00,8.740,18.000,74.600,13.000,12.900
2023-11-01 17:00:00,8.840,0.000,0.000,0.000,12.600
2023-11-01 18:00:00,8.980,0.000,0.000,0.000,12.900
2023-11-01 19:00:00,9.040,0.000,0.000,0.000,13.000
2023-11-01 20:00:00,9.200,0.000,0.000,0.000,13.100
2023-11-01 21:00:00,9.000,0.000,0.000,0.000,13.100
2023-11-01 22:00:00,8.780,0.000,0.000,0.000,12.900
2023-11-01 23:00:00,8.430,0.000,0.000,0.000,12.300
2023-11-02 00:00:00,7.980,0.000,0.000,0.000,11.700
2023-11-02 01:00:00,7.860,0.000,0.000,0.000,11.100
2023-11-02 02:00:00,8.200,0.000,0.000,0.000,10.400
2023-11-02 03:00:00,8.420,0.000,0.000,0.000,10.100
2023-11-02 04:00:00,8.540,0.000,0.000,0.000,9.900
2023-11-02 05:00:00,9.590,0.000,0.000,0.000,9.900
2023-11-02 06:00:00,10.020,0.000,0.000,0.000,10.200
2023-11-02 07:00:00,11.240,6.000,0.000,6.000,10.900
2023-11-02 08:00:00,11.960,42.000,0.000,42.000,11.500
2023-11-02 09:00:00,12.250,64.000,7.700,62.000,11.400
2023-11-02 10:00:00,11.640,51.000,0.000,51.000,12.800
2023-11-02 11:00:00,11.500,100.000,10.600,96.000,13.300
2023-11-02 12:00:00,12.470,104.000,2.600,103.000,13.300
2023-11-02 13:00:00,12.310,106.000,8.700,103.000,13.700
2023-11-02 14:00:00,11.700,88.000,3.700,87.000,13.700
2023-11-02 15:00:00,11.610,41.000,0.000,41.000,13.600
2023-11-02 16:00:00,11.400,9.000,0.000,9.000,13.300
2023-11-02 17:00:00,11.330,0.000,0.000,0.000,13.000
2023-11-02 18:00:00,11.050,0.000,0.000,0.000,12.700
2023-11-02 19:00:00,10.050,0.000,0.000,0.000,12.400
2023-11-02 20:00:00,9.710,0.000,0.000,0.000,12.100
2023-11-02 21:00:00,8.910,0.000,0.000,0.000,11.900
2023-11-02 22:00:00,8.300,0.000,0.000,0.000,11.600
2023-11-02 23:00:00,8.410,0.000,0.000,0.000,11.300
2023-11-03 00:00:00,8.400,0.000,0.000,0.000,10.700
2023-11-03 01:00:00,9.560,0.000,0.000,0.000,10.100
2023-11-03 02:00:00,9.700,0.000,0.000,0.000,9.600
2023-11-03 03:00:00,9.710,0.000,0.000,0.000,9.300
2023-11-03 04:00:00,10.120,0.000,0.000,0.000,9.000
2023-11-03 05:00:00,9.930,0.000,0.000,0.000,8.700
2023-11-03 06:00:00,9.600,0.000,0.000,0.000,8.500
2023-11-03 07:00:00,8.930,11.000,54.700,8.000,8.900
2023-11-03 08:00:00,8.350,88.000,312.300,43.000,9.700
2023-11-03 09:00:00,7.520,172.000,382.200,75.000,10.400
2023-11-03 10:00:00,9.760,151.000,108.400,115.000,11.100
2023-11-03 11:00:00,10.160,159.000,112.300,117.000,11.300
2023-11-03 12:00:00,9.040,220.000,289.800,111.000,11.700
2023-11-03 13:00:00,7.490,145.000,103.400,110.000,11.800
2023-11-03 14:00:00,6.620,92.000,30.300,84.000,11.900
2023-11-03 15:00:00,6.930,62.000,76.300,50.000,11.400
2023-11-03 16:00:00,7.090,14.000,80.500,9.000,10.600
2023-11-03 17:00:00,7.060,0.000,0.000,0.000,10.000
2023-11-03 18:00:00,7.660,0.000,0.000,0.000,9.400
2023-11-03 19:00:00,8.410,0.000,0.000,0.000,8.900
2023-11-03 20:00:00,7.930,0.000,0.000,0.000,8.600
2023-11-03 21:00:00,7.640,0.000,0.000,0.000,8.300
2023-11-03 22:00:00,8.930,0.000,0.000,0.000,7.700
2023-11-03 23:00:00,8.350,0.000,0.000,0.000,7.300
2023-11-04 00:00:00,8.080,0.000,0.000,0.000,6.800
2023-11-04 01:00:00,8.340,0.000,0.000,0.000,6.500
2023-11-04 02:00:00,8.350,0.000,0.000,0.000,6.300
2023-11-04 03:00:00,8.320,0.000,0.000,0.000,6.100
2023-11-04 04:00:00,8.460,0.000,0.000,0.000,6.000
2023-11-04 05:00:00,8.450,0.000,0.000,0.000,6.000
2023-11-04 06:00:00,8.540,0.000,0.000,0.000,5.900
2023-11-04 07:00:00,8.480,9.000,57.200,6.000,6.400
2023-11-04 08:00:00,8.490,53.000,157.800,31.000,7.600
2023-11-04 09:00:00,7.780,95.000,104.400,69.000,8.600
2023-11-04 10:00:00,7.640,174.000,128.400,132.000,9.800
2023-11-04 11:00:00,9.770,273.000,409.400,122.000,10.700
2023-11-04 12:00:00,9.140,243.000,347.700,114.000,11.000
2023-11-04 13:00:00,8.330,149.000,101.900,115.000,11.000
2023-11-04 14:00:00,8.630,89.000,34.700,80.000,11.000
2023-11-04 15:00:00,9.170,35.000,0.000,35.000,10.500
2023-11-04 16:00:00,9.760,7.000,0.000,7.000,9.700
2023-11-04 17:00:00,10.220,0.000,0.000,0.000,8.700
2023-11-04 18:00:00,10.660,0.000,0.000,0.000,8.100
2023-11-04 19:00:00,10.720,0.000,0.000,0.000,8.200
2023-11-04 20:00:00,10.130,0.000,0.000,0.000,8.500
2023-11-04 21:00:00,9.800,0.000,0.000,0.000,8.600
2023-11-04 22:00:00,9.280,0.000,0.000,0.000,8.900
2023-11-04 23:00:00,9.220,0.000,0.000,0.000,9.100
2023-11-05 00:00:00,8.560,0.000,0.000,0.000,9.300
2023-11-05 01:00:00,8.140,0.000,0.000,0.000,9.300
2023-11-05 02:00:00,8.410,0.000,0.000,0.000,9.400
2023-11-05 03:00:00,8.490,0.000,0.000,0.000,9.300
2023-11-05 04:00:00,8.030,0.000,0.000,0.000,9.300
2023-11-05 05:00:00,7.510,0.000,0.000,0.000,9.400
2023-11-05 06:00:00,7.400,0.000,0.000,0.000,9.800
2023-11-05 07:00:00,8.260,2.000,0.000,2.000,9.800
2023-11-05 08:00:00,8.730,20.000,0.000,20.000,10.000
2023-11-05 09:00:00,8.750,49.000,0.000,49.000,10.400
2023-11-05 10:00:00,6.610,128.000,59.000,109.000,11.400
2023-11-05 11:00:00,6.050,163.000,109.900,123.000,12.100
2023-11-05 12:00:00,6.120,138.000,112.000,97.000,12.500
2023-11-05 13:00:00,7.360,155.000,179.500,96.000,12.500
2023-11-05 14:00:00,7.110,119.000,161.200,78.000,11.800
2023-11-05 15:00:00,7.900,50.000,74.300,39.000,11.200
2023-11-05 16:00:00,9.620,6.000,17.500,5.000,10.800
2023-11-05 17:00:00,10.160,0.000,0.000,0.000,10.900
2023-11-05 18:00:00,10.560,0.000,0.000,0.000,10.700
2023-11-05 19:00:00,12.030,0.000,0.000,0.000,10.700
2023-11-05 20:00:00,12.960,0.000,0.000,0.000,10.500
2023-11-05 21:00:00,13.430,0.000,0.000,0.000,10.600
2023-11-05 22:00:00,13.640,0.000,0.000,0.000,10.300
2023-11-05 23:00:00,13.030,0.000,0.000,0.000,10.300
2023-11-06 00:00:00,12.220,0.000,0.000,0.000,10.200
2023-11-06 01:00:00,11.490,0.000,0.000,0.000,10.000
2023-11-06 02:00:00,11.150,0.000,0.000,0.000,9.900
2023-11-06 03:00:00,10.890,0.000,0.000,0.000,10.000
2023-11-06 04:00:00,10.880,0.000,0.000,0.000,9.900
2023-11-06 05:00:00,10.510,0.000,0.000,0.000,10.000
2023-11-06 06:00:00,9.880,0.000,0.000,0.000,10.100
2023-11-06 07:00:00,9.660,5.000,19.100,4.000,10.100
2023-11-06 08:00:00,11.180,58.000,223.000,29.000,10.400
2023-11-06 09:00:00,10.610,145.000,351.000,61.000,10.800
2023-11-06 10:00:00,7.810,193.000,368.700,76.000,11.300
2023-11-06 11:00:00,7.920,219.000,406.800,73.000,11.900
2023-11-06 12:00:00,9.650,210.000,376.600,74.000,12.200
2023-11-06 13:00:00,9.260,198.000,404.500,67.000,12.300
2023-11-06 14:00:00,9.270,160.000,412.700,57.000,12.400
2023-11-06 15:00:00,9.780,77.000,285.800,36.000,11.900
2023-11-06 16:00:00,9.260,9.000,54.600,6.000,11.200
2023-11-06 17:00:00,8.910,0.000,0.000,0.000,10.600
2023-11-06 18:00:00,8.840,0.000,0.000,0.000,10.500
2023-11-06 19:00:00,8.860,0.000,0.000,0.000,10.100
2023-11-06 20:00:00,8.760,0.000,0.000,0.000,9.800
2023-11-06 21:00:00,8.900,0.000,0.000,0.000,9.500
2023-11-06 22:00:00,9.330,0.000,0.000,0.000,9.400
2023-11-06 23:00:00,9.100,0.000,0.000,0.000,9.400
2023-11-07 00:00:00,9.030,0.000,0.000,0.000,9.100
2023-11-07 01:00:00,9.140,0.000,0.000,0.000,9.000
2023-11-07 02:00:00,8.910,0.000,0.000,0.000,8.900
2023-11-07 03:00:00,8.920,0.000,0.000,0.000,8.800
2023-11-07 04:00:00,9.070,0.000,0.000,0.000,8.900
2023-11-07 05:00:00,8.990,0.000,0.000,0.000,9.100
2023-11-07 06:00:00,8.850,0.000,0.000,0.000,9.200
2023-11-07 07:00:00,8.640,6.000,19.100,5.000,9.400
2023-11-07 08:00:00,8.360,57.000,175.400,35.000,10.000
2023-11-07 09:00:00,7.180,111.000,213.200,61.000,10.700
2023-11-07 10:00:00,6.510,218.000,380.800,99.000,11.500
2023-11-07 11:00:00,7.700,230.000,293.800,126.000,11.900
2023-11-07 12:00:00,7.140,231.000,320.000,117.000,12.100
2023-11-07 13:00:00,6.580,212.000,338.500,104.000,11.300
2023-11-07 14:00:00,7.320,129.000,273.500,62.000,11.300
2023-11-07 15:00:00,6.680,69.000,201.400,41.000,10.800
2023-11-07 16:00:00,7.610,9.000,56.900,6.000,9.800
2023-11-07 17:00:00,7.600,0.000,0.000,0.000,9.200
2023-11-07 18:00:00,7.610,0.000,0.000,0.000,8.600
2023-11-07 19:00:00,7.930,0.000,0.000,0.000,8.200
2023-11-07 20:00:00,8.150,0.000,0.000,0.000,8.100
2023-11-07 21:00:00,8.300,0.000,0.000,0.000,8.000
2023-11-07 22:00:00,8.430,0.000,0.000,0.000,8.100
2023-11-07 23:00:00,8.560,0.000,0.000,0.000,8.200
2023-11-08 00:00:00,8.850,0.000,0.000,0.000,8.300
2023-11-08 01:00:00,9.170,0.000,0.000,0.000,8.200
2023-11-08 02:00:00,9.240,0.000,0.000,0.000,8.200
2023-11-08 03:00:00,9.320,0.000,0.000,0.000,8.300
2023-11-08 04:00:00,9.430,0.000,0.000,0.000,8.500
2023-11-08 05:00:00,9.570,0.000,0.000,0.000,8.400
2023-11-08 06:00:00,9.570,0.000,0.000,0.000,8.500
2023-11-08 07:00:00,9.570,4.000,19.100,3.000,8.400
2023-11-08 08:00:00,9.520,51.000,124.100,36.000,8.900
2023-11-08 09:00:00,10.380,81.000,56.600,68.000,9.500
2023-11-08 10:00:00,10.340,128.000,91.000,100.000,9.800
2023-11-08 11:00:00,9.710,170.000,108.800,132.000,10.300
2023-11-08 12:00:00,9.320,193.000,156.500,138.000,10.900
2023-11-08 13:00:00,7.790,112.000,28.600,103.000,11.200
2023-11-08 14:00:00,7.900,93.000,41.600,83.000,11.200
2023-11-08 15:00:00,7.920,49.000,74.300,39.000,10.900
2023-11-08 16:00:00,8.020,8.000,38.200,6.000,9.900
2023-11-08 17:00:00,8.240,0.000,0.000,0.000,9.700
2023-11-08 18:00:00,8.460,0.000,0.000,0.000,9.700
2023-11-08 19:00:00,8.830,0.000,0.000,0.000,9.800
2023-11-08 20:00:00,9.270,0.000,0.000,0.000,9.600
2023-11-08 21:00:00,9.420,0.000,0.000,0.000,8.900
2023-11-08 22:00:00,9.350,0.000,0.000,0.000,9.000
2023-11-08 23:00:00,9.140,0.000,0.000,0.000,9.000
2023-11-09 00:00:00,9.120,0.000,0.000,0.000,8.800
2023-11-09 01:00:00,9.010,0.000,0.000,0.000,8.600
2023-11-09 02:00:00,9.340,0.000,0.000,0.000,8.600
2023-11-09 03:00:00,9.490,0.000,0.000,0.000,8.600
2023-11-09 04:00:00,9.520,0.000,0.000,0.000,8.700
2023-11-09 05:00:00,9.930,0.000,0.000,0.000,8.800
2023-11-09 06:00:00,10.220,0.000,0.000,0.000,8.900
2023-11-09 07:00:00,10.230,1.000,0.000,1.000,8.900
2023-11-09 08:00:00,10.070,12.000,0.000,12.000,9.000
2023-11-09 09:00:00,9.940,26.000,0.000,26.000,9.200
2023-11-09 10:00:00,8.940,26.000,0.000,26.000,9.500
2023-11-09 11:00:00,8.850,22.000,0.000,22.000,9.600
2023-11-09 12:00:00,8.600,32.000,0.000,32.000,9.800
2023-11-09 13:00:00,7.960,45.000,3.200,44.000,10.100
2023-11-09 14:00:00,7.740,35.000,21.200,30.000,10.000
2023-11-09 15:00:00,7.290,30.000,30.700,26.000,9.800
2023-11-09 16:00:00,7.390,4.000,0.000,4.000,9.400
2023-11-09 17:00:00,6.900,0.000,0.000,0.000,8.700
2023-11-09 18:00:00,6.460,0.000,0.000,0.000,8.700
2023-11-09 19:00:00,7.150,0.000,0.000,0.000,8.800
2023-11-09 20:00:00,7.940,0.000,0.000,0.000,9.100
2023-11-09 21:00:00,8.570,0.000,0.000,0.000,8.900
2023-11-09 22:00:00,9.010,0.000,0.000,0.000,8.200
2023-11-09 23:00:00,8.890,0.000,0.000,0.000,7.900
2023-11-10 00:00:00,9.760,0.000,0.000,0.000,8.000
2023-11-10 01:00:00,10.410,0.000,0.000,0.000,8.000
2023-11-10 02:00:00,8.770,0.000,0.000,0.000,7.700
2023-11-10 03:00:00,8.400,0.000,0.000,0.000,7.100
2023-11-10 04:00:00,8.420,0.000,0.000,0.000,6.900
2023-11-10 05:00:00,7.920,0.000,0.000,0.000,6.800
2023-11-10 06:00:00,7.660,0.000,0.000,0.000,6.800
2023-11-10 07:00:00,7.510,4.000,0.000,4.000,6.900
2023-11-10 08:00:00,7.330,54.000,178.700,34.000,7.400
2023-11-10 09:00:00,6.760,131.000,303.700,64.000,8.300
2023-11-10 10:00:00,5.920,182.000,341.900,80.000,8.900
2023-11-10 11:00:00,8.820,209.000,341.300,93.000,9.300
2023-11-10 12:00:00,8.170,181.000,225.000,104.000,9.800
2023-11-10 13:00:00,7.650,140.000,176.900,86.000,10.000
2023-11-10 14:00:00,6.900,116.000,181.300,74.000,9.900
2023-11-10 15:00:00,6.840,48.000,102.900,35.000,9.700
2023-11-10 16:00:00,6.830,4.000,0.000,4.000,9.100
2023-11-10 17:00:00,6.870,0.000,0.000,0.000,8.900
2023-11-10 18:00:00,7.000,0.000,0.000,0.000,8.600
2023-11-10 19:00:00,6.660,0.000,0.000,0.000,8.000
2023-11-10 20:00:00,6.310,0.000,0.000,0.000,8.000
2023-11-10 21:00:00,5.990,0.000,0.000,0.000,7.900
2023-11-10 22:00:00,5.550,0.000,0.000,0.000,8.000
2023-11-10 23:00:00,5.520,0.000,0.000,0.000,7.900
2023-11-11 00:00:00,5.160,0.000,0.000,0.000,7.800
2023-11-11 01:00:00,5.200,0.000,0.000,0.000,7.500
2023-11-11 02:00:00,5.160,0.000,0.000,0.000,7.400
2023-11-11 03:00:00,4.880,0.000,0.000,0.000,7.100
2023-11-11 04:00:00,4.600,0.000,0.000,0.000,6.700
2023-11-11 05:00:00,4.880,0.000,0.000,0.000,6.600
2023-11-11 06:00:00,5.220,0.000,0.000,0.000,6.600
2023-11-11 07:00:00,5.500,0.000,0.000,0.000,6.500
2023-11-11 08:00:00,6.710,15.000,0.000,15.000,6.500
2023-11-11 09:00:00,6.830,60.000,32.400,53.000,6.800
2023-11-11 10:00:00,8.040,90.000,30.600,81.000,7.000
2023-11-11 11:00:00,8.010,172.000,196.900,106.000,7.300
2023-11-11 12:00:00,7.130,145.000,145.100,96.000,7.200
2023-11-11 13:00:00,7.100,151.000,179.400,97.000,7.500
2023-11-11 14:00:00,7.400,110.000,175.800,70.000,7.400
2023-11-11 15:00:00,7.370,46.000,114.500,32.000,7.300
2023-11-11 16:00:00,7.080,5.000,19.100,4.000,6.800
2023-11-11 17:00:00,6.890,0.000,0.000,0.000,6.700
2023-11-11 18:00:00,6.980,0.000,0.000,0.000,6.700
2023-11-11 19:00:00,7.320,0.000,0.000,0.000,6.700
2023-11-11 20:00:00,7.450,0.000,0.000,0.000,6.700
2023-11-11 21:00:00,7.280,0.000,0.000,0.000,6.900
2023-11-11 22:00:00,6.680,0.000,0.000,0.000,6.800
2023-11-11 23:00:00,6.840,0.000,0.000,0.000,6.600
2023-11-12 00:00:00,6.710,0.000,0.000,0.000,6.700
2023-11-12 01:00:00,6.390,0.000,0.000,0.000,6.500
2023-11-12 02:00:00,6.800,0.000,0.000,0.000,6.100
2023-11-12 03:00:00,6.800,0.000,0.000,0.000,5.900
2023-11-12 04:00:00,6.260,0.000,0.000,0.000,5.600
2023-11-12 05:00:00,6.310,0.000,0.000,0.000,5.200
2023-11-12 06:00:00,6.520,0.000,0.000,0.000,5.100
2023-11-12 07:00:00,6.270,2.000,0.000,2.000,5.000
2023-11-12 08:00:00,6.000,40.000,125.900,27.000,5.700
2023-11-12 09:00:00,5.610,92.000,132.300,64.000,6.500
2023-11-12 10:00:00,5.830,148.000,224.700,83.000,7.600
2023-11-12 11:00:00,5.590,140.000,178.300,81.000,7.900
2023-11-12 12:00:00,5.250,172.000,264.000,84.000,8.300
2023-11-12 13:00:00,4.920,168.000,337.000,68.000,8.500
2023-11-12 14:00:00,5.010,117.000,290.900,52.000,8.400
2023-11-12 15:00:00,5.190,56.000,202.600,32.000,7.900
2023-11-12 16:00:00,5.520,5.000,19.100,4.000,7.200
2023-11-12 17:00:00,5.960,0.000,0.000,0.000,6.900
2023-11-12 18:00:00,6.240,0.000,0.000,0.000,6.300
2023-11-12 19:00:00,6.350,0.000,0.000,0.000,5.700
2023-11-12 20:00:00,6.020,0.000,0.000,0.000,5.600
2023-11-12 21:00:00,5.910,0.000,0.000,0.000,5.400
2023-11-12 22:00:00,5.860,0.000,0.000,0.000,4.000
2023-11-12 23:00:00,6.060,0.000,0.000,0.000,3.400
2023-11-13 00:00:00,6.160,0.000,0.000,0.000,2.800
2023-11-13 01:00:00,5.630,0.000,0.000,0.000,1.600
2023-11-13 02:00:00,5.730,0.000,0.000,0.000,2.000
2023-11-13 03:00:00,6.080,0.000,0.000,0.000,1.500
2023-11-13 04:00:00,5.610,0.000,0.000,0.000,1.800
2023-11-13 05:00:00,5.000,0.000,0.000,0.000,2.000
2023-11-13 06:00:00,5.410,0.000,0.000,0.000,2.300
2023-11-13 07:00:00,6.210,2.000,0.000,2.000,2.700
2023-11-13 08:00:00,6.280,42.000,10.100,41.000,3.600
2023-11-13 09:00:00,6.420,99.000,86.800,81.000,4.800
2023-11-13 10:00:00,5.390,146.000,80.700,123.000,6.100
2023-11-13 11:00:00,6.020,114.000,140.900,68.000,6.800
2023-11-13 12:00:00,6.710,39.000,0.000,39.000,6.800
2023-11-13 13:00:00,7.340,34.000,0.000,34.000,6.900
2023-11-13 14:00:00,8.510,16.000,0.000,16.000,7.000
2023-11-13 15:00:00,9.660,9.000,0.000,9.000,7.300
2023-11-13 16:00:00,10.220,2.000,0.000,2.000,7.800
2023-11-13 17:00:00,9.760,0.000,0.000,0.000,9.100
2023-11-13 18:00:00,9.790,0.000,0.000,0.000,11.200
2023-11-13 19:00:00,10.770,0.000,0.000,0.000,11.200
2023-11-13 20:00:00,11.290,0.000,0.000,0.000,11.200
2023-11-13 21:00:00,12.140,0.000,0.000,0.000,11.200
2023-11-13 22:00:00,13.860,0.000,0.000,0.000,11.200
2023-11-13 23:00:00,12.900,0.000,0.000,0.000,11.200
2023-11-14 00:00:00,12.570,0.000,0.000,0.000,11.100
2023-11-14 01:00:00,13.290,0.000,0.000,0.000,11.500
2023-11-14 02:00:00,13.820,0.000,0.000,0.000,11.800
2023-11-14 03:00:00,14.940,0.000,0.000,0.000,12.000
2023-11-14 04:00:00,14.540,0.000,0.000,0.000,11.900
2023-11-14 05:00:00,14.940,0.000,0.000,0.000,11.700
2023-11-14 06:00:00,14.910,0.000,0.000,0.000,11.500
2023-11-14 07:00:00,14.730,1.000,0.000,1.000,11.400
2023-11-14 08:00:00,14.410,34.000,158.200,19.000,11.600
2023-11-14 09:00:00,14.550,80.000,201.900,39.000,11.900
2023-11-14 10:00:00,13.370,130.000,242.300,62.000,11.800
2023-11-14 11:00:00,13.120,165.000,307.300,66.000,12.200
2023-11-14 12:00:00,12.780,180.000,354.000,65.000,12.200
2023-11-14 13:00:00,12.900,163.000,298.100,77.000,12.600
2023-11-14 14:00:00,12.080,93.000,139.100,63.000,12.400
2023-11-14 15:00:00,11.320,50.000,207.000,27.000,12.000
2023-11-14 16:00:00,10.350,2.000,0.000,2.000,11.700
2023-11-14 17:00:00,9.300,0.000,0.000,0.000,11.400
2023-11-14 18:00:00,9.020,0.000,0.000,0.000,10.800
2023-11-14 19:00:00,8.290,0.000,0.000,0.000,10.300
2023-11-14 20:00:00,7.830,0.000,0.000,0.000,9.900
2023-11-14 21:00:00,7.790,0.000,0.000,0.000,9.700
2023-11-14 22:00:00,8.080,0.000,0.000,0.000,9.400
2023-11-14 23:00:00,8.420,0.000,0.000,0.000,9.200
2023-11-15 00:00:00,8.130,0.000,0.000,0.000,9.100
2023-11-15 01:00:00,8.980,0.000,0.000,0.000,9.200
2023-11-15 02:00:00,9.360,0.000,0.000,0.000,8.900
2023-11-15 03:00:00,8.800,0.000,0.000,0.000,8.400
2023-11-15 04:00:00,7.710,0.000,0.000,0.000,8.000
2023-11-15 05:00:00,6.990,0.000,0.000,0.000,7.800
2023-11-15 06:00:00,6.150,0.000,0.000,0.000,7.600
2023-11-15 07:00:00,5.550,0.000,0.000,0.000,7.300
2023-11-15 08:00:00,5.070,21.000,33.100,18.000,7.700
2023-11-15 09:00:00,5.020,62.000,95.500,43.000,8.300
2023-11-15 10:00:00,2.640,116.000,173.700,68.000,8.900
2023-11-15 11:00:00,3.240,101.000,103.800,68.000,9.300
2023-11-15 12:00:00,3.550,107.000,53.000,90.000,9.800
2023-11-15 13:00:00,4.730,63.000,14.100,59.000,9.700
2023-11-15 14:00:00,6.480,29.000,4.700,28.000,9.500
2023-11-15 15:00:00,8.060,27.000,37.200,23.000,9.600
2023-11-15 16:00:00,8.080,2.000,0.000,2.000,9.200
2023-11-15 17:00:00,8.410,0.000,0.000,0.000,8.900
2023-11-15 18:00:00,8.190,0.000,0.000,0.000,8.800
2023-11-15 19:00:00,8.320,0.000,0.000,0.000,8.700
2023-11-15 20:00:00,9.020,0.000,0.000,0.000,8.600
2023-11-15 21:00:00,9.240,0.000,0.000,0.000,8.600
2023-11-15 22:00:00,9.140,0.000,0.000,0.000,8.800
2023-11-15 23:00:00,9.270,0.000,0.000,0.000,9.000
2023-11-16 00:00:00,9.920,0.000,0.000,0.000,8.900
2023-11-16 01:00:00,10.680,0.000,0.000,0.000,8.800
2023-11-16 02:00:00,11.220,0.000,0.000,0.000,8.700
2023-11-16 03:00:00,11.450,0.000,0.000,0.000,8.800
2023-11-16 04:00:00,11.130,0.000,0.000,0.000,8.700
2023-11-16 05:00:00,10.850,0.000,0.000,0.000,8.500
2023-11-16 06:00:00,10.300,0.000,0.000,0.000,8.000
2023-11-16 07:00:00,8.590,0.000,0.000,0.000,7.200
2023-11-16 08:00:00,7.080,34.000,148.000,21.000,6.800
2023-11-16 09:00:00,6.260,117.000,349.300,49.000,7.100
2023-11-16 10:00:00,5.070,176.000,374.800,74.000,7.600
2023-11-16 11:00:00,4.660,251.000,544.900,80.000,7.900
2023-11-16 12:00:00,5.110,238.000,479.900,86.000,8.200
2023-11-16 13:00:00,4.610,196.000,395.400,85.000,7.900
2023-11-16 14:00:00,3.670,120.000,139.300,91.000,7.500
2023-11-16 15:00:00,3.160,42.000,48.000,37.000,6.500
2023-11-16 16:00:00,3.190,2.000,0.000,2.000,4.900
2023-11-16 17:00:00,3.700,0.000,0.000,0.000,4.100
2023-11-16 18:00:00,4.420,0.000,0.000,0.000,3.700
2023-11-16 19:00:00,5.110,0.000,0.000,0.000,3.400
2023-11-16 20:00:00,5.380,0.000,0.000,0.000,2.900
2023-11-16 21:00:00,5.260,0.000,0.000,0.000,2.600
2023-11-16 22:00:00,4.840,0.000,0.000,0.000,2.300
2023-11-16 23:00:00,5.090,0.000,0.000,0.000,2.200
2023-11-17 00:00:00,5.250,0.000,0.000,0.000,2.100
2023-11-17 01:00:00,5.650,0.000,0.000,0.000,2.100
2023-11-17 02:00:00,6.320,0.000,0.000,0.000,2.100
2023-11-17 03:00:00,6.790,0.000,0.000,0.000,2.400
2023-11-17 04:00:00,7.010,0.000,0.000,0.000,2.700
2023-11-17 05:00:00,7.110,0.000,0.000,0.000,3.200
2023-11-17 06:00:00,7.110,0.000,0.000,0.000,3.400
2023-11-17 07:00:00,6.890,0.000,0.000,0.000,3.600
2023-11-17 08:00:00,6.500,33.000,116.800,23.000,4.000
2023-11-17 09:00:00,5.850,110.000,231.000,66.000,4.800
2023-11-17 10:00:00,6.930,178.000,332.100,89.000,5.800
2023-11-17 11:00:00,7.200,194.000,300.300,101.000,6.400
2023-11-17 12:00:00,6.980,179.000,291.000,88.000,6.800
2023-11-17 13:00:00,7.030,163.000,234.700,98.000,7.000
2023-11-17 14:00:00,6.470,117.000,268.800,62.000,6.900
2023-11-17 15:00:00,6.200,49.000,238.000,25.000,6.400
2023-11-17 16:00:00,5.730,2.000,0.000,2.000,5.300
2023-11-17 17:00:00,4.980,0.000,0.000,0.000,5.000
2023-11-17 18:00:00,4.580,0.000,0.000,0.000,4.500
2023-11-17 19:00:00,4.030,0.000,0.000,0.000,4.000
2023-11-17 20:00:00,3.520,0.000,0.000,0.000,2.500
2023-11-17 21:00:00,3.000,0.000,0.000,0.000,2.100
2023-11-17 22:00:00,3.310,0.000,0.000,0.000,2.200
2023-11-17 23:00:00,3.830,0.000,0.000,0.000,2.200
2023-11-18 00:00:00,2.470,0.000,0.000,0.000,2.300
2023-11-18 01:00:00,2.140,0.000,0.000,0.000,1.500
2023-11-18 02:00:00,3.060,0.000,0.000,0.000,0.700
2023-11-18 03:00:00,3.790,0.000,0.000,0.000,1.000
2023-11-18 04:00:00,3.440,0.000,0.000,0.000,1.200
2023-11-18 05:00:00,2.580,0.000,0.000,0.000,1.000
2023-11-18 06:00:00,3.140,0.000,0.000,0.000,0.500
2023-11-18 07:00:00,3.730,0.000,0.000,0.000,1.000
2023-11-18 08:00:00,4.500,40.000,167.900,26.000,2.100
2023-11-18 09:00:00,4.340,105.000,166.300,74.000,3.400
2023-11-18 10:00:00,4.030,193.000,401.700,87.000,5.000
2023-11-18 11:00:00,5.110,256.000,572.500,81.000,6.000
2023-11-18 12:00:00,5.630,247.000,479.200,99.000,6.400
2023-11-18 13:00:00,5.410,155.000,98.800,128.000,6.200
2023-11-18 14:00:00,6.240,76.000,9.900,74.000,6.000
2023-11-18 15:00:00,6.380,24.000,0.000,24.000,5.800
2023-11-18 16:00:00,6.890,1.000,0.000,1.000,5.600
2023-11-18 17:00:00,7.590,0.000,0.000,0.000,5.400
2023-11-18 18:00:00,8.160,0.000,0.000,0.000,5.200
2023-11-18 19:00:00,8.640,0.000,0.000,0.000,5.300
2023-11-18 20:00:00,9.080,0.000,0.000,0.000,5.300
2023-11-18 21:00:00,9.740,0.000,0.000,0.000,5.400
2023-11-18 22:00:00,9.410,0.000,0.000,0.000,5.200
2023-11-18 23:00:00,8.930,0.000,0.000,0.000,5.300
2023-11-19 00:00:00,8.800,0.000,0.000,0.000,5.800
2023-11-19 01:00:00,8.810,0.000,0.000,0.000,6.500
2023-11-19 02:00:00,9.350,0.000,0.000,0.000,7.600
2023-11-19 03:00:00,9.920,0.000,0.000,0.000,8.500
2023-11-19 04:00:00,9.760,0.000,0.000,0.000,9.000
2023-11-19 05:00:00,9.740,0.000,0.000,0.000,10.000
2023-11-19 06:00:00,10.060,0.000,0.000,0.000,11.000
2023-11-19 07:00:00,10.660,0.000,0.000,0.000,11.200
2023-11-19 08:00:00,10.800,19.000,73.900,13.000,11.200
2023-11-19 09:00:00,11.160,81.000,181.000,48.000,11.600
2023-11-19 10:00:00,10.320,150.000,342.500,61.000,12.000
2023-11-19 11:00:00,10.570,169.000,358.000,61.000,12.000
2023-11-19 12:00:00,9.900,158.000,278.700,73.000,12.300
2023-11-19 13:00:00,10.350,167.000,363.600,69.000,12.400
2023-11-19 14:00:00,10.280,101.000,187.100,64.000,11.900
2023-11-19 15:00:00,10.210,38.000,148.200,24.000,11.000
2023-11-19 16:00:00,10.060,1.000,0.000,1.000,10.600
2023-11-19 17:00:00,9.620,0.000,0.000,0.000,11.000
2023-11-19 18:00:00,9.550,0.000,0.000,0.000,10.600
2023-11-19 19:00:00,9.840,0.000,0.000,0.000,10.300
2023-11-19 20:00:00,9.140,0.000,0.000,0.000,10.400
2023-11-19 21:00:00,8.650,0.000,0.000,0.000,10.400
2023-11-19 22:00:00,8.460,0.000,0.000,0.000,10.200
2023-11-19 23:00:00,8.220,0.000,0.000,0.000,10.200
2023-11-20 00:00:00,7.780,0.000,0.000,0.000,10.300
2023-11-20 01:00:00,9.470,0.000,0.000,0.000,10.300
2023-11-20 02:00:00,10.030,0.000,0.000,0.000,10.500
2023-11-20 03:00:00,9.940,0.000,0.000,0.000,10.900
2023-11-20 04:00:00,10.230,0.000,0.000,0.000,11.000
2023-11-20 05:00:00,10.630,0.000,0.000,0.000,11.000
2023-11-20 06:00:00,10.630,0.000,0.000,0.000,10.900
2023-11-20 07:00:00,10.220,0.000,0.000,0.000,10.700
2023-11-20 08:00:00,10.060,4.000,0.000,4.000,10.600
2023-11-20 09:00:00,9.900,8.000,0.000,8.000,10.600
2023-11-20 10:00:00,9.630,17.000,0.000,17.000,10.600
2023-11-20 11:00:00,10.040,16.000,0.000,16.000,10.500
2023-11-20 12:00:00,9.920,19.000,0.000,19.000,10.700
2023-11-20 13:00:00,9.000,33.000,0.000,33.000,10.500
2023-11-20 14:00:00,8.160,42.000,51.400,32.000,10.400
2023-11-20 15:00:00,7.410,5.000,10.900,4.000,10.000
2023-11-20 16:00:00,7.220,1.000,0.000,1.000,9.500
2023-11-20 17:00:00,6.870,0.000,0.000,0.000,9.200
2023-11-20 18:00:00,6.530,0.000,0.000,0.000,8.700
2023-11-20 19:00:00,6.140,0.000,0.000,0.000,8.400
2023-11-20 20:00:00,5.890,0.000,0.000,0.000,8.000
2023-11-20 21:00:00,5.850,0.000,0.000,0.000,7.800
2023-11-20 22:00:00,5.730,0.000,0.000,0.000,7.400
2023-11-20 23:00:00,5.610,0.000,0.000,0.000,7.300
2023-11-21 00:00:00,5.200,0.000,0.000,0.000,7.300
2023-11-21 01:00:00,4.900,0.000,0.000,0.000,7.300
2023-11-21 02:00:00,4.610,0.000,0.000,0.000,7.200
2023-11-21 03:00:00,4.180,0.000,0.000,0.000,7.200
2023-11-21 04:00:00,3.470,0.000,0.000,0.000,7.300
2023-11-21 05:00:00,3.420,0.000,0.000,0.000,7.300
2023-11-21 06:00:00,4.550,0.000,0.000,0.000,7.100
2023-11-21 07:00:00,5.380,0.000,0.000,0.000,6.600
2023-11-21 08:00:00,5.200,14.000,91.100,7.000,6.200
2023-11-21 09:00:00,4.960,45.000,120.500,24.000,6.200
2023-11-21 10:00:00,5.230,84.000,91.300,61.000,6.100
2023-11-21 11:00:00,5.020,69.000,27.200,61.000,6.300
2023-11-21 12:00:00,5.450,94.000,94.100,66.000,6.600
2023-11-21 13:00:00,5.520,82.000,64.800,65.000,6.700
2023-11-21 14:00:00,4.700,70.000,57.500,59.000,6.700
2023-11-21 15:00:00,5.140,22.000,67.800,16.000,6.400
2023-11-21 16:00:00,5.000,1.000,0.000,1.000,6.000
2023-11-21 17:00:00,5.100,0.000,0.000,0.000,5.600
2023-11-21 18:00:00,5.240,0.000,0.000,0.000,5.200
2023-11-21 19:00:00,5.660,0.000,0.000,0.000,4.800
2023-11-21 20:00:00,5.910,0.000,0.000,0.000,4.500
2023-11-21 21:00:00,6.000,0.000,0.000,0.000,4.100
2023-11-21 22:00:00,5.950,0.000,0.000,0.000,3.200
2023-11-21 23:00:00,5.260,0.000,0.000,0.000,2.400
2023-11-22 00:00:00,4.810,0.000,0.000,0.000,1.500
2023-11-22 01:00:00,4.560,0.000,0.000,0.000,0.400
2023-11-22 02:00:00,4.550,0.000,0.000,0.000,-0.200
2023-11-22 03:00:00,4.910,0.000,0.000,0.000,-0.400
2023-11-22 04:00:00,5.190,0.000,0.000,0.000,-0.700
2023-11-22 05:00:00,4.460,0.000,0.000,0.000,-1.100
2023-11-22 06:00:00,5.020,0.000,0.000,0.000,-1.600
2023-11-22 07:00:00,4.800,0.000,0.000,0.000,-1.400
2023-11-22 08:00:00,4.460,37.000,254.100,18.000,-0.800
2023-11-22 09:00:00,2.510,115.000,311.000,62.000,0.100
2023-11-22 10:00:00,1.780,173.000,270.100,106.000,0.900
2023-11-22 11:00:00,1.140,172.000,117.200,138.000,1.500
2023-11-22 12:00:00,2.410,191.000,170.100,141.000,2.100
2023-11-22 13:00:00,2.730,153.000,119.600,122.000,2.300
2023-11-22 14:00:00,2.410,86.000,26.600,81.000,2.100
2023-11-22 15:00:00,3.020,35.000,35.000,32.000,1.800
2023-11-22 16:00:00,4.340,1.000,0.000,1.000,1.700
2023-11-22 17:00:00,5.470,0.000,0.000,0.000,1.800
2023-11-22 18:00:00,6.680,0.000,0.000,0.000,1.900
2023-11-22 19:00:00,7.640,0.000,0.000,0.000,2.100
2023-11-22 20:00:00,8.410,0.000,0.000,0.000,2.500
2023-11-22 21:00:00,9.280,0.000,0.000,0.000,3.300
2023-11-22 22:00:00,10.510,0.000,0.000,0.000,4.100
2023-11-22 23:00:00,10.840,0.000,0.000,0.000,4.700
2023-11-23 00:00:00,11.180,0.000,0.000,0.000,5.200
2023-11-23 01:00:00,11.230,0.000,0.000,0.000,5.700
2023-11-23 02:00:00,11.270,0.000,0.000,0.000,5.900
2023-11-23 03:00:00,11.460,0.000,0.000,0.000,6.200
2023-11-23 04:00:00,11.480,0.000,0.000,0.000,6.500
2023-11-23 05:00:00,11.590,0.000,0.000,0.000,6.800
2023-11-23 06:00:00,11.830,0.000,0.000,0.000,7.300
2023-11-23 07:00:00,12.030,0.000,0.000,0.000,7.800
2023-11-23 08:00:00,12.310,5.000,0.000,5.000,8.500
2023-11-23 09:00:00,12.590,13.000,0.000,13.000,9.200
2023-11-23 10:00:00,12.130,33.000,0.000,33.000,9.900
2023-11-23 11:00:00,12.650,34.000,0.000,34.000,10.300
2023-11-23 12:00:00,13.220,37.000,3.400,36.000,10.800
2023-11-23 13:00:00,13.340,35.000,0.000,35.000,11.100
2023-11-23 14:00:00,13.760,25.000,5.400,24.000,11.100
2023-11-23 15:00:00,14.270,8.000,0.000,8.000,11.100
2023-11-23 16:00:00,14.700,0.000,0.000,0.000,11.100
2023-11-23 17:00:00,14.620,0.000,0.000,0.000,11.000
2023-11-23 18:00:00,14.580,0.000,0.000,0.000,10.900
2023-11-23 19:00:00,14.320,0.000,0.000,0.000,10.600
2023-11-23 20:00:00,13.130,0.000,0.000,0.000,9.600
2023-11-23 21:00:00,12.140,0.000,0.000,0.000,8.600
2023-11-23 22:00:00,11.980,0.000,0.000,0.000,7.800
2023-11-23 23:00:00,11.870,0.000,0.000,0.000,7.200
2023-11-24 00:00:00,11.590,0.000,0.000,0.000,7.000
2023-11-24 01:00:00,11.000,0.000,0.000,0.000,6.400
2023-11-24 02:00:00,10.820,0.000,0.000,0.000,5.900
2023-11-24 03:00:00,11.450,0.000,0.000,0.000,5.900
2023-11-24 04:00:00,11.920,0.000,0.000,0.000,5.800
2023-11-24 05:00:00,11.620,0.000,0.000,0.000,5.500
2023-11-24 06:00:00,11.270,0.000,0.000,0.000,5.100
2023-11-24 07:00:00,11.070,0.000,0.000,0.000,4.600
2023-11-24 08:00:00,10.820,17.000,42.400,14.000,4.400
2023-11-24 09:00:00,10.160,63.000,104.400,46.000,4.100
2023-11-24 10:00:00,8.130,121.000,153.800,84.000,4.600
2023-11-24 11:00:00,9.400,179.000,304.000,93.000,4.600
2023-11-24 12:00:00,10.760,173.000,243.800,103.000,4.200
2023-11-24 13:00:00,9.920,150.000,217.600,95.000,4.400
2023-11-24 14:00:00,12.010,102.000,258.000,55.000,3.600
2023-11-24 15:00:00,11.530,40.000,157.200,27.000,3.400
2023-11-24 16:00:00,12.830,0.000,0.000,0.000,3.100
2023-11-24 17:00:00,12.200,0.000,0.000,0.000,3.300
2023-11-24 18:00:00,11.910,0.000,0.000,0.000,3.200
2023-11-24 19:00:00,11.720,0.000,0.000,0.000,2.500
2023-11-24 20:00:00,11.290,0.000,0.000,0.000,2.100
2023-11-24 21:00:00,9.270,0.000,0.000,0.000,2.000
2023-11-24 22:00:00,9.240,0.000,0.000,0.000,1.800
2023-11-24 23:00:00,9.270,0.000,0.000,0.000,1.500
2023-11-25 00:00:00,8.780,0.000,0.000,0.000,1.000
2023-11-25 01:00:00,8.010,0.000,0.000,0.000,0.500
2023-11-25 02:00:00,7.600,0.000,0.000,0.000,0.400
2023-11-25 03:00:00,7.860,0.000,0.000,0.000,0.500
2023-11-25 04:00:00,8.430,0.000,0.000,0.000,0.700
2023-11-25 05:00:00,8.830,0.000,0.000,0.000,1.200
2023-11-25 06:00:00,8.970,0.000,0.000,0.000,1.900
2023-11-25 07:00:00,8.710,0.000,0.000,0.000,2.300
2023-11-25 08:00:00,8.240,16.000,0.000,16.000,2.100
2023-11-25 09:00:00,8.110,64.000,106.800,47.000,2.400
2023-11-25 10:00:00,8.740,136.000,316.500,61.000,3.400
2023-11-25 11:00:00,9.400,138.000,246.900,69.000,4.200
2023-11-25 12:00:00,8.560,150.000,257.200,77.000,4.700
2023-11-25 13:00:00,7.160,148.000,352.400,60.000,4.800
2023-11-25 14:00:00,7.070,106.000,312.100,50.000,4.500
2023-11-25 15:00:00,7.660,42.000,258.500,21.000,3.800
2023-11-25 16:00:00,7.620,0.000,0.000,0.000,2.900
2023-11-25 17:00:00,7.480,0.000,0.000,0.000,2.700
2023-11-25 18:00:00,6.830,0.000,0.000,0.000,2.400
2023-11-25 19:00:00,6.150,0.000,0.000,0.000,1.900
2023-11-25 20:00:00,5.920,0.000,0.000,0.000,1.100
2023-11-25 21:00:00,6.080,0.000,0.000,0.000,0.900
2023-11-25 22:00:00,6.300,0.000,0.000,0.000,0.400
2023-11-25 23:00:00,6.400,0.000,0.000,0.000,0.000
2023-11-26 00:00:00,6.630,0.000,0.000,0.000,-0.100
2023-11-26 01:00:00,6.720,0.000,0.000,0.000,-0.400
2023-11-26 02:00:00,6.670,0.000,0.000,0.000,-0.600
2023-11-26 03:00:00,6.350,0.000,0.000,0.000,-0.900
2023-11-26 04:00:00,5.710,0.000,0.000,0.000,-1.200
2023-11-26 05:00:00,4.990,0.000,0.000,0.000,-1.300
2023-11-26 06:00:00,3.850,0.000,0.000,0.000,-1.500
2023-11-26 07:00:00,3.000,0.000,0.000,0.000,-0.800
2023-11-26 08:00:00,3.140,18.000,44.900,15.000,0.100
2023-11-26 09:00:00,3.690,61.000,83.600,48.000,0.900
2023-11-26 10:00:00,3.960,116.000,167.100,77.000,1.500
2023-11-26 11:00:00,4.080,162.000,282.500,84.000,2.200
2023-11-26 12:00:00,4.790,154.000,249.400,84.000,2.600
2023-11-26 13:00:00,5.600,97.000,97.300,73.000,3.100
2023-11-26 14:00:00,4.010,50.000,5.700,49.000,3.300
2023-11-26 15:00:00,3.310,21.000,0.000,21.000,3.300
2023-11-26 16:00:00,3.210,0.000,0.000,0.000,3.400
2023-11-26 17:00:00,3.300,0.000,0.000,0.000,3.400
2023-11-26 18:00:00,4.030,0.000,0.000,0.000,3.200
2023-11-26 19:00:00,4.550,0.000,0.000,0.000,3.100
2023-11-26 20:00:00,4.690,0.000,0.000,0.000,3.600
2023-11-26 21:00:00,4.970,0.000,0.000,0.000,3.900
2023-11-26 22:00:00,4.750,0.000,0.000,0.000,4.200
2023-11-26 23:00:00,4.840,0.000,0.000,0.000,4.300
2023-11-27 00:00:00,5.120,0.000,0.000,0.000,4.300
2023-11-27 01:00:00,4.750,0.000,0.000,0.000,4.200
2023-11-27 02:00:00,4.480,0.000,0.000,0.000,4.300
2023-11-27 03:00:00,4.700,0.000,0.000,0.000,4.300
2023-11-27 04:00:00,4.610,0.000,0.000,0.000,4.200
2023-11-27 05:00:00,4.260,0.000,0.000,0.000,4.200
2023-11-27 06:00:00,4.530,0.000,0.000,0.000,4.100
2023-11-27 07:00:00,4.660,0.000,0.000,0.000,4.000
2023-11-27 08:00:00,4.570,4.000,0.000,4.000,4.000
2023-11-27 09:00:00,4.600,23.000,0.000,23.000,4.200
2023-11-27 10:00:00,4.830,43.000,0.000,43.000,4.200
2023-11-27 11:00:00,4.830,56.000,0.000,56.000,4.200
2023-11-27 12:00:00,5.320,60.000,0.000,60.000,4.000
2023-11-27 13:00:00,6.140,42.000,0.000,42.000,3.600
2023-11-27 14:00:00,5.920,28.000,0.000,28.000,3.100
2023-11-27 15:00:00,6.150,7.000,0.000,7.000,2.600
2023-11-27 16:00:00,7.110,0.000,0.000,0.000,2.000
2023-11-27 17:00:00,8.250,0.000,0.000,0.000,1.500
2023-11-27 18:00:00,8.800,0.000,0.000,0.000,1.100
2023-11-27 19:00:00,9.240,0.000,0.000,0.000,0.900
2023-11-27 20:00:00,9.850,0.000,0.000,0.000,0.700
2023-11-27 21:00:00,9.850,0.000,0.000,0.000,0.600
2023-11-27 22:00:00,10.550,0.000,0.000,0.000,0.400
2023-11-27 23:00:00,10.430,0.000,0.000,0.000,0.300
2023-11-28 00:00:00,10.000,0.000,0.000,0.000,0.200
2023-11-28 01:00:00,9.160,0.000,0.000,0.000,0.000
2023-11-28 02:00:00,8.650,0.000,0.000,0.000,-0.100
2023-11-28 03:00:00,8.280,0.000,0.000,0.000,-0.300
2023-11-28 04:00:00,8.220,0.000,0.000,0.000,-0.400
2023-11-28 05:00:00,8.110,0.000,0.000,0.000,-0.600
2023-11-28 06:00:00,7.690,0.000,0.000,0.000,-0.800
2023-11-28 07:00:00,7.220,0.000,0.000,0.000,-1.100
2023-11-28 08:00:00,6.800,16.000,79.400,11.000,-1.200
2023-11-28 09:00:00,6.310,74.000,208.600,43.000,-0.800
2023-11-28 10:00:00,6.800,150.000,392.600,61.000,-0.400
2023-11-28 11:00:00,5.820,147.000,185.400,97.000,0.200
2023-11-28 12:00:00,5.730,160.000,287.700,81.000,0.400
2023-11-28 13:00:00,5.040,132.000,170.000,91.000,0.300
2023-11-28 14:00:00,4.300,84.000,151.400,58.000,0.200
2023-11-28 15:00:00,3.340,36.000,181.200,22.000,-0.200
2023-11-28 16:00:00,2.640,0.000,0.000,0.000,-0.500
2023-11-28 17:00:00,2.840,0.000,0.000,0.000,-0.000
2023-11-28 18:00:00,2.750,0.000,0.000,0.000,-0.200
2023-11-28 19:00:00,2.950,0.000,0.000,0.000,-0.800
2023-11-28 20:00:00,4.140,0.000,0.000,0.000,-1.100
2023-11-28 21:00:00,5.300,0.000,0.000,0.000,-1.100
2023-11-28 22:00:00,7.700,0.000,0.000,0.000,-1.000
2023-11-28 23:00:00,8.770,0.000,0.000,0.000,-0.900
2023-11-29 00:00:00,9.470,0.000,0.000,0.000,-0.700
2023-11-29 01:00:00,9.820,0.000,0.000,0.000,-0.700
2023-11-29 02:00:00,9.900,0.000,0.000,0.000,-0.300
2023-11-29 03:00:00,9.550,0.000,0.000,0.000,0.000
2023-11-29 04:00:00,8.980,0.000,0.000,0.000,0.200
2023-11-29 05:00:00,8.660,0.000,0.000,0.000,0.300
2023-11-29 06:00:00,8.560,0.000,0.000,0.000,0.300
2023-11-29 07:00:00,8.980,0.000,0.000,0.000,0.400
2023-11-29 08:00:00,9.370,14.000,49.000,11.000,0.800
2023-11-29 09:00:00,9.450,68.000,144.500,47.000,1.100
2023-11-29 10:00:00,8.410,131.000,277.500,69.000,1.400
2023-11-29 11:00:00,8.860,158.000,262.600,88.000,1.300
2023-11-29 12:00:00,8.300,134.000,154.500,92.000,1.200
2023-11-29 13:00:00,8.910,101.000,142.500,67.000,1.300
2023-11-29 14:00:00,9.070,71.000,118.000,51.000,1.100
2023-11-29 15:00:00,8.450,22.000,39.400,19.000,0.500
2023-11-29 16:00:00,7.740,0.000,0.000,0.000,0.200
2023-11-29 17:00:00,6.990,0.000,0.000,0.000,-0.200
2023-11-29 18:00:00,6.140,0.000,0.000,0.000,-0.400
2023-11-29 19:00:00,5.080,0.000,0.000,0.000,-0.400
2023-11-29 20:00:00,4.100,0.000,0.000,0.000,-0.800
2023-11-29 21:00:00,3.570,0.000,0.000,0.000,-0.900
2023-11-29 22:00:00,3.200,0.000,0.000,0.000,-1.100
2023-11-29 23:00:00,3.220,0.000,0.000,0.000,-1.000
2023-11-30 00:00:00,3.450,0.000,0.000,0.000,-0.900
2023-11-30 01:00:00,3.800,0.000,0.000,0.000,-0.500
2023-11-30 02:00:00,3.920,0.000,0.000,0.000,-0.400
2023-11-30 03:00:00,3.500,0.000,0.000,0.000,-0.900
2023-11-30 04:00:00,2.970,0.000,0.000,0.000,-1.400
2023-11-30 05:00:00,2.920,0.000,0.000,0.000,-1.500
2023-11-30 06:00:00,3.660,0.000,0.000,0.000,-1.800
2023-11-30 07:00:00,3.740,0.000,0.000,0.000,-1.900
2023-11-30 08:00:00,3.720,18.000,100.900,12.000,-1.600
2023-11-30 09:00:00,2.550,76.000,197.000,48.000,-0.900
2023-11-30 10:00:00,0.820,127.000,181.500,87.000,-0.200
2023-11-30 11:00:00,1.460,170.000,261.700,101.000,0.100
2023-11-30 12:00:00,1.750,157.000,237.900,93.000,0.300
2023-11-30 13:00:00,1.840,126.000,190.500,81.000,0.500
2023-11-30 14:00:00,2.410,52.000,29.900,47.000,0.300
2023-11-30 15:00:00,3.060,22.000,53.300,18.000,0.000
2023-11-30 16:00:00,3.610,0.000,0.000,0.000,-0.400
2023-11-30 17:00:00,3.910,0.000,0.000,0.000,-0.800
2023-11-30 18:00:00,3.920,0.000,0.000,0.000,-1.400
2023-11-30 19:00:00,3.950,0.000,0.000,0.000,-1.700
2023-11-30 20:00:00,3.960,0.000,0.000,0.000,-2.100
2023-11-30 21:00:00,3.910,0.000,0.000,0.000,-2.100
2023-11-30 22:00:00,3.450,0.000,0.000,0.000,-2.300
2023-11-30 23:00:00,3.450,0.000,0.000,0.000,-2.400
2023-12-01 00:00:00,3.960,0.000,0.000,0.000,-2.500
2023-12-01 01:00:00,4.100,0.000,0.000,0.000,-2.700
2023-12-01 02:00:00,3.720,0.000,0.000,0.000,-2.800
2023-12-01 03:00:00,2.780,0.000,0.000,0.000,-2.600
2023-12-01 04:00:00,3.410,0.000,0.000,0.000,-2.600
2023-12-01 05:00:00,3.420,0.000,0.000,0.000,-2.900
2023-12-01 06:00:00,2.480,0.000,0.000,0.000,-3.000
2023-12-01 07:00:00,2.050,0.000,0.000,0.000,-3.100
2023-12-01 08:00:00,1.610,14.000,103.800,8.000,-2.700
2023-12-01 09:00:00,1.510,71.000,244.500,37.000,-2.400
2023-12-01 10:00:00,1.600,136.000,358.800,58.000,-2.300
2023-12-01 11:00:00,1.820,173.000,398.700,69.000,-2.100
2023-12-01 12:00:00,2.500,181.000,390.300,77.000,-2.100
2023-12-01 13:00:00,2.420,158.000,359.100,74.000,-1.800
2023-12-01 14:00:00,2.500,97.000,223.900,60.000,-1.700
2023-12-01 15:00:00,2.470,32.000,175.800,19.000,-2.500
2023-12-01 16:00:00,2.420,0.000,0.000,0.000,-1.400
2023-12-01 17:00:00,2.510,0.000,0.000,0.000,-1.400
2023-12-01 18:00:00,2.770,0.000,0.000,0.000,-1.300
2023-12-01 19:00:00,2.950,0.000,0.000,0.000,-1.600
2023-12-01 20:00:00,2.920,0.000,0.000,0.000,-1.500
2023-12-01 21:00:00,1.980,0.000,0.000,0.000,-1.300
2023-12-01 22:00:00,0.890,0.000,0.000,0.000,-1.300
2023-12-01 23:00:00,1.700,0.000,0.000,0.000,-1.500
2023-12-02 00:00:00,1.970,0.000,0.000,0.000,-1.600
2023-12-02 01:00:00,2.520,0.000,0.000,0.000,-1.600
2023-12-02 02:00:00,2.780,0.000,0.000,0.000,-1.700
2023-12-02 03:00:00,2.340,0.000,0.000,0.000,-1.700
2023-12-02 04:00:00,2.580,0.000,0.000,0.000,-1.700
2023-12-02 05:00:00,2.870,0.000,0.000,0.000,-1.800
2023-12-02 06:00:00,2.960,0.000,0.000,0.000,-2.000
2023-12-02 07:00:00,3.610,0.000,0.000,0.000,-2.000
2023-12-02 08:00:00,4.120,8.000,0.000,8.000,-1.900
2023-12-02 09:00:00,4.810,46.000,29.400,42.000,-1.500
2023-12-02 10:00:00,4.900,67.000,32.600,60.000,-1.300
2023-12-02 11:00:00,5.000,74.000,0.000,74.000,-1.100
2023-12-02 12:00:00,5.070,85.000,30.300,77.000,-1.000
2023-12-02 13:00:00,5.110,67.000,21.600,62.000,-0.900
2023-12-02 14:00:00,4.940,60.000,55.100,51.000,-0.800
2023-12-02 15:00:00,4.750,14.000,0.000,14.000,-0.800
2023-12-02 16:00:00,5.040,0.000,0.000,0.000,-0.800
2023-12-02 17:00:00,5.190,0.000,0.000,0.000,-0.600
2023-12-02 18:00:00,5.220,0.000,0.000,0.000,-0.500
2023-12-02 19:00:00,5.150,0.000,0.000,0.000,-0.500
2023-12-02 20:00:00,4.880,0.000,0.000,0.000,-0.700
2023-12-02 21:00:00,4.490,0.000,0.000,0.000,-1.100
2023-12-02 22:00:00,4.080,0.000,0.000,0.000,-1.100
2023-12-02 23:00:00,3.610,0.000,0.000,0.000,-1.300
2023-12-03 00:00:00,3.340,0.000,0.000,0.000,-1.300
2023-12-03 01:00:00,3.550,0.000,0.000,0.000,-1.400
2023-12-03 02:00:00,3.680,0.000,0.000,0.000,-1.200
2023-12-03 03:00:00,3.740,0.000,0.000,0.000,-1.500
2023-12-03 04:00:00,3.640,0.000,0.000,0.000,-1.400
2023-12-03 05:00:00,3.800,0.000,0.000,0.000,-1.000
2023-12-03 06:00:00,3.830,0.000,0.000,0.000,-0.600
2023-12-03 07:00:00,3.730,0.000,0.000,0.000,-0.400
2023-12-03 08:00:00,3.420,8.000,36.600,6.000,-0.200
2023-12-03 09:00:00,3.500,45.000,90.100,33.000,-0.000
2023-12-03 10:00:00,2.830,91.000,141.600,61.000,-0.400
2023-12-03 11:00:00,4.060,174.000,402.900,71.000,-0.100
2023-12-03 12:00:00,4.160,149.000,191.000,99.000,0.200
2023-12-03 13:00:00,3.690,112.000,135.000,81.000,0.300
2023-12-03 14:00:00,3.000,70.000,99.000,54.000,0.100
2023-12-03 15:00:00,3.330,28.000,124.800,19.000,-0.200
2023-12-03 16:00:00,3.860,0.000,0.000,0.000,-0.100
2023-12-03 17:00:00,4.900,0.000,0.000,0.000,-0.200
2023-12-03 18:00:00,5.470,0.000,0.000,0.000,-0.600
2023-12-03 19:00:00,6.100,0.000,0.000,0.000,-1.000
2023-12-03 20:00:00,6.600,0.000,0.000,0.000,-1.400
2023-12-03 21:00:00,6.800,0.000,0.000,0.000,-2.000
2023-12-03 22:00:00,6.810,0.000,0.000,0.000,-2.500
2023-12-03 23:00:00,6.640,0.000,0.000,0.000,-2.500
2023-12-04 00:00:00,6.640,0.000,0.000,0.000,-2.400
2023-12-04 01:00:00,6.600,0.000,0.000,0.000,-2.300
2023-12-04 02:00:00,6.360,0.000,0.000,0.000,-2.100
2023-12-04 03:00:00,6.630,0.000,0.000,0.000,-1.900
2023-12-04 04:00:00,6.850,0.000,0.000,0.000,-1.600
2023-12-04 05:00:00,6.870,0.000,0.000,0.000,-1.300
2023-12-04 06:00:00,6.710,0.000,0.000,0.000,-1.100
2023-12-04 07:00:00,6.670,0.000,0.000,0.000,-0.800
2023-12-04 08:00:00,6.860,6.000,0.000,6.000,-0.500
2023-12-04 09:00:00,6.830,34.000,7.700,33.000,-0.200
2023-12-04 10:00:00,6.950,83.000,14.300,80.000,0.000
2023-12-04 11:00:00,6.800,127.000,35.500,118.000,0.400
2023-12-04 12:00:00,6.930,134.000,53.900,120.000,0.600
2023-12-04 13:00:00,6.870,104.000,17.600,100.000,0.500
2023-12-04 14:00:00,6.650,62.000,12.500,60.000,0.500
2023-12-04 15:00:00,6.930,21.000,0.000,21.000,0.200
2023-12-04 16:00:00,7.250,0.000,0.000,0.000,0.100
2023-12-04 17:00:00,7.550,0.000,0.000,0.000,-0.100
2023-12-04 18:00:00,7.080,0.000,0.000,0.000,-0.200
2023-12-04 19:00:00,7.220,0.000,0.000,0.000,-0.300
2023-12-04 20:00:00,7.570,0.000,0.000,0.000,-0.500
2023-12-04 21:00:00,7.580,0.000,0.000,0.000,-0.700
2023-12-04 22:00:00,7.570,0.000,0.000,0.000,-0.800
2023-12-04 23:00:00,7.390,0.000,0.000,0.000,-1.000
2023-12-05 00:00:00,7.620,0.000,0.000,0.000,-0.900
2023-12-05 01:00:00,7.760,0.000,0.000,0.000,-1.000
2023-12-05 02:00:00,8.020,0.000,0.000,0.000,-0.900
2023-12-05 03:00:00,7.870,0.000,0.000,0.000,-0.800
2023-12-05 04:00:00,7.600,0.000,0.000,0.000,-0.800
2023-12-05 05:00:00,7.560,0.000,0.000,0.000,-0.700
2023-12-05 06:00:00,7.750,0.000,0.000,0.000,-0.700
2023-12-05 07:00:00,7.560,0.000,0.000,0.000,-0.800
2023-12-05 08:00:00,7.280,4.000,0.000,4.000,-0.800
2023-12-05 09:00:00,7.170,23.000,7.800,22.000,-0.700
2023-12-05 10:00:00,6.560,44.000,4.800,43.000,0.100
2023-12-05 11:00:00,6.090,55.000,15.900,51.000,0.500
2023-12-05 12:00:00,6.020,52.000,0.000,52.000,0.700
2023-12-05 13:00:00,5.600,38.000,8.800,36.000,1.000
2023-12-05 14:00:00,5.690,17.000,0.000,17.000,1.300
2023-12-05 15:00:00,5.660,6.000,0.000,6.000,1.600
2023-12-05 16:00:00,5.860,0.000,0.000,0.000,1.900
2023-12-05 17:00:00,6.040,0.000,0.000,0.000,2.000
2023-12-05 18:00:00,6.100,0.000,0.000,0.000,2.300
2023-12-05 19:00:00,6.090,0.000,0.000,0.000,2.300
2023-12-05 20:00:00,5.990,0.000,0.000,0.000,2.200
2023-12-05 21:00:00,5.920,0.000,0.000,0.000,2.200
2023-12-05 22:00:00,4.790,0.000,0.000,0.000,2.300
2023-12-05 23:00:00,4.270,0.000,0.000,0.000,2.000
2023-12-06 00:00:00,3.740,0.000,0.000,0.000,1.700
2023-12-06 01:00:00,3.490,0.000,0.000,0.000,1.700
2023-12-06 02:00:00,3.210,0.000,0.000,0.000,1.800
2023-12-06 03:00:00,3.100,0.000,0.000,0.000,1.900
2023-12-06 04:00:00,3.610,0.000,0.000,0.000,2.000
2023-12-06 05:00:00,4.480,0.000,0.000,0.000,1.700
2023-12-06 06:00:00,4.940,0.000,0.000,0.000,1.400
2023-12-06 07:00:00,5.190,0.000,0.000,0.000,0.900
2023-12-06 08:00:00,5.130,2.000,0.000,2.000,0.600
2023-12-06 09:00:00,5.110,16.000,0.000,16.000,0.500
2023-12-06 10:00:00,4.620,24.000,0.000,24.000,0.400
2023-12-06 11:00:00,4.490,45.000,0.000,45.000,0.500
2023-12-06 12:00:00,4.670,50.000,0.000,50.000,0.600
2023-12-06 13:00:00,4.390,38.000,13.400,35.000,0.700
2023-12-06 14:00:00,4.960,36.000,6.400,35.000,0.800
2023-12-06 15:00:00,4.600,14.000,0.000,14.000,0.800
2023-12-06 16:00:00,4.700,0.000,0.000,0.000,0.800
2023-12-06 17:00:00,5.100,0.000,0.000,0.000,0.900
2023-12-06 18:00:00,5.220,0.000,0.000,0.000,1.100
2023-12-06 19:00:00,5.250,0.000,0.000,0.000,1.200
2023-12-06 20:00:00,4.940,0.000,0.000,0.000,1.500
2023-12-06 21:00:00,5.100,0.000,0.000,0.000,1.800
2023-12-06 22:00:00,5.310,0.000,0.000,0.000,2.000
2023-12-06 23:00:00,5.200,0.000,0.000,0.000,2.100
2023-12-07 00:00:00,5.610,0.000,0.000,0.000,2.100
2023-12-07 01:00:00,5.710,0.000,0.000,0.000,2.200
2023-12-07 02:00:00,5.500,0.000,0.000,0.000,2.200
2023-12-07 03:00:00,5.300,0.000,0.000,0.000,2.000
2023-12-07 04:00:00,5.630,0.000,0.000,0.000,1.900
2023-12-07 05:00:00,5.380,0.000,0.000,0.000,1.700
2023-12-07 06:00:00,5.100,0.000,0.000,0.000,1.400
2023-12-07 07:00:00,5.290,0.000,0.000,0.000,1.300
2023-12-07 08:00:00,5.310,7.000,38.200,5.000,1.400
2023-12-07 09:00:00,5.060,54.000,146.600,36.000,1.800
2023-12-07 10:00:00,4.800,102.000,193.100,63.000,2.700
2023-12-07 11:00:00,3.910,136.000,174.300,93.000,3.300
2023-12-07 12:00:00,3.160,108.000,90.600,85.000,3.400
2023-12-07 13:00:00,2.620,119.000,175.000,80.000,3.700
2023-12-07 14:00:00,2.560,72.000,141.100,50.000,3.600
2023-12-07 15:00:00,3.300,24.000,115.500,16.000,2.800
2023-12-07 16:00:00,4.220,0.000,0.000,0.000,2.100
2023-12-07 17:00:00,4.690,0.000,0.000,0.000,1.500
2023-12-07 18:00:00,5.910,0.000,0.000,0.000,1.500
2023-12-07 19:00:00,6.090,0.000,0.000,0.000,0.700
2023-12-07 20:00:00,5.600,0.000,0.000,0.000,0.300
2023-12-07 21:00:00,6.220,0.000,0.000,0.000,-0.100
2023-12-07 22:00:00,6.820,0.000,0.000,0.000,-0.100
2023-12-07 23:00:00,7.360,0.000,0.000,0.000,-0.200
2023-12-08 00:00:00,7.440,0.000,0.000,0.000,-0.500
2023-12-08 01:00:00,7.950,0.000,0.000,0.000,-0.600
2023-12-08 02:00:00,8.360,0.000,0.000,0.000,-0.300
2023-12-08 03:00:00,8.800,0.000,0.000,0.000,-0.100
2023-12-08 04:00:00,8.400,0.000,0.000,0.000,-0.100
2023-12-08 05:00:00,7.810,0.000,0.000,0.000,0.000
2023-12-08 06:00:00,7.360,0.000,0.000,0.000,0.300
2023-12-08 07:00:00,6.510,0.000,0.000,0.000,0.400
2023-12-08 08:00:00,5.600,3.000,0.000,3.000,0.600
2023-12-08 09:00:00,5.450,13.000,0.000,13.000,0.500
2023-12-08 10:00:00,5.760,16.000,0.000,16.000,0.500
2023-12-08 11:00:00,4.960,27.000,0.000,27.000,0.400
2023-12-08 12:00:00,5.190,36.000,0.000,36.000,0.500
2023-12-08 13:00:00,5.370,50.000,0.000,50.000,0.800
2023-12-08 14:00:00,5.040,33.000,0.000,33.000,0.900
2023-12-08 15:00:00,4.610,9.000,0.000,9.000,1.100
2023-12-08 16:00:00,4.510,0.000,0.000,0.000,1.200
2023-12-08 17:00:00,4.770,0.000,0.000,0.000,1.500
2023-12-08 18:00:00,5.030,0.000,0.000,0.000,1.700
2023-12-08 19:00:00,4.960,0.000,0.000,0.000,2.100
2023-12-08 20:00:00,4.880,0.000,0.000,0.000,2.400
2023-12-08 21:00:00,4.950,0.000,0.000,0.000,2.800
2023-12-08 22:00:00,5.730,0.000,0.000,0.000,3.100
2023-12-08 23:00:00,5.870,0.000,0.000,0.000,3.600
2023-12-09 00:00:00,5.900,0.000,0.000,0.000,3.800
2023-12-09 01:00:00,6.070,0.000,0.000,0.000,4.000
2023-12-09 02:00:00,6.480,0.000,0.000,0.000,4.000
2023-12-09 03:00:00,7.090,0.000,0.000,0.000,4.100
2023-12-09 04:00:00,7.460,0.000,0.000,0.000,4.300
2023-12-09 05:00:00,7.530,0.000,0.000,0.000,4.300
2023-12-09 06:00:00,7.670,0.000,0.000,0.000,4.200
2023-12-09 07:00:00,7.520,0.000,0.000,0.000,4.300
2023-12-09 08:00:00,7.090,7.000,38.200,5.000,4.200
2023-12-09 09:00:00,7.140,51.000,101.600,39.000,4.700
2023-12-09 10:00:00,7.090,109.000,187.200,72.000,5.100
2023-12-09 11:00:00,7.320,134.000,160.600,95.000,5.900
2023-12-09 12:00:00,7.400,120.000,75.900,101.000,6.500
2023-12-09 13:00:00,8.100,106.000,72.700,90.000,6.700
2023-12-09 14:00:00,8.500,63.000,32.500,58.000,6.700
2023-12-09 15:00:00,8.670,16.000,0.000,16.000,6.300
2023-12-09 16:00:00,9.020,0.000,0.000,0.000,6.000
2023-12-09 17:00:00,9.460,0.000,0.000,0.000,5.700
2023-12-09 18:00:00,9.790,0.000,0.000,0.000,5.700
2023-12-09 19:00:00,9.880,0.000,0.000,0.000,5.700
2023-12-09 20:00:00,10.050,0.000,0.000,0.000,5.400
2023-12-09 21:00:00,9.850,0.000,0.000,0.000,4.900
2023-12-09 22:00:00,8.520,0.000,0.000,0.000,5.100
2023-12-09 23:00:00,7.710,0.000,0.000,0.000,5.100
2023-12-10 00:00:00,7.430,0.000,0.000,0.000,5.600
2023-12-10 01:00:00,9.860,0.000,0.000,0.000,7.000
2023-12-10 02:00:00,10.700,0.000,0.000,0.000,8.000
2023-12-10 03:00:00,10.110,0.000,0.000,0.000,8.000
2023-12-10 04:00:00,9.930,0.000,0.000,0.000,7.700
2023-12-10 05:00:00,10.080,0.000,0.000,0.000,7.700
2023-12-10 06:00:00,10.680,0.000,0.000,0.000,7.600
2023-12-10 07:00:00,11.750,0.000,0.000,0.000,7.400
2023-12-10 08:00:00,12.730,2.000,0.000,2.000,6.900
2023-12-10 09:00:00,13.430,16.000,0.000,16.000,7.100
2023-12-10 10:00:00,12.760,34.000,0.000,34.000,7.500
2023-12-10 11:00:00,13.620,25.000,0.000,25.000,8.100
2023-12-10 12:00:00,13.430,23.000,4.000,22.000,8.200
2023-12-10 13:00:00,12.830,18.000,0.000,18.000,8.200
2023-12-10 14:00:00,11.960,10.000,0.000,10.000,8.200
2023-12-10 15:00:00,10.870,5.000,0.000,5.000,8.000
2023-12-10 16:00:00,9.840,0.000,0.000,0.000,7.800
2023-12-10 17:00:00,8.880,0.000,0.000,0.000,7.700
2023-12-10 18:00:00,8.540,0.000,0.000,0.000,7.700
2023-12-10 19:00:00,7.860,0.000,0.000,0.000,8.100
2023-12-10 20:00:00,7.920,0.000,0.000,0.000,8.000
2023-12-10 21:00:00,8.250,0.000,0.000,0.000,7.500
2023-12-10 22:00:00,7.500,0.000,0.000,0.000,7.000
2023-12-10 23:00:00,8.820,0.000,0.000,0.000,7.600
2023-12-11 00:00:00,12.870,0.000,0.000,0.000,9.500
2023-12-11 01:00:00,12.660,0.000,0.000,0.000,9.900
2023-12-11 02:00:00,11.800,0.000,0.000,0.000,9.800
2023-12-11 03:00:00,10.640,0.000,0.000,0.000,9.500
2023-12-11 04:00:00,9.750,0.000,0.000,0.000,9.200
2023-12-11 05:00:00,9.810,0.000,0.000,0.000,9.100
2023-12-11 06:00:00,9.150,0.000,0.000,0.000,9.200
2023-12-11 07:00:00,9.750,0.000,0.000,0.000,9.000
2023-12-11 08:00:00,9.860,3.000,0.000,3.000,8.900
2023-12-11 09:00:00,8.720,21.000,44.000,16.000,9.000
2023-12-11 10:00:00,8.160,29.000,0.000,29.000,9.100
2023-12-11 11:00:00,9.100,48.000,20.900,43.000,9.100
2023-12-11 12:00:00,9.880,26.000,0.000,26.000,9.300
2023-12-11 13:00:00,11.530,18.000,0.000,18.000,9.200
2023-12-11 14:00:00,12.410,9.000,0.000,9.000,9.200
2023-12-11 15:00:00,11.910,3.000,0.000,3.000,9.100
2023-12-11 16:00:00,11.840,0.000,0.000,0.000,8.800
2023-12-11 17:00:00,11.630,0.000,0.000,0.000,8.400
2023-12-11 18:00:00,11.530,0.000,0.000,0.000,8.100
2023-12-11 19:00:00,10.920,0.000,0.000,0.000,7.900
2023-12-11 20:00:00,10.010,0.000,0.000,0.000,7.600
2023-12-11 21:00:00,9.200,0.000,0.000,0.000,7.400
2023-12-11 22:00:00,8.200,0.000,0.000,0.000,7.200
2023-12-11 23:00:00,7.850,0.000,0.000,0.000,7.000
2023-12-12 00:00:00,7.580,0.000,0.000,0.000,6.700
2023-12-12 01:00:00,7.320,0.000,0.000,0.000,6.400
2023-12-12 02:00:00,6.820,0.000,0.000,0.000,6.200
2023-12-12 03:00:00,6.140,0.000,0.000,0.000,5.800
2023-12-12 04:00:00,5.850,0.000,0.000,0.000,5.600
2023-12-12 05:00:00,5.890,0.000,0.000,0.000,5.400
2023-12-12 06:00:00,5.330,0.000,0.000,0.000,5.400
2023-12-12 07:00:00,5.200,0.000,0.000,0.000,5.200
2023-12-12 08:00:00,5.050,3.000,19.100,2.000,5.200
2023-12-12 09:00:00,4.360,34.000,116.400,21.000,5.800
2023-12-12 10:00:00,2.970,55.000,57.300,44.000,6.400
2023-12-12 11:00:00,2.020,125.000,265.000,62.000,7.200
2023-12-12 12:00:00,1.400,125.000,215.200,72.000,7.800
2023-12-12 13:00:00,1.700,104.000,156.700,70.000,8.000
2023-12-12 14:00:00,3.610,67.000,178.000,40.000,7.700
2023-12-12 15:00:00,5.080,22.000,74.300,17.000,7.300
2023-12-12 16:00:00,6.080,0.000,0.000,0.000,6.700
2023-12-12 17:00:00,6.540,0.000,0.000,0.000,6.400
2023-12-12 18:00:00,6.750,0.000,0.000,0.000,6.300
2023-12-12 19:00:00,6.880,0.000,0.000,0.000,6.300
2023-12-12 20:00:00,6.640,0.000,0.000,0.000,6.200
2023-12-12 21:00:00,7.000,0.000,0.000,0.000,6.300
2023-12-12 22:00:00,5.800,0.000,0.000,0.000,6.300
2023-12-12 23:00:00,5.780,0.000,0.000,0.000,6.400
2023-12-13 00:00:00,5.450,0.000,0.000,0.000,6.500
2023-12-13 01:00:00,4.880,0.000,0.000,0.000,6.500
2023-12-13 02:00:00,4.330,0.000,0.000,0.000,6.600
2023-12-13 03:00:00,3.920,0.000,0.000,0.000,6.600
2023-12-13 04:00:00,3.140,0.000,0.000,0.000,6.800
2023-12-13 05:00:00,2.910,0.000,0.000,0.000,7.100
2023-12-13 06:00:00,3.200,0.000,0.000,0.000,7.300
2023-12-13 07:00:00,3.490,0.000,0.000,0.000,7.300
2023-12-13 08:00:00,3.550,3.000,0.000,3.000,7.500
2023-12-13 09:00:00,2.640,24.000,9.100,23.000,7.700
2023-12-13 10:00:00,1.970,62.000,57.900,51.000,7.500
2023-12-13 11:00:00,1.240,83.000,126.900,53.000,7.900
2023-12-13 12:00:00,0.580,77.000,53.000,64.000,8.100
2023-12-13 13:00:00,0.850,58.000,32.400,51.000,8.000
2023-12-13 14:00:00,2.550,22.000,0.000,22.000,7.800
2023-12-13 15:00:00,4.110,10.000,0.000,10.000,7.100
2023-12-13 16:00:00,4.970,0.000,0.000,0.000,6.500
2023-12-13 17:00:00,5.750,0.000,0.000,0.000,5.900
2023-12-13 18:00:00,5.950,0.000,0.000,0.000,5.400
2023-12-13 19:00:00,6.080,0.000,0.000,0.000,5.000
2023-12-13 20:00:00,6.400,0.000,0.000,0.000,4.800
2023-12-13 21:00:00,6.960,0.000,0.000,0.000,4.700
2023-12-13 22:00:00,7.060,0.000,0.000,0.000,4.400
2023-12-13 23:00:00,6.760,0.000,0.000,0.000,4.100
2023-12-14 00:00:00,6.180,0.000,0.000,0.000,3.800
2023-12-14 01:00:00,4.960,0.000,0.000,0.000,3.600
2023-12-14 02:00:00,4.880,0.000,0.000,0.000,3.400
2023-12-14 03:00:00,5.060,0.000,0.000,0.000,3.300
2023-12-14 04:00:00,4.970,0.000,0.000,0.000,3.100
2023-12-14 05:00:00,4.370,0.000,0.000,0.000,3.100
2023-12-14 06:00:00,4.270,0.000,0.000,0.000,3.200
2023-12-14 07:00:00,3.950,0.000,0.000,0.000,3.300
2023-12-14 08:00:00,4.400,2.000,0.000,2.000,3.300
2023-12-14 09:00:00,4.800,18.000,9.300,17.000,3.500
2023-12-14 10:00:00,3.750,35.000,5.300,34.000,3.900
2023-12-14 11:00:00,3.540,43.000,12.800,40.000,4.000
2023-12-14 12:00:00,3.720,55.000,20.500,50.000,4.200
2023-12-14 13:00:00,4.300,43.000,4.600,42.000,4.300
2023-12-14 14:00:00,4.120,29.000,13.300,27.000,4.300
2023-12-14 15:00:00,4.070,7.000,0.000,7.000,4.200
2023-12-14 16:00:00,4.050,0.000,0.000,0.000,3.900
2023-12-14 17:00:00,3.780,0.000,0.000,0.000,3.500
2023-12-14 18:00:00,3.750,0.000,0.000,0.000,3.300
2023-12-14 19:00:00,4.130,0.000,0.000,0.000,3.300
2023-12-14 20:00:00,4.250,0.000,0.000,0.000,2.900
2023-12-14 21:00:00,4.050,0.000,0.000,0.000,2.600
2023-12-14 22:00:00,3.710,0.000,0.000,0.000,2.600
2023-12-14 23:00:00,3.860,0.000,0.000,0.000,2.600
2023-12-15 00:00:00,4.650,0.000,0.000,0.000,2.700
2023-12-15 01:00:00,5.470,0.000,0.000,0.000,2.700
2023-12-15 02:00:00,5.820,0.000,0.000,0.000,2.700
2023-12-15 03:00:00,6.140,0.000,0.000,0.000,3.000
2023-12-15 04:00:00,6.330,0.000,0.000,0.000,3.300
2023-12-15 05:00:00,6.560,0.000,0.000,0.000,3.700
2023-12-15 06:00:00,6.900,0.000,0.000,0.000,4.000
2023-12-15 07:00:00,7.040,0.000,0.000,0.000,4.300
2023-12-15 08:00:00,6.930,2.000,0.000,2.000,4.900
2023-12-15 09:00:00,6.770,17.000,9.400,16.000,5.300
2023-12-15 10:00:00,6.940,39.000,5.300,38.000,6.000
2023-12-15 11:00:00,7.630,68.000,21.400,63.000,6.600
2023-12-15 12:00:00,7.910,79.000,20.500,74.000,7.100
2023-12-15 13:00:00,7.400,48.000,0.000,48.000,7.400
2023-12-15 14:00:00,6.600,38.000,6.600,37.000,7.500
2023-12-15 15:00:00,6.650,13.000,14.900,12.000,7.400
2023-12-15 16:00:00,7.320,0.000,0.000,0.000,7.200
2023-12-15 17:00:00,7.310,0.000,0.000,0.000,7.200
2023-12-15 18:00:00,6.910,0.000,0.000,0.000,7.100
2023-12-15 19:00:00,6.850,0.000,0.000,0.000,7.100
2023-12-15 20:00:00,7.030,0.000,0.000,0.000,7.100
2023-12-15 21:00:00,7.160,0.000,0.000,0.000,7.000
2023-12-15 22:00:00,7.610,0.000,0.000,0.000,6.900
2023-12-15 23:00:00,7.610,0.000,0.000,0.000,6.500
2023-12-16 00:00:00,7.590,0.000,0.000,0.000,6.500
2023-12-16 01:00:00,7.420,0.000,0.000,0.000,6.800
2023-12-16 02:00:00,7.640,0.000,0.000,0.000,6.800
2023-12-16 03:00:00,7.840,0.000,0.000,0.000,6.700
2023-12-16 04:00:00,7.910,0.000,0.000,0.000,6.600
2023-12-16 05:00:00,7.840,0.000,0.000,0.000,6.400
2023-12-16 06:00:00,7.760,0.000,0.000,0.000,6.400
2023-12-16 07:00:00,8.180,0.000,0.000,0.000,6.400
2023-12-16 08:00:00,8.870,6.000,38.200,4.000,6.400
2023-12-16 09:00:00,9.090,54.000,229.300,30.000,6.900
2023-12-16 10:00:00,8.680,81.000,161.500,51.000,7.700
2023-12-16 11:00:00,9.280,96.000,98.800,73.000,8.100
2023-12-16 12:00:00,9.360,96.000,94.800,73.000,8.200
2023-12-16 13:00:00,9.590,94.000,200.500,51.000,8.300
2023-12-16 14:00:00,9.630,40.000,26.600,36.000,8.200
2023-12-16 15:00:00,9.180,6.000,0.000,6.000,8.100
2023-12-16 16:00:00,9.210,0.000,0.000,0.000,8.000
2023-12-16 17:00:00,9.300,0.000,0.000,0.000,8.000
2023-12-16 18:00:00,9.360,0.000,0.000,0.000,8.100
2023-12-16 19:00:00,9.270,0.000,0.000,0.000,8.100
2023-12-16 20:00:00,9.270,0.000,0.000,0.000,8.100
2023-12-16 21:00:00,9.270,0.000,0.000,0.000,8.200
2023-12-16 22:00:00,8.710,0.000,0.000,0.000,8.600
2023-12-16 23:00:00,9.270,0.000,0.000,0.000,8.600
2023-12-17 00:00:00,9.420,0.000,0.000,0.000,8.900
2023-12-17 01:00:00,9.250,0.000,0.000,0.000,9.000
2023-12-17 02:00:00,9.080,0.000,0.000,0.000,9.000
2023-12-17 03:00:00,9.110,0.000,0.000,0.000,9.200
2023-12-17 04:00:00,9.080,0.000,0.000,0.000,9.200
2023-12-17 05:00:00,8.890,0.000,0.000,0.000,9.200
2023-12-17 06:00:00,8.600,0.000,0.000,0.000,9.100
2023-12-17 07:00:00,8.580,0.000,0.000,0.000,9.000
2023-12-17 08:00:00,8.730,2.000,0.000,2.000,8.900
2023-12-17 09:00:00,8.770,20.000,29.100,17.000,8.800
2023-12-17 10:00:00,8.240,48.000,27.100,43.000,9.000
2023-12-17 11:00:00,7.880,68.000,47.500,57.000,9.100
2023-12-17 12:00:00,8.740,105.000,111.600,78.000,9.300
2023-12-17 13:00:00,9.470,75.000,18.700,71.000,9.100
2023-12-17 14:00:00,9.390,52.000,33.200,47.000,8.800
2023-12-17 15:00:00,9.440,14.000,14.900,13.000,8.100
2023-12-17 16:00:00,9.530,0.000,0.000,0.000,7.600
2023-12-17 17:00:00,9.930,0.000,0.000,0.000,7.100
2023-12-17 18:00:00,10.150,0.000,0.000,0.000,7.100
2023-12-17 19:00:00,10.060,0.000,0.000,0.000,7.300
2023-12-17 20:00:00,9.840,0.000,0.000,0.000,7.400
2023-12-17 21:00:00,9.570,0.000,0.000,0.000,7.400
2023-12-17 22:00:00,9.230,0.000,0.000,0.000,7.500
2023-12-17 23:00:00,9.140,0.000,0.000,0.000,7.500
2023-12-18 00:00:00,9.180,0.000,0.000,0.000,7.400
2023-12-18 01:00:00,9.300,0.000,0.000,0.000,7.200
2023-12-18 02:00:00,9.430,0.000,0.000,0.000,6.900
2023-12-18 03:00:00,9.200,0.000,0.000,0.000,6.400
2023-12-18 04:00:00,8.960,0.000,0.000,0.000,6.100
2023-12-18 05:00:00,9.050,0.000,0.000,0.000,5.800
2023-12-18 06:00:00,9.120,0.000,0.000,0.000,5.500
2023-12-18 07:00:00,8.780,0.000,0.000,0.000,5.600
2023-12-18 08:00:00,8.280,2.000,0.000,2.000,5.700
2023-12-18 09:00:00,7.790,28.000,19.600,26.000,5.900
2023-12-18 10:00:00,7.440,51.000,43.600,43.000,6.400
2023-12-18 11:00:00,7.790,78.000,8.700,76.000,6.600
2023-12-18 12:00:00,7.930,72.000,12.400,69.000,6.700
2023-12-18 13:00:00,8.300,98.000,98.100,77.000,6.900
2023-12-18 14:00:00,8.050,72.000,172.700,46.000,6.900
2023-12-18 15:00:00,8.230,20.000,89.400,14.000,6.700
2023-12-18 16:00:00,8.830,0.000,0.000,0.000,6.300
2023-12-18 17:00:00,9.260,0.000,0.000,0.000,6.300
2023-12-18 18:00:00,9.390,0.000,0.000,0.000,6.200
2023-12-18 19:00:00,9.530,0.000,0.000,0.000,6.300
2023-12-18 20:00:00,9.630,0.000,0.000,0.000,6.300
2023-12-18 21:00:00,9.790,0.000,0.000,0.000,6.300
2023-12-18 22:00:00,9.550,0.000,0.000,0.000,6.300
2023-12-18 23:00:00,9.690,0.000,0.000,0.000,6.300
2023-12-19 00:00:00,9.500,0.000,0.000,0.000,6.300
2023-12-19 01:00:00,9.700,0.000,0.000,0.000,6.400
2023-12-19 02:00:00,9.750,0.000,0.000,0.000,6.300
2023-12-19 03:00:00,9.270,0.000,0.000,0.000,6.300
2023-12-19 04:00:00,9.110,0.000,0.000,0.000,6.200
2023-12-19 05:00:00,9.130,0.000,0.000,0.000,6.200
2023-12-19 06:00:00,8.990,0.000,0.000,0.000,6.200
2023-12-19 07:00:00,9.210,0.000,0.000,0.000,6.400
2023-12-19 08:00:00,9.620,0.000,0.000,0.000,6.500
2023-12-19 09:00:00,9.760,2.000,0.000,2.000,6.600
2023-12-19 10:00:00,8.570,5.000,0.000,5.000,6.900
2023-12-19 11:00:00,8.900,7.000,0.000,7.000,7.100
2023-12-19 12:00:00,9.060,10.000,0.000,10.000,7.300
2023-12-19 13:00:00,8.810,10.000,0.000,10.000,7.400
2023-12-19 14:00:00,8.410,7.000,0.000,7.000,7.400
2023-12-19 15:00:00,8.180,2.000,0.000,2.000,7.200
2023-12-19 16:00:00,8.140,0.000,0.000,0.000,7.000
2023-12-19 17:00:00,8.120,0.000,0.000,0.000,6.900
2023-12-19 18:00:00,7.340,0.000,0.000,0.000,6.800
2023-12-19 19:00:00,7.130,0.000,0.000,0.000,6.800
2023-12-19 20:00:00,6.800,0.000,0.000,0.000,6.800
2023-12-19 21:00:00,6.680,0.000,0.000,0.000,6.800
2023-12-19 22:00:00,6.710,0.000,0.000,0.000,7.000
2023-12-19 23:00:00,6.860,0.000,0.000,0.000,6.900
2023-12-20 00:00:00,6.910,0.000,0.000,0.000,6.700
2023-12-20 01:00:00,7.500,0.000,0.000,0.000,6.200
2023-12-20 02:00:00,7.710,0.000,0.000,0.000,5.800
2023-12-20 03:00:00,8.270,0.000,0.000,0.000,5.600
2023-12-20 04:00:00,8.970,0.000,0.000,0.000,5.500
2023-12-20 05:00:00,10.000,0.000,0.000,0.000,5.500
2023-12-20 06:00:00,10.790,0.000,0.000,0.000,5.800
2023-12-20 07:00:00,11.450,0.000,0.000,0.000,6.100
2023-12-20 08:00:00,11.640,3.000,0.000,3.000,6.100
2023-12-20 09:00:00,12.430,24.000,20.100,22.000,6.500
2023-12-20 10:00:00,12.840,37.000,16.500,34.000,6.500
2023-12-20 11:00:00,14.600,68.000,43.500,58.000,6.300
2023-12-20 12:00:00,13.310,88.000,41.500,78.000,6.100
2023-12-20 13:00:00,11.700,52.000,56.100,40.000,6.300
2023-12-20 14:00:00,10.910,39.000,86.000,26.000,6.200
2023-12-20 15:00:00,10.330,18.000,103.600,11.000,5.800
2023-12-20 16:00:00,9.720,0.000,0.000,0.000,5.600
2023-12-20 17:00:00,10.140,0.000,0.000,0.000,5.400
2023-12-20 18:00:00,9.360,0.000,0.000,0.000,5.300
2023-12-20 19:00:00,8.970,0.000,0.000,0.000,5.300
2023-12-20 20:00:00,9.590,0.000,0.000,0.000,5.700
2023-12-20 21:00:00,11.470,0.000,0.000,0.000,6.200
2023-12-20 22:00:00,12.430,0.000,0.000,0.000,6.900
2023-12-20 23:00:00,12.940,0.000,0.000,0.000,7.500
2023-12-21 00:00:00,12.810,0.000,0.000,0.000,7.900
2023-12-21 01:00:00,12.030,0.000,0.000,0.000,8.100
2023-12-21 02:00:00,11.310,0.000,0.000,0.000,8.300
2023-12-21 03:00:00,11.160,0.000,0.000,0.000,8.400
2023-12-21 04:00:00,10.480,0.000,0.000,0.000,8.500
2023-12-21 05:00:00,10.480,0.000,0.000,0.000,8.600
2023-12-21 06:00:00,11.500,0.000,0.000,0.000,8.800
2023-12-21 07:00:00,12.860,0.000,0.000,0.000,8.800
2023-12-21 08:00:00,13.710,0.000,0.000,0.000,8.800
2023-12-21 09:00:00,14.590,7.000,0.000,7.000,9.000
2023-12-21 10:00:00,14.550,11.000,0.000,11.000,9.100
2023-12-21 11:00:00,14.830,8.000,0.000,8.000,9.500
2023-12-21 12:00:00,15.380,18.000,0.000,18.000,9.700
2023-12-21 13:00:00,16.700,15.000,0.000,15.000,9.800
2023-12-21 14:00:00,14.990,31.000,33.000,26.000,8.700
2023-12-21 15:00:00,14.120,15.000,14.700,14.000,7.100
2023-12-21 16:00:00,13.540,0.000,0.000,0.000,6.200
2023-12-21 17:00:00,13.600,0.000,0.000,0.000,6.300
2023-12-21 18:00:00,14.210,0.000,0.000,0.000,6.100
2023-12-21 19:00:00,14.440,0.000,0.000,0.000,6.100
2023-12-21 20:00:00,14.570,0.000,0.000,0.000,6.200
2023-12-21 21:00:00,14.720,0.000,0.000,0.000,5.800
2023-12-21 22:00:00,14.680,0.000,0.000,0.000,5.700
2023-12-21 23:00:00,13.410,0.000,0.000,0.000,5.600
2023-12-22 00:00:00,13.120,0.000,0.000,0.000,5.200
2023-12-22 01:00:00,13.500,0.000,0.000,0.000,5.000
2023-12-22 02:00:00,14.050,0.000,0.000,0.000,4.400
2023-12-22 03:00:00,14.360,0.000,0.000,0.000,4.100
2023-12-22 04:00:00,15.030,0.000,0.000,0.000,3.900
2023-12-22 05:00:00,15.120,0.000,0.000,0.000,4.100
2023-12-22 06:00:00,15.040,0.000,0.000,0.000,3.700
2023-12-22 07:00:00,14.330,0.000,0.000,0.000,3.700
2023-12-22 08:00:00,13.850,4.000,19.100,3.000,3.800
2023-12-22 09:00:00,13.090,37.000,81.900,29.000,4.000
2023-12-22 10:00:00,13.030,84.000,188.700,50.000,4.700
2023-12-22 11:00:00,12.370,105.000,131.000,75.000,4.700
2023-12-22 12:00:00,11.310,101.000,95.600,78.000,5.000
2023-12-22 13:00:00,10.720,121.000,223.800,73.000,5.400
2023-12-22 14:00:00,10.910,48.000,19.700,45.000,5.600
2023-12-22 15:00:00,10.490,18.000,14.600,17.000,5.200
2023-12-22 16:00:00,10.350,0.000,0.000,0.000,4.700
2023-12-22 17:00:00,9.270,0.000,0.000,0.000,4.600
2023-12-22 18:00:00,9.610,0.000,0.000,0.000,4.500
2023-12-22 19:00:00,11.010,0.000,0.000,0.000,4.500
2023-12-22 20:00:00,13.070,0.000,0.000,0.000,5.000
2023-12-22 21:00:00,13.520,0.000,0.000,0.000,4.800
2023-12-22 22:00:00,11.950,0.000,0.000,0.000,4.600
2023-12-22 23:00:00,12.750,0.000,0.000,0.000,4.400
2023-12-23 00:00:00,12.350,0.000,0.000,0.000,4.200
2023-12-23 01:00:00,10.530,0.000,0.000,0.000,4.000
2023-12-23 02:00:00,9.710,0.000,0.000,0.000,3.400
2023-12-23 03:00:00,10.170,0.000,0.000,0.000,3.800
2023-12-23 04:00:00,9.960,0.000,0.000,0.000,4.000
2023-12-23 05:00:00,9.840,0.000,0.000,0.000,4.100
2023-12-23 06:00:00,9.100,0.000,0.000,0.000,3.800
2023-12-23 07:00:00,7.470,0.000,0.000,0.000,3.500
2023-12-23 08:00:00,6.630,1.000,0.000,1.000,3.100
2023-12-23 09:00:00,6.020,7.000,0.000,7.000,2.800
2023-12-23 10:00:00,6.460,15.000,0.000,15.000,2.300
2023-12-23 11:00:00,6.490,28.000,0.000,28.000,2.400
2023-12-23 12:00:00,6.750,20.000,0.000,20.000,2.600
2023-12-23 13:00:00,6.300,19.000,0.000,19.000,3.000
2023-12-23 14:00:00,5.950,13.000,0.000,13.000,3.500
2023-12-23 15:00:00,5.790,4.000,0.000,4.000,3.900
2023-12-23 16:00:00,5.650,0.000,0.000,0.000,4.200
2023-12-23 17:00:00,5.030,0.000,0.000,0.000,4.400
2023-12-23 18:00:00,4.560,0.000,0.000,0.000,4.500
2023-12-23 19:00:00,4.530,0.000,0.000,0.000,4.800
2023-12-23 20:00:00,6.250,0.000,0.000,0.000,5.600
2023-12-23 21:00:00,9.550,0.000,0.000,0.000,6.800
2023-12-23 22:00:00,10.710,0.000,0.000,0.000,8.000
2023-12-23 23:00:00,12.540,0.000,0.000,0.000,8.600
2023-12-24 00:00:00,12.730,0.000,0.000,0.000,8.600
2023-12-24 01:00:00,12.810,0.000,0.000,0.000,8.500
2023-12-24 02:00:00,12.520,0.000,0.000,0.000,8.500
2023-12-24 03:00:00,12.210,0.000,0.000,0.000,8.400
2023-12-24 04:00:00,12.180,0.000,0.000,0.000,8.500
2023-12-24 05:00:00,12.050,0.000,0.000,0.000,8.700
2023-12-24 06:00:00,11.930,0.000,0.000,0.000,8.800
2023-12-24 07:00:00,11.770,0.000,0.000,0.000,9.000
2023-12-24 08:00:00,11.750,0.000,0.000,0.000,9.400
2023-12-24 09:00:00,12.020,5.000,0.000,5.000,9.700
2023-12-24 10:00:00,11.450,8.000,0.000,8.000,10.000
2023-12-24 11:00:00,11.990,24.000,0.000,24.000,10.400
2023-12-24 12:00:00,12.480,28.000,16.600,24.000,10.700
2023-12-24 13:00:00,12.260,18.000,0.000,18.000,10.800
2023-12-24 14:00:00,12.610,20.000,0.000,20.000,11.200
2023-12-24 15:00:00,12.970,4.000,0.000,4.000,11.400
2023-12-24 16:00:00,13.560,0.000,0.000,0.000,11.500
2023-12-24 17:00:00,13.620,0.000,0.000,0.000,11.600
2023-12-24 18:00:00,13.820,0.000,0.000,0.000,11.900
2023-12-24 19:00:00,14.200,0.000,0.000,0.000,12.000
2023-12-24 20:00:00,14.520,0.000,0.000,0.000,12.200
2023-12-24 21:00:00,15.350,0.000,0.000,0.000,12.300
2023-12-24 22:00:00,15.840,0.000,0.000,0.000,12.100
2023-12-24 23:00:00,14.700,0.000,0.000,0.000,12.100
2023-12-25 00:00:00,13.960,0.000,0.000,0.000,11.900
2023-12-25 01:00:00,13.360,0.000,0.000,0.000,11.600
2023-12-25 02:00:00,13.800,0.000,0.000,0.000,11.600
2023-12-25 03:00:00,13.710,0.000,0.000,0.000,11.600
2023-12-25 04:00:00,13.420,0.000,0.000,0.000,11.000
2023-12-25 05:00:00,12.510,0.000,0.000,0.000,10.600
2023-12-25 06:00:00,12.800,0.000,0.000,0.000,9.900
2023-12-25 07:00:00,12.200,0.000,0.000,0.000,9.900
2023-12-25 08:00:00,11.600,1.000,0.000,1.000,9.900
2023-12-25 09:00:00,11.300,28.000,41.700,24.000,9.900
2023-12-25 10:00:00,9.420,60.000,106.000,41.000,9.900
2023-12-25 11:00:00,9.600,112.000,231.500,59.000,10.200
2023-12-25 12:00:00,9.740,143.000,314.600,67.000,10.500
2023-12-25 13:00:00,9.130,79.000,157.200,45.000,10.300
2023-12-25 14:00:00,8.500,55.000,103.400,39.000,10.000
2023-12-25 15:00:00,8.710,18.000,85.800,12.000,9.700
2023-12-25 16:00:00,8.360,0.000,0.000,0.000,9.300
2023-12-25 17:00:00,8.080,0.000,0.000,0.000,9.200
2023-12-25 18:00:00,8.130,0.000,0.000,0.000,9.300
2023-12-25 19:00:00,8.390,0.000,0.000,0.000,9.600
2023-12-25 20:00:00,8.490,0.000,0.000,0.000,9.800
2023-12-25 21:00:00,7.840,0.000,0.000,0.000,9.800
2023-12-25 22:00:00,7.460,0.000,0.000,0.000,9.800
2023-12-25 23:00:00,7.480,0.000,0.000,0.000,9.900
2023-12-26 00:00:00,9.180,0.000,0.000,0.000,10.200
2023-12-26 01:00:00,10.640,0.000,0.000,0.000,10.500
2023-12-26 02:00:00,11.600,0.000,0.000,0.000,10.500
2023-12-26 03:00:00,12.370,0.000,0.000,0.000,10.500
2023-12-26 04:00:00,12.080,0.000,0.000,0.000,10.300
2023-12-26 05:00:00,12.440,0.000,0.000,0.000,10.100
2023-12-26 06:00:00,11.410,0.000,0.000,0.000,9.600
2023-12-26 07:00:00,11.300,0.000,0.000,0.000,8.800
2023-12-26 08:00:00,11.230,3.000,19.100,2.000,8.300
2023-12-26 09:00:00,11.430,45.000,177.600,28.000,8.600
2023-12-26 10:00:00,11.690,88.000,184.100,55.000,8.900
2023-12-26 11:00:00,11.690,86.000,104.700,62.000,9.000
2023-12-26 12:00:00,11.260,118.000,185.800,73.000,9.300
2023-12-26 13:00:00,12.800,118.000,198.000,75.000,9.200
2023-12-26 14:00:00,12.390,87.000,282.200,43.000,9.000
2023-12-26 15:00:00,12.470,23.000,127.500,14.000,8.700
2023-12-26 16:00:00,12.100,0.000,0.000,0.000,8.100
2023-12-26 17:00:00,11.910,0.000,0.000,0.000,7.500
2023-12-26 18:00:00,10.870,0.000,0.000,0.000,6.900
2023-12-26 19:00:00,10.190,0.000,0.000,0.000,6.300
2023-12-26 20:00:00,9.320,0.000,0.000,0.000,5.900
2023-12-26 21:00:00,9.030,0.000,0.000,0.000,5.400
2023-12-26 22:00:00,8.300,0.000,0.000,0.000,4.900
2023-12-26 23:00:00,8.110,0.000,0.000,0.000,4.400
2023-12-27 00:00:00,7.720,0.000,0.000,0.000,3.900
2023-12-27 01:00:00,7.340,0.000,0.000,0.000,3.400
2023-12-27 02:00:00,6.690,0.000,0.000,0.000,3.000
2023-12-27 03:00:00,6.110,0.000,0.000,0.000,2.400
2023-12-27 04:00:00,5.790,0.000,0.000,0.000,1.800
2023-12-27 05:00:00,5.050,0.000,0.000,0.000,1.700
2023-12-27 06:00:00,4.100,0.000,0.000,0.000,1.100
2023-12-27 07:00:00,4.050,0.000,0.000,0.000,1.100
2023-12-27 08:00:00,4.340,3.000,0.000,3.000,1.000
2023-12-27 09:00:00,4.340,39.000,20.900,37.000,2.000
2023-12-27 10:00:00,4.630,69.000,22.300,65.000,3.500
2023-12-27 11:00:00,5.540,52.000,0.000,52.000,4.300
2023-12-27 12:00:00,6.330,54.000,0.000,54.000,5.100
2023-12-27 13:00:00,6.820,50.000,0.000,50.000,5.700
2023-12-27 14:00:00,6.660,20.000,0.000,20.000,5.500
2023-12-27 15:00:00,7.030,6.000,0.000,6.000,5.700
2023-12-27 16:00:00,7.250,0.000,0.000,0.000,6.000
2023-12-27 17:00:00,7.610,0.000,0.000,0.000,6.400
2023-12-27 18:00:00,7.900,0.000,0.000,0.000,6.700
2023-12-27 19:00:00,8.410,0.000,0.000,0.000,6.700
2023-12-27 20:00:00,9.430,0.000,0.000,0.000,6.800
2023-12-27 21:00:00,10.220,0.000,0.000,0.000,6.800
2023-12-27 22:00:00,10.490,0.000,0.000,0.000,7.100
2023-12-27 23:00:00,11.180,0.000,0.000,0.000,7.400
2023-12-28 00:00:00,11.530,0.000,0.000,0.000,8.200
2023-12-28 01:00:00,11.690,0.000,0.000,0.000,8.600
2023-12-28 02:00:00,11.360,0.000,0.000,0.000,8.900
2023-12-28 03:00:00,11.100,0.000,0.000,0.000,9.000
2023-12-28 04:00:00,10.880,0.000,0.000,0.000,9.000
2023-12-28 05:00:00,11.090,0.000,0.000,0.000,9.300
2023-12-28 06:00:00,11.180,0.000,0.000,0.000,9.400
2023-12-28 07:00:00,11.480,0.000,0.000,0.000,9.400
2023-12-28 08:00:00,11.890,3.000,0.000,3.000,9.600
2023-12-28 09:00:00,12.240,46.000,157.100,31.000,9.800
2023-12-28 10:00:00,12.340,116.000,367.500,50.000,10.400
2023-12-28 11:00:00,11.880,155.000,421.400,58.000,10.900
2023-12-28 12:00:00,11.760,149.000,315.900,72.000,11.100
2023-12-28 13:00:00,12.530,109.000,218.900,61.000,11.100
2023-12-28 14:00:00,11.880,61.000,63.000,51.000,11.000
2023-12-28 15:00:00,11.360,22.000,13.900,21.000,10.800
2023-12-28 16:00:00,11.140,0.000,0.000,0.000,10.500
2023-12-28 17:00:00,11.140,0.000,0.000,0.000,10.300
2023-12-28 18:00:00,11.050,0.000,0.000,0.000,10.200
2023-12-28 19:00:00,11.170,0.000,0.000,0.000,10.200
2023-12-28 20:00:00,11.600,0.000,0.000,0.000,10.000
2023-12-28 21:00:00,12.020,0.000,0.000,0.000,10.000
2023-12-28 22:00:00,12.160,0.000,0.000,0.000,10.200
2023-12-28 23:00:00,12.520,0.000,0.000,0.000,10.000
2023-12-29 00:00:00,12.800,0.000,0.000,0.000,10.000
2023-12-29 01:00:00,13.150,0.000,0.000,0.000,10.100
2023-12-29 02:00:00,13.100,0.000,0.000,0.000,9.900
2023-12-29 03:00:00,12.730,0.000,0.000,0.000,9.900
2023-12-29 04:00:00,12.630,0.000,0.000,0.000,9.800
2023-12-29 05:00:00,13.150,0.000,0.000,0.000,9.400
2023-12-29 06:00:00,13.520,0.000,0.000,0.000,9.400
2023-12-29 07:00:00,13.460,0.000,0.000,0.000,9.300
2023-12-29 08:00:00,13.070,3.000,19.100,2.000,9.500
2023-12-29 09:00:00,12.590,39.000,83.800,31.000,9.900
2023-12-29 10:00:00,12.620,72.000,55.600,62.000,9.600
2023-12-29 11:00:00,12.810,69.000,17.300,65.000,9.400
2023-12-29 12:00:00,12.500,36.000,0.000,36.000,9.300
2023-12-29 13:00:00,12.140,24.000,4.500,23.000,9.500
2023-12-29 14:00:00,12.000,62.000,181.100,33.000,9.500
2023-12-29 15:00:00,11.900,26.000,109.400,18.000,9.400
2023-12-29 16:00:00,11.230,0.000,0.000,0.000,9.200
2023-12-29 17:00:00,10.420,0.000,0.000,0.000,8.900
2023-12-29 18:00:00,9.230,0.000,0.000,0.000,8.700
2023-12-29 19:00:00,7.650,0.000,0.000,0.000,8.800
2023-12-29 20:00:00,7.270,0.000,0.000,0.000,8.600
2023-12-29 21:00:00,9.760,0.000,0.000,0.000,8.300
2023-12-29 22:00:00,11.240,0.000,0.000,0.000,7.500
2023-12-29 23:00:00,10.000,0.000,0.000,0.000,7.200
2023-12-30 00:00:00,9.460,0.000,0.000,0.000,7.100
2023-12-30 01:00:00,11.570,0.000,0.000,0.000,6.500
2023-12-30 02:00:00,11.260,0.000,0.000,0.000,6.500
2023-12-30 03:00:00,11.020,0.000,0.000,0.000,6.400
2023-12-30 04:00:00,10.570,0.000,0.000,0.000,6.400
2023-12-30 05:00:00,10.660,0.000,0.000,0.000,6.300
2023-12-30 06:00:00,10.530,0.000,0.000,0.000,6.300
2023-12-30 07:00:00,10.340,0.000,0.000,0.000,6.300
2023-12-30 08:00:00,9.710,3.000,19.100,2.000,6.300
2023-12-30 09:00:00,9.510,51.000,229.900,29.000,6.700
2023-12-30 10:00:00,9.460,117.000,349.200,54.000,7.300
2023-12-30 11:00:00,8.590,158.000,367.000,73.000,7.700
2023-12-30 12:00:00,9.520,143.000,280.700,74.000,8.100
2023-12-30 13:00:00,8.680,129.000,283.800,66.000,8.200
2023-12-30 14:00:00,8.230,88.000,265.700,45.000,8.000
2023-12-30 15:00:00,7.380,29.000,148.500,18.000,7.700
2023-12-30 16:00:00,7.220,0.000,0.000,0.000,7.400
2023-12-30 17:00:00,7.290,0.000,0.000,0.000,7.500
2023-12-30 18:00:00,6.950,0.000,0.000,0.000,7.800
2023-12-30 19:00:00,6.850,0.000,0.000,0.000,7.400
2023-12-30 20:00:00,6.760,0.000,0.000,0.000,7.000
2023-12-30 21:00:00,6.840,0.000,0.000,0.000,6.600
2023-12-30 22:00:00,7.090,0.000,0.000,0.000,6.500
2023-12-30 23:00:00,7.080,0.000,0.000,0.000,6.100
2023-12-31 00:00:00,7.130,0.000,0.000,0.000,6.000
2023-12-31 01:00:00,7.500,0.000,0.000,0.000,6.100
2023-12-31 02:00:00,7.400,0.000,0.000,0.000,6.200
2023-12-31 03:00:00,7.330,0.000,0.000,0.000,6.400
2023-12-31 04:00:00,7.410,0.000,0.000,0.000,6.600
2023-12-31 05:00:00,7.860,0.000,0.000,0.000,6.600
2023-12-31 06:00:00,8.480,0.000,0.000,0.000,6.700
2023-12-31 07:00:00,9.110,0.000,0.000,0.000,6.900
2023-12-31 08:00:00,9.360,3.000,0.000,3.000,7.000
2023-12-31 09:00:00,9.620,42.000,41.700,38.000,7.600
2023-12-31 10:00:00,9.790,70.000,22.100,66.000,8.200
2023-12-31 11:00:00,10.140,97.000,25.800,91.000,8.800
2023-12-31 12:00:00,9.610,101.000,16.200,97.000,9.500
2023-12-31 13:00:00,9.320,84.000,8.900,82.000,9.700
2023-12-31 14:00:00,9.550,34.000,0.000,34.000,9.300
2023-12-31 15:00:00,9.220,21.000,13.300,20.000,9.300
2023-12-31 16:00:00,9.170,0.000,0.000,0.000,8.900
2023-12-31 17:00:00,9.310,0.000,0.000,0.000,8.400
2023-12-31 18:00:00,8.520,0.000,0.000,0.000,7.800
2023-12-31 19:00:00,9.090,0.000,0.000,0.000,7.600
2023-12-31 20:00:00,9.720,0.000,0.000,0.000,7.700
2023-12-31 21:00:00,9.810,0.000,0.000,0.000,7.700
2023-12-31 22:00:00,10.020,0.000,0.000,0.000,7.700
2023-12-31 23:00:00,9.420,0.000,0.000,0.000,7.400
