time,ws100,ghi,dni,dhi,t2m
2016-01-01 00:00:00,6.660,0.000,0.000,0.000,2.500
2016-01-01 01:00:00,6.620,0.000,0.000,0.000,2.400
2016-01-01 02:00:00,6.930,0.000,0.000,0.000,2.800
2016-01-01 03:00:00,7.120,0.000,0.000,0.000,2.800
2016-01-01 04:00:00,7.240,0.000,0.000,0.000,2.500
2016-01-01 05:00:00,7.250,0.000,0.000,0.000,2.300
2016-01-01 06:00:00,7.000,0.000,0.000,0.000,2.500
2016-01-01 07:00:00,6.580,0.000,0.000,0.000,2.400
2016-01-01 08:00:00,6.300,3.000,19.100,2.000,2.500
2016-01-01 09:00:00,5.590,42.000,124.600,30.000,3.500
2016-01-01 10:00:00,4.000,71.000,88.100,55.000,4.200
2016-01-01 11:00:00,3.910,64.000,21.400,59.000,4.700
2016-01-01 12:00:00,3.690,75.000,36.200,66.000,5.300
2016-01-01 13:00:00,3.280,102.000,88.900,82.000,5.800
2016-01-01 14:00:00,3.550,62.000,36.300,56.000,5.900
2016-01-01 15:00:00,2.530,19.000,39.400,16.000,5.900
2016-01-01 16:00:00,1.580,0.000,0.000,0.000,5.600
2016-01-01 17:00:00,0.720,0.000,0.000,0.000,5.300
2016-01-01 18:00:00,1.330,0.000,0.000,0.000,5.200
2016-01-01 19:00:00,2.150,0.000,0.000,0.000,4.800
2016-01-01 20:00:00,3.000,0.000,0.000,0.000,4.400
2016-01-01 21:00:00,4.460,0.000,0.000,0.000,4.200
2016-01-01 22:00:00,5.220,0.000,0.000,0.000,4.200
2016-01-01 23:00:00,5.410,0.000,0.000,0.000,4.400
2016-01-02 00:00:00,5.390,0.000,0.000,0.000,4.500
2016-01-02 01:00:00,6.040,0.000,0.000,0.000,4.400
2016-01-02 02:00:00,6.760,0.000,0.000,0.000,4.200
2016-01-02 03:00:00,7.510,0.000,0.000,0.000,4.100
2016-01-02 04:00:00,7.580,0.000,0.000,0.000,3.700
2016-01-02 05:00:00,8.210,0.000,0.000,0.000,3.100
2016-01-02 06:00:00,8.380,0.000,0.000,0.000,2.600
2016-01-02 07:00:00,8.660,0.000,0.000,0.000,2.300
2016-01-02 08:00:00,9.050,2.000,0.000,2.000,2.000
2016-01-02 09:00:00,10.120,27.000,0.000,27.000,2.100
2016-01-02 10:00:00,10.060,52.000,0.000,52.000,2.300
2016-01-02 11:00:00,9.930,71.000,8.500,69.000,2.500
2016-01-02 12:00:00,9.620,66.000,4.000,65.000,2.500
2016-01-02 13:00:00,9.690,51.000,4.400,50.000,2.400
2016-01-02 14:00:00,9.730,38.000,0.000,38.000,2.000
2016-01-02 15:00:00,9.550,14.000,0.000,14.000,1.400
2016-01-02 16:00:00,9.700,0.000,0.000,0.000,0.600
2016-01-02 17:00:00,9.900,0.000,0.000,0.000,-0.200
2016-01-02 18:00:00,9.630,0.000,0.000,0.000,-0.900
2016-01-02 19:00:00,9.390,0.000,0.000,0.000,-1.600
2016-01-02 20:00:00,9.260,0.000,0.000,0.000,-2.200
2016-01-02 21:00:00,9.240,0.000,0.000,0.000,-2.600
2016-01-02 22:00:00,8.830,0.000,0.000,0.000,-3.200
2016-01-02 23:00:00,9.140,0.000,0.000,0.000,-3.400
2016-01-03 00:00:00,9.390,0.000,0.000,0.000,-3.600
2016-01-03 01:00:00,9.530,0.000,0.000,0.000,-3.800
2016-01-03 02:00:00,9.290,0.000,0.000,0.000,-3.800
2016-01-03 03:00:00,9.260,0.000,0.000,0.000,-3.900
2016-01-03 04:00:00,9.460,0.000,0.000,0.000,-3.900
2016-01-03 05:00:00,9.310,0.000,0.000,0.000,-4.000
2016-01-03 06:00:00,9.510,0.000,0.000,0.000,-4.000
2016-01-03 07:00:00,9.700,0.000,0.000,0.000,-4.100
2016-01-03 08:00:00,9.820,1.000,0.000,1.000,-4.100
2016-01-03 09:00:00,9.710,13.000,10.300,12.000,-4.100
2016-01-03 10:00:00,9.010,28.000,5.500,27.000,-4.100
2016-01-03 11:00:00,8.630,63.000,21.200,58.000,-3.900
2016-01-03 12:00:00,8.600,86.000,103.400,60.000,-3.700
2016-01-03 13:00:00,8.710,84.000,65.600,69.000,-3.500
2016-01-03 14:00:00,8.860,56.000,100.300,39.000,-3.500
2016-01-03 15:00:00,9.240,17.000,25.400,15.000,-3.700
2016-01-03 16:00:00,9.810,0.000,0.000,0.000,-3.800
2016-01-03 17:00:00,9.610,0.000,0.000,0.000,-3.900
2016-01-03 18:00:00,10.050,0.000,0.000,0.000,-4.000
2016-01-03 19:00:00,10.010,0.000,0.000,0.000,-4.100
2016-01-03 20:00:00,9.590,0.000,0.000,0.000,-4.100
2016-01-03 21:00:00,9.680,0.000,0.000,0.000,-4.300
2016-01-03 22:00:00,9.270,0.000,0.000,0.000,-4.200
2016-01-03 23:00:00,9.320,0.000,0.000,0.000,-4.500
2016-01-04 00:00:00,9.140,0.000,0.000,0.000,-4.900
2016-01-04 01:00:00,9.080,0.000,0.000,0.000,-5.200
2016-01-04 02:00:00,9.220,0.000,0.000,0.000,-5.300
2016-01-04 03:00:00,8.730,0.000,0.000,0.000,-5.600
2016-01-04 04:00:00,9.040,0.000,0.000,0.000,-5.800
2016-01-04 05:00:00,9.140,0.000,0.000,0.000,-6.000
2016-01-04 06:00:00,8.830,0.000,0.000,0.000,-6.100
2016-01-04 07:00:00,8.530,0.000,0.000,0.000,-6.300
2016-01-04 08:00:00,8.100,2.000,0.000,2.000,-6.300
2016-01-04 09:00:00,7.670,22.000,0.000,22.000,-6.200
2016-01-04 10:00:00,7.500,54.000,0.000,54.000,-6.200
2016-01-04 11:00:00,6.690,71.000,0.000,71.000,-6.100
2016-01-04 12:00:00,6.640,82.000,4.000,81.000,-5.800
2016-01-04 13:00:00,6.750,67.000,4.300,66.000,-5.700
2016-01-04 14:00:00,6.960,30.000,0.000,30.000,-5.600
2016-01-04 15:00:00,6.860,11.000,0.000,11.000,-5.600
2016-01-04 16:00:00,6.740,0.000,0.000,0.000,-5.500
2016-01-04 17:00:00,7.030,0.000,0.000,0.000,-5.400
2016-01-04 18:00:00,7.320,0.000,0.000,0.000,-5.300
2016-01-04 19:00:00,7.650,0.000,0.000,0.000,-5.200
2016-01-04 20:00:00,8.220,0.000,0.000,0.000,-5.100
2016-01-04 21:00:00,8.750,0.000,0.000,0.000,-5.000
2016-01-04 22:00:00,6.560,0.000,0.000,0.000,-5.000
2016-01-04 23:00:00,6.540,0.000,0.000,0.000,-4.900
2016-01-05 00:00:00,6.630,0.000,0.000,0.000,-5.100
2016-01-05 01:00:00,6.930,0.000,0.000,0.000,-5.100
2016-01-05 02:00:00,7.420,0.000,0.000,0.000,-5.100
2016-01-05 03:00:00,7.310,0.000,0.000,0.000,-5.200
2016-01-05 04:00:00,7.510,0.000,0.000,0.000,-5.200
2016-01-05 05:00:00,7.710,0.000,0.000,0.000,-5.400
2016-01-05 06:00:00,7.820,0.000,0.000,0.000,-5.400
2016-01-05 07:00:00,7.720,0.000,0.000,0.000,-5.500
2016-01-05 08:00:00,7.930,1.000,0.000,1.000,-5.500
2016-01-05 09:00:00,7.720,20.000,20.200,18.000,-5.500
2016-01-05 10:00:00,7.310,42.000,16.100,39.000,-5.600
2016-01-05 11:00:00,7.000,78.000,41.900,68.000,-5.600
2016-01-05 12:00:00,7.010,68.000,11.800,65.000,-5.600
2016-01-05 13:00:00,7.220,54.000,4.300,53.000,-5.500
2016-01-05 14:00:00,7.060,46.000,23.000,42.000,-5.400
2016-01-05 15:00:00,7.130,13.000,0.000,13.000,-5.500
2016-01-05 16:00:00,7.530,0.000,0.000,0.000,-5.800
2016-01-05 17:00:00,7.910,0.000,0.000,0.000,-5.900
2016-01-05 18:00:00,8.200,0.000,0.000,0.000,-5.800
2016-01-05 19:00:00,8.500,0.000,0.000,0.000,-5.800
2016-01-05 20:00:00,8.210,0.000,0.000,0.000,-5.800
2016-01-05 21:00:00,8.600,0.000,0.000,0.000,-5.800
2016-01-05 22:00:00,6.610,0.000,0.000,0.000,-6.100
2016-01-05 23:00:00,7.780,0.000,0.000,0.000,-6.200
2016-01-06 00:00:00,7.510,0.000,0.000,0.000,-6.300
2016-01-06 01:00:00,7.500,0.000,0.000,0.000,-6.300
2016-01-06 02:00:00,7.420,0.000,0.000,0.000,-6.300
2016-01-06 03:00:00,7.510,0.000,0.000,0.000,-6.400
2016-01-06 04:00:00,7.510,0.000,0.000,0.000,-6.500
2016-01-06 05:00:00,7.720,0.000,0.000,0.000,-6.500
2016-01-06 06:00:00,7.620,0.000,0.000,0.000,-6.400
2016-01-06 07:00:00,7.420,0.000,0.000,0.000,-6.500
2016-01-06 08:00:00,7.320,2.000,0.000,2.000,-6.300
2016-01-06 09:00:00,6.520,22.000,0.000,22.000,-6.200
2016-01-06 10:00:00,6.420,44.000,0.000,44.000,-6.200
2016-01-06 11:00:00,5.950,57.000,0.000,57.000,-6.100
2016-01-06 12:00:00,6.240,50.000,0.000,50.000,-5.900
2016-01-06 13:00:00,6.070,49.000,0.000,49.000,-5.800
2016-01-06 14:00:00,5.980,35.000,0.000,35.000,-5.700
2016-01-06 15:00:00,5.970,15.000,0.000,15.000,-5.500
2016-01-06 16:00:00,6.230,1.000,0.000,1.000,-5.600
2016-01-06 17:00:00,6.520,0.000,0.000,0.000,-5.700
2016-01-06 18:00:00,6.720,0.000,0.000,0.000,-5.700
2016-01-06 19:00:00,6.810,0.000,0.000,0.000,-5.700
2016-01-06 20:00:00,6.900,0.000,0.000,0.000,-5.800
2016-01-06 21:00:00,7.100,0.000,0.000,0.000,-5.900
2016-01-06 22:00:00,6.810,0.000,0.000,0.000,-6.400
2016-01-06 23:00:00,7.100,0.000,0.000,0.000,-6.500
2016-01-07 00:00:00,7.210,0.000,0.000,0.000,-6.400
2016-01-07 01:00:00,7.050,0.000,0.000,0.000,-6.300
2016-01-07 02:00:00,7.330,0.000,0.000,0.000,-6.000
2016-01-07 03:00:00,7.200,0.000,0.000,0.000,-6.000
2016-01-07 04:00:00,7.250,0.000,0.000,0.000,-5.900
2016-01-07 05:00:00,6.930,0.000,0.000,0.000,-5.700
2016-01-07 06:00:00,7.310,0.000,0.000,0.000,-5.400
2016-01-07 07:00:00,7.910,0.000,0.000,0.000,-5.300
2016-01-07 08:00:00,7.780,3.000,0.000,3.000,-5.000
2016-01-07 09:00:00,8.100,39.000,78.900,31.000,-4.600
2016-01-07 10:00:00,7.280,89.000,116.700,67.000,-4.300
2016-01-07 11:00:00,6.740,125.000,189.800,79.000,-3.700
2016-01-07 12:00:00,6.870,166.000,258.600,99.000,-3.100
2016-01-07 13:00:00,7.690,171.000,362.100,85.000,-2.500
2016-01-07 14:00:00,8.480,103.000,133.900,79.000,-2.500
2016-01-07 15:00:00,9.870,35.000,0.000,35.000,-2.600
2016-01-07 16:00:00,10.140,1.000,0.000,1.000,-2.600
2016-01-07 17:00:00,9.900,0.000,0.000,0.000,-2.400
2016-01-07 18:00:00,9.830,0.000,0.000,0.000,-1.800
2016-01-07 19:00:00,9.930,0.000,0.000,0.000,-1.600
2016-01-07 20:00:00,9.900,0.000,0.000,0.000,-1.000
2016-01-07 21:00:00,9.270,0.000,0.000,0.000,-0.200
2016-01-07 22:00:00,7.790,0.000,0.000,0.000,0.400
2016-01-07 23:00:00,7.460,0.000,0.000,0.000,1.900
2016-01-08 00:00:00,11.290,0.000,0.000,0.000,4.100
2016-01-08 01:00:00,12.280,0.000,0.000,0.000,4.000
2016-01-08 02:00:00,12.300,0.000,0.000,0.000,3.600
2016-01-08 03:00:00,12.300,0.000,0.000,0.000,3.600
2016-01-08 04:00:00,12.390,0.000,0.000,0.000,3.800
2016-01-08 05:00:00,13.170,0.000,0.000,0.000,4.000
2016-01-08 06:00:00,13.610,0.000,0.000,0.000,4.100
2016-01-08 07:00:00,13.660,0.000,0.000,0.000,4.100
2016-01-08 08:00:00,13.780,4.000,19.100,3.000,4.100
2016-01-08 09:00:00,14.040,46.000,146.100,31.000,4.000
2016-01-08 10:00:00,13.830,112.000,273.500,60.000,4.600
2016-01-08 11:00:00,13.890,153.000,376.700,61.000,4.900
2016-01-08 12:00:00,13.820,153.000,333.000,66.000,5.100
2016-01-08 13:00:00,13.080,152.000,362.500,65.000,5.400
2016-01-08 14:00:00,12.100,122.000,368.300,55.000,5.500
2016-01-08 15:00:00,11.080,46.000,219.800,26.000,5.400
2016-01-08 16:00:00,9.960,2.000,0.000,2.000,4.800
2016-01-08 17:00:00,8.650,0.000,0.000,0.000,4.400
2016-01-08 18:00:00,7.820,0.000,0.000,0.000,4.000
2016-01-08 19:00:00,7.190,0.000,0.000,0.000,3.700
2016-01-08 20:00:00,7.210,0.000,0.000,0.000,3.100
2016-01-08 21:00:00,6.920,0.000,0.000,0.000,2.800
2016-01-08 22:00:00,7.080,0.000,0.000,0.000,2.700
2016-01-08 23:00:00,6.570,0.000,0.000,0.000,1.600
2016-01-09 00:00:00,6.260,0.000,0.000,0.000,0.500
2016-01-09 01:00:00,6.230,0.000,0.000,0.000,0.400
2016-01-09 02:00:00,6.460,0.000,0.000,0.000,0.100
2016-01-09 03:00:00,6.670,0.000,0.000,0.000,-0.100
2016-01-09 04:00:00,6.830,0.000,0.000,0.000,-0.600
2016-01-09 05:00:00,6.380,0.000,0.000,0.000,-1.100
2016-01-09 06:00:00,6.100,0.000,0.000,0.000,-1.100
2016-01-09 07:00:00,6.650,0.000,0.000,0.000,-1.000
2016-01-09 08:00:00,6.830,5.000,19.100,4.000,-0.900
2016-01-09 09:00:00,7.010,58.000,134.600,44.000,0.600
2016-01-09 10:00:00,6.030,118.000,218.900,76.000,2.100
2016-01-09 11:00:00,5.730,144.000,227.400,88.000,3.400
2016-01-09 12:00:00,5.940,164.000,280.800,90.000,4.300
2016-01-09 13:00:00,5.950,154.000,243.300,95.000,4.800
2016-01-09 14:00:00,5.850,120.000,335.700,58.000,5.000
2016-01-09 15:00:00,6.310,53.000,245.000,30.000,4.100
2016-01-09 16:00:00,7.010,3.000,0.000,3.000,3.000
2016-01-09 17:00:00,7.510,0.000,0.000,0.000,2.600
2016-01-09 18:00:00,7.500,0.000,0.000,0.000,2.600
2016-01-09 19:00:00,8.010,0.000,0.000,0.000,2.400
2016-01-09 20:00:00,8.100,0.000,0.000,0.000,2.000
2016-01-09 21:00:00,7.810,0.000,0.000,0.000,1.900
2016-01-09 22:00:00,7.620,0.000,0.000,0.000,1.800
2016-01-09 23:00:00,7.600,0.000,0.000,0.000,1.700
2016-01-10 00:00:00,7.900,0.000,0.000,0.000,1.800
2016-01-10 01:00:00,7.810,0.000,0.000,0.000,1.600
2016-01-10 02:00:00,7.630,0.000,0.000,0.000,1.600
2016-01-10 03:00:00,7.790,0.000,0.000,0.000,2.100
2016-01-10 04:00:00,7.880,0.000,0.000,0.000,2.600
2016-01-10 05:00:00,7.940,0.000,0.000,0.000,3.000
2016-01-10 06:00:00,8.100,0.000,0.000,0.000,3.500
2016-01-10 07:00:00,8.180,0.000,0.000,0.000,3.900
2016-01-10 08:00:00,8.300,2.000,0.000,2.000,4.200
2016-01-10 09:00:00,8.810,11.000,0.000,11.000,4.500
2016-01-10 10:00:00,7.320,15.000,0.000,15.000,5.000
2016-01-10 11:00:00,7.350,46.000,12.100,43.000,5.500
2016-01-10 12:00:00,7.080,123.000,188.000,73.000,6.300
2016-01-10 13:00:00,7.240,148.000,334.400,66.000,6.800
2016-01-10 14:00:00,7.380,109.000,293.300,54.000,6.700
2016-01-10 15:00:00,7.720,57.000,258.100,32.000,5.700
2016-01-10 16:00:00,7.450,3.000,19.100,2.000,4.400
2016-01-10 17:00:00,8.900,0.000,0.000,0.000,3.800
2016-01-10 18:00:00,8.490,0.000,0.000,0.000,3.600
2016-01-10 19:00:00,7.720,0.000,0.000,0.000,3.800
2016-01-10 20:00:00,7.020,0.000,0.000,0.000,3.900
2016-01-10 21:00:00,7.410,0.000,0.000,0.000,4.100
2016-01-10 22:00:00,6.220,0.000,0.000,0.000,4.200
2016-01-10 23:00:00,6.940,0.000,0.000,0.000,3.900
2016-01-11 00:00:00,6.560,0.000,0.000,0.000,3.800
2016-01-11 01:00:00,6.460,0.000,0.000,0.000,4.000
2016-01-11 02:00:00,6.300,0.000,0.000,0.000,4.300
2016-01-11 03:00:00,6.080,0.000,0.000,0.000,4.400
2016-01-11 04:00:00,5.350,0.000,0.000,0.000,4.000
2016-01-11 05:00:00,5.790,0.000,0.000,0.000,3.400
2016-01-11 06:00:00,6.220,0.000,0.000,0.000,3.000
2016-01-11 07:00:00,5.820,0.000,0.000,0.000,3.100
2016-01-11 08:00:00,5.540,3.000,0.000,3.000,3.000
2016-01-11 09:00:00,7.010,35.000,46.700,30.000,3.100
2016-01-11 10:00:00,5.670,74.000,46.000,65.000,3.600
2016-01-11 11:00:00,4.880,105.000,63.800,89.000,4.100
2016-01-11 12:00:00,5.240,131.000,44.700,119.000,4.500
2016-01-11 13:00:00,5.730,96.000,16.100,92.000,4.800
2016-01-11 14:00:00,5.420,51.000,0.000,51.000,4.700
2016-01-11 15:00:00,5.800,20.000,0.000,20.000,4.700
2016-01-11 16:00:00,6.600,1.000,0.000,1.000,4.400
2016-01-11 17:00:00,7.170,0.000,0.000,0.000,4.200
2016-01-11 18:00:00,7.410,0.000,0.000,0.000,4.200
2016-01-11 19:00:00,7.140,0.000,0.000,0.000,4.100
2016-01-11 20:00:00,5.950,0.000,0.000,0.000,3.900
2016-01-11 21:00:00,5.120,0.000,0.000,0.000,3.700
2016-01-11 22:00:00,5.750,0.000,0.000,0.000,3.500
2016-01-11 23:00:00,5.860,0.000,0.000,0.000,3.600
2016-01-12 00:00:00,6.170,0.000,0.000,0.000,4.100
2016-01-12 01:00:00,7.340,0.000,0.000,0.000,4.500
2016-01-12 02:00:00,6.710,0.000,0.000,0.000,4.600
2016-01-12 03:00:00,5.490,0.000,0.000,0.000,4.400
2016-01-12 04:00:00,6.080,0.000,0.000,0.000,4.600
2016-01-12 05:00:00,6.660,0.000,0.000,0.000,4.900
2016-01-12 06:00:00,7.670,0.000,0.000,0.000,5.100
2016-01-12 07:00:00,8.130,0.000,0.000,0.000,5.000
2016-01-12 08:00:00,8.230,3.000,0.000,3.000,4.900
2016-01-12 09:00:00,8.220,43.000,101.000,32.000,5.000
2016-01-12 10:00:00,7.840,84.000,141.700,56.000,5.700
2016-01-12 11:00:00,8.660,123.000,205.600,71.000,6.200
2016-01-12 12:00:00,8.510,148.000,236.100,84.000,6.200
2016-01-12 13:00:00,8.230,162.000,350.900,74.000,6.200
2016-01-12 14:00:00,9.720,99.000,170.600,66.000,6.000
2016-01-12 15:00:00,8.050,39.000,116.500,27.000,5.800
2016-01-12 16:00:00,7.930,3.000,0.000,3.000,5.700
2016-01-12 17:00:00,8.050,0.000,0.000,0.000,5.700
2016-01-12 18:00:00,8.180,0.000,0.000,0.000,5.500
2016-01-12 19:00:00,8.270,0.000,0.000,0.000,5.300
2016-01-12 20:00:00,8.380,0.000,0.000,0.000,5.100
2016-01-12 21:00:00,8.400,0.000,0.000,0.000,5.200
2016-01-12 22:00:00,8.420,0.000,0.000,0.000,4.800
2016-01-12 23:00:00,8.700,0.000,0.000,0.000,4.400
2016-01-13 00:00:00,9.000,0.000,0.000,0.000,4.100
2016-01-13 01:00:00,8.640,0.000,0.000,0.000,4.200
2016-01-13 02:00:00,8.120,0.000,0.000,0.000,4.200
2016-01-13 03:00:00,7.740,0.000,0.000,0.000,4.000
2016-01-13 04:00:00,7.330,0.000,0.000,0.000,3.900
2016-01-13 05:00:00,6.770,0.000,0.000,0.000,3.800
2016-01-13 06:00:00,6.910,0.000,0.000,0.000,3.800
2016-01-13 07:00:00,7.320,0.000,0.000,0.000,4.000
2016-01-13 08:00:00,8.200,1.000,0.000,1.000,4.300
2016-01-13 09:00:00,9.950,11.000,0.000,11.000,4.500
2016-01-13 10:00:00,9.330,26.000,0.000,26.000,3.900
2016-01-13 11:00:00,10.650,30.000,0.000,30.000,3.700
2016-01-13 12:00:00,10.650,68.000,36.500,58.000,3.600
2016-01-13 13:00:00,9.200,100.000,110.400,72.000,3.700
2016-01-13 14:00:00,7.730,105.000,264.500,53.000,3.800
2016-01-13 15:00:00,5.840,48.000,178.900,29.000,3.600
2016-01-13 16:00:00,4.110,4.000,19.100,3.000,2.200
2016-01-13 17:00:00,3.520,0.000,0.000,0.000,1.500
2016-01-13 18:00:00,4.220,0.000,0.000,0.000,2.000
2016-01-13 19:00:00,5.520,0.000,0.000,0.000,2.000
2016-01-13 20:00:00,6.520,0.000,0.000,0.000,2.100
2016-01-13 21:00:00,6.760,0.000,0.000,0.000,2.400
2016-01-13 22:00:00,7.320,0.000,0.000,0.000,2.000
2016-01-13 23:00:00,7.690,0.000,0.000,0.000,2.400
2016-01-14 00:00:00,8.120,0.000,0.000,0.000,2.800
2016-01-14 01:00:00,8.210,0.000,0.000,0.000,2.600
2016-01-14 02:00:00,7.920,0.000,0.000,0.000,2.300
2016-01-14 03:00:00,7.530,0.000,0.000,0.000,1.700
2016-01-14 04:00:00,7.170,0.000,0.000,0.000,1.500
2016-01-14 05:00:00,6.940,0.000,0.000,0.000,1.100
2016-01-14 06:00:00,6.930,0.000,0.000,0.000,0.600
2016-01-14 07:00:00,7.250,0.000,0.000,0.000,0.400
2016-01-14 08:00:00,7.710,7.000,38.200,5.000,0.300
2016-01-14 09:00:00,7.730,65.000,230.700,39.000,1.100
2016-01-14 10:00:00,7.300,134.000,272.200,79.000,2.300
2016-01-14 11:00:00,7.220,161.000,197.700,110.000,3.200
2016-01-14 12:00:00,6.350,147.000,115.700,115.000,3.700
2016-01-14 13:00:00,6.710,122.000,85.700,100.000,4.000
2016-01-14 14:00:00,7.540,57.000,15.000,54.000,3.700
2016-01-14 15:00:00,7.620,19.000,0.000,19.000,3.300
2016-01-14 16:00:00,7.500,2.000,0.000,2.000,3.400
2016-01-14 17:00:00,7.500,0.000,0.000,0.000,3.300
2016-01-14 18:00:00,7.500,0.000,0.000,0.000,2.800
2016-01-14 19:00:00,7.100,0.000,0.000,0.000,2.300
2016-01-14 20:00:00,6.230,0.000,0.000,0.000,1.800
2016-01-14 21:00:00,5.530,0.000,0.000,0.000,1.900
2016-01-14 22:00:00,5.700,0.000,0.000,0.000,1.500
2016-01-14 23:00:00,5.720,0.000,0.000,0.000,1.100
2016-01-15 00:00:00,6.180,0.000,0.000,0.000,0.800
2016-01-15 01:00:00,6.310,0.000,0.000,0.000,0.600
2016-01-15 02:00:00,5.700,0.000,0.000,0.000,0.900
2016-01-15 03:00:00,5.210,0.000,0.000,0.000,1.100
2016-01-15 04:00:00,4.120,0.000,0.000,0.000,1.200
2016-01-15 05:00:00,3.270,0.000,0.000,0.000,1.100
2016-01-15 06:00:00,3.360,0.000,0.000,0.000,1.000
2016-01-15 07:00:00,3.830,0.000,0.000,0.000,1.000
2016-01-15 08:00:00,4.400,4.000,0.000,4.000,0.900
2016-01-15 09:00:00,4.470,47.000,87.100,37.000,1.000
2016-01-15 10:00:00,3.840,82.000,73.400,67.000,1.100
2016-01-15 11:00:00,4.190,109.000,30.700,101.000,1.300
2016-01-15 12:00:00,4.770,149.000,132.400,112.000,1.500
2016-01-15 13:00:00,5.370,123.000,96.200,98.000,1.500
2016-01-15 14:00:00,5.330,61.000,14.800,58.000,1.400
2016-01-15 15:00:00,4.680,27.000,0.000,27.000,1.200
2016-01-15 16:00:00,4.490,2.000,0.000,2.000,1.100
2016-01-15 17:00:00,4.300,0.000,0.000,0.000,0.900
2016-01-15 18:00:00,4.390,0.000,0.000,0.000,0.900
2016-01-15 19:00:00,4.130,0.000,0.000,0.000,0.700
2016-01-15 20:00:00,4.000,0.000,0.000,0.000,0.700
2016-01-15 21:00:00,3.920,0.000,0.000,0.000,0.800
2016-01-15 22:00:00,3.960,0.000,0.000,0.000,0.600
2016-01-15 23:00:00,3.290,0.000,0.000,0.000,0.600
2016-01-16 00:00:00,2.860,0.000,0.000,0.000,0.500
2016-01-16 01:00:00,3.410,0.000,0.000,0.000,0.400
2016-01-16 02:00:00,2.940,0.000,0.000,0.000,0.400
2016-01-16 03:00:00,2.440,0.000,0.000,0.000,0.300
2016-01-16 04:00:00,2.900,0.000,0.000,0.000,0.100
2016-01-16 05:00:00,3.160,0.000,0.000,0.000,-0.100
2016-01-16 06:00:00,3.580,0.000,0.000,0.000,-0.200
2016-01-16 07:00:00,3.890,0.000,0.000,0.000,-0.200
2016-01-16 08:00:00,3.980,4.000,0.000,4.000,-0.200
2016-01-16 09:00:00,4.410,43.000,25.600,40.000,-0.000
2016-01-16 10:00:00,5.040,103.000,120.800,78.000,0.300
2016-01-16 11:00:00,4.360,154.000,205.000,100.000,0.700
2016-01-16 12:00:00,3.550,155.000,138.000,116.000,0.700
2016-01-16 13:00:00,3.490,83.000,19.000,78.000,0.400
2016-01-16 14:00:00,3.610,52.000,9.700,50.000,0.300
2016-01-16 15:00:00,4.420,25.000,0.000,25.000,0.100
2016-01-16 16:00:00,4.970,2.000,0.000,2.000,0.100
2016-01-16 17:00:00,4.610,0.000,0.000,0.000,-0.100
2016-01-16 18:00:00,4.400,0.000,0.000,0.000,-0.200
2016-01-16 19:00:00,4.460,0.000,0.000,0.000,-0.400
2016-01-16 20:00:00,5.460,0.000,0.000,0.000,-0.200
2016-01-16 21:00:00,5.990,0.000,0.000,0.000,-0.100
2016-01-16 22:00:00,5.150,0.000,0.000,0.000,-1.100
2016-01-16 23:00:00,5.710,0.000,0.000,0.000,-1.400
2016-01-17 00:00:00,5.400,0.000,0.000,0.000,-1.900
2016-01-17 01:00:00,4.640,0.000,0.000,0.000,-1.900
2016-01-17 02:00:00,3.960,0.000,0.000,0.000,-2.200
2016-01-17 03:00:00,3.840,0.000,0.000,0.000,-2.000
2016-01-17 04:00:00,4.290,0.000,0.000,0.000,-2.000
2016-01-17 05:00:00,5.240,0.000,0.000,0.000,-1.900
2016-01-17 06:00:00,5.870,0.000,0.000,0.000,-2.000
2016-01-17 07:00:00,6.080,0.000,0.000,0.000,-2.000
2016-01-17 08:00:00,5.950,7.000,38.200,5.000,-1.800
2016-01-17 09:00:00,5.760,52.000,125.600,37.000,-1.500
2016-01-17 10:00:00,5.810,95.000,66.800,81.000,-1.500
2016-01-17 11:00:00,5.820,104.000,71.300,85.000,-1.300
2016-01-17 12:00:00,5.590,126.000,84.000,102.000,-1.300
2016-01-17 13:00:00,5.730,110.000,75.100,90.000,-1.300
2016-01-17 14:00:00,4.720,92.000,109.600,69.000,-1.400
2016-01-17 15:00:00,4.520,50.000,91.900,39.000,-1.900
2016-01-17 16:00:00,4.720,6.000,19.100,5.000,-2.300
2016-01-17 17:00:00,4.440,0.000,0.000,0.000,-2.900
2016-01-17 18:00:00,3.670,0.000,0.000,0.000,-3.700
2016-01-17 19:00:00,3.050,0.000,0.000,0.000,-4.500
2016-01-17 20:00:00,2.780,0.000,0.000,0.000,-4.800
2016-01-17 21:00:00,3.160,0.000,0.000,0.000,-6.900
2016-01-17 22:00:00,4.140,0.000,0.000,0.000,-6.600
2016-01-17 23:00:00,3.760,0.000,0.000,0.000,-7.000
2016-01-18 00:00:00,3.990,0.000,0.000,0.000,-7.600
2016-01-18 01:00:00,4.240,0.000,0.000,0.000,-8.100
2016-01-18 02:00:00,3.770,0.000,0.000,0.000,-8.300
2016-01-18 03:00:00,3.710,0.000,0.000,0.000,-8.600
2016-01-18 04:00:00,3.690,0.000,0.000,0.000,-8.300
2016-01-18 05:00:00,3.890,0.000,0.000,0.000,-8.800
2016-01-18 06:00:00,3.970,0.000,0.000,0.000,-9.300
2016-01-18 07:00:00,4.220,0.000,0.000,0.000,-9.100
2016-01-18 08:00:00,4.550,8.000,38.200,6.000,-8.900
2016-01-18 09:00:00,4.550,54.000,139.400,37.000,-8.000
2016-01-18 10:00:00,2.970,131.000,301.300,67.000,-5.800
2016-01-18 11:00:00,3.020,186.000,345.200,93.000,-4.600
2016-01-18 12:00:00,2.820,224.000,498.200,80.000,-4.000
2016-01-18 13:00:00,2.680,211.000,481.600,81.000,-3.800
2016-01-18 14:00:00,2.150,170.000,491.900,65.000,-3.400
2016-01-18 15:00:00,2.110,86.000,380.900,39.000,-3.700
2016-01-18 16:00:00,2.430,10.000,57.300,7.000,-5.600
2016-01-18 17:00:00,3.040,0.000,0.000,0.000,-7.000
2016-01-18 18:00:00,3.710,0.000,0.000,0.000,-8.800
2016-01-18 19:00:00,4.020,0.000,0.000,0.000,-9.600
2016-01-18 20:00:00,4.200,0.000,0.000,0.000,-9.100
2016-01-18 21:00:00,4.310,0.000,0.000,0.000,-9.100
2016-01-18 22:00:00,5.230,0.000,0.000,0.000,-9.000
2016-01-18 23:00:00,4.770,0.000,0.000,0.000,-9.500
2016-01-19 00:00:00,4.370,0.000,0.000,0.000,-9.600
2016-01-19 01:00:00,4.750,0.000,0.000,0.000,-10.600
2016-01-19 02:00:00,5.000,0.000,0.000,0.000,-10.900
2016-01-19 03:00:00,5.240,0.000,0.000,0.000,-11.200
2016-01-19 04:00:00,5.070,0.000,0.000,0.000,-11.100
2016-01-19 05:00:00,5.540,0.000,0.000,0.000,-11.100
2016-01-19 06:00:00,5.740,0.000,0.000,0.000,-10.800
2016-01-19 07:00:00,6.090,0.000,0.000,0.000,-10.700
2016-01-19 08:00:00,6.500,10.000,57.300,7.000,-10.500
2016-01-19 09:00:00,6.520,90.000,409.300,39.000,-9.100
2016-01-19 10:00:00,5.830,180.000,552.600,61.000,-6.800
2016-01-19 11:00:00,5.250,244.000,627.300,73.000,-5.000
2016-01-19 12:00:00,5.030,265.000,636.000,79.000,-3.900
2016-01-19 13:00:00,4.810,243.000,603.200,78.000,-3.200
2016-01-19 14:00:00,5.020,174.000,483.500,69.000,-3.000
2016-01-19 15:00:00,6.510,86.000,338.200,43.000,-3.300
2016-01-19 16:00:00,7.230,9.000,57.300,6.000,-3.400
2016-01-19 17:00:00,7.490,0.000,0.000,0.000,-3.500
2016-01-19 18:00:00,7.250,0.000,0.000,0.000,-3.100
2016-01-19 19:00:00,7.090,0.000,0.000,0.000,-2.800
2016-01-19 20:00:00,7.180,0.000,0.000,0.000,-2.500
2016-01-19 21:00:00,7.280,0.000,0.000,0.000,-2.300
2016-01-19 22:00:00,7.240,0.000,0.000,0.000,-2.000
2016-01-19 23:00:00,7.690,0.000,0.000,0.000,-1.800
2016-01-20 00:00:00,8.060,0.000,0.000,0.000,-1.600
2016-01-20 01:00:00,8.060,0.000,0.000,0.000,-1.500
2016-01-20 02:00:00,8.030,0.000,0.000,0.000,-1.300
2016-01-20 03:00:00,7.920,0.000,0.000,0.000,-1.500
2016-01-20 04:00:00,7.520,0.000,0.000,0.000,-1.600
2016-01-20 05:00:00,7.210,0.000,0.000,0.000,-1.200
2016-01-20 06:00:00,6.910,0.000,0.000,0.000,-1.100
2016-01-20 07:00:00,6.730,0.000,0.000,0.000,-0.800
2016-01-20 08:00:00,6.660,6.000,19.100,5.000,-0.600
2016-01-20 09:00:00,6.970,50.000,62.800,42.000,-0.500
2016-01-20 10:00:00,6.110,116.000,183.100,76.000,-0.500
2016-01-20 11:00:00,6.100,188.000,340.700,94.000,-0.300
2016-01-20 12:00:00,6.020,204.000,317.600,110.000,0.200
2016-01-20 13:00:00,5.690,184.000,299.400,101.000,0.600
2016-01-20 14:00:00,5.630,147.000,321.300,76.000,0.900
2016-01-20 15:00:00,5.800,76.000,221.400,47.000,0.900
2016-01-20 16:00:00,6.310,11.000,57.300,8.000,0.100
2016-01-20 17:00:00,6.180,0.000,0.000,0.000,-0.300
2016-01-20 18:00:00,5.990,0.000,0.000,0.000,-0.700
2016-01-20 19:00:00,5.310,0.000,0.000,0.000,-1.100
2016-01-20 20:00:00,4.550,0.000,0.000,0.000,-2.400
2016-01-20 21:00:00,4.100,0.000,0.000,0.000,-2.700
2016-01-20 22:00:00,3.010,0.000,0.000,0.000,-2.500
2016-01-20 23:00:00,2.380,0.000,0.000,0.000,-3.400
2016-01-21 00:00:00,1.700,0.000,0.000,0.000,-5.000
2016-01-21 01:00:00,1.430,0.000,0.000,0.000,-5.700
2016-01-21 02:00:00,1.170,0.000,0.000,0.000,-5.300
2016-01-21 03:00:00,0.860,0.000,0.000,0.000,-5.400
2016-01-21 04:00:00,0.510,0.000,0.000,0.000,-5.300
2016-01-21 05:00:00,0.570,0.000,0.000,0.000,-5.900
2016-01-21 06:00:00,0.860,0.000,0.000,0.000,-6.100
2016-01-21 07:00:00,1.340,0.000,0.000,0.000,-6.100
2016-01-21 08:00:00,1.750,7.000,0.000,7.000,-6.000
2016-01-21 09:00:00,2.020,55.000,92.100,43.000,-6.400
2016-01-21 10:00:00,2.040,105.000,63.200,91.000,-5.400
2016-01-21 11:00:00,2.520,175.000,139.600,136.000,-4.800
2016-01-21 12:00:00,2.730,228.000,417.100,103.000,-4.400
2016-01-21 13:00:00,2.520,222.000,434.000,100.000,-4.100
2016-01-21 14:00:00,2.510,176.000,453.500,74.000,-4.800
2016-01-21 15:00:00,2.710,91.000,326.000,47.000,-4.100
2016-01-21 16:00:00,2.910,14.000,112.200,8.000,-4.700
2016-01-21 17:00:00,3.410,0.000,0.000,0.000,-6.500
2016-01-21 18:00:00,4.100,0.000,0.000,0.000,-7.200
2016-01-21 19:00:00,5.000,0.000,0.000,0.000,-7.500
2016-01-21 20:00:00,5.400,0.000,0.000,0.000,-7.900
2016-01-21 21:00:00,5.230,0.000,0.000,0.000,-8.200
2016-01-21 22:00:00,4.500,0.000,0.000,0.000,-9.200
2016-01-21 23:00:00,4.700,0.000,0.000,0.000,-9.600
2016-01-22 00:00:00,4.800,0.000,0.000,0.000,-9.800
2016-01-22 01:00:00,4.700,0.000,0.000,0.000,-10.200
2016-01-22 02:00:00,5.120,0.000,0.000,0.000,-10.400
2016-01-22 03:00:00,5.500,0.000,0.000,0.000,-10.200
2016-01-22 04:00:00,5.610,0.000,0.000,0.000,-10.100
2016-01-22 05:00:00,5.830,0.000,0.000,0.000,-10.300
2016-01-22 06:00:00,6.000,0.000,0.000,0.000,-10.800
2016-01-22 07:00:00,6.520,0.000,0.000,0.000,-10.900
2016-01-22 08:00:00,6.680,12.000,57.300,9.000,-9.800
2016-01-22 09:00:00,6.280,88.000,322.600,45.000,-7.900
2016-01-22 10:00:00,5.390,175.000,453.500,73.000,-5.800
2016-01-22 11:00:00,5.150,246.000,597.300,77.000,-4.400
2016-01-22 12:00:00,5.290,271.000,629.500,80.000,-3.400
2016-01-22 13:00:00,5.030,256.000,638.600,74.000,-2.700
2016-01-22 14:00:00,5.460,185.000,519.900,66.000,-2.400
2016-01-22 15:00:00,6.710,99.000,402.900,43.000,-2.800
2016-01-22 16:00:00,7.260,15.000,107.900,9.000,-3.900
2016-01-22 17:00:00,7.310,0.000,0.000,0.000,-4.600
2016-01-22 18:00:00,7.500,0.000,0.000,0.000,-4.700
2016-01-22 19:00:00,7.450,0.000,0.000,0.000,-4.600
2016-01-22 20:00:00,7.540,0.000,0.000,0.000,-4.300
2016-01-22 21:00:00,7.710,0.000,0.000,0.000,-3.800
2016-01-22 22:00:00,7.310,0.000,0.000,0.000,-2.800
2016-01-22 23:00:00,7.750,0.000,0.000,0.000,-2.300
2016-01-23 00:00:00,7.940,0.000,0.000,0.000,-1.600
2016-01-23 01:00:00,7.740,0.000,0.000,0.000,-1.200
2016-01-23 02:00:00,7.550,0.000,0.000,0.000,-0.900
2016-01-23 03:00:00,7.510,0.000,0.000,0.000,-0.400
2016-01-23 04:00:00,7.600,0.000,0.000,0.000,0.300
2016-01-23 05:00:00,7.910,0.000,0.000,0.000,1.000
2016-01-23 06:00:00,8.630,0.000,0.000,0.000,1.800
2016-01-23 07:00:00,9.210,0.000,0.000,0.000,2.500
2016-01-23 08:00:00,8.920,3.000,0.000,3.000,3.200
2016-01-23 09:00:00,8.510,23.000,7.300,22.000,3.500
2016-01-23 10:00:00,7.910,53.000,13.100,50.000,4.200
2016-01-23 11:00:00,7.600,97.000,38.400,86.000,4.400
2016-01-23 12:00:00,7.300,127.000,68.300,106.000,4.500
2016-01-23 13:00:00,6.720,148.000,186.800,94.000,4.700
2016-01-23 14:00:00,7.600,115.000,98.700,92.000,5.000
2016-01-23 15:00:00,7.820,51.000,14.000,49.000,5.000
2016-01-23 16:00:00,7.860,6.000,0.000,6.000,5.000
2016-01-23 17:00:00,7.920,0.000,0.000,0.000,5.000
2016-01-23 18:00:00,7.940,0.000,0.000,0.000,5.000
2016-01-23 19:00:00,7.330,0.000,0.000,0.000,5.100
2016-01-23 20:00:00,7.180,0.000,0.000,0.000,5.200
2016-01-23 21:00:00,7.450,0.000,0.000,0.000,5.000
2016-01-23 22:00:00,6.670,0.000,0.000,0.000,4.900
2016-01-23 23:00:00,7.110,0.000,0.000,0.000,4.800
2016-01-24 00:00:00,6.660,0.000,0.000,0.000,4.500
2016-01-24 01:00:00,6.330,0.000,0.000,0.000,4.400
2016-01-24 02:00:00,6.590,0.000,0.000,0.000,4.200
2016-01-24 03:00:00,6.650,0.000,0.000,0.000,4.100
2016-01-24 04:00:00,6.650,0.000,0.000,0.000,4.100
2016-01-24 05:00:00,6.220,0.000,0.000,0.000,3.700
2016-01-24 06:00:00,6.220,0.000,0.000,0.000,3.700
2016-01-24 07:00:00,6.470,0.000,0.000,0.000,3.500
2016-01-24 08:00:00,6.860,9.000,0.000,9.000,3.400
2016-01-24 09:00:00,6.690,63.000,136.000,44.000,3.800
2016-01-24 10:00:00,5.860,116.000,185.500,73.000,4.600
2016-01-24 11:00:00,6.890,111.000,155.000,66.000,5.300
2016-01-24 12:00:00,6.550,111.000,93.200,82.000,5.800
2016-01-24 13:00:00,6.600,83.000,68.200,63.000,6.000
2016-01-24 14:00:00,7.130,55.000,29.500,48.000,6.100
2016-01-24 15:00:00,7.320,18.000,0.000,18.000,6.000
2016-01-24 16:00:00,7.310,3.000,0.000,3.000,5.800
2016-01-24 17:00:00,7.290,0.000,0.000,0.000,5.600
2016-01-24 18:00:00,7.430,0.000,0.000,0.000,5.600
2016-01-24 19:00:00,7.530,0.000,0.000,0.000,5.700
2016-01-24 20:00:00,7.470,0.000,0.000,0.000,5.900
2016-01-24 21:00:00,7.910,0.000,0.000,0.000,6.100
2016-01-24 22:00:00,7.750,0.000,0.000,0.000,6.500
2016-01-24 23:00:00,8.370,0.000,0.000,0.000,7.100
2016-01-25 00:00:00,8.760,0.000,0.000,0.000,7.600
2016-01-25 01:00:00,8.680,0.000,0.000,0.000,7.900
2016-01-25 02:00:00,8.550,0.000,0.000,0.000,8.200
2016-01-25 03:00:00,8.200,0.000,0.000,0.000,8.400
2016-01-25 04:00:00,7.890,0.000,0.000,0.000,8.700
2016-01-25 05:00:00,7.480,0.000,0.000,0.000,8.800
2016-01-25 06:00:00,7.070,0.000,0.000,0.000,9.000
2016-01-25 07:00:00,6.920,0.000,0.000,0.000,9.100
2016-01-25 08:00:00,6.940,3.000,0.000,3.000,9.200
2016-01-25 09:00:00,6.890,24.000,0.000,24.000,9.400
2016-01-25 10:00:00,5.970,45.000,8.500,43.000,9.800
2016-01-25 11:00:00,5.570,87.000,27.200,79.000,10.500
2016-01-25 12:00:00,5.240,118.000,69.800,96.000,11.100
2016-01-25 13:00:00,4.970,94.000,26.900,86.000,11.400
2016-01-25 14:00:00,4.980,111.000,116.000,83.000,11.500
2016-01-25 15:00:00,5.710,65.000,99.000,50.000,11.300
2016-01-25 16:00:00,7.020,15.000,32.100,13.000,10.600
2016-01-25 17:00:00,8.130,0.000,0.000,0.000,9.800
2016-01-25 18:00:00,8.630,0.000,0.000,0.000,9.000
2016-01-25 19:00:00,8.970,0.000,0.000,0.000,8.500
2016-01-25 20:00:00,9.130,0.000,0.000,0.000,8.100
2016-01-25 21:00:00,9.560,0.000,0.000,0.000,7.800
2016-01-25 22:00:00,10.040,0.000,0.000,0.000,7.800
2016-01-25 23:00:00,10.130,0.000,0.000,0.000,8.100
2016-01-26 00:00:00,9.900,0.000,0.000,0.000,8.500
2016-01-26 01:00:00,9.660,0.000,0.000,0.000,8.700
2016-01-26 02:00:00,9.840,0.000,0.000,0.000,9.100
2016-01-26 03:00:00,9.890,0.000,0.000,0.000,9.600
2016-01-26 04:00:00,10.060,0.000,0.000,0.000,10.000
2016-01-26 05:00:00,9.810,0.000,0.000,0.000,10.000
2016-01-26 06:00:00,9.460,0.000,0.000,0.000,9.800
2016-01-26 07:00:00,8.760,0.000,0.000,0.000,9.400
2016-01-26 08:00:00,7.890,5.000,0.000,5.000,9.200
2016-01-26 09:00:00,7.470,36.000,20.500,33.000,9.400
2016-01-26 10:00:00,6.410,95.000,71.100,78.000,9.800
2016-01-26 11:00:00,6.520,111.000,104.000,80.000,10.200
2016-01-26 12:00:00,6.930,124.000,75.100,100.000,10.600
2016-01-26 13:00:00,7.110,89.000,26.500,81.000,10.500
2016-01-26 14:00:00,7.340,56.000,4.100,55.000,10.300
2016-01-26 15:00:00,8.160,36.000,12.800,34.000,10.400
2016-01-26 16:00:00,9.010,7.000,15.500,6.000,10.200
2016-01-26 17:00:00,9.730,0.000,0.000,0.000,10.400
2016-01-26 18:00:00,10.470,0.000,0.000,0.000,10.600
2016-01-26 19:00:00,11.150,0.000,0.000,0.000,10.300
2016-01-26 20:00:00,11.760,0.000,0.000,0.000,10.100
2016-01-26 21:00:00,11.960,0.000,0.000,0.000,10.000
2016-01-26 22:00:00,12.090,0.000,0.000,0.000,9.600
2016-01-26 23:00:00,12.180,0.000,0.000,0.000,9.200
2016-01-27 00:00:00,12.370,0.000,0.000,0.000,9.100
2016-01-27 01:00:00,12.370,0.000,0.000,0.000,8.900
2016-01-27 02:00:00,12.210,0.000,0.000,0.000,8.900
2016-01-27 03:00:00,12.210,0.000,0.000,0.000,9.200
2016-01-27 04:00:00,11.910,0.000,0.000,0.000,9.600
2016-01-27 05:00:00,11.700,0.000,0.000,0.000,9.900
2016-01-27 06:00:00,11.320,0.000,0.000,0.000,10.000
2016-01-27 07:00:00,11.430,0.000,0.000,0.000,10.300
2016-01-27 08:00:00,11.460,6.000,16.500,5.000,10.500
2016-01-27 09:00:00,11.490,19.000,6.700,18.000,10.700
2016-01-27 10:00:00,10.560,39.000,0.000,39.000,11.100
2016-01-27 11:00:00,11.510,45.000,3.300,44.000,11.200
2016-01-27 12:00:00,11.540,45.000,0.000,45.000,11.000
2016-01-27 13:00:00,11.780,20.000,0.000,20.000,11.100
2016-01-27 14:00:00,11.580,16.000,0.000,16.000,11.400
2016-01-27 15:00:00,11.540,16.000,0.000,16.000,11.600
2016-01-27 16:00:00,11.560,5.000,0.000,5.000,11.800
2016-01-27 17:00:00,11.370,0.000,0.000,0.000,11.800
2016-01-27 18:00:00,11.310,0.000,0.000,0.000,11.800
2016-01-27 19:00:00,11.600,0.000,0.000,0.000,11.800
2016-01-27 20:00:00,11.930,0.000,0.000,0.000,11.800
2016-01-27 21:00:00,11.800,0.000,0.000,0.000,11.700
2016-01-27 22:00:00,11.960,0.000,0.000,0.000,11.000
2016-01-27 23:00:00,12.210,0.000,0.000,0.000,10.900
2016-01-28 00:00:00,11.760,0.000,0.000,0.000,10.800
2016-01-28 01:00:00,11.960,0.000,0.000,0.000,10.700
2016-01-28 02:00:00,11.870,0.000,0.000,0.000,10.300
2016-01-28 03:00:00,11.460,0.000,0.000,0.000,10.000
2016-01-28 04:00:00,11.050,0.000,0.000,0.000,9.400
2016-01-28 05:00:00,11.050,0.000,0.000,0.000,8.300
2016-01-28 06:00:00,11.240,0.000,0.000,0.000,7.400
2016-01-28 07:00:00,10.640,0.000,0.000,0.000,7.100
2016-01-28 08:00:00,9.820,15.000,95.800,9.000,6.600
2016-01-28 09:00:00,9.000,98.000,344.800,45.000,6.700
2016-01-28 10:00:00,8.310,175.000,429.300,69.000,7.000
2016-01-28 11:00:00,8.810,236.000,506.000,81.000,7.400
2016-01-28 12:00:00,8.610,263.000,530.500,89.000,7.700
2016-01-28 13:00:00,8.030,254.000,551.000,83.000,7.700
2016-01-28 14:00:00,8.090,193.000,451.700,78.000,7.700
2016-01-28 15:00:00,7.030,107.000,340.100,51.000,7.300
2016-01-28 16:00:00,7.190,24.000,159.100,13.000,6.200
2016-01-28 17:00:00,7.240,0.000,0.000,0.000,5.100
2016-01-28 18:00:00,7.580,0.000,0.000,0.000,4.500
2016-01-28 19:00:00,8.130,0.000,0.000,0.000,4.100
2016-01-28 20:00:00,8.610,0.000,0.000,0.000,3.800
2016-01-28 21:00:00,8.540,0.000,0.000,0.000,3.600
2016-01-28 22:00:00,9.240,0.000,0.000,0.000,3.500
2016-01-28 23:00:00,8.950,0.000,0.000,0.000,3.400
2016-01-29 00:00:00,8.960,0.000,0.000,0.000,3.300
2016-01-29 01:00:00,8.840,0.000,0.000,0.000,3.600
2016-01-29 02:00:00,9.280,0.000,0.000,0.000,3.500
2016-01-29 03:00:00,9.860,0.000,0.000,0.000,3.400
2016-01-29 04:00:00,10.010,0.000,0.000,0.000,3.500
2016-01-29 05:00:00,10.150,0.000,0.000,0.000,3.900
2016-01-29 06:00:00,10.440,0.000,0.000,0.000,4.300
2016-01-29 07:00:00,10.470,0.000,0.000,0.000,4.900
2016-01-29 08:00:00,10.910,6.000,0.000,6.000,5.300
2016-01-29 09:00:00,11.360,23.000,0.000,23.000,5.900
2016-01-29 10:00:00,10.860,40.000,0.000,40.000,6.800
2016-01-29 11:00:00,12.030,48.000,6.400,46.000,7.600
2016-01-29 12:00:00,11.240,94.000,27.100,85.000,8.000
2016-01-29 13:00:00,12.040,86.000,0.000,86.000,8.200
2016-01-29 14:00:00,14.310,67.000,11.600,64.000,8.800
2016-01-29 15:00:00,13.630,38.000,29.600,33.000,8.800
2016-01-29 16:00:00,13.190,12.000,42.000,9.000,8.900
2016-01-29 17:00:00,12.890,0.000,0.000,0.000,8.900
2016-01-29 18:00:00,12.680,0.000,0.000,0.000,8.900
2016-01-29 19:00:00,12.590,0.000,0.000,0.000,8.900
2016-01-29 20:00:00,12.560,0.000,0.000,0.000,8.800
2016-01-29 21:00:00,12.310,0.000,0.000,0.000,8.900
2016-01-29 22:00:00,11.780,0.000,0.000,0.000,8.900
2016-01-29 23:00:00,12.200,0.000,0.000,0.000,9.000
2016-01-30 00:00:00,12.120,0.000,0.000,0.000,9.100
2016-01-30 01:00:00,12.100,0.000,0.000,0.000,9.000
2016-01-30 02:00:00,12.170,0.000,0.000,0.000,9.000
2016-01-30 03:00:00,12.390,0.000,0.000,0.000,8.900
2016-01-30 04:00:00,12.820,0.000,0.000,0.000,8.800
2016-01-30 05:00:00,12.920,0.000,0.000,0.000,8.700
2016-01-30 06:00:00,13.340,0.000,0.000,0.000,8.500
2016-01-30 07:00:00,13.740,0.000,0.000,0.000,8.400
2016-01-30 08:00:00,13.960,4.000,0.000,4.000,8.300
2016-01-30 09:00:00,14.440,17.000,0.000,17.000,8.500
2016-01-30 10:00:00,14.000,38.000,0.000,38.000,8.600
2016-01-30 11:00:00,13.650,38.000,0.000,38.000,8.300
2016-01-30 12:00:00,13.220,43.000,0.000,43.000,8.300
2016-01-30 13:00:00,12.940,34.000,0.000,34.000,7.900
2016-01-30 14:00:00,12.660,29.000,0.000,29.000,7.400
2016-01-30 15:00:00,12.040,14.000,0.000,14.000,6.900
2016-01-30 16:00:00,11.060,3.000,0.000,3.000,6.500
2016-01-30 17:00:00,10.240,0.000,0.000,0.000,6.100
2016-01-30 18:00:00,10.020,0.000,0.000,0.000,5.400
2016-01-30 19:00:00,9.920,0.000,0.000,0.000,4.800
2016-01-30 20:00:00,9.500,0.000,0.000,0.000,3.900
2016-01-30 21:00:00,9.510,0.000,0.000,0.000,3.400
2016-01-30 22:00:00,10.810,0.000,0.000,0.000,3.300
2016-01-30 23:00:00,11.250,0.000,0.000,0.000,3.100
2016-01-31 00:00:00,11.930,0.000,0.000,0.000,3.100
2016-01-31 01:00:00,11.810,0.000,0.000,0.000,3.000
2016-01-31 02:00:00,11.640,0.000,0.000,0.000,3.000
2016-01-31 03:00:00,11.230,0.000,0.000,0.000,2.800
2016-01-31 04:00:00,11.190,0.000,0.000,0.000,2.700
2016-01-31 05:00:00,10.940,0.000,0.000,0.000,2.700
2016-01-31 06:00:00,10.680,0.000,0.000,0.000,2.700
2016-01-31 07:00:00,10.400,0.000,0.000,0.000,2.700
2016-01-31 08:00:00,10.120,21.000,102.100,14.000,3.000
2016-01-31 09:00:00,9.930,99.000,260.300,56.000,3.600
2016-01-31 10:00:00,11.120,181.000,397.500,78.000,4.300
2016-01-31 11:00:00,11.100,244.000,432.400,106.000,5.100
2016-01-31 12:00:00,11.450,247.000,386.800,115.000,5.700
2016-01-31 13:00:00,10.120,226.000,385.900,101.000,6.100
2016-01-31 14:00:00,8.790,191.000,398.900,84.000,6.100
2016-01-31 15:00:00,8.370,108.000,241.300,65.000,5.800
2016-01-31 16:00:00,8.250,22.000,52.400,18.000,5.300
2016-01-31 17:00:00,8.180,0.000,0.000,0.000,5.100
2016-01-31 18:00:00,7.860,0.000,0.000,0.000,4.800
2016-01-31 19:00:00,7.270,0.000,0.000,0.000,4.600
2016-01-31 20:00:00,6.740,0.000,0.000,0.000,4.600
2016-01-31 21:00:00,6.060,0.000,0.000,0.000,4.800
2016-01-31 22:00:00,4.920,0.000,0.000,0.000,4.700
2016-01-31 23:00:00,4.920,0.000,0.000,0.000,4.900
2016-02-01 00:00:00,5.560,0.000,0.000,0.000,5.100
2016-02-01 01:00:00,5.700,0.000,0.000,0.000,5.400
2016-02-01 02:00:00,5.100,0.000,0.000,0.000,5.900
2016-02-01 03:00:00,4.910,0.000,0.000,0.000,6.300
2016-02-01 04:00:00,4.800,0.000,0.000,0.000,6.500
2016-02-01 05:00:00,5.080,0.000,0.000,0.000,6.700
2016-02-01 06:00:00,5.210,0.000,0.000,0.000,7.000
2016-02-01 07:00:00,4.410,0.000,0.000,0.000,7.200
2016-02-01 08:00:00,4.780,1.000,0.000,1.000,7.600
2016-02-01 09:00:00,7.020,10.000,0.000,10.000,8.200
2016-02-01 10:00:00,9.970,20.000,0.000,20.000,10.500
2016-02-01 11:00:00,11.190,33.000,0.000,33.000,11.200
2016-02-01 12:00:00,12.030,34.000,0.000,34.000,11.300
2016-02-01 13:00:00,13.060,29.000,0.000,29.000,11.400
2016-02-01 14:00:00,13.580,33.000,0.000,33.000,11.200
2016-02-01 15:00:00,13.500,26.000,0.000,26.000,11.100
2016-02-01 16:00:00,13.880,9.000,0.000,9.000,11.000
2016-02-01 17:00:00,14.020,0.000,0.000,0.000,11.000
2016-02-01 18:00:00,13.720,0.000,0.000,0.000,10.900
2016-02-01 19:00:00,13.690,0.000,0.000,0.000,10.800
2016-02-01 20:00:00,13.740,0.000,0.000,0.000,10.800
2016-02-01 21:00:00,14.270,0.000,0.000,0.000,11.000
2016-02-01 22:00:00,14.450,0.000,0.000,0.000,10.800
2016-02-01 23:00:00,14.620,0.000,0.000,0.000,11.100
2016-02-02 00:00:00,14.260,0.000,0.000,0.000,11.000
2016-02-02 01:00:00,14.040,0.000,0.000,0.000,10.700
2016-02-02 02:00:00,13.630,0.000,0.000,0.000,10.200
2016-02-02 03:00:00,12.930,0.000,0.000,0.000,10.000
2016-02-02 04:00:00,12.960,0.000,0.000,0.000,9.600
2016-02-02 05:00:00,13.600,0.000,0.000,0.000,9.300
2016-02-02 06:00:00,13.220,0.000,0.000,0.000,9.000
2016-02-02 07:00:00,13.250,0.000,0.000,0.000,9.000
2016-02-02 08:00:00,13.440,13.000,13.700,12.000,9.200
2016-02-02 09:00:00,13.540,48.000,5.800,47.000,9.600
2016-02-02 10:00:00,10.740,112.000,41.100,101.000,9.700
2016-02-02 11:00:00,12.180,163.000,125.000,122.000,9.900
2016-02-02 12:00:00,14.680,133.000,57.100,113.000,9.500
2016-02-02 13:00:00,11.830,128.000,33.000,117.000,9.300
2016-02-02 14:00:00,11.670,99.000,28.800,91.000,8.500
2016-02-02 15:00:00,12.780,47.000,0.000,47.000,7.200
2016-02-02 16:00:00,12.440,16.000,12.300,15.000,6.400
2016-02-02 17:00:00,12.260,0.000,0.000,0.000,6.400
2016-02-02 18:00:00,12.520,0.000,0.000,0.000,6.500
2016-02-02 19:00:00,12.660,0.000,0.000,0.000,6.600
2016-02-02 20:00:00,12.690,0.000,0.000,0.000,6.400
2016-02-02 21:00:00,12.850,0.000,0.000,0.000,6.500
2016-02-02 22:00:00,12.790,0.000,0.000,0.000,6.500
2016-02-02 23:00:00,12.910,0.000,0.000,0.000,6.400
2016-02-03 00:00:00,12.610,0.000,0.000,0.000,6.200
2016-02-03 01:00:00,12.220,0.000,0.000,0.000,6.100
2016-02-03 02:00:00,11.990,0.000,0.000,0.000,5.900
2016-02-03 03:00:00,11.580,0.000,0.000,0.000,5.500
2016-02-03 04:00:00,11.170,0.000,0.000,0.000,5.100
2016-02-03 05:00:00,10.790,0.000,0.000,0.000,4.800
2016-02-03 06:00:00,10.470,0.000,0.000,0.000,4.700
2016-02-03 07:00:00,10.150,0.000,0.000,0.000,4.200
2016-02-03 08:00:00,10.030,29.000,173.600,16.000,4.100
2016-02-03 09:00:00,8.920,115.000,326.800,57.000,4.600
2016-02-03 10:00:00,10.240,213.000,503.700,76.000,5.600
2016-02-03 11:00:00,10.410,266.000,517.200,94.000,6.000
2016-02-03 12:00:00,10.940,295.000,580.200,89.000,6.200
2016-02-03 13:00:00,10.930,273.000,568.300,81.000,6.300
2016-02-03 14:00:00,10.730,210.000,474.800,76.000,6.400
2016-02-03 15:00:00,10.550,131.000,390.700,56.000,5.800
2016-02-03 16:00:00,9.900,41.000,239.300,21.000,5.100
2016-02-03 17:00:00,10.060,0.000,0.000,0.000,4.300
2016-02-03 18:00:00,10.570,0.000,0.000,0.000,3.800
2016-02-03 19:00:00,10.500,0.000,0.000,0.000,3.700
2016-02-03 20:00:00,10.020,0.000,0.000,0.000,3.800
2016-02-03 21:00:00,9.460,0.000,0.000,0.000,3.900
2016-02-03 22:00:00,9.020,0.000,0.000,0.000,3.100
2016-02-03 23:00:00,9.100,0.000,0.000,0.000,3.000
2016-02-04 00:00:00,9.410,0.000,0.000,0.000,3.000
2016-02-04 01:00:00,9.360,0.000,0.000,0.000,3.000
2016-02-04 02:00:00,9.500,0.000,0.000,0.000,2.800
2016-02-04 03:00:00,9.500,0.000,0.000,0.000,2.900
2016-02-04 04:00:00,9.500,0.000,0.000,0.000,2.900
2016-02-04 05:00:00,9.540,0.000,0.000,0.000,2.900
2016-02-04 06:00:00,9.200,0.000,0.000,0.000,2.900
2016-02-04 07:00:00,8.830,0.000,0.000,0.000,2.800
2016-02-04 08:00:00,8.420,19.000,0.000,19.000,2.800
2016-02-04 09:00:00,8.380,71.000,11.000,69.000,3.100
2016-02-04 10:00:00,8.250,96.000,10.900,93.000,3.600
2016-02-04 11:00:00,8.100,119.000,20.800,112.000,3.800
2016-02-04 12:00:00,9.090,111.000,8.300,108.000,3.800
2016-02-04 13:00:00,10.200,93.000,8.800,90.000,3.700
2016-02-04 14:00:00,9.460,80.000,0.000,80.000,3.900
2016-02-04 15:00:00,7.630,55.000,5.100,54.000,3.700
2016-02-04 16:00:00,6.310,16.000,0.000,16.000,3.600
2016-02-04 17:00:00,6.140,0.000,0.000,0.000,3.600
2016-02-04 18:00:00,6.170,0.000,0.000,0.000,3.400
2016-02-04 19:00:00,6.310,0.000,0.000,0.000,3.600
2016-02-04 20:00:00,6.500,0.000,0.000,0.000,3.600
2016-02-04 21:00:00,6.740,0.000,0.000,0.000,3.600
2016-02-04 22:00:00,6.180,0.000,0.000,0.000,3.600
2016-02-04 23:00:00,6.610,0.000,0.000,0.000,3.400
2016-02-05 00:00:00,7.000,0.000,0.000,0.000,3.200
2016-02-05 01:00:00,6.750,0.000,0.000,0.000,3.200
2016-02-05 02:00:00,6.400,0.000,0.000,0.000,3.100
2016-02-05 03:00:00,6.120,0.000,0.000,0.000,2.900
2016-02-05 04:00:00,5.950,0.000,0.000,0.000,2.900
2016-02-05 05:00:00,6.220,0.000,0.000,0.000,2.900
2016-02-05 06:00:00,6.300,0.000,0.000,0.000,3.000
2016-02-05 07:00:00,6.650,0.000,0.000,0.000,3.200
2016-02-05 08:00:00,7.110,15.000,25.200,13.000,3.600
2016-02-05 09:00:00,7.160,77.000,48.400,68.000,3.900
2016-02-05 10:00:00,7.290,124.000,71.200,104.000,4.300
2016-02-05 11:00:00,7.130,107.000,14.600,102.000,4.400
2016-02-05 12:00:00,7.850,43.000,0.000,43.000,4.400
2016-02-05 13:00:00,8.200,24.000,0.000,24.000,4.800
2016-02-05 14:00:00,8.290,24.000,0.000,24.000,5.700
2016-02-05 15:00:00,7.960,18.000,0.000,18.000,6.700
2016-02-05 16:00:00,7.520,7.000,0.000,7.000,7.200
2016-02-05 17:00:00,7.110,0.000,0.000,0.000,7.400
2016-02-05 18:00:00,7.070,0.000,0.000,0.000,7.600
2016-02-05 19:00:00,7.170,0.000,0.000,0.000,7.700
2016-02-05 20:00:00,7.280,0.000,0.000,0.000,8.000
2016-02-05 21:00:00,7.310,0.000,0.000,0.000,8.300
2016-02-05 22:00:00,7.160,0.000,0.000,0.000,8.300
2016-02-05 23:00:00,7.340,0.000,0.000,0.000,8.400
2016-02-06 00:00:00,7.470,0.000,0.000,0.000,8.500
2016-02-06 01:00:00,7.560,0.000,0.000,0.000,8.500
2016-02-06 02:00:00,7.970,0.000,0.000,0.000,8.500
2016-02-06 03:00:00,8.260,0.000,0.000,0.000,8.400
2016-02-06 04:00:00,8.130,0.000,0.000,0.000,8.400
2016-02-06 05:00:00,7.840,0.000,0.000,0.000,8.100
2016-02-06 06:00:00,7.620,0.000,0.000,0.000,7.800
2016-02-06 07:00:00,7.670,0.000,0.000,0.000,7.700
2016-02-06 08:00:00,7.600,25.000,24.500,23.000,7.600
2016-02-06 09:00:00,7.670,95.000,115.500,73.000,8.000
2016-02-06 10:00:00,6.870,174.000,189.100,120.000,8.900
2016-02-06 11:00:00,7.240,246.000,354.800,123.000,9.900
2016-02-06 12:00:00,7.270,305.000,565.800,96.000,10.800
2016-02-06 13:00:00,8.150,288.000,556.300,92.000,11.300
2016-02-06 14:00:00,7.140,203.000,407.900,82.000,11.400
2016-02-06 15:00:00,6.720,102.000,111.600,79.000,11.000
2016-02-06 16:00:00,7.260,32.000,0.000,32.000,10.400
2016-02-06 17:00:00,7.820,0.000,0.000,0.000,9.500
2016-02-06 18:00:00,8.570,0.000,0.000,0.000,9.300
2016-02-06 19:00:00,9.050,0.000,0.000,0.000,8.900
2016-02-06 20:00:00,9.110,0.000,0.000,0.000,8.500
2016-02-06 21:00:00,9.220,0.000,0.000,0.000,8.200
2016-02-06 22:00:00,9.650,0.000,0.000,0.000,7.900
2016-02-06 23:00:00,9.500,0.000,0.000,0.000,8.100
2016-02-07 00:00:00,9.580,0.000,0.000,0.000,8.200
2016-02-07 01:00:00,9.800,0.000,0.000,0.000,8.500
2016-02-07 02:00:00,10.200,0.000,0.000,0.000,8.700
2016-02-07 03:00:00,10.240,0.000,0.000,0.000,8.700
2016-02-07 04:00:00,9.970,0.000,0.000,0.000,8.800
2016-02-07 05:00:00,9.920,0.000,0.000,0.000,8.800
2016-02-07 06:00:00,10.120,0.000,0.000,0.000,8.800
2016-02-07 07:00:00,10.180,0.000,0.000,0.000,8.800
2016-02-07 08:00:00,10.310,32.000,71.400,26.000,9.400
2016-02-07 09:00:00,10.470,109.000,117.900,86.000,10.200
2016-02-07 10:00:00,8.170,190.000,223.800,125.000,11.000
2016-02-07 11:00:00,8.350,232.000,301.500,126.000,11.800
2016-02-07 12:00:00,10.310,179.000,104.200,140.000,11.900
2016-02-07 13:00:00,9.420,140.000,95.200,106.000,10.900
2016-02-07 14:00:00,8.410,79.000,56.400,62.000,9.900
2016-02-07 15:00:00,8.420,86.000,71.100,71.000,9.700
2016-02-07 16:00:00,8.420,20.000,32.100,17.000,9.500
2016-02-07 17:00:00,8.510,0.000,0.000,0.000,9.000
2016-02-07 18:00:00,8.730,0.000,0.000,0.000,8.600
2016-02-07 19:00:00,8.990,0.000,0.000,0.000,8.300
2016-02-07 20:00:00,9.200,0.000,0.000,0.000,7.900
2016-02-07 21:00:00,9.320,0.000,0.000,0.000,7.400
2016-02-07 22:00:00,10.100,0.000,0.000,0.000,6.900
2016-02-07 23:00:00,10.070,0.000,0.000,0.000,6.600
2016-02-08 00:00:00,10.100,0.000,0.000,0.000,6.500
2016-02-08 01:00:00,10.890,0.000,0.000,0.000,6.300
2016-02-08 02:00:00,11.690,0.000,0.000,0.000,6.300
2016-02-08 03:00:00,12.180,0.000,0.000,0.000,6.700
2016-02-08 04:00:00,12.490,0.000,0.000,0.000,7.000
2016-02-08 05:00:00,13.240,0.000,0.000,0.000,7.000
2016-02-08 06:00:00,13.790,0.000,0.000,0.000,7.500
2016-02-08 07:00:00,14.210,0.000,0.000,0.000,7.700
2016-02-08 08:00:00,14.260,28.000,57.800,23.000,7.500
2016-02-08 09:00:00,13.930,91.000,135.200,64.000,7.900
2016-02-08 10:00:00,12.390,125.000,98.200,96.000,7.900
2016-02-08 11:00:00,12.930,59.000,5.600,57.000,7.600
2016-02-08 12:00:00,13.200,102.000,5.300,100.000,8.400
2016-02-08 13:00:00,12.590,208.000,215.200,130.000,9.400
2016-02-08 14:00:00,11.870,161.000,153.300,114.000,9.200
2016-02-08 15:00:00,13.310,85.000,64.900,71.000,8.400
2016-02-08 16:00:00,12.730,38.000,93.400,29.000,7.500
2016-02-08 17:00:00,12.590,1.000,0.000,1.000,7.300
2016-02-08 18:00:00,12.660,0.000,0.000,0.000,7.500
2016-02-08 19:00:00,13.510,0.000,0.000,0.000,7.500
2016-02-08 20:00:00,14.360,0.000,0.000,0.000,7.500
2016-02-08 21:00:00,14.990,0.000,0.000,0.000,7.400
2016-02-08 22:00:00,14.280,0.000,0.000,0.000,7.300
2016-02-08 23:00:00,15.210,0.000,0.000,0.000,6.700
2016-02-09 00:00:00,16.680,0.000,0.000,0.000,6.400
2016-02-09 01:00:00,15.870,0.000,0.000,0.000,6.700
2016-02-09 02:00:00,15.260,0.000,0.000,0.000,6.900
2016-02-09 03:00:00,14.840,0.000,0.000,0.000,7.000
2016-02-09 04:00:00,14.450,0.000,0.000,0.000,7.000
2016-02-09 05:00:00,13.780,0.000,0.000,0.000,7.000
2016-02-09 06:00:00,12.540,0.000,0.000,0.000,6.800
2016-02-09 07:00:00,11.560,0.000,0.000,0.000,6.700
2016-02-09 08:00:00,11.030,42.000,236.000,21.000,6.700
2016-02-09 09:00:00,10.760,123.000,298.200,62.000,7.100
2016-02-09 10:00:00,8.420,174.000,236.500,103.000,7.600
2016-02-09 11:00:00,9.230,167.000,58.100,146.000,7.800
2016-02-09 12:00:00,6.740,151.000,18.200,144.000,8.000
2016-02-09 13:00:00,8.710,148.000,10.900,144.000,7.900
2016-02-09 14:00:00,8.350,68.000,0.000,68.000,7.100
2016-02-09 15:00:00,8.990,29.000,0.000,29.000,5.800
2016-02-09 16:00:00,8.790,8.000,0.000,8.000,5.300
2016-02-09 17:00:00,8.750,0.000,0.000,0.000,6.200
2016-02-09 18:00:00,9.730,0.000,0.000,0.000,8.400
2016-02-09 19:00:00,13.030,0.000,0.000,0.000,9.300
2016-02-09 20:00:00,15.420,0.000,0.000,0.000,8.700
2016-02-09 21:00:00,15.340,0.000,0.000,0.000,5.800
2016-02-09 22:00:00,17.920,0.000,0.000,0.000,2.300
2016-02-09 23:00:00,15.520,0.000,0.000,0.000,1.600
2016-02-10 00:00:00,12.660,0.000,0.000,0.000,2.700
2016-02-10 01:00:00,11.900,0.000,0.000,0.000,3.200
2016-02-10 02:00:00,11.550,0.000,0.000,0.000,3.200
2016-02-10 03:00:00,10.370,0.000,0.000,0.000,3.300
2016-02-10 04:00:00,9.390,0.000,0.000,0.000,3.300
2016-02-10 05:00:00,8.830,0.000,0.000,0.000,3.100
2016-02-10 06:00:00,8.540,0.000,0.000,0.000,2.900
2016-02-10 07:00:00,8.340,0.000,0.000,0.000,2.700
2016-02-10 08:00:00,7.920,46.000,196.600,28.000,2.900
2016-02-10 09:00:00,7.430,116.000,229.200,68.000,3.400
2016-02-10 10:00:00,7.510,169.000,193.300,110.000,4.000
2016-02-10 11:00:00,8.820,159.000,87.300,127.000,4.200
2016-02-10 12:00:00,8.150,173.000,125.700,124.000,4.400
2016-02-10 13:00:00,7.830,158.000,85.900,126.000,4.700
2016-02-10 14:00:00,8.190,154.000,221.000,84.000,5.000
2016-02-10 15:00:00,7.250,102.000,190.400,59.000,5.000
2016-02-10 16:00:00,6.990,33.000,37.800,29.000,4.400
2016-02-10 17:00:00,7.720,1.000,0.000,1.000,4.500
2016-02-10 18:00:00,8.680,0.000,0.000,0.000,4.800
2016-02-10 19:00:00,9.300,0.000,0.000,0.000,5.000
2016-02-10 20:00:00,9.400,0.000,0.000,0.000,5.100
2016-02-10 21:00:00,9.550,0.000,0.000,0.000,5.200
2016-02-10 22:00:00,10.720,0.000,0.000,0.000,5.200
2016-02-10 23:00:00,10.740,0.000,0.000,0.000,5.400
2016-02-11 00:00:00,10.360,0.000,0.000,0.000,5.200
2016-02-11 01:00:00,11.220,0.000,0.000,0.000,4.800
2016-02-11 02:00:00,10.820,0.000,0.000,0.000,4.500
2016-02-11 03:00:00,10.440,0.000,0.000,0.000,4.300
2016-02-11 04:00:00,9.960,0.000,0.000,0.000,3.800
2016-02-11 05:00:00,9.700,0.000,0.000,0.000,3.400
2016-02-11 06:00:00,9.490,0.000,0.000,0.000,3.100
2016-02-11 07:00:00,9.220,1.000,0.000,1.000,2.900
2016-02-11 08:00:00,9.110,50.000,244.300,27.000,3.100
2016-02-11 09:00:00,9.270,139.000,335.800,67.000,3.800
2016-02-11 10:00:00,7.430,251.000,515.500,91.000,4.800
2016-02-11 11:00:00,9.220,262.000,362.900,127.000,5.400
2016-02-11 12:00:00,9.410,296.000,425.300,128.000,5.600
2016-02-11 13:00:00,8.350,304.000,521.200,107.000,6.100
2016-02-11 14:00:00,7.820,247.000,465.900,97.000,6.000
2016-02-11 15:00:00,7.350,167.000,389.900,77.000,5.700
2016-02-11 16:00:00,8.100,66.000,315.800,31.000,5.000
2016-02-11 17:00:00,7.980,3.000,19.100,2.000,4.200
2016-02-11 18:00:00,7.690,0.000,0.000,0.000,3.600
2016-02-11 19:00:00,7.380,0.000,0.000,0.000,3.100
2016-02-11 20:00:00,7.120,0.000,0.000,0.000,2.900
2016-02-11 21:00:00,6.870,0.000,0.000,0.000,2.400
2016-02-11 22:00:00,6.830,0.000,0.000,0.000,2.000
2016-02-11 23:00:00,7.410,0.000,0.000,0.000,1.700
2016-02-12 00:00:00,7.370,0.000,0.000,0.000,1.600
2016-02-12 01:00:00,7.220,0.000,0.000,0.000,1.400
2016-02-12 02:00:00,6.890,0.000,0.000,0.000,1.400
2016-02-12 03:00:00,6.480,0.000,0.000,0.000,1.200
2016-02-12 04:00:00,6.240,0.000,0.000,0.000,1.200
2016-02-12 05:00:00,6.000,0.000,0.000,0.000,1.000
2016-02-12 06:00:00,5.740,0.000,0.000,0.000,1.100
2016-02-12 07:00:00,5.590,1.000,0.000,1.000,0.700
2016-02-12 08:00:00,5.100,41.000,155.000,26.000,1.400
2016-02-12 09:00:00,4.000,113.000,223.300,64.000,2.300
2016-02-12 10:00:00,3.470,133.000,133.100,91.000,3.300
2016-02-12 11:00:00,4.250,214.000,228.000,128.000,4.200
2016-02-12 12:00:00,3.550,192.000,104.900,150.000,4.600
2016-02-12 13:00:00,2.560,154.000,41.700,138.000,4.900
2016-02-12 14:00:00,2.100,143.000,134.500,99.000,5.000
2016-02-12 15:00:00,2.100,126.000,267.000,63.000,4.900
2016-02-12 16:00:00,2.340,31.000,51.800,25.000,4.300
2016-02-12 17:00:00,3.090,2.000,0.000,2.000,3.600
2016-02-12 18:00:00,4.120,0.000,0.000,0.000,3.300
2016-02-12 19:00:00,4.830,0.000,0.000,0.000,2.900
2016-02-12 20:00:00,4.950,0.000,0.000,0.000,2.400
2016-02-12 21:00:00,4.900,0.000,0.000,0.000,1.800
2016-02-12 22:00:00,5.030,0.000,0.000,0.000,0.400
2016-02-12 23:00:00,4.880,0.000,0.000,0.000,-0.400
2016-02-13 00:00:00,4.460,0.000,0.000,0.000,-0.400
2016-02-13 01:00:00,4.300,0.000,0.000,0.000,-1.100
2016-02-13 02:00:00,4.630,0.000,0.000,0.000,-1.200
2016-02-13 03:00:00,5.020,0.000,0.000,0.000,-1.500
2016-02-13 04:00:00,5.040,0.000,0.000,0.000,-1.800
2016-02-13 05:00:00,5.260,0.000,0.000,0.000,-1.800
2016-02-13 06:00:00,5.430,0.000,0.000,0.000,-1.800
2016-02-13 07:00:00,5.710,1.000,0.000,1.000,-2.100
2016-02-13 08:00:00,5.670,64.000,348.300,29.000,-1.500
2016-02-13 09:00:00,4.810,183.000,560.900,57.000,-0.300
2016-02-13 10:00:00,6.350,290.000,679.400,72.000,1.800
2016-02-13 11:00:00,6.170,350.000,682.100,89.000,3.200
2016-02-13 12:00:00,5.660,387.000,754.200,81.000,4.300
2016-02-13 13:00:00,5.920,368.000,746.300,78.000,5.000
2016-02-13 14:00:00,6.400,299.000,673.800,75.000,5.200
2016-02-13 15:00:00,6.840,196.000,547.600,64.000,4.800
2016-02-13 16:00:00,7.240,74.000,240.300,45.000,4.000
2016-02-13 17:00:00,7.850,4.000,0.000,4.000,3.000
2016-02-13 18:00:00,7.930,0.000,0.000,0.000,2.700
2016-02-13 19:00:00,8.120,0.000,0.000,0.000,2.500
2016-02-13 20:00:00,8.310,0.000,0.000,0.000,2.400
2016-02-13 21:00:00,8.610,0.000,0.000,0.000,2.400
2016-02-13 22:00:00,8.500,0.000,0.000,0.000,2.600
2016-02-13 23:00:00,8.800,0.000,0.000,0.000,2.300
2016-02-14 00:00:00,8.800,0.000,0.000,0.000,2.000
2016-02-14 01:00:00,8.800,0.000,0.000,0.000,1.900
2016-02-14 02:00:00,8.610,0.000,0.000,0.000,1.800
2016-02-14 03:00:00,8.450,0.000,0.000,0.000,1.700
2016-02-14 04:00:00,8.270,0.000,0.000,0.000,1.400
2016-02-14 05:00:00,7.990,0.000,0.000,0.000,1.100
2016-02-14 06:00:00,7.530,0.000,0.000,0.000,0.900
2016-02-14 07:00:00,7.200,0.000,0.000,0.000,0.500
2016-02-14 08:00:00,7.180,20.000,9.500,19.000,0.500
2016-02-14 09:00:00,7.630,40.000,0.000,40.000,0.500
2016-02-14 10:00:00,6.150,104.000,21.500,97.000,1.500
2016-02-14 11:00:00,5.080,93.000,23.200,84.000,1.900
2016-02-14 12:00:00,5.330,108.000,12.200,103.000,2.200
2016-02-14 13:00:00,5.300,59.000,0.000,59.000,2.100
2016-02-14 14:00:00,5.010,71.000,23.700,63.000,2.300
2016-02-14 15:00:00,4.000,33.000,0.000,33.000,2.100
2016-02-14 16:00:00,3.660,18.000,0.000,18.000,2.000
2016-02-14 17:00:00,3.550,1.000,0.000,1.000,1.800
2016-02-14 18:00:00,3.390,0.000,0.000,0.000,1.500
2016-02-14 19:00:00,2.920,0.000,0.000,0.000,1.600
2016-02-14 20:00:00,2.390,0.000,0.000,0.000,1.600
2016-02-14 21:00:00,2.370,0.000,0.000,0.000,1.700
2016-02-14 22:00:00,2.950,0.000,0.000,0.000,1.000
2016-02-14 23:00:00,2.700,0.000,0.000,0.000,1.200
2016-02-15 00:00:00,3.340,0.000,0.000,0.000,1.300
2016-02-15 01:00:00,3.810,0.000,0.000,0.000,1.300
2016-02-15 02:00:00,4.100,0.000,0.000,0.000,1.400
2016-02-15 03:00:00,4.010,0.000,0.000,0.000,1.300
2016-02-15 04:00:00,4.720,0.000,0.000,0.000,1.300
2016-02-15 05:00:00,5.500,0.000,0.000,0.000,1.200
2016-02-15 06:00:00,6.200,0.000,0.000,0.000,1.200
2016-02-15 07:00:00,6.710,1.000,0.000,1.000,1.300
2016-02-15 08:00:00,7.030,11.000,0.000,11.000,1.300
2016-02-15 09:00:00,7.030,25.000,0.000,25.000,1.200
2016-02-15 10:00:00,10.100,60.000,0.000,60.000,1.200
2016-02-15 11:00:00,8.900,84.000,0.000,84.000,1.300
2016-02-15 12:00:00,8.410,110.000,7.200,107.000,1.600
2016-02-15 13:00:00,8.450,129.000,30.000,117.000,1.900
2016-02-15 14:00:00,6.960,106.000,20.400,99.000,1.900
2016-02-15 15:00:00,6.680,91.000,103.400,65.000,1.800
2016-02-15 16:00:00,6.800,37.000,23.000,34.000,1.600
2016-02-15 17:00:00,6.510,3.000,0.000,3.000,1.400
2016-02-15 18:00:00,5.990,0.000,0.000,0.000,1.200
2016-02-15 19:00:00,5.760,0.000,0.000,0.000,0.900
2016-02-15 20:00:00,5.700,0.000,0.000,0.000,0.700
2016-02-15 21:00:00,5.500,0.000,0.000,0.000,0.300
2016-02-15 22:00:00,3.910,0.000,0.000,0.000,-0.400
2016-02-15 23:00:00,3.990,0.000,0.000,0.000,-0.700
2016-02-16 00:00:00,3.830,0.000,0.000,0.000,-1.000
2016-02-16 01:00:00,3.960,0.000,0.000,0.000,-1.000
2016-02-16 02:00:00,3.890,0.000,0.000,0.000,-1.200
2016-02-16 03:00:00,3.680,0.000,0.000,0.000,-1.400
2016-02-16 04:00:00,3.260,0.000,0.000,0.000,-1.700
2016-02-16 05:00:00,2.980,0.000,0.000,0.000,-2.000
2016-02-16 06:00:00,2.750,0.000,0.000,0.000,-2.500
2016-02-16 07:00:00,2.970,2.000,0.000,2.000,-2.500
2016-02-16 08:00:00,2.270,62.000,284.800,29.000,-1.800
2016-02-16 09:00:00,1.890,154.000,357.600,68.000,-0.700
2016-02-16 10:00:00,1.060,219.000,359.000,98.000,0.100
2016-02-16 11:00:00,0.320,290.000,396.000,132.000,0.900
2016-02-16 12:00:00,0.500,314.000,353.000,165.000,1.200
2016-02-16 13:00:00,1.040,316.000,405.100,152.000,1.600
2016-02-16 14:00:00,1.580,241.000,330.100,126.000,1.700
2016-02-16 15:00:00,2.510,157.000,265.100,89.000,1.700
2016-02-16 16:00:00,3.280,73.000,191.700,47.000,1.200
2016-02-16 17:00:00,3.770,6.000,38.200,4.000,0.100
2016-02-16 18:00:00,4.410,0.000,0.000,0.000,-0.800
2016-02-16 19:00:00,4.530,0.000,0.000,0.000,-1.500
2016-02-16 20:00:00,4.530,0.000,0.000,0.000,-1.700
2016-02-16 21:00:00,4.800,0.000,0.000,0.000,-2.400
2016-02-16 22:00:00,5.340,0.000,0.000,0.000,-2.000
2016-02-16 23:00:00,5.940,0.000,0.000,0.000,-2.600
2016-02-17 00:00:00,6.270,0.000,0.000,0.000,-2.800
2016-02-17 01:00:00,6.210,0.000,0.000,0.000,-2.900
2016-02-17 02:00:00,6.380,0.000,0.000,0.000,-2.900
2016-02-17 03:00:00,6.340,0.000,0.000,0.000,-2.900
2016-02-17 04:00:00,6.110,0.000,0.000,0.000,-2.900
2016-02-17 05:00:00,6.170,0.000,0.000,0.000,-2.600
2016-02-17 06:00:00,6.820,0.000,0.000,0.000,-2.500
2016-02-17 07:00:00,7.610,3.000,19.100,2.000,-2.500
2016-02-17 08:00:00,7.070,74.000,305.500,37.000,-1.300
2016-02-17 09:00:00,7.260,163.000,325.400,83.000,-0.100
2016-02-17 10:00:00,5.910,245.000,309.500,139.000,0.900
2016-02-17 11:00:00,5.910,322.000,454.800,138.000,1.900
2016-02-17 12:00:00,5.850,332.000,374.100,172.000,2.400
2016-02-17 13:00:00,5.940,303.000,343.600,162.000,2.700
2016-02-17 14:00:00,5.490,237.000,296.900,132.000,2.700
2016-02-17 15:00:00,5.100,110.000,45.900,98.000,2.300
2016-02-17 16:00:00,5.200,35.000,7.100,34.000,1.800
2016-02-17 17:00:00,5.400,3.000,0.000,3.000,1.300
2016-02-17 18:00:00,5.330,0.000,0.000,0.000,0.700
2016-02-17 19:00:00,4.980,0.000,0.000,0.000,0.500
2016-02-17 20:00:00,4.210,0.000,0.000,0.000,0.300
2016-02-17 21:00:00,3.120,0.000,0.000,0.000,0.200
2016-02-17 22:00:00,2.510,0.000,0.000,0.000,0.100
2016-02-17 23:00:00,3.290,0.000,0.000,0.000,-0.300
2016-02-18 00:00:00,4.060,0.000,0.000,0.000,-0.500
2016-02-18 01:00:00,4.960,0.000,0.000,0.000,-0.500
2016-02-18 02:00:00,5.170,0.000,0.000,0.000,-0.300
2016-02-18 03:00:00,4.880,0.000,0.000,0.000,-0.600
2016-02-18 04:00:00,4.420,0.000,0.000,0.000,-0.400
2016-02-18 05:00:00,4.430,0.000,0.000,0.000,-0.300
2016-02-18 06:00:00,4.570,0.000,0.000,0.000,-0.100
2016-02-18 07:00:00,4.520,2.000,0.000,2.000,0.200
2016-02-18 08:00:00,4.080,34.000,23.700,31.000,0.500
2016-02-18 09:00:00,3.810,72.000,8.000,70.000,0.600
2016-02-18 10:00:00,3.490,81.000,0.000,81.000,0.800
2016-02-18 11:00:00,3.580,152.000,90.200,115.000,1.200
2016-02-18 12:00:00,3.540,176.000,76.200,143.000,1.800
2016-02-18 13:00:00,3.280,194.000,86.600,158.000,2.400
2016-02-18 14:00:00,3.190,129.000,58.500,108.000,2.900
2016-02-18 15:00:00,2.330,109.000,127.400,75.000,2.900
2016-02-18 16:00:00,1.000,54.000,75.500,43.000,3.200
2016-02-18 17:00:00,0.420,7.000,18.600,6.000,2.000
2016-02-18 18:00:00,1.170,0.000,0.000,0.000,0.500
2016-02-18 19:00:00,2.200,0.000,0.000,0.000,0.600
2016-02-18 20:00:00,3.280,0.000,0.000,0.000,0.800
2016-02-18 21:00:00,3.890,0.000,0.000,0.000,0.800
2016-02-18 22:00:00,3.350,0.000,0.000,0.000,0.300
2016-02-18 23:00:00,3.320,0.000,0.000,0.000,-0.500
2016-02-19 00:00:00,3.190,0.000,0.000,0.000,-1.100
2016-02-19 01:00:00,3.140,0.000,0.000,0.000,-1.300
2016-02-19 02:00:00,3.020,0.000,0.000,0.000,-1.700
2016-02-19 03:00:00,3.050,0.000,0.000,0.000,-1.900
2016-02-19 04:00:00,3.470,0.000,0.000,0.000,-2.100
2016-02-19 05:00:00,4.040,0.000,0.000,0.000,-1.400
2016-02-19 06:00:00,4.560,0.000,0.000,0.000,-0.700
2016-02-19 07:00:00,4.690,3.000,0.000,3.000,-0.300
2016-02-19 08:00:00,4.520,25.000,15.200,23.000,0.400
2016-02-19 09:00:00,4.240,77.000,23.400,71.000,0.700
2016-02-19 10:00:00,4.080,108.000,11.300,104.000,1.200
2016-02-19 11:00:00,5.150,176.000,36.100,161.000,1.900
2016-02-19 12:00:00,5.510,233.000,145.900,169.000,2.600
2016-02-19 13:00:00,5.850,215.000,94.900,175.000,3.100
2016-02-19 14:00:00,5.640,113.000,16.500,107.000,3.100
2016-02-19 15:00:00,5.160,94.000,36.700,84.000,3.300
2016-02-19 16:00:00,4.460,47.000,6.600,46.000,3.400
2016-02-19 17:00:00,4.240,5.000,0.000,5.000,3.300
2016-02-19 18:00:00,4.880,0.000,0.000,0.000,2.800
2016-02-19 19:00:00,5.560,0.000,0.000,0.000,2.600
2016-02-19 20:00:00,5.800,0.000,0.000,0.000,2.200
2016-02-19 21:00:00,5.870,0.000,0.000,0.000,2.000
2016-02-19 22:00:00,6.600,0.000,0.000,0.000,0.900
2016-02-19 23:00:00,7.240,0.000,0.000,0.000,0.500
2016-02-20 00:00:00,8.010,0.000,0.000,0.000,0.700
2016-02-20 01:00:00,8.770,0.000,0.000,0.000,1.000
2016-02-20 02:00:00,9.210,0.000,0.000,0.000,1.300
2016-02-20 03:00:00,9.900,0.000,0.000,0.000,1.700
2016-02-20 04:00:00,10.440,0.000,0.000,0.000,2.300
2016-02-20 05:00:00,10.680,0.000,0.000,0.000,3.100
2016-02-20 06:00:00,11.140,0.000,0.000,0.000,3.300
2016-02-20 07:00:00,11.760,2.000,0.000,2.000,3.100
2016-02-20 08:00:00,11.960,11.000,0.000,11.000,3.400
2016-02-20 09:00:00,11.960,23.000,0.000,23.000,3.900
2016-02-20 10:00:00,11.080,48.000,0.000,48.000,4.300
2016-02-20 11:00:00,10.890,41.000,0.000,41.000,4.700
2016-02-20 12:00:00,10.470,49.000,0.000,49.000,5.200
2016-02-20 13:00:00,9.620,44.000,0.000,44.000,5.700
2016-02-20 14:00:00,8.940,56.000,5.400,54.000,6.200
2016-02-20 15:00:00,8.920,54.000,3.600,53.000,6.700
2016-02-20 16:00:00,9.370,29.000,0.000,29.000,6.900
2016-02-20 17:00:00,9.990,4.000,0.000,4.000,6.800
2016-02-20 18:00:00,10.040,0.000,0.000,0.000,6.500
2016-02-20 19:00:00,9.370,0.000,0.000,0.000,6.300
2016-02-20 20:00:00,8.690,0.000,0.000,0.000,6.200
2016-02-20 21:00:00,8.300,0.000,0.000,0.000,6.300
2016-02-20 22:00:00,8.510,0.000,0.000,0.000,6.600
2016-02-20 23:00:00,10.010,0.000,0.000,0.000,7.000
2016-02-21 00:00:00,12.730,0.000,0.000,0.000,8.300
2016-02-21 01:00:00,12.510,0.000,0.000,0.000,9.100
2016-02-21 02:00:00,12.080,0.000,0.000,0.000,8.700
2016-02-21 03:00:00,11.290,0.000,0.000,0.000,8.400
2016-02-21 04:00:00,11.230,0.000,0.000,0.000,7.900
2016-02-21 05:00:00,10.800,0.000,0.000,0.000,7.600
2016-02-21 06:00:00,10.420,0.000,0.000,0.000,7.300
2016-02-21 07:00:00,9.800,4.000,19.100,3.000,7.200
2016-02-21 08:00:00,9.180,44.000,56.100,36.000,7.300
2016-02-21 09:00:00,8.610,62.000,7.500,60.000,7.500
2016-02-21 10:00:00,7.350,73.000,24.700,64.000,7.600
2016-02-21 11:00:00,5.720,53.000,0.000,53.000,7.900
2016-02-21 12:00:00,6.010,58.000,0.000,58.000,8.500
2016-02-21 13:00:00,9.640,45.000,2.300,44.000,9.400
2016-02-21 14:00:00,11.920,27.000,0.000,27.000,10.300
2016-02-21 15:00:00,12.630,13.000,0.000,13.000,10.600
2016-02-21 16:00:00,13.190,6.000,0.000,6.000,10.800
2016-02-21 17:00:00,13.200,1.000,0.000,1.000,11.000
2016-02-21 18:00:00,13.540,0.000,0.000,0.000,11.200
2016-02-21 19:00:00,14.350,0.000,0.000,0.000,11.400
2016-02-21 20:00:00,14.750,0.000,0.000,0.000,11.400
2016-02-21 21:00:00,14.860,0.000,0.000,0.000,11.600
2016-02-21 22:00:00,15.430,0.000,0.000,0.000,11.400
2016-02-21 23:00:00,15.560,0.000,0.000,0.000,11.200
2016-02-22 00:00:00,15.650,0.000,0.000,0.000,11.000
2016-02-22 01:00:00,15.830,0.000,0.000,0.000,10.600
2016-02-22 02:00:00,15.580,0.000,0.000,0.000,10.300
2016-02-22 03:00:00,15.340,0.000,0.000,0.000,10.000
2016-02-22 04:00:00,14.460,0.000,0.000,0.000,9.800
2016-02-22 05:00:00,13.050,0.000,0.000,0.000,9.500
2016-02-22 06:00:00,11.440,0.000,0.000,0.000,9.200
2016-02-22 07:00:00,10.190,1.000,0.000,1.000,8.600
2016-02-22 08:00:00,9.590,7.000,0.000,7.000,7.700
2016-02-22 09:00:00,9.140,14.000,0.000,14.000,6.500
2016-02-22 10:00:00,7.450,27.000,0.000,27.000,5.500
2016-02-22 11:00:00,7.200,30.000,0.000,30.000,5.300
2016-02-22 12:00:00,7.180,44.000,0.000,44.000,5.000
2016-02-22 13:00:00,6.940,33.000,0.000,33.000,4.600
2016-02-22 14:00:00,6.990,33.000,0.000,33.000,4.500
2016-02-22 15:00:00,7.180,26.000,0.000,26.000,4.500
2016-02-22 16:00:00,7.270,14.000,0.000,14.000,4.400
2016-02-22 17:00:00,7.780,3.000,0.000,3.000,4.500
2016-02-22 18:00:00,8.130,0.000,0.000,0.000,4.400
2016-02-22 19:00:00,8.450,0.000,0.000,0.000,4.100
2016-02-22 20:00:00,8.490,0.000,0.000,0.000,4.000
2016-02-22 21:00:00,8.480,0.000,0.000,0.000,3.900
2016-02-22 22:00:00,8.600,0.000,0.000,0.000,4.000
2016-02-22 23:00:00,8.610,0.000,0.000,0.000,4.100
2016-02-23 00:00:00,8.420,0.000,0.000,0.000,4.100
2016-02-23 01:00:00,8.140,0.000,0.000,0.000,4.100
2016-02-23 02:00:00,7.610,0.000,0.000,0.000,4.000
2016-02-23 03:00:00,7.520,0.000,0.000,0.000,3.900
2016-02-23 04:00:00,7.380,0.000,0.000,0.000,3.900
2016-02-23 05:00:00,7.230,0.000,0.000,0.000,3.700
2016-02-23 06:00:00,6.960,0.000,0.000,0.000,3.600
2016-02-23 07:00:00,6.840,8.000,35.100,6.000,3.300
2016-02-23 08:00:00,6.990,68.000,156.300,44.000,3.900
2016-02-23 09:00:00,7.260,145.000,168.500,98.000,4.400
2016-02-23 10:00:00,5.610,207.000,188.800,136.000,4.900
2016-02-23 11:00:00,5.280,271.000,319.500,131.000,5.600
2016-02-23 12:00:00,5.480,358.000,518.300,119.000,6.000
2016-02-23 13:00:00,6.080,351.000,505.400,127.000,6.600
2016-02-23 14:00:00,6.810,272.000,432.800,105.000,6.700
2016-02-23 15:00:00,6.510,220.000,484.800,78.000,6.400
2016-02-23 16:00:00,7.990,90.000,240.300,49.000,4.900
2016-02-23 17:00:00,7.810,13.000,45.200,10.000,4.100
2016-02-23 18:00:00,7.580,0.000,0.000,0.000,3.400
2016-02-23 19:00:00,7.780,0.000,0.000,0.000,3.300
2016-02-23 20:00:00,8.010,0.000,0.000,0.000,3.400
2016-02-23 21:00:00,7.990,0.000,0.000,0.000,3.200
2016-02-23 22:00:00,7.330,0.000,0.000,0.000,2.800
2016-02-23 23:00:00,7.640,0.000,0.000,0.000,2.400
2016-02-24 00:00:00,7.910,0.000,0.000,0.000,2.100
2016-02-24 01:00:00,7.910,0.000,0.000,0.000,1.900
2016-02-24 02:00:00,8.250,0.000,0.000,0.000,1.700
2016-02-24 03:00:00,8.440,0.000,0.000,0.000,1.700
2016-02-24 04:00:00,8.330,0.000,0.000,0.000,1.300
2016-02-24 05:00:00,8.240,0.000,0.000,0.000,0.900
2016-02-24 06:00:00,8.160,0.000,0.000,0.000,0.700
2016-02-24 07:00:00,7.790,12.000,83.600,7.000,0.800
2016-02-24 08:00:00,7.840,109.000,396.100,46.000,1.600
2016-02-24 09:00:00,7.910,209.000,421.600,89.000,2.500
2016-02-24 10:00:00,7.090,281.000,421.800,120.000,3.600
2016-02-24 11:00:00,7.140,347.000,488.900,130.000,4.200
2016-02-24 12:00:00,6.950,415.000,634.300,119.000,4.700
2016-02-24 13:00:00,7.120,398.000,664.100,100.000,5.000
2016-02-24 14:00:00,7.100,323.000,577.700,97.000,5.200
2016-02-24 15:00:00,6.610,219.000,479.800,76.000,5.000
2016-02-24 16:00:00,5.670,114.000,370.100,49.000,4.500
2016-02-24 17:00:00,5.870,20.000,116.000,12.000,3.700
2016-02-24 18:00:00,6.060,0.000,0.000,0.000,2.600
2016-02-24 19:00:00,5.850,0.000,0.000,0.000,1.600
2016-02-24 20:00:00,5.750,0.000,0.000,0.000,1.300
2016-02-24 21:00:00,5.750,0.000,0.000,0.000,0.900
2016-02-24 22:00:00,5.770,0.000,0.000,0.000,0.500
2016-02-24 23:00:00,5.700,0.000,0.000,0.000,0.500
2016-02-25 00:00:00,5.410,0.000,0.000,0.000,0.300
2016-02-25 01:00:00,5.350,0.000,0.000,0.000,-0.000
2016-02-25 02:00:00,5.550,0.000,0.000,0.000,-0.300
2016-02-25 03:00:00,5.550,0.000,0.000,0.000,-0.500
2016-02-25 04:00:00,5.820,0.000,0.000,0.000,-1.000
2016-02-25 05:00:00,6.170,0.000,0.000,0.000,-1.200
2016-02-25 06:00:00,6.260,0.000,0.000,0.000,-1.400
2016-02-25 07:00:00,6.330,16.000,111.800,9.000,-1.200
2016-02-25 08:00:00,6.150,120.000,455.500,45.000,0.100
2016-02-25 09:00:00,6.430,234.000,554.700,73.000,1.100
2016-02-25 10:00:00,5.790,319.000,555.000,104.000,1.900
2016-02-25 11:00:00,5.910,384.000,582.900,122.000,2.800
2016-02-25 12:00:00,6.070,397.000,599.200,114.000,3.500
2016-02-25 13:00:00,6.210,377.000,537.200,133.000,3.700
2016-02-25 14:00:00,6.330,341.000,610.300,99.000,3.700
2016-02-25 15:00:00,6.450,246.000,537.500,83.000,3.900
2016-02-25 16:00:00,6.770,115.000,315.600,58.000,3.000
2016-02-25 17:00:00,7.380,19.000,83.900,13.000,2.300
2016-02-25 18:00:00,7.480,0.000,0.000,0.000,1.700
2016-02-25 19:00:00,7.500,0.000,0.000,0.000,1.400
2016-02-25 20:00:00,7.750,0.000,0.000,0.000,1.300
2016-02-25 21:00:00,7.750,0.000,0.000,0.000,1.100
2016-02-25 22:00:00,7.890,0.000,0.000,0.000,1.000
2016-02-25 23:00:00,7.810,0.000,0.000,0.000,0.800
2016-02-26 00:00:00,7.670,0.000,0.000,0.000,0.400
2016-02-26 01:00:00,7.790,0.000,0.000,0.000,0.100
2016-02-26 02:00:00,7.380,0.000,0.000,0.000,-0.100
2016-02-26 03:00:00,6.990,0.000,0.000,0.000,-0.400
2016-02-26 04:00:00,6.650,0.000,0.000,0.000,-0.400
2016-02-26 05:00:00,6.460,0.000,0.000,0.000,-0.400
2016-02-26 06:00:00,6.360,0.000,0.000,0.000,-0.500
2016-02-26 07:00:00,6.110,15.000,61.100,11.000,-0.300
2016-02-26 08:00:00,5.760,91.000,217.200,54.000,0.400
2016-02-26 09:00:00,5.310,207.000,331.100,109.000,1.100
2016-02-26 10:00:00,4.940,279.000,338.300,146.000,1.600
2016-02-26 11:00:00,4.870,316.000,294.400,182.000,2.200
2016-02-26 12:00:00,4.540,402.000,548.200,140.000,2.800
2016-02-26 13:00:00,3.980,401.000,648.200,103.000,3.300
2016-02-26 14:00:00,3.320,321.000,472.700,131.000,4.000
2016-02-26 15:00:00,2.790,203.000,353.400,94.000,4.000
2016-02-26 16:00:00,2.000,118.000,290.900,64.000,3.700
2016-02-26 17:00:00,1.640,23.000,148.600,12.000,3.300
2016-02-26 18:00:00,1.300,0.000,0.000,0.000,1.600
2016-02-26 19:00:00,1.660,0.000,0.000,0.000,-0.100
2016-02-26 20:00:00,2.020,0.000,0.000,0.000,-0.900
2016-02-26 21:00:00,2.390,0.000,0.000,0.000,-1.000
2016-02-26 22:00:00,3.200,0.000,0.000,0.000,-0.600
2016-02-26 23:00:00,3.960,0.000,0.000,0.000,-1.300
2016-02-27 00:00:00,4.390,0.000,0.000,0.000,-1.500
2016-02-27 01:00:00,4.440,0.000,0.000,0.000,-1.700
2016-02-27 02:00:00,4.530,0.000,0.000,0.000,-1.600
2016-02-27 03:00:00,4.650,0.000,0.000,0.000,-1.600
2016-02-27 04:00:00,4.880,0.000,0.000,0.000,-1.600
2016-02-27 05:00:00,4.850,0.000,0.000,0.000,-1.800
2016-02-27 06:00:00,5.020,0.000,0.000,0.000,-2.000
2016-02-27 07:00:00,5.220,17.000,14.600,16.000,-2.100
2016-02-27 08:00:00,5.300,106.000,181.700,74.000,-0.600
2016-02-27 09:00:00,4.420,228.000,364.400,118.000,0.900
2016-02-27 10:00:00,3.750,330.000,443.600,153.000,2.900
2016-02-27 11:00:00,4.390,404.000,524.900,162.000,4.100
2016-02-27 12:00:00,5.050,416.000,483.800,182.000,4.700
2016-02-27 13:00:00,5.450,366.000,365.300,196.000,5.000
2016-02-27 14:00:00,5.770,280.000,228.300,187.000,5.000
2016-02-27 15:00:00,5.630,186.000,153.000,138.000,5.000
2016-02-27 16:00:00,5.590,84.000,47.200,75.000,4.400
2016-02-27 17:00:00,5.990,17.000,13.100,16.000,3.500
2016-02-27 18:00:00,6.490,0.000,0.000,0.000,2.300
2016-02-27 19:00:00,6.380,0.000,0.000,0.000,1.500
2016-02-27 20:00:00,6.210,0.000,0.000,0.000,0.800
2016-02-27 21:00:00,6.130,0.000,0.000,0.000,0.600
2016-02-27 22:00:00,5.580,0.000,0.000,0.000,-0.300
2016-02-27 23:00:00,5.530,0.000,0.000,0.000,-0.700
2016-02-28 00:00:00,5.520,0.000,0.000,0.000,-1.000
2016-02-28 01:00:00,5.590,0.000,0.000,0.000,-1.400
2016-02-28 02:00:00,5.380,0.000,0.000,0.000,-1.600
2016-02-28 03:00:00,5.240,0.000,0.000,0.000,-2.000
2016-02-28 04:00:00,5.090,0.000,0.000,0.000,-2.600
2016-02-28 05:00:00,4.950,0.000,0.000,0.000,-2.500
2016-02-28 06:00:00,5.230,0.000,0.000,0.000,-2.900
2016-02-28 07:00:00,5.460,20.000,126.000,11.000,-2.900
2016-02-28 08:00:00,4.530,127.000,395.800,55.000,-1.100
2016-02-28 09:00:00,3.960,252.000,552.500,82.000,0.600
2016-02-28 10:00:00,4.160,379.000,711.300,91.000,3.000
2016-02-28 11:00:00,4.060,458.000,790.400,89.000,4.300
2016-02-28 12:00:00,5.310,487.000,809.200,91.000,5.200
2016-02-28 13:00:00,5.370,410.000,550.000,151.000,5.500
2016-02-28 14:00:00,5.230,357.000,535.400,136.000,5.600
2016-02-28 15:00:00,4.890,253.000,439.000,113.000,5.300
2016-02-28 16:00:00,5.590,129.000,260.600,78.000,4.500
2016-02-28 17:00:00,6.820,26.000,75.800,20.000,2.900
2016-02-28 18:00:00,6.800,0.000,0.000,0.000,1.900
2016-02-28 19:00:00,6.980,0.000,0.000,0.000,1.300
2016-02-28 20:00:00,7.170,0.000,0.000,0.000,1.100
2016-02-28 21:00:00,6.820,0.000,0.000,0.000,0.600
2016-02-28 22:00:00,6.660,0.000,0.000,0.000,-0.100
2016-02-28 23:00:00,6.880,0.000,0.000,0.000,-0.400
2016-02-29 00:00:00,6.920,0.000,0.000,0.000,-0.600
2016-02-29 01:00:00,7.000,0.000,0.000,0.000,-0.900
2016-02-29 02:00:00,7.100,0.000,0.000,0.000,-1.100
2016-02-29 03:00:00,6.930,0.000,0.000,0.000,-1.400
2016-02-29 04:00:00,6.930,0.000,0.000,0.000,-1.600
2016-02-29 05:00:00,6.820,0.000,0.000,0.000,-1.600
2016-02-29 06:00:00,6.920,0.000,0.000,0.000,-1.700
2016-02-29 07:00:00,6.920,24.000,120.900,15.000,-1.600
2016-02-29 08:00:00,6.360,139.000,457.900,53.000,-0.900
2016-02-29 09:00:00,6.100,279.000,660.000,72.000,-0.000
2016-02-29 10:00:00,6.270,391.000,742.400,86.000,1.400
2016-02-29 11:00:00,6.440,464.000,786.900,92.000,2.600
2016-02-29 12:00:00,7.200,456.000,658.400,130.000,3.400
2016-02-29 13:00:00,7.050,347.000,367.200,172.000,3.700
2016-02-29 14:00:00,7.080,303.000,365.800,150.000,3.800
2016-02-29 15:00:00,6.860,200.000,225.200,127.000,3.700
2016-02-29 16:00:00,6.670,129.000,348.600,59.000,3.200
2016-02-29 17:00:00,7.030,30.000,171.400,16.000,2.000
2016-02-29 18:00:00,6.940,0.000,0.000,0.000,1.000
2016-02-29 19:00:00,6.510,0.000,0.000,0.000,0.500
2016-02-29 20:00:00,6.100,0.000,0.000,0.000,-0.100
2016-02-29 21:00:00,5.670,0.000,0.000,0.000,-0.700
2016-02-29 22:00:00,5.370,0.000,0.000,0.000,-1.000
2016-02-29 23:00:00,4.950,0.000,0.000,0.000,-1.400
2016-03-01 00:00:00,4.460,0.000,0.000,0.000,-1.800
2016-03-01 01:00:00,4.250,0.000,0.000,0.000,-2.300
2016-03-01 02:00:00,4.260,0.000,0.000,0.000,-2.600
2016-03-01 03:00:00,3.920,0.000,0.000,0.000,-2.800
2016-03-01 04:00:00,3.370,0.000,0.000,0.000,-3.300
2016-03-01 05:00:00,2.570,0.000,0.000,0.000,-3.800
2016-03-01 06:00:00,1.660,0.000,0.000,0.000,-3.900
2016-03-01 07:00:00,1.080,23.000,129.100,13.000,-3.400
2016-03-01 08:00:00,1.240,120.000,366.400,49.000,-1.500
2016-03-01 09:00:00,1.220,195.000,291.000,102.000,-0.500
2016-03-01 10:00:00,1.420,230.000,184.700,153.000,0.200
2016-03-01 11:00:00,2.420,300.000,311.300,151.000,0.900
2016-03-01 12:00:00,3.260,294.000,217.600,185.000,1.400
2016-03-01 13:00:00,3.860,368.000,304.900,221.000,2.200
2016-03-01 14:00:00,4.410,315.000,276.200,198.000,2.800
2016-03-01 15:00:00,4.730,205.000,145.700,157.000,3.100
2016-03-01 16:00:00,5.220,105.000,68.000,91.000,2.700
2016-03-01 17:00:00,6.630,20.000,0.000,20.000,2.000
2016-03-01 18:00:00,7.600,0.000,0.000,0.000,2.000
2016-03-01 19:00:00,8.080,0.000,0.000,0.000,2.000
2016-03-01 20:00:00,8.670,0.000,0.000,0.000,1.800
2016-03-01 21:00:00,9.100,0.000,0.000,0.000,1.600
2016-03-01 22:00:00,9.480,0.000,0.000,0.000,1.900
2016-03-01 23:00:00,9.640,0.000,0.000,0.000,2.400
2016-03-02 00:00:00,9.490,0.000,0.000,0.000,2.900
2016-03-02 01:00:00,9.430,0.000,0.000,0.000,3.300
2016-03-02 02:00:00,9.630,0.000,0.000,0.000,3.500
2016-03-02 03:00:00,9.670,0.000,0.000,0.000,3.900
2016-03-02 04:00:00,9.570,0.000,0.000,0.000,4.100
2016-03-02 05:00:00,9.880,0.000,0.000,0.000,4.400
2016-03-02 06:00:00,10.150,0.000,0.000,0.000,4.900
2016-03-02 07:00:00,10.020,7.000,0.000,7.000,5.400
2016-03-02 08:00:00,9.730,28.000,0.000,28.000,6.000
2016-03-02 09:00:00,9.520,61.000,3.100,60.000,6.500
2016-03-02 10:00:00,8.130,141.000,16.600,134.000,7.300
2016-03-02 11:00:00,9.070,186.000,43.300,165.000,7.700
2016-03-02 12:00:00,11.280,187.000,57.200,158.000,7.500
2016-03-02 13:00:00,11.260,202.000,112.800,147.000,5.500
2016-03-02 14:00:00,7.680,142.000,37.300,126.000,4.800
2016-03-02 15:00:00,7.180,163.000,107.600,127.000,5.000
2016-03-02 16:00:00,5.910,122.000,251.300,69.000,5.100
2016-03-02 17:00:00,5.740,33.000,149.700,20.000,4.100
2016-03-02 18:00:00,6.390,0.000,0.000,0.000,3.100
2016-03-02 19:00:00,6.310,0.000,0.000,0.000,2.600
2016-03-02 20:00:00,7.080,0.000,0.000,0.000,2.200
2016-03-02 21:00:00,7.910,0.000,0.000,0.000,2.400
2016-03-02 22:00:00,8.440,0.000,0.000,0.000,2.500
2016-03-02 23:00:00,7.980,0.000,0.000,0.000,2.500
2016-03-03 00:00:00,7.820,0.000,0.000,0.000,2.400
2016-03-03 01:00:00,7.060,0.000,0.000,0.000,2.200
2016-03-03 02:00:00,7.900,0.000,0.000,0.000,2.100
2016-03-03 03:00:00,7.600,0.000,0.000,0.000,2.100
2016-03-03 04:00:00,7.200,0.000,0.000,0.000,2.500
2016-03-03 05:00:00,7.100,0.000,0.000,0.000,2.700
2016-03-03 06:00:00,6.820,0.000,0.000,0.000,2.800
2016-03-03 07:00:00,6.360,16.000,12.000,15.000,2.900
2016-03-03 08:00:00,5.770,60.000,4.900,59.000,3.500
2016-03-03 09:00:00,4.810,149.000,60.300,129.000,4.300
2016-03-03 10:00:00,4.910,264.000,237.900,162.000,5.100
2016-03-03 11:00:00,3.670,240.000,126.400,178.000,5.800
2016-03-03 12:00:00,3.540,237.000,122.900,174.000,6.200
2016-03-03 13:00:00,3.610,289.000,302.000,140.000,6.400
2016-03-03 14:00:00,3.530,267.000,317.600,129.000,6.400
2016-03-03 15:00:00,3.080,235.000,426.600,90.000,6.800
2016-03-03 16:00:00,4.880,127.000,259.300,71.000,6.400
2016-03-03 17:00:00,4.900,31.000,134.300,19.000,5.200
2016-03-03 18:00:00,4.920,0.000,0.000,0.000,5.300
2016-03-03 19:00:00,5.420,0.000,0.000,0.000,4.300
2016-03-03 20:00:00,5.700,0.000,0.000,0.000,3.400
2016-03-03 21:00:00,5.660,0.000,0.000,0.000,2.600
2016-03-03 22:00:00,6.200,0.000,0.000,0.000,2.900
2016-03-03 23:00:00,5.630,0.000,0.000,0.000,2.500
2016-03-04 00:00:00,5.200,0.000,0.000,0.000,1.900
2016-03-04 01:00:00,5.200,0.000,0.000,0.000,1.100
2016-03-04 02:00:00,5.370,0.000,0.000,0.000,0.700
2016-03-04 03:00:00,5.480,0.000,0.000,0.000,-0.300
2016-03-04 04:00:00,5.500,0.000,0.000,0.000,-0.300
2016-03-04 05:00:00,5.690,0.000,0.000,0.000,-0.600
2016-03-04 06:00:00,6.280,0.000,0.000,0.000,-1.000
2016-03-04 07:00:00,6.740,37.000,219.000,18.000,-0.300
2016-03-04 08:00:00,6.040,153.000,405.800,67.000,1.100
2016-03-04 09:00:00,4.990,284.000,553.600,97.000,2.300
2016-03-04 10:00:00,5.440,385.000,581.800,132.000,4.100
2016-03-04 11:00:00,6.140,435.000,515.700,179.000,5.200
2016-03-04 12:00:00,8.200,411.000,358.900,225.000,6.200
2016-03-04 13:00:00,9.450,290.000,104.200,238.000,6.500
2016-03-04 14:00:00,9.570,226.000,43.200,207.000,6.900
2016-03-04 15:00:00,9.030,166.000,29.000,156.000,7.300
2016-03-04 16:00:00,9.340,89.000,9.000,87.000,7.300
2016-03-04 17:00:00,8.240,17.000,0.000,17.000,6.700
2016-03-04 18:00:00,8.610,0.000,0.000,0.000,5.900
2016-03-04 19:00:00,8.460,0.000,0.000,0.000,5.000
2016-03-04 20:00:00,7.960,0.000,0.000,0.000,4.500
2016-03-04 21:00:00,7.320,0.000,0.000,0.000,4.300
2016-03-04 22:00:00,5.990,0.000,0.000,0.000,4.500
2016-03-04 23:00:00,5.880,0.000,0.000,0.000,4.600
2016-03-05 00:00:00,5.360,0.000,0.000,0.000,4.600
2016-03-05 01:00:00,4.690,0.000,0.000,0.000,4.400
2016-03-05 02:00:00,4.050,0.000,0.000,0.000,4.400
2016-03-05 03:00:00,3.610,0.000,0.000,0.000,4.100
2016-03-05 04:00:00,2.900,0.000,0.000,0.000,4.000
2016-03-05 05:00:00,2.450,0.000,0.000,0.000,3.900
2016-03-05 06:00:00,2.420,0.000,0.000,0.000,3.900
2016-03-05 07:00:00,1.550,14.000,0.000,14.000,4.200
2016-03-05 08:00:00,1.610,47.000,0.000,47.000,4.600
2016-03-05 09:00:00,1.440,61.000,2.900,60.000,4.900
2016-03-05 10:00:00,0.730,72.000,4.500,70.000,5.100
2016-03-05 11:00:00,0.860,103.000,0.000,103.000,5.500
2016-03-05 12:00:00,1.360,160.000,5.700,157.000,6.100
2016-03-05 13:00:00,1.530,143.000,9.900,138.000,6.200
2016-03-05 14:00:00,2.060,89.000,11.200,84.000,6.200
2016-03-05 15:00:00,2.410,51.000,2.900,50.000,6.100
2016-03-05 16:00:00,2.610,29.000,0.000,29.000,6.100
2016-03-05 17:00:00,3.190,13.000,0.000,13.000,5.700
2016-03-05 18:00:00,3.500,0.000,0.000,0.000,5.300
2016-03-05 19:00:00,3.550,0.000,0.000,0.000,5.100
2016-03-05 20:00:00,3.520,0.000,0.000,0.000,4.700
2016-03-05 21:00:00,3.840,0.000,0.000,0.000,4.400
2016-03-05 22:00:00,4.390,0.000,0.000,0.000,4.000
2016-03-05 23:00:00,4.100,0.000,0.000,0.000,4.000
2016-03-06 00:00:00,3.960,0.000,0.000,0.000,3.600
2016-03-06 01:00:00,4.120,0.000,0.000,0.000,3.500
2016-03-06 02:00:00,3.610,0.000,0.000,0.000,3.300
2016-03-06 03:00:00,3.610,0.000,0.000,0.000,3.100
2016-03-06 04:00:00,4.520,0.000,0.000,0.000,3.000
2016-03-06 05:00:00,5.070,0.000,0.000,0.000,3.000
2016-03-06 06:00:00,5.200,0.000,0.000,0.000,2.700
2016-03-06 07:00:00,5.350,14.000,32.200,11.000,2.500
2016-03-06 08:00:00,5.570,66.000,44.600,56.000,2.500
2016-03-06 09:00:00,5.910,175.000,142.800,125.000,3.100
2016-03-06 10:00:00,5.110,257.000,223.700,157.000,4.200
2016-03-06 11:00:00,4.840,294.000,226.200,179.000,5.100
2016-03-06 12:00:00,5.120,267.000,152.900,186.000,5.300
2016-03-06 13:00:00,5.630,341.000,282.200,197.000,5.900
2016-03-06 14:00:00,5.480,310.000,312.700,169.000,6.100
2016-03-06 15:00:00,4.370,220.000,264.300,126.000,6.000
2016-03-06 16:00:00,3.630,141.000,281.200,76.000,5.700
2016-03-06 17:00:00,5.020,48.000,226.700,26.000,4.400
2016-03-06 18:00:00,5.190,0.000,0.000,0.000,3.600
2016-03-06 19:00:00,5.100,0.000,0.000,0.000,3.200
2016-03-06 20:00:00,5.360,0.000,0.000,0.000,2.600
2016-03-06 21:00:00,5.220,0.000,0.000,0.000,2.300
2016-03-06 22:00:00,5.460,0.000,0.000,0.000,2.800
2016-03-06 23:00:00,5.390,0.000,0.000,0.000,2.300
2016-03-07 00:00:00,5.420,0.000,0.000,0.000,2.300
2016-03-07 01:00:00,5.610,0.000,0.000,0.000,1.900
2016-03-07 02:00:00,5.660,0.000,0.000,0.000,1.700
2016-03-07 03:00:00,5.650,0.000,0.000,0.000,1.300
2016-03-07 04:00:00,5.770,0.000,0.000,0.000,1.100
2016-03-07 05:00:00,6.080,0.000,0.000,0.000,1.200
2016-03-07 06:00:00,6.040,0.000,0.000,0.000,1.200
2016-03-07 07:00:00,5.560,46.000,207.900,26.000,1.600
2016-03-07 08:00:00,4.610,154.000,351.700,73.000,2.000
2016-03-07 09:00:00,3.850,256.000,376.200,122.000,2.600
2016-03-07 10:00:00,2.770,317.000,370.800,149.000,3.500
2016-03-07 11:00:00,2.520,297.000,155.600,217.000,4.100
2016-03-07 12:00:00,2.860,292.000,136.300,219.000,4.800
2016-03-07 13:00:00,2.780,324.000,288.800,175.000,5.100
2016-03-07 14:00:00,2.280,302.000,335.300,149.000,5.400
2016-03-07 15:00:00,1.660,239.000,365.800,107.000,5.600
2016-03-07 16:00:00,1.440,146.000,292.100,77.000,5.500
2016-03-07 17:00:00,1.170,49.000,241.000,25.000,5.400
2016-03-07 18:00:00,1.000,0.000,0.000,0.000,4.000
2016-03-07 19:00:00,1.430,0.000,0.000,0.000,2.900
2016-03-07 20:00:00,1.820,0.000,0.000,0.000,2.100
2016-03-07 21:00:00,2.320,0.000,0.000,0.000,-0.000
2016-03-07 22:00:00,2.590,0.000,0.000,0.000,-1.100
2016-03-07 23:00:00,4.000,0.000,0.000,0.000,-1.500
2016-03-08 00:00:00,4.310,0.000,0.000,0.000,-1.600
2016-03-08 01:00:00,4.010,0.000,0.000,0.000,-2.100
2016-03-08 02:00:00,4.000,0.000,0.000,0.000,-2.400
2016-03-08 03:00:00,3.850,0.000,0.000,0.000,-2.800
2016-03-08 04:00:00,4.240,0.000,0.000,0.000,-2.800
2016-03-08 05:00:00,4.590,0.000,0.000,0.000,-2.900
2016-03-08 06:00:00,4.780,0.000,0.000,0.000,-2.900
2016-03-08 07:00:00,4.880,55.000,301.900,25.000,-1.200
2016-03-08 08:00:00,3.910,190.000,549.700,60.000,0.800
2016-03-08 09:00:00,3.810,320.000,643.000,87.000,2.300
2016-03-08 10:00:00,4.620,416.000,673.100,107.000,4.100
2016-03-08 11:00:00,4.980,470.000,688.200,112.000,5.300
2016-03-08 12:00:00,5.200,429.000,489.400,164.000,5.700
2016-03-08 13:00:00,5.590,439.000,559.900,147.000,6.400
2016-03-08 14:00:00,5.850,364.000,470.000,147.000,6.200
2016-03-08 15:00:00,5.820,255.000,325.100,136.000,6.000
2016-03-08 16:00:00,5.190,150.000,261.200,87.000,5.700
2016-03-08 17:00:00,5.230,53.000,205.600,32.000,4.900
2016-03-08 18:00:00,5.230,0.000,0.000,0.000,3.900
2016-03-08 19:00:00,5.510,0.000,0.000,0.000,3.100
2016-03-08 20:00:00,5.690,0.000,0.000,0.000,2.300
2016-03-08 21:00:00,5.810,0.000,0.000,0.000,2.000
2016-03-08 22:00:00,6.540,0.000,0.000,0.000,1.600
2016-03-08 23:00:00,6.080,0.000,0.000,0.000,1.000
2016-03-09 00:00:00,5.810,0.000,0.000,0.000,0.600
2016-03-09 01:00:00,5.990,0.000,0.000,0.000,0.400
2016-03-09 02:00:00,6.420,0.000,0.000,0.000,0.300
2016-03-09 03:00:00,6.800,0.000,0.000,0.000,-0.000
2016-03-09 04:00:00,6.940,0.000,0.000,0.000,-0.200
2016-03-09 05:00:00,6.950,0.000,0.000,0.000,-0.200
2016-03-09 06:00:00,7.100,0.000,0.000,0.000,-0.300
2016-03-09 07:00:00,7.060,59.000,312.000,27.000,0.500
2016-03-09 08:00:00,6.450,193.000,543.900,61.000,2.000
2016-03-09 09:00:00,5.850,332.000,683.900,80.000,3.500
2016-03-09 10:00:00,6.890,446.000,761.100,92.000,5.100
2016-03-09 11:00:00,7.670,497.000,703.300,127.000,6.400
2016-03-09 12:00:00,7.560,466.000,542.700,169.000,7.300
2016-03-09 13:00:00,7.420,436.000,483.800,181.000,8.200
2016-03-09 14:00:00,7.410,377.000,483.900,151.000,8.400
2016-03-09 15:00:00,7.360,313.000,571.100,101.000,8.300
2016-03-09 16:00:00,6.940,188.000,491.500,67.000,7.700
2016-03-09 17:00:00,7.830,63.000,334.400,28.000,6.700
2016-03-09 18:00:00,8.300,1.000,0.000,1.000,5.300
2016-03-09 19:00:00,8.590,0.000,0.000,0.000,4.600
2016-03-09 20:00:00,8.610,0.000,0.000,0.000,3.900
2016-03-09 21:00:00,8.280,0.000,0.000,0.000,3.300
2016-03-09 22:00:00,8.040,0.000,0.000,0.000,2.100
2016-03-09 23:00:00,7.370,0.000,0.000,0.000,1.200
2016-03-10 00:00:00,6.900,0.000,0.000,0.000,0.600
2016-03-10 01:00:00,6.710,0.000,0.000,0.000,0.200
2016-03-10 02:00:00,6.540,0.000,0.000,0.000,-0.300
2016-03-10 03:00:00,6.400,0.000,0.000,0.000,-0.200
2016-03-10 04:00:00,6.550,0.000,0.000,0.000,-0.400
2016-03-10 05:00:00,6.480,0.000,0.000,0.000,-0.100
2016-03-10 06:00:00,5.870,1.000,0.000,1.000,0.100
2016-03-10 07:00:00,5.390,36.000,66.200,29.000,0.700
2016-03-10 08:00:00,4.590,86.000,24.100,80.000,1.600
2016-03-10 09:00:00,3.890,150.000,53.400,130.000,2.400
2016-03-10 10:00:00,4.030,218.000,104.000,169.000,3.900
2016-03-10 11:00:00,4.270,263.000,88.300,216.000,5.000
2016-03-10 12:00:00,4.440,241.000,43.400,217.000,5.600
2016-03-10 13:00:00,4.980,218.000,110.800,159.000,6.300
2016-03-10 14:00:00,5.110,133.000,10.600,128.000,6.500
2016-03-10 15:00:00,4.180,57.000,0.000,57.000,6.400
2016-03-10 16:00:00,3.860,44.000,11.900,41.000,6.400
2016-03-10 17:00:00,3.890,22.000,28.000,19.000,6.100
2016-03-10 18:00:00,4.400,0.000,0.000,0.000,5.800
2016-03-10 19:00:00,5.020,0.000,0.000,0.000,5.400
2016-03-10 20:00:00,5.520,0.000,0.000,0.000,5.000
2016-03-10 21:00:00,5.840,0.000,0.000,0.000,4.900
2016-03-10 22:00:00,5.840,0.000,0.000,0.000,4.400
2016-03-10 23:00:00,5.770,0.000,0.000,0.000,4.400
2016-03-11 00:00:00,5.850,0.000,0.000,0.000,3.900
2016-03-11 01:00:00,5.700,0.000,0.000,0.000,2.700
2016-03-11 02:00:00,5.620,0.000,0.000,0.000,2.000
2016-03-11 03:00:00,5.460,0.000,0.000,0.000,1.900
2016-03-11 04:00:00,5.190,0.000,0.000,0.000,1.500
2016-03-11 05:00:00,4.770,0.000,0.000,0.000,1.700
2016-03-11 06:00:00,4.480,0.000,0.000,0.000,1.500
2016-03-11 07:00:00,4.340,22.000,0.000,22.000,1.300
2016-03-11 08:00:00,4.300,61.000,3.900,60.000,1.700
2016-03-11 09:00:00,3.860,90.000,10.500,86.000,1.900
2016-03-11 10:00:00,3.490,187.000,60.800,158.000,2.900
2016-03-11 11:00:00,3.220,191.000,57.600,160.000,3.400
2016-03-11 12:00:00,3.190,218.000,51.900,189.000,3.800
2016-03-11 13:00:00,3.380,195.000,42.700,172.000,4.100
2016-03-11 14:00:00,3.410,196.000,44.000,175.000,4.400
2016-03-11 15:00:00,3.640,149.000,62.900,125.000,4.500
2016-03-11 16:00:00,3.660,68.000,23.400,62.000,4.300
2016-03-11 17:00:00,3.560,26.000,0.000,26.000,4.100
2016-03-11 18:00:00,3.550,0.000,0.000,0.000,3.600
2016-03-11 19:00:00,3.680,0.000,0.000,0.000,3.400
2016-03-11 20:00:00,3.830,0.000,0.000,0.000,3.400
2016-03-11 21:00:00,3.980,0.000,0.000,0.000,3.300
2016-03-11 22:00:00,3.760,0.000,0.000,0.000,3.000
2016-03-11 23:00:00,4.400,0.000,0.000,0.000,2.900
2016-03-12 00:00:00,4.710,0.000,0.000,0.000,2.900
2016-03-12 01:00:00,4.610,0.000,0.000,0.000,2.700
2016-03-12 02:00:00,5.020,0.000,0.000,0.000,2.400
2016-03-12 03:00:00,5.300,0.000,0.000,0.000,2.500
2016-03-12 04:00:00,5.220,0.000,0.000,0.000,2.500
2016-03-12 05:00:00,5.110,0.000,0.000,0.000,2.500
2016-03-12 06:00:00,4.790,1.000,0.000,1.000,2.300
2016-03-12 07:00:00,4.390,44.000,122.000,30.000,2.200
2016-03-12 08:00:00,3.980,122.000,141.700,85.000,2.300
2016-03-12 09:00:00,3.800,178.000,69.800,151.000,2.300
2016-03-12 10:00:00,3.810,250.000,95.200,204.000,2.500
2016-03-12 11:00:00,3.720,290.000,126.900,221.000,2.800
2016-03-12 12:00:00,3.400,377.000,285.300,216.000,3.400
2016-03-12 13:00:00,3.610,345.000,218.900,226.000,3.700
2016-03-12 14:00:00,4.220,310.000,246.400,191.000,4.000
2016-03-12 15:00:00,4.650,192.000,98.300,154.000,3.800
2016-03-12 16:00:00,4.660,99.000,34.500,90.000,3.600
2016-03-12 17:00:00,4.550,35.000,26.100,32.000,3.300
2016-03-12 18:00:00,3.790,1.000,0.000,1.000,3.000
2016-03-12 19:00:00,3.730,0.000,0.000,0.000,3.000
2016-03-12 20:00:00,3.960,0.000,0.000,0.000,2.700
2016-03-12 21:00:00,4.220,0.000,0.000,0.000,2.700
2016-03-12 22:00:00,4.460,0.000,0.000,0.000,2.400
2016-03-12 23:00:00,4.330,0.000,0.000,0.000,2.000
2016-03-13 00:00:00,4.880,0.000,0.000,0.000,1.900
2016-03-13 01:00:00,5.290,0.000,0.000,0.000,2.000
2016-03-13 02:00:00,5.220,0.000,0.000,0.000,2.200
2016-03-13 03:00:00,4.850,0.000,0.000,0.000,1.900
2016-03-13 04:00:00,4.740,0.000,0.000,0.000,1.700
2016-03-13 05:00:00,5.160,0.000,0.000,0.000,1.300
2016-03-13 06:00:00,5.190,2.000,0.000,2.000,1.300
2016-03-13 07:00:00,5.280,40.000,49.600,34.000,1.100
2016-03-13 08:00:00,5.130,97.000,33.700,88.000,1.100
2016-03-13 09:00:00,4.560,175.000,94.200,138.000,1.400
2016-03-13 10:00:00,3.810,258.000,100.200,209.000,1.800
2016-03-13 11:00:00,3.980,281.000,114.700,218.000,2.000
2016-03-13 12:00:00,3.940,270.000,75.500,227.000,2.200
2016-03-13 13:00:00,4.280,261.000,49.200,234.000,2.400
2016-03-13 14:00:00,4.780,232.000,69.600,198.000,2.900
2016-03-13 15:00:00,4.940,179.000,66.400,153.000,3.100
2016-03-13 16:00:00,5.160,102.000,11.300,99.000,3.100
2016-03-13 17:00:00,5.390,37.000,50.100,31.000,3.000
2016-03-13 18:00:00,4.830,1.000,0.000,1.000,2.500
2016-03-13 19:00:00,5.150,0.000,0.000,0.000,2.200
2016-03-13 20:00:00,5.390,0.000,0.000,0.000,1.900
2016-03-13 21:00:00,5.340,0.000,0.000,0.000,1.200
2016-03-13 22:00:00,4.420,0.000,0.000,0.000,1.200
2016-03-13 23:00:00,4.200,0.000,0.000,0.000,0.600
2016-03-14 00:00:00,3.810,0.000,0.000,0.000,0.300
2016-03-14 01:00:00,3.960,0.000,0.000,0.000,-0.100
2016-03-14 02:00:00,4.220,0.000,0.000,0.000,-0.800
2016-03-14 03:00:00,4.230,0.000,0.000,0.000,-0.900
2016-03-14 04:00:00,4.000,0.000,0.000,0.000,-1.100
2016-03-14 05:00:00,3.910,0.000,0.000,0.000,-1.300
2016-03-14 06:00:00,3.490,3.000,0.000,3.000,-1.900
2016-03-14 07:00:00,2.890,66.000,228.300,37.000,-0.900
2016-03-14 08:00:00,2.400,180.000,307.300,96.000,0.400
2016-03-14 09:00:00,2.040,317.000,478.900,126.000,2.000
2016-03-14 10:00:00,1.840,449.000,662.700,121.000,3.500
2016-03-14 11:00:00,1.390,487.000,623.200,141.000,5.000
2016-03-14 12:00:00,1.420,498.000,611.700,146.000,6.300
2016-03-14 13:00:00,1.750,474.000,606.100,138.000,7.300
2016-03-14 14:00:00,2.060,382.000,496.500,137.000,8.000
2016-03-14 15:00:00,2.380,285.000,436.100,112.000,8.200
2016-03-14 16:00:00,2.710,199.000,435.600,81.000,8.200
2016-03-14 17:00:00,3.200,69.000,184.700,46.000,7.000
2016-03-14 18:00:00,3.610,3.000,0.000,3.000,5.800
2016-03-14 19:00:00,3.880,0.000,0.000,0.000,5.100
2016-03-14 20:00:00,5.010,0.000,0.000,0.000,4.200
2016-03-14 21:00:00,5.200,0.000,0.000,0.000,3.800
2016-03-14 22:00:00,4.500,0.000,0.000,0.000,4.100
2016-03-14 23:00:00,3.900,0.000,0.000,0.000,3.800
2016-03-15 00:00:00,3.910,0.000,0.000,0.000,3.200
2016-03-15 01:00:00,4.400,0.000,0.000,0.000,2.900
2016-03-15 02:00:00,4.530,0.000,0.000,0.000,3.000
2016-03-15 03:00:00,4.710,0.000,0.000,0.000,3.100
2016-03-15 04:00:00,4.600,0.000,0.000,0.000,3.400
2016-03-15 05:00:00,4.600,0.000,0.000,0.000,3.600
2016-03-15 06:00:00,4.540,1.000,0.000,1.000,3.900
2016-03-15 07:00:00,4.470,12.000,0.000,12.000,4.100
2016-03-15 08:00:00,4.460,55.000,3.600,54.000,4.400
2016-03-15 09:00:00,5.050,69.000,2.500,68.000,4.900
2016-03-15 10:00:00,4.030,71.000,2.000,70.000,5.600
2016-03-15 11:00:00,4.520,102.000,1.800,101.000,6.500
2016-03-15 12:00:00,5.370,118.000,32.700,99.000,7.200
2016-03-15 13:00:00,6.530,240.000,151.900,155.000,8.300
2016-03-15 14:00:00,7.160,287.000,288.800,143.000,9.000
2016-03-15 15:00:00,6.770,165.000,156.800,102.000,9.000
2016-03-15 16:00:00,6.330,163.000,304.700,79.000,8.900
2016-03-15 17:00:00,6.490,59.000,201.200,33.000,7.900
2016-03-15 18:00:00,7.110,3.000,19.100,2.000,6.800
2016-03-15 19:00:00,7.320,0.000,0.000,0.000,5.600
2016-03-15 20:00:00,7.370,0.000,0.000,0.000,5.000
2016-03-15 21:00:00,6.990,0.000,0.000,0.000,4.500
2016-03-15 22:00:00,6.870,0.000,0.000,0.000,3.900
2016-03-15 23:00:00,6.830,0.000,0.000,0.000,3.700
2016-03-16 00:00:00,6.910,0.000,0.000,0.000,3.500
2016-03-16 01:00:00,6.960,0.000,0.000,0.000,3.500
2016-03-16 02:00:00,6.810,0.000,0.000,0.000,3.500
2016-03-16 03:00:00,6.710,0.000,0.000,0.000,3.100
2016-03-16 04:00:00,6.750,0.000,0.000,0.000,2.900
2016-03-16 05:00:00,6.770,0.000,0.000,0.000,2.500
2016-03-16 06:00:00,6.750,5.000,19.100,4.000,2.200
2016-03-16 07:00:00,6.480,82.000,301.700,40.000,2.700
2016-03-16 08:00:00,6.630,193.000,378.300,85.000,4.000
2016-03-16 09:00:00,6.730,336.000,516.100,124.000,5.200
2016-03-16 10:00:00,7.300,294.000,359.200,112.000,6.000
2016-03-16 11:00:00,7.000,429.000,425.300,188.000,7.100
2016-03-16 12:00:00,7.100,417.000,390.400,188.000,7.800
2016-03-16 13:00:00,7.500,353.000,207.100,236.000,7.900
2016-03-16 14:00:00,7.210,361.000,323.600,198.000,8.500
2016-03-16 15:00:00,6.820,362.000,641.800,101.000,8.800
2016-03-16 16:00:00,6.330,228.000,552.500,73.000,8.500
2016-03-16 17:00:00,6.020,89.000,388.100,37.000,7.800
2016-03-16 18:00:00,6.220,4.000,19.100,3.000,6.000
2016-03-16 19:00:00,6.410,0.000,0.000,0.000,4.700
2016-03-16 20:00:00,6.300,0.000,0.000,0.000,3.700
2016-03-16 21:00:00,6.200,0.000,0.000,0.000,3.100
2016-03-16 22:00:00,6.100,0.000,0.000,0.000,2.400
2016-03-16 23:00:00,5.900,0.000,0.000,0.000,1.500
2016-03-17 00:00:00,5.600,0.000,0.000,0.000,0.800
2016-03-17 01:00:00,5.400,0.000,0.000,0.000,0.200
2016-03-17 02:00:00,5.100,0.000,0.000,0.000,-0.700
2016-03-17 03:00:00,4.800,0.000,0.000,0.000,-1.500
2016-03-17 04:00:00,4.520,0.000,0.000,0.000,-2.200
2016-03-17 05:00:00,4.240,0.000,0.000,0.000,-2.700
2016-03-17 06:00:00,4.010,7.000,38.200,5.000,-2.500
2016-03-17 07:00:00,3.510,98.000,392.100,41.000,-0.200
2016-03-17 08:00:00,2.200,243.000,593.400,70.000,2.700
2016-03-17 09:00:00,1.650,383.000,707.800,88.000,5.300
2016-03-17 10:00:00,1.870,495.000,772.600,99.000,7.900
2016-03-17 11:00:00,2.090,567.000,807.300,105.000,9.200
2016-03-17 12:00:00,1.770,590.000,817.500,106.000,10.200
2016-03-17 13:00:00,1.300,564.000,804.700,105.000,11.000
2016-03-17 14:00:00,0.920,490.000,770.400,98.000,11.800
2016-03-17 15:00:00,1.100,376.000,702.100,87.000,12.200
2016-03-17 16:00:00,2.020,235.000,581.700,69.000,12.100
2016-03-17 17:00:00,2.560,92.000,382.000,39.000,10.900
2016-03-17 18:00:00,3.110,5.000,19.100,4.000,8.000
2016-03-17 19:00:00,4.120,0.000,0.000,0.000,5.400
2016-03-17 20:00:00,5.200,0.000,0.000,0.000,4.300
2016-03-17 21:00:00,5.600,0.000,0.000,0.000,3.000
2016-03-17 22:00:00,5.730,0.000,0.000,0.000,2.100
2016-03-17 23:00:00,5.720,0.000,0.000,0.000,1.500
2016-03-18 00:00:00,5.900,0.000,0.000,0.000,1.200
2016-03-18 01:00:00,6.370,0.000,0.000,0.000,1.200
2016-03-18 02:00:00,6.520,0.000,0.000,0.000,1.300
2016-03-18 03:00:00,6.610,0.000,0.000,0.000,1.300
2016-03-18 04:00:00,6.450,0.000,0.000,0.000,1.400
2016-03-18 05:00:00,6.280,0.000,0.000,0.000,1.500
2016-03-18 06:00:00,6.410,4.000,18.900,3.000,1.800
2016-03-18 07:00:00,6.700,37.000,26.400,33.000,2.100
2016-03-18 08:00:00,5.700,87.000,53.700,71.000,2.500
2016-03-18 09:00:00,5.510,129.000,7.100,126.000,3.200
2016-03-18 10:00:00,5.090,149.000,3.900,147.000,4.600
2016-03-18 11:00:00,5.150,185.000,15.600,176.000,5.300
2016-03-18 12:00:00,5.570,210.000,21.800,197.000,5.900
2016-03-18 13:00:00,5.690,191.000,3.500,189.000,6.200
2016-03-18 14:00:00,5.850,214.000,99.200,163.000,6.700
2016-03-18 15:00:00,6.050,156.000,36.000,141.000,6.700
2016-03-18 16:00:00,5.990,83.000,10.300,80.000,6.400
2016-03-18 17:00:00,5.410,23.000,7.000,22.000,6.100
2016-03-18 18:00:00,5.010,2.000,0.000,2.000,5.800
2016-03-18 19:00:00,4.970,0.000,0.000,0.000,5.600
2016-03-18 20:00:00,4.740,0.000,0.000,0.000,5.400
2016-03-18 21:00:00,4.440,0.000,0.000,0.000,5.100
2016-03-18 22:00:00,4.020,0.000,0.000,0.000,5.000
2016-03-18 23:00:00,3.920,0.000,0.000,0.000,4.900
2016-03-19 00:00:00,3.620,0.000,0.000,0.000,4.600
2016-03-19 01:00:00,3.280,0.000,0.000,0.000,4.400
2016-03-19 02:00:00,3.260,0.000,0.000,0.000,4.300
2016-03-19 03:00:00,3.420,0.000,0.000,0.000,4.300
2016-03-19 04:00:00,3.340,0.000,0.000,0.000,4.000
2016-03-19 05:00:00,3.320,0.000,0.000,0.000,3.900
2016-03-19 06:00:00,3.180,3.000,0.000,3.000,3.800
2016-03-19 07:00:00,2.700,43.000,19.000,40.000,4.100
2016-03-19 08:00:00,2.660,106.000,95.400,77.000,4.800
2016-03-19 09:00:00,2.060,184.000,156.200,117.000,5.200
2016-03-19 10:00:00,1.660,229.000,70.600,192.000,6.200
2016-03-19 11:00:00,2.000,252.000,82.200,204.000,6.600
2016-03-19 12:00:00,2.820,279.000,84.600,228.000,7.100
2016-03-19 13:00:00,3.620,270.000,84.300,221.000,7.400
2016-03-19 14:00:00,4.340,310.000,159.900,227.000,7.700
2016-03-19 15:00:00,5.040,219.000,102.000,176.000,7.600
2016-03-19 16:00:00,5.870,137.000,98.300,108.000,7.100
2016-03-19 17:00:00,6.320,51.000,47.200,44.000,6.700
2016-03-19 18:00:00,6.200,4.000,0.000,4.000,6.200
2016-03-19 19:00:00,6.540,0.000,0.000,0.000,6.100
2016-03-19 20:00:00,7.170,0.000,0.000,0.000,5.900
2016-03-19 21:00:00,7.520,0.000,0.000,0.000,5.500
2016-03-19 22:00:00,7.220,0.000,0.000,0.000,5.200
2016-03-19 23:00:00,7.410,0.000,0.000,0.000,5.000
2016-03-20 00:00:00,7.510,0.000,0.000,0.000,5.200
2016-03-20 01:00:00,7.730,0.000,0.000,0.000,5.100
2016-03-20 02:00:00,7.840,0.000,0.000,0.000,5.100
2016-03-20 03:00:00,8.000,0.000,0.000,0.000,5.100
2016-03-20 04:00:00,8.130,0.000,0.000,0.000,5.000
2016-03-20 05:00:00,8.130,0.000,0.000,0.000,5.000
2016-03-20 06:00:00,7.910,4.000,0.000,4.000,4.900
2016-03-20 07:00:00,8.290,32.000,6.100,31.000,5.000
2016-03-20 08:00:00,8.930,103.000,106.500,70.000,5.100
2016-03-20 09:00:00,8.560,95.000,11.500,90.000,5.600
2016-03-20 10:00:00,8.530,110.000,22.600,98.000,5.800
2016-03-20 11:00:00,8.750,142.000,35.600,121.000,6.500
2016-03-20 12:00:00,9.650,137.000,1.600,136.000,7.200
2016-03-20 13:00:00,10.830,144.000,6.800,140.000,7.600
2016-03-20 14:00:00,10.160,152.000,83.900,108.000,8.100
2016-03-20 15:00:00,9.450,127.000,51.600,105.000,8.400
2016-03-20 16:00:00,8.620,116.000,116.700,81.000,8.300
2016-03-20 17:00:00,8.550,42.000,52.300,34.000,7.900
2016-03-20 18:00:00,8.410,4.000,18.700,3.000,7.100
2016-03-20 19:00:00,8.130,0.000,0.000,0.000,6.400
2016-03-20 20:00:00,7.580,0.000,0.000,0.000,6.100
2016-03-20 21:00:00,7.290,0.000,0.000,0.000,6.000
2016-03-20 22:00:00,6.890,0.000,0.000,0.000,5.500
2016-03-20 23:00:00,6.650,0.000,0.000,0.000,5.600
2016-03-21 00:00:00,6.580,0.000,0.000,0.000,5.700
2016-03-21 01:00:00,6.800,0.000,0.000,0.000,5.800
2016-03-21 02:00:00,7.340,0.000,0.000,0.000,5.800
2016-03-21 03:00:00,7.490,0.000,0.000,0.000,5.800
2016-03-21 04:00:00,7.470,0.000,0.000,0.000,5.700
2016-03-21 05:00:00,7.420,0.000,0.000,0.000,5.500
2016-03-21 06:00:00,7.160,5.000,0.000,5.000,5.600
2016-03-21 07:00:00,8.160,43.000,17.600,40.000,6.000
2016-03-21 08:00:00,8.320,160.000,170.800,106.000,6.200
2016-03-21 09:00:00,8.770,157.000,102.100,112.000,6.700
2016-03-21 10:00:00,8.330,182.000,93.300,132.000,7.300
2016-03-21 11:00:00,9.390,153.000,55.500,120.000,7.200
2016-03-21 12:00:00,10.120,182.000,68.400,140.000,7.400
2016-03-21 13:00:00,9.910,204.000,96.400,147.000,7.800
2016-03-21 14:00:00,9.810,249.000,164.400,162.000,7.900
2016-03-21 15:00:00,8.630,200.000,190.100,118.000,8.100
2016-03-21 16:00:00,8.020,120.000,114.900,85.000,7.700
2016-03-21 17:00:00,8.070,41.000,50.800,33.000,7.100
2016-03-21 18:00:00,8.070,5.000,0.000,5.000,6.600
2016-03-21 19:00:00,7.960,0.000,0.000,0.000,6.600
2016-03-21 20:00:00,7.860,0.000,0.000,0.000,6.400
2016-03-21 21:00:00,7.960,0.000,0.000,0.000,6.300
2016-03-21 22:00:00,8.520,0.000,0.000,0.000,6.000
2016-03-21 23:00:00,8.540,0.000,0.000,0.000,5.900
2016-03-22 00:00:00,8.320,0.000,0.000,0.000,5.700
2016-03-22 01:00:00,8.170,0.000,0.000,0.000,5.500
2016-03-22 02:00:00,8.080,0.000,0.000,0.000,5.300
2016-03-22 03:00:00,7.760,0.000,0.000,0.000,5.200
2016-03-22 04:00:00,7.640,0.000,0.000,0.000,5.100
2016-03-22 05:00:00,7.450,0.000,0.000,0.000,5.000
2016-03-22 06:00:00,7.540,6.000,0.000,6.000,4.800
2016-03-22 07:00:00,7.180,27.000,5.700,26.000,5.200
2016-03-22 08:00:00,7.150,56.000,24.800,48.000,6.000
2016-03-22 09:00:00,6.260,157.000,111.900,107.000,6.300
2016-03-22 10:00:00,6.090,249.000,147.600,169.000,6.800
2016-03-22 11:00:00,6.110,367.000,288.000,194.000,7.300
2016-03-22 12:00:00,6.240,367.000,230.900,224.000,7.600
2016-03-22 13:00:00,6.440,354.000,238.000,212.000,7.700
2016-03-22 14:00:00,6.220,273.000,181.600,176.000,7.500
2016-03-22 15:00:00,6.670,206.000,169.600,132.000,7.700
2016-03-22 16:00:00,6.310,141.000,132.500,100.000,7.600
2016-03-22 17:00:00,5.410,76.000,166.400,49.000,7.000
2016-03-22 18:00:00,5.290,8.000,34.300,6.000,6.400
2016-03-22 19:00:00,5.410,0.000,0.000,0.000,6.000
2016-03-22 20:00:00,5.590,0.000,0.000,0.000,5.400
2016-03-22 21:00:00,5.510,0.000,0.000,0.000,4.700
2016-03-22 22:00:00,5.350,0.000,0.000,0.000,4.700
2016-03-22 23:00:00,5.150,0.000,0.000,0.000,4.300
2016-03-23 00:00:00,4.750,0.000,0.000,0.000,4.300
2016-03-23 01:00:00,4.560,0.000,0.000,0.000,4.100
2016-03-23 02:00:00,4.140,0.000,0.000,0.000,4.600
2016-03-23 03:00:00,4.210,0.000,0.000,0.000,4.800
2016-03-23 04:00:00,4.630,0.000,0.000,0.000,4.900
2016-03-23 05:00:00,5.590,0.000,0.000,0.000,5.000
2016-03-23 06:00:00,6.370,3.000,0.000,3.000,5.100
2016-03-23 07:00:00,7.000,19.000,0.000,19.000,5.600
2016-03-23 08:00:00,7.550,60.000,27.400,51.000,6.300
2016-03-23 09:00:00,7.020,131.000,28.700,118.000,6.800
2016-03-23 10:00:00,6.580,241.000,124.200,173.000,7.100
2016-03-23 11:00:00,7.320,315.000,216.100,184.000,7.600
2016-03-23 12:00:00,7.780,332.000,204.900,204.000,8.200
2016-03-23 13:00:00,7.540,411.000,378.800,183.000,8.800
2016-03-23 14:00:00,7.590,326.000,211.400,212.000,9.100
2016-03-23 15:00:00,7.540,191.000,59.000,165.000,8.700
2016-03-23 16:00:00,6.810,119.000,89.200,91.000,8.500
2016-03-23 17:00:00,6.510,56.000,47.900,48.000,8.100
2016-03-23 18:00:00,6.720,8.000,33.000,6.000,7.100
2016-03-23 19:00:00,7.020,0.000,0.000,0.000,6.200
2016-03-23 20:00:00,6.780,0.000,0.000,0.000,5.300
2016-03-23 21:00:00,6.400,0.000,0.000,0.000,4.700
2016-03-23 22:00:00,6.160,0.000,0.000,0.000,4.000
2016-03-23 23:00:00,5.400,0.000,0.000,0.000,3.800
2016-03-24 00:00:00,5.390,0.000,0.000,0.000,3.100
2016-03-24 01:00:00,5.320,0.000,0.000,0.000,2.700
2016-03-24 02:00:00,5.020,0.000,0.000,0.000,2.100
2016-03-24 03:00:00,4.710,0.000,0.000,0.000,2.000
2016-03-24 04:00:00,4.830,0.000,0.000,0.000,2.000
2016-03-24 05:00:00,4.830,0.000,0.000,0.000,2.300
2016-03-24 06:00:00,4.280,10.000,13.900,9.000,2.000
2016-03-24 07:00:00,3.210,84.000,216.900,43.000,2.800
2016-03-24 08:00:00,2.800,162.000,185.300,100.000,3.800
2016-03-24 09:00:00,3.210,284.000,315.900,139.000,4.700
2016-03-24 10:00:00,2.770,335.000,271.000,185.000,6.200
2016-03-24 11:00:00,2.780,412.000,353.000,196.000,6.900
2016-03-24 12:00:00,3.940,523.000,520.500,195.000,8.000
2016-03-24 13:00:00,4.270,524.000,627.600,143.000,9.100
2016-03-24 14:00:00,4.440,396.000,439.200,157.000,9.000
2016-03-24 15:00:00,5.170,197.000,116.600,145.000,8.800
2016-03-24 16:00:00,4.660,104.000,37.600,92.000,8.400
2016-03-24 17:00:00,4.490,31.000,0.000,31.000,8.000
2016-03-24 18:00:00,4.610,3.000,0.000,3.000,7.400
2016-03-24 19:00:00,5.000,0.000,0.000,0.000,7.000
2016-03-24 20:00:00,5.480,0.000,0.000,0.000,6.900
2016-03-24 21:00:00,5.660,0.000,0.000,0.000,6.800
2016-03-24 22:00:00,6.520,0.000,0.000,0.000,6.700
2016-03-24 23:00:00,6.350,0.000,0.000,0.000,6.500
2016-03-25 00:00:00,6.270,0.000,0.000,0.000,6.300
2016-03-25 01:00:00,6.180,0.000,0.000,0.000,6.000
2016-03-25 02:00:00,6.150,0.000,0.000,0.000,5.800
2016-03-25 03:00:00,6.380,0.000,0.000,0.000,5.800
2016-03-25 04:00:00,6.670,0.000,0.000,0.000,5.900
2016-03-25 05:00:00,6.890,0.000,0.000,0.000,6.000
2016-03-25 06:00:00,7.220,8.000,0.000,8.000,6.200
2016-03-25 07:00:00,7.420,24.000,0.000,24.000,6.400
2016-03-25 08:00:00,7.660,37.000,0.000,37.000,6.600
2016-03-25 09:00:00,7.780,71.000,0.000,71.000,6.800
2016-03-25 10:00:00,7.580,85.000,0.000,85.000,6.900
2016-03-25 11:00:00,7.480,96.000,0.000,96.000,7.100
2016-03-25 12:00:00,7.480,80.000,0.000,80.000,7.100
2016-03-25 13:00:00,8.030,76.000,0.000,76.000,7.000
2016-03-25 14:00:00,7.160,74.000,0.000,74.000,6.900
2016-03-25 15:00:00,6.740,54.000,0.000,54.000,6.900
2016-03-25 16:00:00,6.400,40.000,0.000,40.000,6.900
2016-03-25 17:00:00,5.910,19.000,0.000,19.000,6.900
2016-03-25 18:00:00,5.820,3.000,0.000,3.000,7.000
2016-03-25 19:00:00,5.590,0.000,0.000,0.000,7.100
2016-03-25 20:00:00,5.510,0.000,0.000,0.000,7.300
2016-03-25 21:00:00,5.870,0.000,0.000,0.000,7.700
2016-03-25 22:00:00,6.360,0.000,0.000,0.000,7.800
2016-03-25 23:00:00,6.520,0.000,0.000,0.000,7.800
2016-03-26 00:00:00,5.240,0.000,0.000,0.000,7.600
2016-03-26 01:00:00,4.440,0.000,0.000,0.000,7.000
2016-03-26 02:00:00,4.880,0.000,0.000,0.000,6.500
2016-03-26 03:00:00,4.550,0.000,0.000,0.000,5.800
2016-03-26 04:00:00,3.920,0.000,0.000,0.000,5.300
2016-03-26 05:00:00,3.440,0.000,0.000,0.000,4.900
2016-03-26 06:00:00,2.970,13.000,0.000,13.000,4.400
2016-03-26 07:00:00,2.950,68.000,39.700,60.000,5.200
2016-03-26 08:00:00,3.570,144.000,54.800,125.000,6.400
2016-03-26 09:00:00,3.670,210.000,68.000,178.000,8.100
2016-03-26 10:00:00,3.930,311.000,138.100,233.000,9.600
2016-03-26 11:00:00,4.880,383.000,186.200,267.000,10.800
2016-03-26 12:00:00,5.120,411.000,181.000,295.000,12.000
2016-03-26 13:00:00,5.700,448.000,320.800,250.000,13.000
2016-03-26 14:00:00,6.310,486.000,581.200,164.000,14.000
2016-03-26 15:00:00,6.810,410.000,663.100,108.000,14.500
2016-03-26 16:00:00,6.860,280.000,624.800,75.000,14.300
2016-03-26 17:00:00,7.540,129.000,442.200,49.000,13.400
2016-03-26 18:00:00,8.250,17.000,103.600,10.000,11.800
2016-03-26 19:00:00,8.370,0.000,0.000,0.000,10.700
2016-03-26 20:00:00,8.610,0.000,0.000,0.000,10.100
2016-03-26 21:00:00,9.210,0.000,0.000,0.000,9.800
2016-03-26 22:00:00,9.830,0.000,0.000,0.000,9.100
2016-03-26 23:00:00,10.020,0.000,0.000,0.000,8.800
2016-03-27 00:00:00,10.310,0.000,0.000,0.000,8.500
2016-03-27 01:00:00,10.510,0.000,0.000,0.000,8.400
2016-03-27 02:00:00,10.200,0.000,0.000,0.000,8.300
2016-03-27 03:00:00,9.700,0.000,0.000,0.000,8.200
2016-03-27 04:00:00,9.620,0.000,0.000,0.000,7.800
2016-03-27 05:00:00,9.850,0.000,0.000,0.000,7.700
2016-03-27 06:00:00,9.820,26.000,61.600,21.000,7.800
2016-03-27 07:00:00,9.300,118.000,207.000,75.000,8.700
2016-03-27 08:00:00,8.080,233.000,317.300,121.000,10.200
2016-03-27 09:00:00,8.550,254.000,234.900,142.000,11.300
2016-03-27 10:00:00,8.280,193.000,73.600,151.000,10.700
2016-03-27 11:00:00,9.840,104.000,27.100,87.000,9.100
2016-03-27 12:00:00,7.750,97.000,0.000,97.000,8.200
2016-03-27 13:00:00,6.380,151.000,0.000,151.000,8.700
2016-03-27 14:00:00,6.870,150.000,7.200,146.000,9.400
2016-03-27 15:00:00,6.580,154.000,52.200,130.000,10.100
2016-03-27 16:00:00,5.910,128.000,60.100,108.000,10.800
2016-03-27 17:00:00,5.320,91.000,161.700,61.000,10.700
2016-03-27 18:00:00,6.220,16.000,43.000,13.000,9.300
2016-03-27 19:00:00,6.950,0.000,0.000,0.000,8.200
2016-03-27 20:00:00,7.200,0.000,0.000,0.000,7.900
2016-03-27 21:00:00,7.750,0.000,0.000,0.000,7.700
2016-03-27 22:00:00,8.340,0.000,0.000,0.000,7.400
2016-03-27 23:00:00,8.000,0.000,0.000,0.000,7.100
2016-03-28 00:00:00,8.120,0.000,0.000,0.000,6.800
2016-03-28 01:00:00,8.370,0.000,0.000,0.000,6.500
2016-03-28 02:00:00,8.710,0.000,0.000,0.000,6.400
2016-03-28 03:00:00,8.910,0.000,0.000,0.000,6.100
2016-03-28 04:00:00,9.200,0.000,0.000,0.000,6.000
2016-03-28 05:00:00,9.670,0.000,0.000,0.000,6.000
2016-03-28 06:00:00,9.880,32.000,189.900,16.000,6.600
2016-03-28 07:00:00,10.100,151.000,392.700,67.000,8.200
2016-03-28 08:00:00,9.460,246.000,261.900,152.000,10.000
2016-03-28 09:00:00,10.290,386.000,449.700,169.000,11.300
2016-03-28 10:00:00,10.280,300.000,154.400,211.000,11.700
2016-03-28 11:00:00,10.820,228.000,14.200,219.000,11.200
2016-03-28 12:00:00,11.690,175.000,27.600,157.000,10.800
2016-03-28 13:00:00,11.950,261.000,141.900,172.000,11.400
2016-03-28 14:00:00,11.210,419.000,505.600,134.000,12.100
2016-03-28 15:00:00,10.970,288.000,419.500,93.000,12.100
2016-03-28 16:00:00,10.060,147.000,169.000,90.000,10.700
2016-03-28 17:00:00,10.080,47.000,42.100,39.000,9.200
2016-03-28 18:00:00,8.860,11.000,13.900,10.000,8.500
2016-03-28 19:00:00,8.900,0.000,0.000,0.000,7.700
2016-03-28 20:00:00,8.290,0.000,0.000,0.000,7.200
2016-03-28 21:00:00,8.300,0.000,0.000,0.000,7.100
2016-03-28 22:00:00,7.750,0.000,0.000,0.000,6.600
2016-03-28 23:00:00,8.130,0.000,0.000,0.000,6.400
2016-03-29 00:00:00,7.520,0.000,0.000,0.000,6.300
2016-03-29 01:00:00,7.610,0.000,0.000,0.000,6.300
2016-03-29 02:00:00,8.040,0.000,0.000,0.000,6.200
2016-03-29 03:00:00,8.490,0.000,0.000,0.000,6.300
2016-03-29 04:00:00,8.710,0.000,0.000,0.000,6.100
2016-03-29 05:00:00,8.850,0.000,0.000,0.000,6.000
2016-03-29 06:00:00,9.020,20.000,34.400,17.000,5.900
2016-03-29 07:00:00,9.980,57.000,0.000,57.000,6.300
2016-03-29 08:00:00,8.820,147.000,120.600,103.000,6.900
2016-03-29 09:00:00,8.510,213.000,149.500,140.000,7.500
2016-03-29 10:00:00,8.800,299.000,201.100,182.000,7.800
2016-03-29 11:00:00,8.320,376.000,162.700,272.000,8.300
2016-03-29 12:00:00,8.340,379.000,141.700,286.000,8.400
2016-03-29 13:00:00,8.510,370.000,128.100,289.000,9.000
2016-03-29 14:00:00,8.650,368.000,228.700,238.000,9.300
2016-03-29 15:00:00,8.730,313.000,336.600,155.000,8.900
2016-03-29 16:00:00,8.040,228.000,368.500,102.000,9.000
2016-03-29 17:00:00,8.520,115.000,298.000,57.000,8.200
2016-03-29 18:00:00,6.590,17.000,67.200,12.000,6.700
2016-03-29 19:00:00,6.910,0.000,0.000,0.000,5.500
2016-03-29 20:00:00,6.800,0.000,0.000,0.000,4.900
2016-03-29 21:00:00,6.580,0.000,0.000,0.000,4.400
2016-03-29 22:00:00,6.020,0.000,0.000,0.000,4.100
2016-03-29 23:00:00,7.240,0.000,0.000,0.000,3.900
2016-03-30 00:00:00,6.910,0.000,0.000,0.000,3.900
2016-03-30 01:00:00,7.210,0.000,0.000,0.000,4.800
2016-03-30 02:00:00,8.300,0.000,0.000,0.000,5.400
2016-03-30 03:00:00,8.910,0.000,0.000,0.000,5.600
2016-03-30 04:00:00,8.790,0.000,0.000,0.000,6.100
2016-03-30 05:00:00,8.500,0.000,0.000,0.000,6.300
2016-03-30 06:00:00,8.780,12.000,0.000,12.000,6.800
2016-03-30 07:00:00,8.630,37.000,0.000,37.000,7.500
2016-03-30 08:00:00,8.720,168.000,72.800,141.000,8.100
2016-03-30 09:00:00,8.920,331.000,244.900,210.000,8.600
2016-03-30 10:00:00,6.410,403.000,343.900,201.000,9.700
2016-03-30 11:00:00,7.160,514.000,463.900,215.000,10.400
2016-03-30 12:00:00,8.000,495.000,446.000,200.000,10.700
2016-03-30 13:00:00,8.100,502.000,503.800,181.000,10.900
2016-03-30 14:00:00,8.700,429.000,460.600,165.000,10.900
2016-03-30 15:00:00,9.300,342.000,407.100,149.000,11.200
2016-03-30 16:00:00,7.920,227.000,378.100,96.000,11.300
2016-03-30 17:00:00,6.900,107.000,165.700,74.000,10.600
2016-03-30 18:00:00,6.050,19.000,26.100,17.000,9.500
2016-03-30 19:00:00,5.630,0.000,0.000,0.000,8.200
2016-03-30 20:00:00,5.360,0.000,0.000,0.000,7.400
2016-03-30 21:00:00,5.500,0.000,0.000,0.000,6.700
2016-03-30 22:00:00,5.220,0.000,0.000,0.000,6.500
2016-03-30 23:00:00,4.660,0.000,0.000,0.000,6.000
2016-03-31 00:00:00,4.310,0.000,0.000,0.000,5.500
2016-03-31 01:00:00,4.080,0.000,0.000,0.000,4.900
2016-03-31 02:00:00,3.920,0.000,0.000,0.000,4.200
2016-03-31 03:00:00,3.540,0.000,0.000,0.000,3.900
2016-03-31 04:00:00,3.200,0.000,0.000,0.000,3.700
2016-03-31 05:00:00,2.970,0.000,0.000,0.000,3.500
2016-03-31 06:00:00,2.420,23.000,0.000,23.000,3.900
2016-03-31 07:00:00,1.570,112.000,47.400,101.000,5.100
2016-03-31 08:00:00,1.460,217.000,156.600,158.000,6.600
2016-03-31 09:00:00,1.700,271.000,178.100,182.000,7.400
2016-03-31 10:00:00,0.540,333.000,168.700,233.000,8.400
2016-03-31 11:00:00,1.620,324.000,112.400,251.000,9.000
2016-03-31 12:00:00,2.900,372.000,75.000,322.000,9.800
2016-03-31 13:00:00,3.320,281.000,37.400,257.000,10.100
2016-03-31 14:00:00,3.580,238.000,26.000,223.000,10.300
2016-03-31 15:00:00,3.610,199.000,33.400,183.000,10.200
2016-03-31 16:00:00,4.000,112.000,5.700,110.000,9.800
2016-03-31 17:00:00,4.550,61.000,0.000,61.000,9.300
2016-03-31 18:00:00,4.780,10.000,0.000,10.000,8.500
2016-03-31 19:00:00,4.120,0.000,0.000,0.000,7.800
2016-03-31 20:00:00,3.620,0.000,0.000,0.000,7.300
2016-03-31 21:00:00,3.480,0.000,0.000,0.000,6.700
2016-03-31 22:00:00,4.360,0.000,0.000,0.000,6.300
2016-03-31 23:00:00,4.110,0.000,0.000,0.000,6.000
2016-04-01 00:00:00,4.680,0.000,0.000,0.000,5.800
2016-04-01 01:00:00,4.170,0.000,0.000,0.000,5.500
2016-04-01 02:00:00,4.370,0.000,0.000,0.000,5.300
2016-04-01 03:00:00,4.720,0.000,0.000,0.000,5.100
2016-04-01 04:00:00,5.190,0.000,0.000,0.000,4.600
2016-04-01 05:00:00,4.990,0.000,0.000,0.000,3.800
2016-04-01 06:00:00,4.470,43.000,155.600,28.000,3.500
2016-04-01 07:00:00,3.230,183.000,508.200,62.000,5.000
2016-04-01 08:00:00,2.440,342.000,669.200,86.000,6.200
2016-04-01 09:00:00,1.900,493.000,785.600,96.000,7.500
2016-04-01 10:00:00,2.310,598.000,804.000,117.000,9.100
2016-04-01 11:00:00,2.310,629.000,716.200,160.000,10.200
2016-04-01 12:00:00,1.500,656.000,713.400,177.000,11.000
2016-04-01 13:00:00,1.100,652.000,791.700,140.000,11.900
2016-04-01 14:00:00,0.850,588.000,836.100,101.000,12.500
2016-04-01 15:00:00,1.100,467.000,776.200,92.000,12.900
2016-04-01 16:00:00,1.580,318.000,675.300,78.000,12.700
2016-04-01 17:00:00,1.710,160.000,504.600,55.000,12.000
2016-04-01 18:00:00,2.690,30.000,185.000,15.000,9.300
2016-04-01 19:00:00,4.750,0.000,0.000,0.000,7.700
2016-04-01 20:00:00,5.330,0.000,0.000,0.000,7.100
2016-04-01 21:00:00,6.150,0.000,0.000,0.000,6.700
2016-04-01 22:00:00,7.100,0.000,0.000,0.000,6.200
2016-04-01 23:00:00,6.670,0.000,0.000,0.000,5.600
2016-04-02 00:00:00,6.050,0.000,0.000,0.000,4.800
2016-04-02 01:00:00,5.590,0.000,0.000,0.000,4.100
2016-04-02 02:00:00,5.910,0.000,0.000,0.000,3.800
2016-04-02 03:00:00,6.190,0.000,0.000,0.000,3.400
2016-04-02 04:00:00,6.220,0.000,0.000,0.000,3.400
2016-04-02 05:00:00,6.060,0.000,0.000,0.000,3.600
2016-04-02 06:00:00,6.060,38.000,80.500,30.000,4.200
2016-04-02 07:00:00,4.990,171.000,426.300,67.000,6.100
2016-04-02 08:00:00,4.070,318.000,605.300,83.000,8.000
2016-04-02 09:00:00,3.830,457.000,692.900,103.000,9.800
2016-04-02 10:00:00,2.940,578.000,777.000,109.000,11.300
2016-04-02 11:00:00,3.260,630.000,786.400,111.000,12.600
2016-04-02 12:00:00,3.790,581.000,656.500,137.000,13.500
2016-04-02 13:00:00,3.900,599.000,669.300,163.000,14.600
2016-04-02 14:00:00,3.850,501.000,553.700,176.000,15.300
2016-04-02 15:00:00,3.680,440.000,693.300,102.000,16.000
2016-04-02 16:00:00,3.230,283.000,528.000,93.000,15.900
2016-04-02 17:00:00,3.110,146.000,432.900,54.000,15.500
2016-04-02 18:00:00,4.300,29.000,156.100,16.000,13.600
2016-04-02 19:00:00,5.800,0.000,0.000,0.000,12.200
2016-04-02 20:00:00,6.010,0.000,0.000,0.000,11.400
2016-04-02 21:00:00,6.160,0.000,0.000,0.000,10.600
2016-04-02 22:00:00,6.080,0.000,0.000,0.000,10.200
2016-04-02 23:00:00,5.700,0.000,0.000,0.000,9.900
2016-04-03 00:00:00,4.980,0.000,0.000,0.000,9.400
2016-04-03 01:00:00,4.220,0.000,0.000,0.000,8.800
2016-04-03 02:00:00,4.230,0.000,0.000,0.000,8.700
2016-04-03 03:00:00,4.300,0.000,0.000,0.000,8.500
2016-04-03 04:00:00,3.910,0.000,0.000,0.000,8.500
2016-04-03 05:00:00,3.810,0.000,0.000,0.000,8.200
2016-04-03 06:00:00,4.620,35.000,29.300,32.000,8.700
2016-04-03 07:00:00,5.020,100.000,44.000,89.000,10.400
2016-04-03 08:00:00,3.510,186.000,96.500,148.000,12.100
2016-04-03 09:00:00,2.920,310.000,189.800,212.000,14.000
2016-04-03 10:00:00,3.450,441.000,282.500,269.000,15.400
2016-04-03 11:00:00,3.380,583.000,610.500,177.000,17.200
2016-04-03 12:00:00,3.110,604.000,641.600,167.000,18.200
2016-04-03 13:00:00,2.440,425.000,257.600,256.000,18.200
2016-04-03 14:00:00,2.750,382.000,270.500,222.000,18.800
2016-04-03 15:00:00,2.970,398.000,532.600,136.000,19.600
2016-04-03 16:00:00,1.700,259.000,400.900,113.000,19.600
2016-04-03 17:00:00,0.300,117.000,179.800,78.000,18.800
2016-04-03 18:00:00,1.520,23.000,23.400,21.000,17.300
2016-04-03 19:00:00,3.380,0.000,0.000,0.000,16.500
2016-04-03 20:00:00,4.440,0.000,0.000,0.000,15.800
2016-04-03 21:00:00,4.540,0.000,0.000,0.000,15.100
2016-04-03 22:00:00,4.980,0.000,0.000,0.000,13.900
2016-04-03 23:00:00,4.560,0.000,0.000,0.000,13.700
2016-04-04 00:00:00,4.040,0.000,0.000,0.000,12.800
2016-04-04 01:00:00,3.580,0.000,0.000,0.000,12.100
2016-04-04 02:00:00,2.860,0.000,0.000,0.000,11.900
2016-04-04 03:00:00,2.330,0.000,0.000,0.000,12.500
2016-04-04 04:00:00,2.120,0.000,0.000,0.000,12.100
2016-04-04 05:00:00,1.530,0.000,0.000,0.000,11.700
2016-04-04 06:00:00,1.400,43.000,104.600,32.000,11.700
2016-04-04 07:00:00,2.420,49.000,19.600,44.000,12.900
2016-04-04 08:00:00,3.750,96.000,57.600,73.000,14.400
2016-04-04 09:00:00,3.750,332.000,293.300,179.000,15.300
2016-04-04 10:00:00,3.860,550.000,669.400,139.000,18.300
2016-04-04 11:00:00,4.240,632.000,741.900,135.000,19.800
2016-04-04 12:00:00,4.810,655.000,778.600,121.000,20.600
2016-04-04 13:00:00,5.730,606.000,722.100,129.000,20.900
2016-04-04 14:00:00,5.600,510.000,612.500,145.000,21.200
2016-04-04 15:00:00,4.740,380.000,491.600,136.000,20.200
2016-04-04 16:00:00,5.820,226.000,333.700,103.000,19.300
2016-04-04 17:00:00,6.010,105.000,167.200,68.000,18.000
2016-04-04 18:00:00,5.510,26.000,57.000,21.000,16.600
2016-04-04 19:00:00,4.240,0.000,0.000,0.000,15.000
2016-04-04 20:00:00,3.190,0.000,0.000,0.000,13.600
2016-04-04 21:00:00,3.410,0.000,0.000,0.000,12.800
2016-04-04 22:00:00,4.930,0.000,0.000,0.000,12.000
2016-04-04 23:00:00,4.530,0.000,0.000,0.000,11.600
2016-04-05 00:00:00,3.770,0.000,0.000,0.000,11.300
2016-04-05 01:00:00,4.370,0.000,0.000,0.000,11.200
2016-04-05 02:00:00,4.850,0.000,0.000,0.000,10.700
2016-04-05 03:00:00,5.500,0.000,0.000,0.000,10.500
2016-04-05 04:00:00,6.130,0.000,0.000,0.000,10.800
2016-04-05 05:00:00,5.970,1.000,0.000,1.000,10.500
2016-04-05 06:00:00,5.250,25.000,18.500,23.000,10.800
2016-04-05 07:00:00,3.830,171.000,359.800,77.000,11.000
2016-04-05 08:00:00,3.470,294.000,446.900,113.000,11.000
2016-04-05 09:00:00,3.550,383.000,370.000,188.000,11.300
2016-04-05 10:00:00,1.750,312.000,122.800,236.000,14.300
2016-04-05 11:00:00,2.200,370.000,166.000,258.000,14.800
2016-04-05 12:00:00,2.570,194.000,46.300,162.000,14.500
2016-04-05 13:00:00,3.140,202.000,13.500,193.000,15.000
2016-04-05 14:00:00,4.130,108.000,6.700,104.000,14.700
2016-04-05 15:00:00,5.550,169.000,55.900,141.000,14.800
2016-04-05 16:00:00,7.260,122.000,40.200,107.000,14.200
2016-04-05 17:00:00,8.710,94.000,110.800,69.000,12.900
2016-04-05 18:00:00,8.120,11.000,11.100,10.000,11.600
2016-04-05 19:00:00,6.340,0.000,0.000,0.000,10.700
2016-04-05 20:00:00,6.040,0.000,0.000,0.000,10.000
2016-04-05 21:00:00,6.620,0.000,0.000,0.000,9.700
2016-04-05 22:00:00,7.060,0.000,0.000,0.000,9.500
2016-04-05 23:00:00,7.410,0.000,0.000,0.000,9.200
2016-04-06 00:00:00,7.430,0.000,0.000,0.000,8.900
2016-04-06 01:00:00,7.350,0.000,0.000,0.000,8.700
2016-04-06 02:00:00,7.290,0.000,0.000,0.000,8.400
2016-04-06 03:00:00,7.270,0.000,0.000,0.000,8.000
2016-04-06 04:00:00,7.770,0.000,0.000,0.000,7.900
2016-04-06 05:00:00,8.020,1.000,0.000,1.000,7.700
2016-04-06 06:00:00,7.660,54.000,143.600,38.000,8.300
2016-04-06 07:00:00,8.040,181.000,415.800,70.000,9.100
2016-04-06 08:00:00,7.130,302.000,440.900,121.000,9.800
2016-04-06 09:00:00,6.560,412.000,507.200,142.000,10.500
2016-04-06 10:00:00,6.940,510.000,525.500,182.000,11.600
2016-04-06 11:00:00,7.570,579.000,537.000,214.000,12.500
2016-04-06 12:00:00,8.150,586.000,561.000,196.000,13.000
2016-04-06 13:00:00,8.950,468.000,412.200,192.000,13.500
2016-04-06 14:00:00,9.790,377.000,393.500,139.000,13.900
2016-04-06 15:00:00,10.010,242.000,190.100,146.000,14.100
2016-04-06 16:00:00,8.410,215.000,310.200,98.000,14.100
2016-04-06 17:00:00,8.130,104.000,191.300,60.000,13.800
2016-04-06 18:00:00,7.930,27.000,119.600,16.000,13.200
2016-04-06 19:00:00,8.230,0.000,0.000,0.000,12.600
2016-04-06 20:00:00,8.700,0.000,0.000,0.000,11.700
2016-04-06 21:00:00,9.400,0.000,0.000,0.000,10.800
2016-04-06 22:00:00,10.240,0.000,0.000,0.000,9.900
2016-04-06 23:00:00,10.980,0.000,0.000,0.000,8.800
2016-04-07 00:00:00,9.050,0.000,0.000,0.000,7.600
2016-04-07 01:00:00,8.250,0.000,0.000,0.000,6.900
2016-04-07 02:00:00,7.720,0.000,0.000,0.000,6.400
2016-04-07 03:00:00,7.670,0.000,0.000,0.000,5.900
2016-04-07 04:00:00,8.000,0.000,0.000,0.000,5.600
2016-04-07 05:00:00,8.070,2.000,0.000,2.000,5.400
2016-04-07 06:00:00,7.640,71.000,332.500,32.000,6.300
2016-04-07 07:00:00,8.580,190.000,425.400,74.000,7.500
2016-04-07 08:00:00,8.880,336.000,584.100,93.000,8.500
2016-04-07 09:00:00,8.630,430.000,559.800,129.000,9.000
2016-04-07 10:00:00,6.760,551.000,656.300,138.000,9.700
2016-04-07 11:00:00,6.930,647.000,723.100,152.000,10.300
2016-04-07 12:00:00,7.240,670.000,744.400,149.000,10.700
2016-04-07 13:00:00,7.600,639.000,734.300,144.000,10.900
2016-04-07 14:00:00,8.000,554.000,653.400,156.000,11.200
2016-04-07 15:00:00,8.540,447.000,620.500,131.000,11.000
2016-04-07 16:00:00,7.520,317.000,574.100,98.000,11.300
2016-04-07 17:00:00,6.540,133.000,285.900,66.000,10.300
2016-04-07 18:00:00,6.800,36.000,138.100,23.000,9.000
2016-04-07 19:00:00,6.330,0.000,0.000,0.000,7.700
2016-04-07 20:00:00,6.470,0.000,0.000,0.000,7.000
2016-04-07 21:00:00,6.710,0.000,0.000,0.000,6.200
2016-04-07 22:00:00,6.890,0.000,0.000,0.000,5.500
2016-04-07 23:00:00,6.600,0.000,0.000,0.000,4.900
2016-04-08 00:00:00,6.400,0.000,0.000,0.000,4.400
2016-04-08 01:00:00,6.790,0.000,0.000,0.000,4.100
2016-04-08 02:00:00,6.930,0.000,0.000,0.000,3.700
2016-04-08 03:00:00,7.010,0.000,0.000,0.000,3.600
2016-04-08 04:00:00,6.870,0.000,0.000,0.000,3.600
2016-04-08 05:00:00,6.610,3.000,0.000,3.000,3.600
2016-04-08 06:00:00,6.200,77.000,341.100,35.000,4.400
2016-04-08 07:00:00,5.200,212.000,488.600,76.000,6.200
2016-04-08 08:00:00,5.200,364.000,635.800,96.000,7.800
2016-04-08 09:00:00,5.960,475.000,672.300,110.000,8.800
2016-04-08 10:00:00,5.190,480.000,509.200,157.000,9.400
2016-04-08 11:00:00,5.540,460.000,404.700,181.000,10.000
2016-04-08 12:00:00,5.200,464.000,380.400,196.000,10.400
2016-04-08 13:00:00,5.070,391.000,300.600,187.000,10.700
2016-04-08 14:00:00,4.840,400.000,394.500,158.000,10.800
2016-04-08 15:00:00,4.680,367.000,453.700,134.000,11.100
2016-04-08 16:00:00,4.220,191.000,210.000,110.000,10.800
2016-04-08 17:00:00,3.400,135.000,264.000,72.000,10.400
2016-04-08 18:00:00,3.300,35.000,124.700,23.000,9.600
2016-04-08 19:00:00,3.490,0.000,0.000,0.000,7.800
2016-04-08 20:00:00,3.510,0.000,0.000,0.000,7.200
2016-04-08 21:00:00,3.280,0.000,0.000,0.000,5.700
2016-04-08 22:00:00,3.800,0.000,0.000,0.000,4.100
2016-04-08 23:00:00,3.300,0.000,0.000,0.000,4.100
2016-04-09 00:00:00,2.620,0.000,0.000,0.000,3.500
2016-04-09 01:00:00,2.660,0.000,0.000,0.000,2.200
2016-04-09 02:00:00,2.830,0.000,0.000,0.000,1.200
2016-04-09 03:00:00,3.020,0.000,0.000,0.000,0.500
2016-04-09 04:00:00,3.310,0.000,0.000,0.000,0.100
2016-04-09 05:00:00,3.200,3.000,19.100,2.000,0.100
2016-04-09 06:00:00,3.080,84.000,372.300,36.000,1.900
2016-04-09 07:00:00,2.510,233.000,588.000,66.000,5.900
2016-04-09 08:00:00,1.650,393.000,726.100,83.000,9.300
2016-04-09 09:00:00,2.150,533.000,800.900,94.000,11.100
2016-04-09 10:00:00,2.060,641.000,840.000,104.000,12.100
2016-04-09 11:00:00,2.240,651.000,727.500,146.000,12.700
2016-04-09 12:00:00,2.370,495.000,386.400,221.000,13.000
2016-04-09 13:00:00,2.110,395.000,153.700,290.000,13.600
2016-04-09 14:00:00,2.330,341.000,157.000,244.000,13.900
2016-04-09 15:00:00,2.880,207.000,77.300,167.000,14.000
2016-04-09 16:00:00,3.310,122.000,53.900,101.000,13.700
2016-04-09 17:00:00,4.270,71.000,41.200,61.000,13.000
2016-04-09 18:00:00,5.280,21.000,20.300,19.000,11.900
2016-04-09 19:00:00,6.150,0.000,0.000,0.000,10.300
2016-04-09 20:00:00,6.570,0.000,0.000,0.000,9.600
2016-04-09 21:00:00,6.590,0.000,0.000,0.000,9.000
2016-04-09 22:00:00,7.020,0.000,0.000,0.000,8.900
2016-04-09 23:00:00,6.670,0.000,0.000,0.000,8.600
2016-04-10 00:00:00,6.100,0.000,0.000,0.000,8.100
2016-04-10 01:00:00,5.270,0.000,0.000,0.000,7.800
2016-04-10 02:00:00,5.080,0.000,0.000,0.000,7.100
2016-04-10 03:00:00,5.170,0.000,0.000,0.000,6.600
2016-04-10 04:00:00,5.590,0.000,0.000,0.000,6.600
2016-04-10 05:00:00,6.040,4.000,0.000,4.000,6.300
2016-04-10 06:00:00,5.920,59.000,89.100,47.000,6.600
2016-04-10 07:00:00,4.720,199.000,338.400,101.000,8.100
2016-04-10 08:00:00,4.050,250.000,282.200,128.000,9.900
2016-04-10 09:00:00,3.610,292.000,188.000,188.000,11.600
2016-04-10 10:00:00,3.500,555.000,596.100,171.000,12.900
2016-04-10 11:00:00,3.840,667.000,779.900,122.000,14.200
2016-04-10 12:00:00,3.480,654.000,696.500,157.000,14.900
2016-04-10 13:00:00,3.400,333.000,106.200,260.000,15.100
2016-04-10 14:00:00,3.920,289.000,78.800,240.000,15.400
2016-04-10 15:00:00,4.680,184.000,88.100,138.000,15.200
2016-04-10 16:00:00,5.880,128.000,33.000,115.000,14.800
2016-04-10 17:00:00,6.850,87.000,93.000,64.000,14.000
2016-04-10 18:00:00,6.760,40.000,119.400,28.000,12.400
2016-04-10 19:00:00,6.590,0.000,0.000,0.000,10.800
2016-04-10 20:00:00,6.750,0.000,0.000,0.000,9.800
2016-04-10 21:00:00,7.040,0.000,0.000,0.000,8.600
2016-04-10 22:00:00,7.150,0.000,0.000,0.000,7.500
2016-04-10 23:00:00,6.850,0.000,0.000,0.000,6.600
2016-04-11 00:00:00,6.390,0.000,0.000,0.000,5.700
2016-04-11 01:00:00,6.090,0.000,0.000,0.000,4.900
2016-04-11 02:00:00,5.790,0.000,0.000,0.000,4.300
2016-04-11 03:00:00,5.830,0.000,0.000,0.000,3.900
2016-04-11 04:00:00,6.100,0.000,0.000,0.000,3.500
2016-04-11 05:00:00,6.410,5.000,19.100,4.000,3.200
2016-04-11 06:00:00,5.800,92.000,377.300,39.000,4.500
2016-04-11 07:00:00,4.310,242.000,586.100,69.000,6.100
2016-04-11 08:00:00,4.220,394.000,699.100,88.000,7.800
2016-04-11 09:00:00,4.520,523.000,748.500,105.000,9.400
2016-04-11 10:00:00,4.920,577.000,694.800,126.000,10.800
2016-04-11 11:00:00,5.280,629.000,639.700,179.000,11.900
2016-04-11 12:00:00,5.660,628.000,566.900,221.000,13.000
2016-04-11 13:00:00,6.120,553.000,491.600,213.000,13.500
2016-04-11 14:00:00,6.300,400.000,300.200,212.000,13.600
2016-04-11 15:00:00,6.700,242.000,85.500,197.000,13.200
2016-04-11 16:00:00,7.180,163.000,45.200,145.000,12.700
2016-04-11 17:00:00,5.980,88.000,75.600,69.000,12.100
2016-04-11 18:00:00,5.630,23.000,39.000,19.000,11.500
2016-04-11 19:00:00,5.530,0.000,0.000,0.000,11.000
2016-04-11 20:00:00,5.610,0.000,0.000,0.000,10.700
2016-04-11 21:00:00,5.120,0.000,0.000,0.000,10.400
2016-04-11 22:00:00,5.120,0.000,0.000,0.000,10.700
2016-04-11 23:00:00,4.960,0.000,0.000,0.000,10.600
2016-04-12 00:00:00,5.420,0.000,0.000,0.000,10.400
2016-04-12 01:00:00,5.430,0.000,0.000,0.000,10.100
2016-04-12 02:00:00,5.520,0.000,0.000,0.000,9.600
2016-04-12 03:00:00,5.570,0.000,0.000,0.000,9.200
2016-04-12 04:00:00,5.460,0.000,0.000,0.000,8.800
2016-04-12 05:00:00,5.130,3.000,19.100,2.000,8.500
2016-04-12 06:00:00,4.610,46.000,109.500,30.000,8.700
2016-04-12 07:00:00,3.260,148.000,229.500,79.000,10.000
2016-04-12 08:00:00,2.920,279.000,383.700,109.000,11.400
2016-04-12 09:00:00,2.680,384.000,392.200,163.000,12.800
2016-04-12 10:00:00,2.320,592.000,605.600,196.000,14.800
2016-04-12 11:00:00,2.310,637.000,586.100,222.000,15.700
2016-04-12 12:00:00,2.910,580.000,474.800,237.000,16.500
2016-04-12 13:00:00,3.300,434.000,275.900,242.000,16.800
2016-04-12 14:00:00,2.770,275.000,87.300,220.000,16.600
2016-04-12 15:00:00,2.020,233.000,98.100,181.000,16.300
2016-04-12 16:00:00,1.990,189.000,109.300,145.000,16.300
2016-04-12 17:00:00,2.510,135.000,199.500,84.000,15.900
2016-04-12 18:00:00,2.550,48.000,191.100,28.000,14.800
2016-04-12 19:00:00,2.280,0.000,0.000,0.000,12.800
2016-04-12 20:00:00,3.340,0.000,0.000,0.000,11.600
2016-04-12 21:00:00,4.030,0.000,0.000,0.000,10.500
2016-04-12 22:00:00,4.100,0.000,0.000,0.000,9.900
2016-04-12 23:00:00,3.860,0.000,0.000,0.000,8.900
2016-04-13 00:00:00,3.920,0.000,0.000,0.000,8.900
2016-04-13 01:00:00,4.330,0.000,0.000,0.000,8.600
2016-04-13 02:00:00,5.410,0.000,0.000,0.000,8.200
2016-04-13 03:00:00,4.920,0.000,0.000,0.000,7.800
2016-04-13 04:00:00,5.660,0.000,0.000,0.000,7.600
2016-04-13 05:00:00,5.630,6.000,19.100,5.000,7.700
2016-04-13 06:00:00,4.750,71.000,224.000,37.000,8.500
2016-04-13 07:00:00,4.240,244.000,565.100,71.000,9.800
2016-04-13 08:00:00,4.230,369.000,546.500,124.000,10.900
2016-04-13 09:00:00,4.500,422.000,438.000,173.000,11.800
2016-04-13 10:00:00,4.230,371.000,188.300,247.000,12.100
2016-04-13 11:00:00,3.500,300.000,60.300,257.000,12.300
2016-04-13 12:00:00,3.920,297.000,48.200,262.000,12.800
2016-04-13 13:00:00,4.310,299.000,21.400,284.000,13.400
2016-04-13 14:00:00,4.390,275.000,48.900,244.000,13.600
2016-04-13 15:00:00,4.560,241.000,101.100,187.000,13.600
2016-04-13 16:00:00,4.960,162.000,27.100,151.000,13.300
2016-04-13 17:00:00,5.410,110.000,42.300,99.000,12.700
2016-04-13 18:00:00,5.540,43.000,56.200,37.000,11.800
2016-04-13 19:00:00,5.170,0.000,0.000,0.000,10.600
2016-04-13 20:00:00,5.480,0.000,0.000,0.000,10.000
2016-04-13 21:00:00,5.280,0.000,0.000,0.000,9.400
2016-04-13 22:00:00,4.940,0.000,0.000,0.000,9.500
2016-04-13 23:00:00,5.820,0.000,0.000,0.000,9.200
2016-04-14 00:00:00,5.820,0.000,0.000,0.000,9.100
2016-04-14 01:00:00,6.150,0.000,0.000,0.000,9.000
2016-04-14 02:00:00,6.440,0.000,0.000,0.000,8.800
2016-04-14 03:00:00,6.080,0.000,0.000,0.000,8.800
2016-04-14 04:00:00,5.750,0.000,0.000,0.000,8.700
2016-04-14 05:00:00,5.420,3.000,0.000,3.000,8.500
2016-04-14 06:00:00,5.460,23.000,12.700,21.000,8.200
2016-04-14 07:00:00,4.430,105.000,57.800,87.000,8.500
2016-04-14 08:00:00,3.400,193.000,92.600,151.000,9.000
2016-04-14 09:00:00,3.350,366.000,279.000,206.000,9.600
2016-04-14 10:00:00,2.590,376.000,193.000,248.000,11.200
2016-04-14 11:00:00,3.140,396.000,253.800,214.000,12.000
2016-04-14 12:00:00,3.320,441.000,373.400,168.000,12.800
2016-04-14 13:00:00,3.400,507.000,497.000,157.000,13.900
2016-04-14 14:00:00,3.300,411.000,364.900,178.000,14.400
2016-04-14 15:00:00,3.040,386.000,475.600,130.000,14.700
2016-04-14 16:00:00,2.050,275.000,414.000,105.000,14.600
2016-04-14 17:00:00,1.390,171.000,382.500,70.000,14.200
2016-04-14 18:00:00,2.120,61.000,275.900,31.000,13.400
2016-04-14 19:00:00,1.360,1.000,0.000,1.000,11.400
2016-04-14 20:00:00,1.030,0.000,0.000,0.000,9.700
2016-04-14 21:00:00,2.010,0.000,0.000,0.000,9.400
2016-04-14 22:00:00,4.300,0.000,0.000,0.000,7.400
2016-04-14 23:00:00,5.570,0.000,0.000,0.000,6.700
2016-04-15 00:00:00,6.320,0.000,0.000,0.000,6.400
2016-04-15 01:00:00,6.900,0.000,0.000,0.000,6.700
2016-04-15 02:00:00,6.660,0.000,0.000,0.000,6.800
2016-04-15 03:00:00,5.930,0.000,0.000,0.000,6.900
2016-04-15 04:00:00,5.970,0.000,0.000,0.000,7.100
2016-04-15 05:00:00,6.290,5.000,0.000,5.000,7.800
2016-04-15 06:00:00,6.610,31.000,12.300,29.000,8.000
2016-04-15 07:00:00,6.650,74.000,6.300,72.000,8.100
2016-04-15 08:00:00,6.310,89.000,6.500,86.000,8.200
2016-04-15 09:00:00,6.300,102.000,5.200,99.000,8.400
2016-04-15 10:00:00,4.710,115.000,1.500,114.000,9.500
2016-04-15 11:00:00,5.950,208.000,40.200,179.000,10.700
2016-04-15 12:00:00,6.090,299.000,84.300,237.000,11.500
2016-04-15 13:00:00,5.460,278.000,121.400,192.000,12.100
2016-04-15 14:00:00,8.430,261.000,74.700,213.000,12.100
2016-04-15 15:00:00,7.980,286.000,226.800,163.000,12.100
2016-04-15 16:00:00,6.110,196.000,217.100,106.000,11.900
2016-04-15 17:00:00,7.780,127.000,171.500,81.000,12.000
2016-04-15 18:00:00,6.740,51.000,230.300,25.000,11.500
2016-04-15 19:00:00,6.040,1.000,0.000,1.000,10.500
2016-04-15 20:00:00,5.640,0.000,0.000,0.000,9.300
2016-04-15 21:00:00,5.380,0.000,0.000,0.000,8.600
2016-04-15 22:00:00,3.260,0.000,0.000,0.000,7.600
2016-04-15 23:00:00,5.080,0.000,0.000,0.000,7.600
2016-04-16 00:00:00,6.420,0.000,0.000,0.000,7.600
2016-04-16 01:00:00,7.260,0.000,0.000,0.000,7.800
2016-04-16 02:00:00,8.220,0.000,0.000,0.000,8.100
2016-04-16 03:00:00,7.810,0.000,0.000,0.000,8.200
2016-04-16 04:00:00,8.130,0.000,0.000,0.000,8.400
2016-04-16 05:00:00,8.010,10.000,16.600,9.000,8.900
2016-04-16 06:00:00,8.190,82.000,142.500,58.000,10.300
2016-04-16 07:00:00,7.640,122.000,59.000,103.000,11.500
2016-04-16 08:00:00,8.060,212.000,82.000,174.000,12.200
2016-04-16 09:00:00,9.060,341.000,138.900,260.000,12.500
2016-04-16 10:00:00,7.640,382.000,151.700,280.000,12.600
2016-04-16 11:00:00,7.600,475.000,246.600,296.000,13.300
2016-04-16 12:00:00,8.020,520.000,354.300,258.000,14.000
2016-04-16 13:00:00,8.130,555.000,506.800,194.000,13.900
2016-04-16 14:00:00,7.770,513.000,586.300,134.000,14.200
2016-04-16 15:00:00,7.290,437.000,545.600,139.000,14.200
2016-04-16 16:00:00,7.860,286.000,403.700,117.000,13.500
2016-04-16 17:00:00,8.410,160.000,293.900,80.000,12.700
2016-04-16 18:00:00,7.210,52.000,196.300,29.000,11.300
2016-04-16 19:00:00,7.200,1.000,0.000,1.000,10.200
2016-04-16 20:00:00,7.190,0.000,0.000,0.000,9.800
2016-04-16 21:00:00,6.650,0.000,0.000,0.000,8.800
2016-04-16 22:00:00,5.700,0.000,0.000,0.000,7.800
2016-04-16 23:00:00,4.950,0.000,0.000,0.000,7.600
2016-04-17 00:00:00,4.790,0.000,0.000,0.000,6.700
2016-04-17 01:00:00,5.090,0.000,0.000,0.000,6.300
2016-04-17 02:00:00,4.900,0.000,0.000,0.000,6.000
2016-04-17 03:00:00,6.040,0.000,0.000,0.000,5.400
2016-04-17 04:00:00,6.150,0.000,0.000,0.000,4.800
2016-04-17 05:00:00,5.410,11.000,47.700,8.000,4.500
2016-04-17 06:00:00,4.680,90.000,235.800,49.000,5.500
2016-04-17 07:00:00,5.290,275.000,592.600,81.000,6.400
2016-04-17 08:00:00,5.260,373.000,535.600,122.000,7.400
2016-04-17 09:00:00,5.570,425.000,476.300,145.000,8.100
2016-04-17 10:00:00,5.410,403.000,317.500,188.000,8.700
2016-04-17 11:00:00,5.610,562.000,508.100,191.000,9.200
2016-04-17 12:00:00,6.300,528.000,493.600,161.000,9.700
2016-04-17 13:00:00,6.910,623.000,621.200,178.000,10.500
2016-04-17 14:00:00,6.810,506.000,545.900,151.000,10.600
2016-04-17 15:00:00,6.280,466.000,578.100,148.000,10.800
2016-04-17 16:00:00,6.480,344.000,530.100,120.000,10.600
2016-04-17 17:00:00,6.670,184.000,361.900,84.000,10.000
2016-04-17 18:00:00,5.710,72.000,313.100,34.000,9.100
2016-04-17 19:00:00,5.080,2.000,0.000,2.000,7.600
2016-04-17 20:00:00,5.190,0.000,0.000,0.000,6.300
2016-04-17 21:00:00,5.320,0.000,0.000,0.000,5.300
2016-04-17 22:00:00,5.230,0.000,0.000,0.000,4.400
2016-04-17 23:00:00,5.320,0.000,0.000,0.000,3.300
2016-04-18 00:00:00,4.630,0.000,0.000,0.000,2.600
2016-04-18 01:00:00,4.320,0.000,0.000,0.000,2.100
2016-04-18 02:00:00,5.070,0.000,0.000,0.000,1.900
2016-04-18 03:00:00,5.750,0.000,0.000,0.000,1.500
2016-04-18 04:00:00,6.050,0.000,0.000,0.000,1.300
2016-04-18 05:00:00,5.990,17.000,106.700,10.000,1.500
2016-04-18 06:00:00,5.790,126.000,435.300,48.000,3.700
2016-04-18 07:00:00,4.870,282.000,616.500,77.000,6.100
2016-04-18 08:00:00,5.800,435.000,701.200,103.000,7.900
2016-04-18 09:00:00,5.920,541.000,692.000,131.000,8.900
2016-04-18 10:00:00,6.330,613.000,667.700,158.000,10.100
2016-04-18 11:00:00,6.560,469.000,262.800,276.000,10.400
2016-04-18 12:00:00,7.090,416.000,172.600,287.000,10.900
2016-04-18 13:00:00,7.790,300.000,37.500,273.000,11.100
2016-04-18 14:00:00,8.530,256.000,53.500,221.000,11.300
2016-04-18 15:00:00,8.600,213.000,66.800,176.000,11.400
2016-04-18 16:00:00,8.060,160.000,58.600,135.000,11.300
2016-04-18 17:00:00,7.650,109.000,110.600,78.000,11.200
2016-04-18 18:00:00,7.580,33.000,47.800,27.000,10.700
2016-04-18 19:00:00,7.670,1.000,0.000,1.000,10.500
2016-04-18 20:00:00,7.720,0.000,0.000,0.000,10.200
2016-04-18 21:00:00,7.810,0.000,0.000,0.000,9.800
2016-04-18 22:00:00,7.700,0.000,0.000,0.000,9.300
2016-04-18 23:00:00,7.640,0.000,0.000,0.000,9.100
2016-04-19 00:00:00,7.960,0.000,0.000,0.000,8.600
2016-04-19 01:00:00,8.220,0.000,0.000,0.000,8.200
2016-04-19 02:00:00,8.220,0.000,0.000,0.000,8.100
2016-04-19 03:00:00,8.240,0.000,0.000,0.000,8.100
2016-04-19 04:00:00,8.240,0.000,0.000,0.000,8.000
2016-04-19 05:00:00,8.220,13.000,58.700,9.000,7.700
2016-04-19 06:00:00,7.710,93.000,249.400,47.000,8.100
2016-04-19 07:00:00,9.000,230.000,405.800,93.000,9.100
2016-04-19 08:00:00,7.800,346.000,420.200,145.000,10.100
2016-04-19 09:00:00,7.910,526.000,654.900,135.000,11.200
2016-04-19 10:00:00,9.590,590.000,650.300,144.000,11.900
2016-04-19 11:00:00,10.090,524.000,440.100,199.000,11.900
2016-04-19 12:00:00,10.980,595.000,505.600,215.000,12.200
2016-04-19 13:00:00,11.270,508.000,421.200,203.000,12.600
2016-04-19 14:00:00,10.880,496.000,501.600,166.000,12.700
2016-04-19 15:00:00,10.620,390.000,392.600,171.000,12.300
2016-04-19 16:00:00,9.760,315.000,420.600,134.000,11.800
2016-04-19 17:00:00,8.580,197.000,450.200,69.000,10.800
2016-04-19 18:00:00,8.430,75.000,292.900,37.000,9.600
2016-04-19 19:00:00,8.150,3.000,19.100,2.000,8.700
2016-04-19 20:00:00,8.040,0.000,0.000,0.000,7.800
2016-04-19 21:00:00,7.770,0.000,0.000,0.000,7.100
2016-04-19 22:00:00,7.410,0.000,0.000,0.000,6.400
2016-04-19 23:00:00,7.290,0.000,0.000,0.000,6.100
2016-04-20 00:00:00,7.190,0.000,0.000,0.000,5.900
2016-04-20 01:00:00,7.180,0.000,0.000,0.000,5.700
2016-04-20 02:00:00,7.080,0.000,0.000,0.000,5.500
2016-04-20 03:00:00,7.020,0.000,0.000,0.000,5.300
2016-04-20 04:00:00,6.670,0.000,0.000,0.000,5.200
2016-04-20 05:00:00,6.400,12.000,42.400,9.000,5.100
2016-04-20 06:00:00,5.910,88.000,205.700,49.000,6.000
2016-04-20 07:00:00,6.810,215.000,294.900,114.000,7.500
2016-04-20 08:00:00,6.030,306.000,358.200,133.000,8.300
2016-04-20 09:00:00,5.580,440.000,400.600,199.000,9.100
2016-04-20 10:00:00,4.850,533.000,457.900,217.000,9.700
2016-04-20 11:00:00,4.880,681.000,634.300,210.000,10.600
2016-04-20 12:00:00,5.280,723.000,724.100,176.000,11.300
2016-04-20 13:00:00,5.390,717.000,773.500,154.000,12.000
2016-04-20 14:00:00,5.140,640.000,749.600,144.000,12.200
2016-04-20 15:00:00,4.470,538.000,765.800,108.000,12.600
2016-04-20 16:00:00,4.180,391.000,688.800,92.000,12.500
2016-04-20 17:00:00,4.600,233.000,579.400,66.000,11.900
2016-04-20 18:00:00,4.900,86.000,366.100,37.000,10.800
2016-04-20 19:00:00,5.460,4.000,19.100,3.000,8.900
2016-04-20 20:00:00,5.610,0.000,0.000,0.000,7.600
2016-04-20 21:00:00,5.220,0.000,0.000,0.000,6.300
2016-04-20 22:00:00,4.610,0.000,0.000,0.000,4.800
2016-04-20 23:00:00,4.010,0.000,0.000,0.000,3.400
2016-04-21 00:00:00,3.300,0.000,0.000,0.000,2.300
2016-04-21 01:00:00,3.040,0.000,0.000,0.000,1.200
2016-04-21 02:00:00,2.940,0.000,0.000,0.000,0.500
2016-04-21 03:00:00,2.600,0.000,0.000,0.000,0.300
2016-04-21 04:00:00,2.350,0.000,0.000,0.000,0.100
2016-04-21 05:00:00,2.520,23.000,136.500,13.000,0.500
2016-04-21 06:00:00,2.100,141.000,462.200,51.000,3.300
2016-04-21 07:00:00,1.000,299.000,641.900,76.000,6.100
2016-04-21 08:00:00,1.080,459.000,750.600,93.000,7.800
2016-04-21 09:00:00,1.200,597.000,812.000,105.000,9.200
2016-04-21 10:00:00,0.810,701.000,844.100,115.000,10.800
2016-04-21 11:00:00,0.900,768.000,873.400,116.000,12.000
2016-04-21 12:00:00,0.890,786.000,886.400,113.000,13.200
2016-04-21 13:00:00,1.500,753.000,879.000,110.000,14.200
2016-04-21 14:00:00,1.660,671.000,847.700,107.000,14.900
2016-04-21 15:00:00,1.920,549.000,794.400,100.000,15.200
2016-04-21 16:00:00,2.330,401.000,717.100,87.000,15.300
2016-04-21 17:00:00,3.050,239.000,588.700,67.000,14.700
2016-04-21 18:00:00,4.520,91.000,377.000,39.000,13.100
2016-04-21 19:00:00,6.090,5.000,19.100,4.000,10.900
2016-04-21 20:00:00,7.320,0.000,0.000,0.000,9.500
2016-04-21 21:00:00,7.040,0.000,0.000,0.000,8.100
2016-04-21 22:00:00,6.170,0.000,0.000,0.000,6.600
2016-04-21 23:00:00,5.220,0.000,0.000,0.000,5.600
2016-04-22 00:00:00,5.240,0.000,0.000,0.000,4.800
2016-04-22 01:00:00,5.250,0.000,0.000,0.000,4.200
2016-04-22 02:00:00,5.110,0.000,0.000,0.000,3.600
2016-04-22 03:00:00,5.230,0.000,0.000,0.000,3.100
2016-04-22 04:00:00,5.320,0.000,0.000,0.000,3.100
2016-04-22 05:00:00,5.090,23.000,132.000,13.000,3.400
2016-04-22 06:00:00,4.040,119.000,325.500,54.000,5.000
2016-04-22 07:00:00,4.720,249.000,383.400,114.000,6.600
2016-04-22 08:00:00,3.910,337.000,323.100,178.000,7.800
2016-04-22 09:00:00,3.450,460.000,375.300,231.000,8.600
2016-04-22 10:00:00,2.140,596.000,539.900,219.000,10.000
2016-04-22 11:00:00,2.700,692.000,586.400,252.000,11.100
2016-04-22 12:00:00,3.200,682.000,599.000,225.000,11.800
2016-04-22 13:00:00,3.300,670.000,621.600,213.000,12.500
2016-04-22 14:00:00,3.880,598.000,581.500,209.000,12.800
2016-04-22 15:00:00,4.470,491.000,597.700,151.000,12.900
2016-04-22 16:00:00,5.160,329.000,385.000,159.000,12.500
2016-04-22 17:00:00,5.670,197.000,307.400,106.000,11.500
2016-04-22 18:00:00,6.470,72.000,140.900,52.000,10.400
2016-04-22 19:00:00,6.240,6.000,19.100,5.000,9.300
2016-04-22 20:00:00,5.770,0.000,0.000,0.000,8.000
2016-04-22 21:00:00,5.500,0.000,0.000,0.000,6.800
2016-04-22 22:00:00,5.650,0.000,0.000,0.000,5.400
2016-04-22 23:00:00,5.070,0.000,0.000,0.000,4.600
2016-04-23 00:00:00,4.700,0.000,0.000,0.000,4.200
2016-04-23 01:00:00,4.430,0.000,0.000,0.000,3.700
2016-04-23 02:00:00,4.120,0.000,0.000,0.000,3.200
2016-04-23 03:00:00,4.020,0.000,0.000,0.000,2.900
2016-04-23 04:00:00,3.970,0.000,0.000,0.000,2.800
2016-04-23 05:00:00,3.890,12.000,0.000,12.000,3.000
2016-04-23 06:00:00,3.410,65.000,19.600,61.000,3.900
2016-04-23 07:00:00,4.310,168.000,95.300,134.000,5.100
2016-04-23 08:00:00,4.810,268.000,205.400,166.000,6.200
2016-04-23 09:00:00,5.310,377.000,253.900,221.000,6.800
2016-04-23 10:00:00,4.670,486.000,323.200,259.000,7.700
2016-04-23 11:00:00,5.660,513.000,346.100,252.000,8.100
2016-04-23 12:00:00,5.840,566.000,384.800,271.000,8.500
2016-04-23 13:00:00,6.190,637.000,595.600,197.000,8.600
2016-04-23 14:00:00,6.690,592.000,623.100,173.000,8.700
2016-04-23 15:00:00,6.960,480.000,562.600,158.000,8.800
2016-04-23 16:00:00,7.380,366.000,552.500,120.000,8.400
2016-04-23 17:00:00,8.020,216.000,416.900,91.000,7.600
2016-04-23 18:00:00,8.060,88.000,301.500,44.000,6.300
2016-04-23 19:00:00,7.710,7.000,38.200,5.000,5.000
2016-04-23 20:00:00,7.400,0.000,0.000,0.000,4.000
2016-04-23 21:00:00,7.240,0.000,0.000,0.000,3.300
2016-04-23 22:00:00,7.030,0.000,0.000,0.000,2.700
2016-04-23 23:00:00,7.240,0.000,0.000,0.000,2.300
2016-04-24 00:00:00,6.940,0.000,0.000,0.000,1.800
2016-04-24 01:00:00,6.820,0.000,0.000,0.000,1.600
2016-04-24 02:00:00,6.900,0.000,0.000,0.000,1.600
2016-04-24 03:00:00,7.110,0.000,0.000,0.000,1.500
2016-04-24 04:00:00,7.000,0.000,0.000,0.000,1.300
2016-04-24 05:00:00,6.700,26.000,136.600,15.000,1.500
2016-04-24 06:00:00,7.210,135.000,358.300,60.000,2.300
2016-04-24 07:00:00,7.020,266.000,464.900,98.000,3.400
2016-04-24 08:00:00,7.000,407.000,596.900,108.000,4.200
2016-04-24 09:00:00,6.410,567.000,711.400,127.000,5.300
2016-04-24 10:00:00,6.510,655.000,713.700,151.000,5.400
2016-04-24 11:00:00,6.540,673.000,566.100,244.000,5.600
2016-04-24 12:00:00,6.550,676.000,553.100,250.000,5.900
2016-04-24 13:00:00,6.710,637.000,505.200,262.000,6.300
2016-04-24 14:00:00,6.960,498.000,390.600,234.000,5.500
2016-04-24 15:00:00,6.280,359.000,248.300,216.000,4.400
2016-04-24 16:00:00,7.000,235.000,178.200,155.000,4.500
2016-04-24 17:00:00,6.440,164.000,177.900,110.000,4.300
2016-04-24 18:00:00,6.540,77.000,206.800,46.000,3.500
2016-04-24 19:00:00,5.600,6.000,19.100,5.000,2.500
2016-04-24 20:00:00,5.330,0.000,0.000,0.000,1.800
2016-04-24 21:00:00,5.590,0.000,0.000,0.000,1.500
2016-04-24 22:00:00,5.500,0.000,0.000,0.000,1.100
2016-04-24 23:00:00,6.200,0.000,0.000,0.000,0.700
2016-04-25 00:00:00,7.340,0.000,0.000,0.000,0.600
2016-04-25 01:00:00,7.710,0.000,0.000,0.000,0.500
2016-04-25 02:00:00,7.200,0.000,0.000,0.000,0.500
2016-04-25 03:00:00,6.710,0.000,0.000,0.000,0.300
2016-04-25 04:00:00,6.730,0.000,0.000,0.000,0.400
2016-04-25 05:00:00,6.550,33.000,193.200,17.000,0.600
2016-04-25 06:00:00,6.180,154.000,429.800,62.000,1.700
2016-04-25 07:00:00,6.530,236.000,270.600,137.000,3.100
2016-04-25 08:00:00,6.350,319.000,223.700,206.000,4.500
2016-04-25 09:00:00,6.440,449.000,355.000,228.000,5.600
2016-04-25 10:00:00,7.150,528.000,447.900,210.000,5.900
2016-04-25 11:00:00,7.710,569.000,462.200,217.000,6.500
2016-04-25 12:00:00,7.780,666.000,589.400,210.000,7.500
2016-04-25 13:00:00,7.850,589.000,410.400,283.000,7.700
2016-04-25 14:00:00,8.030,545.000,450.400,239.000,7.500
2016-04-25 15:00:00,7.850,410.000,265.800,256.000,7.400
2016-04-25 16:00:00,7.090,268.000,161.300,195.000,7.300
2016-04-25 17:00:00,6.310,135.000,97.600,105.000,6.200
2016-04-25 18:00:00,7.570,51.000,19.500,48.000,5.300
2016-04-25 19:00:00,7.940,2.000,0.000,2.000,4.700
2016-04-25 20:00:00,7.400,0.000,0.000,0.000,4.400
2016-04-25 21:00:00,7.020,0.000,0.000,0.000,4.200
2016-04-25 22:00:00,7.390,0.000,0.000,0.000,3.400
2016-04-25 23:00:00,7.310,0.000,0.000,0.000,3.400
2016-04-26 00:00:00,7.720,0.000,0.000,0.000,3.300
2016-04-26 01:00:00,6.460,0.000,0.000,0.000,2.900
2016-04-26 02:00:00,6.280,0.000,0.000,0.000,2.300
2016-04-26 03:00:00,7.170,0.000,0.000,0.000,1.700
2016-04-26 04:00:00,6.860,0.000,0.000,0.000,1.700
2016-04-26 05:00:00,6.350,25.000,70.500,19.000,1.900
2016-04-26 06:00:00,7.240,125.000,214.900,78.000,2.600
2016-04-26 07:00:00,7.730,228.000,343.000,101.000,3.500
2016-04-26 08:00:00,7.500,366.000,416.200,154.000,4.200
2016-04-26 09:00:00,6.940,488.000,504.400,172.000,4.600
2016-04-26 10:00:00,7.480,519.000,428.700,213.000,5.600
2016-04-26 11:00:00,7.520,516.000,322.800,269.000,5.700
2016-04-26 12:00:00,7.500,474.000,247.100,282.000,5.200
2016-04-26 13:00:00,7.420,424.000,229.600,252.000,4.800
2016-04-26 14:00:00,6.020,414.000,301.700,208.000,5.000
2016-04-26 15:00:00,6.510,466.000,497.600,176.000,6.000
2016-04-26 16:00:00,6.400,264.000,228.000,160.000,4.600
2016-04-26 17:00:00,7.250,116.000,77.200,92.000,4.100
2016-04-26 18:00:00,8.500,67.000,82.400,54.000,4.100
2016-04-26 19:00:00,7.620,7.000,18.100,6.000,3.700
2016-04-26 20:00:00,7.570,0.000,0.000,0.000,4.000
2016-04-26 21:00:00,8.580,0.000,0.000,0.000,3.800
2016-04-26 22:00:00,8.730,0.000,0.000,0.000,3.400
2016-04-26 23:00:00,9.480,0.000,0.000,0.000,3.300
2016-04-27 00:00:00,9.690,0.000,0.000,0.000,3.000
2016-04-27 01:00:00,9.590,0.000,0.000,0.000,3.200
2016-04-27 02:00:00,9.880,0.000,0.000,0.000,3.200
2016-04-27 03:00:00,9.210,0.000,0.000,0.000,3.100
2016-04-27 04:00:00,8.330,0.000,0.000,0.000,2.800
2016-04-27 05:00:00,7.780,20.000,34.300,17.000,2.700
2016-04-27 06:00:00,8.580,69.000,58.200,56.000,2.900
2016-04-27 07:00:00,8.630,144.000,120.100,99.000,3.600
2016-04-27 08:00:00,7.880,277.000,220.100,164.000,3.600
2016-04-27 09:00:00,7.000,371.000,174.500,261.000,4.600
2016-04-27 10:00:00,4.610,424.000,234.200,256.000,5.200
2016-04-27 11:00:00,5.460,535.000,351.300,265.000,5.500
2016-04-27 12:00:00,6.080,588.000,365.100,303.000,6.100
2016-04-27 13:00:00,6.450,545.000,338.900,290.000,6.000
2016-04-27 14:00:00,6.740,427.000,225.900,272.000,5.900
2016-04-27 15:00:00,6.870,373.000,208.100,251.000,5.700
2016-04-27 16:00:00,6.890,234.000,124.000,177.000,5.600
2016-04-27 17:00:00,7.830,155.000,149.300,108.000,5.600
2016-04-27 18:00:00,8.230,75.000,86.600,61.000,5.300
2016-04-27 19:00:00,8.970,9.000,17.500,8.000,4.800
2016-04-27 20:00:00,9.230,0.000,0.000,0.000,4.600
2016-04-27 21:00:00,9.220,0.000,0.000,0.000,4.400
2016-04-27 22:00:00,8.860,0.000,0.000,0.000,3.900
2016-04-27 23:00:00,8.660,0.000,0.000,0.000,3.500
2016-04-28 00:00:00,8.920,0.000,0.000,0.000,3.400
2016-04-28 01:00:00,8.390,0.000,0.000,0.000,3.100
2016-04-28 02:00:00,8.050,0.000,0.000,0.000,3.000
2016-04-28 03:00:00,7.910,0.000,0.000,0.000,3.000
2016-04-28 04:00:00,7.620,0.000,0.000,0.000,2.600
2016-04-28 05:00:00,7.500,30.000,100.500,21.000,3.000
2016-04-28 06:00:00,7.940,120.000,210.700,72.000,3.600
2016-04-28 07:00:00,8.100,190.000,261.300,91.000,4.500
2016-04-28 08:00:00,7.710,344.000,313.000,182.000,5.600
2016-04-28 09:00:00,7.030,401.000,353.200,177.000,6.600
2016-04-28 10:00:00,6.530,607.000,543.600,215.000,7.200
2016-04-28 11:00:00,5.920,614.000,419.600,290.000,7.600
2016-04-28 12:00:00,5.900,622.000,484.700,242.000,8.300
2016-04-28 13:00:00,6.410,564.000,390.300,269.000,8.700
2016-04-28 14:00:00,6.870,531.000,430.800,234.000,8.700
2016-04-28 15:00:00,6.520,422.000,340.900,221.000,8.500
2016-04-28 16:00:00,5.620,334.000,427.600,136.000,7.700
2016-04-28 17:00:00,4.120,197.000,276.300,109.000,7.400
2016-04-28 18:00:00,2.630,79.000,181.200,49.000,6.400
2016-04-28 19:00:00,2.870,11.000,33.800,9.000,4.800
2016-04-28 20:00:00,4.550,0.000,0.000,0.000,3.600
2016-04-28 21:00:00,5.380,0.000,0.000,0.000,3.700
2016-04-28 22:00:00,5.300,0.000,0.000,0.000,3.200
2016-04-28 23:00:00,6.360,0.000,0.000,0.000,2.500
2016-04-29 00:00:00,6.020,0.000,0.000,0.000,2.100
2016-04-29 01:00:00,5.680,0.000,0.000,0.000,1.700
2016-04-29 02:00:00,6.410,0.000,0.000,0.000,2.000
2016-04-29 03:00:00,7.000,0.000,0.000,0.000,2.100
2016-04-29 04:00:00,7.380,0.000,0.000,0.000,2.100
2016-04-29 05:00:00,7.540,37.000,65.400,31.000,2.900
2016-04-29 06:00:00,7.860,129.000,124.800,100.000,4.400
2016-04-29 07:00:00,7.030,245.000,206.200,166.000,6.800
2016-04-29 08:00:00,7.440,434.000,511.900,167.000,9.100
2016-04-29 09:00:00,8.220,608.000,739.800,136.000,10.700
2016-04-29 10:00:00,8.660,508.000,409.800,211.000,11.500
2016-04-29 11:00:00,8.830,621.000,499.000,234.000,12.300
2016-04-29 12:00:00,9.550,567.000,440.800,220.000,12.800
2016-04-29 13:00:00,9.190,525.000,363.600,249.000,13.400
2016-04-29 14:00:00,9.080,437.000,284.400,240.000,13.600
2016-04-29 15:00:00,8.410,352.000,234.400,213.000,13.300
2016-04-29 16:00:00,7.390,261.000,225.000,156.000,12.900
2016-04-29 17:00:00,6.370,147.000,180.100,89.000,12.400
2016-04-29 18:00:00,6.430,73.000,112.100,54.000,11.500
2016-04-29 19:00:00,6.530,11.000,16.400,10.000,9.800
2016-04-29 20:00:00,6.330,0.000,0.000,0.000,8.400
2016-04-29 21:00:00,5.770,0.000,0.000,0.000,7.800
2016-04-29 22:00:00,5.000,0.000,0.000,0.000,7.200
2016-04-29 23:00:00,5.260,0.000,0.000,0.000,6.400
2016-04-30 00:00:00,5.380,0.000,0.000,0.000,5.800
2016-04-30 01:00:00,5.530,0.000,0.000,0.000,5.300
2016-04-30 02:00:00,5.660,0.000,0.000,0.000,5.000
2016-04-30 03:00:00,5.190,0.000,0.000,0.000,4.600
2016-04-30 04:00:00,4.720,0.000,0.000,0.000,4.300
2016-04-30 05:00:00,4.100,31.000,85.200,23.000,4.900
2016-04-30 06:00:00,3.250,107.000,126.700,77.000,6.200
2016-04-30 07:00:00,1.840,209.000,118.800,163.000,8.100
2016-04-30 08:00:00,1.630,358.000,236.000,234.000,9.500
2016-04-30 09:00:00,1.510,478.000,311.700,278.000,10.500
2016-04-30 10:00:00,2.020,553.000,374.900,280.000,11.500
2016-04-30 11:00:00,2.150,521.000,268.300,312.000,11.800
2016-04-30 12:00:00,2.920,473.000,237.800,285.000,12.000
2016-04-30 13:00:00,4.170,407.000,213.800,244.000,11.400
2016-04-30 14:00:00,5.450,348.000,182.500,221.000,10.500
2016-04-30 15:00:00,5.420,273.000,127.400,197.000,10.200
2016-04-30 16:00:00,5.350,282.000,185.100,195.000,10.200
2016-04-30 17:00:00,5.430,163.000,101.300,130.000,9.900
2016-04-30 18:00:00,5.410,65.000,23.100,61.000,9.300
2016-04-30 19:00:00,6.000,12.000,31.800,10.000,8.600
2016-04-30 20:00:00,6.830,0.000,0.000,0.000,7.900
2016-04-30 21:00:00,7.060,0.000,0.000,0.000,7.500
2016-04-30 22:00:00,7.040,0.000,0.000,0.000,7.400
2016-04-30 23:00:00,6.740,0.000,0.000,0.000,7.000
2016-05-01 00:00:00,6.450,0.000,0.000,0.000,6.500
2016-05-01 01:00:00,6.280,0.000,0.000,0.000,6.100
2016-05-01 02:00:00,6.430,0.000,0.000,0.000,5.700
2016-05-01 03:00:00,6.420,0.000,0.000,0.000,5.500
2016-05-01 04:00:00,6.710,0.000,0.000,0.000,5.300
2016-05-01 05:00:00,6.730,40.000,104.100,30.000,5.500
2016-05-01 06:00:00,6.110,169.000,423.200,67.000,6.500
2016-05-01 07:00:00,6.760,320.000,579.900,93.000,8.000
2016-05-01 08:00:00,6.130,413.000,476.000,161.000,9.800
2016-05-01 09:00:00,6.180,557.000,582.600,181.000,11.200
2016-05-01 10:00:00,5.050,644.000,552.200,240.000,13.500
2016-05-01 11:00:00,4.520,700.000,611.100,222.000,14.900
2016-05-01 12:00:00,4.080,637.000,515.300,228.000,15.800
2016-05-01 13:00:00,3.820,580.000,489.900,205.000,16.500
2016-05-01 14:00:00,3.860,428.000,297.500,220.000,16.600
2016-05-01 15:00:00,4.170,394.000,376.900,168.000,17.000
2016-05-01 16:00:00,4.620,222.000,156.300,148.000,16.700
2016-05-01 17:00:00,5.150,166.000,212.600,96.000,16.400
2016-05-01 18:00:00,5.890,89.000,231.500,48.000,15.300
2016-05-01 19:00:00,6.440,16.000,92.700,10.000,13.700
2016-05-01 20:00:00,6.470,0.000,0.000,0.000,12.100
2016-05-01 21:00:00,6.060,0.000,0.000,0.000,10.600
2016-05-01 22:00:00,5.370,0.000,0.000,0.000,8.900
2016-05-01 23:00:00,4.820,0.000,0.000,0.000,7.800
2016-05-02 00:00:00,4.330,0.000,0.000,0.000,6.900
2016-05-02 01:00:00,3.720,0.000,0.000,0.000,5.800
2016-05-02 02:00:00,3.450,0.000,0.000,0.000,4.800
2016-05-02 03:00:00,3.110,0.000,0.000,0.000,4.000
2016-05-02 04:00:00,2.950,0.000,0.000,0.000,3.200
2016-05-02 05:00:00,2.420,52.000,265.000,26.000,4.400
2016-05-02 06:00:00,1.530,184.000,497.400,62.000,7.600
2016-05-02 07:00:00,0.630,343.000,657.500,83.000,10.600
2016-05-02 08:00:00,0.730,499.000,752.100,98.000,13.000
2016-05-02 09:00:00,0.810,636.000,812.100,109.000,14.900
2016-05-02 10:00:00,1.330,740.000,847.600,117.000,17.000
2016-05-02 11:00:00,1.940,802.000,867.000,121.000,18.100
2016-05-02 12:00:00,2.280,816.000,872.200,121.000,18.700
2016-05-02 13:00:00,2.470,780.000,860.100,119.000,19.300
2016-05-02 14:00:00,2.420,701.000,837.200,113.000,19.800
2016-05-02 15:00:00,2.690,584.000,797.900,103.000,19.800
2016-05-02 16:00:00,3.260,434.000,719.400,91.000,19.800
2016-05-02 17:00:00,3.540,274.000,600.900,74.000,19.100
2016-05-02 18:00:00,4.460,122.000,409.200,48.000,17.600
2016-05-02 19:00:00,5.380,18.000,105.100,11.000,15.100
2016-05-02 20:00:00,6.060,0.000,0.000,0.000,13.200
2016-05-02 21:00:00,6.720,0.000,0.000,0.000,12.200
2016-05-02 22:00:00,6.780,0.000,0.000,0.000,11.200
2016-05-02 23:00:00,7.060,0.000,0.000,0.000,10.600
2016-05-03 00:00:00,7.220,0.000,0.000,0.000,10.300
2016-05-03 01:00:00,7.110,0.000,0.000,0.000,9.700
2016-05-03 02:00:00,6.690,0.000,0.000,0.000,9.400
2016-05-03 03:00:00,6.080,0.000,0.000,0.000,8.900
2016-05-03 04:00:00,5.450,1.000,0.000,1.000,8.600
2016-05-03 05:00:00,5.050,39.000,79.900,31.000,9.300
2016-05-03 06:00:00,4.660,111.000,112.200,83.000,10.600
2016-05-03 07:00:00,4.400,239.000,250.400,139.000,11.400
2016-05-03 08:00:00,5.680,272.000,245.900,140.000,11.600
2016-05-03 09:00:00,6.220,302.000,183.900,182.000,12.000
2016-05-03 10:00:00,6.670,245.000,67.700,195.000,10.900
2016-05-03 11:00:00,6.970,254.000,41.800,221.000,10.500
2016-05-03 12:00:00,6.790,230.000,46.300,193.000,10.400
2016-05-03 13:00:00,6.750,321.000,92.000,250.000,10.700
2016-05-03 14:00:00,6.820,383.000,185.700,252.000,11.500
2016-05-03 15:00:00,7.100,335.000,194.700,217.000,12.000
2016-05-03 16:00:00,7.050,294.000,260.400,169.000,12.400
2016-05-03 17:00:00,6.740,216.000,365.700,93.000,12.300
2016-05-03 18:00:00,6.740,105.000,276.400,54.000,11.400
2016-05-03 19:00:00,6.880,19.000,102.300,12.000,10.000
2016-05-03 20:00:00,6.820,0.000,0.000,0.000,8.700
2016-05-03 21:00:00,6.460,0.000,0.000,0.000,7.400
2016-05-03 22:00:00,6.380,0.000,0.000,0.000,6.600
2016-05-03 23:00:00,5.940,0.000,0.000,0.000,5.800
2016-05-04 00:00:00,5.730,0.000,0.000,0.000,5.300
2016-05-04 01:00:00,5.240,0.000,0.000,0.000,4.700
2016-05-04 02:00:00,4.830,0.000,0.000,0.000,3.900
2016-05-04 03:00:00,5.160,0.000,0.000,0.000,3.800
2016-05-04 04:00:00,5.370,1.000,0.000,1.000,3.600
2016-05-04 05:00:00,4.990,48.000,205.600,27.000,4.000
2016-05-04 06:00:00,4.060,140.000,272.100,71.000,6.200
2016-05-04 07:00:00,4.830,231.000,327.300,99.000,8.200
2016-05-04 08:00:00,4.340,356.000,316.400,185.000,9.400
2016-05-04 09:00:00,3.940,482.000,335.400,262.000,10.500
2016-05-04 10:00:00,2.770,588.000,441.000,261.000,11.700
2016-05-04 11:00:00,2.560,581.000,360.000,296.000,12.500
2016-05-04 12:00:00,3.040,538.000,313.800,286.000,13.300
2016-05-04 13:00:00,2.980,615.000,413.100,295.000,13.800
2016-05-04 14:00:00,3.010,585.000,544.900,199.000,14.400
2016-05-04 15:00:00,2.720,510.000,556.500,171.000,15.100
2016-05-04 16:00:00,2.590,311.000,287.600,172.000,15.000
2016-05-04 17:00:00,2.020,181.000,164.800,125.000,14.800
2016-05-04 18:00:00,1.720,102.000,191.300,66.000,14.500
2016-05-04 19:00:00,1.700,20.000,113.900,12.000,13.100
2016-05-04 20:00:00,2.190,0.000,0.000,0.000,10.700
2016-05-04 21:00:00,3.010,0.000,0.000,0.000,8.600
2016-05-04 22:00:00,4.850,0.000,0.000,0.000,7.100
2016-05-04 23:00:00,4.960,0.000,0.000,0.000,5.500
2016-05-05 00:00:00,4.750,0.000,0.000,0.000,4.600
2016-05-05 01:00:00,4.720,0.000,0.000,0.000,3.500
2016-05-05 02:00:00,4.400,0.000,0.000,0.000,2.600
2016-05-05 03:00:00,4.250,0.000,0.000,0.000,1.900
2016-05-05 04:00:00,4.160,1.000,0.000,1.000,1.900
2016-05-05 05:00:00,3.940,62.000,302.600,30.000,3.500
2016-05-05 06:00:00,3.400,197.000,516.400,64.000,6.600
2016-05-05 07:00:00,2.160,355.000,660.900,86.000,9.700
2016-05-05 08:00:00,2.430,509.000,751.800,100.000,12.400
2016-05-05 09:00:00,2.830,643.000,805.500,112.000,14.000
2016-05-05 10:00:00,3.770,743.000,837.900,119.000,15.200
2016-05-05 11:00:00,3.610,802.000,853.100,124.000,16.000
2016-05-05 12:00:00,3.760,813.000,854.900,124.000,16.900
2016-05-05 13:00:00,4.240,744.000,803.900,119.000,17.500
2016-05-05 14:00:00,4.660,600.000,572.100,193.000,17.900
2016-05-05 15:00:00,4.780,482.000,519.400,164.000,18.500
2016-05-05 16:00:00,5.010,323.000,355.500,150.000,18.500
2016-05-05 17:00:00,4.810,153.000,171.900,94.000,18.000
2016-05-05 18:00:00,5.570,87.000,145.900,59.000,17.400
2016-05-05 19:00:00,6.530,22.000,125.000,13.000,15.200
2016-05-05 20:00:00,6.960,0.000,0.000,0.000,13.300
2016-05-05 21:00:00,7.100,0.000,0.000,0.000,12.200
2016-05-05 22:00:00,7.280,0.000,0.000,0.000,11.200
2016-05-05 23:00:00,7.260,0.000,0.000,0.000,10.500
2016-05-06 00:00:00,7.160,0.000,0.000,0.000,10.000
2016-05-06 01:00:00,7.290,0.000,0.000,0.000,9.500
2016-05-06 02:00:00,7.210,0.000,0.000,0.000,8.800
2016-05-06 03:00:00,6.980,0.000,0.000,0.000,8.500
2016-05-06 04:00:00,7.020,2.000,0.000,2.000,8.100
2016-05-06 05:00:00,6.890,62.000,282.100,31.000,9.200
2016-05-06 06:00:00,6.630,194.000,493.400,65.000,12.000
2016-05-06 07:00:00,5.290,347.000,628.200,89.000,14.700
2016-05-06 08:00:00,5.460,496.000,703.200,111.000,17.200
2016-05-06 09:00:00,6.040,596.000,618.900,186.000,19.000
2016-05-06 10:00:00,6.330,694.000,655.300,204.000,20.600
2016-05-06 11:00:00,7.020,764.000,719.600,190.000,21.700
2016-05-06 12:00:00,7.180,795.000,788.800,157.000,22.600
2016-05-06 13:00:00,7.320,770.000,815.000,134.000,23.300
2016-05-06 14:00:00,7.470,699.000,818.900,114.000,23.600
2016-05-06 15:00:00,7.540,584.000,777.000,106.000,23.600
2016-05-06 16:00:00,7.320,440.000,708.500,93.000,23.400
2016-05-06 17:00:00,7.340,283.000,597.200,76.000,22.900
2016-05-06 18:00:00,7.780,133.000,419.500,51.000,21.900
2016-05-06 19:00:00,8.140,24.000,149.100,13.000,19.700
2016-05-06 20:00:00,8.320,0.000,0.000,0.000,17.800
2016-05-06 21:00:00,8.360,0.000,0.000,0.000,16.300
2016-05-06 22:00:00,8.630,0.000,0.000,0.000,15.100
2016-05-06 23:00:00,8.390,0.000,0.000,0.000,14.300
2016-05-07 00:00:00,8.140,0.000,0.000,0.000,13.500
2016-05-07 01:00:00,7.720,0.000,0.000,0.000,12.900
2016-05-07 02:00:00,7.430,0.000,0.000,0.000,12.300
2016-05-07 03:00:00,7.300,0.000,0.000,0.000,11.900
2016-05-07 04:00:00,7.280,2.000,0.000,2.000,11.500
2016-05-07 05:00:00,7.180,66.000,298.500,32.000,12.500
2016-05-07 06:00:00,7.070,200.000,512.700,64.000,14.800
2016-05-07 07:00:00,5.800,358.000,659.000,85.000,17.200
2016-05-07 08:00:00,5.800,513.000,749.800,100.000,19.600
2016-05-07 09:00:00,5.970,648.000,806.800,111.000,21.500
2016-05-07 10:00:00,6.530,749.000,840.500,118.000,23.100
2016-05-07 11:00:00,7.930,810.000,859.400,122.000,23.500
2016-05-07 12:00:00,8.050,824.000,863.700,123.000,24.000
2016-05-07 13:00:00,8.220,789.000,854.200,120.000,24.200
2016-05-07 14:00:00,8.250,710.000,831.000,114.000,24.400
2016-05-07 15:00:00,8.370,593.000,787.800,106.000,24.400
2016-05-07 16:00:00,8.100,448.000,720.200,93.000,24.100
2016-05-07 17:00:00,7.560,289.000,608.700,76.000,23.600
2016-05-07 18:00:00,7.470,138.000,432.200,52.000,22.600
2016-05-07 19:00:00,7.790,27.000,159.000,15.000,20.600
2016-05-07 20:00:00,8.270,0.000,0.000,0.000,19.000
2016-05-07 21:00:00,8.790,0.000,0.000,0.000,18.100
2016-05-07 22:00:00,9.210,0.000,0.000,0.000,16.900
2016-05-07 23:00:00,8.850,0.000,0.000,0.000,16.100
2016-05-08 00:00:00,8.680,0.000,0.000,0.000,15.200
2016-05-08 01:00:00,8.680,0.000,0.000,0.000,14.300
2016-05-08 02:00:00,8.420,0.000,0.000,0.000,13.500
2016-05-08 03:00:00,8.560,0.000,0.000,0.000,13.000
2016-05-08 04:00:00,8.580,3.000,0.000,3.000,12.400
2016-05-08 05:00:00,8.290,71.000,313.900,34.000,13.300
2016-05-08 06:00:00,8.510,207.000,527.900,65.000,15.400
2016-05-08 07:00:00,7.690,365.000,667.800,86.000,17.400
2016-05-08 08:00:00,8.010,517.000,752.600,100.000,19.300
2016-05-08 09:00:00,8.790,649.000,803.100,112.000,20.600
2016-05-08 10:00:00,9.150,748.000,834.600,119.000,21.500
2016-05-08 11:00:00,9.680,806.000,850.200,123.000,22.300
2016-05-08 12:00:00,10.120,817.000,851.000,124.000,23.100
2016-05-08 13:00:00,10.180,782.000,841.100,121.000,23.500
2016-05-08 14:00:00,10.060,704.000,816.700,116.000,23.800
2016-05-08 15:00:00,10.020,588.000,777.600,105.000,23.800
2016-05-08 16:00:00,9.900,440.000,693.600,96.000,23.500
2016-05-08 17:00:00,8.920,279.000,563.400,80.000,23.000
2016-05-08 18:00:00,8.700,137.000,419.800,52.000,22.100
2016-05-08 19:00:00,8.710,27.000,155.500,15.000,20.500
2016-05-08 20:00:00,9.150,0.000,0.000,0.000,18.900
2016-05-08 21:00:00,9.170,0.000,0.000,0.000,17.900
2016-05-08 22:00:00,8.630,0.000,0.000,0.000,16.700
2016-05-08 23:00:00,8.080,0.000,0.000,0.000,15.900
2016-05-09 00:00:00,7.830,0.000,0.000,0.000,14.900
2016-05-09 01:00:00,7.770,0.000,0.000,0.000,13.900
2016-05-09 02:00:00,7.890,0.000,0.000,0.000,13.100
2016-05-09 03:00:00,7.620,0.000,0.000,0.000,12.700
2016-05-09 04:00:00,7.810,3.000,19.100,2.000,12.400
2016-05-09 05:00:00,8.030,70.000,295.800,34.000,14.000
2016-05-09 06:00:00,7.850,203.000,502.500,66.000,16.000
2016-05-09 07:00:00,7.500,358.000,645.800,86.000,17.800
2016-05-09 08:00:00,8.060,510.000,732.100,102.000,19.400
2016-05-09 09:00:00,8.950,641.000,786.100,113.000,20.600
2016-05-09 10:00:00,9.140,741.000,820.900,120.000,21.900
2016-05-09 11:00:00,9.850,799.000,837.400,124.000,22.900
2016-05-09 12:00:00,10.020,817.000,848.200,124.000,23.700
2016-05-09 13:00:00,9.850,781.000,835.700,122.000,24.300
2016-05-09 14:00:00,9.490,703.000,812.200,116.000,24.600
2016-05-09 15:00:00,9.080,586.000,767.700,107.000,24.600
2016-05-09 16:00:00,8.600,444.000,699.400,95.000,24.400
2016-05-09 17:00:00,7.650,288.000,592.000,77.000,23.700
2016-05-09 18:00:00,7.500,139.000,422.500,52.000,22.500
2016-05-09 19:00:00,7.590,29.000,152.200,17.000,20.700
2016-05-09 20:00:00,7.890,0.000,0.000,0.000,19.000
2016-05-09 21:00:00,7.830,0.000,0.000,0.000,17.900
2016-05-09 22:00:00,8.730,0.000,0.000,0.000,16.700
2016-05-09 23:00:00,8.820,0.000,0.000,0.000,15.900
2016-05-10 00:00:00,8.820,0.000,0.000,0.000,15.200
2016-05-10 01:00:00,8.490,0.000,0.000,0.000,14.400
2016-05-10 02:00:00,8.260,0.000,0.000,0.000,13.500
2016-05-10 03:00:00,8.000,0.000,0.000,0.000,12.800
2016-05-10 04:00:00,8.020,4.000,19.100,3.000,12.400
2016-05-10 05:00:00,7.910,72.000,263.100,39.000,13.600
2016-05-10 06:00:00,7.090,205.000,481.700,72.000,15.600
2016-05-10 07:00:00,6.810,352.000,579.600,106.000,17.500
2016-05-10 08:00:00,6.820,512.000,708.500,115.000,19.100
2016-05-10 09:00:00,7.080,648.000,778.300,123.000,20.400
2016-05-10 10:00:00,6.160,752.000,828.500,123.000,21.800
2016-05-10 11:00:00,6.800,808.000,835.900,132.000,22.700
2016-05-10 12:00:00,6.930,817.000,830.900,136.000,23.400
2016-05-10 13:00:00,6.890,773.000,789.900,148.000,23.900
2016-05-10 14:00:00,6.960,704.000,800.900,123.000,24.100
2016-05-10 15:00:00,7.120,587.000,757.900,112.000,24.200
2016-05-10 16:00:00,7.090,444.000,689.300,98.000,23.900
2016-05-10 17:00:00,6.430,275.000,553.400,76.000,23.300
2016-05-10 18:00:00,6.260,128.000,372.700,50.000,22.100
2016-05-10 19:00:00,6.920,28.000,149.100,16.000,20.300
2016-05-10 20:00:00,7.670,0.000,0.000,0.000,18.900
2016-05-10 21:00:00,7.950,0.000,0.000,0.000,18.000
2016-05-10 22:00:00,8.020,0.000,0.000,0.000,16.600
2016-05-10 23:00:00,8.180,0.000,0.000,0.000,15.600
2016-05-11 00:00:00,8.150,0.000,0.000,0.000,15.000
2016-05-11 01:00:00,7.780,0.000,0.000,0.000,14.200
2016-05-11 02:00:00,7.430,0.000,0.000,0.000,13.500
2016-05-11 03:00:00,7.080,0.000,0.000,0.000,13.000
2016-05-11 04:00:00,6.780,4.000,19.100,3.000,12.400
2016-05-11 05:00:00,6.320,76.000,302.200,37.000,13.500
2016-05-11 06:00:00,5.460,200.000,447.200,75.000,15.700
2016-05-11 07:00:00,4.960,366.000,647.700,89.000,17.900
2016-05-11 08:00:00,5.740,505.000,672.800,126.000,19.900
2016-05-11 09:00:00,6.890,644.000,761.800,128.000,21.500
2016-05-11 10:00:00,7.500,726.000,752.100,153.000,22.900
2016-05-11 11:00:00,8.450,744.000,717.400,162.000,23.500
2016-05-11 12:00:00,9.140,766.000,735.900,161.000,24.100
2016-05-11 13:00:00,9.080,722.000,698.000,168.000,24.600
2016-05-11 14:00:00,8.900,652.000,695.000,146.000,24.700
2016-05-11 15:00:00,8.760,482.000,451.200,198.000,24.400
2016-05-11 16:00:00,8.560,425.000,582.300,131.000,24.100
2016-05-11 17:00:00,7.640,278.000,499.100,97.000,23.300
2016-05-11 18:00:00,7.160,136.000,338.700,64.000,22.100
2016-05-11 19:00:00,7.130,30.000,134.000,19.000,20.300
2016-05-11 20:00:00,7.500,0.000,0.000,0.000,18.700
2016-05-11 21:00:00,7.620,0.000,0.000,0.000,17.600
2016-05-11 22:00:00,7.910,0.000,0.000,0.000,16.300
2016-05-11 23:00:00,8.080,0.000,0.000,0.000,15.400
2016-05-12 00:00:00,8.390,0.000,0.000,0.000,14.500
2016-05-12 01:00:00,8.360,0.000,0.000,0.000,14.000
2016-05-12 02:00:00,8.250,0.000,0.000,0.000,13.600
2016-05-12 03:00:00,8.140,0.000,0.000,0.000,13.200
2016-05-12 04:00:00,8.030,5.000,19.100,4.000,13.000
2016-05-12 05:00:00,7.550,78.000,309.200,37.000,13.900
2016-05-12 06:00:00,6.960,213.000,516.200,67.000,15.600
2016-05-12 07:00:00,7.470,367.000,647.700,88.000,17.300
2016-05-12 08:00:00,7.500,515.000,724.100,105.000,19.100
2016-05-12 09:00:00,7.760,647.000,780.900,116.000,20.500
2016-05-12 10:00:00,7.450,749.000,822.800,120.000,22.400
2016-05-12 11:00:00,8.390,754.000,766.800,130.000,23.300
2016-05-12 12:00:00,8.440,675.000,631.800,154.000,23.600
2016-05-12 13:00:00,7.880,580.000,509.900,174.000,23.800
2016-05-12 14:00:00,7.920,582.000,583.100,156.000,24.000
2016-05-12 15:00:00,7.630,460.000,525.200,128.000,24.200
2016-05-12 16:00:00,6.850,317.000,407.700,110.000,23.600
2016-05-12 17:00:00,7.270,252.000,451.200,87.000,22.000
2016-05-12 18:00:00,8.150,97.000,213.100,51.000,21.200
2016-05-12 19:00:00,8.200,26.000,131.500,15.000,19.700
2016-05-12 20:00:00,8.030,0.000,0.000,0.000,18.400
2016-05-12 21:00:00,7.750,0.000,0.000,0.000,17.000
2016-05-12 22:00:00,7.360,0.000,0.000,0.000,15.800
2016-05-12 23:00:00,7.340,0.000,0.000,0.000,14.700
2016-05-13 00:00:00,6.900,0.000,0.000,0.000,13.700
2016-05-13 01:00:00,6.330,0.000,0.000,0.000,12.700
2016-05-13 02:00:00,6.390,0.000,0.000,0.000,11.800
2016-05-13 03:00:00,6.660,0.000,0.000,0.000,11.000
2016-05-13 04:00:00,6.650,5.000,19.100,4.000,10.400
2016-05-13 05:00:00,6.390,72.000,242.700,39.000,11.100
2016-05-13 06:00:00,5.080,203.000,454.500,73.000,12.600
2016-05-13 07:00:00,4.690,353.000,585.700,99.000,14.300
2016-05-13 08:00:00,4.660,488.000,646.800,120.000,16.300
2016-05-13 09:00:00,5.010,638.000,732.500,138.000,18.200
2016-05-13 10:00:00,5.330,759.000,830.600,122.000,20.300
2016-05-13 11:00:00,5.720,821.000,854.000,124.000,21.200
2016-05-13 12:00:00,5.700,836.000,862.200,123.000,21.900
2016-05-13 13:00:00,5.980,801.000,851.500,121.000,22.200
2016-05-13 14:00:00,6.230,727.000,834.900,115.000,22.400
2016-05-13 15:00:00,6.820,599.000,765.600,113.000,22.500
2016-05-13 16:00:00,6.800,427.000,597.400,122.000,22.000
2016-05-13 17:00:00,6.810,280.000,509.900,92.000,21.000
2016-05-13 18:00:00,7.120,140.000,374.400,58.000,19.400
2016-05-13 19:00:00,7.330,34.000,164.300,20.000,17.300
2016-05-13 20:00:00,7.790,0.000,0.000,0.000,15.200
2016-05-13 21:00:00,8.080,0.000,0.000,0.000,13.300
2016-05-13 22:00:00,7.640,0.000,0.000,0.000,11.600
2016-05-13 23:00:00,7.860,0.000,0.000,0.000,10.100
2016-05-14 00:00:00,7.430,0.000,0.000,0.000,9.000
2016-05-14 01:00:00,7.060,0.000,0.000,0.000,8.300
2016-05-14 02:00:00,7.350,0.000,0.000,0.000,7.900
2016-05-14 03:00:00,7.380,0.000,0.000,0.000,7.700
2016-05-14 04:00:00,8.070,5.000,0.000,5.000,7.700
2016-05-14 05:00:00,8.720,53.000,50.300,46.000,7.800
2016-05-14 06:00:00,8.720,161.000,207.500,101.000,8.200
2016-05-14 07:00:00,9.240,224.000,176.400,147.000,8.700
2016-05-14 08:00:00,9.300,385.000,339.400,191.000,9.300
2016-05-14 09:00:00,9.350,397.000,200.000,260.000,10.200
2016-05-14 10:00:00,8.100,412.000,136.500,307.000,10.100
2016-05-14 11:00:00,9.250,535.000,336.000,260.000,10.800
2016-05-14 12:00:00,9.460,578.000,395.500,250.000,11.200
2016-05-14 13:00:00,10.160,540.000,348.300,261.000,11.200
2016-05-14 14:00:00,9.980,507.000,402.500,211.000,11.000
2016-05-14 15:00:00,9.450,512.000,530.300,174.000,11.000
2016-05-14 16:00:00,9.840,379.000,493.000,126.000,10.700
2016-05-14 17:00:00,10.080,279.000,476.300,102.000,9.900
2016-05-14 18:00:00,9.790,126.000,261.100,68.000,9.000
2016-05-14 19:00:00,9.810,34.000,173.000,19.000,8.000
2016-05-14 20:00:00,9.620,0.000,0.000,0.000,6.900
2016-05-14 21:00:00,9.340,0.000,0.000,0.000,6.300
2016-05-14 22:00:00,8.910,0.000,0.000,0.000,6.000
2016-05-14 23:00:00,9.110,0.000,0.000,0.000,6.000
2016-05-15 00:00:00,9.100,0.000,0.000,0.000,5.900
2016-05-15 01:00:00,8.760,0.000,0.000,0.000,6.000
2016-05-15 02:00:00,8.680,0.000,0.000,0.000,5.700
2016-05-15 03:00:00,8.590,0.000,0.000,0.000,5.500
2016-05-15 04:00:00,8.340,6.000,19.100,5.000,5.300
2016-05-15 05:00:00,8.340,67.000,203.600,38.000,5.900
2016-05-15 06:00:00,8.710,187.000,383.500,75.000,6.700
2016-05-15 07:00:00,8.470,347.000,537.200,111.000,7.400
2016-05-15 08:00:00,8.420,466.000,564.300,142.000,8.200
2016-05-15 09:00:00,8.710,552.000,493.100,213.000,9.200
2016-05-15 10:00:00,8.600,600.000,394.000,296.000,8.800
2016-05-15 11:00:00,8.630,608.000,377.700,298.000,9.200
2016-05-15 12:00:00,8.880,589.000,325.900,318.000,9.200
2016-05-15 13:00:00,8.860,514.000,251.500,312.000,9.200
2016-05-15 14:00:00,9.950,501.000,306.300,275.000,9.300
2016-05-15 15:00:00,9.430,448.000,362.600,216.000,9.000
2016-05-15 16:00:00,10.330,322.000,315.900,159.000,9.300
2016-05-15 17:00:00,8.720,244.000,384.500,100.000,9.100
2016-05-15 18:00:00,8.130,144.000,359.600,63.000,8.600
2016-05-15 19:00:00,8.080,35.000,158.700,21.000,7.900
2016-05-15 20:00:00,7.840,0.000,0.000,0.000,7.200
2016-05-15 21:00:00,7.710,0.000,0.000,0.000,6.700
2016-05-15 22:00:00,7.260,0.000,0.000,0.000,6.100
2016-05-15 23:00:00,7.280,0.000,0.000,0.000,5.900
2016-05-16 00:00:00,7.600,0.000,0.000,0.000,5.400
2016-05-16 01:00:00,7.540,0.000,0.000,0.000,5.400
2016-05-16 02:00:00,7.420,0.000,0.000,0.000,4.900
2016-05-16 03:00:00,7.220,0.000,0.000,0.000,4.700
2016-05-16 04:00:00,7.110,7.000,38.200,5.000,4.800
2016-05-16 05:00:00,6.600,65.000,178.600,39.000,5.500
2016-05-16 06:00:00,7.380,191.000,383.100,78.000,6.600
2016-05-16 07:00:00,6.870,333.000,522.600,102.000,7.800
2016-05-16 08:00:00,6.720,408.000,478.600,132.000,8.700
2016-05-16 09:00:00,6.840,521.000,510.200,169.000,9.600
2016-05-16 10:00:00,6.250,538.000,382.500,242.000,9.800
2016-05-16 11:00:00,6.500,627.000,458.100,250.000,10.500
2016-05-16 12:00:00,7.130,721.000,595.000,225.000,11.500
2016-05-16 13:00:00,7.330,664.000,569.900,205.000,11.600
2016-05-16 14:00:00,7.690,456.000,281.000,248.000,11.600
2016-05-16 15:00:00,7.910,475.000,421.900,204.000,12.200
2016-05-16 16:00:00,7.920,252.000,106.100,197.000,11.900
2016-05-16 17:00:00,7.380,193.000,188.200,122.000,11.400
2016-05-16 18:00:00,6.980,136.000,275.900,73.000,10.900
2016-05-16 19:00:00,6.710,44.000,223.100,24.000,9.800
2016-05-16 20:00:00,6.440,0.000,0.000,0.000,8.600
2016-05-16 21:00:00,6.140,0.000,0.000,0.000,7.700
2016-05-16 22:00:00,6.460,0.000,0.000,0.000,7.000
2016-05-16 23:00:00,6.930,0.000,0.000,0.000,6.700
2016-05-17 00:00:00,7.110,0.000,0.000,0.000,6.900
2016-05-17 01:00:00,7.200,0.000,0.000,0.000,7.000
2016-05-17 02:00:00,7.410,0.000,0.000,0.000,7.400
2016-05-17 03:00:00,7.530,0.000,0.000,0.000,7.400
2016-05-17 04:00:00,7.640,5.000,19.100,4.000,7.400
2016-05-17 05:00:00,7.620,58.000,101.000,43.000,7.700
2016-05-17 06:00:00,8.140,139.000,201.500,79.000,8.500
2016-05-17 07:00:00,9.060,165.000,144.000,101.000,9.100
2016-05-17 08:00:00,8.290,236.000,186.500,128.000,10.100
2016-05-17 09:00:00,8.490,269.000,137.300,174.000,10.600
2016-05-17 10:00:00,7.980,367.000,177.800,229.000,11.200
2016-05-17 11:00:00,7.710,398.000,157.600,268.000,11.700
2016-05-17 12:00:00,7.140,310.000,40.700,276.000,12.000
2016-05-17 13:00:00,8.160,330.000,107.700,243.000,12.500
2016-05-17 14:00:00,6.530,332.000,106.400,253.000,13.100
2016-05-17 15:00:00,7.090,262.000,80.600,210.000,13.800
2016-05-17 16:00:00,6.300,217.000,119.000,155.000,14.100
2016-05-17 17:00:00,4.770,129.000,68.400,103.000,14.000
2016-05-17 18:00:00,3.750,48.000,4.300,47.000,13.600
2016-05-17 19:00:00,2.860,22.000,65.900,16.000,12.000
2016-05-17 20:00:00,1.730,0.000,0.000,0.000,11.100
2016-05-17 21:00:00,1.430,0.000,0.000,0.000,10.700
2016-05-17 22:00:00,3.440,0.000,0.000,0.000,8.400
2016-05-17 23:00:00,4.120,0.000,0.000,0.000,8.200
2016-05-18 00:00:00,4.690,0.000,0.000,0.000,8.100
2016-05-18 01:00:00,5.150,0.000,0.000,0.000,7.900
2016-05-18 02:00:00,5.950,0.000,0.000,0.000,8.200
2016-05-18 03:00:00,6.450,0.000,0.000,0.000,8.200
2016-05-18 04:00:00,6.080,7.000,38.000,5.000,8.200
2016-05-18 05:00:00,5.020,58.000,151.900,35.000,9.100
2016-05-18 06:00:00,3.700,146.000,256.300,69.000,11.000
2016-05-18 07:00:00,3.770,286.000,369.000,121.000,13.100
2016-05-18 08:00:00,4.360,392.000,397.300,161.000,14.500
2016-05-18 09:00:00,5.160,518.000,452.200,204.000,15.500
2016-05-18 10:00:00,4.550,555.000,501.200,165.000,16.500
2016-05-18 11:00:00,4.790,570.000,494.500,161.000,17.100
2016-05-18 12:00:00,4.940,399.000,224.400,211.000,17.200
2016-05-18 13:00:00,5.380,488.000,348.200,206.000,17.200
2016-05-18 14:00:00,5.170,419.000,298.100,197.000,17.300
2016-05-18 15:00:00,4.480,368.000,309.000,168.000,17.200
2016-05-18 16:00:00,3.940,288.000,288.300,137.000,17.500
2016-05-18 17:00:00,2.730,229.000,352.500,94.000,17.600
2016-05-18 18:00:00,2.920,106.000,221.900,54.000,17.100
2016-05-18 19:00:00,4.140,35.000,108.100,25.000,15.800
2016-05-18 20:00:00,5.080,0.000,0.000,0.000,14.600
2016-05-18 21:00:00,5.460,0.000,0.000,0.000,13.400
2016-05-18 22:00:00,4.920,0.000,0.000,0.000,12.100
2016-05-18 23:00:00,5.000,0.000,0.000,0.000,11.400
2016-05-19 00:00:00,4.860,0.000,0.000,0.000,11.000
2016-05-19 01:00:00,4.800,0.000,0.000,0.000,10.600
2016-05-19 02:00:00,4.750,0.000,0.000,0.000,9.700
2016-05-19 03:00:00,4.740,0.000,0.000,0.000,9.600
2016-05-19 04:00:00,4.750,8.000,18.500,7.000,9.400
2016-05-19 05:00:00,4.600,71.000,175.000,44.000,10.700
2016-05-19 06:00:00,3.920,158.000,145.200,114.000,12.700
2016-05-19 07:00:00,2.280,345.000,436.000,149.000,15.000
2016-05-19 08:00:00,1.980,474.000,466.000,202.000,16.900
2016-05-19 09:00:00,2.280,582.000,522.600,218.000,18.100
2016-05-19 10:00:00,0.810,639.000,553.700,207.000,19.700
2016-05-19 11:00:00,1.040,633.000,539.200,186.000,20.600
2016-05-19 12:00:00,1.400,696.000,592.900,198.000,21.000
2016-05-19 13:00:00,1.770,588.000,463.100,212.000,21.000
2016-05-19 14:00:00,2.140,430.000,320.000,191.000,20.600
2016-05-19 15:00:00,2.480,362.000,230.900,212.000,20.500
2016-05-19 16:00:00,2.420,256.000,233.700,133.000,20.300
2016-05-19 17:00:00,3.160,208.000,251.500,111.000,19.900
2016-05-19 18:00:00,4.920,139.000,303.500,67.000,18.900
2016-05-19 19:00:00,6.100,35.000,149.000,21.000,17.500
2016-05-19 20:00:00,5.850,0.000,0.000,0.000,15.900
2016-05-19 21:00:00,5.380,0.000,0.000,0.000,14.700
2016-05-19 22:00:00,6.480,0.000,0.000,0.000,14.200
2016-05-19 23:00:00,5.990,0.000,0.000,0.000,13.600
2016-05-20 00:00:00,6.100,0.000,0.000,0.000,13.200
2016-05-20 01:00:00,6.280,0.000,0.000,0.000,12.400
2016-05-20 02:00:00,5.860,0.000,0.000,0.000,12.000
2016-05-20 03:00:00,6.380,0.000,0.000,0.000,11.600
2016-05-20 04:00:00,6.280,9.000,18.100,8.000,11.300
2016-05-20 05:00:00,6.220,73.000,95.500,58.000,11.900
2016-05-20 06:00:00,6.330,190.000,307.600,96.000,13.700
2016-05-20 07:00:00,6.160,377.000,588.700,111.000,15.600
2016-05-20 08:00:00,6.510,508.000,624.700,142.000,16.800
2016-05-20 09:00:00,7.280,621.000,619.900,188.000,17.400
2016-05-20 10:00:00,8.070,620.000,451.300,267.000,17.900
2016-05-20 11:00:00,7.960,411.000,155.200,282.000,17.900
2016-05-20 12:00:00,7.780,247.000,34.400,218.000,17.300
2016-05-20 13:00:00,7.850,119.000,7.400,113.000,16.200
2016-05-20 14:00:00,8.250,87.000,4.000,84.000,15.700
2016-05-20 15:00:00,7.340,70.000,1.500,69.000,15.800
2016-05-20 16:00:00,5.110,79.000,1.900,78.000,16.100
2016-05-20 17:00:00,4.470,50.000,0.000,50.000,15.900
2016-05-20 18:00:00,4.830,24.000,0.000,24.000,15.500
2016-05-20 19:00:00,5.040,6.000,0.000,6.000,15.000
2016-05-20 20:00:00,5.260,0.000,0.000,0.000,14.600
2016-05-20 21:00:00,5.340,0.000,0.000,0.000,14.300
2016-05-20 22:00:00,5.330,0.000,0.000,0.000,14.000
2016-05-20 23:00:00,5.300,0.000,0.000,0.000,13.400
2016-05-21 00:00:00,4.850,0.000,0.000,0.000,13.300
2016-05-21 01:00:00,4.610,0.000,0.000,0.000,13.000
2016-05-21 02:00:00,4.640,0.000,0.000,0.000,12.800
2016-05-21 03:00:00,5.200,0.000,0.000,0.000,12.500
2016-05-21 04:00:00,5.460,10.000,35.300,8.000,12.500
2016-05-21 05:00:00,5.320,86.000,219.300,51.000,13.400
2016-05-21 06:00:00,4.240,209.000,379.900,92.000,14.800
2016-05-21 07:00:00,3.800,340.000,418.400,150.000,16.400
2016-05-21 08:00:00,3.850,468.000,447.300,205.000,17.600
2016-05-21 09:00:00,4.120,559.000,438.300,252.000,18.900
2016-05-21 10:00:00,3.590,618.000,417.100,291.000,20.200
2016-05-21 11:00:00,4.720,692.000,542.700,240.000,21.200
2016-05-21 12:00:00,5.160,595.000,414.800,245.000,21.700
2016-05-21 13:00:00,5.160,504.000,272.100,282.000,22.600
2016-05-21 14:00:00,5.190,420.000,272.900,215.000,22.600
2016-05-21 15:00:00,5.190,227.000,36.700,203.000,22.400
2016-05-21 16:00:00,5.120,355.000,370.800,158.000,22.900
2016-05-21 17:00:00,5.450,210.000,202.000,131.000,22.400
2016-05-21 18:00:00,5.220,158.000,386.800,64.000,21.800
2016-05-21 19:00:00,5.230,49.000,205.700,29.000,20.300
2016-05-21 20:00:00,5.710,1.000,0.000,1.000,18.500
2016-05-21 21:00:00,6.730,0.000,0.000,0.000,17.400
2016-05-21 22:00:00,7.880,0.000,0.000,0.000,17.100
2016-05-21 23:00:00,7.320,0.000,0.000,0.000,16.300
2016-05-22 00:00:00,6.610,0.000,0.000,0.000,15.300
2016-05-22 01:00:00,6.140,0.000,0.000,0.000,14.100
2016-05-22 02:00:00,6.310,0.000,0.000,0.000,13.700
2016-05-22 03:00:00,6.500,0.000,0.000,0.000,13.300
2016-05-22 04:00:00,6.480,12.000,17.300,11.000,13.300
2016-05-22 05:00:00,6.310,70.000,80.200,57.000,15.100
2016-05-22 06:00:00,6.080,198.000,251.300,120.000,17.400
2016-05-22 07:00:00,5.550,360.000,497.500,133.000,19.800
2016-05-22 08:00:00,6.020,500.000,572.900,162.000,22.200
2016-05-22 09:00:00,6.260,590.000,491.200,245.000,23.600
2016-05-22 10:00:00,6.200,649.000,456.800,290.000,25.500
2016-05-22 11:00:00,6.980,655.000,358.200,356.000,26.600
2016-05-22 12:00:00,6.960,663.000,345.300,371.000,27.700
2016-05-22 13:00:00,6.830,637.000,432.900,283.000,28.000
2016-05-22 14:00:00,6.140,590.000,406.200,284.000,28.000
2016-05-22 15:00:00,4.810,485.000,362.600,247.000,26.700
2016-05-22 16:00:00,4.560,350.000,299.800,190.000,26.700
2016-05-22 17:00:00,4.830,127.000,50.800,107.000,25.200
2016-05-22 18:00:00,4.620,105.000,113.900,77.000,23.600
2016-05-22 19:00:00,4.680,48.000,189.700,29.000,21.400
2016-05-22 20:00:00,3.840,1.000,0.000,1.000,19.200
2016-05-22 21:00:00,2.610,0.000,0.000,0.000,17.100
2016-05-22 22:00:00,1.500,0.000,0.000,0.000,16.700
2016-05-22 23:00:00,1.420,0.000,0.000,0.000,16.300
2016-05-23 00:00:00,2.190,0.000,0.000,0.000,16.700
2016-05-23 01:00:00,4.310,0.000,0.000,0.000,16.500
2016-05-23 02:00:00,4.620,0.000,0.000,0.000,16.000
2016-05-23 03:00:00,3.980,0.000,0.000,0.000,15.700
2016-05-23 04:00:00,3.420,3.000,0.000,3.000,15.600
2016-05-23 05:00:00,3.440,28.000,0.000,28.000,15.600
2016-05-23 06:00:00,3.490,95.000,70.400,73.000,16.200
2016-05-23 07:00:00,3.730,335.000,482.200,114.000,16.700
2016-05-23 08:00:00,4.140,458.000,530.500,144.000,17.500
2016-05-23 09:00:00,3.420,469.000,345.100,226.000,18.000
2016-05-23 10:00:00,2.020,594.000,424.100,260.000,19.000
2016-05-23 11:00:00,2.400,628.000,402.900,291.000,19.800
2016-05-23 12:00:00,3.310,545.000,316.300,277.000,20.000
2016-05-23 13:00:00,3.660,469.000,253.800,261.000,20.500
2016-05-23 14:00:00,3.400,537.000,425.000,216.000,21.200
2016-05-23 15:00:00,3.050,394.000,293.100,201.000,21.100
2016-05-23 16:00:00,3.610,349.000,421.600,123.000,21.000
2016-05-23 17:00:00,4.500,220.000,318.000,94.000,20.500
2016-05-23 18:00:00,5.350,115.000,193.100,67.000,19.500
2016-05-23 19:00:00,6.100,26.000,19.400,24.000,17.900
2016-05-23 20:00:00,6.090,1.000,0.000,1.000,16.800
2016-05-23 21:00:00,6.510,0.000,0.000,0.000,16.200
2016-05-23 22:00:00,6.520,0.000,0.000,0.000,15.700
2016-05-23 23:00:00,6.440,0.000,0.000,0.000,15.100
2016-05-24 00:00:00,6.580,0.000,0.000,0.000,14.400
2016-05-24 01:00:00,6.870,0.000,0.000,0.000,13.400
2016-05-24 02:00:00,7.650,0.000,0.000,0.000,12.600
2016-05-24 03:00:00,7.920,0.000,0.000,0.000,12.100
2016-05-24 04:00:00,8.560,1.000,0.000,1.000,11.800
2016-05-24 05:00:00,9.150,12.000,0.000,12.000,11.600
2016-05-24 06:00:00,9.140,22.000,0.000,22.000,11.300
2016-05-24 07:00:00,8.800,27.000,0.000,27.000,11.000
2016-05-24 08:00:00,8.280,50.000,0.000,50.000,10.800
2016-05-24 09:00:00,8.700,79.000,0.000,79.000,10.500
2016-05-24 10:00:00,7.360,179.000,20.300,163.000,11.200
2016-05-24 11:00:00,6.910,210.000,33.400,182.000,11.500
2016-05-24 12:00:00,6.950,210.000,29.400,185.000,11.600
2016-05-24 13:00:00,6.720,173.000,0.000,173.000,11.700
2016-05-24 14:00:00,6.560,240.000,51.500,201.000,12.200
2016-05-24 15:00:00,6.150,159.000,13.600,150.000,12.400
2016-05-24 16:00:00,5.630,137.000,40.900,115.000,12.600
2016-05-24 17:00:00,5.500,75.000,15.000,69.000,12.700
2016-05-24 18:00:00,5.350,36.000,0.000,36.000,12.500
2016-05-24 19:00:00,4.960,21.000,0.000,21.000,12.400
2016-05-24 20:00:00,4.710,1.000,0.000,1.000,12.300
2016-05-24 21:00:00,4.560,0.000,0.000,0.000,12.200
2016-05-24 22:00:00,4.080,0.000,0.000,0.000,11.600
2016-05-24 23:00:00,4.420,0.000,0.000,0.000,11.500
2016-05-25 00:00:00,4.700,0.000,0.000,0.000,11.300
2016-05-25 01:00:00,5.000,0.000,0.000,0.000,11.100
2016-05-25 02:00:00,4.630,0.000,0.000,0.000,10.800
2016-05-25 03:00:00,3.920,0.000,0.000,0.000,10.700
2016-05-25 04:00:00,3.800,7.000,0.000,7.000,10.600
2016-05-25 05:00:00,3.700,41.000,53.200,32.000,10.500
2016-05-25 06:00:00,3.410,124.000,41.000,111.000,10.600
2016-05-25 07:00:00,3.010,181.000,69.200,149.000,10.700
2016-05-25 08:00:00,2.620,215.000,50.400,185.000,11.100
2016-05-25 09:00:00,2.330,348.000,159.700,235.000,11.500
2016-05-25 10:00:00,2.330,392.000,103.700,310.000,12.100
2016-05-25 11:00:00,3.310,455.000,137.000,340.000,12.700
2016-05-25 12:00:00,3.100,398.000,110.500,304.000,13.200
2016-05-25 13:00:00,3.010,364.000,116.600,268.000,13.600
2016-05-25 14:00:00,2.910,301.000,58.000,257.000,13.900
2016-05-25 15:00:00,2.730,198.000,30.200,178.000,14.200
2016-05-25 16:00:00,2.280,157.000,16.600,148.000,14.300
2016-05-25 17:00:00,2.400,83.000,10.000,79.000,14.200
2016-05-25 18:00:00,2.470,42.000,3.900,41.000,14.100
2016-05-25 19:00:00,1.970,16.000,9.200,15.000,13.600
2016-05-25 20:00:00,1.640,1.000,0.000,1.000,13.100
2016-05-25 21:00:00,1.570,0.000,0.000,0.000,12.700
2016-05-25 22:00:00,1.630,0.000,0.000,0.000,12.100
2016-05-25 23:00:00,2.000,0.000,0.000,0.000,11.400
2016-05-26 00:00:00,2.100,0.000,0.000,0.000,10.600
2016-05-26 01:00:00,2.600,0.000,0.000,0.000,10.200
2016-05-26 02:00:00,3.200,0.000,0.000,0.000,10.200
2016-05-26 03:00:00,3.010,0.000,0.000,0.000,10.200
2016-05-26 04:00:00,3.000,6.000,0.000,6.000,10.500
2016-05-26 05:00:00,3.210,31.000,5.800,30.000,11.000
2016-05-26 06:00:00,2.520,107.000,100.400,75.000,12.500
2016-05-26 07:00:00,2.600,240.000,204.800,145.000,13.800
2016-05-26 08:00:00,3.550,349.000,284.700,179.000,15.200
2016-05-26 09:00:00,3.590,370.000,177.700,244.000,15.500
2016-05-26 10:00:00,2.770,347.000,89.600,276.000,16.300
2016-05-26 11:00:00,3.490,210.000,1.200,209.000,16.400
2016-05-26 12:00:00,3.400,237.000,38.700,204.000,17.000
2016-05-26 13:00:00,3.010,285.000,30.300,260.000,17.500
2016-05-26 14:00:00,2.820,327.000,86.700,261.000,18.000
2016-05-26 15:00:00,2.690,296.000,206.100,159.000,18.300
2016-05-26 16:00:00,2.690,240.000,197.100,133.000,18.300
2016-05-26 17:00:00,3.180,179.000,203.200,97.000,17.700
2016-05-26 18:00:00,3.690,116.000,179.400,70.000,17.000
2016-05-26 19:00:00,4.200,44.000,161.600,26.000,15.800
2016-05-26 20:00:00,4.240,2.000,0.000,2.000,14.200
2016-05-26 21:00:00,4.160,0.000,0.000,0.000,13.200
2016-05-26 22:00:00,4.060,0.000,0.000,0.000,12.500
2016-05-26 23:00:00,3.580,0.000,0.000,0.000,11.600
2016-05-27 00:00:00,3.910,0.000,0.000,0.000,11.100
2016-05-27 01:00:00,3.620,0.000,0.000,0.000,10.100
2016-05-27 02:00:00,2.720,0.000,0.000,0.000,9.800
2016-05-27 03:00:00,2.950,0.000,0.000,0.000,9.800
2016-05-27 04:00:00,3.220,15.000,15.800,14.000,10.200
2016-05-27 05:00:00,3.090,78.000,75.000,65.000,10.800
2016-05-27 06:00:00,2.780,177.000,177.800,120.000,12.400
2016-05-27 07:00:00,2.640,237.000,105.200,188.000,14.100
2016-05-27 08:00:00,2.060,347.000,177.000,241.000,15.300
2016-05-27 09:00:00,1.550,431.000,209.700,282.000,16.700
2016-05-27 10:00:00,1.940,455.000,211.600,287.000,17.700
2016-05-27 11:00:00,1.330,500.000,181.600,347.000,18.800
2016-05-27 12:00:00,0.730,480.000,147.600,354.000,19.300
2016-05-27 13:00:00,0.760,419.000,99.200,337.000,20.100
2016-05-27 14:00:00,0.720,426.000,212.400,264.000,20.500
2016-05-27 15:00:00,1.200,340.000,232.500,185.000,20.600
2016-05-27 16:00:00,2.220,348.000,363.400,150.000,21.000
2016-05-27 17:00:00,2.470,230.000,325.300,98.000,20.700
2016-05-27 18:00:00,2.390,135.000,301.400,57.000,20.200
2016-05-27 19:00:00,2.140,42.000,140.400,26.000,18.100
2016-05-27 20:00:00,2.340,2.000,0.000,2.000,16.000
2016-05-27 21:00:00,2.200,0.000,0.000,0.000,15.200
2016-05-27 22:00:00,2.900,0.000,0.000,0.000,14.300
2016-05-27 23:00:00,4.030,0.000,0.000,0.000,13.300
2016-05-28 00:00:00,5.100,0.000,0.000,0.000,12.600
2016-05-28 01:00:00,5.330,0.000,0.000,0.000,12.600
2016-05-28 02:00:00,4.740,0.000,0.000,0.000,12.400
2016-05-28 03:00:00,4.430,0.000,0.000,0.000,12.000
2016-05-28 04:00:00,4.710,16.000,77.800,11.000,12.000
2016-05-28 05:00:00,4.280,104.000,302.400,51.000,13.200
2016-05-28 06:00:00,3.100,229.000,459.100,81.000,14.900
2016-05-28 07:00:00,2.960,369.000,584.200,96.000,16.800
2016-05-28 08:00:00,3.130,485.000,574.800,140.000,18.500
2016-05-28 09:00:00,3.410,636.000,699.400,138.000,19.700
2016-05-28 10:00:00,3.410,705.000,701.700,147.000,20.900
2016-05-28 11:00:00,3.510,721.000,681.200,146.000,21.600
2016-05-28 12:00:00,3.550,655.000,526.100,205.000,22.200
2016-05-28 13:00:00,3.510,641.000,582.000,159.000,22.700
2016-05-28 14:00:00,3.810,480.000,402.900,172.000,22.800
2016-05-28 15:00:00,4.550,428.000,430.800,140.000,22.800
2016-05-28 16:00:00,4.330,256.000,243.200,123.000,22.500
2016-05-28 17:00:00,4.160,192.000,115.200,145.000,22.100
2016-05-28 18:00:00,4.460,120.000,111.000,91.000,21.100
2016-05-28 19:00:00,5.820,45.000,60.100,38.000,19.900
2016-05-28 20:00:00,6.890,2.000,0.000,2.000,18.600
2016-05-28 21:00:00,7.160,0.000,0.000,0.000,17.900
2016-05-28 22:00:00,7.560,0.000,0.000,0.000,17.400
2016-05-28 23:00:00,7.660,0.000,0.000,0.000,16.900
2016-05-29 00:00:00,7.820,0.000,0.000,0.000,16.400
2016-05-29 01:00:00,6.650,0.000,0.000,0.000,15.900
2016-05-29 02:00:00,6.310,0.000,0.000,0.000,15.600
2016-05-29 03:00:00,6.800,0.000,0.000,0.000,15.300
2016-05-29 04:00:00,6.620,12.000,30.700,10.000,14.800
2016-05-29 05:00:00,5.690,62.000,107.300,43.000,14.700
2016-05-29 06:00:00,5.640,140.000,123.400,100.000,15.000
2016-05-29 07:00:00,5.900,244.000,211.200,145.000,15.400
2016-05-29 08:00:00,6.350,143.000,13.300,135.000,15.700
2016-05-29 09:00:00,6.540,138.000,7.000,133.000,16.300
2016-05-29 10:00:00,5.980,183.000,6.300,178.000,15.400
2016-05-29 11:00:00,5.460,181.000,9.500,173.000,16.300
2016-05-29 12:00:00,5.560,226.000,5.800,221.000,17.800
2016-05-29 13:00:00,3.890,202.000,49.400,161.000,18.900
2016-05-29 14:00:00,2.860,377.000,193.200,229.000,20.300
2016-05-29 15:00:00,2.820,304.000,165.600,193.000,21.200
2016-05-29 16:00:00,3.320,270.000,122.100,203.000,21.000
2016-05-29 17:00:00,4.100,166.000,80.500,133.000,20.000
2016-05-29 18:00:00,5.210,84.000,94.900,59.000,19.200
2016-05-29 19:00:00,5.630,37.000,42.000,32.000,18.900
2016-05-29 20:00:00,5.690,2.000,0.000,2.000,18.200
2016-05-29 21:00:00,5.440,0.000,0.000,0.000,17.300
2016-05-29 22:00:00,5.110,0.000,0.000,0.000,16.900
2016-05-29 23:00:00,5.120,0.000,0.000,0.000,16.600
2016-05-30 00:00:00,5.350,0.000,0.000,0.000,16.400
2016-05-30 01:00:00,6.050,0.000,0.000,0.000,16.400
2016-05-30 02:00:00,6.270,0.000,0.000,0.000,16.400
2016-05-30 03:00:00,6.740,0.000,0.000,0.000,16.300
2016-05-30 04:00:00,6.900,15.000,15.200,14.000,16.600
2016-05-30 05:00:00,6.690,83.000,111.800,63.000,17.300
2016-05-30 06:00:00,5.860,184.000,208.900,116.000,18.300
2016-05-30 07:00:00,6.650,361.000,527.400,113.000,19.600
2016-05-30 08:00:00,6.890,332.000,255.400,178.000,20.900
2016-05-30 09:00:00,6.500,374.000,205.700,227.000,22.300
2016-05-30 10:00:00,5.570,360.000,121.600,263.000,22.300
2016-05-30 11:00:00,5.640,510.000,300.000,256.000,23.400
2016-05-30 12:00:00,5.510,383.000,139.800,263.000,24.100
2016-05-30 13:00:00,7.520,352.000,154.000,224.000,24.400
2016-05-30 14:00:00,5.410,303.000,97.700,228.000,22.100
2016-05-30 15:00:00,6.100,225.000,32.700,203.000,22.400
2016-05-30 16:00:00,6.750,210.000,92.600,159.000,21.300
2016-05-30 17:00:00,5.110,110.000,14.600,104.000,20.300
2016-05-30 18:00:00,3.580,87.000,18.800,82.000,19.900
2016-05-30 19:00:00,4.040,48.000,140.100,31.000,19.300
2016-05-30 20:00:00,4.520,3.000,0.000,3.000,18.300
2016-05-30 21:00:00,4.740,0.000,0.000,0.000,17.400
2016-05-30 22:00:00,5.260,0.000,0.000,0.000,16.400
2016-05-30 23:00:00,4.360,0.000,0.000,0.000,15.600
2016-05-31 00:00:00,3.690,0.000,0.000,0.000,14.800
2016-05-31 01:00:00,3.110,0.000,0.000,0.000,14.200
2016-05-31 02:00:00,2.550,0.000,0.000,0.000,13.700
2016-05-31 03:00:00,2.580,0.000,0.000,0.000,13.400
2016-05-31 04:00:00,2.690,19.000,104.900,12.000,14.000
2016-05-31 05:00:00,2.370,109.000,332.500,49.000,15.200
2016-05-31 06:00:00,1.700,243.000,507.600,77.000,16.800
2016-05-31 07:00:00,1.800,309.000,394.400,123.000,18.000
2016-05-31 08:00:00,1.500,482.000,499.900,180.000,19.000
2016-05-31 09:00:00,1.980,646.000,677.500,161.000,20.200
2016-05-31 10:00:00,0.920,558.000,408.000,232.000,21.700
2016-05-31 11:00:00,1.170,472.000,291.300,225.000,22.400
2016-05-31 12:00:00,1.300,573.000,489.900,152.000,23.700
2016-05-31 13:00:00,0.900,532.000,412.000,189.000,24.100
2016-05-31 14:00:00,1.140,504.000,429.000,174.000,24.500
2016-05-31 15:00:00,0.600,415.000,350.300,179.000,24.800
2016-05-31 16:00:00,1.490,323.000,327.500,142.000,24.800
2016-05-31 17:00:00,3.300,215.000,267.900,104.000,23.900
2016-05-31 18:00:00,3.910,99.000,153.000,58.000,22.100
2016-05-31 19:00:00,2.820,30.000,48.500,24.000,20.500
2016-05-31 20:00:00,3.220,2.000,0.000,2.000,18.800
2016-05-31 21:00:00,3.900,0.000,0.000,0.000,18.200
2016-05-31 22:00:00,2.200,0.000,0.000,0.000,17.400
2016-05-31 23:00:00,3.300,0.000,0.000,0.000,16.900
2016-06-01 00:00:00,3.610,0.000,0.000,0.000,16.600
2016-06-01 01:00:00,3.490,0.000,0.000,0.000,16.500
2016-06-01 02:00:00,3.390,0.000,0.000,0.000,16.400
2016-06-01 03:00:00,3.330,0.000,0.000,0.000,16.500
2016-06-01 04:00:00,3.300,5.000,0.000,5.000,16.900
2016-06-01 05:00:00,3.540,26.000,5.500,25.000,17.400
2016-06-01 06:00:00,4.840,46.000,0.000,46.000,17.900
2016-06-01 07:00:00,4.790,76.000,0.000,76.000,18.400
2016-06-01 08:00:00,4.970,77.000,0.000,77.000,18.800
2016-06-01 09:00:00,4.220,154.000,106.000,78.000,19.100
2016-06-01 10:00:00,3.720,208.000,140.000,96.000,19.300
2016-06-01 11:00:00,3.110,227.000,77.700,161.000,20.800
2016-06-01 12:00:00,2.770,241.000,109.200,147.000,21.600
2016-06-01 13:00:00,1.980,215.000,119.900,115.000,22.100
2016-06-01 14:00:00,5.070,251.000,140.100,143.000,21.300
2016-06-01 15:00:00,5.250,147.000,25.200,130.000,20.200
2016-06-01 16:00:00,6.460,160.000,18.000,150.000,20.700
2016-06-01 17:00:00,7.130,133.000,60.100,108.000,19.800
2016-06-01 18:00:00,7.390,85.000,114.800,54.000,19.400
2016-06-01 19:00:00,6.840,38.000,63.600,30.000,19.100
2016-06-01 20:00:00,6.320,3.000,0.000,3.000,18.700
2016-06-01 21:00:00,6.580,0.000,0.000,0.000,18.200
2016-06-01 22:00:00,6.320,0.000,0.000,0.000,17.700
2016-06-01 23:00:00,5.800,0.000,0.000,0.000,16.900
2016-06-02 00:00:00,4.790,0.000,0.000,0.000,16.000
2016-06-02 01:00:00,4.630,0.000,0.000,0.000,15.100
2016-06-02 02:00:00,4.180,0.000,0.000,0.000,14.600
2016-06-02 03:00:00,3.490,0.000,0.000,0.000,14.700
2016-06-02 04:00:00,2.640,12.000,14.700,11.000,14.900
2016-06-02 05:00:00,2.130,55.000,21.800,51.000,15.300
2016-06-02 06:00:00,2.260,95.000,24.300,87.000,16.100
2016-06-02 07:00:00,2.250,179.000,35.900,162.000,16.800
2016-06-02 08:00:00,2.150,184.000,49.500,154.000,17.100
2016-06-02 09:00:00,1.630,150.000,16.700,138.000,17.400
2016-06-02 10:00:00,2.190,289.000,42.400,255.000,18.400
2016-06-02 11:00:00,1.630,413.000,163.500,274.000,19.400
2016-06-02 12:00:00,1.620,348.000,85.900,274.000,19.400
2016-06-02 13:00:00,1.560,420.000,143.700,300.000,20.600
2016-06-02 14:00:00,1.520,385.000,204.700,227.000,21.400
2016-06-02 15:00:00,2.140,378.000,347.200,143.000,21.400
2016-06-02 16:00:00,2.260,349.000,379.400,138.000,21.400
2016-06-02 17:00:00,2.750,251.000,294.200,128.000,21.200
2016-06-02 18:00:00,2.860,152.000,297.900,71.000,20.600
2016-06-02 19:00:00,3.690,49.000,101.700,36.000,19.500
2016-06-02 20:00:00,4.350,4.000,0.000,4.000,17.800
2016-06-02 21:00:00,3.950,0.000,0.000,0.000,17.200
2016-06-02 22:00:00,4.050,0.000,0.000,0.000,16.100
2016-06-02 23:00:00,3.470,0.000,0.000,0.000,15.100
2016-06-03 00:00:00,3.500,0.000,0.000,0.000,14.400
2016-06-03 01:00:00,3.930,0.000,0.000,0.000,14.400
2016-06-03 02:00:00,4.030,0.000,0.000,0.000,14.000
2016-06-03 03:00:00,3.550,0.000,0.000,0.000,13.800
2016-06-03 04:00:00,3.420,18.000,43.600,15.000,14.000
2016-06-03 05:00:00,3.010,83.000,102.900,64.000,14.900
2016-06-03 06:00:00,2.860,177.000,166.200,122.000,16.400
2016-06-03 07:00:00,3.000,291.000,252.600,171.000,18.300
2016-06-03 08:00:00,3.230,398.000,319.400,204.000,20.200
2016-06-03 09:00:00,3.450,570.000,534.200,186.000,21.500
2016-06-03 10:00:00,3.610,680.000,606.000,194.000,22.900
2016-06-03 11:00:00,4.270,639.000,514.600,201.000,23.700
2016-06-03 12:00:00,4.880,638.000,478.700,225.000,24.500
2016-06-03 13:00:00,5.370,630.000,532.200,185.000,25.300
2016-06-03 14:00:00,5.640,436.000,325.900,184.000,25.600
2016-06-03 15:00:00,5.550,462.000,474.700,140.000,26.000
2016-06-03 16:00:00,5.650,347.000,414.200,116.000,26.000
2016-06-03 17:00:00,5.230,264.000,395.400,98.000,25.400
2016-06-03 18:00:00,5.190,170.000,398.100,61.000,24.300
2016-06-03 19:00:00,5.460,67.000,246.400,35.000,22.400
2016-06-03 20:00:00,5.640,5.000,19.100,4.000,20.500
2016-06-03 21:00:00,5.640,0.000,0.000,0.000,19.500
2016-06-03 22:00:00,4.970,0.000,0.000,0.000,17.800
2016-06-03 23:00:00,5.330,0.000,0.000,0.000,17.000
2016-06-04 00:00:00,5.590,0.000,0.000,0.000,16.600
2016-06-04 01:00:00,5.460,0.000,0.000,0.000,15.800
2016-06-04 02:00:00,5.140,0.000,0.000,0.000,15.100
2016-06-04 03:00:00,4.790,0.000,0.000,0.000,14.600
2016-06-04 04:00:00,4.470,21.000,115.300,13.000,14.800
2016-06-04 05:00:00,3.810,111.000,306.600,54.000,16.300
2016-06-04 06:00:00,2.910,239.000,467.000,84.000,18.400
2016-06-04 07:00:00,2.400,359.000,521.100,111.000,20.500
2016-06-04 08:00:00,2.480,452.000,519.500,136.000,22.500
2016-06-04 09:00:00,2.700,604.000,569.700,194.000,23.800
2016-06-04 10:00:00,3.500,710.000,678.800,165.000,25.000
2016-06-04 11:00:00,3.880,661.000,593.900,155.000,25.400
2016-06-04 12:00:00,4.410,658.000,563.800,171.000,25.500
2016-06-04 13:00:00,4.440,496.000,367.800,188.000,25.700
2016-06-04 14:00:00,4.240,537.000,477.700,167.000,26.100
2016-06-04 15:00:00,4.070,401.000,369.300,150.000,26.400
2016-06-04 16:00:00,3.850,346.000,375.500,136.000,26.000
2016-06-04 17:00:00,3.640,261.000,382.000,100.000,25.300
2016-06-04 18:00:00,4.580,142.000,319.200,54.000,24.200
2016-06-04 19:00:00,4.940,65.000,235.200,34.000,22.600
2016-06-04 20:00:00,4.900,5.000,19.100,4.000,20.900
2016-06-04 21:00:00,4.670,0.000,0.000,0.000,19.500
2016-06-04 22:00:00,4.250,0.000,0.000,0.000,18.300
2016-06-04 23:00:00,4.390,0.000,0.000,0.000,17.500
2016-06-05 00:00:00,5.780,0.000,0.000,0.000,16.600
2016-06-05 01:00:00,4.250,0.000,0.000,0.000,16.300
2016-06-05 02:00:00,2.950,0.000,0.000,0.000,15.400
2016-06-05 03:00:00,2.250,0.000,0.000,0.000,14.600
2016-06-05 04:00:00,2.220,21.000,100.200,14.000,14.800
2016-06-05 05:00:00,2.680,113.000,342.300,49.000,16.800
2016-06-05 06:00:00,1.840,243.000,495.700,78.000,19.300
2016-06-05 07:00:00,1.400,395.000,622.900,98.000,21.300
2016-06-05 08:00:00,1.710,547.000,715.900,111.000,23.200
2016-06-05 09:00:00,2.000,677.000,773.100,120.000,24.600
2016-06-05 10:00:00,2.280,759.000,786.400,127.000,25.800
2016-06-05 11:00:00,2.020,803.000,779.700,138.000,26.600
2016-06-05 12:00:00,2.120,732.000,670.800,152.000,26.800
2016-06-05 13:00:00,2.500,651.000,584.400,161.000,27.000
2016-06-05 14:00:00,2.910,618.000,612.300,143.000,27.200
2016-06-05 15:00:00,3.200,494.000,559.400,113.000,26.900
2016-06-05 16:00:00,3.410,392.000,461.800,133.000,27.000
2016-06-05 17:00:00,3.600,282.000,451.400,91.000,26.300
2016-06-05 18:00:00,4.600,165.000,349.600,68.000,25.400
2016-06-05 19:00:00,5.100,71.000,261.900,36.000,23.600
2016-06-05 20:00:00,5.180,5.000,19.100,4.000,21.600
2016-06-05 21:00:00,4.960,0.000,0.000,0.000,20.100
2016-06-05 22:00:00,5.820,0.000,0.000,0.000,18.500
2016-06-05 23:00:00,5.470,0.000,0.000,0.000,17.700
2016-06-06 00:00:00,4.810,0.000,0.000,0.000,16.800
2016-06-06 01:00:00,4.390,0.000,0.000,0.000,16.000
2016-06-06 02:00:00,4.140,0.000,0.000,0.000,15.200
2016-06-06 03:00:00,3.980,0.000,0.000,0.000,15.100
2016-06-06 04:00:00,3.790,20.000,99.500,13.000,15.400
2016-06-06 05:00:00,3.270,110.000,329.900,48.000,16.800
2016-06-06 06:00:00,2.330,241.000,491.500,77.000,18.200
2016-06-06 07:00:00,2.010,313.000,387.400,128.000,19.700
2016-06-06 08:00:00,1.970,514.000,647.800,119.000,21.200
2016-06-06 09:00:00,2.020,593.000,640.600,131.000,22.600
2016-06-06 10:00:00,1.840,761.000,775.700,137.000,24.100
2016-06-06 11:00:00,2.280,812.000,790.700,137.000,25.100
2016-06-06 12:00:00,2.510,828.000,774.000,158.000,25.900
2016-06-06 13:00:00,2.660,726.000,658.800,173.000,26.300
2016-06-06 14:00:00,3.040,685.000,713.000,131.000,26.500
2016-06-06 15:00:00,3.100,594.000,701.900,115.000,26.500
2016-06-06 16:00:00,3.200,402.000,492.600,125.000,26.200
2016-06-06 17:00:00,3.710,281.000,473.200,80.000,25.800
2016-06-06 18:00:00,3.110,167.000,336.700,73.000,24.700
2016-06-06 19:00:00,3.450,66.000,228.900,35.000,23.100
2016-06-06 20:00:00,4.270,5.000,19.100,4.000,21.100
2016-06-06 21:00:00,5.350,0.000,0.000,0.000,19.800
2016-06-06 22:00:00,6.400,0.000,0.000,0.000,18.800
2016-06-06 23:00:00,6.910,0.000,0.000,0.000,18.100
2016-06-07 00:00:00,6.800,0.000,0.000,0.000,17.100
2016-06-07 01:00:00,6.540,0.000,0.000,0.000,16.300
2016-06-07 02:00:00,6.260,0.000,0.000,0.000,15.500
2016-06-07 03:00:00,6.140,0.000,0.000,0.000,15.000
2016-06-07 04:00:00,5.550,21.000,70.700,16.000,14.800
2016-06-07 05:00:00,4.740,102.000,254.200,54.000,15.700
2016-06-07 06:00:00,3.280,232.000,415.600,93.000,17.600
2016-06-07 07:00:00,2.400,332.000,428.700,127.000,19.700
2016-06-07 08:00:00,2.000,502.000,540.700,172.000,21.700
2016-06-07 09:00:00,1.750,610.000,638.700,149.000,23.500
2016-06-07 10:00:00,2.800,748.000,736.600,155.000,25.200
2016-06-07 11:00:00,2.860,799.000,736.200,170.000,26.000
2016-06-07 12:00:00,2.250,817.000,776.800,144.000,26.700
2016-06-07 13:00:00,1.580,777.000,759.200,139.000,26.800
2016-06-07 14:00:00,1.300,699.000,714.600,143.000,27.000
2016-06-07 15:00:00,1.630,563.000,605.500,149.000,26.900
2016-06-07 16:00:00,2.240,416.000,518.000,124.000,26.100
2016-06-07 17:00:00,2.830,250.000,363.600,95.000,24.100
2016-06-07 18:00:00,4.950,111.000,167.400,64.000,22.200
2016-06-07 19:00:00,4.360,49.000,58.300,41.000,21.000
2016-06-07 20:00:00,2.910,6.000,19.100,5.000,19.100
2016-06-07 21:00:00,3.050,0.000,0.000,0.000,17.700
2016-06-07 22:00:00,4.470,0.000,0.000,0.000,16.700
2016-06-07 23:00:00,3.800,0.000,0.000,0.000,16.000
2016-06-08 00:00:00,2.910,0.000,0.000,0.000,15.100
2016-06-08 01:00:00,2.970,0.000,0.000,0.000,14.800
2016-06-08 02:00:00,3.640,0.000,0.000,0.000,14.300
2016-06-08 03:00:00,3.860,0.000,0.000,0.000,13.800
2016-06-08 04:00:00,4.000,20.000,84.400,14.000,13.400
2016-06-08 05:00:00,3.500,98.000,258.500,49.000,13.500
2016-06-08 06:00:00,3.770,213.000,379.000,86.000,13.900
2016-06-08 07:00:00,4.430,367.000,486.600,134.000,14.900
2016-06-08 08:00:00,4.740,533.000,664.600,127.000,16.100
2016-06-08 09:00:00,4.920,694.000,790.500,123.000,17.000
2016-06-08 10:00:00,4.770,792.000,824.200,128.000,18.300
2016-06-08 11:00:00,5.200,828.000,795.300,148.000,18.700
2016-06-08 12:00:00,5.690,856.000,824.500,141.000,19.000
2016-06-08 13:00:00,6.380,830.000,834.400,128.000,19.200
2016-06-08 14:00:00,6.810,750.000,786.700,137.000,19.400
2016-06-08 15:00:00,7.350,644.000,754.800,127.000,19.300
2016-06-08 16:00:00,7.510,507.000,704.300,109.000,19.200
2016-06-08 17:00:00,6.940,355.000,610.100,94.000,18.900
2016-06-08 18:00:00,6.300,205.000,470.900,72.000,18.100
2016-06-08 19:00:00,6.360,80.000,295.300,39.000,16.800
2016-06-08 20:00:00,6.750,7.000,38.200,5.000,15.300
2016-06-08 21:00:00,6.470,0.000,0.000,0.000,14.200
2016-06-08 22:00:00,5.720,0.000,0.000,0.000,13.300
2016-06-08 23:00:00,4.950,0.000,0.000,0.000,13.000
2016-06-09 00:00:00,4.330,0.000,0.000,0.000,12.800
2016-06-09 01:00:00,4.630,0.000,0.000,0.000,13.000
2016-06-09 02:00:00,4.770,0.000,0.000,0.000,13.000
2016-06-09 03:00:00,5.100,0.000,0.000,0.000,12.900
2016-06-09 04:00:00,5.460,9.000,0.000,9.000,13.000
2016-06-09 05:00:00,5.330,35.000,10.500,33.000,13.200
2016-06-09 06:00:00,5.050,98.000,110.200,61.000,13.600
2016-06-09 07:00:00,4.720,137.000,106.400,86.000,14.300
2016-06-09 08:00:00,4.130,195.000,114.500,125.000,15.100
2016-06-09 09:00:00,3.670,316.000,207.500,166.000,16.000
2016-06-09 10:00:00,3.400,559.000,445.300,200.000,18.100
2016-06-09 11:00:00,3.480,641.000,435.900,268.000,19.000
2016-06-09 12:00:00,3.800,537.000,275.400,298.000,19.600
2016-06-09 13:00:00,3.940,624.000,378.800,305.000,20.600
2016-06-09 14:00:00,4.430,520.000,376.800,226.000,21.000
2016-06-09 15:00:00,4.900,540.000,488.300,205.000,21.300
2016-06-09 16:00:00,5.380,424.000,476.700,154.000,21.200
2016-06-09 17:00:00,6.090,295.000,398.400,124.000,20.600
2016-06-09 18:00:00,6.770,181.000,345.100,83.000,19.500
2016-06-09 19:00:00,6.890,74.000,249.200,39.000,18.000
2016-06-09 20:00:00,6.490,7.000,19.100,6.000,16.200
2016-06-09 21:00:00,6.230,0.000,0.000,0.000,14.800
2016-06-09 22:00:00,5.580,0.000,0.000,0.000,13.500
2016-06-09 23:00:00,5.060,0.000,0.000,0.000,12.400
2016-06-10 00:00:00,4.920,0.000,0.000,0.000,11.300
2016-06-10 01:00:00,4.840,0.000,0.000,0.000,10.300
2016-06-10 02:00:00,5.260,0.000,0.000,0.000,9.800
2016-06-10 03:00:00,5.220,0.000,0.000,0.000,9.500
2016-06-10 04:00:00,5.190,24.000,111.600,16.000,9.600
2016-06-10 05:00:00,5.480,110.000,251.600,62.000,10.100
2016-06-10 06:00:00,4.900,232.000,383.800,103.000,11.200
2016-06-10 07:00:00,4.670,379.000,525.400,127.000,12.500
2016-06-10 08:00:00,4.850,530.000,639.200,139.000,14.100
2016-06-10 09:00:00,5.050,656.000,690.000,157.000,15.500
2016-06-10 10:00:00,4.750,763.000,763.700,147.000,17.000
2016-06-10 11:00:00,4.980,837.000,814.100,140.000,18.200
2016-06-10 12:00:00,5.170,854.000,822.000,140.000,19.300
2016-06-10 13:00:00,5.350,827.000,820.900,135.000,20.000
2016-06-10 14:00:00,5.910,752.000,793.700,132.000,20.500
2016-06-10 15:00:00,6.190,607.000,659.200,154.000,20.700
2016-06-10 16:00:00,5.810,428.000,484.400,153.000,20.400
2016-06-10 17:00:00,5.190,230.000,222.900,134.000,19.600
2016-06-10 18:00:00,4.720,130.000,129.600,93.000,18.700
2016-06-10 19:00:00,4.810,55.000,98.600,41.000,17.600
2016-06-10 20:00:00,5.000,7.000,19.100,6.000,16.100
2016-06-10 21:00:00,4.970,0.000,0.000,0.000,14.600
2016-06-10 22:00:00,4.870,0.000,0.000,0.000,13.700
2016-06-10 23:00:00,4.020,0.000,0.000,0.000,13.000
2016-06-11 00:00:00,3.320,0.000,0.000,0.000,12.100
2016-06-11 01:00:00,2.550,0.000,0.000,0.000,11.500
2016-06-11 02:00:00,2.040,0.000,0.000,0.000,10.800
2016-06-11 03:00:00,2.110,0.000,0.000,0.000,10.200
2016-06-11 04:00:00,2.120,22.000,55.600,18.000,10.300
2016-06-11 05:00:00,1.750,99.000,204.000,60.000,11.400
2016-06-11 06:00:00,1.560,222.000,324.000,113.000,12.800
2016-06-11 07:00:00,1.460,339.000,362.500,165.000,14.400
2016-06-11 08:00:00,1.400,441.000,419.900,184.000,15.700
2016-06-11 09:00:00,1.700,582.000,453.300,254.000,17.000
2016-06-11 10:00:00,1.890,607.000,406.500,279.000,17.900
2016-06-11 11:00:00,1.500,711.000,472.800,306.000,19.000
2016-06-11 12:00:00,1.080,693.000,457.900,295.000,19.700
2016-06-11 13:00:00,1.040,665.000,494.200,248.000,20.400
2016-06-11 14:00:00,1.000,586.000,428.400,251.000,20.800
2016-06-11 15:00:00,0.920,493.000,387.900,226.000,21.000
2016-06-11 16:00:00,1.400,421.000,407.800,189.000,21.300
2016-06-11 17:00:00,1.730,290.000,340.300,143.000,20.900
2016-06-11 18:00:00,2.400,157.000,209.200,97.000,20.200
2016-06-11 19:00:00,3.510,68.000,146.500,47.000,18.600
2016-06-11 20:00:00,4.360,7.000,0.000,7.000,17.100
2016-06-11 21:00:00,4.700,0.000,0.000,0.000,16.300
2016-06-11 22:00:00,4.120,0.000,0.000,0.000,15.500
2016-06-11 23:00:00,3.960,0.000,0.000,0.000,14.900
2016-06-12 00:00:00,3.950,0.000,0.000,0.000,14.400
2016-06-12 01:00:00,4.830,0.000,0.000,0.000,13.900
2016-06-12 02:00:00,5.050,0.000,0.000,0.000,13.700
2016-06-12 03:00:00,5.430,0.000,0.000,0.000,13.500
2016-06-12 04:00:00,6.100,14.000,13.900,13.000,13.400
2016-06-12 05:00:00,5.940,64.000,47.000,55.000,13.700
2016-06-12 06:00:00,5.100,121.000,74.200,96.000,14.300
2016-06-12 07:00:00,3.700,148.000,87.500,106.000,15.100
2016-06-12 08:00:00,3.260,231.000,116.000,160.000,16.400
2016-06-12 09:00:00,3.110,371.000,187.900,235.000,17.400
2016-06-12 10:00:00,2.020,383.000,144.900,266.000,17.900
2016-06-12 11:00:00,2.530,489.000,238.000,285.000,18.500
2016-06-12 12:00:00,4.120,519.000,190.900,353.000,19.100
2016-06-12 13:00:00,4.120,437.000,129.100,328.000,19.200
2016-06-12 14:00:00,3.100,358.000,77.900,297.000,19.000
2016-06-12 15:00:00,2.920,361.000,103.000,290.000,18.700
2016-06-12 16:00:00,2.900,194.000,78.900,149.000,17.900
2016-06-12 17:00:00,2.700,136.000,27.700,124.000,17.500
2016-06-12 18:00:00,3.130,109.000,24.300,102.000,17.100
2016-06-12 19:00:00,3.610,50.000,34.600,45.000,16.200
2016-06-12 20:00:00,4.320,7.000,19.100,6.000,15.400
2016-06-12 21:00:00,4.640,0.000,0.000,0.000,14.800
2016-06-12 22:00:00,3.500,0.000,0.000,0.000,14.200
2016-06-12 23:00:00,3.670,0.000,0.000,0.000,13.900
2016-06-13 00:00:00,3.890,0.000,0.000,0.000,13.700
2016-06-13 01:00:00,3.530,0.000,0.000,0.000,13.200
2016-06-13 02:00:00,3.020,0.000,0.000,0.000,13.200
2016-06-13 03:00:00,2.920,0.000,0.000,0.000,13.200
2016-06-13 04:00:00,3.360,8.000,13.800,7.000,13.400
2016-06-13 05:00:00,3.380,44.000,20.900,40.000,13.600
2016-06-13 06:00:00,3.040,111.000,68.300,88.000,14.200
2016-06-13 07:00:00,2.830,113.000,27.100,100.000,14.500
2016-06-13 08:00:00,2.690,149.000,50.600,118.000,15.300
2016-06-13 09:00:00,2.480,156.000,6.900,151.000,16.200
2016-06-13 10:00:00,3.060,288.000,52.000,246.000,17.300
2016-06-13 11:00:00,3.260,380.000,123.600,274.000,18.400
2016-06-13 12:00:00,2.910,308.000,77.000,241.000,18.300
2016-06-13 13:00:00,2.280,246.000,55.600,199.000,18.400
2016-06-13 14:00:00,1.750,367.000,199.100,211.000,18.600
2016-06-13 15:00:00,1.810,412.000,291.200,211.000,19.200
2016-06-13 16:00:00,1.840,295.000,168.100,199.000,18.800
2016-06-13 17:00:00,2.130,184.000,101.300,140.000,17.700
2016-06-13 18:00:00,2.830,74.000,31.100,65.000,16.500
2016-06-13 19:00:00,2.520,51.000,27.400,47.000,15.800
2016-06-13 20:00:00,3.040,7.000,0.000,7.000,15.000
2016-06-13 21:00:00,2.830,0.000,0.000,0.000,14.100
2016-06-13 22:00:00,3.330,0.000,0.000,0.000,14.100
2016-06-13 23:00:00,3.750,0.000,0.000,0.000,14.300
2016-06-14 00:00:00,4.030,0.000,0.000,0.000,14.000
2016-06-14 01:00:00,4.950,0.000,0.000,0.000,13.600
2016-06-14 02:00:00,5.350,0.000,0.000,0.000,13.700
2016-06-14 03:00:00,5.470,0.000,0.000,0.000,13.700
2016-06-14 04:00:00,5.330,11.000,27.700,9.000,13.900
2016-06-14 05:00:00,5.100,59.000,83.300,43.000,14.300
2016-06-14 06:00:00,5.520,89.000,44.500,74.000,14.700
2016-06-14 07:00:00,4.660,242.000,274.800,110.000,15.100
2016-06-14 08:00:00,3.920,355.000,262.900,194.000,15.700
2016-06-14 09:00:00,3.550,433.000,279.000,231.000,16.600
2016-06-14 10:00:00,3.410,591.000,433.300,241.000,18.100
2016-06-14 11:00:00,3.690,337.000,114.300,239.000,17.900
2016-06-14 12:00:00,4.200,292.000,108.000,198.000,16.900
2016-06-14 13:00:00,4.830,458.000,256.600,241.000,18.400
2016-06-14 14:00:00,5.140,473.000,326.400,217.000,19.000
2016-06-14 15:00:00,4.420,484.000,429.800,187.000,19.700
2016-06-14 16:00:00,4.030,328.000,271.000,173.000,18.800
2016-06-14 17:00:00,3.730,275.000,342.200,126.000,17.900
2016-06-14 18:00:00,3.670,150.000,203.100,91.000,17.700
2016-06-14 19:00:00,2.480,54.000,95.100,40.000,17.100
2016-06-14 20:00:00,3.450,8.000,19.100,7.000,16.200
2016-06-14 21:00:00,4.570,0.000,0.000,0.000,15.300
2016-06-14 22:00:00,4.410,0.000,0.000,0.000,14.000
2016-06-14 23:00:00,5.380,0.000,0.000,0.000,13.800
2016-06-15 00:00:00,5.340,0.000,0.000,0.000,13.500
2016-06-15 01:00:00,5.380,0.000,0.000,0.000,12.900
2016-06-15 02:00:00,5.980,0.000,0.000,0.000,12.600
2016-06-15 03:00:00,5.060,0.000,0.000,0.000,12.300
2016-06-15 04:00:00,4.220,22.000,96.800,15.000,12.800
2016-06-15 05:00:00,3.980,93.000,187.500,57.000,13.800
2016-06-15 06:00:00,3.420,160.000,243.300,78.000,14.800
2016-06-15 07:00:00,2.800,254.000,243.600,137.000,15.600
2016-06-15 08:00:00,2.260,265.000,147.000,175.000,16.000
2016-06-15 09:00:00,1.840,294.000,85.600,232.000,15.800
2016-06-15 10:00:00,1.300,539.000,354.000,253.000,17.600
2016-06-15 11:00:00,2.380,619.000,426.600,253.000,18.200
2016-06-15 12:00:00,3.090,655.000,481.000,236.000,18.500
2016-06-15 13:00:00,3.050,630.000,418.300,276.000,19.100
2016-06-15 14:00:00,2.800,628.000,490.400,243.000,19.200
2016-06-15 15:00:00,3.330,549.000,529.000,183.000,18.400
2016-06-15 16:00:00,5.000,285.000,223.400,157.000,16.200
2016-06-15 17:00:00,4.570,129.000,41.200,111.000,16.000
2016-06-15 18:00:00,2.150,92.000,13.700,88.000,16.000
2016-06-15 19:00:00,2.440,66.000,175.400,40.000,15.100
2016-06-15 20:00:00,4.070,9.000,19.100,8.000,13.700
2016-06-15 21:00:00,4.740,0.000,0.000,0.000,13.600
2016-06-15 22:00:00,5.020,0.000,0.000,0.000,13.000
2016-06-15 23:00:00,6.020,0.000,0.000,0.000,12.700
2016-06-16 00:00:00,6.120,0.000,0.000,0.000,12.400
2016-06-16 01:00:00,6.250,0.000,0.000,0.000,11.900
2016-06-16 02:00:00,5.690,0.000,0.000,0.000,11.900
2016-06-16 03:00:00,5.220,0.000,0.000,0.000,11.500
2016-06-16 04:00:00,5.340,23.000,110.600,15.000,11.600
2016-06-16 05:00:00,5.110,116.000,322.900,54.000,12.700
2016-06-16 06:00:00,4.660,236.000,445.200,86.000,14.100
2016-06-16 07:00:00,3.850,323.000,316.500,171.000,15.300
2016-06-16 08:00:00,3.040,436.000,405.000,188.000,16.500
2016-06-16 09:00:00,2.770,516.000,363.200,253.000,17.500
2016-06-16 10:00:00,1.240,638.000,446.800,277.000,18.400
2016-06-16 11:00:00,1.700,540.000,263.300,314.000,18.800
2016-06-16 12:00:00,1.940,470.000,199.700,296.000,19.200
2016-06-16 13:00:00,1.660,472.000,158.300,338.000,19.700
2016-06-16 14:00:00,2.040,396.000,115.800,305.000,19.900
2016-06-16 15:00:00,2.000,283.000,46.200,251.000,20.000
2016-06-16 16:00:00,2.620,209.000,55.800,177.000,19.800
2016-06-16 17:00:00,2.470,137.000,16.000,130.000,19.400
2016-06-16 18:00:00,2.330,93.000,17.100,88.000,18.900
2016-06-16 19:00:00,2.260,75.000,160.900,51.000,18.000
2016-06-16 20:00:00,1.710,8.000,19.100,7.000,16.600
2016-06-16 21:00:00,0.940,0.000,0.000,0.000,15.700
2016-06-16 22:00:00,0.500,0.000,0.000,0.000,14.700
2016-06-16 23:00:00,0.100,0.000,0.000,0.000,14.800
2016-06-17 00:00:00,0.360,0.000,0.000,0.000,14.300
2016-06-17 01:00:00,0.850,0.000,0.000,0.000,14.200
2016-06-17 02:00:00,0.860,0.000,0.000,0.000,14.200
2016-06-17 03:00:00,1.210,0.000,0.000,0.000,13.900
2016-06-17 04:00:00,1.330,15.000,13.800,14.000,14.300
2016-06-17 05:00:00,1.840,68.000,62.500,56.000,14.600
2016-06-17 06:00:00,2.060,145.000,127.700,102.000,15.300
2016-06-17 07:00:00,2.280,323.000,314.500,172.000,16.100
2016-06-17 08:00:00,3.210,468.000,472.100,179.000,16.600
2016-06-17 09:00:00,3.510,551.000,518.000,176.000,17.100
2016-06-17 10:00:00,4.610,642.000,517.400,224.000,18.400
2016-06-17 11:00:00,4.920,541.000,323.900,263.000,18.300
2016-06-17 12:00:00,5.700,551.000,286.800,301.000,18.300
2016-06-17 13:00:00,5.330,502.000,342.400,212.000,17.000
2016-06-17 14:00:00,7.070,521.000,419.700,191.000,18.100
2016-06-17 15:00:00,8.460,440.000,364.900,187.000,16.800
2016-06-17 16:00:00,7.750,306.000,259.300,157.000,17.200
2016-06-17 17:00:00,6.890,252.000,271.600,133.000,17.100
2016-06-17 18:00:00,5.650,150.000,272.700,70.000,16.700
2016-06-17 19:00:00,4.930,58.000,159.900,34.000,16.100
2016-06-17 20:00:00,5.260,8.000,38.000,6.000,15.200
2016-06-17 21:00:00,5.850,0.000,0.000,0.000,14.800
2016-06-17 22:00:00,5.730,0.000,0.000,0.000,14.500
2016-06-17 23:00:00,6.320,0.000,0.000,0.000,13.900
2016-06-18 00:00:00,5.790,0.000,0.000,0.000,13.500
2016-06-18 01:00:00,5.500,0.000,0.000,0.000,13.100
2016-06-18 02:00:00,5.370,0.000,0.000,0.000,12.600
2016-06-18 03:00:00,5.940,0.000,0.000,0.000,12.700
2016-06-18 04:00:00,6.010,21.000,83.100,15.000,13.000
2016-06-18 05:00:00,5.460,83.000,166.900,51.000,13.600
2016-06-18 06:00:00,4.840,179.000,282.300,84.000,14.300
2016-06-18 07:00:00,4.280,204.000,187.600,114.000,15.200
2016-06-18 08:00:00,4.100,319.000,228.800,179.000,16.100
2016-06-18 09:00:00,3.940,423.000,308.100,200.000,16.600
2016-06-18 10:00:00,3.770,440.000,295.800,201.000,17.200
2016-06-18 11:00:00,3.750,465.000,277.300,227.000,16.500
2016-06-18 12:00:00,4.200,594.000,376.200,266.000,18.100
2016-06-18 13:00:00,3.770,614.000,434.300,246.000,18.700
2016-06-18 14:00:00,3.900,525.000,367.400,236.000,19.100
2016-06-18 15:00:00,3.550,518.000,492.900,176.000,19.500
2016-06-18 16:00:00,3.280,442.000,540.600,131.000,19.300
2016-06-18 17:00:00,3.450,280.000,403.300,103.000,19.100
2016-06-18 18:00:00,4.270,170.000,316.200,77.000,18.500
2016-06-18 19:00:00,5.090,61.000,132.600,41.000,17.500
2016-06-18 20:00:00,4.900,6.000,18.800,5.000,16.300
2016-06-18 21:00:00,5.120,0.000,0.000,0.000,15.200
2016-06-18 22:00:00,5.280,0.000,0.000,0.000,14.600
2016-06-18 23:00:00,5.870,0.000,0.000,0.000,14.300
2016-06-19 00:00:00,5.690,0.000,0.000,0.000,13.800
2016-06-19 01:00:00,5.530,0.000,0.000,0.000,13.800
2016-06-19 02:00:00,5.400,0.000,0.000,0.000,13.600
2016-06-19 03:00:00,5.210,0.000,0.000,0.000,13.300
2016-06-19 04:00:00,4.870,14.000,41.600,11.000,13.400
2016-06-19 05:00:00,4.430,50.000,47.000,41.000,13.800
2016-06-19 06:00:00,4.160,93.000,77.300,67.000,14.000
2016-06-19 07:00:00,4.020,197.000,137.600,131.000,14.600
2016-06-19 08:00:00,3.890,164.000,26.200,148.000,14.900
2016-06-19 09:00:00,4.480,314.000,139.600,213.000,14.900
2016-06-19 10:00:00,4.480,417.000,286.000,186.000,15.000
2016-06-19 11:00:00,4.490,517.000,283.100,274.000,15.700
2016-06-19 12:00:00,4.360,602.000,385.300,266.000,16.100
2016-06-19 13:00:00,5.080,465.000,227.700,272.000,16.500
2016-06-19 14:00:00,5.220,444.000,232.500,261.000,16.800
2016-06-19 15:00:00,5.250,296.000,97.900,228.000,16.600
2016-06-19 16:00:00,4.930,271.000,137.200,192.000,16.700
2016-06-19 17:00:00,4.270,188.000,120.600,135.000,16.400
2016-06-19 18:00:00,3.640,129.000,118.700,94.000,16.300
2016-06-19 19:00:00,3.320,62.000,125.400,43.000,15.400
2016-06-19 20:00:00,3.260,10.000,56.200,7.000,13.600
2016-06-19 21:00:00,2.320,0.000,0.000,0.000,11.900
2016-06-19 22:00:00,2.160,0.000,0.000,0.000,10.600
2016-06-19 23:00:00,2.950,0.000,0.000,0.000,10.200
2016-06-20 00:00:00,4.270,0.000,0.000,0.000,9.700
2016-06-20 01:00:00,4.920,0.000,0.000,0.000,9.300
2016-06-20 02:00:00,5.240,0.000,0.000,0.000,9.100
2016-06-20 03:00:00,5.380,0.000,0.000,0.000,8.800
2016-06-20 04:00:00,5.460,26.000,139.100,16.000,9.200
2016-06-20 05:00:00,5.540,124.000,376.900,52.000,11.300
2016-06-20 06:00:00,4.490,260.000,530.100,82.000,13.800
2016-06-20 07:00:00,4.680,409.000,640.700,102.000,16.100
2016-06-20 08:00:00,5.240,544.000,709.900,110.000,17.700
2016-06-20 09:00:00,5.260,697.000,796.300,121.000,18.700
2016-06-20 10:00:00,4.180,799.000,828.400,130.000,20.000
2016-06-20 11:00:00,5.050,842.000,796.900,158.000,20.900
2016-06-20 12:00:00,5.680,799.000,637.600,243.000,21.500
2016-06-20 13:00:00,6.150,713.000,475.300,310.000,21.900
2016-06-20 14:00:00,6.220,600.000,402.600,283.000,22.300
2016-06-20 15:00:00,5.860,472.000,290.700,270.000,22.400
2016-06-20 16:00:00,5.860,306.000,154.400,217.000,22.000
2016-06-20 17:00:00,6.280,160.000,54.500,136.000,20.700
2016-06-20 18:00:00,6.410,73.000,6.800,71.000,19.500
2016-06-20 19:00:00,6.180,17.000,0.000,17.000,18.400
2016-06-20 20:00:00,6.450,2.000,0.000,2.000,17.200
2016-06-20 21:00:00,7.040,0.000,0.000,0.000,15.500
2016-06-20 22:00:00,8.540,0.000,0.000,0.000,14.700
2016-06-20 23:00:00,8.760,0.000,0.000,0.000,14.700
2016-06-21 00:00:00,9.060,0.000,0.000,0.000,14.900
2016-06-21 01:00:00,8.840,0.000,0.000,0.000,15.100
2016-06-21 02:00:00,8.640,0.000,0.000,0.000,15.300
2016-06-21 03:00:00,8.290,0.000,0.000,0.000,15.300
2016-06-21 04:00:00,7.220,6.000,0.000,6.000,15.300
2016-06-21 05:00:00,6.920,41.000,47.200,32.000,15.500
2016-06-21 06:00:00,7.000,95.000,44.700,80.000,15.800
2016-06-21 07:00:00,6.760,230.000,179.700,144.000,16.300
2016-06-21 08:00:00,5.910,388.000,374.800,159.000,17.300
2016-06-21 09:00:00,4.500,396.000,286.300,189.000,18.100
2016-06-21 10:00:00,3.540,420.000,284.900,190.000,18.900
2016-06-21 11:00:00,4.830,360.000,148.000,233.000,19.100
2016-06-21 12:00:00,5.410,532.000,283.200,285.000,20.000
2016-06-21 13:00:00,5.220,541.000,389.100,211.000,21.000
2016-06-21 14:00:00,5.100,560.000,469.700,190.000,22.000
2016-06-21 15:00:00,4.550,324.000,210.000,178.000,22.000
2016-06-21 16:00:00,3.690,326.000,306.900,149.000,22.400
2016-06-21 17:00:00,2.620,257.000,347.200,104.000,22.500
2016-06-21 18:00:00,1.660,171.000,365.000,63.000,22.100
2016-06-21 19:00:00,1.320,60.000,118.000,42.000,20.300
2016-06-21 20:00:00,2.470,9.000,18.600,8.000,19.000
2016-06-21 21:00:00,4.060,0.000,0.000,0.000,18.400
2016-06-21 22:00:00,3.890,0.000,0.000,0.000,17.900
2016-06-21 23:00:00,5.550,0.000,0.000,0.000,17.800
2016-06-22 00:00:00,6.100,0.000,0.000,0.000,17.700
2016-06-22 01:00:00,6.000,0.000,0.000,0.000,17.600
2016-06-22 02:00:00,5.950,0.000,0.000,0.000,17.500
2016-06-22 03:00:00,5.680,0.000,0.000,0.000,17.400
2016-06-22 04:00:00,5.370,7.000,0.000,7.000,17.700
2016-06-22 05:00:00,5.130,16.000,0.000,16.000,18.300
2016-06-22 06:00:00,4.720,33.000,3.000,32.000,18.700
2016-06-22 07:00:00,3.830,166.000,100.400,118.000,19.600
2016-06-22 08:00:00,4.360,349.000,308.000,161.000,20.700
2016-06-22 09:00:00,4.420,396.000,289.200,187.000,21.700
2016-06-22 10:00:00,3.810,541.000,452.200,176.000,22.400
2016-06-22 11:00:00,3.740,501.000,320.500,226.000,23.300
2016-06-22 12:00:00,3.940,590.000,415.100,228.000,24.300
2016-06-22 13:00:00,4.160,385.000,116.700,286.000,24.600
2016-06-22 14:00:00,4.250,398.000,106.600,314.000,25.100
2016-06-22 15:00:00,3.960,374.000,232.900,212.000,25.500
2016-06-22 16:00:00,3.220,337.000,240.800,198.000,25.700
2016-06-22 17:00:00,2.350,285.000,328.800,140.000,25.600
2016-06-22 18:00:00,1.420,163.000,246.400,90.000,25.100
2016-06-22 19:00:00,0.810,80.000,242.000,43.000,23.700
2016-06-22 20:00:00,1.240,11.000,55.600,8.000,22.200
2016-06-22 21:00:00,2.600,0.000,0.000,0.000,20.000
2016-06-22 22:00:00,4.740,0.000,0.000,0.000,18.000
2016-06-22 23:00:00,5.550,0.000,0.000,0.000,17.700
2016-06-23 00:00:00,5.750,0.000,0.000,0.000,17.400
2016-06-23 01:00:00,6.020,0.000,0.000,0.000,17.300
2016-06-23 02:00:00,6.010,0.000,0.000,0.000,17.200
2016-06-23 03:00:00,5.610,0.000,0.000,0.000,17.000
2016-06-23 04:00:00,6.290,22.000,112.500,14.000,17.500
2016-06-23 05:00:00,6.080,105.000,285.000,51.000,19.600
2016-06-23 06:00:00,5.840,238.000,466.900,82.000,21.900
2016-06-23 07:00:00,5.280,383.000,594.700,99.000,24.400
2016-06-23 08:00:00,5.420,490.000,573.800,140.000,26.300
2016-06-23 09:00:00,5.860,640.000,693.700,139.000,27.700
2016-06-23 10:00:00,5.410,746.000,761.000,132.000,29.300
2016-06-23 11:00:00,5.980,795.000,757.700,145.000,30.100
2016-06-23 12:00:00,6.240,826.000,793.600,134.000,30.900
2016-06-23 13:00:00,6.420,803.000,797.000,127.000,31.600
2016-06-23 14:00:00,6.800,734.000,763.900,132.000,32.100
2016-06-23 15:00:00,7.030,630.000,731.700,121.000,32.300
2016-06-23 16:00:00,6.550,485.000,632.100,120.000,32.400
2016-06-23 17:00:00,6.170,319.000,469.100,112.000,32.000
2016-06-23 18:00:00,6.960,187.000,377.700,75.000,31.100
2016-06-23 19:00:00,7.060,80.000,241.700,43.000,29.000
2016-06-23 20:00:00,6.640,11.000,55.500,8.000,26.800
2016-06-23 21:00:00,4.370,0.000,0.000,0.000,26.500
2016-06-23 22:00:00,6.140,0.000,0.000,0.000,24.500
2016-06-23 23:00:00,6.190,0.000,0.000,0.000,23.600
2016-06-24 00:00:00,5.100,0.000,0.000,0.000,22.800
2016-06-24 01:00:00,3.580,0.000,0.000,0.000,21.800
2016-06-24 02:00:00,3.680,0.000,0.000,0.000,20.900
2016-06-24 03:00:00,5.590,0.000,0.000,0.000,19.900
2016-06-24 04:00:00,2.770,23.000,113.000,15.000,20.300
2016-06-24 05:00:00,2.190,99.000,254.300,51.000,21.400
2016-06-24 06:00:00,3.270,233.000,440.900,86.000,22.700
2016-06-24 07:00:00,2.820,319.000,415.200,121.000,24.000
2016-06-24 08:00:00,2.250,390.000,375.800,161.000,25.100
2016-06-24 09:00:00,1.800,421.000,327.000,185.000,26.500
2016-06-24 10:00:00,0.980,512.000,339.800,238.000,26.300
2016-06-24 11:00:00,1.300,558.000,267.000,329.000,27.000
2016-06-24 12:00:00,1.490,689.000,527.600,229.000,28.200
2016-06-24 13:00:00,0.580,739.000,674.500,167.000,28.800
2016-06-24 14:00:00,3.050,567.000,492.300,179.000,28.100
2016-06-24 15:00:00,2.300,452.000,366.500,197.000,27.700
2016-06-24 16:00:00,1.940,306.000,244.100,165.000,26.400
2016-06-24 17:00:00,2.620,128.000,49.800,106.000,24.800
2016-06-24 18:00:00,4.100,89.000,50.600,74.000,23.100
2016-06-24 19:00:00,4.960,64.000,150.100,41.000,22.200
2016-06-24 20:00:00,5.410,7.000,18.500,6.000,20.800
2016-06-24 21:00:00,5.390,0.000,0.000,0.000,19.800
2016-06-24 22:00:00,5.550,0.000,0.000,0.000,20.100
2016-06-24 23:00:00,5.120,0.000,0.000,0.000,19.600
2016-06-25 00:00:00,4.300,0.000,0.000,0.000,18.900
2016-06-25 01:00:00,3.200,0.000,0.000,0.000,18.400
2016-06-25 02:00:00,5.000,0.000,0.000,0.000,18.100
2016-06-25 03:00:00,5.890,0.000,0.000,0.000,18.000
2016-06-25 04:00:00,6.920,7.000,0.000,7.000,18.100
2016-06-25 05:00:00,6.170,36.000,16.000,33.000,18.400
2016-06-25 06:00:00,5.660,76.000,39.100,63.000,18.600
2016-06-25 07:00:00,5.400,85.000,0.000,85.000,18.500
2016-06-25 08:00:00,5.320,116.000,9.900,110.000,18.800
2016-06-25 09:00:00,4.390,183.000,27.700,163.000,19.400
2016-06-25 10:00:00,4.000,270.000,64.500,218.000,19.800
2016-06-25 11:00:00,4.820,274.000,58.300,224.000,20.300
2016-06-25 12:00:00,5.310,201.000,24.100,180.000,20.000
2016-06-25 13:00:00,6.440,196.000,10.600,187.000,19.700
2016-06-25 14:00:00,6.530,120.000,0.000,120.000,19.400
2016-06-25 15:00:00,6.020,183.000,94.800,117.000,19.700
2016-06-25 16:00:00,5.160,145.000,71.000,104.000,19.100
2016-06-25 17:00:00,5.770,94.000,34.000,79.000,18.100
2016-06-25 18:00:00,8.190,38.000,13.500,34.000,16.700
2016-06-25 19:00:00,9.720,14.000,13.000,12.000,15.900
2016-06-25 20:00:00,10.100,2.000,0.000,2.000,15.500
2016-06-25 21:00:00,9.820,0.000,0.000,0.000,15.100
2016-06-25 22:00:00,7.000,0.000,0.000,0.000,14.400
2016-06-25 23:00:00,8.020,0.000,0.000,0.000,14.200
2016-06-26 00:00:00,8.780,0.000,0.000,0.000,13.700
2016-06-26 01:00:00,8.290,0.000,0.000,0.000,13.400
2016-06-26 02:00:00,7.890,0.000,0.000,0.000,13.100
2016-06-26 03:00:00,7.500,0.000,0.000,0.000,13.100
2016-06-26 04:00:00,7.690,14.000,42.900,11.000,13.400
2016-06-26 05:00:00,6.860,79.000,155.100,50.000,13.800
2016-06-26 06:00:00,6.710,184.000,289.400,88.000,14.700
2016-06-26 07:00:00,5.860,347.000,519.700,100.000,15.700
2016-06-26 08:00:00,5.800,420.000,457.300,142.000,16.900
2016-06-26 09:00:00,6.740,538.000,564.900,131.000,17.800
2016-06-26 10:00:00,6.160,636.000,551.300,192.000,18.900
2016-06-26 11:00:00,6.600,634.000,462.200,238.000,19.500
2016-06-26 12:00:00,6.440,500.000,200.900,325.000,19.900
2016-06-26 13:00:00,6.380,554.000,402.200,213.000,20.600
2016-06-26 14:00:00,6.580,496.000,418.800,166.000,20.800
2016-06-26 15:00:00,6.440,417.000,362.100,165.000,20.500
2016-06-26 16:00:00,5.640,356.000,398.100,126.000,20.400
2016-06-26 17:00:00,4.650,301.000,457.400,99.000,19.700
2016-06-26 18:00:00,4.340,186.000,377.300,74.000,19.100
2016-06-26 19:00:00,3.970,71.000,221.900,37.000,18.100
2016-06-26 20:00:00,4.190,10.000,55.400,7.000,16.300
2016-06-26 21:00:00,5.220,0.000,0.000,0.000,15.100
2016-06-26 22:00:00,6.090,0.000,0.000,0.000,14.100
2016-06-26 23:00:00,5.600,0.000,0.000,0.000,13.600
2016-06-27 00:00:00,5.240,0.000,0.000,0.000,13.100
2016-06-27 01:00:00,5.440,0.000,0.000,0.000,12.600
2016-06-27 02:00:00,5.800,0.000,0.000,0.000,12.300
2016-06-27 03:00:00,5.580,0.000,0.000,0.000,12.100
2016-06-27 04:00:00,5.520,23.000,115.100,15.000,12.200
2016-06-27 05:00:00,5.520,114.000,349.600,49.000,13.300
2016-06-27 06:00:00,6.300,251.000,526.100,77.000,14.900
2016-06-27 07:00:00,5.690,350.000,455.400,134.000,16.400
2016-06-27 08:00:00,5.730,484.000,586.500,128.000,17.700
2016-06-27 09:00:00,6.240,561.000,603.000,127.000,18.200
2016-06-27 10:00:00,5.380,651.000,584.000,181.000,19.600
2016-06-27 11:00:00,6.080,659.000,539.500,197.000,20.300
2016-06-27 12:00:00,7.000,535.000,423.700,166.000,20.800
2016-06-27 13:00:00,7.470,634.000,473.100,233.000,21.600
2016-06-27 14:00:00,7.940,498.000,326.200,241.000,22.000
2016-06-27 15:00:00,8.320,341.000,172.500,221.000,21.500
2016-06-27 16:00:00,8.720,216.000,81.400,169.000,20.600
2016-06-27 17:00:00,8.130,238.000,233.200,135.000,20.000
2016-06-27 18:00:00,6.690,112.000,128.000,74.000,18.900
2016-06-27 19:00:00,5.590,40.000,52.300,32.000,18.100
2016-06-27 20:00:00,5.410,3.000,0.000,3.000,17.500
2016-06-27 21:00:00,5.420,0.000,0.000,0.000,16.800
2016-06-27 22:00:00,4.420,0.000,0.000,0.000,15.900
2016-06-27 23:00:00,5.470,0.000,0.000,0.000,15.400
2016-06-28 00:00:00,5.760,0.000,0.000,0.000,15.000
2016-06-28 01:00:00,5.630,0.000,0.000,0.000,14.300
2016-06-28 02:00:00,5.730,0.000,0.000,0.000,13.700
2016-06-28 03:00:00,5.610,0.000,0.000,0.000,13.100
2016-06-28 04:00:00,5.160,13.000,14.500,12.000,12.800
2016-06-28 05:00:00,4.300,64.000,37.900,57.000,13.200
2016-06-28 06:00:00,4.210,175.000,197.200,110.000,14.000
2016-06-28 07:00:00,3.920,335.000,437.400,128.000,14.900
2016-06-28 08:00:00,3.910,443.000,480.100,152.000,16.000
2016-06-28 09:00:00,4.040,488.000,395.100,204.000,16.900
2016-06-28 10:00:00,3.770,653.000,606.900,165.000,18.200
2016-06-28 11:00:00,3.700,708.000,619.300,178.000,19.200
2016-06-28 12:00:00,3.300,649.000,479.000,232.000,19.500
2016-06-28 13:00:00,3.060,632.000,502.800,206.000,20.300
2016-06-28 14:00:00,2.560,601.000,488.800,216.000,20.600
2016-06-28 15:00:00,2.060,477.000,403.900,196.000,21.000
2016-06-28 16:00:00,0.760,277.000,103.900,217.000,20.900
2016-06-28 17:00:00,0.860,203.000,120.100,150.000,20.800
2016-06-28 18:00:00,2.100,137.000,128.100,99.000,20.300
2016-06-28 19:00:00,3.510,76.000,202.900,45.000,18.800
2016-06-28 20:00:00,5.110,9.000,37.100,7.000,17.400
2016-06-28 21:00:00,6.220,0.000,0.000,0.000,16.400
2016-06-28 22:00:00,7.310,0.000,0.000,0.000,15.900
2016-06-28 23:00:00,7.680,0.000,0.000,0.000,16.000
2016-06-29 00:00:00,6.660,0.000,0.000,0.000,15.700
2016-06-29 01:00:00,6.750,0.000,0.000,0.000,14.800
2016-06-29 02:00:00,6.610,0.000,0.000,0.000,14.400
2016-06-29 03:00:00,5.910,0.000,0.000,0.000,14.700
2016-06-29 04:00:00,5.020,9.000,14.600,8.000,14.900
2016-06-29 05:00:00,6.100,43.000,54.500,33.000,15.500
2016-06-29 06:00:00,7.740,129.000,143.100,82.000,16.600
2016-06-29 07:00:00,7.300,341.000,489.200,110.000,17.500
2016-06-29 08:00:00,7.070,501.000,609.900,132.000,18.100
2016-06-29 09:00:00,7.340,526.000,508.400,161.000,18.600
2016-06-29 10:00:00,8.170,569.000,425.700,227.000,19.000
2016-06-29 11:00:00,8.280,753.000,659.500,189.000,19.500
2016-06-29 12:00:00,8.950,579.000,387.300,242.000,19.800
2016-06-29 13:00:00,8.010,578.000,475.800,175.000,20.000
2016-06-29 14:00:00,8.360,522.000,412.800,197.000,20.400
2016-06-29 15:00:00,8.050,440.000,376.700,178.000,20.500
2016-06-29 16:00:00,7.600,303.000,256.300,155.000,20.500
2016-06-29 17:00:00,6.390,259.000,335.400,111.000,20.400
2016-06-29 18:00:00,4.960,160.000,199.100,101.000,19.900
2016-06-29 19:00:00,4.180,72.000,229.500,37.000,18.800
2016-06-29 20:00:00,3.800,11.000,55.800,8.000,16.500
2016-06-29 21:00:00,3.720,0.000,0.000,0.000,15.600
2016-06-29 22:00:00,3.830,0.000,0.000,0.000,14.900
2016-06-29 23:00:00,4.540,0.000,0.000,0.000,15.100
2016-06-30 00:00:00,5.220,0.000,0.000,0.000,14.900
2016-06-30 01:00:00,4.900,0.000,0.000,0.000,14.500
2016-06-30 02:00:00,5.410,0.000,0.000,0.000,14.700
2016-06-30 03:00:00,5.940,0.000,0.000,0.000,14.700
2016-06-30 04:00:00,6.140,5.000,0.000,5.000,14.900
2016-06-30 05:00:00,6.070,45.000,38.400,38.000,15.700
2016-06-30 06:00:00,6.480,146.000,119.200,107.000,16.500
2016-06-30 07:00:00,7.100,94.000,10.600,89.000,17.300
2016-06-30 08:00:00,6.860,98.000,6.600,94.000,17.200
2016-06-30 09:00:00,5.940,127.000,4.200,124.000,17.200
2016-06-30 10:00:00,4.480,242.000,34.900,214.000,18.700
2016-06-30 11:00:00,6.340,438.000,187.200,278.000,19.900
2016-06-30 12:00:00,7.380,513.000,257.600,289.000,20.500
2016-06-30 13:00:00,7.630,500.000,335.500,216.000,20.800
2016-06-30 14:00:00,7.830,425.000,308.700,182.000,20.500
2016-06-30 15:00:00,5.900,295.000,129.500,205.000,20.700
2016-06-30 16:00:00,4.960,246.000,195.800,133.000,20.900
2016-06-30 17:00:00,5.040,141.000,61.200,114.000,20.800
2016-06-30 18:00:00,4.600,148.000,155.400,102.000,20.900
2016-06-30 19:00:00,4.740,67.000,125.000,48.000,20.000
2016-06-30 20:00:00,5.550,9.000,18.700,8.000,19.100
2016-06-30 21:00:00,6.200,0.000,0.000,0.000,18.400
2016-06-30 22:00:00,7.260,0.000,0.000,0.000,18.000
2016-06-30 23:00:00,6.890,0.000,0.000,0.000,17.900
2016-07-01 00:00:00,7.460,0.000,0.000,0.000,17.800
2016-07-01 01:00:00,7.520,0.000,0.000,0.000,17.700
2016-07-01 02:00:00,7.280,0.000,0.000,0.000,17.400
2016-07-01 03:00:00,6.730,0.000,0.000,0.000,17.100
2016-07-01 04:00:00,6.860,17.000,89.400,11.000,17.100
2016-07-01 05:00:00,6.980,94.000,243.300,50.000,17.800
2016-07-01 06:00:00,6.630,185.000,294.700,89.000,18.900
2016-07-01 07:00:00,6.580,277.000,259.700,155.000,19.800
2016-07-01 08:00:00,7.540,467.000,544.100,139.000,20.600
2016-07-01 09:00:00,8.340,399.000,289.100,192.000,21.500
2016-07-01 10:00:00,6.620,535.000,435.300,186.000,22.100
2016-07-01 11:00:00,5.910,566.000,357.200,261.000,22.200
2016-07-01 12:00:00,7.640,631.000,349.800,327.000,22.400
2016-07-01 13:00:00,7.140,561.000,286.000,319.000,22.500
2016-07-01 14:00:00,7.360,391.000,189.400,242.000,22.500
2016-07-01 15:00:00,6.940,366.000,234.600,203.000,23.200
2016-07-01 16:00:00,6.510,256.000,124.800,184.000,23.100
2016-07-01 17:00:00,6.050,178.000,86.200,140.000,21.700
2016-07-01 18:00:00,6.130,86.000,64.300,67.000,21.100
2016-07-01 19:00:00,5.200,21.000,0.000,21.000,20.800
2016-07-01 20:00:00,4.740,5.000,18.800,4.000,20.200
2016-07-01 21:00:00,5.530,0.000,0.000,0.000,19.600
2016-07-01 22:00:00,7.840,0.000,0.000,0.000,19.000
2016-07-01 23:00:00,8.050,0.000,0.000,0.000,18.800
2016-07-02 00:00:00,7.790,0.000,0.000,0.000,19.000
2016-07-02 01:00:00,7.190,0.000,0.000,0.000,18.900
2016-07-02 02:00:00,6.620,0.000,0.000,0.000,18.500
2016-07-02 03:00:00,6.840,0.000,0.000,0.000,17.500
2016-07-02 04:00:00,7.360,7.000,0.000,7.000,16.900
2016-07-02 05:00:00,9.140,23.000,11.200,21.000,16.500
2016-07-02 06:00:00,7.630,21.000,0.000,21.000,16.000
2016-07-02 07:00:00,6.690,37.000,0.000,37.000,15.100
2016-07-02 08:00:00,7.070,141.000,5.000,138.000,15.000
2016-07-02 09:00:00,6.930,175.000,11.200,167.000,15.300
2016-07-02 10:00:00,7.490,237.000,8.700,230.000,15.300
2016-07-02 11:00:00,6.980,310.000,36.300,279.000,15.600
2016-07-02 12:00:00,6.590,325.000,36.900,293.000,15.900
2016-07-02 13:00:00,6.980,396.000,117.100,297.000,16.600
2016-07-02 14:00:00,7.470,546.000,470.600,176.000,16.900
2016-07-02 15:00:00,9.080,540.000,574.600,141.000,16.700
2016-07-02 16:00:00,8.140,455.000,550.000,138.000,17.600
2016-07-02 17:00:00,6.440,292.000,390.700,120.000,17.100
2016-07-02 18:00:00,6.330,132.000,240.600,61.000,15.600
2016-07-02 19:00:00,5.800,82.000,271.700,41.000,14.100
2016-07-02 20:00:00,5.870,10.000,56.600,7.000,12.200
2016-07-02 21:00:00,6.040,0.000,0.000,0.000,11.400
2016-07-02 22:00:00,6.400,0.000,0.000,0.000,11.700
2016-07-02 23:00:00,6.080,0.000,0.000,0.000,11.200
2016-07-03 00:00:00,5.840,0.000,0.000,0.000,10.700
2016-07-03 01:00:00,6.530,0.000,0.000,0.000,10.300
2016-07-03 02:00:00,6.540,0.000,0.000,0.000,10.100
2016-07-03 03:00:00,6.300,0.000,0.000,0.000,10.100
2016-07-03 04:00:00,6.770,18.000,91.400,12.000,10.500
2016-07-03 05:00:00,6.800,101.000,292.500,49.000,12.000
2016-07-03 06:00:00,6.110,231.000,464.600,81.000,13.600
2016-07-03 07:00:00,6.740,349.000,503.200,114.000,14.800
2016-07-03 08:00:00,6.540,448.000,523.000,134.000,15.700
2016-07-03 09:00:00,6.260,562.000,542.100,175.000,16.500
2016-07-03 10:00:00,5.540,671.000,573.900,212.000,17.400
2016-07-03 11:00:00,5.370,770.000,699.400,174.000,17.900
2016-07-03 12:00:00,5.820,777.000,668.500,197.000,18.000
2016-07-03 13:00:00,5.900,715.000,539.700,259.000,17.900
2016-07-03 14:00:00,6.020,590.000,437.800,246.000,18.000
2016-07-03 15:00:00,5.910,557.000,543.300,180.000,18.300
2016-07-03 16:00:00,5.120,440.000,493.100,156.000,18.400
2016-07-03 17:00:00,5.210,282.000,382.100,114.000,18.500
2016-07-03 18:00:00,5.320,157.000,244.500,85.000,17.300
2016-07-03 19:00:00,5.630,61.000,193.200,32.000,16.300
2016-07-03 20:00:00,4.610,7.000,38.000,5.000,14.400
2016-07-03 21:00:00,3.380,0.000,0.000,0.000,14.100
2016-07-03 22:00:00,2.380,0.000,0.000,0.000,12.300
2016-07-03 23:00:00,3.540,0.000,0.000,0.000,11.600
2016-07-04 00:00:00,4.310,0.000,0.000,0.000,10.600
2016-07-04 01:00:00,4.680,0.000,0.000,0.000,10.700
2016-07-04 02:00:00,4.680,0.000,0.000,0.000,10.800
2016-07-04 03:00:00,4.810,0.000,0.000,0.000,10.800
2016-07-04 04:00:00,4.740,15.000,77.100,10.000,11.300
2016-07-04 05:00:00,4.470,90.000,261.200,44.000,12.400
2016-07-04 06:00:00,3.500,193.000,354.800,79.000,14.000
2016-07-04 07:00:00,3.470,313.000,461.800,98.000,15.900
2016-07-04 08:00:00,3.910,482.000,612.700,115.000,17.800
2016-07-04 09:00:00,3.720,586.000,632.800,135.000,19.300
2016-07-04 10:00:00,3.310,745.000,732.400,160.000,20.200
2016-07-04 11:00:00,3.090,561.000,405.300,216.000,20.600
2016-07-04 12:00:00,3.180,543.000,388.800,206.000,20.800
2016-07-04 13:00:00,2.690,529.000,374.300,213.000,21.200
2016-07-04 14:00:00,2.390,439.000,290.400,211.000,21.800
2016-07-04 15:00:00,3.280,424.000,327.400,197.000,22.300
2016-07-04 16:00:00,3.050,296.000,205.100,178.000,22.300
2016-07-04 17:00:00,2.060,165.000,111.600,116.000,22.100
2016-07-04 18:00:00,1.910,124.000,146.400,81.000,21.700
2016-07-04 19:00:00,3.030,59.000,140.600,38.000,20.000
2016-07-04 20:00:00,4.040,7.000,19.100,6.000,18.100
2016-07-04 21:00:00,4.800,0.000,0.000,0.000,16.600
2016-07-04 22:00:00,3.820,0.000,0.000,0.000,16.100
2016-07-04 23:00:00,4.750,0.000,0.000,0.000,15.800
2016-07-05 00:00:00,5.170,0.000,0.000,0.000,15.300
2016-07-05 01:00:00,5.370,0.000,0.000,0.000,14.600
2016-07-05 02:00:00,5.330,0.000,0.000,0.000,14.600
2016-07-05 03:00:00,5.250,0.000,0.000,0.000,14.500
2016-07-05 04:00:00,5.140,16.000,62.500,12.000,14.400
2016-07-05 05:00:00,4.840,100.000,281.000,51.000,15.500
2016-07-05 06:00:00,4.220,207.000,416.100,74.000,17.200
2016-07-05 07:00:00,4.340,328.000,456.900,116.000,18.800
2016-07-05 08:00:00,5.200,447.000,537.100,126.000,20.300
2016-07-05 09:00:00,6.440,559.000,589.000,140.000,20.800
2016-07-05 10:00:00,5.910,603.000,551.600,163.000,20.000
2016-07-05 11:00:00,6.210,556.000,375.100,237.000,21.000
2016-07-05 12:00:00,8.510,587.000,466.500,183.000,22.000
2016-07-05 13:00:00,10.240,545.000,411.400,198.000,21.700
2016-07-05 14:00:00,10.220,346.000,239.700,158.000,19.900
2016-07-05 15:00:00,10.760,381.000,287.300,182.000,20.300
2016-07-05 16:00:00,10.170,326.000,370.600,113.000,20.500
2016-07-05 17:00:00,11.570,276.000,438.100,84.000,20.000
2016-07-05 18:00:00,11.660,114.000,191.200,58.000,19.200
2016-07-05 19:00:00,11.610,54.000,148.300,32.000,18.100
2016-07-05 20:00:00,11.520,6.000,19.100,5.000,16.500
2016-07-05 21:00:00,10.780,0.000,0.000,0.000,15.300
2016-07-05 22:00:00,10.230,0.000,0.000,0.000,14.600
2016-07-05 23:00:00,10.570,0.000,0.000,0.000,14.100
2016-07-06 00:00:00,10.420,0.000,0.000,0.000,13.700
2016-07-06 01:00:00,10.400,0.000,0.000,0.000,13.300
2016-07-06 02:00:00,11.020,0.000,0.000,0.000,13.000
2016-07-06 03:00:00,10.980,0.000,0.000,0.000,12.800
2016-07-06 04:00:00,10.230,15.000,79.200,10.000,12.400
2016-07-06 05:00:00,9.950,88.000,249.200,45.000,12.600
2016-07-06 06:00:00,10.360,207.000,408.900,77.000,13.200
2016-07-06 07:00:00,10.320,257.000,324.400,107.000,14.200
2016-07-06 08:00:00,10.890,447.000,528.400,132.000,15.400
2016-07-06 09:00:00,10.910,519.000,521.000,149.000,15.800
2016-07-06 10:00:00,9.490,621.000,568.700,168.000,16.800
2016-07-06 11:00:00,9.140,628.000,502.700,201.000,17.500
2016-07-06 12:00:00,9.440,622.000,450.800,232.000,18.100
2016-07-06 13:00:00,9.770,488.000,353.600,190.000,18.300
2016-07-06 14:00:00,9.770,447.000,354.700,169.000,18.700
2016-07-06 15:00:00,9.810,365.000,281.800,170.000,18.800
2016-07-06 16:00:00,9.120,280.000,174.200,180.000,18.700
2016-07-06 17:00:00,8.550,271.000,313.100,134.000,18.500
2016-07-06 18:00:00,7.850,186.000,383.600,74.000,17.900
2016-07-06 19:00:00,7.210,69.000,162.900,45.000,16.700
2016-07-06 20:00:00,6.820,8.000,19.100,7.000,15.200
2016-07-06 21:00:00,6.210,0.000,0.000,0.000,13.700
2016-07-06 22:00:00,5.720,0.000,0.000,0.000,12.800
2016-07-06 23:00:00,5.050,0.000,0.000,0.000,12.000
2016-07-07 00:00:00,5.390,0.000,0.000,0.000,11.200
2016-07-07 01:00:00,5.510,0.000,0.000,0.000,10.600
2016-07-07 02:00:00,5.400,0.000,0.000,0.000,10.000
2016-07-07 03:00:00,5.400,0.000,0.000,0.000,9.600
2016-07-07 04:00:00,5.120,17.000,96.300,11.000,9.600
2016-07-07 05:00:00,5.020,105.000,328.000,49.000,11.200
2016-07-07 06:00:00,4.320,240.000,521.900,75.000,13.200
2016-07-07 07:00:00,4.920,367.000,559.900,109.000,14.900
2016-07-07 08:00:00,4.500,398.000,381.700,171.000,16.000
2016-07-07 09:00:00,4.600,550.000,515.000,185.000,17.000
2016-07-07 10:00:00,3.410,590.000,476.600,211.000,18.000
2016-07-07 11:00:00,3.410,751.000,663.700,188.000,19.900
2016-07-07 12:00:00,3.510,722.000,579.700,221.000,20.500
2016-07-07 13:00:00,3.400,639.000,501.300,217.000,21.300
2016-07-07 14:00:00,3.440,581.000,466.200,216.000,21.700
2016-07-07 15:00:00,3.690,534.000,499.100,189.000,22.300
2016-07-07 16:00:00,3.570,379.000,345.500,181.000,22.300
2016-07-07 17:00:00,3.280,210.000,197.000,124.000,22.100
2016-07-07 18:00:00,3.190,115.000,82.500,91.000,21.100
2016-07-07 19:00:00,3.420,76.000,253.100,39.000,20.100
2016-07-07 20:00:00,3.720,9.000,38.200,7.000,18.000
2016-07-07 21:00:00,4.540,0.000,0.000,0.000,16.700
2016-07-07 22:00:00,4.240,0.000,0.000,0.000,16.200
2016-07-07 23:00:00,5.420,0.000,0.000,0.000,15.800
2016-07-08 00:00:00,5.560,0.000,0.000,0.000,15.700
2016-07-08 01:00:00,5.710,0.000,0.000,0.000,15.400
2016-07-08 02:00:00,5.620,0.000,0.000,0.000,15.300
2016-07-08 03:00:00,5.740,0.000,0.000,0.000,15.100
2016-07-08 04:00:00,6.160,11.000,0.000,11.000,15.100
2016-07-08 05:00:00,5.440,59.000,11.800,57.000,15.900
2016-07-08 06:00:00,5.240,123.000,25.500,115.000,17.500
2016-07-08 07:00:00,4.830,199.000,74.100,165.000,19.200
2016-07-08 08:00:00,4.080,356.000,188.800,244.000,20.000
2016-07-08 09:00:00,3.760,408.000,233.300,243.000,20.900
2016-07-08 10:00:00,3.580,464.000,193.900,310.000,22.300
2016-07-08 11:00:00,4.290,603.000,336.400,318.000,23.000
2016-07-08 12:00:00,5.240,461.000,192.300,295.000,22.900
2016-07-08 13:00:00,7.190,429.000,130.800,319.000,23.000
2016-07-08 14:00:00,6.580,256.000,34.500,229.000,21.700
2016-07-08 15:00:00,6.960,245.000,26.100,227.000,21.500
2016-07-08 16:00:00,8.530,188.000,29.700,171.000,20.700
2016-07-08 17:00:00,9.710,167.000,57.400,142.000,19.500
2016-07-08 18:00:00,9.120,132.000,210.400,71.000,18.900
2016-07-08 19:00:00,9.130,45.000,110.400,29.000,17.900
2016-07-08 20:00:00,9.210,6.000,19.100,5.000,17.400
2016-07-08 21:00:00,8.900,0.000,0.000,0.000,16.700
2016-07-08 22:00:00,8.300,0.000,0.000,0.000,16.500
2016-07-08 23:00:00,8.200,0.000,0.000,0.000,16.200
2016-07-09 00:00:00,8.000,0.000,0.000,0.000,15.600
2016-07-09 01:00:00,8.100,0.000,0.000,0.000,15.100
2016-07-09 02:00:00,8.210,0.000,0.000,0.000,14.700
2016-07-09 03:00:00,8.120,0.000,0.000,0.000,14.700
2016-07-09 04:00:00,7.720,14.000,66.200,10.000,14.600
2016-07-09 05:00:00,7.400,97.000,311.800,45.000,15.300
2016-07-09 06:00:00,7.700,232.000,508.900,73.000,16.300
2016-07-09 07:00:00,8.150,352.000,544.500,103.000,17.600
2016-07-09 08:00:00,8.280,446.000,507.200,146.000,19.000
2016-07-09 09:00:00,8.420,342.000,145.900,239.000,19.700
2016-07-09 10:00:00,7.470,488.000,328.000,228.000,20.100
2016-07-09 11:00:00,6.730,475.000,235.200,276.000,21.000
2016-07-09 12:00:00,6.800,394.000,116.000,294.000,21.500
2016-07-09 13:00:00,6.800,392.000,107.100,302.000,21.900
2016-07-09 14:00:00,6.810,379.000,105.000,297.000,22.500
2016-07-09 15:00:00,7.310,481.000,348.100,241.000,22.900
2016-07-09 16:00:00,6.210,348.000,222.300,221.000,22.700
2016-07-09 17:00:00,4.800,215.000,163.400,144.000,22.400
2016-07-09 18:00:00,4.900,91.000,48.500,77.000,21.500
2016-07-09 19:00:00,4.310,33.000,7.000,32.000,20.800
2016-07-09 20:00:00,2.840,3.000,0.000,3.000,19.800
2016-07-09 21:00:00,3.110,0.000,0.000,0.000,19.200
2016-07-09 22:00:00,4.400,0.000,0.000,0.000,18.400
2016-07-09 23:00:00,5.730,0.000,0.000,0.000,18.300
2016-07-10 00:00:00,6.410,0.000,0.000,0.000,18.200
2016-07-10 01:00:00,7.170,0.000,0.000,0.000,18.300
2016-07-10 02:00:00,7.160,0.000,0.000,0.000,18.300
2016-07-10 03:00:00,6.870,0.000,0.000,0.000,18.100
2016-07-10 04:00:00,7.000,12.000,33.700,10.000,18.000
2016-07-10 05:00:00,6.860,88.000,206.400,54.000,18.900
2016-07-10 06:00:00,6.100,230.000,518.500,69.000,20.400
2016-07-10 07:00:00,5.610,366.000,594.900,95.000,22.200
2016-07-10 08:00:00,5.760,495.000,634.000,121.000,23.900
2016-07-10 09:00:00,5.830,631.000,694.100,142.000,25.200
2016-07-10 10:00:00,5.310,689.000,645.700,178.000,26.300
2016-07-10 11:00:00,6.090,730.000,662.900,170.000,27.300
2016-07-10 12:00:00,6.010,775.000,700.300,172.000,28.100
2016-07-10 13:00:00,6.160,719.000,630.500,190.000,28.600
2016-07-10 14:00:00,5.520,645.000,571.700,199.000,29.100
2016-07-10 15:00:00,5.810,540.000,509.900,189.000,29.400
2016-07-10 16:00:00,6.290,427.000,485.900,150.000,29.300
2016-07-10 17:00:00,5.530,279.000,355.400,125.000,28.600
2016-07-10 18:00:00,4.760,142.000,187.900,88.000,27.700
2016-07-10 19:00:00,5.590,51.000,42.200,45.000,26.200
2016-07-10 20:00:00,6.640,5.000,0.000,5.000,25.000
2016-07-10 21:00:00,7.240,0.000,0.000,0.000,24.200
2016-07-10 22:00:00,8.160,0.000,0.000,0.000,24.000
2016-07-10 23:00:00,8.130,0.000,0.000,0.000,23.600
2016-07-11 00:00:00,6.950,0.000,0.000,0.000,22.800
2016-07-11 01:00:00,5.660,0.000,0.000,0.000,21.700
2016-07-11 02:00:00,5.830,0.000,0.000,0.000,20.700
2016-07-11 03:00:00,5.600,0.000,0.000,0.000,19.900
2016-07-11 04:00:00,5.140,10.000,34.200,8.000,19.800
2016-07-11 05:00:00,5.700,64.000,86.100,50.000,20.300
2016-07-11 06:00:00,5.460,89.000,19.400,83.000,20.700
2016-07-11 07:00:00,6.780,186.000,169.700,109.000,21.300
2016-07-11 08:00:00,7.290,230.000,115.600,162.000,21.900
2016-07-11 09:00:00,7.720,356.000,261.800,172.000,21.700
2016-07-11 10:00:00,7.480,475.000,240.500,285.000,22.500
2016-07-11 11:00:00,7.960,709.000,548.900,246.000,23.400
2016-07-11 12:00:00,8.820,748.000,633.800,203.000,23.800
2016-07-11 13:00:00,8.830,749.000,694.600,167.000,24.100
2016-07-11 14:00:00,9.330,654.000,618.800,172.000,24.100
2016-07-11 15:00:00,9.390,541.000,560.200,156.000,24.100
2016-07-11 16:00:00,9.510,373.000,349.800,174.000,23.700
2016-07-11 17:00:00,8.420,310.000,472.200,106.000,23.300
2016-07-11 18:00:00,6.940,166.000,269.300,89.000,22.800
2016-07-11 19:00:00,6.570,60.000,71.100,50.000,21.700
2016-07-11 20:00:00,6.480,7.000,19.100,6.000,20.200
2016-07-11 21:00:00,6.500,0.000,0.000,0.000,19.100
2016-07-11 22:00:00,6.260,0.000,0.000,0.000,18.300
2016-07-11 23:00:00,6.310,0.000,0.000,0.000,18.000
2016-07-12 00:00:00,6.500,0.000,0.000,0.000,17.500
2016-07-12 01:00:00,6.400,0.000,0.000,0.000,16.900
2016-07-12 02:00:00,6.590,0.000,0.000,0.000,16.100
2016-07-12 03:00:00,6.570,0.000,0.000,0.000,15.500
2016-07-12 04:00:00,6.500,12.000,52.300,9.000,15.600
2016-07-12 05:00:00,6.500,83.000,149.600,59.000,16.300
2016-07-12 06:00:00,6.220,197.000,287.100,109.000,17.700
2016-07-12 07:00:00,7.110,359.000,564.400,104.000,19.000
2016-07-12 08:00:00,7.380,489.000,632.600,118.000,19.900
2016-07-12 09:00:00,7.500,551.000,546.100,168.000,20.800
2016-07-12 10:00:00,5.720,434.000,246.000,240.000,21.200
2016-07-12 11:00:00,6.610,496.000,273.100,266.000,22.000
2016-07-12 12:00:00,6.960,599.000,471.700,194.000,22.600
2016-07-12 13:00:00,6.690,572.000,469.700,179.000,23.000
2016-07-12 14:00:00,6.240,504.000,383.100,206.000,22.900
2016-07-12 15:00:00,5.770,515.000,500.000,172.000,23.200
2016-07-12 16:00:00,5.790,324.000,280.100,165.000,22.700
2016-07-12 17:00:00,5.510,255.000,304.200,124.000,22.000
2016-07-12 18:00:00,3.780,131.000,256.700,58.000,21.100
2016-07-12 19:00:00,2.550,61.000,100.800,47.000,19.800
2016-07-12 20:00:00,2.060,6.000,0.000,6.000,18.000
2016-07-12 21:00:00,2.500,0.000,0.000,0.000,16.900
2016-07-12 22:00:00,0.510,0.000,0.000,0.000,15.700
2016-07-12 23:00:00,0.580,0.000,0.000,0.000,14.800
2016-07-13 00:00:00,2.330,0.000,0.000,0.000,14.600
2016-07-13 01:00:00,2.560,0.000,0.000,0.000,14.000
2016-07-13 02:00:00,2.900,0.000,0.000,0.000,14.100
2016-07-13 03:00:00,3.090,0.000,0.000,0.000,13.800
2016-07-13 04:00:00,3.340,10.000,35.500,8.000,14.000
2016-07-13 05:00:00,2.920,62.000,145.300,39.000,14.400
2016-07-13 06:00:00,1.810,109.000,124.800,71.000,15.300
2016-07-13 07:00:00,1.390,283.000,393.400,106.000,16.200
2016-07-13 08:00:00,2.150,361.000,389.900,133.000,17.300
2016-07-13 09:00:00,3.220,464.000,418.700,171.000,17.700
2016-07-13 10:00:00,3.400,447.000,343.000,177.000,18.700
2016-07-13 11:00:00,4.370,680.000,553.000,215.000,19.900
2016-07-13 12:00:00,4.610,747.000,633.300,204.000,20.400
2016-07-13 13:00:00,5.640,594.000,450.100,218.000,20.600
2016-07-13 14:00:00,5.010,600.000,558.900,166.000,20.200
2016-07-13 15:00:00,4.310,413.000,309.600,201.000,20.300
2016-07-13 16:00:00,3.750,303.000,224.300,176.000,19.600
2016-07-13 17:00:00,3.120,197.000,149.100,133.000,18.800
2016-07-13 18:00:00,2.780,150.000,240.500,82.000,17.500
2016-07-13 19:00:00,3.450,66.000,131.300,48.000,16.800
2016-07-13 20:00:00,5.190,5.000,0.000,5.000,15.800
2016-07-13 21:00:00,5.660,0.000,0.000,0.000,15.900
2016-07-13 22:00:00,5.860,0.000,0.000,0.000,13.900
2016-07-13 23:00:00,5.300,0.000,0.000,0.000,13.300
2016-07-14 00:00:00,5.160,0.000,0.000,0.000,13.200
2016-07-14 01:00:00,6.010,0.000,0.000,0.000,13.000
2016-07-14 02:00:00,5.800,0.000,0.000,0.000,12.900
2016-07-14 03:00:00,5.720,0.000,0.000,0.000,12.700
2016-07-14 04:00:00,5.550,4.000,0.000,4.000,12.600
2016-07-14 05:00:00,5.220,38.000,12.800,36.000,13.900
2016-07-14 06:00:00,5.110,126.000,69.500,105.000,14.300
2016-07-14 07:00:00,5.580,319.000,348.300,163.000,14.800
2016-07-14 08:00:00,5.460,373.000,372.300,156.000,15.700
2016-07-14 09:00:00,6.300,453.000,434.000,150.000,16.300
2016-07-14 10:00:00,5.220,545.000,450.600,191.000,17.000
2016-07-14 11:00:00,5.680,613.000,539.600,160.000,17.500
2016-07-14 12:00:00,7.560,494.000,383.200,166.000,17.500
2016-07-14 13:00:00,8.860,541.000,424.400,187.000,18.100
2016-07-14 14:00:00,8.810,531.000,481.100,158.000,18.400
2016-07-14 15:00:00,9.120,395.000,381.900,134.000,18.400
2016-07-14 16:00:00,9.800,247.000,208.900,129.000,17.400
2016-07-14 17:00:00,8.690,139.000,140.300,79.000,16.400
2016-07-14 18:00:00,9.260,84.000,67.600,65.000,15.400
2016-07-14 19:00:00,9.130,27.000,66.600,18.000,14.900
2016-07-14 20:00:00,9.260,1.000,0.000,1.000,14.400
2016-07-14 21:00:00,9.060,0.000,0.000,0.000,14.000
2016-07-14 22:00:00,9.180,0.000,0.000,0.000,13.700
2016-07-14 23:00:00,9.410,0.000,0.000,0.000,13.400
2016-07-15 00:00:00,9.390,0.000,0.000,0.000,13.300
2016-07-15 01:00:00,9.320,0.000,0.000,0.000,13.200
2016-07-15 02:00:00,9.210,0.000,0.000,0.000,13.100
2016-07-15 03:00:00,9.340,0.000,0.000,0.000,13.100
2016-07-15 04:00:00,9.360,3.000,0.000,3.000,13.100
2016-07-15 05:00:00,9.100,24.000,19.500,21.000,13.200
2016-07-15 06:00:00,8.450,54.000,13.300,50.000,13.400
2016-07-15 07:00:00,9.180,152.000,123.400,97.000,13.600
2016-07-15 08:00:00,8.930,225.000,136.000,146.000,14.100
2016-07-15 09:00:00,9.020,379.000,304.400,167.000,14.600
2016-07-15 10:00:00,7.910,430.000,334.200,168.000,16.100
2016-07-15 11:00:00,8.250,417.000,204.100,246.000,16.500
2016-07-15 12:00:00,8.980,318.000,129.900,207.000,16.700
2016-07-15 13:00:00,8.370,242.000,18.000,227.000,17.000
2016-07-15 14:00:00,7.940,366.000,106.000,284.000,18.000
2016-07-15 15:00:00,7.080,419.000,283.000,226.000,18.600
2016-07-15 16:00:00,7.450,306.000,223.700,180.000,18.600
2016-07-15 17:00:00,7.290,230.000,209.000,141.000,18.600
2016-07-15 18:00:00,5.910,137.000,182.700,86.000,18.100
2016-07-15 19:00:00,4.630,60.000,165.200,38.000,16.900
2016-07-15 20:00:00,3.720,5.000,19.100,4.000,14.300
2016-07-15 21:00:00,3.130,0.000,0.000,0.000,12.400
2016-07-15 22:00:00,2.380,0.000,0.000,0.000,11.600
2016-07-15 23:00:00,3.400,0.000,0.000,0.000,11.200
2016-07-16 00:00:00,4.600,0.000,0.000,0.000,11.000
2016-07-16 01:00:00,5.100,0.000,0.000,0.000,11.200
2016-07-16 02:00:00,5.470,0.000,0.000,0.000,11.300
2016-07-16 03:00:00,5.610,0.000,0.000,0.000,11.100
2016-07-16 04:00:00,5.730,8.000,18.900,7.000,11.400
2016-07-16 05:00:00,5.410,54.000,46.300,47.000,12.900
2016-07-16 06:00:00,4.550,150.000,127.600,112.000,15.000
2016-07-16 07:00:00,5.010,300.000,329.000,154.000,16.700
2016-07-16 08:00:00,5.500,368.000,360.900,159.000,18.000
2016-07-16 09:00:00,5.500,345.000,205.900,202.000,18.500
2016-07-16 10:00:00,4.890,216.000,21.700,199.000,19.100
2016-07-16 11:00:00,5.550,250.000,29.900,225.000,19.400
2016-07-16 12:00:00,5.860,392.000,128.900,282.000,20.200
2016-07-16 13:00:00,6.170,366.000,71.000,307.000,20.500
2016-07-16 14:00:00,6.020,443.000,174.800,308.000,21.500
2016-07-16 15:00:00,5.790,276.000,77.900,223.000,21.800
2016-07-16 16:00:00,5.840,132.000,12.500,125.000,21.600
2016-07-16 17:00:00,6.140,83.000,2.400,82.000,21.400
2016-07-16 18:00:00,5.850,53.000,32.500,44.000,21.100
2016-07-16 19:00:00,5.190,14.000,0.000,14.000,20.300
2016-07-16 20:00:00,5.260,1.000,0.000,1.000,19.700
2016-07-16 21:00:00,5.510,0.000,0.000,0.000,19.400
2016-07-16 22:00:00,5.500,0.000,0.000,0.000,19.000
2016-07-16 23:00:00,4.710,0.000,0.000,0.000,18.500
2016-07-17 00:00:00,4.530,0.000,0.000,0.000,18.100
2016-07-17 01:00:00,4.000,0.000,0.000,0.000,17.800
2016-07-17 02:00:00,4.300,0.000,0.000,0.000,17.600
2016-07-17 03:00:00,4.520,0.000,0.000,0.000,17.600
2016-07-17 04:00:00,4.520,2.000,0.000,2.000,17.700
2016-07-17 05:00:00,4.950,24.000,0.000,24.000,17.900
2016-07-17 06:00:00,5.190,44.000,3.400,43.000,18.100
2016-07-17 07:00:00,5.850,41.000,0.000,41.000,18.600
2016-07-17 08:00:00,6.680,98.000,39.900,75.000,19.600
2016-07-17 09:00:00,7.000,271.000,209.300,126.000,20.100
2016-07-17 10:00:00,5.760,610.000,576.400,160.000,22.000
2016-07-17 11:00:00,6.360,629.000,506.700,206.000,22.700
2016-07-17 12:00:00,6.300,671.000,595.300,164.000,23.500
2016-07-17 13:00:00,6.670,716.000,600.200,218.000,24.000
2016-07-17 14:00:00,6.650,724.000,729.100,162.000,24.600
2016-07-17 15:00:00,6.740,579.000,598.100,173.000,24.600
2016-07-17 16:00:00,6.660,390.000,391.200,171.000,24.100
2016-07-17 17:00:00,5.940,272.000,293.700,148.000,23.300
2016-07-17 18:00:00,5.120,179.000,370.600,77.000,22.200
2016-07-17 19:00:00,5.530,69.000,232.900,39.000,20.700
2016-07-17 20:00:00,5.300,5.000,19.100,4.000,19.000
2016-07-17 21:00:00,3.910,0.000,0.000,0.000,17.500
2016-07-17 22:00:00,3.530,0.000,0.000,0.000,16.400
2016-07-17 23:00:00,4.200,0.000,0.000,0.000,16.100
2016-07-18 00:00:00,5.510,0.000,0.000,0.000,15.900
2016-07-18 01:00:00,6.140,0.000,0.000,0.000,15.700
2016-07-18 02:00:00,5.940,0.000,0.000,0.000,15.200
2016-07-18 03:00:00,5.730,0.000,0.000,0.000,14.900
2016-07-18 04:00:00,5.450,8.000,38.200,6.000,14.600
2016-07-18 05:00:00,5.110,76.000,246.500,40.000,15.100
2016-07-18 06:00:00,4.410,186.000,351.600,83.000,16.300
2016-07-18 07:00:00,4.010,258.000,323.300,116.000,17.700
2016-07-18 08:00:00,3.810,269.000,179.100,166.000,19.200
2016-07-18 09:00:00,4.200,397.000,212.800,250.000,20.200
2016-07-18 10:00:00,4.110,574.000,430.100,239.000,21.400
2016-07-18 11:00:00,6.070,760.000,702.100,175.000,22.700
2016-07-18 12:00:00,7.030,707.000,571.800,221.000,24.100
2016-07-18 13:00:00,7.120,543.000,375.500,232.000,24.500
2016-07-18 14:00:00,7.480,402.000,240.500,217.000,24.900
2016-07-18 15:00:00,7.170,372.000,220.100,223.000,25.200
2016-07-18 16:00:00,6.480,373.000,331.500,188.000,25.500
2016-07-18 17:00:00,5.810,258.000,295.100,134.000,25.400
2016-07-18 18:00:00,5.090,193.000,465.200,66.000,24.800
2016-07-18 19:00:00,5.130,71.000,292.600,34.000,23.400
2016-07-18 20:00:00,5.030,4.000,19.100,3.000,20.400
2016-07-18 21:00:00,4.510,0.000,0.000,0.000,18.400
2016-07-18 22:00:00,4.180,0.000,0.000,0.000,16.800
2016-07-18 23:00:00,3.130,0.000,0.000,0.000,16.000
2016-07-19 00:00:00,2.360,0.000,0.000,0.000,15.200
2016-07-19 01:00:00,2.440,0.000,0.000,0.000,14.000
2016-07-19 02:00:00,3.100,0.000,0.000,0.000,13.800
2016-07-19 03:00:00,3.510,0.000,0.000,0.000,14.000
2016-07-19 04:00:00,3.710,8.000,38.200,6.000,14.300
2016-07-19 05:00:00,3.670,84.000,313.900,39.000,16.100
2016-07-19 06:00:00,2.400,213.000,499.200,68.000,18.300
2016-07-19 07:00:00,2.340,335.000,556.200,92.000,20.000
2016-07-19 08:00:00,2.420,417.000,471.400,147.000,21.600
2016-07-19 09:00:00,2.330,523.000,527.000,160.000,22.800
2016-07-19 10:00:00,2.080,684.000,665.400,167.000,23.800
2016-07-19 11:00:00,2.550,734.000,676.000,172.000,25.000
2016-07-19 12:00:00,2.720,754.000,714.400,148.000,26.000
2016-07-19 13:00:00,2.800,721.000,703.000,140.000,26.700
2016-07-19 14:00:00,3.140,669.000,699.700,132.000,27.100
2016-07-19 15:00:00,3.070,537.000,629.400,112.000,27.300
2016-07-19 16:00:00,2.770,443.000,611.400,103.000,27.500
2016-07-19 17:00:00,2.500,293.000,504.600,82.000,27.100
2016-07-19 18:00:00,2.660,183.000,439.500,64.000,26.400
2016-07-19 19:00:00,3.220,64.000,258.100,32.000,24.900
2016-07-19 20:00:00,3.940,4.000,19.100,3.000,22.500
2016-07-19 21:00:00,4.330,0.000,0.000,0.000,20.800
2016-07-19 22:00:00,5.040,0.000,0.000,0.000,19.600
2016-07-19 23:00:00,5.140,0.000,0.000,0.000,18.600
2016-07-20 00:00:00,5.410,0.000,0.000,0.000,18.100
2016-07-20 01:00:00,5.460,0.000,0.000,0.000,17.600
2016-07-20 02:00:00,5.240,0.000,0.000,0.000,17.000
2016-07-20 03:00:00,5.270,0.000,0.000,0.000,16.700
2016-07-20 04:00:00,5.140,7.000,38.200,5.000,16.300
2016-07-20 05:00:00,4.840,82.000,313.000,38.000,18.000
2016-07-20 06:00:00,3.910,213.000,507.200,67.000,20.700
2016-07-20 07:00:00,3.450,361.000,635.200,85.000,23.300
2016-07-20 08:00:00,3.910,509.000,718.600,99.000,25.200
2016-07-20 09:00:00,4.060,642.000,774.700,110.000,26.600
2016-07-20 10:00:00,4.080,743.000,807.600,117.000,28.100
2016-07-20 11:00:00,3.890,806.000,826.900,120.000,29.300
2016-07-20 12:00:00,3.890,825.000,831.600,121.000,30.100
2016-07-20 13:00:00,3.840,801.000,825.700,120.000,30.900
2016-07-20 14:00:00,4.200,734.000,808.400,115.000,31.400
2016-07-20 15:00:00,4.690,626.000,770.800,107.000,31.600
2016-07-20 16:00:00,4.820,494.000,718.300,96.000,31.700
2016-07-20 17:00:00,5.160,344.000,629.900,82.000,31.400
2016-07-20 18:00:00,5.900,187.000,428.500,72.000,30.200
2016-07-20 19:00:00,7.350,68.000,271.800,35.000,28.300
2016-07-20 20:00:00,8.230,4.000,19.100,3.000,26.200
2016-07-20 21:00:00,8.290,0.000,0.000,0.000,25.100
2016-07-20 22:00:00,5.140,0.000,0.000,0.000,23.900
2016-07-20 23:00:00,6.130,0.000,0.000,0.000,23.300
2016-07-21 00:00:00,6.140,0.000,0.000,0.000,22.600
2016-07-21 01:00:00,6.190,0.000,0.000,0.000,22.000
2016-07-21 02:00:00,5.550,0.000,0.000,0.000,21.300
2016-07-21 03:00:00,4.670,0.000,0.000,0.000,20.300
2016-07-21 04:00:00,3.550,5.000,0.000,5.000,20.000
2016-07-21 05:00:00,2.160,62.000,159.700,40.000,20.500
2016-07-21 06:00:00,1.200,178.000,329.600,84.000,22.100
2016-07-21 07:00:00,3.550,246.000,275.400,127.000,23.800
2016-07-21 08:00:00,3.770,360.000,378.300,145.000,25.400
2016-07-21 09:00:00,2.510,445.000,333.000,217.000,26.700
2016-07-21 10:00:00,3.610,550.000,346.600,282.000,27.600
2016-07-21 11:00:00,2.420,666.000,450.600,293.000,28.500
2016-07-21 12:00:00,1.430,709.000,523.300,267.000,28.800
2016-07-21 13:00:00,0.710,599.000,410.700,261.000,29.300
2016-07-21 14:00:00,1.750,574.000,449.100,231.000,29.900
2016-07-21 15:00:00,2.500,483.000,385.800,224.000,29.700
2016-07-21 16:00:00,2.520,359.000,309.800,188.000,28.300
2016-07-21 17:00:00,3.860,218.000,246.600,116.000,26.000
2016-07-21 18:00:00,4.680,97.000,101.500,70.000,25.200
2016-07-21 19:00:00,4.370,34.000,92.600,23.000,24.100
2016-07-21 20:00:00,2.690,3.000,0.000,3.000,23.100
2016-07-21 21:00:00,1.330,0.000,0.000,0.000,22.700
2016-07-21 22:00:00,1.840,0.000,0.000,0.000,19.500
2016-07-21 23:00:00,2.360,0.000,0.000,0.000,18.900
2016-07-22 00:00:00,2.280,0.000,0.000,0.000,18.400
2016-07-22 01:00:00,1.770,0.000,0.000,0.000,18.600
2016-07-22 02:00:00,1.530,0.000,0.000,0.000,18.700
2016-07-22 03:00:00,1.360,0.000,0.000,0.000,18.300
2016-07-22 04:00:00,1.780,5.000,19.100,4.000,17.400
2016-07-22 05:00:00,1.660,72.000,244.600,39.000,18.700
2016-07-22 06:00:00,0.570,182.000,353.900,82.000,20.700
2016-07-22 07:00:00,0.420,301.000,365.500,144.000,22.500
2016-07-22 08:00:00,0.360,399.000,332.200,211.000,24.200
2016-07-22 09:00:00,0.300,517.000,404.400,241.000,25.700
2016-07-22 10:00:00,1.080,529.000,319.000,283.000,26.600
2016-07-22 11:00:00,3.610,624.000,417.800,279.000,27.200
2016-07-22 12:00:00,4.110,651.000,456.800,266.000,27.200
2016-07-22 13:00:00,3.860,563.000,381.200,250.000,27.200
2016-07-22 14:00:00,3.280,532.000,322.900,286.000,26.700
2016-07-22 15:00:00,3.220,465.000,346.600,233.000,25.800
2016-07-22 16:00:00,2.800,350.000,289.200,191.000,22.100
2016-07-22 17:00:00,2.750,197.000,116.700,149.000,20.700
2016-07-22 18:00:00,2.340,77.000,45.600,65.000,21.400
2016-07-22 19:00:00,2.910,55.000,129.300,40.000,21.100
2016-07-22 20:00:00,3.540,3.000,0.000,3.000,20.700
2016-07-22 21:00:00,3.890,0.000,0.000,0.000,19.700
2016-07-22 22:00:00,4.210,0.000,0.000,0.000,19.500
2016-07-22 23:00:00,3.360,0.000,0.000,0.000,19.400
2016-07-23 00:00:00,3.400,0.000,0.000,0.000,19.400
2016-07-23 01:00:00,3.690,0.000,0.000,0.000,19.100
2016-07-23 02:00:00,3.760,0.000,0.000,0.000,18.600
2016-07-23 03:00:00,3.630,0.000,0.000,0.000,18.100
2016-07-23 04:00:00,4.200,5.000,0.000,5.000,17.600
2016-07-23 05:00:00,4.420,57.000,128.800,40.000,18.100
2016-07-23 06:00:00,4.300,151.000,168.000,104.000,19.200
2016-07-23 07:00:00,3.410,113.000,56.200,89.000,20.400
2016-07-23 08:00:00,2.900,158.000,33.700,139.000,21.700
2016-07-23 09:00:00,2.500,213.000,58.800,173.000,22.800
2016-07-23 10:00:00,0.980,338.000,169.000,208.000,22.700
2016-07-23 11:00:00,1.250,373.000,242.800,173.000,23.600
2016-07-23 12:00:00,1.300,394.000,217.600,211.000,24.300
2016-07-23 13:00:00,0.940,401.000,174.600,258.000,25.000
2016-07-23 14:00:00,0.500,423.000,185.600,282.000,25.800
2016-07-23 15:00:00,0.640,296.000,113.900,220.000,25.700
2016-07-23 16:00:00,1.000,291.000,149.800,209.000,25.900
2016-07-23 17:00:00,1.260,214.000,127.200,162.000,25.700
2016-07-23 18:00:00,1.800,110.000,80.600,89.000,24.800
2016-07-23 19:00:00,1.800,56.000,185.600,35.000,22.900
2016-07-23 20:00:00,1.970,2.000,0.000,2.000,21.400
2016-07-23 21:00:00,2.140,0.000,0.000,0.000,20.900
2016-07-23 22:00:00,2.700,0.000,0.000,0.000,20.400
2016-07-23 23:00:00,2.600,0.000,0.000,0.000,20.100
2016-07-24 00:00:00,2.720,0.000,0.000,0.000,19.600
2016-07-24 01:00:00,1.580,0.000,0.000,0.000,19.100
2016-07-24 02:00:00,1.530,0.000,0.000,0.000,19.000
2016-07-24 03:00:00,1.390,0.000,0.000,0.000,18.800
2016-07-24 04:00:00,1.220,3.000,19.100,2.000,18.500
2016-07-24 05:00:00,1.000,55.000,178.400,32.000,18.700
2016-07-24 06:00:00,0.420,154.000,274.400,78.000,19.700
2016-07-24 07:00:00,0.200,353.000,631.500,85.000,21.400
2016-07-24 08:00:00,0.300,457.000,593.400,124.000,23.200
2016-07-24 09:00:00,0.580,590.000,662.200,141.000,24.900
2016-07-24 10:00:00,0.670,624.000,576.300,182.000,26.500
2016-07-24 11:00:00,0.940,690.000,645.000,160.000,27.600
2016-07-24 12:00:00,0.820,657.000,578.200,172.000,28.300
2016-07-24 13:00:00,1.130,591.000,492.000,189.000,28.600
2016-07-24 14:00:00,1.140,506.000,477.700,144.000,28.600
2016-07-24 15:00:00,1.120,456.000,485.700,133.000,28.900
2016-07-24 16:00:00,1.200,354.000,451.300,108.000,28.400
2016-07-24 17:00:00,1.790,238.000,406.100,73.000,28.200
2016-07-24 18:00:00,1.910,141.000,337.300,54.000,27.500
2016-07-24 19:00:00,1.560,44.000,154.300,27.000,26.000
2016-07-24 20:00:00,1.840,1.000,0.000,1.000,23.700
2016-07-24 21:00:00,1.920,0.000,0.000,0.000,22.200
2016-07-24 22:00:00,2.690,0.000,0.000,0.000,20.800
2016-07-24 23:00:00,2.400,0.000,0.000,0.000,20.500
2016-07-25 00:00:00,1.320,0.000,0.000,0.000,20.200
2016-07-25 01:00:00,1.420,0.000,0.000,0.000,19.900
2016-07-25 02:00:00,2.130,0.000,0.000,0.000,19.800
2016-07-25 03:00:00,2.260,0.000,0.000,0.000,19.500
2016-07-25 04:00:00,2.330,3.000,19.100,2.000,19.000
2016-07-25 05:00:00,3.020,63.000,222.400,35.000,19.400
2016-07-25 06:00:00,2.440,173.000,397.600,64.000,20.900
2016-07-25 07:00:00,2.300,293.000,469.500,95.000,22.500
2016-07-25 08:00:00,2.600,299.000,307.800,127.000,24.500
2016-07-25 09:00:00,2.860,422.000,335.900,195.000,25.600
2016-07-25 10:00:00,2.770,467.000,326.900,217.000,26.600
2016-07-25 11:00:00,2.600,567.000,333.100,294.000,27.400
2016-07-25 12:00:00,2.720,526.000,240.200,325.000,27.500
2016-07-25 13:00:00,3.030,417.000,193.900,259.000,27.400
2016-07-25 14:00:00,3.490,404.000,232.900,228.000,27.600
2016-07-25 15:00:00,4.000,420.000,304.800,218.000,27.800
2016-07-25 16:00:00,4.330,228.000,169.500,136.000,27.100
2016-07-25 17:00:00,4.790,230.000,299.800,109.000,26.800
2016-07-25 18:00:00,4.640,132.000,286.200,59.000,25.900
2016-07-25 19:00:00,4.600,47.000,196.100,26.000,24.500
2016-07-25 20:00:00,4.530,1.000,0.000,1.000,23.100
2016-07-25 21:00:00,4.560,0.000,0.000,0.000,22.300
2016-07-25 22:00:00,6.510,0.000,0.000,0.000,21.200
2016-07-25 23:00:00,4.170,0.000,0.000,0.000,20.500
2016-07-26 00:00:00,4.000,0.000,0.000,0.000,19.700
2016-07-26 01:00:00,4.100,0.000,0.000,0.000,19.100
2016-07-26 02:00:00,4.180,0.000,0.000,0.000,18.800
2016-07-26 03:00:00,4.110,0.000,0.000,0.000,18.400
2016-07-26 04:00:00,4.170,2.000,0.000,2.000,18.200
2016-07-26 05:00:00,3.660,40.000,65.100,32.000,18.100
2016-07-26 06:00:00,2.950,118.000,158.500,75.000,18.700
2016-07-26 07:00:00,2.610,279.000,446.200,92.000,19.400
2016-07-26 08:00:00,2.300,402.000,499.800,124.000,20.200
2016-07-26 09:00:00,2.340,546.000,565.800,165.000,21.000
2016-07-26 10:00:00,1.360,638.000,628.200,159.000,22.500
2016-07-26 11:00:00,1.750,624.000,568.800,159.000,23.400
2016-07-26 12:00:00,2.890,682.000,606.200,176.000,24.200
2016-07-26 13:00:00,3.230,626.000,563.500,168.000,24.900
2016-07-26 14:00:00,2.750,651.000,675.700,142.000,25.600
2016-07-26 15:00:00,2.420,498.000,525.500,151.000,26.000
2016-07-26 16:00:00,2.260,345.000,379.500,140.000,25.700
2016-07-26 17:00:00,1.840,304.000,523.800,94.000,25.200
2016-07-26 18:00:00,1.300,172.000,440.300,61.000,24.200
2016-07-26 19:00:00,1.410,47.000,192.400,27.000,22.000
2016-07-26 20:00:00,2.200,1.000,0.000,1.000,20.600
2016-07-26 21:00:00,3.520,0.000,0.000,0.000,19.700
2016-07-26 22:00:00,1.300,0.000,0.000,0.000,18.900
2016-07-26 23:00:00,2.120,0.000,0.000,0.000,18.700
2016-07-27 00:00:00,0.920,0.000,0.000,0.000,18.300
2016-07-27 01:00:00,1.410,0.000,0.000,0.000,17.500
2016-07-27 02:00:00,2.820,0.000,0.000,0.000,16.800
2016-07-27 03:00:00,3.420,0.000,0.000,0.000,16.200
2016-07-27 04:00:00,4.340,1.000,0.000,1.000,15.800
2016-07-27 05:00:00,4.300,17.000,0.000,17.000,15.700
2016-07-27 06:00:00,3.180,65.000,3.700,64.000,16.300
2016-07-27 07:00:00,2.250,183.000,74.500,152.000,17.100
2016-07-27 08:00:00,2.300,300.000,142.700,221.000,18.300
2016-07-27 09:00:00,2.660,422.000,313.000,212.000,19.800
2016-07-27 10:00:00,2.600,385.000,205.200,229.000,21.600
2016-07-27 11:00:00,3.000,461.000,305.400,212.000,22.500
2016-07-27 12:00:00,3.210,679.000,628.200,156.000,23.700
2016-07-27 13:00:00,3.960,596.000,556.400,145.000,23.900
2016-07-27 14:00:00,5.020,506.000,442.100,174.000,24.000
2016-07-27 15:00:00,5.230,453.000,518.300,112.000,24.200
2016-07-27 16:00:00,5.410,370.000,465.100,120.000,24.300
2016-07-27 17:00:00,5.500,294.000,540.100,79.000,24.000
2016-07-27 18:00:00,5.500,141.000,353.300,53.000,23.300
2016-07-27 19:00:00,5.510,50.000,218.500,28.000,21.900
2016-07-27 20:00:00,5.200,1.000,0.000,1.000,20.500
2016-07-27 21:00:00,5.400,0.000,0.000,0.000,19.200
2016-07-27 22:00:00,6.140,0.000,0.000,0.000,18.500
2016-07-27 23:00:00,5.600,0.000,0.000,0.000,18.000
2016-07-28 00:00:00,5.070,0.000,0.000,0.000,17.700
2016-07-28 01:00:00,5.310,0.000,0.000,0.000,17.600
2016-07-28 02:00:00,5.380,0.000,0.000,0.000,17.400
2016-07-28 03:00:00,4.950,0.000,0.000,0.000,17.200
2016-07-28 04:00:00,4.690,1.000,0.000,1.000,17.000
2016-07-28 05:00:00,4.830,20.000,0.000,20.000,17.300
2016-07-28 06:00:00,4.000,47.000,7.500,45.000,17.700
2016-07-28 07:00:00,3.000,178.000,174.100,106.000,18.500
2016-07-28 08:00:00,1.770,249.000,127.000,179.000,19.200
2016-07-28 09:00:00,1.750,296.000,142.100,201.000,19.700
2016-07-28 10:00:00,1.800,297.000,138.500,192.000,20.200
2016-07-28 11:00:00,2.690,465.000,259.500,254.000,21.300
2016-07-28 12:00:00,3.220,387.000,225.200,200.000,21.800
2016-07-28 13:00:00,3.410,351.000,183.100,203.000,22.100
2016-07-28 14:00:00,3.280,337.000,225.800,168.000,22.400
2016-07-28 15:00:00,2.690,358.000,268.600,182.000,22.600
2016-07-28 16:00:00,2.280,301.000,284.200,149.000,22.800
2016-07-28 17:00:00,2.300,240.000,303.700,120.000,21.900
2016-07-28 18:00:00,3.450,135.000,235.800,77.000,21.800
2016-07-28 19:00:00,3.750,32.000,71.300,25.000,21.000
2016-07-28 20:00:00,4.270,1.000,0.000,1.000,19.300
2016-07-28 21:00:00,4.390,0.000,0.000,0.000,18.300
2016-07-28 22:00:00,4.840,0.000,0.000,0.000,17.600
2016-07-28 23:00:00,5.390,0.000,0.000,0.000,17.400
2016-07-29 00:00:00,6.000,0.000,0.000,0.000,17.300
2016-07-29 01:00:00,6.670,0.000,0.000,0.000,17.200
2016-07-29 02:00:00,7.020,0.000,0.000,0.000,17.000
2016-07-29 03:00:00,6.780,0.000,0.000,0.000,16.600
2016-07-29 04:00:00,6.360,2.000,0.000,2.000,16.600
2016-07-29 05:00:00,5.760,51.000,176.600,31.000,17.000
2016-07-29 06:00:00,5.160,152.000,316.500,69.000,17.600
2016-07-29 07:00:00,4.790,275.000,423.700,101.000,18.400
2016-07-29 08:00:00,5.200,378.000,457.700,127.000,19.100
2016-07-29 09:00:00,5.490,475.000,521.000,128.000,19.700
2016-07-29 10:00:00,5.450,601.000,578.400,164.000,20.900
2016-07-29 11:00:00,5.560,564.000,367.600,266.000,21.600
2016-07-29 12:00:00,5.730,677.000,631.700,154.000,22.400
2016-07-29 13:00:00,6.310,622.000,512.500,209.000,23.200
2016-07-29 14:00:00,6.990,540.000,394.000,246.000,23.500
2016-07-29 15:00:00,6.770,399.000,317.100,192.000,23.300
2016-07-29 16:00:00,6.580,247.000,144.700,170.000,22.800
2016-07-29 17:00:00,5.790,169.000,107.100,127.000,22.500
2016-07-29 18:00:00,5.130,120.000,255.400,58.000,21.900
2016-07-29 19:00:00,5.100,36.000,144.900,22.000,20.800
2016-07-29 20:00:00,5.240,0.000,0.000,0.000,19.400
2016-07-29 21:00:00,5.770,0.000,0.000,0.000,18.900
2016-07-29 22:00:00,4.700,0.000,0.000,0.000,18.200
2016-07-29 23:00:00,5.600,0.000,0.000,0.000,17.800
2016-07-30 00:00:00,6.240,0.000,0.000,0.000,17.600
2016-07-30 01:00:00,6.210,0.000,0.000,0.000,17.200
2016-07-30 02:00:00,6.100,0.000,0.000,0.000,17.100
2016-07-30 03:00:00,6.220,0.000,0.000,0.000,17.000
2016-07-30 04:00:00,6.420,2.000,0.000,2.000,16.900
2016-07-30 05:00:00,5.960,40.000,100.000,29.000,17.200
2016-07-30 06:00:00,4.850,143.000,308.600,63.000,18.100
2016-07-30 07:00:00,4.480,149.000,125.000,98.000,19.200
2016-07-30 08:00:00,4.700,257.000,296.800,95.000,19.900
2016-07-30 09:00:00,5.240,474.000,541.000,115.000,20.800
2016-07-30 10:00:00,5.720,563.000,565.700,137.000,21.500
2016-07-30 11:00:00,5.920,503.000,414.400,168.000,21.800
2016-07-30 12:00:00,6.050,518.000,398.500,189.000,22.000
2016-07-30 13:00:00,6.000,539.000,477.900,155.000,22.300
2016-07-30 14:00:00,6.010,404.000,251.500,217.000,22.300
2016-07-30 15:00:00,5.710,383.000,338.400,163.000,22.100
2016-07-30 16:00:00,4.810,298.000,340.200,118.000,21.900
2016-07-30 17:00:00,4.460,214.000,308.400,94.000,21.700
2016-07-30 18:00:00,3.670,90.000,187.900,45.000,20.600
2016-07-30 19:00:00,2.840,32.000,136.800,19.000,19.300
2016-07-30 20:00:00,2.330,0.000,0.000,0.000,18.000
2016-07-30 21:00:00,1.810,0.000,0.000,0.000,17.000
2016-07-30 22:00:00,0.510,0.000,0.000,0.000,16.500
2016-07-30 23:00:00,0.360,0.000,0.000,0.000,15.800
2016-07-31 00:00:00,0.920,0.000,0.000,0.000,15.300
2016-07-31 01:00:00,0.810,0.000,0.000,0.000,15.200
2016-07-31 02:00:00,0.400,0.000,0.000,0.000,14.600
2016-07-31 03:00:00,0.760,0.000,0.000,0.000,15.000
2016-07-31 04:00:00,0.860,1.000,0.000,1.000,15.000
2016-07-31 05:00:00,1.120,30.000,93.700,20.000,15.700
2016-07-31 06:00:00,1.300,87.000,128.800,54.000,16.700
2016-07-31 07:00:00,2.420,171.000,202.500,89.000,17.600
2016-07-31 08:00:00,2.530,187.000,136.300,113.000,18.200
2016-07-31 09:00:00,2.830,221.000,143.700,126.000,19.000
2016-07-31 10:00:00,2.100,369.000,239.800,189.000,19.800
2016-07-31 11:00:00,3.010,497.000,328.800,232.000,20.600
2016-07-31 12:00:00,3.650,490.000,227.200,303.000,21.000
2016-07-31 13:00:00,4.900,545.000,394.500,229.000,20.100
2016-07-31 14:00:00,6.320,333.000,251.000,147.000,18.100
2016-07-31 15:00:00,6.060,134.000,27.800,116.000,17.700
2016-07-31 16:00:00,4.920,284.000,277.500,138.000,18.500
2016-07-31 17:00:00,4.280,152.000,121.800,105.000,17.900
2016-07-31 18:00:00,5.280,76.000,101.700,52.000,16.900
2016-07-31 19:00:00,6.170,18.000,10.700,17.000,16.100
2016-07-31 20:00:00,5.590,0.000,0.000,0.000,15.200
2016-07-31 21:00:00,5.810,0.000,0.000,0.000,14.600
2016-07-31 22:00:00,6.300,0.000,0.000,0.000,13.500
2016-07-31 23:00:00,6.200,0.000,0.000,0.000,13.400
2016-08-01 00:00:00,6.250,0.000,0.000,0.000,13.000
2016-08-01 01:00:00,6.630,0.000,0.000,0.000,12.600
2016-08-01 02:00:00,7.100,0.000,0.000,0.000,12.400
2016-08-01 03:00:00,7.000,0.000,0.000,0.000,12.000
2016-08-01 04:00:00,6.770,1.000,0.000,1.000,11.800
2016-08-01 05:00:00,6.510,46.000,77.400,38.000,12.400
2016-08-01 06:00:00,6.940,142.000,173.900,98.000,13.600
2016-08-01 07:00:00,6.330,236.000,206.400,153.000,14.600
2016-08-01 08:00:00,6.240,366.000,368.300,167.000,15.800
2016-08-01 09:00:00,5.800,521.000,574.100,143.000,16.800
2016-08-01 10:00:00,5.810,638.000,652.300,150.000,18.100
2016-08-01 11:00:00,5.940,705.000,703.200,140.000,18.900
2016-08-01 12:00:00,5.990,719.000,681.100,160.000,19.500
2016-08-01 13:00:00,5.410,553.000,475.900,173.000,19.900
2016-08-01 14:00:00,4.790,529.000,499.800,160.000,19.800
2016-08-01 15:00:00,4.120,427.000,426.700,152.000,19.600
2016-08-01 16:00:00,3.980,352.000,451.100,116.000,19.600
2016-08-01 17:00:00,4.710,250.000,410.300,93.000,18.200
2016-08-01 18:00:00,3.050,102.000,184.800,59.000,17.400
2016-08-01 19:00:00,3.910,38.000,185.300,21.000,16.400
2016-08-01 20:00:00,4.800,0.000,0.000,0.000,14.800
2016-08-01 21:00:00,5.140,0.000,0.000,0.000,13.600
2016-08-01 22:00:00,4.920,0.000,0.000,0.000,13.100
2016-08-01 23:00:00,4.130,0.000,0.000,0.000,12.000
2016-08-02 00:00:00,4.250,0.000,0.000,0.000,11.500
2016-08-02 01:00:00,4.100,0.000,0.000,0.000,11.200
2016-08-02 02:00:00,3.890,0.000,0.000,0.000,11.800
2016-08-02 03:00:00,3.470,0.000,0.000,0.000,12.300
2016-08-02 04:00:00,3.980,0.000,0.000,0.000,12.800
2016-08-02 05:00:00,4.180,19.000,0.000,19.000,13.300
2016-08-02 06:00:00,3.420,46.000,0.000,46.000,13.700
2016-08-02 07:00:00,2.690,28.000,0.000,28.000,14.000
2016-08-02 08:00:00,1.970,62.000,0.000,62.000,14.500
2016-08-02 09:00:00,2.060,42.000,0.000,42.000,15.000
2016-08-02 10:00:00,1.880,88.000,0.000,88.000,15.100
2016-08-02 11:00:00,1.610,214.000,2.500,212.000,15.800
2016-08-02 12:00:00,1.420,339.000,95.300,261.000,16.500
2016-08-02 13:00:00,1.700,368.000,175.900,228.000,17.200
2016-08-02 14:00:00,2.410,440.000,270.500,241.000,18.000
2016-08-02 15:00:00,2.690,353.000,311.700,153.000,18.800
2016-08-02 16:00:00,2.620,212.000,175.000,121.000,18.900
2016-08-02 17:00:00,2.280,109.000,79.100,79.000,18.700
2016-08-02 18:00:00,2.630,62.000,74.200,45.000,18.300
2016-08-02 19:00:00,3.400,14.000,0.000,14.000,17.700
2016-08-02 20:00:00,4.260,0.000,0.000,0.000,17.200
2016-08-02 21:00:00,5.020,0.000,0.000,0.000,16.800
2016-08-02 22:00:00,5.410,0.000,0.000,0.000,16.700
2016-08-02 23:00:00,5.480,0.000,0.000,0.000,16.900
2016-08-03 00:00:00,6.050,0.000,0.000,0.000,17.000
2016-08-03 01:00:00,6.130,0.000,0.000,0.000,16.900
2016-08-03 02:00:00,6.320,0.000,0.000,0.000,17.000
2016-08-03 03:00:00,6.400,0.000,0.000,0.000,17.100
2016-08-03 04:00:00,6.410,0.000,0.000,0.000,17.200
2016-08-03 05:00:00,6.620,3.000,0.000,3.000,17.300
2016-08-03 06:00:00,7.070,12.000,0.000,12.000,17.500
2016-08-03 07:00:00,7.270,39.000,0.000,39.000,18.100
2016-08-03 08:00:00,8.340,74.000,1.900,73.000,18.800
2016-08-03 09:00:00,8.920,90.000,1.500,89.000,19.300
2016-08-03 10:00:00,8.070,97.000,0.000,97.000,20.000
2016-08-03 11:00:00,9.480,190.000,13.800,179.000,20.900
2016-08-03 12:00:00,10.080,207.000,14.700,195.000,21.200
2016-08-03 13:00:00,10.020,157.000,1.300,156.000,21.200
2016-08-03 14:00:00,9.370,83.000,1.400,82.000,20.700
2016-08-03 15:00:00,8.990,55.000,0.000,55.000,20.200
2016-08-03 16:00:00,8.440,46.000,0.000,46.000,20.100
2016-08-03 17:00:00,7.990,36.000,0.000,36.000,20.000
2016-08-03 18:00:00,7.850,39.000,4.400,38.000,20.000
2016-08-03 19:00:00,7.720,12.000,0.000,12.000,19.600
2016-08-03 20:00:00,7.800,0.000,0.000,0.000,19.200
2016-08-03 21:00:00,7.860,0.000,0.000,0.000,18.700
2016-08-03 22:00:00,7.210,0.000,0.000,0.000,19.000
2016-08-03 23:00:00,7.360,0.000,0.000,0.000,18.800
2016-08-04 00:00:00,8.080,0.000,0.000,0.000,18.700
2016-08-04 01:00:00,8.140,0.000,0.000,0.000,18.200
2016-08-04 02:00:00,8.120,0.000,0.000,0.000,17.700
2016-08-04 03:00:00,7.800,0.000,0.000,0.000,17.500
2016-08-04 04:00:00,7.660,0.000,0.000,0.000,17.200
2016-08-04 05:00:00,7.300,34.000,102.800,24.000,17.200
2016-08-04 06:00:00,6.780,131.000,271.000,65.000,17.400
2016-08-04 07:00:00,8.050,207.000,170.400,140.000,17.800
2016-08-04 08:00:00,7.820,321.000,255.700,185.000,18.100
2016-08-04 09:00:00,8.300,483.000,401.300,222.000,18.400
2016-08-04 10:00:00,7.200,562.000,367.400,290.000,19.500
2016-08-04 11:00:00,7.580,538.000,228.700,356.000,20.400
2016-08-04 12:00:00,7.850,527.000,198.100,366.000,21.000
2016-08-04 13:00:00,8.110,416.000,78.400,354.000,21.100
2016-08-04 14:00:00,7.700,334.000,54.800,294.000,21.200
2016-08-04 15:00:00,7.250,255.000,33.000,234.000,20.900
2016-08-04 16:00:00,6.940,271.000,120.700,209.000,20.900
2016-08-04 17:00:00,6.040,162.000,32.200,150.000,20.300
2016-08-04 18:00:00,5.720,78.000,13.500,75.000,19.600
2016-08-04 19:00:00,5.730,25.000,34.700,22.000,18.500
2016-08-04 20:00:00,5.460,0.000,0.000,0.000,17.500
2016-08-04 21:00:00,5.490,0.000,0.000,0.000,17.200
2016-08-04 22:00:00,4.640,0.000,0.000,0.000,16.500
2016-08-04 23:00:00,4.610,0.000,0.000,0.000,16.100
2016-08-05 00:00:00,4.840,0.000,0.000,0.000,15.600
2016-08-05 01:00:00,4.940,0.000,0.000,0.000,15.300
2016-08-05 02:00:00,5.060,0.000,0.000,0.000,15.000
2016-08-05 03:00:00,4.650,0.000,0.000,0.000,14.600
2016-08-05 04:00:00,4.350,0.000,0.000,0.000,14.300
2016-08-05 05:00:00,4.830,31.000,10.500,30.000,14.500
2016-08-05 06:00:00,4.980,104.000,37.500,95.000,15.500
2016-08-05 07:00:00,6.080,206.000,125.600,157.000,16.700
2016-08-05 08:00:00,4.830,362.000,293.000,207.000,18.000
2016-08-05 09:00:00,4.880,503.000,401.500,243.000,19.000
2016-08-05 10:00:00,5.000,455.000,250.800,270.000,20.100
2016-08-05 11:00:00,5.700,465.000,206.800,301.000,20.300
2016-08-05 12:00:00,6.010,511.000,218.500,334.000,20.800
2016-08-05 13:00:00,5.490,441.000,149.800,323.000,21.100
2016-08-05 14:00:00,6.600,427.000,196.700,284.000,21.500
2016-08-05 15:00:00,7.020,424.000,276.800,249.000,21.500
2016-08-05 16:00:00,5.750,325.000,319.600,162.000,21.300
2016-08-05 17:00:00,5.280,212.000,290.200,105.000,20.500
2016-08-05 18:00:00,5.630,97.000,211.300,51.000,19.400
2016-08-05 19:00:00,5.880,29.000,142.000,17.000,18.400
2016-08-05 20:00:00,6.020,0.000,0.000,0.000,17.300
2016-08-05 21:00:00,5.480,0.000,0.000,0.000,16.500
2016-08-05 22:00:00,5.640,0.000,0.000,0.000,15.900
2016-08-05 23:00:00,5.150,0.000,0.000,0.000,15.500
2016-08-06 00:00:00,5.300,0.000,0.000,0.000,14.900
2016-08-06 01:00:00,4.910,0.000,0.000,0.000,14.400
2016-08-06 02:00:00,5.040,0.000,0.000,0.000,14.000
2016-08-06 03:00:00,4.950,0.000,0.000,0.000,13.700
2016-08-06 04:00:00,4.940,0.000,0.000,0.000,13.800
2016-08-06 05:00:00,4.440,38.000,170.100,22.000,14.300
2016-08-06 06:00:00,4.490,146.000,354.600,62.000,15.200
2016-08-06 07:00:00,4.870,170.000,232.600,80.000,16.200
2016-08-06 08:00:00,5.090,223.000,167.300,135.000,17.300
2016-08-06 09:00:00,5.570,458.000,429.600,181.000,18.200
2016-08-06 10:00:00,6.610,537.000,465.400,195.000,19.400
2016-08-06 11:00:00,6.710,649.000,595.900,178.000,20.300
2016-08-06 12:00:00,7.360,628.000,494.200,229.000,20.800
2016-08-06 13:00:00,6.750,399.000,202.700,240.000,19.500
2016-08-06 14:00:00,5.610,504.000,431.100,192.000,18.300
2016-08-06 15:00:00,5.220,392.000,395.900,143.000,18.500
2016-08-06 16:00:00,4.490,179.000,161.900,97.000,18.700
2016-08-06 17:00:00,4.520,201.000,337.100,78.000,18.400
2016-08-06 18:00:00,4.440,88.000,187.200,48.000,17.900
2016-08-06 19:00:00,4.540,25.000,145.400,13.000,16.800
2016-08-06 20:00:00,4.980,0.000,0.000,0.000,15.600
2016-08-06 21:00:00,5.360,0.000,0.000,0.000,15.000
2016-08-06 22:00:00,5.500,0.000,0.000,0.000,15.100
2016-08-06 23:00:00,5.700,0.000,0.000,0.000,14.600
2016-08-07 00:00:00,5.500,0.000,0.000,0.000,13.800
2016-08-07 01:00:00,5.400,0.000,0.000,0.000,13.000
2016-08-07 02:00:00,5.320,0.000,0.000,0.000,12.600
2016-08-07 03:00:00,5.390,0.000,0.000,0.000,12.100
2016-08-07 04:00:00,5.570,0.000,0.000,0.000,11.900
2016-08-07 05:00:00,5.250,42.000,205.600,23.000,12.600
2016-08-07 06:00:00,5.410,153.000,406.800,58.000,14.100
2016-08-07 07:00:00,4.650,265.000,416.900,105.000,15.900
2016-08-07 08:00:00,4.480,425.000,569.700,127.000,17.500
2016-08-07 09:00:00,4.520,465.000,468.900,164.000,18.900
2016-08-07 10:00:00,4.670,498.000,487.700,141.000,20.400
2016-08-07 11:00:00,5.240,660.000,636.200,159.000,21.900
2016-08-07 12:00:00,4.960,727.000,731.000,139.000,23.300
2016-08-07 13:00:00,5.390,741.000,761.300,146.000,24.400
2016-08-07 14:00:00,6.260,644.000,703.600,137.000,25.200
2016-08-07 15:00:00,6.700,573.000,721.000,122.000,25.800
2016-08-07 16:00:00,7.210,409.000,594.600,110.000,25.900
2016-08-07 17:00:00,6.570,231.000,393.300,89.000,25.500
2016-08-07 18:00:00,6.220,77.000,124.000,51.000,24.600
2016-08-07 19:00:00,6.010,12.000,12.400,11.000,23.100
2016-08-07 20:00:00,5.360,0.000,0.000,0.000,21.800
2016-08-07 21:00:00,5.000,0.000,0.000,0.000,21.000
2016-08-07 22:00:00,5.890,0.000,0.000,0.000,20.200
2016-08-07 23:00:00,6.370,0.000,0.000,0.000,20.100
2016-08-08 00:00:00,6.790,0.000,0.000,0.000,20.300
2016-08-08 01:00:00,7.290,0.000,0.000,0.000,20.400
2016-08-08 02:00:00,7.010,0.000,0.000,0.000,20.400
2016-08-08 03:00:00,7.020,0.000,0.000,0.000,20.400
2016-08-08 04:00:00,7.410,0.000,0.000,0.000,20.300
2016-08-08 05:00:00,8.010,25.000,77.200,18.000,20.200
2016-08-08 06:00:00,8.460,124.000,282.500,59.000,20.300
2016-08-08 07:00:00,8.450,227.000,283.800,119.000,20.500
2016-08-08 08:00:00,8.450,392.000,448.100,159.000,20.500
2016-08-08 09:00:00,8.770,523.000,577.500,154.000,20.700
2016-08-08 10:00:00,7.450,519.000,482.700,167.000,21.100
2016-08-08 11:00:00,8.150,379.000,175.900,241.000,20.800
2016-08-08 12:00:00,9.270,276.000,52.400,234.000,20.400
2016-08-08 13:00:00,9.120,308.000,101.500,229.000,19.700
2016-08-08 14:00:00,7.950,389.000,290.000,181.000,19.700
2016-08-08 15:00:00,7.840,326.000,246.000,173.000,19.600
2016-08-08 16:00:00,7.610,331.000,434.700,114.000,19.900
2016-08-08 17:00:00,6.910,221.000,355.700,94.000,19.700
2016-08-08 18:00:00,6.480,129.000,374.800,52.000,19.200
2016-08-08 19:00:00,6.690,21.000,101.900,13.000,18.100
2016-08-08 20:00:00,6.800,0.000,0.000,0.000,16.800
2016-08-08 21:00:00,6.710,0.000,0.000,0.000,16.000
2016-08-08 22:00:00,6.310,0.000,0.000,0.000,14.700
2016-08-08 23:00:00,5.100,0.000,0.000,0.000,14.100
2016-08-09 00:00:00,4.720,0.000,0.000,0.000,13.500
2016-08-09 01:00:00,4.500,0.000,0.000,0.000,12.800
2016-08-09 02:00:00,4.510,0.000,0.000,0.000,12.600
2016-08-09 03:00:00,4.710,0.000,0.000,0.000,12.400
2016-08-09 04:00:00,4.410,0.000,0.000,0.000,12.200
2016-08-09 05:00:00,4.370,27.000,11.200,26.000,12.400
2016-08-09 06:00:00,4.590,92.000,70.600,76.000,13.100
2016-08-09 07:00:00,4.840,152.000,76.900,123.000,14.400
2016-08-09 08:00:00,5.300,244.000,166.400,158.000,15.800
2016-08-09 09:00:00,6.210,455.000,352.300,231.000,16.800
2016-08-09 10:00:00,5.540,556.000,557.700,151.000,17.300
2016-08-09 11:00:00,6.080,553.000,443.900,206.000,17.300
2016-08-09 12:00:00,6.630,574.000,444.700,219.000,17.000
2016-08-09 13:00:00,7.220,510.000,403.700,197.000,17.500
2016-08-09 14:00:00,7.990,460.000,453.800,136.000,17.500
2016-08-09 15:00:00,8.100,393.000,401.000,145.000,17.300
2016-08-09 16:00:00,7.580,270.000,357.300,93.000,16.800
2016-08-09 17:00:00,6.710,183.000,320.100,70.000,16.000
2016-08-09 18:00:00,5.970,109.000,283.400,52.000,15.300
2016-08-09 19:00:00,5.230,20.000,91.700,13.000,14.100
2016-08-09 20:00:00,5.070,0.000,0.000,0.000,13.200
2016-08-09 21:00:00,5.190,0.000,0.000,0.000,12.200
2016-08-09 22:00:00,5.700,0.000,0.000,0.000,11.600
2016-08-09 23:00:00,5.540,0.000,0.000,0.000,11.300
2016-08-10 00:00:00,5.080,0.000,0.000,0.000,11.100
2016-08-10 01:00:00,4.900,0.000,0.000,0.000,10.900
2016-08-10 02:00:00,5.140,0.000,0.000,0.000,10.500
2016-08-10 03:00:00,5.450,0.000,0.000,0.000,10.500
2016-08-10 04:00:00,5.350,0.000,0.000,0.000,10.600
2016-08-10 05:00:00,5.360,23.000,11.500,22.000,10.600
2016-08-10 06:00:00,5.600,110.000,112.100,85.000,11.200
2016-08-10 07:00:00,4.920,175.000,171.100,111.000,12.000
2016-08-10 08:00:00,4.740,284.000,190.800,186.000,12.700
2016-08-10 09:00:00,5.180,476.000,516.700,149.000,13.500
2016-08-10 10:00:00,5.140,598.000,589.100,172.000,14.600
2016-08-10 11:00:00,5.630,685.000,671.700,162.000,14.700
2016-08-10 12:00:00,6.490,623.000,570.900,169.000,14.900
2016-08-10 13:00:00,6.930,635.000,520.700,233.000,15.800
2016-08-10 14:00:00,7.650,610.000,646.000,151.000,16.000
2016-08-10 15:00:00,7.500,523.000,663.700,115.000,15.600
2016-08-10 16:00:00,6.760,387.000,582.000,101.000,15.600
2016-08-10 17:00:00,6.140,231.000,409.900,88.000,15.000
2016-08-10 18:00:00,5.520,131.000,401.500,52.000,14.100
2016-08-10 19:00:00,6.130,20.000,121.300,11.000,12.400
2016-08-10 20:00:00,5.580,0.000,0.000,0.000,11.200
2016-08-10 21:00:00,5.290,0.000,0.000,0.000,10.100
2016-08-10 22:00:00,5.290,0.000,0.000,0.000,9.500
2016-08-10 23:00:00,5.010,0.000,0.000,0.000,9.200
2016-08-11 00:00:00,5.360,0.000,0.000,0.000,8.800
2016-08-11 01:00:00,5.900,0.000,0.000,0.000,8.300
2016-08-11 02:00:00,6.100,0.000,0.000,0.000,7.900
2016-08-11 03:00:00,6.180,0.000,0.000,0.000,7.700
2016-08-11 04:00:00,6.020,0.000,0.000,0.000,7.500
2016-08-11 05:00:00,5.950,35.000,198.600,18.000,8.200
2016-08-11 06:00:00,5.600,150.000,432.800,55.000,10.200
2016-08-11 07:00:00,5.360,265.000,472.200,90.000,12.100
2016-08-11 08:00:00,6.590,395.000,564.100,107.000,13.500
2016-08-11 09:00:00,6.090,444.000,439.900,167.000,14.600
2016-08-11 10:00:00,6.850,438.000,312.400,213.000,15.300
2016-08-11 11:00:00,5.920,269.000,30.900,245.000,14.700
2016-08-11 12:00:00,4.740,241.000,13.900,230.000,14.500
2016-08-11 13:00:00,4.360,209.000,16.900,196.000,14.700
2016-08-11 14:00:00,4.740,136.000,1.400,135.000,14.100
2016-08-11 15:00:00,4.930,74.000,1.600,73.000,13.500
2016-08-11 16:00:00,6.450,40.000,0.000,40.000,13.000
2016-08-11 17:00:00,7.880,26.000,0.000,26.000,12.700
2016-08-11 18:00:00,8.650,9.000,0.000,9.000,12.600
2016-08-11 19:00:00,8.700,2.000,0.000,2.000,12.700
2016-08-11 20:00:00,8.460,0.000,0.000,0.000,12.900
2016-08-11 21:00:00,8.000,0.000,0.000,0.000,12.900
2016-08-11 22:00:00,7.300,0.000,0.000,0.000,12.900
2016-08-11 23:00:00,6.650,0.000,0.000,0.000,12.900
2016-08-12 00:00:00,6.290,0.000,0.000,0.000,12.900
2016-08-12 01:00:00,5.950,0.000,0.000,0.000,13.000
2016-08-12 02:00:00,6.010,0.000,0.000,0.000,13.000
2016-08-12 03:00:00,5.720,0.000,0.000,0.000,13.300
2016-08-12 04:00:00,5.350,0.000,0.000,0.000,13.500
2016-08-12 05:00:00,5.240,4.000,0.000,4.000,13.700
2016-08-12 06:00:00,5.160,16.000,0.000,16.000,14.200
2016-08-12 07:00:00,5.190,36.000,0.000,36.000,14.800
2016-08-12 08:00:00,5.370,61.000,3.900,59.000,15.600
2016-08-12 09:00:00,5.630,86.000,0.000,86.000,16.300
2016-08-12 10:00:00,5.090,132.000,7.000,127.000,17.200
2016-08-12 11:00:00,5.130,84.000,0.000,84.000,17.600
2016-08-12 12:00:00,6.040,76.000,0.000,76.000,18.100
2016-08-12 13:00:00,7.060,62.000,0.000,62.000,18.300
2016-08-12 14:00:00,7.420,60.000,1.400,59.000,18.600
2016-08-12 15:00:00,6.710,72.000,1.600,71.000,18.800
2016-08-12 16:00:00,6.520,105.000,41.400,85.000,19.500
2016-08-12 17:00:00,6.340,141.000,167.500,84.000,19.900
2016-08-12 18:00:00,6.220,85.000,234.400,41.000,19.700
2016-08-12 19:00:00,6.210,10.000,43.000,7.000,18.900
2016-08-12 20:00:00,6.260,0.000,0.000,0.000,18.500
2016-08-12 21:00:00,6.360,0.000,0.000,0.000,18.200
2016-08-12 22:00:00,6.630,0.000,0.000,0.000,18.000
2016-08-12 23:00:00,6.360,0.000,0.000,0.000,17.400
2016-08-13 00:00:00,6.660,0.000,0.000,0.000,17.000
2016-08-13 01:00:00,7.030,0.000,0.000,0.000,16.900
2016-08-13 02:00:00,7.390,0.000,0.000,0.000,16.800
2016-08-13 03:00:00,7.470,0.000,0.000,0.000,16.600
2016-08-13 04:00:00,7.500,0.000,0.000,0.000,16.100
2016-08-13 05:00:00,7.640,29.000,158.400,16.000,16.300
2016-08-13 06:00:00,7.780,136.000,353.300,61.000,17.700
2016-08-13 07:00:00,8.200,286.000,555.300,84.000,18.900
2016-08-13 08:00:00,9.040,407.000,565.500,122.000,20.100
2016-08-13 09:00:00,9.140,471.000,490.900,165.000,20.700
2016-08-13 10:00:00,8.960,521.000,498.700,165.000,21.600
2016-08-13 11:00:00,8.830,523.000,321.100,276.000,21.900
2016-08-13 12:00:00,8.710,620.000,525.800,207.000,22.300
2016-08-13 13:00:00,8.920,549.000,404.300,241.000,22.500
2016-08-13 14:00:00,8.710,529.000,507.400,174.000,22.800
2016-08-13 15:00:00,8.600,368.000,368.000,146.000,22.500
2016-08-13 16:00:00,7.740,300.000,367.300,124.000,22.300
2016-08-13 17:00:00,6.380,158.000,125.000,116.000,21.600
2016-08-13 18:00:00,6.280,72.000,163.900,42.000,20.700
2016-08-13 19:00:00,6.490,8.000,14.800,7.000,19.700
2016-08-13 20:00:00,6.240,0.000,0.000,0.000,19.000
2016-08-13 21:00:00,5.710,0.000,0.000,0.000,18.500
2016-08-13 22:00:00,6.350,0.000,0.000,0.000,17.800
2016-08-13 23:00:00,5.760,0.000,0.000,0.000,17.600
2016-08-14 00:00:00,5.490,0.000,0.000,0.000,17.200
2016-08-14 01:00:00,5.220,0.000,0.000,0.000,16.900
2016-08-14 02:00:00,4.880,0.000,0.000,0.000,16.400
2016-08-14 03:00:00,4.400,0.000,0.000,0.000,15.800
2016-08-14 04:00:00,4.150,0.000,0.000,0.000,15.100
2016-08-14 05:00:00,3.960,18.000,24.900,16.000,14.500
2016-08-14 06:00:00,3.820,84.000,124.600,58.000,15.500
2016-08-14 07:00:00,3.790,209.000,222.000,129.000,16.700
2016-08-14 08:00:00,3.980,357.000,399.500,157.000,17.800
2016-08-14 09:00:00,4.460,448.000,472.500,155.000,18.600
2016-08-14 10:00:00,4.110,479.000,326.500,247.000,19.700
2016-08-14 11:00:00,4.530,495.000,283.300,278.000,20.100
2016-08-14 12:00:00,5.010,442.000,227.600,264.000,20.700
2016-08-14 13:00:00,4.880,392.000,179.400,256.000,21.000
2016-08-14 14:00:00,4.480,311.000,130.800,220.000,21.400
2016-08-14 15:00:00,4.920,275.000,150.200,185.000,21.500
2016-08-14 16:00:00,4.880,201.000,107.400,150.000,21.300
2016-08-14 17:00:00,4.740,147.000,126.700,105.000,20.700
2016-08-14 18:00:00,4.960,89.000,246.700,45.000,19.800
2016-08-14 19:00:00,4.680,11.000,46.000,8.000,18.300
2016-08-14 20:00:00,4.430,0.000,0.000,0.000,17.100
2016-08-14 21:00:00,4.070,0.000,0.000,0.000,16.200
2016-08-14 22:00:00,3.960,0.000,0.000,0.000,15.400
2016-08-14 23:00:00,3.310,0.000,0.000,0.000,14.600
2016-08-15 00:00:00,3.680,0.000,0.000,0.000,14.100
2016-08-15 01:00:00,3.550,0.000,0.000,0.000,14.100
2016-08-15 02:00:00,3.550,0.000,0.000,0.000,13.800
2016-08-15 03:00:00,3.230,0.000,0.000,0.000,13.200
2016-08-15 04:00:00,3.360,0.000,0.000,0.000,12.700
2016-08-15 05:00:00,3.010,23.000,140.200,12.000,12.700
2016-08-15 06:00:00,2.310,109.000,263.500,55.000,13.700
2016-08-15 07:00:00,2.420,216.000,347.600,92.000,15.500
2016-08-15 08:00:00,2.200,349.000,456.500,122.000,17.100
2016-08-15 09:00:00,1.820,456.000,520.400,135.000,18.000
2016-08-15 10:00:00,1.700,550.000,480.700,210.000,19.000
2016-08-15 11:00:00,1.870,508.000,322.600,262.000,19.500
2016-08-15 12:00:00,2.550,372.000,106.600,289.000,19.800
2016-08-15 13:00:00,3.400,363.000,133.800,262.000,20.200
2016-08-15 14:00:00,3.510,334.000,140.100,237.000,20.400
2016-08-15 15:00:00,3.200,305.000,193.200,190.000,20.400
2016-08-15 16:00:00,3.160,187.000,74.400,152.000,20.400
2016-08-15 17:00:00,3.590,117.000,104.000,83.000,19.900
2016-08-15 18:00:00,3.770,57.000,97.900,40.000,19.000
2016-08-15 19:00:00,3.930,10.000,47.800,7.000,17.200
2016-08-15 20:00:00,4.300,0.000,0.000,0.000,15.800
2016-08-15 21:00:00,4.700,0.000,0.000,0.000,14.700
2016-08-15 22:00:00,4.810,0.000,0.000,0.000,13.500
2016-08-15 23:00:00,4.180,0.000,0.000,0.000,12.500
2016-08-16 00:00:00,3.710,0.000,0.000,0.000,12.100
2016-08-16 01:00:00,3.400,0.000,0.000,0.000,11.400
2016-08-16 02:00:00,3.710,0.000,0.000,0.000,10.700
2016-08-16 03:00:00,3.540,0.000,0.000,0.000,10.100
2016-08-16 04:00:00,3.290,0.000,0.000,0.000,9.800
2016-08-16 05:00:00,3.200,21.000,104.400,13.000,10.000
2016-08-16 06:00:00,2.530,114.000,273.300,59.000,12.000
2016-08-16 07:00:00,1.620,271.000,543.500,79.000,14.500
2016-08-16 08:00:00,1.550,420.000,658.100,95.000,16.900
2016-08-16 09:00:00,1.610,561.000,730.200,113.000,18.300
2016-08-16 10:00:00,1.710,673.000,794.000,114.000,19.700
2016-08-16 11:00:00,2.120,615.000,562.500,188.000,20.300
2016-08-16 12:00:00,2.910,569.000,447.600,222.000,20.900
2016-08-16 13:00:00,3.080,393.000,106.500,313.000,21.300
2016-08-16 14:00:00,2.790,402.000,219.400,251.000,21.500
2016-08-16 15:00:00,2.920,471.000,492.300,180.000,22.000
2016-08-16 16:00:00,3.420,397.000,641.200,98.000,22.100
2016-08-16 17:00:00,3.520,212.000,356.900,97.000,21.700
2016-08-16 18:00:00,3.440,83.000,201.500,49.000,20.600
2016-08-16 19:00:00,4.610,13.000,82.700,8.000,18.200
2016-08-16 20:00:00,5.950,0.000,0.000,0.000,16.800
2016-08-16 21:00:00,6.510,0.000,0.000,0.000,15.500
2016-08-16 22:00:00,5.980,0.000,0.000,0.000,14.300
2016-08-16 23:00:00,5.860,0.000,0.000,0.000,13.100
2016-08-17 00:00:00,5.410,0.000,0.000,0.000,11.900
2016-08-17 01:00:00,4.730,0.000,0.000,0.000,10.900
2016-08-17 02:00:00,4.220,0.000,0.000,0.000,9.900
2016-08-17 03:00:00,4.200,0.000,0.000,0.000,9.100
2016-08-17 04:00:00,4.000,0.000,0.000,0.000,8.800
2016-08-17 05:00:00,3.800,24.000,147.100,13.000,8.900
2016-08-17 06:00:00,2.900,138.000,435.500,52.000,11.400
2016-08-17 07:00:00,2.300,274.000,551.900,81.000,13.900
2016-08-17 08:00:00,2.220,414.000,589.300,125.000,15.900
2016-08-17 09:00:00,2.320,572.000,758.800,109.000,17.400
2016-08-17 10:00:00,3.480,637.000,717.900,134.000,18.300
2016-08-17 11:00:00,3.350,733.000,775.400,147.000,19.400
2016-08-17 12:00:00,3.030,742.000,765.900,151.000,20.400
2016-08-17 13:00:00,2.820,698.000,736.000,148.000,20.900
2016-08-17 14:00:00,2.600,652.000,764.300,129.000,21.500
2016-08-17 15:00:00,2.620,558.000,782.000,99.000,21.800
2016-08-17 16:00:00,2.430,415.000,718.800,83.000,22.000
2016-08-17 17:00:00,2.500,251.000,557.400,74.000,21.600
2016-08-17 18:00:00,2.750,106.000,378.400,44.000,21.600
2016-08-17 19:00:00,3.020,12.000,69.000,8.000,19.400
2016-08-17 20:00:00,3.120,0.000,0.000,0.000,17.300
2016-08-17 21:00:00,3.140,0.000,0.000,0.000,16.000
2016-08-17 22:00:00,2.020,0.000,0.000,0.000,12.700
2016-08-17 23:00:00,2.150,0.000,0.000,0.000,12.300
2016-08-18 00:00:00,1.700,0.000,0.000,0.000,11.600
2016-08-18 01:00:00,0.780,0.000,0.000,0.000,11.000
2016-08-18 02:00:00,0.630,0.000,0.000,0.000,10.600
2016-08-18 03:00:00,0.800,0.000,0.000,0.000,9.900
2016-08-18 04:00:00,0.810,0.000,0.000,0.000,9.500
2016-08-18 05:00:00,0.920,22.000,137.100,12.000,8.900
2016-08-18 06:00:00,1.410,130.000,397.500,53.000,12.100
2016-08-18 07:00:00,1.220,282.000,598.100,75.000,15.200
2016-08-18 08:00:00,0.980,440.000,718.700,90.000,18.300
2016-08-18 09:00:00,1.200,577.000,781.200,103.000,20.000
2016-08-18 10:00:00,1.320,684.000,824.700,109.000,21.000
2016-08-18 11:00:00,1.480,670.000,670.000,166.000,21.800
2016-08-18 12:00:00,1.720,665.000,645.800,169.000,22.400
2016-08-18 13:00:00,2.000,604.000,577.000,175.000,23.000
2016-08-18 14:00:00,2.250,512.000,499.800,172.000,23.500
2016-08-18 15:00:00,2.600,414.000,420.500,169.000,23.400
2016-08-18 16:00:00,2.720,341.000,500.700,112.000,23.300
2016-08-18 17:00:00,3.110,192.000,367.600,77.000,22.400
2016-08-18 18:00:00,4.650,75.000,207.700,42.000,21.100
2016-08-18 19:00:00,6.000,9.000,54.000,6.000,18.700
2016-08-18 20:00:00,6.380,0.000,0.000,0.000,16.800
2016-08-18 21:00:00,5.590,0.000,0.000,0.000,15.900
2016-08-18 22:00:00,4.370,0.000,0.000,0.000,14.200
2016-08-18 23:00:00,4.000,0.000,0.000,0.000,13.100
2016-08-19 00:00:00,3.600,0.000,0.000,0.000,12.200
2016-08-19 01:00:00,3.310,0.000,0.000,0.000,11.200
2016-08-19 02:00:00,3.510,0.000,0.000,0.000,10.600
2016-08-19 03:00:00,3.950,0.000,0.000,0.000,10.200
2016-08-19 04:00:00,4.050,0.000,0.000,0.000,9.800
2016-08-19 05:00:00,4.410,20.000,112.600,12.000,10.000
2016-08-19 06:00:00,4.030,128.000,416.000,49.000,12.800
2016-08-19 07:00:00,2.900,267.000,537.300,83.000,15.900
2016-08-19 08:00:00,3.030,425.000,686.700,93.000,18.400
2016-08-19 09:00:00,2.690,554.000,729.300,114.000,20.000
2016-08-19 10:00:00,2.190,670.000,810.100,108.000,21.700
2016-08-19 11:00:00,2.370,736.000,834.700,111.000,22.900
2016-08-19 12:00:00,2.270,760.000,850.300,110.000,23.900
2016-08-19 13:00:00,2.110,734.000,851.700,104.000,25.100
2016-08-19 14:00:00,2.020,638.000,749.700,131.000,25.700
2016-08-19 15:00:00,1.910,508.000,662.200,125.000,26.000
2016-08-19 16:00:00,1.810,381.000,607.300,106.000,26.100
2016-08-19 17:00:00,1.260,231.000,490.200,80.000,25.600
2016-08-19 18:00:00,1.630,98.000,363.900,42.000,23.400
2016-08-19 19:00:00,3.520,8.000,37.700,6.000,20.800
2016-08-19 20:00:00,5.160,0.000,0.000,0.000,19.800
2016-08-19 21:00:00,5.730,0.000,0.000,0.000,19.700
2016-08-19 22:00:00,5.500,0.000,0.000,0.000,19.600
2016-08-19 23:00:00,5.690,0.000,0.000,0.000,19.400
2016-08-20 00:00:00,5.880,0.000,0.000,0.000,18.800
2016-08-20 01:00:00,6.080,0.000,0.000,0.000,17.900
2016-08-20 02:00:00,6.300,0.000,0.000,0.000,17.300
2016-08-20 03:00:00,5.280,0.000,0.000,0.000,17.100
2016-08-20 04:00:00,5.470,0.000,0.000,0.000,17.100
2016-08-20 05:00:00,5.640,10.000,14.500,9.000,17.300
2016-08-20 06:00:00,5.330,97.000,252.500,50.000,18.000
2016-08-20 07:00:00,4.350,251.000,513.500,77.000,19.200
2016-08-20 08:00:00,5.190,350.000,500.100,110.000,20.300
2016-08-20 09:00:00,6.510,407.000,453.500,135.000,20.900
2016-08-20 10:00:00,4.860,407.000,272.300,219.000,21.300
2016-08-20 11:00:00,4.340,333.000,142.200,227.000,21.600
2016-08-20 12:00:00,4.050,306.000,106.500,225.000,21.600
2016-08-20 13:00:00,4.270,377.000,206.600,225.000,22.300
2016-08-20 14:00:00,3.880,243.000,38.700,217.000,21.900
2016-08-20 15:00:00,2.720,150.000,43.600,125.000,21.000
2016-08-20 16:00:00,3.310,268.000,265.500,149.000,21.500
2016-08-20 17:00:00,3.760,150.000,221.000,83.000,21.200
2016-08-20 18:00:00,4.300,69.000,228.400,35.000,20.500
2016-08-20 19:00:00,5.000,5.000,19.100,4.000,19.100
2016-08-20 20:00:00,5.740,0.000,0.000,0.000,17.900
2016-08-20 21:00:00,6.230,0.000,0.000,0.000,17.000
2016-08-20 22:00:00,6.080,0.000,0.000,0.000,16.400
2016-08-20 23:00:00,6.130,0.000,0.000,0.000,15.700
2016-08-21 00:00:00,6.640,0.000,0.000,0.000,15.000
2016-08-21 01:00:00,6.910,0.000,0.000,0.000,14.700
2016-08-21 02:00:00,6.880,0.000,0.000,0.000,14.500
2016-08-21 03:00:00,6.760,0.000,0.000,0.000,14.300
2016-08-21 04:00:00,6.880,0.000,0.000,0.000,14.400
2016-08-21 05:00:00,6.880,16.000,89.200,10.000,14.500
2016-08-21 06:00:00,6.460,100.000,257.800,53.000,15.700
2016-08-21 07:00:00,5.660,234.000,444.600,85.000,17.400
2016-08-21 08:00:00,6.330,379.000,579.400,103.000,18.600
2016-08-21 09:00:00,6.510,436.000,545.000,111.000,19.500
2016-08-21 10:00:00,5.590,596.000,648.000,151.000,20.300
2016-08-21 11:00:00,7.170,696.000,759.200,133.000,20.800
2016-08-21 12:00:00,6.470,652.000,628.800,176.000,21.300
2016-08-21 13:00:00,6.770,536.000,405.800,239.000,21.200
2016-08-21 14:00:00,7.980,465.000,434.200,175.000,18.800
2016-08-21 15:00:00,6.910,197.000,129.900,123.000,18.200
2016-08-21 16:00:00,5.920,243.000,243.500,135.000,19.700
2016-08-21 17:00:00,6.930,186.000,385.500,71.000,20.000
2016-08-21 18:00:00,6.580,69.000,243.500,34.000,19.000
2016-08-21 19:00:00,6.310,3.000,0.000,3.000,17.400
2016-08-21 20:00:00,6.460,0.000,0.000,0.000,16.800
2016-08-21 21:00:00,6.110,0.000,0.000,0.000,16.600
2016-08-21 22:00:00,6.790,0.000,0.000,0.000,16.200
2016-08-21 23:00:00,7.050,0.000,0.000,0.000,15.800
2016-08-22 00:00:00,6.670,0.000,0.000,0.000,15.400
2016-08-22 01:00:00,6.610,0.000,0.000,0.000,15.400
2016-08-22 02:00:00,6.890,0.000,0.000,0.000,15.200
2016-08-22 03:00:00,6.720,0.000,0.000,0.000,15.100
2016-08-22 04:00:00,6.590,0.000,0.000,0.000,14.900
2016-08-22 05:00:00,6.570,13.000,61.200,9.000,14.900
2016-08-22 06:00:00,6.740,106.000,325.000,48.000,15.700
2016-08-22 07:00:00,7.160,213.000,359.000,94.000,16.800
2016-08-22 08:00:00,7.180,341.000,414.500,145.000,17.900
2016-08-22 09:00:00,6.700,384.000,293.500,210.000,19.000
2016-08-22 10:00:00,6.220,440.000,322.000,220.000,20.000
2016-08-22 11:00:00,6.440,487.000,380.800,206.000,20.500
2016-08-22 12:00:00,6.580,454.000,341.200,197.000,20.500
2016-08-22 13:00:00,6.930,320.000,144.300,215.000,20.400
2016-08-22 14:00:00,8.000,199.000,60.300,159.000,19.800
2016-08-22 15:00:00,7.500,100.000,33.600,81.000,19.000
2016-08-22 16:00:00,6.610,51.000,0.000,51.000,18.200
2016-08-22 17:00:00,6.760,26.000,0.000,26.000,17.800
2016-08-22 18:00:00,7.020,8.000,0.000,8.000,17.600
2016-08-22 19:00:00,6.560,1.000,0.000,1.000,17.600
2016-08-22 20:00:00,5.950,0.000,0.000,0.000,17.600
2016-08-22 21:00:00,5.900,0.000,0.000,0.000,17.400
2016-08-22 22:00:00,7.190,0.000,0.000,0.000,16.700
2016-08-22 23:00:00,6.410,0.000,0.000,0.000,16.500
2016-08-23 00:00:00,6.000,0.000,0.000,0.000,16.100
2016-08-23 01:00:00,6.330,0.000,0.000,0.000,16.200
2016-08-23 02:00:00,6.550,0.000,0.000,0.000,16.100
2016-08-23 03:00:00,6.450,0.000,0.000,0.000,16.200
2016-08-23 04:00:00,6.400,0.000,0.000,0.000,16.400
2016-08-23 05:00:00,6.220,8.000,15.800,7.000,16.800
2016-08-23 06:00:00,5.890,60.000,103.100,42.000,17.500
2016-08-23 07:00:00,4.540,195.000,305.100,95.000,18.500
2016-08-23 08:00:00,4.500,281.000,355.900,114.000,19.200
2016-08-23 09:00:00,3.920,330.000,375.100,109.000,19.900
2016-08-23 10:00:00,4.300,334.000,210.400,191.000,21.400
2016-08-23 11:00:00,4.060,383.000,317.400,150.000,22.300
2016-08-23 12:00:00,4.220,338.000,240.200,158.000,22.900
2016-08-23 13:00:00,3.820,273.000,160.300,157.000,23.300
2016-08-23 14:00:00,3.550,164.000,7.600,159.000,23.300
2016-08-23 15:00:00,2.780,191.000,28.500,175.000,23.800
2016-08-23 16:00:00,2.750,198.000,149.800,133.000,24.100
2016-08-23 17:00:00,2.560,167.000,308.700,78.000,23.900
2016-08-23 18:00:00,3.060,68.000,210.000,40.000,22.600
2016-08-23 19:00:00,3.520,4.000,19.100,3.000,19.800
2016-08-23 20:00:00,4.030,0.000,0.000,0.000,18.600
2016-08-23 21:00:00,4.520,0.000,0.000,0.000,17.500
2016-08-23 22:00:00,4.640,0.000,0.000,0.000,17.400
2016-08-23 23:00:00,4.880,0.000,0.000,0.000,16.900
2016-08-24 00:00:00,4.810,0.000,0.000,0.000,16.700
2016-08-24 01:00:00,4.750,0.000,0.000,0.000,16.500
2016-08-24 02:00:00,4.830,0.000,0.000,0.000,16.100
2016-08-24 03:00:00,4.950,0.000,0.000,0.000,15.900
2016-08-24 04:00:00,5.020,0.000,0.000,0.000,15.600
2016-08-24 05:00:00,4.950,12.000,65.000,8.000,15.300
2016-08-24 06:00:00,4.670,106.000,357.400,45.000,17.400
2016-08-24 07:00:00,3.620,247.000,543.200,71.000,20.400
2016-08-24 08:00:00,3.470,395.000,659.500,88.000,23.000
2016-08-24 09:00:00,3.750,528.000,730.900,100.000,25.000
2016-08-24 10:00:00,3.390,630.000,772.300,108.000,27.100
2016-08-24 11:00:00,3.840,692.000,794.100,112.000,28.500
2016-08-24 12:00:00,4.080,710.000,799.700,114.000,29.400
2016-08-24 13:00:00,4.100,681.000,792.100,111.000,30.300
2016-08-24 14:00:00,3.970,608.000,766.400,106.000,30.800
2016-08-24 15:00:00,3.840,497.000,719.500,97.000,31.100
2016-08-24 16:00:00,3.960,359.000,640.900,84.000,30.900
2016-08-24 17:00:00,4.300,210.000,515.700,64.000,30.300
2016-08-24 18:00:00,5.730,75.000,320.400,34.000,28.500
2016-08-24 19:00:00,7.020,3.000,19.100,2.000,25.900
2016-08-24 20:00:00,7.570,0.000,0.000,0.000,24.500
2016-08-24 21:00:00,7.660,0.000,0.000,0.000,23.300
2016-08-24 22:00:00,8.200,0.000,0.000,0.000,22.300
2016-08-24 23:00:00,7.990,0.000,0.000,0.000,21.500
2016-08-25 00:00:00,7.860,0.000,0.000,0.000,20.800
2016-08-25 01:00:00,7.710,0.000,0.000,0.000,20.200
2016-08-25 02:00:00,7.000,0.000,0.000,0.000,19.300
2016-08-25 03:00:00,6.370,0.000,0.000,0.000,18.500
2016-08-25 04:00:00,6.290,0.000,0.000,0.000,17.400
2016-08-25 05:00:00,6.090,11.000,67.100,7.000,17.200
2016-08-25 06:00:00,5.690,107.000,383.800,43.000,19.300
2016-08-25 07:00:00,4.160,251.000,565.200,70.000,21.900
2016-08-25 08:00:00,3.220,402.000,682.100,87.000,24.600
2016-08-25 09:00:00,2.950,537.000,752.800,99.000,26.700
2016-08-25 10:00:00,2.580,641.000,795.900,106.000,28.900
2016-08-25 11:00:00,3.700,706.000,821.700,109.000,30.400
2016-08-25 12:00:00,4.700,724.000,826.900,111.000,31.500
2016-08-25 13:00:00,5.240,695.000,819.200,109.000,32.400
2016-08-25 14:00:00,5.690,621.000,794.700,104.000,33.000
2016-08-25 15:00:00,6.160,508.000,749.300,95.000,33.200
2016-08-25 16:00:00,6.450,367.000,672.000,82.000,33.100
2016-08-25 17:00:00,6.790,214.000,543.400,63.000,32.200
2016-08-25 18:00:00,7.350,74.000,342.800,32.000,29.900
2016-08-25 19:00:00,7.860,3.000,19.100,2.000,26.700
2016-08-25 20:00:00,7.960,0.000,0.000,0.000,24.900
2016-08-25 21:00:00,7.740,0.000,0.000,0.000,23.900
2016-08-25 22:00:00,7.620,0.000,0.000,0.000,22.600
2016-08-25 23:00:00,7.130,0.000,0.000,0.000,21.500
2016-08-26 00:00:00,6.830,0.000,0.000,0.000,20.800
2016-08-26 01:00:00,6.700,0.000,0.000,0.000,20.200
2016-08-26 02:00:00,6.840,0.000,0.000,0.000,19.500
2016-08-26 03:00:00,7.160,0.000,0.000,0.000,18.900
2016-08-26 04:00:00,7.320,0.000,0.000,0.000,18.900
2016-08-26 05:00:00,7.380,11.000,69.400,7.000,18.900
2016-08-26 06:00:00,6.860,106.000,387.000,43.000,21.100
2016-08-26 07:00:00,5.660,249.000,568.900,69.000,24.000
2016-08-26 08:00:00,4.480,398.000,681.100,86.000,26.600
2016-08-26 09:00:00,3.940,531.000,749.000,98.000,28.600
2016-08-26 10:00:00,2.720,630.000,781.000,108.000,30.500
2016-08-26 11:00:00,2.480,690.000,793.000,117.000,32.100
2016-08-26 12:00:00,2.440,698.000,771.900,129.000,33.100
2016-08-26 13:00:00,2.600,670.000,773.500,120.000,33.600
2016-08-26 14:00:00,2.700,591.000,736.900,115.000,34.200
2016-08-26 15:00:00,2.880,462.000,647.900,108.000,34.400
2016-08-26 16:00:00,3.140,277.000,398.600,110.000,33.600
2016-08-26 17:00:00,4.050,166.000,366.900,66.000,32.000
2016-08-26 18:00:00,6.110,59.000,196.600,36.000,28.900
2016-08-26 19:00:00,7.620,2.000,0.000,2.000,25.700
2016-08-26 20:00:00,8.010,0.000,0.000,0.000,24.100
2016-08-26 21:00:00,7.510,0.000,0.000,0.000,23.100
2016-08-26 22:00:00,5.510,0.000,0.000,0.000,21.700
2016-08-26 23:00:00,5.000,0.000,0.000,0.000,20.900
2016-08-27 00:00:00,5.200,0.000,0.000,0.000,20.300
2016-08-27 01:00:00,3.830,0.000,0.000,0.000,19.400
2016-08-27 02:00:00,3.700,0.000,0.000,0.000,18.600
2016-08-27 03:00:00,4.390,0.000,0.000,0.000,18.300
2016-08-27 04:00:00,4.460,0.000,0.000,0.000,17.900
2016-08-27 05:00:00,4.720,8.000,36.000,6.000,17.800
2016-08-27 06:00:00,4.030,88.000,289.700,42.000,18.700
2016-08-27 07:00:00,3.750,212.000,409.600,84.000,20.400
2016-08-27 08:00:00,3.920,350.000,563.600,94.000,22.100
2016-08-27 09:00:00,3.830,431.000,546.700,117.000,23.500
2016-08-27 10:00:00,3.540,539.000,626.000,123.000,25.200
2016-08-27 11:00:00,3.270,650.000,733.300,123.000,26.800
2016-08-27 12:00:00,3.320,659.000,725.800,127.000,28.000
2016-08-27 13:00:00,3.280,624.000,706.200,125.000,28.900
2016-08-27 14:00:00,3.160,583.000,743.800,106.000,29.700
2016-08-27 15:00:00,3.540,453.000,635.400,109.000,29.700
2016-08-27 16:00:00,4.110,337.000,616.200,82.000,29.500
2016-08-27 17:00:00,4.340,189.000,467.900,64.000,28.400
2016-08-27 18:00:00,5.820,61.000,278.300,30.000,26.800
2016-08-27 19:00:00,7.500,1.000,0.000,1.000,25.000
2016-08-27 20:00:00,8.140,0.000,0.000,0.000,23.800
2016-08-27 21:00:00,8.330,0.000,0.000,0.000,23.000
2016-08-27 22:00:00,8.210,0.000,0.000,0.000,22.400
2016-08-27 23:00:00,8.100,0.000,0.000,0.000,21.900
2016-08-28 00:00:00,7.520,0.000,0.000,0.000,21.400
2016-08-28 01:00:00,6.170,0.000,0.000,0.000,21.100
2016-08-28 02:00:00,5.350,0.000,0.000,0.000,20.600
2016-08-28 03:00:00,5.240,0.000,0.000,0.000,20.400
2016-08-28 04:00:00,4.050,0.000,0.000,0.000,20.100
2016-08-28 05:00:00,0.220,8.000,37.300,6.000,19.700
2016-08-28 06:00:00,3.900,90.000,271.400,48.000,20.900
2016-08-28 07:00:00,4.080,190.000,385.600,71.000,22.900
2016-08-28 08:00:00,4.140,366.000,615.000,89.000,25.400
2016-08-28 09:00:00,4.460,504.000,697.700,106.000,27.400
2016-08-28 10:00:00,3.830,604.000,725.100,125.000,29.900
2016-08-28 11:00:00,4.580,674.000,779.500,117.000,31.700
2016-08-28 12:00:00,5.730,677.000,769.800,116.000,32.900
2016-08-28 13:00:00,7.390,656.000,769.100,116.000,33.600
2016-08-28 14:00:00,5.600,533.000,636.200,128.000,31.800
2016-08-28 15:00:00,5.990,264.000,231.200,140.000,29.600
2016-08-28 16:00:00,7.140,182.000,132.200,128.000,28.300
2016-08-28 17:00:00,8.400,143.000,259.900,75.000,26.500
2016-08-28 18:00:00,8.570,42.000,176.900,23.000,23.200
2016-08-28 19:00:00,7.260,0.000,0.000,0.000,21.700
2016-08-28 20:00:00,6.770,0.000,0.000,0.000,20.600
2016-08-28 21:00:00,6.240,0.000,0.000,0.000,19.800
2016-08-28 22:00:00,6.420,0.000,0.000,0.000,19.300
2016-08-28 23:00:00,5.720,0.000,0.000,0.000,18.600
2016-08-29 00:00:00,6.490,0.000,0.000,0.000,18.100
2016-08-29 01:00:00,7.560,0.000,0.000,0.000,17.700
2016-08-29 02:00:00,7.830,0.000,0.000,0.000,17.400
2016-08-29 03:00:00,8.050,0.000,0.000,0.000,17.400
2016-08-29 04:00:00,8.180,0.000,0.000,0.000,17.400
2016-08-29 05:00:00,8.140,4.000,19.100,3.000,17.400
2016-08-29 06:00:00,7.520,54.000,106.200,38.000,17.900
2016-08-29 07:00:00,9.650,125.000,141.100,82.000,18.300
2016-08-29 08:00:00,9.030,174.000,168.000,99.000,18.600
2016-08-29 09:00:00,7.920,294.000,294.800,127.000,18.800
2016-08-29 10:00:00,6.590,359.000,316.800,151.000,19.400
2016-08-29 11:00:00,5.690,437.000,423.700,136.000,19.900
2016-08-29 12:00:00,6.320,503.000,479.000,156.000,20.400
2016-08-29 13:00:00,6.800,404.000,361.200,152.000,20.200
2016-08-29 14:00:00,7.300,362.000,319.800,160.000,20.400
2016-08-29 15:00:00,6.790,274.000,272.900,129.000,20.000
2016-08-29 16:00:00,6.220,197.000,295.100,78.000,19.800
2016-08-29 17:00:00,5.670,112.000,226.500,54.000,19.200
2016-08-29 18:00:00,5.420,46.000,210.200,24.000,18.000
2016-08-29 19:00:00,5.620,1.000,0.000,1.000,16.500
2016-08-29 20:00:00,5.400,0.000,0.000,0.000,15.100
2016-08-29 21:00:00,5.190,0.000,0.000,0.000,13.900
2016-08-29 22:00:00,5.020,0.000,0.000,0.000,13.300
2016-08-29 23:00:00,4.170,0.000,0.000,0.000,12.500
2016-08-30 00:00:00,3.860,0.000,0.000,0.000,11.700
2016-08-30 01:00:00,3.760,0.000,0.000,0.000,10.700
2016-08-30 02:00:00,3.770,0.000,0.000,0.000,10.100
2016-08-30 03:00:00,4.200,0.000,0.000,0.000,9.600
2016-08-30 04:00:00,4.300,0.000,0.000,0.000,9.400
2016-08-30 05:00:00,4.200,6.000,19.100,5.000,9.400
2016-08-30 06:00:00,3.700,87.000,286.500,45.000,11.500
2016-08-30 07:00:00,2.600,231.000,532.100,71.000,14.200
2016-08-30 08:00:00,2.600,379.000,641.600,95.000,16.800
2016-08-30 09:00:00,2.400,506.000,700.300,112.000,18.200
2016-08-30 10:00:00,2.090,618.000,766.200,118.000,19.600
2016-08-30 11:00:00,2.280,678.000,785.800,123.000,20.700
2016-08-30 12:00:00,2.500,690.000,790.200,121.000,21.700
2016-08-30 13:00:00,2.570,635.000,701.300,149.000,22.300
2016-08-30 14:00:00,2.240,556.000,673.200,134.000,22.700
2016-08-30 15:00:00,1.860,480.000,726.000,98.000,22.900
2016-08-30 16:00:00,1.700,339.000,651.100,80.000,22.700
2016-08-30 17:00:00,1.660,184.000,495.100,60.000,22.200
2016-08-30 18:00:00,1.940,52.000,265.100,25.000,20.600
2016-08-30 19:00:00,2.040,0.000,0.000,0.000,18.100
2016-08-30 20:00:00,2.360,0.000,0.000,0.000,16.500
2016-08-30 21:00:00,2.730,0.000,0.000,0.000,14.900
2016-08-30 22:00:00,3.310,0.000,0.000,0.000,12.900
2016-08-30 23:00:00,4.160,0.000,0.000,0.000,12.100
2016-08-31 00:00:00,4.740,0.000,0.000,0.000,11.600
2016-08-31 01:00:00,4.440,0.000,0.000,0.000,11.300
2016-08-31 02:00:00,4.300,0.000,0.000,0.000,10.700
2016-08-31 03:00:00,4.200,0.000,0.000,0.000,10.500
2016-08-31 04:00:00,4.620,0.000,0.000,0.000,10.200
2016-08-31 05:00:00,4.940,5.000,19.100,4.000,10.100
2016-08-31 06:00:00,4.720,89.000,350.900,39.000,12.600
2016-08-31 07:00:00,3.620,231.000,549.300,68.000,16.100
2016-08-31 08:00:00,3.760,383.000,677.100,86.000,19.400
2016-08-31 09:00:00,4.300,520.000,751.800,100.000,21.500
2016-08-31 10:00:00,4.460,625.000,795.700,109.000,23.400
2016-08-31 11:00:00,4.200,688.000,820.500,112.000,24.700
2016-08-31 12:00:00,3.910,703.000,821.700,115.000,25.700
2016-08-31 13:00:00,3.710,666.000,794.700,119.000,26.300
2016-08-31 14:00:00,3.320,584.000,749.300,118.000,26.800
2016-08-31 15:00:00,3.300,474.000,717.900,100.000,27.000
2016-08-31 16:00:00,3.130,321.000,604.100,84.000,27.000
2016-08-31 17:00:00,2.120,161.000,404.500,62.000,26.600
2016-08-31 18:00:00,2.240,40.000,181.800,22.000,23.300
2016-08-31 19:00:00,2.500,0.000,0.000,0.000,20.800
2016-08-31 20:00:00,2.760,0.000,0.000,0.000,19.600
2016-08-31 21:00:00,4.200,0.000,0.000,0.000,18.400
2016-08-31 22:00:00,5.310,0.000,0.000,0.000,17.700
2016-08-31 23:00:00,5.030,0.000,0.000,0.000,16.700
2016-09-01 00:00:00,4.710,0.000,0.000,0.000,16.200
2016-09-01 01:00:00,4.930,0.000,0.000,0.000,15.000
2016-09-01 02:00:00,5.100,0.000,0.000,0.000,13.800
2016-09-01 03:00:00,5.200,0.000,0.000,0.000,13.200
2016-09-01 04:00:00,5.100,0.000,0.000,0.000,12.700
2016-09-01 05:00:00,4.800,4.000,19.100,3.000,12.600
2016-09-01 06:00:00,4.500,83.000,332.400,37.000,14.200
2016-09-01 07:00:00,3.110,188.000,396.300,72.000,17.200
2016-09-01 08:00:00,3.130,327.000,526.800,98.000,19.400
2016-09-01 09:00:00,4.080,477.000,634.700,125.000,21.200
2016-09-01 10:00:00,4.100,531.000,529.200,190.000,23.000
2016-09-01 11:00:00,4.430,501.000,349.700,257.000,23.500
2016-09-01 12:00:00,4.640,480.000,435.900,170.000,24.000
2016-09-01 13:00:00,4.610,381.000,326.200,158.000,24.200
2016-09-01 14:00:00,4.800,397.000,426.300,134.000,24.400
2016-09-01 15:00:00,5.660,329.000,465.400,89.000,24.200
2016-09-01 16:00:00,5.600,200.000,338.700,69.000,23.600
2016-09-01 17:00:00,5.020,79.000,133.900,47.000,22.200
2016-09-01 18:00:00,4.530,23.000,93.600,14.000,20.700
2016-09-01 19:00:00,3.910,0.000,0.000,0.000,19.000
2016-09-01 20:00:00,3.850,0.000,0.000,0.000,18.000
2016-09-01 21:00:00,3.920,0.000,0.000,0.000,16.900
2016-09-01 22:00:00,3.320,0.000,0.000,0.000,15.900
2016-09-01 23:00:00,3.240,0.000,0.000,0.000,14.900
2016-09-02 00:00:00,3.310,0.000,0.000,0.000,13.900
2016-09-02 01:00:00,3.210,0.000,0.000,0.000,12.800
2016-09-02 02:00:00,3.540,0.000,0.000,0.000,12.300
2016-09-02 03:00:00,3.900,0.000,0.000,0.000,12.000
2016-09-02 04:00:00,3.400,0.000,0.000,0.000,12.000
2016-09-02 05:00:00,3.410,4.000,19.100,3.000,11.800
2016-09-02 06:00:00,3.610,79.000,320.400,36.000,13.100
2016-09-02 07:00:00,3.820,172.000,301.400,85.000,15.600
2016-09-02 08:00:00,4.140,328.000,517.800,105.000,18.300
2016-09-02 09:00:00,4.080,427.000,523.100,139.000,20.000
2016-09-02 10:00:00,3.610,484.000,434.200,206.000,21.300
2016-09-02 11:00:00,3.380,555.000,512.000,200.000,22.200
2016-09-02 12:00:00,3.490,626.000,675.100,149.000,23.400
2016-09-02 13:00:00,3.680,626.000,720.500,137.000,24.300
2016-09-02 14:00:00,3.400,562.000,722.400,120.000,24.900
2016-09-02 15:00:00,3.260,437.000,613.300,124.000,25.100
2016-09-02 16:00:00,3.780,273.000,440.700,105.000,25.100
2016-09-02 17:00:00,3.470,145.000,325.800,69.000,24.200
2016-09-02 18:00:00,3.680,35.000,118.000,24.000,21.500
2016-09-02 19:00:00,5.020,0.000,0.000,0.000,20.400
2016-09-02 20:00:00,6.400,0.000,0.000,0.000,20.700
2016-09-02 21:00:00,6.340,0.000,0.000,0.000,20.200
2016-09-02 22:00:00,3.860,0.000,0.000,0.000,18.900
2016-09-02 23:00:00,3.260,0.000,0.000,0.000,18.000
2016-09-03 00:00:00,4.900,0.000,0.000,0.000,18.000
2016-09-03 01:00:00,5.390,0.000,0.000,0.000,17.300
2016-09-03 02:00:00,5.460,0.000,0.000,0.000,17.300
2016-09-03 03:00:00,5.440,0.000,0.000,0.000,16.900
2016-09-03 04:00:00,5.150,0.000,0.000,0.000,16.000
2016-09-03 05:00:00,5.020,3.000,0.000,3.000,15.700
2016-09-03 06:00:00,5.310,44.000,92.300,32.000,16.700
2016-09-03 07:00:00,5.000,151.000,256.600,78.000,18.200
2016-09-03 08:00:00,5.770,252.000,309.400,120.000,19.300
2016-09-03 09:00:00,5.870,363.000,323.900,186.000,20.200
2016-09-03 10:00:00,6.610,414.000,327.100,206.000,21.000
2016-09-03 11:00:00,7.060,411.000,374.400,153.000,21.700
2016-09-03 12:00:00,6.320,403.000,374.700,140.000,22.400
2016-09-03 13:00:00,5.490,368.000,320.500,152.000,22.800
2016-09-03 14:00:00,6.530,452.000,497.800,150.000,23.700
2016-09-03 15:00:00,6.230,395.000,534.700,125.000,23.700
2016-09-03 16:00:00,5.400,264.000,463.300,90.000,23.200
2016-09-03 17:00:00,4.650,131.000,312.200,60.000,22.400
2016-09-03 18:00:00,3.700,28.000,77.500,21.000,21.000
2016-09-03 19:00:00,3.060,0.000,0.000,0.000,17.900
2016-09-03 20:00:00,2.100,0.000,0.000,0.000,17.000
2016-09-03 21:00:00,2.210,0.000,0.000,0.000,16.100
2016-09-03 22:00:00,4.000,0.000,0.000,0.000,16.000
2016-09-03 23:00:00,4.680,0.000,0.000,0.000,16.100
2016-09-04 00:00:00,4.840,0.000,0.000,0.000,16.300
2016-09-04 01:00:00,5.850,0.000,0.000,0.000,16.900
2016-09-04 02:00:00,6.520,0.000,0.000,0.000,17.400
2016-09-04 03:00:00,7.260,0.000,0.000,0.000,17.500
2016-09-04 04:00:00,7.570,0.000,0.000,0.000,17.200
2016-09-04 05:00:00,8.060,0.000,0.000,0.000,16.800
2016-09-04 06:00:00,8.140,11.000,0.000,11.000,16.800
2016-09-04 07:00:00,7.820,59.000,10.700,56.000,17.300
2016-09-04 08:00:00,8.210,158.000,61.500,132.000,17.800
2016-09-04 09:00:00,8.500,301.000,204.700,190.000,18.000
2016-09-04 10:00:00,7.070,228.000,33.200,207.000,19.500
2016-09-04 11:00:00,8.510,290.000,62.800,247.000,20.200
2016-09-04 12:00:00,8.590,350.000,190.700,217.000,20.700
2016-09-04 13:00:00,8.900,302.000,183.900,179.000,19.000
2016-09-04 14:00:00,7.850,221.000,74.800,176.000,19.100
2016-09-04 15:00:00,7.860,288.000,264.300,156.000,19.200
2016-09-04 16:00:00,8.010,241.000,432.500,81.000,19.800
2016-09-04 17:00:00,7.900,108.000,252.800,52.000,18.700
2016-09-04 18:00:00,7.400,18.000,80.100,11.000,17.900
2016-09-04 19:00:00,8.410,0.000,0.000,0.000,17.100
2016-09-04 20:00:00,8.020,0.000,0.000,0.000,16.800
2016-09-04 21:00:00,7.900,0.000,0.000,0.000,16.200
2016-09-04 22:00:00,8.220,0.000,0.000,0.000,15.300
2016-09-04 23:00:00,8.240,0.000,0.000,0.000,15.300
2016-09-05 00:00:00,9.010,0.000,0.000,0.000,15.400
2016-09-05 01:00:00,9.210,0.000,0.000,0.000,15.400
2016-09-05 02:00:00,8.650,0.000,0.000,0.000,15.400
2016-09-05 03:00:00,8.260,0.000,0.000,0.000,15.300
2016-09-05 04:00:00,7.730,0.000,0.000,0.000,15.300
2016-09-05 05:00:00,7.700,1.000,0.000,1.000,15.300
2016-09-05 06:00:00,7.930,28.000,24.700,25.000,15.600
2016-09-05 07:00:00,9.340,57.000,25.300,50.000,15.800
2016-09-05 08:00:00,8.290,101.000,33.500,87.000,16.500
2016-09-05 09:00:00,7.030,208.000,105.900,151.000,17.500
2016-09-05 10:00:00,5.080,281.000,220.000,143.000,17.600
2016-09-05 11:00:00,5.020,428.000,382.300,168.000,18.600
2016-09-05 12:00:00,5.460,444.000,423.100,151.000,19.400
2016-09-05 13:00:00,5.520,460.000,498.500,129.000,19.900
2016-09-05 14:00:00,5.160,413.000,506.500,111.000,20.200
2016-09-05 15:00:00,4.530,245.000,214.600,139.000,20.300
2016-09-05 16:00:00,4.400,156.000,159.200,98.000,20.300
2016-09-05 17:00:00,3.510,88.000,157.700,54.000,20.000
2016-09-05 18:00:00,3.420,21.000,71.100,15.000,18.800
2016-09-05 19:00:00,3.620,0.000,0.000,0.000,17.500
2016-09-05 20:00:00,3.970,0.000,0.000,0.000,16.400
2016-09-05 21:00:00,3.890,0.000,0.000,0.000,15.200
2016-09-05 22:00:00,2.940,0.000,0.000,0.000,13.800
2016-09-05 23:00:00,2.280,0.000,0.000,0.000,12.800
2016-09-06 00:00:00,1.730,0.000,0.000,0.000,12.000
2016-09-06 01:00:00,1.520,0.000,0.000,0.000,11.700
2016-09-06 02:00:00,1.530,0.000,0.000,0.000,11.300
2016-09-06 03:00:00,1.800,0.000,0.000,0.000,10.600
2016-09-06 04:00:00,2.220,0.000,0.000,0.000,9.900
2016-09-06 05:00:00,2.280,2.000,0.000,2.000,10.100
2016-09-06 06:00:00,2.410,66.000,272.600,34.000,11.800
2016-09-06 07:00:00,1.700,160.000,323.400,72.000,14.500
2016-09-06 08:00:00,1.640,276.000,415.200,104.000,16.800
2016-09-06 09:00:00,1.660,414.000,485.100,155.000,18.700
2016-09-06 10:00:00,2.050,436.000,431.700,167.000,20.300
2016-09-06 11:00:00,1.920,525.000,478.100,202.000,21.400
2016-09-06 12:00:00,1.840,498.000,414.300,213.000,22.100
2016-09-06 13:00:00,1.700,492.000,453.700,193.000,23.000
2016-09-06 14:00:00,1.580,506.000,609.100,146.000,23.200
2016-09-06 15:00:00,1.560,432.000,677.500,101.000,23.600
2016-09-06 16:00:00,1.770,293.000,588.600,82.000,23.500
2016-09-06 17:00:00,2.780,147.000,443.500,54.000,22.500
2016-09-06 18:00:00,4.060,29.000,159.600,16.000,19.700
2016-09-06 19:00:00,5.090,0.000,0.000,0.000,17.500
2016-09-06 20:00:00,5.670,0.000,0.000,0.000,16.400
2016-09-06 21:00:00,5.880,0.000,0.000,0.000,15.700
2016-09-06 22:00:00,6.070,0.000,0.000,0.000,14.800
2016-09-06 23:00:00,6.080,0.000,0.000,0.000,14.300
2016-09-07 00:00:00,5.850,0.000,0.000,0.000,13.800
2016-09-07 01:00:00,5.770,0.000,0.000,0.000,13.600
2016-09-07 02:00:00,5.600,0.000,0.000,0.000,12.900
2016-09-07 03:00:00,4.900,0.000,0.000,0.000,12.000
2016-09-07 04:00:00,4.100,0.000,0.000,0.000,11.200
2016-09-07 05:00:00,3.700,1.000,0.000,1.000,10.700
2016-09-07 06:00:00,3.550,62.000,194.400,40.000,12.100
2016-09-07 07:00:00,2.750,188.000,365.700,90.000,15.200
2016-09-07 08:00:00,2.100,341.000,563.400,110.000,17.900
2016-09-07 09:00:00,2.240,485.000,704.200,112.000,20.200
2016-09-07 10:00:00,2.200,596.000,782.300,112.000,22.000
2016-09-07 11:00:00,2.480,657.000,810.700,113.000,23.400
2016-09-07 12:00:00,2.360,670.000,814.000,114.000,24.600
2016-09-07 13:00:00,2.470,634.000,801.300,110.000,25.400
2016-09-07 14:00:00,2.820,552.000,766.600,103.000,25.900
2016-09-07 15:00:00,3.090,433.000,706.000,92.000,26.000
2016-09-07 16:00:00,3.320,290.000,606.700,76.000,25.700
2016-09-07 17:00:00,3.930,141.000,436.800,52.000,24.800
2016-09-07 18:00:00,5.070,25.000,140.100,14.000,22.200
2016-09-07 19:00:00,5.880,0.000,0.000,0.000,20.100
2016-09-07 20:00:00,6.240,0.000,0.000,0.000,19.000
2016-09-07 21:00:00,6.260,0.000,0.000,0.000,17.900
2016-09-07 22:00:00,6.450,0.000,0.000,0.000,16.800
2016-09-07 23:00:00,6.100,0.000,0.000,0.000,16.100
2016-09-08 00:00:00,5.830,0.000,0.000,0.000,15.600
2016-09-08 01:00:00,5.520,0.000,0.000,0.000,15.200
2016-09-08 02:00:00,5.380,0.000,0.000,0.000,14.900
2016-09-08 03:00:00,5.310,0.000,0.000,0.000,14.700
2016-09-08 04:00:00,5.450,0.000,0.000,0.000,14.200
2016-09-08 05:00:00,5.230,1.000,0.000,1.000,14.000
2016-09-08 06:00:00,4.560,62.000,291.400,30.000,15.200
2016-09-08 07:00:00,3.330,194.000,492.800,64.000,18.100
2016-09-08 08:00:00,2.640,340.000,628.300,85.000,21.000
2016-09-08 09:00:00,2.970,473.000,713.800,98.000,23.400
2016-09-08 10:00:00,3.180,575.000,763.500,106.000,25.500
2016-09-08 11:00:00,3.670,636.000,789.300,110.000,26.800
2016-09-08 12:00:00,3.980,650.000,791.800,113.000,28.000
2016-09-08 13:00:00,4.300,614.000,773.600,112.000,28.700
2016-09-08 14:00:00,4.400,531.000,725.300,110.000,29.000
2016-09-08 15:00:00,4.110,416.000,674.500,94.000,29.000
2016-09-08 16:00:00,3.670,262.000,513.100,84.000,28.500
2016-09-08 17:00:00,3.190,131.000,404.400,51.000,27.500
2016-09-08 18:00:00,3.380,22.000,119.200,13.000,24.300
2016-09-08 19:00:00,4.180,0.000,0.000,0.000,22.400
2016-09-08 20:00:00,5.620,0.000,0.000,0.000,21.700
2016-09-08 21:00:00,6.590,0.000,0.000,0.000,21.400
2016-09-08 22:00:00,6.660,0.000,0.000,0.000,20.400
2016-09-08 23:00:00,5.460,0.000,0.000,0.000,19.500
2016-09-09 00:00:00,5.190,0.000,0.000,0.000,18.400
2016-09-09 01:00:00,5.800,0.000,0.000,0.000,17.700
2016-09-09 02:00:00,5.920,0.000,0.000,0.000,17.400
2016-09-09 03:00:00,5.700,0.000,0.000,0.000,17.200
2016-09-09 04:00:00,5.390,0.000,0.000,0.000,16.800
2016-09-09 05:00:00,5.540,1.000,0.000,1.000,17.000
2016-09-09 06:00:00,5.360,33.000,92.800,23.000,17.500
2016-09-09 07:00:00,4.750,146.000,258.100,79.000,18.000
2016-09-09 08:00:00,4.110,273.000,428.300,101.000,18.900
2016-09-09 09:00:00,3.510,412.000,545.000,128.000,20.000
2016-09-09 10:00:00,3.000,561.000,742.800,108.000,21.700
2016-09-09 11:00:00,3.510,639.000,799.400,110.000,22.900
2016-09-09 12:00:00,3.320,611.000,703.900,137.000,23.500
2016-09-09 13:00:00,3.030,584.000,688.100,141.000,24.200
2016-09-09 14:00:00,2.810,513.000,695.600,113.000,24.400
2016-09-09 15:00:00,2.330,407.000,665.500,93.000,24.500
2016-09-09 16:00:00,1.710,273.000,571.600,78.000,24.200
2016-09-09 17:00:00,1.140,130.000,417.000,50.000,23.500
2016-09-09 18:00:00,0.920,20.000,110.300,12.000,22.100
2016-09-09 19:00:00,1.610,0.000,0.000,0.000,18.600
2016-09-09 20:00:00,2.330,0.000,0.000,0.000,16.100
2016-09-09 21:00:00,2.910,0.000,0.000,0.000,15.100
2016-09-09 22:00:00,3.760,0.000,0.000,0.000,14.300
2016-09-09 23:00:00,4.660,0.000,0.000,0.000,14.100
2016-09-10 00:00:00,4.740,0.000,0.000,0.000,13.700
2016-09-10 01:00:00,4.390,0.000,0.000,0.000,13.200
2016-09-10 02:00:00,4.460,0.000,0.000,0.000,13.100
2016-09-10 03:00:00,4.550,0.000,0.000,0.000,12.900
2016-09-10 04:00:00,4.400,0.000,0.000,0.000,12.700
2016-09-10 05:00:00,4.060,0.000,0.000,0.000,12.600
2016-09-10 06:00:00,3.620,54.000,255.600,27.000,13.600
2016-09-10 07:00:00,2.830,160.000,387.700,61.000,16.400
2016-09-10 08:00:00,2.280,289.000,463.100,105.000,19.800
2016-09-10 09:00:00,2.830,409.000,570.900,114.000,22.200
2016-09-10 10:00:00,3.180,530.000,675.600,121.000,24.400
2016-09-10 11:00:00,3.470,605.000,744.200,116.000,25.800
2016-09-10 12:00:00,3.360,591.000,694.100,127.000,26.700
2016-09-10 13:00:00,3.770,475.000,512.000,148.000,27.600
2016-09-10 14:00:00,4.000,381.000,423.000,140.000,28.200
2016-09-10 15:00:00,3.650,251.000,274.500,123.000,28.200
2016-09-10 16:00:00,2.520,155.000,244.500,73.000,27.800
2016-09-10 17:00:00,1.880,78.000,188.300,43.000,26.900
2016-09-10 18:00:00,2.840,13.000,71.900,8.000,23.700
2016-09-10 19:00:00,4.550,0.000,0.000,0.000,21.900
2016-09-10 20:00:00,5.520,0.000,0.000,0.000,21.200
2016-09-10 21:00:00,5.250,0.000,0.000,0.000,20.000
2016-09-10 22:00:00,4.590,0.000,0.000,0.000,19.300
2016-09-10 23:00:00,3.910,0.000,0.000,0.000,18.400
2016-09-11 00:00:00,3.620,0.000,0.000,0.000,17.700
2016-09-11 01:00:00,4.930,0.000,0.000,0.000,17.100
2016-09-11 02:00:00,5.580,0.000,0.000,0.000,17.100
2016-09-11 03:00:00,4.620,0.000,0.000,0.000,16.800
2016-09-11 04:00:00,3.610,0.000,0.000,0.000,16.400
2016-09-11 05:00:00,3.830,0.000,0.000,0.000,15.900
2016-09-11 06:00:00,4.400,43.000,96.600,33.000,17.000
2016-09-11 07:00:00,3.520,148.000,322.600,67.000,19.400
2016-09-11 08:00:00,2.530,287.000,437.600,115.000,21.400
2016-09-11 09:00:00,2.500,361.000,402.000,155.000,23.200
2016-09-11 10:00:00,2.470,513.000,560.900,176.000,24.500
2016-09-11 11:00:00,2.140,564.000,573.200,190.000,25.500
2016-09-11 12:00:00,2.000,590.000,610.300,185.000,25.800
2016-09-11 13:00:00,2.000,543.000,566.700,184.000,26.200
2016-09-11 14:00:00,2.000,493.000,622.000,142.000,26.400
2016-09-11 15:00:00,1.900,362.000,510.200,127.000,26.400
2016-09-11 16:00:00,1.410,242.000,452.200,93.000,26.000
2016-09-11 17:00:00,1.610,107.000,272.300,58.000,24.700
2016-09-11 18:00:00,2.920,15.000,60.100,11.000,23.300
2016-09-11 19:00:00,4.160,0.000,0.000,0.000,21.100
2016-09-11 20:00:00,5.520,0.000,0.000,0.000,20.000
2016-09-11 21:00:00,6.300,0.000,0.000,0.000,17.900
2016-09-11 22:00:00,5.870,0.000,0.000,0.000,17.600
2016-09-11 23:00:00,5.910,0.000,0.000,0.000,17.100
2016-09-12 00:00:00,6.060,0.000,0.000,0.000,16.500
2016-09-12 01:00:00,6.200,0.000,0.000,0.000,16.200
2016-09-12 02:00:00,6.310,0.000,0.000,0.000,15.800
2016-09-12 03:00:00,6.140,0.000,0.000,0.000,15.800
2016-09-12 04:00:00,6.130,0.000,0.000,0.000,15.700
2016-09-12 05:00:00,5.660,0.000,0.000,0.000,15.600
2016-09-12 06:00:00,5.220,49.000,246.500,24.000,16.100
2016-09-12 07:00:00,4.120,176.000,465.900,61.000,18.800
2016-09-12 08:00:00,2.830,318.000,607.000,82.000,21.500
2016-09-12 09:00:00,2.480,447.000,689.000,97.000,24.000
2016-09-12 10:00:00,1.980,546.000,739.600,105.000,26.600
2016-09-12 11:00:00,2.130,604.000,764.300,109.000,28.700
2016-09-12 12:00:00,2.060,606.000,751.600,111.000,30.100
2016-09-12 13:00:00,2.410,539.000,678.000,113.000,31.000
2016-09-12 14:00:00,2.840,440.000,574.400,119.000,31.300
2016-09-12 15:00:00,3.380,347.000,569.400,88.000,31.300
2016-09-12 16:00:00,3.860,220.000,441.900,77.000,30.900
2016-09-12 17:00:00,4.920,104.000,327.800,47.000,29.500
2016-09-12 18:00:00,6.000,12.000,63.000,8.000,26.400
2016-09-12 19:00:00,6.820,0.000,0.000,0.000,24.500
2016-09-12 20:00:00,7.300,0.000,0.000,0.000,23.500
2016-09-12 21:00:00,7.570,0.000,0.000,0.000,22.500
2016-09-12 22:00:00,7.920,0.000,0.000,0.000,21.600
2016-09-12 23:00:00,7.490,0.000,0.000,0.000,20.700
2016-09-13 00:00:00,6.980,0.000,0.000,0.000,20.300
2016-09-13 01:00:00,6.400,0.000,0.000,0.000,19.500
2016-09-13 02:00:00,6.100,0.000,0.000,0.000,19.200
2016-09-13 03:00:00,5.920,0.000,0.000,0.000,18.700
2016-09-13 04:00:00,6.310,0.000,0.000,0.000,18.300
2016-09-13 05:00:00,6.780,0.000,0.000,0.000,18.000
2016-09-13 06:00:00,6.850,47.000,241.700,23.000,18.500
2016-09-13 07:00:00,6.310,159.000,362.800,71.000,21.200
2016-09-13 08:00:00,5.190,313.000,603.500,81.000,24.200
2016-09-13 09:00:00,5.280,443.000,691.100,95.000,26.700
2016-09-13 10:00:00,5.410,534.000,718.300,109.000,29.000
2016-09-13 11:00:00,5.720,602.000,766.900,109.000,30.600
2016-09-13 12:00:00,5.910,616.000,775.800,109.000,31.600
2016-09-13 13:00:00,5.500,574.000,751.200,106.000,32.000
2016-09-13 14:00:00,5.200,480.000,690.400,98.000,32.100
2016-09-13 15:00:00,5.480,377.000,645.700,87.000,31.900
2016-09-13 16:00:00,5.710,244.000,547.800,70.000,31.300
2016-09-13 17:00:00,6.260,107.000,369.600,45.000,29.700
2016-09-13 18:00:00,6.840,11.000,66.200,7.000,26.600
2016-09-13 19:00:00,7.020,0.000,0.000,0.000,24.600
2016-09-13 20:00:00,7.220,0.000,0.000,0.000,23.700
2016-09-13 21:00:00,7.570,0.000,0.000,0.000,22.600
2016-09-13 22:00:00,8.160,0.000,0.000,0.000,21.400
2016-09-13 23:00:00,7.930,0.000,0.000,0.000,20.600
2016-09-14 00:00:00,7.470,0.000,0.000,0.000,19.900
2016-09-14 01:00:00,6.890,0.000,0.000,0.000,19.100
2016-09-14 02:00:00,6.920,0.000,0.000,0.000,18.400
2016-09-14 03:00:00,6.950,0.000,0.000,0.000,17.600
2016-09-14 04:00:00,7.070,0.000,0.000,0.000,17.300
2016-09-14 05:00:00,6.990,0.000,0.000,0.000,16.700
2016-09-14 06:00:00,6.810,45.000,236.800,22.000,17.400
2016-09-14 07:00:00,5.950,170.000,466.000,59.000,20.000
2016-09-14 08:00:00,5.470,314.000,610.400,82.000,22.400
2016-09-14 09:00:00,5.510,443.000,697.300,95.000,24.500
2016-09-14 10:00:00,5.760,541.000,744.400,104.000,26.800
2016-09-14 11:00:00,6.460,592.000,743.000,118.000,28.600
2016-09-14 12:00:00,6.800,605.000,764.900,109.000,29.600
2016-09-14 13:00:00,6.620,575.000,757.700,107.000,30.300
2016-09-14 14:00:00,6.350,483.000,693.900,103.000,30.300
2016-09-14 15:00:00,6.090,343.000,543.700,102.000,30.100
2016-09-14 16:00:00,6.020,221.000,452.500,80.000,29.500
2016-09-14 17:00:00,6.610,85.000,266.100,42.000,28.000
2016-09-14 18:00:00,7.440,8.000,34.900,6.000,25.600
2016-09-14 19:00:00,8.330,0.000,0.000,0.000,24.300
2016-09-14 20:00:00,8.670,0.000,0.000,0.000,23.500
2016-09-14 21:00:00,8.670,0.000,0.000,0.000,22.700
2016-09-14 22:00:00,8.890,0.000,0.000,0.000,21.700
2016-09-14 23:00:00,8.510,0.000,0.000,0.000,20.900
2016-09-15 00:00:00,8.250,0.000,0.000,0.000,20.000
2016-09-15 01:00:00,8.030,0.000,0.000,0.000,19.100
2016-09-15 02:00:00,8.120,0.000,0.000,0.000,18.200
2016-09-15 03:00:00,8.260,0.000,0.000,0.000,17.600
2016-09-15 04:00:00,8.350,0.000,0.000,0.000,17.000
2016-09-15 05:00:00,8.450,0.000,0.000,0.000,16.400
2016-09-15 06:00:00,8.390,42.000,221.100,21.000,17.000
2016-09-15 07:00:00,7.750,164.000,449.000,59.000,19.100
2016-09-15 08:00:00,7.790,307.000,598.900,82.000,21.100
2016-09-15 09:00:00,7.810,439.000,695.600,95.000,23.100
2016-09-15 10:00:00,7.550,540.000,747.000,105.000,24.900
2016-09-15 11:00:00,7.400,601.000,777.200,109.000,26.000
2016-09-15 12:00:00,7.280,614.000,785.100,109.000,26.900
2016-09-15 13:00:00,7.200,579.000,772.600,106.000,27.400
2016-09-15 14:00:00,7.230,499.000,738.000,99.000,27.600
2016-09-15 15:00:00,7.320,382.000,674.400,87.000,27.400
2016-09-15 16:00:00,7.120,242.000,559.700,71.000,26.800
2016-09-15 17:00:00,6.940,100.000,373.200,42.000,25.400
2016-09-15 18:00:00,7.130,8.000,55.300,5.000,23.200
2016-09-15 19:00:00,7.510,0.000,0.000,0.000,21.400
2016-09-15 20:00:00,7.520,0.000,0.000,0.000,20.300
2016-09-15 21:00:00,7.550,0.000,0.000,0.000,19.200
2016-09-15 22:00:00,7.500,0.000,0.000,0.000,18.000
2016-09-15 23:00:00,6.840,0.000,0.000,0.000,17.300
2016-09-16 00:00:00,5.960,0.000,0.000,0.000,16.800
2016-09-16 01:00:00,4.770,0.000,0.000,0.000,16.100
2016-09-16 02:00:00,3.890,0.000,0.000,0.000,15.400
2016-09-16 03:00:00,3.240,0.000,0.000,0.000,14.800
2016-09-16 04:00:00,2.960,0.000,0.000,0.000,14.700
2016-09-16 05:00:00,4.210,0.000,0.000,0.000,14.500
2016-09-16 06:00:00,4.620,37.000,183.200,20.000,15.700
2016-09-16 07:00:00,3.500,137.000,348.600,57.000,17.700
2016-09-16 08:00:00,3.710,192.000,272.100,91.000,18.900
2016-09-16 09:00:00,3.710,297.000,371.500,115.000,19.600
2016-09-16 10:00:00,4.400,275.000,173.100,175.000,19.800
2016-09-16 11:00:00,4.400,323.000,124.200,245.000,20.300
2016-09-16 12:00:00,4.600,341.000,145.800,248.000,20.400
2016-09-16 13:00:00,4.200,321.000,201.100,199.000,20.900
2016-09-16 14:00:00,3.420,259.000,104.400,203.000,21.000
2016-09-16 15:00:00,2.530,209.000,88.100,171.000,21.100
2016-09-16 16:00:00,1.840,126.000,60.100,108.000,21.000
2016-09-16 17:00:00,2.600,67.000,134.100,47.000,19.800
2016-09-16 18:00:00,3.420,5.000,19.100,4.000,18.200
2016-09-16 19:00:00,3.970,0.000,0.000,0.000,17.500
2016-09-16 20:00:00,3.820,0.000,0.000,0.000,17.100
2016-09-16 21:00:00,3.310,0.000,0.000,0.000,16.100
2016-09-16 22:00:00,2.510,0.000,0.000,0.000,16.000
2016-09-16 23:00:00,2.150,0.000,0.000,0.000,15.800
2016-09-17 00:00:00,1.730,0.000,0.000,0.000,15.800
2016-09-17 01:00:00,2.020,0.000,0.000,0.000,15.600
2016-09-17 02:00:00,1.970,0.000,0.000,0.000,15.300
2016-09-17 03:00:00,1.990,0.000,0.000,0.000,15.000
2016-09-17 04:00:00,3.130,0.000,0.000,0.000,15.200
2016-09-17 05:00:00,3.980,0.000,0.000,0.000,15.300
2016-09-17 06:00:00,4.780,15.000,0.000,15.000,15.500
2016-09-17 07:00:00,4.810,42.000,26.700,36.000,15.900
2016-09-17 08:00:00,5.200,45.000,2.700,44.000,16.500
2016-09-17 09:00:00,5.820,43.000,0.000,43.000,16.400
2016-09-17 10:00:00,5.670,125.000,31.400,107.000,16.800
2016-09-17 11:00:00,5.330,202.000,88.300,147.000,18.000
2016-09-17 12:00:00,4.540,266.000,129.600,184.000,19.200
2016-09-17 13:00:00,4.660,298.000,156.400,204.000,19.900
2016-09-17 14:00:00,4.680,209.000,49.000,183.000,20.200
2016-09-17 15:00:00,5.130,116.000,9.400,112.000,20.200
2016-09-17 16:00:00,5.280,77.000,13.600,73.000,20.000
2016-09-17 17:00:00,5.410,39.000,35.000,34.000,19.600
2016-09-17 18:00:00,5.740,3.000,0.000,3.000,19.000
2016-09-17 19:00:00,6.220,0.000,0.000,0.000,18.500
2016-09-17 20:00:00,6.590,0.000,0.000,0.000,18.100
2016-09-17 21:00:00,6.880,0.000,0.000,0.000,17.400
2016-09-17 22:00:00,7.050,0.000,0.000,0.000,16.500
2016-09-17 23:00:00,7.220,0.000,0.000,0.000,16.000
2016-09-18 00:00:00,7.170,0.000,0.000,0.000,15.500
2016-09-18 01:00:00,7.030,0.000,0.000,0.000,14.900
2016-09-18 02:00:00,6.540,0.000,0.000,0.000,14.400
2016-09-18 03:00:00,6.660,0.000,0.000,0.000,14.100
2016-09-18 04:00:00,6.700,0.000,0.000,0.000,13.700
2016-09-18 05:00:00,6.520,0.000,0.000,0.000,13.300
2016-09-18 06:00:00,6.290,30.000,135.700,18.000,13.400
2016-09-18 07:00:00,6.810,104.000,176.800,65.000,14.400
2016-09-18 08:00:00,6.630,201.000,262.300,106.000,15.400
2016-09-18 09:00:00,6.600,268.000,241.300,152.000,16.600
2016-09-18 10:00:00,6.690,430.000,405.000,200.000,18.000
2016-09-18 11:00:00,6.130,468.000,457.900,185.000,18.900
2016-09-18 12:00:00,5.700,435.000,350.600,215.000,19.100
2016-09-18 13:00:00,5.460,503.000,550.700,175.000,19.500
2016-09-18 14:00:00,5.170,430.000,585.200,123.000,19.500
2016-09-18 15:00:00,4.950,323.000,491.200,117.000,19.300
2016-09-18 16:00:00,4.810,220.000,501.700,76.000,18.700
2016-09-18 17:00:00,4.500,81.000,293.000,41.000,17.200
2016-09-18 18:00:00,4.700,4.000,19.100,3.000,15.300
2016-09-18 19:00:00,5.100,0.000,0.000,0.000,14.200
2016-09-18 20:00:00,5.640,0.000,0.000,0.000,13.700
2016-09-18 21:00:00,5.800,0.000,0.000,0.000,13.300
2016-09-18 22:00:00,5.810,0.000,0.000,0.000,13.100
2016-09-18 23:00:00,4.880,0.000,0.000,0.000,12.700
2016-09-19 00:00:00,4.600,0.000,0.000,0.000,12.200
2016-09-19 01:00:00,4.320,0.000,0.000,0.000,12.000
2016-09-19 02:00:00,3.740,0.000,0.000,0.000,11.800
2016-09-19 03:00:00,3.710,0.000,0.000,0.000,11.500
2016-09-19 04:00:00,3.810,0.000,0.000,0.000,11.700
2016-09-19 05:00:00,4.120,0.000,0.000,0.000,11.500
2016-09-19 06:00:00,3.850,6.000,0.000,6.000,11.700
2016-09-19 07:00:00,3.420,21.000,0.000,21.000,12.400
2016-09-19 08:00:00,3.320,38.000,0.000,38.000,13.000
2016-09-19 09:00:00,3.160,87.000,0.000,87.000,13.600
2016-09-19 10:00:00,2.390,84.000,0.000,84.000,14.300
2016-09-19 11:00:00,1.880,136.000,8.200,131.000,15.100
2016-09-19 12:00:00,1.750,172.000,33.800,151.000,16.000
2016-09-19 13:00:00,1.710,225.000,78.000,179.000,16.600
2016-09-19 14:00:00,1.600,211.000,71.300,174.000,17.200
2016-09-19 15:00:00,1.550,128.000,21.800,119.000,17.400
2016-09-19 16:00:00,1.750,57.000,0.000,57.000,17.100
2016-09-19 17:00:00,2.340,20.000,15.400,18.000,16.400
2016-09-19 18:00:00,2.840,1.000,0.000,1.000,15.300
2016-09-19 19:00:00,3.110,0.000,0.000,0.000,14.600
2016-09-19 20:00:00,3.220,0.000,0.000,0.000,14.300
2016-09-19 21:00:00,3.110,0.000,0.000,0.000,13.900
2016-09-19 22:00:00,2.250,0.000,0.000,0.000,13.200
2016-09-19 23:00:00,2.480,0.000,0.000,0.000,13.000
2016-09-20 00:00:00,2.770,0.000,0.000,0.000,12.600
2016-09-20 01:00:00,2.750,0.000,0.000,0.000,12.000
2016-09-20 02:00:00,2.690,0.000,0.000,0.000,11.700
2016-09-20 03:00:00,2.850,0.000,0.000,0.000,11.600
2016-09-20 04:00:00,3.200,0.000,0.000,0.000,11.300
2016-09-20 05:00:00,3.420,0.000,0.000,0.000,11.000
2016-09-20 06:00:00,3.510,23.000,119.100,13.000,11.100
2016-09-20 07:00:00,2.910,97.000,193.700,56.000,12.000
2016-09-20 08:00:00,2.450,231.000,402.100,89.000,13.400
2016-09-20 09:00:00,2.350,321.000,371.300,146.000,15.000
2016-09-20 10:00:00,2.470,374.000,469.400,112.000,16.800
2016-09-20 11:00:00,2.500,454.000,490.400,156.000,17.500
2016-09-20 12:00:00,2.470,374.000,267.600,209.000,17.700
2016-09-20 13:00:00,2.590,346.000,202.000,228.000,17.900
2016-09-20 14:00:00,2.060,272.000,161.800,189.000,17.900
2016-09-20 15:00:00,1.940,206.000,218.600,117.000,17.900
2016-09-20 16:00:00,1.700,105.000,87.400,81.000,17.500
2016-09-20 17:00:00,0.950,35.000,32.300,31.000,16.800
2016-09-20 18:00:00,0.500,1.000,0.000,1.000,15.600
2016-09-20 19:00:00,0.510,0.000,0.000,0.000,14.400
2016-09-20 20:00:00,1.000,0.000,0.000,0.000,13.900
2016-09-20 21:00:00,1.650,0.000,0.000,0.000,13.100
2016-09-20 22:00:00,1.750,0.000,0.000,0.000,12.800
2016-09-20 23:00:00,1.900,0.000,0.000,0.000,12.300
2016-09-21 00:00:00,1.940,0.000,0.000,0.000,11.600
2016-09-21 01:00:00,1.700,0.000,0.000,0.000,11.400
2016-09-21 02:00:00,1.700,0.000,0.000,0.000,11.100
2016-09-21 03:00:00,1.920,0.000,0.000,0.000,10.300
2016-09-21 04:00:00,2.120,0.000,0.000,0.000,10.400
2016-09-21 05:00:00,2.240,0.000,0.000,0.000,10.100
2016-09-21 06:00:00,2.280,12.000,24.500,10.000,10.500
2016-09-21 07:00:00,2.150,102.000,226.800,55.000,12.200
2016-09-21 08:00:00,1.420,169.000,243.900,84.000,14.400
2016-09-21 09:00:00,1.500,290.000,370.800,117.000,16.300
2016-09-21 10:00:00,1.560,302.000,323.600,123.000,17.700
2016-09-21 11:00:00,1.440,300.000,249.000,150.000,18.300
2016-09-21 12:00:00,1.460,300.000,253.600,145.000,19.000
2016-09-21 13:00:00,1.580,293.000,280.000,131.000,19.500
2016-09-21 14:00:00,1.870,256.000,252.500,128.000,19.600
2016-09-21 15:00:00,1.940,194.000,194.500,116.000,19.400
2016-09-21 16:00:00,1.800,101.000,156.600,59.000,19.100
2016-09-21 17:00:00,2.150,37.000,136.200,21.000,17.500
2016-09-21 18:00:00,2.910,1.000,0.000,1.000,15.600
2016-09-21 19:00:00,2.970,0.000,0.000,0.000,14.200
2016-09-21 20:00:00,2.830,0.000,0.000,0.000,13.000
2016-09-21 21:00:00,2.400,0.000,0.000,0.000,12.900
2016-09-21 22:00:00,3.040,0.000,0.000,0.000,12.300
2016-09-21 23:00:00,2.970,0.000,0.000,0.000,12.000
2016-09-22 00:00:00,3.050,0.000,0.000,0.000,11.700
2016-09-22 01:00:00,3.300,0.000,0.000,0.000,11.200
2016-09-22 02:00:00,3.470,0.000,0.000,0.000,10.700
2016-09-22 03:00:00,3.200,0.000,0.000,0.000,10.300
2016-09-22 04:00:00,2.730,0.000,0.000,0.000,9.500
2016-09-22 05:00:00,2.660,0.000,0.000,0.000,9.200
2016-09-22 06:00:00,2.450,21.000,100.700,13.000,9.600
2016-09-22 07:00:00,2.010,131.000,345.300,61.000,11.700
2016-09-22 08:00:00,1.000,251.000,444.900,98.000,14.200
2016-09-22 09:00:00,0.820,374.000,586.900,103.000,16.300
2016-09-22 10:00:00,0.500,449.000,578.300,132.000,18.400
2016-09-22 11:00:00,0.450,467.000,542.500,143.000,19.500
2016-09-22 12:00:00,0.610,426.000,465.600,144.000,20.100
2016-09-22 13:00:00,0.760,330.000,310.700,152.000,20.300
2016-09-22 14:00:00,0.700,339.000,433.200,122.000,20.600
2016-09-22 15:00:00,0.630,203.000,232.900,111.000,20.500
2016-09-22 16:00:00,1.360,97.000,110.700,68.000,19.800
2016-09-22 17:00:00,2.660,39.000,45.000,34.000,17.800
2016-09-22 18:00:00,3.750,1.000,0.000,1.000,15.800
2016-09-22 19:00:00,4.390,0.000,0.000,0.000,14.900
2016-09-22 20:00:00,4.720,0.000,0.000,0.000,14.400
2016-09-22 21:00:00,4.620,0.000,0.000,0.000,13.600
2016-09-22 22:00:00,3.980,0.000,0.000,0.000,13.300
2016-09-22 23:00:00,3.820,0.000,0.000,0.000,13.100
2016-09-23 00:00:00,3.910,0.000,0.000,0.000,12.300
2016-09-23 01:00:00,4.020,0.000,0.000,0.000,12.000
2016-09-23 02:00:00,4.370,0.000,0.000,0.000,11.600
2016-09-23 03:00:00,4.850,0.000,0.000,0.000,11.000
2016-09-23 04:00:00,5.070,0.000,0.000,0.000,10.600
2016-09-23 05:00:00,5.030,0.000,0.000,0.000,10.600
2016-09-23 06:00:00,5.310,19.000,77.700,13.000,10.600
2016-09-23 07:00:00,5.070,124.000,343.100,56.000,12.800
2016-09-23 08:00:00,3.850,252.000,509.900,79.000,15.100
2016-09-23 09:00:00,3.440,354.000,529.600,112.000,17.400
2016-09-23 10:00:00,3.720,458.000,633.400,114.000,19.600
2016-09-23 11:00:00,3.900,516.000,662.200,124.000,21.000
2016-09-23 12:00:00,4.340,475.000,561.500,138.000,21.600
2016-09-23 13:00:00,4.570,468.000,631.300,110.000,21.800
2016-09-23 14:00:00,4.850,390.000,561.600,112.000,21.700
2016-09-23 15:00:00,5.490,278.000,504.100,82.000,21.400
2016-09-23 16:00:00,5.400,121.000,258.100,55.000,20.500
2016-09-23 17:00:00,5.460,43.000,167.200,25.000,19.300
2016-09-23 18:00:00,5.120,1.000,0.000,1.000,17.600
2016-09-23 19:00:00,4.920,0.000,0.000,0.000,16.100
2016-09-23 20:00:00,5.000,0.000,0.000,0.000,15.100
2016-09-23 21:00:00,4.940,0.000,0.000,0.000,14.300
2016-09-23 22:00:00,4.470,0.000,0.000,0.000,12.600
2016-09-23 23:00:00,3.810,0.000,0.000,0.000,11.200
2016-09-24 00:00:00,4.200,0.000,0.000,0.000,10.100
2016-09-24 01:00:00,4.490,0.000,0.000,0.000,9.500
2016-09-24 02:00:00,4.220,0.000,0.000,0.000,8.900
2016-09-24 03:00:00,4.460,0.000,0.000,0.000,8.100
2016-09-24 04:00:00,4.700,0.000,0.000,0.000,7.800
2016-09-24 05:00:00,4.210,0.000,0.000,0.000,7.700
2016-09-24 06:00:00,3.780,22.000,120.100,13.000,8.200
2016-09-24 07:00:00,3.140,134.000,423.500,52.000,11.300
2016-09-24 08:00:00,1.930,274.000,588.800,77.000,14.300
2016-09-24 09:00:00,2.010,389.000,657.000,92.000,16.700
2016-09-24 10:00:00,2.430,474.000,678.300,109.000,19.100
2016-09-24 11:00:00,2.910,516.000,676.700,119.000,20.500
2016-09-24 12:00:00,2.900,446.000,460.800,172.000,21.100
2016-09-24 13:00:00,2.980,340.000,174.600,242.000,21.500
2016-09-24 14:00:00,2.980,350.000,368.100,170.000,22.000
2016-09-24 15:00:00,2.760,263.000,352.800,128.000,22.100
2016-09-24 16:00:00,1.890,148.000,252.600,85.000,21.900
2016-09-24 17:00:00,2.120,54.000,249.000,28.000,19.000
2016-09-24 18:00:00,3.750,0.000,0.000,0.000,16.300
2016-09-24 19:00:00,5.230,0.000,0.000,0.000,15.300
2016-09-24 20:00:00,6.080,0.000,0.000,0.000,14.500
2016-09-24 21:00:00,6.440,0.000,0.000,0.000,13.800
2016-09-24 22:00:00,6.790,0.000,0.000,0.000,13.100
2016-09-24 23:00:00,6.580,0.000,0.000,0.000,12.700
2016-09-25 00:00:00,6.600,0.000,0.000,0.000,12.100
2016-09-25 01:00:00,6.260,0.000,0.000,0.000,11.600
2016-09-25 02:00:00,5.630,0.000,0.000,0.000,11.000
2016-09-25 03:00:00,5.350,0.000,0.000,0.000,10.600
2016-09-25 04:00:00,5.720,0.000,0.000,0.000,10.300
2016-09-25 05:00:00,5.990,0.000,0.000,0.000,9.900
2016-09-25 06:00:00,6.090,21.000,123.800,12.000,10.400
2016-09-25 07:00:00,5.830,131.000,423.100,51.000,12.700
2016-09-25 08:00:00,4.690,272.000,597.100,75.000,15.900
2016-09-25 09:00:00,5.020,400.000,693.200,90.000,18.600
2016-09-25 10:00:00,5.200,496.000,739.200,102.000,21.000
2016-09-25 11:00:00,6.220,555.000,774.000,105.000,22.300
2016-09-25 12:00:00,5.980,563.000,779.200,104.000,23.300
2016-09-25 13:00:00,5.540,524.000,761.400,101.000,24.100
2016-09-25 14:00:00,5.150,440.000,714.300,95.000,24.400
2016-09-25 15:00:00,4.900,320.000,629.600,83.000,24.300
2016-09-25 16:00:00,4.840,176.000,456.600,65.000,23.300
2016-09-25 17:00:00,5.520,49.000,187.700,30.000,21.500
2016-09-25 18:00:00,6.240,0.000,0.000,0.000,19.100
2016-09-25 19:00:00,6.320,0.000,0.000,0.000,18.000
2016-09-25 20:00:00,6.200,0.000,0.000,0.000,17.000
2016-09-25 21:00:00,6.040,0.000,0.000,0.000,16.100
2016-09-25 22:00:00,5.810,0.000,0.000,0.000,15.800
2016-09-25 23:00:00,6.800,0.000,0.000,0.000,15.500
2016-09-26 00:00:00,7.620,0.000,0.000,0.000,15.500
2016-09-26 01:00:00,7.160,0.000,0.000,0.000,15.000
2016-09-26 02:00:00,6.350,0.000,0.000,0.000,14.700
2016-09-26 03:00:00,5.960,0.000,0.000,0.000,14.300
2016-09-26 04:00:00,5.950,0.000,0.000,0.000,14.200
2016-09-26 05:00:00,5.790,0.000,0.000,0.000,14.300
2016-09-26 06:00:00,5.190,13.000,56.800,9.000,14.300
2016-09-26 07:00:00,4.610,66.000,103.000,47.000,14.900
2016-09-26 08:00:00,3.330,122.000,181.400,63.000,15.800
2016-09-26 09:00:00,2.560,171.000,122.100,117.000,16.900
2016-09-26 10:00:00,2.720,194.000,81.500,151.000,17.200
2016-09-26 11:00:00,2.510,221.000,90.300,169.000,18.000
2016-09-26 12:00:00,2.300,354.000,262.200,201.000,19.100
2016-09-26 13:00:00,2.280,249.000,172.800,154.000,19.400
2016-09-26 14:00:00,2.150,204.000,180.300,118.000,19.500
2016-09-26 15:00:00,1.790,136.000,89.100,103.000,19.600
2016-09-26 16:00:00,1.790,76.000,92.900,54.000,19.200
2016-09-26 17:00:00,1.790,24.000,81.600,16.000,18.000
2016-09-26 18:00:00,1.820,0.000,0.000,0.000,17.100
2016-09-26 19:00:00,2.200,0.000,0.000,0.000,16.100
2016-09-26 20:00:00,2.600,0.000,0.000,0.000,15.600
2016-09-26 21:00:00,2.920,0.000,0.000,0.000,15.300
2016-09-26 22:00:00,2.710,0.000,0.000,0.000,13.200
2016-09-26 23:00:00,2.940,0.000,0.000,0.000,13.500
2016-09-27 00:00:00,3.280,0.000,0.000,0.000,12.700
2016-09-27 01:00:00,3.300,0.000,0.000,0.000,12.700
2016-09-27 02:00:00,3.400,0.000,0.000,0.000,11.900
2016-09-27 03:00:00,3.450,0.000,0.000,0.000,11.100
2016-09-27 04:00:00,2.850,0.000,0.000,0.000,10.900
2016-09-27 05:00:00,2.510,0.000,0.000,0.000,10.200
2016-09-27 06:00:00,2.060,14.000,73.400,9.000,10.600
2016-09-27 07:00:00,1.660,108.000,305.700,53.000,12.400
2016-09-27 08:00:00,0.920,247.000,536.700,75.000,14.700
2016-09-27 09:00:00,1.170,372.000,630.900,96.000,16.600
2016-09-27 10:00:00,0.810,466.000,688.600,106.000,18.900
2016-09-27 11:00:00,0.760,527.000,739.400,105.000,19.800
2016-09-27 12:00:00,1.030,534.000,735.400,109.000,20.800
2016-09-27 13:00:00,1.610,467.000,617.700,131.000,21.400
2016-09-27 14:00:00,1.970,317.000,386.400,135.000,21.800
2016-09-27 15:00:00,2.370,241.000,400.900,95.000,21.700
2016-09-27 16:00:00,2.550,121.000,203.800,74.000,21.400
2016-09-27 17:00:00,3.000,42.000,189.800,24.000,18.500
2016-09-27 18:00:00,3.280,0.000,0.000,0.000,16.000
2016-09-27 19:00:00,4.110,0.000,0.000,0.000,14.700
2016-09-27 20:00:00,5.190,0.000,0.000,0.000,14.300
2016-09-27 21:00:00,5.970,0.000,0.000,0.000,14.000
2016-09-27 22:00:00,7.030,0.000,0.000,0.000,13.400
2016-09-27 23:00:00,7.090,0.000,0.000,0.000,13.200
2016-09-28 00:00:00,7.500,0.000,0.000,0.000,13.500
2016-09-28 01:00:00,8.130,0.000,0.000,0.000,13.700
2016-09-28 02:00:00,8.430,0.000,0.000,0.000,13.800
2016-09-28 03:00:00,8.660,0.000,0.000,0.000,13.700
2016-09-28 04:00:00,8.840,0.000,0.000,0.000,13.900
2016-09-28 05:00:00,8.920,0.000,0.000,0.000,14.400
2016-09-28 06:00:00,9.440,12.000,30.400,10.000,14.900
2016-09-28 07:00:00,9.880,48.000,45.600,40.000,15.900
2016-09-28 08:00:00,9.130,77.000,0.000,77.000,16.900
2016-09-28 09:00:00,9.710,134.000,37.000,118.000,17.700
2016-09-28 10:00:00,10.770,241.000,79.200,200.000,18.600
2016-09-28 11:00:00,9.560,377.000,350.200,179.000,19.500
2016-09-28 12:00:00,9.550,440.000,496.200,156.000,20.000
2016-09-28 13:00:00,9.810,393.000,429.300,162.000,20.400
2016-09-28 14:00:00,9.760,218.000,129.000,158.000,20.600
2016-09-28 15:00:00,9.210,171.000,128.500,125.000,20.800
2016-09-28 16:00:00,9.170,118.000,285.200,54.000,20.600
2016-09-28 17:00:00,9.140,28.000,87.300,20.000,20.200
2016-09-28 18:00:00,9.270,0.000,0.000,0.000,19.600
2016-09-28 19:00:00,9.360,0.000,0.000,0.000,19.200
2016-09-28 20:00:00,9.340,0.000,0.000,0.000,19.000
2016-09-28 21:00:00,9.020,0.000,0.000,0.000,18.700
2016-09-28 22:00:00,9.460,0.000,0.000,0.000,18.700
2016-09-28 23:00:00,9.050,0.000,0.000,0.000,18.500
2016-09-29 00:00:00,8.870,0.000,0.000,0.000,18.300
2016-09-29 01:00:00,9.040,0.000,0.000,0.000,18.300
2016-09-29 02:00:00,9.360,0.000,0.000,0.000,18.000
2016-09-29 03:00:00,9.360,0.000,0.000,0.000,18.000
2016-09-29 04:00:00,9.340,0.000,0.000,0.000,17.800
2016-09-29 05:00:00,9.590,0.000,0.000,0.000,17.800
2016-09-29 06:00:00,9.920,11.000,0.000,11.000,17.900
2016-09-29 07:00:00,9.920,70.000,29.300,65.000,18.400
2016-09-29 08:00:00,8.910,182.000,192.900,122.000,19.300
2016-09-29 09:00:00,9.620,282.000,229.200,184.000,20.300
2016-09-29 10:00:00,9.140,336.000,238.000,214.000,21.300
2016-09-29 11:00:00,9.400,350.000,207.100,234.000,22.000
2016-09-29 12:00:00,10.000,402.000,294.600,235.000,22.900
2016-09-29 13:00:00,10.520,388.000,328.700,213.000,23.400
2016-09-29 14:00:00,10.880,328.000,324.600,179.000,23.300
2016-09-29 15:00:00,10.870,265.000,491.600,92.000,23.100
2016-09-29 16:00:00,9.580,147.000,407.800,58.000,22.500
2016-09-29 17:00:00,9.710,31.000,158.200,17.000,21.200
2016-09-29 18:00:00,10.220,0.000,0.000,0.000,20.000
2016-09-29 19:00:00,10.660,0.000,0.000,0.000,19.100
2016-09-29 20:00:00,10.510,0.000,0.000,0.000,18.100
2016-09-29 21:00:00,10.120,0.000,0.000,0.000,17.300
2016-09-29 22:00:00,8.250,0.000,0.000,0.000,16.100
2016-09-29 23:00:00,7.840,0.000,0.000,0.000,15.500
2016-09-30 00:00:00,7.440,0.000,0.000,0.000,14.900
2016-09-30 01:00:00,6.990,0.000,0.000,0.000,14.300
2016-09-30 02:00:00,6.400,0.000,0.000,0.000,14.100
2016-09-30 03:00:00,6.350,0.000,0.000,0.000,13.900
2016-09-30 04:00:00,6.260,0.000,0.000,0.000,13.700
2016-09-30 05:00:00,6.110,0.000,0.000,0.000,13.400
2016-09-30 06:00:00,5.960,6.000,0.000,6.000,13.600
2016-09-30 07:00:00,5.840,62.000,78.200,49.000,14.000
2016-09-30 08:00:00,5.710,139.000,140.400,96.000,14.900
2016-09-30 09:00:00,5.500,201.000,125.400,148.000,15.600
2016-09-30 10:00:00,4.520,283.000,163.600,200.000,16.400
2016-09-30 11:00:00,5.510,309.000,128.000,238.000,17.200
2016-09-30 12:00:00,7.110,230.000,85.500,182.000,17.500
2016-09-30 13:00:00,7.540,246.000,140.500,172.000,17.500
2016-09-30 14:00:00,7.240,263.000,249.400,150.000,17.800
2016-09-30 15:00:00,7.310,199.000,260.200,109.000,17.500
2016-09-30 16:00:00,6.420,118.000,297.000,55.000,16.900
2016-09-30 17:00:00,5.810,31.000,175.600,16.000,15.200
2016-09-30 18:00:00,4.850,0.000,0.000,0.000,13.500
2016-09-30 19:00:00,4.330,0.000,0.000,0.000,12.700
2016-09-30 20:00:00,4.610,0.000,0.000,0.000,11.800
2016-09-30 21:00:00,4.550,0.000,0.000,0.000,10.400
2016-09-30 22:00:00,4.860,0.000,0.000,0.000,10.100
2016-09-30 23:00:00,4.740,0.000,0.000,0.000,9.800
2016-10-01 00:00:00,4.120,0.000,0.000,0.000,9.400
2016-10-01 01:00:00,3.440,0.000,0.000,0.000,9.400
2016-10-01 02:00:00,4.220,0.000,0.000,0.000,10.200
2016-10-01 03:00:00,4.600,0.000,0.000,0.000,10.500
2016-10-01 04:00:00,4.340,0.000,0.000,0.000,10.600
2016-10-01 05:00:00,4.050,0.000,0.000,0.000,10.800
2016-10-01 06:00:00,4.380,3.000,0.000,3.000,10.700
2016-10-01 07:00:00,4.390,35.000,24.800,31.000,11.000
2016-10-01 08:00:00,4.570,47.000,0.000,47.000,11.700
2016-10-01 09:00:00,4.140,73.000,0.000,73.000,12.000
2016-10-01 10:00:00,3.690,95.000,4.000,93.000,13.200
2016-10-01 11:00:00,4.120,153.000,1.800,152.000,13.800
2016-10-01 12:00:00,3.620,131.000,1.800,130.000,13.700
2016-10-01 13:00:00,3.330,114.000,3.800,112.000,13.600
2016-10-01 14:00:00,2.940,62.000,2.200,61.000,13.500
2016-10-01 15:00:00,2.300,118.000,23.500,110.000,14.000
2016-10-01 16:00:00,1.800,55.000,19.400,51.000,14.000
2016-10-01 17:00:00,1.500,10.000,0.000,10.000,13.800
2016-10-01 18:00:00,1.940,0.000,0.000,0.000,13.300
2016-10-01 19:00:00,2.860,0.000,0.000,0.000,13.300
2016-10-01 20:00:00,2.900,0.000,0.000,0.000,12.900
2016-10-01 21:00:00,3.910,0.000,0.000,0.000,12.200
2016-10-01 22:00:00,5.590,0.000,0.000,0.000,11.200
2016-10-01 23:00:00,5.600,0.000,0.000,0.000,11.200
2016-10-02 00:00:00,5.450,0.000,0.000,0.000,11.500
2016-10-02 01:00:00,6.560,0.000,0.000,0.000,11.600
2016-10-02 02:00:00,6.840,0.000,0.000,0.000,11.200
2016-10-02 03:00:00,6.560,0.000,0.000,0.000,11.100
2016-10-02 04:00:00,6.360,0.000,0.000,0.000,11.000
2016-10-02 05:00:00,6.270,0.000,0.000,0.000,10.700
2016-10-02 06:00:00,5.880,8.000,35.300,6.000,10.700
2016-10-02 07:00:00,5.590,72.000,133.800,51.000,11.400
2016-10-02 08:00:00,5.030,188.000,380.800,75.000,12.700
2016-10-02 09:00:00,4.960,217.000,264.100,108.000,13.700
2016-10-02 10:00:00,4.780,280.000,301.800,130.000,14.400
2016-10-02 11:00:00,4.000,451.000,615.900,116.000,15.300
2016-10-02 12:00:00,4.120,426.000,572.700,111.000,15.500
2016-10-02 13:00:00,4.050,453.000,654.400,116.000,16.000
2016-10-02 14:00:00,4.870,333.000,489.500,117.000,15.800
2016-10-02 15:00:00,7.060,193.000,263.600,105.000,13.400
2016-10-02 16:00:00,5.020,87.000,160.100,55.000,12.100
2016-10-02 17:00:00,4.550,19.000,88.400,12.000,11.700
2016-10-02 18:00:00,4.520,0.000,0.000,0.000,11.000
2016-10-02 19:00:00,4.710,0.000,0.000,0.000,10.800
2016-10-02 20:00:00,4.740,0.000,0.000,0.000,11.000
2016-10-02 21:00:00,4.600,0.000,0.000,0.000,10.900
2016-10-02 22:00:00,3.630,0.000,0.000,0.000,11.200
2016-10-02 23:00:00,3.230,0.000,0.000,0.000,11.100
2016-10-03 00:00:00,2.300,0.000,0.000,0.000,10.700
2016-10-03 01:00:00,1.260,0.000,0.000,0.000,11.500
2016-10-03 02:00:00,3.720,0.000,0.000,0.000,10.600
2016-10-03 03:00:00,4.400,0.000,0.000,0.000,9.400
2016-10-03 04:00:00,4.650,0.000,0.000,0.000,9.200
2016-10-03 05:00:00,4.800,0.000,0.000,0.000,9.300
2016-10-03 06:00:00,4.640,7.000,18.400,6.000,9.300
2016-10-03 07:00:00,4.190,39.000,32.800,34.000,9.800
2016-10-03 08:00:00,4.400,96.000,68.500,76.000,10.600
2016-10-03 09:00:00,4.200,202.000,139.800,145.000,11.500
2016-10-03 10:00:00,4.470,350.000,341.600,182.000,12.900
2016-10-03 11:00:00,4.100,342.000,299.000,181.000,13.700
2016-10-03 12:00:00,3.820,343.000,306.800,176.000,14.400
2016-10-03 13:00:00,3.750,358.000,390.800,159.000,15.200
2016-10-03 14:00:00,3.440,270.000,227.400,171.000,15.300
2016-10-03 15:00:00,3.100,177.000,207.500,109.000,14.900
2016-10-03 16:00:00,2.940,95.000,170.300,62.000,14.600
2016-10-03 17:00:00,4.000,19.000,105.200,11.000,12.900
2016-10-03 18:00:00,4.740,0.000,0.000,0.000,11.700
2016-10-03 19:00:00,5.460,0.000,0.000,0.000,11.500
2016-10-03 20:00:00,5.690,0.000,0.000,0.000,11.400
2016-10-03 21:00:00,5.900,0.000,0.000,0.000,11.300
2016-10-03 22:00:00,6.210,0.000,0.000,0.000,11.800
2016-10-03 23:00:00,6.070,0.000,0.000,0.000,12.100
2016-10-04 00:00:00,6.900,0.000,0.000,0.000,12.100
2016-10-04 01:00:00,7.630,0.000,0.000,0.000,12.300
2016-10-04 02:00:00,8.090,0.000,0.000,0.000,12.400
2016-10-04 03:00:00,8.140,0.000,0.000,0.000,12.100
2016-10-04 04:00:00,7.860,0.000,0.000,0.000,11.800
2016-10-04 05:00:00,7.570,0.000,0.000,0.000,11.500
2016-10-04 06:00:00,7.580,5.000,19.100,4.000,11.300
2016-10-04 07:00:00,7.250,52.000,67.700,42.000,11.700
2016-10-04 08:00:00,8.320,116.000,135.800,77.000,12.800
2016-10-04 09:00:00,8.500,272.000,392.300,114.000,13.600
2016-10-04 10:00:00,7.160,240.000,182.900,151.000,14.200
2016-10-04 11:00:00,6.800,273.000,195.100,169.000,14.900
2016-10-04 12:00:00,6.500,327.000,246.900,194.000,15.500
2016-10-04 13:00:00,6.600,343.000,335.800,174.000,16.000
2016-10-04 14:00:00,6.800,297.000,361.100,142.000,16.200
2016-10-04 15:00:00,7.060,224.000,363.800,107.000,15.900
2016-10-04 16:00:00,6.970,107.000,250.500,60.000,15.000
2016-10-04 17:00:00,7.620,16.000,68.600,11.000,13.500
2016-10-04 18:00:00,8.180,0.000,0.000,0.000,12.400
2016-10-04 19:00:00,8.630,0.000,0.000,0.000,11.700
2016-10-04 20:00:00,8.680,0.000,0.000,0.000,11.100
2016-10-04 21:00:00,8.680,0.000,0.000,0.000,10.300
2016-10-04 22:00:00,8.780,0.000,0.000,0.000,9.200
2016-10-04 23:00:00,8.100,0.000,0.000,0.000,8.600
2016-10-05 00:00:00,7.190,0.000,0.000,0.000,8.000
2016-10-05 01:00:00,6.170,0.000,0.000,0.000,7.100
2016-10-05 02:00:00,5.940,0.000,0.000,0.000,6.400
2016-10-05 03:00:00,6.030,0.000,0.000,0.000,5.500
2016-10-05 04:00:00,6.220,0.000,0.000,0.000,5.300
2016-10-05 05:00:00,6.250,0.000,0.000,0.000,5.100
2016-10-05 06:00:00,6.320,6.000,38.200,4.000,5.100
2016-10-05 07:00:00,6.160,81.000,251.900,45.000,7.000
2016-10-05 08:00:00,5.470,181.000,393.300,70.000,8.800
2016-10-05 09:00:00,8.560,246.000,347.000,108.000,10.500
2016-10-05 10:00:00,6.720,303.000,349.000,135.000,11.700
2016-10-05 11:00:00,7.080,347.000,384.900,144.000,12.400
2016-10-05 12:00:00,7.480,357.000,369.600,160.000,13.000
2016-10-05 13:00:00,7.020,217.000,122.600,156.000,12.900
2016-10-05 14:00:00,7.270,190.000,174.800,116.000,12.400
2016-10-05 15:00:00,7.750,189.000,269.500,104.000,12.100
2016-10-05 16:00:00,6.940,98.000,231.500,56.000,11.500
2016-10-05 17:00:00,6.980,15.000,57.300,11.000,10.500
2016-10-05 18:00:00,7.070,0.000,0.000,0.000,9.600
2016-10-05 19:00:00,7.220,0.000,0.000,0.000,9.100
2016-10-05 20:00:00,7.410,0.000,0.000,0.000,9.000
2016-10-05 21:00:00,7.490,0.000,0.000,0.000,9.000
2016-10-05 22:00:00,7.860,0.000,0.000,0.000,8.900
2016-10-05 23:00:00,8.080,0.000,0.000,0.000,9.000
2016-10-06 00:00:00,7.860,0.000,0.000,0.000,8.900
2016-10-06 01:00:00,7.500,0.000,0.000,0.000,8.700
2016-10-06 02:00:00,7.650,0.000,0.000,0.000,8.500
2016-10-06 03:00:00,7.730,0.000,0.000,0.000,8.600
2016-10-06 04:00:00,7.860,0.000,0.000,0.000,8.700
2016-10-06 05:00:00,8.260,0.000,0.000,0.000,8.800
2016-10-06 06:00:00,8.600,1.000,0.000,1.000,8.700
2016-10-06 07:00:00,8.810,7.000,0.000,7.000,8.800
2016-10-06 08:00:00,9.040,25.000,0.000,25.000,9.400
2016-10-06 09:00:00,8.590,48.000,5.100,46.000,10.200
2016-10-06 10:00:00,9.620,74.000,6.300,71.000,10.400
2016-10-06 11:00:00,8.590,110.000,7.700,106.000,11.300
2016-10-06 12:00:00,8.900,105.000,9.500,100.000,11.800
2016-10-06 13:00:00,9.780,102.000,14.200,95.000,11.700
2016-10-06 14:00:00,9.540,58.000,0.000,58.000,11.300
2016-10-06 15:00:00,8.720,33.000,0.000,33.000,11.200
2016-10-06 16:00:00,8.230,19.000,0.000,19.000,11.200
2016-10-06 17:00:00,8.280,3.000,0.000,3.000,11.200
2016-10-06 18:00:00,8.100,0.000,0.000,0.000,11.100
2016-10-06 19:00:00,7.690,0.000,0.000,0.000,11.100
2016-10-06 20:00:00,7.290,0.000,0.000,0.000,11.100
2016-10-06 21:00:00,6.950,0.000,0.000,0.000,11.100
2016-10-06 22:00:00,6.760,0.000,0.000,0.000,11.100
2016-10-06 23:00:00,6.800,0.000,0.000,0.000,11.100
2016-10-07 00:00:00,7.080,0.000,0.000,0.000,11.000
2016-10-07 01:00:00,7.070,0.000,0.000,0.000,10.900
2016-10-07 02:00:00,6.690,0.000,0.000,0.000,10.800
2016-10-07 03:00:00,6.350,0.000,0.000,0.000,10.700
2016-10-07 04:00:00,6.130,0.000,0.000,0.000,10.700
2016-10-07 05:00:00,6.040,0.000,0.000,0.000,10.500
2016-10-07 06:00:00,5.600,1.000,0.000,1.000,10.500
2016-10-07 07:00:00,5.380,21.000,22.500,18.000,10.700
2016-10-07 08:00:00,5.230,48.000,11.000,45.000,11.000
2016-10-07 09:00:00,5.320,159.000,160.000,97.000,11.600
2016-10-07 10:00:00,4.160,153.000,80.700,115.000,12.300
2016-10-07 11:00:00,4.900,285.000,292.400,134.000,13.000
2016-10-07 12:00:00,5.590,350.000,444.900,118.000,13.800
2016-10-07 13:00:00,5.660,216.000,164.800,136.000,13.700
2016-10-07 14:00:00,6.150,180.000,199.500,98.000,13.600
2016-10-07 15:00:00,5.320,134.000,148.400,89.000,13.400
2016-10-07 16:00:00,5.200,59.000,112.400,40.000,12.800
2016-10-07 17:00:00,5.480,7.000,15.700,6.000,12.000
2016-10-07 18:00:00,5.610,0.000,0.000,0.000,11.600
2016-10-07 19:00:00,6.240,0.000,0.000,0.000,11.100
2016-10-07 20:00:00,7.000,0.000,0.000,0.000,10.800
2016-10-07 21:00:00,6.950,0.000,0.000,0.000,10.200
2016-10-07 22:00:00,5.750,0.000,0.000,0.000,9.600
2016-10-07 23:00:00,5.160,0.000,0.000,0.000,9.200
2016-10-08 00:00:00,4.960,0.000,0.000,0.000,8.500
2016-10-08 01:00:00,5.160,0.000,0.000,0.000,8.200
2016-10-08 02:00:00,5.240,0.000,0.000,0.000,7.500
2016-10-08 03:00:00,5.470,0.000,0.000,0.000,7.100
2016-10-08 04:00:00,5.570,0.000,0.000,0.000,7.000
2016-10-08 05:00:00,5.380,0.000,0.000,0.000,6.900
2016-10-08 06:00:00,5.350,3.000,0.000,3.000,7.200
2016-10-08 07:00:00,5.330,62.000,194.100,37.000,7.600
2016-10-08 08:00:00,4.940,171.000,358.800,75.000,8.700
2016-10-08 09:00:00,5.220,230.000,313.800,110.000,9.700
2016-10-08 10:00:00,4.440,308.000,404.000,120.000,10.700
2016-10-08 11:00:00,4.330,344.000,385.700,147.000,11.500
2016-10-08 12:00:00,4.100,293.000,298.600,139.000,11.400
2016-10-08 13:00:00,3.810,290.000,281.500,155.000,11.700
2016-10-08 14:00:00,3.770,269.000,375.300,117.000,11.900
2016-10-08 15:00:00,3.930,196.000,373.700,85.000,11.300
2016-10-08 16:00:00,4.710,71.000,165.700,44.000,10.400
2016-10-08 17:00:00,5.050,8.000,33.100,6.000,9.700
2016-10-08 18:00:00,4.610,0.000,0.000,0.000,9.200
2016-10-08 19:00:00,4.610,0.000,0.000,0.000,8.300
2016-10-08 20:00:00,4.740,0.000,0.000,0.000,7.700
2016-10-08 21:00:00,4.610,0.000,0.000,0.000,6.800
2016-10-08 22:00:00,4.590,0.000,0.000,0.000,6.600
2016-10-08 23:00:00,4.700,0.000,0.000,0.000,5.800
2016-10-09 00:00:00,4.800,0.000,0.000,0.000,5.200
2016-10-09 01:00:00,4.460,0.000,0.000,0.000,4.300
2016-10-09 02:00:00,4.480,0.000,0.000,0.000,4.300
2016-10-09 03:00:00,4.690,0.000,0.000,0.000,4.500
2016-10-09 04:00:00,4.690,0.000,0.000,0.000,4.500
2016-10-09 05:00:00,4.600,0.000,0.000,0.000,4.500
2016-10-09 06:00:00,4.390,2.000,0.000,2.000,5.100
2016-10-09 07:00:00,4.280,44.000,120.900,29.000,5.700
2016-10-09 08:00:00,3.910,88.000,114.200,58.000,6.400
2016-10-09 09:00:00,3.910,109.000,50.400,90.000,7.200
2016-10-09 10:00:00,3.540,96.000,4.300,94.000,8.000
2016-10-09 11:00:00,3.320,106.000,5.900,103.000,8.600
2016-10-09 12:00:00,3.160,162.000,27.500,148.000,9.300
2016-10-09 13:00:00,3.110,162.000,59.100,134.000,9.800
2016-10-09 14:00:00,3.040,133.000,50.100,113.000,9.600
2016-10-09 15:00:00,3.350,90.000,55.000,74.000,9.500
2016-10-09 16:00:00,3.040,56.000,38.300,50.000,9.100
2016-10-09 17:00:00,3.010,6.000,17.500,5.000,7.900
2016-10-09 18:00:00,2.930,0.000,0.000,0.000,8.000
2016-10-09 19:00:00,2.630,0.000,0.000,0.000,7.800
2016-10-09 20:00:00,2.240,0.000,0.000,0.000,7.800
2016-10-09 21:00:00,1.770,0.000,0.000,0.000,7.400
2016-10-09 22:00:00,1.460,0.000,0.000,0.000,8.000
2016-10-09 23:00:00,1.300,0.000,0.000,0.000,7.800
2016-10-10 00:00:00,1.300,0.000,0.000,0.000,6.300
2016-10-10 01:00:00,1.300,0.000,0.000,0.000,6.100
2016-10-10 02:00:00,1.100,0.000,0.000,0.000,6.200
2016-10-10 03:00:00,0.760,0.000,0.000,0.000,6.200
2016-10-10 04:00:00,0.710,0.000,0.000,0.000,6.200
2016-10-10 05:00:00,0.500,0.000,0.000,0.000,6.300
2016-10-10 06:00:00,0.220,1.000,0.000,1.000,6.300
2016-10-10 07:00:00,0.360,26.000,33.500,22.000,6.600
2016-10-10 08:00:00,0.280,88.000,42.700,77.000,6.700
2016-10-10 09:00:00,0.450,121.000,53.800,101.000,7.700
2016-10-10 10:00:00,0.580,201.000,169.400,124.000,9.300
2016-10-10 11:00:00,0.300,202.000,132.100,136.000,9.700
2016-10-10 12:00:00,0.200,263.000,204.300,160.000,10.400
2016-10-10 13:00:00,1.000,358.000,449.000,148.000,11.000
2016-10-10 14:00:00,1.340,300.000,496.300,105.000,11.200
2016-10-10 15:00:00,1.430,196.000,414.300,78.000,11.100
2016-10-10 16:00:00,1.880,79.000,252.100,41.000,10.200
2016-10-10 17:00:00,2.470,5.000,18.500,4.000,10.000
2016-10-10 18:00:00,2.920,0.000,0.000,0.000,8.400
2016-10-10 19:00:00,3.080,0.000,0.000,0.000,6.500
2016-10-10 20:00:00,2.970,0.000,0.000,0.000,5.600
2016-10-10 21:00:00,2.750,0.000,0.000,0.000,5.400
2016-10-10 22:00:00,2.680,0.000,0.000,0.000,5.700
2016-10-10 23:00:00,1.700,0.000,0.000,0.000,5.700
2016-10-11 00:00:00,1.580,0.000,0.000,0.000,5.500
2016-10-11 01:00:00,1.900,0.000,0.000,0.000,5.900
2016-10-11 02:00:00,1.900,0.000,0.000,0.000,6.000
2016-10-11 03:00:00,1.550,0.000,0.000,0.000,6.200
2016-10-11 04:00:00,1.620,0.000,0.000,0.000,6.200
2016-10-11 05:00:00,1.860,0.000,0.000,0.000,6.500
2016-10-11 06:00:00,1.790,1.000,0.000,1.000,6.400
2016-10-11 07:00:00,1.600,44.000,113.400,31.000,6.700
2016-10-11 08:00:00,1.500,79.000,83.100,58.000,7.500
2016-10-11 09:00:00,2.100,84.000,16.400,78.000,8.600
2016-10-11 10:00:00,1.550,113.000,8.900,109.000,9.400
2016-10-11 11:00:00,2.310,90.000,4.000,88.000,9.700
2016-10-11 12:00:00,3.040,89.000,6.000,86.000,9.800
2016-10-11 13:00:00,3.610,116.000,2.200,115.000,9.800
2016-10-11 14:00:00,3.650,122.000,25.800,112.000,10.100
2016-10-11 15:00:00,4.030,71.000,21.500,65.000,9.800
2016-10-11 16:00:00,4.470,27.000,6.900,26.000,9.500
2016-10-11 17:00:00,5.330,1.000,0.000,1.000,9.200
2016-10-11 18:00:00,6.370,0.000,0.000,0.000,8.800
2016-10-11 19:00:00,7.140,0.000,0.000,0.000,8.400
2016-10-11 20:00:00,7.160,0.000,0.000,0.000,8.100
2016-10-11 21:00:00,6.860,0.000,0.000,0.000,7.900
2016-10-11 22:00:00,6.710,0.000,0.000,0.000,7.600
2016-10-11 23:00:00,6.440,0.000,0.000,0.000,7.500
2016-10-12 00:00:00,5.900,0.000,0.000,0.000,7.400
2016-10-12 01:00:00,5.770,0.000,0.000,0.000,7.200
2016-10-12 02:00:00,5.690,0.000,0.000,0.000,7.200
2016-10-12 03:00:00,5.660,0.000,0.000,0.000,7.200
2016-10-12 04:00:00,5.660,0.000,0.000,0.000,7.100
2016-10-12 05:00:00,5.580,0.000,0.000,0.000,7.200
2016-10-12 06:00:00,5.560,0.000,0.000,0.000,7.200
2016-10-12 07:00:00,6.900,14.000,0.000,14.000,7.200
2016-10-12 08:00:00,7.340,45.000,0.000,45.000,7.400
2016-10-12 09:00:00,6.530,78.000,2.800,77.000,7.600
2016-10-12 10:00:00,5.480,121.000,2.300,120.000,8.100
2016-10-12 11:00:00,5.410,97.000,0.000,97.000,8.100
2016-10-12 12:00:00,5.440,80.000,0.000,80.000,8.200
2016-10-12 13:00:00,6.200,68.000,0.000,68.000,8.100
2016-10-12 14:00:00,6.170,59.000,0.000,59.000,8.100
2016-10-12 15:00:00,5.950,61.000,3.700,60.000,8.200
2016-10-12 16:00:00,6.150,22.000,0.000,22.000,8.100
2016-10-12 17:00:00,6.260,2.000,0.000,2.000,8.000
2016-10-12 18:00:00,6.150,0.000,0.000,0.000,7.900
2016-10-12 19:00:00,6.140,0.000,0.000,0.000,7.800
2016-10-12 20:00:00,6.020,0.000,0.000,0.000,7.300
2016-10-12 21:00:00,6.000,0.000,0.000,0.000,7.300
2016-10-12 22:00:00,5.910,0.000,0.000,0.000,7.600
2016-10-12 23:00:00,5.770,0.000,0.000,0.000,7.500
2016-10-13 00:00:00,5.850,0.000,0.000,0.000,7.400
2016-10-13 01:00:00,6.360,0.000,0.000,0.000,7.300
2016-10-13 02:00:00,6.480,0.000,0.000,0.000,7.400
2016-10-13 03:00:00,6.040,0.000,0.000,0.000,7.400
2016-10-13 04:00:00,6.530,0.000,0.000,0.000,7.400
2016-10-13 05:00:00,6.770,0.000,0.000,0.000,7.500
2016-10-13 06:00:00,7.280,0.000,0.000,0.000,7.700
2016-10-13 07:00:00,8.120,14.000,0.000,14.000,8.000
2016-10-13 08:00:00,8.100,39.000,0.000,39.000,8.300
2016-10-13 09:00:00,7.940,65.000,0.000,65.000,8.300
2016-10-13 10:00:00,8.290,97.000,13.700,91.000,8.900
2016-10-13 11:00:00,8.290,129.000,14.500,122.000,9.000
2016-10-13 12:00:00,7.820,154.000,41.100,134.000,9.100
2016-10-13 13:00:00,7.800,87.000,2.200,86.000,8.800
2016-10-13 14:00:00,8.000,61.000,2.700,60.000,8.400
2016-10-13 15:00:00,8.000,42.000,0.000,42.000,8.200
2016-10-13 16:00:00,7.800,20.000,0.000,20.000,7.700
2016-10-13 17:00:00,7.600,1.000,0.000,1.000,7.500
2016-10-13 18:00:00,8.000,0.000,0.000,0.000,7.300
2016-10-13 19:00:00,8.100,0.000,0.000,0.000,7.200
2016-10-13 20:00:00,8.100,0.000,0.000,0.000,7.200
2016-10-13 21:00:00,8.200,0.000,0.000,0.000,7.100
2016-10-13 22:00:00,7.740,0.000,0.000,0.000,6.900
2016-10-13 23:00:00,8.140,0.000,0.000,0.000,6.800
2016-10-14 00:00:00,8.500,0.000,0.000,0.000,6.800
2016-10-14 01:00:00,8.860,0.000,0.000,0.000,6.800
2016-10-14 02:00:00,8.530,0.000,0.000,0.000,6.700
2016-10-14 03:00:00,8.680,0.000,0.000,0.000,6.700
2016-10-14 04:00:00,8.600,0.000,0.000,0.000,6.600
2016-10-14 05:00:00,8.730,0.000,0.000,0.000,6.500
2016-10-14 06:00:00,8.510,1.000,0.000,1.000,6.500
2016-10-14 07:00:00,8.260,30.000,0.000,30.000,6.600
2016-10-14 08:00:00,8.870,93.000,75.700,75.000,6.900
2016-10-14 09:00:00,9.290,160.000,93.900,127.000,7.500
2016-10-14 10:00:00,8.920,224.000,157.000,156.000,8.200
2016-10-14 11:00:00,9.170,340.000,341.600,177.000,9.200
2016-10-14 12:00:00,8.900,330.000,365.900,154.000,10.000
2016-10-14 13:00:00,8.900,310.000,371.600,145.000,10.300
2016-10-14 14:00:00,9.300,227.000,279.200,124.000,10.400
2016-10-14 15:00:00,9.400,147.000,141.900,110.000,10.300
2016-10-14 16:00:00,9.080,58.000,102.500,45.000,10.000
2016-10-14 17:00:00,9.520,3.000,0.000,3.000,9.700
2016-10-14 18:00:00,9.890,0.000,0.000,0.000,9.600
2016-10-14 19:00:00,9.930,0.000,0.000,0.000,9.400
2016-10-14 20:00:00,9.400,0.000,0.000,0.000,9.300
2016-10-14 21:00:00,8.940,0.000,0.000,0.000,9.100
2016-10-14 22:00:00,8.560,0.000,0.000,0.000,8.900
2016-10-14 23:00:00,8.860,0.000,0.000,0.000,8.800
2016-10-15 00:00:00,8.580,0.000,0.000,0.000,8.500
2016-10-15 01:00:00,8.610,0.000,0.000,0.000,8.600
2016-10-15 02:00:00,8.990,0.000,0.000,0.000,8.100
2016-10-15 03:00:00,8.210,0.000,0.000,0.000,7.900
2016-10-15 04:00:00,7.690,0.000,0.000,0.000,7.900
2016-10-15 05:00:00,7.070,0.000,0.000,0.000,7.900
2016-10-15 06:00:00,6.570,0.000,0.000,0.000,7.600
2016-10-15 07:00:00,6.190,42.000,99.700,32.000,7.600
2016-10-15 08:00:00,5.220,122.000,223.200,70.000,8.300
2016-10-15 09:00:00,4.240,152.000,132.900,106.000,9.200
2016-10-15 10:00:00,3.470,179.000,156.700,112.000,10.800
2016-10-15 11:00:00,3.040,141.000,86.900,100.000,11.500
2016-10-15 12:00:00,3.200,167.000,86.300,126.000,12.500
2016-10-15 13:00:00,3.280,91.000,25.100,80.000,13.000
2016-10-15 14:00:00,3.850,83.000,38.600,69.000,13.500
2016-10-15 15:00:00,4.300,41.000,0.000,41.000,13.300
2016-10-15 16:00:00,4.530,18.000,0.000,18.000,13.200
2016-10-15 17:00:00,4.810,1.000,0.000,1.000,12.700
2016-10-15 18:00:00,4.880,0.000,0.000,0.000,12.400
2016-10-15 19:00:00,4.780,0.000,0.000,0.000,12.100
2016-10-15 20:00:00,4.240,0.000,0.000,0.000,11.700
2016-10-15 21:00:00,3.910,0.000,0.000,0.000,10.900
2016-10-15 22:00:00,3.920,0.000,0.000,0.000,11.900
2016-10-15 23:00:00,3.400,0.000,0.000,0.000,11.600
2016-10-16 00:00:00,2.690,0.000,0.000,0.000,11.200
2016-10-16 01:00:00,2.830,0.000,0.000,0.000,10.800
2016-10-16 02:00:00,2.620,0.000,0.000,0.000,10.000
2016-10-16 03:00:00,2.620,0.000,0.000,0.000,9.700
2016-10-16 04:00:00,2.880,0.000,0.000,0.000,8.900
2016-10-16 05:00:00,2.860,0.000,0.000,0.000,8.000
2016-10-16 06:00:00,2.820,0.000,0.000,0.000,8.300
2016-10-16 07:00:00,2.820,45.000,204.600,25.000,8.600
2016-10-16 08:00:00,2.500,141.000,355.200,60.000,10.300
2016-10-16 09:00:00,1.970,261.000,533.600,79.000,12.200
2016-10-16 10:00:00,2.940,346.000,566.000,107.000,14.300
2016-10-16 11:00:00,3.720,381.000,600.700,101.000,15.500
2016-10-16 12:00:00,4.030,334.000,376.900,157.000,16.300
2016-10-16 13:00:00,4.130,296.000,446.300,103.000,16.900
2016-10-16 14:00:00,4.040,201.000,308.000,91.000,16.900
2016-10-16 15:00:00,4.380,169.000,389.600,72.000,16.800
2016-10-16 16:00:00,5.150,66.000,286.600,33.000,15.500
2016-10-16 17:00:00,6.450,2.000,0.000,2.000,13.800
2016-10-16 18:00:00,7.150,0.000,0.000,0.000,13.000
2016-10-16 19:00:00,7.430,0.000,0.000,0.000,12.400
2016-10-16 20:00:00,7.520,0.000,0.000,0.000,11.800
2016-10-16 21:00:00,7.720,0.000,0.000,0.000,11.500
2016-10-16 22:00:00,7.770,0.000,0.000,0.000,11.300
2016-10-16 23:00:00,7.600,0.000,0.000,0.000,11.000
2016-10-17 00:00:00,7.180,0.000,0.000,0.000,10.900
2016-10-17 01:00:00,6.810,0.000,0.000,0.000,10.500
2016-10-17 02:00:00,7.100,0.000,0.000,0.000,10.100
2016-10-17 03:00:00,6.940,0.000,0.000,0.000,10.000
2016-10-17 04:00:00,6.800,0.000,0.000,0.000,9.900
2016-10-17 05:00:00,6.810,0.000,0.000,0.000,10.000
2016-10-17 06:00:00,6.590,0.000,0.000,0.000,10.000
2016-10-17 07:00:00,6.150,25.000,10.500,24.000,10.100
2016-10-17 08:00:00,5.420,86.000,17.900,82.000,10.800
2016-10-17 09:00:00,4.740,159.000,59.500,139.000,11.700
2016-10-17 10:00:00,4.660,245.000,151.100,182.000,12.700
2016-10-17 11:00:00,5.000,338.000,336.500,183.000,13.800
2016-10-17 12:00:00,4.400,356.000,413.900,164.000,14.500
2016-10-17 13:00:00,3.420,320.000,386.700,155.000,15.100
2016-10-17 14:00:00,2.420,221.000,264.700,128.000,15.300
2016-10-17 15:00:00,1.970,72.000,41.100,62.000,15.100
2016-10-17 16:00:00,2.010,18.000,9.100,17.000,14.700
2016-10-17 17:00:00,2.120,1.000,0.000,1.000,13.500
2016-10-17 18:00:00,2.560,0.000,0.000,0.000,12.700
2016-10-17 19:00:00,3.040,0.000,0.000,0.000,12.200
2016-10-17 20:00:00,3.770,0.000,0.000,0.000,12.100
2016-10-17 21:00:00,4.470,0.000,0.000,0.000,11.800
2016-10-17 22:00:00,3.010,0.000,0.000,0.000,11.600
2016-10-17 23:00:00,3.570,0.000,0.000,0.000,11.200
2016-10-18 00:00:00,3.700,0.000,0.000,0.000,11.300
2016-10-18 01:00:00,4.610,0.000,0.000,0.000,10.900
2016-10-18 02:00:00,4.700,0.000,0.000,0.000,11.100
2016-10-18 03:00:00,4.520,0.000,0.000,0.000,10.800
2016-10-18 04:00:00,4.610,0.000,0.000,0.000,10.400
2016-10-18 05:00:00,4.660,0.000,0.000,0.000,10.000
2016-10-18 06:00:00,4.640,0.000,0.000,0.000,9.400
2016-10-18 07:00:00,4.240,32.000,97.000,23.000,9.700
2016-10-18 08:00:00,3.560,111.000,132.900,82.000,11.200
2016-10-18 09:00:00,3.940,206.000,238.800,127.000,12.400
2016-10-18 10:00:00,4.030,291.000,369.300,139.000,13.300
2016-10-18 11:00:00,4.430,304.000,347.200,146.000,14.300
2016-10-18 12:00:00,4.570,339.000,405.900,153.000,15.200
2016-10-18 13:00:00,5.060,293.000,365.800,139.000,15.300
2016-10-18 14:00:00,5.590,228.000,347.200,108.000,15.200
2016-10-18 15:00:00,5.050,101.000,109.500,75.000,14.200
2016-10-18 16:00:00,5.610,34.000,9.600,33.000,13.300
2016-10-18 17:00:00,6.200,1.000,0.000,1.000,12.800
2016-10-18 18:00:00,6.480,0.000,0.000,0.000,12.500
2016-10-18 19:00:00,6.720,0.000,0.000,0.000,12.300
2016-10-18 20:00:00,6.890,0.000,0.000,0.000,12.000
2016-10-18 21:00:00,6.870,0.000,0.000,0.000,11.300
2016-10-18 22:00:00,6.440,0.000,0.000,0.000,10.900
2016-10-18 23:00:00,6.240,0.000,0.000,0.000,10.200
2016-10-19 00:00:00,5.650,0.000,0.000,0.000,9.500
2016-10-19 01:00:00,5.570,0.000,0.000,0.000,8.600
2016-10-19 02:00:00,5.280,0.000,0.000,0.000,7.700
2016-10-19 03:00:00,5.190,0.000,0.000,0.000,7.400
2016-10-19 04:00:00,5.320,0.000,0.000,0.000,7.000
2016-10-19 05:00:00,5.800,0.000,0.000,0.000,7.000
2016-10-19 06:00:00,5.470,0.000,0.000,0.000,7.500
2016-10-19 07:00:00,5.740,19.000,22.200,17.000,7.700
2016-10-19 08:00:00,6.470,81.000,79.700,64.000,8.000
2016-10-19 09:00:00,5.390,181.000,294.700,85.000,8.300
2016-10-19 10:00:00,3.850,252.000,339.600,114.000,8.600
2016-10-19 11:00:00,3.380,323.000,420.300,134.000,9.500
2016-10-19 12:00:00,4.010,314.000,302.600,177.000,9.900
2016-10-19 13:00:00,4.560,206.000,178.200,132.000,9.600
2016-10-19 14:00:00,5.320,121.000,155.900,68.000,8.500
2016-10-19 15:00:00,5.760,83.000,129.400,53.000,7.900
2016-10-19 16:00:00,6.280,23.000,39.700,19.000,7.500
2016-10-19 17:00:00,6.490,0.000,0.000,0.000,7.300
2016-10-19 18:00:00,5.730,0.000,0.000,0.000,7.200
2016-10-19 19:00:00,5.820,0.000,0.000,0.000,7.100
2016-10-19 20:00:00,5.610,0.000,0.000,0.000,7.200
2016-10-19 21:00:00,5.410,0.000,0.000,0.000,7.100
2016-10-19 22:00:00,6.290,0.000,0.000,0.000,7.100
2016-10-19 23:00:00,5.840,0.000,0.000,0.000,7.000
2016-10-20 00:00:00,6.120,0.000,0.000,0.000,6.900
2016-10-20 01:00:00,5.750,0.000,0.000,0.000,6.700
2016-10-20 02:00:00,5.570,0.000,0.000,0.000,6.600
2016-10-20 03:00:00,6.080,0.000,0.000,0.000,6.500
2016-10-20 04:00:00,6.220,0.000,0.000,0.000,6.400
2016-10-20 05:00:00,5.810,0.000,0.000,0.000,6.400
2016-10-20 06:00:00,4.900,0.000,0.000,0.000,6.300
2016-10-20 07:00:00,4.030,7.000,0.000,7.000,6.300
2016-10-20 08:00:00,3.060,32.000,14.400,29.000,6.500
2016-10-20 09:00:00,2.270,65.000,53.000,48.000,6.800
2016-10-20 10:00:00,1.390,98.000,89.800,62.000,7.200
2016-10-20 11:00:00,2.200,129.000,101.300,84.000,7.700
2016-10-20 12:00:00,1.600,149.000,120.800,95.000,8.100
2016-10-20 13:00:00,0.950,230.000,334.400,93.000,8.700
2016-10-20 14:00:00,1.000,131.000,119.600,91.000,8.600
2016-10-20 15:00:00,1.910,118.000,207.700,71.000,8.700
2016-10-20 16:00:00,2.710,42.000,143.200,28.000,8.000
2016-10-20 17:00:00,3.440,0.000,0.000,0.000,7.900
2016-10-20 18:00:00,3.960,0.000,0.000,0.000,7.200
2016-10-20 19:00:00,4.380,0.000,0.000,0.000,7.100
2016-10-20 20:00:00,4.600,0.000,0.000,0.000,7.300
2016-10-20 21:00:00,4.610,0.000,0.000,0.000,6.600
2016-10-20 22:00:00,4.390,0.000,0.000,0.000,6.100
2016-10-20 23:00:00,3.940,0.000,0.000,0.000,6.000
2016-10-21 00:00:00,3.960,0.000,0.000,0.000,5.800
2016-10-21 01:00:00,4.010,0.000,0.000,0.000,5.600
2016-10-21 02:00:00,3.610,0.000,0.000,0.000,5.600
2016-10-21 03:00:00,3.400,0.000,0.000,0.000,5.800
2016-10-21 04:00:00,3.740,0.000,0.000,0.000,5.900
2016-10-21 05:00:00,4.470,0.000,0.000,0.000,6.100
2016-10-21 06:00:00,4.940,0.000,0.000,0.000,6.200
2016-10-21 07:00:00,4.890,8.000,0.000,8.000,6.400
2016-10-21 08:00:00,4.920,35.000,4.900,34.000,6.500
2016-10-21 09:00:00,4.660,47.000,0.000,47.000,6.700
2016-10-21 10:00:00,3.830,58.000,2.500,57.000,7.400
2016-10-21 11:00:00,4.360,73.000,9.100,69.000,7.400
2016-10-21 12:00:00,4.920,73.000,13.600,67.000,7.500
2016-10-21 13:00:00,4.680,57.000,0.000,57.000,7.700
2016-10-21 14:00:00,4.330,49.000,6.100,47.000,7.600
2016-10-21 15:00:00,3.910,31.000,9.100,29.000,7.700
2016-10-21 16:00:00,3.790,12.000,10.500,11.000,7.700
2016-10-21 17:00:00,2.960,0.000,0.000,0.000,7.500
2016-10-21 18:00:00,2.400,0.000,0.000,0.000,7.300
2016-10-21 19:00:00,2.020,0.000,0.000,0.000,7.400
2016-10-21 20:00:00,1.550,0.000,0.000,0.000,7.400
2016-10-21 21:00:00,1.250,0.000,0.000,0.000,7.200
2016-10-21 22:00:00,1.620,0.000,0.000,0.000,7.000
2016-10-21 23:00:00,1.860,0.000,0.000,0.000,6.900
2016-10-22 00:00:00,2.310,0.000,0.000,0.000,6.900
2016-10-22 01:00:00,2.300,0.000,0.000,0.000,6.700
2016-10-22 02:00:00,2.330,0.000,0.000,0.000,6.500
2016-10-22 03:00:00,3.140,0.000,0.000,0.000,6.300
2016-10-22 04:00:00,3.450,0.000,0.000,0.000,6.500
2016-10-22 05:00:00,3.230,0.000,0.000,0.000,6.500
2016-10-22 06:00:00,3.000,0.000,0.000,0.000,6.400
2016-10-22 07:00:00,2.560,12.000,24.200,10.000,6.400
2016-10-22 08:00:00,3.180,51.000,5.000,50.000,6.700
2016-10-22 09:00:00,2.970,121.000,58.000,103.000,7.100
2016-10-22 10:00:00,1.750,219.000,299.500,102.000,8.100
2016-10-22 11:00:00,1.640,166.000,94.600,125.000,8.500
2016-10-22 12:00:00,1.270,119.000,4.600,117.000,8.600
2016-10-22 13:00:00,0.670,121.000,50.200,101.000,8.600
2016-10-22 14:00:00,0.800,106.000,49.500,90.000,8.700
2016-10-22 15:00:00,1.350,85.000,185.700,45.000,8.600
2016-10-22 16:00:00,1.860,25.000,65.100,19.000,7.800
2016-10-22 17:00:00,1.920,0.000,0.000,0.000,7.000
2016-10-22 18:00:00,2.250,0.000,0.000,0.000,6.500
2016-10-22 19:00:00,2.400,0.000,0.000,0.000,5.900
2016-10-22 20:00:00,2.550,0.000,0.000,0.000,5.300
2016-10-22 21:00:00,2.730,0.000,0.000,0.000,4.700
2016-10-22 22:00:00,2.720,0.000,0.000,0.000,5.800
2016-10-22 23:00:00,2.520,0.000,0.000,0.000,5.600
2016-10-23 00:00:00,2.420,0.000,0.000,0.000,5.000
2016-10-23 01:00:00,3.040,0.000,0.000,0.000,5.400
2016-10-23 02:00:00,3.560,0.000,0.000,0.000,5.500
2016-10-23 03:00:00,3.450,0.000,0.000,0.000,4.800
2016-10-23 04:00:00,3.200,0.000,0.000,0.000,5.500
2016-10-23 05:00:00,3.010,0.000,0.000,0.000,5.300
2016-10-23 06:00:00,2.620,0.000,0.000,0.000,4.800
2016-10-23 07:00:00,2.310,23.000,87.200,16.000,5.100
2016-10-23 08:00:00,2.010,104.000,190.900,67.000,5.800
2016-10-23 09:00:00,2.220,216.000,396.100,95.000,6.800
2016-10-23 10:00:00,3.400,300.000,459.300,123.000,7.800
2016-10-23 11:00:00,3.610,348.000,548.900,113.000,8.900
2016-10-23 12:00:00,3.820,325.000,496.800,111.000,9.600
2016-10-23 13:00:00,3.540,244.000,305.200,124.000,9.800
2016-10-23 14:00:00,3.360,148.000,160.400,97.000,9.700
2016-10-23 15:00:00,4.220,87.000,161.900,53.000,9.300
2016-10-23 16:00:00,5.350,31.000,145.600,18.000,8.400
2016-10-23 17:00:00,5.780,0.000,0.000,0.000,7.000
2016-10-23 18:00:00,5.740,0.000,0.000,0.000,6.400
2016-10-23 19:00:00,5.480,0.000,0.000,0.000,6.300
2016-10-23 20:00:00,5.360,0.000,0.000,0.000,6.000
2016-10-23 21:00:00,5.210,0.000,0.000,0.000,5.500
2016-10-23 22:00:00,4.850,0.000,0.000,0.000,5.100
2016-10-23 23:00:00,4.790,0.000,0.000,0.000,4.900
2016-10-24 00:00:00,4.200,0.000,0.000,0.000,4.700
2016-10-24 01:00:00,4.670,0.000,0.000,0.000,4.600
2016-10-24 02:00:00,5.320,0.000,0.000,0.000,4.800
2016-10-24 03:00:00,5.220,0.000,0.000,0.000,4.900
2016-10-24 04:00:00,5.710,0.000,0.000,0.000,5.200
2016-10-24 05:00:00,5.530,0.000,0.000,0.000,5.300
2016-10-24 06:00:00,5.800,0.000,0.000,0.000,5.200
2016-10-24 07:00:00,5.420,24.000,64.300,19.000,5.300
2016-10-24 08:00:00,4.700,98.000,142.900,71.000,5.800
2016-10-24 09:00:00,4.300,129.000,66.600,109.000,6.300
2016-10-24 10:00:00,5.040,145.000,23.700,136.000,6.600
2016-10-24 11:00:00,5.320,170.000,14.200,164.000,7.200
2016-10-24 12:00:00,5.150,145.000,23.500,135.000,7.500
2016-10-24 13:00:00,5.540,110.000,5.200,108.000,7.600
2016-10-24 14:00:00,6.770,77.000,6.400,75.000,7.500
2016-10-24 15:00:00,6.910,52.000,0.000,52.000,7.400
2016-10-24 16:00:00,6.440,8.000,0.000,8.000,7.400
2016-10-24 17:00:00,6.300,0.000,0.000,0.000,7.400
2016-10-24 18:00:00,6.220,0.000,0.000,0.000,7.300
2016-10-24 19:00:00,5.640,0.000,0.000,0.000,7.400
2016-10-24 20:00:00,5.800,0.000,0.000,0.000,7.500
2016-10-24 21:00:00,5.000,0.000,0.000,0.000,7.600
2016-10-24 22:00:00,4.260,0.000,0.000,0.000,7.600
2016-10-24 23:00:00,4.030,0.000,0.000,0.000,7.600
2016-10-25 00:00:00,3.130,0.000,0.000,0.000,7.600
2016-10-25 01:00:00,4.390,0.000,0.000,0.000,7.600
2016-10-25 02:00:00,3.020,0.000,0.000,0.000,7.700
2016-10-25 03:00:00,4.000,0.000,0.000,0.000,7.800
2016-10-25 04:00:00,3.940,0.000,0.000,0.000,7.800
2016-10-25 05:00:00,3.380,0.000,0.000,0.000,7.900
2016-10-25 06:00:00,2.950,0.000,0.000,0.000,7.800
2016-10-25 07:00:00,2.020,5.000,26.600,3.000,7.600
2016-10-25 08:00:00,1.560,14.000,0.000,14.000,7.700
2016-10-25 09:00:00,2.780,18.000,0.000,18.000,7.700
2016-10-25 10:00:00,3.480,46.000,2.700,45.000,8.100
2016-10-25 11:00:00,3.470,43.000,14.400,37.000,8.100
2016-10-25 12:00:00,2.640,70.000,21.400,61.000,8.600
2016-10-25 13:00:00,3.100,67.000,60.200,44.000,8.800
2016-10-25 14:00:00,3.790,52.000,32.600,42.000,8.900
2016-10-25 15:00:00,2.690,42.000,20.100,38.000,9.100
2016-10-25 16:00:00,1.910,10.000,11.900,9.000,8.600
2016-10-25 17:00:00,2.600,0.000,0.000,0.000,8.100
2016-10-25 18:00:00,3.690,0.000,0.000,0.000,7.400
2016-10-25 19:00:00,3.670,0.000,0.000,0.000,6.500
2016-10-25 20:00:00,2.690,0.000,0.000,0.000,5.000
2016-10-25 21:00:00,2.080,0.000,0.000,0.000,4.300
2016-10-25 22:00:00,0.710,0.000,0.000,0.000,4.100
2016-10-25 23:00:00,0.710,0.000,0.000,0.000,3.900
2016-10-26 00:00:00,0.630,0.000,0.000,0.000,3.300
2016-10-26 01:00:00,1.060,0.000,0.000,0.000,2.500
2016-10-26 02:00:00,1.240,0.000,0.000,0.000,2.600
2016-10-26 03:00:00,1.630,0.000,0.000,0.000,2.900
2016-10-26 04:00:00,1.920,0.000,0.000,0.000,2.500
2016-10-26 05:00:00,1.800,0.000,0.000,0.000,2.400
2016-10-26 06:00:00,2.080,0.000,0.000,0.000,2.400
2016-10-26 07:00:00,2.690,12.000,0.000,12.000,3.300
2016-10-26 08:00:00,2.920,52.000,11.200,50.000,4.400
2016-10-26 09:00:00,2.160,97.000,10.300,94.000,5.800
2016-10-26 10:00:00,1.800,125.000,24.300,116.000,6.300
2016-10-26 11:00:00,1.800,146.000,48.500,126.000,7.500
2016-10-26 12:00:00,1.820,178.000,67.600,150.000,8.400
2016-10-26 13:00:00,1.920,111.000,42.500,95.000,8.900
2016-10-26 14:00:00,1.440,100.000,39.800,88.000,9.100
2016-10-26 15:00:00,1.000,62.000,51.600,52.000,9.000
2016-10-26 16:00:00,0.780,16.000,37.000,13.000,8.500
2016-10-26 17:00:00,0.890,0.000,0.000,0.000,8.100
2016-10-26 18:00:00,1.660,0.000,0.000,0.000,7.300
2016-10-26 19:00:00,2.330,0.000,0.000,0.000,7.400
2016-10-26 20:00:00,3.360,0.000,0.000,0.000,6.800
2016-10-26 21:00:00,4.340,0.000,0.000,0.000,6.600
2016-10-26 22:00:00,4.570,0.000,0.000,0.000,6.900
2016-10-26 23:00:00,5.460,0.000,0.000,0.000,7.300
2016-10-27 00:00:00,5.970,0.000,0.000,0.000,7.400
2016-10-27 01:00:00,6.300,0.000,0.000,0.000,7.800
2016-10-27 02:00:00,6.550,0.000,0.000,0.000,8.400
2016-10-27 03:00:00,6.830,0.000,0.000,0.000,8.900
2016-10-27 04:00:00,6.890,0.000,0.000,0.000,9.300
2016-10-27 05:00:00,6.910,0.000,0.000,0.000,9.700
2016-10-27 06:00:00,6.800,0.000,0.000,0.000,9.800
2016-10-27 07:00:00,6.580,8.000,14.200,7.000,10.000
2016-10-27 08:00:00,6.560,37.000,17.200,34.000,10.500
2016-10-27 09:00:00,6.220,81.000,17.500,76.000,10.900
2016-10-27 10:00:00,5.700,98.000,35.700,85.000,11.400
2016-10-27 11:00:00,6.210,116.000,19.700,108.000,12.000
2016-10-27 12:00:00,6.530,161.000,85.600,126.000,12.300
2016-10-27 13:00:00,6.240,80.000,8.100,77.000,12.500
2016-10-27 14:00:00,6.400,92.000,10.100,89.000,12.800
2016-10-27 15:00:00,5.850,48.000,21.200,44.000,12.700
2016-10-27 16:00:00,6.040,12.000,0.000,12.000,12.300
2016-10-27 17:00:00,6.110,0.000,0.000,0.000,11.600
2016-10-27 18:00:00,6.520,0.000,0.000,0.000,11.100
2016-10-27 19:00:00,6.660,0.000,0.000,0.000,10.800
2016-10-27 20:00:00,6.960,0.000,0.000,0.000,10.800
2016-10-27 21:00:00,7.380,0.000,0.000,0.000,10.600
2016-10-27 22:00:00,8.010,0.000,0.000,0.000,11.000
2016-10-27 23:00:00,7.960,0.000,0.000,0.000,11.100
2016-10-28 00:00:00,7.880,0.000,0.000,0.000,10.900
2016-10-28 01:00:00,8.290,0.000,0.000,0.000,10.900
2016-10-28 02:00:00,8.410,0.000,0.000,0.000,11.100
2016-10-28 03:00:00,8.510,0.000,0.000,0.000,11.400
2016-10-28 04:00:00,8.730,0.000,0.000,0.000,11.600
2016-10-28 05:00:00,9.010,0.000,0.000,0.000,11.800
2016-10-28 06:00:00,9.270,0.000,0.000,0.000,11.900
2016-10-28 07:00:00,9.680,3.000,0.000,3.000,12.000
2016-10-28 08:00:00,9.690,13.000,0.000,13.000,12.300
2016-10-28 09:00:00,9.690,35.000,0.000,35.000,12.500
2016-10-28 10:00:00,9.530,40.000,0.000,40.000,12.500
2016-10-28 11:00:00,9.370,52.000,0.000,52.000,12.500
2016-10-28 12:00:00,9.200,31.000,0.000,31.000,12.400
2016-10-28 13:00:00,9.060,22.000,0.000,22.000,12.500
2016-10-28 14:00:00,8.880,13.000,0.000,13.000,12.600
2016-10-28 15:00:00,8.810,9.000,0.000,9.000,12.800
2016-10-28 16:00:00,8.500,4.000,0.000,4.000,12.900
2016-10-28 17:00:00,7.910,0.000,0.000,0.000,12.600
2016-10-28 18:00:00,7.400,0.000,0.000,0.000,12.300
2016-10-28 19:00:00,6.650,0.000,0.000,0.000,11.900
2016-10-28 20:00:00,6.460,0.000,0.000,0.000,11.500
2016-10-28 21:00:00,6.170,0.000,0.000,0.000,11.000
2016-10-28 22:00:00,5.760,0.000,0.000,0.000,10.700
2016-10-28 23:00:00,6.070,0.000,0.000,0.000,10.100
2016-10-29 00:00:00,6.490,0.000,0.000,0.000,9.600
2016-10-29 01:00:00,6.620,0.000,0.000,0.000,9.000
2016-10-29 02:00:00,6.140,0.000,0.000,0.000,9.000
2016-10-29 03:00:00,6.450,0.000,0.000,0.000,8.400
2016-10-29 04:00:00,6.640,0.000,0.000,0.000,8.200
2016-10-29 05:00:00,6.660,0.000,0.000,0.000,7.800
2016-10-29 06:00:00,6.820,0.000,0.000,0.000,7.800
2016-10-29 07:00:00,6.690,9.000,30.600,7.000,8.000
2016-10-29 08:00:00,6.770,50.000,54.700,41.000,8.800
2016-10-29 09:00:00,6.310,110.000,127.200,75.000,9.500
2016-10-29 10:00:00,6.240,142.000,110.200,103.000,10.600
2016-10-29 11:00:00,6.240,205.000,186.800,131.000,11.600
2016-10-29 12:00:00,6.590,274.000,406.700,112.000,12.300
2016-10-29 13:00:00,7.730,207.000,277.200,107.000,12.400
2016-10-29 14:00:00,7.870,191.000,409.500,74.000,12.500
2016-10-29 15:00:00,7.120,89.000,246.600,45.000,12.100
2016-10-29 16:00:00,6.990,20.000,109.700,12.000,11.100
2016-10-29 17:00:00,6.890,0.000,0.000,0.000,10.000
2016-10-29 18:00:00,6.580,0.000,0.000,0.000,9.300
2016-10-29 19:00:00,6.280,0.000,0.000,0.000,8.700
2016-10-29 20:00:00,6.200,0.000,0.000,0.000,8.500
2016-10-29 21:00:00,6.240,0.000,0.000,0.000,8.400
2016-10-29 22:00:00,6.610,0.000,0.000,0.000,8.400
2016-10-29 23:00:00,6.180,0.000,0.000,0.000,8.800
2016-10-30 00:00:00,6.000,0.000,0.000,0.000,9.000
2016-10-30 01:00:00,6.200,0.000,0.000,0.000,8.900
2016-10-30 02:00:00,6.430,0.000,0.000,0.000,8.900
2016-10-30 03:00:00,6.500,0.000,0.000,0.000,8.800
2016-10-30 04:00:00,6.280,0.000,0.000,0.000,8.800
2016-10-30 05:00:00,6.330,0.000,0.000,0.000,8.800
2016-10-30 06:00:00,5.890,0.000,0.000,0.000,8.700
2016-10-30 07:00:00,5.360,5.000,0.000,5.000,8.600
2016-10-30 08:00:00,5.510,31.000,6.300,30.000,8.800
2016-10-30 09:00:00,4.690,56.000,11.100,53.000,9.500
2016-10-30 10:00:00,4.700,114.000,65.900,91.000,10.600
2016-10-30 11:00:00,4.390,146.000,84.400,113.000,11.500
2016-10-30 12:00:00,4.520,152.000,86.500,118.000,12.000
2016-10-30 13:00:00,4.430,129.000,92.800,96.000,12.200
2016-10-30 14:00:00,4.750,89.000,46.300,76.000,12.200
2016-10-30 15:00:00,3.720,43.000,28.800,38.000,12.000
2016-10-30 16:00:00,3.700,9.000,28.400,7.000,11.600
2016-10-30 17:00:00,3.810,0.000,0.000,0.000,10.900
2016-10-30 18:00:00,4.000,0.000,0.000,0.000,10.500
2016-10-30 19:00:00,3.740,0.000,0.000,0.000,10.400
2016-10-30 20:00:00,3.300,0.000,0.000,0.000,10.100
2016-10-30 21:00:00,3.010,0.000,0.000,0.000,10.100
2016-10-30 22:00:00,3.240,0.000,0.000,0.000,10.100
2016-10-30 23:00:00,3.200,0.000,0.000,0.000,10.100
2016-10-31 00:00:00,3.750,0.000,0.000,0.000,10.000
2016-10-31 01:00:00,3.540,0.000,0.000,0.000,9.900
2016-10-31 02:00:00,3.440,0.000,0.000,0.000,9.800
2016-10-31 03:00:00,3.520,0.000,0.000,0.000,9.500
2016-10-31 04:00:00,3.620,0.000,0.000,0.000,9.700
2016-10-31 05:00:00,3.450,0.000,0.000,0.000,9.800
2016-10-31 06:00:00,3.510,0.000,0.000,0.000,9.800
2016-10-31 07:00:00,3.760,3.000,0.000,3.000,9.900
2016-10-31 08:00:00,4.250,24.000,12.900,22.000,10.300
2016-10-31 09:00:00,3.860,48.000,7.500,46.000,10.700
2016-10-31 10:00:00,3.790,66.000,40.700,52.000,11.100
2016-10-31 11:00:00,3.570,71.000,13.000,66.000,11.400
2016-10-31 12:00:00,3.370,75.000,46.400,57.000,11.700
2016-10-31 13:00:00,3.080,75.000,5.700,73.000,11.900
2016-10-31 14:00:00,3.350,46.000,7.300,44.000,12.000
2016-10-31 15:00:00,3.540,29.000,17.800,26.000,12.000
2016-10-31 16:00:00,3.620,5.000,0.000,5.000,11.600
2016-10-31 17:00:00,3.610,0.000,0.000,0.000,11.200
2016-10-31 18:00:00,3.110,0.000,0.000,0.000,11.000
2016-10-31 19:00:00,3.070,0.000,0.000,0.000,10.700
2016-10-31 20:00:00,3.350,0.000,0.000,0.000,10.200
2016-10-31 21:00:00,3.580,0.000,0.000,0.000,9.700
2016-10-31 22:00:00,3.310,0.000,0.000,0.000,9.400
2016-10-31 23:00:00,3.610,0.000,0.000,0.000,9.200
2016-11-01 00:00:00,4.260,0.000,0.000,0.000,8.300
2016-11-01 01:00:00,4.380,0.000,0.000,0.000,8.200
2016-11-01 02:00:00,4.530,0.000,0.000,0.000,7.800
2016-11-01 03:00:00,4.880,0.000,0.000,0.000,7.700
2016-11-01 04:00:00,5.320,0.000,0.000,0.000,7.700
2016-11-01 05:00:00,5.610,0.000,0.000,0.000,7.600
2016-11-01 06:00:00,5.920,0.000,0.000,0.000,7.600
2016-11-01 07:00:00,6.480,12.000,69.000,8.000,7.900
2016-11-01 08:00:00,6.930,86.000,239.700,50.000,8.500
2016-11-01 09:00:00,6.180,166.000,342.200,77.000,9.400
2016-11-01 10:00:00,6.410,196.000,277.600,102.000,10.500
2016-11-01 11:00:00,6.510,200.000,212.900,119.000,11.300
2016-11-01 12:00:00,6.790,158.000,83.600,126.000,11.600
2016-11-01 13:00:00,7.200,102.000,20.300,95.000,11.500
2016-11-01 14:00:00,7.760,64.000,11.100,61.000,11.600
2016-11-01 15:00:00,6.220,28.000,12.200,26.000,11.400
2016-11-01 16:00:00,6.320,3.000,0.000,3.000,11.000
2016-11-01 17:00:00,6.720,0.000,0.000,0.000,10.500
2016-11-01 18:00:00,6.730,0.000,0.000,0.000,9.700
2016-11-01 19:00:00,6.220,0.000,0.000,0.000,8.900
2016-11-01 20:00:00,6.530,0.000,0.000,0.000,8.200
2016-11-01 21:00:00,7.170,0.000,0.000,0.000,7.400
2016-11-01 22:00:00,7.280,0.000,0.000,0.000,6.600
2016-11-01 23:00:00,7.650,0.000,0.000,0.000,6.400
2016-11-02 00:00:00,7.900,0.000,0.000,0.000,6.100
2016-11-02 01:00:00,8.310,0.000,0.000,0.000,5.900
2016-11-02 02:00:00,8.720,0.000,0.000,0.000,5.600
2016-11-02 03:00:00,9.000,0.000,0.000,0.000,5.700
2016-11-02 04:00:00,9.000,0.000,0.000,0.000,5.600
2016-11-02 05:00:00,9.200,0.000,0.000,0.000,5.600
2016-11-02 06:00:00,9.400,0.000,0.000,0.000,5.600
2016-11-02 07:00:00,9.500,10.000,54.000,7.000,5.900
2016-11-02 08:00:00,9.700,80.000,254.400,43.000,6.400
2016-11-02 09:00:00,9.040,140.000,219.500,84.000,6.900
2016-11-02 10:00:00,9.410,185.000,278.800,92.000,7.400
2016-11-02 11:00:00,9.630,198.000,127.900,150.000,7.700
2016-11-02 12:00:00,9.420,214.000,188.100,143.000,8.200
2016-11-02 13:00:00,10.120,171.000,111.800,133.000,8.500
2016-11-02 14:00:00,10.550,102.000,56.500,87.000,8.400
2016-11-02 15:00:00,9.590,70.000,170.200,43.000,8.000
2016-11-02 16:00:00,9.320,12.000,63.800,8.000,7.400
2016-11-02 17:00:00,8.240,0.000,0.000,0.000,6.700
2016-11-02 18:00:00,7.490,0.000,0.000,0.000,6.100
2016-11-02 19:00:00,7.110,0.000,0.000,0.000,5.400
2016-11-02 20:00:00,6.740,0.000,0.000,0.000,4.900
2016-11-02 21:00:00,6.390,0.000,0.000,0.000,4.200
2016-11-02 22:00:00,6.030,0.000,0.000,0.000,3.300
2016-11-02 23:00:00,5.920,0.000,0.000,0.000,2.800
2016-11-03 00:00:00,6.150,0.000,0.000,0.000,2.400
2016-11-03 01:00:00,5.890,0.000,0.000,0.000,2.000
2016-11-03 02:00:00,5.640,0.000,0.000,0.000,1.500
2016-11-03 03:00:00,4.770,0.000,0.000,0.000,0.700
2016-11-03 04:00:00,3.860,0.000,0.000,0.000,-0.100
2016-11-03 05:00:00,3.350,0.000,0.000,0.000,0.000
2016-11-03 06:00:00,2.910,0.000,0.000,0.000,-0.100
2016-11-03 07:00:00,2.950,10.000,56.500,7.000,0.500
2016-11-03 08:00:00,3.540,90.000,326.900,44.000,2.100
2016-11-03 09:00:00,2.920,196.000,507.400,69.000,3.800
2016-11-03 10:00:00,3.260,225.000,325.600,118.000,6.300
2016-11-03 11:00:00,3.400,249.000,286.300,143.000,7.300
2016-11-03 12:00:00,3.720,180.000,115.500,137.000,7.700
2016-11-03 13:00:00,4.170,143.000,83.600,115.000,7.800
2016-11-03 14:00:00,5.020,57.000,0.000,57.000,7.800
2016-11-03 15:00:00,4.660,29.000,6.500,28.000,7.800
2016-11-03 16:00:00,4.490,4.000,0.000,4.000,7.700
2016-11-03 17:00:00,4.520,0.000,0.000,0.000,7.000
2016-11-03 18:00:00,4.980,0.000,0.000,0.000,6.500
2016-11-03 19:00:00,5.730,0.000,0.000,0.000,6.300
2016-11-03 20:00:00,6.160,0.000,0.000,0.000,6.200
2016-11-03 21:00:00,6.470,0.000,0.000,0.000,6.100
2016-11-03 22:00:00,6.160,0.000,0.000,0.000,5.900
2016-11-03 23:00:00,6.590,0.000,0.000,0.000,6.200
2016-11-04 00:00:00,7.000,0.000,0.000,0.000,6.400
2016-11-04 01:00:00,7.380,0.000,0.000,0.000,6.500
2016-11-04 02:00:00,7.590,0.000,0.000,0.000,6.400
2016-11-04 03:00:00,7.310,0.000,0.000,0.000,6.500
2016-11-04 04:00:00,7.170,0.000,0.000,0.000,6.400
2016-11-04 05:00:00,7.080,0.000,0.000,0.000,6.400
2016-11-04 06:00:00,7.100,0.000,0.000,0.000,6.300
2016-11-04 07:00:00,7.250,6.000,0.000,6.000,6.300
2016-11-04 08:00:00,7.260,55.000,36.800,50.000,6.500
2016-11-04 09:00:00,7.020,108.000,89.600,86.000,7.100
2016-11-04 10:00:00,6.990,180.000,197.700,116.000,7.500
2016-11-04 11:00:00,6.360,248.000,355.900,118.000,8.400
2016-11-04 12:00:00,5.880,289.000,500.700,105.000,8.900
2016-11-04 13:00:00,5.640,286.000,630.200,78.000,9.200
2016-11-04 14:00:00,5.590,200.000,496.800,73.000,9.100
2016-11-04 15:00:00,5.760,95.000,308.200,49.000,8.400
2016-11-04 16:00:00,6.400,13.000,51.800,10.000,7.200
2016-11-04 17:00:00,6.720,0.000,0.000,0.000,6.400
2016-11-04 18:00:00,6.910,0.000,0.000,0.000,6.200
2016-11-04 19:00:00,6.580,0.000,0.000,0.000,6.000
2016-11-04 20:00:00,6.420,0.000,0.000,0.000,5.600
2016-11-04 21:00:00,6.330,0.000,0.000,0.000,5.400
2016-11-04 22:00:00,5.760,0.000,0.000,0.000,4.900
2016-11-04 23:00:00,5.850,0.000,0.000,0.000,4.900
2016-11-05 00:00:00,5.570,0.000,0.000,0.000,5.000
2016-11-05 01:00:00,6.170,0.000,0.000,0.000,4.900
2016-11-05 02:00:00,5.730,0.000,0.000,0.000,4.800
2016-11-05 03:00:00,5.410,0.000,0.000,0.000,5.100
2016-11-05 04:00:00,5.120,0.000,0.000,0.000,5.300
2016-11-05 05:00:00,5.490,0.000,0.000,0.000,5.200
2016-11-05 06:00:00,5.560,0.000,0.000,0.000,5.400
2016-11-05 07:00:00,5.600,3.000,0.000,3.000,5.700
2016-11-05 08:00:00,5.820,16.000,0.000,16.000,6.100
2016-11-05 09:00:00,5.470,34.000,0.000,34.000,6.600
2016-11-05 10:00:00,5.080,44.000,3.100,43.000,6.900
2016-11-05 11:00:00,5.820,43.000,0.000,43.000,7.200
2016-11-05 12:00:00,5.520,40.000,0.000,40.000,7.400
2016-11-05 13:00:00,5.460,46.000,0.000,46.000,7.600
2016-11-05 14:00:00,5.580,42.000,8.000,40.000,7.600
2016-11-05 15:00:00,5.100,28.000,13.800,26.000,7.600
2016-11-05 16:00:00,4.790,6.000,0.000,6.000,7.100
2016-11-05 17:00:00,5.910,0.000,0.000,0.000,6.400
2016-11-05 18:00:00,6.220,0.000,0.000,0.000,5.700
2016-11-05 19:00:00,6.540,0.000,0.000,0.000,5.300
2016-11-05 20:00:00,6.800,0.000,0.000,0.000,4.900
2016-11-05 21:00:00,6.840,0.000,0.000,0.000,4.700
2016-11-05 22:00:00,7.100,0.000,0.000,0.000,4.600
2016-11-05 23:00:00,7.020,0.000,0.000,0.000,4.700
2016-11-06 00:00:00,7.280,0.000,0.000,0.000,4.800
2016-11-06 01:00:00,7.300,0.000,0.000,0.000,5.200
2016-11-06 02:00:00,7.150,0.000,0.000,0.000,5.300
2016-11-06 03:00:00,7.500,0.000,0.000,0.000,5.200
2016-11-06 04:00:00,7.220,0.000,0.000,0.000,4.800
2016-11-06 05:00:00,7.210,0.000,0.000,0.000,4.600
2016-11-06 06:00:00,7.300,0.000,0.000,0.000,4.800
2016-11-06 07:00:00,6.930,4.000,0.000,4.000,4.900
2016-11-06 08:00:00,6.860,39.000,23.700,36.000,5.300
2016-11-06 09:00:00,7.140,92.000,55.100,79.000,6.000
2016-11-06 10:00:00,7.500,141.000,146.500,95.000,6.700
2016-11-06 11:00:00,6.960,146.000,92.800,113.000,7.100
2016-11-06 12:00:00,6.300,166.000,204.100,93.000,7.200
2016-11-06 13:00:00,4.850,144.000,143.500,98.000,7.300
2016-11-06 14:00:00,4.380,69.000,73.100,51.000,7.100
2016-11-06 15:00:00,4.320,46.000,135.400,27.000,6.600
2016-11-06 16:00:00,4.680,8.000,37.500,6.000,6.200
2016-11-06 17:00:00,4.830,0.000,0.000,0.000,6.000
2016-11-06 18:00:00,4.880,0.000,0.000,0.000,5.800
2016-11-06 19:00:00,4.950,0.000,0.000,0.000,5.600
2016-11-06 20:00:00,4.550,0.000,0.000,0.000,5.700
2016-11-06 21:00:00,3.970,0.000,0.000,0.000,6.000
2016-11-06 22:00:00,1.840,0.000,0.000,0.000,5.900
2016-11-06 23:00:00,1.870,0.000,0.000,0.000,5.600
2016-11-07 00:00:00,2.120,0.000,0.000,0.000,5.400
2016-11-07 01:00:00,2.310,0.000,0.000,0.000,5.000
2016-11-07 02:00:00,3.230,0.000,0.000,0.000,4.900
2016-11-07 03:00:00,3.660,0.000,0.000,0.000,4.300
2016-11-07 04:00:00,4.190,0.000,0.000,0.000,4.700
2016-11-07 05:00:00,4.530,0.000,0.000,0.000,4.700
2016-11-07 06:00:00,4.740,0.000,0.000,0.000,4.700
2016-11-07 07:00:00,4.830,3.000,0.000,3.000,4.500
2016-11-07 08:00:00,5.550,31.000,0.000,31.000,4.500
2016-11-07 09:00:00,5.680,57.000,0.000,57.000,4.500
2016-11-07 10:00:00,3.840,77.000,9.700,74.000,4.700
2016-11-07 11:00:00,4.740,119.000,48.500,102.000,4.500
2016-11-07 12:00:00,5.760,144.000,70.800,119.000,4.700
2016-11-07 13:00:00,5.590,158.000,158.300,108.000,4.800
2016-11-07 14:00:00,4.920,87.000,78.600,68.000,4.400
2016-11-07 15:00:00,4.560,56.000,154.400,35.000,4.200
2016-11-07 16:00:00,4.800,6.000,19.100,5.000,3.600
2016-11-07 17:00:00,5.220,0.000,0.000,0.000,3.100
2016-11-07 18:00:00,5.370,0.000,0.000,0.000,2.900
2016-11-07 19:00:00,5.410,0.000,0.000,0.000,2.800
2016-11-07 20:00:00,5.390,0.000,0.000,0.000,2.500
2016-11-07 21:00:00,4.940,0.000,0.000,0.000,2.500
2016-11-07 22:00:00,4.780,0.000,0.000,0.000,2.200
2016-11-07 23:00:00,4.380,0.000,0.000,0.000,2.200
2016-11-08 00:00:00,4.830,0.000,0.000,0.000,2.000
2016-11-08 01:00:00,5.330,0.000,0.000,0.000,1.800
2016-11-08 02:00:00,5.590,0.000,0.000,0.000,1.500
2016-11-08 03:00:00,5.280,0.000,0.000,0.000,1.300
2016-11-08 04:00:00,5.060,0.000,0.000,0.000,1.100
2016-11-08 05:00:00,4.700,0.000,0.000,0.000,1.100
2016-11-08 06:00:00,4.470,0.000,0.000,0.000,1.000
2016-11-08 07:00:00,4.800,1.000,0.000,1.000,0.900
2016-11-08 08:00:00,4.920,15.000,0.000,15.000,0.800
2016-11-08 09:00:00,4.530,40.000,8.800,38.000,0.700
2016-11-08 10:00:00,5.870,78.000,0.000,78.000,0.700
2016-11-08 11:00:00,5.190,96.000,2.900,95.000,0.800
2016-11-08 12:00:00,4.920,103.000,37.300,90.000,1.000
2016-11-08 13:00:00,5.620,65.000,25.700,57.000,0.700
2016-11-08 14:00:00,5.520,55.000,12.600,52.000,0.700
2016-11-08 15:00:00,5.410,36.000,30.300,32.000,0.700
2016-11-08 16:00:00,5.460,6.000,0.000,6.000,0.600
2016-11-08 17:00:00,5.260,0.000,0.000,0.000,0.500
2016-11-08 18:00:00,4.750,0.000,0.000,0.000,-0.200
2016-11-08 19:00:00,4.060,0.000,0.000,0.000,-0.200
2016-11-08 20:00:00,3.500,0.000,0.000,0.000,-0.100
2016-11-08 21:00:00,4.000,0.000,0.000,0.000,-0.300
2016-11-08 22:00:00,4.490,0.000,0.000,0.000,-0.900
2016-11-08 23:00:00,3.190,0.000,0.000,0.000,-1.000
2016-11-09 00:00:00,2.470,0.000,0.000,0.000,-1.400
2016-11-09 01:00:00,3.400,0.000,0.000,0.000,-1.400
2016-11-09 02:00:00,3.860,0.000,0.000,0.000,-1.300
2016-11-09 03:00:00,4.110,0.000,0.000,0.000,-1.300
2016-11-09 04:00:00,4.740,0.000,0.000,0.000,-1.000
2016-11-09 05:00:00,5.330,0.000,0.000,0.000,-0.600
2016-11-09 06:00:00,5.200,0.000,0.000,0.000,-0.300
2016-11-09 07:00:00,5.000,2.000,0.000,2.000,-0.100
2016-11-09 08:00:00,4.810,47.000,158.700,29.000,0.500
2016-11-09 09:00:00,4.220,113.000,144.000,81.000,1.300
2016-11-09 10:00:00,4.700,172.000,146.700,128.000,1.900
2016-11-09 11:00:00,4.030,190.000,155.200,137.000,2.600
2016-11-09 12:00:00,3.320,168.000,75.600,142.000,2.900
2016-11-09 13:00:00,2.450,109.000,22.800,102.000,3.000
2016-11-09 14:00:00,2.340,81.000,47.200,70.000,2.800
2016-11-09 15:00:00,4.300,38.000,0.000,38.000,2.700
2016-11-09 16:00:00,5.660,4.000,0.000,4.000,2.300
2016-11-09 17:00:00,6.020,0.000,0.000,0.000,2.200
2016-11-09 18:00:00,6.130,0.000,0.000,0.000,2.100
2016-11-09 19:00:00,6.080,0.000,0.000,0.000,2.000
2016-11-09 20:00:00,6.140,0.000,0.000,0.000,2.000
2016-11-09 21:00:00,6.090,0.000,0.000,0.000,1.800
2016-11-09 22:00:00,5.160,0.000,0.000,0.000,1.800
2016-11-09 23:00:00,4.840,0.000,0.000,0.000,1.600
2016-11-10 00:00:00,4.740,0.000,0.000,0.000,1.600
2016-11-10 01:00:00,4.590,0.000,0.000,0.000,1.600
2016-11-10 02:00:00,4.270,0.000,0.000,0.000,1.300
2016-11-10 03:00:00,3.640,0.000,0.000,0.000,1.200
2016-11-10 04:00:00,2.920,0.000,0.000,0.000,1.100
2016-11-10 05:00:00,2.530,0.000,0.000,0.000,1.000
2016-11-10 06:00:00,2.600,0.000,0.000,0.000,1.100
2016-11-10 07:00:00,2.240,1.000,0.000,1.000,1.100
2016-11-10 08:00:00,1.870,24.000,9.200,23.000,1.400
2016-11-10 09:00:00,1.700,74.000,23.000,69.000,1.700
2016-11-10 10:00:00,1.840,76.000,10.200,73.000,2.100
2016-11-10 11:00:00,1.660,81.000,14.800,76.000,2.400
2016-11-10 12:00:00,1.710,97.000,11.800,93.000,2.800
2016-11-10 13:00:00,1.900,75.000,3.300,74.000,3.200
2016-11-10 14:00:00,2.210,53.000,8.700,51.000,3.400
2016-11-10 15:00:00,2.690,25.000,24.200,22.000,3.400
2016-11-10 16:00:00,3.380,3.000,0.000,3.000,3.100
2016-11-10 17:00:00,4.020,0.000,0.000,0.000,2.900
2016-11-10 18:00:00,4.570,0.000,0.000,0.000,2.900
2016-11-10 19:00:00,5.000,0.000,0.000,0.000,2.900
2016-11-10 20:00:00,5.540,0.000,0.000,0.000,3.000
2016-11-10 21:00:00,5.990,0.000,0.000,0.000,3.000
2016-11-10 22:00:00,6.150,0.000,0.000,0.000,2.600
2016-11-10 23:00:00,6.420,0.000,0.000,0.000,2.400
2016-11-11 00:00:00,6.900,0.000,0.000,0.000,2.300
2016-11-11 01:00:00,7.370,0.000,0.000,0.000,2.200
2016-11-11 02:00:00,7.110,0.000,0.000,0.000,1.900
2016-11-11 03:00:00,6.330,0.000,0.000,0.000,1.400
2016-11-11 04:00:00,6.630,0.000,0.000,0.000,1.200
2016-11-11 05:00:00,6.810,0.000,0.000,0.000,0.900
2016-11-11 06:00:00,6.770,0.000,0.000,0.000,0.700
2016-11-11 07:00:00,6.700,2.000,0.000,2.000,0.600
2016-11-11 08:00:00,6.180,34.000,85.900,25.000,0.700
2016-11-11 09:00:00,5.500,86.000,112.500,62.000,1.100
2016-11-11 10:00:00,4.110,150.000,168.400,101.000,1.400
2016-11-11 11:00:00,4.130,188.000,228.600,112.000,2.100
2016-11-11 12:00:00,4.410,169.000,167.200,113.000,2.500
2016-11-11 13:00:00,4.520,169.000,211.200,106.000,2.700
2016-11-11 14:00:00,4.340,124.000,195.600,80.000,2.600
2016-11-11 15:00:00,4.250,69.000,258.400,38.000,2.400
2016-11-11 16:00:00,3.960,5.000,19.100,4.000,1.100
2016-11-11 17:00:00,3.750,0.000,0.000,0.000,0.100
2016-11-11 18:00:00,3.410,0.000,0.000,0.000,-0.800
2016-11-11 19:00:00,3.180,0.000,0.000,0.000,-1.800
2016-11-11 20:00:00,2.920,0.000,0.000,0.000,-2.600
2016-11-11 21:00:00,2.680,0.000,0.000,0.000,-2.100
2016-11-11 22:00:00,1.920,0.000,0.000,0.000,-2.900
2016-11-11 23:00:00,2.250,0.000,0.000,0.000,-2.900
2016-11-12 00:00:00,1.770,0.000,0.000,0.000,-3.100
2016-11-12 01:00:00,1.430,0.000,0.000,0.000,-2.900
2016-11-12 02:00:00,1.330,0.000,0.000,0.000,-3.100
2016-11-12 03:00:00,0.900,0.000,0.000,0.000,-3.400
2016-11-12 04:00:00,1.280,0.000,0.000,0.000,-3.300
2016-11-12 05:00:00,1.980,0.000,0.000,0.000,-3.300
2016-11-12 06:00:00,2.770,0.000,0.000,0.000,-3.400
2016-11-12 07:00:00,3.190,2.000,0.000,2.000,-2.900
2016-11-12 08:00:00,3.470,51.000,208.900,30.000,-1.900
2016-11-12 09:00:00,3.640,120.000,181.900,82.000,-1.200
2016-11-12 10:00:00,3.040,162.000,261.700,87.000,-1.000
2016-11-12 11:00:00,3.640,223.000,399.300,92.000,0.000
2016-11-12 12:00:00,3.940,182.000,205.600,114.000,0.200
2016-11-12 13:00:00,4.420,163.000,234.600,94.000,0.600
2016-11-12 14:00:00,4.390,112.000,86.000,93.000,0.700
2016-11-12 15:00:00,4.550,45.000,43.000,40.000,0.600
2016-11-12 16:00:00,5.270,3.000,0.000,3.000,0.200
2016-11-12 17:00:00,5.910,0.000,0.000,0.000,-0.100
2016-11-12 18:00:00,6.490,0.000,0.000,0.000,-0.100
2016-11-12 19:00:00,6.320,0.000,0.000,0.000,-0.300
2016-11-12 20:00:00,6.140,0.000,0.000,0.000,-0.400
2016-11-12 21:00:00,6.330,0.000,0.000,0.000,-0.700
2016-11-12 22:00:00,6.010,0.000,0.000,0.000,-0.900
2016-11-12 23:00:00,6.220,0.000,0.000,0.000,-0.900
2016-11-13 00:00:00,6.240,0.000,0.000,0.000,-0.800
2016-11-13 01:00:00,6.650,0.000,0.000,0.000,-0.900
2016-11-13 02:00:00,6.860,0.000,0.000,0.000,-1.000
2016-11-13 03:00:00,6.730,0.000,0.000,0.000,-1.100
2016-11-13 04:00:00,6.390,0.000,0.000,0.000,-1.400
2016-11-13 05:00:00,6.230,0.000,0.000,0.000,-1.500
2016-11-13 06:00:00,6.300,0.000,0.000,0.000,-1.600
2016-11-13 07:00:00,6.380,2.000,0.000,2.000,-1.700
2016-11-13 08:00:00,6.170,59.000,290.900,31.000,-1.200
2016-11-13 09:00:00,5.240,155.000,464.400,60.000,-0.300
2016-11-13 10:00:00,5.170,242.000,595.400,74.000,0.600
2016-11-13 11:00:00,4.830,294.000,685.800,72.000,1.500
2016-11-13 12:00:00,4.530,299.000,698.500,71.000,2.100
2016-11-13 13:00:00,4.860,256.000,651.700,67.000,2.600
2016-11-13 14:00:00,5.160,175.000,548.200,56.000,2.400
2016-11-13 15:00:00,6.020,76.000,382.200,33.000,1.600
2016-11-13 16:00:00,6.530,5.000,19.100,4.000,0.600
2016-11-13 17:00:00,6.580,0.000,0.000,0.000,-0.000
2016-11-13 18:00:00,6.010,0.000,0.000,0.000,-0.500
2016-11-13 19:00:00,5.200,0.000,0.000,0.000,-1.000
2016-11-13 20:00:00,4.780,0.000,0.000,0.000,-1.400
2016-11-13 21:00:00,4.780,0.000,0.000,0.000,-1.700
2016-11-13 22:00:00,5.110,0.000,0.000,0.000,-2.100
2016-11-13 23:00:00,5.550,0.000,0.000,0.000,-2.300
2016-11-14 00:00:00,5.280,0.000,0.000,0.000,-2.500
2016-11-14 01:00:00,4.900,0.000,0.000,0.000,-3.000
2016-11-14 02:00:00,5.420,0.000,0.000,0.000,-3.300
2016-11-14 03:00:00,5.800,0.000,0.000,0.000,-3.500
2016-11-14 04:00:00,5.120,0.000,0.000,0.000,-3.800
2016-11-14 05:00:00,4.490,0.000,0.000,0.000,-4.100
2016-11-14 06:00:00,4.710,0.000,0.000,0.000,-4.100
2016-11-14 07:00:00,5.150,1.000,0.000,1.000,-3.900
2016-11-14 08:00:00,5.470,59.000,358.700,26.000,-2.100
2016-11-14 09:00:00,5.360,161.000,549.300,51.000,-0.300
2016-11-14 10:00:00,4.550,245.000,651.500,64.000,1.500
2016-11-14 11:00:00,4.560,292.000,698.200,69.000,3.000
2016-11-14 12:00:00,4.810,289.000,654.900,78.000,4.000
2016-11-14 13:00:00,4.880,233.000,489.500,93.000,4.300
2016-11-14 14:00:00,5.650,136.000,276.700,77.000,4.000
2016-11-14 15:00:00,6.500,50.000,101.000,39.000,3.100
2016-11-14 16:00:00,6.990,3.000,0.000,3.000,2.600
2016-11-14 17:00:00,7.080,0.000,0.000,0.000,2.500
2016-11-14 18:00:00,7.170,0.000,0.000,0.000,2.600
2016-11-14 19:00:00,7.420,0.000,0.000,0.000,2.700
2016-11-14 20:00:00,7.920,0.000,0.000,0.000,2.600
2016-11-14 21:00:00,8.230,0.000,0.000,0.000,2.700
2016-11-14 22:00:00,7.790,0.000,0.000,0.000,2.600
2016-11-14 23:00:00,8.020,0.000,0.000,0.000,2.800
2016-11-15 00:00:00,8.290,0.000,0.000,0.000,2.900
2016-11-15 01:00:00,8.720,0.000,0.000,0.000,2.800
2016-11-15 02:00:00,8.860,0.000,0.000,0.000,2.600
2016-11-15 03:00:00,8.860,0.000,0.000,0.000,2.500
2016-11-15 04:00:00,8.800,0.000,0.000,0.000,2.400
2016-11-15 05:00:00,8.740,0.000,0.000,0.000,2.600
2016-11-15 06:00:00,8.880,0.000,0.000,0.000,2.800
2016-11-15 07:00:00,9.100,0.000,0.000,0.000,3.100
2016-11-15 08:00:00,9.150,5.000,0.000,5.000,3.500
2016-11-15 09:00:00,9.340,11.000,0.000,11.000,3.900
2016-11-15 10:00:00,8.350,19.000,0.000,19.000,4.500
2016-11-15 11:00:00,8.990,23.000,0.000,23.000,5.200
2016-11-15 12:00:00,9.040,21.000,0.000,21.000,5.700
2016-11-15 13:00:00,8.900,27.000,0.000,27.000,6.200
2016-11-15 14:00:00,8.680,21.000,0.000,21.000,6.800
2016-11-15 15:00:00,8.730,7.000,0.000,7.000,7.200
2016-11-15 16:00:00,8.940,0.000,0.000,0.000,7.500
2016-11-15 17:00:00,8.880,0.000,0.000,0.000,7.900
2016-11-15 18:00:00,8.630,0.000,0.000,0.000,8.200
2016-11-15 19:00:00,8.320,0.000,0.000,0.000,8.400
2016-11-15 20:00:00,7.890,0.000,0.000,0.000,8.700
2016-11-15 21:00:00,7.220,0.000,0.000,0.000,8.800
2016-11-15 22:00:00,6.400,0.000,0.000,0.000,9.000
2016-11-15 23:00:00,5.700,0.000,0.000,0.000,8.900
2016-11-16 00:00:00,5.220,0.000,0.000,0.000,8.800
2016-11-16 01:00:00,4.980,0.000,0.000,0.000,8.300
2016-11-16 02:00:00,5.190,0.000,0.000,0.000,8.300
2016-11-16 03:00:00,5.330,0.000,0.000,0.000,8.500
2016-11-16 04:00:00,5.050,0.000,0.000,0.000,8.400
2016-11-16 05:00:00,4.830,0.000,0.000,0.000,8.500
2016-11-16 06:00:00,4.850,0.000,0.000,0.000,8.200
2016-11-16 07:00:00,5.480,0.000,0.000,0.000,8.100
2016-11-16 08:00:00,5.800,11.000,0.000,11.000,8.400
2016-11-16 09:00:00,6.790,13.000,0.000,13.000,8.800
2016-11-16 10:00:00,7.280,15.000,0.000,15.000,9.100
2016-11-16 11:00:00,8.360,27.000,0.000,27.000,10.000
2016-11-16 12:00:00,8.870,33.000,0.000,33.000,10.900
2016-11-16 13:00:00,9.060,48.000,3.600,47.000,11.600
2016-11-16 14:00:00,9.260,55.000,72.900,40.000,12.100
2016-11-16 15:00:00,9.020,30.000,19.600,28.000,11.800
2016-11-16 16:00:00,8.970,1.000,0.000,1.000,11.500
2016-11-16 17:00:00,9.420,0.000,0.000,0.000,11.300
2016-11-16 18:00:00,9.400,0.000,0.000,0.000,11.200
2016-11-16 19:00:00,9.480,0.000,0.000,0.000,10.900
2016-11-16 20:00:00,9.390,0.000,0.000,0.000,10.700
2016-11-16 21:00:00,9.220,0.000,0.000,0.000,10.400
2016-11-16 22:00:00,8.640,0.000,0.000,0.000,10.300
2016-11-16 23:00:00,8.410,0.000,0.000,0.000,10.200
2016-11-17 00:00:00,8.630,0.000,0.000,0.000,10.200
2016-11-17 01:00:00,9.270,0.000,0.000,0.000,9.700
2016-11-17 02:00:00,9.570,0.000,0.000,0.000,9.300
2016-11-17 03:00:00,9.310,0.000,0.000,0.000,9.200
2016-11-17 04:00:00,7.910,0.000,0.000,0.000,9.000
2016-11-17 05:00:00,6.460,0.000,0.000,0.000,8.900
2016-11-17 06:00:00,5.580,0.000,0.000,0.000,8.800
2016-11-17 07:00:00,5.060,0.000,0.000,0.000,8.500
2016-11-17 08:00:00,4.650,8.000,35.700,5.000,8.400
2016-11-17 09:00:00,4.940,31.000,53.300,21.000,8.600
2016-11-17 10:00:00,5.170,81.000,105.600,53.000,9.000
2016-11-17 11:00:00,7.980,183.000,365.000,71.000,9.500
2016-11-17 12:00:00,8.480,225.000,487.100,74.000,10.000
2016-11-17 13:00:00,8.790,131.000,185.900,80.000,10.100
2016-11-17 14:00:00,9.220,82.000,103.800,61.000,10.100
2016-11-17 15:00:00,8.870,41.000,202.700,21.000,9.600
2016-11-17 16:00:00,8.270,1.000,0.000,1.000,8.900
2016-11-17 17:00:00,8.760,0.000,0.000,0.000,9.200
2016-11-17 18:00:00,9.120,0.000,0.000,0.000,9.300
2016-11-17 19:00:00,10.220,0.000,0.000,0.000,9.900
2016-11-17 20:00:00,11.460,0.000,0.000,0.000,9.900
2016-11-17 21:00:00,11.920,0.000,0.000,0.000,10.400
2016-11-17 22:00:00,11.320,0.000,0.000,0.000,10.700
2016-11-17 23:00:00,11.770,0.000,0.000,0.000,10.500
2016-11-18 00:00:00,12.300,0.000,0.000,0.000,10.900
2016-11-18 01:00:00,11.800,0.000,0.000,0.000,10.300
2016-11-18 02:00:00,11.140,0.000,0.000,0.000,10.200
2016-11-18 03:00:00,11.490,0.000,0.000,0.000,10.000
2016-11-18 04:00:00,10.430,0.000,0.000,0.000,9.300
2016-11-18 05:00:00,8.320,0.000,0.000,0.000,9.400
2016-11-18 06:00:00,9.570,0.000,0.000,0.000,9.200
2016-11-18 07:00:00,11.250,0.000,0.000,0.000,9.000
2016-11-18 08:00:00,10.180,5.000,0.000,5.000,7.800
2016-11-18 09:00:00,10.890,18.000,0.000,18.000,6.900
2016-11-18 10:00:00,10.180,69.000,23.000,63.000,7.000
2016-11-18 11:00:00,8.700,72.000,49.500,57.000,7.700
2016-11-18 12:00:00,8.540,142.000,147.000,97.000,8.300
2016-11-18 13:00:00,8.930,167.000,284.500,90.000,8.900
2016-11-18 14:00:00,9.770,110.000,281.700,54.000,8.500
2016-11-18 15:00:00,8.900,43.000,167.700,27.000,7.600
2016-11-18 16:00:00,8.560,1.000,0.000,1.000,6.800
2016-11-18 17:00:00,8.650,0.000,0.000,0.000,6.300
2016-11-18 18:00:00,8.860,0.000,0.000,0.000,5.900
2016-11-18 19:00:00,8.820,0.000,0.000,0.000,6.100
2016-11-18 20:00:00,9.740,0.000,0.000,0.000,6.100
2016-11-18 21:00:00,10.990,0.000,0.000,0.000,6.100
2016-11-18 22:00:00,10.400,0.000,0.000,0.000,6.300
2016-11-18 23:00:00,9.760,0.000,0.000,0.000,5.800
2016-11-19 00:00:00,8.720,0.000,0.000,0.000,5.400
2016-11-19 01:00:00,8.210,0.000,0.000,0.000,4.800
2016-11-19 02:00:00,8.130,0.000,0.000,0.000,4.600
2016-11-19 03:00:00,8.100,0.000,0.000,0.000,4.400
2016-11-19 04:00:00,8.530,0.000,0.000,0.000,4.100
2016-11-19 05:00:00,8.580,0.000,0.000,0.000,4.300
2016-11-19 06:00:00,8.710,0.000,0.000,0.000,4.200
2016-11-19 07:00:00,8.130,0.000,0.000,0.000,4.300
2016-11-19 08:00:00,7.960,37.000,138.200,26.000,5.000
2016-11-19 09:00:00,7.650,128.000,395.900,57.000,6.200
2016-11-19 10:00:00,5.100,166.000,264.700,98.000,7.300
2016-11-19 11:00:00,6.640,162.000,80.300,138.000,7.700
2016-11-19 12:00:00,5.810,158.000,125.700,120.000,7.800
2016-11-19 13:00:00,5.380,146.000,134.800,110.000,8.000
2016-11-19 14:00:00,6.550,110.000,240.500,63.000,7.700
2016-11-19 15:00:00,7.020,48.000,249.100,25.000,7.000
2016-11-19 16:00:00,7.720,2.000,0.000,2.000,6.400
2016-11-19 17:00:00,8.110,0.000,0.000,0.000,6.000
2016-11-19 18:00:00,7.620,0.000,0.000,0.000,5.700
2016-11-19 19:00:00,7.570,0.000,0.000,0.000,5.300
2016-11-19 20:00:00,7.360,0.000,0.000,0.000,4.700
2016-11-19 21:00:00,7.260,0.000,0.000,0.000,4.100
2016-11-19 22:00:00,7.690,0.000,0.000,0.000,3.600
2016-11-19 23:00:00,7.480,0.000,0.000,0.000,3.600
2016-11-20 00:00:00,7.690,0.000,0.000,0.000,3.800
2016-11-20 01:00:00,7.860,0.000,0.000,0.000,3.800
2016-11-20 02:00:00,8.000,0.000,0.000,0.000,3.800
2016-11-20 03:00:00,8.500,0.000,0.000,0.000,3.900
2016-11-20 04:00:00,8.270,0.000,0.000,0.000,4.200
2016-11-20 05:00:00,8.660,0.000,0.000,0.000,4.400
2016-11-20 06:00:00,9.350,0.000,0.000,0.000,4.700
2016-11-20 07:00:00,10.470,0.000,0.000,0.000,4.900
2016-11-20 08:00:00,11.270,30.000,103.300,22.000,5.800
2016-11-20 09:00:00,11.960,62.000,22.800,58.000,6.700
2016-11-20 10:00:00,12.710,85.000,4.000,84.000,7.700
2016-11-20 11:00:00,12.830,69.000,0.000,69.000,7.900
2016-11-20 12:00:00,13.310,35.000,0.000,35.000,8.200
2016-11-20 13:00:00,13.560,101.000,91.100,77.000,9.900
2016-11-20 14:00:00,13.900,81.000,57.300,70.000,11.200
2016-11-20 15:00:00,14.070,41.000,167.900,26.000,11.800
2016-11-20 16:00:00,13.930,1.000,0.000,1.000,12.300
2016-11-20 17:00:00,13.240,0.000,0.000,0.000,12.800
2016-11-20 18:00:00,12.230,0.000,0.000,0.000,12.700
2016-11-20 19:00:00,11.210,0.000,0.000,0.000,12.900
2016-11-20 20:00:00,10.420,0.000,0.000,0.000,12.900
2016-11-20 21:00:00,9.500,0.000,0.000,0.000,12.400
2016-11-20 22:00:00,8.910,0.000,0.000,0.000,12.300
2016-11-20 23:00:00,8.010,0.000,0.000,0.000,12.400
2016-11-21 00:00:00,7.260,0.000,0.000,0.000,11.400
2016-11-21 01:00:00,7.430,0.000,0.000,0.000,11.100
2016-11-21 02:00:00,8.000,0.000,0.000,0.000,11.200
2016-11-21 03:00:00,9.010,0.000,0.000,0.000,11.400
2016-11-21 04:00:00,9.330,0.000,0.000,0.000,11.200
2016-11-21 05:00:00,9.300,0.000,0.000,0.000,11.400
2016-11-21 06:00:00,9.300,0.000,0.000,0.000,11.800
2016-11-21 07:00:00,9.400,0.000,0.000,0.000,11.900
2016-11-21 08:00:00,9.330,26.000,93.000,19.000,12.500
2016-11-21 09:00:00,8.250,66.000,35.000,60.000,13.100
2016-11-21 10:00:00,6.860,71.000,24.100,65.000,13.600
2016-11-21 11:00:00,5.300,67.000,24.000,60.000,13.300
2016-11-21 12:00:00,5.420,50.000,0.000,50.000,13.200
2016-11-21 13:00:00,6.040,38.000,0.000,38.000,13.000
2016-11-21 14:00:00,6.120,24.000,0.000,24.000,12.800
2016-11-21 15:00:00,5.480,12.000,0.000,12.000,12.200
2016-11-21 16:00:00,6.110,0.000,0.000,0.000,11.700
2016-11-21 17:00:00,7.470,0.000,0.000,0.000,11.500
2016-11-21 18:00:00,8.360,0.000,0.000,0.000,11.100
2016-11-21 19:00:00,8.830,0.000,0.000,0.000,10.900
2016-11-21 20:00:00,8.640,0.000,0.000,0.000,11.400
2016-11-21 21:00:00,7.620,0.000,0.000,0.000,11.700
2016-11-21 22:00:00,6.360,0.000,0.000,0.000,12.500
2016-11-21 23:00:00,6.650,0.000,0.000,0.000,11.800
2016-11-22 00:00:00,7.510,0.000,0.000,0.000,11.400
2016-11-22 01:00:00,7.220,0.000,0.000,0.000,11.300
2016-11-22 02:00:00,7.330,0.000,0.000,0.000,10.900
2016-11-22 03:00:00,6.540,0.000,0.000,0.000,10.800
2016-11-22 04:00:00,8.210,0.000,0.000,0.000,10.500
2016-11-22 05:00:00,8.310,0.000,0.000,0.000,11.200
2016-11-22 06:00:00,8.000,0.000,0.000,0.000,11.200
2016-11-22 07:00:00,7.800,0.000,0.000,0.000,11.300
2016-11-22 08:00:00,6.940,18.000,13.700,17.000,11.500
2016-11-22 09:00:00,6.300,97.000,185.000,66.000,12.100
2016-11-22 10:00:00,6.140,159.000,248.800,98.000,13.000
2016-11-22 11:00:00,5.250,166.000,149.600,123.000,13.300
2016-11-22 12:00:00,4.600,146.000,72.100,125.000,13.600
2016-11-22 13:00:00,3.550,130.000,85.700,108.000,13.600
2016-11-22 14:00:00,3.520,83.000,37.700,76.000,13.100
2016-11-22 15:00:00,3.820,32.000,23.600,30.000,11.600
2016-11-22 16:00:00,3.910,1.000,0.000,1.000,10.800
2016-11-22 17:00:00,4.020,0.000,0.000,0.000,10.500
2016-11-22 18:00:00,4.520,0.000,0.000,0.000,10.000
2016-11-22 19:00:00,3.610,0.000,0.000,0.000,9.700
2016-11-22 20:00:00,3.570,0.000,0.000,0.000,8.800
2016-11-22 21:00:00,3.800,0.000,0.000,0.000,8.500
2016-11-22 22:00:00,3.330,0.000,0.000,0.000,8.600
2016-11-22 23:00:00,3.140,0.000,0.000,0.000,8.200
2016-11-23 00:00:00,2.700,0.000,0.000,0.000,7.800
2016-11-23 01:00:00,2.840,0.000,0.000,0.000,7.000
2016-11-23 02:00:00,2.200,0.000,0.000,0.000,7.500
2016-11-23 03:00:00,0.540,0.000,0.000,0.000,8.100
2016-11-23 04:00:00,1.210,0.000,0.000,0.000,7.300
2016-11-23 05:00:00,2.280,0.000,0.000,0.000,6.600
2016-11-23 06:00:00,3.530,0.000,0.000,0.000,6.100
2016-11-23 07:00:00,4.700,0.000,0.000,0.000,5.800
2016-11-23 08:00:00,4.260,28.000,112.400,20.000,6.400
2016-11-23 09:00:00,2.720,109.000,360.300,50.000,7.600
2016-11-23 10:00:00,2.060,182.000,467.900,69.000,8.900
2016-11-23 11:00:00,1.120,215.000,440.400,90.000,10.300
2016-11-23 12:00:00,0.220,216.000,416.700,96.000,11.200
2016-11-23 13:00:00,0.500,189.000,445.600,76.000,11.800
2016-11-23 14:00:00,1.080,130.000,442.700,49.000,11.600
2016-11-23 15:00:00,2.250,46.000,288.900,22.000,11.600
2016-11-23 16:00:00,3.240,1.000,0.000,1.000,8.400
2016-11-23 17:00:00,3.550,0.000,0.000,0.000,6.600
2016-11-23 18:00:00,4.120,0.000,0.000,0.000,6.600
2016-11-23 19:00:00,4.740,0.000,0.000,0.000,7.200
2016-11-23 20:00:00,4.900,0.000,0.000,0.000,6.400
2016-11-23 21:00:00,4.660,0.000,0.000,0.000,6.400
2016-11-23 22:00:00,5.240,0.000,0.000,0.000,5.600
2016-11-23 23:00:00,5.380,0.000,0.000,0.000,6.200
2016-11-24 00:00:00,5.480,0.000,0.000,0.000,6.300
2016-11-24 01:00:00,5.760,0.000,0.000,0.000,6.300
2016-11-24 02:00:00,6.010,0.000,0.000,0.000,6.500
2016-11-24 03:00:00,6.160,0.000,0.000,0.000,6.400
2016-11-24 04:00:00,6.530,0.000,0.000,0.000,6.400
2016-11-24 05:00:00,6.720,0.000,0.000,0.000,6.500
2016-11-24 06:00:00,6.530,0.000,0.000,0.000,6.300
2016-11-24 07:00:00,6.380,0.000,0.000,0.000,5.900
2016-11-24 08:00:00,6.190,16.000,14.500,15.000,5.700
2016-11-24 09:00:00,6.050,58.000,56.200,49.000,6.000
2016-11-24 10:00:00,5.780,111.000,117.700,83.000,6.300
2016-11-24 11:00:00,5.330,154.000,171.200,106.000,6.800
2016-11-24 12:00:00,4.970,170.000,217.800,108.000,7.300
2016-11-24 13:00:00,5.480,160.000,239.500,100.000,7.500
2016-11-24 14:00:00,5.400,105.000,233.100,63.000,7.400
2016-11-24 15:00:00,5.860,36.000,122.500,26.000,6.500
2016-11-24 16:00:00,6.600,0.000,0.000,0.000,5.400
2016-11-24 17:00:00,6.620,0.000,0.000,0.000,4.500
2016-11-24 18:00:00,6.620,0.000,0.000,0.000,3.700
2016-11-24 19:00:00,6.850,0.000,0.000,0.000,3.300
2016-11-24 20:00:00,6.910,0.000,0.000,0.000,3.000
2016-11-24 21:00:00,6.710,0.000,0.000,0.000,2.400
2016-11-24 22:00:00,7.160,0.000,0.000,0.000,2.100
2016-11-24 23:00:00,6.930,0.000,0.000,0.000,1.800
2016-11-25 00:00:00,7.080,0.000,0.000,0.000,1.700
2016-11-25 01:00:00,6.770,0.000,0.000,0.000,1.200
2016-11-25 02:00:00,6.310,0.000,0.000,0.000,1.300
2016-11-25 03:00:00,6.200,0.000,0.000,0.000,1.200
2016-11-25 04:00:00,5.890,0.000,0.000,0.000,1.200
2016-11-25 05:00:00,5.600,0.000,0.000,0.000,1.000
2016-11-25 06:00:00,5.610,0.000,0.000,0.000,0.400
2016-11-25 07:00:00,5.830,0.000,0.000,0.000,0.000
2016-11-25 08:00:00,5.420,26.000,148.700,16.000,0.100
2016-11-25 09:00:00,4.460,86.000,204.500,54.000,0.800
2016-11-25 10:00:00,4.140,129.000,196.300,83.000,1.100
2016-11-25 11:00:00,4.160,211.000,429.600,92.000,2.100
2016-11-25 12:00:00,4.240,208.000,412.100,92.000,2.700
2016-11-25 13:00:00,3.980,176.000,420.100,72.000,3.000
2016-11-25 14:00:00,3.830,115.000,343.700,54.000,2.800
2016-11-25 15:00:00,4.140,39.000,211.900,22.000,2.200
2016-11-25 16:00:00,4.650,0.000,0.000,0.000,1.600
2016-11-25 17:00:00,4.630,0.000,0.000,0.000,1.300
2016-11-25 18:00:00,4.120,0.000,0.000,0.000,0.900
2016-11-25 19:00:00,3.800,0.000,0.000,0.000,0.600
2016-11-25 20:00:00,3.710,0.000,0.000,0.000,0.200
2016-11-25 21:00:00,3.450,0.000,0.000,0.000,0.200
2016-11-25 22:00:00,2.830,0.000,0.000,0.000,-0.000
2016-11-25 23:00:00,2.730,0.000,0.000,0.000,-0.200
2016-11-26 00:00:00,2.000,0.000,0.000,0.000,-0.300
2016-11-26 01:00:00,1.140,0.000,0.000,0.000,-0.400
2016-11-26 02:00:00,1.390,0.000,0.000,0.000,-1.000
2016-11-26 03:00:00,1.220,0.000,0.000,0.000,-1.000
2016-11-26 04:00:00,1.200,0.000,0.000,0.000,-1.300
2016-11-26 05:00:00,1.560,0.000,0.000,0.000,-1.800
2016-11-26 06:00:00,1.700,0.000,0.000,0.000,-1.700
2016-11-26 07:00:00,1.250,0.000,0.000,0.000,-1.800
2016-11-26 08:00:00,0.610,18.000,107.100,11.000,-1.900
2016-11-26 09:00:00,0.810,82.000,254.900,43.000,-1.300
2016-11-26 10:00:00,0.890,142.000,359.400,59.000,-1.200
2016-11-26 11:00:00,1.040,184.000,412.800,71.000,-0.800
2016-11-26 12:00:00,1.330,184.000,387.900,76.000,-0.300
2016-11-26 13:00:00,1.900,159.000,392.300,63.000,-0.000
2016-11-26 14:00:00,2.830,108.000,314.400,53.000,0.100
2016-11-26 15:00:00,3.910,39.000,215.500,22.000,-0.300
2016-11-26 16:00:00,4.900,0.000,0.000,0.000,-0.600
2016-11-26 17:00:00,5.600,0.000,0.000,0.000,-0.500
2016-11-26 18:00:00,6.210,0.000,0.000,0.000,-0.700
2016-11-26 19:00:00,6.640,0.000,0.000,0.000,-0.700
2016-11-26 20:00:00,6.970,0.000,0.000,0.000,-0.100
2016-11-26 21:00:00,7.260,0.000,0.000,0.000,0.900
2016-11-26 22:00:00,7.600,0.000,0.000,0.000,1.500
2016-11-26 23:00:00,8.010,0.000,0.000,0.000,2.200
2016-11-27 00:00:00,8.210,0.000,0.000,0.000,2.600
2016-11-27 01:00:00,8.130,0.000,0.000,0.000,3.000
2016-11-27 02:00:00,7.980,0.000,0.000,0.000,3.400
2016-11-27 03:00:00,7.560,0.000,0.000,0.000,3.700
2016-11-27 04:00:00,7.210,0.000,0.000,0.000,4.200
2016-11-27 05:00:00,7.340,0.000,0.000,0.000,4.500
2016-11-27 06:00:00,7.020,0.000,0.000,0.000,4.400
2016-11-27 07:00:00,6.790,0.000,0.000,0.000,4.200
2016-11-27 08:00:00,6.460,13.000,78.700,8.000,4.000
2016-11-27 09:00:00,5.990,74.000,233.900,39.000,4.800
2016-11-27 10:00:00,5.160,147.000,373.400,62.000,5.800
2016-11-27 11:00:00,4.140,210.000,524.800,68.000,6.600
2016-11-27 12:00:00,3.720,215.000,486.400,81.000,7.000
2016-11-27 13:00:00,3.640,179.000,483.400,62.000,7.000
2016-11-27 14:00:00,4.240,124.000,423.200,51.000,6.500
2016-11-27 15:00:00,5.360,43.000,283.400,21.000,4.800
2016-11-27 16:00:00,6.040,0.000,0.000,0.000,3.300
2016-11-27 17:00:00,6.390,0.000,0.000,0.000,2.400
2016-11-27 18:00:00,6.770,0.000,0.000,0.000,1.900
2016-11-27 19:00:00,6.910,0.000,0.000,0.000,1.400
2016-11-27 20:00:00,6.900,0.000,0.000,0.000,1.000
2016-11-27 21:00:00,6.710,0.000,0.000,0.000,0.500
2016-11-27 22:00:00,6.770,0.000,0.000,0.000,-0.000
2016-11-27 23:00:00,6.220,0.000,0.000,0.000,-0.300
2016-11-28 00:00:00,6.040,0.000,0.000,0.000,-0.700
2016-11-28 01:00:00,6.330,0.000,0.000,0.000,-1.000
2016-11-28 02:00:00,6.590,0.000,0.000,0.000,-1.200
2016-11-28 03:00:00,6.520,0.000,0.000,0.000,-1.600
2016-11-28 04:00:00,6.500,0.000,0.000,0.000,-1.700
2016-11-28 05:00:00,6.130,0.000,0.000,0.000,-2.000
2016-11-28 06:00:00,5.870,0.000,0.000,0.000,-2.500
2016-11-28 07:00:00,5.630,0.000,0.000,0.000,-2.900
2016-11-28 08:00:00,5.260,24.000,178.000,13.000,-2.500
2016-11-28 09:00:00,4.880,110.000,464.500,42.000,-0.600
2016-11-28 10:00:00,3.130,190.000,592.500,57.000,1.000
2016-11-28 11:00:00,2.790,236.000,646.600,63.000,2.000
2016-11-28 12:00:00,2.730,244.000,667.500,62.000,2.600
2016-11-28 13:00:00,2.380,207.000,626.400,57.000,2.900
2016-11-28 14:00:00,2.510,134.000,517.100,46.000,2.500
2016-11-28 15:00:00,3.310,43.000,300.800,20.000,1.400
2016-11-28 16:00:00,3.910,0.000,0.000,0.000,-0.300
2016-11-28 17:00:00,4.410,0.000,0.000,0.000,-1.700
2016-11-28 18:00:00,4.220,0.000,0.000,0.000,-2.000
2016-11-28 19:00:00,3.680,0.000,0.000,0.000,-2.500
2016-11-28 20:00:00,2.910,0.000,0.000,0.000,-3.200
2016-11-28 21:00:00,1.970,0.000,0.000,0.000,-3.900
2016-11-28 22:00:00,1.900,0.000,0.000,0.000,-3.800
2016-11-28 23:00:00,1.260,0.000,0.000,0.000,-4.200
2016-11-29 00:00:00,1.040,0.000,0.000,0.000,-4.500
2016-11-29 01:00:00,1.600,0.000,0.000,0.000,-4.700
2016-11-29 02:00:00,2.300,0.000,0.000,0.000,-5.000
2016-11-29 03:00:00,2.940,0.000,0.000,0.000,-6.200
2016-11-29 04:00:00,3.280,0.000,0.000,0.000,-6.500
2016-11-29 05:00:00,3.420,0.000,0.000,0.000,-6.600
2016-11-29 06:00:00,3.610,0.000,0.000,0.000,-6.500
2016-11-29 07:00:00,3.860,0.000,0.000,0.000,-6.700
2016-11-29 08:00:00,4.020,22.000,166.400,12.000,-5.800
2016-11-29 09:00:00,3.710,105.000,453.800,40.000,-3.800
2016-11-29 10:00:00,3.320,185.000,582.600,56.000,-1.800
2016-11-29 11:00:00,2.850,233.000,642.300,63.000,-0.200
2016-11-29 12:00:00,3.180,239.000,651.900,63.000,0.900
2016-11-29 13:00:00,3.310,203.000,611.700,58.000,1.400
2016-11-29 14:00:00,4.190,131.000,505.800,46.000,1.300
2016-11-29 15:00:00,5.130,42.000,292.000,20.000,0.100
2016-11-29 16:00:00,5.640,0.000,0.000,0.000,-1.300
2016-11-29 17:00:00,5.870,0.000,0.000,0.000,-2.000
2016-11-29 18:00:00,6.260,0.000,0.000,0.000,-2.300
2016-11-29 19:00:00,6.540,0.000,0.000,0.000,-2.800
2016-11-29 20:00:00,6.670,0.000,0.000,0.000,-3.100
2016-11-29 21:00:00,6.800,0.000,0.000,0.000,-3.400
2016-11-29 22:00:00,7.040,0.000,0.000,0.000,-3.600
2016-11-29 23:00:00,7.390,0.000,0.000,0.000,-3.700
2016-11-30 00:00:00,7.660,0.000,0.000,0.000,-3.700
2016-11-30 01:00:00,7.720,0.000,0.000,0.000,-3.600
2016-11-30 02:00:00,8.370,0.000,0.000,0.000,-3.200
2016-11-30 03:00:00,8.510,0.000,0.000,0.000,-2.600
2016-11-30 04:00:00,8.220,0.000,0.000,0.000,-2.200
2016-11-30 05:00:00,8.790,0.000,0.000,0.000,-1.800
2016-11-30 06:00:00,8.930,0.000,0.000,0.000,-1.300
2016-11-30 07:00:00,9.300,0.000,0.000,0.000,-0.900
2016-11-30 08:00:00,9.460,9.000,17.100,8.000,-0.600
2016-11-30 09:00:00,9.590,28.000,0.000,28.000,0.300
2016-11-30 10:00:00,9.120,47.000,4.600,46.000,1.200
2016-11-30 11:00:00,10.110,61.000,0.000,61.000,1.600
2016-11-30 12:00:00,9.870,55.000,0.000,55.000,2.000
2016-11-30 13:00:00,10.160,50.000,0.000,50.000,2.400
2016-11-30 14:00:00,10.310,29.000,0.000,29.000,2.800
2016-11-30 15:00:00,10.240,7.000,0.000,7.000,2.900
2016-11-30 16:00:00,10.340,0.000,0.000,0.000,3.000
2016-11-30 17:00:00,10.390,0.000,0.000,0.000,3.200
2016-11-30 18:00:00,10.460,0.000,0.000,0.000,3.500
2016-11-30 19:00:00,10.320,0.000,0.000,0.000,3.900
2016-11-30 20:00:00,10.310,0.000,0.000,0.000,4.300
2016-11-30 21:00:00,10.200,0.000,0.000,0.000,4.600
2016-11-30 22:00:00,10.300,0.000,0.000,0.000,4.800
2016-11-30 23:00:00,10.000,0.000,0.000,0.000,4.600
2016-12-01 00:00:00,10.210,0.000,0.000,0.000,4.600
2016-12-01 01:00:00,10.130,0.000,0.000,0.000,4.700
2016-12-01 02:00:00,10.240,0.000,0.000,0.000,4.800
2016-12-01 03:00:00,10.370,0.000,0.000,0.000,5.000
2016-12-01 04:00:00,10.160,0.000,0.000,0.000,5.300
2016-12-01 05:00:00,10.270,0.000,0.000,0.000,5.500
2016-12-01 06:00:00,10.340,0.000,0.000,0.000,5.700
2016-12-01 07:00:00,10.410,0.000,0.000,0.000,5.900
2016-12-01 08:00:00,10.400,3.000,0.000,3.000,6.300
2016-12-01 09:00:00,10.300,16.000,0.000,16.000,6.600
2016-12-01 10:00:00,10.300,28.000,0.000,28.000,6.900
2016-12-01 11:00:00,10.810,32.000,0.000,32.000,7.300
2016-12-01 12:00:00,11.120,36.000,0.000,36.000,7.400
2016-12-01 13:00:00,11.430,44.000,21.500,39.000,7.800
2016-12-01 14:00:00,11.750,20.000,0.000,20.000,7.900
2016-12-01 15:00:00,12.170,6.000,0.000,6.000,8.000
2016-12-01 16:00:00,12.130,0.000,0.000,0.000,8.100
2016-12-01 17:00:00,12.100,0.000,0.000,0.000,8.200
2016-12-01 18:00:00,12.180,0.000,0.000,0.000,8.100
2016-12-01 19:00:00,12.200,0.000,0.000,0.000,8.000
2016-12-01 20:00:00,12.250,0.000,0.000,0.000,7.900
2016-12-01 21:00:00,12.280,0.000,0.000,0.000,7.900
2016-12-01 22:00:00,11.480,0.000,0.000,0.000,8.200
2016-12-01 23:00:00,11.610,0.000,0.000,0.000,8.200
2016-12-02 00:00:00,11.640,0.000,0.000,0.000,8.200
2016-12-02 01:00:00,11.620,0.000,0.000,0.000,8.200
2016-12-02 02:00:00,11.630,0.000,0.000,0.000,8.100
2016-12-02 03:00:00,11.060,0.000,0.000,0.000,7.900
2016-12-02 04:00:00,10.460,0.000,0.000,0.000,7.500
2016-12-02 05:00:00,9.400,0.000,0.000,0.000,6.500
2016-12-02 06:00:00,7.980,0.000,0.000,0.000,5.300
2016-12-02 07:00:00,6.860,0.000,0.000,0.000,4.000
2016-12-02 08:00:00,6.300,17.000,126.600,10.000,3.300
2016-12-02 09:00:00,5.590,96.000,416.800,40.000,4.000
2016-12-02 10:00:00,4.400,177.000,582.400,53.000,5.200
2016-12-02 11:00:00,3.860,224.000,638.900,60.000,5.900
2016-12-02 12:00:00,3.780,232.000,654.800,60.000,6.200
2016-12-02 13:00:00,3.680,197.000,607.300,57.000,6.300
2016-12-02 14:00:00,3.960,125.000,492.700,45.000,5.900
2016-12-02 15:00:00,4.600,39.000,289.800,18.000,4.300
2016-12-02 16:00:00,5.100,0.000,0.000,0.000,2.100
2016-12-02 17:00:00,5.410,0.000,0.000,0.000,0.700
2016-12-02 18:00:00,5.420,0.000,0.000,0.000,-0.200
2016-12-02 19:00:00,5.130,0.000,0.000,0.000,-1.000
2016-12-02 20:00:00,4.880,0.000,0.000,0.000,-1.300
2016-12-02 21:00:00,4.580,0.000,0.000,0.000,-1.800
2016-12-02 22:00:00,4.500,0.000,0.000,0.000,-2.400
2016-12-02 23:00:00,4.050,0.000,0.000,0.000,-2.700
2016-12-03 00:00:00,4.070,0.000,0.000,0.000,-3.000
2016-12-03 01:00:00,3.980,0.000,0.000,0.000,-3.400
2016-12-03 02:00:00,3.400,0.000,0.000,0.000,-3.800
2016-12-03 03:00:00,2.820,0.000,0.000,0.000,-3.600
2016-12-03 04:00:00,2.450,0.000,0.000,0.000,-3.700
2016-12-03 05:00:00,2.400,0.000,0.000,0.000,-3.400
2016-12-03 06:00:00,2.300,0.000,0.000,0.000,-4.000
2016-12-03 07:00:00,2.550,0.000,0.000,0.000,-4.400
2016-12-03 08:00:00,2.690,16.000,130.200,9.000,-3.900
2016-12-03 09:00:00,3.000,91.000,387.700,40.000,-1.800
2016-12-03 10:00:00,2.550,165.000,508.900,58.000,0.300
2016-12-03 11:00:00,1.840,202.000,531.100,67.000,1.900
2016-12-03 12:00:00,1.920,209.000,533.700,70.000,3.300
2016-12-03 13:00:00,2.300,149.000,380.600,62.000,3.500
2016-12-03 14:00:00,2.830,109.000,360.800,51.000,3.100
2016-12-03 15:00:00,3.280,33.000,195.400,19.000,0.500
2016-12-03 16:00:00,3.260,0.000,0.000,0.000,-1.100
2016-12-03 17:00:00,3.490,0.000,0.000,0.000,-2.200
2016-12-03 18:00:00,3.450,0.000,0.000,0.000,-2.800
2016-12-03 19:00:00,3.160,0.000,0.000,0.000,-3.200
2016-12-03 20:00:00,2.500,0.000,0.000,0.000,-3.600
2016-12-03 21:00:00,1.810,0.000,0.000,0.000,-3.100
2016-12-03 22:00:00,2.200,0.000,0.000,0.000,-3.100
2016-12-03 23:00:00,1.960,0.000,0.000,0.000,-3.400
2016-12-04 00:00:00,2.060,0.000,0.000,0.000,-3.900
2016-12-04 01:00:00,1.940,0.000,0.000,0.000,-3.800
2016-12-04 02:00:00,2.120,0.000,0.000,0.000,-4.200
2016-12-04 03:00:00,2.330,0.000,0.000,0.000,-4.300
2016-12-04 04:00:00,1.920,0.000,0.000,0.000,-3.800
2016-12-04 05:00:00,1.140,0.000,0.000,0.000,-4.100
2016-12-04 06:00:00,0.710,0.000,0.000,0.000,-4.400
2016-12-04 07:00:00,1.300,0.000,0.000,0.000,-4.400
2016-12-04 08:00:00,1.800,9.000,38.200,7.000,-4.800
2016-12-04 09:00:00,1.600,55.000,132.000,38.000,-4.200
2016-12-04 10:00:00,1.320,97.000,115.600,73.000,-2.700
2016-12-04 11:00:00,1.170,148.000,222.400,92.000,-1.300
2016-12-04 12:00:00,1.360,180.000,379.300,82.000,-0.000
2016-12-04 13:00:00,1.840,164.000,427.800,67.000,0.700
2016-12-04 14:00:00,2.370,107.000,358.000,50.000,0.800
2016-12-04 15:00:00,3.220,33.000,197.500,19.000,-0.700
2016-12-04 16:00:00,3.860,0.000,0.000,0.000,-1.800
2016-12-04 17:00:00,4.130,0.000,0.000,0.000,-2.400
2016-12-04 18:00:00,4.240,0.000,0.000,0.000,-3.000
2016-12-04 19:00:00,4.220,0.000,0.000,0.000,-3.200
2016-12-04 20:00:00,4.260,0.000,0.000,0.000,-3.800
2016-12-04 21:00:00,3.820,0.000,0.000,0.000,-4.300
2016-12-04 22:00:00,3.720,0.000,0.000,0.000,-4.700
2016-12-04 23:00:00,3.920,0.000,0.000,0.000,-4.500
2016-12-05 00:00:00,4.040,0.000,0.000,0.000,-4.500
2016-12-05 01:00:00,3.800,0.000,0.000,0.000,-4.800
2016-12-05 02:00:00,3.340,0.000,0.000,0.000,-5.100
2016-12-05 03:00:00,3.080,0.000,0.000,0.000,-5.200
2016-12-05 04:00:00,2.890,0.000,0.000,0.000,-5.400
2016-12-05 05:00:00,3.010,0.000,0.000,0.000,-5.700
2016-12-05 06:00:00,3.290,0.000,0.000,0.000,-5.800
2016-12-05 07:00:00,3.670,0.000,0.000,0.000,-5.800
2016-12-05 08:00:00,3.940,13.000,95.500,8.000,-5.700
2016-12-05 09:00:00,3.940,83.000,340.800,40.000,-3.500
2016-12-05 10:00:00,2.330,165.000,516.700,59.000,-1.000
2016-12-05 11:00:00,2.060,215.000,601.100,65.000,0.700
2016-12-05 12:00:00,2.300,226.000,639.800,62.000,1.800
2016-12-05 13:00:00,2.830,191.000,599.900,56.000,2.300
2016-12-05 14:00:00,3.220,120.000,488.000,43.000,1.400
2016-12-05 15:00:00,3.260,36.000,270.700,17.000,-0.400
2016-12-05 16:00:00,3.350,0.000,0.000,0.000,-2.500
2016-12-05 17:00:00,3.650,0.000,0.000,0.000,-3.600
2016-12-05 18:00:00,4.000,0.000,0.000,0.000,-4.200
2016-12-05 19:00:00,4.100,0.000,0.000,0.000,-4.400
2016-12-05 20:00:00,4.110,0.000,0.000,0.000,-5.100
2016-12-05 21:00:00,4.160,0.000,0.000,0.000,-5.100
2016-12-05 22:00:00,3.800,0.000,0.000,0.000,-5.500
2016-12-05 23:00:00,4.140,0.000,0.000,0.000,-5.600
2016-12-06 00:00:00,4.300,0.000,0.000,0.000,-5.900
2016-12-06 01:00:00,4.270,0.000,0.000,0.000,-6.200
2016-12-06 02:00:00,4.400,0.000,0.000,0.000,-6.100
2016-12-06 03:00:00,4.590,0.000,0.000,0.000,-5.800
2016-12-06 04:00:00,4.550,0.000,0.000,0.000,-5.600
2016-12-06 05:00:00,4.310,0.000,0.000,0.000,-5.600
2016-12-06 06:00:00,4.220,0.000,0.000,0.000,-5.400
2016-12-06 07:00:00,4.250,0.000,0.000,0.000,-5.100
2016-12-06 08:00:00,4.220,9.000,57.300,6.000,-4.200
2016-12-06 09:00:00,4.020,67.000,275.100,33.000,-3.000
2016-12-06 10:00:00,3.140,103.000,231.800,56.000,-1.800
2016-12-06 11:00:00,2.900,139.000,254.700,76.000,-0.500
2016-12-06 12:00:00,3.330,145.000,279.000,74.000,0.300
2016-12-06 13:00:00,3.680,111.000,170.100,73.000,0.700
2016-12-06 14:00:00,4.040,84.000,236.400,47.000,1.000
2016-12-06 15:00:00,4.330,25.000,143.800,15.000,-0.200
2016-12-06 16:00:00,4.430,0.000,0.000,0.000,-1.100
2016-12-06 17:00:00,4.490,0.000,0.000,0.000,-1.700
2016-12-06 18:00:00,4.390,0.000,0.000,0.000,-1.900
2016-12-06 19:00:00,4.800,0.000,0.000,0.000,-2.200
2016-12-06 20:00:00,5.310,0.000,0.000,0.000,-2.200
2016-12-06 21:00:00,5.410,0.000,0.000,0.000,-2.300
2016-12-06 22:00:00,5.640,0.000,0.000,0.000,-2.600
2016-12-06 23:00:00,6.430,0.000,0.000,0.000,-2.300
2016-12-07 00:00:00,6.800,0.000,0.000,0.000,-2.300
2016-12-07 01:00:00,6.350,0.000,0.000,0.000,-2.300
2016-12-07 02:00:00,5.720,0.000,0.000,0.000,-2.300
2016-12-07 03:00:00,6.200,0.000,0.000,0.000,-2.400
2016-12-07 04:00:00,6.600,0.000,0.000,0.000,-2.300
2016-12-07 05:00:00,6.530,0.000,0.000,0.000,-2.000
2016-12-07 06:00:00,6.730,0.000,0.000,0.000,-1.600
2016-12-07 07:00:00,6.960,0.000,0.000,0.000,-1.200
2016-12-07 08:00:00,7.320,6.000,0.000,6.000,-0.900
2016-12-07 09:00:00,7.460,43.000,8.300,42.000,-0.200
2016-12-07 10:00:00,7.210,57.000,0.000,57.000,1.100
2016-12-07 11:00:00,7.670,72.000,20.400,67.000,2.100
2016-12-07 12:00:00,8.080,65.000,0.000,65.000,2.700
2016-12-07 13:00:00,8.200,62.000,4.500,61.000,3.200
2016-12-07 14:00:00,8.430,46.000,6.400,45.000,3.800
2016-12-07 15:00:00,8.650,13.000,0.000,13.000,4.000
2016-12-07 16:00:00,9.150,0.000,0.000,0.000,4.300
2016-12-07 17:00:00,9.550,0.000,0.000,0.000,4.400
2016-12-07 18:00:00,9.690,0.000,0.000,0.000,4.800
2016-12-07 19:00:00,9.900,0.000,0.000,0.000,5.200
2016-12-07 20:00:00,10.190,0.000,0.000,0.000,5.800
2016-12-07 21:00:00,10.150,0.000,0.000,0.000,5.900
2016-12-07 22:00:00,10.570,0.000,0.000,0.000,6.100
2016-12-07 23:00:00,10.900,0.000,0.000,0.000,6.200
2016-12-08 00:00:00,10.990,0.000,0.000,0.000,6.300
2016-12-08 01:00:00,10.840,0.000,0.000,0.000,6.400
2016-12-08 02:00:00,10.670,0.000,0.000,0.000,6.100
2016-12-08 03:00:00,10.730,0.000,0.000,0.000,5.900
2016-12-08 04:00:00,10.600,0.000,0.000,0.000,5.700
2016-12-08 05:00:00,10.650,0.000,0.000,0.000,5.800
2016-12-08 06:00:00,10.760,0.000,0.000,0.000,6.000
2016-12-08 07:00:00,10.880,0.000,0.000,0.000,6.000
2016-12-08 08:00:00,10.730,10.000,38.200,8.000,6.200
2016-12-08 09:00:00,10.240,74.000,294.800,39.000,6.900
2016-12-08 10:00:00,8.500,149.000,454.000,59.000,8.300
2016-12-08 11:00:00,8.420,187.000,456.100,76.000,9.000
2016-12-08 12:00:00,8.420,189.000,414.400,85.000,9.700
2016-12-08 13:00:00,8.500,129.000,163.200,93.000,9.600
2016-12-08 14:00:00,8.680,68.000,19.400,65.000,9.000
2016-12-08 15:00:00,8.830,17.000,0.000,17.000,8.100
2016-12-08 16:00:00,9.000,0.000,0.000,0.000,7.800
2016-12-08 17:00:00,9.150,0.000,0.000,0.000,7.400
2016-12-08 18:00:00,9.630,0.000,0.000,0.000,7.300
2016-12-08 19:00:00,9.630,0.000,0.000,0.000,7.200
2016-12-08 20:00:00,9.340,0.000,0.000,0.000,6.600
2016-12-08 21:00:00,9.040,0.000,0.000,0.000,6.300
2016-12-08 22:00:00,8.780,0.000,0.000,0.000,6.000
2016-12-08 23:00:00,9.270,0.000,0.000,0.000,6.500
2016-12-09 00:00:00,9.170,0.000,0.000,0.000,6.600
2016-12-09 01:00:00,9.220,0.000,0.000,0.000,6.500
2016-12-09 02:00:00,8.960,0.000,0.000,0.000,6.300
2016-12-09 03:00:00,8.860,0.000,0.000,0.000,6.300
2016-12-09 04:00:00,8.810,0.000,0.000,0.000,6.400
2016-12-09 05:00:00,8.880,0.000,0.000,0.000,6.500
2016-12-09 06:00:00,9.240,0.000,0.000,0.000,6.900
2016-12-09 07:00:00,9.340,0.000,0.000,0.000,7.200
2016-12-09 08:00:00,9.320,1.000,0.000,1.000,7.600
2016-12-09 09:00:00,8.990,9.000,0.000,9.000,8.100
2016-12-09 10:00:00,7.470,37.000,0.000,37.000,8.800
2016-12-09 11:00:00,7.160,67.000,12.400,64.000,9.000
2016-12-09 12:00:00,7.030,66.000,24.100,60.000,9.000
2016-12-09 13:00:00,6.990,58.000,18.200,54.000,8.900
2016-12-09 14:00:00,7.060,37.000,6.500,36.000,8.800
2016-12-09 15:00:00,6.840,12.000,0.000,12.000,8.600
2016-12-09 16:00:00,6.880,0.000,0.000,0.000,8.600
2016-12-09 17:00:00,7.660,0.000,0.000,0.000,8.800
2016-12-09 18:00:00,8.080,0.000,0.000,0.000,8.900
2016-12-09 19:00:00,8.360,0.000,0.000,0.000,9.200
2016-12-09 20:00:00,8.910,0.000,0.000,0.000,9.600
2016-12-09 21:00:00,9.120,0.000,0.000,0.000,9.900
2016-12-09 22:00:00,9.480,0.000,0.000,0.000,9.600
2016-12-09 23:00:00,9.530,0.000,0.000,0.000,9.100
2016-12-10 00:00:00,9.380,0.000,0.000,0.000,8.800
2016-12-10 01:00:00,9.310,0.000,0.000,0.000,8.500
2016-12-10 02:00:00,9.390,0.000,0.000,0.000,8.300
2016-12-10 03:00:00,9.620,0.000,0.000,0.000,8.200
2016-12-10 04:00:00,9.350,0.000,0.000,0.000,8.000
2016-12-10 05:00:00,9.240,0.000,0.000,0.000,7.900
2016-12-10 06:00:00,9.420,0.000,0.000,0.000,7.900
2016-12-10 07:00:00,9.530,0.000,0.000,0.000,8.000
2016-12-10 08:00:00,9.360,6.000,0.000,6.000,7.900
2016-12-10 09:00:00,9.110,41.000,8.800,40.000,7.900
2016-12-10 10:00:00,7.970,71.000,36.100,64.000,8.300
2016-12-10 11:00:00,8.070,76.000,0.000,76.000,8.400
2016-12-10 12:00:00,8.450,69.000,24.200,63.000,8.500
2016-12-10 13:00:00,8.000,28.000,0.000,28.000,8.300
2016-12-10 14:00:00,7.590,20.000,0.000,20.000,8.200
2016-12-10 15:00:00,7.300,4.000,0.000,4.000,8.100
2016-12-10 16:00:00,7.030,0.000,0.000,0.000,8.100
2016-12-10 17:00:00,6.990,0.000,0.000,0.000,8.100
2016-12-10 18:00:00,6.890,0.000,0.000,0.000,8.000
2016-12-10 19:00:00,6.610,0.000,0.000,0.000,7.900
2016-12-10 20:00:00,6.320,0.000,0.000,0.000,7.700
2016-12-10 21:00:00,5.990,0.000,0.000,0.000,7.600
2016-12-10 22:00:00,5.840,0.000,0.000,0.000,7.800
2016-12-10 23:00:00,5.950,0.000,0.000,0.000,7.900
2016-12-11 00:00:00,5.900,0.000,0.000,0.000,7.900
2016-12-11 01:00:00,6.840,0.000,0.000,0.000,7.900
2016-12-11 02:00:00,7.510,0.000,0.000,0.000,8.200
2016-12-11 03:00:00,8.560,0.000,0.000,0.000,8.600
2016-12-11 04:00:00,9.800,0.000,0.000,0.000,9.000
2016-12-11 05:00:00,10.730,0.000,0.000,0.000,9.200
2016-12-11 06:00:00,12.400,0.000,0.000,0.000,9.000
2016-12-11 07:00:00,13.720,0.000,0.000,0.000,8.200
2016-12-11 08:00:00,11.290,1.000,0.000,1.000,7.200
2016-12-11 09:00:00,9.990,17.000,0.000,17.000,6.900
2016-12-11 10:00:00,10.220,38.000,26.000,33.000,7.300
2016-12-11 11:00:00,11.830,72.000,71.400,55.000,7.700
2016-12-11 12:00:00,11.080,106.000,178.400,62.000,8.100
2016-12-11 13:00:00,10.370,85.000,96.700,64.000,8.100
2016-12-11 14:00:00,9.820,60.000,65.800,50.000,8.000
2016-12-11 15:00:00,9.920,23.000,133.500,14.000,7.600
2016-12-11 16:00:00,9.630,0.000,0.000,0.000,7.400
2016-12-11 17:00:00,9.430,0.000,0.000,0.000,7.400
2016-12-11 18:00:00,9.220,0.000,0.000,0.000,7.500
2016-12-11 19:00:00,9.110,0.000,0.000,0.000,7.400
2016-12-11 20:00:00,9.100,0.000,0.000,0.000,7.500
2016-12-11 21:00:00,9.120,0.000,0.000,0.000,7.400
2016-12-11 22:00:00,9.820,0.000,0.000,0.000,7.100
2016-12-11 23:00:00,9.410,0.000,0.000,0.000,7.200
2016-12-12 00:00:00,9.710,0.000,0.000,0.000,7.300
2016-12-12 01:00:00,9.800,0.000,0.000,0.000,7.400
2016-12-12 02:00:00,9.590,0.000,0.000,0.000,7.200
2016-12-12 03:00:00,9.460,0.000,0.000,0.000,7.000
2016-12-12 04:00:00,8.890,0.000,0.000,0.000,7.000
2016-12-12 05:00:00,8.190,0.000,0.000,0.000,7.200
2016-12-12 06:00:00,7.830,0.000,0.000,0.000,7.400
2016-12-12 07:00:00,7.190,0.000,0.000,0.000,7.300
2016-12-12 08:00:00,5.840,2.000,0.000,2.000,7.400
2016-12-12 09:00:00,4.250,16.000,0.000,16.000,7.400
2016-12-12 10:00:00,3.290,35.000,26.200,30.000,7.500
2016-12-12 11:00:00,2.210,37.000,0.000,37.000,7.100
2016-12-12 12:00:00,1.840,48.000,8.100,46.000,6.900
2016-12-12 13:00:00,1.750,39.000,9.200,37.000,6.500
2016-12-12 14:00:00,2.220,28.000,33.000,23.000,6.200
2016-12-12 15:00:00,2.920,8.000,29.800,6.000,6.000
2016-12-12 16:00:00,3.700,0.000,0.000,0.000,5.600
2016-12-12 17:00:00,4.340,0.000,0.000,0.000,5.500
2016-12-12 18:00:00,4.700,0.000,0.000,0.000,5.500
2016-12-12 19:00:00,4.720,0.000,0.000,0.000,5.600
2016-12-12 20:00:00,4.430,0.000,0.000,0.000,5.700
2016-12-12 21:00:00,4.210,0.000,0.000,0.000,5.700
2016-12-12 22:00:00,3.520,0.000,0.000,0.000,5.600
2016-12-12 23:00:00,3.580,0.000,0.000,0.000,5.700
2016-12-13 00:00:00,3.760,0.000,0.000,0.000,5.800
2016-12-13 01:00:00,3.990,0.000,0.000,0.000,5.800
2016-12-13 02:00:00,4.400,0.000,0.000,0.000,5.600
2016-12-13 03:00:00,4.620,0.000,0.000,0.000,5.400
2016-12-13 04:00:00,4.770,0.000,0.000,0.000,5.300
2016-12-13 05:00:00,5.180,0.000,0.000,0.000,5.000
2016-12-13 06:00:00,5.820,0.000,0.000,0.000,4.700
2016-12-13 07:00:00,6.110,0.000,0.000,0.000,4.200
2016-12-13 08:00:00,6.220,6.000,19.100,5.000,3.900
2016-12-13 09:00:00,5.860,56.000,221.500,32.000,4.300
2016-12-13 10:00:00,5.310,111.000,275.300,59.000,5.800
2016-12-13 11:00:00,4.790,157.000,361.200,72.000,6.200
2016-12-13 12:00:00,4.520,133.000,290.500,62.000,6.600
2016-12-13 13:00:00,4.360,74.000,129.800,46.000,6.500
2016-12-13 14:00:00,4.830,26.000,53.000,18.000,6.400
2016-12-13 15:00:00,5.170,4.000,0.000,4.000,6.300
2016-12-13 16:00:00,5.450,0.000,0.000,0.000,6.200
2016-12-13 17:00:00,5.500,0.000,0.000,0.000,6.100
2016-12-13 18:00:00,5.640,0.000,0.000,0.000,6.200
2016-12-13 19:00:00,5.720,0.000,0.000,0.000,6.200
2016-12-13 20:00:00,5.860,0.000,0.000,0.000,6.200
2016-12-13 21:00:00,5.720,0.000,0.000,0.000,6.200
2016-12-13 22:00:00,5.190,0.000,0.000,0.000,6.300
2016-12-13 23:00:00,5.280,0.000,0.000,0.000,6.300
2016-12-14 00:00:00,5.460,0.000,0.000,0.000,6.300
2016-12-14 01:00:00,5.650,0.000,0.000,0.000,6.400
2016-12-14 02:00:00,5.440,0.000,0.000,0.000,6.300
2016-12-14 03:00:00,5.100,0.000,0.000,0.000,6.400
2016-12-14 04:00:00,4.460,0.000,0.000,0.000,6.500
2016-12-14 05:00:00,3.930,0.000,0.000,0.000,6.400
2016-12-14 06:00:00,3.810,0.000,0.000,0.000,6.400
2016-12-14 07:00:00,3.770,0.000,0.000,0.000,6.300
2016-12-14 08:00:00,3.740,1.000,0.000,1.000,6.400
2016-12-14 09:00:00,3.580,8.000,0.000,8.000,6.700
2016-12-14 10:00:00,2.640,20.000,0.000,20.000,7.000
2016-12-14 11:00:00,2.060,25.000,0.000,25.000,7.200
2016-12-14 12:00:00,1.840,30.000,0.000,30.000,7.500
2016-12-14 13:00:00,1.220,27.000,0.000,27.000,7.600
2016-12-14 14:00:00,0.450,13.000,0.000,13.000,7.400
2016-12-14 15:00:00,0.630,4.000,0.000,4.000,7.300
2016-12-14 16:00:00,1.750,0.000,0.000,0.000,7.000
2016-12-14 17:00:00,2.970,0.000,0.000,0.000,6.900
2016-12-14 18:00:00,3.670,0.000,0.000,0.000,6.900
2016-12-14 19:00:00,3.810,0.000,0.000,0.000,6.800
2016-12-14 20:00:00,4.080,0.000,0.000,0.000,6.700
2016-12-14 21:00:00,4.270,0.000,0.000,0.000,6.900
2016-12-14 22:00:00,4.430,0.000,0.000,0.000,6.700
2016-12-14 23:00:00,4.830,0.000,0.000,0.000,6.600
2016-12-15 00:00:00,5.050,0.000,0.000,0.000,6.400
2016-12-15 01:00:00,4.790,0.000,0.000,0.000,6.300
2016-12-15 02:00:00,4.750,0.000,0.000,0.000,6.100
2016-12-15 03:00:00,4.660,0.000,0.000,0.000,5.900
2016-12-15 04:00:00,4.720,0.000,0.000,0.000,5.800
2016-12-15 05:00:00,4.800,0.000,0.000,0.000,5.600
2016-12-15 06:00:00,5.050,0.000,0.000,0.000,5.400
2016-12-15 07:00:00,5.460,0.000,0.000,0.000,5.100
2016-12-15 08:00:00,6.040,2.000,0.000,2.000,4.900
2016-12-15 09:00:00,6.260,25.000,19.000,23.000,4.500
2016-12-15 10:00:00,6.520,49.000,10.800,47.000,4.500
2016-12-15 11:00:00,6.200,72.000,8.600,70.000,4.500
2016-12-15 12:00:00,6.000,79.000,12.400,76.000,4.500
2016-12-15 13:00:00,5.920,65.000,9.300,63.000,4.400
2016-12-15 14:00:00,6.040,47.000,13.300,45.000,4.200
2016-12-15 15:00:00,6.480,14.000,14.900,13.000,3.800
2016-12-15 16:00:00,6.960,0.000,0.000,0.000,3.400
2016-12-15 17:00:00,7.470,0.000,0.000,0.000,3.000
2016-12-15 18:00:00,7.530,0.000,0.000,0.000,2.600
2016-12-15 19:00:00,7.600,0.000,0.000,0.000,2.300
2016-12-15 20:00:00,7.440,0.000,0.000,0.000,1.900
2016-12-15 21:00:00,7.040,0.000,0.000,0.000,1.700
2016-12-15 22:00:00,6.660,0.000,0.000,0.000,1.700
2016-12-15 23:00:00,6.620,0.000,0.000,0.000,1.400
2016-12-16 00:00:00,6.470,0.000,0.000,0.000,0.900
2016-12-16 01:00:00,6.170,0.000,0.000,0.000,0.900
2016-12-16 02:00:00,5.810,0.000,0.000,0.000,0.600
2016-12-16 03:00:00,5.880,0.000,0.000,0.000,0.700
2016-12-16 04:00:00,5.520,0.000,0.000,0.000,0.500
2016-12-16 05:00:00,5.250,0.000,0.000,0.000,0.400
2016-12-16 06:00:00,5.190,0.000,0.000,0.000,0.300
2016-12-16 07:00:00,5.050,0.000,0.000,0.000,0.500
2016-12-16 08:00:00,4.940,5.000,19.100,4.000,0.400
2016-12-16 09:00:00,4.900,51.000,154.600,35.000,0.600
2016-12-16 10:00:00,3.550,114.000,276.100,63.000,1.400
2016-12-16 11:00:00,4.000,169.000,448.300,65.000,1.700
2016-12-16 12:00:00,3.630,170.000,404.900,72.000,2.000
2016-12-16 13:00:00,3.110,166.000,494.900,60.000,2.300
2016-12-16 14:00:00,2.900,107.000,412.400,45.000,2.200
2016-12-16 15:00:00,3.000,32.000,239.100,16.000,1.200
2016-12-16 16:00:00,3.210,0.000,0.000,0.000,0.600
2016-12-16 17:00:00,3.800,0.000,0.000,0.000,0.100
2016-12-16 18:00:00,4.520,0.000,0.000,0.000,0.200
2016-12-16 19:00:00,4.810,0.000,0.000,0.000,0.000
2016-12-16 20:00:00,4.960,0.000,0.000,0.000,0.300
2016-12-16 21:00:00,5.010,0.000,0.000,0.000,0.000
2016-12-16 22:00:00,4.280,0.000,0.000,0.000,-0.800
2016-12-16 23:00:00,4.030,0.000,0.000,0.000,-1.300
2016-12-17 00:00:00,3.640,0.000,0.000,0.000,-1.700
2016-12-17 01:00:00,2.920,0.000,0.000,0.000,-1.900
2016-12-17 02:00:00,2.720,0.000,0.000,0.000,-1.800
2016-12-17 03:00:00,2.940,0.000,0.000,0.000,-2.100
2016-12-17 04:00:00,2.940,0.000,0.000,0.000,-2.200
2016-12-17 05:00:00,2.940,0.000,0.000,0.000,-2.000
2016-12-17 06:00:00,3.050,0.000,0.000,0.000,-1.600
2016-12-17 07:00:00,3.470,0.000,0.000,0.000,-1.600
2016-12-17 08:00:00,4.020,5.000,19.100,4.000,-0.800
2016-12-17 09:00:00,4.380,55.000,264.300,28.000,-0.400
2016-12-17 10:00:00,4.580,113.000,315.900,55.000,0.500
2016-12-17 11:00:00,4.580,140.000,315.800,67.000,1.300
2016-12-17 12:00:00,5.160,92.000,78.700,73.000,1.900
2016-12-17 13:00:00,5.780,76.000,121.500,50.000,2.200
2016-12-17 14:00:00,6.000,39.000,39.900,33.000,2.500
2016-12-17 15:00:00,6.140,10.000,14.900,9.000,2.600
2016-12-17 16:00:00,6.020,0.000,0.000,0.000,2.400
2016-12-17 17:00:00,6.110,0.000,0.000,0.000,2.400
2016-12-17 18:00:00,6.330,0.000,0.000,0.000,2.500
2016-12-17 19:00:00,6.490,0.000,0.000,0.000,2.500
2016-12-17 20:00:00,6.650,0.000,0.000,0.000,2.500
2016-12-17 21:00:00,6.430,0.000,0.000,0.000,2.900
2016-12-17 22:00:00,6.720,0.000,0.000,0.000,3.500
2016-12-17 23:00:00,7.040,0.000,0.000,0.000,3.800
2016-12-18 00:00:00,7.430,0.000,0.000,0.000,4.200
2016-12-18 01:00:00,7.380,0.000,0.000,0.000,4.600
2016-12-18 02:00:00,7.890,0.000,0.000,0.000,4.900
2016-12-18 03:00:00,7.600,0.000,0.000,0.000,5.100
2016-12-18 04:00:00,7.140,0.000,0.000,0.000,5.400
2016-12-18 05:00:00,7.100,0.000,0.000,0.000,5.500
2016-12-18 06:00:00,7.500,0.000,0.000,0.000,5.400
2016-12-18 07:00:00,7.610,0.000,0.000,0.000,5.200
2016-12-18 08:00:00,7.310,2.000,0.000,2.000,5.200
2016-12-18 09:00:00,7.000,21.000,49.500,16.000,5.300
2016-12-18 10:00:00,6.510,22.000,5.500,21.000,5.600
2016-12-18 11:00:00,6.310,26.000,0.000,26.000,5.800
2016-12-18 12:00:00,6.300,26.000,0.000,26.000,6.000
2016-12-18 13:00:00,6.430,28.000,0.000,28.000,6.100
2016-12-18 14:00:00,5.970,23.000,0.000,23.000,6.300
2016-12-18 15:00:00,5.610,5.000,0.000,5.000,6.400
2016-12-18 16:00:00,5.390,0.000,0.000,0.000,6.300
2016-12-18 17:00:00,5.110,0.000,0.000,0.000,6.300
2016-12-18 18:00:00,5.020,0.000,0.000,0.000,6.400
2016-12-18 19:00:00,4.610,0.000,0.000,0.000,6.500
2016-12-18 20:00:00,3.770,0.000,0.000,0.000,6.500
2016-12-18 21:00:00,2.930,0.000,0.000,0.000,6.300
2016-12-18 22:00:00,2.870,0.000,0.000,0.000,6.100
2016-12-18 23:00:00,3.110,0.000,0.000,0.000,5.800
2016-12-19 00:00:00,3.420,0.000,0.000,0.000,5.700
2016-12-19 01:00:00,3.450,0.000,0.000,0.000,5.500
2016-12-19 02:00:00,3.490,0.000,0.000,0.000,5.300
2016-12-19 03:00:00,3.000,0.000,0.000,0.000,5.000
2016-12-19 04:00:00,2.760,0.000,0.000,0.000,4.800
2016-12-19 05:00:00,2.780,0.000,0.000,0.000,4.400
2016-12-19 06:00:00,3.140,0.000,0.000,0.000,4.300
2016-12-19 07:00:00,3.190,0.000,0.000,0.000,4.200
2016-12-19 08:00:00,3.620,2.000,0.000,2.000,4.200
2016-12-19 09:00:00,4.000,17.000,0.000,17.000,4.200
2016-12-19 10:00:00,3.140,40.000,0.000,40.000,4.800
2016-12-19 11:00:00,2.900,55.000,30.500,48.000,5.200
2016-12-19 12:00:00,3.040,84.000,103.800,59.000,5.400
2016-12-19 13:00:00,3.120,98.000,135.600,69.000,5.400
2016-12-19 14:00:00,3.260,63.000,132.500,43.000,5.200
2016-12-19 15:00:00,4.160,17.000,74.100,12.000,4.600
2016-12-19 16:00:00,5.020,0.000,0.000,0.000,4.200
2016-12-19 17:00:00,4.940,0.000,0.000,0.000,4.100
2016-12-19 18:00:00,4.960,0.000,0.000,0.000,3.500
2016-12-19 19:00:00,5.190,0.000,0.000,0.000,2.700
2016-12-19 20:00:00,5.410,0.000,0.000,0.000,2.500
2016-12-19 21:00:00,5.330,0.000,0.000,0.000,2.400
2016-12-19 22:00:00,4.580,0.000,0.000,0.000,2.100
2016-12-19 23:00:00,4.660,0.000,0.000,0.000,1.700
2016-12-20 00:00:00,5.030,0.000,0.000,0.000,1.500
2016-12-20 01:00:00,5.350,0.000,0.000,0.000,1.100
2016-12-20 02:00:00,5.150,0.000,0.000,0.000,0.800
2016-12-20 03:00:00,4.580,0.000,0.000,0.000,0.500
2016-12-20 04:00:00,4.410,0.000,0.000,0.000,0.200
2016-12-20 05:00:00,4.390,0.000,0.000,0.000,0.300
2016-12-20 06:00:00,4.520,0.000,0.000,0.000,0.600
2016-12-20 07:00:00,4.730,0.000,0.000,0.000,0.300
2016-12-20 08:00:00,5.750,3.000,0.000,3.000,0.300
2016-12-20 09:00:00,5.890,42.000,131.400,29.000,0.300
2016-12-20 10:00:00,5.890,80.000,104.900,61.000,0.800
2016-12-20 11:00:00,5.660,136.000,217.900,86.000,0.800
2016-12-20 12:00:00,5.570,150.000,265.900,86.000,0.800
2016-12-20 13:00:00,5.440,129.000,238.200,78.000,0.900
2016-12-20 14:00:00,5.880,96.000,310.500,49.000,0.700
2016-12-20 15:00:00,6.170,32.000,221.400,17.000,0.500
2016-12-20 16:00:00,6.400,0.000,0.000,0.000,0.300
2016-12-20 17:00:00,6.400,0.000,0.000,0.000,0.300
2016-12-20 18:00:00,5.960,0.000,0.000,0.000,0.200
2016-12-20 19:00:00,5.730,0.000,0.000,0.000,-0.100
2016-12-20 20:00:00,5.640,0.000,0.000,0.000,-0.300
2016-12-20 21:00:00,5.640,0.000,0.000,0.000,-0.600
2016-12-20 22:00:00,4.370,0.000,0.000,0.000,-0.500
2016-12-20 23:00:00,4.980,0.000,0.000,0.000,-0.700
2016-12-21 00:00:00,5.600,0.000,0.000,0.000,-0.700
2016-12-21 01:00:00,6.360,0.000,0.000,0.000,-0.600
2016-12-21 02:00:00,6.740,0.000,0.000,0.000,-0.500
2016-12-21 03:00:00,6.970,0.000,0.000,0.000,-0.500
2016-12-21 04:00:00,7.230,0.000,0.000,0.000,-0.400
2016-12-21 05:00:00,7.780,0.000,0.000,0.000,-0.100
2016-12-21 06:00:00,7.420,0.000,0.000,0.000,0.100
2016-12-21 07:00:00,7.430,0.000,0.000,0.000,0.100
2016-12-21 08:00:00,7.550,4.000,19.100,3.000,0.400
2016-12-21 09:00:00,7.630,60.000,326.200,28.000,0.900
2016-12-21 10:00:00,7.820,133.000,465.300,49.000,2.100
2016-12-21 11:00:00,7.390,177.000,514.900,59.000,3.100
2016-12-21 12:00:00,7.570,185.000,486.000,68.000,3.700
2016-12-21 13:00:00,7.690,159.000,447.800,63.000,4.100
2016-12-21 14:00:00,7.780,100.000,322.400,51.000,4.000
2016-12-21 15:00:00,8.330,29.000,161.400,18.000,3.300
2016-12-21 16:00:00,8.900,0.000,0.000,0.000,2.600
2016-12-21 17:00:00,9.200,0.000,0.000,0.000,2.200
2016-12-21 18:00:00,9.170,0.000,0.000,0.000,1.800
2016-12-21 19:00:00,8.900,0.000,0.000,0.000,1.600
2016-12-21 20:00:00,8.820,0.000,0.000,0.000,1.400
2016-12-21 21:00:00,8.820,0.000,0.000,0.000,1.300
2016-12-21 22:00:00,8.010,0.000,0.000,0.000,1.200
2016-12-21 23:00:00,8.010,0.000,0.000,0.000,1.100
2016-12-22 00:00:00,8.050,0.000,0.000,0.000,1.100
2016-12-22 01:00:00,8.050,0.000,0.000,0.000,1.200
2016-12-22 02:00:00,7.930,0.000,0.000,0.000,1.500
2016-12-22 03:00:00,7.820,0.000,0.000,0.000,1.800
2016-12-22 04:00:00,7.380,0.000,0.000,0.000,1.900
2016-12-22 05:00:00,7.240,0.000,0.000,0.000,2.100
2016-12-22 06:00:00,7.160,0.000,0.000,0.000,2.100
2016-12-22 07:00:00,7.260,0.000,0.000,0.000,2.100
2016-12-22 08:00:00,7.350,1.000,0.000,1.000,2.100
2016-12-22 09:00:00,6.980,4.000,0.000,4.000,2.200
2016-12-22 10:00:00,6.440,10.000,0.000,10.000,2.400
2016-12-22 11:00:00,6.480,18.000,0.000,18.000,2.600
2016-12-22 12:00:00,6.230,29.000,0.000,29.000,3.000
2016-12-22 13:00:00,6.060,26.000,0.000,26.000,3.300
2016-12-22 14:00:00,5.900,23.000,0.000,23.000,3.700
2016-12-22 15:00:00,6.010,8.000,0.000,8.000,3.800
2016-12-22 16:00:00,6.220,0.000,0.000,0.000,3.900
2016-12-22 17:00:00,6.360,0.000,0.000,0.000,4.000
2016-12-22 18:00:00,6.510,0.000,0.000,0.000,4.000
2016-12-22 19:00:00,6.590,0.000,0.000,0.000,4.100
2016-12-22 20:00:00,6.740,0.000,0.000,0.000,4.100
2016-12-22 21:00:00,6.820,0.000,0.000,0.000,4.200
2016-12-22 22:00:00,7.140,0.000,0.000,0.000,4.400
2016-12-22 23:00:00,7.300,0.000,0.000,0.000,4.400
2016-12-23 00:00:00,7.450,0.000,0.000,0.000,4.300
2016-12-23 01:00:00,7.740,0.000,0.000,0.000,4.300
2016-12-23 02:00:00,7.770,0.000,0.000,0.000,4.200
2016-12-23 03:00:00,8.060,0.000,0.000,0.000,4.400
2016-12-23 04:00:00,8.240,0.000,0.000,0.000,4.500
2016-12-23 05:00:00,8.380,0.000,0.000,0.000,4.300
2016-12-23 06:00:00,8.210,0.000,0.000,0.000,4.400
2016-12-23 07:00:00,7.880,0.000,0.000,0.000,4.400
2016-12-23 08:00:00,7.590,2.000,0.000,2.000,4.700
2016-12-23 09:00:00,7.340,32.000,31.000,29.000,5.200
2016-12-23 10:00:00,6.790,67.000,83.400,52.000,5.700
2016-12-23 11:00:00,6.450,83.000,26.200,77.000,6.100
2016-12-23 12:00:00,6.860,107.000,78.800,88.000,6.500
2016-12-23 13:00:00,6.800,93.000,46.400,83.000,7.000
2016-12-23 14:00:00,7.520,70.000,136.700,49.000,7.000
2016-12-23 15:00:00,7.780,19.000,57.800,15.000,6.900
2016-12-23 16:00:00,7.990,0.000,0.000,0.000,6.300
2016-12-23 17:00:00,8.360,0.000,0.000,0.000,5.700
2016-12-23 18:00:00,9.000,0.000,0.000,0.000,5.000
2016-12-23 19:00:00,9.530,0.000,0.000,0.000,4.500
2016-12-23 20:00:00,10.090,0.000,0.000,0.000,4.200
2016-12-23 21:00:00,10.020,0.000,0.000,0.000,4.200
2016-12-23 22:00:00,10.340,0.000,0.000,0.000,3.700
2016-12-23 23:00:00,11.010,0.000,0.000,0.000,3.900
2016-12-24 00:00:00,10.790,0.000,0.000,0.000,4.400
2016-12-24 01:00:00,10.680,0.000,0.000,0.000,4.800
2016-12-24 02:00:00,10.810,0.000,0.000,0.000,5.100
2016-12-24 03:00:00,10.680,0.000,0.000,0.000,5.500
2016-12-24 04:00:00,10.520,0.000,0.000,0.000,5.800
2016-12-24 05:00:00,10.150,0.000,0.000,0.000,6.100
2016-12-24 06:00:00,9.760,0.000,0.000,0.000,6.300
2016-12-24 07:00:00,9.430,0.000,0.000,0.000,6.600
2016-12-24 08:00:00,9.190,2.000,0.000,2.000,6.700
2016-12-24 09:00:00,9.320,23.000,10.400,22.000,6.900
2016-12-24 10:00:00,9.600,57.000,11.100,55.000,7.100
2016-12-24 11:00:00,9.520,118.000,165.900,80.000,7.500
2016-12-24 12:00:00,10.060,161.000,322.900,83.000,7.900
2016-12-24 13:00:00,10.720,114.000,245.200,61.000,7.900
2016-12-24 14:00:00,11.840,87.000,265.200,46.000,7.900
2016-12-24 15:00:00,12.130,25.000,129.000,16.000,7.500
2016-12-24 16:00:00,12.230,0.000,0.000,0.000,7.100
2016-12-24 17:00:00,12.450,0.000,0.000,0.000,7.100
2016-12-24 18:00:00,11.650,0.000,0.000,0.000,7.000
2016-12-24 19:00:00,11.420,0.000,0.000,0.000,7.300
2016-12-24 20:00:00,11.890,0.000,0.000,0.000,7.400
2016-12-24 21:00:00,12.180,0.000,0.000,0.000,7.400
2016-12-24 22:00:00,13.340,0.000,0.000,0.000,7.200
2016-12-24 23:00:00,13.370,0.000,0.000,0.000,7.300
2016-12-25 00:00:00,13.300,0.000,0.000,0.000,7.300
2016-12-25 01:00:00,12.400,0.000,0.000,0.000,7.200
2016-12-25 02:00:00,11.290,0.000,0.000,0.000,7.200
2016-12-25 03:00:00,11.050,0.000,0.000,0.000,7.400
2016-12-25 04:00:00,10.920,0.000,0.000,0.000,7.700
2016-12-25 05:00:00,11.430,0.000,0.000,0.000,7.900
2016-12-25 06:00:00,11.550,0.000,0.000,0.000,8.000
2016-12-25 07:00:00,11.010,0.000,0.000,0.000,8.100
2016-12-25 08:00:00,10.580,1.000,0.000,1.000,8.000
2016-12-25 09:00:00,10.940,5.000,0.000,5.000,8.000
2016-12-25 10:00:00,10.940,10.000,0.000,10.000,8.200
2016-12-25 11:00:00,11.230,22.000,0.000,22.000,8.600
2016-12-25 12:00:00,11.260,19.000,0.000,19.000,9.000
2016-12-25 13:00:00,11.040,17.000,0.000,17.000,9.300
2016-12-25 14:00:00,10.870,15.000,0.000,15.000,9.500
2016-12-25 15:00:00,10.800,5.000,0.000,5.000,9.500
2016-12-25 16:00:00,10.960,0.000,0.000,0.000,9.700
2016-12-25 17:00:00,10.730,0.000,0.000,0.000,9.700
2016-12-25 18:00:00,10.720,0.000,0.000,0.000,9.800
2016-12-25 19:00:00,11.290,0.000,0.000,0.000,9.900
2016-12-25 20:00:00,11.460,0.000,0.000,0.000,10.000
2016-12-25 21:00:00,11.290,0.000,0.000,0.000,10.200
2016-12-25 22:00:00,10.980,0.000,0.000,0.000,10.300
2016-12-25 23:00:00,11.330,0.000,0.000,0.000,10.400
2016-12-26 00:00:00,11.240,0.000,0.000,0.000,10.500
2016-12-26 01:00:00,10.860,0.000,0.000,0.000,10.600
2016-12-26 02:00:00,10.700,0.000,0.000,0.000,10.700
2016-12-26 03:00:00,10.920,0.000,0.000,0.000,10.700
2016-12-26 04:00:00,11.270,0.000,0.000,0.000,10.600
2016-12-26 05:00:00,11.490,0.000,0.000,0.000,10.400
2016-12-26 06:00:00,11.720,0.000,0.000,0.000,10.200
2016-12-26 07:00:00,11.950,0.000,0.000,0.000,10.300
2016-12-26 08:00:00,12.170,1.000,0.000,1.000,10.200
2016-12-26 09:00:00,12.140,6.000,0.000,6.000,10.200
2016-12-26 10:00:00,12.630,14.000,0.000,14.000,9.300
2016-12-26 11:00:00,11.640,25.000,0.000,25.000,7.800
2016-12-26 12:00:00,11.020,49.000,49.400,37.000,7.400
2016-12-26 13:00:00,12.380,92.000,201.800,48.000,7.600
2016-12-26 14:00:00,13.300,79.000,191.100,49.000,7.400
2016-12-26 15:00:00,13.620,34.000,224.600,18.000,6.900
2016-12-26 16:00:00,13.830,0.000,0.000,0.000,6.500
2016-12-26 17:00:00,13.420,0.000,0.000,0.000,6.400
2016-12-26 18:00:00,13.300,0.000,0.000,0.000,6.100
2016-12-26 19:00:00,13.600,0.000,0.000,0.000,5.900
2016-12-26 20:00:00,13.610,0.000,0.000,0.000,5.600
2016-12-26 21:00:00,14.120,0.000,0.000,0.000,5.300
2016-12-26 22:00:00,14.010,0.000,0.000,0.000,5.100
2016-12-26 23:00:00,13.810,0.000,0.000,0.000,5.300
2016-12-27 00:00:00,13.800,0.000,0.000,0.000,5.600
2016-12-27 01:00:00,13.200,0.000,0.000,0.000,5.700
2016-12-27 02:00:00,12.820,0.000,0.000,0.000,5.700
2016-12-27 03:00:00,13.110,0.000,0.000,0.000,5.900
2016-12-27 04:00:00,13.420,0.000,0.000,0.000,6.000
2016-12-27 05:00:00,13.710,0.000,0.000,0.000,5.800
2016-12-27 06:00:00,13.570,0.000,0.000,0.000,5.800
2016-12-27 07:00:00,13.050,0.000,0.000,0.000,6.100
2016-12-27 08:00:00,12.530,2.000,0.000,2.000,6.500
2016-12-27 09:00:00,12.500,43.000,198.800,24.000,6.800
2016-12-27 10:00:00,12.240,81.000,194.800,46.000,7.200
2016-12-27 11:00:00,11.010,152.000,404.000,59.000,7.900
2016-12-27 12:00:00,10.430,169.000,451.500,59.000,8.400
2016-12-27 13:00:00,12.040,128.000,296.600,63.000,8.600
2016-12-27 14:00:00,11.490,79.000,246.200,40.000,8.500
2016-12-27 15:00:00,10.770,14.000,13.900,13.000,8.500
2016-12-27 16:00:00,10.530,0.000,0.000,0.000,8.300
2016-12-27 17:00:00,10.520,0.000,0.000,0.000,8.100
2016-12-27 18:00:00,10.200,0.000,0.000,0.000,8.100
2016-12-27 19:00:00,9.700,0.000,0.000,0.000,8.100
2016-12-27 20:00:00,9.720,0.000,0.000,0.000,8.100
2016-12-27 21:00:00,9.730,0.000,0.000,0.000,7.700
2016-12-27 22:00:00,9.620,0.000,0.000,0.000,7.300
2016-12-27 23:00:00,9.430,0.000,0.000,0.000,6.900
2016-12-28 00:00:00,9.530,0.000,0.000,0.000,6.900
2016-12-28 01:00:00,9.640,0.000,0.000,0.000,6.900
2016-12-28 02:00:00,8.880,0.000,0.000,0.000,6.700
2016-12-28 03:00:00,8.020,0.000,0.000,0.000,6.500
2016-12-28 04:00:00,8.130,0.000,0.000,0.000,6.500
2016-12-28 05:00:00,8.190,0.000,0.000,0.000,6.400
2016-12-28 06:00:00,7.650,0.000,0.000,0.000,6.300
2016-12-28 07:00:00,7.470,0.000,0.000,0.000,6.300
2016-12-28 08:00:00,7.250,1.000,0.000,1.000,6.200
2016-12-28 09:00:00,6.660,14.000,0.000,14.000,6.300
2016-12-28 10:00:00,6.130,33.000,0.000,33.000,6.500
2016-12-28 11:00:00,5.850,83.000,95.300,61.000,6.500
2016-12-28 12:00:00,5.910,98.000,143.100,63.000,6.800
2016-12-28 13:00:00,5.820,71.000,90.700,51.000,6.800
2016-12-28 14:00:00,5.590,34.000,6.300,33.000,6.700
2016-12-28 15:00:00,5.320,11.000,0.000,11.000,6.500
2016-12-28 16:00:00,5.240,0.000,0.000,0.000,6.400
2016-12-28 17:00:00,4.830,0.000,0.000,0.000,6.200
2016-12-28 18:00:00,4.210,0.000,0.000,0.000,6.100
2016-12-28 19:00:00,3.960,0.000,0.000,0.000,6.000
2016-12-28 20:00:00,3.790,0.000,0.000,0.000,5.600
2016-12-28 21:00:00,3.510,0.000,0.000,0.000,5.700
2016-12-28 22:00:00,3.550,0.000,0.000,0.000,5.500
2016-12-28 23:00:00,3.760,0.000,0.000,0.000,5.200
2016-12-29 00:00:00,4.050,0.000,0.000,0.000,5.100
2016-12-29 01:00:00,3.830,0.000,0.000,0.000,4.600
2016-12-29 02:00:00,3.470,0.000,0.000,0.000,4.200
2016-12-29 03:00:00,3.350,0.000,0.000,0.000,3.700
2016-12-29 04:00:00,2.670,0.000,0.000,0.000,3.500
2016-12-29 05:00:00,2.560,0.000,0.000,0.000,3.200
2016-12-29 06:00:00,2.980,0.000,0.000,0.000,2.000
2016-12-29 07:00:00,3.040,0.000,0.000,0.000,2.100
2016-12-29 08:00:00,2.920,3.000,19.100,2.000,1.500
2016-12-29 09:00:00,3.420,55.000,261.300,30.000,2.500
2016-12-29 10:00:00,4.080,127.000,399.200,55.000,3.700
2016-12-29 11:00:00,3.420,159.000,384.400,70.000,4.600
2016-12-29 12:00:00,3.310,195.000,557.700,58.000,5.400
2016-12-29 13:00:00,3.090,167.000,487.000,59.000,5.800
2016-12-29 14:00:00,3.310,119.000,458.000,45.000,5.600
2016-12-29 15:00:00,4.030,40.000,270.600,20.000,4.300
2016-12-29 16:00:00,4.700,0.000,0.000,0.000,2.700
2016-12-29 17:00:00,5.460,0.000,0.000,0.000,1.800
2016-12-29 18:00:00,5.820,0.000,0.000,0.000,1.100
2016-12-29 19:00:00,5.860,0.000,0.000,0.000,0.400
2016-12-29 20:00:00,5.750,0.000,0.000,0.000,-0.200
2016-12-29 21:00:00,5.690,0.000,0.000,0.000,-0.700
2016-12-29 22:00:00,5.440,0.000,0.000,0.000,-1.000
2016-12-29 23:00:00,5.520,0.000,0.000,0.000,-1.200
2016-12-30 00:00:00,5.300,0.000,0.000,0.000,-1.400
2016-12-30 01:00:00,5.240,0.000,0.000,0.000,-2.100
2016-12-30 02:00:00,5.520,0.000,0.000,0.000,-1.900
2016-12-30 03:00:00,5.730,0.000,0.000,0.000,-2.100
2016-12-30 04:00:00,5.870,0.000,0.000,0.000,-2.100
2016-12-30 05:00:00,5.960,0.000,0.000,0.000,-2.100
2016-12-30 06:00:00,6.250,0.000,0.000,0.000,-2.100
2016-12-30 07:00:00,6.440,0.000,0.000,0.000,-2.200
2016-12-30 08:00:00,6.740,4.000,19.100,3.000,-2.200
2016-12-30 09:00:00,6.700,62.000,333.700,30.000,-0.600
2016-12-30 10:00:00,6.330,139.000,480.900,52.000,1.300
2016-12-30 11:00:00,6.510,184.000,490.600,70.000,3.000
2016-12-30 12:00:00,6.050,198.000,510.500,72.000,4.100
2016-12-30 13:00:00,5.820,170.000,479.200,63.000,4.600
2016-12-30 14:00:00,6.000,114.000,391.900,50.000,4.600
2016-12-30 15:00:00,6.520,43.000,280.200,22.000,3.300
2016-12-30 16:00:00,6.880,0.000,0.000,0.000,1.800
2016-12-30 17:00:00,7.100,0.000,0.000,0.000,0.900
2016-12-30 18:00:00,7.190,0.000,0.000,0.000,0.400
2016-12-30 19:00:00,7.190,0.000,0.000,0.000,0.200
2016-12-30 20:00:00,7.160,0.000,0.000,0.000,0.000
2016-12-30 21:00:00,6.960,0.000,0.000,0.000,-0.300
2016-12-30 22:00:00,6.720,0.000,0.000,0.000,-0.600
2016-12-30 23:00:00,6.950,0.000,0.000,0.000,-0.700
2016-12-31 00:00:00,7.120,0.000,0.000,0.000,-0.800
2016-12-31 01:00:00,7.160,0.000,0.000,0.000,-0.600
2016-12-31 02:00:00,7.470,0.000,0.000,0.000,-0.900
2016-12-31 03:00:00,7.650,0.000,0.000,0.000,-1.000
2016-12-31 04:00:00,7.830,0.000,0.000,0.000,-1.000
2016-12-31 05:00:00,7.920,0.000,0.000,0.000,-1.300
2016-12-31 06:00:00,7.650,0.000,0.000,0.000,-1.300
2016-12-31 07:00:00,7.470,0.000,0.000,0.000,-1.500
2016-12-31 08:00:00,7.380,3.000,19.100,2.000,-1.700
2016-12-31 09:00:00,7.210,51.000,249.300,27.000,-0.600
2016-12-31 10:00:00,7.190,109.000,302.900,54.000,0.700
2016-12-31 11:00:00,6.540,148.000,394.300,56.000,1.300
2016-12-31 12:00:00,6.320,165.000,403.000,65.000,1.800
2016-12-31 13:00:00,6.320,145.000,386.900,58.000,2.000
2016-12-31 14:00:00,6.540,89.000,278.500,43.000,1.900
2016-12-31 15:00:00,7.080,34.000,210.400,18.000,1.700
2016-12-31 16:00:00,7.420,0.000,0.000,0.000,1.400
2016-12-31 17:00:00,7.660,0.000,0.000,0.000,1.700
2016-12-31 18:00:00,7.900,0.000,0.000,0.000,1.800
2016-12-31 19:00:00,8.110,0.000,0.000,0.000,2.100
2016-12-31 20:00:00,8.260,0.000,0.000,0.000,2.200
2016-12-31 21:00:00,8.240,0.000,0.000,0.000,2.600
2016-12-31 22:00:00,8.180,0.000,0.000,0.000,3.100
2016-12-31 23:00:00,8.180,0.000,0.000,0.000,3.000
