time,ws100,ghi,dni,dhi,t2m
2015-01-01 00:00:00,7.350,0.000,0.000,0.000,4.000
2015-01-01 01:00:00,7.160,0.000,0.000,0.000,3.800
2015-01-01 02:00:00,7.020,0.000,0.000,0.000,3.400
2015-01-01 03:00:00,7.150,0.000,0.000,0.000,2.900
2015-01-01 04:00:00,7.350,0.000,0.000,0.000,2.600
2015-01-01 05:00:00,8.300,0.000,0.000,0.000,2.300
2015-01-01 06:00:00,7.610,0.000,0.000,0.000,1.900
2015-01-01 07:00:00,8.060,0.000,0.000,0.000,1.800
2015-01-01 08:00:00,8.380,4.000,19.100,3.000,1.700
2015-01-01 09:00:00,8.450,60.000,322.000,29.000,1.800
2015-01-01 10:00:00,9.040,137.000,473.400,51.000,3.000
2015-01-01 11:00:00,7.820,186.000,522.300,64.000,4.100
2015-01-01 12:00:00,8.200,179.000,374.200,86.000,4.700
2015-01-01 13:00:00,8.320,175.000,488.100,65.000,5.100
2015-01-01 14:00:00,9.970,91.000,138.700,68.000,5.100
2015-01-01 15:00:00,9.380,26.000,0.000,26.000,4.700
2015-01-01 16:00:00,9.270,0.000,0.000,0.000,4.300
2015-01-01 17:00:00,9.310,0.000,0.000,0.000,4.100
2015-01-01 18:00:00,9.580,0.000,0.000,0.000,4.100
2015-01-01 19:00:00,9.900,0.000,0.000,0.000,4.000
2015-01-01 20:00:00,10.130,0.000,0.000,0.000,4.100
2015-01-01 21:00:00,10.930,0.000,0.000,0.000,4.400
2015-01-01 22:00:00,11.540,0.000,0.000,0.000,4.600
2015-01-01 23:00:00,11.960,0.000,0.000,0.000,4.900
2015-01-02 00:00:00,12.380,0.000,0.000,0.000,5.500
2015-01-02 01:00:00,13.250,0.000,0.000,0.000,5.900
2015-01-02 02:00:00,13.740,0.000,0.000,0.000,6.000
2015-01-02 03:00:00,13.670,0.000,0.000,0.000,5.400
2015-01-02 04:00:00,14.120,0.000,0.000,0.000,5.200
2015-01-02 05:00:00,14.070,0.000,0.000,0.000,5.400
2015-01-02 06:00:00,14.310,0.000,0.000,0.000,5.500
2015-01-02 07:00:00,14.360,0.000,0.000,0.000,5.600
2015-01-02 08:00:00,14.310,0.000,0.000,0.000,5.900
2015-01-02 09:00:00,14.060,5.000,0.000,5.000,6.400
2015-01-02 10:00:00,13.660,16.000,0.000,16.000,7.300
2015-01-02 11:00:00,13.090,35.000,29.800,28.000,8.000
2015-01-02 12:00:00,13.710,85.000,136.000,51.000,8.100
2015-01-02 13:00:00,12.830,162.000,440.300,62.000,7.900
2015-01-02 14:00:00,12.500,118.000,435.200,45.000,7.600
2015-01-02 15:00:00,12.500,35.000,206.400,19.000,7.200
2015-01-02 16:00:00,12.300,1.000,0.000,1.000,6.900
2015-01-02 17:00:00,12.500,0.000,0.000,0.000,6.700
2015-01-02 18:00:00,12.600,0.000,0.000,0.000,6.500
2015-01-02 19:00:00,12.500,0.000,0.000,0.000,6.200
2015-01-02 20:00:00,12.130,0.000,0.000,0.000,5.900
2015-01-02 21:00:00,12.150,0.000,0.000,0.000,5.700
2015-01-02 22:00:00,12.550,0.000,0.000,0.000,5.500
2015-01-02 23:00:00,12.500,0.000,0.000,0.000,5.400
2015-01-03 00:00:00,12.600,0.000,0.000,0.000,5.300
2015-01-03 01:00:00,12.200,0.000,0.000,0.000,5.100
2015-01-03 02:00:00,11.600,0.000,0.000,0.000,4.900
2015-01-03 03:00:00,10.950,0.000,0.000,0.000,4.600
2015-01-03 04:00:00,10.580,0.000,0.000,0.000,4.300
2015-01-03 05:00:00,10.850,0.000,0.000,0.000,3.900
2015-01-03 06:00:00,11.290,0.000,0.000,0.000,3.800
2015-01-03 07:00:00,11.020,0.000,0.000,0.000,3.700
2015-01-03 08:00:00,11.450,3.000,0.000,3.000,3.700
2015-01-03 09:00:00,11.580,30.000,0.000,30.000,3.800
2015-01-03 10:00:00,11.380,68.000,5.400,67.000,4.800
2015-01-03 11:00:00,10.440,97.000,16.900,93.000,5.000
2015-01-03 12:00:00,9.980,96.000,11.900,93.000,4.900
2015-01-03 13:00:00,9.970,104.000,17.500,100.000,4.800
2015-01-03 14:00:00,10.310,78.000,58.900,68.000,4.500
2015-01-03 15:00:00,9.900,33.000,38.100,30.000,4.100
2015-01-03 16:00:00,9.430,1.000,0.000,1.000,3.900
2015-01-03 17:00:00,8.760,0.000,0.000,0.000,3.600
2015-01-03 18:00:00,8.900,0.000,0.000,0.000,3.400
2015-01-03 19:00:00,9.030,0.000,0.000,0.000,3.200
2015-01-03 20:00:00,9.000,0.000,0.000,0.000,2.900
2015-01-03 21:00:00,9.110,0.000,0.000,0.000,3.100
2015-01-03 22:00:00,9.490,0.000,0.000,0.000,3.500
2015-01-03 23:00:00,9.610,0.000,0.000,0.000,3.400
2015-01-04 00:00:00,10.150,0.000,0.000,0.000,3.300
2015-01-04 01:00:00,10.340,0.000,0.000,0.000,3.300
2015-01-04 02:00:00,10.290,0.000,0.000,0.000,3.200
2015-01-04 03:00:00,10.360,0.000,0.000,0.000,3.200
2015-01-04 04:00:00,10.380,0.000,0.000,0.000,3.400
2015-01-04 05:00:00,9.930,0.000,0.000,0.000,3.200
2015-01-04 06:00:00,9.580,0.000,0.000,0.000,3.100
2015-01-04 07:00:00,9.360,0.000,0.000,0.000,3.000
2015-01-04 08:00:00,9.180,3.000,19.100,2.000,2.800
2015-01-04 09:00:00,8.900,49.000,243.900,25.000,3.200
2015-01-04 10:00:00,8.750,124.000,395.300,51.000,4.000
2015-01-04 11:00:00,8.420,150.000,370.500,62.000,4.700
2015-01-04 12:00:00,8.820,177.000,418.400,71.000,5.300
2015-01-04 13:00:00,8.510,169.000,463.100,62.000,5.600
2015-01-04 14:00:00,9.580,105.000,348.600,45.000,5.700
2015-01-04 15:00:00,9.430,42.000,223.300,24.000,5.200
2015-01-04 16:00:00,8.920,1.000,0.000,1.000,4.600
2015-01-04 17:00:00,8.500,0.000,0.000,0.000,4.100
2015-01-04 18:00:00,8.360,0.000,0.000,0.000,3.800
2015-01-04 19:00:00,7.950,0.000,0.000,0.000,3.600
2015-01-04 20:00:00,7.760,0.000,0.000,0.000,3.700
2015-01-04 21:00:00,7.680,0.000,0.000,0.000,3.800
2015-01-04 22:00:00,8.220,0.000,0.000,0.000,3.200
2015-01-04 23:00:00,8.510,0.000,0.000,0.000,3.000
2015-01-05 00:00:00,8.620,0.000,0.000,0.000,3.100
2015-01-05 01:00:00,8.600,0.000,0.000,0.000,2.900
2015-01-05 02:00:00,8.610,0.000,0.000,0.000,2.800
2015-01-05 03:00:00,8.920,0.000,0.000,0.000,2.400
2015-01-05 04:00:00,9.210,0.000,0.000,0.000,2.200
2015-01-05 05:00:00,9.230,0.000,0.000,0.000,2.100
2015-01-05 06:00:00,9.240,0.000,0.000,0.000,2.100
2015-01-05 07:00:00,8.810,0.000,0.000,0.000,2.200
2015-01-05 08:00:00,8.300,2.000,0.000,2.000,2.100
2015-01-05 09:00:00,7.910,23.000,40.300,19.000,2.200
2015-01-05 10:00:00,7.100,55.000,37.600,48.000,2.700
2015-01-05 11:00:00,6.600,63.000,4.200,62.000,3.000
2015-01-05 12:00:00,6.510,60.000,0.000,60.000,3.100
2015-01-05 13:00:00,6.030,46.000,0.000,46.000,3.300
2015-01-05 14:00:00,6.020,37.000,0.000,37.000,3.400
2015-01-05 15:00:00,5.740,16.000,0.000,16.000,3.500
2015-01-05 16:00:00,5.650,0.000,0.000,0.000,3.300
2015-01-05 17:00:00,5.760,0.000,0.000,0.000,3.000
2015-01-05 18:00:00,5.730,0.000,0.000,0.000,2.900
2015-01-05 19:00:00,5.370,0.000,0.000,0.000,2.600
2015-01-05 20:00:00,4.960,0.000,0.000,0.000,2.500
2015-01-05 21:00:00,4.880,0.000,0.000,0.000,2.400
2015-01-05 22:00:00,4.440,0.000,0.000,0.000,2.200
2015-01-05 23:00:00,4.280,0.000,0.000,0.000,2.200
2015-01-06 00:00:00,3.910,0.000,0.000,0.000,2.200
2015-01-06 01:00:00,3.750,0.000,0.000,0.000,1.900
2015-01-06 02:00:00,3.700,0.000,0.000,0.000,1.800
2015-01-06 03:00:00,3.580,0.000,0.000,0.000,1.600
2015-01-06 04:00:00,2.910,0.000,0.000,0.000,1.800
2015-01-06 05:00:00,2.810,0.000,0.000,0.000,1.700
2015-01-06 06:00:00,3.540,0.000,0.000,0.000,1.700
2015-01-06 07:00:00,4.250,0.000,0.000,0.000,1.800
2015-01-06 08:00:00,4.740,3.000,0.000,3.000,2.000
2015-01-06 09:00:00,4.610,42.000,89.600,33.000,2.100
2015-01-06 10:00:00,4.300,104.000,144.100,77.000,2.700
2015-01-06 11:00:00,4.340,129.000,145.300,94.000,3.100
2015-01-06 12:00:00,4.620,142.000,136.100,107.000,3.500
2015-01-06 13:00:00,4.340,122.000,114.700,95.000,3.600
2015-01-06 14:00:00,4.700,90.000,96.100,73.000,3.500
2015-01-06 15:00:00,5.940,39.000,35.000,36.000,3.000
2015-01-06 16:00:00,6.660,1.000,0.000,1.000,2.600
2015-01-06 17:00:00,6.600,0.000,0.000,0.000,2.200
2015-01-06 18:00:00,6.510,0.000,0.000,0.000,1.700
2015-01-06 19:00:00,6.660,0.000,0.000,0.000,1.400
2015-01-06 20:00:00,6.770,0.000,0.000,0.000,1.300
2015-01-06 21:00:00,7.050,0.000,0.000,0.000,1.400
2015-01-06 22:00:00,7.060,0.000,0.000,0.000,1.500
2015-01-06 23:00:00,7.420,0.000,0.000,0.000,1.300
2015-01-07 00:00:00,7.380,0.000,0.000,0.000,1.500
2015-01-07 01:00:00,7.340,0.000,0.000,0.000,2.100
2015-01-07 02:00:00,7.020,0.000,0.000,0.000,2.500
2015-01-07 03:00:00,7.450,0.000,0.000,0.000,2.900
2015-01-07 04:00:00,7.710,0.000,0.000,0.000,3.200
2015-01-07 05:00:00,7.810,0.000,0.000,0.000,3.600
2015-01-07 06:00:00,7.690,0.000,0.000,0.000,4.300
2015-01-07 07:00:00,7.300,0.000,0.000,0.000,4.600
2015-01-07 08:00:00,6.720,2.000,0.000,2.000,4.700
2015-01-07 09:00:00,5.910,33.000,78.700,25.000,4.800
2015-01-07 10:00:00,5.630,72.000,42.400,64.000,4.800
2015-01-07 11:00:00,6.720,100.000,57.700,86.000,5.300
2015-01-07 12:00:00,7.140,104.000,27.000,97.000,5.500
2015-01-07 13:00:00,7.160,54.000,0.000,54.000,5.700
2015-01-07 14:00:00,7.040,49.000,11.100,47.000,5.700
2015-01-07 15:00:00,7.000,27.000,45.200,23.000,5.100
2015-01-07 16:00:00,7.080,1.000,0.000,1.000,4.300
2015-01-07 17:00:00,7.370,0.000,0.000,0.000,3.700
2015-01-07 18:00:00,7.780,0.000,0.000,0.000,3.200
2015-01-07 19:00:00,7.940,0.000,0.000,0.000,3.500
2015-01-07 20:00:00,8.040,0.000,0.000,0.000,3.400
2015-01-07 21:00:00,8.380,0.000,0.000,0.000,3.400
2015-01-07 22:00:00,8.860,0.000,0.000,0.000,3.000
2015-01-07 23:00:00,9.010,0.000,0.000,0.000,2.900
2015-01-08 00:00:00,8.800,0.000,0.000,0.000,2.900
2015-01-08 01:00:00,9.190,0.000,0.000,0.000,2.900
2015-01-08 02:00:00,9.600,0.000,0.000,0.000,2.900
2015-01-08 03:00:00,9.570,0.000,0.000,0.000,3.200
2015-01-08 04:00:00,9.580,0.000,0.000,0.000,3.400
2015-01-08 05:00:00,9.690,0.000,0.000,0.000,3.500
2015-01-08 06:00:00,9.700,0.000,0.000,0.000,3.900
2015-01-08 07:00:00,9.840,0.000,0.000,0.000,4.100
2015-01-08 08:00:00,9.560,0.000,0.000,0.000,4.400
2015-01-08 09:00:00,9.560,8.000,0.000,8.000,4.900
2015-01-08 10:00:00,8.910,18.000,0.000,18.000,5.500
2015-01-08 11:00:00,8.980,18.000,0.000,18.000,6.200
2015-01-08 12:00:00,8.630,18.000,0.000,18.000,6.500
2015-01-08 13:00:00,9.040,18.000,0.000,18.000,6.800
2015-01-08 14:00:00,9.280,10.000,0.000,10.000,6.800
2015-01-08 15:00:00,9.010,4.000,0.000,4.000,6.900
2015-01-08 16:00:00,8.460,0.000,0.000,0.000,7.000
2015-01-08 17:00:00,8.130,0.000,0.000,0.000,7.100
2015-01-08 18:00:00,8.420,0.000,0.000,0.000,6.500
2015-01-08 19:00:00,9.720,0.000,0.000,0.000,5.500
2015-01-08 20:00:00,9.610,0.000,0.000,0.000,4.900
2015-01-08 21:00:00,10.040,0.000,0.000,0.000,5.300
2015-01-08 22:00:00,11.210,0.000,0.000,0.000,5.600
2015-01-08 23:00:00,10.710,0.000,0.000,0.000,5.500
2015-01-09 00:00:00,10.700,0.000,0.000,0.000,5.600
2015-01-09 01:00:00,10.440,0.000,0.000,0.000,5.800
2015-01-09 02:00:00,10.970,0.000,0.000,0.000,5.900
2015-01-09 03:00:00,11.450,0.000,0.000,0.000,6.100
2015-01-09 04:00:00,12.450,0.000,0.000,0.000,6.300
2015-01-09 05:00:00,12.730,0.000,0.000,0.000,6.500
2015-01-09 06:00:00,13.430,0.000,0.000,0.000,6.700
2015-01-09 07:00:00,15.310,0.000,0.000,0.000,7.300
2015-01-09 08:00:00,17.140,2.000,0.000,2.000,7.800
2015-01-09 09:00:00,17.760,19.000,0.000,19.000,8.200
2015-01-09 10:00:00,17.530,52.000,0.000,52.000,8.700
2015-01-09 11:00:00,17.330,87.000,4.100,86.000,8.900
2015-01-09 12:00:00,17.030,50.000,0.000,50.000,9.100
2015-01-09 13:00:00,15.780,42.000,0.000,42.000,9.300
2015-01-09 14:00:00,15.520,37.000,0.000,37.000,9.400
2015-01-09 15:00:00,14.860,16.000,10.600,15.000,8.800
2015-01-09 16:00:00,14.630,1.000,0.000,1.000,9.000
2015-01-09 17:00:00,14.230,0.000,0.000,0.000,8.700
2015-01-09 18:00:00,13.500,0.000,0.000,0.000,8.000
2015-01-09 19:00:00,14.040,0.000,0.000,0.000,7.200
2015-01-09 20:00:00,13.060,0.000,0.000,0.000,6.300
2015-01-09 21:00:00,11.100,0.000,0.000,0.000,5.900
2015-01-09 22:00:00,8.970,0.000,0.000,0.000,5.900
2015-01-09 23:00:00,8.770,0.000,0.000,0.000,6.500
2015-01-10 00:00:00,9.270,0.000,0.000,0.000,7.400
2015-01-10 01:00:00,11.910,0.000,0.000,0.000,9.100
2015-01-10 02:00:00,13.810,0.000,0.000,0.000,11.100
2015-01-10 03:00:00,13.910,0.000,0.000,0.000,11.900
2015-01-10 04:00:00,13.820,0.000,0.000,0.000,12.100
2015-01-10 05:00:00,13.300,0.000,0.000,0.000,12.300
2015-01-10 06:00:00,13.630,0.000,0.000,0.000,12.500
2015-01-10 07:00:00,13.820,0.000,0.000,0.000,12.400
2015-01-10 08:00:00,14.520,1.000,0.000,1.000,12.300
2015-01-10 09:00:00,15.790,9.000,0.000,9.000,12.400
2015-01-10 10:00:00,15.210,29.000,0.000,29.000,12.300
2015-01-10 11:00:00,16.380,43.000,4.000,42.000,12.300
2015-01-10 12:00:00,17.080,47.000,0.000,47.000,12.000
2015-01-10 13:00:00,17.290,23.000,0.000,23.000,11.900
2015-01-10 14:00:00,17.360,10.000,0.000,10.000,11.700
2015-01-10 15:00:00,16.710,8.000,0.000,8.000,9.800
2015-01-10 16:00:00,15.940,1.000,0.000,1.000,8.000
2015-01-10 17:00:00,14.740,0.000,0.000,0.000,7.300
2015-01-10 18:00:00,14.720,0.000,0.000,0.000,6.800
2015-01-10 19:00:00,14.740,0.000,0.000,0.000,6.300
2015-01-10 20:00:00,14.500,0.000,0.000,0.000,6.000
2015-01-10 21:00:00,14.300,0.000,0.000,0.000,5.700
2015-01-10 22:00:00,13.420,0.000,0.000,0.000,5.200
2015-01-10 23:00:00,13.450,0.000,0.000,0.000,5.000
2015-01-11 00:00:00,13.250,0.000,0.000,0.000,4.900
2015-01-11 01:00:00,12.910,0.000,0.000,0.000,4.600
2015-01-11 02:00:00,12.470,0.000,0.000,0.000,4.300
2015-01-11 03:00:00,12.460,0.000,0.000,0.000,4.100
2015-01-11 04:00:00,12.300,0.000,0.000,0.000,3.800
2015-01-11 05:00:00,12.410,0.000,0.000,0.000,3.800
2015-01-11 06:00:00,12.670,0.000,0.000,0.000,3.600
2015-01-11 07:00:00,12.930,0.000,0.000,0.000,3.600
2015-01-11 08:00:00,13.340,4.000,19.100,3.000,3.500
2015-01-11 09:00:00,13.350,26.000,18.600,24.000,3.700
2015-01-11 10:00:00,12.870,80.000,137.600,53.000,3.700
2015-01-11 11:00:00,13.250,96.000,71.600,78.000,3.900
2015-01-11 12:00:00,14.600,128.000,78.000,107.000,4.300
2015-01-11 13:00:00,13.810,85.000,56.300,71.000,4.400
2015-01-11 14:00:00,12.910,64.000,52.300,54.000,4.500
2015-01-11 15:00:00,13.510,37.000,59.700,31.000,4.500
2015-01-11 16:00:00,13.810,2.000,0.000,2.000,4.300
2015-01-11 17:00:00,12.700,0.000,0.000,0.000,4.000
2015-01-11 18:00:00,12.200,0.000,0.000,0.000,4.400
2015-01-11 19:00:00,12.400,0.000,0.000,0.000,4.700
2015-01-11 20:00:00,12.900,0.000,0.000,0.000,4.200
2015-01-11 21:00:00,12.600,0.000,0.000,0.000,3.500
2015-01-11 22:00:00,14.240,0.000,0.000,0.000,4.600
2015-01-11 23:00:00,12.630,0.000,0.000,0.000,4.700
2015-01-12 00:00:00,12.280,0.000,0.000,0.000,5.600
2015-01-12 01:00:00,11.710,0.000,0.000,0.000,5.700
2015-01-12 02:00:00,11.070,0.000,0.000,0.000,5.600
2015-01-12 03:00:00,10.590,0.000,0.000,0.000,5.700
2015-01-12 04:00:00,10.320,0.000,0.000,0.000,5.900
2015-01-12 05:00:00,10.690,0.000,0.000,0.000,6.100
2015-01-12 06:00:00,11.560,0.000,0.000,0.000,6.300
2015-01-12 07:00:00,11.960,0.000,0.000,0.000,6.500
2015-01-12 08:00:00,12.230,1.000,0.000,1.000,6.800
2015-01-12 09:00:00,12.470,10.000,0.000,10.000,6.900
2015-01-12 10:00:00,12.810,13.000,0.000,13.000,7.000
2015-01-12 11:00:00,13.370,22.000,0.000,22.000,7.100
2015-01-12 12:00:00,13.840,39.000,0.000,39.000,7.300
2015-01-12 13:00:00,13.980,24.000,0.000,24.000,7.400
2015-01-12 14:00:00,13.940,20.000,0.000,20.000,7.400
2015-01-12 15:00:00,13.460,10.000,0.000,10.000,7.500
2015-01-12 16:00:00,13.410,1.000,0.000,1.000,7.400
2015-01-12 17:00:00,13.070,0.000,0.000,0.000,7.600
2015-01-12 18:00:00,12.870,0.000,0.000,0.000,7.700
2015-01-12 19:00:00,12.950,0.000,0.000,0.000,7.900
2015-01-12 20:00:00,13.010,0.000,0.000,0.000,8.000
2015-01-12 21:00:00,12.900,0.000,0.000,0.000,8.000
2015-01-12 22:00:00,12.080,0.000,0.000,0.000,8.100
2015-01-12 23:00:00,11.800,0.000,0.000,0.000,8.200
2015-01-13 00:00:00,11.510,0.000,0.000,0.000,8.100
2015-01-13 01:00:00,11.370,0.000,0.000,0.000,8.200
2015-01-13 02:00:00,11.560,0.000,0.000,0.000,8.400
2015-01-13 03:00:00,11.540,0.000,0.000,0.000,8.500
2015-01-13 04:00:00,11.530,0.000,0.000,0.000,8.600
2015-01-13 05:00:00,12.230,0.000,0.000,0.000,8.800
2015-01-13 06:00:00,12.270,0.000,0.000,0.000,9.200
2015-01-13 07:00:00,12.830,0.000,0.000,0.000,9.200
2015-01-13 08:00:00,12.880,1.000,0.000,1.000,9.400
2015-01-13 09:00:00,12.800,9.000,0.000,9.000,9.600
2015-01-13 10:00:00,12.330,16.000,0.000,16.000,9.700
2015-01-13 11:00:00,12.380,35.000,15.600,31.000,9.900
2015-01-13 12:00:00,12.210,55.000,21.800,49.000,10.700
2015-01-13 13:00:00,12.150,51.000,23.600,45.000,10.800
2015-01-13 14:00:00,12.300,54.000,76.000,39.000,10.300
2015-01-13 15:00:00,12.380,10.000,0.000,10.000,9.400
2015-01-13 16:00:00,11.580,1.000,0.000,1.000,9.300
2015-01-13 17:00:00,10.440,0.000,0.000,0.000,9.400
2015-01-13 18:00:00,9.010,0.000,0.000,0.000,8.900
2015-01-13 19:00:00,8.480,0.000,0.000,0.000,8.400
2015-01-13 20:00:00,8.190,0.000,0.000,0.000,7.900
2015-01-13 21:00:00,9.140,0.000,0.000,0.000,7.500
2015-01-13 22:00:00,10.690,0.000,0.000,0.000,7.700
2015-01-13 23:00:00,10.640,0.000,0.000,0.000,7.200
2015-01-14 00:00:00,9.750,0.000,0.000,0.000,6.900
2015-01-14 01:00:00,8.960,0.000,0.000,0.000,6.400
2015-01-14 02:00:00,8.180,0.000,0.000,0.000,5.900
2015-01-14 03:00:00,8.320,0.000,0.000,0.000,5.800
2015-01-14 04:00:00,10.820,0.000,0.000,0.000,5.700
2015-01-14 05:00:00,13.140,0.000,0.000,0.000,5.500
2015-01-14 06:00:00,11.480,0.000,0.000,0.000,5.200
2015-01-14 07:00:00,10.610,0.000,0.000,0.000,4.700
2015-01-14 08:00:00,10.660,5.000,19.100,4.000,4.600
2015-01-14 09:00:00,10.580,63.000,246.800,35.000,4.700
2015-01-14 10:00:00,8.310,125.000,315.500,61.000,5.100
2015-01-14 11:00:00,12.380,180.000,367.000,85.000,5.400
2015-01-14 12:00:00,11.040,172.000,284.700,93.000,5.500
2015-01-14 13:00:00,8.410,107.000,147.500,69.000,5.500
2015-01-14 14:00:00,8.000,90.000,94.700,71.000,5.500
2015-01-14 15:00:00,8.820,29.000,9.100,28.000,5.200
2015-01-14 16:00:00,9.820,3.000,0.000,3.000,4.300
2015-01-14 17:00:00,9.950,0.000,0.000,0.000,3.700
2015-01-14 18:00:00,9.540,0.000,0.000,0.000,3.500
2015-01-14 19:00:00,9.200,0.000,0.000,0.000,3.400
2015-01-14 20:00:00,8.860,0.000,0.000,0.000,3.200
2015-01-14 21:00:00,8.600,0.000,0.000,0.000,2.900
2015-01-14 22:00:00,8.510,0.000,0.000,0.000,2.500
2015-01-14 23:00:00,8.270,0.000,0.000,0.000,2.200
2015-01-15 00:00:00,8.660,0.000,0.000,0.000,2.100
2015-01-15 01:00:00,8.790,0.000,0.000,0.000,2.100
2015-01-15 02:00:00,9.540,0.000,0.000,0.000,2.400
2015-01-15 03:00:00,10.540,0.000,0.000,0.000,2.800
2015-01-15 04:00:00,10.940,0.000,0.000,0.000,3.400
2015-01-15 05:00:00,11.250,0.000,0.000,0.000,3.900
2015-01-15 06:00:00,11.530,0.000,0.000,0.000,4.300
2015-01-15 07:00:00,12.040,0.000,0.000,0.000,4.900
2015-01-15 08:00:00,12.380,2.000,0.000,2.000,5.500
2015-01-15 09:00:00,12.780,19.000,0.000,19.000,6.000
2015-01-15 10:00:00,12.150,31.000,0.000,31.000,6.700
2015-01-15 11:00:00,12.030,45.000,0.000,45.000,7.400
2015-01-15 12:00:00,11.980,49.000,3.600,48.000,8.200
2015-01-15 13:00:00,12.250,87.000,23.000,81.000,9.000
2015-01-15 14:00:00,11.770,46.000,0.000,46.000,9.200
2015-01-15 15:00:00,12.030,32.000,17.600,30.000,9.200
2015-01-15 16:00:00,11.940,3.000,0.000,3.000,9.400
2015-01-15 17:00:00,12.080,0.000,0.000,0.000,9.500
2015-01-15 18:00:00,12.680,0.000,0.000,0.000,9.700
2015-01-15 19:00:00,12.760,0.000,0.000,0.000,10.000
2015-01-15 20:00:00,12.100,0.000,0.000,0.000,9.900
2015-01-15 21:00:00,11.240,0.000,0.000,0.000,9.600
2015-01-15 22:00:00,10.470,0.000,0.000,0.000,9.400
2015-01-15 23:00:00,10.460,0.000,0.000,0.000,9.100
2015-01-16 00:00:00,10.000,0.000,0.000,0.000,8.600
2015-01-16 01:00:00,10.060,0.000,0.000,0.000,8.100
2015-01-16 02:00:00,10.120,0.000,0.000,0.000,7.300
2015-01-16 03:00:00,10.500,0.000,0.000,0.000,7.100
2015-01-16 04:00:00,10.620,0.000,0.000,0.000,6.900
2015-01-16 05:00:00,10.200,0.000,0.000,0.000,6.800
2015-01-16 06:00:00,9.700,0.000,0.000,0.000,6.600
2015-01-16 07:00:00,9.420,0.000,0.000,0.000,6.300
2015-01-16 08:00:00,8.800,7.000,19.100,6.000,6.000
2015-01-16 09:00:00,8.150,72.000,237.500,44.000,6.200
2015-01-16 10:00:00,6.270,147.000,331.900,78.000,7.000
2015-01-16 11:00:00,6.360,218.000,540.800,75.000,7.500
2015-01-16 12:00:00,6.670,232.000,497.100,91.000,8.000
2015-01-16 13:00:00,5.670,163.000,174.100,117.000,7.900
2015-01-16 14:00:00,5.460,120.000,130.100,93.000,7.700
2015-01-16 15:00:00,4.880,49.000,8.500,48.000,7.100
2015-01-16 16:00:00,5.150,5.000,0.000,5.000,6.200
2015-01-16 17:00:00,4.880,0.000,0.000,0.000,6.000
2015-01-16 18:00:00,4.740,0.000,0.000,0.000,5.700
2015-01-16 19:00:00,4.720,0.000,0.000,0.000,5.600
2015-01-16 20:00:00,4.890,0.000,0.000,0.000,5.500
2015-01-16 21:00:00,5.260,0.000,0.000,0.000,5.300
2015-01-16 22:00:00,5.600,0.000,0.000,0.000,5.100
2015-01-16 23:00:00,5.640,0.000,0.000,0.000,4.900
2015-01-17 00:00:00,5.600,0.000,0.000,0.000,4.800
2015-01-17 01:00:00,6.100,0.000,0.000,0.000,4.600
2015-01-17 02:00:00,6.410,0.000,0.000,0.000,4.300
2015-01-17 03:00:00,6.810,0.000,0.000,0.000,4.200
2015-01-17 04:00:00,6.660,0.000,0.000,0.000,3.900
2015-01-17 05:00:00,6.320,0.000,0.000,0.000,3.700
2015-01-17 06:00:00,6.170,0.000,0.000,0.000,3.400
2015-01-17 07:00:00,5.800,0.000,0.000,0.000,3.000
2015-01-17 08:00:00,5.600,5.000,19.100,4.000,2.500
2015-01-17 09:00:00,5.050,57.000,199.600,33.000,2.800
2015-01-17 10:00:00,5.120,128.000,308.700,63.000,3.600
2015-01-17 11:00:00,5.380,197.000,463.800,73.000,4.500
2015-01-17 12:00:00,5.560,217.000,463.700,84.000,5.000
2015-01-17 13:00:00,5.560,213.000,556.700,64.000,5.100
2015-01-17 14:00:00,5.340,148.000,402.700,63.000,4.900
2015-01-17 15:00:00,5.020,78.000,322.300,39.000,4.300
2015-01-17 16:00:00,5.380,9.000,57.300,6.000,2.800
2015-01-17 17:00:00,5.970,0.000,0.000,0.000,1.500
2015-01-17 18:00:00,6.180,0.000,0.000,0.000,1.000
2015-01-17 19:00:00,6.300,0.000,0.000,0.000,0.600
2015-01-17 20:00:00,6.220,0.000,0.000,0.000,0.200
2015-01-17 21:00:00,6.160,0.000,0.000,0.000,-0.300
2015-01-17 22:00:00,6.890,0.000,0.000,0.000,-0.400
2015-01-17 23:00:00,6.880,0.000,0.000,0.000,-0.500
2015-01-18 00:00:00,6.980,0.000,0.000,0.000,-0.500
2015-01-18 01:00:00,7.160,0.000,0.000,0.000,-0.500
2015-01-18 02:00:00,7.290,0.000,0.000,0.000,-0.400
2015-01-18 03:00:00,7.470,0.000,0.000,0.000,-0.200
2015-01-18 04:00:00,7.470,0.000,0.000,0.000,0.000
2015-01-18 05:00:00,7.340,0.000,0.000,0.000,0.100
2015-01-18 06:00:00,7.020,0.000,0.000,0.000,0.200
2015-01-18 07:00:00,6.890,0.000,0.000,0.000,0.300
2015-01-18 08:00:00,6.710,6.000,0.000,6.000,0.500
2015-01-18 09:00:00,6.610,46.000,16.300,44.000,0.800
2015-01-18 10:00:00,5.790,86.000,32.800,79.000,1.400
2015-01-18 11:00:00,5.650,138.000,107.200,109.000,2.100
2015-01-18 12:00:00,6.550,118.000,55.200,102.000,2.300
2015-01-18 13:00:00,7.020,109.000,88.500,85.000,2.500
2015-01-18 14:00:00,6.440,87.000,93.200,67.000,2.600
2015-01-18 15:00:00,6.100,42.000,32.100,38.000,2.700
2015-01-18 16:00:00,6.400,8.000,38.200,6.000,2.200
2015-01-18 17:00:00,6.720,0.000,0.000,0.000,1.900
2015-01-18 18:00:00,6.990,0.000,0.000,0.000,1.800
2015-01-18 19:00:00,7.080,0.000,0.000,0.000,1.500
2015-01-18 20:00:00,6.960,0.000,0.000,0.000,1.100
2015-01-18 21:00:00,6.800,0.000,0.000,0.000,0.700
2015-01-18 22:00:00,5.900,0.000,0.000,0.000,0.500
2015-01-18 23:00:00,6.020,0.000,0.000,0.000,0.200
2015-01-19 00:00:00,5.960,0.000,0.000,0.000,-0.200
2015-01-19 01:00:00,5.690,0.000,0.000,0.000,-0.600
2015-01-19 02:00:00,5.520,0.000,0.000,0.000,-1.000
2015-01-19 03:00:00,5.310,0.000,0.000,0.000,-1.200
2015-01-19 04:00:00,4.960,0.000,0.000,0.000,-1.700
2015-01-19 05:00:00,4.550,0.000,0.000,0.000,-2.200
2015-01-19 06:00:00,4.340,0.000,0.000,0.000,-2.300
2015-01-19 07:00:00,4.330,0.000,0.000,0.000,-2.300
2015-01-19 08:00:00,4.500,8.000,19.100,7.000,-1.600
2015-01-19 09:00:00,4.300,51.000,47.900,45.000,-0.900
2015-01-19 10:00:00,2.600,118.000,166.500,82.000,0.400
2015-01-19 11:00:00,2.040,164.000,193.700,111.000,1.200
2015-01-19 12:00:00,1.930,161.000,149.900,117.000,1.500
2015-01-19 13:00:00,1.980,155.000,127.400,120.000,1.900
2015-01-19 14:00:00,2.640,109.000,91.600,89.000,1.600
2015-01-19 15:00:00,3.670,54.000,70.100,45.000,0.900
2015-01-19 16:00:00,4.030,8.000,0.000,8.000,0.500
2015-01-19 17:00:00,4.020,0.000,0.000,0.000,0.700
2015-01-19 18:00:00,3.860,0.000,0.000,0.000,0.700
2015-01-19 19:00:00,3.490,0.000,0.000,0.000,0.500
2015-01-19 20:00:00,3.050,0.000,0.000,0.000,0.400
2015-01-19 21:00:00,2.640,0.000,0.000,0.000,0.400
2015-01-19 22:00:00,2.530,0.000,0.000,0.000,-0.300
2015-01-19 23:00:00,2.060,0.000,0.000,0.000,-0.500
2015-01-20 00:00:00,1.410,0.000,0.000,0.000,-0.500
2015-01-20 01:00:00,0.280,0.000,0.000,0.000,-0.400
2015-01-20 02:00:00,0.950,0.000,0.000,0.000,-0.500
2015-01-20 03:00:00,1.430,0.000,0.000,0.000,-0.800
2015-01-20 04:00:00,1.200,0.000,0.000,0.000,-0.700
2015-01-20 05:00:00,1.000,0.000,0.000,0.000,-0.900
2015-01-20 06:00:00,1.340,0.000,0.000,0.000,-0.500
2015-01-20 07:00:00,1.980,0.000,0.000,0.000,-0.300
2015-01-20 08:00:00,2.330,5.000,0.000,5.000,-0.300
2015-01-20 09:00:00,2.480,30.000,7.800,29.000,-0.200
2015-01-20 10:00:00,2.620,64.000,9.100,62.000,0.200
2015-01-20 11:00:00,3.190,96.000,32.500,87.000,0.500
2015-01-20 12:00:00,3.890,96.000,50.500,81.000,0.600
2015-01-20 13:00:00,4.030,112.000,82.700,89.000,1.000
2015-01-20 14:00:00,3.610,108.000,148.600,75.000,1.000
2015-01-20 15:00:00,3.110,56.000,121.200,40.000,0.900
2015-01-20 16:00:00,3.130,9.000,38.200,7.000,0.500
2015-01-20 17:00:00,3.220,0.000,0.000,0.000,-0.200
2015-01-20 18:00:00,3.310,0.000,0.000,0.000,-0.800
2015-01-20 19:00:00,3.110,0.000,0.000,0.000,-0.700
2015-01-20 20:00:00,2.690,0.000,0.000,0.000,-0.900
2015-01-20 21:00:00,2.940,0.000,0.000,0.000,-0.800
2015-01-20 22:00:00,3.000,0.000,0.000,0.000,-1.100
2015-01-20 23:00:00,2.330,0.000,0.000,0.000,-1.200
2015-01-21 00:00:00,1.280,0.000,0.000,0.000,-1.400
2015-01-21 01:00:00,0.220,0.000,0.000,0.000,-1.900
2015-01-21 02:00:00,0.610,0.000,0.000,0.000,-2.600
2015-01-21 03:00:00,1.020,0.000,0.000,0.000,-2.700
2015-01-21 04:00:00,1.430,0.000,0.000,0.000,-3.200
2015-01-21 05:00:00,1.910,0.000,0.000,0.000,-3.700
2015-01-21 06:00:00,2.300,0.000,0.000,0.000,-3.600
2015-01-21 07:00:00,2.520,0.000,0.000,0.000,-3.200
2015-01-21 08:00:00,2.690,6.000,0.000,6.000,-2.800
2015-01-21 09:00:00,2.910,48.000,91.700,36.000,-2.400
2015-01-21 10:00:00,3.440,69.000,18.000,65.000,-2.300
2015-01-21 11:00:00,3.130,113.000,28.600,105.000,-1.400
2015-01-21 12:00:00,3.480,156.000,96.500,127.000,-0.600
2015-01-21 13:00:00,3.810,163.000,202.100,106.000,-0.300
2015-01-21 14:00:00,4.280,141.000,248.000,85.000,-0.200
2015-01-21 15:00:00,4.820,62.000,125.100,45.000,-0.300
2015-01-21 16:00:00,5.510,9.000,18.500,8.000,-0.900
2015-01-21 17:00:00,5.910,0.000,0.000,0.000,-0.900
2015-01-21 18:00:00,6.300,0.000,0.000,0.000,-1.300
2015-01-21 19:00:00,6.410,0.000,0.000,0.000,-1.300
2015-01-21 20:00:00,6.410,0.000,0.000,0.000,-1.400
2015-01-21 21:00:00,6.310,0.000,0.000,0.000,-1.100
2015-01-21 22:00:00,5.630,0.000,0.000,0.000,-1.500
2015-01-21 23:00:00,5.810,0.000,0.000,0.000,-1.600
2015-01-22 00:00:00,6.000,0.000,0.000,0.000,-1.500
2015-01-22 01:00:00,5.950,0.000,0.000,0.000,-1.500
2015-01-22 02:00:00,6.200,0.000,0.000,0.000,-1.500
2015-01-22 03:00:00,6.260,0.000,0.000,0.000,-1.400
2015-01-22 04:00:00,6.240,0.000,0.000,0.000,-1.400
2015-01-22 05:00:00,6.090,0.000,0.000,0.000,-1.200
2015-01-22 06:00:00,6.040,0.000,0.000,0.000,-1.200
2015-01-22 07:00:00,5.950,0.000,0.000,0.000,-1.000
2015-01-22 08:00:00,5.960,6.000,19.000,5.000,-1.200
2015-01-22 09:00:00,6.350,42.000,74.700,32.000,-0.800
2015-01-22 10:00:00,5.550,57.000,22.200,52.000,-0.600
2015-01-22 11:00:00,5.660,70.000,28.200,62.000,-0.400
2015-01-22 12:00:00,5.300,78.000,46.000,64.000,-0.200
2015-01-22 13:00:00,5.170,82.000,84.000,58.000,0.200
2015-01-22 14:00:00,5.520,85.000,130.600,55.000,0.400
2015-01-22 15:00:00,5.170,25.000,14.300,23.000,0.300
2015-01-22 16:00:00,5.500,5.000,0.000,5.000,0.300
2015-01-22 17:00:00,5.770,0.000,0.000,0.000,0.200
2015-01-22 18:00:00,5.960,0.000,0.000,0.000,0.000
2015-01-22 19:00:00,5.760,0.000,0.000,0.000,-0.000
2015-01-22 20:00:00,5.450,0.000,0.000,0.000,-0.200
2015-01-22 21:00:00,5.100,0.000,0.000,0.000,-0.300
2015-01-22 22:00:00,4.580,0.000,0.000,0.000,-0.500
2015-01-22 23:00:00,4.790,0.000,0.000,0.000,-0.700
2015-01-23 00:00:00,5.110,0.000,0.000,0.000,-0.600
2015-01-23 01:00:00,4.840,0.000,0.000,0.000,-0.800
2015-01-23 02:00:00,4.480,0.000,0.000,0.000,-0.900
2015-01-23 03:00:00,4.430,0.000,0.000,0.000,-0.900
2015-01-23 04:00:00,4.090,0.000,0.000,0.000,-1.100
2015-01-23 05:00:00,4.020,0.000,0.000,0.000,-1.000
2015-01-23 06:00:00,4.030,0.000,0.000,0.000,-1.000
2015-01-23 07:00:00,4.030,0.000,0.000,0.000,-1.100
2015-01-23 08:00:00,3.830,6.000,18.500,5.000,-1.100
2015-01-23 09:00:00,3.490,46.000,80.300,35.000,-0.900
2015-01-23 10:00:00,2.910,93.000,117.900,66.000,-0.900
2015-01-23 11:00:00,2.400,107.000,45.300,94.000,-0.700
2015-01-23 12:00:00,2.020,100.000,22.700,93.000,-0.700
2015-01-23 13:00:00,1.710,83.000,0.000,83.000,-0.700
2015-01-23 14:00:00,1.430,69.000,4.300,68.000,-0.700
2015-01-23 15:00:00,0.920,35.000,6.900,34.000,-0.700
2015-01-23 16:00:00,0.730,8.000,17.200,7.000,-0.900
2015-01-23 17:00:00,0.510,0.000,0.000,0.000,-0.900
2015-01-23 18:00:00,1.200,0.000,0.000,0.000,-1.000
2015-01-23 19:00:00,1.930,0.000,0.000,0.000,-1.100
2015-01-23 20:00:00,2.930,0.000,0.000,0.000,-1.000
2015-01-23 21:00:00,3.730,0.000,0.000,0.000,-0.900
2015-01-23 22:00:00,3.260,0.000,0.000,0.000,-1.200
2015-01-23 23:00:00,3.900,0.000,0.000,0.000,-1.300
2015-01-24 00:00:00,4.310,0.000,0.000,0.000,-1.300
2015-01-24 01:00:00,5.060,0.000,0.000,0.000,-1.400
2015-01-24 02:00:00,5.820,0.000,0.000,0.000,-1.600
2015-01-24 03:00:00,6.360,0.000,0.000,0.000,-1.800
2015-01-24 04:00:00,6.530,0.000,0.000,0.000,-2.000
2015-01-24 05:00:00,6.580,0.000,0.000,0.000,-2.100
2015-01-24 06:00:00,6.800,0.000,0.000,0.000,-1.900
2015-01-24 07:00:00,6.940,0.000,0.000,0.000,-1.900
2015-01-24 08:00:00,6.560,12.000,17.900,11.000,-1.700
2015-01-24 09:00:00,6.410,58.000,49.900,51.000,-0.800
2015-01-24 10:00:00,6.160,125.000,137.700,93.000,0.100
2015-01-24 11:00:00,6.230,133.000,96.200,105.000,0.500
2015-01-24 12:00:00,5.730,118.000,80.100,93.000,0.600
2015-01-24 13:00:00,5.610,95.000,34.000,85.000,0.300
2015-01-24 14:00:00,5.950,43.000,8.400,41.000,-0.000
2015-01-24 15:00:00,5.660,20.000,0.000,20.000,-0.100
2015-01-24 16:00:00,5.910,5.000,0.000,5.000,0.100
2015-01-24 17:00:00,6.390,0.000,0.000,0.000,0.200
2015-01-24 18:00:00,7.120,0.000,0.000,0.000,0.700
2015-01-24 19:00:00,7.740,0.000,0.000,0.000,0.500
2015-01-24 20:00:00,7.670,0.000,0.000,0.000,0.000
2015-01-24 21:00:00,7.740,0.000,0.000,0.000,-0.200
2015-01-24 22:00:00,7.510,0.000,0.000,0.000,-0.500
2015-01-24 23:00:00,7.090,0.000,0.000,0.000,-0.500
2015-01-25 00:00:00,7.490,0.000,0.000,0.000,-0.600
2015-01-25 01:00:00,7.380,0.000,0.000,0.000,-0.800
2015-01-25 02:00:00,7.130,0.000,0.000,0.000,-0.700
2015-01-25 03:00:00,7.300,0.000,0.000,0.000,-0.800
2015-01-25 04:00:00,7.280,0.000,0.000,0.000,-0.800
2015-01-25 05:00:00,7.230,0.000,0.000,0.000,-0.600
2015-01-25 06:00:00,7.200,0.000,0.000,0.000,-0.500
2015-01-25 07:00:00,7.310,0.000,0.000,0.000,-0.200
2015-01-25 08:00:00,7.120,12.000,52.200,9.000,-0.100
2015-01-25 09:00:00,6.510,79.000,257.700,42.000,0.600
2015-01-25 10:00:00,6.330,133.000,262.600,71.000,0.900
2015-01-25 11:00:00,5.690,199.000,359.500,93.000,1.600
2015-01-25 12:00:00,4.650,194.000,310.100,96.000,2.100
2015-01-25 13:00:00,4.870,117.000,50.300,102.000,2.300
2015-01-25 14:00:00,5.260,78.000,74.300,60.000,2.500
2015-01-25 15:00:00,5.580,46.000,19.700,43.000,2.800
2015-01-25 16:00:00,5.390,8.000,0.000,8.000,3.100
2015-01-25 17:00:00,5.590,0.000,0.000,0.000,3.200
2015-01-25 18:00:00,5.940,0.000,0.000,0.000,3.100
2015-01-25 19:00:00,5.600,0.000,0.000,0.000,3.000
2015-01-25 20:00:00,5.410,0.000,0.000,0.000,2.800
2015-01-25 21:00:00,5.250,0.000,0.000,0.000,2.700
2015-01-25 22:00:00,5.150,0.000,0.000,0.000,2.400
2015-01-25 23:00:00,5.190,0.000,0.000,0.000,2.300
2015-01-26 00:00:00,4.700,0.000,0.000,0.000,2.300
2015-01-26 01:00:00,5.100,0.000,0.000,0.000,2.000
2015-01-26 02:00:00,5.310,0.000,0.000,0.000,2.000
2015-01-26 03:00:00,5.320,0.000,0.000,0.000,2.100
2015-01-26 04:00:00,5.580,0.000,0.000,0.000,2.200
2015-01-26 05:00:00,5.910,0.000,0.000,0.000,2.300
2015-01-26 06:00:00,6.540,0.000,0.000,0.000,2.400
2015-01-26 07:00:00,6.800,0.000,0.000,0.000,2.400
2015-01-26 08:00:00,7.170,5.000,16.900,4.000,2.700
2015-01-26 09:00:00,7.290,18.000,6.800,17.000,2.800
2015-01-26 10:00:00,7.800,28.000,12.500,25.000,2.700
2015-01-26 11:00:00,8.150,39.000,46.800,25.000,3.000
2015-01-26 12:00:00,8.240,44.000,3.100,43.000,3.100
2015-01-26 13:00:00,8.260,42.000,3.300,41.000,3.500
2015-01-26 14:00:00,8.300,14.000,0.000,14.000,3.400
2015-01-26 15:00:00,8.290,13.000,0.000,13.000,3.500
2015-01-26 16:00:00,8.290,3.000,0.000,3.000,3.600
2015-01-26 17:00:00,8.320,0.000,0.000,0.000,3.800
2015-01-26 18:00:00,8.550,0.000,0.000,0.000,4.300
2015-01-26 19:00:00,8.950,0.000,0.000,0.000,4.900
2015-01-26 20:00:00,9.900,0.000,0.000,0.000,5.000
2015-01-26 21:00:00,9.900,0.000,0.000,0.000,4.500
2015-01-26 22:00:00,9.080,0.000,0.000,0.000,3.800
2015-01-26 23:00:00,9.110,0.000,0.000,0.000,3.600
2015-01-27 00:00:00,9.020,0.000,0.000,0.000,3.700
2015-01-27 01:00:00,9.020,0.000,0.000,0.000,3.500
2015-01-27 02:00:00,9.530,0.000,0.000,0.000,3.300
2015-01-27 03:00:00,9.300,0.000,0.000,0.000,3.300
2015-01-27 04:00:00,9.320,0.000,0.000,0.000,2.900
2015-01-27 05:00:00,9.400,0.000,0.000,0.000,2.600
2015-01-27 06:00:00,9.110,0.000,0.000,0.000,2.600
2015-01-27 07:00:00,8.850,0.000,0.000,0.000,2.400
2015-01-27 08:00:00,8.600,15.000,98.200,9.000,2.600
2015-01-27 09:00:00,8.510,78.000,245.500,41.000,3.000
2015-01-27 10:00:00,8.150,152.000,332.400,71.000,3.900
2015-01-27 11:00:00,9.240,179.000,264.100,99.000,4.500
2015-01-27 12:00:00,9.530,229.000,400.700,99.000,5.200
2015-01-27 13:00:00,8.540,213.000,375.000,98.000,5.400
2015-01-27 14:00:00,8.180,162.000,390.600,64.000,5.300
2015-01-27 15:00:00,7.660,89.000,248.600,49.000,5.100
2015-01-27 16:00:00,7.340,19.000,119.100,11.000,4.200
2015-01-27 17:00:00,7.290,0.000,0.000,0.000,3.400
2015-01-27 18:00:00,7.150,0.000,0.000,0.000,2.800
2015-01-27 19:00:00,6.990,0.000,0.000,0.000,2.600
2015-01-27 20:00:00,6.650,0.000,0.000,0.000,2.500
2015-01-27 21:00:00,6.260,0.000,0.000,0.000,2.200
2015-01-27 22:00:00,6.420,0.000,0.000,0.000,2.200
2015-01-27 23:00:00,6.400,0.000,0.000,0.000,2.100
2015-01-28 00:00:00,6.460,0.000,0.000,0.000,2.400
2015-01-28 01:00:00,6.310,0.000,0.000,0.000,2.700
2015-01-28 02:00:00,6.320,0.000,0.000,0.000,2.900
2015-01-28 03:00:00,6.640,0.000,0.000,0.000,3.000
2015-01-28 04:00:00,6.860,0.000,0.000,0.000,3.100
2015-01-28 05:00:00,7.350,0.000,0.000,0.000,3.200
2015-01-28 06:00:00,7.890,0.000,0.000,0.000,3.400
2015-01-28 07:00:00,8.460,0.000,0.000,0.000,3.500
2015-01-28 08:00:00,8.960,6.000,0.000,6.000,3.800
2015-01-28 09:00:00,9.320,29.000,6.500,28.000,4.000
2015-01-28 10:00:00,9.130,65.000,8.100,63.000,4.400
2015-01-28 11:00:00,9.270,136.000,74.900,113.000,5.100
2015-01-28 12:00:00,11.230,174.000,200.800,108.000,5.600
2015-01-28 13:00:00,12.540,167.000,257.200,87.000,6.000
2015-01-28 14:00:00,10.440,83.000,62.700,67.000,5.900
2015-01-28 15:00:00,12.480,46.000,18.100,43.000,5.700
2015-01-28 16:00:00,13.100,12.000,0.000,12.000,5.100
2015-01-28 17:00:00,13.250,0.000,0.000,0.000,4.400
2015-01-28 18:00:00,13.600,0.000,0.000,0.000,4.200
2015-01-28 19:00:00,12.820,0.000,0.000,0.000,4.100
2015-01-28 20:00:00,12.010,0.000,0.000,0.000,3.700
2015-01-28 21:00:00,11.450,0.000,0.000,0.000,3.200
2015-01-28 22:00:00,11.310,0.000,0.000,0.000,2.600
2015-01-28 23:00:00,11.370,0.000,0.000,0.000,2.500
2015-01-29 00:00:00,11.670,0.000,0.000,0.000,2.700
2015-01-29 01:00:00,12.050,0.000,0.000,0.000,2.700
2015-01-29 02:00:00,11.620,0.000,0.000,0.000,2.500
2015-01-29 03:00:00,11.230,0.000,0.000,0.000,2.300
2015-01-29 04:00:00,11.010,0.000,0.000,0.000,2.200
2015-01-29 05:00:00,10.930,0.000,0.000,0.000,2.000
2015-01-29 06:00:00,11.240,0.000,0.000,0.000,2.000
2015-01-29 07:00:00,11.390,0.000,0.000,0.000,1.900
2015-01-29 08:00:00,11.390,15.000,15.400,14.000,1.900
2015-01-29 09:00:00,10.960,75.000,75.800,63.000,1.900
2015-01-29 10:00:00,8.740,132.000,154.900,93.000,2.300
2015-01-29 11:00:00,9.570,193.000,250.500,115.000,2.500
2015-01-29 12:00:00,10.540,230.000,318.200,124.000,2.900
2015-01-29 13:00:00,9.910,179.000,155.300,130.000,3.200
2015-01-29 14:00:00,8.000,149.000,184.700,101.000,3.100
2015-01-29 15:00:00,8.850,87.000,123.600,66.000,2.800
2015-01-29 16:00:00,8.290,24.000,97.300,17.000,1.900
2015-01-29 17:00:00,8.010,0.000,0.000,0.000,1.400
2015-01-29 18:00:00,7.620,0.000,0.000,0.000,1.200
2015-01-29 19:00:00,7.220,0.000,0.000,0.000,1.100
2015-01-29 20:00:00,7.210,0.000,0.000,0.000,0.900
2015-01-29 21:00:00,6.760,0.000,0.000,0.000,0.900
2015-01-29 22:00:00,6.400,0.000,0.000,0.000,0.700
2015-01-29 23:00:00,5.360,0.000,0.000,0.000,0.600
2015-01-30 00:00:00,4.880,0.000,0.000,0.000,0.800
2015-01-30 01:00:00,4.960,0.000,0.000,0.000,0.900
2015-01-30 02:00:00,4.180,0.000,0.000,0.000,1.000
2015-01-30 03:00:00,3.420,0.000,0.000,0.000,0.900
2015-01-30 04:00:00,2.860,0.000,0.000,0.000,0.300
2015-01-30 05:00:00,2.650,0.000,0.000,0.000,0.500
2015-01-30 06:00:00,2.840,0.000,0.000,0.000,0.600
2015-01-30 07:00:00,3.420,0.000,0.000,0.000,0.300
2015-01-30 08:00:00,4.200,17.000,74.600,12.000,0.400
2015-01-30 09:00:00,4.840,60.000,67.800,49.000,0.700
2015-01-30 10:00:00,3.860,96.000,105.500,69.000,0.700
2015-01-30 11:00:00,4.390,95.000,28.500,86.000,0.600
2015-01-30 12:00:00,4.370,137.000,127.300,94.000,0.800
2015-01-30 13:00:00,4.440,111.000,31.200,101.000,0.800
2015-01-30 14:00:00,4.650,63.000,49.100,50.000,0.500
2015-01-30 15:00:00,5.380,38.000,11.500,36.000,0.300
2015-01-30 16:00:00,5.910,10.000,0.000,10.000,0.500
2015-01-30 17:00:00,6.000,0.000,0.000,0.000,0.400
2015-01-30 18:00:00,5.730,0.000,0.000,0.000,0.200
2015-01-30 19:00:00,5.390,0.000,0.000,0.000,0.500
2015-01-30 20:00:00,5.520,0.000,0.000,0.000,0.600
2015-01-30 21:00:00,5.400,0.000,0.000,0.000,0.200
2015-01-30 22:00:00,4.650,0.000,0.000,0.000,-0.200
2015-01-30 23:00:00,4.970,0.000,0.000,0.000,-0.600
2015-01-31 00:00:00,4.780,0.000,0.000,0.000,-0.900
2015-01-31 01:00:00,4.850,0.000,0.000,0.000,-1.000
2015-01-31 02:00:00,4.570,0.000,0.000,0.000,-1.000
2015-01-31 03:00:00,4.740,0.000,0.000,0.000,-1.500
2015-01-31 04:00:00,5.160,0.000,0.000,0.000,-1.100
2015-01-31 05:00:00,4.440,0.000,0.000,0.000,-0.900
2015-01-31 06:00:00,4.160,0.000,0.000,0.000,-0.500
2015-01-31 07:00:00,3.480,0.000,0.000,0.000,-0.300
2015-01-31 08:00:00,3.620,10.000,0.000,10.000,-0.000
2015-01-31 09:00:00,4.080,35.000,0.000,35.000,0.500
2015-01-31 10:00:00,5.100,52.000,0.000,52.000,0.900
2015-01-31 11:00:00,6.170,82.000,3.100,81.000,1.400
2015-01-31 12:00:00,8.160,98.000,23.400,90.000,1.600
2015-01-31 13:00:00,7.680,117.000,104.700,83.000,2.200
2015-01-31 14:00:00,7.600,136.000,278.600,61.000,2.400
2015-01-31 15:00:00,7.060,78.000,189.900,44.000,2.300
2015-01-31 16:00:00,6.960,26.000,130.300,16.000,2.000
2015-01-31 17:00:00,7.310,0.000,0.000,0.000,1.400
2015-01-31 18:00:00,7.530,0.000,0.000,0.000,0.800
2015-01-31 19:00:00,7.430,0.000,0.000,0.000,0.600
2015-01-31 20:00:00,7.120,0.000,0.000,0.000,0.500
2015-01-31 21:00:00,6.710,0.000,0.000,0.000,0.600
2015-01-31 22:00:00,6.870,0.000,0.000,0.000,0.800
2015-01-31 23:00:00,7.000,0.000,0.000,0.000,0.600
2015-02-01 00:00:00,6.890,0.000,0.000,0.000,0.700
2015-02-01 01:00:00,6.620,0.000,0.000,0.000,0.700
2015-02-01 02:00:00,6.660,0.000,0.000,0.000,0.400
2015-02-01 03:00:00,6.540,0.000,0.000,0.000,0.300
2015-02-01 04:00:00,6.710,0.000,0.000,0.000,0.500
2015-02-01 05:00:00,6.620,0.000,0.000,0.000,0.200
2015-02-01 06:00:00,6.440,0.000,0.000,0.000,0.100
2015-02-01 07:00:00,6.260,0.000,0.000,0.000,-0.000
2015-02-01 08:00:00,6.040,17.000,84.300,11.000,-0.100
2015-02-01 09:00:00,6.310,52.000,58.700,42.000,0.300
2015-02-01 10:00:00,7.110,130.000,128.600,96.000,0.800
2015-02-01 11:00:00,6.360,158.000,135.500,114.000,1.200
2015-02-01 12:00:00,6.020,160.000,40.400,146.000,1.600
2015-02-01 13:00:00,6.040,139.000,54.600,121.000,1.800
2015-02-01 14:00:00,5.790,107.000,65.700,89.000,1.900
2015-02-01 15:00:00,5.460,55.000,21.800,51.000,1.900
2015-02-01 16:00:00,5.380,18.000,63.100,13.000,1.700
2015-02-01 17:00:00,5.560,0.000,0.000,0.000,1.700
2015-02-01 18:00:00,5.620,0.000,0.000,0.000,1.700
2015-02-01 19:00:00,5.810,0.000,0.000,0.000,1.600
2015-02-01 20:00:00,6.230,0.000,0.000,0.000,1.500
2015-02-01 21:00:00,6.560,0.000,0.000,0.000,1.700
2015-02-01 22:00:00,6.830,0.000,0.000,0.000,1.400
2015-02-01 23:00:00,7.010,0.000,0.000,0.000,1.300
2015-02-02 00:00:00,7.100,0.000,0.000,0.000,1.300
2015-02-02 01:00:00,7.100,0.000,0.000,0.000,1.300
2015-02-02 02:00:00,7.430,0.000,0.000,0.000,0.900
2015-02-02 03:00:00,7.880,0.000,0.000,0.000,0.400
2015-02-02 04:00:00,8.030,0.000,0.000,0.000,0.500
2015-02-02 05:00:00,7.820,0.000,0.000,0.000,0.600
2015-02-02 06:00:00,7.570,0.000,0.000,0.000,0.700
2015-02-02 07:00:00,7.550,0.000,0.000,0.000,0.500
2015-02-02 08:00:00,7.520,25.000,122.700,16.000,0.600
2015-02-02 09:00:00,7.090,111.000,315.200,56.000,1.000
2015-02-02 10:00:00,8.750,177.000,349.600,83.000,1.500
2015-02-02 11:00:00,9.200,200.000,185.300,139.000,2.200
2015-02-02 12:00:00,9.630,225.000,253.100,136.000,2.600
2015-02-02 13:00:00,8.780,228.000,358.900,108.000,2.700
2015-02-02 14:00:00,7.670,173.000,287.000,93.000,2.500
2015-02-02 15:00:00,7.360,80.000,127.400,56.000,2.200
2015-02-02 16:00:00,7.410,29.000,73.400,23.000,2.300
2015-02-02 17:00:00,7.200,0.000,0.000,0.000,2.100
2015-02-02 18:00:00,7.100,0.000,0.000,0.000,1.800
2015-02-02 19:00:00,7.230,0.000,0.000,0.000,1.400
2015-02-02 20:00:00,7.780,0.000,0.000,0.000,1.300
2015-02-02 21:00:00,7.850,0.000,0.000,0.000,1.000
2015-02-02 22:00:00,8.320,0.000,0.000,0.000,0.700
2015-02-02 23:00:00,8.470,0.000,0.000,0.000,0.600
2015-02-03 00:00:00,8.350,0.000,0.000,0.000,0.500
2015-02-03 01:00:00,8.010,0.000,0.000,0.000,0.400
2015-02-03 02:00:00,7.500,0.000,0.000,0.000,0.300
2015-02-03 03:00:00,7.300,0.000,0.000,0.000,0.000
2015-02-03 04:00:00,7.100,0.000,0.000,0.000,0.100
2015-02-03 05:00:00,7.110,0.000,0.000,0.000,0.100
2015-02-03 06:00:00,7.120,0.000,0.000,0.000,0.000
2015-02-03 07:00:00,7.010,0.000,0.000,0.000,-0.000
2015-02-03 08:00:00,6.800,25.000,119.100,16.000,0.100
2015-02-03 09:00:00,5.900,95.000,212.600,57.000,0.500
2015-02-03 10:00:00,5.850,167.000,263.400,95.000,1.000
2015-02-03 11:00:00,5.600,209.000,236.600,130.000,1.500
2015-02-03 12:00:00,5.120,196.000,120.700,153.000,1.800
2015-02-03 13:00:00,5.220,166.000,76.700,140.000,1.900
2015-02-03 14:00:00,5.070,165.000,148.100,123.000,1.700
2015-02-03 15:00:00,6.230,102.000,108.700,81.000,1.000
2015-02-03 16:00:00,5.890,32.000,59.400,27.000,0.400
2015-02-03 17:00:00,5.050,0.000,0.000,0.000,-0.200
2015-02-03 18:00:00,4.740,0.000,0.000,0.000,-0.900
2015-02-03 19:00:00,4.220,0.000,0.000,0.000,-1.100
2015-02-03 20:00:00,4.050,0.000,0.000,0.000,-1.000
2015-02-03 21:00:00,4.180,0.000,0.000,0.000,-1.300
2015-02-03 22:00:00,4.350,0.000,0.000,0.000,-1.500
2015-02-03 23:00:00,4.250,0.000,0.000,0.000,-1.400
2015-02-04 00:00:00,4.260,0.000,0.000,0.000,-1.500
2015-02-04 01:00:00,4.740,0.000,0.000,0.000,-1.900
2015-02-04 02:00:00,4.670,0.000,0.000,0.000,-2.000
2015-02-04 03:00:00,4.460,0.000,0.000,0.000,-2.200
2015-02-04 04:00:00,4.470,0.000,0.000,0.000,-1.900
2015-02-04 05:00:00,4.390,0.000,0.000,0.000,-2.400
2015-02-04 06:00:00,4.240,0.000,0.000,0.000,-2.600
2015-02-04 07:00:00,4.040,0.000,0.000,0.000,-3.100
2015-02-04 08:00:00,3.980,32.000,167.000,19.000,-2.900
2015-02-04 09:00:00,3.060,129.000,415.100,53.000,-2.200
2015-02-04 10:00:00,2.820,197.000,478.600,64.000,-1.400
2015-02-04 11:00:00,3.580,255.000,448.900,103.000,-0.600
2015-02-04 12:00:00,4.000,217.000,180.000,152.000,-0.300
2015-02-04 13:00:00,4.190,189.000,145.300,139.000,0.000
2015-02-04 14:00:00,4.250,142.000,121.400,107.000,0.100
2015-02-04 15:00:00,4.220,104.000,191.900,66.000,-0.100
2015-02-04 16:00:00,4.000,30.000,115.300,20.000,-0.400
2015-02-04 17:00:00,3.850,0.000,0.000,0.000,-0.600
2015-02-04 18:00:00,3.450,0.000,0.000,0.000,-1.000
2015-02-04 19:00:00,3.200,0.000,0.000,0.000,-1.000
2015-02-04 20:00:00,3.040,0.000,0.000,0.000,-1.100
2015-02-04 21:00:00,3.260,0.000,0.000,0.000,-1.200
2015-02-04 22:00:00,3.450,0.000,0.000,0.000,-1.700
2015-02-04 23:00:00,3.640,0.000,0.000,0.000,-1.800
2015-02-05 00:00:00,3.500,0.000,0.000,0.000,-1.800
2015-02-05 01:00:00,3.270,0.000,0.000,0.000,-2.000
2015-02-05 02:00:00,2.910,0.000,0.000,0.000,-1.700
2015-02-05 03:00:00,2.620,0.000,0.000,0.000,-1.700
2015-02-05 04:00:00,2.420,0.000,0.000,0.000,-1.800
2015-02-05 05:00:00,2.330,0.000,0.000,0.000,-1.800
2015-02-05 06:00:00,2.470,0.000,0.000,0.000,-2.000
2015-02-05 07:00:00,2.610,0.000,0.000,0.000,-2.100
2015-02-05 08:00:00,2.950,30.000,162.200,17.000,-1.800
2015-02-05 09:00:00,4.160,87.000,133.300,62.000,-1.300
2015-02-05 10:00:00,4.920,121.000,106.200,91.000,-0.600
2015-02-05 11:00:00,4.780,136.000,55.300,117.000,-0.400
2015-02-05 12:00:00,4.530,271.000,417.900,118.000,0.500
2015-02-05 13:00:00,5.570,198.000,220.600,121.000,0.800
2015-02-05 14:00:00,6.300,157.000,150.000,113.000,0.700
2015-02-05 15:00:00,6.000,113.000,217.000,69.000,0.500
2015-02-05 16:00:00,6.040,44.000,212.800,25.000,-0.000
2015-02-05 17:00:00,6.440,0.000,0.000,0.000,-0.800
2015-02-05 18:00:00,6.690,0.000,0.000,0.000,-1.400
2015-02-05 19:00:00,6.410,0.000,0.000,0.000,-1.800
2015-02-05 20:00:00,6.410,0.000,0.000,0.000,-2.100
2015-02-05 21:00:00,6.410,0.000,0.000,0.000,-2.500
2015-02-05 22:00:00,6.080,0.000,0.000,0.000,-2.400
2015-02-05 23:00:00,6.090,0.000,0.000,0.000,-2.400
2015-02-06 00:00:00,6.180,0.000,0.000,0.000,-2.600
2015-02-06 01:00:00,6.530,0.000,0.000,0.000,-2.900
2015-02-06 02:00:00,6.800,0.000,0.000,0.000,-3.300
2015-02-06 03:00:00,6.820,0.000,0.000,0.000,-3.600
2015-02-06 04:00:00,6.670,0.000,0.000,0.000,-3.700
2015-02-06 05:00:00,6.330,0.000,0.000,0.000,-4.000
2015-02-06 06:00:00,6.310,0.000,0.000,0.000,-4.000
2015-02-06 07:00:00,6.410,0.000,0.000,0.000,-4.200
2015-02-06 08:00:00,6.480,31.000,157.600,18.000,-3.800
2015-02-06 09:00:00,5.730,107.000,276.000,54.000,-2.800
2015-02-06 10:00:00,5.640,209.000,435.200,84.000,-1.500
2015-02-06 11:00:00,5.830,263.000,496.800,90.000,-0.500
2015-02-06 12:00:00,5.420,273.000,393.500,127.000,0.200
2015-02-06 13:00:00,4.880,296.000,519.900,112.000,0.700
2015-02-06 14:00:00,4.830,255.000,586.900,80.000,0.800
2015-02-06 15:00:00,4.780,166.000,539.500,54.000,0.500
2015-02-06 16:00:00,5.120,55.000,315.800,26.000,-0.500
2015-02-06 17:00:00,5.330,1.000,0.000,1.000,-1.700
2015-02-06 18:00:00,4.890,0.000,0.000,0.000,-2.600
2015-02-06 19:00:00,4.700,0.000,0.000,0.000,-3.200
2015-02-06 20:00:00,4.250,0.000,0.000,0.000,-3.800
2015-02-06 21:00:00,3.720,0.000,0.000,0.000,-4.400
2015-02-06 22:00:00,2.280,0.000,0.000,0.000,-4.500
2015-02-06 23:00:00,1.680,0.000,0.000,0.000,-4.200
2015-02-07 00:00:00,1.360,0.000,0.000,0.000,-4.200
2015-02-07 01:00:00,0.780,0.000,0.000,0.000,-4.700
2015-02-07 02:00:00,0.410,0.000,0.000,0.000,-5.100
2015-02-07 03:00:00,1.930,0.000,0.000,0.000,-5.800
2015-02-07 04:00:00,3.230,0.000,0.000,0.000,-5.900
2015-02-07 05:00:00,3.920,0.000,0.000,0.000,-5.800
2015-02-07 06:00:00,4.620,0.000,0.000,0.000,-5.200
2015-02-07 07:00:00,5.100,0.000,0.000,0.000,-4.800
2015-02-07 08:00:00,5.770,34.000,188.600,18.000,-3.500
2015-02-07 09:00:00,6.100,94.000,208.600,53.000,-2.300
2015-02-07 10:00:00,5.540,137.000,198.700,79.000,-0.800
2015-02-07 11:00:00,6.210,108.000,56.600,88.000,0.100
2015-02-07 12:00:00,6.940,135.000,63.800,111.000,1.100
2015-02-07 13:00:00,7.800,81.000,0.000,81.000,1.300
2015-02-07 14:00:00,8.820,76.000,9.900,73.000,2.100
2015-02-07 15:00:00,9.020,41.000,0.000,41.000,2.500
2015-02-07 16:00:00,9.150,17.000,10.600,16.000,2.800
2015-02-07 17:00:00,9.120,0.000,0.000,0.000,3.300
2015-02-07 18:00:00,9.360,0.000,0.000,0.000,3.600
2015-02-07 19:00:00,9.840,0.000,0.000,0.000,3.600
2015-02-07 20:00:00,10.110,0.000,0.000,0.000,3.700
2015-02-07 21:00:00,10.600,0.000,0.000,0.000,3.900
2015-02-07 22:00:00,11.370,0.000,0.000,0.000,4.000
2015-02-07 23:00:00,11.970,0.000,0.000,0.000,4.000
2015-02-08 00:00:00,11.430,0.000,0.000,0.000,3.700
2015-02-08 01:00:00,11.900,0.000,0.000,0.000,3.200
2015-02-08 02:00:00,11.450,0.000,0.000,0.000,3.000
2015-02-08 03:00:00,10.620,0.000,0.000,0.000,2.500
2015-02-08 04:00:00,9.670,0.000,0.000,0.000,2.100
2015-02-08 05:00:00,9.220,0.000,0.000,0.000,1.800
2015-02-08 06:00:00,9.000,0.000,0.000,0.000,1.300
2015-02-08 07:00:00,8.430,0.000,0.000,0.000,0.800
2015-02-08 08:00:00,8.130,48.000,298.000,22.000,0.900
2015-02-08 09:00:00,7.160,156.000,502.000,55.000,1.700
2015-02-08 10:00:00,6.220,260.000,630.200,73.000,2.600
2015-02-08 11:00:00,7.210,333.000,703.900,81.000,3.100
2015-02-08 12:00:00,7.460,361.000,729.800,83.000,3.500
2015-02-08 13:00:00,7.540,342.000,714.500,82.000,3.600
2015-02-08 14:00:00,7.610,279.000,675.200,71.000,3.800
2015-02-08 15:00:00,7.100,176.000,547.700,57.000,3.500
2015-02-08 16:00:00,6.940,65.000,368.400,29.000,2.500
2015-02-08 17:00:00,6.820,1.000,0.000,1.000,1.000
2015-02-08 18:00:00,6.950,0.000,0.000,0.000,0.700
2015-02-08 19:00:00,7.080,0.000,0.000,0.000,1.100
2015-02-08 20:00:00,7.370,0.000,0.000,0.000,1.300
2015-02-08 21:00:00,7.710,0.000,0.000,0.000,1.600
2015-02-08 22:00:00,8.760,0.000,0.000,0.000,2.000
2015-02-08 23:00:00,9.390,0.000,0.000,0.000,2.400
2015-02-09 00:00:00,9.720,0.000,0.000,0.000,2.500
2015-02-09 01:00:00,9.850,0.000,0.000,0.000,2.900
2015-02-09 02:00:00,9.530,0.000,0.000,0.000,3.400
2015-02-09 03:00:00,9.480,0.000,0.000,0.000,3.900
2015-02-09 04:00:00,9.410,0.000,0.000,0.000,4.300
2015-02-09 05:00:00,9.700,0.000,0.000,0.000,4.500
2015-02-09 06:00:00,10.030,0.000,0.000,0.000,4.600
2015-02-09 07:00:00,9.940,0.000,0.000,0.000,4.700
2015-02-09 08:00:00,9.580,8.000,0.000,8.000,4.900
2015-02-09 09:00:00,9.530,34.000,14.600,31.000,5.100
2015-02-09 10:00:00,8.950,43.000,0.000,43.000,5.500
2015-02-09 11:00:00,9.630,76.000,16.500,70.000,5.800
2015-02-09 12:00:00,10.110,90.000,7.800,87.000,6.100
2015-02-09 13:00:00,10.120,154.000,159.900,95.000,6.400
2015-02-09 14:00:00,9.910,157.000,226.800,86.000,6.600
2015-02-09 15:00:00,9.750,80.000,144.100,48.000,6.300
2015-02-09 16:00:00,9.570,38.000,156.200,22.000,6.100
2015-02-09 17:00:00,9.060,1.000,0.000,1.000,5.900
2015-02-09 18:00:00,8.520,0.000,0.000,0.000,5.700
2015-02-09 19:00:00,8.280,0.000,0.000,0.000,5.500
2015-02-09 20:00:00,8.210,0.000,0.000,0.000,5.400
2015-02-09 21:00:00,8.120,0.000,0.000,0.000,5.400
2015-02-09 22:00:00,7.690,0.000,0.000,0.000,5.400
2015-02-09 23:00:00,7.660,0.000,0.000,0.000,5.500
2015-02-10 00:00:00,7.630,0.000,0.000,0.000,5.500
2015-02-10 01:00:00,7.480,0.000,0.000,0.000,5.500
2015-02-10 02:00:00,7.420,0.000,0.000,0.000,5.300
2015-02-10 03:00:00,7.330,0.000,0.000,0.000,5.200
2015-02-10 04:00:00,7.200,0.000,0.000,0.000,5.000
2015-02-10 05:00:00,7.030,0.000,0.000,0.000,5.000
2015-02-10 06:00:00,6.940,0.000,0.000,0.000,5.000
2015-02-10 07:00:00,6.750,0.000,0.000,0.000,5.000
2015-02-10 08:00:00,6.620,16.000,0.000,16.000,5.100
2015-02-10 09:00:00,6.640,38.000,0.000,38.000,5.300
2015-02-10 10:00:00,6.830,93.000,16.300,88.000,5.500
2015-02-10 11:00:00,7.250,102.000,29.900,91.000,5.800
2015-02-10 12:00:00,7.360,131.000,28.100,120.000,6.100
2015-02-10 13:00:00,7.420,119.000,29.400,108.000,6.300
2015-02-10 14:00:00,5.950,79.000,6.300,77.000,6.400
2015-02-10 15:00:00,5.330,69.000,61.700,55.000,6.500
2015-02-10 16:00:00,5.420,26.000,9.300,25.000,6.500
2015-02-10 17:00:00,5.610,1.000,0.000,1.000,6.300
2015-02-10 18:00:00,5.470,0.000,0.000,0.000,6.400
2015-02-10 19:00:00,5.390,0.000,0.000,0.000,6.200
2015-02-10 20:00:00,5.100,0.000,0.000,0.000,6.100
2015-02-10 21:00:00,4.760,0.000,0.000,0.000,6.100
2015-02-10 22:00:00,3.550,0.000,0.000,0.000,5.700
2015-02-10 23:00:00,3.360,0.000,0.000,0.000,5.500
2015-02-11 00:00:00,2.800,0.000,0.000,0.000,5.300
2015-02-11 01:00:00,2.610,0.000,0.000,0.000,5.100
2015-02-11 02:00:00,2.340,0.000,0.000,0.000,4.900
2015-02-11 03:00:00,1.910,0.000,0.000,0.000,4.800
2015-02-11 04:00:00,1.460,0.000,0.000,0.000,4.500
2015-02-11 05:00:00,1.280,0.000,0.000,0.000,4.500
2015-02-11 06:00:00,0.780,0.000,0.000,0.000,3.900
2015-02-11 07:00:00,0.450,0.000,0.000,0.000,3.900
2015-02-11 08:00:00,0.400,21.000,10.600,20.000,3.700
2015-02-11 09:00:00,0.820,63.000,37.100,55.000,3.800
2015-02-11 10:00:00,2.050,101.000,35.300,90.000,4.300
2015-02-11 11:00:00,2.020,165.000,88.400,132.000,4.600
2015-02-11 12:00:00,2.280,171.000,58.000,148.000,4.800
2015-02-11 13:00:00,2.480,185.000,65.900,160.000,5.000
2015-02-11 14:00:00,2.700,155.000,89.700,126.000,5.100
2015-02-11 15:00:00,2.860,95.000,60.300,81.000,5.100
2015-02-11 16:00:00,3.140,45.000,125.000,31.000,4.700
2015-02-11 17:00:00,3.690,2.000,0.000,2.000,3.700
2015-02-11 18:00:00,4.060,0.000,0.000,0.000,3.000
2015-02-11 19:00:00,4.050,0.000,0.000,0.000,2.100
2015-02-11 20:00:00,4.160,0.000,0.000,0.000,1.400
2015-02-11 21:00:00,4.150,0.000,0.000,0.000,0.700
2015-02-11 22:00:00,3.000,0.000,0.000,0.000,0.300
2015-02-11 23:00:00,3.760,0.000,0.000,0.000,-0.200
2015-02-12 00:00:00,4.020,0.000,0.000,0.000,-0.600
2015-02-12 01:00:00,3.790,0.000,0.000,0.000,-0.700
2015-02-12 02:00:00,3.800,0.000,0.000,0.000,-0.200
2015-02-12 03:00:00,3.830,0.000,0.000,0.000,-0.400
2015-02-12 04:00:00,4.080,0.000,0.000,0.000,-0.400
2015-02-12 05:00:00,4.490,0.000,0.000,0.000,-0.300
2015-02-12 06:00:00,4.720,0.000,0.000,0.000,-0.500
2015-02-12 07:00:00,4.660,1.000,0.000,1.000,-0.500
2015-02-12 08:00:00,4.440,60.000,318.500,29.000,0.300
2015-02-12 09:00:00,3.550,160.000,421.700,67.000,0.500
2015-02-12 10:00:00,2.590,261.000,533.700,92.000,1.100
2015-02-12 11:00:00,2.440,329.000,610.500,98.000,1.700
2015-02-12 12:00:00,1.920,353.000,640.100,96.000,1.900
2015-02-12 13:00:00,1.580,329.000,548.900,118.000,1.900
2015-02-12 14:00:00,1.700,274.000,548.300,94.000,1.900
2015-02-12 15:00:00,1.880,181.000,455.600,73.000,1.800
2015-02-12 16:00:00,2.150,71.000,308.200,35.000,1.300
2015-02-12 17:00:00,2.140,4.000,19.100,3.000,0.500
2015-02-12 18:00:00,2.610,0.000,0.000,0.000,0.600
2015-02-12 19:00:00,3.030,0.000,0.000,0.000,0.500
2015-02-12 20:00:00,3.540,0.000,0.000,0.000,0.200
2015-02-12 21:00:00,4.100,0.000,0.000,0.000,0.200
2015-02-12 22:00:00,3.700,0.000,0.000,0.000,0.200
2015-02-12 23:00:00,3.820,0.000,0.000,0.000,0.000
2015-02-13 00:00:00,4.110,0.000,0.000,0.000,-0.200
2015-02-13 01:00:00,4.300,0.000,0.000,0.000,-0.400
2015-02-13 02:00:00,4.400,0.000,0.000,0.000,-0.500
2015-02-13 03:00:00,4.500,0.000,0.000,0.000,-0.400
2015-02-13 04:00:00,4.600,0.000,0.000,0.000,-0.500
2015-02-13 05:00:00,4.700,0.000,0.000,0.000,-0.500
2015-02-13 06:00:00,5.020,0.000,0.000,0.000,-0.600
2015-02-13 07:00:00,5.230,1.000,0.000,1.000,-0.500
2015-02-13 08:00:00,5.350,57.000,276.000,29.000,-0.100
2015-02-13 09:00:00,4.440,164.000,425.500,68.000,0.600
2015-02-13 10:00:00,3.450,261.000,521.900,93.000,1.500
2015-02-13 11:00:00,3.400,345.000,659.400,92.000,2.500
2015-02-13 12:00:00,3.610,375.000,708.000,87.000,3.600
2015-02-13 13:00:00,3.710,364.000,726.200,81.000,4.500
2015-02-13 14:00:00,3.860,297.000,656.700,78.000,5.300
2015-02-13 15:00:00,4.070,194.000,537.000,64.000,5.300
2015-02-13 16:00:00,5.200,79.000,336.900,38.000,4.600
2015-02-13 17:00:00,6.130,5.000,19.100,4.000,3.300
2015-02-13 18:00:00,6.390,0.000,0.000,0.000,2.300
2015-02-13 19:00:00,6.430,0.000,0.000,0.000,1.700
2015-02-13 20:00:00,6.520,0.000,0.000,0.000,1.300
2015-02-13 21:00:00,6.500,0.000,0.000,0.000,1.100
2015-02-13 22:00:00,6.720,0.000,0.000,0.000,1.400
2015-02-13 23:00:00,6.600,0.000,0.000,0.000,1.200
2015-02-14 00:00:00,6.400,0.000,0.000,0.000,1.000
2015-02-14 01:00:00,6.100,0.000,0.000,0.000,0.700
2015-02-14 02:00:00,5.810,0.000,0.000,0.000,0.400
2015-02-14 03:00:00,5.530,0.000,0.000,0.000,0.300
2015-02-14 04:00:00,5.320,0.000,0.000,0.000,0.000
2015-02-14 05:00:00,5.460,0.000,0.000,0.000,0.000
2015-02-14 06:00:00,5.240,0.000,0.000,0.000,-0.100
2015-02-14 07:00:00,4.920,2.000,0.000,2.000,-0.300
2015-02-14 08:00:00,4.310,64.000,300.600,32.000,0.400
2015-02-14 09:00:00,3.400,177.000,498.300,62.000,2.200
2015-02-14 10:00:00,1.970,284.000,635.700,76.000,4.300
2015-02-14 11:00:00,1.490,349.000,660.600,92.000,6.000
2015-02-14 12:00:00,1.650,379.000,703.600,89.000,7.600
2015-02-14 13:00:00,2.210,356.000,675.900,89.000,8.700
2015-02-14 14:00:00,2.600,280.000,566.800,88.000,9.200
2015-02-14 15:00:00,3.310,191.000,473.300,74.000,9.000
2015-02-14 16:00:00,4.400,84.000,355.400,39.000,7.700
2015-02-14 17:00:00,5.600,6.000,38.200,4.000,5.500
2015-02-14 18:00:00,6.500,0.000,0.000,0.000,3.900
2015-02-14 19:00:00,6.900,0.000,0.000,0.000,2.700
2015-02-14 20:00:00,6.800,0.000,0.000,0.000,2.000
2015-02-14 21:00:00,6.600,0.000,0.000,0.000,1.400
2015-02-14 22:00:00,6.750,0.000,0.000,0.000,0.900
2015-02-14 23:00:00,6.890,0.000,0.000,0.000,0.300
2015-02-15 00:00:00,6.990,0.000,0.000,0.000,0.000
2015-02-15 01:00:00,7.120,0.000,0.000,0.000,-0.400
2015-02-15 02:00:00,7.590,0.000,0.000,0.000,-0.500
2015-02-15 03:00:00,7.650,0.000,0.000,0.000,-0.700
2015-02-15 04:00:00,7.240,0.000,0.000,0.000,-0.700
2015-02-15 05:00:00,6.830,0.000,0.000,0.000,-0.800
2015-02-15 06:00:00,6.870,0.000,0.000,0.000,-0.800
2015-02-15 07:00:00,6.660,2.000,0.000,2.000,-0.800
2015-02-15 08:00:00,6.520,36.000,26.900,33.000,-0.600
2015-02-15 09:00:00,6.300,93.000,42.400,83.000,-0.200
2015-02-15 10:00:00,6.510,165.000,126.300,123.000,0.500
2015-02-15 11:00:00,6.300,255.000,245.900,158.000,1.700
2015-02-15 12:00:00,6.600,285.000,244.200,183.000,2.600
2015-02-15 13:00:00,7.200,270.000,287.200,155.000,3.200
2015-02-15 14:00:00,7.710,189.000,162.800,133.000,3.700
2015-02-15 15:00:00,7.620,110.000,63.400,94.000,3.900
2015-02-15 16:00:00,6.710,52.000,68.400,43.000,4.000
2015-02-15 17:00:00,6.810,3.000,0.000,3.000,3.600
2015-02-15 18:00:00,6.700,0.000,0.000,0.000,3.100
2015-02-15 19:00:00,6.610,0.000,0.000,0.000,3.000
2015-02-15 20:00:00,6.910,0.000,0.000,0.000,2.900
2015-02-15 21:00:00,7.300,0.000,0.000,0.000,2.700
2015-02-15 22:00:00,7.170,0.000,0.000,0.000,2.800
2015-02-15 23:00:00,7.260,0.000,0.000,0.000,2.800
2015-02-16 00:00:00,7.470,0.000,0.000,0.000,2.700
2015-02-16 01:00:00,7.330,0.000,0.000,0.000,2.500
2015-02-16 02:00:00,7.010,0.000,0.000,0.000,2.300
2015-02-16 03:00:00,6.480,0.000,0.000,0.000,1.700
2015-02-16 04:00:00,6.450,0.000,0.000,0.000,1.400
2015-02-16 05:00:00,6.460,0.000,0.000,0.000,1.000
2015-02-16 06:00:00,6.500,0.000,0.000,0.000,0.700
2015-02-16 07:00:00,6.670,3.000,19.100,2.000,0.500
2015-02-16 08:00:00,6.710,74.000,359.600,32.000,0.600
2015-02-16 09:00:00,5.950,185.000,501.200,64.000,1.200
2015-02-16 10:00:00,6.160,302.000,671.500,75.000,2.200
2015-02-16 11:00:00,6.260,374.000,727.500,83.000,3.100
2015-02-16 12:00:00,6.100,400.000,746.800,84.000,3.900
2015-02-16 13:00:00,5.590,383.000,739.200,83.000,4.800
2015-02-16 14:00:00,5.160,316.000,689.800,75.000,5.300
2015-02-16 15:00:00,5.170,213.000,586.400,62.000,5.500
2015-02-16 16:00:00,6.000,95.000,417.400,38.000,5.000
2015-02-16 17:00:00,6.750,8.000,57.300,5.000,3.800
2015-02-16 18:00:00,6.950,0.000,0.000,0.000,2.800
2015-02-16 19:00:00,7.030,0.000,0.000,0.000,2.100
2015-02-16 20:00:00,7.030,0.000,0.000,0.000,1.500
2015-02-16 21:00:00,6.660,0.000,0.000,0.000,1.000
2015-02-16 22:00:00,6.000,0.000,0.000,0.000,0.900
2015-02-16 23:00:00,5.460,0.000,0.000,0.000,0.200
2015-02-17 00:00:00,4.810,0.000,0.000,0.000,-0.400
2015-02-17 01:00:00,4.160,0.000,0.000,0.000,-0.800
2015-02-17 02:00:00,3.410,0.000,0.000,0.000,-1.100
2015-02-17 03:00:00,2.960,0.000,0.000,0.000,-1.400
2015-02-17 04:00:00,3.060,0.000,0.000,0.000,-1.500
2015-02-17 05:00:00,3.330,0.000,0.000,0.000,-1.900
2015-02-17 06:00:00,3.780,0.000,0.000,0.000,-1.500
2015-02-17 07:00:00,4.340,4.000,19.100,3.000,-1.000
2015-02-17 08:00:00,4.350,64.000,237.600,35.000,-0.400
2015-02-17 09:00:00,3.570,153.000,340.300,69.000,0.400
2015-02-17 10:00:00,4.030,234.000,425.000,88.000,1.400
2015-02-17 11:00:00,4.200,288.000,416.700,119.000,1.900
2015-02-17 12:00:00,4.360,274.000,321.900,136.000,2.400
2015-02-17 13:00:00,4.700,215.000,165.300,147.000,2.800
2015-02-17 14:00:00,4.650,109.000,14.100,104.000,2.900
2015-02-17 15:00:00,4.210,64.000,3.800,63.000,3.100
2015-02-17 16:00:00,4.550,29.000,0.000,29.000,3.300
2015-02-17 17:00:00,4.870,3.000,0.000,3.000,3.200
2015-02-17 18:00:00,4.730,0.000,0.000,0.000,3.200
2015-02-17 19:00:00,4.740,0.000,0.000,0.000,3.300
2015-02-17 20:00:00,4.570,0.000,0.000,0.000,3.300
2015-02-17 21:00:00,4.490,0.000,0.000,0.000,3.400
2015-02-17 22:00:00,4.330,0.000,0.000,0.000,3.400
2015-02-17 23:00:00,4.020,0.000,0.000,0.000,3.300
2015-02-18 00:00:00,3.610,0.000,0.000,0.000,3.200
2015-02-18 01:00:00,3.720,0.000,0.000,0.000,2.900
2015-02-18 02:00:00,3.920,0.000,0.000,0.000,2.500
2015-02-18 03:00:00,3.610,0.000,0.000,0.000,2.000
2015-02-18 04:00:00,3.180,0.000,0.000,0.000,1.600
2015-02-18 05:00:00,3.490,0.000,0.000,0.000,1.200
2015-02-18 06:00:00,4.000,0.000,0.000,0.000,1.000
2015-02-18 07:00:00,4.220,3.000,0.000,3.000,0.900
2015-02-18 08:00:00,4.160,49.000,39.200,44.000,1.100
2015-02-18 09:00:00,4.200,142.000,162.500,101.000,1.700
2015-02-18 10:00:00,4.050,227.000,249.200,140.000,2.800
2015-02-18 11:00:00,4.100,351.000,530.200,133.000,4.400
2015-02-18 12:00:00,4.180,396.000,651.700,113.000,5.800
2015-02-18 13:00:00,4.240,406.000,784.400,79.000,6.800
2015-02-18 14:00:00,4.530,335.000,719.200,76.000,7.400
2015-02-18 15:00:00,4.880,229.000,619.600,63.000,7.500
2015-02-18 16:00:00,5.310,106.000,443.400,41.000,6.500
2015-02-18 17:00:00,6.080,11.000,73.800,7.000,4.700
2015-02-18 18:00:00,6.580,0.000,0.000,0.000,3.600
2015-02-18 19:00:00,6.790,0.000,0.000,0.000,3.000
2015-02-18 20:00:00,6.890,0.000,0.000,0.000,2.400
2015-02-18 21:00:00,7.380,0.000,0.000,0.000,2.000
2015-02-18 22:00:00,7.610,0.000,0.000,0.000,1.300
2015-02-18 23:00:00,7.730,0.000,0.000,0.000,1.000
2015-02-19 00:00:00,7.290,0.000,0.000,0.000,0.800
2015-02-19 01:00:00,7.140,0.000,0.000,0.000,0.500
2015-02-19 02:00:00,7.640,0.000,0.000,0.000,0.200
2015-02-19 03:00:00,7.800,0.000,0.000,0.000,0.100
2015-02-19 04:00:00,7.570,0.000,0.000,0.000,0.100
2015-02-19 05:00:00,7.720,0.000,0.000,0.000,0.000
2015-02-19 06:00:00,7.940,0.000,0.000,0.000,0.000
2015-02-19 07:00:00,7.990,6.000,38.200,4.000,0.300
2015-02-19 08:00:00,7.780,91.000,398.900,38.000,1.100
2015-02-19 09:00:00,6.860,194.000,484.700,69.000,2.100
2015-02-19 10:00:00,7.170,304.000,608.800,88.000,3.500
2015-02-19 11:00:00,7.220,392.000,729.300,88.000,4.300
2015-02-19 12:00:00,7.070,426.000,770.600,87.000,5.000
2015-02-19 13:00:00,6.860,403.000,743.400,89.000,5.600
2015-02-19 14:00:00,6.720,335.000,694.900,81.000,5.900
2015-02-19 15:00:00,6.550,232.000,604.000,67.000,6.000
2015-02-19 16:00:00,6.800,110.000,455.000,41.000,5.200
2015-02-19 17:00:00,7.560,12.000,88.100,7.000,3.700
2015-02-19 18:00:00,8.180,0.000,0.000,0.000,2.500
2015-02-19 19:00:00,8.580,0.000,0.000,0.000,1.600
2015-02-19 20:00:00,8.490,0.000,0.000,0.000,0.900
2015-02-19 21:00:00,8.280,0.000,0.000,0.000,0.600
2015-02-19 22:00:00,8.080,0.000,0.000,0.000,0.400
2015-02-19 23:00:00,8.300,0.000,0.000,0.000,0.200
2015-02-20 00:00:00,8.360,0.000,0.000,0.000,-0.100
2015-02-20 01:00:00,8.240,0.000,0.000,0.000,-0.300
2015-02-20 02:00:00,7.960,0.000,0.000,0.000,-0.100
2015-02-20 03:00:00,8.010,0.000,0.000,0.000,-0.000
2015-02-20 04:00:00,8.260,0.000,0.000,0.000,0.200
2015-02-20 05:00:00,8.520,0.000,0.000,0.000,0.700
2015-02-20 06:00:00,8.860,0.000,0.000,0.000,1.300
2015-02-20 07:00:00,9.210,5.000,19.100,4.000,1.900
2015-02-20 08:00:00,9.620,63.000,137.300,44.000,2.800
2015-02-20 09:00:00,8.880,194.000,444.000,77.000,4.000
2015-02-20 10:00:00,8.100,242.000,277.400,142.000,5.400
2015-02-20 11:00:00,9.180,266.000,236.700,166.000,6.500
2015-02-20 12:00:00,11.030,299.000,336.700,149.000,7.600
2015-02-20 13:00:00,10.050,129.000,49.100,108.000,7.900
2015-02-20 14:00:00,8.520,98.000,10.800,94.000,8.000
2015-02-20 15:00:00,7.890,68.000,7.200,66.000,8.100
2015-02-20 16:00:00,7.470,29.000,0.000,29.000,7.900
2015-02-20 17:00:00,7.540,3.000,0.000,3.000,7.600
2015-02-20 18:00:00,7.870,0.000,0.000,0.000,7.200
2015-02-20 19:00:00,7.610,0.000,0.000,0.000,6.900
2015-02-20 20:00:00,7.250,0.000,0.000,0.000,6.900
2015-02-20 21:00:00,7.750,0.000,0.000,0.000,7.100
2015-02-20 22:00:00,8.290,0.000,0.000,0.000,7.000
2015-02-20 23:00:00,8.420,0.000,0.000,0.000,7.000
2015-02-21 00:00:00,8.080,0.000,0.000,0.000,7.000
2015-02-21 01:00:00,8.100,0.000,0.000,0.000,6.800
2015-02-21 02:00:00,8.220,0.000,0.000,0.000,6.600
2015-02-21 03:00:00,8.570,0.000,0.000,0.000,6.500
2015-02-21 04:00:00,9.240,0.000,0.000,0.000,6.400
2015-02-21 05:00:00,9.730,0.000,0.000,0.000,6.400
2015-02-21 06:00:00,9.820,0.000,0.000,0.000,6.300
2015-02-21 07:00:00,9.960,5.000,0.000,5.000,6.400
2015-02-21 08:00:00,9.990,52.000,6.900,51.000,6.400
2015-02-21 09:00:00,9.240,105.000,18.600,100.000,6.700
2015-02-21 10:00:00,9.880,135.000,49.200,117.000,6.100
2015-02-21 11:00:00,9.170,212.000,221.800,117.000,5.100
2015-02-21 12:00:00,8.560,248.000,195.000,160.000,4.400
2015-02-21 13:00:00,8.510,314.000,394.400,143.000,4.800
2015-02-21 14:00:00,8.270,285.000,462.300,111.000,5.100
2015-02-21 15:00:00,8.030,197.000,345.500,99.000,5.100
2015-02-21 16:00:00,7.510,94.000,234.900,56.000,4.700
2015-02-21 17:00:00,7.110,12.000,48.500,9.000,4.000
2015-02-21 18:00:00,7.000,0.000,0.000,0.000,3.300
2015-02-21 19:00:00,6.740,0.000,0.000,0.000,2.900
2015-02-21 20:00:00,6.610,0.000,0.000,0.000,2.900
2015-02-21 21:00:00,6.230,0.000,0.000,0.000,2.900
2015-02-21 22:00:00,6.310,0.000,0.000,0.000,3.100
2015-02-21 23:00:00,5.570,0.000,0.000,0.000,2.700
2015-02-22 00:00:00,5.420,0.000,0.000,0.000,2.200
2015-02-22 01:00:00,5.820,0.000,0.000,0.000,2.000
2015-02-22 02:00:00,5.650,0.000,0.000,0.000,1.900
2015-02-22 03:00:00,5.590,0.000,0.000,0.000,2.000
2015-02-22 04:00:00,5.640,0.000,0.000,0.000,2.000
2015-02-22 05:00:00,5.740,0.000,0.000,0.000,1.900
2015-02-22 06:00:00,5.760,0.000,0.000,0.000,1.800
2015-02-22 07:00:00,5.410,5.000,0.000,5.000,1.900
2015-02-22 08:00:00,5.880,64.000,127.100,45.000,2.300
2015-02-22 09:00:00,5.660,154.000,258.300,83.000,2.900
2015-02-22 10:00:00,5.370,211.000,153.300,154.000,4.000
2015-02-22 11:00:00,5.570,261.000,186.600,180.000,4.700
2015-02-22 12:00:00,5.540,327.000,374.300,156.000,5.600
2015-02-22 13:00:00,5.980,294.000,266.500,177.000,6.100
2015-02-22 14:00:00,5.460,236.000,206.900,157.000,6.300
2015-02-22 15:00:00,5.320,175.000,252.600,102.000,6.300
2015-02-22 16:00:00,5.040,89.000,161.800,62.000,5.800
2015-02-22 17:00:00,4.860,16.000,108.600,9.000,3.700
2015-02-22 18:00:00,5.460,0.000,0.000,0.000,2.300
2015-02-22 19:00:00,6.280,0.000,0.000,0.000,1.800
2015-02-22 20:00:00,7.060,0.000,0.000,0.000,1.600
2015-02-22 21:00:00,8.200,0.000,0.000,0.000,1.500
2015-02-22 22:00:00,9.170,0.000,0.000,0.000,1.800
2015-02-22 23:00:00,9.600,0.000,0.000,0.000,2.200
2015-02-23 00:00:00,10.230,0.000,0.000,0.000,2.700
2015-02-23 01:00:00,10.370,0.000,0.000,0.000,3.000
2015-02-23 02:00:00,10.420,0.000,0.000,0.000,3.200
2015-02-23 03:00:00,10.630,0.000,0.000,0.000,3.500
2015-02-23 04:00:00,10.770,0.000,0.000,0.000,3.400
2015-02-23 05:00:00,10.940,0.000,0.000,0.000,2.800
2015-02-23 06:00:00,10.800,0.000,0.000,0.000,2.000
2015-02-23 07:00:00,10.850,2.000,0.000,2.000,1.600
2015-02-23 08:00:00,10.390,23.000,0.000,23.000,1.900
2015-02-23 09:00:00,9.710,61.000,0.000,61.000,2.300
2015-02-23 10:00:00,8.620,74.000,0.000,74.000,2.200
2015-02-23 11:00:00,8.990,86.000,0.000,86.000,2.500
2015-02-23 12:00:00,8.020,108.000,0.000,108.000,2.800
2015-02-23 13:00:00,7.260,112.000,0.000,112.000,3.000
2015-02-23 14:00:00,7.650,137.000,20.700,129.000,3.500
2015-02-23 15:00:00,7.560,110.000,34.000,100.000,4.000
2015-02-23 16:00:00,7.410,37.000,0.000,37.000,3.800
2015-02-23 17:00:00,7.220,9.000,14.900,8.000,3.600
2015-02-23 18:00:00,7.420,0.000,0.000,0.000,2.900
2015-02-23 19:00:00,7.790,0.000,0.000,0.000,2.500
2015-02-23 20:00:00,8.130,0.000,0.000,0.000,2.200
2015-02-23 21:00:00,8.440,0.000,0.000,0.000,1.900
2015-02-23 22:00:00,8.630,0.000,0.000,0.000,2.600
2015-02-23 23:00:00,8.770,0.000,0.000,0.000,2.700
2015-02-24 00:00:00,8.780,0.000,0.000,0.000,3.000
2015-02-24 01:00:00,8.520,0.000,0.000,0.000,3.000
2015-02-24 02:00:00,8.480,0.000,0.000,0.000,2.800
2015-02-24 03:00:00,8.980,0.000,0.000,0.000,2.900
2015-02-24 04:00:00,9.200,0.000,0.000,0.000,2.700
2015-02-24 05:00:00,9.230,0.000,0.000,0.000,2.600
2015-02-24 06:00:00,9.350,0.000,0.000,0.000,2.700
2015-02-24 07:00:00,9.510,14.000,98.900,8.000,2.700
2015-02-24 08:00:00,9.250,113.000,416.600,46.000,3.700
2015-02-24 09:00:00,8.490,240.000,586.700,72.000,4.800
2015-02-24 10:00:00,11.880,341.000,631.100,99.000,5.900
2015-02-24 11:00:00,10.400,369.000,561.200,119.000,6.400
2015-02-24 12:00:00,9.530,241.000,192.200,151.000,6.700
2015-02-24 13:00:00,8.560,192.000,104.400,145.000,6.700
2015-02-24 14:00:00,8.210,285.000,458.400,105.000,6.700
2015-02-24 15:00:00,7.720,171.000,333.900,71.000,6.400
2015-02-24 16:00:00,8.350,100.000,288.200,49.000,6.100
2015-02-24 17:00:00,8.210,16.000,100.600,9.000,5.500
2015-02-24 18:00:00,8.220,0.000,0.000,0.000,5.000
2015-02-24 19:00:00,8.050,0.000,0.000,0.000,4.400
2015-02-24 20:00:00,7.830,0.000,0.000,0.000,4.300
2015-02-24 21:00:00,7.470,0.000,0.000,0.000,3.800
2015-02-24 22:00:00,7.380,0.000,0.000,0.000,3.200
2015-02-24 23:00:00,7.480,0.000,0.000,0.000,2.700
2015-02-25 00:00:00,7.320,0.000,0.000,0.000,2.600
2015-02-25 01:00:00,7.030,0.000,0.000,0.000,2.600
2015-02-25 02:00:00,7.070,0.000,0.000,0.000,2.400
2015-02-25 03:00:00,7.070,0.000,0.000,0.000,2.300
2015-02-25 04:00:00,7.000,0.000,0.000,0.000,2.400
2015-02-25 05:00:00,6.930,0.000,0.000,0.000,2.200
2015-02-25 06:00:00,6.860,0.000,0.000,0.000,2.100
2015-02-25 07:00:00,6.870,15.000,94.400,9.000,2.100
2015-02-25 08:00:00,6.540,109.000,348.300,51.000,3.000
2015-02-25 09:00:00,5.660,239.000,561.400,75.000,4.100
2015-02-25 10:00:00,5.460,331.000,588.300,102.000,5.400
2015-02-25 11:00:00,5.330,389.000,613.800,112.000,6.300
2015-02-25 12:00:00,4.800,401.000,601.300,116.000,7.100
2015-02-25 13:00:00,5.060,399.000,638.400,108.000,7.700
2015-02-25 14:00:00,5.140,339.000,590.300,104.000,8.100
2015-02-25 15:00:00,4.440,250.000,554.600,81.000,8.300
2015-02-25 16:00:00,3.920,108.000,181.300,75.000,8.000
2015-02-25 17:00:00,4.110,16.000,13.900,15.000,6.400
2015-02-25 18:00:00,4.100,0.000,0.000,0.000,5.000
2015-02-25 19:00:00,4.840,0.000,0.000,0.000,4.900
2015-02-25 20:00:00,5.490,0.000,0.000,0.000,3.700
2015-02-25 21:00:00,5.820,0.000,0.000,0.000,3.200
2015-02-25 22:00:00,5.460,0.000,0.000,0.000,3.300
2015-02-25 23:00:00,5.730,0.000,0.000,0.000,2.700
2015-02-26 00:00:00,5.590,0.000,0.000,0.000,2.700
2015-02-26 01:00:00,5.460,0.000,0.000,0.000,2.600
2015-02-26 02:00:00,5.390,0.000,0.000,0.000,2.000
2015-02-26 03:00:00,5.390,0.000,0.000,0.000,2.000
2015-02-26 04:00:00,5.510,0.000,0.000,0.000,2.200
2015-02-26 05:00:00,5.850,0.000,0.000,0.000,2.200
2015-02-26 06:00:00,5.830,0.000,0.000,0.000,2.200
2015-02-26 07:00:00,6.000,11.000,30.100,9.000,2.600
2015-02-26 08:00:00,6.030,61.000,52.300,52.000,3.400
2015-02-26 09:00:00,5.020,172.000,174.500,120.000,4.700
2015-02-26 10:00:00,4.920,328.000,524.000,121.000,6.300
2015-02-26 11:00:00,6.020,418.000,691.400,102.000,7.700
2015-02-26 12:00:00,7.510,435.000,652.500,122.000,8.800
2015-02-26 13:00:00,7.720,300.000,286.100,168.000,9.300
2015-02-26 14:00:00,7.500,200.000,141.300,143.000,9.500
2015-02-26 15:00:00,6.920,142.000,90.300,114.000,9.400
2015-02-26 16:00:00,6.850,80.000,90.900,63.000,9.100
2015-02-26 17:00:00,6.960,21.000,80.300,15.000,7.800
2015-02-26 18:00:00,7.200,0.000,0.000,0.000,6.400
2015-02-26 19:00:00,7.620,0.000,0.000,0.000,5.800
2015-02-26 20:00:00,7.940,0.000,0.000,0.000,5.400
2015-02-26 21:00:00,8.070,0.000,0.000,0.000,5.000
2015-02-26 22:00:00,8.200,0.000,0.000,0.000,4.600
2015-02-26 23:00:00,8.040,0.000,0.000,0.000,4.500
2015-02-27 00:00:00,7.690,0.000,0.000,0.000,4.500
2015-02-27 01:00:00,7.280,0.000,0.000,0.000,4.500
2015-02-27 02:00:00,6.860,0.000,0.000,0.000,4.200
2015-02-27 03:00:00,6.320,0.000,0.000,0.000,4.000
2015-02-27 04:00:00,5.800,0.000,0.000,0.000,3.900
2015-02-27 05:00:00,5.410,0.000,0.000,0.000,3.700
2015-02-27 06:00:00,5.310,0.000,0.000,0.000,3.400
2015-02-27 07:00:00,5.060,4.000,0.000,4.000,3.200
2015-02-27 08:00:00,4.720,21.000,0.000,21.000,3.300
2015-02-27 09:00:00,3.800,44.000,0.000,44.000,3.300
2015-02-27 10:00:00,3.050,46.000,0.000,46.000,3.100
2015-02-27 11:00:00,2.520,64.000,0.000,64.000,3.400
2015-02-27 12:00:00,2.820,55.000,0.000,55.000,3.700
2015-02-27 13:00:00,4.680,64.000,0.000,64.000,4.100
2015-02-27 14:00:00,5.370,56.000,0.000,56.000,4.600
2015-02-27 15:00:00,6.020,36.000,0.000,36.000,4.900
2015-02-27 16:00:00,6.590,25.000,0.000,25.000,5.200
2015-02-27 17:00:00,6.650,7.000,0.000,7.000,5.300
2015-02-27 18:00:00,6.440,0.000,0.000,0.000,4.700
2015-02-27 19:00:00,6.260,0.000,0.000,0.000,4.200
2015-02-27 20:00:00,6.690,0.000,0.000,0.000,3.500
2015-02-27 21:00:00,6.910,0.000,0.000,0.000,3.000
2015-02-27 22:00:00,6.630,0.000,0.000,0.000,2.000
2015-02-27 23:00:00,6.040,0.000,0.000,0.000,1.700
2015-02-28 00:00:00,5.220,0.000,0.000,0.000,1.000
2015-02-28 01:00:00,5.210,0.000,0.000,0.000,0.700
2015-02-28 02:00:00,5.800,0.000,0.000,0.000,0.400
2015-02-28 03:00:00,5.900,0.000,0.000,0.000,0.800
2015-02-28 04:00:00,5.230,0.000,0.000,0.000,0.500
2015-02-28 05:00:00,4.780,0.000,0.000,0.000,0.400
2015-02-28 06:00:00,5.050,0.000,0.000,0.000,0.200
2015-02-28 07:00:00,5.530,18.000,110.600,10.000,0.200
2015-02-28 08:00:00,5.450,92.000,250.400,46.000,1.500
2015-02-28 09:00:00,4.670,153.000,258.500,73.000,3.000
2015-02-28 10:00:00,5.920,290.000,442.600,110.000,4.100
2015-02-28 11:00:00,5.660,323.000,401.200,135.000,4.800
2015-02-28 12:00:00,5.480,334.000,250.500,211.000,5.600
2015-02-28 13:00:00,5.400,351.000,294.200,212.000,6.500
2015-02-28 14:00:00,5.220,323.000,444.100,139.000,7.200
2015-02-28 15:00:00,5.410,271.000,590.000,82.000,7.500
2015-02-28 16:00:00,5.650,152.000,492.100,55.000,6.900
2015-02-28 17:00:00,6.650,31.000,200.500,15.000,5.200
2015-02-28 18:00:00,7.730,0.000,0.000,0.000,4.100
2015-02-28 19:00:00,8.290,0.000,0.000,0.000,3.700
2015-02-28 20:00:00,8.470,0.000,0.000,0.000,3.400
2015-02-28 21:00:00,8.780,0.000,0.000,0.000,3.000
2015-02-28 22:00:00,9.490,0.000,0.000,0.000,2.900
2015-02-28 23:00:00,9.570,0.000,0.000,0.000,3.000
2015-03-01 00:00:00,9.690,0.000,0.000,0.000,3.300
2015-03-01 01:00:00,9.870,0.000,0.000,0.000,3.600
2015-03-01 02:00:00,9.960,0.000,0.000,0.000,3.900
2015-03-01 03:00:00,9.900,0.000,0.000,0.000,4.200
2015-03-01 04:00:00,10.040,0.000,0.000,0.000,4.100
2015-03-01 05:00:00,10.530,0.000,0.000,0.000,3.900
2015-03-01 06:00:00,10.950,0.000,0.000,0.000,3.600
2015-03-01 07:00:00,11.210,4.000,0.000,4.000,3.500
2015-03-01 08:00:00,11.290,18.000,0.000,18.000,3.900
2015-03-01 09:00:00,10.960,36.000,0.000,36.000,4.500
2015-03-01 10:00:00,9.510,65.000,2.400,64.000,5.600
2015-03-01 11:00:00,9.390,112.000,40.100,93.000,7.000
2015-03-01 12:00:00,8.220,278.000,310.100,124.000,8.700
2015-03-01 13:00:00,8.350,308.000,391.200,121.000,9.300
2015-03-01 14:00:00,10.070,242.000,324.100,106.000,8.900
2015-03-01 15:00:00,9.620,232.000,491.500,72.000,9.400
2015-03-01 16:00:00,9.410,113.000,282.000,56.000,8.900
2015-03-01 17:00:00,8.760,26.000,97.200,18.000,7.400
2015-03-01 18:00:00,7.620,0.000,0.000,0.000,6.600
2015-03-01 19:00:00,6.740,0.000,0.000,0.000,6.000
2015-03-01 20:00:00,6.440,0.000,0.000,0.000,5.000
2015-03-01 21:00:00,7.480,0.000,0.000,0.000,4.500
2015-03-01 22:00:00,7.740,0.000,0.000,0.000,4.700
2015-03-01 23:00:00,8.010,0.000,0.000,0.000,4.900
2015-03-02 00:00:00,8.200,0.000,0.000,0.000,5.100
2015-03-02 01:00:00,8.840,0.000,0.000,0.000,5.300
2015-03-02 02:00:00,9.150,0.000,0.000,0.000,5.400
2015-03-02 03:00:00,11.100,0.000,0.000,0.000,5.600
2015-03-02 04:00:00,11.950,0.000,0.000,0.000,5.600
2015-03-02 05:00:00,12.500,0.000,0.000,0.000,5.000
2015-03-02 06:00:00,12.130,0.000,0.000,0.000,4.100
2015-03-02 07:00:00,11.840,23.000,127.800,13.000,4.200
2015-03-02 08:00:00,11.110,122.000,332.900,57.000,4.600
2015-03-02 09:00:00,12.320,228.000,386.100,104.000,4.800
2015-03-02 10:00:00,11.010,305.000,447.100,118.000,5.600
2015-03-02 11:00:00,11.740,381.000,537.400,123.000,6.200
2015-03-02 12:00:00,12.540,458.000,688.800,112.000,6.900
2015-03-02 13:00:00,11.980,442.000,670.000,118.000,7.300
2015-03-02 14:00:00,11.150,366.000,616.500,104.000,7.400
2015-03-02 15:00:00,10.130,245.000,435.400,101.000,7.200
2015-03-02 16:00:00,9.070,135.000,352.500,62.000,6.000
2015-03-02 17:00:00,8.480,30.000,141.400,18.000,4.900
2015-03-02 18:00:00,8.810,0.000,0.000,0.000,4.000
2015-03-02 19:00:00,9.970,0.000,0.000,0.000,3.300
2015-03-02 20:00:00,10.670,0.000,0.000,0.000,2.500
2015-03-02 21:00:00,10.570,0.000,0.000,0.000,2.200
2015-03-02 22:00:00,10.900,0.000,0.000,0.000,1.900
2015-03-02 23:00:00,11.060,0.000,0.000,0.000,2.100
2015-03-03 00:00:00,12.260,0.000,0.000,0.000,2.200
2015-03-03 01:00:00,13.140,0.000,0.000,0.000,2.600
2015-03-03 02:00:00,12.600,0.000,0.000,0.000,2.500
2015-03-03 03:00:00,11.640,0.000,0.000,0.000,2.500
2015-03-03 04:00:00,10.550,0.000,0.000,0.000,2.500
2015-03-03 05:00:00,9.770,0.000,0.000,0.000,2.100
2015-03-03 06:00:00,9.930,0.000,0.000,0.000,1.900
2015-03-03 07:00:00,9.980,31.000,184.600,16.000,2.200
2015-03-03 08:00:00,8.820,138.000,382.800,61.000,3.200
2015-03-03 09:00:00,10.520,247.000,486.100,88.000,4.400
2015-03-03 10:00:00,8.510,329.000,516.300,110.000,5.100
2015-03-03 11:00:00,9.470,320.000,312.800,168.000,5.900
2015-03-03 12:00:00,9.040,335.000,224.400,221.000,6.700
2015-03-03 13:00:00,7.380,276.000,114.500,220.000,6.800
2015-03-03 14:00:00,6.520,175.000,37.200,159.000,6.600
2015-03-03 15:00:00,8.200,83.000,3.000,82.000,5.600
2015-03-03 16:00:00,9.310,34.000,4.700,33.000,4.900
2015-03-03 17:00:00,9.450,12.000,11.400,11.000,4.100
2015-03-03 18:00:00,9.800,0.000,0.000,0.000,3.900
2015-03-03 19:00:00,9.850,0.000,0.000,0.000,4.000
2015-03-03 20:00:00,9.230,0.000,0.000,0.000,3.900
2015-03-03 21:00:00,8.710,0.000,0.000,0.000,3.500
2015-03-03 22:00:00,8.930,0.000,0.000,0.000,2.700
2015-03-03 23:00:00,8.510,0.000,0.000,0.000,2.500
2015-03-04 00:00:00,8.100,0.000,0.000,0.000,2.200
2015-03-04 01:00:00,8.600,0.000,0.000,0.000,1.800
2015-03-04 02:00:00,9.070,0.000,0.000,0.000,1.600
2015-03-04 03:00:00,8.830,0.000,0.000,0.000,1.500
2015-03-04 04:00:00,8.600,0.000,0.000,0.000,1.300
2015-03-04 05:00:00,8.620,0.000,0.000,0.000,1.200
2015-03-04 06:00:00,8.770,0.000,0.000,0.000,1.100
2015-03-04 07:00:00,9.000,36.000,213.500,18.000,1.500
2015-03-04 08:00:00,9.500,153.000,458.700,58.000,2.500
2015-03-04 09:00:00,10.510,230.000,408.400,94.000,3.400
2015-03-04 10:00:00,8.290,288.000,353.400,136.000,4.400
2015-03-04 11:00:00,7.970,351.000,416.900,146.000,5.000
2015-03-04 12:00:00,8.540,416.000,531.400,143.000,5.700
2015-03-04 13:00:00,9.540,336.000,376.000,150.000,5.700
2015-03-04 14:00:00,9.530,287.000,337.300,140.000,5.700
2015-03-04 15:00:00,9.480,246.000,422.100,102.000,5.900
2015-03-04 16:00:00,9.880,140.000,304.000,74.000,5.700
2015-03-04 17:00:00,10.040,29.000,122.300,18.000,4.700
2015-03-04 18:00:00,10.360,0.000,0.000,0.000,4.100
2015-03-04 19:00:00,10.230,0.000,0.000,0.000,4.200
2015-03-04 20:00:00,9.810,0.000,0.000,0.000,3.800
2015-03-04 21:00:00,9.610,0.000,0.000,0.000,3.500
2015-03-04 22:00:00,9.780,0.000,0.000,0.000,4.000
2015-03-04 23:00:00,9.640,0.000,0.000,0.000,3.800
2015-03-05 00:00:00,9.270,0.000,0.000,0.000,4.100
2015-03-05 01:00:00,8.940,0.000,0.000,0.000,3.800
2015-03-05 02:00:00,8.070,0.000,0.000,0.000,3.400
2015-03-05 03:00:00,7.420,0.000,0.000,0.000,2.700
2015-03-05 04:00:00,6.680,0.000,0.000,0.000,2.000
2015-03-05 05:00:00,6.810,0.000,0.000,0.000,1.800
2015-03-05 06:00:00,6.820,0.000,0.000,0.000,2.200
2015-03-05 07:00:00,6.550,25.000,91.500,17.000,2.800
2015-03-05 08:00:00,6.310,86.000,51.600,75.000,3.800
2015-03-05 09:00:00,6.480,170.000,177.000,110.000,4.400
2015-03-05 10:00:00,6.800,254.000,240.800,149.000,5.400
2015-03-05 11:00:00,6.400,297.000,275.300,160.000,6.100
2015-03-05 12:00:00,6.770,230.000,115.500,170.000,6.400
2015-03-05 13:00:00,6.630,300.000,215.900,192.000,6.900
2015-03-05 14:00:00,6.940,279.000,276.500,157.000,7.300
2015-03-05 15:00:00,6.300,197.000,222.300,120.000,7.600
2015-03-05 16:00:00,5.280,105.000,148.500,72.000,7.500
2015-03-05 17:00:00,4.810,30.000,86.500,22.000,6.500
2015-03-05 18:00:00,4.930,0.000,0.000,0.000,6.000
2015-03-05 19:00:00,5.300,0.000,0.000,0.000,5.600
2015-03-05 20:00:00,5.430,0.000,0.000,0.000,5.600
2015-03-05 21:00:00,5.570,0.000,0.000,0.000,5.600
2015-03-05 22:00:00,5.920,0.000,0.000,0.000,5.700
2015-03-05 23:00:00,6.260,0.000,0.000,0.000,5.200
2015-03-06 00:00:00,6.400,0.000,0.000,0.000,4.800
2015-03-06 01:00:00,6.630,0.000,0.000,0.000,4.200
2015-03-06 02:00:00,6.530,0.000,0.000,0.000,4.200
2015-03-06 03:00:00,6.650,0.000,0.000,0.000,4.000
2015-03-06 04:00:00,6.840,0.000,0.000,0.000,4.200
2015-03-06 05:00:00,6.840,0.000,0.000,0.000,4.400
2015-03-06 06:00:00,6.930,0.000,0.000,0.000,4.500
2015-03-06 07:00:00,6.960,22.000,66.300,16.000,4.500
2015-03-06 08:00:00,7.040,72.000,73.000,56.000,4.800
2015-03-06 09:00:00,6.230,140.000,130.400,95.000,5.300
2015-03-06 10:00:00,6.020,202.000,176.400,124.000,5.700
2015-03-06 11:00:00,6.230,268.000,240.300,147.000,6.500
2015-03-06 12:00:00,6.260,283.000,232.300,161.000,7.200
2015-03-06 13:00:00,7.100,307.000,312.300,149.000,8.000
2015-03-06 14:00:00,6.480,249.000,253.000,136.000,8.500
2015-03-06 15:00:00,5.770,170.000,207.700,97.000,8.600
2015-03-06 16:00:00,5.390,90.000,118.800,63.000,8.400
2015-03-06 17:00:00,5.760,33.000,126.300,21.000,7.800
2015-03-06 18:00:00,5.740,0.000,0.000,0.000,6.900
2015-03-06 19:00:00,5.740,0.000,0.000,0.000,6.300
2015-03-06 20:00:00,6.090,0.000,0.000,0.000,6.000
2015-03-06 21:00:00,6.300,0.000,0.000,0.000,5.900
2015-03-06 22:00:00,6.440,0.000,0.000,0.000,5.500
2015-03-06 23:00:00,5.950,0.000,0.000,0.000,5.600
2015-03-07 00:00:00,6.060,0.000,0.000,0.000,5.600
2015-03-07 01:00:00,6.280,0.000,0.000,0.000,5.300
2015-03-07 02:00:00,7.050,0.000,0.000,0.000,4.800
2015-03-07 03:00:00,7.560,0.000,0.000,0.000,4.500
2015-03-07 04:00:00,7.830,0.000,0.000,0.000,4.200
2015-03-07 05:00:00,7.850,0.000,0.000,0.000,3.600
2015-03-07 06:00:00,8.280,0.000,0.000,0.000,3.100
2015-03-07 07:00:00,8.270,43.000,181.500,26.000,3.700
2015-03-07 08:00:00,8.420,148.000,288.500,83.000,4.900
2015-03-07 09:00:00,7.030,231.000,227.800,151.000,6.500
2015-03-07 10:00:00,6.350,319.000,270.000,198.000,7.900
2015-03-07 11:00:00,6.620,402.000,376.900,210.000,9.400
2015-03-07 12:00:00,6.840,437.000,436.900,205.000,11.100
2015-03-07 13:00:00,7.080,421.000,436.000,198.000,12.300
2015-03-07 14:00:00,7.340,336.000,354.000,176.000,12.900
2015-03-07 15:00:00,7.250,240.000,313.900,128.000,13.000
2015-03-07 16:00:00,8.180,150.000,275.600,86.000,12.600
2015-03-07 17:00:00,8.720,48.000,235.700,25.000,11.700
2015-03-07 18:00:00,8.950,0.000,0.000,0.000,10.500
2015-03-07 19:00:00,9.080,0.000,0.000,0.000,9.600
2015-03-07 20:00:00,8.970,0.000,0.000,0.000,9.000
2015-03-07 21:00:00,8.940,0.000,0.000,0.000,8.600
2015-03-07 22:00:00,9.100,0.000,0.000,0.000,8.100
2015-03-07 23:00:00,8.820,0.000,0.000,0.000,7.600
2015-03-08 00:00:00,8.680,0.000,0.000,0.000,7.200
2015-03-08 01:00:00,8.500,0.000,0.000,0.000,7.000
2015-03-08 02:00:00,8.540,0.000,0.000,0.000,6.700
2015-03-08 03:00:00,8.630,0.000,0.000,0.000,6.300
2015-03-08 04:00:00,8.490,0.000,0.000,0.000,6.000
2015-03-08 05:00:00,8.520,0.000,0.000,0.000,5.700
2015-03-08 06:00:00,8.470,0.000,0.000,0.000,5.400
2015-03-08 07:00:00,8.290,46.000,144.600,32.000,5.900
2015-03-08 08:00:00,7.960,173.000,440.700,71.000,8.400
2015-03-08 09:00:00,6.400,306.000,576.500,100.000,10.600
2015-03-08 10:00:00,4.840,423.000,691.300,109.000,12.800
2015-03-08 11:00:00,5.100,497.000,739.200,116.000,14.800
2015-03-08 12:00:00,5.060,524.000,765.600,113.000,16.300
2015-03-08 13:00:00,5.150,502.000,763.900,107.000,17.300
2015-03-08 14:00:00,5.350,425.000,706.200,102.000,18.000
2015-03-08 15:00:00,5.580,315.000,613.300,93.000,18.000
2015-03-08 16:00:00,6.500,169.000,366.700,82.000,16.600
2015-03-08 17:00:00,7.650,50.000,179.800,32.000,14.800
2015-03-08 18:00:00,7.890,0.000,0.000,0.000,13.200
2015-03-08 19:00:00,7.760,0.000,0.000,0.000,12.200
2015-03-08 20:00:00,7.580,0.000,0.000,0.000,11.300
2015-03-08 21:00:00,7.300,0.000,0.000,0.000,10.400
2015-03-08 22:00:00,6.840,0.000,0.000,0.000,9.100
2015-03-08 23:00:00,5.690,0.000,0.000,0.000,8.000
2015-03-09 00:00:00,6.410,0.000,0.000,0.000,7.000
2015-03-09 01:00:00,6.040,0.000,0.000,0.000,6.600
2015-03-09 02:00:00,5.550,0.000,0.000,0.000,6.500
2015-03-09 03:00:00,5.640,0.000,0.000,0.000,6.600
2015-03-09 04:00:00,5.010,0.000,0.000,0.000,7.000
2015-03-09 05:00:00,4.800,0.000,0.000,0.000,7.300
2015-03-09 06:00:00,4.530,0.000,0.000,0.000,7.400
2015-03-09 07:00:00,3.690,32.000,110.000,21.000,7.200
2015-03-09 08:00:00,2.620,104.000,168.300,64.000,7.600
2015-03-09 09:00:00,1.300,234.000,354.900,105.000,8.100
2015-03-09 10:00:00,0.760,368.000,506.200,135.000,9.600
2015-03-09 11:00:00,1.250,430.000,585.000,125.000,10.800
2015-03-09 12:00:00,1.390,472.000,613.700,139.000,11.600
2015-03-09 13:00:00,1.400,411.000,455.400,173.000,12.300
2015-03-09 14:00:00,1.660,326.000,369.500,155.000,12.600
2015-03-09 15:00:00,1.610,197.000,201.600,123.000,12.400
2015-03-09 16:00:00,1.910,116.000,123.800,86.000,12.100
2015-03-09 17:00:00,1.920,30.000,39.000,26.000,10.800
2015-03-09 18:00:00,2.120,0.000,0.000,0.000,9.000
2015-03-09 19:00:00,3.400,0.000,0.000,0.000,7.600
2015-03-09 20:00:00,4.750,0.000,0.000,0.000,7.200
2015-03-09 21:00:00,6.550,0.000,0.000,0.000,6.800
2015-03-09 22:00:00,7.470,0.000,0.000,0.000,6.100
2015-03-09 23:00:00,6.970,0.000,0.000,0.000,5.800
2015-03-10 00:00:00,6.650,0.000,0.000,0.000,5.400
2015-03-10 01:00:00,6.630,0.000,0.000,0.000,5.300
2015-03-10 02:00:00,6.920,0.000,0.000,0.000,5.200
2015-03-10 03:00:00,6.810,0.000,0.000,0.000,5.100
2015-03-10 04:00:00,6.300,0.000,0.000,0.000,4.900
2015-03-10 05:00:00,6.040,0.000,0.000,0.000,5.300
2015-03-10 06:00:00,5.850,0.000,0.000,0.000,5.700
2015-03-10 07:00:00,5.410,12.000,0.000,12.000,6.200
2015-03-10 08:00:00,5.200,26.000,0.000,26.000,6.600
2015-03-10 09:00:00,4.900,37.000,0.000,37.000,7.000
2015-03-10 10:00:00,4.410,71.000,0.000,71.000,8.200
2015-03-10 11:00:00,4.920,114.000,9.500,109.000,9.100
2015-03-10 12:00:00,5.250,176.000,51.100,148.000,9.900
2015-03-10 13:00:00,5.200,198.000,70.000,161.000,10.400
2015-03-10 14:00:00,5.330,232.000,162.300,156.000,11.000
2015-03-10 15:00:00,5.660,206.000,163.800,145.000,11.000
2015-03-10 16:00:00,5.660,138.000,226.500,82.000,10.500
2015-03-10 17:00:00,5.830,41.000,142.600,26.000,9.300
2015-03-10 18:00:00,6.290,1.000,0.000,1.000,7.800
2015-03-10 19:00:00,6.530,0.000,0.000,0.000,6.600
2015-03-10 20:00:00,6.590,0.000,0.000,0.000,5.700
2015-03-10 21:00:00,6.790,0.000,0.000,0.000,4.800
2015-03-10 22:00:00,6.750,0.000,0.000,0.000,3.800
2015-03-10 23:00:00,6.590,0.000,0.000,0.000,3.100
2015-03-11 00:00:00,6.080,0.000,0.000,0.000,2.700
2015-03-11 01:00:00,6.140,0.000,0.000,0.000,2.500
2015-03-11 02:00:00,6.270,0.000,0.000,0.000,2.600
2015-03-11 03:00:00,6.240,0.000,0.000,0.000,2.500
2015-03-11 04:00:00,6.310,0.000,0.000,0.000,2.300
2015-03-11 05:00:00,6.440,0.000,0.000,0.000,2.100
2015-03-11 06:00:00,6.530,1.000,0.000,1.000,2.100
2015-03-11 07:00:00,6.440,57.000,244.500,31.000,2.300
2015-03-11 08:00:00,5.640,175.000,415.800,71.000,3.700
2015-03-11 09:00:00,7.180,279.000,433.700,116.000,5.000
2015-03-11 10:00:00,6.820,326.000,383.100,145.000,6.200
2015-03-11 11:00:00,6.790,373.000,320.700,202.000,7.300
2015-03-11 12:00:00,6.790,412.000,407.800,186.000,8.500
2015-03-11 13:00:00,6.620,392.000,410.300,173.000,9.300
2015-03-11 14:00:00,6.360,348.000,399.100,159.000,9.700
2015-03-11 15:00:00,5.960,250.000,341.700,121.000,10.000
2015-03-11 16:00:00,5.160,146.000,233.900,87.000,9.500
2015-03-11 17:00:00,5.480,51.000,195.000,30.000,8.600
2015-03-11 18:00:00,6.160,1.000,0.000,1.000,7.200
2015-03-11 19:00:00,6.590,0.000,0.000,0.000,6.400
2015-03-11 20:00:00,6.230,0.000,0.000,0.000,5.700
2015-03-11 21:00:00,5.780,0.000,0.000,0.000,4.800
2015-03-11 22:00:00,4.810,0.000,0.000,0.000,3.600
2015-03-11 23:00:00,5.150,0.000,0.000,0.000,3.100
2015-03-12 00:00:00,4.900,0.000,0.000,0.000,2.400
2015-03-12 01:00:00,4.590,0.000,0.000,0.000,1.700
2015-03-12 02:00:00,4.100,0.000,0.000,0.000,0.800
2015-03-12 03:00:00,3.820,0.000,0.000,0.000,0.700
2015-03-12 04:00:00,3.540,0.000,0.000,0.000,0.400
2015-03-12 05:00:00,3.340,0.000,0.000,0.000,-0.600
2015-03-12 06:00:00,3.620,1.000,0.000,1.000,-1.200
2015-03-12 07:00:00,4.050,66.000,291.000,34.000,0.100
2015-03-12 08:00:00,3.100,175.000,327.700,91.000,1.800
2015-03-12 09:00:00,3.080,302.000,505.200,109.000,3.300
2015-03-12 10:00:00,3.410,391.000,528.800,138.000,4.900
2015-03-12 11:00:00,3.520,491.000,710.400,108.000,6.200
2015-03-12 12:00:00,3.410,545.000,775.200,111.000,7.400
2015-03-12 13:00:00,3.850,501.000,697.200,125.000,8.000
2015-03-12 14:00:00,3.830,407.000,595.200,122.000,8.200
2015-03-12 15:00:00,3.930,345.000,676.900,86.000,8.200
2015-03-12 16:00:00,4.060,210.000,567.600,64.000,7.600
2015-03-12 17:00:00,4.500,71.000,350.700,32.000,6.400
2015-03-12 18:00:00,5.400,1.000,0.000,1.000,4.900
2015-03-12 19:00:00,5.920,0.000,0.000,0.000,4.100
2015-03-12 20:00:00,6.030,0.000,0.000,0.000,3.600
2015-03-12 21:00:00,5.850,0.000,0.000,0.000,3.700
2015-03-12 22:00:00,5.280,0.000,0.000,0.000,3.100
2015-03-12 23:00:00,4.720,0.000,0.000,0.000,3.100
2015-03-13 00:00:00,4.600,0.000,0.000,0.000,2.900
2015-03-13 01:00:00,4.730,0.000,0.000,0.000,2.600
2015-03-13 02:00:00,4.940,0.000,0.000,0.000,2.400
2015-03-13 03:00:00,5.140,0.000,0.000,0.000,2.100
2015-03-13 04:00:00,5.470,0.000,0.000,0.000,1.500
2015-03-13 05:00:00,5.610,0.000,0.000,0.000,0.900
2015-03-13 06:00:00,5.770,1.000,0.000,1.000,0.300
2015-03-13 07:00:00,5.690,44.000,154.900,26.000,0.300
2015-03-13 08:00:00,5.790,123.000,201.900,70.000,0.900
2015-03-13 09:00:00,5.480,211.000,193.200,136.000,1.800
2015-03-13 10:00:00,5.120,301.000,315.800,148.000,3.000
2015-03-13 11:00:00,4.720,389.000,405.500,168.000,4.100
2015-03-13 12:00:00,4.520,404.000,360.700,200.000,4.900
2015-03-13 13:00:00,5.140,374.000,350.600,183.000,5.300
2015-03-13 14:00:00,5.580,286.000,216.900,181.000,5.600
2015-03-13 15:00:00,5.550,199.000,134.100,147.000,5.600
2015-03-13 16:00:00,5.510,94.000,42.000,83.000,5.300
2015-03-13 17:00:00,4.950,34.000,25.900,31.000,5.000
2015-03-13 18:00:00,4.180,1.000,0.000,1.000,4.300
2015-03-13 19:00:00,3.900,0.000,0.000,0.000,3.200
2015-03-13 20:00:00,3.830,0.000,0.000,0.000,3.700
2015-03-13 21:00:00,4.330,0.000,0.000,0.000,3.900
2015-03-13 22:00:00,4.760,0.000,0.000,0.000,4.000
2015-03-13 23:00:00,4.960,0.000,0.000,0.000,3.700
2015-03-14 00:00:00,5.000,0.000,0.000,0.000,3.700
2015-03-14 01:00:00,5.160,0.000,0.000,0.000,3.300
2015-03-14 02:00:00,5.330,0.000,0.000,0.000,2.900
2015-03-14 03:00:00,5.250,0.000,0.000,0.000,2.600
2015-03-14 04:00:00,4.900,0.000,0.000,0.000,2.500
2015-03-14 05:00:00,4.860,0.000,0.000,0.000,2.500
2015-03-14 06:00:00,5.060,1.000,0.000,1.000,2.500
2015-03-14 07:00:00,5.170,23.000,0.000,23.000,2.600
2015-03-14 08:00:00,4.530,65.000,11.200,62.000,2.800
2015-03-14 09:00:00,4.680,122.000,22.800,113.000,3.100
2015-03-14 10:00:00,4.940,149.000,4.100,147.000,3.600
2015-03-14 11:00:00,5.140,153.000,12.700,146.000,4.000
2015-03-14 12:00:00,5.100,171.000,7.000,167.000,4.400
2015-03-14 13:00:00,5.280,213.000,30.900,196.000,4.800
2015-03-14 14:00:00,5.950,197.000,49.000,173.000,5.200
2015-03-14 15:00:00,5.810,88.000,22.900,79.000,5.000
2015-03-14 16:00:00,5.690,52.000,11.200,49.000,5.100
2015-03-14 17:00:00,5.890,27.000,0.000,27.000,5.100
2015-03-14 18:00:00,6.100,1.000,0.000,1.000,5.000
2015-03-14 19:00:00,6.070,0.000,0.000,0.000,5.300
2015-03-14 20:00:00,6.070,0.000,0.000,0.000,5.200
2015-03-14 21:00:00,6.130,0.000,0.000,0.000,5.200
2015-03-14 22:00:00,6.410,0.000,0.000,0.000,5.100
2015-03-14 23:00:00,6.240,0.000,0.000,0.000,4.800
2015-03-15 00:00:00,6.130,0.000,0.000,0.000,4.500
2015-03-15 01:00:00,5.940,0.000,0.000,0.000,4.200
2015-03-15 02:00:00,6.090,0.000,0.000,0.000,4.100
2015-03-15 03:00:00,6.320,0.000,0.000,0.000,4.100
2015-03-15 04:00:00,6.510,0.000,0.000,0.000,4.000
2015-03-15 05:00:00,6.650,0.000,0.000,0.000,4.100
2015-03-15 06:00:00,6.710,1.000,0.000,1.000,4.300
2015-03-15 07:00:00,6.840,29.000,15.500,27.000,4.500
2015-03-15 08:00:00,8.700,102.000,76.400,81.000,4.500
2015-03-15 09:00:00,9.220,158.000,154.800,96.000,4.700
2015-03-15 10:00:00,7.860,210.000,112.800,154.000,5.200
2015-03-15 11:00:00,8.710,172.000,50.300,144.000,5.300
2015-03-15 12:00:00,8.790,215.000,64.100,178.000,5.600
2015-03-15 13:00:00,8.730,272.000,203.300,159.000,5.900
2015-03-15 14:00:00,8.460,252.000,242.600,132.000,6.300
2015-03-15 15:00:00,6.890,132.000,115.600,86.000,5.800
2015-03-15 16:00:00,7.340,125.000,202.200,70.000,5.700
2015-03-15 17:00:00,7.360,36.000,47.800,30.000,5.600
2015-03-15 18:00:00,7.690,2.000,0.000,2.000,5.700
2015-03-15 19:00:00,7.990,0.000,0.000,0.000,5.500
2015-03-15 20:00:00,8.420,0.000,0.000,0.000,5.600
2015-03-15 21:00:00,8.700,0.000,0.000,0.000,5.700
2015-03-15 22:00:00,9.340,0.000,0.000,0.000,5.900
2015-03-15 23:00:00,9.360,0.000,0.000,0.000,5.800
2015-03-16 00:00:00,9.190,0.000,0.000,0.000,5.600
2015-03-16 01:00:00,9.120,0.000,0.000,0.000,5.400
2015-03-16 02:00:00,9.060,0.000,0.000,0.000,4.900
2015-03-16 03:00:00,8.880,0.000,0.000,0.000,4.700
2015-03-16 04:00:00,8.630,0.000,0.000,0.000,4.500
2015-03-16 05:00:00,8.470,0.000,0.000,0.000,4.500
2015-03-16 06:00:00,8.370,4.000,19.100,3.000,4.400
2015-03-16 07:00:00,8.140,82.000,318.600,39.000,5.200
2015-03-16 08:00:00,7.620,219.000,526.300,71.000,6.400
2015-03-16 09:00:00,8.790,337.000,595.200,95.000,7.700
2015-03-16 10:00:00,8.950,447.000,650.700,120.000,9.200
2015-03-16 11:00:00,9.120,421.000,359.100,219.000,9.900
2015-03-16 12:00:00,9.530,425.000,362.200,214.000,10.700
2015-03-16 13:00:00,9.300,343.000,292.200,179.000,11.000
2015-03-16 14:00:00,8.540,307.000,262.000,176.000,11.500
2015-03-16 15:00:00,8.320,202.000,131.500,149.000,11.600
2015-03-16 16:00:00,8.610,169.000,296.100,87.000,11.500
2015-03-16 17:00:00,8.560,76.000,253.000,43.000,11.000
2015-03-16 18:00:00,8.670,3.000,0.000,3.000,10.300
2015-03-16 19:00:00,8.860,0.000,0.000,0.000,9.700
2015-03-16 20:00:00,8.810,0.000,0.000,0.000,9.300
2015-03-16 21:00:00,8.570,0.000,0.000,0.000,8.800
2015-03-16 22:00:00,8.500,0.000,0.000,0.000,7.500
2015-03-16 23:00:00,7.870,0.000,0.000,0.000,7.100
2015-03-17 00:00:00,7.600,0.000,0.000,0.000,6.600
2015-03-17 01:00:00,7.020,0.000,0.000,0.000,6.100
2015-03-17 02:00:00,6.660,0.000,0.000,0.000,5.500
2015-03-17 03:00:00,6.760,0.000,0.000,0.000,5.000
2015-03-17 04:00:00,6.630,0.000,0.000,0.000,4.600
2015-03-17 05:00:00,6.590,0.000,0.000,0.000,4.200
2015-03-17 06:00:00,6.930,5.000,19.100,4.000,3.900
2015-03-17 07:00:00,6.740,81.000,198.300,53.000,4.900
2015-03-17 08:00:00,5.630,193.000,288.800,110.000,7.000
2015-03-17 09:00:00,5.280,310.000,375.600,155.000,8.700
2015-03-17 10:00:00,4.840,395.000,393.300,195.000,10.600
2015-03-17 11:00:00,5.030,482.000,549.000,170.000,12.200
2015-03-17 12:00:00,5.190,484.000,567.900,150.000,13.400
2015-03-17 13:00:00,5.440,507.000,656.600,135.000,14.300
2015-03-17 14:00:00,5.680,451.000,665.200,115.000,14.800
2015-03-17 15:00:00,6.060,338.000,549.000,114.000,15.000
2015-03-17 16:00:00,5.680,208.000,454.200,80.000,14.700
2015-03-17 17:00:00,5.750,82.000,295.900,42.000,13.700
2015-03-17 18:00:00,6.280,4.000,19.100,3.000,11.700
2015-03-17 19:00:00,6.650,0.000,0.000,0.000,10.200
2015-03-17 20:00:00,6.580,0.000,0.000,0.000,9.400
2015-03-17 21:00:00,6.320,0.000,0.000,0.000,9.000
2015-03-17 22:00:00,6.500,0.000,0.000,0.000,7.700
2015-03-17 23:00:00,6.270,0.000,0.000,0.000,7.000
2015-03-18 00:00:00,6.350,0.000,0.000,0.000,6.500
2015-03-18 01:00:00,6.470,0.000,0.000,0.000,6.200
2015-03-18 02:00:00,6.310,0.000,0.000,0.000,5.900
2015-03-18 03:00:00,6.130,0.000,0.000,0.000,5.400
2015-03-18 04:00:00,6.040,0.000,0.000,0.000,5.100
2015-03-18 05:00:00,6.310,0.000,0.000,0.000,4.700
2015-03-18 06:00:00,6.260,7.000,38.200,5.000,4.300
2015-03-18 07:00:00,5.550,93.000,318.800,46.000,5.500
2015-03-18 08:00:00,4.310,221.000,453.100,88.000,7.500
2015-03-18 09:00:00,4.140,355.000,575.600,114.000,9.200
2015-03-18 10:00:00,3.960,467.000,661.000,127.000,11.300
2015-03-18 11:00:00,3.830,544.000,731.600,124.000,12.900
2015-03-18 12:00:00,3.640,556.000,697.400,142.000,14.100
2015-03-18 13:00:00,3.450,543.000,734.400,123.000,15.000
2015-03-18 14:00:00,3.180,467.000,682.000,119.000,15.500
2015-03-18 15:00:00,3.140,354.000,593.300,109.000,15.600
2015-03-18 16:00:00,3.420,223.000,495.400,81.000,15.200
2015-03-18 17:00:00,4.430,87.000,307.300,44.000,13.600
2015-03-18 18:00:00,5.260,5.000,19.100,4.000,11.600
2015-03-18 19:00:00,5.820,0.000,0.000,0.000,9.900
2015-03-18 20:00:00,6.330,0.000,0.000,0.000,8.700
2015-03-18 21:00:00,6.480,0.000,0.000,0.000,7.700
2015-03-18 22:00:00,5.730,0.000,0.000,0.000,6.500
2015-03-18 23:00:00,5.320,0.000,0.000,0.000,5.300
2015-03-19 00:00:00,5.010,0.000,0.000,0.000,4.300
2015-03-19 01:00:00,4.570,0.000,0.000,0.000,3.400
2015-03-19 02:00:00,4.210,0.000,0.000,0.000,2.600
2015-03-19 03:00:00,4.460,0.000,0.000,0.000,1.900
2015-03-19 04:00:00,4.810,0.000,0.000,0.000,1.400
2015-03-19 05:00:00,4.910,0.000,0.000,0.000,1.100
2015-03-19 06:00:00,4.620,9.000,55.700,6.000,1.000
2015-03-19 07:00:00,4.200,101.000,332.100,50.000,2.400
2015-03-19 08:00:00,2.710,236.000,510.600,83.000,4.600
2015-03-19 09:00:00,2.240,374.000,595.700,121.000,6.500
2015-03-19 10:00:00,2.250,471.000,605.500,156.000,8.700
2015-03-19 11:00:00,2.250,565.000,743.400,134.000,10.500
2015-03-19 12:00:00,2.330,594.000,784.400,124.000,11.800
2015-03-19 13:00:00,2.210,569.000,784.800,116.000,12.600
2015-03-19 14:00:00,1.820,497.000,760.600,105.000,13.300
2015-03-19 15:00:00,1.860,386.000,710.700,89.000,13.400
2015-03-19 16:00:00,2.560,244.000,597.000,70.000,13.200
2015-03-19 17:00:00,2.980,98.000,394.000,41.000,12.000
2015-03-19 18:00:00,3.490,7.000,38.200,5.000,9.400
2015-03-19 19:00:00,4.000,0.000,0.000,0.000,6.900
2015-03-19 20:00:00,4.200,0.000,0.000,0.000,5.100
2015-03-19 21:00:00,4.050,0.000,0.000,0.000,3.900
2015-03-19 22:00:00,2.980,0.000,0.000,0.000,2.100
2015-03-19 23:00:00,2.390,0.000,0.000,0.000,1.200
2015-03-20 00:00:00,2.210,0.000,0.000,0.000,0.800
2015-03-20 01:00:00,2.280,0.000,0.000,0.000,0.400
2015-03-20 02:00:00,2.330,0.000,0.000,0.000,0.400
2015-03-20 03:00:00,2.700,0.000,0.000,0.000,0.500
2015-03-20 04:00:00,3.060,0.000,0.000,0.000,0.000
2015-03-20 05:00:00,3.180,0.000,0.000,0.000,-0.700
2015-03-20 06:00:00,3.340,10.000,70.200,6.000,-0.900
2015-03-20 07:00:00,3.610,111.000,419.500,44.000,1.000
2015-03-20 08:00:00,2.600,257.000,601.800,73.000,3.500
2015-03-20 09:00:00,1.710,398.000,717.500,89.000,5.500
2015-03-20 10:00:00,2.120,508.000,771.800,102.000,5.300
2015-03-20 11:00:00,2.530,582.000,818.300,103.000,7.100
2015-03-20 12:00:00,3.100,604.000,823.700,106.000,8.600
2015-03-20 13:00:00,3.860,575.000,810.400,103.000,9.200
2015-03-20 14:00:00,4.030,500.000,770.500,99.000,9.500
2015-03-20 15:00:00,3.760,386.000,704.800,88.000,9.500
2015-03-20 16:00:00,3.720,245.000,594.100,69.000,9.100
2015-03-20 17:00:00,4.160,101.000,395.000,42.000,7.900
2015-03-20 18:00:00,5.250,7.000,38.200,5.000,6.300
2015-03-20 19:00:00,5.380,0.000,0.000,0.000,4.600
2015-03-20 20:00:00,3.890,0.000,0.000,0.000,3.200
2015-03-20 21:00:00,4.020,0.000,0.000,0.000,3.000
2015-03-20 22:00:00,4.870,0.000,0.000,0.000,2.200
2015-03-20 23:00:00,4.800,0.000,0.000,0.000,2.200
2015-03-21 00:00:00,4.960,0.000,0.000,0.000,2.600
2015-03-21 01:00:00,5.680,0.000,0.000,0.000,2.900
2015-03-21 02:00:00,6.110,0.000,0.000,0.000,3.200
2015-03-21 03:00:00,6.020,0.000,0.000,0.000,3.000
2015-03-21 04:00:00,6.170,0.000,0.000,0.000,2.900
2015-03-21 05:00:00,6.320,0.000,0.000,0.000,2.800
2015-03-21 06:00:00,6.150,4.000,0.000,4.000,2.600
2015-03-21 07:00:00,6.260,20.000,0.000,20.000,2.100
2015-03-21 08:00:00,6.550,22.000,0.000,22.000,1.700
2015-03-21 09:00:00,6.600,60.000,0.000,60.000,1.600
2015-03-21 10:00:00,6.940,100.000,3.800,98.000,3.300
2015-03-21 11:00:00,6.110,181.000,13.500,173.000,4.900
2015-03-21 12:00:00,5.020,280.000,109.800,213.000,6.400
2015-03-21 13:00:00,4.030,283.000,105.500,221.000,7.000
2015-03-21 14:00:00,4.140,271.000,209.400,161.000,7.000
2015-03-21 15:00:00,4.250,210.000,219.800,116.000,7.100
2015-03-21 16:00:00,3.780,145.000,202.700,84.000,7.000
2015-03-21 17:00:00,4.300,53.000,84.400,40.000,6.600
2015-03-21 18:00:00,5.680,5.000,18.500,4.000,6.000
2015-03-21 19:00:00,6.960,0.000,0.000,0.000,5.400
2015-03-21 20:00:00,8.150,0.000,0.000,0.000,4.400
2015-03-21 21:00:00,9.210,0.000,0.000,0.000,3.400
2015-03-21 22:00:00,9.480,0.000,0.000,0.000,3.200
2015-03-21 23:00:00,9.340,0.000,0.000,0.000,2.800
2015-03-22 00:00:00,9.280,0.000,0.000,0.000,2.400
2015-03-22 01:00:00,8.960,0.000,0.000,0.000,1.900
2015-03-22 02:00:00,8.270,0.000,0.000,0.000,1.300
2015-03-22 03:00:00,8.140,0.000,0.000,0.000,0.700
2015-03-22 04:00:00,7.880,0.000,0.000,0.000,-0.100
2015-03-22 05:00:00,7.260,0.000,0.000,0.000,-0.800
2015-03-22 06:00:00,6.800,14.000,95.100,8.000,-1.000
2015-03-22 07:00:00,5.950,126.000,453.700,48.000,-0.100
2015-03-22 08:00:00,6.810,283.000,664.000,72.000,0.800
2015-03-22 09:00:00,6.210,427.000,763.900,89.000,1.700
2015-03-22 10:00:00,4.930,527.000,759.000,119.000,2.600
2015-03-22 11:00:00,4.570,615.000,853.400,106.000,3.500
2015-03-22 12:00:00,4.020,639.000,867.800,105.000,4.000
2015-03-22 13:00:00,3.520,610.000,858.700,101.000,4.700
2015-03-22 14:00:00,3.590,530.000,816.300,97.000,5.100
2015-03-22 15:00:00,3.480,412.000,756.100,85.000,5.300
2015-03-22 16:00:00,3.270,265.000,634.600,71.000,5.200
2015-03-22 17:00:00,3.230,113.000,434.800,44.000,4.800
2015-03-22 18:00:00,4.110,10.000,70.800,6.000,3.200
2015-03-22 19:00:00,4.720,0.000,0.000,0.000,1.800
2015-03-22 20:00:00,5.230,0.000,0.000,0.000,1.200
2015-03-22 21:00:00,5.140,0.000,0.000,0.000,0.600
2015-03-22 22:00:00,5.110,0.000,0.000,0.000,0.000
2015-03-22 23:00:00,4.960,0.000,0.000,0.000,-0.400
2015-03-23 00:00:00,4.900,0.000,0.000,0.000,-0.900
2015-03-23 01:00:00,4.510,0.000,0.000,0.000,-1.400
2015-03-23 02:00:00,4.420,0.000,0.000,0.000,-1.500
2015-03-23 03:00:00,4.610,0.000,0.000,0.000,-1.700
2015-03-23 04:00:00,4.590,0.000,0.000,0.000,-1.800
2015-03-23 05:00:00,4.710,0.000,0.000,0.000,-2.000
2015-03-23 06:00:00,4.680,16.000,75.500,11.000,-1.800
2015-03-23 07:00:00,3.940,126.000,438.100,48.000,-0.200
2015-03-23 08:00:00,3.200,270.000,583.700,81.000,1.800
2015-03-23 09:00:00,3.180,401.000,640.100,114.000,3.500
2015-03-23 10:00:00,2.560,507.000,692.100,131.000,5.600
2015-03-23 11:00:00,2.830,586.000,767.400,124.000,7.400
2015-03-23 12:00:00,3.330,591.000,726.600,140.000,8.500
2015-03-23 13:00:00,3.400,538.000,669.000,138.000,9.300
2015-03-23 14:00:00,3.700,499.000,698.600,125.000,10.200
2015-03-23 15:00:00,3.700,384.000,638.000,105.000,10.700
2015-03-23 16:00:00,3.330,248.000,525.100,85.000,10.600
2015-03-23 17:00:00,2.870,103.000,306.100,53.000,9.700
2015-03-23 18:00:00,2.640,10.000,51.000,7.000,9.100
2015-03-23 19:00:00,2.590,0.000,0.000,0.000,7.100
2015-03-23 20:00:00,2.770,0.000,0.000,0.000,5.700
2015-03-23 21:00:00,2.820,0.000,0.000,0.000,4.700
2015-03-23 22:00:00,1.970,0.000,0.000,0.000,4.700
2015-03-23 23:00:00,2.450,0.000,0.000,0.000,4.000
2015-03-24 00:00:00,2.280,0.000,0.000,0.000,3.500
2015-03-24 01:00:00,1.880,0.000,0.000,0.000,3.700
2015-03-24 02:00:00,1.330,0.000,0.000,0.000,3.600
2015-03-24 03:00:00,1.100,0.000,0.000,0.000,3.800
2015-03-24 04:00:00,1.260,0.000,0.000,0.000,3.700
2015-03-24 05:00:00,1.500,0.000,0.000,0.000,3.200
2015-03-24 06:00:00,2.150,7.000,14.400,6.000,3.100
2015-03-24 07:00:00,2.620,91.000,211.700,52.000,3.700
2015-03-24 08:00:00,1.610,148.000,112.200,111.000,5.200
2015-03-24 09:00:00,1.500,294.000,354.400,133.000,6.500
2015-03-24 10:00:00,0.760,398.000,335.200,214.000,8.300
2015-03-24 11:00:00,1.780,482.000,487.200,186.000,9.800
2015-03-24 12:00:00,3.130,445.000,404.200,192.000,10.300
2015-03-24 13:00:00,3.160,270.000,99.500,210.000,10.300
2015-03-24 14:00:00,2.960,222.000,149.900,141.000,10.400
2015-03-24 15:00:00,2.720,139.000,74.600,106.000,10.400
2015-03-24 16:00:00,1.730,64.000,38.100,52.000,10.200
2015-03-24 17:00:00,1.000,26.000,6.000,25.000,9.700
2015-03-24 18:00:00,1.630,3.000,0.000,3.000,8.200
2015-03-24 19:00:00,3.270,0.000,0.000,0.000,7.300
2015-03-24 20:00:00,4.240,0.000,0.000,0.000,6.500
2015-03-24 21:00:00,4.500,0.000,0.000,0.000,5.900
2015-03-24 22:00:00,4.420,0.000,0.000,0.000,5.400
2015-03-24 23:00:00,5.360,0.000,0.000,0.000,4.700
2015-03-25 00:00:00,5.700,0.000,0.000,0.000,4.300
2015-03-25 01:00:00,6.070,0.000,0.000,0.000,4.000
2015-03-25 02:00:00,6.930,0.000,0.000,0.000,3.700
2015-03-25 03:00:00,7.290,0.000,0.000,0.000,3.000
2015-03-25 04:00:00,7.260,0.000,0.000,0.000,3.100
2015-03-25 05:00:00,7.740,0.000,0.000,0.000,3.200
2015-03-25 06:00:00,8.190,20.000,110.500,12.000,3.200
2015-03-25 07:00:00,8.680,125.000,325.700,63.000,5.100
2015-03-25 08:00:00,7.930,263.000,485.200,100.000,7.700
2015-03-25 09:00:00,7.750,384.000,532.400,139.000,9.800
2015-03-25 10:00:00,7.420,464.000,531.800,169.000,12.000
2015-03-25 11:00:00,6.710,549.000,597.000,183.000,13.400
2015-03-25 12:00:00,6.850,586.000,684.300,154.000,14.400
2015-03-25 13:00:00,6.940,585.000,762.900,121.000,15.200
2015-03-25 14:00:00,6.660,512.000,729.900,114.000,15.500
2015-03-25 15:00:00,6.280,387.000,631.000,105.000,15.400
2015-03-25 16:00:00,5.570,236.000,425.200,100.000,14.800
2015-03-25 17:00:00,6.040,97.000,173.800,67.000,13.300
2015-03-25 18:00:00,6.040,11.000,15.800,10.000,11.700
2015-03-25 19:00:00,4.240,0.000,0.000,0.000,10.600
2015-03-25 20:00:00,1.400,0.000,0.000,0.000,9.900
2015-03-25 21:00:00,4.610,0.000,0.000,0.000,10.000
2015-03-25 22:00:00,7.750,0.000,0.000,0.000,8.400
2015-03-25 23:00:00,7.650,0.000,0.000,0.000,7.500
2015-03-26 00:00:00,7.700,0.000,0.000,0.000,6.800
2015-03-26 01:00:00,7.020,0.000,0.000,0.000,6.300
2015-03-26 02:00:00,5.350,0.000,0.000,0.000,6.100
2015-03-26 03:00:00,5.190,0.000,0.000,0.000,5.900
2015-03-26 04:00:00,5.350,0.000,0.000,0.000,5.800
2015-03-26 05:00:00,5.260,0.000,0.000,0.000,5.600
2015-03-26 06:00:00,5.310,9.000,0.000,9.000,5.300
2015-03-26 07:00:00,5.540,50.000,30.500,44.000,5.200
2015-03-26 08:00:00,5.030,103.000,52.600,85.000,5.100
2015-03-26 09:00:00,4.470,114.000,12.900,108.000,5.200
2015-03-26 10:00:00,4.210,178.000,46.400,152.000,5.500
2015-03-26 11:00:00,3.850,201.000,9.700,195.000,5.800
2015-03-26 12:00:00,3.380,231.000,55.000,196.000,6.100
2015-03-26 13:00:00,3.580,245.000,44.000,218.000,6.500
2015-03-26 14:00:00,4.130,199.000,49.100,172.000,6.800
2015-03-26 15:00:00,3.860,111.000,0.000,111.000,7.000
2015-03-26 16:00:00,2.830,69.000,3.100,68.000,7.000
2015-03-26 17:00:00,1.910,36.000,22.600,32.000,7.000
2015-03-26 18:00:00,1.650,6.000,0.000,6.000,5.900
2015-03-26 19:00:00,2.420,0.000,0.000,0.000,4.900
2015-03-26 20:00:00,3.600,0.000,0.000,0.000,4.900
2015-03-26 21:00:00,4.520,0.000,0.000,0.000,5.100
2015-03-26 22:00:00,5.320,0.000,0.000,0.000,5.100
2015-03-26 23:00:00,5.680,0.000,0.000,0.000,5.100
2015-03-27 00:00:00,6.080,0.000,0.000,0.000,5.000
2015-03-27 01:00:00,6.410,0.000,0.000,0.000,5.100
2015-03-27 02:00:00,6.540,0.000,0.000,0.000,5.100
2015-03-27 03:00:00,6.740,0.000,0.000,0.000,5.300
2015-03-27 04:00:00,7.130,0.000,0.000,0.000,5.700
2015-03-27 05:00:00,7.550,0.000,0.000,0.000,5.800
2015-03-27 06:00:00,7.580,7.000,0.000,7.000,5.800
2015-03-27 07:00:00,7.670,82.000,123.300,57.000,6.200
2015-03-27 08:00:00,7.320,124.000,57.500,104.000,6.600
2015-03-27 09:00:00,7.790,214.000,114.400,160.000,7.300
2015-03-27 10:00:00,7.380,336.000,197.800,224.000,7.500
2015-03-27 11:00:00,7.920,420.000,225.900,279.000,7.400
2015-03-27 12:00:00,8.370,415.000,255.500,251.000,7.400
2015-03-27 13:00:00,8.820,371.000,174.700,263.000,7.500
2015-03-27 14:00:00,9.710,332.000,236.000,201.000,7.600
2015-03-27 15:00:00,10.700,212.000,118.300,158.000,6.600
2015-03-27 16:00:00,9.740,115.000,112.400,78.000,6.600
2015-03-27 17:00:00,9.120,65.000,99.000,47.000,6.600
2015-03-27 18:00:00,9.100,11.000,29.400,9.000,6.500
2015-03-27 19:00:00,9.270,0.000,0.000,0.000,6.500
2015-03-27 20:00:00,8.630,0.000,0.000,0.000,6.500
2015-03-27 21:00:00,7.970,0.000,0.000,0.000,6.300
2015-03-27 22:00:00,8.130,0.000,0.000,0.000,6.200
2015-03-27 23:00:00,7.280,0.000,0.000,0.000,6.100
2015-03-28 00:00:00,6.910,0.000,0.000,0.000,5.800
2015-03-28 01:00:00,6.360,0.000,0.000,0.000,5.300
2015-03-28 02:00:00,5.610,0.000,0.000,0.000,5.000
2015-03-28 03:00:00,5.300,0.000,0.000,0.000,5.000
2015-03-28 04:00:00,5.040,0.000,0.000,0.000,4.700
2015-03-28 05:00:00,4.650,0.000,0.000,0.000,4.300
2015-03-28 06:00:00,4.250,10.000,0.000,10.000,3.800
2015-03-28 07:00:00,3.490,91.000,105.300,69.000,4.300
2015-03-28 08:00:00,2.970,179.000,225.900,99.000,5.300
2015-03-28 09:00:00,3.360,290.000,240.700,175.000,6.500
2015-03-28 10:00:00,4.120,365.000,300.800,193.000,7.800
2015-03-28 11:00:00,5.420,372.000,271.600,201.000,8.900
2015-03-28 12:00:00,5.980,339.000,120.500,261.000,9.800
2015-03-28 13:00:00,6.240,363.000,118.700,289.000,10.600
2015-03-28 14:00:00,6.640,371.000,269.700,220.000,11.400
2015-03-28 15:00:00,6.580,308.000,273.200,182.000,11.800
2015-03-28 16:00:00,5.440,113.000,30.000,103.000,11.100
2015-03-28 17:00:00,6.220,34.000,5.400,33.000,10.200
2015-03-28 18:00:00,7.060,4.000,0.000,4.000,9.600
2015-03-28 19:00:00,8.130,0.000,0.000,0.000,9.200
2015-03-28 20:00:00,8.730,0.000,0.000,0.000,9.100
2015-03-28 21:00:00,8.910,0.000,0.000,0.000,9.100
2015-03-28 22:00:00,9.160,0.000,0.000,0.000,9.000
2015-03-28 23:00:00,9.930,0.000,0.000,0.000,9.400
2015-03-29 00:00:00,10.380,0.000,0.000,0.000,9.500
2015-03-29 01:00:00,9.500,0.000,0.000,0.000,9.700
2015-03-29 02:00:00,9.390,0.000,0.000,0.000,9.900
2015-03-29 03:00:00,10.340,0.000,0.000,0.000,10.300
2015-03-29 04:00:00,11.140,0.000,0.000,0.000,10.400
2015-03-29 05:00:00,11.360,0.000,0.000,0.000,10.300
2015-03-29 06:00:00,11.410,11.000,23.600,9.000,9.900
2015-03-29 07:00:00,11.750,25.000,0.000,25.000,9.900
2015-03-29 08:00:00,11.120,86.000,38.900,72.000,10.000
2015-03-29 09:00:00,9.840,160.000,57.900,132.000,10.000
2015-03-29 10:00:00,8.780,215.000,53.700,184.000,10.100
2015-03-29 11:00:00,10.030,208.000,34.700,186.000,10.200
2015-03-29 12:00:00,9.850,148.000,1.500,147.000,9.700
2015-03-29 13:00:00,8.720,161.000,4.800,158.000,9.400
2015-03-29 14:00:00,9.760,123.000,15.900,114.000,9.500
2015-03-29 15:00:00,8.070,74.000,0.000,74.000,9.600
2015-03-29 16:00:00,8.680,31.000,0.000,31.000,9.700
2015-03-29 17:00:00,10.520,18.000,0.000,18.000,9.800
2015-03-29 18:00:00,12.410,3.000,0.000,3.000,10.000
2015-03-29 19:00:00,13.310,0.000,0.000,0.000,10.400
2015-03-29 20:00:00,14.680,0.000,0.000,0.000,9.900
2015-03-29 21:00:00,16.630,0.000,0.000,0.000,9.100
2015-03-29 22:00:00,17.530,0.000,0.000,0.000,6.800
2015-03-29 23:00:00,14.900,0.000,0.000,0.000,6.100
2015-03-30 00:00:00,14.030,0.000,0.000,0.000,6.400
2015-03-30 01:00:00,13.220,0.000,0.000,0.000,6.300
2015-03-30 02:00:00,12.930,0.000,0.000,0.000,6.200
2015-03-30 03:00:00,12.730,0.000,0.000,0.000,6.000
2015-03-30 04:00:00,12.770,0.000,0.000,0.000,5.800
2015-03-30 05:00:00,14.410,0.000,0.000,0.000,5.500
2015-03-30 06:00:00,13.300,21.000,45.500,17.000,5.000
2015-03-30 07:00:00,12.130,150.000,379.700,66.000,5.300
2015-03-30 08:00:00,13.860,266.000,426.100,110.000,5.900
2015-03-30 09:00:00,14.520,328.000,345.300,159.000,5.900
2015-03-30 10:00:00,13.110,456.000,495.700,167.000,6.800
2015-03-30 11:00:00,13.420,537.000,542.000,190.000,6.300
2015-03-30 12:00:00,13.610,495.000,357.500,260.000,7.100
2015-03-30 13:00:00,12.540,574.000,686.900,139.000,6.500
2015-03-30 14:00:00,12.410,438.000,472.400,169.000,7.200
2015-03-30 15:00:00,12.240,384.000,546.300,127.000,6.200
2015-03-30 16:00:00,11.180,207.000,282.900,110.000,6.600
2015-03-30 17:00:00,11.570,117.000,306.700,57.000,6.000
2015-03-30 18:00:00,11.000,19.000,93.500,12.000,5.400
2015-03-30 19:00:00,10.010,0.000,0.000,0.000,5.100
2015-03-30 20:00:00,9.530,0.000,0.000,0.000,4.700
2015-03-30 21:00:00,8.880,0.000,0.000,0.000,4.500
2015-03-30 22:00:00,9.040,0.000,0.000,0.000,4.500
2015-03-30 23:00:00,8.300,0.000,0.000,0.000,4.500
2015-03-31 00:00:00,7.390,0.000,0.000,0.000,4.500
2015-03-31 01:00:00,8.730,0.000,0.000,0.000,4.000
2015-03-31 02:00:00,9.300,0.000,0.000,0.000,2.500
2015-03-31 03:00:00,10.000,0.000,0.000,0.000,1.900
2015-03-31 04:00:00,11.100,0.000,0.000,0.000,2.100
2015-03-31 05:00:00,11.290,0.000,0.000,0.000,4.100
2015-03-31 06:00:00,13.240,5.000,0.000,5.000,7.000
2015-03-31 07:00:00,15.950,28.000,0.000,28.000,8.400
2015-03-31 08:00:00,16.020,110.000,64.500,86.000,8.200
2015-03-31 09:00:00,15.050,331.000,373.500,146.000,8.900
2015-03-31 10:00:00,14.730,410.000,372.100,191.000,8.900
2015-03-31 11:00:00,18.430,357.000,303.600,161.000,8.900
2015-03-31 12:00:00,18.020,360.000,240.000,201.000,8.100
2015-03-31 13:00:00,17.660,343.000,249.200,184.000,8.200
2015-03-31 14:00:00,18.300,435.000,478.900,160.000,7.100
2015-03-31 15:00:00,19.270,322.000,421.000,122.000,7.500
2015-03-31 16:00:00,19.400,220.000,322.300,108.000,6.300
2015-03-31 17:00:00,17.610,103.000,204.800,62.000,7.200
2015-03-31 18:00:00,15.600,20.000,90.800,13.000,6.700
2015-03-31 19:00:00,15.260,0.000,0.000,0.000,6.000
2015-03-31 20:00:00,14.310,0.000,0.000,0.000,5.100
2015-03-31 21:00:00,13.360,0.000,0.000,0.000,5.000
2015-03-31 22:00:00,12.970,0.000,0.000,0.000,4.300
2015-03-31 23:00:00,12.050,0.000,0.000,0.000,3.900
2015-04-01 00:00:00,12.330,0.000,0.000,0.000,3.600
2015-04-01 01:00:00,12.700,0.000,0.000,0.000,3.300
2015-04-01 02:00:00,12.650,0.000,0.000,0.000,3.200
2015-04-01 03:00:00,12.110,0.000,0.000,0.000,3.200
2015-04-01 04:00:00,11.730,0.000,0.000,0.000,2.700
2015-04-01 05:00:00,11.830,0.000,0.000,0.000,2.500
2015-04-01 06:00:00,11.850,35.000,159.500,20.000,2.400
2015-04-01 07:00:00,11.210,87.000,81.400,68.000,3.300
2015-04-01 08:00:00,11.100,134.000,68.800,108.000,4.300
2015-04-01 09:00:00,11.000,231.000,111.800,175.000,4.600
2015-04-01 10:00:00,11.530,426.000,388.900,195.000,5.500
2015-04-01 11:00:00,11.880,575.000,620.700,171.000,6.300
2015-04-01 12:00:00,11.220,525.000,480.900,204.000,6.300
2015-04-01 13:00:00,11.320,443.000,289.300,257.000,4.100
2015-04-01 14:00:00,10.400,344.000,241.800,204.000,4.500
2015-04-01 15:00:00,10.110,337.000,362.800,163.000,5.400
2015-04-01 16:00:00,9.530,185.000,161.900,128.000,2.900
2015-04-01 17:00:00,10.500,81.000,68.400,67.000,3.200
2015-04-01 18:00:00,10.570,17.000,37.800,14.000,2.700
2015-04-01 19:00:00,9.960,0.000,0.000,0.000,2.400
2015-04-01 20:00:00,9.300,0.000,0.000,0.000,2.500
2015-04-01 21:00:00,9.000,0.000,0.000,0.000,2.500
2015-04-01 22:00:00,8.600,0.000,0.000,0.000,2.200
2015-04-01 23:00:00,8.680,0.000,0.000,0.000,1.600
2015-04-02 00:00:00,9.440,0.000,0.000,0.000,1.700
2015-04-02 01:00:00,9.810,0.000,0.000,0.000,2.000
2015-04-02 02:00:00,8.860,0.000,0.000,0.000,2.100
2015-04-02 03:00:00,8.740,0.000,0.000,0.000,1.900
2015-04-02 04:00:00,9.300,0.000,0.000,0.000,1.500
2015-04-02 05:00:00,8.370,0.000,0.000,0.000,1.200
2015-04-02 06:00:00,8.650,17.000,20.600,15.000,1.200
2015-04-02 07:00:00,8.240,74.000,71.000,57.000,1.900
2015-04-02 08:00:00,8.030,167.000,117.200,122.000,3.000
2015-04-02 09:00:00,7.280,297.000,209.200,191.000,3.200
2015-04-02 10:00:00,7.540,414.000,358.600,199.000,3.300
2015-04-02 11:00:00,7.590,426.000,350.600,196.000,3.800
2015-04-02 12:00:00,8.040,550.000,498.100,215.000,4.400
2015-04-02 13:00:00,8.580,529.000,475.500,221.000,5.000
2015-04-02 14:00:00,8.720,438.000,385.600,213.000,5.100
2015-04-02 15:00:00,9.240,359.000,491.600,121.000,5.400
2015-04-02 16:00:00,10.040,259.000,446.100,100.000,5.900
2015-04-02 17:00:00,10.240,144.000,411.200,58.000,5.300
2015-04-02 18:00:00,9.850,28.000,147.000,16.000,4.800
2015-04-02 19:00:00,9.270,0.000,0.000,0.000,4.400
2015-04-02 20:00:00,8.550,0.000,0.000,0.000,4.000
2015-04-02 21:00:00,7.940,0.000,0.000,0.000,4.100
2015-04-02 22:00:00,7.610,0.000,0.000,0.000,3.900
2015-04-02 23:00:00,7.910,0.000,0.000,0.000,3.600
2015-04-03 00:00:00,8.300,0.000,0.000,0.000,3.600
2015-04-03 01:00:00,8.000,0.000,0.000,0.000,3.800
2015-04-03 02:00:00,7.600,0.000,0.000,0.000,4.000
2015-04-03 03:00:00,7.510,0.000,0.000,0.000,4.100
2015-04-03 04:00:00,7.330,0.000,0.000,0.000,4.000
2015-04-03 05:00:00,7.160,0.000,0.000,0.000,3.700
2015-04-03 06:00:00,7.140,36.000,139.800,22.000,3.900
2015-04-03 07:00:00,6.500,115.000,207.800,64.000,4.700
2015-04-03 08:00:00,7.600,234.000,313.100,112.000,5.500
2015-04-03 09:00:00,7.340,318.000,302.600,163.000,6.200
2015-04-03 10:00:00,6.100,402.000,299.200,221.000,6.700
2015-04-03 11:00:00,6.490,357.000,149.700,258.000,7.000
2015-04-03 12:00:00,6.720,349.000,129.900,261.000,7.300
2015-04-03 13:00:00,6.420,461.000,354.000,230.000,8.000
2015-04-03 14:00:00,6.170,427.000,401.300,191.000,8.300
2015-04-03 15:00:00,5.690,360.000,470.700,130.000,8.400
2015-04-03 16:00:00,5.190,221.000,268.800,124.000,8.500
2015-04-03 17:00:00,4.760,111.000,201.300,68.000,8.100
2015-04-03 18:00:00,4.760,23.000,71.600,17.000,7.200
2015-04-03 19:00:00,5.020,0.000,0.000,0.000,5.300
2015-04-03 20:00:00,5.140,0.000,0.000,0.000,3.800
2015-04-03 21:00:00,4.950,0.000,0.000,0.000,2.700
2015-04-03 22:00:00,4.900,0.000,0.000,0.000,1.500
2015-04-03 23:00:00,4.300,0.000,0.000,0.000,0.500
2015-04-04 00:00:00,3.800,0.000,0.000,0.000,0.000
2015-04-04 01:00:00,3.630,0.000,0.000,0.000,-0.200
2015-04-04 02:00:00,4.000,0.000,0.000,0.000,0.100
2015-04-04 03:00:00,3.830,0.000,0.000,0.000,0.100
2015-04-04 04:00:00,3.850,0.000,0.000,0.000,-0.000
2015-04-04 05:00:00,3.860,0.000,0.000,0.000,0.100
2015-04-04 06:00:00,3.890,43.000,29.100,40.000,0.600
2015-04-04 07:00:00,2.870,149.000,151.200,111.000,1.900
2015-04-04 08:00:00,2.560,335.000,536.100,123.000,3.500
2015-04-04 09:00:00,3.100,472.000,672.000,124.000,5.200
2015-04-04 10:00:00,2.310,438.000,449.000,164.000,6.000
2015-04-04 11:00:00,2.300,509.000,394.700,246.000,6.700
2015-04-04 12:00:00,2.770,616.000,633.100,184.000,7.400
2015-04-04 13:00:00,3.040,594.000,614.700,190.000,7.800
2015-04-04 14:00:00,3.510,524.000,639.500,145.000,8.100
2015-04-04 15:00:00,3.350,405.000,517.200,150.000,8.100
2015-04-04 16:00:00,3.820,224.000,314.800,109.000,7.800
2015-04-04 17:00:00,4.200,121.000,224.700,72.000,7.400
2015-04-04 18:00:00,3.940,28.000,93.000,20.000,6.000
2015-04-04 19:00:00,2.920,0.000,0.000,0.000,5.100
2015-04-04 20:00:00,4.270,0.000,0.000,0.000,4.700
2015-04-04 21:00:00,5.060,0.000,0.000,0.000,3.500
2015-04-04 22:00:00,4.480,0.000,0.000,0.000,1.900
2015-04-04 23:00:00,4.590,0.000,0.000,0.000,1.000
2015-04-05 00:00:00,4.670,0.000,0.000,0.000,0.400
2015-04-05 01:00:00,4.700,0.000,0.000,0.000,-0.200
2015-04-05 02:00:00,4.810,0.000,0.000,0.000,-0.800
2015-04-05 03:00:00,4.710,0.000,0.000,0.000,-1.400
2015-04-05 04:00:00,4.800,0.000,0.000,0.000,-2.000
2015-04-05 05:00:00,4.700,1.000,0.000,1.000,-2.400
2015-04-05 06:00:00,4.400,63.000,330.000,28.000,-0.900
2015-04-05 07:00:00,2.910,207.000,559.700,63.000,1.700
2015-04-05 08:00:00,1.920,364.000,695.500,85.000,4.300
2015-04-05 09:00:00,1.990,505.000,773.900,100.000,6.300
2015-04-05 10:00:00,1.520,607.000,771.800,132.000,7.900
2015-04-05 11:00:00,2.010,639.000,713.500,160.000,8.800
2015-04-05 12:00:00,2.470,606.000,589.400,201.000,9.100
2015-04-05 13:00:00,2.880,586.000,634.600,166.000,9.700
2015-04-05 14:00:00,3.330,492.000,520.800,181.000,10.000
2015-04-05 15:00:00,3.910,371.000,492.500,126.000,9.900
2015-04-05 16:00:00,4.240,201.000,219.100,120.000,9.600
2015-04-05 17:00:00,4.300,140.000,278.700,78.000,9.100
2015-04-05 18:00:00,4.550,35.000,158.700,21.000,7.900
2015-04-05 19:00:00,5.640,0.000,0.000,0.000,6.200
2015-04-05 20:00:00,6.050,0.000,0.000,0.000,4.800
2015-04-05 21:00:00,5.720,0.000,0.000,0.000,3.500
2015-04-05 22:00:00,5.250,0.000,0.000,0.000,2.600
2015-04-05 23:00:00,4.830,0.000,0.000,0.000,2.300
2015-04-06 00:00:00,4.820,0.000,0.000,0.000,3.100
2015-04-06 01:00:00,4.980,0.000,0.000,0.000,3.500
2015-04-06 02:00:00,5.030,0.000,0.000,0.000,3.800
2015-04-06 03:00:00,5.020,0.000,0.000,0.000,3.800
2015-04-06 04:00:00,4.830,0.000,0.000,0.000,3.800
2015-04-06 05:00:00,4.690,1.000,0.000,1.000,3.500
2015-04-06 06:00:00,4.430,40.000,156.000,23.000,4.200
2015-04-06 07:00:00,3.790,69.000,45.600,57.000,5.200
2015-04-06 08:00:00,3.730,173.000,147.500,113.000,6.500
2015-04-06 09:00:00,4.300,376.000,402.800,163.000,7.700
2015-04-06 10:00:00,3.900,495.000,509.100,179.000,8.700
2015-04-06 11:00:00,3.910,585.000,590.000,186.000,9.700
2015-04-06 12:00:00,4.440,606.000,570.900,211.000,10.500
2015-04-06 13:00:00,4.840,570.000,526.700,219.000,10.800
2015-04-06 14:00:00,4.800,421.000,327.500,224.000,11.200
2015-04-06 15:00:00,4.880,386.000,424.400,173.000,11.400
2015-04-06 16:00:00,4.910,310.000,582.900,92.000,11.000
2015-04-06 17:00:00,4.830,177.000,529.100,57.000,10.400
2015-04-06 18:00:00,5.460,42.000,243.400,20.000,8.700
2015-04-06 19:00:00,5.880,0.000,0.000,0.000,6.800
2015-04-06 20:00:00,5.810,0.000,0.000,0.000,5.100
2015-04-06 21:00:00,5.550,0.000,0.000,0.000,3.600
2015-04-06 22:00:00,4.510,0.000,0.000,0.000,2.800
2015-04-06 23:00:00,3.420,0.000,0.000,0.000,1.100
2015-04-07 00:00:00,2.620,0.000,0.000,0.000,1.000
2015-04-07 01:00:00,2.700,0.000,0.000,0.000,1.500
2015-04-07 02:00:00,3.520,0.000,0.000,0.000,0.100
2015-04-07 03:00:00,4.660,0.000,0.000,0.000,-0.700
2015-04-07 04:00:00,5.680,0.000,0.000,0.000,-0.300
2015-04-07 05:00:00,6.070,1.000,0.000,1.000,-0.100
2015-04-07 06:00:00,6.140,71.000,344.000,32.000,1.100
2015-04-07 07:00:00,5.530,211.000,513.300,73.000,3.700
2015-04-07 08:00:00,4.640,350.000,582.000,110.000,6.700
2015-04-07 09:00:00,5.300,460.000,561.700,160.000,8.700
2015-04-07 10:00:00,5.600,519.000,538.500,182.000,10.000
2015-04-07 11:00:00,6.610,556.000,458.000,244.000,10.700
2015-04-07 12:00:00,8.020,510.000,399.100,232.000,11.200
2015-04-07 13:00:00,8.100,489.000,402.400,219.000,11.500
2015-04-07 14:00:00,7.940,368.000,272.300,203.000,11.300
2015-04-07 15:00:00,7.620,269.000,156.100,190.000,11.300
2015-04-07 16:00:00,7.180,99.000,15.900,93.000,11.000
2015-04-07 17:00:00,6.720,45.000,8.700,43.000,10.700
2015-04-07 18:00:00,6.530,10.000,0.000,10.000,10.500
2015-04-07 19:00:00,6.260,0.000,0.000,0.000,9.900
2015-04-07 20:00:00,6.320,0.000,0.000,0.000,9.300
2015-04-07 21:00:00,6.500,0.000,0.000,0.000,9.100
2015-04-07 22:00:00,6.630,0.000,0.000,0.000,8.600
2015-04-07 23:00:00,6.910,0.000,0.000,0.000,8.100
2015-04-08 00:00:00,6.590,0.000,0.000,0.000,7.800
2015-04-08 01:00:00,6.260,0.000,0.000,0.000,7.700
2015-04-08 02:00:00,6.170,0.000,0.000,0.000,7.400
2015-04-08 03:00:00,6.050,0.000,0.000,0.000,7.200
2015-04-08 04:00:00,5.850,0.000,0.000,0.000,7.000
2015-04-08 05:00:00,5.890,1.000,0.000,1.000,6.700
2015-04-08 06:00:00,6.770,35.000,67.100,27.000,6.800
2015-04-08 07:00:00,6.320,65.000,29.100,57.000,7.000
2015-04-08 08:00:00,5.940,99.000,9.600,95.000,7.300
2015-04-08 09:00:00,5.800,139.000,18.500,129.000,7.600
2015-04-08 10:00:00,5.140,191.000,30.100,172.000,8.300
2015-04-08 11:00:00,5.190,248.000,40.800,220.000,9.200
2015-04-08 12:00:00,5.410,222.000,20.000,208.000,9.800
2015-04-08 13:00:00,5.130,270.000,38.500,244.000,10.600
2015-04-08 14:00:00,4.660,291.000,96.700,232.000,11.200
2015-04-08 15:00:00,4.160,241.000,105.800,187.000,11.600
2015-04-08 16:00:00,3.800,177.000,112.400,134.000,11.500
2015-04-08 17:00:00,3.580,105.000,123.200,76.000,11.100
2015-04-08 18:00:00,3.310,28.000,84.500,20.000,10.300
2015-04-08 19:00:00,3.000,0.000,0.000,0.000,8.900
2015-04-08 20:00:00,2.440,0.000,0.000,0.000,7.900
2015-04-08 21:00:00,1.800,0.000,0.000,0.000,6.900
2015-04-08 22:00:00,2.050,0.000,0.000,0.000,6.800
2015-04-08 23:00:00,1.080,0.000,0.000,0.000,6.100
2015-04-09 00:00:00,0.100,0.000,0.000,0.000,5.400
2015-04-09 01:00:00,0.860,0.000,0.000,0.000,5.400
2015-04-09 02:00:00,1.660,0.000,0.000,0.000,5.100
2015-04-09 03:00:00,2.330,0.000,0.000,0.000,5.400
2015-04-09 04:00:00,2.820,0.000,0.000,0.000,5.100
2015-04-09 05:00:00,3.350,2.000,0.000,2.000,3.800
2015-04-09 06:00:00,3.640,44.000,96.000,32.000,4.800
2015-04-09 07:00:00,2.820,152.000,271.300,76.000,6.700
2015-04-09 08:00:00,2.940,257.000,352.100,108.000,9.100
2015-04-09 09:00:00,3.130,378.000,424.200,147.000,10.400
2015-04-09 10:00:00,1.820,479.000,453.000,191.000,12.600
2015-04-09 11:00:00,1.200,459.000,209.900,314.000,13.800
2015-04-09 12:00:00,0.610,397.000,114.800,316.000,14.600
2015-04-09 13:00:00,0.320,335.000,94.200,271.000,15.500
2015-04-09 14:00:00,0.300,298.000,81.400,248.000,16.100
2015-04-09 15:00:00,0.800,218.000,77.700,178.000,16.400
2015-04-09 16:00:00,1.250,151.000,31.000,139.000,16.500
2015-04-09 17:00:00,1.920,107.000,141.800,73.000,16.200
2015-04-09 18:00:00,2.330,33.000,103.300,23.000,14.200
2015-04-09 19:00:00,2.700,0.000,0.000,0.000,11.600
2015-04-09 20:00:00,3.320,0.000,0.000,0.000,10.300
2015-04-09 21:00:00,3.360,0.000,0.000,0.000,9.000
2015-04-09 22:00:00,4.300,0.000,0.000,0.000,8.800
2015-04-09 23:00:00,3.900,0.000,0.000,0.000,8.400
2015-04-10 00:00:00,3.340,0.000,0.000,0.000,7.700
2015-04-10 01:00:00,2.920,0.000,0.000,0.000,7.500
2015-04-10 02:00:00,2.720,0.000,0.000,0.000,6.500
2015-04-10 03:00:00,3.070,0.000,0.000,0.000,6.300
2015-04-10 04:00:00,3.580,0.000,0.000,0.000,6.300
2015-04-10 05:00:00,4.310,2.000,0.000,2.000,6.100
2015-04-10 06:00:00,4.590,57.000,191.400,32.000,6.700
2015-04-10 07:00:00,3.760,149.000,280.100,69.000,9.400
2015-04-10 08:00:00,2.640,299.000,413.100,122.000,12.400
2015-04-10 09:00:00,2.600,400.000,489.400,131.000,14.200
2015-04-10 10:00:00,2.280,558.000,666.500,131.000,16.700
2015-04-10 11:00:00,1.800,661.000,765.000,129.000,18.300
2015-04-10 12:00:00,1.730,692.000,806.800,119.000,19.300
2015-04-10 13:00:00,1.840,591.000,671.000,132.000,20.000
2015-04-10 14:00:00,2.180,426.000,442.800,152.000,20.400
2015-04-10 15:00:00,2.400,363.000,418.300,146.000,20.700
2015-04-10 16:00:00,1.920,271.000,434.800,101.000,20.600
2015-04-10 17:00:00,1.220,167.000,450.900,57.000,19.700
2015-04-10 18:00:00,2.100,47.000,212.400,26.000,17.500
2015-04-10 19:00:00,3.470,0.000,0.000,0.000,14.400
2015-04-10 20:00:00,4.550,0.000,0.000,0.000,13.300
2015-04-10 21:00:00,5.460,0.000,0.000,0.000,12.400
2015-04-10 22:00:00,7.010,0.000,0.000,0.000,11.200
2015-04-10 23:00:00,7.070,0.000,0.000,0.000,10.500
2015-04-11 00:00:00,6.960,0.000,0.000,0.000,10.100
2015-04-11 01:00:00,7.050,0.000,0.000,0.000,9.500
2015-04-11 02:00:00,7.330,0.000,0.000,0.000,9.400
2015-04-11 03:00:00,7.600,0.000,0.000,0.000,9.700
2015-04-11 04:00:00,7.720,0.000,0.000,0.000,9.500
2015-04-11 05:00:00,7.800,4.000,0.000,4.000,9.700
2015-04-11 06:00:00,7.860,73.000,146.800,53.000,10.800
2015-04-11 07:00:00,8.030,208.000,347.000,107.000,13.200
2015-04-11 08:00:00,7.430,336.000,408.000,159.000,15.200
2015-04-11 09:00:00,8.390,483.000,571.500,166.000,16.800
2015-04-11 10:00:00,7.200,617.000,746.800,135.000,18.300
2015-04-11 11:00:00,8.770,698.000,834.300,114.000,19.200
2015-04-11 12:00:00,9.280,614.000,652.100,148.000,19.200
2015-04-11 13:00:00,9.620,457.000,472.100,132.000,18.400
2015-04-11 14:00:00,9.510,393.000,378.800,157.000,16.900
2015-04-11 15:00:00,9.880,294.000,338.500,117.000,16.400
2015-04-11 16:00:00,10.150,211.000,187.300,137.000,15.000
2015-04-11 17:00:00,10.750,77.000,96.700,53.000,13.300
2015-04-11 18:00:00,9.890,20.000,49.500,15.000,13.000
2015-04-11 19:00:00,10.800,0.000,0.000,0.000,11.400
2015-04-11 20:00:00,10.240,0.000,0.000,0.000,9.900
2015-04-11 21:00:00,10.040,0.000,0.000,0.000,8.400
2015-04-11 22:00:00,9.290,0.000,0.000,0.000,7.000
2015-04-11 23:00:00,7.920,0.000,0.000,0.000,6.100
2015-04-12 00:00:00,6.800,0.000,0.000,0.000,5.400
2015-04-12 01:00:00,6.260,0.000,0.000,0.000,5.100
2015-04-12 02:00:00,6.750,0.000,0.000,0.000,4.900
2015-04-12 03:00:00,6.800,0.000,0.000,0.000,4.700
2015-04-12 04:00:00,6.930,0.000,0.000,0.000,4.300
2015-04-12 05:00:00,6.870,6.000,19.100,5.000,4.200
2015-04-12 06:00:00,6.720,86.000,246.700,51.000,4.800
2015-04-12 07:00:00,5.730,221.000,421.600,96.000,6.700
2015-04-12 08:00:00,5.830,355.000,494.300,138.000,8.800
2015-04-12 09:00:00,5.950,488.000,571.800,168.000,10.400
2015-04-12 10:00:00,5.280,606.000,669.000,171.000,12.000
2015-04-12 11:00:00,6.000,693.000,759.300,158.000,13.000
2015-04-12 12:00:00,6.100,676.000,696.800,175.000,13.700
2015-04-12 13:00:00,6.250,601.000,600.600,185.000,14.100
2015-04-12 14:00:00,6.650,597.000,719.200,146.000,14.800
2015-04-12 15:00:00,6.950,453.000,557.800,159.000,15.100
2015-04-12 16:00:00,7.040,320.000,473.400,131.000,14.900
2015-04-12 17:00:00,6.730,184.000,396.200,84.000,14.400
2015-04-12 18:00:00,7.710,56.000,271.800,28.000,13.300
2015-04-12 19:00:00,8.700,0.000,0.000,0.000,12.000
2015-04-12 20:00:00,9.810,0.000,0.000,0.000,11.700
2015-04-12 21:00:00,10.710,0.000,0.000,0.000,11.500
2015-04-12 22:00:00,12.490,0.000,0.000,0.000,11.900
2015-04-12 23:00:00,12.990,0.000,0.000,0.000,12.400
2015-04-13 00:00:00,13.270,0.000,0.000,0.000,12.500
2015-04-13 01:00:00,13.300,0.000,0.000,0.000,11.000
2015-04-13 02:00:00,12.210,0.000,0.000,0.000,8.600
2015-04-13 03:00:00,10.470,0.000,0.000,0.000,6.900
2015-04-13 04:00:00,9.080,0.000,0.000,0.000,6.200
2015-04-13 05:00:00,8.230,4.000,19.100,3.000,5.800
2015-04-13 06:00:00,7.720,52.000,115.300,35.000,5.900
2015-04-13 07:00:00,8.580,209.000,450.400,73.000,6.900
2015-04-13 08:00:00,8.450,297.000,326.400,152.000,8.000
2015-04-13 09:00:00,8.260,411.000,400.300,185.000,9.000
2015-04-13 10:00:00,7.430,430.000,268.700,254.000,10.200
2015-04-13 11:00:00,8.050,419.000,155.100,309.000,10.700
2015-04-13 12:00:00,8.730,408.000,139.600,307.000,11.100
2015-04-13 13:00:00,8.750,367.000,153.600,260.000,11.400
2015-04-13 14:00:00,9.170,383.000,190.100,263.000,11.900
2015-04-13 15:00:00,9.110,289.000,180.800,193.000,11.700
2015-04-13 16:00:00,7.970,243.000,213.200,157.000,11.600
2015-04-13 17:00:00,6.900,136.000,187.100,88.000,11.100
2015-04-13 18:00:00,6.320,57.000,256.900,30.000,9.700
2015-04-13 19:00:00,5.900,1.000,0.000,1.000,8.300
2015-04-13 20:00:00,5.520,0.000,0.000,0.000,6.900
2015-04-13 21:00:00,4.880,0.000,0.000,0.000,5.500
2015-04-13 22:00:00,4.420,0.000,0.000,0.000,3.700
2015-04-13 23:00:00,3.400,0.000,0.000,0.000,2.600
2015-04-14 00:00:00,3.110,0.000,0.000,0.000,1.800
2015-04-14 01:00:00,3.580,0.000,0.000,0.000,1.700
2015-04-14 02:00:00,4.490,0.000,0.000,0.000,1.400
2015-04-14 03:00:00,4.880,0.000,0.000,0.000,1.200
2015-04-14 04:00:00,6.010,0.000,0.000,0.000,1.300
2015-04-14 05:00:00,5.810,8.000,57.100,5.000,1.400
2015-04-14 06:00:00,5.590,99.000,372.500,42.000,3.700
2015-04-14 07:00:00,5.460,218.000,455.600,78.000,6.800
2015-04-14 08:00:00,5.480,373.000,591.900,107.000,9.200
2015-04-14 09:00:00,5.630,474.000,526.700,174.000,10.700
2015-04-14 10:00:00,5.100,350.000,235.000,195.000,12.100
2015-04-14 11:00:00,6.080,441.000,267.700,250.000,13.700
2015-04-14 12:00:00,6.790,552.000,398.500,262.000,15.200
2015-04-14 13:00:00,8.290,593.000,522.100,227.000,16.700
2015-04-14 14:00:00,10.210,403.000,310.100,206.000,17.500
2015-04-14 15:00:00,9.540,304.000,259.700,165.000,18.000
2015-04-14 16:00:00,7.710,185.000,120.300,136.000,17.900
2015-04-14 17:00:00,7.300,99.000,84.400,77.000,17.700
2015-04-14 18:00:00,7.330,48.000,196.000,27.000,16.900
2015-04-14 19:00:00,7.510,1.000,0.000,1.000,15.200
2015-04-14 20:00:00,7.590,0.000,0.000,0.000,14.000
2015-04-14 21:00:00,7.450,0.000,0.000,0.000,13.100
2015-04-14 22:00:00,7.350,0.000,0.000,0.000,11.800
2015-04-14 23:00:00,7.350,0.000,0.000,0.000,10.900
2015-04-15 00:00:00,6.170,0.000,0.000,0.000,10.300
2015-04-15 01:00:00,6.230,0.000,0.000,0.000,9.700
2015-04-15 02:00:00,6.380,0.000,0.000,0.000,9.600
2015-04-15 03:00:00,6.140,0.000,0.000,0.000,9.500
2015-04-15 04:00:00,6.130,0.000,0.000,0.000,9.400
2015-04-15 05:00:00,6.690,9.000,54.200,6.000,8.900
2015-04-15 06:00:00,6.930,103.000,372.100,44.000,10.700
2015-04-15 07:00:00,6.660,260.000,607.700,70.000,13.200
2015-04-15 08:00:00,6.840,418.000,728.300,87.000,15.400
2015-04-15 09:00:00,7.200,558.000,799.000,99.000,17.300
2015-04-15 10:00:00,7.340,665.000,841.500,106.000,19.100
2015-04-15 11:00:00,8.730,729.000,860.700,111.000,20.500
2015-04-15 12:00:00,9.490,744.000,864.800,111.000,21.600
2015-04-15 13:00:00,9.970,711.000,855.200,108.000,22.400
2015-04-15 14:00:00,10.360,631.000,824.300,104.000,22.700
2015-04-15 15:00:00,10.510,511.000,771.600,95.000,22.600
2015-04-15 16:00:00,9.630,359.000,670.800,83.000,22.000
2015-04-15 17:00:00,9.200,187.000,456.800,66.000,21.100
2015-04-15 18:00:00,8.630,63.000,301.300,30.000,19.600
2015-04-15 19:00:00,8.140,1.000,0.000,1.000,17.800
2015-04-15 20:00:00,8.080,0.000,0.000,0.000,15.800
2015-04-15 21:00:00,7.280,0.000,0.000,0.000,13.500
2015-04-15 22:00:00,6.180,0.000,0.000,0.000,11.500
2015-04-15 23:00:00,5.810,0.000,0.000,0.000,10.500
2015-04-16 00:00:00,4.690,0.000,0.000,0.000,9.800
2015-04-16 01:00:00,4.830,0.000,0.000,0.000,9.200
2015-04-16 02:00:00,4.880,0.000,0.000,0.000,8.800
2015-04-16 03:00:00,4.670,0.000,0.000,0.000,8.500
2015-04-16 04:00:00,4.610,0.000,0.000,0.000,8.000
2015-04-16 05:00:00,4.240,5.000,17.200,4.000,7.400
2015-04-16 06:00:00,3.970,65.000,128.000,44.000,7.600
2015-04-16 07:00:00,3.780,179.000,239.000,103.000,8.200
2015-04-16 08:00:00,3.920,330.000,391.700,150.000,8.900
2015-04-16 09:00:00,3.860,532.000,671.500,143.000,9.600
2015-04-16 10:00:00,3.500,640.000,760.900,131.000,10.600
2015-04-16 11:00:00,4.170,715.000,768.300,160.000,11.200
2015-04-16 12:00:00,4.750,738.000,832.700,125.000,12.100
2015-04-16 13:00:00,5.330,683.000,743.200,156.000,12.400
2015-04-16 14:00:00,5.620,586.000,696.400,138.000,12.500
2015-04-16 15:00:00,5.660,465.000,600.200,139.000,12.300
2015-04-16 16:00:00,5.530,307.000,442.900,123.000,12.000
2015-04-16 17:00:00,5.380,155.000,249.000,88.000,11.200
2015-04-16 18:00:00,5.460,60.000,149.400,43.000,10.200
2015-04-16 19:00:00,5.610,2.000,0.000,2.000,8.900
2015-04-16 20:00:00,5.440,0.000,0.000,0.000,8.200
2015-04-16 21:00:00,5.280,0.000,0.000,0.000,7.100
2015-04-16 22:00:00,4.880,0.000,0.000,0.000,6.100
2015-04-16 23:00:00,4.810,0.000,0.000,0.000,5.600
2015-04-17 00:00:00,4.460,0.000,0.000,0.000,5.300
2015-04-17 01:00:00,4.210,0.000,0.000,0.000,4.500
2015-04-17 02:00:00,4.000,0.000,0.000,0.000,4.100
2015-04-17 03:00:00,4.110,0.000,0.000,0.000,3.600
2015-04-17 04:00:00,4.240,0.000,0.000,0.000,3.500
2015-04-17 05:00:00,4.320,11.000,16.500,10.000,3.600
2015-04-17 06:00:00,3.860,96.000,177.000,66.000,4.600
2015-04-17 07:00:00,4.250,196.000,241.400,118.000,6.500
2015-04-17 08:00:00,5.100,319.000,391.800,137.000,7.700
2015-04-17 09:00:00,5.520,364.000,315.000,180.000,8.400
2015-04-17 10:00:00,5.550,354.000,178.200,234.000,8.700
2015-04-17 11:00:00,5.910,444.000,359.100,183.000,9.400
2015-04-17 12:00:00,6.280,611.000,444.400,282.000,10.700
2015-04-17 13:00:00,6.360,440.000,288.900,234.000,11.000
2015-04-17 14:00:00,6.170,402.000,234.800,250.000,11.500
2015-04-17 15:00:00,6.120,406.000,407.600,183.000,11.900
2015-04-17 16:00:00,5.920,344.000,522.100,125.000,12.000
2015-04-17 17:00:00,5.510,151.000,238.000,86.000,11.300
2015-04-17 18:00:00,5.850,57.000,211.700,32.000,10.400
2015-04-17 19:00:00,6.090,2.000,0.000,2.000,8.800
2015-04-17 20:00:00,6.200,0.000,0.000,0.000,7.600
2015-04-17 21:00:00,6.010,0.000,0.000,0.000,7.100
2015-04-17 22:00:00,6.310,0.000,0.000,0.000,6.600
2015-04-17 23:00:00,6.020,0.000,0.000,0.000,5.700
2015-04-18 00:00:00,6.130,0.000,0.000,0.000,4.800
2015-04-18 01:00:00,5.920,0.000,0.000,0.000,3.700
2015-04-18 02:00:00,5.530,0.000,0.000,0.000,3.400
2015-04-18 03:00:00,5.260,0.000,0.000,0.000,2.500
2015-04-18 04:00:00,5.000,0.000,0.000,0.000,2.000
2015-04-18 05:00:00,4.410,15.000,94.600,9.000,1.600
2015-04-18 06:00:00,3.490,123.000,428.900,48.000,3.700
2015-04-18 07:00:00,2.280,271.000,569.500,84.000,6.100
2015-04-18 08:00:00,2.690,428.000,719.900,90.000,7.800
2015-04-18 09:00:00,3.890,537.000,686.200,133.000,9.200
2015-04-18 10:00:00,3.180,517.000,476.500,194.000,10.000
2015-04-18 11:00:00,3.400,554.000,378.900,277.000,10.900
2015-04-18 12:00:00,3.570,472.000,244.500,290.000,11.900
2015-04-18 13:00:00,4.030,438.000,188.300,303.000,12.400
2015-04-18 14:00:00,4.110,428.000,245.700,268.000,12.900
2015-04-18 15:00:00,4.120,377.000,332.200,194.000,13.400
2015-04-18 16:00:00,3.640,279.000,347.200,132.000,13.500
2015-04-18 17:00:00,3.310,183.000,349.900,86.000,12.900
2015-04-18 18:00:00,4.570,78.000,359.800,34.000,11.400
2015-04-18 19:00:00,5.940,3.000,0.000,3.000,9.800
2015-04-18 20:00:00,6.490,0.000,0.000,0.000,8.200
2015-04-18 21:00:00,6.350,0.000,0.000,0.000,7.000
2015-04-18 22:00:00,5.460,0.000,0.000,0.000,5.100
2015-04-18 23:00:00,4.420,0.000,0.000,0.000,4.100
2015-04-19 00:00:00,4.020,0.000,0.000,0.000,3.700
2015-04-19 01:00:00,3.830,0.000,0.000,0.000,3.400
2015-04-19 02:00:00,3.620,0.000,0.000,0.000,3.200
2015-04-19 03:00:00,3.610,0.000,0.000,0.000,3.000
2015-04-19 04:00:00,3.310,0.000,0.000,0.000,2.900
2015-04-19 05:00:00,2.830,9.000,0.000,9.000,3.000
2015-04-19 06:00:00,1.800,69.000,55.500,59.000,3.900
2015-04-19 07:00:00,0.720,161.000,128.900,118.000,4.800
2015-04-19 08:00:00,0.280,239.000,196.000,146.000,6.200
2015-04-19 09:00:00,0.670,564.000,733.100,129.000,8.100
2015-04-19 10:00:00,1.080,680.000,820.700,120.000,10.800
2015-04-19 11:00:00,0.730,756.000,876.000,112.000,12.400
2015-04-19 12:00:00,0.400,718.000,797.700,121.000,13.300
2015-04-19 13:00:00,0.850,728.000,848.800,116.000,14.200
2015-04-19 14:00:00,1.910,644.000,809.200,114.000,14.800
2015-04-19 15:00:00,2.690,531.000,780.500,98.000,15.100
2015-04-19 16:00:00,2.160,373.000,667.000,88.000,15.100
2015-04-19 17:00:00,1.630,227.000,572.500,66.000,15.000
2015-04-19 18:00:00,3.140,81.000,363.600,35.000,13.400
2015-04-19 19:00:00,3.920,3.000,19.100,2.000,11.100
2015-04-19 20:00:00,3.720,0.000,0.000,0.000,9.100
2015-04-19 21:00:00,4.000,0.000,0.000,0.000,7.700
2015-04-19 22:00:00,4.520,0.000,0.000,0.000,6.700
2015-04-19 23:00:00,5.130,0.000,0.000,0.000,6.200
2015-04-20 00:00:00,5.390,0.000,0.000,0.000,5.300
2015-04-20 01:00:00,4.550,0.000,0.000,0.000,4.200
2015-04-20 02:00:00,3.400,0.000,0.000,0.000,2.800
2015-04-20 03:00:00,3.030,0.000,0.000,0.000,2.400
2015-04-20 04:00:00,3.370,0.000,0.000,0.000,2.200
2015-04-20 05:00:00,4.080,19.000,116.500,11.000,2.600
2015-04-20 06:00:00,4.530,132.000,447.500,49.000,5.400
2015-04-20 07:00:00,3.340,289.000,635.100,74.000,8.800
2015-04-20 08:00:00,3.540,448.000,744.900,91.000,11.600
2015-04-20 09:00:00,4.170,587.000,809.400,103.000,13.600
2015-04-20 10:00:00,4.040,692.000,847.600,110.000,15.400
2015-04-20 11:00:00,4.810,754.000,865.600,114.000,16.800
2015-04-20 12:00:00,5.380,762.000,841.400,129.000,18.000
2015-04-20 13:00:00,5.460,723.000,808.400,137.000,18.600
2015-04-20 14:00:00,5.470,635.000,740.800,147.000,18.900
2015-04-20 15:00:00,5.610,517.000,698.200,127.000,19.200
2015-04-20 16:00:00,5.530,384.000,679.500,91.000,19.000
2015-04-20 17:00:00,5.320,230.000,575.000,66.000,18.200
2015-04-20 18:00:00,5.700,84.000,367.300,36.000,16.600
2015-04-20 19:00:00,6.060,4.000,19.100,3.000,14.200
2015-04-20 20:00:00,5.640,0.000,0.000,0.000,12.000
2015-04-20 21:00:00,4.940,0.000,0.000,0.000,9.900
2015-04-20 22:00:00,3.910,0.000,0.000,0.000,8.200
2015-04-20 23:00:00,2.510,0.000,0.000,0.000,8.200
2015-04-21 00:00:00,1.620,0.000,0.000,0.000,7.300
2015-04-21 01:00:00,3.000,0.000,0.000,0.000,5.000
2015-04-21 02:00:00,4.430,0.000,0.000,0.000,4.300
2015-04-21 03:00:00,5.330,0.000,0.000,0.000,4.100
2015-04-21 04:00:00,5.720,0.000,0.000,0.000,4.200
2015-04-21 05:00:00,6.010,22.000,140.300,12.000,4.600
2015-04-21 06:00:00,5.980,138.000,451.000,52.000,7.100
2015-04-21 07:00:00,4.810,293.000,623.000,79.000,10.000
2015-04-21 08:00:00,4.880,452.000,739.700,94.000,12.900
2015-04-21 09:00:00,5.370,591.000,803.400,107.000,14.900
2015-04-21 10:00:00,5.260,700.000,851.000,112.000,16.800
2015-04-21 11:00:00,6.690,763.000,867.600,118.000,18.100
2015-04-21 12:00:00,7.780,781.000,879.300,116.000,18.900
2015-04-21 13:00:00,8.570,745.000,866.000,114.000,19.200
2015-04-21 14:00:00,8.670,664.000,839.200,108.000,18.900
2015-04-21 15:00:00,8.220,544.000,791.300,99.000,18.100
2015-04-21 16:00:00,8.080,397.000,714.900,86.000,16.900
2015-04-21 17:00:00,8.280,238.000,591.300,67.000,15.400
2015-04-21 18:00:00,8.560,89.000,378.300,38.000,13.300
2015-04-21 19:00:00,8.490,5.000,19.100,4.000,10.900
2015-04-21 20:00:00,7.990,0.000,0.000,0.000,9.300
2015-04-21 21:00:00,7.710,0.000,0.000,0.000,7.900
2015-04-21 22:00:00,6.860,0.000,0.000,0.000,6.600
2015-04-21 23:00:00,6.540,0.000,0.000,0.000,6.200
2015-04-22 00:00:00,6.700,0.000,0.000,0.000,6.200
2015-04-22 01:00:00,6.580,0.000,0.000,0.000,6.200
2015-04-22 02:00:00,6.890,0.000,0.000,0.000,6.300
2015-04-22 03:00:00,6.830,0.000,0.000,0.000,6.200
2015-04-22 04:00:00,6.940,0.000,0.000,0.000,6.200
2015-04-22 05:00:00,6.950,14.000,67.700,9.000,6.200
2015-04-22 06:00:00,7.750,62.000,117.500,39.000,6.500
2015-04-22 07:00:00,8.040,98.000,48.800,81.000,7.100
2015-04-22 08:00:00,7.630,149.000,92.100,104.000,7.600
2015-04-22 09:00:00,6.230,282.000,197.700,162.000,8.600
2015-04-22 10:00:00,3.750,356.000,214.300,207.000,10.000
2015-04-22 11:00:00,3.500,467.000,301.000,242.000,11.300
2015-04-22 12:00:00,3.480,504.000,399.900,200.000,12.200
2015-04-22 13:00:00,3.510,426.000,252.600,241.000,12.800
2015-04-22 14:00:00,3.440,446.000,316.700,235.000,13.600
2015-04-22 15:00:00,2.940,432.000,418.700,195.000,14.300
2015-04-22 16:00:00,2.660,321.000,407.900,142.000,14.400
2015-04-22 17:00:00,2.020,229.000,539.000,71.000,14.200
2015-04-22 18:00:00,1.400,90.000,367.100,39.000,13.300
2015-04-22 19:00:00,1.410,5.000,19.100,4.000,10.800
2015-04-22 20:00:00,1.600,0.000,0.000,0.000,8.800
2015-04-22 21:00:00,1.560,0.000,0.000,0.000,7.700
2015-04-22 22:00:00,2.160,0.000,0.000,0.000,6.000
2015-04-22 23:00:00,2.250,0.000,0.000,0.000,5.200
2015-04-23 00:00:00,3.110,0.000,0.000,0.000,5.000
2015-04-23 01:00:00,3.720,0.000,0.000,0.000,4.300
2015-04-23 02:00:00,3.670,0.000,0.000,0.000,3.900
2015-04-23 03:00:00,4.360,0.000,0.000,0.000,3.900
2015-04-23 04:00:00,4.490,0.000,0.000,0.000,3.800
2015-04-23 05:00:00,3.450,22.000,104.800,14.000,3.700
2015-04-23 06:00:00,2.710,97.000,144.400,68.000,4.100
2015-04-23 07:00:00,2.610,139.000,51.000,121.000,4.900
2015-04-23 08:00:00,2.920,229.000,81.100,189.000,6.100
2015-04-23 09:00:00,3.010,347.000,145.600,258.000,7.500
2015-04-23 10:00:00,2.960,512.000,277.400,318.000,9.000
2015-04-23 11:00:00,3.160,606.000,421.900,289.000,10.500
2015-04-23 12:00:00,3.260,615.000,476.500,251.000,11.700
2015-04-23 13:00:00,3.350,669.000,722.800,137.000,13.200
2015-04-23 14:00:00,3.400,646.000,770.300,130.000,14.000
2015-04-23 15:00:00,3.310,538.000,756.500,107.000,14.500
2015-04-23 16:00:00,3.110,395.000,696.000,87.000,14.600
2015-04-23 17:00:00,2.800,238.000,575.800,67.000,14.300
2015-04-23 18:00:00,2.470,91.000,363.600,39.000,12.800
2015-04-23 19:00:00,2.910,6.000,38.200,4.000,10.600
2015-04-23 20:00:00,3.500,0.000,0.000,0.000,8.700
2015-04-23 21:00:00,3.470,0.000,0.000,0.000,7.300
2015-04-23 22:00:00,2.850,0.000,0.000,0.000,5.500
2015-04-23 23:00:00,2.160,0.000,0.000,0.000,5.000
2015-04-24 00:00:00,1.900,0.000,0.000,0.000,4.400
2015-04-24 01:00:00,2.200,0.000,0.000,0.000,4.200
2015-04-24 02:00:00,2.120,0.000,0.000,0.000,4.600
2015-04-24 03:00:00,1.430,0.000,0.000,0.000,5.100
2015-04-24 04:00:00,1.630,0.000,0.000,0.000,3.400
2015-04-24 05:00:00,2.660,28.000,152.400,16.000,3.700
2015-04-24 06:00:00,3.550,147.000,451.800,54.000,6.300
2015-04-24 07:00:00,2.690,282.000,505.600,101.000,9.300
2015-04-24 08:00:00,2.760,452.000,703.200,102.000,12.000
2015-04-24 09:00:00,3.300,598.000,804.200,103.000,14.000
2015-04-24 10:00:00,2.280,707.000,847.400,111.000,15.800
2015-04-24 11:00:00,3.320,760.000,826.300,136.000,17.200
2015-04-24 12:00:00,4.140,757.000,779.100,159.000,18.200
2015-04-24 13:00:00,4.530,684.000,666.500,191.000,19.200
2015-04-24 14:00:00,4.610,625.000,668.200,175.000,20.000
2015-04-24 15:00:00,4.520,491.000,575.600,161.000,20.200
2015-04-24 16:00:00,4.400,380.000,607.300,109.000,20.200
2015-04-24 17:00:00,3.490,235.000,521.900,78.000,19.500
2015-04-24 18:00:00,3.040,89.000,278.800,48.000,17.800
2015-04-24 19:00:00,3.550,7.000,38.200,5.000,14.800
2015-04-24 20:00:00,4.460,0.000,0.000,0.000,12.700
2015-04-24 21:00:00,5.310,0.000,0.000,0.000,11.600
2015-04-24 22:00:00,5.350,0.000,0.000,0.000,10.900
2015-04-24 23:00:00,6.220,0.000,0.000,0.000,10.500
2015-04-25 00:00:00,7.020,0.000,0.000,0.000,10.300
2015-04-25 01:00:00,7.490,0.000,0.000,0.000,10.100
2015-04-25 02:00:00,7.590,0.000,0.000,0.000,10.700
2015-04-25 03:00:00,7.730,0.000,0.000,0.000,10.700
2015-04-25 04:00:00,7.310,0.000,0.000,0.000,10.700
2015-04-25 05:00:00,7.010,25.000,49.300,21.000,11.300
2015-04-25 06:00:00,6.150,89.000,47.500,79.000,12.200
2015-04-25 07:00:00,5.230,151.000,24.800,142.000,13.400
2015-04-25 08:00:00,4.530,211.000,33.900,194.000,14.200
2015-04-25 09:00:00,4.170,273.000,46.800,244.000,15.300
2015-04-25 10:00:00,3.340,328.000,55.100,289.000,15.400
2015-04-25 11:00:00,4.390,333.000,32.900,308.000,15.600
2015-04-25 12:00:00,5.040,341.000,41.500,309.000,15.500
2015-04-25 13:00:00,6.050,211.000,14.800,200.000,14.700
2015-04-25 14:00:00,5.610,144.000,8.900,138.000,14.000
2015-04-25 15:00:00,4.780,166.000,45.100,140.000,14.300
2015-04-25 16:00:00,4.160,191.000,91.100,150.000,14.800
2015-04-25 17:00:00,4.000,146.000,95.200,117.000,14.600
2015-04-25 18:00:00,4.390,56.000,53.000,48.000,13.800
2015-04-25 19:00:00,5.050,5.000,0.000,5.000,13.100
2015-04-25 20:00:00,5.810,0.000,0.000,0.000,12.700
2015-04-25 21:00:00,6.540,0.000,0.000,0.000,12.300
2015-04-25 22:00:00,6.590,0.000,0.000,0.000,11.500
2015-04-25 23:00:00,6.550,0.000,0.000,0.000,11.200
2015-04-26 00:00:00,6.240,0.000,0.000,0.000,10.500
2015-04-26 01:00:00,5.770,0.000,0.000,0.000,10.100
2015-04-26 02:00:00,5.840,0.000,0.000,0.000,10.000
2015-04-26 03:00:00,5.730,0.000,0.000,0.000,9.900
2015-04-26 04:00:00,5.730,0.000,0.000,0.000,9.700
2015-04-26 05:00:00,5.020,21.000,35.900,18.000,10.000
2015-04-26 06:00:00,4.380,75.000,55.700,63.000,10.900
2015-04-26 07:00:00,3.770,97.000,40.800,82.000,11.900
2015-04-26 08:00:00,3.960,168.000,69.100,133.000,12.600
2015-04-26 09:00:00,3.930,368.000,251.700,211.000,12.900
2015-04-26 10:00:00,4.530,423.000,374.100,157.000,14.700
2015-04-26 11:00:00,3.760,460.000,334.400,205.000,15.900
2015-04-26 12:00:00,4.110,445.000,265.900,239.000,16.200
2015-04-26 13:00:00,4.120,586.000,448.600,251.000,16.900
2015-04-26 14:00:00,3.860,530.000,498.200,191.000,16.800
2015-04-26 15:00:00,3.310,313.000,287.700,146.000,16.200
2015-04-26 16:00:00,3.240,246.000,266.800,125.000,15.900
2015-04-26 17:00:00,3.050,131.000,107.000,98.000,14.900
2015-04-26 18:00:00,4.100,43.000,19.400,40.000,13.200
2015-04-26 19:00:00,4.320,3.000,0.000,3.000,12.200
2015-04-26 20:00:00,3.810,0.000,0.000,0.000,11.600
2015-04-26 21:00:00,3.360,0.000,0.000,0.000,11.000
2015-04-26 22:00:00,4.160,0.000,0.000,0.000,10.200
2015-04-26 23:00:00,4.640,0.000,0.000,0.000,9.800
2015-04-27 00:00:00,4.320,0.000,0.000,0.000,9.600
2015-04-27 01:00:00,4.240,0.000,0.000,0.000,9.200
2015-04-27 02:00:00,5.150,0.000,0.000,0.000,8.800
2015-04-27 03:00:00,6.350,0.000,0.000,0.000,8.400
2015-04-27 04:00:00,6.530,0.000,0.000,0.000,8.000
2015-04-27 05:00:00,6.890,4.000,0.000,4.000,7.700
2015-04-27 06:00:00,6.450,16.000,0.000,16.000,7.600
2015-04-27 07:00:00,6.400,26.000,0.000,26.000,7.500
2015-04-27 08:00:00,6.110,37.000,0.000,37.000,7.600
2015-04-27 09:00:00,5.900,56.000,0.000,56.000,7.400
2015-04-27 10:00:00,6.230,72.000,0.000,72.000,7.700
2015-04-27 11:00:00,7.000,81.000,0.000,81.000,7.900
2015-04-27 12:00:00,6.210,145.000,6.400,140.000,8.400
2015-04-27 13:00:00,6.040,212.000,62.700,165.000,9.300
2015-04-27 14:00:00,5.410,215.000,52.600,179.000,10.100
2015-04-27 15:00:00,4.200,208.000,83.900,159.000,10.800
2015-04-27 16:00:00,3.810,123.000,15.300,116.000,10.800
2015-04-27 17:00:00,3.710,103.000,12.800,99.000,10.700
2015-04-27 18:00:00,4.310,37.000,6.300,36.000,10.000
2015-04-27 19:00:00,5.170,6.000,0.000,6.000,9.100
2015-04-27 20:00:00,6.070,0.000,0.000,0.000,8.400
2015-04-27 21:00:00,6.620,0.000,0.000,0.000,7.600
2015-04-27 22:00:00,5.730,0.000,0.000,0.000,6.400
2015-04-27 23:00:00,5.630,0.000,0.000,0.000,5.500
2015-04-28 00:00:00,5.490,0.000,0.000,0.000,4.600
2015-04-28 01:00:00,5.290,0.000,0.000,0.000,3.500
2015-04-28 02:00:00,4.960,0.000,0.000,0.000,2.700
2015-04-28 03:00:00,4.620,0.000,0.000,0.000,2.500
2015-04-28 04:00:00,4.240,0.000,0.000,0.000,1.700
2015-04-28 05:00:00,4.030,33.000,102.200,24.000,2.000
2015-04-28 06:00:00,3.090,139.000,253.600,82.000,3.400
2015-04-28 07:00:00,2.330,301.000,518.600,106.000,5.400
2015-04-28 08:00:00,1.780,457.000,637.100,129.000,7.000
2015-04-28 09:00:00,2.570,616.000,772.600,128.000,8.100
2015-04-28 10:00:00,4.300,677.000,670.800,195.000,9.200
2015-04-28 11:00:00,5.100,751.000,705.400,208.000,10.300
2015-04-28 12:00:00,5.320,790.000,811.100,156.000,11.100
2015-04-28 13:00:00,5.740,757.000,818.900,140.000,11.900
2015-04-28 14:00:00,5.200,626.000,723.300,129.000,11.900
2015-04-28 15:00:00,5.950,449.000,412.100,207.000,11.300
2015-04-28 16:00:00,8.010,334.000,445.100,129.000,9.900
2015-04-28 17:00:00,6.650,169.000,240.700,93.000,8.200
2015-04-28 18:00:00,6.000,90.000,221.100,54.000,7.600
2015-04-28 19:00:00,6.560,11.000,52.000,8.000,6.300
2015-04-28 20:00:00,6.100,0.000,0.000,0.000,5.600
2015-04-28 21:00:00,5.510,0.000,0.000,0.000,4.800
2015-04-28 22:00:00,6.000,0.000,0.000,0.000,3.600
2015-04-28 23:00:00,6.300,0.000,0.000,0.000,3.000
2015-04-29 00:00:00,6.650,0.000,0.000,0.000,2.600
2015-04-29 01:00:00,5.470,0.000,0.000,0.000,2.300
2015-04-29 02:00:00,4.940,0.000,0.000,0.000,2.000
2015-04-29 03:00:00,5.520,0.000,0.000,0.000,1.600
2015-04-29 04:00:00,6.130,0.000,0.000,0.000,1.500
2015-04-29 05:00:00,6.350,43.000,243.600,21.000,2.100
2015-04-29 06:00:00,6.170,174.000,506.000,58.000,4.400
2015-04-29 07:00:00,4.920,334.000,665.300,81.000,7.100
2015-04-29 08:00:00,4.830,494.000,765.200,97.000,9.400
2015-04-29 09:00:00,4.740,633.000,823.100,110.000,10.800
2015-04-29 10:00:00,4.980,734.000,841.900,126.000,12.000
2015-04-29 11:00:00,5.620,797.000,858.800,133.000,12.700
2015-04-29 12:00:00,6.360,792.000,802.600,162.000,13.500
2015-04-29 13:00:00,6.500,613.000,421.600,294.000,14.100
2015-04-29 14:00:00,5.980,454.000,212.900,307.000,14.500
2015-04-29 15:00:00,5.330,376.000,206.600,254.000,14.500
2015-04-29 16:00:00,3.890,221.000,79.700,184.000,14.300
2015-04-29 17:00:00,3.000,133.000,68.900,111.000,13.900
2015-04-29 18:00:00,2.770,68.000,54.000,59.000,12.600
2015-04-29 19:00:00,3.650,8.000,0.000,8.000,10.800
2015-04-29 20:00:00,5.130,0.000,0.000,0.000,9.900
2015-04-29 21:00:00,6.220,0.000,0.000,0.000,9.800
2015-04-29 22:00:00,7.010,0.000,0.000,0.000,9.200
2015-04-29 23:00:00,6.350,0.000,0.000,0.000,8.800
2015-04-30 00:00:00,6.460,0.000,0.000,0.000,8.200
2015-04-30 01:00:00,6.540,0.000,0.000,0.000,7.800
2015-04-30 02:00:00,6.300,0.000,0.000,0.000,7.400
2015-04-30 03:00:00,6.220,0.000,0.000,0.000,7.200
2015-04-30 04:00:00,6.080,0.000,0.000,0.000,7.100
2015-04-30 05:00:00,5.870,37.000,129.800,25.000,7.200
2015-04-30 06:00:00,5.720,141.000,269.700,78.000,8.400
2015-04-30 07:00:00,5.120,243.000,270.500,139.000,9.400
2015-04-30 08:00:00,6.240,390.000,440.000,160.000,10.300
2015-04-30 09:00:00,6.260,535.000,608.600,146.000,10.700
2015-04-30 10:00:00,6.470,623.000,629.800,166.000,11.900
2015-04-30 11:00:00,7.040,700.000,640.000,203.000,12.400
2015-04-30 12:00:00,7.350,689.000,577.300,234.000,12.600
2015-04-30 13:00:00,7.390,649.000,597.500,195.000,12.900
2015-04-30 14:00:00,7.210,653.000,732.400,145.000,13.200
2015-04-30 15:00:00,6.770,439.000,463.100,164.000,13.000
2015-04-30 16:00:00,5.940,278.000,213.900,178.000,12.000
2015-04-30 17:00:00,4.840,107.000,133.100,64.000,9.900
2015-04-30 18:00:00,4.340,51.000,82.200,37.000,9.300
2015-04-30 19:00:00,4.680,10.000,32.500,8.000,8.300
2015-04-30 20:00:00,4.740,0.000,0.000,0.000,7.900
2015-04-30 21:00:00,4.530,0.000,0.000,0.000,7.000
2015-04-30 22:00:00,4.600,0.000,0.000,0.000,5.600
2015-04-30 23:00:00,5.950,0.000,0.000,0.000,5.200
2015-05-01 00:00:00,6.140,0.000,0.000,0.000,4.600
2015-05-01 01:00:00,6.640,0.000,0.000,0.000,4.200
2015-05-01 02:00:00,6.530,0.000,0.000,0.000,3.900
2015-05-01 03:00:00,6.580,0.000,0.000,0.000,3.800
2015-05-01 04:00:00,6.480,0.000,0.000,0.000,3.700
2015-05-01 05:00:00,6.010,46.000,232.700,24.000,4.000
2015-05-01 06:00:00,5.910,161.000,407.700,64.000,5.600
2015-05-01 07:00:00,5.810,272.000,347.500,137.000,6.800
2015-05-01 08:00:00,5.210,367.000,395.000,159.000,7.700
2015-05-01 09:00:00,5.350,426.000,314.300,224.000,8.700
2015-05-01 10:00:00,4.840,467.000,315.500,237.000,9.400
2015-05-01 11:00:00,4.950,455.000,253.900,257.000,9.900
2015-05-01 12:00:00,5.320,494.000,247.700,298.000,10.500
2015-05-01 13:00:00,4.800,455.000,243.800,269.000,11.000
2015-05-01 14:00:00,4.300,398.000,170.800,279.000,11.500
2015-05-01 15:00:00,4.020,298.000,68.700,257.000,11.600
2015-05-01 16:00:00,3.540,183.000,57.300,156.000,11.600
2015-05-01 17:00:00,3.300,121.000,45.900,106.000,11.400
2015-05-01 18:00:00,3.290,63.000,103.400,45.000,11.000
2015-05-01 19:00:00,3.520,11.000,15.800,10.000,9.300
2015-05-01 20:00:00,4.180,0.000,0.000,0.000,7.800
2015-05-01 21:00:00,4.920,0.000,0.000,0.000,6.600
2015-05-01 22:00:00,5.220,0.000,0.000,0.000,5.000
2015-05-01 23:00:00,4.920,0.000,0.000,0.000,3.900
2015-05-02 00:00:00,4.540,0.000,0.000,0.000,2.900
2015-05-02 01:00:00,3.760,0.000,0.000,0.000,2.500
2015-05-02 02:00:00,3.360,0.000,0.000,0.000,2.900
2015-05-02 03:00:00,3.670,0.000,0.000,0.000,2.400
2015-05-02 04:00:00,3.790,0.000,0.000,0.000,2.000
2015-05-02 05:00:00,4.080,50.000,258.800,25.000,2.700
2015-05-02 06:00:00,3.570,181.000,487.300,63.000,5.100
2015-05-02 07:00:00,3.130,329.000,619.100,86.000,7.600
2015-05-02 08:00:00,4.270,459.000,594.000,144.000,9.000
2015-05-02 09:00:00,4.100,513.000,561.700,150.000,10.100
2015-05-02 10:00:00,3.890,455.000,322.200,219.000,10.600
2015-05-02 11:00:00,3.400,446.000,222.200,272.000,11.300
2015-05-02 12:00:00,3.160,529.000,275.600,310.000,12.000
2015-05-02 13:00:00,3.140,486.000,223.200,315.000,12.700
2015-05-02 14:00:00,2.980,421.000,195.700,284.000,13.200
2015-05-02 15:00:00,2.750,401.000,304.800,218.000,13.500
2015-05-02 16:00:00,2.060,319.000,316.400,169.000,13.700
2015-05-02 17:00:00,1.840,195.000,248.400,113.000,13.400
2015-05-02 18:00:00,1.770,104.000,275.500,55.000,11.900
2015-05-02 19:00:00,1.970,15.000,92.100,9.000,9.200
2015-05-02 20:00:00,3.130,0.000,0.000,0.000,7.000
2015-05-02 21:00:00,4.180,0.000,0.000,0.000,6.100
2015-05-02 22:00:00,5.350,0.000,0.000,0.000,6.700
2015-05-02 23:00:00,5.840,0.000,0.000,0.000,6.200
2015-05-03 00:00:00,6.450,0.000,0.000,0.000,5.900
2015-05-03 01:00:00,6.330,0.000,0.000,0.000,5.600
2015-05-03 02:00:00,6.620,0.000,0.000,0.000,5.500
2015-05-03 03:00:00,6.930,0.000,0.000,0.000,5.300
2015-05-03 04:00:00,7.240,0.000,0.000,0.000,5.200
2015-05-03 05:00:00,6.820,40.000,141.900,26.000,5.900
2015-05-03 06:00:00,6.710,139.000,231.400,82.000,8.100
2015-05-03 07:00:00,6.010,309.000,494.400,113.000,10.700
2015-05-03 08:00:00,6.330,418.000,451.300,177.000,12.600
2015-05-03 09:00:00,6.980,496.000,460.200,197.000,14.200
2015-05-03 10:00:00,6.840,677.000,668.700,185.000,16.200
2015-05-03 11:00:00,7.820,723.000,700.900,172.000,17.800
2015-05-03 12:00:00,8.660,535.000,393.700,221.000,17.900
2015-05-03 13:00:00,8.290,288.000,106.600,206.000,17.500
2015-05-03 14:00:00,8.580,163.000,12.800,154.000,17.200
2015-05-03 15:00:00,8.380,75.000,1.700,74.000,16.800
2015-05-03 16:00:00,8.190,38.000,0.000,38.000,15.900
2015-05-03 17:00:00,8.030,19.000,0.000,19.000,15.200
2015-05-03 18:00:00,7.880,8.000,0.000,8.000,14.300
2015-05-03 19:00:00,7.600,1.000,0.000,1.000,13.900
2015-05-03 20:00:00,7.230,0.000,0.000,0.000,13.800
2015-05-03 21:00:00,7.320,0.000,0.000,0.000,14.000
2015-05-03 22:00:00,8.270,0.000,0.000,0.000,14.100
2015-05-03 23:00:00,8.800,0.000,0.000,0.000,14.400
2015-05-04 00:00:00,8.780,0.000,0.000,0.000,14.200
2015-05-04 01:00:00,9.220,0.000,0.000,0.000,13.700
2015-05-04 02:00:00,9.340,0.000,0.000,0.000,13.400
2015-05-04 03:00:00,8.990,0.000,0.000,0.000,12.900
2015-05-04 04:00:00,8.540,1.000,0.000,1.000,12.500
2015-05-04 05:00:00,8.200,49.000,218.600,27.000,12.800
2015-05-04 06:00:00,7.690,162.000,319.500,82.000,13.900
2015-05-04 07:00:00,6.420,263.000,302.300,142.000,15.000
2015-05-04 08:00:00,7.130,335.000,366.400,138.000,15.700
2015-05-04 09:00:00,6.700,398.000,378.100,151.000,16.300
2015-05-04 10:00:00,5.280,366.000,243.600,186.000,16.900
2015-05-04 11:00:00,5.130,565.000,522.000,153.000,18.100
2015-05-04 12:00:00,5.160,493.000,371.000,196.000,19.100
2015-05-04 13:00:00,5.640,533.000,458.400,179.000,19.700
2015-05-04 14:00:00,5.630,487.000,474.500,152.000,20.400
2015-05-04 15:00:00,5.060,372.000,296.700,192.000,20.600
2015-05-04 16:00:00,3.920,273.000,305.800,126.000,20.600
2015-05-04 17:00:00,2.440,192.000,299.700,91.000,20.400
2015-05-04 18:00:00,0.100,93.000,161.900,63.000,20.100
2015-05-04 19:00:00,3.200,16.000,58.200,12.000,16.900
2015-05-04 20:00:00,5.920,0.000,0.000,0.000,15.200
2015-05-04 21:00:00,7.440,0.000,0.000,0.000,14.400
2015-05-04 22:00:00,8.570,0.000,0.000,0.000,14.200
2015-05-04 23:00:00,8.710,0.000,0.000,0.000,14.100
2015-05-05 00:00:00,8.950,0.000,0.000,0.000,14.300
2015-05-05 01:00:00,8.860,0.000,0.000,0.000,14.700
2015-05-05 02:00:00,9.420,0.000,0.000,0.000,14.800
2015-05-05 03:00:00,9.620,0.000,0.000,0.000,15.000
2015-05-05 04:00:00,9.600,0.000,0.000,0.000,15.000
2015-05-05 05:00:00,9.670,11.000,0.000,11.000,15.200
2015-05-05 06:00:00,9.760,82.000,94.300,58.000,16.700
2015-05-05 07:00:00,9.250,270.000,438.100,93.000,18.700
2015-05-05 08:00:00,8.570,427.000,594.900,105.000,20.400
2015-05-05 09:00:00,9.750,465.000,440.200,176.000,21.300
2015-05-05 10:00:00,7.010,358.000,94.300,288.000,19.900
2015-05-05 11:00:00,6.950,298.000,111.100,210.000,19.800
2015-05-05 12:00:00,7.200,528.000,435.600,178.000,22.100
2015-05-05 13:00:00,9.000,754.000,808.900,127.000,24.700
2015-05-05 14:00:00,10.210,541.000,531.700,164.000,23.700
2015-05-05 15:00:00,11.500,325.000,254.200,170.000,22.200
2015-05-05 16:00:00,12.370,343.000,462.800,119.000,19.600
2015-05-05 17:00:00,10.070,122.000,152.700,70.000,17.700
2015-05-05 18:00:00,9.680,98.000,269.900,47.000,16.700
2015-05-05 19:00:00,9.260,17.000,85.000,11.000,15.400
2015-05-05 20:00:00,8.320,0.000,0.000,0.000,14.200
2015-05-05 21:00:00,7.180,0.000,0.000,0.000,13.100
2015-05-05 22:00:00,6.180,0.000,0.000,0.000,12.000
2015-05-05 23:00:00,4.340,0.000,0.000,0.000,10.100
2015-05-06 00:00:00,4.570,0.000,0.000,0.000,9.300
2015-05-06 01:00:00,5.850,0.000,0.000,0.000,9.200
2015-05-06 02:00:00,6.770,0.000,0.000,0.000,9.100
2015-05-06 03:00:00,7.090,0.000,0.000,0.000,9.300
2015-05-06 04:00:00,7.350,1.000,0.000,1.000,9.800
2015-05-06 05:00:00,7.240,48.000,187.600,28.000,10.700
2015-05-06 06:00:00,6.710,137.000,282.600,64.000,12.400
2015-05-06 07:00:00,5.560,265.000,441.400,85.000,14.300
2015-05-06 08:00:00,6.390,411.000,510.400,133.000,15.600
2015-05-06 09:00:00,6.790,550.000,618.300,142.000,16.400
2015-05-06 10:00:00,7.660,599.000,563.500,179.000,17.100
2015-05-06 11:00:00,8.220,660.000,599.800,183.000,17.500
2015-05-06 12:00:00,7.840,745.000,726.600,159.000,18.300
2015-05-06 13:00:00,9.270,695.000,667.000,176.000,18.700
2015-05-06 14:00:00,9.200,599.000,589.900,179.000,18.500
2015-05-06 15:00:00,8.860,514.000,585.900,155.000,17.900
2015-05-06 16:00:00,9.200,383.000,525.400,127.000,17.100
2015-05-06 17:00:00,7.090,241.000,418.700,97.000,15.700
2015-05-06 18:00:00,8.060,116.000,327.200,53.000,14.300
2015-05-06 19:00:00,7.760,15.000,27.600,13.000,12.700
2015-05-06 20:00:00,8.140,0.000,0.000,0.000,11.500
2015-05-06 21:00:00,8.270,0.000,0.000,0.000,10.600
2015-05-06 22:00:00,8.580,0.000,0.000,0.000,10.200
2015-05-06 23:00:00,8.960,0.000,0.000,0.000,10.200
2015-05-07 00:00:00,9.690,0.000,0.000,0.000,10.200
2015-05-07 01:00:00,9.920,0.000,0.000,0.000,10.200
2015-05-07 02:00:00,9.780,0.000,0.000,0.000,9.800
2015-05-07 03:00:00,9.600,0.000,0.000,0.000,9.400
2015-05-07 04:00:00,9.670,2.000,0.000,2.000,9.300
2015-05-07 05:00:00,9.620,56.000,225.900,31.000,10.000
2015-05-07 06:00:00,8.540,133.000,190.700,83.000,10.800
2015-05-07 07:00:00,11.320,221.000,243.100,121.000,11.500
2015-05-07 08:00:00,10.430,216.000,120.400,150.000,12.000
2015-05-07 09:00:00,9.590,504.000,515.800,162.000,11.900
2015-05-07 10:00:00,8.140,603.000,545.200,195.000,13.000
2015-05-07 11:00:00,7.670,706.000,577.500,245.000,12.900
2015-05-07 12:00:00,7.210,749.000,674.600,203.000,13.700
2015-05-07 13:00:00,6.670,687.000,613.400,208.000,13.900
2015-05-07 14:00:00,6.410,567.000,506.400,205.000,14.000
2015-05-07 15:00:00,6.600,476.000,427.100,213.000,14.400
2015-05-07 16:00:00,6.610,366.000,456.800,142.000,14.600
2015-05-07 17:00:00,6.430,211.000,325.400,98.000,14.400
2015-05-07 18:00:00,5.690,109.000,305.900,49.000,13.600
2015-05-07 19:00:00,4.370,19.000,94.500,12.000,12.500
2015-05-07 20:00:00,2.860,0.000,0.000,0.000,10.400
2015-05-07 21:00:00,1.360,0.000,0.000,0.000,9.800
2015-05-07 22:00:00,1.840,0.000,0.000,0.000,8.400
2015-05-07 23:00:00,1.440,0.000,0.000,0.000,7.500
2015-05-08 00:00:00,1.560,0.000,0.000,0.000,6.500
2015-05-08 01:00:00,1.580,0.000,0.000,0.000,6.400
2015-05-08 02:00:00,1.870,0.000,0.000,0.000,6.300
2015-05-08 03:00:00,2.220,0.000,0.000,0.000,6.600
2015-05-08 04:00:00,3.200,2.000,0.000,2.000,6.900
2015-05-08 05:00:00,4.130,38.000,0.000,38.000,7.500
2015-05-08 06:00:00,3.760,96.000,11.300,93.000,9.000
2015-05-08 07:00:00,3.130,259.000,236.200,161.000,10.900
2015-05-08 08:00:00,3.000,395.000,351.800,201.000,12.800
2015-05-08 09:00:00,2.620,533.000,460.800,226.000,14.300
2015-05-08 10:00:00,2.340,564.000,382.000,277.000,15.800
2015-05-08 11:00:00,2.360,576.000,313.300,325.000,16.600
2015-05-08 12:00:00,1.980,576.000,344.800,296.000,17.100
2015-05-08 13:00:00,1.700,543.000,362.400,259.000,17.400
2015-05-08 14:00:00,1.490,528.000,455.600,201.000,17.800
2015-05-08 15:00:00,2.000,374.000,323.200,174.000,17.900
2015-05-08 16:00:00,2.620,289.000,318.100,132.000,17.800
2015-05-08 17:00:00,3.100,174.000,205.400,102.000,17.800
2015-05-08 18:00:00,4.200,89.000,240.400,41.000,16.600
2015-05-08 19:00:00,5.300,24.000,105.500,16.000,15.100
2015-05-08 20:00:00,5.900,0.000,0.000,0.000,14.000
2015-05-08 21:00:00,5.910,0.000,0.000,0.000,13.600
2015-05-08 22:00:00,6.020,0.000,0.000,0.000,12.700
2015-05-08 23:00:00,5.890,0.000,0.000,0.000,12.400
2015-05-09 00:00:00,5.540,0.000,0.000,0.000,12.200
2015-05-09 01:00:00,5.470,0.000,0.000,0.000,11.700
2015-05-09 02:00:00,4.880,0.000,0.000,0.000,11.400
2015-05-09 03:00:00,4.600,0.000,0.000,0.000,11.000
2015-05-09 04:00:00,4.840,2.000,0.000,2.000,10.900
2015-05-09 05:00:00,5.280,55.000,177.100,34.000,11.800
2015-05-09 06:00:00,5.770,154.000,293.000,75.000,13.500
2015-05-09 07:00:00,6.040,250.000,301.100,124.000,14.900
2015-05-09 08:00:00,6.860,298.000,256.000,156.000,15.000
2015-05-09 09:00:00,8.750,246.000,94.100,183.000,14.800
2015-05-09 10:00:00,5.610,320.000,68.900,268.000,15.800
2015-05-09 11:00:00,7.250,343.000,62.200,293.000,16.600
2015-05-09 12:00:00,6.400,442.000,179.200,296.000,17.400
2015-05-09 13:00:00,6.500,481.000,236.500,295.000,18.000
2015-05-09 14:00:00,9.240,512.000,398.300,225.000,18.600
2015-05-09 15:00:00,9.000,336.000,250.900,180.000,18.100
2015-05-09 16:00:00,8.740,219.000,203.400,118.000,17.400
2015-05-09 17:00:00,10.010,149.000,138.500,100.000,16.800
2015-05-09 18:00:00,8.710,97.000,226.400,51.000,14.800
2015-05-09 19:00:00,7.690,17.000,77.400,11.000,13.400
2015-05-09 20:00:00,7.840,0.000,0.000,0.000,12.400
2015-05-09 21:00:00,8.120,0.000,0.000,0.000,12.000
2015-05-09 22:00:00,8.490,0.000,0.000,0.000,11.700
2015-05-09 23:00:00,8.710,0.000,0.000,0.000,11.600
2015-05-10 00:00:00,9.480,0.000,0.000,0.000,11.400
2015-05-10 01:00:00,9.970,0.000,0.000,0.000,10.900
2015-05-10 02:00:00,10.400,0.000,0.000,0.000,10.300
2015-05-10 03:00:00,10.430,0.000,0.000,0.000,9.600
2015-05-10 04:00:00,9.810,2.000,0.000,2.000,9.100
2015-05-10 05:00:00,10.670,30.000,16.300,28.000,9.000
2015-05-10 06:00:00,10.300,97.000,29.300,89.000,9.200
2015-05-10 07:00:00,10.290,169.000,128.000,115.000,9.500
2015-05-10 08:00:00,9.900,274.000,197.200,164.000,10.100
2015-05-10 09:00:00,9.650,339.000,107.100,267.000,10.600
2015-05-10 10:00:00,8.620,449.000,220.600,282.000,11.900
2015-05-10 11:00:00,7.930,661.000,534.300,230.000,13.300
2015-05-10 12:00:00,7.200,756.000,670.300,208.000,14.200
2015-05-10 13:00:00,5.950,758.000,754.000,163.000,15.100
2015-05-10 14:00:00,5.230,696.000,788.000,126.000,15.700
2015-05-10 15:00:00,4.700,561.000,675.700,139.000,16.200
2015-05-10 16:00:00,3.910,416.000,542.400,145.000,16.300
2015-05-10 17:00:00,2.800,268.000,431.200,114.000,16.000
2015-05-10 18:00:00,1.780,139.000,387.100,59.000,14.800
2015-05-10 19:00:00,1.360,30.000,164.100,17.000,14.300
2015-05-10 20:00:00,1.870,0.000,0.000,0.000,11.600
2015-05-10 21:00:00,3.180,0.000,0.000,0.000,9.100
2015-05-10 22:00:00,5.200,0.000,0.000,0.000,8.200
2015-05-10 23:00:00,6.020,0.000,0.000,0.000,7.900
2015-05-11 00:00:00,6.440,0.000,0.000,0.000,7.900
2015-05-11 01:00:00,6.730,0.000,0.000,0.000,7.900
2015-05-11 02:00:00,6.890,0.000,0.000,0.000,7.700
2015-05-11 03:00:00,6.860,0.000,0.000,0.000,7.600
2015-05-11 04:00:00,6.830,4.000,0.000,4.000,7.700
2015-05-11 05:00:00,6.840,60.000,95.100,48.000,8.600
2015-05-11 06:00:00,6.800,151.000,119.200,118.000,10.700
2015-05-11 07:00:00,5.650,264.000,171.700,191.000,12.900
2015-05-11 08:00:00,5.440,363.000,178.300,263.000,15.400
2015-05-11 09:00:00,5.580,465.000,228.100,311.000,17.300
2015-05-11 10:00:00,5.410,478.000,132.900,377.000,18.900
2015-05-11 11:00:00,5.870,536.000,176.700,393.000,20.100
2015-05-11 12:00:00,6.120,583.000,230.400,394.000,21.300
2015-05-11 13:00:00,6.300,579.000,256.400,376.000,22.100
2015-05-11 14:00:00,6.330,528.000,267.200,334.000,22.600
2015-05-11 15:00:00,6.100,442.000,272.600,271.000,22.900
2015-05-11 16:00:00,5.810,344.000,268.600,209.000,22.900
2015-05-11 17:00:00,6.130,246.000,297.000,139.000,22.600
2015-05-11 18:00:00,6.020,132.000,285.600,72.000,21.300
2015-05-11 19:00:00,6.650,31.000,160.800,18.000,19.300
2015-05-11 20:00:00,7.420,0.000,0.000,0.000,17.800
2015-05-11 21:00:00,7.650,0.000,0.000,0.000,17.000
2015-05-11 22:00:00,7.500,0.000,0.000,0.000,16.400
2015-05-11 23:00:00,7.560,0.000,0.000,0.000,15.800
2015-05-12 00:00:00,7.610,0.000,0.000,0.000,15.000
2015-05-12 01:00:00,7.320,0.000,0.000,0.000,14.500
2015-05-12 02:00:00,7.100,0.000,0.000,0.000,14.100
2015-05-12 03:00:00,6.660,0.000,0.000,0.000,14.000
2015-05-12 04:00:00,6.840,3.000,0.000,3.000,14.000
2015-05-12 05:00:00,6.710,39.000,15.400,37.000,15.000
2015-05-12 06:00:00,6.510,116.000,78.500,94.000,16.800
2015-05-12 07:00:00,6.550,209.000,70.000,179.000,18.400
2015-05-12 08:00:00,5.950,290.000,109.900,228.000,20.000
2015-05-12 09:00:00,6.480,491.000,299.500,288.000,21.700
2015-05-12 10:00:00,5.920,563.000,346.300,299.000,23.500
2015-05-12 11:00:00,6.020,559.000,300.600,315.000,24.600
2015-05-12 12:00:00,7.100,584.000,334.300,309.000,24.800
2015-05-12 13:00:00,9.680,539.000,337.400,271.000,23.300
2015-05-12 14:00:00,8.800,356.000,200.400,210.000,22.500
2015-05-12 15:00:00,9.680,266.000,193.600,144.000,20.800
2015-05-12 16:00:00,10.210,77.000,21.800,66.000,18.700
2015-05-12 17:00:00,10.070,162.000,247.600,72.000,17.100
2015-05-12 18:00:00,10.240,107.000,276.500,48.000,15.700
2015-05-12 19:00:00,9.460,21.000,97.000,13.000,14.400
2015-05-12 20:00:00,8.350,0.000,0.000,0.000,13.100
2015-05-12 21:00:00,6.770,0.000,0.000,0.000,11.600
2015-05-12 22:00:00,6.300,0.000,0.000,0.000,10.400
2015-05-12 23:00:00,6.550,0.000,0.000,0.000,9.600
2015-05-13 00:00:00,7.340,0.000,0.000,0.000,9.200
2015-05-13 01:00:00,7.840,0.000,0.000,0.000,8.900
2015-05-13 02:00:00,8.100,0.000,0.000,0.000,8.600
2015-05-13 03:00:00,7.920,0.000,0.000,0.000,8.400
2015-05-13 04:00:00,7.800,5.000,19.100,4.000,8.200
2015-05-13 05:00:00,7.500,81.000,322.500,38.000,9.400
2015-05-13 06:00:00,6.710,218.000,522.000,70.000,11.200
2015-05-13 07:00:00,7.280,332.000,500.700,116.000,12.800
2015-05-13 08:00:00,8.550,494.000,651.000,125.000,14.200
2015-05-13 09:00:00,9.730,559.000,617.100,139.000,14.800
2015-05-13 10:00:00,7.910,432.000,217.000,266.000,15.500
2015-05-13 11:00:00,8.440,443.000,210.000,272.000,16.000
2015-05-13 12:00:00,8.500,499.000,209.700,326.000,16.500
2015-05-13 13:00:00,8.150,427.000,194.500,272.000,16.700
2015-05-13 14:00:00,7.450,394.000,210.600,240.000,16.900
2015-05-13 15:00:00,7.150,429.000,406.100,172.000,17.100
2015-05-13 16:00:00,6.190,307.000,330.400,139.000,16.800
2015-05-13 17:00:00,5.240,237.000,365.600,103.000,16.300
2015-05-13 18:00:00,5.060,133.000,318.400,64.000,15.200
2015-05-13 19:00:00,5.610,31.000,130.800,20.000,13.600
2015-05-13 20:00:00,6.320,0.000,0.000,0.000,12.000
2015-05-13 21:00:00,6.260,0.000,0.000,0.000,10.900
2015-05-13 22:00:00,5.630,0.000,0.000,0.000,9.900
2015-05-13 23:00:00,5.330,0.000,0.000,0.000,9.200
2015-05-14 00:00:00,4.880,0.000,0.000,0.000,8.600
2015-05-14 01:00:00,4.830,0.000,0.000,0.000,7.800
2015-05-14 02:00:00,5.280,0.000,0.000,0.000,7.300
2015-05-14 03:00:00,5.510,0.000,0.000,0.000,7.200
2015-05-14 04:00:00,5.740,5.000,19.100,4.000,7.300
2015-05-14 05:00:00,5.810,66.000,197.400,39.000,7.700
2015-05-14 06:00:00,5.210,139.000,195.300,83.000,8.400
2015-05-14 07:00:00,6.070,250.000,317.700,112.000,9.000
2015-05-14 08:00:00,5.830,346.000,298.400,176.000,10.000
2015-05-14 09:00:00,5.550,260.000,86.400,201.000,10.100
2015-05-14 10:00:00,4.490,323.000,50.800,284.000,10.800
2015-05-14 11:00:00,3.930,327.000,36.700,297.000,11.300
2015-05-14 12:00:00,4.000,313.000,7.300,307.000,11.700
2015-05-14 13:00:00,3.540,403.000,60.100,355.000,12.400
2015-05-14 14:00:00,3.130,447.000,133.600,349.000,13.000
2015-05-14 15:00:00,2.440,399.000,207.700,267.000,13.200
2015-05-14 16:00:00,1.940,362.000,400.900,157.000,13.600
2015-05-14 17:00:00,1.420,261.000,433.000,101.000,13.300
2015-05-14 18:00:00,1.810,134.000,372.800,52.000,12.600
2015-05-14 19:00:00,1.730,31.000,116.800,21.000,10.300
2015-05-14 20:00:00,1.610,0.000,0.000,0.000,8.600
2015-05-14 21:00:00,2.470,0.000,0.000,0.000,7.700
2015-05-14 22:00:00,3.200,0.000,0.000,0.000,6.800
2015-05-14 23:00:00,3.260,0.000,0.000,0.000,5.700
2015-05-15 00:00:00,3.540,0.000,0.000,0.000,5.500
2015-05-15 01:00:00,4.920,0.000,0.000,0.000,5.000
2015-05-15 02:00:00,5.370,0.000,0.000,0.000,4.500
2015-05-15 03:00:00,5.200,0.000,0.000,0.000,4.200
2015-05-15 04:00:00,4.960,7.000,19.100,6.000,3.900
2015-05-15 05:00:00,4.240,82.000,299.800,40.000,5.000
2015-05-15 06:00:00,2.600,216.000,486.400,75.000,7.500
2015-05-15 07:00:00,2.310,357.000,574.000,106.000,9.100
2015-05-15 08:00:00,1.880,457.000,510.200,165.000,10.700
2015-05-15 09:00:00,2.200,604.000,602.200,191.000,11.500
2015-05-15 10:00:00,2.330,638.000,449.400,292.000,12.500
2015-05-15 11:00:00,2.770,672.000,448.100,305.000,13.200
2015-05-15 12:00:00,3.050,738.000,625.400,219.000,14.200
2015-05-15 13:00:00,3.330,793.000,805.900,147.000,15.100
2015-05-15 14:00:00,3.760,737.000,832.600,124.000,15.800
2015-05-15 15:00:00,4.260,619.000,792.900,113.000,16.200
2015-05-15 16:00:00,4.360,461.000,692.500,105.000,16.100
2015-05-15 17:00:00,4.220,312.000,606.700,86.000,15.600
2015-05-15 18:00:00,4.190,161.000,457.100,59.000,14.600
2015-05-15 19:00:00,4.530,41.000,217.900,22.000,12.600
2015-05-15 20:00:00,4.740,0.000,0.000,0.000,10.300
2015-05-15 21:00:00,5.060,0.000,0.000,0.000,8.600
2015-05-15 22:00:00,4.920,0.000,0.000,0.000,7.100
2015-05-15 23:00:00,4.050,0.000,0.000,0.000,6.000
2015-05-16 00:00:00,3.680,0.000,0.000,0.000,4.300
2015-05-16 01:00:00,3.700,0.000,0.000,0.000,3.500
2015-05-16 02:00:00,2.920,0.000,0.000,0.000,3.100
2015-05-16 03:00:00,2.900,0.000,0.000,0.000,2.700
2015-05-16 04:00:00,3.400,7.000,19.100,6.000,3.300
2015-05-16 05:00:00,3.720,76.000,188.400,49.000,5.100
2015-05-16 06:00:00,3.310,166.000,163.900,118.000,7.100
2015-05-16 07:00:00,4.160,241.000,134.100,182.000,9.000
2015-05-16 08:00:00,6.090,320.000,114.800,254.000,10.700
2015-05-16 09:00:00,5.730,341.000,79.900,286.000,11.400
2015-05-16 10:00:00,4.660,223.000,1.300,222.000,11.500
2015-05-16 11:00:00,4.520,187.000,3.700,184.000,11.600
2015-05-16 12:00:00,5.190,134.000,1.200,133.000,11.400
2015-05-16 13:00:00,6.370,103.000,3.700,100.000,11.300
2015-05-16 14:00:00,7.630,120.000,14.900,109.000,11.400
2015-05-16 15:00:00,8.500,80.000,7.800,75.000,11.400
2015-05-16 16:00:00,8.730,61.000,5.800,58.000,11.500
2015-05-16 17:00:00,8.790,50.000,21.300,42.000,12.000
2015-05-16 18:00:00,8.700,19.000,0.000,19.000,12.200
2015-05-16 19:00:00,8.240,22.000,101.500,13.000,11.700
2015-05-16 20:00:00,8.290,0.000,0.000,0.000,10.800
2015-05-16 21:00:00,8.190,0.000,0.000,0.000,10.100
2015-05-16 22:00:00,7.910,0.000,0.000,0.000,9.300
2015-05-16 23:00:00,7.330,0.000,0.000,0.000,8.300
2015-05-17 00:00:00,7.640,0.000,0.000,0.000,7.300
2015-05-17 01:00:00,7.800,0.000,0.000,0.000,6.500
2015-05-17 02:00:00,7.410,0.000,0.000,0.000,5.800
2015-05-17 03:00:00,7.570,0.000,0.000,0.000,5.400
2015-05-17 04:00:00,7.650,8.000,38.200,6.000,5.300
2015-05-17 05:00:00,7.770,75.000,252.600,38.000,6.300
2015-05-17 06:00:00,6.820,194.000,388.800,79.000,8.500
2015-05-17 07:00:00,6.920,361.000,544.300,120.000,10.400
2015-05-17 08:00:00,8.010,533.000,730.800,111.000,12.000
2015-05-17 09:00:00,8.320,606.000,664.600,147.000,12.600
2015-05-17 10:00:00,7.030,542.000,480.300,170.000,13.000
2015-05-17 11:00:00,7.980,556.000,399.500,227.000,13.200
2015-05-17 12:00:00,8.400,594.000,405.100,256.000,13.600
2015-05-17 13:00:00,9.290,508.000,362.200,216.000,14.100
2015-05-17 14:00:00,9.580,493.000,402.200,195.000,14.700
2015-05-17 15:00:00,10.000,359.000,264.300,189.000,14.900
2015-05-17 16:00:00,8.150,359.000,373.500,165.000,15.100
2015-05-17 17:00:00,6.650,198.000,200.900,122.000,14.900
2015-05-17 18:00:00,5.580,107.000,148.300,73.000,14.200
2015-05-17 19:00:00,5.410,39.000,133.100,27.000,12.800
2015-05-17 20:00:00,5.590,0.000,0.000,0.000,10.300
2015-05-17 21:00:00,5.320,0.000,0.000,0.000,9.200
2015-05-17 22:00:00,4.740,0.000,0.000,0.000,7.500
2015-05-17 23:00:00,3.180,0.000,0.000,0.000,6.600
2015-05-18 00:00:00,2.510,0.000,0.000,0.000,6.000
2015-05-18 01:00:00,2.600,0.000,0.000,0.000,6.500
2015-05-18 02:00:00,2.620,0.000,0.000,0.000,6.300
2015-05-18 03:00:00,2.690,0.000,0.000,0.000,6.100
2015-05-18 04:00:00,2.820,6.000,0.000,6.000,6.400
2015-05-18 05:00:00,2.900,60.000,66.900,50.000,7.200
2015-05-18 06:00:00,3.140,150.000,157.400,103.000,9.300
2015-05-18 07:00:00,3.090,266.000,267.200,147.000,11.200
2015-05-18 08:00:00,3.040,356.000,294.900,185.000,13.000
2015-05-18 09:00:00,3.610,343.000,150.100,239.000,14.800
2015-05-18 10:00:00,3.700,542.000,318.000,295.000,16.100
2015-05-18 11:00:00,6.260,587.000,324.600,319.000,17.400
2015-05-18 12:00:00,6.240,409.000,119.600,309.000,18.200
2015-05-18 13:00:00,6.150,425.000,190.500,271.000,18.800
2015-05-18 14:00:00,7.670,342.000,111.700,259.000,19.600
2015-05-18 15:00:00,7.310,343.000,176.600,229.000,19.900
2015-05-18 16:00:00,5.940,276.000,90.000,229.000,19.900
2015-05-18 17:00:00,4.860,191.000,102.300,152.000,19.200
2015-05-18 18:00:00,3.700,81.000,17.200,77.000,18.200
2015-05-18 19:00:00,4.190,23.000,0.000,23.000,16.400
2015-05-18 20:00:00,5.100,0.000,0.000,0.000,15.300
2015-05-18 21:00:00,6.010,0.000,0.000,0.000,14.500
2015-05-18 22:00:00,7.380,0.000,0.000,0.000,14.500
2015-05-18 23:00:00,6.800,0.000,0.000,0.000,13.400
2015-05-19 00:00:00,6.990,0.000,0.000,0.000,12.800
2015-05-19 01:00:00,7.110,0.000,0.000,0.000,12.100
2015-05-19 02:00:00,6.500,0.000,0.000,0.000,11.500
2015-05-19 03:00:00,6.490,0.000,0.000,0.000,10.800
2015-05-19 04:00:00,6.840,2.000,0.000,2.000,10.400
2015-05-19 05:00:00,7.640,23.000,32.800,18.000,10.300
2015-05-19 06:00:00,8.630,107.000,122.800,70.000,10.900
2015-05-19 07:00:00,8.990,331.000,448.800,130.000,11.600
2015-05-19 08:00:00,8.630,478.000,625.200,114.000,12.500
2015-05-19 09:00:00,8.800,577.000,615.800,149.000,13.200
2015-05-19 10:00:00,8.060,635.000,581.700,182.000,13.500
2015-05-19 11:00:00,8.680,622.000,433.700,263.000,14.100
2015-05-19 12:00:00,9.370,570.000,416.200,221.000,14.800
2015-05-19 13:00:00,9.670,633.000,502.200,226.000,15.300
2015-05-19 14:00:00,9.380,560.000,487.000,197.000,15.600
2015-05-19 15:00:00,9.040,560.000,634.400,149.000,15.200
2015-05-19 16:00:00,9.120,410.000,541.400,126.000,14.500
2015-05-19 17:00:00,8.580,285.000,479.500,101.000,14.200
2015-05-19 18:00:00,7.140,168.000,463.500,59.000,13.900
2015-05-19 19:00:00,4.870,41.000,193.600,23.000,12.900
2015-05-19 20:00:00,5.020,0.000,0.000,0.000,11.300
2015-05-19 21:00:00,5.530,0.000,0.000,0.000,9.600
2015-05-19 22:00:00,5.590,0.000,0.000,0.000,8.500
2015-05-19 23:00:00,5.460,0.000,0.000,0.000,8.000
2015-05-20 00:00:00,5.330,0.000,0.000,0.000,7.600
2015-05-20 01:00:00,5.890,0.000,0.000,0.000,7.300
2015-05-20 02:00:00,5.620,0.000,0.000,0.000,6.700
2015-05-20 03:00:00,5.520,0.000,0.000,0.000,6.400
2015-05-20 04:00:00,5.360,10.000,55.100,7.000,6.200
2015-05-20 05:00:00,5.060,94.000,315.800,45.000,7.500
2015-05-20 06:00:00,4.260,225.000,493.600,75.000,9.600
2015-05-20 07:00:00,4.940,392.000,657.400,96.000,11.000
2015-05-20 08:00:00,5.270,512.000,629.700,144.000,12.100
2015-05-20 09:00:00,5.460,566.000,550.800,182.000,12.900
2015-05-20 10:00:00,4.920,611.000,496.900,223.000,13.500
2015-05-20 11:00:00,5.280,731.000,672.600,173.000,14.100
2015-05-20 12:00:00,5.460,759.000,681.800,186.000,14.700
2015-05-20 13:00:00,5.580,796.000,787.800,156.000,14.900
2015-05-20 14:00:00,6.100,690.000,691.600,173.000,14.900
2015-05-20 15:00:00,6.110,533.000,561.400,168.000,14.900
2015-05-20 16:00:00,4.900,386.000,447.800,150.000,14.800
2015-05-20 17:00:00,5.610,249.000,375.300,104.000,14.500
2015-05-20 18:00:00,6.170,116.000,231.100,61.000,13.400
2015-05-20 19:00:00,4.840,37.000,148.400,23.000,11.900
2015-05-20 20:00:00,4.030,1.000,0.000,1.000,10.500
2015-05-20 21:00:00,4.180,0.000,0.000,0.000,9.200
2015-05-20 22:00:00,4.470,0.000,0.000,0.000,7.300
2015-05-20 23:00:00,4.670,0.000,0.000,0.000,6.300
2015-05-21 00:00:00,4.610,0.000,0.000,0.000,5.900
2015-05-21 01:00:00,4.730,0.000,0.000,0.000,5.500
2015-05-21 02:00:00,5.080,0.000,0.000,0.000,5.300
2015-05-21 03:00:00,5.520,0.000,0.000,0.000,5.100
2015-05-21 04:00:00,5.430,12.000,53.800,9.000,5.500
2015-05-21 05:00:00,5.140,95.000,316.800,45.000,6.800
2015-05-21 06:00:00,4.520,232.000,502.700,78.000,8.800
2015-05-21 07:00:00,5.320,366.000,556.800,114.000,10.300
2015-05-21 08:00:00,5.770,502.000,625.700,135.000,11.400
2015-05-21 09:00:00,5.810,450.000,364.700,195.000,11.900
2015-05-21 10:00:00,4.720,596.000,534.100,178.000,12.000
2015-05-21 11:00:00,4.820,660.000,558.000,196.000,12.800
2015-05-21 12:00:00,4.800,627.000,459.400,240.000,13.200
2015-05-21 13:00:00,4.940,574.000,458.000,201.000,13.400
2015-05-21 14:00:00,4.920,464.000,305.500,235.000,14.000
2015-05-21 15:00:00,4.900,405.000,292.800,214.000,14.500
2015-05-21 16:00:00,4.740,400.000,553.400,107.000,15.100
2015-05-21 17:00:00,4.170,251.000,367.600,108.000,15.200
2015-05-21 18:00:00,2.970,153.000,369.600,64.000,14.700
2015-05-21 19:00:00,2.020,47.000,198.600,28.000,13.100
2015-05-21 20:00:00,1.170,1.000,0.000,1.000,11.900
2015-05-21 21:00:00,1.080,0.000,0.000,0.000,10.100
2015-05-21 22:00:00,3.360,0.000,0.000,0.000,8.600
2015-05-21 23:00:00,4.740,0.000,0.000,0.000,7.600
2015-05-22 00:00:00,4.940,0.000,0.000,0.000,7.500
2015-05-22 01:00:00,4.730,0.000,0.000,0.000,7.500
2015-05-22 02:00:00,4.720,0.000,0.000,0.000,7.500
2015-05-22 03:00:00,4.900,0.000,0.000,0.000,7.200
2015-05-22 04:00:00,4.500,11.000,35.100,9.000,6.600
2015-05-22 05:00:00,3.710,91.000,286.800,45.000,8.000
2015-05-22 06:00:00,2.110,223.000,469.700,78.000,10.300
2015-05-22 07:00:00,1.710,263.000,222.100,162.000,12.400
2015-05-22 08:00:00,1.860,423.000,402.700,186.000,14.100
2015-05-22 09:00:00,2.220,597.000,567.700,199.000,15.600
2015-05-22 10:00:00,1.790,758.000,786.400,141.000,16.700
2015-05-22 11:00:00,2.790,830.000,841.200,129.000,17.900
2015-05-22 12:00:00,2.910,565.000,362.500,259.000,18.200
2015-05-22 13:00:00,2.880,407.000,137.200,295.000,18.500
2015-05-22 14:00:00,2.920,255.000,37.300,227.000,18.500
2015-05-22 15:00:00,2.940,210.000,38.200,185.000,18.500
2015-05-22 16:00:00,2.730,182.000,105.300,126.000,18.500
2015-05-22 17:00:00,2.400,124.000,71.500,96.000,18.300
2015-05-22 18:00:00,2.310,94.000,86.200,73.000,17.800
2015-05-22 19:00:00,2.440,26.000,20.400,24.000,16.700
2015-05-22 20:00:00,2.970,1.000,0.000,1.000,15.100
2015-05-22 21:00:00,3.400,0.000,0.000,0.000,14.500
2015-05-22 22:00:00,3.240,0.000,0.000,0.000,12.900
2015-05-22 23:00:00,3.490,0.000,0.000,0.000,12.700
2015-05-23 00:00:00,3.310,0.000,0.000,0.000,12.600
2015-05-23 01:00:00,3.180,0.000,0.000,0.000,12.400
2015-05-23 02:00:00,2.850,0.000,0.000,0.000,12.300
2015-05-23 03:00:00,3.070,0.000,0.000,0.000,12.100
2015-05-23 04:00:00,3.490,7.000,17.200,6.000,12.400
2015-05-23 05:00:00,3.610,55.000,86.000,41.000,12.500
2015-05-23 06:00:00,3.080,123.000,176.900,68.000,13.200
2015-05-23 07:00:00,2.640,185.000,91.900,143.000,13.800
2015-05-23 08:00:00,2.980,266.000,145.600,180.000,14.400
2015-05-23 09:00:00,3.550,356.000,206.300,211.000,15.000
2015-05-23 10:00:00,3.780,523.000,475.600,149.000,16.500
2015-05-23 11:00:00,4.950,558.000,520.900,123.000,16.600
2015-05-23 12:00:00,5.420,448.000,257.700,230.000,16.100
2015-05-23 13:00:00,5.850,310.000,68.400,254.000,15.100
2015-05-23 14:00:00,5.770,239.000,2.700,237.000,14.900
2015-05-23 15:00:00,5.120,246.000,80.700,193.000,15.000
2015-05-23 16:00:00,4.220,271.000,267.700,128.000,15.100
2015-05-23 17:00:00,3.750,175.000,185.200,102.000,14.900
2015-05-23 18:00:00,3.640,126.000,203.000,76.000,14.500
2015-05-23 19:00:00,4.120,41.000,158.800,25.000,13.000
2015-05-23 20:00:00,5.060,1.000,0.000,1.000,11.700
2015-05-23 21:00:00,5.830,0.000,0.000,0.000,10.900
2015-05-23 22:00:00,5.510,0.000,0.000,0.000,9.700
2015-05-23 23:00:00,4.810,0.000,0.000,0.000,8.400
2015-05-24 00:00:00,4.510,0.000,0.000,0.000,7.100
2015-05-24 01:00:00,4.440,0.000,0.000,0.000,6.400
2015-05-24 02:00:00,4.100,0.000,0.000,0.000,5.800
2015-05-24 03:00:00,3.540,0.000,0.000,0.000,5.300
2015-05-24 04:00:00,2.840,12.000,50.500,9.000,5.400
2015-05-24 05:00:00,1.920,87.000,248.100,46.000,6.600
2015-05-24 06:00:00,1.020,192.000,303.300,97.000,8.900
2015-05-24 07:00:00,0.500,387.000,599.300,112.000,10.600
2015-05-24 08:00:00,0.360,542.000,697.200,129.000,12.400
2015-05-24 09:00:00,1.120,687.000,797.600,125.000,14.100
2015-05-24 10:00:00,1.560,646.000,563.400,202.000,15.400
2015-05-24 11:00:00,1.840,758.000,702.700,170.000,16.800
2015-05-24 12:00:00,2.270,725.000,580.400,233.000,17.900
2015-05-24 13:00:00,2.470,596.000,370.700,292.000,18.700
2015-05-24 14:00:00,2.640,466.000,284.500,251.000,19.300
2015-05-24 15:00:00,2.620,340.000,255.000,172.000,19.400
2015-05-24 16:00:00,2.480,278.000,214.400,163.000,19.200
2015-05-24 17:00:00,2.270,174.000,108.400,131.000,18.900
2015-05-24 18:00:00,2.080,154.000,329.300,72.000,18.600
2015-05-24 19:00:00,2.020,52.000,193.100,32.000,16.300
2015-05-24 20:00:00,2.420,1.000,0.000,1.000,14.000
2015-05-24 21:00:00,2.940,0.000,0.000,0.000,12.400
2015-05-24 22:00:00,2.900,0.000,0.000,0.000,10.900
2015-05-24 23:00:00,3.110,0.000,0.000,0.000,10.600
2015-05-25 00:00:00,3.940,0.000,0.000,0.000,10.200
2015-05-25 01:00:00,4.630,0.000,0.000,0.000,9.300
2015-05-25 02:00:00,4.370,0.000,0.000,0.000,9.100
2015-05-25 03:00:00,4.770,0.000,0.000,0.000,9.000
2015-05-25 04:00:00,5.220,13.000,66.100,9.000,9.000
2015-05-25 05:00:00,5.110,75.000,185.100,44.000,10.100
2015-05-25 06:00:00,4.600,152.000,152.300,104.000,11.600
2015-05-25 07:00:00,4.200,141.000,121.500,85.000,12.500
2015-05-25 08:00:00,4.500,191.000,38.700,168.000,13.200
2015-05-25 09:00:00,4.730,294.000,43.900,263.000,13.700
2015-05-25 10:00:00,4.050,379.000,83.600,313.000,13.400
2015-05-25 11:00:00,4.270,292.000,69.200,234.000,13.700
2015-05-25 12:00:00,4.000,359.000,167.200,217.000,14.000
2015-05-25 13:00:00,4.620,355.000,161.800,222.000,14.400
2015-05-25 14:00:00,5.330,373.000,227.000,201.000,14.800
2015-05-25 15:00:00,6.020,353.000,237.500,196.000,15.100
2015-05-25 16:00:00,6.590,295.000,265.400,152.000,14.500
2015-05-25 17:00:00,6.220,233.000,270.600,125.000,13.900
2015-05-25 18:00:00,5.380,159.000,337.800,74.000,13.200
2015-05-25 19:00:00,5.020,53.000,206.800,31.000,12.100
2015-05-25 20:00:00,4.810,2.000,0.000,2.000,10.500
2015-05-25 21:00:00,4.530,0.000,0.000,0.000,9.400
2015-05-25 22:00:00,3.980,0.000,0.000,0.000,8.400
2015-05-25 23:00:00,3.580,0.000,0.000,0.000,8.100
2015-05-26 00:00:00,3.960,0.000,0.000,0.000,8.200
2015-05-26 01:00:00,4.740,0.000,0.000,0.000,8.800
2015-05-26 02:00:00,5.110,0.000,0.000,0.000,9.100
2015-05-26 03:00:00,5.390,0.000,0.000,0.000,8.900
2015-05-26 04:00:00,5.330,9.000,16.200,8.000,8.700
2015-05-26 05:00:00,4.880,63.000,165.000,35.000,9.100
2015-05-26 06:00:00,5.300,151.000,198.600,88.000,9.800
2015-05-26 07:00:00,5.160,166.000,90.800,124.000,10.900
2015-05-26 08:00:00,5.410,366.000,340.700,163.000,11.700
2015-05-26 09:00:00,6.040,615.000,651.200,154.000,12.200
2015-05-26 10:00:00,5.770,636.000,563.700,190.000,12.100
2015-05-26 11:00:00,6.670,605.000,490.500,193.000,13.100
2015-05-26 12:00:00,6.670,519.000,320.800,246.000,13.100
2015-05-26 13:00:00,7.020,453.000,273.200,228.000,13.300
2015-05-26 14:00:00,6.850,465.000,309.400,230.000,13.000
2015-05-26 15:00:00,6.690,295.000,146.300,198.000,13.100
2015-05-26 16:00:00,6.800,290.000,232.900,164.000,12.900
2015-05-26 17:00:00,6.780,238.000,291.400,121.000,12.800
2015-05-26 18:00:00,6.610,142.000,295.000,67.000,12.300
2015-05-26 19:00:00,6.940,48.000,165.000,30.000,11.200
2015-05-26 20:00:00,6.790,2.000,0.000,2.000,10.100
2015-05-26 21:00:00,6.530,0.000,0.000,0.000,9.200
2015-05-26 22:00:00,6.720,0.000,0.000,0.000,8.100
2015-05-26 23:00:00,6.640,0.000,0.000,0.000,7.500
2015-05-27 00:00:00,6.310,0.000,0.000,0.000,7.200
2015-05-27 01:00:00,5.880,0.000,0.000,0.000,7.200
2015-05-27 02:00:00,5.970,0.000,0.000,0.000,7.300
2015-05-27 03:00:00,6.520,0.000,0.000,0.000,7.400
2015-05-27 04:00:00,6.850,15.000,63.900,11.000,7.700
2015-05-27 05:00:00,6.230,83.000,215.400,46.000,8.300
2015-05-27 06:00:00,7.600,159.000,266.300,74.000,9.200
2015-05-27 07:00:00,7.270,240.000,243.300,127.000,10.300
2015-05-27 08:00:00,7.020,341.000,297.900,163.000,11.100
2015-05-27 09:00:00,7.050,376.000,262.200,190.000,11.500
2015-05-27 10:00:00,6.740,416.000,171.600,280.000,12.400
2015-05-27 11:00:00,6.770,404.000,174.700,257.000,12.800
2015-05-27 12:00:00,6.350,515.000,255.700,297.000,13.900
2015-05-27 13:00:00,6.600,550.000,316.300,289.000,14.700
2015-05-27 14:00:00,6.330,391.000,197.000,241.000,14.700
2015-05-27 15:00:00,5.990,348.000,154.900,245.000,14.800
2015-05-27 16:00:00,4.970,277.000,202.500,167.000,14.800
2015-05-27 17:00:00,4.100,159.000,118.900,111.000,14.800
2015-05-27 18:00:00,3.920,104.000,101.300,78.000,14.400
2015-05-27 19:00:00,4.040,24.000,26.800,21.000,13.400
2015-05-27 20:00:00,5.150,1.000,0.000,1.000,12.200
2015-05-27 21:00:00,6.180,0.000,0.000,0.000,11.700
2015-05-27 22:00:00,7.180,0.000,0.000,0.000,11.200
2015-05-27 23:00:00,7.640,0.000,0.000,0.000,10.500
2015-05-28 00:00:00,8.080,0.000,0.000,0.000,10.100
2015-05-28 01:00:00,8.370,0.000,0.000,0.000,10.200
2015-05-28 02:00:00,8.660,0.000,0.000,0.000,10.500
2015-05-28 03:00:00,8.920,0.000,0.000,0.000,10.400
2015-05-28 04:00:00,9.140,10.000,0.000,10.000,10.500
2015-05-28 05:00:00,9.250,50.000,23.000,46.000,11.200
2015-05-28 06:00:00,9.350,138.000,74.800,114.000,12.200
2015-05-28 07:00:00,8.330,205.000,109.400,154.000,13.700
2015-05-28 08:00:00,8.680,412.000,327.200,216.000,14.800
2015-05-28 09:00:00,10.260,487.000,402.300,201.000,16.100
2015-05-28 10:00:00,8.820,578.000,518.800,166.000,17.700
2015-05-28 11:00:00,10.220,514.000,349.900,219.000,17.900
2015-05-28 12:00:00,10.260,558.000,423.800,196.000,17.500
2015-05-28 13:00:00,9.280,631.000,539.400,185.000,17.900
2015-05-28 14:00:00,9.080,492.000,440.400,156.000,17.200
2015-05-28 15:00:00,9.850,474.000,431.800,186.000,15.200
2015-05-28 16:00:00,8.260,280.000,341.100,94.000,13.000
2015-05-28 17:00:00,4.810,196.000,246.200,96.000,12.800
2015-05-28 18:00:00,5.500,146.000,297.100,69.000,12.800
2015-05-28 19:00:00,5.150,45.000,148.600,28.000,12.200
2015-05-28 20:00:00,3.810,2.000,0.000,2.000,11.800
2015-05-28 21:00:00,3.730,0.000,0.000,0.000,11.000
2015-05-28 22:00:00,3.930,0.000,0.000,0.000,9.100
2015-05-28 23:00:00,3.930,0.000,0.000,0.000,8.600
2015-05-29 00:00:00,4.300,0.000,0.000,0.000,7.500
2015-05-29 01:00:00,4.340,0.000,0.000,0.000,6.500
2015-05-29 02:00:00,4.090,0.000,0.000,0.000,5.500
2015-05-29 03:00:00,3.940,0.000,0.000,0.000,5.300
2015-05-29 04:00:00,3.690,18.000,93.100,12.000,5.600
2015-05-29 05:00:00,3.670,110.000,335.900,51.000,7.700
2015-05-29 06:00:00,3.110,250.000,533.000,78.000,10.200
2015-05-29 07:00:00,3.710,297.000,196.800,205.000,12.300
2015-05-29 08:00:00,4.300,405.000,274.800,240.000,13.600
2015-05-29 09:00:00,4.500,435.000,220.400,278.000,14.700
2015-05-29 10:00:00,2.960,463.000,134.500,356.000,15.300
2015-05-29 11:00:00,4.210,494.000,133.800,381.000,16.200
2015-05-29 12:00:00,5.400,376.000,73.600,313.000,16.400
2015-05-29 13:00:00,6.250,387.000,71.200,328.000,17.000
2015-05-29 14:00:00,7.520,461.000,167.400,333.000,17.700
2015-05-29 15:00:00,8.510,413.000,215.300,269.000,18.100
2015-05-29 16:00:00,7.750,293.000,184.500,192.000,17.900
2015-05-29 17:00:00,8.000,247.000,274.300,135.000,17.200
2015-05-29 18:00:00,7.060,127.000,156.700,86.000,16.100
2015-05-29 19:00:00,6.650,50.000,179.600,29.000,15.100
2015-05-29 20:00:00,7.000,3.000,0.000,3.000,14.100
2015-05-29 21:00:00,7.760,0.000,0.000,0.000,13.300
2015-05-29 22:00:00,8.690,0.000,0.000,0.000,13.000
2015-05-29 23:00:00,8.860,0.000,0.000,0.000,11.700
2015-05-30 00:00:00,9.170,0.000,0.000,0.000,10.700
2015-05-30 01:00:00,8.810,0.000,0.000,0.000,10.100
2015-05-30 02:00:00,8.950,0.000,0.000,0.000,9.200
2015-05-30 03:00:00,9.060,0.000,0.000,0.000,8.900
2015-05-30 04:00:00,8.520,14.000,45.900,11.000,8.600
2015-05-30 05:00:00,8.150,89.000,219.800,50.000,8.800
2015-05-30 06:00:00,8.100,219.000,413.200,85.000,9.400
2015-05-30 07:00:00,7.790,363.000,528.700,115.000,10.300
2015-05-30 08:00:00,7.790,498.000,613.100,129.000,11.100
2015-05-30 09:00:00,8.270,638.000,685.200,149.000,12.400
2015-05-30 10:00:00,7.910,701.000,592.400,229.000,11.800
2015-05-30 11:00:00,8.130,706.000,552.200,239.000,12.000
2015-05-30 12:00:00,9.410,746.000,591.600,239.000,12.100
2015-05-30 13:00:00,8.780,673.000,551.900,215.000,12.600
2015-05-30 14:00:00,8.660,667.000,572.800,228.000,11.600
2015-05-30 15:00:00,8.710,538.000,529.300,183.000,11.700
2015-05-30 16:00:00,8.060,275.000,218.500,155.000,12.000
2015-05-30 17:00:00,7.840,280.000,399.500,116.000,11.800
2015-05-30 18:00:00,6.970,170.000,397.800,65.000,11.600
2015-05-30 19:00:00,5.950,60.000,217.700,34.000,10.700
2015-05-30 20:00:00,5.640,4.000,19.100,3.000,9.400
2015-05-30 21:00:00,5.880,0.000,0.000,0.000,8.600
2015-05-30 22:00:00,6.160,0.000,0.000,0.000,7.600
2015-05-30 23:00:00,6.160,0.000,0.000,0.000,6.900
2015-05-31 00:00:00,6.220,0.000,0.000,0.000,6.400
2015-05-31 01:00:00,5.950,0.000,0.000,0.000,6.000
2015-05-31 02:00:00,6.070,0.000,0.000,0.000,5.800
2015-05-31 03:00:00,6.090,0.000,0.000,0.000,5.900
2015-05-31 04:00:00,6.050,19.000,90.800,13.000,6.500
2015-05-31 05:00:00,5.990,96.000,178.600,64.000,7.600
2015-05-31 06:00:00,5.690,206.000,291.600,111.000,9.300
2015-05-31 07:00:00,5.610,210.000,40.400,191.000,11.400
2015-05-31 08:00:00,5.890,329.000,164.100,230.000,13.500
2015-05-31 09:00:00,6.420,496.000,258.800,311.000,15.000
2015-05-31 10:00:00,6.220,651.000,422.300,314.000,17.200
2015-05-31 11:00:00,7.870,776.000,657.700,219.000,18.300
2015-05-31 12:00:00,8.000,677.000,484.700,261.000,18.900
2015-05-31 13:00:00,8.510,570.000,312.700,310.000,19.600
2015-05-31 14:00:00,8.160,398.000,212.200,235.000,20.500
2015-05-31 15:00:00,8.070,165.000,25.300,148.000,19.900
2015-05-31 16:00:00,8.770,136.000,56.200,105.000,19.200
2015-05-31 17:00:00,9.040,93.000,72.700,63.000,17.900
2015-05-31 18:00:00,8.940,68.000,45.100,56.000,17.200
2015-05-31 19:00:00,8.720,8.000,0.000,8.000,16.600
2015-05-31 20:00:00,8.610,1.000,0.000,1.000,16.600
2015-05-31 21:00:00,8.850,0.000,0.000,0.000,16.600
2015-05-31 22:00:00,9.120,0.000,0.000,0.000,16.500
2015-05-31 23:00:00,9.670,0.000,0.000,0.000,16.100
2015-06-01 00:00:00,9.920,0.000,0.000,0.000,15.600
2015-06-01 01:00:00,9.550,0.000,0.000,0.000,14.800
2015-06-01 02:00:00,8.490,0.000,0.000,0.000,13.500
2015-06-01 03:00:00,6.770,0.000,0.000,0.000,12.000
2015-06-01 04:00:00,6.140,2.000,0.000,2.000,10.700
2015-06-01 05:00:00,5.760,35.000,33.200,29.000,10.200
2015-06-01 06:00:00,5.010,138.000,149.700,89.000,10.600
2015-06-01 07:00:00,5.020,140.000,93.300,96.000,11.500
2015-06-01 08:00:00,4.310,308.000,191.900,192.000,12.600
2015-06-01 09:00:00,4.600,505.000,350.600,254.000,13.500
2015-06-01 10:00:00,3.850,563.000,255.300,359.000,14.600
2015-06-01 11:00:00,3.930,663.000,367.900,351.000,15.200
2015-06-01 12:00:00,4.020,589.000,295.500,335.000,15.700
2015-06-01 13:00:00,4.080,442.000,78.100,377.000,15.800
2015-06-01 14:00:00,3.830,396.000,81.900,333.000,16.200
2015-06-01 15:00:00,3.510,348.000,74.200,298.000,16.400
2015-06-01 16:00:00,3.270,363.000,247.700,226.000,16.600
2015-06-01 17:00:00,3.040,251.000,260.400,143.000,16.600
2015-06-01 18:00:00,2.390,181.000,376.300,80.000,16.000
2015-06-01 19:00:00,3.280,50.000,145.000,32.000,13.800
2015-06-01 20:00:00,4.100,4.000,19.100,3.000,12.000
2015-06-01 21:00:00,5.180,0.000,0.000,0.000,11.400
2015-06-01 22:00:00,6.690,0.000,0.000,0.000,11.100
2015-06-01 23:00:00,7.130,0.000,0.000,0.000,11.200
2015-06-02 00:00:00,7.710,0.000,0.000,0.000,11.200
2015-06-02 01:00:00,7.810,0.000,0.000,0.000,11.400
2015-06-02 02:00:00,8.120,0.000,0.000,0.000,11.500
2015-06-02 03:00:00,8.270,0.000,0.000,0.000,11.500
2015-06-02 04:00:00,8.770,11.000,0.000,11.000,11.700
2015-06-02 05:00:00,8.840,58.000,60.400,47.000,12.200
2015-06-02 06:00:00,8.730,90.000,57.800,71.000,13.100
2015-06-02 07:00:00,9.620,396.000,619.500,103.000,15.200
2015-06-02 08:00:00,10.440,475.000,505.400,169.000,16.600
2015-06-02 09:00:00,12.040,546.000,354.200,292.000,17.300
2015-06-02 10:00:00,9.590,444.000,204.900,280.000,18.100
2015-06-02 11:00:00,10.270,263.000,44.700,225.000,18.800
2015-06-02 12:00:00,10.700,134.000,0.000,134.000,19.100
2015-06-02 13:00:00,9.920,177.000,67.100,121.000,19.500
2015-06-02 14:00:00,10.100,160.000,15.600,148.000,19.600
2015-06-02 15:00:00,10.400,198.000,13.300,189.000,20.300
2015-06-02 16:00:00,11.550,286.000,254.100,145.000,21.700
2015-06-02 17:00:00,9.870,103.000,24.000,93.000,21.300
2015-06-02 18:00:00,9.930,48.000,0.000,48.000,20.600
2015-06-02 19:00:00,10.310,15.000,7.900,14.000,19.900
2015-06-02 20:00:00,10.890,1.000,0.000,1.000,19.600
2015-06-02 21:00:00,10.790,0.000,0.000,0.000,19.400
2015-06-02 22:00:00,11.610,0.000,0.000,0.000,19.100
2015-06-02 23:00:00,11.220,0.000,0.000,0.000,19.100
2015-06-03 00:00:00,11.060,0.000,0.000,0.000,19.000
2015-06-03 01:00:00,10.600,0.000,0.000,0.000,18.800
2015-06-03 02:00:00,9.710,0.000,0.000,0.000,18.200
2015-06-03 03:00:00,8.720,0.000,0.000,0.000,17.300
2015-06-03 04:00:00,8.190,8.000,14.600,7.000,16.800
2015-06-03 05:00:00,7.600,46.000,81.700,31.000,16.600
2015-06-03 06:00:00,7.790,97.000,115.200,59.000,16.600
2015-06-03 07:00:00,8.220,142.000,135.000,78.000,16.700
2015-06-03 08:00:00,9.100,199.000,123.700,124.000,16.800
2015-06-03 09:00:00,9.440,241.000,118.400,156.000,16.900
2015-06-03 10:00:00,8.430,386.000,186.000,237.000,17.100
2015-06-03 11:00:00,9.310,292.000,70.600,232.000,17.300
2015-06-03 12:00:00,9.900,342.000,104.400,252.000,17.600
2015-06-03 13:00:00,9.820,390.000,156.800,259.000,17.800
2015-06-03 14:00:00,8.880,387.000,195.500,236.000,18.000
2015-06-03 15:00:00,8.470,294.000,128.400,207.000,18.100
2015-06-03 16:00:00,7.670,263.000,149.100,180.000,17.900
2015-06-03 17:00:00,6.710,247.000,312.900,116.000,17.900
2015-06-03 18:00:00,5.830,139.000,264.200,67.000,17.100
2015-06-03 19:00:00,5.160,53.000,124.500,37.000,16.000
2015-06-03 20:00:00,4.530,5.000,19.100,4.000,14.200
2015-06-03 21:00:00,4.360,0.000,0.000,0.000,12.600
2015-06-03 22:00:00,3.890,0.000,0.000,0.000,10.600
2015-06-03 23:00:00,3.490,0.000,0.000,0.000,9.100
2015-06-04 00:00:00,3.270,0.000,0.000,0.000,8.000
2015-06-04 01:00:00,2.910,0.000,0.000,0.000,7.100
2015-06-04 02:00:00,2.420,0.000,0.000,0.000,6.200
2015-06-04 03:00:00,2.300,0.000,0.000,0.000,5.700
2015-06-04 04:00:00,2.120,21.000,116.100,13.000,5.800
2015-06-04 05:00:00,2.000,117.000,357.000,51.000,8.800
2015-06-04 06:00:00,1.420,250.000,504.600,83.000,11.900
2015-06-04 07:00:00,1.080,382.000,587.200,103.000,13.800
2015-06-04 08:00:00,0.640,490.000,597.600,127.000,15.200
2015-06-04 09:00:00,0.540,624.000,666.200,145.000,16.300
2015-06-04 10:00:00,0.980,753.000,755.400,147.000,17.700
2015-06-04 11:00:00,0.720,729.000,629.600,193.000,18.700
2015-06-04 12:00:00,0.570,680.000,465.800,278.000,19.400
2015-06-04 13:00:00,0.940,660.000,378.900,343.000,20.000
2015-06-04 14:00:00,1.300,566.000,376.100,275.000,20.500
2015-06-04 15:00:00,1.580,565.000,556.800,187.000,20.900
2015-06-04 16:00:00,2.020,466.000,558.800,154.000,21.100
2015-06-04 17:00:00,2.510,348.000,613.700,90.000,20.900
2015-06-04 18:00:00,3.420,199.000,477.200,68.000,20.200
2015-06-04 19:00:00,5.120,74.000,283.400,37.000,18.600
2015-06-04 20:00:00,6.200,6.000,19.100,5.000,16.500
2015-06-04 21:00:00,6.660,0.000,0.000,0.000,15.300
2015-06-04 22:00:00,7.310,0.000,0.000,0.000,13.900
2015-06-04 23:00:00,7.370,0.000,0.000,0.000,13.200
2015-06-05 00:00:00,7.430,0.000,0.000,0.000,12.500
2015-06-05 01:00:00,7.150,0.000,0.000,0.000,12.000
2015-06-05 02:00:00,7.280,0.000,0.000,0.000,11.600
2015-06-05 03:00:00,7.540,0.000,0.000,0.000,11.500
2015-06-05 04:00:00,7.600,22.000,129.600,13.000,11.800
2015-06-05 05:00:00,7.220,118.000,360.100,51.000,13.600
2015-06-05 06:00:00,6.140,255.000,533.100,78.000,15.800
2015-06-05 07:00:00,5.020,388.000,579.800,112.000,18.200
2015-06-05 08:00:00,4.890,551.000,718.300,114.000,20.400
2015-06-05 09:00:00,5.230,684.000,783.500,120.000,22.500
2015-06-05 10:00:00,4.950,779.000,808.200,130.000,24.500
2015-06-05 11:00:00,4.520,836.000,826.100,132.000,26.300
2015-06-05 12:00:00,4.030,849.000,828.700,133.000,27.800
2015-06-05 13:00:00,3.990,817.000,818.900,131.000,29.000
2015-06-05 14:00:00,3.930,743.000,797.400,125.000,29.900
2015-06-05 15:00:00,4.160,633.000,760.000,116.000,30.400
2015-06-05 16:00:00,4.380,495.000,700.100,103.000,30.600
2015-06-05 17:00:00,4.250,340.000,596.900,88.000,30.300
2015-06-05 18:00:00,5.740,196.000,466.700,67.000,29.200
2015-06-05 19:00:00,7.360,64.000,105.600,50.000,26.900
2015-06-05 20:00:00,8.130,5.000,0.000,5.000,24.900
2015-06-05 21:00:00,8.160,0.000,0.000,0.000,23.900
2015-06-05 22:00:00,7.870,0.000,0.000,0.000,23.100
2015-06-05 23:00:00,7.240,0.000,0.000,0.000,22.300
2015-06-06 00:00:00,7.350,0.000,0.000,0.000,21.600
2015-06-06 01:00:00,7.780,0.000,0.000,0.000,21.200
2015-06-06 02:00:00,6.850,0.000,0.000,0.000,20.700
2015-06-06 03:00:00,6.550,0.000,0.000,0.000,19.900
2015-06-06 04:00:00,6.300,22.000,100.000,15.000,19.700
2015-06-06 05:00:00,6.110,107.000,277.800,55.000,20.100
2015-06-06 06:00:00,5.730,219.000,354.400,101.000,20.100
2015-06-06 07:00:00,6.120,202.000,65.000,171.000,20.900
2015-06-06 08:00:00,6.900,274.000,114.900,204.000,21.900
2015-06-06 09:00:00,6.400,394.000,227.600,230.000,22.100
2015-06-06 10:00:00,5.020,429.000,238.900,237.000,23.200
2015-06-06 11:00:00,6.210,448.000,233.300,249.000,23.200
2015-06-06 12:00:00,6.100,518.000,291.300,266.000,23.300
2015-06-06 13:00:00,6.230,568.000,388.600,242.000,23.400
2015-06-06 14:00:00,5.970,536.000,481.800,162.000,23.300
2015-06-06 15:00:00,5.700,531.000,560.400,149.000,23.400
2015-06-06 16:00:00,5.550,438.000,516.500,148.000,23.100
2015-06-06 17:00:00,5.270,318.000,526.100,95.000,22.400
2015-06-06 18:00:00,4.980,187.000,417.000,71.000,21.400
2015-06-06 19:00:00,5.310,64.000,208.300,36.000,19.800
2015-06-06 20:00:00,5.880,6.000,19.100,5.000,17.700
2015-06-06 21:00:00,5.980,0.000,0.000,0.000,16.100
2015-06-06 22:00:00,5.920,0.000,0.000,0.000,14.400
2015-06-06 23:00:00,5.510,0.000,0.000,0.000,12.800
2015-06-07 00:00:00,4.030,0.000,0.000,0.000,11.000
2015-06-07 01:00:00,2.530,0.000,0.000,0.000,10.300
2015-06-07 02:00:00,1.250,0.000,0.000,0.000,10.600
2015-06-07 03:00:00,0.140,0.000,0.000,0.000,9.800
2015-06-07 04:00:00,1.250,24.000,142.000,14.000,8.600
2015-06-07 05:00:00,2.050,121.000,372.100,51.000,10.400
2015-06-07 06:00:00,1.800,264.000,557.100,78.000,13.000
2015-06-07 07:00:00,2.120,412.000,634.300,109.000,14.900
2015-06-07 08:00:00,2.090,563.000,723.100,122.000,16.500
2015-06-07 09:00:00,2.440,695.000,773.600,137.000,17.800
2015-06-07 10:00:00,2.470,786.000,781.800,157.000,18.900
2015-06-07 11:00:00,2.820,855.000,842.000,136.000,19.700
2015-06-07 12:00:00,2.640,853.000,801.500,159.000,20.400
2015-06-07 13:00:00,2.690,818.000,797.800,148.000,20.900
2015-06-07 14:00:00,3.090,704.000,676.600,178.000,21.200
2015-06-07 15:00:00,3.380,584.000,628.100,155.000,21.200
2015-06-07 16:00:00,3.700,422.000,474.300,155.000,20.900
2015-06-07 17:00:00,4.310,310.000,465.400,112.000,20.500
2015-06-07 18:00:00,4.860,183.000,382.300,76.000,19.500
2015-06-07 19:00:00,5.870,74.000,242.400,41.000,17.800
2015-06-07 20:00:00,6.710,7.000,19.100,6.000,15.800
2015-06-07 21:00:00,7.200,0.000,0.000,0.000,14.100
2015-06-07 22:00:00,6.610,0.000,0.000,0.000,12.400
2015-06-07 23:00:00,5.610,0.000,0.000,0.000,11.100
2015-06-08 00:00:00,4.400,0.000,0.000,0.000,9.900
2015-06-08 01:00:00,4.010,0.000,0.000,0.000,8.900
2015-06-08 02:00:00,3.810,0.000,0.000,0.000,8.000
2015-06-08 03:00:00,3.320,0.000,0.000,0.000,7.200
2015-06-08 04:00:00,3.400,24.000,127.000,15.000,7.400
2015-06-08 05:00:00,3.610,115.000,333.300,52.000,9.000
2015-06-08 06:00:00,4.400,256.000,520.000,82.000,11.100
2015-06-08 07:00:00,4.520,380.000,541.400,121.000,12.500
2015-06-08 08:00:00,4.510,449.000,484.900,153.000,13.300
2015-06-08 09:00:00,4.600,571.000,488.900,218.000,14.300
2015-06-08 10:00:00,4.000,584.000,440.900,229.000,15.200
2015-06-08 11:00:00,3.800,589.000,409.500,239.000,16.000
2015-06-08 12:00:00,4.400,618.000,350.700,314.000,17.000
2015-06-08 13:00:00,4.910,554.000,321.100,284.000,17.400
2015-06-08 14:00:00,5.420,597.000,405.900,281.000,18.000
2015-06-08 15:00:00,5.610,514.000,429.700,220.000,18.000
2015-06-08 16:00:00,5.700,376.000,320.800,195.000,17.700
2015-06-08 17:00:00,6.210,272.000,351.400,122.000,17.000
2015-06-08 18:00:00,6.660,162.000,259.400,89.000,16.000
2015-06-08 19:00:00,7.160,72.000,188.700,46.000,14.600
2015-06-08 20:00:00,7.130,7.000,38.200,5.000,13.000
2015-06-08 21:00:00,6.910,0.000,0.000,0.000,11.600
2015-06-08 22:00:00,6.200,0.000,0.000,0.000,10.500
2015-06-08 23:00:00,5.810,0.000,0.000,0.000,9.700
2015-06-09 00:00:00,5.810,0.000,0.000,0.000,9.200
2015-06-09 01:00:00,5.810,0.000,0.000,0.000,8.700
2015-06-09 02:00:00,5.700,0.000,0.000,0.000,8.300
2015-06-09 03:00:00,5.300,0.000,0.000,0.000,8.200
2015-06-09 04:00:00,4.930,18.000,56.100,14.000,8.200
2015-06-09 05:00:00,4.140,87.000,105.400,67.000,9.100
2015-06-09 06:00:00,3.490,202.000,247.500,119.000,10.300
2015-06-09 07:00:00,2.790,302.000,275.600,170.000,11.600
2015-06-09 08:00:00,2.530,454.000,410.800,203.000,13.000
2015-06-09 09:00:00,2.840,493.000,330.800,254.000,14.000
2015-06-09 10:00:00,2.280,447.000,160.100,318.000,14.700
2015-06-09 11:00:00,2.280,448.000,140.300,328.000,15.500
2015-06-09 12:00:00,2.510,482.000,147.600,354.000,16.200
2015-06-09 13:00:00,2.390,389.000,90.300,313.000,16.600
2015-06-09 14:00:00,2.390,346.000,94.900,272.000,16.900
2015-06-09 15:00:00,2.870,311.000,122.600,227.000,17.200
2015-06-09 16:00:00,3.450,191.000,67.200,153.000,17.000
2015-06-09 17:00:00,3.720,150.000,77.000,117.000,16.900
2015-06-09 18:00:00,3.760,94.000,99.000,66.000,16.400
2015-06-09 19:00:00,3.890,58.000,143.500,38.000,15.200
2015-06-09 20:00:00,4.530,5.000,19.100,4.000,13.800
2015-06-09 21:00:00,4.940,0.000,0.000,0.000,12.700
2015-06-09 22:00:00,5.400,0.000,0.000,0.000,11.600
2015-06-09 23:00:00,5.020,0.000,0.000,0.000,10.800
2015-06-10 00:00:00,5.240,0.000,0.000,0.000,10.400
2015-06-10 01:00:00,5.480,0.000,0.000,0.000,9.700
2015-06-10 02:00:00,5.050,0.000,0.000,0.000,9.300
2015-06-10 03:00:00,4.940,0.000,0.000,0.000,9.300
2015-06-10 04:00:00,4.850,18.000,83.800,12.000,9.400
2015-06-10 05:00:00,4.520,91.000,210.000,51.000,10.900
2015-06-10 06:00:00,3.420,174.000,259.000,87.000,12.900
2015-06-10 07:00:00,3.080,356.000,515.200,109.000,15.000
2015-06-10 08:00:00,3.220,475.000,565.800,129.000,16.700
2015-06-10 09:00:00,3.090,593.000,553.300,193.000,17.900
2015-06-10 10:00:00,2.800,749.000,716.800,171.000,19.100
2015-06-10 11:00:00,2.000,707.000,566.700,222.000,19.600
2015-06-10 12:00:00,1.750,529.000,271.800,293.000,20.100
2015-06-10 13:00:00,1.920,503.000,225.500,313.000,20.600
2015-06-10 14:00:00,1.720,475.000,366.400,189.000,20.900
2015-06-10 15:00:00,1.780,511.000,421.000,222.000,21.500
2015-06-10 16:00:00,1.980,454.000,575.200,128.000,21.600
2015-06-10 17:00:00,2.300,321.000,519.000,98.000,21.500
2015-06-10 18:00:00,2.660,208.000,471.200,74.000,20.800
2015-06-10 19:00:00,3.110,69.000,191.600,42.000,18.500
2015-06-10 20:00:00,3.940,7.000,38.200,5.000,16.800
2015-06-10 21:00:00,5.100,0.000,0.000,0.000,13.900
2015-06-10 22:00:00,5.990,0.000,0.000,0.000,13.500
2015-06-10 23:00:00,5.950,0.000,0.000,0.000,13.000
2015-06-11 00:00:00,5.910,0.000,0.000,0.000,12.400
2015-06-11 01:00:00,5.660,0.000,0.000,0.000,11.700
2015-06-11 02:00:00,5.440,0.000,0.000,0.000,11.200
2015-06-11 03:00:00,5.070,0.000,0.000,0.000,10.600
2015-06-11 04:00:00,4.830,22.000,97.500,15.000,10.400
2015-06-11 05:00:00,4.300,105.000,272.200,53.000,12.100
2015-06-11 06:00:00,2.890,215.000,344.900,99.000,14.400
2015-06-11 07:00:00,2.430,404.000,612.700,110.000,16.700
2015-06-11 08:00:00,2.300,568.000,740.300,115.000,18.600
2015-06-11 09:00:00,2.350,703.000,804.600,121.000,19.900
2015-06-11 10:00:00,1.490,783.000,789.600,146.000,20.800
2015-06-11 11:00:00,1.650,836.000,799.900,151.000,21.600
2015-06-11 12:00:00,1.810,756.000,634.200,205.000,22.100
2015-06-11 13:00:00,1.810,630.000,468.400,235.000,22.700
2015-06-11 14:00:00,1.840,528.000,359.600,247.000,23.000
2015-06-11 15:00:00,2.020,432.000,324.400,209.000,23.000
2015-06-11 16:00:00,2.330,323.000,250.000,181.000,22.800
2015-06-11 17:00:00,2.410,236.000,276.100,117.000,22.400
2015-06-11 18:00:00,2.640,141.000,203.000,83.000,21.700
2015-06-11 19:00:00,2.680,76.000,245.900,41.000,20.000
2015-06-11 20:00:00,2.280,8.000,38.200,6.000,18.200
2015-06-11 21:00:00,2.250,0.000,0.000,0.000,16.800
2015-06-11 22:00:00,2.150,0.000,0.000,0.000,15.500
2015-06-11 23:00:00,3.300,0.000,0.000,0.000,14.600
2015-06-12 00:00:00,3.310,0.000,0.000,0.000,14.200
2015-06-12 01:00:00,3.790,0.000,0.000,0.000,13.700
2015-06-12 02:00:00,4.740,0.000,0.000,0.000,13.400
2015-06-12 03:00:00,4.930,0.000,0.000,0.000,13.200
2015-06-12 04:00:00,5.040,20.000,69.400,15.000,13.000
2015-06-12 05:00:00,4.900,102.000,229.800,58.000,14.300
2015-06-12 06:00:00,3.700,229.000,415.800,89.000,16.800
2015-06-12 07:00:00,3.480,378.000,579.000,100.000,19.400
2015-06-12 08:00:00,3.580,532.000,642.000,139.000,21.300
2015-06-12 09:00:00,3.580,662.000,737.900,128.000,22.500
2015-06-12 10:00:00,3.350,737.000,678.900,189.000,23.900
2015-06-12 11:00:00,3.240,771.000,711.900,161.000,24.800
2015-06-12 12:00:00,3.110,603.000,376.100,276.000,25.000
2015-06-12 13:00:00,2.700,488.000,186.000,331.000,25.800
2015-06-12 14:00:00,2.420,425.000,237.800,239.000,26.200
2015-06-12 15:00:00,2.480,514.000,460.400,197.000,26.900
2015-06-12 16:00:00,2.750,438.000,488.500,160.000,26.900
2015-06-12 17:00:00,2.800,352.000,599.300,93.000,26.600
2015-06-12 18:00:00,3.300,209.000,487.700,69.000,25.700
2015-06-12 19:00:00,4.180,83.000,299.300,40.000,23.900
2015-06-12 20:00:00,5.040,9.000,38.200,7.000,21.400
2015-06-12 21:00:00,5.450,0.000,0.000,0.000,19.300
2015-06-12 22:00:00,5.730,0.000,0.000,0.000,18.000
2015-06-12 23:00:00,5.800,0.000,0.000,0.000,16.900
2015-06-13 00:00:00,5.670,0.000,0.000,0.000,16.400
2015-06-13 01:00:00,5.490,0.000,0.000,0.000,16.200
2015-06-13 02:00:00,5.010,0.000,0.000,0.000,16.100
2015-06-13 03:00:00,4.520,0.000,0.000,0.000,15.900
2015-06-13 04:00:00,4.300,24.000,110.800,16.000,16.400
2015-06-13 05:00:00,4.040,106.000,234.600,61.000,17.600
2015-06-13 06:00:00,3.270,224.000,385.800,94.000,19.700
2015-06-13 07:00:00,1.530,292.000,360.100,119.000,21.600
2015-06-13 08:00:00,1.300,425.000,370.700,198.000,23.600
2015-06-13 09:00:00,1.970,536.000,473.800,193.000,24.900
2015-06-13 10:00:00,1.790,517.000,330.700,250.000,25.000
2015-06-13 11:00:00,2.400,612.000,346.500,315.000,25.900
2015-06-13 12:00:00,3.610,594.000,274.700,355.000,24.200
2015-06-13 13:00:00,6.460,389.000,67.500,332.000,24.000
2015-06-13 14:00:00,8.170,391.000,217.100,221.000,23.500
2015-06-13 15:00:00,8.120,240.000,87.000,180.000,22.400
2015-06-13 16:00:00,8.310,81.000,7.000,77.000,21.500
2015-06-13 17:00:00,7.510,123.000,64.600,95.000,21.500
2015-06-13 18:00:00,6.510,63.000,38.200,52.000,21.000
2015-06-13 19:00:00,5.710,68.000,207.000,38.000,20.200
2015-06-13 20:00:00,4.700,9.000,19.100,8.000,18.300
2015-06-13 21:00:00,4.350,0.000,0.000,0.000,16.200
2015-06-13 22:00:00,6.480,0.000,0.000,0.000,15.500
2015-06-13 23:00:00,7.130,0.000,0.000,0.000,15.500
2015-06-14 00:00:00,6.940,0.000,0.000,0.000,15.000
2015-06-14 01:00:00,7.090,0.000,0.000,0.000,14.900
2015-06-14 02:00:00,7.300,0.000,0.000,0.000,14.600
2015-06-14 03:00:00,7.240,0.000,0.000,0.000,14.500
2015-06-14 04:00:00,7.280,16.000,69.100,11.000,14.600
2015-06-14 05:00:00,7.860,66.000,93.700,48.000,15.300
2015-06-14 06:00:00,7.320,133.000,127.600,90.000,15.800
2015-06-14 07:00:00,7.110,146.000,25.000,134.000,15.800
2015-06-14 08:00:00,6.380,146.000,1.600,145.000,15.600
2015-06-14 09:00:00,5.220,155.000,12.400,146.000,15.600
2015-06-14 10:00:00,4.200,236.000,33.400,209.000,16.200
2015-06-14 11:00:00,4.160,288.000,94.500,207.000,16.600
2015-06-14 12:00:00,3.740,356.000,77.000,289.000,17.100
2015-06-14 13:00:00,3.580,339.000,68.600,281.000,17.400
2015-06-14 14:00:00,3.580,355.000,126.300,256.000,18.000
2015-06-14 15:00:00,3.390,270.000,97.100,203.000,18.000
2015-06-14 16:00:00,3.560,210.000,99.800,153.000,18.000
2015-06-14 17:00:00,3.850,138.000,92.100,98.000,17.800
2015-06-14 18:00:00,4.030,64.000,41.500,52.000,17.400
2015-06-14 19:00:00,4.680,34.000,27.400,30.000,16.400
2015-06-14 20:00:00,5.120,5.000,0.000,5.000,15.100
2015-06-14 21:00:00,5.320,0.000,0.000,0.000,14.000
2015-06-14 22:00:00,5.800,0.000,0.000,0.000,13.300
2015-06-14 23:00:00,5.510,0.000,0.000,0.000,12.800
2015-06-15 00:00:00,4.800,0.000,0.000,0.000,12.400
2015-06-15 01:00:00,4.500,0.000,0.000,0.000,12.000
2015-06-15 02:00:00,4.600,0.000,0.000,0.000,11.500
2015-06-15 03:00:00,4.800,0.000,0.000,0.000,11.000
2015-06-15 04:00:00,5.200,7.000,0.000,7.000,10.700
2015-06-15 05:00:00,5.010,33.000,0.000,33.000,10.700
2015-06-15 06:00:00,4.810,93.000,47.500,77.000,11.000
2015-06-15 07:00:00,4.600,218.000,183.100,130.000,11.400
2015-06-15 08:00:00,4.230,289.000,271.000,123.000,12.400
2015-06-15 09:00:00,4.120,561.000,490.200,206.000,13.400
2015-06-15 10:00:00,3.920,807.000,818.200,146.000,15.500
2015-06-15 11:00:00,4.110,872.000,839.300,152.000,16.600
2015-06-15 12:00:00,4.000,884.000,845.200,148.000,17.400
2015-06-15 13:00:00,4.080,847.000,819.400,154.000,17.900
2015-06-15 14:00:00,4.640,734.000,726.600,164.000,18.300
2015-06-15 15:00:00,4.960,597.000,648.200,149.000,18.200
2015-06-15 16:00:00,5.300,439.000,510.400,147.000,17.800
2015-06-15 17:00:00,5.590,289.000,337.500,142.000,17.000
2015-06-15 18:00:00,5.690,164.000,271.900,85.000,15.900
2015-06-15 19:00:00,5.790,79.000,224.100,46.000,14.700
2015-06-15 20:00:00,5.820,10.000,38.200,8.000,12.800
2015-06-15 21:00:00,5.630,0.000,0.000,0.000,11.100
2015-06-15 22:00:00,5.480,0.000,0.000,0.000,10.100
2015-06-15 23:00:00,4.780,0.000,0.000,0.000,8.900
2015-06-16 00:00:00,4.250,0.000,0.000,0.000,8.000
2015-06-16 01:00:00,3.890,0.000,0.000,0.000,7.500
2015-06-16 02:00:00,3.980,0.000,0.000,0.000,7.000
2015-06-16 03:00:00,3.260,0.000,0.000,0.000,6.900
2015-06-16 04:00:00,3.080,20.000,27.600,18.000,7.000
2015-06-16 05:00:00,2.550,90.000,135.300,64.000,8.600
2015-06-16 06:00:00,2.120,202.000,261.100,114.000,10.600
2015-06-16 07:00:00,3.550,293.000,212.300,191.000,11.900
2015-06-16 08:00:00,4.380,311.000,137.100,227.000,12.900
2015-06-16 09:00:00,4.580,260.000,41.400,230.000,13.400
2015-06-16 10:00:00,4.410,257.000,48.300,218.000,13.400
2015-06-16 11:00:00,4.140,129.000,5.800,124.000,13.300
2015-06-16 12:00:00,4.530,232.000,9.200,224.000,13.500
2015-06-16 13:00:00,4.810,214.000,7.100,208.000,13.800
2015-06-16 14:00:00,5.110,360.000,73.900,302.000,14.600
2015-06-16 15:00:00,5.120,452.000,396.000,178.000,15.700
2015-06-16 16:00:00,5.220,343.000,294.900,174.000,15.900
2015-06-16 17:00:00,5.610,241.000,236.000,138.000,15.800
2015-06-16 18:00:00,5.690,155.000,246.900,83.000,15.200
2015-06-16 19:00:00,5.610,41.000,60.700,32.000,14.100
2015-06-16 20:00:00,5.610,8.000,38.200,6.000,12.600
2015-06-16 21:00:00,5.750,0.000,0.000,0.000,10.700
2015-06-16 22:00:00,5.810,0.000,0.000,0.000,9.200
2015-06-16 23:00:00,4.970,0.000,0.000,0.000,8.100
2015-06-17 00:00:00,4.170,0.000,0.000,0.000,6.600
2015-06-17 01:00:00,3.300,0.000,0.000,0.000,5.200
2015-06-17 02:00:00,2.410,0.000,0.000,0.000,4.900
2015-06-17 03:00:00,1.900,0.000,0.000,0.000,4.600
2015-06-17 04:00:00,2.210,23.000,55.300,19.000,5.000
2015-06-17 05:00:00,3.080,104.000,187.400,68.000,7.700
2015-06-17 06:00:00,2.330,216.000,326.400,106.000,10.700
2015-06-17 07:00:00,2.380,417.000,647.500,106.000,12.700
2015-06-17 08:00:00,2.770,533.000,654.800,132.000,14.000
2015-06-17 09:00:00,3.160,662.000,702.900,153.000,15.200
2015-06-17 10:00:00,3.130,687.000,553.200,240.000,16.600
2015-06-17 11:00:00,3.710,748.000,583.800,247.000,17.900
2015-06-17 12:00:00,4.430,768.000,572.600,269.000,18.800
2015-06-17 13:00:00,4.800,704.000,433.400,337.000,19.600
2015-06-17 14:00:00,5.320,617.000,375.400,322.000,20.100
2015-06-17 15:00:00,5.830,536.000,376.800,275.000,20.400
2015-06-17 16:00:00,6.110,360.000,275.300,202.000,20.300
2015-06-17 17:00:00,6.090,173.000,75.400,140.000,19.900
2015-06-17 18:00:00,6.040,60.000,0.000,60.000,19.400
2015-06-17 19:00:00,5.780,12.000,0.000,12.000,18.500
2015-06-17 20:00:00,5.620,1.000,0.000,1.000,17.300
2015-06-17 21:00:00,5.740,0.000,0.000,0.000,16.400
2015-06-17 22:00:00,6.360,0.000,0.000,0.000,14.400
2015-06-17 23:00:00,6.260,0.000,0.000,0.000,14.000
2015-06-18 00:00:00,6.030,0.000,0.000,0.000,14.000
2015-06-18 01:00:00,5.430,0.000,0.000,0.000,14.000
2015-06-18 02:00:00,5.460,0.000,0.000,0.000,14.200
2015-06-18 03:00:00,5.410,0.000,0.000,0.000,14.200
2015-06-18 04:00:00,5.820,6.000,0.000,6.000,14.300
2015-06-18 05:00:00,5.520,52.000,41.700,44.000,14.400
2015-06-18 06:00:00,4.460,183.000,305.900,80.000,15.100
2015-06-18 07:00:00,4.440,277.000,281.200,142.000,16.200
2015-06-18 08:00:00,5.850,321.000,209.100,193.000,17.500
2015-06-18 09:00:00,6.650,354.000,205.800,205.000,18.200
2015-06-18 10:00:00,7.560,541.000,425.800,197.000,17.800
2015-06-18 11:00:00,7.780,629.000,495.200,204.000,18.400
2015-06-18 12:00:00,7.700,569.000,347.600,266.000,18.600
2015-06-18 13:00:00,8.100,416.000,186.500,258.000,18.000
2015-06-18 14:00:00,8.630,400.000,137.400,292.000,17.000
2015-06-18 15:00:00,8.410,297.000,161.500,185.000,16.400
2015-06-18 16:00:00,8.020,332.000,318.500,149.000,15.700
2015-06-18 17:00:00,7.030,281.000,410.800,101.000,15.000
2015-06-18 18:00:00,7.060,167.000,327.200,71.000,13.900
2015-06-18 19:00:00,6.740,17.000,0.000,17.000,13.000
2015-06-18 20:00:00,6.410,4.000,19.000,3.000,12.300
2015-06-18 21:00:00,6.220,0.000,0.000,0.000,12.000
2015-06-18 22:00:00,6.780,0.000,0.000,0.000,11.700
2015-06-18 23:00:00,6.430,0.000,0.000,0.000,11.400
2015-06-19 00:00:00,7.010,0.000,0.000,0.000,11.100
2015-06-19 01:00:00,7.280,0.000,0.000,0.000,10.800
2015-06-19 02:00:00,7.410,0.000,0.000,0.000,10.600
2015-06-19 03:00:00,7.940,0.000,0.000,0.000,10.300
2015-06-19 04:00:00,7.630,18.000,69.300,13.000,10.400
2015-06-19 05:00:00,7.890,85.000,198.300,47.000,10.600
2015-06-19 06:00:00,8.010,199.000,288.300,102.000,11.200
2015-06-19 07:00:00,7.320,275.000,316.800,123.000,11.900
2015-06-19 08:00:00,6.910,375.000,336.700,169.000,12.500
2015-06-19 09:00:00,6.940,541.000,497.400,181.000,13.000
2015-06-19 10:00:00,7.160,663.000,516.200,246.000,14.400
2015-06-19 11:00:00,7.550,667.000,462.500,270.000,14.700
2015-06-19 12:00:00,6.860,640.000,387.700,302.000,14.900
2015-06-19 13:00:00,6.970,558.000,346.900,264.000,14.700
2015-06-19 14:00:00,6.520,517.000,320.300,265.000,14.600
2015-06-19 15:00:00,7.210,394.000,260.800,213.000,14.200
2015-06-19 16:00:00,8.290,296.000,288.600,130.000,13.300
2015-06-19 17:00:00,6.300,218.000,236.900,114.000,12.600
2015-06-19 18:00:00,6.090,96.000,108.800,64.000,12.300
2015-06-19 19:00:00,6.550,49.000,66.300,39.000,12.100
2015-06-19 20:00:00,6.900,5.000,0.000,5.000,11.900
2015-06-19 21:00:00,6.830,0.000,0.000,0.000,11.600
2015-06-19 22:00:00,6.910,0.000,0.000,0.000,11.000
2015-06-19 23:00:00,6.820,0.000,0.000,0.000,11.000
2015-06-20 00:00:00,6.680,0.000,0.000,0.000,10.600
2015-06-20 01:00:00,7.060,0.000,0.000,0.000,10.300
2015-06-20 02:00:00,7.170,0.000,0.000,0.000,10.200
2015-06-20 03:00:00,7.240,0.000,0.000,0.000,10.200
2015-06-20 04:00:00,6.770,11.000,13.900,10.000,10.200
2015-06-20 05:00:00,7.130,44.000,5.200,43.000,10.200
2015-06-20 06:00:00,7.600,104.000,83.300,76.000,10.300
2015-06-20 07:00:00,7.460,108.000,41.700,88.000,10.700
2015-06-20 08:00:00,6.720,152.000,78.500,104.000,11.300
2015-06-20 09:00:00,6.260,347.000,188.000,211.000,11.900
2015-06-20 10:00:00,5.420,417.000,162.200,286.000,13.400
2015-06-20 11:00:00,5.950,638.000,425.200,273.000,14.400
2015-06-20 12:00:00,6.670,683.000,514.900,234.000,15.100
2015-06-20 13:00:00,7.370,650.000,454.200,265.000,15.500
2015-06-20 14:00:00,7.660,519.000,280.800,298.000,15.600
2015-06-20 15:00:00,7.980,496.000,420.500,204.000,15.700
2015-06-20 16:00:00,7.740,371.000,359.400,164.000,15.600
2015-06-20 17:00:00,7.550,264.000,395.800,90.000,15.000
2015-06-20 18:00:00,6.860,156.000,295.000,69.000,14.300
2015-06-20 19:00:00,5.780,62.000,138.600,41.000,13.700
2015-06-20 20:00:00,4.580,9.000,37.500,7.000,12.700
2015-06-20 21:00:00,4.050,0.000,0.000,0.000,12.100
2015-06-20 22:00:00,3.480,0.000,0.000,0.000,11.000
2015-06-20 23:00:00,2.910,0.000,0.000,0.000,10.300
2015-06-21 00:00:00,2.960,0.000,0.000,0.000,9.900
2015-06-21 01:00:00,3.040,0.000,0.000,0.000,9.400
2015-06-21 02:00:00,2.810,0.000,0.000,0.000,9.300
2015-06-21 03:00:00,2.100,0.000,0.000,0.000,9.200
2015-06-21 04:00:00,1.820,17.000,27.900,15.000,9.500
2015-06-21 05:00:00,1.500,73.000,62.900,61.000,10.600
2015-06-21 06:00:00,1.580,172.000,193.700,107.000,12.100
2015-06-21 07:00:00,2.660,255.000,202.500,158.000,13.300
2015-06-21 08:00:00,3.490,397.000,346.900,185.000,14.200
2015-06-21 09:00:00,3.720,375.000,193.600,235.000,15.100
2015-06-21 10:00:00,4.570,342.000,177.100,199.000,15.700
2015-06-21 11:00:00,4.030,388.000,111.900,292.000,16.300
2015-06-21 12:00:00,3.090,438.000,108.900,343.000,17.100
2015-06-21 13:00:00,3.610,349.000,88.500,274.000,17.400
2015-06-21 14:00:00,4.060,220.000,12.700,210.000,17.600
2015-06-21 15:00:00,4.000,183.000,13.000,174.000,17.700
2015-06-21 16:00:00,3.420,199.000,52.000,169.000,17.400
2015-06-21 17:00:00,2.770,102.000,13.600,96.000,16.400
2015-06-21 18:00:00,4.000,132.000,138.800,91.000,16.100
2015-06-21 19:00:00,5.120,41.000,72.300,30.000,15.600
2015-06-21 20:00:00,5.480,6.000,0.000,6.000,15.200
2015-06-21 21:00:00,6.010,0.000,0.000,0.000,14.500
2015-06-21 22:00:00,6.530,0.000,0.000,0.000,13.900
2015-06-21 23:00:00,6.890,0.000,0.000,0.000,13.600
2015-06-22 00:00:00,7.010,0.000,0.000,0.000,13.300
2015-06-22 01:00:00,6.830,0.000,0.000,0.000,12.700
2015-06-22 02:00:00,6.490,0.000,0.000,0.000,12.200
2015-06-22 03:00:00,6.740,0.000,0.000,0.000,11.900
2015-06-22 04:00:00,5.960,15.000,14.000,14.000,11.600
2015-06-22 05:00:00,5.350,60.000,21.000,56.000,11.900
2015-06-22 06:00:00,3.940,128.000,35.800,116.000,12.600
2015-06-22 07:00:00,4.240,238.000,175.600,154.000,13.100
2015-06-22 08:00:00,3.640,219.000,65.500,179.000,13.200
2015-06-22 09:00:00,3.770,176.000,24.900,158.000,13.400
2015-06-22 10:00:00,3.010,148.000,24.800,128.000,13.700
2015-06-22 11:00:00,3.910,149.000,14.000,137.000,12.800
2015-06-22 12:00:00,3.280,187.000,39.000,153.000,13.200
2015-06-22 13:00:00,4.220,350.000,117.900,250.000,14.300
2015-06-22 14:00:00,4.830,493.000,255.200,292.000,15.400
2015-06-22 15:00:00,5.440,186.000,5.800,182.000,13.400
2015-06-22 16:00:00,5.880,62.000,0.000,62.000,12.100
2015-06-22 17:00:00,4.910,72.000,11.300,67.000,11.800
2015-06-22 18:00:00,3.510,98.000,57.400,81.000,12.100
2015-06-22 19:00:00,3.690,50.000,65.500,40.000,11.600
2015-06-22 20:00:00,3.570,6.000,0.000,6.000,11.100
2015-06-22 21:00:00,3.140,0.000,0.000,0.000,10.800
2015-06-22 22:00:00,4.200,0.000,0.000,0.000,10.500
2015-06-22 23:00:00,4.030,0.000,0.000,0.000,10.600
2015-06-23 00:00:00,5.010,0.000,0.000,0.000,10.400
2015-06-23 01:00:00,5.910,0.000,0.000,0.000,10.100
2015-06-23 02:00:00,6.150,0.000,0.000,0.000,9.800
2015-06-23 03:00:00,5.910,0.000,0.000,0.000,9.700
2015-06-23 04:00:00,6.350,9.000,14.000,8.000,9.600
2015-06-23 05:00:00,7.120,46.000,31.600,40.000,9.700
2015-06-23 06:00:00,6.700,65.000,0.000,65.000,9.900
2015-06-23 07:00:00,6.010,243.000,127.700,182.000,10.300
2015-06-23 08:00:00,5.920,283.000,100.000,222.000,10.900
2015-06-23 09:00:00,5.830,334.000,99.700,262.000,11.800
2015-06-23 10:00:00,5.010,479.000,213.200,307.000,12.800
2015-06-23 11:00:00,5.350,534.000,258.800,312.000,13.500
2015-06-23 12:00:00,5.330,685.000,414.000,324.000,14.300
2015-06-23 13:00:00,5.800,659.000,442.200,284.000,14.900
2015-06-23 14:00:00,5.830,621.000,511.500,218.000,15.400
2015-06-23 15:00:00,6.240,487.000,389.600,216.000,14.300
2015-06-23 16:00:00,6.610,350.000,320.500,165.000,14.500
2015-06-23 17:00:00,6.130,215.000,172.300,139.000,14.600
2015-06-23 18:00:00,6.310,122.000,121.500,86.000,14.600
2015-06-23 19:00:00,7.310,56.000,117.700,38.000,14.000
2015-06-23 20:00:00,7.650,8.000,37.000,6.000,13.300
2015-06-23 21:00:00,7.980,0.000,0.000,0.000,13.000
2015-06-23 22:00:00,8.500,0.000,0.000,0.000,12.500
2015-06-23 23:00:00,8.940,0.000,0.000,0.000,12.300
2015-06-24 00:00:00,8.600,0.000,0.000,0.000,12.000
2015-06-24 01:00:00,8.400,0.000,0.000,0.000,11.600
2015-06-24 02:00:00,8.530,0.000,0.000,0.000,11.300
2015-06-24 03:00:00,8.220,0.000,0.000,0.000,11.100
2015-06-24 04:00:00,7.750,8.000,0.000,8.000,11.000
2015-06-24 05:00:00,7.400,35.000,0.000,35.000,10.900
2015-06-24 06:00:00,8.810,91.000,24.000,83.000,11.200
2015-06-24 07:00:00,9.080,152.000,39.800,133.000,11.500
2015-06-24 08:00:00,8.900,187.000,54.100,154.000,12.000
2015-06-24 09:00:00,8.810,297.000,60.900,253.000,12.500
2015-06-24 10:00:00,7.000,226.000,14.900,214.000,13.200
2015-06-24 11:00:00,7.400,316.000,83.900,244.000,14.000
2015-06-24 12:00:00,7.010,271.000,26.400,248.000,14.700
2015-06-24 13:00:00,6.970,290.000,22.400,271.000,15.200
2015-06-24 14:00:00,6.960,251.000,27.900,229.000,16.000
2015-06-24 15:00:00,6.740,264.000,50.300,229.000,16.500
2015-06-24 16:00:00,6.410,203.000,43.300,178.000,16.800
2015-06-24 17:00:00,6.240,160.000,101.900,115.000,16.900
2015-06-24 18:00:00,6.030,120.000,124.700,83.000,16.500
2015-06-24 19:00:00,6.220,84.000,267.500,43.000,15.500
2015-06-24 20:00:00,6.860,9.000,36.900,7.000,14.200
2015-06-24 21:00:00,7.430,0.000,0.000,0.000,13.800
2015-06-24 22:00:00,8.030,0.000,0.000,0.000,13.400
2015-06-24 23:00:00,7.490,0.000,0.000,0.000,13.100
2015-06-25 00:00:00,7.170,0.000,0.000,0.000,13.000
2015-06-25 01:00:00,6.840,0.000,0.000,0.000,12.600
2015-06-25 02:00:00,6.260,0.000,0.000,0.000,12.000
2015-06-25 03:00:00,5.960,0.000,0.000,0.000,11.800
2015-06-25 04:00:00,5.320,19.000,14.200,18.000,11.800
2015-06-25 05:00:00,4.520,78.000,58.400,67.000,12.700
2015-06-25 06:00:00,3.450,198.000,237.300,119.000,14.400
2015-06-25 07:00:00,3.310,355.000,482.700,125.000,16.400
2015-06-25 08:00:00,3.830,535.000,673.300,125.000,18.300
2015-06-25 09:00:00,4.700,546.000,488.000,194.000,19.400
2015-06-25 10:00:00,3.140,619.000,544.600,180.000,20.200
2015-06-25 11:00:00,3.760,504.000,387.200,172.000,20.900
2015-06-25 12:00:00,3.990,482.000,312.000,210.000,21.500
2015-06-25 13:00:00,3.920,539.000,446.900,160.000,21.900
2015-06-25 14:00:00,3.620,440.000,343.800,169.000,22.200
2015-06-25 15:00:00,3.830,462.000,475.600,131.000,22.500
2015-06-25 16:00:00,4.180,320.000,276.900,160.000,22.900
2015-06-25 17:00:00,3.400,206.000,174.300,129.000,22.700
2015-06-25 18:00:00,2.550,119.000,144.800,76.000,22.000
2015-06-25 19:00:00,2.060,79.000,221.600,45.000,20.500
2015-06-25 20:00:00,1.820,10.000,36.900,8.000,18.200
2015-06-25 21:00:00,1.500,0.000,0.000,0.000,16.900
2015-06-25 22:00:00,2.040,0.000,0.000,0.000,16.100
2015-06-25 23:00:00,1.630,0.000,0.000,0.000,15.600
2015-06-26 00:00:00,1.300,0.000,0.000,0.000,15.200
2015-06-26 01:00:00,1.390,0.000,0.000,0.000,15.200
2015-06-26 02:00:00,1.640,0.000,0.000,0.000,14.900
2015-06-26 03:00:00,1.980,0.000,0.000,0.000,14.700
2015-06-26 04:00:00,2.920,8.000,0.000,8.000,14.900
2015-06-26 05:00:00,3.610,28.000,0.000,28.000,15.300
2015-06-26 06:00:00,3.580,70.000,3.000,69.000,16.700
2015-06-26 07:00:00,3.010,171.000,31.500,156.000,18.300
2015-06-26 08:00:00,3.210,334.000,182.500,223.000,19.800
2015-06-26 09:00:00,3.770,380.000,165.100,261.000,20.700
2015-06-26 10:00:00,2.650,394.000,149.000,274.000,21.100
2015-06-26 11:00:00,3.310,253.000,36.200,222.000,20.900
2015-06-26 12:00:00,2.200,463.000,154.900,328.000,21.400
2015-06-26 13:00:00,1.510,448.000,116.700,349.000,22.000
2015-06-26 14:00:00,2.520,520.000,298.200,285.000,22.700
2015-06-26 15:00:00,3.570,294.000,125.000,207.000,22.800
2015-06-26 16:00:00,2.420,374.000,335.700,180.000,23.100
2015-06-26 17:00:00,1.100,265.000,292.000,136.000,22.900
2015-06-26 18:00:00,1.020,151.000,232.300,82.000,22.400
2015-06-26 19:00:00,2.920,41.000,13.000,39.000,21.300
2015-06-26 20:00:00,3.340,6.000,0.000,6.000,20.000
2015-06-26 21:00:00,3.520,0.000,0.000,0.000,19.200
2015-06-26 22:00:00,4.900,0.000,0.000,0.000,18.300
2015-06-26 23:00:00,4.340,0.000,0.000,0.000,18.100
2015-06-27 00:00:00,4.920,0.000,0.000,0.000,17.800
2015-06-27 01:00:00,5.660,0.000,0.000,0.000,17.800
2015-06-27 02:00:00,7.290,0.000,0.000,0.000,17.700
2015-06-27 03:00:00,7.800,0.000,0.000,0.000,17.100
2015-06-27 04:00:00,7.210,6.000,0.000,6.000,16.600
2015-06-27 05:00:00,7.440,28.000,0.000,28.000,16.300
2015-06-27 06:00:00,7.700,57.000,6.000,55.000,16.700
2015-06-27 07:00:00,8.010,125.000,19.000,116.000,17.300
2015-06-27 08:00:00,7.000,249.000,80.700,200.000,18.000
2015-06-27 09:00:00,6.650,373.000,184.700,240.000,19.100
2015-06-27 10:00:00,5.660,374.000,75.800,313.000,19.800
2015-06-27 11:00:00,5.410,373.000,116.700,273.000,20.900
2015-06-27 12:00:00,6.510,463.000,140.000,341.000,21.500
2015-06-27 13:00:00,7.910,502.000,290.200,256.000,20.100
2015-06-27 14:00:00,6.290,338.000,97.700,261.000,20.200
2015-06-27 15:00:00,7.510,254.000,81.900,197.000,20.000
2015-06-27 16:00:00,9.110,313.000,257.800,164.000,19.400
2015-06-27 17:00:00,9.300,230.000,316.800,90.000,19.200
2015-06-27 18:00:00,9.140,156.000,276.000,74.000,18.700
2015-06-27 19:00:00,8.230,69.000,182.500,41.000,17.600
2015-06-27 20:00:00,7.400,11.000,55.300,8.000,16.200
2015-06-27 21:00:00,7.180,0.000,0.000,0.000,15.100
2015-06-27 22:00:00,6.720,0.000,0.000,0.000,14.200
2015-06-27 23:00:00,6.330,0.000,0.000,0.000,13.400
2015-06-28 00:00:00,6.180,0.000,0.000,0.000,12.700
2015-06-28 01:00:00,5.730,0.000,0.000,0.000,11.800
2015-06-28 02:00:00,5.190,0.000,0.000,0.000,11.100
2015-06-28 03:00:00,4.740,0.000,0.000,0.000,10.500
2015-06-28 04:00:00,4.490,23.000,115.500,15.000,10.500
2015-06-28 05:00:00,5.220,113.000,334.300,51.000,12.100
2015-06-28 06:00:00,4.300,244.000,493.600,81.000,13.900
2015-06-28 07:00:00,2.950,309.000,352.400,142.000,15.300
2015-06-28 08:00:00,2.220,469.000,524.200,151.000,16.600
2015-06-28 09:00:00,2.300,620.000,657.500,147.000,18.000
2015-06-28 10:00:00,2.060,772.000,793.000,134.000,19.000
2015-06-28 11:00:00,2.620,847.000,829.300,137.000,20.100
2015-06-28 12:00:00,2.400,804.000,710.800,185.000,21.000
2015-06-28 13:00:00,2.410,724.000,604.100,212.000,21.600
2015-06-28 14:00:00,2.810,643.000,437.900,298.000,22.100
2015-06-28 15:00:00,3.310,388.000,149.400,284.000,22.000
2015-06-28 16:00:00,2.940,320.000,131.500,244.000,21.700
2015-06-28 17:00:00,2.770,240.000,138.100,179.000,21.100
2015-06-28 18:00:00,3.180,124.000,43.800,111.000,20.000
2015-06-28 19:00:00,3.200,20.000,0.000,20.000,18.700
2015-06-28 20:00:00,2.920,4.000,0.000,4.000,17.500
2015-06-28 21:00:00,2.050,0.000,0.000,0.000,16.500
2015-06-28 22:00:00,1.560,0.000,0.000,0.000,16.200
2015-06-28 23:00:00,3.810,0.000,0.000,0.000,15.900
2015-06-29 00:00:00,4.750,0.000,0.000,0.000,15.700
2015-06-29 01:00:00,5.160,0.000,0.000,0.000,15.700
2015-06-29 02:00:00,5.350,0.000,0.000,0.000,15.600
2015-06-29 03:00:00,5.320,0.000,0.000,0.000,15.200
2015-06-29 04:00:00,5.150,14.000,72.700,9.000,15.300
2015-06-29 05:00:00,4.800,45.000,75.900,31.000,16.200
2015-06-29 06:00:00,3.970,128.000,164.000,74.000,17.900
2015-06-29 07:00:00,2.830,296.000,403.900,105.000,19.500
2015-06-29 08:00:00,2.640,323.000,277.400,155.000,21.200
2015-06-29 09:00:00,2.690,468.000,388.300,189.000,22.300
2015-06-29 10:00:00,2.650,646.000,567.300,190.000,23.300
2015-06-29 11:00:00,3.260,620.000,508.400,185.000,23.900
2015-06-29 12:00:00,4.270,602.000,465.300,197.000,24.500
2015-06-29 13:00:00,5.030,626.000,485.100,215.000,25.200
2015-06-29 14:00:00,5.050,622.000,559.900,181.000,25.600
2015-06-29 15:00:00,5.050,553.000,536.100,180.000,25.800
2015-06-29 16:00:00,5.030,461.000,571.200,131.000,25.600
2015-06-29 17:00:00,5.040,289.000,378.100,122.000,24.700
2015-06-29 18:00:00,5.150,167.000,259.500,90.000,23.500
2015-06-29 19:00:00,5.630,55.000,78.500,43.000,22.000
2015-06-29 20:00:00,5.360,8.000,0.000,8.000,20.200
2015-06-29 21:00:00,5.060,0.000,0.000,0.000,18.700
2015-06-29 22:00:00,5.090,0.000,0.000,0.000,17.500
2015-06-29 23:00:00,4.330,0.000,0.000,0.000,16.800
2015-06-30 00:00:00,3.130,0.000,0.000,0.000,16.100
2015-06-30 01:00:00,3.270,0.000,0.000,0.000,14.900
2015-06-30 02:00:00,3.580,0.000,0.000,0.000,14.400
2015-06-30 03:00:00,3.530,0.000,0.000,0.000,13.500
2015-06-30 04:00:00,3.730,20.000,88.000,14.000,13.100
2015-06-30 05:00:00,3.400,111.000,332.900,50.000,14.400
2015-06-30 06:00:00,2.240,238.000,502.900,73.000,16.400
2015-06-30 07:00:00,1.820,399.000,648.500,93.000,18.200
2015-06-30 08:00:00,2.010,544.000,720.900,108.000,19.800
2015-06-30 09:00:00,2.100,673.000,773.200,118.000,20.800
2015-06-30 10:00:00,1.800,772.000,804.300,126.000,21.900
2015-06-30 11:00:00,1.200,832.000,821.000,130.000,22.800
2015-06-30 12:00:00,1.330,856.000,840.200,125.000,23.700
2015-06-30 13:00:00,1.810,816.000,805.300,134.000,24.300
2015-06-30 14:00:00,1.900,742.000,777.200,130.000,24.800
2015-06-30 15:00:00,1.840,643.000,757.700,116.000,25.100
2015-06-30 16:00:00,1.800,510.000,703.000,104.000,25.300
2015-06-30 17:00:00,2.060,360.000,607.200,92.000,25.100
2015-06-30 18:00:00,2.730,215.000,492.500,69.000,24.600
2015-06-30 19:00:00,3.860,90.000,314.600,42.000,22.800
2015-06-30 20:00:00,4.880,11.000,55.800,8.000,20.200
2015-06-30 21:00:00,5.600,0.000,0.000,0.000,18.500
2015-06-30 22:00:00,6.650,0.000,0.000,0.000,17.500
2015-06-30 23:00:00,7.060,0.000,0.000,0.000,16.800
2015-07-01 00:00:00,6.900,0.000,0.000,0.000,16.000
2015-07-01 01:00:00,6.920,0.000,0.000,0.000,15.300
2015-07-01 02:00:00,6.950,0.000,0.000,0.000,14.700
2015-07-01 03:00:00,6.940,0.000,0.000,0.000,14.200
2015-07-01 04:00:00,6.800,21.000,118.300,13.000,14.200
2015-07-01 05:00:00,6.200,114.000,357.200,49.000,16.200
2015-07-01 06:00:00,4.720,247.000,532.300,73.000,18.700
2015-07-01 07:00:00,4.240,397.000,645.800,93.000,20.800
2015-07-01 08:00:00,4.440,543.000,722.200,107.000,22.800
2015-07-01 09:00:00,4.830,671.000,772.800,117.000,24.400
2015-07-01 10:00:00,5.570,770.000,803.900,125.000,25.900
2015-07-01 11:00:00,5.870,830.000,820.500,129.000,26.800
2015-07-01 12:00:00,5.860,847.000,825.800,129.000,27.600
2015-07-01 13:00:00,5.770,820.000,818.700,127.000,28.200
2015-07-01 14:00:00,5.860,751.000,799.200,122.000,28.700
2015-07-01 15:00:00,6.080,646.000,766.700,113.000,29.000
2015-07-01 16:00:00,6.320,513.000,710.300,103.000,28.900
2015-07-01 17:00:00,6.300,366.000,630.300,88.000,28.600
2015-07-01 18:00:00,6.550,218.000,506.700,68.000,27.800
2015-07-01 19:00:00,7.230,91.000,328.800,41.000,26.200
2015-07-01 20:00:00,7.820,11.000,56.000,8.000,24.100
2015-07-01 21:00:00,8.290,0.000,0.000,0.000,22.400
2015-07-01 22:00:00,8.900,0.000,0.000,0.000,21.300
2015-07-01 23:00:00,8.590,0.000,0.000,0.000,20.500
2015-07-02 00:00:00,8.280,0.000,0.000,0.000,19.800
2015-07-02 01:00:00,8.010,0.000,0.000,0.000,19.000
2015-07-02 02:00:00,7.960,0.000,0.000,0.000,18.200
2015-07-02 03:00:00,8.060,0.000,0.000,0.000,17.700
2015-07-02 04:00:00,8.140,21.000,119.500,13.000,17.800
2015-07-02 05:00:00,7.830,113.000,359.900,48.000,19.400
2015-07-02 06:00:00,7.120,246.000,531.400,73.000,21.500
2015-07-02 07:00:00,6.620,396.000,647.500,92.000,23.500
2015-07-02 08:00:00,6.440,541.000,723.500,105.000,25.700
2015-07-02 09:00:00,6.530,669.000,771.100,117.000,27.300
2015-07-02 10:00:00,6.150,766.000,802.200,123.000,29.100
2015-07-02 11:00:00,6.710,826.000,818.800,127.000,30.500
2015-07-02 12:00:00,6.800,844.000,824.100,128.000,31.400
2015-07-02 13:00:00,6.720,817.000,816.800,126.000,32.100
2015-07-02 14:00:00,6.710,749.000,798.300,121.000,32.500
2015-07-02 15:00:00,6.740,644.000,764.200,113.000,32.700
2015-07-02 16:00:00,6.850,513.000,712.500,102.000,32.500
2015-07-02 17:00:00,6.750,365.000,630.900,87.000,32.100
2015-07-02 18:00:00,7.260,218.000,507.500,68.000,31.100
2015-07-02 19:00:00,7.520,90.000,323.500,41.000,29.300
2015-07-02 20:00:00,7.960,11.000,56.300,8.000,27.000
2015-07-02 21:00:00,8.540,0.000,0.000,0.000,25.700
2015-07-02 22:00:00,9.680,0.000,0.000,0.000,24.700
2015-07-02 23:00:00,9.040,0.000,0.000,0.000,23.700
2015-07-03 00:00:00,7.730,0.000,0.000,0.000,22.800
2015-07-03 01:00:00,6.180,0.000,0.000,0.000,21.700
2015-07-03 02:00:00,1.800,0.000,0.000,0.000,20.900
2015-07-03 03:00:00,3.100,0.000,0.000,0.000,19.700
2015-07-03 04:00:00,4.240,20.000,105.600,13.000,19.500
2015-07-03 05:00:00,3.960,104.000,301.500,50.000,20.600
2015-07-03 06:00:00,4.080,227.000,447.300,82.000,22.100
2015-07-03 07:00:00,2.750,237.000,215.700,136.000,22.900
2015-07-03 08:00:00,0.910,347.000,167.900,246.000,23.700
2015-07-03 09:00:00,1.120,311.000,179.100,183.000,24.900
2015-07-03 10:00:00,0.500,529.000,243.600,334.000,25.700
2015-07-03 11:00:00,1.840,698.000,454.900,310.000,27.700
2015-07-03 12:00:00,1.790,735.000,552.900,255.000,29.300
2015-07-03 13:00:00,1.100,707.000,525.200,263.000,30.800
2015-07-03 14:00:00,1.300,681.000,622.000,192.000,31.600
2015-07-03 15:00:00,2.020,550.000,627.900,114.000,31.900
2015-07-03 16:00:00,2.560,454.000,583.000,118.000,32.000
2015-07-03 17:00:00,2.940,266.000,370.400,103.000,31.300
2015-07-03 18:00:00,2.800,169.000,328.800,72.000,30.400
2015-07-03 19:00:00,3.350,86.000,298.400,41.000,28.600
2015-07-03 20:00:00,4.480,10.000,56.700,7.000,26.400
2015-07-03 21:00:00,4.970,0.000,0.000,0.000,24.600
2015-07-03 22:00:00,5.720,0.000,0.000,0.000,22.800
2015-07-03 23:00:00,5.340,0.000,0.000,0.000,21.700
2015-07-04 00:00:00,4.700,0.000,0.000,0.000,20.800
2015-07-04 01:00:00,4.370,0.000,0.000,0.000,20.100
2015-07-04 02:00:00,4.650,0.000,0.000,0.000,19.600
2015-07-04 03:00:00,4.220,0.000,0.000,0.000,19.600
2015-07-04 04:00:00,4.320,19.000,106.800,12.000,19.600
2015-07-04 05:00:00,4.020,107.000,337.900,47.000,21.500
2015-07-04 06:00:00,3.180,237.000,505.200,74.000,24.100
2015-07-04 07:00:00,2.340,324.000,454.200,112.000,26.800
2015-07-04 08:00:00,2.510,489.000,618.200,118.000,29.700
2015-07-04 09:00:00,2.800,624.000,645.900,163.000,31.900
2015-07-04 10:00:00,2.470,699.000,592.800,225.000,33.900
2015-07-04 11:00:00,2.800,762.000,640.800,216.000,35.400
2015-07-04 12:00:00,2.840,815.000,757.400,158.000,36.500
2015-07-04 13:00:00,2.400,772.000,704.300,177.000,37.200
2015-07-04 14:00:00,1.920,690.000,654.300,176.000,37.800
2015-07-04 15:00:00,5.050,569.000,616.900,141.000,37.400
2015-07-04 16:00:00,0.720,290.000,204.900,172.000,34.500
2015-07-04 17:00:00,1.970,155.000,36.400,139.000,33.000
2015-07-04 18:00:00,1.570,141.000,169.900,91.000,31.800
2015-07-04 19:00:00,2.100,79.000,213.300,47.000,29.500
2015-07-04 20:00:00,2.480,9.000,19.000,8.000,27.000
2015-07-04 21:00:00,2.020,0.000,0.000,0.000,26.400
2015-07-04 22:00:00,3.260,0.000,0.000,0.000,24.500
2015-07-04 23:00:00,4.040,0.000,0.000,0.000,24.400
2015-07-05 00:00:00,2.530,0.000,0.000,0.000,23.300
2015-07-05 01:00:00,0.500,0.000,0.000,0.000,22.800
2015-07-05 02:00:00,2.550,0.000,0.000,0.000,22.100
2015-07-05 03:00:00,3.620,0.000,0.000,0.000,21.500
2015-07-05 04:00:00,4.020,16.000,61.800,12.000,20.900
2015-07-05 05:00:00,2.940,95.000,250.200,51.000,21.600
2015-07-05 06:00:00,1.700,221.000,464.100,72.000,23.300
2015-07-05 07:00:00,1.440,328.000,414.800,135.000,24.600
2015-07-05 08:00:00,1.210,487.000,569.400,146.000,26.300
2015-07-05 09:00:00,1.040,624.000,673.700,144.000,27.700
2015-07-05 10:00:00,1.490,734.000,750.100,135.000,29.500
2015-07-05 11:00:00,4.680,719.000,634.400,179.000,30.100
2015-07-05 12:00:00,7.210,679.000,507.700,239.000,29.300
2015-07-05 13:00:00,2.660,681.000,579.300,192.000,29.100
2015-07-05 14:00:00,2.190,586.000,463.700,222.000,29.900
2015-07-05 15:00:00,3.730,588.000,660.700,130.000,30.500
2015-07-05 16:00:00,4.340,375.000,399.900,145.000,30.600
2015-07-05 17:00:00,3.510,226.000,211.900,133.000,29.700
2015-07-05 18:00:00,2.570,43.000,3.400,42.000,24.200
2015-07-05 19:00:00,4.200,40.000,73.800,29.000,20.200
2015-07-05 20:00:00,6.890,4.000,19.100,3.000,19.400
2015-07-05 21:00:00,6.300,0.000,0.000,0.000,19.200
2015-07-05 22:00:00,5.800,0.000,0.000,0.000,19.500
2015-07-05 23:00:00,7.400,0.000,0.000,0.000,19.300
2015-07-06 00:00:00,8.410,0.000,0.000,0.000,18.500
2015-07-06 01:00:00,8.100,0.000,0.000,0.000,17.900
2015-07-06 02:00:00,8.300,0.000,0.000,0.000,17.300
2015-07-06 03:00:00,7.900,0.000,0.000,0.000,16.700
2015-07-06 04:00:00,7.310,18.000,93.900,12.000,16.300
2015-07-06 05:00:00,6.650,103.000,315.800,48.000,16.600
2015-07-06 06:00:00,7.410,230.000,472.700,79.000,17.400
2015-07-06 07:00:00,7.010,362.000,556.300,104.000,18.400
2015-07-06 08:00:00,6.930,440.000,522.200,128.000,19.400
2015-07-06 09:00:00,7.070,647.000,715.600,138.000,20.300
2015-07-06 10:00:00,7.510,637.000,576.800,177.000,21.200
2015-07-06 11:00:00,7.320,607.000,412.800,256.000,21.500
2015-07-06 12:00:00,7.220,616.000,434.300,240.000,22.400
2015-07-06 13:00:00,6.310,639.000,457.700,253.000,22.900
2015-07-06 14:00:00,6.170,637.000,541.900,212.000,23.600
2015-07-06 15:00:00,6.050,539.000,560.300,151.000,23.700
2015-07-06 16:00:00,5.800,462.000,586.600,125.000,24.000
2015-07-06 17:00:00,4.800,340.000,543.300,102.000,23.600
2015-07-06 18:00:00,3.600,206.000,471.500,68.000,23.000
2015-07-06 19:00:00,3.410,87.000,317.300,40.000,21.700
2015-07-06 20:00:00,3.080,10.000,57.300,7.000,18.900
2015-07-06 21:00:00,2.400,0.000,0.000,0.000,16.800
2015-07-06 22:00:00,2.360,0.000,0.000,0.000,15.000
2015-07-06 23:00:00,3.180,0.000,0.000,0.000,14.700
2015-07-07 00:00:00,3.610,0.000,0.000,0.000,14.600
2015-07-07 01:00:00,3.200,0.000,0.000,0.000,14.300
2015-07-07 02:00:00,3.570,0.000,0.000,0.000,13.400
2015-07-07 03:00:00,3.930,0.000,0.000,0.000,12.900
2015-07-07 04:00:00,4.300,17.000,95.200,11.000,13.200
2015-07-07 05:00:00,4.770,107.000,354.000,46.000,15.600
2015-07-07 06:00:00,4.080,241.000,532.000,72.000,18.500
2015-07-07 07:00:00,3.060,390.000,646.900,91.000,21.300
2015-07-07 08:00:00,3.060,536.000,724.900,104.000,23.600
2015-07-07 09:00:00,3.370,664.000,774.700,114.000,25.300
2015-07-07 10:00:00,3.800,756.000,791.200,126.000,26.900
2015-07-07 11:00:00,4.810,783.000,730.100,163.000,28.100
2015-07-07 12:00:00,5.510,798.000,736.500,161.000,29.200
2015-07-07 13:00:00,5.940,777.000,743.000,151.000,30.100
2015-07-07 14:00:00,4.990,631.000,569.200,185.000,30.300
2015-07-07 15:00:00,4.610,291.000,169.100,174.000,29.700
2015-07-07 16:00:00,5.360,261.000,102.800,202.000,27.400
2015-07-07 17:00:00,6.170,143.000,11.400,138.000,24.200
2015-07-07 18:00:00,4.760,69.000,3.400,68.000,21.700
2015-07-07 19:00:00,7.040,8.000,0.000,8.000,20.200
2015-07-07 20:00:00,8.180,3.000,0.000,3.000,19.700
2015-07-07 21:00:00,7.880,0.000,0.000,0.000,19.200
2015-07-07 22:00:00,9.730,0.000,0.000,0.000,19.700
2015-07-07 23:00:00,8.130,0.000,0.000,0.000,19.100
2015-07-08 00:00:00,7.910,0.000,0.000,0.000,18.400
2015-07-08 01:00:00,8.140,0.000,0.000,0.000,18.100
2015-07-08 02:00:00,7.420,0.000,0.000,0.000,17.600
2015-07-08 03:00:00,8.540,0.000,0.000,0.000,16.900
2015-07-08 04:00:00,9.140,13.000,64.400,9.000,16.100
2015-07-08 05:00:00,8.750,88.000,264.100,43.000,16.100
2015-07-08 06:00:00,9.430,207.000,402.100,80.000,16.500
2015-07-08 07:00:00,9.490,214.000,258.400,95.000,16.700
2015-07-08 08:00:00,9.120,362.000,375.100,139.000,17.300
2015-07-08 09:00:00,9.640,487.000,446.000,171.000,18.200
2015-07-08 10:00:00,11.420,695.000,655.300,174.000,18.600
2015-07-08 11:00:00,12.220,657.000,517.600,218.000,18.400
2015-07-08 12:00:00,10.910,613.000,442.100,231.000,19.100
2015-07-08 13:00:00,11.200,545.000,418.200,193.000,18.700
2015-07-08 14:00:00,11.380,392.000,296.400,160.000,17.800
2015-07-08 15:00:00,11.270,190.000,97.000,123.000,17.100
2015-07-08 16:00:00,11.510,283.000,204.300,166.000,17.800
2015-07-08 17:00:00,10.430,233.000,279.600,111.000,17.800
2015-07-08 18:00:00,8.730,166.000,333.700,69.000,17.700
2015-07-08 19:00:00,9.200,56.000,137.200,36.000,16.000
2015-07-08 20:00:00,8.860,6.000,19.100,5.000,15.200
2015-07-08 21:00:00,8.040,0.000,0.000,0.000,15.000
2015-07-08 22:00:00,8.930,0.000,0.000,0.000,14.100
2015-07-08 23:00:00,8.760,0.000,0.000,0.000,13.700
2015-07-09 00:00:00,8.790,0.000,0.000,0.000,13.400
2015-07-09 01:00:00,8.700,0.000,0.000,0.000,13.000
2015-07-09 02:00:00,8.760,0.000,0.000,0.000,12.500
2015-07-09 03:00:00,9.280,0.000,0.000,0.000,12.100
2015-07-09 04:00:00,9.270,11.000,65.400,7.000,11.600
2015-07-09 05:00:00,9.450,84.000,207.800,49.000,11.600
2015-07-09 06:00:00,9.630,170.000,305.700,74.000,12.300
2015-07-09 07:00:00,10.650,302.000,429.400,105.000,13.300
2015-07-09 08:00:00,11.010,401.000,440.200,140.000,13.900
2015-07-09 09:00:00,11.430,423.000,347.900,177.000,14.000
2015-07-09 10:00:00,9.710,567.000,496.300,173.000,14.700
2015-07-09 11:00:00,9.330,613.000,451.000,231.000,15.300
2015-07-09 12:00:00,9.520,575.000,435.700,199.000,15.600
2015-07-09 13:00:00,9.860,563.000,440.100,193.000,15.800
2015-07-09 14:00:00,10.790,568.000,432.400,230.000,16.400
2015-07-09 15:00:00,11.350,382.000,276.800,191.000,16.300
2015-07-09 16:00:00,11.090,333.000,300.800,161.000,16.100
2015-07-09 17:00:00,10.240,260.000,351.500,107.000,15.800
2015-07-09 18:00:00,9.880,167.000,307.400,78.000,15.200
2015-07-09 19:00:00,8.950,49.000,103.800,34.000,14.300
2015-07-09 20:00:00,8.490,4.000,19.100,3.000,13.100
2015-07-09 21:00:00,8.410,0.000,0.000,0.000,12.300
2015-07-09 22:00:00,8.690,0.000,0.000,0.000,11.300
2015-07-09 23:00:00,8.450,0.000,0.000,0.000,10.900
2015-07-10 00:00:00,8.240,0.000,0.000,0.000,10.300
2015-07-10 01:00:00,8.100,0.000,0.000,0.000,9.700
2015-07-10 02:00:00,7.820,0.000,0.000,0.000,9.400
2015-07-10 03:00:00,8.120,0.000,0.000,0.000,9.100
2015-07-10 04:00:00,7.920,13.000,49.800,10.000,9.500
2015-07-10 05:00:00,7.220,55.000,84.100,41.000,10.500
2015-07-10 06:00:00,7.700,103.000,28.800,94.000,11.700
2015-07-10 07:00:00,9.440,289.000,356.700,126.000,12.900
2015-07-10 08:00:00,9.420,362.000,338.300,162.000,13.800
2015-07-10 09:00:00,8.880,371.000,219.700,216.000,14.700
2015-07-10 10:00:00,7.880,389.000,155.200,266.000,15.800
2015-07-10 11:00:00,8.210,298.000,66.200,242.000,16.300
2015-07-10 12:00:00,8.630,368.000,98.600,283.000,17.400
2015-07-10 13:00:00,7.920,338.000,94.100,259.000,17.800
2015-07-10 14:00:00,7.650,331.000,82.000,267.000,18.100
2015-07-10 15:00:00,6.720,310.000,69.700,262.000,18.700
2015-07-10 16:00:00,5.660,277.000,94.600,223.000,19.000
2015-07-10 17:00:00,4.750,147.000,53.000,124.000,18.900
2015-07-10 18:00:00,3.790,142.000,183.900,89.000,18.700
2015-07-10 19:00:00,3.000,46.000,55.900,38.000,17.400
2015-07-10 20:00:00,2.860,6.000,19.100,5.000,15.600
2015-07-10 21:00:00,3.410,0.000,0.000,0.000,14.000
2015-07-10 22:00:00,3.610,0.000,0.000,0.000,12.700
2015-07-10 23:00:00,3.760,0.000,0.000,0.000,12.000
2015-07-11 00:00:00,3.800,0.000,0.000,0.000,11.500
2015-07-11 01:00:00,3.470,0.000,0.000,0.000,11.100
2015-07-11 02:00:00,3.140,0.000,0.000,0.000,10.600
2015-07-11 03:00:00,3.090,0.000,0.000,0.000,10.300
2015-07-11 04:00:00,2.820,14.000,84.500,9.000,10.300
2015-07-11 05:00:00,2.650,100.000,341.000,44.000,12.500
2015-07-11 06:00:00,2.220,229.000,496.700,75.000,14.900
2015-07-11 07:00:00,1.840,305.000,290.000,173.000,16.900
2015-07-11 08:00:00,2.300,391.000,283.300,224.000,18.500
2015-07-11 09:00:00,2.760,432.000,176.100,308.000,19.600
2015-07-11 10:00:00,3.720,553.000,259.100,348.000,20.200
2015-07-11 11:00:00,3.140,671.000,505.600,244.000,21.400
2015-07-11 12:00:00,2.560,699.000,539.100,235.000,22.500
2015-07-11 13:00:00,2.010,766.000,671.300,203.000,23.500
2015-07-11 14:00:00,1.520,553.000,484.800,175.000,24.000
2015-07-11 15:00:00,1.500,605.000,652.600,156.000,24.800
2015-07-11 16:00:00,1.300,486.000,635.400,124.000,25.200
2015-07-11 17:00:00,0.980,337.000,561.300,94.000,25.100
2015-07-11 18:00:00,0.220,206.000,481.000,68.000,24.500
2015-07-11 19:00:00,1.030,78.000,268.300,40.000,22.600
2015-07-11 20:00:00,2.120,8.000,19.100,7.000,19.900
2015-07-11 21:00:00,2.910,0.000,0.000,0.000,18.100
2015-07-11 22:00:00,4.390,0.000,0.000,0.000,16.900
2015-07-11 23:00:00,5.140,0.000,0.000,0.000,16.200
2015-07-12 00:00:00,4.840,0.000,0.000,0.000,15.900
2015-07-12 01:00:00,4.930,0.000,0.000,0.000,15.500
2015-07-12 02:00:00,5.750,0.000,0.000,0.000,15.600
2015-07-12 03:00:00,6.850,0.000,0.000,0.000,15.800
2015-07-12 04:00:00,7.220,8.000,17.200,7.000,15.700
2015-07-12 05:00:00,6.410,60.000,6.200,59.000,15.800
2015-07-12 06:00:00,5.200,136.000,64.900,116.000,16.800
2015-07-12 07:00:00,4.930,180.000,66.200,150.000,17.800
2015-07-12 08:00:00,5.020,327.000,187.200,217.000,18.300
2015-07-12 09:00:00,5.040,315.000,109.600,238.000,18.600
2015-07-12 10:00:00,5.390,235.000,29.100,212.000,18.400
2015-07-12 11:00:00,5.260,203.000,1.200,202.000,18.500
2015-07-12 12:00:00,5.560,281.000,17.500,266.000,18.900
2015-07-12 13:00:00,5.800,142.000,3.600,139.000,18.000
2015-07-12 14:00:00,6.200,119.000,3.900,116.000,17.400
2015-07-12 15:00:00,7.370,123.000,20.400,109.000,17.500
2015-07-12 16:00:00,7.780,102.000,3.500,100.000,16.700
2015-07-12 17:00:00,7.570,50.000,0.000,50.000,16.000
2015-07-12 18:00:00,7.160,28.000,0.000,28.000,15.600
2015-07-12 19:00:00,6.860,6.000,0.000,6.000,15.300
2015-07-12 20:00:00,6.790,0.000,0.000,0.000,15.200
2015-07-12 21:00:00,6.690,0.000,0.000,0.000,15.400
2015-07-12 22:00:00,6.650,0.000,0.000,0.000,15.300
2015-07-12 23:00:00,6.670,0.000,0.000,0.000,15.400
2015-07-13 00:00:00,6.720,0.000,0.000,0.000,15.500
2015-07-13 01:00:00,6.670,0.000,0.000,0.000,15.500
2015-07-13 02:00:00,6.800,0.000,0.000,0.000,15.500
2015-07-13 03:00:00,7.070,0.000,0.000,0.000,15.500
2015-07-13 04:00:00,7.330,4.000,0.000,4.000,15.400
2015-07-13 05:00:00,7.480,15.000,0.000,15.000,15.400
2015-07-13 06:00:00,7.370,41.000,3.300,40.000,15.600
2015-07-13 07:00:00,6.960,49.000,6.600,46.000,16.200
2015-07-13 08:00:00,6.230,130.000,13.700,122.000,17.200
2015-07-13 09:00:00,6.140,281.000,168.400,163.000,17.700
2015-07-13 10:00:00,7.060,331.000,185.200,185.000,18.300
2015-07-13 11:00:00,6.910,235.000,65.300,180.000,17.900
2015-07-13 12:00:00,6.610,174.000,19.800,157.000,17.600
2015-07-13 13:00:00,6.410,170.000,2.400,168.000,17.700
2015-07-13 14:00:00,6.170,163.000,12.900,153.000,17.700
2015-07-13 15:00:00,5.920,159.000,5.800,155.000,17.400
2015-07-13 16:00:00,5.350,77.000,0.000,77.000,16.900
2015-07-13 17:00:00,6.090,37.000,2.300,36.000,16.500
2015-07-13 18:00:00,6.240,21.000,0.000,21.000,16.200
2015-07-13 19:00:00,6.670,11.000,0.000,11.000,16.200
2015-07-13 20:00:00,6.660,1.000,0.000,1.000,15.900
2015-07-13 21:00:00,6.040,0.000,0.000,0.000,15.800
2015-07-13 22:00:00,5.040,0.000,0.000,0.000,15.600
2015-07-13 23:00:00,5.070,0.000,0.000,0.000,15.300
2015-07-14 00:00:00,5.130,0.000,0.000,0.000,15.400
2015-07-14 01:00:00,4.410,0.000,0.000,0.000,15.500
2015-07-14 02:00:00,4.320,0.000,0.000,0.000,15.700
2015-07-14 03:00:00,3.690,0.000,0.000,0.000,15.600
2015-07-14 04:00:00,4.920,2.000,0.000,2.000,15.700
2015-07-14 05:00:00,6.520,18.000,25.400,14.000,16.100
2015-07-14 06:00:00,7.740,21.000,0.000,21.000,16.400
2015-07-14 07:00:00,9.670,27.000,0.000,27.000,17.000
2015-07-14 08:00:00,10.030,38.000,0.000,38.000,17.700
2015-07-14 09:00:00,8.810,88.000,2.900,86.000,18.800
2015-07-14 10:00:00,8.610,164.000,22.900,146.000,19.000
2015-07-14 11:00:00,6.950,175.000,10.700,166.000,19.400
2015-07-14 12:00:00,7.860,287.000,84.000,215.000,20.500
2015-07-14 13:00:00,6.710,308.000,79.000,242.000,20.000
2015-07-14 14:00:00,5.610,371.000,193.300,221.000,19.600
2015-07-14 15:00:00,6.440,316.000,169.500,200.000,20.000
2015-07-14 16:00:00,6.130,264.000,171.400,167.000,20.400
2015-07-14 17:00:00,5.820,159.000,77.000,126.000,20.200
2015-07-14 18:00:00,5.640,84.000,70.800,64.000,19.400
2015-07-14 19:00:00,5.190,39.000,43.900,33.000,18.900
2015-07-14 20:00:00,5.410,5.000,19.100,4.000,17.800
2015-07-14 21:00:00,5.300,0.000,0.000,0.000,17.300
2015-07-14 22:00:00,5.170,0.000,0.000,0.000,16.400
2015-07-14 23:00:00,4.860,0.000,0.000,0.000,15.800
2015-07-15 00:00:00,4.970,0.000,0.000,0.000,15.400
2015-07-15 01:00:00,5.010,0.000,0.000,0.000,14.800
2015-07-15 02:00:00,4.790,0.000,0.000,0.000,14.700
2015-07-15 03:00:00,4.250,0.000,0.000,0.000,14.100
2015-07-15 04:00:00,3.850,9.000,54.800,6.000,14.000
2015-07-15 05:00:00,3.470,71.000,212.700,38.000,14.500
2015-07-15 06:00:00,2.920,194.000,384.800,78.000,15.700
2015-07-15 07:00:00,2.930,277.000,346.600,122.000,17.000
2015-07-15 08:00:00,3.510,382.000,393.300,153.000,17.900
2015-07-15 09:00:00,3.710,469.000,375.600,207.000,18.600
2015-07-15 10:00:00,3.130,360.000,113.400,271.000,19.300
2015-07-15 11:00:00,3.610,339.000,73.900,277.000,20.200
2015-07-15 12:00:00,3.600,390.000,63.100,336.000,21.100
2015-07-15 13:00:00,3.300,412.000,110.300,320.000,22.000
2015-07-15 14:00:00,2.500,313.000,107.100,230.000,22.300
2015-07-15 15:00:00,1.700,252.000,70.300,204.000,22.500
2015-07-15 16:00:00,1.080,200.000,53.200,170.000,22.300
2015-07-15 17:00:00,0.890,220.000,283.300,99.000,22.400
2015-07-15 18:00:00,0.300,133.000,270.900,57.000,21.800
2015-07-15 19:00:00,1.000,42.000,141.100,23.000,20.300
2015-07-15 20:00:00,1.250,3.000,19.100,2.000,19.200
2015-07-15 21:00:00,1.560,0.000,0.000,0.000,18.600
2015-07-15 22:00:00,1.990,0.000,0.000,0.000,18.300
2015-07-15 23:00:00,4.350,0.000,0.000,0.000,17.800
2015-07-16 00:00:00,5.040,0.000,0.000,0.000,17.600
2015-07-16 01:00:00,6.360,0.000,0.000,0.000,17.100
2015-07-16 02:00:00,6.500,0.000,0.000,0.000,16.800
2015-07-16 03:00:00,5.640,0.000,0.000,0.000,16.600
2015-07-16 04:00:00,4.730,6.000,18.600,5.000,16.700
2015-07-16 05:00:00,4.720,33.000,6.500,32.000,17.200
2015-07-16 06:00:00,4.950,99.000,93.600,71.000,17.700
2015-07-16 07:00:00,4.520,144.000,31.500,130.000,18.300
2015-07-16 08:00:00,4.430,277.000,227.500,145.000,19.300
2015-07-16 09:00:00,3.910,334.000,178.200,210.000,19.900
2015-07-16 10:00:00,3.060,491.000,353.600,214.000,20.900
2015-07-16 11:00:00,4.000,501.000,311.600,240.000,21.900
2015-07-16 12:00:00,3.910,604.000,443.700,225.000,22.700
2015-07-16 13:00:00,3.600,514.000,360.400,214.000,23.300
2015-07-16 14:00:00,3.630,600.000,528.800,191.000,23.900
2015-07-16 15:00:00,3.410,502.000,471.000,181.000,24.400
2015-07-16 16:00:00,3.040,383.000,401.500,157.000,24.400
2015-07-16 17:00:00,2.440,299.000,458.300,104.000,24.200
2015-07-16 18:00:00,2.810,175.000,401.800,63.000,23.500
2015-07-16 19:00:00,4.020,76.000,301.600,36.000,21.700
2015-07-16 20:00:00,4.430,6.000,19.100,5.000,19.400
2015-07-16 21:00:00,4.670,0.000,0.000,0.000,18.000
2015-07-16 22:00:00,4.470,0.000,0.000,0.000,17.100
2015-07-16 23:00:00,5.100,0.000,0.000,0.000,16.800
2015-07-17 00:00:00,5.020,0.000,0.000,0.000,16.500
2015-07-17 01:00:00,5.300,0.000,0.000,0.000,15.800
2015-07-17 02:00:00,5.400,0.000,0.000,0.000,16.100
2015-07-17 03:00:00,6.000,0.000,0.000,0.000,15.700
2015-07-17 04:00:00,5.730,9.000,38.100,7.000,15.700
2015-07-17 05:00:00,6.340,82.000,266.200,42.000,16.700
2015-07-17 06:00:00,5.550,202.000,397.500,84.000,18.500
2015-07-17 07:00:00,4.020,226.000,85.800,188.000,19.300
2015-07-17 08:00:00,4.430,289.000,140.100,208.000,20.600
2015-07-17 09:00:00,5.020,205.000,43.200,175.000,22.300
2015-07-17 10:00:00,4.710,554.000,401.700,240.000,25.300
2015-07-17 11:00:00,5.630,779.000,734.500,165.000,28.200
2015-07-17 12:00:00,7.380,829.000,819.800,130.000,30.300
2015-07-17 13:00:00,8.430,798.000,810.000,125.000,31.500
2015-07-17 14:00:00,8.360,695.000,721.500,138.000,32.100
2015-07-17 15:00:00,7.650,625.000,763.200,106.000,32.400
2015-07-17 16:00:00,5.600,472.000,637.900,114.000,32.100
2015-07-17 17:00:00,4.830,351.000,634.900,82.000,31.400
2015-07-17 18:00:00,4.830,198.000,491.400,62.000,29.900
2015-07-17 19:00:00,5.590,72.000,298.800,33.000,27.100
2015-07-17 20:00:00,6.410,5.000,19.100,4.000,23.900
2015-07-17 21:00:00,6.520,0.000,0.000,0.000,22.600
2015-07-17 22:00:00,5.910,0.000,0.000,0.000,21.500
2015-07-17 23:00:00,4.880,0.000,0.000,0.000,20.400
2015-07-18 00:00:00,3.040,0.000,0.000,0.000,19.600
2015-07-18 01:00:00,1.680,0.000,0.000,0.000,19.700
2015-07-18 02:00:00,1.130,0.000,0.000,0.000,19.300
2015-07-18 03:00:00,3.010,0.000,0.000,0.000,18.600
2015-07-18 04:00:00,5.300,6.000,19.100,5.000,18.400
2015-07-18 05:00:00,6.650,46.000,81.200,34.000,18.500
2015-07-18 06:00:00,5.600,105.000,118.800,70.000,19.000
2015-07-18 07:00:00,5.560,166.000,138.400,105.000,19.700
2015-07-18 08:00:00,6.310,425.000,499.700,137.000,20.400
2015-07-18 09:00:00,6.510,562.000,575.100,164.000,21.300
2015-07-18 10:00:00,4.740,641.000,578.200,190.000,21.900
2015-07-18 11:00:00,5.350,686.000,554.900,223.000,22.500
2015-07-18 12:00:00,6.400,549.000,403.000,206.000,22.800
2015-07-18 13:00:00,6.200,611.000,473.900,218.000,23.600
2015-07-18 14:00:00,6.100,640.000,656.800,134.000,23.900
2015-07-18 15:00:00,6.300,560.000,648.600,120.000,24.400
2015-07-18 16:00:00,5.930,406.000,539.800,104.000,24.000
2015-07-18 17:00:00,5.140,272.000,424.400,93.000,23.500
2015-07-18 18:00:00,4.440,179.000,429.500,61.000,22.800
2015-07-18 19:00:00,4.100,68.000,265.000,34.000,21.000
2015-07-18 20:00:00,4.360,4.000,19.100,3.000,19.000
2015-07-18 21:00:00,4.900,0.000,0.000,0.000,17.200
2015-07-18 22:00:00,4.830,0.000,0.000,0.000,16.600
2015-07-18 23:00:00,4.440,0.000,0.000,0.000,15.700
2015-07-19 00:00:00,3.980,0.000,0.000,0.000,14.700
2015-07-19 01:00:00,4.700,0.000,0.000,0.000,14.000
2015-07-19 02:00:00,5.120,0.000,0.000,0.000,13.900
2015-07-19 03:00:00,5.280,0.000,0.000,0.000,13.800
2015-07-19 04:00:00,6.050,8.000,19.100,7.000,13.900
2015-07-19 05:00:00,6.200,47.000,0.000,47.000,14.200
2015-07-19 06:00:00,5.210,90.000,13.700,86.000,14.600
2015-07-19 07:00:00,4.720,41.000,0.000,41.000,13.900
2015-07-19 08:00:00,5.080,60.000,0.000,60.000,13.200
2015-07-19 09:00:00,4.880,34.000,0.000,34.000,13.500
2015-07-19 10:00:00,6.050,65.000,10.300,57.000,14.800
2015-07-19 11:00:00,4.510,306.000,132.100,196.000,16.500
2015-07-19 12:00:00,2.840,615.000,421.400,257.000,18.100
2015-07-19 13:00:00,0.820,575.000,374.500,265.000,18.800
2015-07-19 14:00:00,1.080,308.000,95.000,235.000,18.300
2015-07-19 15:00:00,3.040,297.000,131.500,208.000,18.800
2015-07-19 16:00:00,4.800,235.000,181.100,134.000,18.700
2015-07-19 17:00:00,5.500,143.000,188.200,64.000,18.200
2015-07-19 18:00:00,5.800,125.000,231.100,62.000,17.800
2015-07-19 19:00:00,6.210,60.000,190.500,36.000,17.200
2015-07-19 20:00:00,6.610,3.000,0.000,3.000,16.400
2015-07-19 21:00:00,6.650,0.000,0.000,0.000,15.800
2015-07-19 22:00:00,7.340,0.000,0.000,0.000,15.300
2015-07-19 23:00:00,7.620,0.000,0.000,0.000,14.900
2015-07-20 00:00:00,8.040,0.000,0.000,0.000,14.600
2015-07-20 01:00:00,7.510,0.000,0.000,0.000,14.100
2015-07-20 02:00:00,7.230,0.000,0.000,0.000,13.500
2015-07-20 03:00:00,6.950,0.000,0.000,0.000,13.200
2015-07-20 04:00:00,6.420,7.000,38.200,5.000,12.800
2015-07-20 05:00:00,5.560,82.000,308.600,38.000,13.400
2015-07-20 06:00:00,4.300,206.000,479.800,67.000,15.100
2015-07-20 07:00:00,4.440,359.000,616.600,90.000,16.600
2015-07-20 08:00:00,4.220,513.000,707.800,108.000,18.100
2015-07-20 09:00:00,4.300,643.000,752.700,125.000,19.100
2015-07-20 10:00:00,3.810,712.000,692.900,174.000,20.300
2015-07-20 11:00:00,2.840,620.000,448.900,247.000,21.200
2015-07-20 12:00:00,3.080,582.000,325.500,306.000,22.200
2015-07-20 13:00:00,4.390,561.000,285.700,325.000,23.100
2015-07-20 14:00:00,2.830,609.000,452.300,262.000,23.900
2015-07-20 15:00:00,4.340,506.000,447.500,204.000,24.400
2015-07-20 16:00:00,3.350,322.000,300.500,155.000,24.500
2015-07-20 17:00:00,2.790,158.000,181.900,82.000,23.900
2015-07-20 18:00:00,2.640,35.000,11.100,32.000,21.400
2015-07-20 19:00:00,3.760,20.000,40.500,15.000,20.700
2015-07-20 20:00:00,4.550,1.000,0.000,1.000,19.600
2015-07-20 21:00:00,3.970,0.000,0.000,0.000,19.000
2015-07-20 22:00:00,2.280,0.000,0.000,0.000,18.800
2015-07-20 23:00:00,3.800,0.000,0.000,0.000,18.800
2015-07-21 00:00:00,5.320,0.000,0.000,0.000,18.900
2015-07-21 01:00:00,6.470,0.000,0.000,0.000,19.200
2015-07-21 02:00:00,6.400,0.000,0.000,0.000,19.400
2015-07-21 03:00:00,6.150,0.000,0.000,0.000,19.500
2015-07-21 04:00:00,6.440,3.000,0.000,3.000,19.700
2015-07-21 05:00:00,6.590,29.000,14.300,27.000,19.900
2015-07-21 06:00:00,7.370,93.000,73.100,72.000,20.700
2015-07-21 07:00:00,8.420,82.000,36.900,66.000,21.500
2015-07-21 08:00:00,7.900,117.000,33.300,98.000,22.100
2015-07-21 09:00:00,8.100,238.000,109.300,163.000,22.100
2015-07-21 10:00:00,8.460,437.000,325.300,185.000,23.400
2015-07-21 11:00:00,8.590,594.000,500.500,179.000,24.000
2015-07-21 12:00:00,8.530,619.000,479.800,213.000,24.700
2015-07-21 13:00:00,8.500,710.000,634.400,187.000,25.500
2015-07-21 14:00:00,8.410,699.000,712.100,154.000,26.000
2015-07-21 15:00:00,8.010,615.000,714.700,134.000,26.300
2015-07-21 16:00:00,7.310,469.000,633.900,118.000,26.100
2015-07-21 17:00:00,6.140,298.000,462.000,106.000,25.900
2015-07-21 18:00:00,4.970,141.000,246.300,75.000,25.100
2015-07-21 19:00:00,4.070,68.000,289.400,33.000,23.400
2015-07-21 20:00:00,2.780,3.000,19.100,2.000,21.200
2015-07-21 21:00:00,1.300,0.000,0.000,0.000,19.500
2015-07-21 22:00:00,1.080,0.000,0.000,0.000,18.400
2015-07-21 23:00:00,2.860,0.000,0.000,0.000,18.000
2015-07-22 00:00:00,4.130,0.000,0.000,0.000,17.200
2015-07-22 01:00:00,5.020,0.000,0.000,0.000,16.900
2015-07-22 02:00:00,5.020,0.000,0.000,0.000,16.700
2015-07-22 03:00:00,4.180,0.000,0.000,0.000,16.600
2015-07-22 04:00:00,4.600,5.000,0.000,5.000,16.700
2015-07-22 05:00:00,4.610,40.000,21.900,37.000,17.900
2015-07-22 06:00:00,4.260,89.000,70.300,69.000,19.200
2015-07-22 07:00:00,3.470,218.000,153.000,152.000,20.600
2015-07-22 08:00:00,4.080,337.000,269.500,184.000,22.100
2015-07-22 09:00:00,4.880,396.000,214.900,249.000,22.700
2015-07-22 10:00:00,5.910,431.000,187.700,286.000,23.900
2015-07-22 11:00:00,5.200,449.000,216.400,270.000,24.400
2015-07-22 12:00:00,5.640,516.000,277.100,282.000,25.100
2015-07-22 13:00:00,6.390,654.000,554.400,198.000,25.700
2015-07-22 14:00:00,6.460,586.000,555.400,162.000,26.100
2015-07-22 15:00:00,6.000,535.000,563.300,157.000,26.300
2015-07-22 16:00:00,5.660,419.000,542.000,120.000,26.200
2015-07-22 17:00:00,5.380,292.000,462.100,101.000,25.600
2015-07-22 18:00:00,5.440,143.000,226.000,83.000,24.400
2015-07-22 19:00:00,6.130,42.000,42.300,37.000,22.900
2015-07-22 20:00:00,6.650,2.000,0.000,2.000,21.400
2015-07-22 21:00:00,6.340,0.000,0.000,0.000,19.900
2015-07-22 22:00:00,5.040,0.000,0.000,0.000,19.000
2015-07-22 23:00:00,3.830,0.000,0.000,0.000,17.600
2015-07-23 00:00:00,3.140,0.000,0.000,0.000,16.300
2015-07-23 01:00:00,1.920,0.000,0.000,0.000,15.600
2015-07-23 02:00:00,1.600,0.000,0.000,0.000,14.800
2015-07-23 03:00:00,2.750,0.000,0.000,0.000,14.200
2015-07-23 04:00:00,3.830,5.000,19.100,4.000,14.600
2015-07-23 05:00:00,4.610,71.000,253.200,37.000,15.800
2015-07-23 06:00:00,4.600,191.000,422.100,72.000,17.900
2015-07-23 07:00:00,5.790,359.000,629.400,89.000,19.100
2015-07-23 08:00:00,6.630,454.000,624.200,101.000,19.600
2015-07-23 09:00:00,6.890,548.000,577.700,154.000,19.900
2015-07-23 10:00:00,6.610,623.000,602.100,159.000,21.200
2015-07-23 11:00:00,6.700,716.000,660.300,171.000,21.600
2015-07-23 12:00:00,6.540,695.000,631.500,163.000,22.200
2015-07-23 13:00:00,6.580,643.000,571.500,174.000,22.100
2015-07-23 14:00:00,6.610,566.000,522.700,168.000,22.000
2015-07-23 15:00:00,6.140,504.000,487.300,178.000,21.800
2015-07-23 16:00:00,5.610,392.000,445.900,147.000,21.100
2015-07-23 17:00:00,5.230,250.000,352.900,105.000,20.600
2015-07-23 18:00:00,4.660,130.000,224.400,71.000,19.800
2015-07-23 19:00:00,3.930,50.000,173.200,30.000,18.700
2015-07-23 20:00:00,3.310,3.000,0.000,3.000,16.700
2015-07-23 21:00:00,2.880,0.000,0.000,0.000,14.900
2015-07-23 22:00:00,3.050,0.000,0.000,0.000,13.100
2015-07-23 23:00:00,3.310,0.000,0.000,0.000,12.500
2015-07-24 00:00:00,3.420,0.000,0.000,0.000,12.000
2015-07-24 01:00:00,3.140,0.000,0.000,0.000,12.000
2015-07-24 02:00:00,3.400,0.000,0.000,0.000,11.900
2015-07-24 03:00:00,3.670,0.000,0.000,0.000,11.700
2015-07-24 04:00:00,4.200,4.000,19.100,3.000,11.900
2015-07-24 05:00:00,4.350,63.000,190.300,38.000,13.300
2015-07-24 06:00:00,4.370,153.000,232.800,88.000,15.300
2015-07-24 07:00:00,4.220,145.000,23.400,135.000,17.000
2015-07-24 08:00:00,4.520,229.000,67.500,191.000,18.800
2015-07-24 09:00:00,5.110,441.000,276.500,253.000,19.900
2015-07-24 10:00:00,5.680,611.000,520.400,211.000,22.000
2015-07-24 11:00:00,5.660,645.000,508.900,226.000,22.900
2015-07-24 12:00:00,6.040,596.000,409.300,252.000,23.400
2015-07-24 13:00:00,6.300,438.000,205.200,270.000,23.900
2015-07-24 14:00:00,6.360,340.000,164.600,215.000,24.400
2015-07-24 15:00:00,6.370,199.000,48.000,167.000,24.300
2015-07-24 16:00:00,6.730,184.000,85.900,137.000,24.400
2015-07-24 17:00:00,7.610,172.000,127.300,120.000,24.200
2015-07-24 18:00:00,8.000,107.000,107.600,79.000,23.700
2015-07-24 19:00:00,8.510,44.000,106.600,32.000,22.700
2015-07-24 20:00:00,9.040,1.000,0.000,1.000,21.900
2015-07-24 21:00:00,9.320,0.000,0.000,0.000,21.600
2015-07-24 22:00:00,9.640,0.000,0.000,0.000,21.500
2015-07-24 23:00:00,9.580,0.000,0.000,0.000,21.400
2015-07-25 00:00:00,8.270,0.000,0.000,0.000,20.800
2015-07-25 01:00:00,7.910,0.000,0.000,0.000,19.700
2015-07-25 02:00:00,6.550,0.000,0.000,0.000,18.200
2015-07-25 03:00:00,5.510,0.000,0.000,0.000,17.300
2015-07-25 04:00:00,5.350,3.000,0.000,3.000,17.000
2015-07-25 05:00:00,5.460,41.000,7.800,40.000,17.500
2015-07-25 06:00:00,6.800,107.000,79.600,85.000,18.600
2015-07-25 07:00:00,7.820,337.000,568.500,96.000,19.900
2015-07-25 08:00:00,9.230,472.000,652.700,106.000,21.200
2015-07-25 09:00:00,8.560,557.000,646.400,119.000,22.400
2015-07-25 10:00:00,9.000,484.000,397.900,179.000,23.100
2015-07-25 11:00:00,9.960,586.000,515.000,163.000,23.000
2015-07-25 12:00:00,11.810,550.000,460.400,164.000,22.300
2015-07-25 13:00:00,12.050,476.000,325.700,210.000,20.800
2015-07-25 14:00:00,13.310,447.000,392.200,150.000,19.600
2015-07-25 15:00:00,14.360,417.000,430.400,131.000,18.800
2015-07-25 16:00:00,14.810,360.000,429.600,126.000,18.000
2015-07-25 17:00:00,15.340,195.000,231.600,101.000,16.400
2015-07-25 18:00:00,15.240,16.000,0.000,16.000,14.500
2015-07-25 19:00:00,16.330,6.000,0.000,6.000,13.200
2015-07-25 20:00:00,16.990,0.000,0.000,0.000,12.800
2015-07-25 21:00:00,16.400,0.000,0.000,0.000,12.600
2015-07-25 22:00:00,15.700,0.000,0.000,0.000,13.100
2015-07-25 23:00:00,14.520,0.000,0.000,0.000,13.200
2015-07-26 00:00:00,13.670,0.000,0.000,0.000,13.200
2015-07-26 01:00:00,13.150,0.000,0.000,0.000,13.000
2015-07-26 02:00:00,12.220,0.000,0.000,0.000,12.400
2015-07-26 03:00:00,11.310,0.000,0.000,0.000,12.100
2015-07-26 04:00:00,10.020,2.000,0.000,2.000,11.800
2015-07-26 05:00:00,9.140,51.000,183.600,28.000,12.100
2015-07-26 06:00:00,10.000,156.000,329.000,66.000,12.900
2015-07-26 07:00:00,9.340,297.000,484.300,93.000,14.100
2015-07-26 08:00:00,8.550,355.000,422.700,119.000,14.800
2015-07-26 09:00:00,8.470,537.000,580.500,145.000,15.800
2015-07-26 10:00:00,7.340,561.000,498.500,180.000,17.000
2015-07-26 11:00:00,6.530,401.000,185.500,249.000,17.100
2015-07-26 12:00:00,6.020,328.000,74.100,266.000,17.600
2015-07-26 13:00:00,5.570,464.000,295.900,223.000,18.700
2015-07-26 14:00:00,5.140,299.000,63.600,251.000,19.200
2015-07-26 15:00:00,4.490,256.000,69.500,210.000,19.600
2015-07-26 16:00:00,3.610,218.000,51.600,190.000,20.000
2015-07-26 17:00:00,2.730,131.000,27.300,120.000,19.600
2015-07-26 18:00:00,2.940,94.000,15.700,90.000,18.700
2015-07-26 19:00:00,4.200,29.000,9.400,28.000,17.100
2015-07-26 20:00:00,5.170,1.000,0.000,1.000,15.900
2015-07-26 21:00:00,5.410,0.000,0.000,0.000,15.200
2015-07-26 22:00:00,5.330,0.000,0.000,0.000,15.000
2015-07-26 23:00:00,4.800,0.000,0.000,0.000,13.600
2015-07-27 00:00:00,5.280,0.000,0.000,0.000,13.000
2015-07-27 01:00:00,6.340,0.000,0.000,0.000,12.700
2015-07-27 02:00:00,6.640,0.000,0.000,0.000,12.800
2015-07-27 03:00:00,6.570,0.000,0.000,0.000,12.800
2015-07-27 04:00:00,6.480,1.000,0.000,1.000,13.000
2015-07-27 05:00:00,5.900,16.000,24.600,13.000,13.200
2015-07-27 06:00:00,5.920,34.000,0.000,34.000,13.500
2015-07-27 07:00:00,5.430,140.000,95.600,100.000,14.300
2015-07-27 08:00:00,5.750,245.000,178.100,146.000,15.700
2015-07-27 09:00:00,7.380,198.000,56.500,160.000,16.400
2015-07-27 10:00:00,3.480,215.000,42.000,183.000,16.500
2015-07-27 11:00:00,5.410,260.000,85.700,190.000,17.400
2015-07-27 12:00:00,6.200,583.000,491.500,173.000,19.500
2015-07-27 13:00:00,8.730,575.000,397.600,252.000,19.200
2015-07-27 14:00:00,9.230,294.000,138.100,190.000,16.900
2015-07-27 15:00:00,9.300,211.000,71.200,164.000,17.800
2015-07-27 16:00:00,8.350,288.000,194.600,183.000,17.600
2015-07-27 17:00:00,8.210,141.000,124.900,91.000,17.900
2015-07-27 18:00:00,10.240,126.000,250.500,63.000,17.200
2015-07-27 19:00:00,8.460,20.000,29.000,17.000,16.300
2015-07-27 20:00:00,8.380,1.000,0.000,1.000,15.900
2015-07-27 21:00:00,8.960,0.000,0.000,0.000,15.700
2015-07-27 22:00:00,9.580,0.000,0.000,0.000,15.600
2015-07-27 23:00:00,9.790,0.000,0.000,0.000,15.500
2015-07-28 00:00:00,9.960,0.000,0.000,0.000,15.500
2015-07-28 01:00:00,10.240,0.000,0.000,0.000,14.900
2015-07-28 02:00:00,9.870,0.000,0.000,0.000,14.700
2015-07-28 03:00:00,9.680,0.000,0.000,0.000,14.600
2015-07-28 04:00:00,9.740,1.000,0.000,1.000,14.400
2015-07-28 05:00:00,9.770,20.000,8.400,19.000,14.300
2015-07-28 06:00:00,10.150,80.000,71.000,61.000,14.700
2015-07-28 07:00:00,12.010,85.000,19.200,77.000,15.000
2015-07-28 08:00:00,11.590,143.000,23.500,130.000,15.500
2015-07-28 09:00:00,11.280,223.000,47.700,191.000,16.200
2015-07-28 10:00:00,9.540,397.000,243.500,212.000,17.100
2015-07-28 11:00:00,10.550,553.000,411.100,218.000,17.600
2015-07-28 12:00:00,11.030,664.000,530.000,223.000,18.000
2015-07-28 13:00:00,10.760,643.000,523.400,219.000,18.300
2015-07-28 14:00:00,11.160,578.000,547.600,167.000,18.800
2015-07-28 15:00:00,11.540,499.000,544.600,141.000,18.400
2015-07-28 16:00:00,11.330,359.000,478.700,102.000,17.800
2015-07-28 17:00:00,9.530,176.000,251.600,76.000,17.500
2015-07-28 18:00:00,9.890,112.000,201.300,62.000,17.100
2015-07-28 19:00:00,8.880,39.000,190.000,20.000,16.400
2015-07-28 20:00:00,8.410,1.000,0.000,1.000,15.800
2015-07-28 21:00:00,8.550,0.000,0.000,0.000,15.300
2015-07-28 22:00:00,9.750,0.000,0.000,0.000,14.800
2015-07-28 23:00:00,9.660,0.000,0.000,0.000,14.600
2015-07-29 00:00:00,9.860,0.000,0.000,0.000,14.300
2015-07-29 01:00:00,9.540,0.000,0.000,0.000,13.800
2015-07-29 02:00:00,9.020,0.000,0.000,0.000,13.400
2015-07-29 03:00:00,8.960,0.000,0.000,0.000,13.100
2015-07-29 04:00:00,8.910,2.000,0.000,2.000,12.900
2015-07-29 05:00:00,8.800,46.000,103.600,34.000,13.300
2015-07-29 06:00:00,9.020,99.000,60.400,83.000,13.900
2015-07-29 07:00:00,9.890,226.000,193.700,146.000,14.400
2015-07-29 08:00:00,8.700,282.000,219.800,161.000,15.100
2015-07-29 09:00:00,7.960,266.000,155.700,162.000,15.700
2015-07-29 10:00:00,7.650,621.000,649.600,129.000,16.500
2015-07-29 11:00:00,7.620,686.000,635.000,170.000,16.500
2015-07-29 12:00:00,9.390,748.000,640.000,217.000,16.700
2015-07-29 13:00:00,10.430,697.000,641.300,179.000,16.200
2015-07-29 14:00:00,9.900,492.000,360.900,222.000,15.200
2015-07-29 15:00:00,11.050,407.000,293.300,215.000,15.000
2015-07-29 16:00:00,10.560,324.000,308.900,159.000,15.500
2015-07-29 17:00:00,11.650,249.000,418.300,84.000,15.400
2015-07-29 18:00:00,9.870,131.000,305.800,56.000,14.700
2015-07-29 19:00:00,11.320,42.000,163.600,26.000,14.100
2015-07-29 20:00:00,12.020,1.000,0.000,1.000,13.700
2015-07-29 21:00:00,12.090,0.000,0.000,0.000,13.400
2015-07-29 22:00:00,11.890,0.000,0.000,0.000,13.300
2015-07-29 23:00:00,11.650,0.000,0.000,0.000,13.300
2015-07-30 00:00:00,11.420,0.000,0.000,0.000,13.100
2015-07-30 01:00:00,11.620,0.000,0.000,0.000,12.900
2015-07-30 02:00:00,11.590,0.000,0.000,0.000,12.800
2015-07-30 03:00:00,11.250,0.000,0.000,0.000,12.700
2015-07-30 04:00:00,10.910,2.000,0.000,2.000,12.500
2015-07-30 05:00:00,10.360,40.000,133.300,25.000,12.700
2015-07-30 06:00:00,10.280,142.000,248.400,77.000,13.200
2015-07-30 07:00:00,12.500,273.000,397.400,110.000,14.200
2015-07-30 08:00:00,11.550,398.000,511.100,118.000,14.800
2015-07-30 09:00:00,11.320,465.000,486.800,141.000,15.600
2015-07-30 10:00:00,9.140,471.000,434.400,143.000,15.900
2015-07-30 11:00:00,9.030,487.000,364.100,192.000,16.500
2015-07-30 12:00:00,9.110,450.000,343.300,166.000,16.900
2015-07-30 13:00:00,9.800,568.000,468.100,191.000,17.600
2015-07-30 14:00:00,9.920,485.000,430.600,164.000,17.600
2015-07-30 15:00:00,9.630,484.000,532.200,137.000,17.700
2015-07-30 16:00:00,9.220,320.000,384.000,116.000,17.300
2015-07-30 17:00:00,8.860,218.000,339.800,85.000,17.200
2015-07-30 18:00:00,8.070,148.000,363.700,60.000,16.400
2015-07-30 19:00:00,7.500,43.000,207.900,23.000,15.100
2015-07-30 20:00:00,7.250,1.000,0.000,1.000,14.000
2015-07-30 21:00:00,7.210,0.000,0.000,0.000,13.200
2015-07-30 22:00:00,7.760,0.000,0.000,0.000,12.100
2015-07-30 23:00:00,7.330,0.000,0.000,0.000,11.500
2015-07-31 00:00:00,7.130,0.000,0.000,0.000,11.300
2015-07-31 01:00:00,7.200,0.000,0.000,0.000,10.700
2015-07-31 02:00:00,7.000,0.000,0.000,0.000,10.300
2015-07-31 03:00:00,6.620,0.000,0.000,0.000,9.900
2015-07-31 04:00:00,6.540,2.000,0.000,2.000,9.700
2015-07-31 05:00:00,6.260,56.000,238.000,30.000,10.200
2015-07-31 06:00:00,5.470,178.000,441.000,64.000,11.600
2015-07-31 07:00:00,5.610,294.000,481.300,98.000,13.300
2015-07-31 08:00:00,5.470,361.000,436.600,123.000,14.300
2015-07-31 09:00:00,5.710,474.000,478.200,157.000,14.800
2015-07-31 10:00:00,4.790,483.000,330.900,234.000,15.500
2015-07-31 11:00:00,5.200,507.000,324.300,245.000,16.200
2015-07-31 12:00:00,5.300,389.000,164.900,253.000,16.500
2015-07-31 13:00:00,5.000,400.000,143.200,285.000,17.100
2015-07-31 14:00:00,4.310,349.000,107.700,269.000,17.400
2015-07-31 15:00:00,3.850,341.000,175.600,227.000,17.800
2015-07-31 16:00:00,3.440,250.000,92.700,201.000,17.700
2015-07-31 17:00:00,2.940,166.000,72.100,138.000,17.300
2015-07-31 18:00:00,2.420,131.000,209.600,81.000,16.900
2015-07-31 19:00:00,2.060,37.000,95.100,28.000,14.500
2015-07-31 20:00:00,2.690,0.000,0.000,0.000,12.100
2015-07-31 21:00:00,3.800,0.000,0.000,0.000,10.600
2015-07-31 22:00:00,4.690,0.000,0.000,0.000,9.600
2015-07-31 23:00:00,4.970,0.000,0.000,0.000,9.300
2015-08-01 00:00:00,5.220,0.000,0.000,0.000,8.600
2015-08-01 01:00:00,5.400,0.000,0.000,0.000,8.500
2015-08-01 02:00:00,5.620,0.000,0.000,0.000,8.500
2015-08-01 03:00:00,5.830,0.000,0.000,0.000,8.600
2015-08-01 04:00:00,5.870,1.000,0.000,1.000,8.700
2015-08-01 05:00:00,5.610,42.000,28.300,39.000,9.100
2015-08-01 06:00:00,5.230,132.000,74.400,113.000,10.900
2015-08-01 07:00:00,4.360,300.000,400.700,138.000,13.600
2015-08-01 08:00:00,4.270,475.000,641.600,127.000,16.300
2015-08-01 09:00:00,4.050,628.000,781.400,112.000,18.400
2015-08-01 10:00:00,3.960,735.000,828.000,114.000,20.000
2015-08-01 11:00:00,3.730,798.000,843.100,119.000,21.200
2015-08-01 12:00:00,3.530,818.000,849.900,119.000,22.400
2015-08-01 13:00:00,3.180,790.000,839.700,118.000,23.300
2015-08-01 14:00:00,3.130,722.000,826.700,110.000,24.100
2015-08-01 15:00:00,3.000,556.000,697.600,105.000,24.100
2015-08-01 16:00:00,2.110,383.000,525.400,107.000,24.200
2015-08-01 17:00:00,1.320,242.000,371.400,99.000,23.900
2015-08-01 18:00:00,3.000,104.000,216.900,53.000,22.800
2015-08-01 19:00:00,4.360,31.000,86.100,23.000,20.500
2015-08-01 20:00:00,5.010,0.000,0.000,0.000,17.900
2015-08-01 21:00:00,4.750,0.000,0.000,0.000,16.500
2015-08-01 22:00:00,2.900,0.000,0.000,0.000,15.500
2015-08-01 23:00:00,0.860,0.000,0.000,0.000,13.900
2015-08-02 00:00:00,1.730,0.000,0.000,0.000,13.600
2015-08-02 01:00:00,3.670,0.000,0.000,0.000,13.400
2015-08-02 02:00:00,4.880,0.000,0.000,0.000,12.200
2015-08-02 03:00:00,5.610,0.000,0.000,0.000,11.700
2015-08-02 04:00:00,5.270,1.000,0.000,1.000,10.800
2015-08-02 05:00:00,4.440,52.000,244.000,27.000,12.000
2015-08-02 06:00:00,3.350,181.000,479.800,60.000,14.600
2015-08-02 07:00:00,2.920,335.000,632.900,81.000,17.400
2015-08-02 08:00:00,3.000,487.000,726.400,95.000,19.700
2015-08-02 09:00:00,3.000,622.000,784.600,106.000,21.300
2015-08-02 10:00:00,2.690,727.000,821.400,113.000,22.000
2015-08-02 11:00:00,2.640,793.000,840.800,118.000,23.000
2015-08-02 12:00:00,2.420,807.000,820.800,134.000,23.900
2015-08-02 13:00:00,2.060,778.000,801.000,139.000,24.500
2015-08-02 14:00:00,1.890,690.000,728.100,153.000,24.900
2015-08-02 15:00:00,1.700,584.000,679.000,147.000,25.200
2015-08-02 16:00:00,1.610,449.000,618.500,126.000,25.100
2015-08-02 17:00:00,1.940,318.000,628.800,78.000,24.700
2015-08-02 18:00:00,3.110,165.000,457.800,59.000,23.500
2015-08-02 19:00:00,4.290,41.000,153.500,27.000,20.700
2015-08-02 20:00:00,5.520,0.000,0.000,0.000,18.200
2015-08-02 21:00:00,6.280,0.000,0.000,0.000,17.100
2015-08-02 22:00:00,6.890,0.000,0.000,0.000,16.000
2015-08-02 23:00:00,7.070,0.000,0.000,0.000,15.400
2015-08-03 00:00:00,6.930,0.000,0.000,0.000,14.800
2015-08-03 01:00:00,6.730,0.000,0.000,0.000,14.100
2015-08-03 02:00:00,6.960,0.000,0.000,0.000,13.500
2015-08-03 03:00:00,7.150,0.000,0.000,0.000,13.100
2015-08-03 04:00:00,7.020,1.000,0.000,1.000,13.100
2015-08-03 05:00:00,7.000,53.000,230.300,30.000,14.300
2015-08-03 06:00:00,6.740,177.000,461.900,62.000,17.000
2015-08-03 07:00:00,5.340,321.000,582.500,89.000,20.000
2015-08-03 08:00:00,5.240,475.000,693.000,103.000,22.800
2015-08-03 09:00:00,5.520,603.000,731.300,124.000,25.200
2015-08-03 10:00:00,5.080,715.000,809.500,112.000,27.900
2015-08-03 11:00:00,5.010,777.000,826.000,116.000,29.500
2015-08-03 12:00:00,4.810,796.000,830.700,117.000,30.500
2015-08-03 13:00:00,4.740,773.000,830.200,113.000,31.300
2015-08-03 14:00:00,4.900,698.000,793.500,115.000,31.800
2015-08-03 15:00:00,4.800,445.000,423.000,174.000,31.600
2015-08-03 16:00:00,4.720,402.000,535.600,124.000,31.800
2015-08-03 17:00:00,4.270,253.000,393.900,104.000,31.300
2015-08-03 18:00:00,5.280,136.000,311.500,65.000,30.100
2015-08-03 19:00:00,6.440,40.000,223.600,20.000,27.000
2015-08-03 20:00:00,7.350,0.000,0.000,0.000,24.600
2015-08-03 21:00:00,7.780,0.000,0.000,0.000,23.600
2015-08-03 22:00:00,8.110,0.000,0.000,0.000,22.300
2015-08-03 23:00:00,7.490,0.000,0.000,0.000,21.400
2015-08-04 00:00:00,6.950,0.000,0.000,0.000,20.600
2015-08-04 01:00:00,6.760,0.000,0.000,0.000,19.900
2015-08-04 02:00:00,6.640,0.000,0.000,0.000,19.300
2015-08-04 03:00:00,6.660,0.000,0.000,0.000,18.900
2015-08-04 04:00:00,7.020,1.000,0.000,1.000,18.400
2015-08-04 05:00:00,6.410,52.000,264.500,26.000,19.300
2015-08-04 06:00:00,5.900,175.000,463.900,61.000,21.900
2015-08-04 07:00:00,4.550,326.000,624.900,79.000,24.500
2015-08-04 08:00:00,4.030,470.000,700.500,96.000,27.300
2015-08-04 09:00:00,4.510,602.000,745.100,116.000,29.100
2015-08-04 10:00:00,3.830,680.000,683.100,173.000,30.900
2015-08-04 11:00:00,5.020,734.000,670.700,199.000,31.900
2015-08-04 12:00:00,5.970,613.000,419.800,271.000,31.100
2015-08-04 13:00:00,7.170,370.000,165.300,239.000,29.500
2015-08-04 14:00:00,8.380,337.000,103.800,261.000,27.500
2015-08-04 15:00:00,8.570,296.000,80.000,245.000,25.100
2015-08-04 16:00:00,7.520,152.000,11.600,146.000,22.800
2015-08-04 17:00:00,6.620,96.000,2.700,95.000,21.000
2015-08-04 18:00:00,6.890,39.000,4.500,38.000,19.500
2015-08-04 19:00:00,7.070,8.000,0.000,8.000,18.700
2015-08-04 20:00:00,7.100,0.000,0.000,0.000,17.800
2015-08-04 21:00:00,7.140,0.000,0.000,0.000,17.100
2015-08-04 22:00:00,6.670,0.000,0.000,0.000,17.000
2015-08-04 23:00:00,5.660,0.000,0.000,0.000,16.600
2015-08-05 00:00:00,4.730,0.000,0.000,0.000,16.000
2015-08-05 01:00:00,4.200,0.000,0.000,0.000,15.500
2015-08-05 02:00:00,4.300,0.000,0.000,0.000,15.100
2015-08-05 03:00:00,4.700,0.000,0.000,0.000,14.900
2015-08-05 04:00:00,4.600,0.000,0.000,0.000,14.100
2015-08-05 05:00:00,4.460,40.000,186.100,22.000,14.500
2015-08-05 06:00:00,3.640,130.000,292.800,59.000,15.800
2015-08-05 07:00:00,3.800,322.000,601.800,86.000,17.500
2015-08-05 08:00:00,4.390,461.000,653.400,114.000,19.300
2015-08-05 09:00:00,4.320,596.000,740.600,115.000,20.600
2015-08-05 10:00:00,3.980,652.000,649.000,172.000,21.700
2015-08-05 11:00:00,4.020,705.000,683.000,162.000,22.800
2015-08-05 12:00:00,3.040,775.000,777.100,144.000,23.600
2015-08-05 13:00:00,2.220,771.000,829.600,116.000,24.300
2015-08-05 14:00:00,1.640,702.000,808.000,113.000,24.900
2015-08-05 15:00:00,1.120,591.000,758.100,110.000,25.100
2015-08-05 16:00:00,0.710,436.000,603.000,127.000,25.300
2015-08-05 17:00:00,0.760,280.000,449.900,113.000,25.100
2015-08-05 18:00:00,1.730,147.000,372.000,65.000,24.100
2015-08-05 19:00:00,3.450,34.000,104.900,25.000,21.400
2015-08-05 20:00:00,5.500,0.000,0.000,0.000,19.800
2015-08-05 21:00:00,6.200,0.000,0.000,0.000,18.500
2015-08-05 22:00:00,7.500,0.000,0.000,0.000,17.500
2015-08-05 23:00:00,7.630,0.000,0.000,0.000,17.000
2015-08-06 00:00:00,7.510,0.000,0.000,0.000,16.700
2015-08-06 01:00:00,6.930,0.000,0.000,0.000,15.800
2015-08-06 02:00:00,6.720,0.000,0.000,0.000,15.500
2015-08-06 03:00:00,6.300,0.000,0.000,0.000,15.200
2015-08-06 04:00:00,6.220,0.000,0.000,0.000,15.100
2015-08-06 05:00:00,5.730,48.000,252.300,24.000,15.900
2015-08-06 06:00:00,4.660,167.000,434.800,63.000,18.400
2015-08-06 07:00:00,2.910,306.000,532.000,99.000,21.000
2015-08-06 08:00:00,2.600,447.000,592.700,134.000,23.600
2015-08-06 09:00:00,2.630,587.000,691.200,140.000,25.900
2015-08-06 10:00:00,3.050,705.000,796.700,118.000,28.300
2015-08-06 11:00:00,3.520,773.000,829.300,116.000,30.000
2015-08-06 12:00:00,3.540,796.000,842.700,114.000,31.400
2015-08-06 13:00:00,3.400,764.000,817.400,121.000,32.500
2015-08-06 14:00:00,3.600,678.000,775.500,115.000,33.100
2015-08-06 15:00:00,4.800,469.000,570.300,109.000,33.300
2015-08-06 16:00:00,4.160,310.000,381.100,116.000,33.200
2015-08-06 17:00:00,2.950,195.000,318.300,78.000,32.800
2015-08-06 18:00:00,2.530,116.000,286.300,54.000,31.300
2015-08-06 19:00:00,2.700,26.000,131.100,15.000,26.500
2015-08-06 20:00:00,2.960,0.000,0.000,0.000,23.700
2015-08-06 21:00:00,3.550,0.000,0.000,0.000,23.100
2015-08-06 22:00:00,2.960,0.000,0.000,0.000,21.900
2015-08-06 23:00:00,3.690,0.000,0.000,0.000,20.800
2015-08-07 00:00:00,4.280,0.000,0.000,0.000,20.800
2015-08-07 01:00:00,5.240,0.000,0.000,0.000,19.800
2015-08-07 02:00:00,6.510,0.000,0.000,0.000,19.200
2015-08-07 03:00:00,5.480,0.000,0.000,0.000,18.600
2015-08-07 04:00:00,4.960,0.000,0.000,0.000,17.800
2015-08-07 05:00:00,4.100,43.000,224.500,22.000,18.100
2015-08-07 06:00:00,3.790,142.000,360.400,57.000,19.800
2015-08-07 07:00:00,4.740,240.000,409.400,82.000,20.700
2015-08-07 08:00:00,5.040,362.000,476.100,112.000,21.900
2015-08-07 09:00:00,4.750,450.000,473.700,145.000,22.900
2015-08-07 10:00:00,4.220,519.000,512.200,143.000,24.700
2015-08-07 11:00:00,3.700,556.000,445.800,204.000,26.000
2015-08-07 12:00:00,4.900,661.000,607.600,171.000,27.600
2015-08-07 13:00:00,5.130,705.000,722.200,139.000,29.000
2015-08-07 14:00:00,3.180,604.000,647.400,136.000,29.600
2015-08-07 15:00:00,3.940,527.000,632.200,130.000,29.900
2015-08-07 16:00:00,4.710,388.000,544.000,113.000,30.000
2015-08-07 17:00:00,3.760,256.000,486.400,79.000,29.300
2015-08-07 18:00:00,3.900,139.000,409.100,52.000,28.100
2015-08-07 19:00:00,5.890,28.000,146.300,16.000,25.900
2015-08-07 20:00:00,6.810,0.000,0.000,0.000,24.300
2015-08-07 21:00:00,7.000,0.000,0.000,0.000,23.300
2015-08-07 22:00:00,6.310,0.000,0.000,0.000,22.400
2015-08-07 23:00:00,4.820,0.000,0.000,0.000,21.600
2015-08-08 00:00:00,3.420,0.000,0.000,0.000,21.100
2015-08-08 01:00:00,3.930,0.000,0.000,0.000,20.700
2015-08-08 02:00:00,4.900,0.000,0.000,0.000,20.500
2015-08-08 03:00:00,5.870,0.000,0.000,0.000,20.400
2015-08-08 04:00:00,4.850,0.000,0.000,0.000,20.000
2015-08-08 05:00:00,4.100,35.000,141.500,22.000,20.000
2015-08-08 06:00:00,4.330,133.000,288.200,66.000,20.600
2015-08-08 07:00:00,3.710,134.000,36.600,120.000,21.000
2015-08-08 08:00:00,3.260,256.000,226.000,138.000,21.600
2015-08-08 09:00:00,2.720,437.000,425.900,164.000,22.000
2015-08-08 10:00:00,3.760,353.000,177.800,223.000,22.700
2015-08-08 11:00:00,4.120,479.000,334.300,216.000,23.100
2015-08-08 12:00:00,5.260,347.000,190.400,194.000,23.000
2015-08-08 13:00:00,5.870,342.000,163.900,214.000,22.800
2015-08-08 14:00:00,5.760,355.000,227.900,191.000,22.400
2015-08-08 15:00:00,5.830,364.000,333.000,156.000,22.300
2015-08-08 16:00:00,5.380,292.000,306.800,138.000,22.000
2015-08-08 17:00:00,5.600,191.000,291.600,86.000,21.500
2015-08-08 18:00:00,6.280,93.000,158.200,60.000,21.000
2015-08-08 19:00:00,5.870,16.000,50.000,12.000,20.000
2015-08-08 20:00:00,4.510,0.000,0.000,0.000,18.700
2015-08-08 21:00:00,3.760,0.000,0.000,0.000,17.600
2015-08-08 22:00:00,3.980,0.000,0.000,0.000,16.200
2015-08-08 23:00:00,3.790,0.000,0.000,0.000,15.300
2015-08-09 00:00:00,3.510,0.000,0.000,0.000,14.500
2015-08-09 01:00:00,3.570,0.000,0.000,0.000,13.800
2015-08-09 02:00:00,3.540,0.000,0.000,0.000,13.000
2015-08-09 03:00:00,3.010,0.000,0.000,0.000,12.700
2015-08-09 04:00:00,2.460,0.000,0.000,0.000,12.100
2015-08-09 05:00:00,2.360,38.000,177.300,22.000,12.500
2015-08-09 06:00:00,2.380,159.000,440.800,58.000,14.600
2015-08-09 07:00:00,3.010,241.000,350.300,108.000,17.100
2015-08-09 08:00:00,3.610,397.000,508.500,133.000,19.400
2015-08-09 09:00:00,2.940,556.000,606.500,169.000,21.100
2015-08-09 10:00:00,3.550,616.000,565.600,204.000,22.300
2015-08-09 11:00:00,3.140,688.000,631.500,193.000,23.500
2015-08-09 12:00:00,2.810,635.000,488.300,244.000,24.800
2015-08-09 13:00:00,2.500,667.000,614.600,189.000,25.800
2015-08-09 14:00:00,2.750,539.000,474.500,199.000,26.200
2015-08-09 15:00:00,2.300,549.000,687.400,122.000,26.700
2015-08-09 16:00:00,2.950,402.000,586.000,110.000,26.900
2015-08-09 17:00:00,3.450,233.000,398.700,91.000,26.500
2015-08-09 18:00:00,4.850,124.000,303.200,62.000,25.200
2015-08-09 19:00:00,5.550,21.000,115.400,12.000,23.000
2015-08-09 20:00:00,5.650,0.000,0.000,0.000,21.700
2015-08-09 21:00:00,6.170,0.000,0.000,0.000,20.800
2015-08-09 22:00:00,6.920,0.000,0.000,0.000,20.100
2015-08-09 23:00:00,6.500,0.000,0.000,0.000,19.300
2015-08-10 00:00:00,5.810,0.000,0.000,0.000,18.800
2015-08-10 01:00:00,5.240,0.000,0.000,0.000,18.300
2015-08-10 02:00:00,5.320,0.000,0.000,0.000,17.900
2015-08-10 03:00:00,5.410,0.000,0.000,0.000,17.400
2015-08-10 04:00:00,5.280,0.000,0.000,0.000,17.200
2015-08-10 05:00:00,5.360,35.000,135.500,23.000,17.300
2015-08-10 06:00:00,5.210,146.000,367.800,63.000,18.300
2015-08-10 07:00:00,4.000,244.000,342.700,115.000,20.000
2015-08-10 08:00:00,3.410,434.000,629.800,109.000,22.300
2015-08-10 09:00:00,3.410,550.000,659.700,131.000,24.200
2015-08-10 10:00:00,3.060,616.000,639.600,152.000,26.100
2015-08-10 11:00:00,3.380,647.000,663.300,129.000,27.500
2015-08-10 12:00:00,3.940,657.000,613.000,168.000,28.700
2015-08-10 13:00:00,4.770,580.000,546.100,157.000,29.100
2015-08-10 14:00:00,5.230,548.000,602.900,118.000,29.700
2015-08-10 15:00:00,4.760,502.000,658.900,95.000,29.800
2015-08-10 16:00:00,4.680,360.000,523.700,101.000,29.600
2015-08-10 17:00:00,4.600,209.000,301.000,103.000,29.000
2015-08-10 18:00:00,4.660,93.000,229.700,47.000,27.800
2015-08-10 19:00:00,5.740,19.000,105.400,11.000,26.300
2015-08-10 20:00:00,6.650,0.000,0.000,0.000,24.700
2015-08-10 21:00:00,6.540,0.000,0.000,0.000,23.000
2015-08-10 22:00:00,7.340,0.000,0.000,0.000,20.200
2015-08-10 23:00:00,6.620,0.000,0.000,0.000,19.300
2015-08-11 00:00:00,6.840,0.000,0.000,0.000,18.600
2015-08-11 01:00:00,6.580,0.000,0.000,0.000,18.300
2015-08-11 02:00:00,5.330,0.000,0.000,0.000,18.200
2015-08-11 03:00:00,4.680,0.000,0.000,0.000,18.000
2015-08-11 04:00:00,4.920,0.000,0.000,0.000,17.700
2015-08-11 05:00:00,4.800,24.000,80.600,17.000,17.700
2015-08-11 06:00:00,4.340,109.000,130.500,80.000,18.200
2015-08-11 07:00:00,4.220,221.000,273.400,119.000,18.900
2015-08-11 08:00:00,3.760,323.000,323.600,157.000,19.400
2015-08-11 09:00:00,3.770,427.000,386.000,183.000,20.200
2015-08-11 10:00:00,3.320,440.000,204.900,292.000,22.000
2015-08-11 11:00:00,3.240,488.000,177.400,350.000,22.900
2015-08-11 12:00:00,3.540,506.000,269.300,292.000,24.000
2015-08-11 13:00:00,4.060,524.000,320.200,277.000,24.500
2015-08-11 14:00:00,4.390,569.000,450.900,249.000,25.400
2015-08-11 15:00:00,4.610,378.000,278.500,207.000,25.400
2015-08-11 16:00:00,4.370,326.000,360.700,149.000,25.200
2015-08-11 17:00:00,4.470,218.000,379.300,86.000,24.700
2015-08-11 18:00:00,4.850,92.000,173.600,58.000,23.600
2015-08-11 19:00:00,5.100,14.000,54.200,10.000,22.100
2015-08-11 20:00:00,4.920,0.000,0.000,0.000,21.100
2015-08-11 21:00:00,4.900,0.000,0.000,0.000,20.600
2015-08-11 22:00:00,5.600,0.000,0.000,0.000,19.900
2015-08-11 23:00:00,4.550,0.000,0.000,0.000,19.600
2015-08-12 00:00:00,4.130,0.000,0.000,0.000,19.000
2015-08-12 01:00:00,3.620,0.000,0.000,0.000,18.300
2015-08-12 02:00:00,3.480,0.000,0.000,0.000,17.800
2015-08-12 03:00:00,3.380,0.000,0.000,0.000,17.400
2015-08-12 04:00:00,3.440,0.000,0.000,0.000,17.200
2015-08-12 05:00:00,3.860,27.000,58.700,22.000,17.600
2015-08-12 06:00:00,3.600,109.000,114.300,84.000,18.300
2015-08-12 07:00:00,3.300,171.000,213.600,92.000,19.300
2015-08-12 08:00:00,3.320,224.000,125.600,160.000,20.400
2015-08-12 09:00:00,3.960,282.000,178.100,170.000,21.000
2015-08-12 10:00:00,4.120,227.000,23.600,210.000,21.100
2015-08-12 11:00:00,4.610,351.000,100.700,273.000,22.000
2015-08-12 12:00:00,4.100,312.000,40.400,280.000,22.200
2015-08-12 13:00:00,3.820,213.000,24.700,194.000,22.500
2015-08-12 14:00:00,3.960,185.000,8.500,179.000,22.700
2015-08-12 15:00:00,4.040,213.000,72.100,169.000,22.800
2015-08-12 16:00:00,4.330,174.000,61.600,144.000,22.600
2015-08-12 17:00:00,4.850,117.000,87.300,87.000,22.100
2015-08-12 18:00:00,4.880,80.000,182.800,45.000,21.500
2015-08-12 19:00:00,5.170,17.000,69.800,12.000,20.600
2015-08-12 20:00:00,5.310,0.000,0.000,0.000,19.800
2015-08-12 21:00:00,5.620,0.000,0.000,0.000,19.100
2015-08-12 22:00:00,5.740,0.000,0.000,0.000,18.500
2015-08-12 23:00:00,6.040,0.000,0.000,0.000,18.100
2015-08-13 00:00:00,5.730,0.000,0.000,0.000,17.500
2015-08-13 01:00:00,5.550,0.000,0.000,0.000,17.100
2015-08-13 02:00:00,5.780,0.000,0.000,0.000,16.800
2015-08-13 03:00:00,6.200,0.000,0.000,0.000,16.500
2015-08-13 04:00:00,6.550,0.000,0.000,0.000,16.200
2015-08-13 05:00:00,6.650,22.000,95.900,14.000,16.600
2015-08-13 06:00:00,6.220,103.000,213.900,57.000,17.400
2015-08-13 07:00:00,6.560,238.000,444.900,75.000,18.800
2015-08-13 08:00:00,6.830,363.000,489.600,115.000,20.000
2015-08-13 09:00:00,6.900,434.000,407.400,179.000,21.400
2015-08-13 10:00:00,6.680,583.000,576.600,170.000,23.400
2015-08-13 11:00:00,6.450,678.000,654.400,173.000,24.800
2015-08-13 12:00:00,6.070,705.000,694.000,158.000,26.000
2015-08-13 13:00:00,6.410,645.000,639.500,156.000,26.900
2015-08-13 14:00:00,6.330,444.000,324.500,216.000,27.400
2015-08-13 15:00:00,6.400,328.000,285.300,155.000,27.400
2015-08-13 16:00:00,7.140,361.000,495.200,122.000,27.700
2015-08-13 17:00:00,7.820,245.000,521.400,68.000,27.400
2015-08-13 18:00:00,8.270,117.000,374.600,47.000,26.500
2015-08-13 19:00:00,8.490,18.000,115.300,10.000,25.200
2015-08-13 20:00:00,8.930,0.000,0.000,0.000,23.800
2015-08-13 21:00:00,9.140,0.000,0.000,0.000,23.000
2015-08-13 22:00:00,8.950,0.000,0.000,0.000,22.100
2015-08-13 23:00:00,9.150,0.000,0.000,0.000,21.400
2015-08-14 00:00:00,9.140,0.000,0.000,0.000,21.000
2015-08-14 01:00:00,9.140,0.000,0.000,0.000,20.500
2015-08-14 02:00:00,9.360,0.000,0.000,0.000,20.300
2015-08-14 03:00:00,9.000,0.000,0.000,0.000,20.000
2015-08-14 04:00:00,8.130,0.000,0.000,0.000,19.900
2015-08-14 05:00:00,7.390,26.000,134.700,15.000,20.200
2015-08-14 06:00:00,7.220,133.000,383.000,52.000,21.000
2015-08-14 07:00:00,6.640,261.000,501.400,79.000,22.400
2015-08-14 08:00:00,6.490,360.000,484.900,116.000,23.900
2015-08-14 09:00:00,5.800,473.000,546.000,133.000,25.000
2015-08-14 10:00:00,3.480,466.000,426.300,162.000,26.400
2015-08-14 11:00:00,2.190,670.000,657.200,165.000,28.000
2015-08-14 12:00:00,1.610,653.000,532.600,235.000,29.000
2015-08-14 13:00:00,1.630,568.000,458.500,219.000,29.000
2015-08-14 14:00:00,1.860,543.000,515.000,183.000,28.500
2015-08-14 15:00:00,4.810,373.000,361.800,155.000,27.700
2015-08-14 16:00:00,4.500,204.000,154.700,130.000,27.000
2015-08-14 17:00:00,2.560,146.000,188.000,83.000,26.700
2015-08-14 18:00:00,2.950,68.000,126.200,45.000,25.400
2015-08-14 19:00:00,3.640,10.000,14.900,9.000,23.200
2015-08-14 20:00:00,4.700,0.000,0.000,0.000,21.700
2015-08-14 21:00:00,4.030,0.000,0.000,0.000,21.300
2015-08-14 22:00:00,1.170,0.000,0.000,0.000,20.200
2015-08-14 23:00:00,2.270,0.000,0.000,0.000,20.000
2015-08-15 00:00:00,1.210,0.000,0.000,0.000,19.600
2015-08-15 01:00:00,2.110,0.000,0.000,0.000,19.400
2015-08-15 02:00:00,2.880,0.000,0.000,0.000,19.400
2015-08-15 03:00:00,3.340,0.000,0.000,0.000,19.500
2015-08-15 04:00:00,4.310,0.000,0.000,0.000,19.400
2015-08-15 05:00:00,4.600,19.000,100.200,11.000,19.600
2015-08-15 06:00:00,5.080,98.000,231.000,50.000,20.500
2015-08-15 07:00:00,5.630,99.000,25.000,90.000,21.100
2015-08-15 08:00:00,5.870,263.000,170.000,178.000,21.200
2015-08-15 09:00:00,5.000,394.000,339.000,184.000,21.100
2015-08-15 10:00:00,3.630,535.000,504.300,177.000,23.200
2015-08-15 11:00:00,2.900,566.000,473.100,204.000,24.200
2015-08-15 12:00:00,2.630,694.000,643.700,191.000,24.800
2015-08-15 13:00:00,2.180,645.000,621.700,174.000,25.100
2015-08-15 14:00:00,1.840,499.000,368.200,243.000,25.000
2015-08-15 15:00:00,2.600,410.000,399.300,171.000,25.300
2015-08-15 16:00:00,2.560,356.000,510.300,114.000,25.300
2015-08-15 17:00:00,2.750,176.000,326.700,68.000,24.800
2015-08-15 18:00:00,2.300,94.000,287.300,43.000,24.000
2015-08-15 19:00:00,2.210,9.000,30.900,7.000,22.000
2015-08-15 20:00:00,3.000,0.000,0.000,0.000,20.700
2015-08-15 21:00:00,2.780,0.000,0.000,0.000,20.300
2015-08-15 22:00:00,1.680,0.000,0.000,0.000,19.300
2015-08-15 23:00:00,2.160,0.000,0.000,0.000,18.700
2015-08-16 00:00:00,2.860,0.000,0.000,0.000,18.100
2015-08-16 01:00:00,3.060,0.000,0.000,0.000,18.200
2015-08-16 02:00:00,2.980,0.000,0.000,0.000,17.900
2015-08-16 03:00:00,3.470,0.000,0.000,0.000,17.700
2015-08-16 04:00:00,3.550,0.000,0.000,0.000,17.500
2015-08-16 05:00:00,3.010,17.000,38.400,14.000,17.500
2015-08-16 06:00:00,2.500,64.000,29.400,58.000,17.900
2015-08-16 07:00:00,2.140,140.000,123.600,96.000,18.300
2015-08-16 08:00:00,2.020,218.000,122.900,157.000,19.100
2015-08-16 09:00:00,2.010,308.000,134.700,225.000,20.000
2015-08-16 10:00:00,2.240,293.000,77.800,238.000,21.400
2015-08-16 11:00:00,2.500,241.000,56.400,198.000,21.700
2015-08-16 12:00:00,2.530,227.000,20.600,211.000,22.200
2015-08-16 13:00:00,3.130,288.000,112.700,203.000,22.600
2015-08-16 14:00:00,3.770,299.000,143.200,200.000,22.900
2015-08-16 15:00:00,4.240,256.000,77.400,210.000,23.100
2015-08-16 16:00:00,3.920,174.000,53.200,149.000,23.000
2015-08-16 17:00:00,5.110,103.000,33.700,92.000,22.200
2015-08-16 18:00:00,5.860,22.000,0.000,22.000,20.900
2015-08-16 19:00:00,6.110,6.000,0.000,6.000,19.700
2015-08-16 20:00:00,5.530,0.000,0.000,0.000,19.300
2015-08-16 21:00:00,5.610,0.000,0.000,0.000,18.800
2015-08-16 22:00:00,5.390,0.000,0.000,0.000,19.000
2015-08-16 23:00:00,5.630,0.000,0.000,0.000,18.800
2015-08-17 00:00:00,5.120,0.000,0.000,0.000,18.600
2015-08-17 01:00:00,4.400,0.000,0.000,0.000,18.300
2015-08-17 02:00:00,3.890,0.000,0.000,0.000,18.100
2015-08-17 03:00:00,3.260,0.000,0.000,0.000,18.000
2015-08-17 04:00:00,2.960,0.000,0.000,0.000,18.000
2015-08-17 05:00:00,3.040,3.000,0.000,3.000,18.200
2015-08-17 06:00:00,2.340,18.000,10.000,16.000,18.600
2015-08-17 07:00:00,2.250,58.000,11.300,54.000,19.200
2015-08-17 08:00:00,1.570,103.000,16.200,95.000,19.800
2015-08-17 09:00:00,1.000,154.000,37.500,131.000,20.400
2015-08-17 10:00:00,0.220,143.000,18.500,130.000,19.600
2015-08-17 11:00:00,1.040,183.000,33.000,158.000,19.900
2015-08-17 12:00:00,1.920,184.000,36.200,156.000,20.600
2015-08-17 13:00:00,3.720,205.000,32.000,181.000,20.700
2015-08-17 14:00:00,5.420,225.000,52.400,189.000,20.700
2015-08-17 15:00:00,5.010,109.000,6.800,105.000,19.900
2015-08-17 16:00:00,4.300,55.000,4.300,53.000,18.900
2015-08-17 17:00:00,3.420,36.000,0.000,36.000,18.400
2015-08-17 18:00:00,3.280,10.000,0.000,10.000,17.600
2015-08-17 19:00:00,4.520,1.000,0.000,1.000,16.900
2015-08-17 20:00:00,4.930,0.000,0.000,0.000,16.200
2015-08-17 21:00:00,4.750,0.000,0.000,0.000,15.700
2015-08-17 22:00:00,2.910,0.000,0.000,0.000,15.800
2015-08-17 23:00:00,4.950,0.000,0.000,0.000,15.600
2015-08-18 00:00:00,5.460,0.000,0.000,0.000,15.400
2015-08-18 01:00:00,5.290,0.000,0.000,0.000,15.200
2015-08-18 02:00:00,6.400,0.000,0.000,0.000,15.000
2015-08-18 03:00:00,7.440,0.000,0.000,0.000,14.800
2015-08-18 04:00:00,6.890,0.000,0.000,0.000,14.900
2015-08-18 05:00:00,5.440,3.000,0.000,3.000,14.900
2015-08-18 06:00:00,5.080,23.000,0.000,23.000,14.900
2015-08-18 07:00:00,5.410,12.000,0.000,12.000,14.900
2015-08-18 08:00:00,5.580,20.000,0.000,20.000,14.900
2015-08-18 09:00:00,5.910,30.000,0.000,30.000,14.900
2015-08-18 10:00:00,4.530,47.000,0.000,47.000,15.000
2015-08-18 11:00:00,4.250,49.000,0.000,49.000,15.100
2015-08-18 12:00:00,3.490,97.000,1.300,96.000,15.600
2015-08-18 13:00:00,3.360,105.000,1.300,104.000,15.700
2015-08-18 14:00:00,3.310,72.000,0.000,72.000,15.900
2015-08-18 15:00:00,3.270,87.000,0.000,87.000,16.000
2015-08-18 16:00:00,2.970,65.000,0.000,65.000,15.900
2015-08-18 17:00:00,3.030,48.000,6.300,46.000,15.900
2015-08-18 18:00:00,3.210,28.000,6.100,27.000,15.700
2015-08-18 19:00:00,2.440,3.000,0.000,3.000,15.100
2015-08-18 20:00:00,2.150,0.000,0.000,0.000,14.800
2015-08-18 21:00:00,2.980,0.000,0.000,0.000,14.600
2015-08-18 22:00:00,2.310,0.000,0.000,0.000,14.100
2015-08-18 23:00:00,1.900,0.000,0.000,0.000,14.100
2015-08-19 00:00:00,2.120,0.000,0.000,0.000,14.100
2015-08-19 01:00:00,2.570,0.000,0.000,0.000,13.900
2015-08-19 02:00:00,3.300,0.000,0.000,0.000,14.000
2015-08-19 03:00:00,3.590,0.000,0.000,0.000,13.900
2015-08-19 04:00:00,3.750,0.000,0.000,0.000,13.800
2015-08-19 05:00:00,4.110,6.000,0.000,6.000,13.500
2015-08-19 06:00:00,4.100,47.000,10.400,45.000,13.800
2015-08-19 07:00:00,3.160,80.000,17.400,74.000,14.600
2015-08-19 08:00:00,2.620,121.000,69.900,87.000,15.500
2015-08-19 09:00:00,2.730,155.000,97.400,96.000,16.300
2015-08-19 10:00:00,2.440,287.000,178.000,163.000,17.100
2015-08-19 11:00:00,2.720,301.000,198.300,152.000,17.800
2015-08-19 12:00:00,2.620,286.000,207.200,127.000,18.400
2015-08-19 13:00:00,2.580,289.000,185.800,151.000,18.900
2015-08-19 14:00:00,2.470,163.000,33.900,140.000,18.700
2015-08-19 15:00:00,2.280,227.000,158.100,135.000,18.900
2015-08-19 16:00:00,1.970,165.000,197.200,75.000,18.900
2015-08-19 17:00:00,1.610,74.000,61.000,55.000,18.400
2015-08-19 18:00:00,2.190,31.000,50.700,23.000,17.700
2015-08-19 19:00:00,3.040,7.000,36.400,5.000,16.600
2015-08-19 20:00:00,2.860,0.000,0.000,0.000,16.100
2015-08-19 21:00:00,2.110,0.000,0.000,0.000,16.000
2015-08-19 22:00:00,1.840,0.000,0.000,0.000,15.400
2015-08-19 23:00:00,1.620,0.000,0.000,0.000,15.100
2015-08-20 00:00:00,1.030,0.000,0.000,0.000,15.000
2015-08-20 01:00:00,0.850,0.000,0.000,0.000,15.300
2015-08-20 02:00:00,0.850,0.000,0.000,0.000,15.100
2015-08-20 03:00:00,0.910,0.000,0.000,0.000,15.000
2015-08-20 04:00:00,0.400,0.000,0.000,0.000,15.000
2015-08-20 05:00:00,0.730,11.000,14.200,10.000,14.100
2015-08-20 06:00:00,1.710,59.000,47.600,50.000,14.800
2015-08-20 07:00:00,1.530,186.000,202.000,117.000,15.900
2015-08-20 08:00:00,1.490,290.000,271.400,159.000,17.100
2015-08-20 09:00:00,1.490,374.000,318.700,182.000,17.800
2015-08-20 10:00:00,0.780,363.000,251.100,189.000,19.600
2015-08-20 11:00:00,1.120,374.000,196.600,227.000,20.200
2015-08-20 12:00:00,1.400,418.000,227.900,244.000,20.700
2015-08-20 13:00:00,1.940,352.000,216.600,192.000,21.000
2015-08-20 14:00:00,2.660,382.000,238.400,221.000,21.300
2015-08-20 15:00:00,2.910,333.000,311.800,153.000,21.400
2015-08-20 16:00:00,2.520,339.000,507.000,110.000,21.500
2015-08-20 17:00:00,2.130,158.000,316.100,61.000,21.100
2015-08-20 18:00:00,2.260,81.000,281.700,38.000,19.800
2015-08-20 19:00:00,2.830,6.000,38.100,4.000,17.800
2015-08-20 20:00:00,3.340,0.000,0.000,0.000,17.000
2015-08-20 21:00:00,3.820,0.000,0.000,0.000,15.600
2015-08-20 22:00:00,5.020,0.000,0.000,0.000,14.700
2015-08-20 23:00:00,4.740,0.000,0.000,0.000,14.100
2015-08-21 00:00:00,4.270,0.000,0.000,0.000,13.600
2015-08-21 01:00:00,3.820,0.000,0.000,0.000,12.700
2015-08-21 02:00:00,3.600,0.000,0.000,0.000,11.800
2015-08-21 03:00:00,3.420,0.000,0.000,0.000,11.500
2015-08-21 04:00:00,3.400,0.000,0.000,0.000,11.200
2015-08-21 05:00:00,3.360,18.000,101.900,11.000,11.800
2015-08-21 06:00:00,3.180,123.000,405.100,48.000,13.700
2015-08-21 07:00:00,2.280,225.000,313.700,119.000,16.700
2015-08-21 08:00:00,1.780,402.000,582.400,123.000,19.200
2015-08-21 09:00:00,2.200,538.000,702.900,117.000,21.000
2015-08-21 10:00:00,2.780,661.000,797.800,111.000,22.300
2015-08-21 11:00:00,3.050,704.000,791.400,115.000,23.500
2015-08-21 12:00:00,3.000,615.000,604.200,156.000,24.200
2015-08-21 13:00:00,2.920,594.000,632.900,129.000,24.700
2015-08-21 14:00:00,2.880,542.000,621.400,125.000,25.000
2015-08-21 15:00:00,2.770,465.000,624.900,107.000,25.000
2015-08-21 16:00:00,2.550,329.000,507.900,102.000,25.000
2015-08-21 17:00:00,2.510,209.000,480.300,64.000,24.200
2015-08-21 18:00:00,3.160,82.000,284.800,40.000,21.900
2015-08-21 19:00:00,4.060,7.000,38.200,5.000,18.800
2015-08-21 20:00:00,4.750,0.000,0.000,0.000,17.500
2015-08-21 21:00:00,4.940,0.000,0.000,0.000,16.300
2015-08-21 22:00:00,5.380,0.000,0.000,0.000,14.800
2015-08-21 23:00:00,5.170,0.000,0.000,0.000,13.600
2015-08-22 00:00:00,4.470,0.000,0.000,0.000,12.600
2015-08-22 01:00:00,3.470,0.000,0.000,0.000,11.800
2015-08-22 02:00:00,3.240,0.000,0.000,0.000,11.300
2015-08-22 03:00:00,3.360,0.000,0.000,0.000,11.000
2015-08-22 04:00:00,3.760,0.000,0.000,0.000,10.600
2015-08-22 05:00:00,4.340,17.000,104.800,10.000,10.800
2015-08-22 06:00:00,4.610,122.000,402.700,49.000,13.300
2015-08-22 07:00:00,3.850,223.000,451.800,72.000,16.100
2015-08-22 08:00:00,3.010,388.000,599.500,103.000,19.300
2015-08-22 09:00:00,3.310,538.000,705.400,118.000,22.000
2015-08-22 10:00:00,4.100,643.000,761.100,121.000,24.000
2015-08-22 11:00:00,5.350,732.000,838.500,111.000,24.700
2015-08-22 12:00:00,5.070,747.000,834.800,116.000,25.100
2015-08-22 13:00:00,4.810,719.000,829.300,113.000,25.500
2015-08-22 14:00:00,4.870,638.000,782.900,116.000,25.500
2015-08-22 15:00:00,4.960,525.000,751.300,98.000,25.300
2015-08-22 16:00:00,4.900,378.000,655.800,88.000,25.100
2015-08-22 17:00:00,4.690,225.000,508.700,74.000,24.200
2015-08-22 18:00:00,5.260,87.000,351.500,37.000,22.400
2015-08-22 19:00:00,5.970,6.000,38.200,4.000,19.500
2015-08-22 20:00:00,6.130,0.000,0.000,0.000,17.800
2015-08-22 21:00:00,6.400,0.000,0.000,0.000,16.900
2015-08-22 22:00:00,6.820,0.000,0.000,0.000,16.100
2015-08-22 23:00:00,6.730,0.000,0.000,0.000,15.300
2015-08-23 00:00:00,6.550,0.000,0.000,0.000,14.700
2015-08-23 01:00:00,6.530,0.000,0.000,0.000,14.000
2015-08-23 02:00:00,6.570,0.000,0.000,0.000,13.200
2015-08-23 03:00:00,6.610,0.000,0.000,0.000,12.700
2015-08-23 04:00:00,6.950,0.000,0.000,0.000,12.300
2015-08-23 05:00:00,7.340,16.000,92.500,10.000,12.100
2015-08-23 06:00:00,6.920,120.000,417.200,46.000,14.100
2015-08-23 07:00:00,5.410,266.000,587.100,72.000,16.600
2015-08-23 08:00:00,5.260,417.000,695.200,89.000,19.100
2015-08-23 09:00:00,6.080,549.000,755.400,102.000,20.800
2015-08-23 10:00:00,7.020,652.000,794.500,110.000,22.200
2015-08-23 11:00:00,7.910,714.000,814.300,114.000,22.900
2015-08-23 12:00:00,8.260,730.000,813.800,118.000,23.400
2015-08-23 13:00:00,8.320,595.000,646.800,125.000,23.500
2015-08-23 14:00:00,8.420,585.000,695.900,124.000,23.700
2015-08-23 15:00:00,8.290,475.000,643.900,112.000,23.800
2015-08-23 16:00:00,7.570,309.000,482.400,98.000,23.500
2015-08-23 17:00:00,7.690,211.000,493.500,67.000,22.900
2015-08-23 18:00:00,7.750,83.000,335.900,37.000,21.600
2015-08-23 19:00:00,8.080,5.000,19.100,4.000,19.800
2015-08-23 20:00:00,8.460,0.000,0.000,0.000,18.800
2015-08-23 21:00:00,8.600,0.000,0.000,0.000,18.500
2015-08-23 22:00:00,8.150,0.000,0.000,0.000,17.900
2015-08-23 23:00:00,8.490,0.000,0.000,0.000,17.500
2015-08-24 00:00:00,8.610,0.000,0.000,0.000,17.100
2015-08-24 01:00:00,7.910,0.000,0.000,0.000,17.000
2015-08-24 02:00:00,7.060,0.000,0.000,0.000,16.700
2015-08-24 03:00:00,5.910,0.000,0.000,0.000,16.400
2015-08-24 04:00:00,5.660,0.000,0.000,0.000,16.000
2015-08-24 05:00:00,6.080,7.000,15.900,6.000,15.800
2015-08-24 06:00:00,5.850,58.000,74.900,45.000,16.200
2015-08-24 07:00:00,5.520,110.000,137.700,65.000,17.200
2015-08-24 08:00:00,6.100,298.000,410.100,106.000,18.200
2015-08-24 09:00:00,6.280,379.000,341.800,178.000,19.500
2015-08-24 10:00:00,2.930,477.000,386.100,215.000,21.300
2015-08-24 11:00:00,4.600,436.000,248.300,254.000,22.300
2015-08-24 12:00:00,6.630,490.000,413.100,181.000,23.300
2015-08-24 13:00:00,6.930,569.000,609.000,129.000,24.500
2015-08-24 14:00:00,5.850,551.000,653.400,121.000,26.000
2015-08-24 15:00:00,5.630,412.000,488.200,139.000,25.900
2015-08-24 16:00:00,6.260,181.000,217.400,87.000,22.900
2015-08-24 17:00:00,7.840,60.000,34.900,50.000,22.100
2015-08-24 18:00:00,9.490,57.000,205.100,30.000,21.300
2015-08-24 19:00:00,9.410,1.000,0.000,1.000,20.000
2015-08-24 20:00:00,9.010,0.000,0.000,0.000,19.300
2015-08-24 21:00:00,8.810,0.000,0.000,0.000,18.900
2015-08-24 22:00:00,7.860,0.000,0.000,0.000,18.200
2015-08-24 23:00:00,7.540,0.000,0.000,0.000,18.000
2015-08-25 00:00:00,7.600,0.000,0.000,0.000,17.900
2015-08-25 01:00:00,7.860,0.000,0.000,0.000,17.600
2015-08-25 02:00:00,8.350,0.000,0.000,0.000,17.100
2015-08-25 03:00:00,8.970,0.000,0.000,0.000,16.700
2015-08-25 04:00:00,9.300,0.000,0.000,0.000,16.400
2015-08-25 05:00:00,8.950,11.000,32.800,9.000,16.100
2015-08-25 06:00:00,8.820,86.000,241.800,45.000,16.100
2015-08-25 07:00:00,8.900,167.000,201.300,102.000,16.300
2015-08-25 08:00:00,9.540,200.000,129.200,140.000,16.900
2015-08-25 09:00:00,9.650,133.000,34.200,113.000,16.700
2015-08-25 10:00:00,10.590,386.000,277.100,199.000,17.900
2015-08-25 11:00:00,9.620,478.000,390.800,193.000,18.900
2015-08-25 12:00:00,10.420,529.000,516.100,145.000,19.200
2015-08-25 13:00:00,10.470,535.000,562.400,131.000,19.500
2015-08-25 14:00:00,9.840,434.000,437.600,148.000,19.100
2015-08-25 15:00:00,8.770,371.000,485.200,102.000,19.300
2015-08-25 16:00:00,7.320,302.000,488.800,93.000,19.100
2015-08-25 17:00:00,6.940,166.000,394.300,55.000,18.600
2015-08-25 18:00:00,6.390,51.000,110.900,37.000,17.400
2015-08-25 19:00:00,6.170,2.000,0.000,2.000,16.600
2015-08-25 20:00:00,6.440,0.000,0.000,0.000,16.500
2015-08-25 21:00:00,5.870,0.000,0.000,0.000,16.400
2015-08-25 22:00:00,6.400,0.000,0.000,0.000,15.600
2015-08-25 23:00:00,7.120,0.000,0.000,0.000,15.500
2015-08-26 00:00:00,6.830,0.000,0.000,0.000,15.600
2015-08-26 01:00:00,7.050,0.000,0.000,0.000,15.300
2015-08-26 02:00:00,7.690,0.000,0.000,0.000,15.600
2015-08-26 03:00:00,8.010,0.000,0.000,0.000,16.100
2015-08-26 04:00:00,8.050,0.000,0.000,0.000,16.100
2015-08-26 05:00:00,8.190,5.000,16.900,4.000,16.200
2015-08-26 06:00:00,7.880,38.000,24.200,34.000,16.800
2015-08-26 07:00:00,7.030,209.000,304.000,112.000,18.100
2015-08-26 08:00:00,6.530,341.000,447.100,135.000,19.800
2015-08-26 09:00:00,6.440,500.000,618.200,141.000,21.100
2015-08-26 10:00:00,6.220,603.000,688.500,141.000,22.500
2015-08-26 11:00:00,7.420,639.000,620.400,189.000,23.600
2015-08-26 12:00:00,7.920,564.000,472.900,214.000,24.500
2015-08-26 13:00:00,7.020,471.000,303.900,254.000,25.100
2015-08-26 14:00:00,6.810,372.000,184.900,252.000,25.700
2015-08-26 15:00:00,6.870,327.000,236.500,197.000,26.000
2015-08-26 16:00:00,6.320,317.000,489.900,110.000,26.100
2015-08-26 17:00:00,6.300,192.000,423.500,75.000,25.200
2015-08-26 18:00:00,6.810,63.000,173.700,42.000,23.700
2015-08-26 19:00:00,7.140,2.000,0.000,2.000,22.300
2015-08-26 20:00:00,7.570,0.000,0.000,0.000,21.600
2015-08-26 21:00:00,7.840,0.000,0.000,0.000,21.100
2015-08-26 22:00:00,8.150,0.000,0.000,0.000,20.400
2015-08-26 23:00:00,8.350,0.000,0.000,0.000,19.900
2015-08-27 00:00:00,8.700,0.000,0.000,0.000,19.600
2015-08-27 01:00:00,8.440,0.000,0.000,0.000,19.800
2015-08-27 02:00:00,7.520,0.000,0.000,0.000,19.800
2015-08-27 03:00:00,8.080,0.000,0.000,0.000,19.700
2015-08-27 04:00:00,8.940,0.000,0.000,0.000,19.900
2015-08-27 05:00:00,8.280,7.000,0.000,7.000,19.900
2015-08-27 06:00:00,7.500,33.000,18.600,30.000,20.100
2015-08-27 07:00:00,6.800,109.000,82.500,83.000,20.000
2015-08-27 08:00:00,6.650,160.000,52.500,136.000,20.200
2015-08-27 09:00:00,7.270,204.000,12.100,197.000,21.000
2015-08-27 10:00:00,6.720,155.000,3.000,153.000,20.600
2015-08-27 11:00:00,5.730,80.000,0.000,80.000,19.600
2015-08-27 12:00:00,4.380,109.000,0.000,109.000,19.500
2015-08-27 13:00:00,3.540,97.000,4.200,94.000,19.500
2015-08-27 14:00:00,3.110,79.000,0.000,79.000,19.000
2015-08-27 15:00:00,2.690,47.000,0.000,47.000,18.200
2015-08-27 16:00:00,3.310,32.000,0.000,32.000,17.600
2015-08-27 17:00:00,4.710,14.000,0.000,14.000,16.800
2015-08-27 18:00:00,4.540,6.000,0.000,6.000,16.200
2015-08-27 19:00:00,4.040,0.000,0.000,0.000,15.600
2015-08-27 20:00:00,4.340,0.000,0.000,0.000,15.100
2015-08-27 21:00:00,4.160,0.000,0.000,0.000,14.700
2015-08-27 22:00:00,4.510,0.000,0.000,0.000,14.600
2015-08-27 23:00:00,4.500,0.000,0.000,0.000,14.300
2015-08-28 00:00:00,4.120,0.000,0.000,0.000,14.000
2015-08-28 01:00:00,4.840,0.000,0.000,0.000,13.800
2015-08-28 02:00:00,5.000,0.000,0.000,0.000,13.600
2015-08-28 03:00:00,5.320,0.000,0.000,0.000,13.500
2015-08-28 04:00:00,5.240,0.000,0.000,0.000,13.400
2015-08-28 05:00:00,4.900,4.000,0.000,4.000,13.300
2015-08-28 06:00:00,5.440,67.000,152.200,43.000,13.900
2015-08-28 07:00:00,5.510,140.000,128.400,100.000,14.700
2015-08-28 08:00:00,4.720,198.000,105.900,150.000,15.300
2015-08-28 09:00:00,4.610,268.000,94.200,214.000,16.000
2015-08-28 10:00:00,3.620,268.000,61.800,227.000,16.700
2015-08-28 11:00:00,4.070,312.000,64.100,266.000,17.600
2015-08-28 12:00:00,4.220,294.000,164.000,174.000,18.100
2015-08-28 13:00:00,4.400,303.000,130.400,211.000,18.800
2015-08-28 14:00:00,4.270,260.000,107.800,191.000,19.400
2015-08-28 15:00:00,4.110,272.000,174.000,178.000,19.700
2015-08-28 16:00:00,3.980,144.000,72.700,114.000,19.500
2015-08-28 17:00:00,3.360,102.000,109.100,73.000,19.200
2015-08-28 18:00:00,3.490,40.000,109.100,28.000,17.900
2015-08-28 19:00:00,4.220,1.000,0.000,1.000,15.900
2015-08-28 20:00:00,4.610,0.000,0.000,0.000,15.000
2015-08-28 21:00:00,4.720,0.000,0.000,0.000,13.700
2015-08-28 22:00:00,4.610,0.000,0.000,0.000,13.100
2015-08-28 23:00:00,4.040,0.000,0.000,0.000,12.200
2015-08-29 00:00:00,3.710,0.000,0.000,0.000,11.700
2015-08-29 01:00:00,3.640,0.000,0.000,0.000,11.200
2015-08-29 02:00:00,3.220,0.000,0.000,0.000,10.600
2015-08-29 03:00:00,3.020,0.000,0.000,0.000,9.900
2015-08-29 04:00:00,3.050,0.000,0.000,0.000,9.500
2015-08-29 05:00:00,2.880,8.000,37.700,6.000,9.600
2015-08-29 06:00:00,3.050,95.000,338.400,43.000,11.500
2015-08-29 07:00:00,2.040,242.000,562.500,69.000,14.500
2015-08-29 08:00:00,1.500,389.000,674.300,86.000,17.200
2015-08-29 09:00:00,1.600,528.000,755.100,98.000,19.100
2015-08-29 10:00:00,2.390,627.000,783.900,110.000,20.600
2015-08-29 11:00:00,3.530,553.000,520.000,182.000,21.300
2015-08-29 12:00:00,3.790,522.000,371.000,252.000,22.200
2015-08-29 13:00:00,3.630,470.000,239.600,302.000,22.800
2015-08-29 14:00:00,3.400,511.000,500.500,193.000,23.500
2015-08-29 15:00:00,2.930,368.000,362.500,174.000,23.700
2015-08-29 16:00:00,1.910,302.000,451.800,118.000,23.800
2015-08-29 17:00:00,0.300,158.000,295.800,81.000,23.100
2015-08-29 18:00:00,0.720,47.000,187.300,27.000,21.200
2015-08-29 19:00:00,1.920,1.000,0.000,1.000,19.300
2015-08-29 20:00:00,3.320,0.000,0.000,0.000,18.400
2015-08-29 21:00:00,4.550,0.000,0.000,0.000,17.600
2015-08-29 22:00:00,5.750,0.000,0.000,0.000,16.800
2015-08-29 23:00:00,5.200,0.000,0.000,0.000,16.700
2015-08-30 00:00:00,4.520,0.000,0.000,0.000,16.100
2015-08-30 01:00:00,3.720,0.000,0.000,0.000,15.700
2015-08-30 02:00:00,2.950,0.000,0.000,0.000,15.800
2015-08-30 03:00:00,2.360,0.000,0.000,0.000,15.700
2015-08-30 04:00:00,3.060,0.000,0.000,0.000,15.700
2015-08-30 05:00:00,3.530,6.000,19.100,5.000,15.600
2015-08-30 06:00:00,3.060,78.000,260.700,39.000,16.500
2015-08-30 07:00:00,1.500,100.000,102.100,69.000,17.800
2015-08-30 08:00:00,3.140,170.000,134.700,110.000,19.800
2015-08-30 09:00:00,3.260,219.000,67.200,181.000,21.500
2015-08-30 10:00:00,2.930,383.000,205.900,248.000,22.700
2015-08-30 11:00:00,3.490,547.000,538.500,165.000,24.200
2015-08-30 12:00:00,3.660,649.000,709.100,136.000,25.900
2015-08-30 13:00:00,3.200,642.000,759.500,113.000,27.400
2015-08-30 14:00:00,3.110,556.000,699.300,115.000,28.300
2015-08-30 15:00:00,3.240,454.000,645.000,112.000,28.900
2015-08-30 16:00:00,2.690,275.000,430.300,102.000,28.800
2015-08-30 17:00:00,2.120,154.000,317.800,73.000,28.200
2015-08-30 18:00:00,1.430,38.000,76.900,30.000,26.700
2015-08-30 19:00:00,2.320,0.000,0.000,0.000,24.200
2015-08-30 20:00:00,2.370,0.000,0.000,0.000,22.600
2015-08-30 21:00:00,2.110,0.000,0.000,0.000,21.800
2015-08-30 22:00:00,2.550,0.000,0.000,0.000,20.600
2015-08-30 23:00:00,2.020,0.000,0.000,0.000,19.700
2015-08-31 00:00:00,2.470,0.000,0.000,0.000,19.500
2015-08-31 01:00:00,3.210,0.000,0.000,0.000,19.900
2015-08-31 02:00:00,3.620,0.000,0.000,0.000,19.800
2015-08-31 03:00:00,2.840,0.000,0.000,0.000,19.600
2015-08-31 04:00:00,1.430,0.000,0.000,0.000,18.500
2015-08-31 05:00:00,1.410,6.000,19.100,5.000,18.000
2015-08-31 06:00:00,2.800,78.000,240.500,43.000,19.300
2015-08-31 07:00:00,2.150,193.000,350.400,88.000,21.200
2015-08-31 08:00:00,1.960,341.000,538.900,103.000,23.300
2015-08-31 09:00:00,2.690,476.000,632.100,121.000,25.300
2015-08-31 10:00:00,3.610,582.000,670.700,145.000,26.700
2015-08-31 11:00:00,4.490,645.000,727.400,132.000,28.200
2015-08-31 12:00:00,5.100,666.000,751.000,126.000,29.600
2015-08-31 13:00:00,5.020,637.000,747.200,120.000,30.800
2015-08-31 14:00:00,5.240,557.000,704.700,116.000,31.700
2015-08-31 15:00:00,5.060,432.000,607.500,113.000,32.200
2015-08-31 16:00:00,5.600,268.000,355.400,127.000,31.800
2015-08-31 17:00:00,6.430,154.000,328.900,72.000,30.700
2015-08-31 18:00:00,7.730,46.000,138.200,32.000,28.100
2015-08-31 19:00:00,8.180,0.000,0.000,0.000,25.700
2015-08-31 20:00:00,7.940,0.000,0.000,0.000,24.200
2015-08-31 21:00:00,7.380,0.000,0.000,0.000,22.800
2015-08-31 22:00:00,6.140,0.000,0.000,0.000,22.400
2015-08-31 23:00:00,6.590,0.000,0.000,0.000,21.700
2015-09-01 00:00:00,6.310,0.000,0.000,0.000,21.100
2015-09-01 01:00:00,7.080,0.000,0.000,0.000,20.600
2015-09-01 02:00:00,7.000,0.000,0.000,0.000,20.500
2015-09-01 03:00:00,6.450,0.000,0.000,0.000,20.200
2015-09-01 04:00:00,7.220,0.000,0.000,0.000,19.800
2015-09-01 05:00:00,7.080,4.000,19.100,3.000,19.500
2015-09-01 06:00:00,6.430,55.000,162.600,32.000,19.600
2015-09-01 07:00:00,6.010,131.000,138.700,90.000,19.700
2015-09-01 08:00:00,5.820,178.000,116.500,127.000,19.700
2015-09-01 09:00:00,5.970,332.000,234.900,201.000,20.100
2015-09-01 10:00:00,5.640,384.000,256.400,218.000,20.100
2015-09-01 11:00:00,5.700,295.000,161.200,182.000,19.400
2015-09-01 12:00:00,6.260,258.000,84.000,198.000,18.700
2015-09-01 13:00:00,7.520,137.000,16.000,126.000,17.200
2015-09-01 14:00:00,6.990,71.000,0.000,71.000,15.600
2015-09-01 15:00:00,6.710,54.000,0.000,54.000,15.300
2015-09-01 16:00:00,6.930,30.000,0.000,30.000,15.500
2015-09-01 17:00:00,6.740,18.000,0.000,18.000,15.600
2015-09-01 18:00:00,6.720,9.000,0.000,9.000,15.500
2015-09-01 19:00:00,6.680,0.000,0.000,0.000,14.900
2015-09-01 20:00:00,6.630,0.000,0.000,0.000,14.300
2015-09-01 21:00:00,6.810,0.000,0.000,0.000,13.800
2015-09-01 22:00:00,8.060,0.000,0.000,0.000,13.400
2015-09-01 23:00:00,6.800,0.000,0.000,0.000,13.000
2015-09-02 00:00:00,6.990,0.000,0.000,0.000,12.400
2015-09-02 01:00:00,7.360,0.000,0.000,0.000,11.800
2015-09-02 02:00:00,7.320,0.000,0.000,0.000,11.600
2015-09-02 03:00:00,7.270,0.000,0.000,0.000,11.400
2015-09-02 04:00:00,7.280,0.000,0.000,0.000,11.100
2015-09-02 05:00:00,7.300,4.000,19.100,3.000,10.800
2015-09-02 06:00:00,7.110,77.000,262.100,41.000,12.000
2015-09-02 07:00:00,8.170,220.000,490.300,77.000,13.300
2015-09-02 08:00:00,6.910,324.000,468.100,121.000,14.700
2015-09-02 09:00:00,6.360,455.000,567.100,141.000,15.700
2015-09-02 10:00:00,5.850,548.000,626.300,145.000,17.100
2015-09-02 11:00:00,5.690,538.000,538.200,163.000,17.600
2015-09-02 12:00:00,5.960,392.000,205.600,246.000,18.100
2015-09-02 13:00:00,6.170,344.000,206.600,203.000,18.400
2015-09-02 14:00:00,6.310,315.000,212.700,184.000,18.700
2015-09-02 15:00:00,6.260,252.000,213.700,142.000,18.700
2015-09-02 16:00:00,5.410,225.000,316.300,103.000,18.700
2015-09-02 17:00:00,4.210,119.000,222.700,66.000,17.800
2015-09-02 18:00:00,3.860,31.000,136.000,18.000,16.100
2015-09-02 19:00:00,3.650,0.000,0.000,0.000,14.600
2015-09-02 20:00:00,3.590,0.000,0.000,0.000,13.900
2015-09-02 21:00:00,3.690,0.000,0.000,0.000,13.200
2015-09-02 22:00:00,3.600,0.000,0.000,0.000,11.600
2015-09-02 23:00:00,3.300,0.000,0.000,0.000,10.800
2015-09-03 00:00:00,2.960,0.000,0.000,0.000,10.300
2015-09-03 01:00:00,3.040,0.000,0.000,0.000,10.200
2015-09-03 02:00:00,3.260,0.000,0.000,0.000,10.000
2015-09-03 03:00:00,2.980,0.000,0.000,0.000,10.100
2015-09-03 04:00:00,2.810,0.000,0.000,0.000,10.100
2015-09-03 05:00:00,2.820,3.000,0.000,3.000,10.800
2015-09-03 06:00:00,2.500,58.000,157.700,37.000,11.300
2015-09-03 07:00:00,1.360,110.000,121.700,75.000,12.500
2015-09-03 08:00:00,1.140,164.000,79.100,130.000,13.600
2015-09-03 09:00:00,1.140,325.000,291.100,165.000,14.700
2015-09-03 10:00:00,1.640,506.000,563.200,146.000,15.900
2015-09-03 11:00:00,1.340,546.000,577.600,146.000,16.800
2015-09-03 12:00:00,1.390,557.000,540.000,176.000,17.300
2015-09-03 13:00:00,1.840,575.000,600.500,168.000,18.000
2015-09-03 14:00:00,2.640,453.000,453.500,176.000,18.200
2015-09-03 15:00:00,3.050,356.000,447.600,128.000,18.200
2015-09-03 16:00:00,2.480,246.000,394.600,96.000,17.700
2015-09-03 17:00:00,2.880,113.000,215.400,63.000,16.000
2015-09-03 18:00:00,3.980,31.000,140.200,18.000,14.100
2015-09-03 19:00:00,3.190,0.000,0.000,0.000,12.600
2015-09-03 20:00:00,3.180,0.000,0.000,0.000,11.900
2015-09-03 21:00:00,3.750,0.000,0.000,0.000,12.000
2015-09-03 22:00:00,3.480,0.000,0.000,0.000,10.900
2015-09-03 23:00:00,4.660,0.000,0.000,0.000,10.500
2015-09-04 00:00:00,4.920,0.000,0.000,0.000,10.300
2015-09-04 01:00:00,4.990,0.000,0.000,0.000,10.300
2015-09-04 02:00:00,5.360,0.000,0.000,0.000,10.600
2015-09-04 03:00:00,5.700,0.000,0.000,0.000,10.600
2015-09-04 04:00:00,5.610,0.000,0.000,0.000,10.700
2015-09-04 05:00:00,5.520,3.000,0.000,3.000,10.600
2015-09-04 06:00:00,5.730,67.000,178.300,44.000,11.300
2015-09-04 07:00:00,5.310,213.000,500.800,71.000,12.600
2015-09-04 08:00:00,5.800,361.000,632.000,92.000,13.800
2015-09-04 09:00:00,6.440,471.000,652.600,115.000,15.000
2015-09-04 10:00:00,6.440,524.000,626.700,126.000,16.000
2015-09-04 11:00:00,7.140,576.000,622.000,148.000,17.000
2015-09-04 12:00:00,8.130,520.000,519.300,156.000,17.400
2015-09-04 13:00:00,8.680,342.000,237.800,182.000,17.300
2015-09-04 14:00:00,8.380,287.000,198.100,167.000,17.100
2015-09-04 15:00:00,7.960,316.000,422.700,103.000,16.900
2015-09-04 16:00:00,7.160,208.000,333.700,83.000,16.500
2015-09-04 17:00:00,7.220,102.000,220.900,52.000,15.900
2015-09-04 18:00:00,8.090,29.000,133.700,17.000,15.200
2015-09-04 19:00:00,8.500,0.000,0.000,0.000,14.600
2015-09-04 20:00:00,8.980,0.000,0.000,0.000,14.000
2015-09-04 21:00:00,9.480,0.000,0.000,0.000,13.900
2015-09-04 22:00:00,10.040,0.000,0.000,0.000,13.600
2015-09-04 23:00:00,9.600,0.000,0.000,0.000,13.300
2015-09-05 00:00:00,9.710,0.000,0.000,0.000,12.900
2015-09-05 01:00:00,9.590,0.000,0.000,0.000,12.700
2015-09-05 02:00:00,10.160,0.000,0.000,0.000,12.700
2015-09-05 03:00:00,10.140,0.000,0.000,0.000,13.000
2015-09-05 04:00:00,9.100,0.000,0.000,0.000,12.500
2015-09-05 05:00:00,8.740,2.000,0.000,2.000,12.300
2015-09-05 06:00:00,8.830,52.000,144.200,34.000,12.800
2015-09-05 07:00:00,8.010,121.000,121.700,87.000,13.400
2015-09-05 08:00:00,8.140,218.000,270.400,104.000,14.100
2015-09-05 09:00:00,8.720,307.000,315.900,136.000,14.500
2015-09-05 10:00:00,10.020,314.000,285.400,134.000,15.200
2015-09-05 11:00:00,11.300,321.000,263.300,141.000,14.700
2015-09-05 12:00:00,9.720,341.000,221.200,187.000,15.100
2015-09-05 13:00:00,8.950,307.000,242.500,145.000,14.900
2015-09-05 14:00:00,8.600,268.000,264.800,109.000,14.700
2015-09-05 15:00:00,9.200,265.000,276.900,127.000,14.300
2015-09-05 16:00:00,9.470,195.000,300.900,84.000,14.300
2015-09-05 17:00:00,9.560,92.000,176.900,53.000,13.800
2015-09-05 18:00:00,9.700,28.000,138.200,16.000,13.000
2015-09-05 19:00:00,9.480,0.000,0.000,0.000,12.500
2015-09-05 20:00:00,10.000,0.000,0.000,0.000,11.900
2015-09-05 21:00:00,10.700,0.000,0.000,0.000,11.500
2015-09-05 22:00:00,11.300,0.000,0.000,0.000,11.200
2015-09-05 23:00:00,11.420,0.000,0.000,0.000,11.000
2015-09-06 00:00:00,11.900,0.000,0.000,0.000,11.100
2015-09-06 01:00:00,12.830,0.000,0.000,0.000,10.900
2015-09-06 02:00:00,12.320,0.000,0.000,0.000,10.600
2015-09-06 03:00:00,12.560,0.000,0.000,0.000,10.500
2015-09-06 04:00:00,12.360,0.000,0.000,0.000,10.400
2015-09-06 05:00:00,12.050,1.000,0.000,1.000,10.600
2015-09-06 06:00:00,11.960,29.000,74.600,20.000,11.000
2015-09-06 07:00:00,11.800,45.000,7.300,43.000,11.600
2015-09-06 08:00:00,10.840,148.000,119.800,98.000,12.300
2015-09-06 09:00:00,10.420,234.000,89.400,186.000,13.000
2015-09-06 10:00:00,10.160,379.000,324.100,176.000,14.500
2015-09-06 11:00:00,10.740,425.000,354.900,184.000,15.000
2015-09-06 12:00:00,10.480,471.000,364.400,219.000,15.600
2015-09-06 13:00:00,10.850,295.000,72.400,247.000,15.400
2015-09-06 14:00:00,11.550,287.000,238.600,145.000,14.700
2015-09-06 15:00:00,11.680,307.000,377.300,121.000,14.600
2015-09-06 16:00:00,11.150,166.000,214.800,88.000,14.500
2015-09-06 17:00:00,10.610,91.000,177.200,53.000,14.100
2015-09-06 18:00:00,9.680,23.000,119.300,13.000,13.100
2015-09-06 19:00:00,8.770,0.000,0.000,0.000,12.400
2015-09-06 20:00:00,8.200,0.000,0.000,0.000,11.900
2015-09-06 21:00:00,7.760,0.000,0.000,0.000,11.700
2015-09-06 22:00:00,7.320,0.000,0.000,0.000,11.500
2015-09-06 23:00:00,6.500,0.000,0.000,0.000,11.500
2015-09-07 00:00:00,5.910,0.000,0.000,0.000,11.300
2015-09-07 01:00:00,6.000,0.000,0.000,0.000,11.400
2015-09-07 02:00:00,6.590,0.000,0.000,0.000,11.500
2015-09-07 03:00:00,6.710,0.000,0.000,0.000,11.900
2015-09-07 04:00:00,7.690,0.000,0.000,0.000,11.900
2015-09-07 05:00:00,6.620,1.000,0.000,1.000,12.100
2015-09-07 06:00:00,6.350,17.000,0.000,17.000,12.300
2015-09-07 07:00:00,6.200,88.000,136.500,51.000,12.900
2015-09-07 08:00:00,5.730,208.000,261.400,100.000,13.600
2015-09-07 09:00:00,5.420,301.000,320.900,130.000,14.600
2015-09-07 10:00:00,4.880,507.000,580.300,146.000,15.900
2015-09-07 11:00:00,5.560,526.000,578.200,136.000,16.800
2015-09-07 12:00:00,6.110,586.000,655.200,136.000,17.500
2015-09-07 13:00:00,6.190,589.000,690.100,135.000,18.100
2015-09-07 14:00:00,5.830,476.000,618.700,111.000,18.100
2015-09-07 15:00:00,5.610,337.000,463.700,111.000,18.200
2015-09-07 16:00:00,4.940,205.000,282.700,104.000,17.900
2015-09-07 17:00:00,4.830,78.000,110.300,55.000,16.800
2015-09-07 18:00:00,5.090,20.000,86.600,13.000,15.200
2015-09-07 19:00:00,5.380,0.000,0.000,0.000,13.800
2015-09-07 20:00:00,5.660,0.000,0.000,0.000,13.100
2015-09-07 21:00:00,5.520,0.000,0.000,0.000,12.300
2015-09-07 22:00:00,5.950,0.000,0.000,0.000,11.100
2015-09-07 23:00:00,4.960,0.000,0.000,0.000,10.700
2015-09-08 00:00:00,4.400,0.000,0.000,0.000,10.000
2015-09-08 01:00:00,4.340,0.000,0.000,0.000,9.900
2015-09-08 02:00:00,4.590,0.000,0.000,0.000,9.800
2015-09-08 03:00:00,4.980,0.000,0.000,0.000,9.500
2015-09-08 04:00:00,5.020,0.000,0.000,0.000,9.300
2015-09-08 05:00:00,4.920,1.000,0.000,1.000,9.300
2015-09-08 06:00:00,4.620,59.000,258.600,30.000,9.900
2015-09-08 07:00:00,3.670,170.000,359.600,74.000,11.400
2015-09-08 08:00:00,3.830,213.000,190.700,135.000,13.000
2015-09-08 09:00:00,3.850,326.000,291.300,172.000,14.500
2015-09-08 10:00:00,3.420,342.000,251.000,187.000,15.500
2015-09-08 11:00:00,3.420,377.000,240.300,216.000,16.400
2015-09-08 12:00:00,3.500,297.000,95.300,232.000,17.000
2015-09-08 13:00:00,3.970,262.000,64.300,220.000,17.300
2015-09-08 14:00:00,4.330,197.000,47.900,169.000,17.400
2015-09-08 15:00:00,4.390,188.000,62.300,158.000,17.600
2015-09-08 16:00:00,4.310,132.000,108.100,94.000,17.400
2015-09-08 17:00:00,4.180,61.000,74.100,46.000,16.800
2015-09-08 18:00:00,4.440,12.000,38.500,9.000,16.000
2015-09-08 19:00:00,4.800,0.000,0.000,0.000,15.000
2015-09-08 20:00:00,5.160,0.000,0.000,0.000,14.500
2015-09-08 21:00:00,5.010,0.000,0.000,0.000,14.100
2015-09-08 22:00:00,4.800,0.000,0.000,0.000,13.300
2015-09-08 23:00:00,4.430,0.000,0.000,0.000,12.600
2015-09-09 00:00:00,4.240,0.000,0.000,0.000,11.600
2015-09-09 01:00:00,4.440,0.000,0.000,0.000,10.600
2015-09-09 02:00:00,4.610,0.000,0.000,0.000,9.800
2015-09-09 03:00:00,4.880,0.000,0.000,0.000,9.200
2015-09-09 04:00:00,5.060,0.000,0.000,0.000,8.100
2015-09-09 05:00:00,5.290,1.000,0.000,1.000,7.700
2015-09-09 06:00:00,5.070,60.000,265.300,31.000,8.700
2015-09-09 07:00:00,4.030,198.000,506.200,65.000,11.500
2015-09-09 08:00:00,3.860,353.000,652.200,89.000,13.800
2015-09-09 09:00:00,5.610,486.000,734.300,101.000,15.300
2015-09-09 10:00:00,5.220,536.000,637.700,145.000,16.200
2015-09-09 11:00:00,5.280,484.000,389.300,225.000,16.800
2015-09-09 12:00:00,4.840,361.000,175.800,242.000,17.100
2015-09-09 13:00:00,4.300,226.000,40.100,200.000,17.300
2015-09-09 14:00:00,3.910,201.000,58.700,167.000,17.500
2015-09-09 15:00:00,3.690,162.000,44.100,141.000,17.700
2015-09-09 16:00:00,3.680,172.000,165.000,115.000,17.700
2015-09-09 17:00:00,3.940,86.000,173.100,52.000,16.700
2015-09-09 18:00:00,4.520,18.000,80.200,12.000,14.300
2015-09-09 19:00:00,4.940,0.000,0.000,0.000,13.100
2015-09-09 20:00:00,5.060,0.000,0.000,0.000,12.200
2015-09-09 21:00:00,5.190,0.000,0.000,0.000,11.600
2015-09-09 22:00:00,5.410,0.000,0.000,0.000,10.700
2015-09-09 23:00:00,5.760,0.000,0.000,0.000,10.200
2015-09-10 00:00:00,5.700,0.000,0.000,0.000,9.900
2015-09-10 01:00:00,5.510,0.000,0.000,0.000,9.300
2015-09-10 02:00:00,5.360,0.000,0.000,0.000,8.500
2015-09-10 03:00:00,5.190,0.000,0.000,0.000,8.000
2015-09-10 04:00:00,5.370,0.000,0.000,0.000,7.600
2015-09-10 05:00:00,5.730,1.000,0.000,1.000,7.300
2015-09-10 06:00:00,5.350,59.000,279.800,29.000,8.200
2015-09-10 07:00:00,4.210,185.000,460.400,66.000,10.500
2015-09-10 08:00:00,4.390,283.000,441.900,106.000,12.400
2015-09-10 09:00:00,5.470,314.000,261.500,178.000,14.100
2015-09-10 10:00:00,4.460,376.000,271.100,211.000,15.600
2015-09-10 11:00:00,5.410,418.000,237.700,261.000,16.400
2015-09-10 12:00:00,5.300,455.000,401.700,185.000,17.300
2015-09-10 13:00:00,5.300,429.000,457.600,135.000,18.000
2015-09-10 14:00:00,5.020,341.000,374.800,126.000,18.000
2015-09-10 15:00:00,5.540,284.000,376.300,107.000,18.300
2015-09-10 16:00:00,5.510,196.000,353.300,76.000,18.200
2015-09-10 17:00:00,5.410,95.000,205.000,56.000,16.900
2015-09-10 18:00:00,5.900,13.000,55.800,9.000,15.200
2015-09-10 19:00:00,6.700,0.000,0.000,0.000,14.000
2015-09-10 20:00:00,6.690,0.000,0.000,0.000,13.200
2015-09-10 21:00:00,6.430,0.000,0.000,0.000,13.000
2015-09-10 22:00:00,6.910,0.000,0.000,0.000,11.800
2015-09-10 23:00:00,6.840,0.000,0.000,0.000,11.200
2015-09-11 00:00:00,6.040,0.000,0.000,0.000,10.700
2015-09-11 01:00:00,5.890,0.000,0.000,0.000,10.400
2015-09-11 02:00:00,6.070,0.000,0.000,0.000,10.100
2015-09-11 03:00:00,5.800,0.000,0.000,0.000,9.900
2015-09-11 04:00:00,5.730,0.000,0.000,0.000,9.700
2015-09-11 05:00:00,5.520,0.000,0.000,0.000,9.700
2015-09-11 06:00:00,5.200,40.000,66.600,33.000,10.200
2015-09-11 07:00:00,6.260,71.000,23.600,65.000,11.400
2015-09-11 08:00:00,6.280,154.000,95.900,116.000,12.400
2015-09-11 09:00:00,5.660,204.000,56.200,175.000,13.100
2015-09-11 10:00:00,4.590,277.000,74.500,232.000,14.100
2015-09-11 11:00:00,5.000,344.000,118.900,266.000,15.000
2015-09-11 12:00:00,5.730,352.000,118.400,273.000,15.700
2015-09-11 13:00:00,6.020,409.000,238.500,257.000,16.700
2015-09-11 14:00:00,5.790,337.000,269.300,184.000,16.900
2015-09-11 15:00:00,5.760,256.000,217.400,155.000,17.400
2015-09-11 16:00:00,5.750,184.000,227.800,108.000,17.400
2015-09-11 17:00:00,5.850,84.000,190.000,49.000,16.600
2015-09-11 18:00:00,6.050,12.000,43.700,9.000,15.500
2015-09-11 19:00:00,6.400,0.000,0.000,0.000,14.400
2015-09-11 20:00:00,5.770,0.000,0.000,0.000,13.900
2015-09-11 21:00:00,5.590,0.000,0.000,0.000,12.900
2015-09-11 22:00:00,5.730,0.000,0.000,0.000,12.200
2015-09-11 23:00:00,5.720,0.000,0.000,0.000,11.700
2015-09-12 00:00:00,5.000,0.000,0.000,0.000,11.500
2015-09-12 01:00:00,4.850,0.000,0.000,0.000,11.000
2015-09-12 02:00:00,5.140,0.000,0.000,0.000,11.300
2015-09-12 03:00:00,4.810,0.000,0.000,0.000,11.200
2015-09-12 04:00:00,4.790,0.000,0.000,0.000,11.000
2015-09-12 05:00:00,4.610,0.000,0.000,0.000,10.900
2015-09-12 06:00:00,4.000,45.000,184.500,26.000,11.300
2015-09-12 07:00:00,4.160,98.000,52.000,85.000,12.100
2015-09-12 08:00:00,4.160,185.000,76.500,155.000,12.800
2015-09-12 09:00:00,4.340,276.000,109.500,220.000,13.900
2015-09-12 10:00:00,4.240,390.000,276.900,224.000,15.600
2015-09-12 11:00:00,4.440,522.000,479.200,210.000,17.200
2015-09-12 12:00:00,4.660,564.000,518.000,221.000,18.500
2015-09-12 13:00:00,5.080,579.000,723.100,122.000,19.900
2015-09-12 14:00:00,5.330,487.000,638.100,128.000,20.700
2015-09-12 15:00:00,5.780,371.000,566.600,111.000,21.000
2015-09-12 16:00:00,5.800,208.000,344.800,95.000,20.600
2015-09-12 17:00:00,6.750,95.000,207.800,58.000,19.600
2015-09-12 18:00:00,7.750,10.000,30.500,8.000,18.500
2015-09-12 19:00:00,7.750,0.000,0.000,0.000,18.000
2015-09-12 20:00:00,7.080,0.000,0.000,0.000,17.800
2015-09-12 21:00:00,6.510,0.000,0.000,0.000,17.700
2015-09-12 22:00:00,5.640,0.000,0.000,0.000,17.000
2015-09-12 23:00:00,5.410,0.000,0.000,0.000,16.500
2015-09-13 00:00:00,5.190,0.000,0.000,0.000,16.200
2015-09-13 01:00:00,5.210,0.000,0.000,0.000,15.900
2015-09-13 02:00:00,5.450,0.000,0.000,0.000,16.000
2015-09-13 03:00:00,5.380,0.000,0.000,0.000,15.800
2015-09-13 04:00:00,5.090,0.000,0.000,0.000,15.600
2015-09-13 05:00:00,4.560,0.000,0.000,0.000,15.300
2015-09-13 06:00:00,4.690,38.000,99.200,28.000,15.700
2015-09-13 07:00:00,4.410,126.000,268.700,60.000,16.700
2015-09-13 08:00:00,4.080,304.000,536.600,96.000,17.700
2015-09-13 09:00:00,3.700,389.000,489.400,141.000,18.800
2015-09-13 10:00:00,2.850,394.000,349.600,186.000,19.700
2015-09-13 11:00:00,3.210,405.000,264.600,234.000,20.300
2015-09-13 12:00:00,3.030,282.000,126.300,199.000,20.800
2015-09-13 13:00:00,2.690,256.000,51.100,224.000,20.900
2015-09-13 14:00:00,2.690,204.000,35.900,184.000,20.700
2015-09-13 15:00:00,3.500,170.000,28.700,157.000,20.500
2015-09-13 16:00:00,4.650,83.000,3.100,82.000,19.800
2015-09-13 17:00:00,6.200,32.000,0.000,32.000,18.800
2015-09-13 18:00:00,7.160,2.000,0.000,2.000,18.200
2015-09-13 19:00:00,7.650,0.000,0.000,0.000,17.600
2015-09-13 20:00:00,7.940,0.000,0.000,0.000,17.500
2015-09-13 21:00:00,8.730,0.000,0.000,0.000,17.500
2015-09-13 22:00:00,8.170,0.000,0.000,0.000,17.200
2015-09-13 23:00:00,7.610,0.000,0.000,0.000,17.000
2015-09-14 00:00:00,6.720,0.000,0.000,0.000,16.800
2015-09-14 01:00:00,5.880,0.000,0.000,0.000,16.700
2015-09-14 02:00:00,5.310,0.000,0.000,0.000,16.000
2015-09-14 03:00:00,5.000,0.000,0.000,0.000,15.700
2015-09-14 04:00:00,5.340,0.000,0.000,0.000,15.100
2015-09-14 05:00:00,4.920,0.000,0.000,0.000,14.500
2015-09-14 06:00:00,4.720,27.000,30.400,24.000,15.400
2015-09-14 07:00:00,5.330,88.000,33.100,80.000,15.900
2015-09-14 08:00:00,4.650,122.000,23.500,113.000,16.600
2015-09-14 09:00:00,4.490,88.000,4.000,86.000,16.700
2015-09-14 10:00:00,5.690,91.000,0.000,91.000,16.700
2015-09-14 11:00:00,5.200,73.000,1.600,72.000,16.400
2015-09-14 12:00:00,5.530,73.000,12.300,65.000,16.300
2015-09-14 13:00:00,5.540,203.000,69.200,160.000,17.500
2015-09-14 14:00:00,5.530,253.000,74.300,212.000,18.300
2015-09-14 15:00:00,6.200,251.000,167.700,176.000,18.900
2015-09-14 16:00:00,5.770,218.000,418.100,86.000,19.200
2015-09-14 17:00:00,7.430,93.000,283.400,46.000,18.300
2015-09-14 18:00:00,8.000,9.000,33.600,7.000,17.500
2015-09-14 19:00:00,8.450,0.000,0.000,0.000,16.800
2015-09-14 20:00:00,8.320,0.000,0.000,0.000,16.100
2015-09-14 21:00:00,8.350,0.000,0.000,0.000,15.500
2015-09-14 22:00:00,8.510,0.000,0.000,0.000,14.900
2015-09-14 23:00:00,9.080,0.000,0.000,0.000,14.300
2015-09-15 00:00:00,9.310,0.000,0.000,0.000,13.700
2015-09-15 01:00:00,8.570,0.000,0.000,0.000,12.700
2015-09-15 02:00:00,8.200,0.000,0.000,0.000,12.000
2015-09-15 03:00:00,7.880,0.000,0.000,0.000,11.400
2015-09-15 04:00:00,7.780,0.000,0.000,0.000,11.000
2015-09-15 05:00:00,7.830,0.000,0.000,0.000,10.800
2015-09-15 06:00:00,7.960,45.000,227.800,23.000,11.500
2015-09-15 07:00:00,7.280,171.000,464.100,61.000,12.900
2015-09-15 08:00:00,8.950,311.000,578.100,92.000,14.000
2015-09-15 09:00:00,9.050,406.000,554.500,130.000,14.600
2015-09-15 10:00:00,8.240,409.000,414.900,166.000,15.000
2015-09-15 11:00:00,8.120,258.000,147.700,164.000,14.700
2015-09-15 12:00:00,8.610,209.000,34.000,187.000,14.000
2015-09-15 13:00:00,7.940,73.000,0.000,73.000,13.300
2015-09-15 14:00:00,9.550,77.000,14.700,69.000,14.600
2015-09-15 15:00:00,10.060,275.000,362.400,115.000,16.100
2015-09-15 16:00:00,9.400,221.000,471.300,75.000,16.400
2015-09-15 17:00:00,8.560,93.000,331.900,40.000,15.800
2015-09-15 18:00:00,8.460,9.000,53.200,6.000,14.600
2015-09-15 19:00:00,8.140,0.000,0.000,0.000,13.900
2015-09-15 20:00:00,7.540,0.000,0.000,0.000,13.300
2015-09-15 21:00:00,7.160,0.000,0.000,0.000,12.400
2015-09-15 22:00:00,7.430,0.000,0.000,0.000,12.200
2015-09-15 23:00:00,6.990,0.000,0.000,0.000,11.800
2015-09-16 00:00:00,7.200,0.000,0.000,0.000,11.500
2015-09-16 01:00:00,7.030,0.000,0.000,0.000,11.300
2015-09-16 02:00:00,7.210,0.000,0.000,0.000,11.300
2015-09-16 03:00:00,5.950,0.000,0.000,0.000,11.300
2015-09-16 04:00:00,6.380,0.000,0.000,0.000,11.600
2015-09-16 05:00:00,7.300,0.000,0.000,0.000,11.700
2015-09-16 06:00:00,8.020,7.000,0.000,7.000,11.800
2015-09-16 07:00:00,8.180,33.000,4.300,32.000,12.100
2015-09-16 08:00:00,7.940,44.000,2.700,43.000,12.500
2015-09-16 09:00:00,8.170,35.000,0.000,35.000,13.400
2015-09-16 10:00:00,8.140,61.000,0.000,61.000,13.700
2015-09-16 11:00:00,8.570,102.000,3.200,100.000,15.100
2015-09-16 12:00:00,7.840,185.000,15.600,175.000,16.600
2015-09-16 13:00:00,9.140,184.000,4.900,181.000,17.300
2015-09-16 14:00:00,8.950,150.000,9.300,145.000,17.400
2015-09-16 15:00:00,8.630,98.000,2.300,97.000,17.100
2015-09-16 16:00:00,8.220,79.000,42.800,66.000,17.100
2015-09-16 17:00:00,8.510,48.000,104.200,32.000,17.300
2015-09-16 18:00:00,9.510,4.000,0.000,4.000,17.200
2015-09-16 19:00:00,10.370,0.000,0.000,0.000,17.000
2015-09-16 20:00:00,11.100,0.000,0.000,0.000,17.000
2015-09-16 21:00:00,12.140,0.000,0.000,0.000,17.200
2015-09-16 22:00:00,12.760,0.000,0.000,0.000,18.500
2015-09-16 23:00:00,12.180,0.000,0.000,0.000,18.900
2015-09-17 00:00:00,12.130,0.000,0.000,0.000,19.100
2015-09-17 01:00:00,11.790,0.000,0.000,0.000,18.400
2015-09-17 02:00:00,11.380,0.000,0.000,0.000,17.100
2015-09-17 03:00:00,10.700,0.000,0.000,0.000,16.800
2015-09-17 04:00:00,11.110,0.000,0.000,0.000,17.000
2015-09-17 05:00:00,11.050,0.000,0.000,0.000,16.800
2015-09-17 06:00:00,9.940,21.000,54.200,16.000,16.900
2015-09-17 07:00:00,9.220,113.000,100.700,90.000,17.400
2015-09-17 08:00:00,8.360,202.000,135.100,152.000,18.000
2015-09-17 09:00:00,7.830,218.000,51.200,193.000,18.500
2015-09-17 10:00:00,6.260,152.000,6.900,148.000,18.100
2015-09-17 11:00:00,8.010,150.000,4.800,147.000,18.300
2015-09-17 12:00:00,7.750,119.000,0.000,119.000,18.100
2015-09-17 13:00:00,9.470,101.000,1.700,100.000,17.800
2015-09-17 14:00:00,8.680,75.000,1.900,74.000,17.400
2015-09-17 15:00:00,9.830,89.000,4.700,87.000,17.300
2015-09-17 16:00:00,9.790,70.000,3.400,69.000,17.100
2015-09-17 17:00:00,10.740,36.000,6.800,35.000,16.900
2015-09-17 18:00:00,10.740,4.000,0.000,4.000,16.200
2015-09-17 19:00:00,10.570,0.000,0.000,0.000,15.400
2015-09-17 20:00:00,11.550,0.000,0.000,0.000,14.700
2015-09-17 21:00:00,9.320,0.000,0.000,0.000,14.000
2015-09-17 22:00:00,9.300,0.000,0.000,0.000,13.700
2015-09-17 23:00:00,9.180,0.000,0.000,0.000,13.400
2015-09-18 00:00:00,8.320,0.000,0.000,0.000,13.000
2015-09-18 01:00:00,7.630,0.000,0.000,0.000,12.400
2015-09-18 02:00:00,7.220,0.000,0.000,0.000,11.800
2015-09-18 03:00:00,7.070,0.000,0.000,0.000,11.500
2015-09-18 04:00:00,7.140,0.000,0.000,0.000,11.400
2015-09-18 05:00:00,7.380,0.000,0.000,0.000,11.400
2015-09-18 06:00:00,7.440,35.000,177.700,19.000,11.700
2015-09-18 07:00:00,6.800,141.000,361.700,60.000,13.000
2015-09-18 08:00:00,6.660,281.000,511.500,94.000,14.200
2015-09-18 09:00:00,6.190,404.000,596.900,115.000,15.200
2015-09-18 10:00:00,4.780,472.000,607.100,125.000,16.400
2015-09-18 11:00:00,4.890,574.000,743.000,112.000,17.500
2015-09-18 12:00:00,4.830,519.000,589.100,147.000,18.400
2015-09-18 13:00:00,4.830,509.000,583.500,159.000,18.900
2015-09-18 14:00:00,5.060,331.000,328.900,157.000,19.100
2015-09-18 15:00:00,4.460,262.000,342.000,117.000,19.000
2015-09-18 16:00:00,3.280,195.000,373.600,86.000,18.700
2015-09-18 17:00:00,3.910,67.000,212.300,37.000,17.200
2015-09-18 18:00:00,4.750,4.000,19.100,3.000,15.100
2015-09-18 19:00:00,5.220,0.000,0.000,0.000,14.600
2015-09-18 20:00:00,5.630,0.000,0.000,0.000,14.000
2015-09-18 21:00:00,5.950,0.000,0.000,0.000,13.600
2015-09-18 22:00:00,7.060,0.000,0.000,0.000,12.900
2015-09-18 23:00:00,6.260,0.000,0.000,0.000,12.400
2015-09-19 00:00:00,5.420,0.000,0.000,0.000,12.100
2015-09-19 01:00:00,5.750,0.000,0.000,0.000,11.700
2015-09-19 02:00:00,6.230,0.000,0.000,0.000,11.400
2015-09-19 03:00:00,6.260,0.000,0.000,0.000,11.400
2015-09-19 04:00:00,5.830,0.000,0.000,0.000,11.500
2015-09-19 05:00:00,5.630,0.000,0.000,0.000,11.900
2015-09-19 06:00:00,5.360,25.000,56.900,20.000,11.800
2015-09-19 07:00:00,4.820,122.000,236.900,70.000,12.700
2015-09-19 08:00:00,4.190,225.000,376.600,89.000,13.400
2015-09-19 09:00:00,4.430,305.000,375.400,125.000,14.100
2015-09-19 10:00:00,3.910,192.000,109.400,130.000,14.400
2015-09-19 11:00:00,3.800,233.000,162.100,133.000,14.800
2015-09-19 12:00:00,3.400,294.000,223.600,154.000,15.200
2015-09-19 13:00:00,3.950,325.000,215.400,197.000,15.600
2015-09-19 14:00:00,3.800,247.000,129.900,179.000,14.300
2015-09-19 15:00:00,3.990,169.000,174.600,96.000,14.100
2015-09-19 16:00:00,3.900,119.000,143.500,78.000,14.400
2015-09-19 17:00:00,5.010,56.000,162.800,34.000,14.000
2015-09-19 18:00:00,5.590,3.000,19.100,2.000,12.600
2015-09-19 19:00:00,5.320,0.000,0.000,0.000,12.200
2015-09-19 20:00:00,5.590,0.000,0.000,0.000,11.800
2015-09-19 21:00:00,5.420,0.000,0.000,0.000,11.700
2015-09-19 22:00:00,6.350,0.000,0.000,0.000,11.100
2015-09-19 23:00:00,6.070,0.000,0.000,0.000,11.100
2015-09-20 00:00:00,5.820,0.000,0.000,0.000,10.700
2015-09-20 01:00:00,5.530,0.000,0.000,0.000,10.200
2015-09-20 02:00:00,5.740,0.000,0.000,0.000,10.100
2015-09-20 03:00:00,5.900,0.000,0.000,0.000,10.100
2015-09-20 04:00:00,6.410,0.000,0.000,0.000,10.200
2015-09-20 05:00:00,6.420,0.000,0.000,0.000,10.300
2015-09-20 06:00:00,6.500,25.000,116.800,15.000,10.500
2015-09-20 07:00:00,6.830,83.000,158.100,49.000,11.200
2015-09-20 08:00:00,6.620,187.000,258.000,95.000,12.300
2015-09-20 09:00:00,6.310,201.000,157.900,126.000,13.400
2015-09-20 10:00:00,6.440,316.000,275.900,161.000,14.500
2015-09-20 11:00:00,7.070,396.000,387.500,159.000,15.000
2015-09-20 12:00:00,7.510,409.000,412.300,153.000,14.800
2015-09-20 13:00:00,7.160,348.000,392.400,117.000,14.400
2015-09-20 14:00:00,7.480,280.000,313.000,118.000,14.400
2015-09-20 15:00:00,6.990,220.000,322.800,87.000,14.300
2015-09-20 16:00:00,6.660,153.000,325.600,62.000,14.100
2015-09-20 17:00:00,5.910,50.000,155.200,30.000,13.600
2015-09-20 18:00:00,5.590,2.000,0.000,2.000,12.700
2015-09-20 19:00:00,5.610,0.000,0.000,0.000,12.000
2015-09-20 20:00:00,5.700,0.000,0.000,0.000,11.700
2015-09-20 21:00:00,5.700,0.000,0.000,0.000,11.500
2015-09-20 22:00:00,5.200,0.000,0.000,0.000,11.300
2015-09-20 23:00:00,5.410,0.000,0.000,0.000,11.200
2015-09-21 00:00:00,5.310,0.000,0.000,0.000,11.100
2015-09-21 01:00:00,5.000,0.000,0.000,0.000,10.900
2015-09-21 02:00:00,4.910,0.000,0.000,0.000,10.600
2015-09-21 03:00:00,4.590,0.000,0.000,0.000,10.400
2015-09-21 04:00:00,4.680,0.000,0.000,0.000,10.500
2015-09-21 05:00:00,4.570,0.000,0.000,0.000,10.500
2015-09-21 06:00:00,4.610,16.000,36.000,13.000,10.900
2015-09-21 07:00:00,4.830,39.000,47.500,29.000,11.900
2015-09-21 08:00:00,4.480,95.000,45.500,79.000,12.500
2015-09-21 09:00:00,4.100,116.000,8.500,112.000,13.200
2015-09-21 10:00:00,3.400,122.000,7.200,118.000,13.700
2015-09-21 11:00:00,3.820,152.000,0.000,152.000,14.200
2015-09-21 12:00:00,4.280,256.000,69.900,213.000,15.200
2015-09-21 13:00:00,3.880,417.000,449.300,155.000,16.500
2015-09-21 14:00:00,4.080,334.000,402.600,128.000,17.100
2015-09-21 15:00:00,4.190,260.000,436.000,83.000,17.100
2015-09-21 16:00:00,3.750,157.000,333.000,66.000,16.500
2015-09-21 17:00:00,3.420,47.000,97.900,35.000,15.100
2015-09-21 18:00:00,3.620,1.000,0.000,1.000,13.600
2015-09-21 19:00:00,4.240,0.000,0.000,0.000,13.100
2015-09-21 20:00:00,4.910,0.000,0.000,0.000,13.000
2015-09-21 21:00:00,5.320,0.000,0.000,0.000,12.700
2015-09-21 22:00:00,5.460,0.000,0.000,0.000,11.900
2015-09-21 23:00:00,6.170,0.000,0.000,0.000,12.200
2015-09-22 00:00:00,6.990,0.000,0.000,0.000,12.400
2015-09-22 01:00:00,6.660,0.000,0.000,0.000,12.500
2015-09-22 02:00:00,6.200,0.000,0.000,0.000,12.500
2015-09-22 03:00:00,6.220,0.000,0.000,0.000,12.600
2015-09-22 04:00:00,6.490,0.000,0.000,0.000,12.700
2015-09-22 05:00:00,6.510,0.000,0.000,0.000,12.700
2015-09-22 06:00:00,6.650,18.000,61.600,13.000,12.500
2015-09-22 07:00:00,6.730,83.000,101.900,62.000,12.700
2015-09-22 08:00:00,6.400,192.000,299.300,88.000,13.500
2015-09-22 09:00:00,6.600,225.000,223.500,121.000,14.400
2015-09-22 10:00:00,5.020,320.000,248.200,183.000,14.700
2015-09-22 11:00:00,5.440,279.000,126.400,203.000,15.000
2015-09-22 12:00:00,4.690,258.000,41.000,233.000,15.400
2015-09-22 13:00:00,5.590,229.000,81.400,182.000,15.300
2015-09-22 14:00:00,5.910,179.000,27.700,165.000,14.600
2015-09-22 15:00:00,4.880,64.000,0.000,64.000,13.700
2015-09-22 16:00:00,4.500,34.000,0.000,34.000,13.300
2015-09-22 17:00:00,5.300,20.000,0.000,20.000,13.100
2015-09-22 18:00:00,5.200,1.000,0.000,1.000,12.500
2015-09-22 19:00:00,5.220,0.000,0.000,0.000,11.800
2015-09-22 20:00:00,5.700,0.000,0.000,0.000,11.400
2015-09-22 21:00:00,5.570,0.000,0.000,0.000,11.000
2015-09-22 22:00:00,5.380,0.000,0.000,0.000,11.200
2015-09-22 23:00:00,5.610,0.000,0.000,0.000,11.000
2015-09-23 00:00:00,5.530,0.000,0.000,0.000,11.400
2015-09-23 01:00:00,5.920,0.000,0.000,0.000,11.200
2015-09-23 02:00:00,6.000,0.000,0.000,0.000,10.800
2015-09-23 03:00:00,6.120,0.000,0.000,0.000,10.700
2015-09-23 04:00:00,6.260,0.000,0.000,0.000,10.500
2015-09-23 05:00:00,6.160,0.000,0.000,0.000,10.100
2015-09-23 06:00:00,5.710,20.000,76.000,14.000,9.900
2015-09-23 07:00:00,4.890,108.000,213.300,65.000,10.600
2015-09-23 08:00:00,5.200,217.000,297.500,115.000,11.500
2015-09-23 09:00:00,4.690,196.000,112.900,144.000,12.300
2015-09-23 10:00:00,3.320,294.000,162.700,205.000,13.100
2015-09-23 11:00:00,3.080,244.000,129.200,167.000,13.500
2015-09-23 12:00:00,3.050,349.000,315.900,158.000,14.100
2015-09-23 13:00:00,3.640,318.000,325.300,132.000,14.400
2015-09-23 14:00:00,4.080,348.000,404.100,146.000,14.600
2015-09-23 15:00:00,4.320,282.000,391.100,128.000,14.700
2015-09-23 16:00:00,4.690,132.000,172.600,87.000,14.100
2015-09-23 17:00:00,4.020,38.000,72.600,30.000,13.700
2015-09-23 18:00:00,4.110,1.000,0.000,1.000,12.400
2015-09-23 19:00:00,4.100,0.000,0.000,0.000,11.200
2015-09-23 20:00:00,4.680,0.000,0.000,0.000,10.900
2015-09-23 21:00:00,4.960,0.000,0.000,0.000,10.700
2015-09-23 22:00:00,5.230,0.000,0.000,0.000,10.500
2015-09-23 23:00:00,5.870,0.000,0.000,0.000,10.400
2015-09-24 00:00:00,6.030,0.000,0.000,0.000,10.300
2015-09-24 01:00:00,6.090,0.000,0.000,0.000,10.400
2015-09-24 02:00:00,6.370,0.000,0.000,0.000,10.300
2015-09-24 03:00:00,6.540,0.000,0.000,0.000,10.600
2015-09-24 04:00:00,6.400,0.000,0.000,0.000,10.700
2015-09-24 05:00:00,6.120,0.000,0.000,0.000,10.900
2015-09-24 06:00:00,5.800,16.000,52.200,12.000,11.400
2015-09-24 07:00:00,5.520,93.000,172.500,59.000,12.300
2015-09-24 08:00:00,6.850,239.000,446.500,88.000,13.500
2015-09-24 09:00:00,7.200,331.000,434.400,133.000,14.400
2015-09-24 10:00:00,7.260,341.000,302.600,177.000,15.400
2015-09-24 11:00:00,8.150,331.000,198.000,214.000,16.000
2015-09-24 12:00:00,8.280,284.000,76.800,238.000,16.600
2015-09-24 13:00:00,7.570,202.000,33.600,183.000,16.600
2015-09-24 14:00:00,7.510,154.000,30.400,139.000,16.700
2015-09-24 15:00:00,6.700,82.000,2.600,81.000,16.500
2015-09-24 16:00:00,6.720,74.000,11.800,71.000,16.100
2015-09-24 17:00:00,6.800,27.000,28.000,24.000,15.700
2015-09-24 18:00:00,7.050,0.000,0.000,0.000,15.100
2015-09-24 19:00:00,7.180,0.000,0.000,0.000,14.800
2015-09-24 20:00:00,7.260,0.000,0.000,0.000,14.500
2015-09-24 21:00:00,7.220,0.000,0.000,0.000,14.300
2015-09-24 22:00:00,6.860,0.000,0.000,0.000,14.300
2015-09-24 23:00:00,6.710,0.000,0.000,0.000,13.900
2015-09-25 00:00:00,6.180,0.000,0.000,0.000,13.700
2015-09-25 01:00:00,5.620,0.000,0.000,0.000,13.300
2015-09-25 02:00:00,5.110,0.000,0.000,0.000,12.700
2015-09-25 03:00:00,4.600,0.000,0.000,0.000,12.200
2015-09-25 04:00:00,4.040,0.000,0.000,0.000,12.000
2015-09-25 05:00:00,3.800,0.000,0.000,0.000,11.500
2015-09-25 06:00:00,4.140,15.000,80.600,9.000,11.500
2015-09-25 07:00:00,3.840,110.000,306.400,51.000,12.500
2015-09-25 08:00:00,3.550,227.000,422.800,86.000,13.500
2015-09-25 09:00:00,3.400,327.000,474.500,113.000,14.300
2015-09-25 10:00:00,3.160,389.000,486.100,128.000,15.300
2015-09-25 11:00:00,3.550,427.000,500.400,134.000,16.000
2015-09-25 12:00:00,4.110,457.000,551.000,130.000,16.500
2015-09-25 13:00:00,4.500,328.000,373.100,119.000,16.600
2015-09-25 14:00:00,4.610,198.000,149.600,125.000,16.100
2015-09-25 15:00:00,4.050,176.000,154.700,117.000,16.000
2015-09-25 16:00:00,3.580,100.000,149.100,63.000,15.500
2015-09-25 17:00:00,3.450,37.000,163.800,20.000,14.300
2015-09-25 18:00:00,3.400,0.000,0.000,0.000,13.000
2015-09-25 19:00:00,3.500,0.000,0.000,0.000,12.000
2015-09-25 20:00:00,3.760,0.000,0.000,0.000,11.600
2015-09-25 21:00:00,3.960,0.000,0.000,0.000,11.100
2015-09-25 22:00:00,4.960,0.000,0.000,0.000,9.600
2015-09-25 23:00:00,4.790,0.000,0.000,0.000,9.100
2015-09-26 00:00:00,4.520,0.000,0.000,0.000,9.100
2015-09-26 01:00:00,4.380,0.000,0.000,0.000,8.200
2015-09-26 02:00:00,4.070,0.000,0.000,0.000,7.800
2015-09-26 03:00:00,3.760,0.000,0.000,0.000,7.800
2015-09-26 04:00:00,3.470,0.000,0.000,0.000,7.000
2015-09-26 05:00:00,3.220,0.000,0.000,0.000,6.700
2015-09-26 06:00:00,3.190,19.000,110.900,11.000,7.100
2015-09-26 07:00:00,2.770,101.000,244.700,55.000,9.300
2015-09-26 08:00:00,2.250,190.000,298.100,92.000,11.800
2015-09-26 09:00:00,2.790,310.000,417.000,124.000,13.600
2015-09-26 10:00:00,2.120,348.000,419.300,125.000,14.700
2015-09-26 11:00:00,2.280,344.000,367.100,131.000,15.400
2015-09-26 12:00:00,3.070,382.000,404.800,144.000,15.700
2015-09-26 13:00:00,3.610,398.000,487.100,128.000,16.200
2015-09-26 14:00:00,3.670,371.000,547.900,107.000,16.000
2015-09-26 15:00:00,3.450,209.000,261.200,111.000,15.900
2015-09-26 16:00:00,3.350,138.000,243.900,79.000,15.500
2015-09-26 17:00:00,3.860,42.000,179.000,24.000,14.200
2015-09-26 18:00:00,4.620,0.000,0.000,0.000,12.300
2015-09-26 19:00:00,5.140,0.000,0.000,0.000,11.200
2015-09-26 20:00:00,5.150,0.000,0.000,0.000,10.500
2015-09-26 21:00:00,5.100,0.000,0.000,0.000,10.400
2015-09-26 22:00:00,5.020,0.000,0.000,0.000,9.200
2015-09-26 23:00:00,4.720,0.000,0.000,0.000,8.700
2015-09-27 00:00:00,4.610,0.000,0.000,0.000,8.300
2015-09-27 01:00:00,4.300,0.000,0.000,0.000,7.700
2015-09-27 02:00:00,3.800,0.000,0.000,0.000,7.100
2015-09-27 03:00:00,4.100,0.000,0.000,0.000,6.500
2015-09-27 04:00:00,4.400,0.000,0.000,0.000,5.800
2015-09-27 05:00:00,4.300,0.000,0.000,0.000,5.300
2015-09-27 06:00:00,3.910,16.000,85.900,10.000,5.500
2015-09-27 07:00:00,3.100,109.000,267.200,60.000,7.400
2015-09-27 08:00:00,2.220,207.000,293.100,112.000,10.200
2015-09-27 09:00:00,2.610,311.000,364.900,150.000,12.300
2015-09-27 10:00:00,3.400,427.000,525.900,150.000,14.000
2015-09-27 11:00:00,3.400,480.000,589.700,141.000,14.900
2015-09-27 12:00:00,3.110,373.000,341.700,174.000,15.200
2015-09-27 13:00:00,3.610,369.000,359.200,172.000,16.000
2015-09-27 14:00:00,4.080,304.000,321.600,151.000,16.000
2015-09-27 15:00:00,3.960,226.000,233.100,140.000,15.800
2015-09-27 16:00:00,3.450,125.000,216.500,74.000,15.200
2015-09-27 17:00:00,3.160,35.000,133.500,22.000,13.500
2015-09-27 18:00:00,3.240,0.000,0.000,0.000,11.300
2015-09-27 19:00:00,3.440,0.000,0.000,0.000,9.700
2015-09-27 20:00:00,3.720,0.000,0.000,0.000,8.600
2015-09-27 21:00:00,4.000,0.000,0.000,0.000,8.600
2015-09-27 22:00:00,3.910,0.000,0.000,0.000,8.200
2015-09-27 23:00:00,3.410,0.000,0.000,0.000,7.500
2015-09-28 00:00:00,3.130,0.000,0.000,0.000,6.500
2015-09-28 01:00:00,2.630,0.000,0.000,0.000,5.600
2015-09-28 02:00:00,2.600,0.000,0.000,0.000,5.400
2015-09-28 03:00:00,2.910,0.000,0.000,0.000,5.100
2015-09-28 04:00:00,2.850,0.000,0.000,0.000,4.500
2015-09-28 05:00:00,2.750,0.000,0.000,0.000,4.600
2015-09-28 06:00:00,2.580,16.000,88.800,10.000,4.500
2015-09-28 07:00:00,2.080,115.000,363.500,50.000,6.600
2015-09-28 08:00:00,0.820,201.000,310.000,102.000,9.300
2015-09-28 09:00:00,0.600,363.000,586.800,107.000,11.600
2015-09-28 10:00:00,0.910,484.000,730.500,103.000,13.900
2015-09-28 11:00:00,1.480,540.000,762.100,106.000,15.100
2015-09-28 12:00:00,1.910,467.000,582.700,131.000,16.000
2015-09-28 13:00:00,2.060,448.000,521.500,165.000,16.600
2015-09-28 14:00:00,2.460,361.000,498.200,127.000,16.800
2015-09-28 15:00:00,3.010,288.000,534.700,94.000,16.700
2015-09-28 16:00:00,3.450,164.000,445.000,62.000,16.000
2015-09-28 17:00:00,4.180,41.000,212.500,21.000,13.500
2015-09-28 18:00:00,4.630,0.000,0.000,0.000,11.300
2015-09-28 19:00:00,5.160,0.000,0.000,0.000,10.200
2015-09-28 20:00:00,5.560,0.000,0.000,0.000,9.600
2015-09-28 21:00:00,5.690,0.000,0.000,0.000,9.000
2015-09-28 22:00:00,5.520,0.000,0.000,0.000,8.300
2015-09-28 23:00:00,5.440,0.000,0.000,0.000,7.600
2015-09-29 00:00:00,5.310,0.000,0.000,0.000,6.900
2015-09-29 01:00:00,5.060,0.000,0.000,0.000,6.500
2015-09-29 02:00:00,4.880,0.000,0.000,0.000,6.000
2015-09-29 03:00:00,5.190,0.000,0.000,0.000,5.900
2015-09-29 04:00:00,5.500,0.000,0.000,0.000,5.300
2015-09-29 05:00:00,5.350,0.000,0.000,0.000,5.500
2015-09-29 06:00:00,5.380,12.000,61.300,8.000,5.900
2015-09-29 07:00:00,5.380,102.000,275.600,54.000,7.900
2015-09-29 08:00:00,4.590,206.000,362.400,92.000,10.600
2015-09-29 09:00:00,5.120,379.000,651.500,98.000,12.700
2015-09-29 10:00:00,6.100,461.000,648.700,126.000,14.400
2015-09-29 11:00:00,5.710,459.000,556.700,145.000,14.900
2015-09-29 12:00:00,5.610,375.000,324.000,190.000,15.300
2015-09-29 13:00:00,5.600,329.000,268.300,185.000,15.700
2015-09-29 14:00:00,6.020,237.000,157.500,164.000,15.900
2015-09-29 15:00:00,5.830,169.000,123.400,125.000,15.900
2015-09-29 16:00:00,5.150,102.000,143.600,70.000,15.100
2015-09-29 17:00:00,5.120,28.000,110.000,18.000,13.500
2015-09-29 18:00:00,5.790,0.000,0.000,0.000,11.600
2015-09-29 19:00:00,6.560,0.000,0.000,0.000,10.700
2015-09-29 20:00:00,7.150,0.000,0.000,0.000,10.200
2015-09-29 21:00:00,7.380,0.000,0.000,0.000,9.900
2015-09-29 22:00:00,6.890,0.000,0.000,0.000,9.000
2015-09-29 23:00:00,6.660,0.000,0.000,0.000,8.400
2015-09-30 00:00:00,6.460,0.000,0.000,0.000,8.000
2015-09-30 01:00:00,6.070,0.000,0.000,0.000,7.300
2015-09-30 02:00:00,5.770,0.000,0.000,0.000,6.700
2015-09-30 03:00:00,5.690,0.000,0.000,0.000,6.300
2015-09-30 04:00:00,5.460,0.000,0.000,0.000,6.000
2015-09-30 05:00:00,5.360,0.000,0.000,0.000,5.600
2015-09-30 06:00:00,5.100,13.000,63.600,9.000,5.500
2015-09-30 07:00:00,4.710,110.000,371.500,47.000,7.400
2015-09-30 08:00:00,3.830,231.000,455.100,90.000,9.400
2015-09-30 09:00:00,3.540,311.000,368.200,154.000,11.000
2015-09-30 10:00:00,3.040,432.000,530.100,161.000,12.800
2015-09-30 11:00:00,3.350,524.000,746.500,107.000,14.500
2015-09-30 12:00:00,4.120,521.000,700.500,125.000,15.600
2015-09-30 13:00:00,4.140,487.000,719.600,105.000,16.200
2015-09-30 14:00:00,4.390,331.000,402.100,147.000,16.300
2015-09-30 15:00:00,4.700,246.000,391.000,109.000,16.200
2015-09-30 16:00:00,4.480,146.000,373.900,65.000,15.600
2015-09-30 17:00:00,5.010,31.000,148.200,18.000,13.600
2015-09-30 18:00:00,5.780,0.000,0.000,0.000,11.400
2015-09-30 19:00:00,6.130,0.000,0.000,0.000,10.400
2015-09-30 20:00:00,6.260,0.000,0.000,0.000,9.600
2015-09-30 21:00:00,6.120,0.000,0.000,0.000,9.000
2015-09-30 22:00:00,5.500,0.000,0.000,0.000,7.500
2015-09-30 23:00:00,5.220,0.000,0.000,0.000,6.900
2015-10-01 00:00:00,4.820,0.000,0.000,0.000,6.300
2015-10-01 01:00:00,4.510,0.000,0.000,0.000,5.900
2015-10-01 02:00:00,4.300,0.000,0.000,0.000,5.100
2015-10-01 03:00:00,4.300,0.000,0.000,0.000,4.600
2015-10-01 04:00:00,4.500,0.000,0.000,0.000,4.000
2015-10-01 05:00:00,4.570,0.000,0.000,0.000,3.400
2015-10-01 06:00:00,4.240,12.000,66.000,8.000,3.700
2015-10-01 07:00:00,3.730,112.000,388.000,48.000,6.000
2015-10-01 08:00:00,2.400,251.000,577.000,75.000,9.500
2015-10-01 09:00:00,2.240,385.000,712.000,85.000,12.200
2015-10-01 10:00:00,2.820,485.000,776.700,92.000,14.500
2015-10-01 11:00:00,3.520,538.000,799.000,96.000,15.400
2015-10-01 12:00:00,3.160,545.000,795.100,100.000,15.900
2015-10-01 13:00:00,2.980,504.000,775.300,97.000,16.300
2015-10-01 14:00:00,3.440,418.000,728.700,89.000,16.600
2015-10-01 15:00:00,3.420,296.000,639.200,76.000,16.400
2015-10-01 16:00:00,3.110,157.000,484.900,55.000,15.600
2015-10-01 17:00:00,3.140,34.000,201.200,17.000,12.900
2015-10-01 18:00:00,3.010,0.000,0.000,0.000,10.700
2015-10-01 19:00:00,2.870,0.000,0.000,0.000,8.900
2015-10-01 20:00:00,2.620,0.000,0.000,0.000,7.900
2015-10-01 21:00:00,2.420,0.000,0.000,0.000,6.600
2015-10-01 22:00:00,2.310,0.000,0.000,0.000,7.800
2015-10-01 23:00:00,1.750,0.000,0.000,0.000,6.900
2015-10-02 00:00:00,1.080,0.000,0.000,0.000,6.100
2015-10-02 01:00:00,0.640,0.000,0.000,0.000,5.100
2015-10-02 02:00:00,0.800,0.000,0.000,0.000,4.100
2015-10-02 03:00:00,1.100,0.000,0.000,0.000,3.200
2015-10-02 04:00:00,1.400,0.000,0.000,0.000,2.500
2015-10-02 05:00:00,1.660,0.000,0.000,0.000,2.600
2015-10-02 06:00:00,1.920,10.000,51.500,7.000,2.100
2015-10-02 07:00:00,2.000,93.000,305.700,44.000,3.800
2015-10-02 08:00:00,1.750,221.000,456.300,84.000,6.700
2015-10-02 09:00:00,1.300,338.000,535.600,115.000,10.200
2015-10-02 10:00:00,1.730,424.000,567.100,140.000,13.500
2015-10-02 11:00:00,1.910,515.000,684.600,140.000,15.400
2015-10-02 12:00:00,2.100,548.000,814.100,97.000,16.700
2015-10-02 13:00:00,2.530,505.000,793.700,93.000,17.400
2015-10-02 14:00:00,3.010,415.000,734.100,88.000,17.900
2015-10-02 15:00:00,3.510,293.000,642.000,76.000,17.700
2015-10-02 16:00:00,4.570,153.000,485.000,54.000,16.700
2015-10-02 17:00:00,5.790,31.000,184.400,16.000,13.600
2015-10-02 18:00:00,6.260,0.000,0.000,0.000,11.500
2015-10-02 19:00:00,6.300,0.000,0.000,0.000,10.300
2015-10-02 20:00:00,6.610,0.000,0.000,0.000,9.600
2015-10-02 21:00:00,6.720,0.000,0.000,0.000,8.600
2015-10-02 22:00:00,6.820,0.000,0.000,0.000,7.900
2015-10-02 23:00:00,6.530,0.000,0.000,0.000,7.500
2015-10-03 00:00:00,6.380,0.000,0.000,0.000,6.900
2015-10-03 01:00:00,6.180,0.000,0.000,0.000,6.500
2015-10-03 02:00:00,6.240,0.000,0.000,0.000,5.900
2015-10-03 03:00:00,6.400,0.000,0.000,0.000,5.500
2015-10-03 04:00:00,6.480,0.000,0.000,0.000,5.200
2015-10-03 05:00:00,6.300,0.000,0.000,0.000,5.000
2015-10-03 06:00:00,5.650,10.000,53.600,7.000,5.000
2015-10-03 07:00:00,5.140,103.000,385.500,43.000,7.200
2015-10-03 08:00:00,4.200,229.000,541.600,69.000,10.400
2015-10-03 09:00:00,3.830,362.000,685.500,80.000,13.200
2015-10-03 10:00:00,3.730,454.000,736.500,89.000,15.600
2015-10-03 11:00:00,3.550,503.000,745.000,99.000,17.100
2015-10-03 12:00:00,2.920,503.000,729.500,103.000,18.200
2015-10-03 13:00:00,2.200,459.000,699.500,100.000,18.800
2015-10-03 14:00:00,2.270,380.000,653.200,93.000,19.100
2015-10-03 15:00:00,2.330,253.000,512.300,83.000,18.800
2015-10-03 16:00:00,2.690,122.000,262.700,70.000,17.700
2015-10-03 17:00:00,2.550,22.000,51.200,18.000,15.100
2015-10-03 18:00:00,2.270,0.000,0.000,0.000,13.300
2015-10-03 19:00:00,2.450,0.000,0.000,0.000,11.900
2015-10-03 20:00:00,3.400,0.000,0.000,0.000,11.400
2015-10-03 21:00:00,4.330,0.000,0.000,0.000,10.500
2015-10-03 22:00:00,5.190,0.000,0.000,0.000,10.400
2015-10-03 23:00:00,5.330,0.000,0.000,0.000,10.000
2015-10-04 00:00:00,5.400,0.000,0.000,0.000,9.600
2015-10-04 01:00:00,5.740,0.000,0.000,0.000,9.500
2015-10-04 02:00:00,5.850,0.000,0.000,0.000,9.400
2015-10-04 03:00:00,5.050,0.000,0.000,0.000,9.100
2015-10-04 04:00:00,5.070,0.000,0.000,0.000,9.000
2015-10-04 05:00:00,5.440,0.000,0.000,0.000,8.100
2015-10-04 06:00:00,5.250,8.000,37.300,6.000,8.200
2015-10-04 07:00:00,5.170,93.000,304.600,47.000,9.700
2015-10-04 08:00:00,4.250,216.000,481.800,76.000,11.900
2015-10-04 09:00:00,3.920,307.000,438.100,129.000,13.900
2015-10-04 10:00:00,4.200,413.000,546.600,145.000,15.700
2015-10-04 11:00:00,4.330,431.000,437.800,196.000,16.600
2015-10-04 12:00:00,4.690,440.000,506.800,165.000,17.400
2015-10-04 13:00:00,4.490,420.000,540.100,146.000,17.700
2015-10-04 14:00:00,4.240,354.000,556.100,113.000,17.800
2015-10-04 15:00:00,3.910,247.000,463.600,96.000,17.700
2015-10-04 16:00:00,3.800,127.000,359.800,58.000,16.500
2015-10-04 17:00:00,3.650,23.000,119.900,14.000,13.700
2015-10-04 18:00:00,2.790,0.000,0.000,0.000,12.700
2015-10-04 19:00:00,1.660,0.000,0.000,0.000,12.400
2015-10-04 20:00:00,0.670,0.000,0.000,0.000,12.400
2015-10-04 21:00:00,0.320,0.000,0.000,0.000,11.100
2015-10-04 22:00:00,1.610,0.000,0.000,0.000,8.900
2015-10-04 23:00:00,2.500,0.000,0.000,0.000,8.400
2015-10-05 00:00:00,3.280,0.000,0.000,0.000,8.200
2015-10-05 01:00:00,3.480,0.000,0.000,0.000,8.400
2015-10-05 02:00:00,3.140,0.000,0.000,0.000,8.300
2015-10-05 03:00:00,3.500,0.000,0.000,0.000,7.700
2015-10-05 04:00:00,3.900,0.000,0.000,0.000,6.800
2015-10-05 05:00:00,4.140,0.000,0.000,0.000,7.500
2015-10-05 06:00:00,4.440,6.000,38.200,4.000,7.900
2015-10-05 07:00:00,4.080,90.000,328.000,42.000,9.600
2015-10-05 08:00:00,3.200,204.000,454.900,74.000,12.100
2015-10-05 09:00:00,3.400,293.000,485.900,98.000,14.600
2015-10-05 10:00:00,4.000,421.000,620.500,120.000,16.700
2015-10-05 11:00:00,4.240,447.000,581.500,138.000,18.000
2015-10-05 12:00:00,4.560,462.000,603.400,138.000,18.900
2015-10-05 13:00:00,5.450,399.000,468.600,164.000,19.200
2015-10-05 14:00:00,5.810,266.000,248.000,160.000,19.000
2015-10-05 15:00:00,4.770,156.000,90.700,127.000,18.500
2015-10-05 16:00:00,5.660,86.000,70.000,73.000,17.600
2015-10-05 17:00:00,7.350,18.000,41.700,15.000,16.000
2015-10-05 18:00:00,7.960,0.000,0.000,0.000,15.000
2015-10-05 19:00:00,8.010,0.000,0.000,0.000,14.300
2015-10-05 20:00:00,8.160,0.000,0.000,0.000,14.000
2015-10-05 21:00:00,8.210,0.000,0.000,0.000,13.800
2015-10-05 22:00:00,8.510,0.000,0.000,0.000,13.300
2015-10-05 23:00:00,7.780,0.000,0.000,0.000,13.100
2015-10-06 00:00:00,8.190,0.000,0.000,0.000,12.900
2015-10-06 01:00:00,7.970,0.000,0.000,0.000,12.600
2015-10-06 02:00:00,8.010,0.000,0.000,0.000,12.600
2015-10-06 03:00:00,7.960,0.000,0.000,0.000,12.600
2015-10-06 04:00:00,8.100,0.000,0.000,0.000,12.500
2015-10-06 05:00:00,8.410,0.000,0.000,0.000,12.300
2015-10-06 06:00:00,9.140,2.000,0.000,2.000,12.200
2015-10-06 07:00:00,9.170,31.000,42.300,25.000,12.100
2015-10-06 08:00:00,8.820,28.000,3.600,27.000,12.400
2015-10-06 09:00:00,8.680,27.000,0.000,27.000,12.900
2015-10-06 10:00:00,8.150,31.000,0.000,31.000,13.200
2015-10-06 11:00:00,7.640,78.000,3.800,76.000,13.700
2015-10-06 12:00:00,6.790,70.000,5.600,67.000,13.900
2015-10-06 13:00:00,5.610,201.000,191.700,106.000,15.200
2015-10-06 14:00:00,5.420,163.000,166.100,93.000,15.800
2015-10-06 15:00:00,5.970,114.000,127.500,74.000,15.900
2015-10-06 16:00:00,6.800,65.000,94.700,48.000,16.000
2015-10-06 17:00:00,7.430,10.000,29.000,8.000,15.600
2015-10-06 18:00:00,7.780,0.000,0.000,0.000,15.500
2015-10-06 19:00:00,7.560,0.000,0.000,0.000,15.300
2015-10-06 20:00:00,7.780,0.000,0.000,0.000,15.300
2015-10-06 21:00:00,7.520,0.000,0.000,0.000,15.200
2015-10-06 22:00:00,6.640,0.000,0.000,0.000,14.800
2015-10-06 23:00:00,6.110,0.000,0.000,0.000,14.600
2015-10-07 00:00:00,5.890,0.000,0.000,0.000,14.500
2015-10-07 01:00:00,5.740,0.000,0.000,0.000,14.400
2015-10-07 02:00:00,5.170,0.000,0.000,0.000,14.400
2015-10-07 03:00:00,5.020,0.000,0.000,0.000,14.500
2015-10-07 04:00:00,5.300,0.000,0.000,0.000,14.500
2015-10-07 05:00:00,5.230,0.000,0.000,0.000,14.200
2015-10-07 06:00:00,4.880,1.000,0.000,1.000,14.000
2015-10-07 07:00:00,4.320,42.000,43.800,36.000,14.200
2015-10-07 08:00:00,3.610,86.000,29.000,78.000,14.300
2015-10-07 09:00:00,3.330,147.000,74.100,118.000,14.900
2015-10-07 10:00:00,1.910,181.000,52.700,156.000,15.800
2015-10-07 11:00:00,1.500,194.000,59.600,163.000,16.500
2015-10-07 12:00:00,0.990,185.000,45.700,161.000,16.700
2015-10-07 13:00:00,1.360,153.000,61.200,123.000,17.000
2015-10-07 14:00:00,1.770,69.000,21.700,60.000,16.700
2015-10-07 15:00:00,1.980,92.000,19.500,86.000,16.500
2015-10-07 16:00:00,2.200,58.000,69.100,46.000,15.900
2015-10-07 17:00:00,2.350,9.000,15.200,8.000,14.900
2015-10-07 18:00:00,2.460,0.000,0.000,0.000,14.300
2015-10-07 19:00:00,3.110,0.000,0.000,0.000,14.400
2015-10-07 20:00:00,4.250,0.000,0.000,0.000,14.500
2015-10-07 21:00:00,5.030,0.000,0.000,0.000,14.600
2015-10-07 22:00:00,5.610,0.000,0.000,0.000,14.400
2015-10-07 23:00:00,5.570,0.000,0.000,0.000,14.000
2015-10-08 00:00:00,5.680,0.000,0.000,0.000,13.600
2015-10-08 01:00:00,5.710,0.000,0.000,0.000,13.300
2015-10-08 02:00:00,5.290,0.000,0.000,0.000,13.100
2015-10-08 03:00:00,5.000,0.000,0.000,0.000,12.900
2015-10-08 04:00:00,5.110,0.000,0.000,0.000,13.100
2015-10-08 05:00:00,5.110,0.000,0.000,0.000,13.000
2015-10-08 06:00:00,4.810,2.000,0.000,2.000,12.800
2015-10-08 07:00:00,4.240,22.000,7.600,21.000,13.300
2015-10-08 08:00:00,4.240,60.000,11.100,57.000,13.800
2015-10-08 09:00:00,4.200,109.000,38.800,94.000,14.100
2015-10-08 10:00:00,3.910,150.000,55.400,124.000,14.500
2015-10-08 11:00:00,3.810,130.000,15.500,122.000,14.500
2015-10-08 12:00:00,3.750,169.000,42.300,147.000,14.700
2015-10-08 13:00:00,3.950,97.000,35.100,80.000,14.500
2015-10-08 14:00:00,4.000,94.000,19.500,86.000,14.600
2015-10-08 15:00:00,4.300,77.000,23.200,70.000,14.500
2015-10-08 16:00:00,4.530,45.000,89.500,30.000,14.200
2015-10-08 17:00:00,4.160,5.000,15.900,4.000,13.800
2015-10-08 18:00:00,4.080,0.000,0.000,0.000,13.500
2015-10-08 19:00:00,3.990,0.000,0.000,0.000,13.400
2015-10-08 20:00:00,4.070,0.000,0.000,0.000,13.300
2015-10-08 21:00:00,4.100,0.000,0.000,0.000,13.300
2015-10-08 22:00:00,3.980,0.000,0.000,0.000,13.300
2015-10-08 23:00:00,3.330,0.000,0.000,0.000,12.900
2015-10-09 00:00:00,3.450,0.000,0.000,0.000,12.800
2015-10-09 01:00:00,3.140,0.000,0.000,0.000,12.700
2015-10-09 02:00:00,2.500,0.000,0.000,0.000,12.400
2015-10-09 03:00:00,2.110,0.000,0.000,0.000,12.200
2015-10-09 04:00:00,2.000,0.000,0.000,0.000,12.000
2015-10-09 05:00:00,2.310,0.000,0.000,0.000,11.800
2015-10-09 06:00:00,2.670,0.000,0.000,0.000,11.600
2015-10-09 07:00:00,3.020,8.000,0.000,8.000,11.500
2015-10-09 08:00:00,3.640,22.000,0.000,22.000,11.200
2015-10-09 09:00:00,4.120,29.000,2.600,28.000,10.900
2015-10-09 10:00:00,4.110,47.000,4.300,45.000,11.400
2015-10-09 11:00:00,3.040,74.000,11.800,68.000,11.300
2015-10-09 12:00:00,2.510,72.000,7.800,68.000,11.500
2015-10-09 13:00:00,2.860,77.000,4.200,75.000,11.500
2015-10-09 14:00:00,3.360,80.000,0.000,80.000,11.600
2015-10-09 15:00:00,3.810,72.000,0.000,72.000,11.600
2015-10-09 16:00:00,4.020,38.000,12.400,36.000,11.300
2015-10-09 17:00:00,4.390,6.000,0.000,6.000,10.700
2015-10-09 18:00:00,4.960,0.000,0.000,0.000,10.300
2015-10-09 19:00:00,5.460,0.000,0.000,0.000,9.800
2015-10-09 20:00:00,5.630,0.000,0.000,0.000,9.600
2015-10-09 21:00:00,5.600,0.000,0.000,0.000,9.100
2015-10-09 22:00:00,5.600,0.000,0.000,0.000,8.500
2015-10-09 23:00:00,5.400,0.000,0.000,0.000,7.800
2015-10-10 00:00:00,5.500,0.000,0.000,0.000,7.200
2015-10-10 01:00:00,5.740,0.000,0.000,0.000,7.000
2015-10-10 02:00:00,6.070,0.000,0.000,0.000,6.700
2015-10-10 03:00:00,6.140,0.000,0.000,0.000,6.300
2015-10-10 04:00:00,6.030,0.000,0.000,0.000,5.900
2015-10-10 05:00:00,6.030,0.000,0.000,0.000,5.700
2015-10-10 06:00:00,6.350,3.000,19.100,2.000,5.300
2015-10-10 07:00:00,6.440,75.000,325.300,35.000,5.800
2015-10-10 08:00:00,5.630,205.000,535.300,65.000,6.800
2015-10-10 09:00:00,5.430,329.000,662.200,80.000,7.800
2015-10-10 10:00:00,5.410,423.000,725.900,90.000,9.100
2015-10-10 11:00:00,5.520,476.000,758.000,94.000,10.100
2015-10-10 12:00:00,5.660,483.000,762.800,95.000,10.800
2015-10-10 13:00:00,5.990,442.000,743.100,91.000,11.100
2015-10-10 14:00:00,6.460,357.000,691.500,82.000,11.100
2015-10-10 15:00:00,6.690,239.000,590.400,68.000,10.700
2015-10-10 16:00:00,6.600,107.000,411.400,43.000,9.800
2015-10-10 17:00:00,7.030,11.000,70.600,7.000,7.900
2015-10-10 18:00:00,7.350,0.000,0.000,0.000,6.600
2015-10-10 19:00:00,7.610,0.000,0.000,0.000,5.900
2015-10-10 20:00:00,7.680,0.000,0.000,0.000,5.300
2015-10-10 21:00:00,7.760,0.000,0.000,0.000,4.600
2015-10-10 22:00:00,8.000,0.000,0.000,0.000,4.100
2015-10-10 23:00:00,7.600,0.000,0.000,0.000,3.600
2015-10-11 00:00:00,7.540,0.000,0.000,0.000,3.100
2015-10-11 01:00:00,7.790,0.000,0.000,0.000,2.500
2015-10-11 02:00:00,7.920,0.000,0.000,0.000,2.100
2015-10-11 03:00:00,8.120,0.000,0.000,0.000,1.800
2015-10-11 04:00:00,8.290,0.000,0.000,0.000,1.500
2015-10-11 05:00:00,8.260,0.000,0.000,0.000,1.200
2015-10-11 06:00:00,8.450,3.000,19.100,2.000,0.900
2015-10-11 07:00:00,8.430,78.000,372.100,34.000,2.100
2015-10-11 08:00:00,7.940,210.000,572.900,63.000,4.100
2015-10-11 09:00:00,8.310,336.000,692.900,79.000,5.700
2015-10-11 10:00:00,7.500,432.000,756.500,89.000,7.300
2015-10-11 11:00:00,7.620,485.000,784.500,94.000,8.300
2015-10-11 12:00:00,7.830,490.000,787.500,94.000,9.100
2015-10-11 13:00:00,7.750,446.000,763.100,90.000,9.400
2015-10-11 14:00:00,7.860,359.000,707.200,82.000,9.500
2015-10-11 15:00:00,7.850,239.000,603.000,68.000,9.300
2015-10-11 16:00:00,7.540,105.000,421.300,42.000,8.400
2015-10-11 17:00:00,7.830,9.000,56.000,6.000,6.700
2015-10-11 18:00:00,8.010,0.000,0.000,0.000,5.300
2015-10-11 19:00:00,8.000,0.000,0.000,0.000,4.400
2015-10-11 20:00:00,7.810,0.000,0.000,0.000,3.800
2015-10-11 21:00:00,7.710,0.000,0.000,0.000,3.300
2015-10-11 22:00:00,7.850,0.000,0.000,0.000,2.800
2015-10-11 23:00:00,7.440,0.000,0.000,0.000,2.300
2015-10-12 00:00:00,7.230,0.000,0.000,0.000,1.900
2015-10-12 01:00:00,7.010,0.000,0.000,0.000,1.500
2015-10-12 02:00:00,6.910,0.000,0.000,0.000,1.200
2015-10-12 03:00:00,7.100,0.000,0.000,0.000,0.900
2015-10-12 04:00:00,7.200,0.000,0.000,0.000,0.600
2015-10-12 05:00:00,7.300,0.000,0.000,0.000,0.300
2015-10-12 06:00:00,7.400,2.000,0.000,2.000,0.100
2015-10-12 07:00:00,7.210,74.000,361.200,33.000,1.200
2015-10-12 08:00:00,6.630,205.000,568.200,62.000,2.900
2015-10-12 09:00:00,6.860,330.000,686.200,79.000,4.400
2015-10-12 10:00:00,6.320,426.000,752.200,89.000,6.200
2015-10-12 11:00:00,6.170,480.000,787.300,92.000,7.200
2015-10-12 12:00:00,6.020,480.000,756.300,104.000,7.800
2015-10-12 13:00:00,6.000,434.000,725.100,100.000,8.200
2015-10-12 14:00:00,6.300,307.000,440.700,137.000,8.000
2015-10-12 15:00:00,6.500,171.000,180.100,121.000,7.500
2015-10-12 16:00:00,6.700,68.000,48.800,61.000,6.700
2015-10-12 17:00:00,6.920,6.000,0.000,6.000,5.600
2015-10-12 18:00:00,7.030,0.000,0.000,0.000,4.900
2015-10-12 19:00:00,6.820,0.000,0.000,0.000,4.300
2015-10-12 20:00:00,6.710,0.000,0.000,0.000,3.900
2015-10-12 21:00:00,6.620,0.000,0.000,0.000,3.700
2015-10-12 22:00:00,7.020,0.000,0.000,0.000,3.200
2015-10-12 23:00:00,7.130,0.000,0.000,0.000,3.100
2015-10-13 00:00:00,7.320,0.000,0.000,0.000,3.100
2015-10-13 01:00:00,7.600,0.000,0.000,0.000,2.900
2015-10-13 02:00:00,7.710,0.000,0.000,0.000,2.600
2015-10-13 03:00:00,7.720,0.000,0.000,0.000,2.300
2015-10-13 04:00:00,7.320,0.000,0.000,0.000,2.100
2015-10-13 05:00:00,7.420,0.000,0.000,0.000,2.100
2015-10-13 06:00:00,7.320,1.000,0.000,1.000,2.500
2015-10-13 07:00:00,7.120,29.000,46.000,24.000,3.000
2015-10-13 08:00:00,6.610,65.000,0.000,65.000,3.200
2015-10-13 09:00:00,6.040,90.000,0.000,90.000,3.500
2015-10-13 10:00:00,5.710,165.000,52.000,142.000,4.000
2015-10-13 11:00:00,5.590,191.000,10.300,186.000,4.200
2015-10-13 12:00:00,5.380,191.000,36.600,173.000,4.400
2015-10-13 13:00:00,5.280,212.000,90.200,171.000,4.600
2015-10-13 14:00:00,5.190,116.000,10.500,112.000,4.600
2015-10-13 15:00:00,5.140,65.000,18.400,60.000,4.600
2015-10-13 16:00:00,4.250,26.000,0.000,26.000,4.600
2015-10-13 17:00:00,3.360,1.000,0.000,1.000,4.500
2015-10-13 18:00:00,2.470,0.000,0.000,0.000,4.400
2015-10-13 19:00:00,2.020,0.000,0.000,0.000,4.200
2015-10-13 20:00:00,1.920,0.000,0.000,0.000,4.100
2015-10-13 21:00:00,1.860,0.000,0.000,0.000,4.200
2015-10-13 22:00:00,2.130,0.000,0.000,0.000,4.100
2015-10-13 23:00:00,2.140,0.000,0.000,0.000,4.200
2015-10-14 00:00:00,2.200,0.000,0.000,0.000,4.100
2015-10-14 01:00:00,3.310,0.000,0.000,0.000,4.200
2015-10-14 02:00:00,3.620,0.000,0.000,0.000,4.200
2015-10-14 03:00:00,3.610,0.000,0.000,0.000,4.200
2015-10-14 04:00:00,4.390,0.000,0.000,0.000,4.000
2015-10-14 05:00:00,4.980,0.000,0.000,0.000,3.700
2015-10-14 06:00:00,4.720,0.000,0.000,0.000,3.600
2015-10-14 07:00:00,4.970,11.000,0.000,11.000,3.600
2015-10-14 08:00:00,5.420,30.000,0.000,30.000,3.500
2015-10-14 09:00:00,5.630,47.000,0.000,47.000,3.500
2015-10-14 10:00:00,5.260,72.000,0.000,72.000,3.700
2015-10-14 11:00:00,4.790,83.000,0.000,83.000,3.800
2015-10-14 12:00:00,4.920,75.000,0.000,75.000,3.700
2015-10-14 13:00:00,5.410,72.000,0.000,72.000,3.800
2015-10-14 14:00:00,5.410,44.000,0.000,44.000,3.900
2015-10-14 15:00:00,5.150,43.000,0.000,43.000,4.300
2015-10-14 16:00:00,4.830,18.000,0.000,18.000,4.400
2015-10-14 17:00:00,4.370,1.000,0.000,1.000,4.500
2015-10-14 18:00:00,4.380,0.000,0.000,0.000,4.600
2015-10-14 19:00:00,4.750,0.000,0.000,0.000,4.800
2015-10-14 20:00:00,4.940,0.000,0.000,0.000,4.900
2015-10-14 21:00:00,4.700,0.000,0.000,0.000,5.000
2015-10-14 22:00:00,3.670,0.000,0.000,0.000,5.300
2015-10-14 23:00:00,3.380,0.000,0.000,0.000,5.400
2015-10-15 00:00:00,2.600,0.000,0.000,0.000,5.500
2015-10-15 01:00:00,3.700,0.000,0.000,0.000,5.600
2015-10-15 02:00:00,4.530,0.000,0.000,0.000,5.600
2015-10-15 03:00:00,4.530,0.000,0.000,0.000,5.700
2015-10-15 04:00:00,4.840,0.000,0.000,0.000,5.900
2015-10-15 05:00:00,5.380,0.000,0.000,0.000,6.000
2015-10-15 06:00:00,5.630,0.000,0.000,0.000,6.300
2015-10-15 07:00:00,5.800,5.000,0.000,5.000,6.400
2015-10-15 08:00:00,5.520,10.000,0.000,10.000,6.500
2015-10-15 09:00:00,5.440,14.000,0.000,14.000,6.600
2015-10-15 10:00:00,5.810,24.000,0.000,24.000,7.100
2015-10-15 11:00:00,5.870,24.000,0.000,24.000,7.200
2015-10-15 12:00:00,5.580,27.000,0.000,27.000,7.100
2015-10-15 13:00:00,5.530,27.000,0.000,27.000,6.800
2015-10-15 14:00:00,5.630,21.000,0.000,21.000,6.500
2015-10-15 15:00:00,5.550,11.000,0.000,11.000,6.400
2015-10-15 16:00:00,5.500,6.000,0.000,6.000,6.300
2015-10-15 17:00:00,5.550,0.000,0.000,0.000,6.100
2015-10-15 18:00:00,5.280,0.000,0.000,0.000,6.100
2015-10-15 19:00:00,4.830,0.000,0.000,0.000,6.100
2015-10-15 20:00:00,4.430,0.000,0.000,0.000,6.100
2015-10-15 21:00:00,4.030,0.000,0.000,0.000,6.100
2015-10-15 22:00:00,3.410,0.000,0.000,0.000,6.100
2015-10-15 23:00:00,3.690,0.000,0.000,0.000,6.100
2015-10-16 00:00:00,3.580,0.000,0.000,0.000,6.100
2015-10-16 01:00:00,3.130,0.000,0.000,0.000,6.200
2015-10-16 02:00:00,2.220,0.000,0.000,0.000,6.300
2015-10-16 03:00:00,2.140,0.000,0.000,0.000,6.300
2015-10-16 04:00:00,3.130,0.000,0.000,0.000,6.300
2015-10-16 05:00:00,2.640,0.000,0.000,0.000,6.300
2015-10-16 06:00:00,2.400,0.000,0.000,0.000,6.300
2015-10-16 07:00:00,2.500,5.000,0.000,5.000,6.500
2015-10-16 08:00:00,1.990,13.000,0.000,13.000,6.600
2015-10-16 09:00:00,2.750,19.000,0.000,19.000,6.800
2015-10-16 10:00:00,3.280,24.000,0.000,24.000,7.100
2015-10-16 11:00:00,4.330,25.000,0.000,25.000,7.200
2015-10-16 12:00:00,3.860,17.000,0.000,17.000,7.100
2015-10-16 13:00:00,3.310,21.000,0.000,21.000,7.200
2015-10-16 14:00:00,3.140,14.000,0.000,14.000,7.200
2015-10-16 15:00:00,2.510,15.000,0.000,15.000,7.300
2015-10-16 16:00:00,3.370,5.000,0.000,5.000,7.200
2015-10-16 17:00:00,3.300,0.000,0.000,0.000,7.100
2015-10-16 18:00:00,3.040,0.000,0.000,0.000,7.000
2015-10-16 19:00:00,3.280,0.000,0.000,0.000,7.000
2015-10-16 20:00:00,3.130,0.000,0.000,0.000,6.900
2015-10-16 21:00:00,3.050,0.000,0.000,0.000,6.900
2015-10-16 22:00:00,3.130,0.000,0.000,0.000,6.800
2015-10-16 23:00:00,2.460,0.000,0.000,0.000,6.800
2015-10-17 00:00:00,2.690,0.000,0.000,0.000,6.800
2015-10-17 01:00:00,3.060,0.000,0.000,0.000,6.700
2015-10-17 02:00:00,2.510,0.000,0.000,0.000,6.600
2015-10-17 03:00:00,2.020,0.000,0.000,0.000,6.500
2015-10-17 04:00:00,2.620,0.000,0.000,0.000,6.400
2015-10-17 05:00:00,3.160,0.000,0.000,0.000,6.200
2015-10-17 06:00:00,3.280,0.000,0.000,0.000,6.200
2015-10-17 07:00:00,3.140,7.000,0.000,7.000,6.100
2015-10-17 08:00:00,3.220,31.000,0.000,31.000,6.400
2015-10-17 09:00:00,2.340,49.000,2.900,48.000,6.600
2015-10-17 10:00:00,3.300,66.000,2.400,65.000,7.400
2015-10-17 11:00:00,2.840,59.000,2.200,58.000,7.600
2015-10-17 12:00:00,2.200,102.000,55.500,76.000,7.900
2015-10-17 13:00:00,1.580,72.000,4.600,70.000,8.000
2015-10-17 14:00:00,1.910,68.000,8.400,65.000,8.200
2015-10-17 15:00:00,2.310,66.000,16.100,62.000,8.200
2015-10-17 16:00:00,1.960,32.000,52.600,26.000,7.900
2015-10-17 17:00:00,1.840,1.000,0.000,1.000,8.000
2015-10-17 18:00:00,1.800,0.000,0.000,0.000,8.100
2015-10-17 19:00:00,1.570,0.000,0.000,0.000,7.800
2015-10-17 20:00:00,0.850,0.000,0.000,0.000,7.800
2015-10-17 21:00:00,1.430,0.000,0.000,0.000,7.500
2015-10-17 22:00:00,2.480,0.000,0.000,0.000,6.700
2015-10-17 23:00:00,3.470,0.000,0.000,0.000,6.600
2015-10-18 00:00:00,3.970,0.000,0.000,0.000,6.500
2015-10-18 01:00:00,4.120,0.000,0.000,0.000,6.500
2015-10-18 02:00:00,4.270,0.000,0.000,0.000,6.300
2015-10-18 03:00:00,4.220,0.000,0.000,0.000,6.500
2015-10-18 04:00:00,4.200,0.000,0.000,0.000,6.500
2015-10-18 05:00:00,4.120,0.000,0.000,0.000,6.300
2015-10-18 06:00:00,4.250,0.000,0.000,0.000,6.200
2015-10-18 07:00:00,4.430,16.000,42.300,12.000,6.400
2015-10-18 08:00:00,4.330,52.000,18.000,48.000,7.100
2015-10-18 09:00:00,3.660,89.000,29.900,79.000,7.600
2015-10-18 10:00:00,4.300,131.000,103.400,88.000,8.400
2015-10-18 11:00:00,4.310,208.000,233.000,101.000,9.200
2015-10-18 12:00:00,4.180,233.000,276.700,105.000,9.600
2015-10-18 13:00:00,3.850,202.000,230.400,104.000,9.700
2015-10-18 14:00:00,3.570,84.000,37.100,71.000,9.400
2015-10-18 15:00:00,3.590,59.000,12.400,56.000,9.200
2015-10-18 16:00:00,3.450,20.000,0.000,20.000,8.600
2015-10-18 17:00:00,3.540,0.000,0.000,0.000,7.700
2015-10-18 18:00:00,3.410,0.000,0.000,0.000,7.300
2015-10-18 19:00:00,3.300,0.000,0.000,0.000,7.100
2015-10-18 20:00:00,3.320,0.000,0.000,0.000,7.000
2015-10-18 21:00:00,3.180,0.000,0.000,0.000,6.900
2015-10-18 22:00:00,2.950,0.000,0.000,0.000,7.000
2015-10-18 23:00:00,2.790,0.000,0.000,0.000,7.000
2015-10-19 00:00:00,2.470,0.000,0.000,0.000,6.800
2015-10-19 01:00:00,2.720,0.000,0.000,0.000,7.200
2015-10-19 02:00:00,3.400,0.000,0.000,0.000,7.200
2015-10-19 03:00:00,3.600,0.000,0.000,0.000,7.100
2015-10-19 04:00:00,3.810,0.000,0.000,0.000,7.100
2015-10-19 05:00:00,3.950,0.000,0.000,0.000,7.100
2015-10-19 06:00:00,3.860,0.000,0.000,0.000,7.200
2015-10-19 07:00:00,3.850,3.000,0.000,3.000,7.200
2015-10-19 08:00:00,3.410,13.000,0.000,13.000,7.600
2015-10-19 09:00:00,2.800,30.000,0.000,30.000,8.100
2015-10-19 10:00:00,4.570,88.000,85.300,53.000,9.300
2015-10-19 11:00:00,4.370,81.000,24.200,70.000,10.100
2015-10-19 12:00:00,4.620,77.000,28.400,64.000,10.500
2015-10-19 13:00:00,4.590,70.000,7.100,67.000,10.900
2015-10-19 14:00:00,4.520,57.000,14.500,52.000,10.900
2015-10-19 15:00:00,4.020,36.000,0.000,36.000,10.800
2015-10-19 16:00:00,3.690,14.000,0.000,14.000,10.200
2015-10-19 17:00:00,3.920,0.000,0.000,0.000,9.600
2015-10-19 18:00:00,4.110,0.000,0.000,0.000,9.100
2015-10-19 19:00:00,4.410,0.000,0.000,0.000,8.700
2015-10-19 20:00:00,4.530,0.000,0.000,0.000,8.200
2015-10-19 21:00:00,4.440,0.000,0.000,0.000,8.000
2015-10-19 22:00:00,3.830,0.000,0.000,0.000,7.100
2015-10-19 23:00:00,3.720,0.000,0.000,0.000,7.200
2015-10-20 00:00:00,3.420,0.000,0.000,0.000,7.300
2015-10-20 01:00:00,3.110,0.000,0.000,0.000,7.300
2015-10-20 02:00:00,2.900,0.000,0.000,0.000,7.200
2015-10-20 03:00:00,2.720,0.000,0.000,0.000,7.400
2015-10-20 04:00:00,3.140,0.000,0.000,0.000,7.200
2015-10-20 05:00:00,3.610,0.000,0.000,0.000,7.200
2015-10-20 06:00:00,3.830,0.000,0.000,0.000,7.100
2015-10-20 07:00:00,3.760,7.000,11.200,6.000,7.000
2015-10-20 08:00:00,3.410,24.000,4.700,23.000,7.800
2015-10-20 09:00:00,3.140,43.000,9.200,40.000,8.100
2015-10-20 10:00:00,3.400,79.000,12.300,74.000,8.600
2015-10-20 11:00:00,3.880,139.000,46.900,118.000,9.600
2015-10-20 12:00:00,3.400,157.000,128.500,99.000,10.200
2015-10-20 13:00:00,3.500,146.000,101.500,104.000,10.500
2015-10-20 14:00:00,3.540,91.000,38.400,78.000,10.400
2015-10-20 15:00:00,3.620,58.000,43.400,48.000,10.300
2015-10-20 16:00:00,3.940,17.000,20.000,15.000,9.800
2015-10-20 17:00:00,4.270,0.000,0.000,0.000,9.400
2015-10-20 18:00:00,4.490,0.000,0.000,0.000,9.100
2015-10-20 19:00:00,4.170,0.000,0.000,0.000,8.800
2015-10-20 20:00:00,3.980,0.000,0.000,0.000,8.600
2015-10-20 21:00:00,4.140,0.000,0.000,0.000,8.300
2015-10-20 22:00:00,4.610,0.000,0.000,0.000,8.000
2015-10-20 23:00:00,4.650,0.000,0.000,0.000,7.900
2015-10-21 00:00:00,4.660,0.000,0.000,0.000,8.000
2015-10-21 01:00:00,4.610,0.000,0.000,0.000,8.100
2015-10-21 02:00:00,4.570,0.000,0.000,0.000,7.800
2015-10-21 03:00:00,4.130,0.000,0.000,0.000,7.600
2015-10-21 04:00:00,4.300,0.000,0.000,0.000,7.600
2015-10-21 05:00:00,4.340,0.000,0.000,0.000,7.300
2015-10-21 06:00:00,4.220,0.000,0.000,0.000,7.600
2015-10-21 07:00:00,4.250,24.000,80.400,17.000,7.800
2015-10-21 08:00:00,3.940,81.000,86.900,63.000,8.400
2015-10-21 09:00:00,4.120,133.000,53.300,116.000,9.200
2015-10-21 10:00:00,3.520,183.000,87.600,148.000,10.200
2015-10-21 11:00:00,4.660,218.000,155.900,149.000,10.900
2015-10-21 12:00:00,5.560,210.000,154.800,141.000,11.500
2015-10-21 13:00:00,5.770,189.000,83.300,155.000,11.800
2015-10-21 14:00:00,5.320,145.000,54.100,127.000,11.900
2015-10-21 15:00:00,4.620,60.000,4.400,59.000,11.600
2015-10-21 16:00:00,5.230,27.000,30.900,24.000,11.100
2015-10-21 17:00:00,5.660,0.000,0.000,0.000,10.400
2015-10-21 18:00:00,5.800,0.000,0.000,0.000,10.000
2015-10-21 19:00:00,5.970,0.000,0.000,0.000,9.700
2015-10-21 20:00:00,6.340,0.000,0.000,0.000,9.400
2015-10-21 21:00:00,6.500,0.000,0.000,0.000,9.200
2015-10-21 22:00:00,7.100,0.000,0.000,0.000,9.100
2015-10-21 23:00:00,6.840,0.000,0.000,0.000,9.100
2015-10-22 00:00:00,7.070,0.000,0.000,0.000,9.200
2015-10-22 01:00:00,7.100,0.000,0.000,0.000,9.300
2015-10-22 02:00:00,7.120,0.000,0.000,0.000,9.400
2015-10-22 03:00:00,7.030,0.000,0.000,0.000,9.500
2015-10-22 04:00:00,7.030,0.000,0.000,0.000,9.600
2015-10-22 05:00:00,7.230,0.000,0.000,0.000,9.700
2015-10-22 06:00:00,7.210,0.000,0.000,0.000,9.700
2015-10-22 07:00:00,7.150,5.000,0.000,5.000,9.700
2015-10-22 08:00:00,7.090,21.000,0.000,21.000,10.100
2015-10-22 09:00:00,7.110,35.000,0.000,35.000,10.600
2015-10-22 10:00:00,6.540,48.000,0.000,48.000,10.800
2015-10-22 11:00:00,6.290,55.000,4.600,53.000,11.300
2015-10-22 12:00:00,7.070,67.000,0.000,67.000,11.700
2015-10-22 13:00:00,7.320,69.000,2.500,68.000,12.000
2015-10-22 14:00:00,7.380,38.000,0.000,38.000,12.000
2015-10-22 15:00:00,7.650,22.000,0.000,22.000,12.000
2015-10-22 16:00:00,7.620,6.000,0.000,6.000,11.900
2015-10-22 17:00:00,7.600,0.000,0.000,0.000,12.000
2015-10-22 18:00:00,8.020,0.000,0.000,0.000,12.100
2015-10-22 19:00:00,8.340,0.000,0.000,0.000,12.100
2015-10-22 20:00:00,8.180,0.000,0.000,0.000,11.800
2015-10-22 21:00:00,7.980,0.000,0.000,0.000,11.500
2015-10-22 22:00:00,8.220,0.000,0.000,0.000,11.000
2015-10-22 23:00:00,8.210,0.000,0.000,0.000,10.900
2015-10-23 00:00:00,8.000,0.000,0.000,0.000,10.600
2015-10-23 01:00:00,7.800,0.000,0.000,0.000,10.200
2015-10-23 02:00:00,7.710,0.000,0.000,0.000,9.700
2015-10-23 03:00:00,7.430,0.000,0.000,0.000,9.400
2015-10-23 04:00:00,7.420,0.000,0.000,0.000,9.200
2015-10-23 05:00:00,7.410,0.000,0.000,0.000,8.700
2015-10-23 06:00:00,7.520,0.000,0.000,0.000,8.100
2015-10-23 07:00:00,7.520,26.000,121.900,16.000,8.300
2015-10-23 08:00:00,7.640,99.000,223.100,55.000,9.800
2015-10-23 09:00:00,6.540,209.000,394.900,87.000,11.300
2015-10-23 10:00:00,5.930,293.000,496.200,100.000,12.700
2015-10-23 11:00:00,6.990,321.000,458.500,123.000,13.200
2015-10-23 12:00:00,6.240,266.000,250.800,157.000,13.400
2015-10-23 13:00:00,5.610,251.000,226.700,161.000,13.600
2015-10-23 14:00:00,5.100,176.000,139.900,131.000,13.500
2015-10-23 15:00:00,4.120,124.000,187.200,84.000,13.000
2015-10-23 16:00:00,3.790,30.000,54.800,25.000,12.000
2015-10-23 17:00:00,3.790,0.000,0.000,0.000,10.700
2015-10-23 18:00:00,3.580,0.000,0.000,0.000,9.700
2015-10-23 19:00:00,3.180,0.000,0.000,0.000,8.900
2015-10-23 20:00:00,2.640,0.000,0.000,0.000,8.500
2015-10-23 21:00:00,2.420,0.000,0.000,0.000,7.700
2015-10-23 22:00:00,3.420,0.000,0.000,0.000,6.500
2015-10-23 23:00:00,4.180,0.000,0.000,0.000,6.100
2015-10-24 00:00:00,4.900,0.000,0.000,0.000,6.000
2015-10-24 01:00:00,5.200,0.000,0.000,0.000,6.100
2015-10-24 02:00:00,4.900,0.000,0.000,0.000,6.000
2015-10-24 03:00:00,4.940,0.000,0.000,0.000,5.600
2015-10-24 04:00:00,5.300,0.000,0.000,0.000,5.300
2015-10-24 05:00:00,5.820,0.000,0.000,0.000,5.100
2015-10-24 06:00:00,5.770,0.000,0.000,0.000,5.100
2015-10-24 07:00:00,5.060,31.000,150.900,19.000,5.200
2015-10-24 08:00:00,4.640,123.000,285.900,68.000,7.000
2015-10-24 09:00:00,3.950,210.000,306.000,117.000,8.700
2015-10-24 10:00:00,3.900,244.000,234.500,154.000,10.100
2015-10-24 11:00:00,4.340,297.000,258.000,187.000,11.400
2015-10-24 12:00:00,4.710,302.000,291.300,177.000,12.000
2015-10-24 13:00:00,4.540,282.000,332.100,152.000,12.300
2015-10-24 14:00:00,4.590,219.000,313.200,120.000,12.200
2015-10-24 15:00:00,3.970,119.000,206.500,76.000,11.700
2015-10-24 16:00:00,4.270,35.000,90.500,27.000,10.700
2015-10-24 17:00:00,4.840,0.000,0.000,0.000,10.200
2015-10-24 18:00:00,5.270,0.000,0.000,0.000,10.000
2015-10-24 19:00:00,5.620,0.000,0.000,0.000,9.800
2015-10-24 20:00:00,5.590,0.000,0.000,0.000,9.400
2015-10-24 21:00:00,5.600,0.000,0.000,0.000,9.200
2015-10-24 22:00:00,5.910,0.000,0.000,0.000,9.400
2015-10-24 23:00:00,5.850,0.000,0.000,0.000,9.300
2015-10-25 00:00:00,5.750,0.000,0.000,0.000,9.300
2015-10-25 01:00:00,6.170,0.000,0.000,0.000,9.300
2015-10-25 02:00:00,5.990,0.000,0.000,0.000,9.500
2015-10-25 03:00:00,6.130,0.000,0.000,0.000,9.800
2015-10-25 04:00:00,6.410,0.000,0.000,0.000,9.800
2015-10-25 05:00:00,6.480,0.000,0.000,0.000,9.600
2015-10-25 06:00:00,6.300,0.000,0.000,0.000,9.700
2015-10-25 07:00:00,6.040,6.000,0.000,6.000,9.800
2015-10-25 08:00:00,6.110,24.000,0.000,24.000,10.100
2015-10-25 09:00:00,6.140,37.000,0.000,37.000,10.600
2015-10-25 10:00:00,5.010,101.000,97.800,64.000,11.800
2015-10-25 11:00:00,4.120,161.000,173.400,88.000,12.500
2015-10-25 12:00:00,3.450,184.000,210.100,95.000,13.000
2015-10-25 13:00:00,4.270,213.000,272.000,108.000,13.200
2015-10-25 14:00:00,4.370,191.000,334.700,87.000,13.300
2015-10-25 15:00:00,4.020,107.000,246.500,57.000,12.700
2015-10-25 16:00:00,3.760,28.000,116.800,18.000,11.000
2015-10-25 17:00:00,3.840,0.000,0.000,0.000,9.300
2015-10-25 18:00:00,3.980,0.000,0.000,0.000,7.600
2015-10-25 19:00:00,3.220,0.000,0.000,0.000,7.300
2015-10-25 20:00:00,2.400,0.000,0.000,0.000,7.800
2015-10-25 21:00:00,2.220,0.000,0.000,0.000,7.700
2015-10-25 22:00:00,2.900,0.000,0.000,0.000,6.100
2015-10-25 23:00:00,3.490,0.000,0.000,0.000,5.200
2015-10-26 00:00:00,3.800,0.000,0.000,0.000,4.400
2015-10-26 01:00:00,3.890,0.000,0.000,0.000,4.000
2015-10-26 02:00:00,4.430,0.000,0.000,0.000,4.100
2015-10-26 03:00:00,4.920,0.000,0.000,0.000,3.800
2015-10-26 04:00:00,5.110,0.000,0.000,0.000,3.500
2015-10-26 05:00:00,5.240,0.000,0.000,0.000,3.500
2015-10-26 06:00:00,5.370,0.000,0.000,0.000,3.700
2015-10-26 07:00:00,5.410,18.000,40.200,15.000,4.100
2015-10-26 08:00:00,5.010,81.000,114.900,60.000,6.400
2015-10-26 09:00:00,4.610,163.000,180.400,110.000,8.300
2015-10-26 10:00:00,4.480,222.000,259.800,125.000,9.600
2015-10-26 11:00:00,4.520,317.000,449.700,130.000,11.300
2015-10-26 12:00:00,4.720,300.000,370.600,145.000,12.200
2015-10-26 13:00:00,5.150,308.000,538.600,103.000,12.900
2015-10-26 14:00:00,5.510,254.000,599.300,71.000,12.900
2015-10-26 15:00:00,5.970,140.000,435.100,54.000,12.200
2015-10-26 16:00:00,6.790,34.000,193.000,18.000,10.700
2015-10-26 17:00:00,7.120,0.000,0.000,0.000,9.300
2015-10-26 18:00:00,7.340,0.000,0.000,0.000,8.500
2015-10-26 19:00:00,7.480,0.000,0.000,0.000,8.200
2015-10-26 20:00:00,7.560,0.000,0.000,0.000,7.700
2015-10-26 21:00:00,7.420,0.000,0.000,0.000,7.300
2015-10-26 22:00:00,7.250,0.000,0.000,0.000,6.500
2015-10-26 23:00:00,7.000,0.000,0.000,0.000,6.100
2015-10-27 00:00:00,7.060,0.000,0.000,0.000,5.900
2015-10-27 01:00:00,6.820,0.000,0.000,0.000,5.800
2015-10-27 02:00:00,6.670,0.000,0.000,0.000,5.600
2015-10-27 03:00:00,6.310,0.000,0.000,0.000,5.300
2015-10-27 04:00:00,6.220,0.000,0.000,0.000,5.200
2015-10-27 05:00:00,5.990,0.000,0.000,0.000,5.000
2015-10-27 06:00:00,5.680,0.000,0.000,0.000,5.200
2015-10-27 07:00:00,5.390,10.000,0.000,10.000,5.500
2015-10-27 08:00:00,4.860,60.000,33.700,54.000,6.100
2015-10-27 09:00:00,4.260,118.000,51.900,103.000,6.800
2015-10-27 10:00:00,4.190,175.000,70.600,149.000,8.000
2015-10-27 11:00:00,3.830,238.000,165.600,170.000,9.400
2015-10-27 12:00:00,3.740,294.000,329.300,158.000,10.800
2015-10-27 13:00:00,3.980,296.000,498.300,109.000,11.800
2015-10-27 14:00:00,4.740,228.000,453.200,92.000,12.100
2015-10-27 15:00:00,5.390,136.000,436.400,52.000,11.700
2015-10-27 16:00:00,6.420,32.000,199.400,16.000,10.400
2015-10-27 17:00:00,6.990,0.000,0.000,0.000,9.100
2015-10-27 18:00:00,7.160,0.000,0.000,0.000,8.500
2015-10-27 19:00:00,7.050,0.000,0.000,0.000,8.000
2015-10-27 20:00:00,6.990,0.000,0.000,0.000,7.600
2015-10-27 21:00:00,6.910,0.000,0.000,0.000,7.400
2015-10-27 22:00:00,6.820,0.000,0.000,0.000,6.900
2015-10-27 23:00:00,6.100,0.000,0.000,0.000,6.600
2015-10-28 00:00:00,5.560,0.000,0.000,0.000,6.200
2015-10-28 01:00:00,5.770,0.000,0.000,0.000,6.000
2015-10-28 02:00:00,5.950,0.000,0.000,0.000,5.900
2015-10-28 03:00:00,5.960,0.000,0.000,0.000,5.700
2015-10-28 04:00:00,5.730,0.000,0.000,0.000,5.500
2015-10-28 05:00:00,5.460,0.000,0.000,0.000,5.600
2015-10-28 06:00:00,5.700,0.000,0.000,0.000,5.900
2015-10-28 07:00:00,5.370,10.000,0.000,10.000,5.800
2015-10-28 08:00:00,4.800,48.000,0.000,48.000,6.100
2015-10-28 09:00:00,4.480,91.000,0.000,91.000,6.500
2015-10-28 10:00:00,4.830,122.000,0.000,122.000,7.200
2015-10-28 11:00:00,4.800,142.000,12.300,137.000,7.800
2015-10-28 12:00:00,5.250,155.000,17.200,148.000,8.800
2015-10-28 13:00:00,5.330,176.000,91.900,142.000,9.200
2015-10-28 14:00:00,5.200,135.000,54.300,119.000,9.500
2015-10-28 15:00:00,5.250,67.000,37.400,60.000,9.400
2015-10-28 16:00:00,5.200,17.000,38.700,14.000,8.900
2015-10-28 17:00:00,5.380,0.000,0.000,0.000,8.500
2015-10-28 18:00:00,5.190,0.000,0.000,0.000,8.100
2015-10-28 19:00:00,4.740,0.000,0.000,0.000,7.500
2015-10-28 20:00:00,4.800,0.000,0.000,0.000,7.300
2015-10-28 21:00:00,5.240,0.000,0.000,0.000,7.200
2015-10-28 22:00:00,4.480,0.000,0.000,0.000,7.100
2015-10-28 23:00:00,3.450,0.000,0.000,0.000,6.900
2015-10-29 00:00:00,2.940,0.000,0.000,0.000,6.800
2015-10-29 01:00:00,2.020,0.000,0.000,0.000,6.300
2015-10-29 02:00:00,1.570,0.000,0.000,0.000,5.700
2015-10-29 03:00:00,2.200,0.000,0.000,0.000,5.400
2015-10-29 04:00:00,1.900,0.000,0.000,0.000,5.200
2015-10-29 05:00:00,1.360,0.000,0.000,0.000,4.800
2015-10-29 06:00:00,1.840,0.000,0.000,0.000,4.900
2015-10-29 07:00:00,2.130,12.000,14.900,11.000,5.000
2015-10-29 08:00:00,1.360,55.000,11.900,53.000,5.800
2015-10-29 09:00:00,1.000,95.000,7.200,93.000,7.000
2015-10-29 10:00:00,1.530,138.000,36.300,125.000,8.300
2015-10-29 11:00:00,1.600,124.000,10.000,120.000,9.300
2015-10-29 12:00:00,2.100,133.000,19.900,125.000,10.200
2015-10-29 13:00:00,2.180,116.000,49.300,98.000,10.900
2015-10-29 14:00:00,1.710,82.000,17.300,77.000,11.200
2015-10-29 15:00:00,1.320,40.000,27.400,35.000,11.400
2015-10-29 16:00:00,1.810,7.000,0.000,7.000,10.700
2015-10-29 17:00:00,1.840,0.000,0.000,0.000,10.400
2015-10-29 18:00:00,1.620,0.000,0.000,0.000,10.200
2015-10-29 19:00:00,1.750,0.000,0.000,0.000,10.200
2015-10-29 20:00:00,1.650,0.000,0.000,0.000,10.400
2015-10-29 21:00:00,1.300,0.000,0.000,0.000,10.100
2015-10-29 22:00:00,1.040,0.000,0.000,0.000,10.300
2015-10-29 23:00:00,0.510,0.000,0.000,0.000,9.300
2015-10-30 00:00:00,1.080,0.000,0.000,0.000,7.900
2015-10-30 01:00:00,1.640,0.000,0.000,0.000,7.600
2015-10-30 02:00:00,2.550,0.000,0.000,0.000,7.900
2015-10-30 03:00:00,3.620,0.000,0.000,0.000,7.600
2015-10-30 04:00:00,4.120,0.000,0.000,0.000,8.000
2015-10-30 05:00:00,4.310,0.000,0.000,0.000,8.300
2015-10-30 06:00:00,3.960,0.000,0.000,0.000,8.300
2015-10-30 07:00:00,3.820,12.000,46.300,9.000,8.600
2015-10-30 08:00:00,3.620,73.000,140.600,50.000,9.200
2015-10-30 09:00:00,3.080,122.000,149.700,81.000,10.000
2015-10-30 10:00:00,3.400,189.000,238.000,105.000,11.800
2015-10-30 11:00:00,3.300,256.000,352.000,117.000,12.800
2015-10-30 12:00:00,3.620,209.000,234.100,116.000,13.000
2015-10-30 13:00:00,4.160,151.000,41.700,136.000,13.100
2015-10-30 14:00:00,4.390,121.000,56.200,105.000,12.900
2015-10-30 15:00:00,4.660,76.000,39.500,69.000,12.100
2015-10-30 16:00:00,6.050,17.000,13.800,16.000,11.000
2015-10-30 17:00:00,6.710,0.000,0.000,0.000,10.100
2015-10-30 18:00:00,6.670,0.000,0.000,0.000,9.100
2015-10-30 19:00:00,6.400,0.000,0.000,0.000,8.600
2015-10-30 20:00:00,6.220,0.000,0.000,0.000,8.000
2015-10-30 21:00:00,6.220,0.000,0.000,0.000,7.800
2015-10-30 22:00:00,6.540,0.000,0.000,0.000,7.900
2015-10-30 23:00:00,6.080,0.000,0.000,0.000,7.700
2015-10-31 00:00:00,6.130,0.000,0.000,0.000,7.500
2015-10-31 01:00:00,6.490,0.000,0.000,0.000,7.300
2015-10-31 02:00:00,6.400,0.000,0.000,0.000,7.200
2015-10-31 03:00:00,6.620,0.000,0.000,0.000,7.300
2015-10-31 04:00:00,6.660,0.000,0.000,0.000,7.600
2015-10-31 05:00:00,6.800,0.000,0.000,0.000,7.500
2015-10-31 06:00:00,6.710,0.000,0.000,0.000,7.500
2015-10-31 07:00:00,6.440,15.000,80.200,10.000,7.500
2015-10-31 08:00:00,6.090,95.000,308.600,46.000,7.900
2015-10-31 09:00:00,5.050,162.000,278.800,87.000,8.500
2015-10-31 10:00:00,4.570,236.000,376.700,105.000,9.400
2015-10-31 11:00:00,4.270,323.000,574.700,99.000,10.500
2015-10-31 12:00:00,4.220,352.000,696.400,79.000,11.800
2015-10-31 13:00:00,4.290,309.000,660.300,75.000,12.600
2015-10-31 14:00:00,4.530,229.000,586.900,65.000,12.800
2015-10-31 15:00:00,5.350,122.000,446.800,45.000,12.300
2015-10-31 16:00:00,6.310,23.000,157.600,12.000,10.900
2015-10-31 17:00:00,6.230,0.000,0.000,0.000,9.600
2015-10-31 18:00:00,5.630,0.000,0.000,0.000,8.600
2015-10-31 19:00:00,5.160,0.000,0.000,0.000,7.800
2015-10-31 20:00:00,5.290,0.000,0.000,0.000,7.100
2015-10-31 21:00:00,5.490,0.000,0.000,0.000,6.800
2015-10-31 22:00:00,5.710,0.000,0.000,0.000,6.500
2015-10-31 23:00:00,5.560,0.000,0.000,0.000,5.500
2015-11-01 00:00:00,5.350,0.000,0.000,0.000,4.200
2015-11-01 01:00:00,5.280,0.000,0.000,0.000,4.100
2015-11-01 02:00:00,5.640,0.000,0.000,0.000,3.600
2015-11-01 03:00:00,5.520,0.000,0.000,0.000,3.400
2015-11-01 04:00:00,5.030,0.000,0.000,0.000,3.000
2015-11-01 05:00:00,4.810,0.000,0.000,0.000,2.900
2015-11-01 06:00:00,4.940,0.000,0.000,0.000,2.700
2015-11-01 07:00:00,5.200,15.000,100.200,9.000,3.700
2015-11-01 08:00:00,5.190,107.000,415.600,43.000,5.900
2015-11-01 09:00:00,4.520,210.000,549.100,65.000,9.100
2015-11-01 10:00:00,2.940,293.000,630.300,77.000,11.700
2015-11-01 11:00:00,2.300,348.000,696.900,80.000,13.300
2015-11-01 12:00:00,2.090,351.000,700.600,80.000,14.400
2015-11-01 13:00:00,1.900,309.000,675.800,73.000,15.000
2015-11-01 14:00:00,1.300,223.000,561.200,69.000,15.000
2015-11-01 15:00:00,0.890,117.000,412.100,48.000,14.300
2015-11-01 16:00:00,1.580,21.000,133.800,12.000,10.900
2015-11-01 17:00:00,2.840,0.000,0.000,0.000,8.500
2015-11-01 18:00:00,3.070,0.000,0.000,0.000,7.700
2015-11-01 19:00:00,2.280,0.000,0.000,0.000,7.500
2015-11-01 20:00:00,1.750,0.000,0.000,0.000,6.800
2015-11-01 21:00:00,1.460,0.000,0.000,0.000,6.700
2015-11-01 22:00:00,1.080,0.000,0.000,0.000,6.800
2015-11-01 23:00:00,0.450,0.000,0.000,0.000,6.000
2015-11-02 00:00:00,0.670,0.000,0.000,0.000,4.200
2015-11-02 01:00:00,1.400,0.000,0.000,0.000,2.400
2015-11-02 02:00:00,2.200,0.000,0.000,0.000,1.900
2015-11-02 03:00:00,2.520,0.000,0.000,0.000,2.000
2015-11-02 04:00:00,2.220,0.000,0.000,0.000,2.100
2015-11-02 05:00:00,1.900,0.000,0.000,0.000,2.300
2015-11-02 06:00:00,1.810,0.000,0.000,0.000,2.000
2015-11-02 07:00:00,1.620,10.000,34.800,8.000,1.900
2015-11-02 08:00:00,1.640,58.000,80.400,46.000,3.100
2015-11-02 09:00:00,1.490,153.000,239.300,91.000,4.600
2015-11-02 10:00:00,1.840,225.000,281.400,130.000,6.900
2015-11-02 11:00:00,1.710,295.000,490.200,109.000,8.900
2015-11-02 12:00:00,1.650,302.000,516.200,105.000,10.500
2015-11-02 13:00:00,1.800,284.000,537.600,99.000,11.600
2015-11-02 14:00:00,2.220,221.000,549.400,73.000,11.800
2015-11-02 15:00:00,3.340,111.000,344.500,55.000,11.100
2015-11-02 16:00:00,4.610,19.000,77.200,14.000,9.200
2015-11-02 17:00:00,5.260,0.000,0.000,0.000,7.600
2015-11-02 18:00:00,5.320,0.000,0.000,0.000,6.600
2015-11-02 19:00:00,5.080,0.000,0.000,0.000,5.900
2015-11-02 20:00:00,4.960,0.000,0.000,0.000,5.400
2015-11-02 21:00:00,4.840,0.000,0.000,0.000,5.000
2015-11-02 22:00:00,4.760,0.000,0.000,0.000,4.000
2015-11-02 23:00:00,4.750,0.000,0.000,0.000,3.300
2015-11-03 00:00:00,4.480,0.000,0.000,0.000,3.000
2015-11-03 01:00:00,4.290,0.000,0.000,0.000,2.900
2015-11-03 02:00:00,4.220,0.000,0.000,0.000,2.300
2015-11-03 03:00:00,3.930,0.000,0.000,0.000,1.600
2015-11-03 04:00:00,3.720,0.000,0.000,0.000,1.100
2015-11-03 05:00:00,3.900,0.000,0.000,0.000,0.600
2015-11-03 06:00:00,3.900,0.000,0.000,0.000,-0.000
2015-11-03 07:00:00,3.700,11.000,72.700,7.000,0.400
2015-11-03 08:00:00,3.210,89.000,311.500,44.000,1.800
2015-11-03 09:00:00,2.040,188.000,448.400,74.000,3.200
2015-11-03 10:00:00,1.080,272.000,523.100,98.000,5.500
2015-11-03 11:00:00,0.980,335.000,630.400,99.000,7.400
2015-11-03 12:00:00,0.980,353.000,735.600,76.000,8.800
2015-11-03 13:00:00,0.630,309.000,693.000,74.000,9.900
2015-11-03 14:00:00,0.360,225.000,612.600,63.000,10.000
2015-11-03 15:00:00,0.780,115.000,456.300,43.000,8.700
2015-11-03 16:00:00,0.920,18.000,128.400,10.000,5.900
2015-11-03 17:00:00,1.200,0.000,0.000,0.000,4.500
2015-11-03 18:00:00,1.890,0.000,0.000,0.000,3.400
2015-11-03 19:00:00,2.020,0.000,0.000,0.000,2.600
2015-11-03 20:00:00,1.530,0.000,0.000,0.000,2.000
2015-11-03 21:00:00,2.100,0.000,0.000,0.000,2.100
2015-11-03 22:00:00,1.660,0.000,0.000,0.000,0.900
2015-11-03 23:00:00,2.380,0.000,0.000,0.000,0.700
2015-11-04 00:00:00,3.370,0.000,0.000,0.000,0.300
2015-11-04 01:00:00,4.180,0.000,0.000,0.000,-0.000
2015-11-04 02:00:00,4.220,0.000,0.000,0.000,0.300
2015-11-04 03:00:00,3.300,0.000,0.000,0.000,1.000
2015-11-04 04:00:00,4.620,0.000,0.000,0.000,1.600
2015-11-04 05:00:00,5.410,0.000,0.000,0.000,2.200
2015-11-04 06:00:00,5.360,0.000,0.000,0.000,2.300
2015-11-04 07:00:00,6.170,9.000,38.000,7.000,2.900
2015-11-04 08:00:00,5.680,71.000,85.900,59.000,4.000
2015-11-04 09:00:00,5.420,169.000,312.800,91.000,6.400
2015-11-04 10:00:00,4.390,264.000,537.200,88.000,9.900
2015-11-04 11:00:00,2.970,322.000,655.300,80.000,12.100
2015-11-04 12:00:00,2.260,324.000,664.900,77.000,13.800
2015-11-04 13:00:00,1.920,283.000,631.600,72.000,14.900
2015-11-04 14:00:00,2.730,203.000,543.200,62.000,14.900
2015-11-04 15:00:00,4.460,102.000,398.500,41.000,13.900
2015-11-04 16:00:00,5.760,15.000,100.200,9.000,12.800
2015-11-04 17:00:00,6.720,0.000,0.000,0.000,12.000
2015-11-04 18:00:00,6.990,0.000,0.000,0.000,11.300
2015-11-04 19:00:00,6.990,0.000,0.000,0.000,11.200
2015-11-04 20:00:00,6.980,0.000,0.000,0.000,11.000
2015-11-04 21:00:00,6.950,0.000,0.000,0.000,10.900
2015-11-04 22:00:00,7.180,0.000,0.000,0.000,10.800
2015-11-04 23:00:00,6.550,0.000,0.000,0.000,10.500
2015-11-05 00:00:00,6.590,0.000,0.000,0.000,10.400
2015-11-05 01:00:00,6.860,0.000,0.000,0.000,10.200
2015-11-05 02:00:00,6.480,0.000,0.000,0.000,10.100
2015-11-05 03:00:00,6.080,0.000,0.000,0.000,10.100
2015-11-05 04:00:00,6.060,0.000,0.000,0.000,10.000
2015-11-05 05:00:00,5.780,0.000,0.000,0.000,10.100
2015-11-05 06:00:00,5.630,0.000,0.000,0.000,9.900
2015-11-05 07:00:00,5.690,8.000,38.200,6.000,9.400
2015-11-05 08:00:00,5.280,87.000,355.400,39.000,10.700
2015-11-05 09:00:00,4.530,184.000,486.700,65.000,12.200
2015-11-05 10:00:00,2.860,258.000,529.900,87.000,13.600
2015-11-05 11:00:00,2.350,304.000,606.600,83.000,14.900
2015-11-05 12:00:00,2.020,316.000,654.800,76.000,15.600
2015-11-05 13:00:00,1.810,279.000,628.900,72.000,16.100
2015-11-05 14:00:00,2.720,198.000,537.700,61.000,16.000
2015-11-05 15:00:00,3.610,89.000,282.900,47.000,15.000
2015-11-05 16:00:00,4.240,12.000,34.800,10.000,13.900
2015-11-05 17:00:00,5.110,0.000,0.000,0.000,13.000
2015-11-05 18:00:00,5.910,0.000,0.000,0.000,13.000
2015-11-05 19:00:00,6.150,0.000,0.000,0.000,12.800
2015-11-05 20:00:00,6.200,0.000,0.000,0.000,12.700
2015-11-05 21:00:00,6.480,0.000,0.000,0.000,12.900
2015-11-05 22:00:00,6.500,0.000,0.000,0.000,12.400
2015-11-05 23:00:00,6.490,0.000,0.000,0.000,12.400
2015-11-06 00:00:00,6.580,0.000,0.000,0.000,12.500
2015-11-06 01:00:00,6.550,0.000,0.000,0.000,12.600
2015-11-06 02:00:00,6.400,0.000,0.000,0.000,12.400
2015-11-06 03:00:00,6.520,0.000,0.000,0.000,12.400
2015-11-06 04:00:00,6.870,0.000,0.000,0.000,12.500
2015-11-06 05:00:00,6.940,0.000,0.000,0.000,12.500
2015-11-06 06:00:00,7.510,0.000,0.000,0.000,12.500
2015-11-06 07:00:00,7.790,6.000,19.100,5.000,12.700
2015-11-06 08:00:00,7.690,37.000,115.000,22.000,13.000
2015-11-06 09:00:00,7.840,19.000,0.000,19.000,13.300
2015-11-06 10:00:00,7.530,44.000,12.600,40.000,13.700
2015-11-06 11:00:00,7.080,40.000,5.600,38.000,14.200
2015-11-06 12:00:00,6.780,75.000,24.900,66.000,14.800
2015-11-06 13:00:00,6.700,65.000,9.300,62.000,14.900
2015-11-06 14:00:00,6.450,56.000,0.000,56.000,15.000
2015-11-06 15:00:00,6.520,24.000,0.000,24.000,15.000
2015-11-06 16:00:00,6.450,3.000,0.000,3.000,14.700
2015-11-06 17:00:00,6.080,0.000,0.000,0.000,14.400
2015-11-06 18:00:00,5.820,0.000,0.000,0.000,14.200
2015-11-06 19:00:00,6.410,0.000,0.000,0.000,14.200
2015-11-06 20:00:00,7.450,0.000,0.000,0.000,14.100
2015-11-06 21:00:00,7.000,0.000,0.000,0.000,13.800
2015-11-06 22:00:00,8.350,0.000,0.000,0.000,13.700
2015-11-06 23:00:00,8.510,0.000,0.000,0.000,13.700
2015-11-07 00:00:00,8.630,0.000,0.000,0.000,14.100
2015-11-07 01:00:00,9.000,0.000,0.000,0.000,14.600
2015-11-07 02:00:00,8.960,0.000,0.000,0.000,15.200
2015-11-07 03:00:00,8.850,0.000,0.000,0.000,15.600
2015-11-07 04:00:00,8.850,0.000,0.000,0.000,15.700
2015-11-07 05:00:00,7.960,0.000,0.000,0.000,15.800
2015-11-07 06:00:00,8.210,0.000,0.000,0.000,15.700
2015-11-07 07:00:00,7.670,1.000,0.000,1.000,15.600
2015-11-07 08:00:00,6.310,12.000,0.000,12.000,15.700
2015-11-07 09:00:00,5.460,43.000,4.300,42.000,16.100
2015-11-07 10:00:00,4.310,53.000,0.000,53.000,16.600
2015-11-07 11:00:00,5.520,68.000,0.000,68.000,16.800
2015-11-07 12:00:00,6.620,167.000,98.100,132.000,17.600
2015-11-07 13:00:00,7.030,184.000,219.100,114.000,17.700
2015-11-07 14:00:00,7.170,130.000,175.200,87.000,17.400
2015-11-07 15:00:00,6.940,40.000,14.300,38.000,17.000
2015-11-07 16:00:00,8.250,7.000,0.000,7.000,16.800
2015-11-07 17:00:00,9.200,0.000,0.000,0.000,17.100
2015-11-07 18:00:00,9.880,0.000,0.000,0.000,17.300
2015-11-07 19:00:00,10.290,0.000,0.000,0.000,17.400
2015-11-07 20:00:00,11.110,0.000,0.000,0.000,17.500
2015-11-07 21:00:00,12.010,0.000,0.000,0.000,17.900
2015-11-07 22:00:00,13.470,0.000,0.000,0.000,17.500
2015-11-07 23:00:00,13.090,0.000,0.000,0.000,16.900
2015-11-08 00:00:00,11.850,0.000,0.000,0.000,16.000
2015-11-08 01:00:00,12.130,0.000,0.000,0.000,15.300
2015-11-08 02:00:00,11.610,0.000,0.000,0.000,15.000
2015-11-08 03:00:00,11.000,0.000,0.000,0.000,14.600
2015-11-08 04:00:00,10.610,0.000,0.000,0.000,14.200
2015-11-08 05:00:00,10.040,0.000,0.000,0.000,13.500
2015-11-08 06:00:00,8.660,0.000,0.000,0.000,12.900
2015-11-08 07:00:00,7.600,5.000,19.100,4.000,12.200
2015-11-08 08:00:00,6.700,72.000,297.000,36.000,12.400
2015-11-08 09:00:00,6.000,154.000,399.700,62.000,13.100
2015-11-08 10:00:00,4.120,230.000,438.200,95.000,13.800
2015-11-08 11:00:00,3.580,238.000,360.400,112.000,14.200
2015-11-08 12:00:00,3.470,269.000,409.200,125.000,14.500
2015-11-08 13:00:00,3.160,214.000,355.800,102.000,14.600
2015-11-08 14:00:00,3.420,143.000,186.800,98.000,14.400
2015-11-08 15:00:00,4.100,61.000,7.400,60.000,13.800
2015-11-08 16:00:00,5.250,7.000,0.000,7.000,12.700
2015-11-08 17:00:00,6.050,0.000,0.000,0.000,11.700
2015-11-08 18:00:00,7.230,0.000,0.000,0.000,11.700
2015-11-08 19:00:00,7.710,0.000,0.000,0.000,11.400
2015-11-08 20:00:00,8.100,0.000,0.000,0.000,11.500
2015-11-08 21:00:00,8.450,0.000,0.000,0.000,11.900
2015-11-08 22:00:00,8.890,0.000,0.000,0.000,12.800
2015-11-08 23:00:00,8.930,0.000,0.000,0.000,13.500
2015-11-09 00:00:00,9.160,0.000,0.000,0.000,14.500
2015-11-09 01:00:00,9.340,0.000,0.000,0.000,15.100
2015-11-09 02:00:00,10.070,0.000,0.000,0.000,15.300
2015-11-09 03:00:00,9.970,0.000,0.000,0.000,15.600
2015-11-09 04:00:00,11.160,0.000,0.000,0.000,15.500
2015-11-09 05:00:00,11.020,0.000,0.000,0.000,14.900
2015-11-09 06:00:00,10.250,0.000,0.000,0.000,14.800
2015-11-09 07:00:00,9.620,3.000,19.100,2.000,14.600
2015-11-09 08:00:00,8.880,50.000,180.000,29.000,14.500
2015-11-09 09:00:00,9.300,132.000,328.100,58.000,14.900
2015-11-09 10:00:00,7.280,182.000,319.800,85.000,15.200
2015-11-09 11:00:00,9.430,189.000,287.100,90.000,15.200
2015-11-09 12:00:00,9.840,144.000,74.900,118.000,15.000
2015-11-09 13:00:00,10.890,85.000,9.700,82.000,14.600
2015-11-09 14:00:00,11.400,53.000,0.000,53.000,14.100
2015-11-09 15:00:00,11.010,28.000,0.000,28.000,13.600
2015-11-09 16:00:00,11.060,4.000,0.000,4.000,13.000
2015-11-09 17:00:00,10.990,0.000,0.000,0.000,12.800
2015-11-09 18:00:00,11.350,0.000,0.000,0.000,12.700
2015-11-09 19:00:00,11.800,0.000,0.000,0.000,12.700
2015-11-09 20:00:00,12.020,0.000,0.000,0.000,12.900
2015-11-09 21:00:00,11.870,0.000,0.000,0.000,12.900
2015-11-09 22:00:00,11.360,0.000,0.000,0.000,12.900
2015-11-09 23:00:00,11.870,0.000,0.000,0.000,12.800
2015-11-10 00:00:00,12.150,0.000,0.000,0.000,12.700
2015-11-10 01:00:00,12.650,0.000,0.000,0.000,12.800
2015-11-10 02:00:00,13.170,0.000,0.000,0.000,13.100
2015-11-10 03:00:00,13.660,0.000,0.000,0.000,13.300
2015-11-10 04:00:00,13.750,0.000,0.000,0.000,13.400
2015-11-10 05:00:00,13.390,0.000,0.000,0.000,13.400
2015-11-10 06:00:00,12.880,0.000,0.000,0.000,13.600
2015-11-10 07:00:00,12.470,1.000,0.000,1.000,13.700
2015-11-10 08:00:00,12.010,14.000,0.000,14.000,13.800
2015-11-10 09:00:00,11.500,40.000,0.000,40.000,13.900
2015-11-10 10:00:00,12.080,88.000,73.700,66.000,14.100
2015-11-10 11:00:00,10.420,76.000,17.600,70.000,14.300
2015-11-10 12:00:00,11.100,36.000,0.000,36.000,14.200
2015-11-10 13:00:00,10.790,35.000,3.300,34.000,14.400
2015-11-10 14:00:00,10.850,37.000,21.500,32.000,14.400
2015-11-10 15:00:00,10.660,18.000,7.900,17.000,14.300
2015-11-10 16:00:00,10.280,2.000,0.000,2.000,14.100
2015-11-10 17:00:00,9.960,0.000,0.000,0.000,13.800
2015-11-10 18:00:00,9.710,0.000,0.000,0.000,13.700
2015-11-10 19:00:00,9.580,0.000,0.000,0.000,13.900
2015-11-10 20:00:00,9.900,0.000,0.000,0.000,14.100
2015-11-10 21:00:00,9.960,0.000,0.000,0.000,14.400
2015-11-10 22:00:00,9.410,0.000,0.000,0.000,14.200
2015-11-10 23:00:00,9.370,0.000,0.000,0.000,14.300
2015-11-11 00:00:00,9.440,0.000,0.000,0.000,14.200
2015-11-11 01:00:00,9.410,0.000,0.000,0.000,14.100
2015-11-11 02:00:00,9.240,0.000,0.000,0.000,13.900
2015-11-11 03:00:00,8.960,0.000,0.000,0.000,13.800
2015-11-11 04:00:00,9.020,0.000,0.000,0.000,13.500
2015-11-11 05:00:00,8.960,0.000,0.000,0.000,13.300
2015-11-11 06:00:00,8.850,0.000,0.000,0.000,13.100
2015-11-11 07:00:00,8.860,0.000,0.000,0.000,13.000
2015-11-11 08:00:00,8.750,11.000,0.000,11.000,12.900
2015-11-11 09:00:00,8.690,25.000,4.600,24.000,13.000
2015-11-11 10:00:00,7.610,43.000,0.000,43.000,13.000
2015-11-11 11:00:00,7.960,39.000,0.000,39.000,12.800
2015-11-11 12:00:00,7.750,70.000,0.000,70.000,12.900
2015-11-11 13:00:00,8.050,50.000,0.000,50.000,13.000
2015-11-11 14:00:00,8.500,41.000,0.000,41.000,12.900
2015-11-11 15:00:00,8.590,21.000,0.000,21.000,12.700
2015-11-11 16:00:00,8.370,2.000,0.000,2.000,12.400
2015-11-11 17:00:00,8.140,0.000,0.000,0.000,12.100
2015-11-11 18:00:00,8.010,0.000,0.000,0.000,11.900
2015-11-11 19:00:00,8.150,0.000,0.000,0.000,11.800
2015-11-11 20:00:00,8.200,0.000,0.000,0.000,11.800
2015-11-11 21:00:00,8.160,0.000,0.000,0.000,11.800
2015-11-11 22:00:00,8.210,0.000,0.000,0.000,11.700
2015-11-11 23:00:00,8.270,0.000,0.000,0.000,11.500
2015-11-12 00:00:00,8.440,0.000,0.000,0.000,11.500
2015-11-12 01:00:00,8.780,0.000,0.000,0.000,11.500
2015-11-12 02:00:00,8.990,0.000,0.000,0.000,11.600
2015-11-12 03:00:00,9.000,0.000,0.000,0.000,11.800
2015-11-12 04:00:00,9.060,0.000,0.000,0.000,11.900
2015-11-12 05:00:00,9.010,0.000,0.000,0.000,11.800
2015-11-12 06:00:00,8.830,0.000,0.000,0.000,11.800
2015-11-12 07:00:00,8.700,1.000,0.000,1.000,11.900
2015-11-12 08:00:00,8.490,23.000,19.300,21.000,12.200
2015-11-12 09:00:00,7.700,66.000,47.200,56.000,12.600
2015-11-12 10:00:00,6.710,100.000,55.300,84.000,13.200
2015-11-12 11:00:00,7.590,120.000,96.700,88.000,13.700
2015-11-12 12:00:00,7.330,146.000,182.900,85.000,13.900
2015-11-12 13:00:00,7.180,185.000,353.600,80.000,14.200
2015-11-12 14:00:00,5.980,128.000,250.400,72.000,13.800
2015-11-12 15:00:00,5.520,60.000,235.900,32.000,13.200
2015-11-12 16:00:00,5.470,5.000,19.100,4.000,11.900
2015-11-12 17:00:00,5.170,0.000,0.000,0.000,11.200
2015-11-12 18:00:00,5.060,0.000,0.000,0.000,10.800
2015-11-12 19:00:00,5.100,0.000,0.000,0.000,10.800
2015-11-12 20:00:00,5.380,0.000,0.000,0.000,10.400
2015-11-12 21:00:00,5.750,0.000,0.000,0.000,9.700
2015-11-12 22:00:00,6.110,0.000,0.000,0.000,10.300
2015-11-12 23:00:00,6.400,0.000,0.000,0.000,10.700
2015-11-13 00:00:00,6.700,0.000,0.000,0.000,10.800
2015-11-13 01:00:00,7.220,0.000,0.000,0.000,11.300
2015-11-13 02:00:00,7.550,0.000,0.000,0.000,11.800
2015-11-13 03:00:00,7.720,0.000,0.000,0.000,11.900
2015-11-13 04:00:00,7.930,0.000,0.000,0.000,12.100
2015-11-13 05:00:00,8.240,0.000,0.000,0.000,12.300
2015-11-13 06:00:00,8.380,0.000,0.000,0.000,12.200
2015-11-13 07:00:00,8.680,1.000,0.000,1.000,12.300
2015-11-13 08:00:00,8.930,25.000,0.000,25.000,12.400
2015-11-13 09:00:00,9.190,68.000,24.100,63.000,12.800
2015-11-13 10:00:00,8.350,115.000,45.600,102.000,14.000
2015-11-13 11:00:00,9.750,117.000,73.500,93.000,14.000
2015-11-13 12:00:00,10.820,118.000,36.400,106.000,14.200
2015-11-13 13:00:00,10.310,111.000,71.700,90.000,13.900
2015-11-13 14:00:00,9.690,100.000,186.700,59.000,13.700
2015-11-13 15:00:00,9.050,41.000,104.400,29.000,13.000
2015-11-13 16:00:00,8.680,3.000,0.000,3.000,11.900
2015-11-13 17:00:00,9.220,0.000,0.000,0.000,11.000
2015-11-13 18:00:00,9.680,0.000,0.000,0.000,10.500
2015-11-13 19:00:00,11.400,0.000,0.000,0.000,8.900
2015-11-13 20:00:00,11.410,0.000,0.000,0.000,8.100
2015-11-13 21:00:00,10.890,0.000,0.000,0.000,7.700
2015-11-13 22:00:00,11.290,0.000,0.000,0.000,7.200
2015-11-13 23:00:00,11.260,0.000,0.000,0.000,7.300
2015-11-14 00:00:00,12.100,0.000,0.000,0.000,6.900
2015-11-14 01:00:00,12.080,0.000,0.000,0.000,6.600
2015-11-14 02:00:00,11.670,0.000,0.000,0.000,6.600
2015-11-14 03:00:00,11.960,0.000,0.000,0.000,6.600
2015-11-14 04:00:00,12.080,0.000,0.000,0.000,6.900
2015-11-14 05:00:00,12.280,0.000,0.000,0.000,6.900
2015-11-14 06:00:00,12.810,0.000,0.000,0.000,6.900
2015-11-14 07:00:00,12.460,1.000,0.000,1.000,6.900
2015-11-14 08:00:00,11.570,38.000,126.500,26.000,6.800
2015-11-14 09:00:00,10.560,103.000,241.200,54.000,7.300
2015-11-14 10:00:00,9.600,167.000,334.900,73.000,7.800
2015-11-14 11:00:00,10.100,218.000,372.300,98.000,8.400
2015-11-14 12:00:00,10.660,227.000,372.300,106.000,8.800
2015-11-14 13:00:00,10.170,180.000,277.100,100.000,8.900
2015-11-14 14:00:00,11.240,116.000,111.200,92.000,8.500
2015-11-14 15:00:00,11.040,43.000,36.000,39.000,8.200
2015-11-14 16:00:00,9.810,3.000,0.000,3.000,8.000
2015-11-14 17:00:00,9.490,0.000,0.000,0.000,7.800
2015-11-14 18:00:00,9.660,0.000,0.000,0.000,7.800
2015-11-14 19:00:00,9.750,0.000,0.000,0.000,7.700
2015-11-14 20:00:00,9.490,0.000,0.000,0.000,7.700
2015-11-14 21:00:00,8.790,0.000,0.000,0.000,7.600
2015-11-14 22:00:00,7.760,0.000,0.000,0.000,7.300
2015-11-14 23:00:00,7.570,0.000,0.000,0.000,7.500
2015-11-15 00:00:00,7.700,0.000,0.000,0.000,7.700
2015-11-15 01:00:00,8.030,0.000,0.000,0.000,7.800
2015-11-15 02:00:00,8.320,0.000,0.000,0.000,7.800
2015-11-15 03:00:00,8.990,0.000,0.000,0.000,8.500
2015-11-15 04:00:00,10.890,0.000,0.000,0.000,10.000
2015-11-15 05:00:00,11.760,0.000,0.000,0.000,10.600
2015-11-15 06:00:00,11.860,0.000,0.000,0.000,10.700
2015-11-15 07:00:00,12.370,0.000,0.000,0.000,11.100
2015-11-15 08:00:00,13.060,3.000,0.000,3.000,11.700
2015-11-15 09:00:00,13.830,6.000,0.000,6.000,12.400
2015-11-15 10:00:00,14.200,13.000,0.000,13.000,13.200
2015-11-15 11:00:00,14.020,15.000,0.000,15.000,13.100
2015-11-15 12:00:00,14.490,21.000,0.000,21.000,13.200
2015-11-15 13:00:00,14.520,13.000,0.000,13.000,13.100
2015-11-15 14:00:00,14.060,10.000,0.000,10.000,12.900
2015-11-15 15:00:00,13.700,4.000,0.000,4.000,12.700
2015-11-15 16:00:00,13.000,0.000,0.000,0.000,12.700
2015-11-15 17:00:00,12.410,0.000,0.000,0.000,12.700
2015-11-15 18:00:00,11.830,0.000,0.000,0.000,12.900
2015-11-15 19:00:00,11.750,0.000,0.000,0.000,13.000
2015-11-15 20:00:00,11.960,0.000,0.000,0.000,13.000
2015-11-15 21:00:00,11.490,0.000,0.000,0.000,12.900
2015-11-15 22:00:00,10.470,0.000,0.000,0.000,13.100
2015-11-15 23:00:00,10.380,0.000,0.000,0.000,12.900
2015-11-16 00:00:00,10.280,0.000,0.000,0.000,12.700
2015-11-16 01:00:00,10.180,0.000,0.000,0.000,12.400
2015-11-16 02:00:00,10.380,0.000,0.000,0.000,12.500
2015-11-16 03:00:00,10.400,0.000,0.000,0.000,12.300
2015-11-16 04:00:00,10.070,0.000,0.000,0.000,12.100
2015-11-16 05:00:00,9.620,0.000,0.000,0.000,12.100
2015-11-16 06:00:00,9.220,0.000,0.000,0.000,12.000
2015-11-16 07:00:00,9.000,0.000,0.000,0.000,12.000
2015-11-16 08:00:00,8.850,23.000,68.200,17.000,11.900
2015-11-16 09:00:00,8.500,90.000,159.200,59.000,11.900
2015-11-16 10:00:00,9.640,108.000,168.900,62.000,12.100
2015-11-16 11:00:00,9.550,122.000,178.400,66.000,12.100
2015-11-16 12:00:00,9.570,113.000,129.400,72.000,12.200
2015-11-16 13:00:00,9.130,57.000,0.000,57.000,12.200
2015-11-16 14:00:00,8.950,41.000,4.800,40.000,12.000
2015-11-16 15:00:00,9.210,17.000,0.000,17.000,11.600
2015-11-16 16:00:00,9.330,1.000,0.000,1.000,11.500
2015-11-16 17:00:00,9.690,0.000,0.000,0.000,11.500
2015-11-16 18:00:00,9.550,0.000,0.000,0.000,11.600
2015-11-16 19:00:00,9.790,0.000,0.000,0.000,11.700
2015-11-16 20:00:00,9.400,0.000,0.000,0.000,11.500
2015-11-16 21:00:00,9.430,0.000,0.000,0.000,11.500
2015-11-16 22:00:00,9.300,0.000,0.000,0.000,11.400
2015-11-16 23:00:00,8.950,0.000,0.000,0.000,11.400
2015-11-17 00:00:00,8.510,0.000,0.000,0.000,11.300
2015-11-17 01:00:00,8.280,0.000,0.000,0.000,11.100
2015-11-17 02:00:00,8.510,0.000,0.000,0.000,11.200
2015-11-17 03:00:00,8.730,0.000,0.000,0.000,11.300
2015-11-17 04:00:00,8.210,0.000,0.000,0.000,11.100
2015-11-17 05:00:00,8.360,0.000,0.000,0.000,11.100
2015-11-17 06:00:00,8.630,0.000,0.000,0.000,10.900
2015-11-17 07:00:00,8.920,0.000,0.000,0.000,11.000
2015-11-17 08:00:00,8.480,7.000,0.000,7.000,11.300
2015-11-17 09:00:00,7.370,32.000,5.200,31.000,11.700
2015-11-17 10:00:00,6.960,30.000,0.000,30.000,11.900
2015-11-17 11:00:00,8.000,39.000,3.200,38.000,12.500
2015-11-17 12:00:00,9.310,28.000,0.000,28.000,13.000
2015-11-17 13:00:00,9.610,16.000,0.000,16.000,13.300
2015-11-17 14:00:00,9.140,20.000,0.000,20.000,13.300
2015-11-17 15:00:00,9.570,7.000,0.000,7.000,13.300
2015-11-17 16:00:00,10.410,0.000,0.000,0.000,13.200
2015-11-17 17:00:00,10.570,0.000,0.000,0.000,13.000
2015-11-17 18:00:00,9.680,0.000,0.000,0.000,13.000
2015-11-17 19:00:00,10.110,0.000,0.000,0.000,13.400
2015-11-17 20:00:00,10.260,0.000,0.000,0.000,13.400
2015-11-17 21:00:00,13.120,0.000,0.000,0.000,13.300
2015-11-17 22:00:00,14.310,0.000,0.000,0.000,14.300
2015-11-17 23:00:00,14.860,0.000,0.000,0.000,14.800
2015-11-18 00:00:00,15.420,0.000,0.000,0.000,14.600
2015-11-18 01:00:00,15.770,0.000,0.000,0.000,14.100
2015-11-18 02:00:00,15.800,0.000,0.000,0.000,12.400
2015-11-18 03:00:00,16.950,0.000,0.000,0.000,11.900
2015-11-18 04:00:00,17.660,0.000,0.000,0.000,11.800
2015-11-18 05:00:00,18.560,0.000,0.000,0.000,11.700
2015-11-18 06:00:00,17.850,0.000,0.000,0.000,11.600
2015-11-18 07:00:00,16.800,0.000,0.000,0.000,11.500
2015-11-18 08:00:00,16.030,10.000,24.000,8.000,10.800
2015-11-18 09:00:00,14.780,71.000,198.300,34.000,10.700
2015-11-18 10:00:00,11.300,98.000,125.000,65.000,11.200
2015-11-18 11:00:00,13.700,181.000,300.800,89.000,11.700
2015-11-18 12:00:00,11.390,180.000,339.800,75.000,11.900
2015-11-18 13:00:00,10.410,133.000,139.000,95.000,12.000
2015-11-18 14:00:00,10.880,99.000,114.200,76.000,12.000
2015-11-18 15:00:00,10.230,40.000,102.300,30.000,11.900
2015-11-18 16:00:00,10.270,1.000,0.000,1.000,11.900
2015-11-18 17:00:00,10.800,0.000,0.000,0.000,12.200
2015-11-18 18:00:00,11.620,0.000,0.000,0.000,12.300
2015-11-18 19:00:00,11.910,0.000,0.000,0.000,12.100
2015-11-18 20:00:00,12.760,0.000,0.000,0.000,11.900
2015-11-18 21:00:00,13.310,0.000,0.000,0.000,11.400
2015-11-18 22:00:00,14.200,0.000,0.000,0.000,12.300
2015-11-18 23:00:00,14.130,0.000,0.000,0.000,12.300
2015-11-19 00:00:00,13.910,0.000,0.000,0.000,12.200
2015-11-19 01:00:00,13.570,0.000,0.000,0.000,11.800
2015-11-19 02:00:00,13.170,0.000,0.000,0.000,11.600
2015-11-19 03:00:00,13.450,0.000,0.000,0.000,11.900
2015-11-19 04:00:00,14.090,0.000,0.000,0.000,11.700
2015-11-19 05:00:00,14.580,0.000,0.000,0.000,11.200
2015-11-19 06:00:00,14.590,0.000,0.000,0.000,11.100
2015-11-19 07:00:00,14.460,0.000,0.000,0.000,11.100
2015-11-19 08:00:00,14.300,42.000,245.900,22.000,11.400
2015-11-19 09:00:00,14.880,105.000,345.100,42.000,11.800
2015-11-19 10:00:00,13.280,152.000,323.000,68.000,12.000
2015-11-19 11:00:00,12.080,206.000,440.500,73.000,12.200
2015-11-19 12:00:00,13.170,198.000,373.500,84.000,12.300
2015-11-19 13:00:00,13.510,148.000,170.500,102.000,12.100
2015-11-19 14:00:00,13.100,94.000,121.200,70.000,11.700
2015-11-19 15:00:00,11.530,28.000,21.100,26.000,11.200
2015-11-19 16:00:00,11.100,1.000,0.000,1.000,10.900
2015-11-19 17:00:00,10.210,0.000,0.000,0.000,10.500
2015-11-19 18:00:00,10.090,0.000,0.000,0.000,9.900
2015-11-19 19:00:00,10.400,0.000,0.000,0.000,9.500
2015-11-19 20:00:00,9.970,0.000,0.000,0.000,9.000
2015-11-19 21:00:00,9.600,0.000,0.000,0.000,8.600
2015-11-19 22:00:00,9.480,0.000,0.000,0.000,7.800
2015-11-19 23:00:00,9.920,0.000,0.000,0.000,7.900
2015-11-20 00:00:00,9.750,0.000,0.000,0.000,8.000
2015-11-20 01:00:00,9.770,0.000,0.000,0.000,7.800
2015-11-20 02:00:00,9.650,0.000,0.000,0.000,7.800
2015-11-20 03:00:00,9.850,0.000,0.000,0.000,7.800
2015-11-20 04:00:00,9.870,0.000,0.000,0.000,7.600
2015-11-20 05:00:00,9.410,0.000,0.000,0.000,7.800
2015-11-20 06:00:00,9.830,0.000,0.000,0.000,7.500
2015-11-20 07:00:00,9.500,0.000,0.000,0.000,7.300
2015-11-20 08:00:00,8.770,29.000,138.900,18.000,7.300
2015-11-20 09:00:00,8.550,106.000,341.600,45.000,7.600
2015-11-20 10:00:00,7.280,171.000,386.500,72.000,8.100
2015-11-20 11:00:00,8.230,224.000,436.200,94.000,8.400
2015-11-20 12:00:00,8.100,221.000,411.300,97.000,8.400
2015-11-20 13:00:00,7.930,180.000,368.100,82.000,8.300
2015-11-20 14:00:00,7.210,88.000,133.600,62.000,7.900
2015-11-20 15:00:00,7.420,35.000,54.600,30.000,7.600
2015-11-20 16:00:00,7.180,1.000,0.000,1.000,7.000
2015-11-20 17:00:00,7.370,0.000,0.000,0.000,6.700
2015-11-20 18:00:00,7.340,0.000,0.000,0.000,6.500
2015-11-20 19:00:00,7.400,0.000,0.000,0.000,6.200
2015-11-20 20:00:00,7.760,0.000,0.000,0.000,6.000
2015-11-20 21:00:00,8.020,0.000,0.000,0.000,5.800
2015-11-20 22:00:00,8.480,0.000,0.000,0.000,5.400
2015-11-20 23:00:00,8.170,0.000,0.000,0.000,5.100
2015-11-21 00:00:00,7.930,0.000,0.000,0.000,4.900
2015-11-21 01:00:00,8.130,0.000,0.000,0.000,4.600
2015-11-21 02:00:00,8.080,0.000,0.000,0.000,4.500
2015-11-21 03:00:00,7.460,0.000,0.000,0.000,4.300
2015-11-21 04:00:00,7.210,0.000,0.000,0.000,4.100
2015-11-21 05:00:00,6.830,0.000,0.000,0.000,4.000
2015-11-21 06:00:00,6.490,0.000,0.000,0.000,4.400
2015-11-21 07:00:00,6.350,0.000,0.000,0.000,4.600
2015-11-21 08:00:00,6.130,13.000,13.000,12.000,4.700
2015-11-21 09:00:00,5.240,53.000,22.900,49.000,4.900
2015-11-21 10:00:00,5.610,115.000,150.700,77.000,5.200
2015-11-21 11:00:00,4.980,168.000,271.900,88.000,5.600
2015-11-21 12:00:00,4.900,190.000,349.100,86.000,5.600
2015-11-21 13:00:00,5.530,152.000,331.000,65.000,5.600
2015-11-21 14:00:00,6.020,112.000,323.800,50.000,5.500
2015-11-21 15:00:00,6.820,42.000,191.600,25.000,5.100
2015-11-21 16:00:00,6.500,1.000,0.000,1.000,4.400
2015-11-21 17:00:00,6.700,0.000,0.000,0.000,4.200
2015-11-21 18:00:00,6.510,0.000,0.000,0.000,4.000
2015-11-21 19:00:00,6.280,0.000,0.000,0.000,3.400
2015-11-21 20:00:00,6.590,0.000,0.000,0.000,3.000
2015-11-21 21:00:00,6.860,0.000,0.000,0.000,2.800
2015-11-21 22:00:00,6.580,0.000,0.000,0.000,2.600
2015-11-21 23:00:00,6.170,0.000,0.000,0.000,1.900
2015-11-22 00:00:00,6.400,0.000,0.000,0.000,1.100
2015-11-22 01:00:00,6.690,0.000,0.000,0.000,0.700
2015-11-22 02:00:00,7.090,0.000,0.000,0.000,0.400
2015-11-22 03:00:00,7.540,0.000,0.000,0.000,0.200
2015-11-22 04:00:00,7.690,0.000,0.000,0.000,0.100
2015-11-22 05:00:00,7.790,0.000,0.000,0.000,0.200
2015-11-22 06:00:00,7.830,0.000,0.000,0.000,0.200
2015-11-22 07:00:00,8.020,0.000,0.000,0.000,0.500
2015-11-22 08:00:00,8.150,36.000,186.800,22.000,0.700
2015-11-22 09:00:00,7.830,129.000,451.000,52.000,1.300
2015-11-22 10:00:00,7.240,204.000,555.600,66.000,1.700
2015-11-22 11:00:00,7.420,244.000,561.100,81.000,2.000
2015-11-22 12:00:00,8.020,217.000,451.900,84.000,2.300
2015-11-22 13:00:00,9.010,185.000,397.000,82.000,2.300
2015-11-22 14:00:00,9.090,98.000,175.200,65.000,1.900
2015-11-22 15:00:00,9.600,38.000,139.700,26.000,1.400
2015-11-22 16:00:00,10.100,1.000,0.000,1.000,1.000
2015-11-22 17:00:00,9.710,0.000,0.000,0.000,0.800
2015-11-22 18:00:00,9.230,0.000,0.000,0.000,0.800
2015-11-22 19:00:00,7.540,0.000,0.000,0.000,0.900
2015-11-22 20:00:00,6.940,0.000,0.000,0.000,1.100
2015-11-22 21:00:00,6.580,0.000,0.000,0.000,1.300
2015-11-22 22:00:00,5.710,0.000,0.000,0.000,0.800
2015-11-22 23:00:00,5.250,0.000,0.000,0.000,0.700
2015-11-23 00:00:00,5.540,0.000,0.000,0.000,0.500
2015-11-23 01:00:00,5.310,0.000,0.000,0.000,0.600
2015-11-23 02:00:00,4.740,0.000,0.000,0.000,0.400
2015-11-23 03:00:00,4.530,0.000,0.000,0.000,0.800
2015-11-23 04:00:00,5.240,0.000,0.000,0.000,1.300
2015-11-23 05:00:00,6.170,0.000,0.000,0.000,1.500
2015-11-23 06:00:00,6.330,0.000,0.000,0.000,1.700
2015-11-23 07:00:00,5.980,0.000,0.000,0.000,1.700
2015-11-23 08:00:00,5.730,23.000,109.800,15.000,1.300
2015-11-23 09:00:00,5.050,96.000,269.600,51.000,1.600
2015-11-23 10:00:00,4.160,178.000,445.600,69.000,2.600
2015-11-23 11:00:00,3.480,212.000,481.100,74.000,3.100
2015-11-23 12:00:00,3.720,178.000,316.300,86.000,3.500
2015-11-23 13:00:00,4.180,210.000,577.600,62.000,3.700
2015-11-23 14:00:00,4.160,138.000,442.300,56.000,3.500
2015-11-23 15:00:00,4.300,52.000,332.000,24.000,2.400
2015-11-23 16:00:00,4.920,1.000,0.000,1.000,0.900
2015-11-23 17:00:00,5.440,0.000,0.000,0.000,1.100
2015-11-23 18:00:00,5.870,0.000,0.000,0.000,1.200
2015-11-23 19:00:00,6.340,0.000,0.000,0.000,1.400
2015-11-23 20:00:00,6.640,0.000,0.000,0.000,1.400
2015-11-23 21:00:00,6.860,0.000,0.000,0.000,1.400
2015-11-23 22:00:00,7.430,0.000,0.000,0.000,1.600
2015-11-23 23:00:00,7.450,0.000,0.000,0.000,1.900
2015-11-24 00:00:00,7.570,0.000,0.000,0.000,2.000
2015-11-24 01:00:00,7.860,0.000,0.000,0.000,2.100
2015-11-24 02:00:00,8.180,0.000,0.000,0.000,2.200
2015-11-24 03:00:00,8.270,0.000,0.000,0.000,2.300
2015-11-24 04:00:00,8.390,0.000,0.000,0.000,2.400
2015-11-24 05:00:00,8.640,0.000,0.000,0.000,2.400
2015-11-24 06:00:00,9.040,0.000,0.000,0.000,2.000
2015-11-24 07:00:00,9.260,0.000,0.000,0.000,2.100
2015-11-24 08:00:00,9.310,22.000,14.100,21.000,2.200
2015-11-24 09:00:00,9.710,62.000,6.100,61.000,2.700
2015-11-24 10:00:00,7.810,100.000,16.600,96.000,3.400
2015-11-24 11:00:00,8.190,129.000,45.900,116.000,4.000
2015-11-24 12:00:00,8.410,118.000,24.400,111.000,4.300
2015-11-24 13:00:00,8.290,84.000,7.900,82.000,4.200
2015-11-24 14:00:00,9.640,49.000,0.000,49.000,4.100
2015-11-24 15:00:00,9.560,22.000,0.000,22.000,3.700
2015-11-24 16:00:00,9.550,0.000,0.000,0.000,3.400
2015-11-24 17:00:00,9.560,0.000,0.000,0.000,2.800
2015-11-24 18:00:00,9.420,0.000,0.000,0.000,2.300
2015-11-24 19:00:00,9.100,0.000,0.000,0.000,2.100
2015-11-24 20:00:00,8.960,0.000,0.000,0.000,2.100
2015-11-24 21:00:00,8.770,0.000,0.000,0.000,2.400
2015-11-24 22:00:00,7.830,0.000,0.000,0.000,1.900
2015-11-24 23:00:00,8.280,0.000,0.000,0.000,1.700
2015-11-25 00:00:00,8.100,0.000,0.000,0.000,1.500
2015-11-25 01:00:00,7.660,0.000,0.000,0.000,1.400
2015-11-25 02:00:00,7.050,0.000,0.000,0.000,1.500
2015-11-25 03:00:00,6.720,0.000,0.000,0.000,1.900
2015-11-25 04:00:00,6.620,0.000,0.000,0.000,2.300
2015-11-25 05:00:00,6.700,0.000,0.000,0.000,2.600
2015-11-25 06:00:00,6.620,0.000,0.000,0.000,2.700
2015-11-25 07:00:00,6.700,0.000,0.000,0.000,2.900
2015-11-25 08:00:00,6.620,7.000,0.000,7.000,3.100
2015-11-25 09:00:00,6.540,22.000,0.000,22.000,3.400
2015-11-25 10:00:00,6.810,38.000,0.000,38.000,3.700
2015-11-25 11:00:00,6.790,64.000,7.100,62.000,4.000
2015-11-25 12:00:00,6.370,87.000,3.500,86.000,4.500
2015-11-25 13:00:00,5.380,69.000,12.000,66.000,5.000
2015-11-25 14:00:00,5.250,51.000,22.300,47.000,5.400
2015-11-25 15:00:00,5.170,15.000,12.300,14.000,5.500
2015-11-25 16:00:00,5.320,0.000,0.000,0.000,5.500
2015-11-25 17:00:00,5.300,0.000,0.000,0.000,5.000
2015-11-25 18:00:00,5.390,0.000,0.000,0.000,4.300
2015-11-25 19:00:00,5.390,0.000,0.000,0.000,4.100
2015-11-25 20:00:00,5.640,0.000,0.000,0.000,3.400
2015-11-25 21:00:00,5.910,0.000,0.000,0.000,3.200
2015-11-25 22:00:00,6.040,0.000,0.000,0.000,3.700
2015-11-25 23:00:00,5.940,0.000,0.000,0.000,3.600
2015-11-26 00:00:00,5.410,0.000,0.000,0.000,3.600
2015-11-26 01:00:00,5.490,0.000,0.000,0.000,3.700
2015-11-26 02:00:00,5.670,0.000,0.000,0.000,4.000
2015-11-26 03:00:00,5.630,0.000,0.000,0.000,4.100
2015-11-26 04:00:00,5.730,0.000,0.000,0.000,4.000
2015-11-26 05:00:00,5.980,0.000,0.000,0.000,3.600
2015-11-26 06:00:00,6.170,0.000,0.000,0.000,3.400
2015-11-26 07:00:00,6.080,0.000,0.000,0.000,3.000
2015-11-26 08:00:00,5.950,26.000,179.300,14.000,3.100
2015-11-26 09:00:00,5.590,111.000,436.300,43.000,4.000
2015-11-26 10:00:00,4.480,188.000,556.100,58.000,5.300
2015-11-26 11:00:00,4.400,225.000,571.600,67.000,6.400
2015-11-26 12:00:00,4.240,238.000,612.200,66.000,7.200
2015-11-26 13:00:00,4.370,204.000,578.700,61.000,7.500
2015-11-26 14:00:00,4.630,128.000,440.500,50.000,7.300
2015-11-26 15:00:00,5.140,43.000,274.900,21.000,5.900
2015-11-26 16:00:00,5.460,0.000,0.000,0.000,4.400
2015-11-26 17:00:00,5.330,0.000,0.000,0.000,3.800
2015-11-26 18:00:00,5.000,0.000,0.000,0.000,3.200
2015-11-26 19:00:00,5.200,0.000,0.000,0.000,2.800
2015-11-26 20:00:00,5.230,0.000,0.000,0.000,2.400
2015-11-26 21:00:00,5.290,0.000,0.000,0.000,2.000
2015-11-26 22:00:00,5.680,0.000,0.000,0.000,1.900
2015-11-26 23:00:00,5.660,0.000,0.000,0.000,2.000
2015-11-27 00:00:00,5.920,0.000,0.000,0.000,2.200
2015-11-27 01:00:00,5.920,0.000,0.000,0.000,2.000
2015-11-27 02:00:00,6.120,0.000,0.000,0.000,1.500
2015-11-27 03:00:00,6.230,0.000,0.000,0.000,1.300
2015-11-27 04:00:00,6.300,0.000,0.000,0.000,1.200
2015-11-27 05:00:00,6.360,0.000,0.000,0.000,1.000
2015-11-27 06:00:00,6.410,0.000,0.000,0.000,0.800
2015-11-27 07:00:00,6.500,0.000,0.000,0.000,1.000
2015-11-27 08:00:00,6.660,12.000,15.400,11.000,1.400
2015-11-27 09:00:00,6.480,56.000,72.200,45.000,1.900
2015-11-27 10:00:00,6.000,108.000,99.900,85.000,3.200
2015-11-27 11:00:00,6.170,130.000,102.500,102.000,4.300
2015-11-27 12:00:00,5.780,146.000,143.900,106.000,5.100
2015-11-27 13:00:00,5.690,146.000,217.000,93.000,5.700
2015-11-27 14:00:00,6.280,118.000,361.000,55.000,5.500
2015-11-27 15:00:00,7.160,41.000,241.400,22.000,4.300
2015-11-27 16:00:00,8.040,0.000,0.000,0.000,3.300
2015-11-27 17:00:00,8.490,0.000,0.000,0.000,2.900
2015-11-27 18:00:00,8.710,0.000,0.000,0.000,2.500
2015-11-27 19:00:00,8.810,0.000,0.000,0.000,2.100
2015-11-27 20:00:00,8.930,0.000,0.000,0.000,2.000
2015-11-27 21:00:00,8.930,0.000,0.000,0.000,1.700
2015-11-27 22:00:00,8.660,0.000,0.000,0.000,1.900
2015-11-27 23:00:00,9.150,0.000,0.000,0.000,1.900
2015-11-28 00:00:00,9.120,0.000,0.000,0.000,1.800
2015-11-28 01:00:00,9.170,0.000,0.000,0.000,1.600
2015-11-28 02:00:00,9.490,0.000,0.000,0.000,1.400
2015-11-28 03:00:00,9.470,0.000,0.000,0.000,1.600
2015-11-28 04:00:00,9.400,0.000,0.000,0.000,1.800
2015-11-28 05:00:00,9.440,0.000,0.000,0.000,2.100
2015-11-28 06:00:00,9.490,0.000,0.000,0.000,2.500
2015-11-28 07:00:00,9.620,0.000,0.000,0.000,2.800
2015-11-28 08:00:00,9.430,3.000,0.000,3.000,2.800
2015-11-28 09:00:00,10.300,12.000,0.000,12.000,3.600
2015-11-28 10:00:00,9.850,34.000,0.000,34.000,5.100
2015-11-28 11:00:00,9.320,85.000,59.300,69.000,5.600
2015-11-28 12:00:00,9.720,150.000,251.000,81.000,6.500
2015-11-28 13:00:00,10.220,174.000,414.000,74.000,7.000
2015-11-28 14:00:00,9.500,108.000,319.600,53.000,6.400
2015-11-28 15:00:00,9.040,41.000,271.200,20.000,5.900
2015-11-28 16:00:00,9.050,0.000,0.000,0.000,5.300
2015-11-28 17:00:00,8.910,0.000,0.000,0.000,5.000
2015-11-28 18:00:00,9.370,0.000,0.000,0.000,4.900
2015-11-28 19:00:00,9.410,0.000,0.000,0.000,4.600
2015-11-28 20:00:00,9.710,0.000,0.000,0.000,4.600
2015-11-28 21:00:00,10.300,0.000,0.000,0.000,4.800
2015-11-28 22:00:00,11.080,0.000,0.000,0.000,4.800
2015-11-28 23:00:00,11.540,0.000,0.000,0.000,5.100
2015-11-29 00:00:00,12.200,0.000,0.000,0.000,5.000
2015-11-29 01:00:00,13.360,0.000,0.000,0.000,5.300
2015-11-29 02:00:00,13.440,0.000,0.000,0.000,5.200
2015-11-29 03:00:00,13.110,0.000,0.000,0.000,5.500
2015-11-29 04:00:00,12.850,0.000,0.000,0.000,5.900
2015-11-29 05:00:00,12.280,0.000,0.000,0.000,6.300
2015-11-29 06:00:00,11.490,0.000,0.000,0.000,6.500
2015-11-29 07:00:00,11.000,0.000,0.000,0.000,6.800
2015-11-29 08:00:00,10.730,8.000,0.000,8.000,7.200
2015-11-29 09:00:00,10.930,42.000,13.700,40.000,7.700
2015-11-29 10:00:00,10.480,82.000,44.700,72.000,8.200
2015-11-29 11:00:00,10.460,93.000,18.700,88.000,8.500
2015-11-29 12:00:00,10.890,63.000,11.000,60.000,8.700
2015-11-29 13:00:00,11.150,34.000,8.400,32.000,8.900
2015-11-29 14:00:00,11.300,42.000,5.900,41.000,9.200
2015-11-29 15:00:00,11.420,21.000,0.000,21.000,9.100
2015-11-29 16:00:00,11.990,0.000,0.000,0.000,8.900
2015-11-29 17:00:00,13.690,0.000,0.000,0.000,9.300
2015-11-29 18:00:00,14.670,0.000,0.000,0.000,10.300
2015-11-29 19:00:00,15.610,0.000,0.000,0.000,10.500
2015-11-29 20:00:00,16.290,0.000,0.000,0.000,10.600
2015-11-29 21:00:00,15.500,0.000,0.000,0.000,9.700
2015-11-29 22:00:00,13.620,0.000,0.000,0.000,9.100
2015-11-29 23:00:00,13.700,0.000,0.000,0.000,8.200
2015-11-30 00:00:00,14.210,0.000,0.000,0.000,7.900
2015-11-30 01:00:00,14.910,0.000,0.000,0.000,7.500
2015-11-30 02:00:00,14.570,0.000,0.000,0.000,7.400
2015-11-30 03:00:00,13.920,0.000,0.000,0.000,7.100
2015-11-30 04:00:00,13.610,0.000,0.000,0.000,6.800
2015-11-30 05:00:00,13.200,0.000,0.000,0.000,6.500
2015-11-30 06:00:00,12.700,0.000,0.000,0.000,6.200
2015-11-30 07:00:00,12.700,0.000,0.000,0.000,6.300
2015-11-30 08:00:00,12.330,16.000,50.300,13.000,6.500
2015-11-30 09:00:00,11.970,66.000,105.400,51.000,6.900
2015-11-30 10:00:00,9.850,104.000,36.300,96.000,7.000
2015-11-30 11:00:00,9.180,122.000,37.900,112.000,7.100
2015-11-30 12:00:00,9.390,126.000,33.400,117.000,7.300
2015-11-30 13:00:00,10.320,88.000,12.700,85.000,6.900
2015-11-30 14:00:00,8.810,43.000,0.000,43.000,5.600
2015-11-30 15:00:00,7.600,8.000,0.000,8.000,4.300
2015-11-30 16:00:00,5.910,0.000,0.000,0.000,3.900
2015-11-30 17:00:00,6.930,0.000,0.000,0.000,4.400
2015-11-30 18:00:00,11.270,0.000,0.000,0.000,6.800
2015-11-30 19:00:00,12.780,0.000,0.000,0.000,8.900
2015-11-30 20:00:00,12.790,0.000,0.000,0.000,9.200
2015-11-30 21:00:00,13.410,0.000,0.000,0.000,9.500
2015-11-30 22:00:00,13.410,0.000,0.000,0.000,10.100
2015-11-30 23:00:00,12.560,0.000,0.000,0.000,10.400
2015-12-01 00:00:00,10.940,0.000,0.000,0.000,9.100
2015-12-01 01:00:00,8.260,0.000,0.000,0.000,7.400
2015-12-01 02:00:00,7.620,0.000,0.000,0.000,6.600
2015-12-01 03:00:00,7.910,0.000,0.000,0.000,6.400
2015-12-01 04:00:00,8.400,0.000,0.000,0.000,6.100
2015-12-01 05:00:00,8.540,0.000,0.000,0.000,6.000
2015-12-01 06:00:00,8.810,0.000,0.000,0.000,6.000
2015-12-01 07:00:00,8.800,0.000,0.000,0.000,5.800
2015-12-01 08:00:00,8.600,13.000,34.500,11.000,5.800
2015-12-01 09:00:00,8.300,63.000,93.400,50.000,6.300
2015-12-01 10:00:00,7.100,103.000,124.100,76.000,7.200
2015-12-01 11:00:00,6.550,114.000,99.600,88.000,7.600
2015-12-01 12:00:00,6.320,110.000,97.500,84.000,7.800
2015-12-01 13:00:00,6.590,140.000,294.700,71.000,8.000
2015-12-01 14:00:00,6.580,72.000,132.900,50.000,7.800
2015-12-01 15:00:00,6.280,24.000,40.500,21.000,7.400
2015-12-01 16:00:00,6.360,0.000,0.000,0.000,6.800
2015-12-01 17:00:00,5.950,0.000,0.000,0.000,6.700
2015-12-01 18:00:00,5.520,0.000,0.000,0.000,6.500
2015-12-01 19:00:00,5.590,0.000,0.000,0.000,6.200
2015-12-01 20:00:00,6.040,0.000,0.000,0.000,6.400
2015-12-01 21:00:00,7.300,0.000,0.000,0.000,6.700
2015-12-01 22:00:00,8.960,0.000,0.000,0.000,8.800
2015-12-01 23:00:00,9.790,0.000,0.000,0.000,10.100
2015-12-02 00:00:00,9.670,0.000,0.000,0.000,10.500
2015-12-02 01:00:00,9.160,0.000,0.000,0.000,10.700
2015-12-02 02:00:00,9.100,0.000,0.000,0.000,10.800
2015-12-02 03:00:00,9.440,0.000,0.000,0.000,10.900
2015-12-02 04:00:00,9.590,0.000,0.000,0.000,11.000
2015-12-02 05:00:00,9.280,0.000,0.000,0.000,11.100
2015-12-02 06:00:00,8.850,0.000,0.000,0.000,11.000
2015-12-02 07:00:00,8.750,0.000,0.000,0.000,10.600
2015-12-02 08:00:00,8.560,12.000,88.800,7.000,10.200
2015-12-02 09:00:00,8.070,48.000,139.500,29.000,10.500
2015-12-02 10:00:00,7.430,105.000,251.500,51.000,10.700
2015-12-02 11:00:00,7.470,100.000,104.500,73.000,10.700
2015-12-02 12:00:00,7.220,120.000,162.700,77.000,10.800
2015-12-02 13:00:00,7.820,93.000,107.800,68.000,10.800
2015-12-02 14:00:00,7.930,58.000,122.200,38.000,10.800
2015-12-02 15:00:00,8.100,25.000,136.800,15.000,10.400
2015-12-02 16:00:00,8.220,0.000,0.000,0.000,10.200
2015-12-02 17:00:00,8.250,0.000,0.000,0.000,10.000
2015-12-02 18:00:00,8.500,0.000,0.000,0.000,10.100
2015-12-02 19:00:00,8.660,0.000,0.000,0.000,9.800
2015-12-02 20:00:00,8.500,0.000,0.000,0.000,9.800
2015-12-02 21:00:00,8.210,0.000,0.000,0.000,9.500
2015-12-02 22:00:00,8.270,0.000,0.000,0.000,9.100
2015-12-02 23:00:00,7.880,0.000,0.000,0.000,8.600
2015-12-03 00:00:00,7.690,0.000,0.000,0.000,8.600
2015-12-03 01:00:00,7.880,0.000,0.000,0.000,8.600
2015-12-03 02:00:00,7.960,0.000,0.000,0.000,8.700
2015-12-03 03:00:00,7.820,0.000,0.000,0.000,8.400
2015-12-03 04:00:00,7.580,0.000,0.000,0.000,8.200
2015-12-03 05:00:00,7.610,0.000,0.000,0.000,8.100
2015-12-03 06:00:00,7.780,0.000,0.000,0.000,8.300
2015-12-03 07:00:00,7.640,0.000,0.000,0.000,8.000
2015-12-03 08:00:00,7.600,13.000,54.800,10.000,7.800
2015-12-03 09:00:00,7.430,74.000,300.100,34.000,8.300
2015-12-03 10:00:00,6.810,156.000,467.200,57.000,9.000
2015-12-03 11:00:00,5.640,178.000,387.100,79.000,10.000
2015-12-03 12:00:00,5.500,190.000,420.100,80.000,10.600
2015-12-03 13:00:00,5.770,154.000,374.200,68.000,10.700
2015-12-03 14:00:00,6.000,107.000,346.100,51.000,10.300
2015-12-03 15:00:00,6.310,29.000,166.200,17.000,9.300
2015-12-03 16:00:00,6.710,0.000,0.000,0.000,8.300
2015-12-03 17:00:00,6.990,0.000,0.000,0.000,7.800
2015-12-03 18:00:00,7.320,0.000,0.000,0.000,7.500
2015-12-03 19:00:00,7.420,0.000,0.000,0.000,7.100
2015-12-03 20:00:00,7.530,0.000,0.000,0.000,6.600
2015-12-03 21:00:00,7.230,0.000,0.000,0.000,6.300
2015-12-03 22:00:00,7.370,0.000,0.000,0.000,6.000
2015-12-03 23:00:00,7.990,0.000,0.000,0.000,5.700
2015-12-04 00:00:00,8.130,0.000,0.000,0.000,5.800
2015-12-04 01:00:00,8.710,0.000,0.000,0.000,5.900
2015-12-04 02:00:00,9.280,0.000,0.000,0.000,6.200
2015-12-04 03:00:00,10.060,0.000,0.000,0.000,6.800
2015-12-04 04:00:00,10.640,0.000,0.000,0.000,7.200
2015-12-04 05:00:00,11.320,0.000,0.000,0.000,7.900
2015-12-04 06:00:00,11.810,0.000,0.000,0.000,8.600
2015-12-04 07:00:00,11.880,0.000,0.000,0.000,8.500
2015-12-04 08:00:00,12.150,4.000,0.000,4.000,8.200
2015-12-04 09:00:00,11.910,8.000,0.000,8.000,8.600
2015-12-04 10:00:00,10.490,18.000,0.000,18.000,9.100
2015-12-04 11:00:00,9.440,56.000,0.000,56.000,9.200
2015-12-04 12:00:00,9.040,87.000,73.200,68.000,9.100
2015-12-04 13:00:00,9.240,111.000,158.000,75.000,9.300
2015-12-04 14:00:00,9.100,85.000,243.500,46.000,8.800
2015-12-04 15:00:00,9.010,29.000,182.200,16.000,8.200
2015-12-04 16:00:00,9.100,0.000,0.000,0.000,7.800
2015-12-04 17:00:00,9.030,0.000,0.000,0.000,7.700
2015-12-04 18:00:00,9.170,0.000,0.000,0.000,7.600
2015-12-04 19:00:00,9.420,0.000,0.000,0.000,7.500
2015-12-04 20:00:00,9.500,0.000,0.000,0.000,7.500
2015-12-04 21:00:00,9.430,0.000,0.000,0.000,7.400
2015-12-04 22:00:00,9.770,0.000,0.000,0.000,7.300
2015-12-04 23:00:00,10.020,0.000,0.000,0.000,7.300
2015-12-05 00:00:00,10.460,0.000,0.000,0.000,7.300
2015-12-05 01:00:00,10.620,0.000,0.000,0.000,7.300
2015-12-05 02:00:00,10.460,0.000,0.000,0.000,7.200
2015-12-05 03:00:00,10.360,0.000,0.000,0.000,7.100
2015-12-05 04:00:00,10.540,0.000,0.000,0.000,7.100
2015-12-05 05:00:00,10.590,0.000,0.000,0.000,7.100
2015-12-05 06:00:00,10.700,0.000,0.000,0.000,7.100
2015-12-05 07:00:00,11.200,0.000,0.000,0.000,7.000
2015-12-05 08:00:00,11.410,12.000,19.100,11.000,7.100
2015-12-05 09:00:00,11.790,74.000,148.600,55.000,7.400
2015-12-05 10:00:00,11.290,131.000,193.500,91.000,7.700
2015-12-05 11:00:00,11.640,154.000,143.400,118.000,8.000
2015-12-05 12:00:00,12.760,151.000,112.600,122.000,8.500
2015-12-05 13:00:00,12.250,118.000,61.900,104.000,8.900
2015-12-05 14:00:00,12.040,72.000,69.300,61.000,8.900
2015-12-05 15:00:00,12.160,24.000,0.000,24.000,8.800
2015-12-05 16:00:00,12.160,0.000,0.000,0.000,8.500
2015-12-05 17:00:00,12.100,0.000,0.000,0.000,8.400
2015-12-05 18:00:00,11.810,0.000,0.000,0.000,8.500
2015-12-05 19:00:00,11.530,0.000,0.000,0.000,8.500
2015-12-05 20:00:00,11.460,0.000,0.000,0.000,8.400
2015-12-05 21:00:00,11.830,0.000,0.000,0.000,8.500
2015-12-05 22:00:00,12.660,0.000,0.000,0.000,8.500
2015-12-05 23:00:00,12.900,0.000,0.000,0.000,8.400
2015-12-06 00:00:00,12.530,0.000,0.000,0.000,8.000
2015-12-06 01:00:00,12.160,0.000,0.000,0.000,7.800
2015-12-06 02:00:00,11.810,0.000,0.000,0.000,7.600
2015-12-06 03:00:00,11.740,0.000,0.000,0.000,7.500
2015-12-06 04:00:00,11.590,0.000,0.000,0.000,7.500
2015-12-06 05:00:00,11.600,0.000,0.000,0.000,7.700
2015-12-06 06:00:00,11.620,0.000,0.000,0.000,7.400
2015-12-06 07:00:00,11.700,0.000,0.000,0.000,7.200
2015-12-06 08:00:00,11.720,10.000,76.400,6.000,7.600
2015-12-06 09:00:00,11.840,53.000,167.600,32.000,8.100
2015-12-06 10:00:00,9.320,109.000,264.300,55.000,8.800
2015-12-06 11:00:00,9.630,144.000,289.400,72.000,9.500
2015-12-06 12:00:00,12.070,121.000,211.200,67.000,10.000
2015-12-06 13:00:00,12.730,90.000,111.400,65.000,10.600
2015-12-06 14:00:00,12.030,47.000,82.700,34.000,10.900
2015-12-06 15:00:00,11.400,15.000,28.600,13.000,10.900
2015-12-06 16:00:00,11.480,0.000,0.000,0.000,10.800
2015-12-06 17:00:00,11.680,0.000,0.000,0.000,11.100
2015-12-06 18:00:00,11.390,0.000,0.000,0.000,11.000
2015-12-06 19:00:00,10.870,0.000,0.000,0.000,10.900
2015-12-06 20:00:00,10.340,0.000,0.000,0.000,10.900
2015-12-06 21:00:00,9.980,0.000,0.000,0.000,11.000
2015-12-06 22:00:00,9.040,0.000,0.000,0.000,10.900
2015-12-06 23:00:00,8.770,0.000,0.000,0.000,10.900
2015-12-07 00:00:00,8.290,0.000,0.000,0.000,11.000
2015-12-07 01:00:00,8.320,0.000,0.000,0.000,11.000
2015-12-07 02:00:00,8.250,0.000,0.000,0.000,11.000
2015-12-07 03:00:00,7.790,0.000,0.000,0.000,10.900
2015-12-07 04:00:00,7.390,0.000,0.000,0.000,10.800
2015-12-07 05:00:00,7.160,0.000,0.000,0.000,10.900
2015-12-07 06:00:00,6.740,0.000,0.000,0.000,11.000
2015-12-07 07:00:00,6.050,0.000,0.000,0.000,11.000
2015-12-07 08:00:00,5.500,2.000,0.000,2.000,10.900
2015-12-07 09:00:00,5.170,22.000,16.300,20.000,11.000
2015-12-07 10:00:00,4.340,44.000,9.900,42.000,11.200
2015-12-07 11:00:00,3.880,41.000,16.200,37.000,11.400
2015-12-07 12:00:00,3.940,51.000,19.700,46.000,11.400
2015-12-07 13:00:00,3.800,33.000,9.000,31.000,11.400
2015-12-07 14:00:00,3.640,19.000,0.000,19.000,11.300
2015-12-07 15:00:00,3.450,6.000,0.000,6.000,11.300
2015-12-07 16:00:00,3.240,0.000,0.000,0.000,11.000
2015-12-07 17:00:00,3.300,0.000,0.000,0.000,10.700
2015-12-07 18:00:00,4.210,0.000,0.000,0.000,10.400
2015-12-07 19:00:00,4.540,0.000,0.000,0.000,10.300
2015-12-07 20:00:00,4.710,0.000,0.000,0.000,10.000
2015-12-07 21:00:00,4.960,0.000,0.000,0.000,9.800
2015-12-07 22:00:00,4.900,0.000,0.000,0.000,10.000
2015-12-07 23:00:00,5.190,0.000,0.000,0.000,9.800
2015-12-08 00:00:00,5.570,0.000,0.000,0.000,9.400
2015-12-08 01:00:00,5.870,0.000,0.000,0.000,8.700
2015-12-08 02:00:00,6.070,0.000,0.000,0.000,8.100
2015-12-08 03:00:00,6.200,0.000,0.000,0.000,7.700
2015-12-08 04:00:00,6.000,0.000,0.000,0.000,7.400
2015-12-08 05:00:00,6.260,0.000,0.000,0.000,7.000
2015-12-08 06:00:00,6.550,0.000,0.000,0.000,6.900
2015-12-08 07:00:00,6.840,0.000,0.000,0.000,6.800
2015-12-08 08:00:00,7.040,11.000,76.400,7.000,6.800
2015-12-08 09:00:00,6.920,77.000,356.900,34.000,8.000
2015-12-08 10:00:00,6.280,149.000,480.400,53.000,9.900
2015-12-08 11:00:00,6.200,198.000,563.900,60.000,11.500
2015-12-08 12:00:00,6.020,207.000,587.000,59.000,12.500
2015-12-08 13:00:00,6.060,175.000,541.800,55.000,12.800
2015-12-08 14:00:00,6.670,109.000,432.500,42.000,12.300
2015-12-08 15:00:00,7.430,32.000,232.600,16.000,11.200
2015-12-08 16:00:00,7.830,0.000,0.000,0.000,10.000
2015-12-08 17:00:00,8.300,0.000,0.000,0.000,9.200
2015-12-08 18:00:00,8.710,0.000,0.000,0.000,9.100
2015-12-08 19:00:00,8.790,0.000,0.000,0.000,8.800
2015-12-08 20:00:00,8.730,0.000,0.000,0.000,8.600
2015-12-08 21:00:00,8.680,0.000,0.000,0.000,8.200
2015-12-08 22:00:00,8.320,0.000,0.000,0.000,8.100
2015-12-08 23:00:00,7.840,0.000,0.000,0.000,8.100
2015-12-09 00:00:00,7.500,0.000,0.000,0.000,8.400
2015-12-09 01:00:00,7.410,0.000,0.000,0.000,8.800
2015-12-09 02:00:00,7.470,0.000,0.000,0.000,9.100
2015-12-09 03:00:00,7.530,0.000,0.000,0.000,9.300
2015-12-09 04:00:00,7.890,0.000,0.000,0.000,9.300
2015-12-09 05:00:00,7.960,0.000,0.000,0.000,8.900
2015-12-09 06:00:00,8.010,0.000,0.000,0.000,8.500
2015-12-09 07:00:00,7.810,0.000,0.000,0.000,8.100
2015-12-09 08:00:00,7.630,5.000,0.000,5.000,8.000
2015-12-09 09:00:00,7.840,40.000,25.400,37.000,8.200
2015-12-09 10:00:00,7.050,104.000,182.100,68.000,8.600
2015-12-09 11:00:00,7.700,136.000,271.800,70.000,8.800
2015-12-09 12:00:00,7.900,161.000,395.200,62.000,8.900
2015-12-09 13:00:00,7.930,156.000,417.800,64.000,9.000
2015-12-09 14:00:00,7.210,84.000,227.400,49.000,8.600
2015-12-09 15:00:00,6.690,28.000,190.300,15.000,7.500
2015-12-09 16:00:00,7.400,0.000,0.000,0.000,6.300
2015-12-09 17:00:00,6.960,0.000,0.000,0.000,5.600
2015-12-09 18:00:00,6.610,0.000,0.000,0.000,4.800
2015-12-09 19:00:00,7.130,0.000,0.000,0.000,4.300
2015-12-09 20:00:00,7.530,0.000,0.000,0.000,4.100
2015-12-09 21:00:00,7.780,0.000,0.000,0.000,3.900
2015-12-09 22:00:00,8.060,0.000,0.000,0.000,3.600
2015-12-09 23:00:00,8.060,0.000,0.000,0.000,3.600
2015-12-10 00:00:00,8.200,0.000,0.000,0.000,3.400
2015-12-10 01:00:00,8.350,0.000,0.000,0.000,3.400
2015-12-10 02:00:00,8.670,0.000,0.000,0.000,3.600
2015-12-10 03:00:00,8.870,0.000,0.000,0.000,3.700
2015-12-10 04:00:00,8.920,0.000,0.000,0.000,3.500
2015-12-10 05:00:00,8.920,0.000,0.000,0.000,3.400
2015-12-10 06:00:00,8.920,0.000,0.000,0.000,3.400
2015-12-10 07:00:00,8.860,0.000,0.000,0.000,3.300
2015-12-10 08:00:00,8.820,9.000,38.200,7.000,3.300
2015-12-10 09:00:00,8.700,74.000,336.200,35.000,3.900
2015-12-10 10:00:00,8.070,134.000,388.300,58.000,5.000
2015-12-10 11:00:00,7.960,192.000,530.900,64.000,6.000
2015-12-10 12:00:00,8.050,195.000,518.000,66.000,6.800
2015-12-10 13:00:00,8.720,157.000,388.100,72.000,7.100
2015-12-10 14:00:00,9.430,98.000,300.500,52.000,6.800
2015-12-10 15:00:00,9.400,29.000,132.500,20.000,6.200
2015-12-10 16:00:00,9.320,0.000,0.000,0.000,5.500
2015-12-10 17:00:00,9.460,0.000,0.000,0.000,5.200
2015-12-10 18:00:00,9.570,0.000,0.000,0.000,4.900
2015-12-10 19:00:00,9.640,0.000,0.000,0.000,4.700
2015-12-10 20:00:00,9.430,0.000,0.000,0.000,4.500
2015-12-10 21:00:00,9.600,0.000,0.000,0.000,4.300
2015-12-10 22:00:00,9.270,0.000,0.000,0.000,4.000
2015-12-10 23:00:00,9.560,0.000,0.000,0.000,4.000
2015-12-11 00:00:00,9.400,0.000,0.000,0.000,3.900
2015-12-11 01:00:00,9.140,0.000,0.000,0.000,3.800
2015-12-11 02:00:00,9.250,0.000,0.000,0.000,4.000
2015-12-11 03:00:00,9.500,0.000,0.000,0.000,4.200
2015-12-11 04:00:00,9.560,0.000,0.000,0.000,4.200
2015-12-11 05:00:00,9.500,0.000,0.000,0.000,4.200
2015-12-11 06:00:00,9.540,0.000,0.000,0.000,4.400
2015-12-11 07:00:00,9.360,0.000,0.000,0.000,4.400
2015-12-11 08:00:00,9.170,1.000,0.000,1.000,4.600
2015-12-11 09:00:00,9.770,11.000,0.000,11.000,4.800
2015-12-11 10:00:00,10.000,22.000,0.000,22.000,5.500
2015-12-11 11:00:00,10.730,29.000,0.000,29.000,5.900
2015-12-11 12:00:00,10.910,37.000,0.000,37.000,6.300
2015-12-11 13:00:00,10.890,31.000,0.000,31.000,6.700
2015-12-11 14:00:00,10.480,19.000,0.000,19.000,7.000
2015-12-11 15:00:00,10.110,9.000,0.000,9.000,7.100
2015-12-11 16:00:00,9.940,0.000,0.000,0.000,6.900
2015-12-11 17:00:00,10.110,0.000,0.000,0.000,6.900
2015-12-11 18:00:00,10.600,0.000,0.000,0.000,7.100
2015-12-11 19:00:00,11.280,0.000,0.000,0.000,6.900
2015-12-11 20:00:00,10.830,0.000,0.000,0.000,6.400
2015-12-11 21:00:00,10.760,0.000,0.000,0.000,6.200
2015-12-11 22:00:00,10.790,0.000,0.000,0.000,6.300
2015-12-11 23:00:00,11.100,0.000,0.000,0.000,5.700
2015-12-12 00:00:00,10.380,0.000,0.000,0.000,5.100
2015-12-12 01:00:00,10.110,0.000,0.000,0.000,4.900
2015-12-12 02:00:00,10.080,0.000,0.000,0.000,4.600
2015-12-12 03:00:00,9.990,0.000,0.000,0.000,4.500
2015-12-12 04:00:00,9.840,0.000,0.000,0.000,4.600
2015-12-12 05:00:00,9.930,0.000,0.000,0.000,4.500
2015-12-12 06:00:00,10.060,0.000,0.000,0.000,4.500
2015-12-12 07:00:00,10.030,0.000,0.000,0.000,4.600
2015-12-12 08:00:00,10.020,7.000,19.100,6.000,4.700
2015-12-12 09:00:00,9.650,48.000,125.100,34.000,5.000
2015-12-12 10:00:00,8.320,104.000,197.900,66.000,5.800
2015-12-12 11:00:00,7.780,141.000,315.200,66.000,6.500
2015-12-12 12:00:00,7.490,140.000,267.800,74.000,6.700
2015-12-12 13:00:00,7.040,108.000,211.900,62.000,6.900
2015-12-12 14:00:00,7.300,72.000,184.600,44.000,6.700
2015-12-12 15:00:00,6.500,24.000,89.100,18.000,6.200
2015-12-12 16:00:00,5.870,0.000,0.000,0.000,5.600
2015-12-12 17:00:00,6.180,0.000,0.000,0.000,5.000
2015-12-12 18:00:00,6.490,0.000,0.000,0.000,5.100
2015-12-12 19:00:00,6.290,0.000,0.000,0.000,5.300
2015-12-12 20:00:00,7.200,0.000,0.000,0.000,4.900
2015-12-12 21:00:00,9.030,0.000,0.000,0.000,5.300
2015-12-12 22:00:00,10.940,0.000,0.000,0.000,7.300
2015-12-12 23:00:00,13.320,0.000,0.000,0.000,8.800
2015-12-13 00:00:00,14.770,0.000,0.000,0.000,9.300
2015-12-13 01:00:00,15.220,0.000,0.000,0.000,9.500
2015-12-13 02:00:00,15.670,0.000,0.000,0.000,9.700
2015-12-13 03:00:00,15.920,0.000,0.000,0.000,9.900
2015-12-13 04:00:00,15.870,0.000,0.000,0.000,10.100
2015-12-13 05:00:00,15.550,0.000,0.000,0.000,9.500
2015-12-13 06:00:00,13.190,0.000,0.000,0.000,7.400
2015-12-13 07:00:00,11.050,0.000,0.000,0.000,5.700
2015-12-13 08:00:00,9.170,3.000,0.000,3.000,5.200
2015-12-13 09:00:00,7.470,30.000,54.600,24.000,5.400
2015-12-13 10:00:00,6.720,81.000,141.900,54.000,6.200
2015-12-13 11:00:00,6.600,123.000,241.000,66.000,6.600
2015-12-13 12:00:00,5.410,117.000,179.300,73.000,7.100
2015-12-13 13:00:00,4.380,140.000,356.100,63.000,7.500
2015-12-13 14:00:00,3.650,65.000,125.600,46.000,7.200
2015-12-13 15:00:00,4.060,27.000,163.900,16.000,6.000
2015-12-13 16:00:00,4.540,0.000,0.000,0.000,4.500
2015-12-13 17:00:00,4.400,0.000,0.000,0.000,3.500
2015-12-13 18:00:00,4.000,0.000,0.000,0.000,2.700
2015-12-13 19:00:00,3.350,0.000,0.000,0.000,1.500
2015-12-13 20:00:00,2.530,0.000,0.000,0.000,0.900
2015-12-13 21:00:00,2.160,0.000,0.000,0.000,0.800
2015-12-13 22:00:00,1.840,0.000,0.000,0.000,-0.200
2015-12-13 23:00:00,2.620,0.000,0.000,0.000,-0.300
2015-12-14 00:00:00,3.310,0.000,0.000,0.000,-0.900
2015-12-14 01:00:00,3.210,0.000,0.000,0.000,-0.600
2015-12-14 02:00:00,3.200,0.000,0.000,0.000,-0.300
2015-12-14 03:00:00,3.980,0.000,0.000,0.000,-0.100
2015-12-14 04:00:00,4.060,0.000,0.000,0.000,-0.200
2015-12-14 05:00:00,4.480,0.000,0.000,0.000,-0.100
2015-12-14 06:00:00,5.140,0.000,0.000,0.000,0.300
2015-12-14 07:00:00,5.100,0.000,0.000,0.000,0.300
2015-12-14 08:00:00,4.950,4.000,0.000,4.000,0.900
2015-12-14 09:00:00,5.370,33.000,55.500,27.000,1.700
2015-12-14 10:00:00,4.940,33.000,10.600,31.000,2.400
2015-12-14 11:00:00,5.060,46.000,17.000,42.000,3.100
2015-12-14 12:00:00,4.490,41.000,12.300,38.000,3.700
2015-12-14 13:00:00,4.300,31.000,0.000,31.000,4.300
2015-12-14 14:00:00,4.430,30.000,6.600,29.000,4.800
2015-12-14 15:00:00,4.960,13.000,29.800,11.000,5.100
2015-12-14 16:00:00,5.220,0.000,0.000,0.000,5.000
2015-12-14 17:00:00,5.530,0.000,0.000,0.000,5.000
2015-12-14 18:00:00,6.030,0.000,0.000,0.000,5.300
2015-12-14 19:00:00,6.500,0.000,0.000,0.000,5.700
2015-12-14 20:00:00,6.500,0.000,0.000,0.000,5.900
2015-12-14 21:00:00,6.320,0.000,0.000,0.000,5.700
2015-12-14 22:00:00,6.840,0.000,0.000,0.000,6.100
2015-12-14 23:00:00,6.660,0.000,0.000,0.000,6.300
2015-12-15 00:00:00,5.870,0.000,0.000,0.000,6.100
2015-12-15 01:00:00,5.170,0.000,0.000,0.000,5.600
2015-12-15 02:00:00,5.170,0.000,0.000,0.000,5.500
2015-12-15 03:00:00,4.960,0.000,0.000,0.000,6.000
2015-12-15 04:00:00,4.720,0.000,0.000,0.000,6.100
2015-12-15 05:00:00,4.700,0.000,0.000,0.000,6.000
2015-12-15 06:00:00,4.740,0.000,0.000,0.000,6.000
2015-12-15 07:00:00,4.650,0.000,0.000,0.000,6.100
2015-12-15 08:00:00,4.330,2.000,0.000,2.000,6.000
2015-12-15 09:00:00,3.750,18.000,9.400,17.000,6.100
2015-12-15 10:00:00,3.340,46.000,10.700,44.000,6.500
2015-12-15 11:00:00,2.500,50.000,0.000,50.000,6.700
2015-12-15 12:00:00,1.780,44.000,0.000,44.000,6.900
2015-12-15 13:00:00,1.780,39.000,23.300,34.000,6.900
2015-12-15 14:00:00,1.400,39.000,73.000,28.000,6.800
2015-12-15 15:00:00,1.530,8.000,0.000,8.000,6.400
2015-12-15 16:00:00,2.110,0.000,0.000,0.000,6.000
2015-12-15 17:00:00,3.280,0.000,0.000,0.000,5.400
2015-12-15 18:00:00,3.900,0.000,0.000,0.000,4.900
2015-12-15 19:00:00,4.180,0.000,0.000,0.000,5.500
2015-12-15 20:00:00,4.730,0.000,0.000,0.000,5.500
2015-12-15 21:00:00,5.220,0.000,0.000,0.000,5.300
2015-12-15 22:00:00,5.870,0.000,0.000,0.000,5.700
2015-12-15 23:00:00,6.090,0.000,0.000,0.000,5.700
2015-12-16 00:00:00,5.750,0.000,0.000,0.000,5.700
2015-12-16 01:00:00,5.580,0.000,0.000,0.000,5.800
2015-12-16 02:00:00,5.750,0.000,0.000,0.000,5.800
2015-12-16 03:00:00,5.940,0.000,0.000,0.000,5.900
2015-12-16 04:00:00,6.080,0.000,0.000,0.000,6.300
2015-12-16 05:00:00,6.370,0.000,0.000,0.000,6.300
2015-12-16 06:00:00,6.660,0.000,0.000,0.000,6.600
2015-12-16 07:00:00,6.760,0.000,0.000,0.000,6.600
2015-12-16 08:00:00,6.850,2.000,0.000,2.000,6.700
2015-12-16 09:00:00,6.710,32.000,38.100,28.000,7.200
2015-12-16 10:00:00,6.450,80.000,86.100,64.000,8.400
2015-12-16 11:00:00,6.630,140.000,240.400,84.000,9.100
2015-12-16 12:00:00,6.600,119.000,103.000,94.000,9.600
2015-12-16 13:00:00,7.070,63.000,18.600,59.000,9.500
2015-12-16 14:00:00,7.160,25.000,0.000,25.000,9.500
2015-12-16 15:00:00,7.120,8.000,0.000,8.000,9.300
2015-12-16 16:00:00,7.150,0.000,0.000,0.000,9.200
2015-12-16 17:00:00,7.380,0.000,0.000,0.000,9.300
2015-12-16 18:00:00,7.330,0.000,0.000,0.000,9.400
2015-12-16 19:00:00,7.470,0.000,0.000,0.000,9.600
2015-12-16 20:00:00,7.790,0.000,0.000,0.000,9.900
2015-12-16 21:00:00,7.670,0.000,0.000,0.000,10.300
2015-12-16 22:00:00,7.570,0.000,0.000,0.000,10.500
2015-12-16 23:00:00,7.780,0.000,0.000,0.000,10.700
2015-12-17 00:00:00,7.760,0.000,0.000,0.000,10.800
2015-12-17 01:00:00,7.880,0.000,0.000,0.000,10.800
2015-12-17 02:00:00,7.840,0.000,0.000,0.000,10.800
2015-12-17 03:00:00,7.600,0.000,0.000,0.000,11.000
2015-12-17 04:00:00,8.010,0.000,0.000,0.000,11.400
2015-12-17 05:00:00,8.600,0.000,0.000,0.000,11.800
2015-12-17 06:00:00,8.250,0.000,0.000,0.000,11.800
2015-12-17 07:00:00,6.950,0.000,0.000,0.000,11.700
2015-12-17 08:00:00,6.130,1.000,0.000,1.000,11.800
2015-12-17 09:00:00,6.680,10.000,0.000,10.000,12.000
2015-12-17 10:00:00,7.430,24.000,5.400,23.000,12.600
2015-12-17 11:00:00,7.550,31.000,8.600,29.000,13.100
2015-12-17 12:00:00,7.470,32.000,16.500,28.000,13.500
2015-12-17 13:00:00,7.870,65.000,98.000,44.000,13.800
2015-12-17 14:00:00,8.200,71.000,119.600,53.000,13.700
2015-12-17 15:00:00,8.540,25.000,134.300,16.000,13.100
2015-12-17 16:00:00,8.680,0.000,0.000,0.000,12.300
2015-12-17 17:00:00,8.620,0.000,0.000,0.000,12.000
2015-12-17 18:00:00,8.870,0.000,0.000,0.000,12.100
2015-12-17 19:00:00,9.080,0.000,0.000,0.000,12.200
2015-12-17 20:00:00,9.150,0.000,0.000,0.000,12.100
2015-12-17 21:00:00,8.910,0.000,0.000,0.000,11.900
2015-12-17 22:00:00,8.490,0.000,0.000,0.000,11.800
2015-12-17 23:00:00,8.390,0.000,0.000,0.000,11.600
2015-12-18 00:00:00,8.520,0.000,0.000,0.000,12.000
2015-12-18 01:00:00,8.480,0.000,0.000,0.000,12.200
2015-12-18 02:00:00,8.310,0.000,0.000,0.000,12.200
2015-12-18 03:00:00,8.610,0.000,0.000,0.000,12.300
2015-12-18 04:00:00,9.120,0.000,0.000,0.000,12.400
2015-12-18 05:00:00,9.000,0.000,0.000,0.000,12.600
2015-12-18 06:00:00,8.470,0.000,0.000,0.000,12.500
2015-12-18 07:00:00,8.140,0.000,0.000,0.000,12.200
2015-12-18 08:00:00,7.820,2.000,0.000,2.000,12.200
2015-12-18 09:00:00,7.620,19.000,0.000,19.000,12.300
2015-12-18 10:00:00,7.860,49.000,32.700,43.000,12.500
2015-12-18 11:00:00,7.690,73.000,26.000,67.000,12.600
2015-12-18 12:00:00,7.980,71.000,16.600,67.000,12.700
2015-12-18 13:00:00,7.960,45.000,9.300,43.000,12.400
2015-12-18 14:00:00,7.820,28.000,13.300,26.000,12.300
2015-12-18 15:00:00,7.470,7.000,0.000,7.000,12.000
2015-12-18 16:00:00,7.340,0.000,0.000,0.000,11.700
2015-12-18 17:00:00,7.160,0.000,0.000,0.000,11.500
2015-12-18 18:00:00,7.130,0.000,0.000,0.000,11.200
2015-12-18 19:00:00,7.200,0.000,0.000,0.000,11.000
2015-12-18 20:00:00,7.310,0.000,0.000,0.000,10.900
2015-12-18 21:00:00,7.340,0.000,0.000,0.000,10.500
2015-12-18 22:00:00,7.540,0.000,0.000,0.000,10.600
2015-12-18 23:00:00,7.210,0.000,0.000,0.000,10.000
2015-12-19 00:00:00,7.500,0.000,0.000,0.000,9.700
2015-12-19 01:00:00,7.290,0.000,0.000,0.000,9.600
2015-12-19 02:00:00,7.370,0.000,0.000,0.000,9.500
2015-12-19 03:00:00,7.230,0.000,0.000,0.000,9.400
2015-12-19 04:00:00,7.710,0.000,0.000,0.000,9.300
2015-12-19 05:00:00,7.780,0.000,0.000,0.000,9.500
2015-12-19 06:00:00,7.780,0.000,0.000,0.000,9.900
2015-12-19 07:00:00,7.790,0.000,0.000,0.000,10.100
2015-12-19 08:00:00,7.720,2.000,0.000,2.000,10.400
2015-12-19 09:00:00,7.620,35.000,49.600,30.000,10.800
2015-12-19 10:00:00,7.170,107.000,268.400,58.000,11.500
2015-12-19 11:00:00,7.500,163.000,390.600,73.000,12.200
2015-12-19 12:00:00,7.240,182.000,514.100,58.000,12.900
2015-12-19 13:00:00,7.850,150.000,439.100,56.000,13.200
2015-12-19 14:00:00,7.360,87.000,291.600,43.000,13.200
2015-12-19 15:00:00,6.860,28.000,192.900,15.000,12.500
2015-12-19 16:00:00,7.310,0.000,0.000,0.000,12.000
2015-12-19 17:00:00,7.570,0.000,0.000,0.000,11.900
2015-12-19 18:00:00,7.790,0.000,0.000,0.000,11.600
2015-12-19 19:00:00,8.010,0.000,0.000,0.000,11.400
2015-12-19 20:00:00,8.060,0.000,0.000,0.000,11.200
2015-12-19 21:00:00,8.150,0.000,0.000,0.000,10.900
2015-12-19 22:00:00,8.230,0.000,0.000,0.000,10.400
2015-12-19 23:00:00,8.420,0.000,0.000,0.000,10.300
2015-12-20 00:00:00,8.470,0.000,0.000,0.000,10.000
2015-12-20 01:00:00,8.340,0.000,0.000,0.000,9.900
2015-12-20 02:00:00,7.740,0.000,0.000,0.000,9.900
2015-12-20 03:00:00,7.790,0.000,0.000,0.000,10.000
2015-12-20 04:00:00,8.250,0.000,0.000,0.000,10.200
2015-12-20 05:00:00,8.610,0.000,0.000,0.000,10.400
2015-12-20 06:00:00,8.830,0.000,0.000,0.000,10.400
2015-12-20 07:00:00,9.080,0.000,0.000,0.000,10.400
2015-12-20 08:00:00,9.110,3.000,0.000,3.000,10.500
2015-12-20 09:00:00,9.180,37.000,10.000,36.000,11.000
2015-12-20 10:00:00,8.420,74.000,22.000,70.000,11.600
2015-12-20 11:00:00,8.250,100.000,26.100,94.000,12.100
2015-12-20 12:00:00,8.270,93.000,20.800,88.000,12.400
2015-12-20 13:00:00,7.930,73.000,4.700,72.000,12.400
2015-12-20 14:00:00,8.020,53.000,13.200,51.000,12.400
2015-12-20 15:00:00,8.000,16.000,14.800,15.000,11.800
2015-12-20 16:00:00,8.170,0.000,0.000,0.000,11.300
2015-12-20 17:00:00,8.110,0.000,0.000,0.000,11.100
2015-12-20 18:00:00,7.960,0.000,0.000,0.000,11.200
2015-12-20 19:00:00,8.030,0.000,0.000,0.000,11.300
2015-12-20 20:00:00,7.840,0.000,0.000,0.000,11.100
2015-12-20 21:00:00,7.760,0.000,0.000,0.000,11.000
2015-12-20 22:00:00,7.820,0.000,0.000,0.000,11.100
2015-12-20 23:00:00,8.210,0.000,0.000,0.000,11.100
2015-12-21 00:00:00,8.210,0.000,0.000,0.000,11.000
2015-12-21 01:00:00,7.930,0.000,0.000,0.000,10.900
2015-12-21 02:00:00,7.930,0.000,0.000,0.000,10.800
2015-12-21 03:00:00,8.280,0.000,0.000,0.000,10.600
2015-12-21 04:00:00,8.500,0.000,0.000,0.000,10.600
2015-12-21 05:00:00,8.560,0.000,0.000,0.000,10.500
2015-12-21 06:00:00,8.490,0.000,0.000,0.000,10.300
2015-12-21 07:00:00,8.840,0.000,0.000,0.000,10.400
2015-12-21 08:00:00,9.570,3.000,0.000,3.000,10.100
2015-12-21 09:00:00,9.700,36.000,20.300,34.000,10.200
2015-12-21 10:00:00,9.720,79.000,55.300,69.000,10.600
2015-12-21 11:00:00,10.180,147.000,340.000,69.000,10.900
2015-12-21 12:00:00,10.370,163.000,440.200,57.000,11.200
2015-12-21 13:00:00,10.800,113.000,261.300,57.000,10.900
2015-12-21 14:00:00,10.450,89.000,316.300,41.000,10.800
2015-12-21 15:00:00,10.530,28.000,205.900,14.000,10.500
2015-12-21 16:00:00,10.550,0.000,0.000,0.000,10.300
2015-12-21 17:00:00,11.100,0.000,0.000,0.000,10.200
2015-12-21 18:00:00,11.960,0.000,0.000,0.000,10.400
2015-12-21 19:00:00,12.870,0.000,0.000,0.000,10.300
2015-12-21 20:00:00,14.280,0.000,0.000,0.000,10.200
2015-12-21 21:00:00,15.640,0.000,0.000,0.000,10.200
2015-12-21 22:00:00,16.780,0.000,0.000,0.000,10.700
2015-12-21 23:00:00,15.470,0.000,0.000,0.000,11.100
2015-12-22 00:00:00,14.040,0.000,0.000,0.000,11.100
2015-12-22 01:00:00,12.170,0.000,0.000,0.000,10.900
2015-12-22 02:00:00,11.480,0.000,0.000,0.000,10.600
2015-12-22 03:00:00,10.470,0.000,0.000,0.000,10.200
2015-12-22 04:00:00,9.900,0.000,0.000,0.000,10.000
2015-12-22 05:00:00,9.230,0.000,0.000,0.000,10.200
2015-12-22 06:00:00,8.380,0.000,0.000,0.000,10.400
2015-12-22 07:00:00,8.990,0.000,0.000,0.000,10.800
2015-12-22 08:00:00,9.760,1.000,0.000,1.000,11.200
2015-12-22 09:00:00,9.700,8.000,0.000,8.000,11.000
2015-12-22 10:00:00,10.180,8.000,0.000,8.000,11.000
2015-12-22 11:00:00,11.240,19.000,0.000,19.000,11.600
2015-12-22 12:00:00,11.540,29.000,0.000,29.000,12.200
2015-12-22 13:00:00,11.880,27.000,0.000,27.000,12.800
2015-12-22 14:00:00,12.200,24.000,0.000,24.000,13.400
2015-12-22 15:00:00,11.940,6.000,0.000,6.000,13.500
2015-12-22 16:00:00,12.010,0.000,0.000,0.000,13.600
2015-12-22 17:00:00,12.260,0.000,0.000,0.000,13.600
2015-12-22 18:00:00,11.930,0.000,0.000,0.000,13.500
2015-12-22 19:00:00,11.380,0.000,0.000,0.000,13.600
2015-12-22 20:00:00,11.040,0.000,0.000,0.000,13.600
2015-12-22 21:00:00,10.900,0.000,0.000,0.000,13.500
2015-12-22 22:00:00,10.390,0.000,0.000,0.000,13.400
2015-12-22 23:00:00,10.540,0.000,0.000,0.000,13.300
2015-12-23 00:00:00,10.610,0.000,0.000,0.000,13.400
2015-12-23 01:00:00,11.100,0.000,0.000,0.000,13.300
2015-12-23 02:00:00,11.250,0.000,0.000,0.000,13.200
2015-12-23 03:00:00,11.400,0.000,0.000,0.000,13.200
2015-12-23 04:00:00,11.600,0.000,0.000,0.000,13.100
2015-12-23 05:00:00,12.330,0.000,0.000,0.000,12.800
2015-12-23 06:00:00,12.640,0.000,0.000,0.000,12.500
2015-12-23 07:00:00,12.730,0.000,0.000,0.000,12.400
2015-12-23 08:00:00,12.640,0.000,0.000,0.000,12.100
2015-12-23 09:00:00,12.300,7.000,0.000,7.000,12.000
2015-12-23 10:00:00,10.790,61.000,89.000,45.000,12.500
2015-12-23 11:00:00,10.920,153.000,419.300,57.000,12.800
2015-12-23 12:00:00,11.810,174.000,469.000,61.000,12.800
2015-12-23 13:00:00,11.910,140.000,381.200,58.000,12.500
2015-12-23 14:00:00,11.160,83.000,274.400,41.000,12.100
2015-12-23 15:00:00,10.300,28.000,174.300,16.000,11.300
2015-12-23 16:00:00,9.300,0.000,0.000,0.000,10.400
2015-12-23 17:00:00,8.350,0.000,0.000,0.000,9.700
2015-12-23 18:00:00,8.100,0.000,0.000,0.000,9.000
2015-12-23 19:00:00,7.690,0.000,0.000,0.000,8.500
2015-12-23 20:00:00,7.210,0.000,0.000,0.000,8.000
2015-12-23 21:00:00,6.980,0.000,0.000,0.000,7.200
2015-12-23 22:00:00,7.000,0.000,0.000,0.000,6.700
2015-12-23 23:00:00,6.840,0.000,0.000,0.000,6.300
2015-12-24 00:00:00,7.250,0.000,0.000,0.000,6.100
2015-12-24 01:00:00,7.350,0.000,0.000,0.000,6.100
2015-12-24 02:00:00,7.080,0.000,0.000,0.000,6.100
2015-12-24 03:00:00,7.280,0.000,0.000,0.000,5.900
2015-12-24 04:00:00,7.570,0.000,0.000,0.000,5.800
2015-12-24 05:00:00,7.610,0.000,0.000,0.000,5.800
2015-12-24 06:00:00,7.650,0.000,0.000,0.000,5.800
2015-12-24 07:00:00,7.530,0.000,0.000,0.000,6.100
2015-12-24 08:00:00,7.580,2.000,0.000,2.000,6.800
2015-12-24 09:00:00,7.570,29.000,72.600,22.000,7.900
2015-12-24 10:00:00,7.780,84.000,183.800,51.000,8.800
2015-12-24 11:00:00,8.960,156.000,367.000,72.000,10.200
2015-12-24 12:00:00,7.830,151.000,327.500,72.000,11.100
2015-12-24 13:00:00,9.580,77.000,64.900,63.000,11.500
2015-12-24 14:00:00,10.120,53.000,116.900,35.000,11.500
2015-12-24 15:00:00,10.210,21.000,115.300,13.000,11.400
2015-12-24 16:00:00,10.630,0.000,0.000,0.000,11.200
2015-12-24 17:00:00,11.200,0.000,0.000,0.000,11.400
2015-12-24 18:00:00,11.500,0.000,0.000,0.000,11.700
2015-12-24 19:00:00,11.620,0.000,0.000,0.000,11.900
2015-12-24 20:00:00,11.150,0.000,0.000,0.000,12.000
2015-12-24 21:00:00,10.560,0.000,0.000,0.000,12.200
2015-12-24 22:00:00,9.560,0.000,0.000,0.000,12.500
2015-12-24 23:00:00,9.750,0.000,0.000,0.000,11.900
2015-12-25 00:00:00,10.150,0.000,0.000,0.000,11.000
2015-12-25 01:00:00,9.790,0.000,0.000,0.000,10.300
2015-12-25 02:00:00,9.610,0.000,0.000,0.000,9.500
2015-12-25 03:00:00,9.300,0.000,0.000,0.000,8.800
2015-12-25 04:00:00,9.230,0.000,0.000,0.000,8.200
2015-12-25 05:00:00,9.090,0.000,0.000,0.000,7.900
2015-12-25 06:00:00,8.770,0.000,0.000,0.000,7.700
2015-12-25 07:00:00,8.540,0.000,0.000,0.000,7.300
2015-12-25 08:00:00,8.340,4.000,19.100,3.000,7.100
2015-12-25 09:00:00,8.040,50.000,218.800,29.000,7.500
2015-12-25 10:00:00,7.140,126.000,418.300,51.000,8.200
2015-12-25 11:00:00,6.790,174.000,458.500,69.000,8.800
2015-12-25 12:00:00,6.650,153.000,248.300,93.000,9.200
2015-12-25 13:00:00,6.440,98.000,83.200,80.000,9.200
2015-12-25 14:00:00,6.900,50.000,38.700,44.000,9.000
2015-12-25 15:00:00,6.820,14.000,14.300,13.000,8.800
2015-12-25 16:00:00,6.650,0.000,0.000,0.000,8.500
2015-12-25 17:00:00,6.090,0.000,0.000,0.000,8.200
2015-12-25 18:00:00,6.110,0.000,0.000,0.000,8.200
2015-12-25 19:00:00,6.530,0.000,0.000,0.000,8.200
2015-12-25 20:00:00,7.960,0.000,0.000,0.000,9.100
2015-12-25 21:00:00,10.270,0.000,0.000,0.000,10.700
2015-12-25 22:00:00,12.040,0.000,0.000,0.000,11.300
2015-12-25 23:00:00,12.490,0.000,0.000,0.000,11.900
2015-12-26 00:00:00,12.650,0.000,0.000,0.000,12.400
2015-12-26 01:00:00,12.920,0.000,0.000,0.000,13.000
2015-12-26 02:00:00,13.410,0.000,0.000,0.000,13.300
2015-12-26 03:00:00,13.420,0.000,0.000,0.000,13.700
2015-12-26 04:00:00,12.880,0.000,0.000,0.000,13.700
2015-12-26 05:00:00,12.660,0.000,0.000,0.000,13.700
2015-12-26 06:00:00,12.250,0.000,0.000,0.000,13.700
2015-12-26 07:00:00,12.260,0.000,0.000,0.000,13.600
2015-12-26 08:00:00,12.300,3.000,0.000,3.000,13.700
2015-12-26 09:00:00,12.440,41.000,83.600,33.000,13.700
2015-12-26 10:00:00,12.040,82.000,78.100,68.000,14.000
2015-12-26 11:00:00,11.790,127.000,248.700,70.000,14.400
2015-12-26 12:00:00,11.820,140.000,293.200,69.000,14.800
2015-12-26 13:00:00,11.960,142.000,377.600,60.000,15.000
2015-12-26 14:00:00,11.740,80.000,205.200,48.000,14.700
2015-12-26 15:00:00,11.400,31.000,184.100,18.000,14.200
2015-12-26 16:00:00,11.010,0.000,0.000,0.000,14.000
2015-12-26 17:00:00,10.740,0.000,0.000,0.000,13.700
2015-12-26 18:00:00,10.530,0.000,0.000,0.000,13.300
2015-12-26 19:00:00,10.350,0.000,0.000,0.000,13.000
2015-12-26 20:00:00,10.100,0.000,0.000,0.000,12.800
2015-12-26 21:00:00,9.870,0.000,0.000,0.000,12.600
2015-12-26 22:00:00,9.930,0.000,0.000,0.000,12.300
2015-12-26 23:00:00,9.800,0.000,0.000,0.000,11.800
2015-12-27 00:00:00,9.790,0.000,0.000,0.000,11.500
2015-12-27 01:00:00,9.650,0.000,0.000,0.000,11.200
2015-12-27 02:00:00,9.330,0.000,0.000,0.000,10.700
2015-12-27 03:00:00,9.500,0.000,0.000,0.000,10.600
2015-12-27 04:00:00,9.560,0.000,0.000,0.000,10.400
2015-12-27 05:00:00,9.780,0.000,0.000,0.000,10.000
2015-12-27 06:00:00,10.040,0.000,0.000,0.000,9.900
2015-12-27 07:00:00,10.380,0.000,0.000,0.000,10.000
2015-12-27 08:00:00,10.620,3.000,0.000,3.000,10.200
2015-12-27 09:00:00,10.350,44.000,41.900,40.000,10.500
2015-12-27 10:00:00,10.080,91.000,72.500,78.000,11.100
2015-12-27 11:00:00,9.850,112.000,61.000,98.000,11.700
2015-12-27 12:00:00,9.830,112.000,65.900,96.000,12.100
2015-12-27 13:00:00,9.950,116.000,96.300,95.000,12.400
2015-12-27 14:00:00,10.080,81.000,120.900,62.000,12.200
2015-12-27 15:00:00,10.150,21.000,56.100,17.000,12.100
2015-12-27 16:00:00,9.940,0.000,0.000,0.000,12.200
2015-12-27 17:00:00,9.950,0.000,0.000,0.000,12.300
2015-12-27 18:00:00,9.900,0.000,0.000,0.000,12.100
2015-12-27 19:00:00,9.170,0.000,0.000,0.000,12.000
2015-12-27 20:00:00,8.040,0.000,0.000,0.000,12.100
2015-12-27 21:00:00,7.760,0.000,0.000,0.000,12.000
2015-12-27 22:00:00,6.930,0.000,0.000,0.000,11.700
2015-12-27 23:00:00,6.710,0.000,0.000,0.000,11.500
2015-12-28 00:00:00,6.510,0.000,0.000,0.000,11.400
2015-12-28 01:00:00,6.550,0.000,0.000,0.000,11.600
2015-12-28 02:00:00,6.080,0.000,0.000,0.000,11.400
2015-12-28 03:00:00,5.330,0.000,0.000,0.000,11.200
2015-12-28 04:00:00,4.400,0.000,0.000,0.000,11.000
2015-12-28 05:00:00,2.900,0.000,0.000,0.000,10.800
2015-12-28 06:00:00,1.500,0.000,0.000,0.000,11.000
2015-12-28 07:00:00,0.360,0.000,0.000,0.000,10.600
2015-12-28 08:00:00,1.130,0.000,0.000,0.000,10.300
2015-12-28 09:00:00,2.130,10.000,0.000,10.000,10.100
2015-12-28 10:00:00,2.770,24.000,0.000,24.000,10.900
2015-12-28 11:00:00,3.040,50.000,13.000,47.000,11.100
2015-12-28 12:00:00,3.860,116.000,238.000,58.000,11.000
2015-12-28 13:00:00,4.650,114.000,301.000,48.000,10.800
2015-12-28 14:00:00,5.360,79.000,252.200,39.000,10.400
2015-12-28 15:00:00,6.380,28.000,138.600,18.000,9.800
2015-12-28 16:00:00,7.090,0.000,0.000,0.000,9.100
2015-12-28 17:00:00,7.600,0.000,0.000,0.000,8.700
2015-12-28 18:00:00,8.240,0.000,0.000,0.000,8.300
2015-12-28 19:00:00,8.540,0.000,0.000,0.000,8.000
2015-12-28 20:00:00,8.790,0.000,0.000,0.000,7.900
2015-12-28 21:00:00,9.050,0.000,0.000,0.000,7.900
2015-12-28 22:00:00,8.820,0.000,0.000,0.000,7.700
2015-12-28 23:00:00,9.170,0.000,0.000,0.000,7.600
2015-12-29 00:00:00,9.300,0.000,0.000,0.000,7.500
2015-12-29 01:00:00,8.850,0.000,0.000,0.000,7.300
2015-12-29 02:00:00,9.170,0.000,0.000,0.000,7.000
2015-12-29 03:00:00,9.080,0.000,0.000,0.000,6.900
2015-12-29 04:00:00,8.590,0.000,0.000,0.000,6.500
2015-12-29 05:00:00,8.680,0.000,0.000,0.000,6.300
2015-12-29 06:00:00,9.030,0.000,0.000,0.000,6.100
2015-12-29 07:00:00,9.040,0.000,0.000,0.000,6.000
2015-12-29 08:00:00,9.110,3.000,0.000,3.000,5.900
2015-12-29 09:00:00,8.880,40.000,146.700,26.000,5.900
2015-12-29 10:00:00,7.440,94.000,200.100,58.000,6.700
2015-12-29 11:00:00,6.930,125.000,177.700,84.000,7.200
2015-12-29 12:00:00,6.380,172.000,404.700,73.000,7.800
2015-12-29 13:00:00,5.880,155.000,412.700,64.000,8.200
2015-12-29 14:00:00,5.390,104.000,343.600,49.000,8.100
2015-12-29 15:00:00,5.240,36.000,219.000,20.000,7.700
2015-12-29 16:00:00,5.760,0.000,0.000,0.000,7.200
2015-12-29 17:00:00,6.060,0.000,0.000,0.000,6.800
2015-12-29 18:00:00,6.270,0.000,0.000,0.000,6.600
2015-12-29 19:00:00,6.090,0.000,0.000,0.000,6.400
2015-12-29 20:00:00,6.100,0.000,0.000,0.000,6.300
2015-12-29 21:00:00,5.820,0.000,0.000,0.000,5.800
2015-12-29 22:00:00,5.100,0.000,0.000,0.000,5.700
2015-12-29 23:00:00,5.060,0.000,0.000,0.000,6.000
2015-12-30 00:00:00,5.100,0.000,0.000,0.000,6.000
2015-12-30 01:00:00,4.800,0.000,0.000,0.000,5.900
2015-12-30 02:00:00,5.220,0.000,0.000,0.000,5.700
2015-12-30 03:00:00,5.470,0.000,0.000,0.000,5.500
2015-12-30 04:00:00,5.630,0.000,0.000,0.000,5.200
2015-12-30 05:00:00,5.500,0.000,0.000,0.000,4.900
2015-12-30 06:00:00,4.770,0.000,0.000,0.000,4.900
2015-12-30 07:00:00,5.520,0.000,0.000,0.000,4.600
2015-12-30 08:00:00,6.560,3.000,0.000,3.000,4.600
2015-12-30 09:00:00,6.710,43.000,125.500,31.000,5.200
2015-12-30 10:00:00,5.880,94.000,210.700,56.000,6.000
2015-12-30 11:00:00,5.520,149.000,345.500,69.000,6.800
2015-12-30 12:00:00,5.860,146.000,260.500,82.000,7.000
2015-12-30 13:00:00,6.020,133.000,301.900,66.000,7.000
2015-12-30 14:00:00,6.590,97.000,272.000,53.000,6.700
2015-12-30 15:00:00,7.570,39.000,256.700,20.000,6.000
2015-12-30 16:00:00,8.350,0.000,0.000,0.000,5.300
2015-12-30 17:00:00,8.810,0.000,0.000,0.000,4.900
2015-12-30 18:00:00,8.490,0.000,0.000,0.000,4.500
2015-12-30 19:00:00,8.200,0.000,0.000,0.000,3.800
2015-12-30 20:00:00,8.470,0.000,0.000,0.000,3.300
2015-12-30 21:00:00,8.930,0.000,0.000,0.000,2.900
2015-12-30 22:00:00,8.420,0.000,0.000,0.000,2.600
2015-12-30 23:00:00,8.240,0.000,0.000,0.000,2.200
2015-12-31 00:00:00,8.510,0.000,0.000,0.000,1.900
2015-12-31 01:00:00,8.850,0.000,0.000,0.000,1.700
2015-12-31 02:00:00,8.630,0.000,0.000,0.000,1.700
2015-12-31 03:00:00,8.500,0.000,0.000,0.000,1.500
2015-12-31 04:00:00,8.210,0.000,0.000,0.000,1.500
2015-12-31 05:00:00,8.040,0.000,0.000,0.000,1.300
2015-12-31 06:00:00,8.160,0.000,0.000,0.000,1.200
2015-12-31 07:00:00,8.310,0.000,0.000,0.000,1.500
2015-12-31 08:00:00,8.190,3.000,0.000,3.000,2.100
2015-12-31 09:00:00,8.070,33.000,10.400,32.000,3.000
2015-12-31 10:00:00,7.340,46.000,22.100,42.000,3.900
2015-12-31 11:00:00,7.570,23.000,12.900,20.000,4.000
2015-12-31 12:00:00,7.720,15.000,0.000,15.000,4.400
2015-12-31 13:00:00,7.610,19.000,0.000,19.000,4.800
2015-12-31 14:00:00,6.920,23.000,0.000,23.000,5.200
2015-12-31 15:00:00,6.670,15.000,13.300,14.000,5.300
2015-12-31 16:00:00,6.980,0.000,0.000,0.000,4.800
2015-12-31 17:00:00,7.120,0.000,0.000,0.000,4.800
2015-12-31 18:00:00,7.410,0.000,0.000,0.000,4.400
2015-12-31 19:00:00,7.410,0.000,0.000,0.000,4.300
2015-12-31 20:00:00,7.020,0.000,0.000,0.000,4.000
2015-12-31 21:00:00,6.910,0.000,0.000,0.000,3.900
2015-12-31 22:00:00,6.830,0.000,0.000,0.000,3.300
2015-12-31 23:00:00,6.770,0.000,0.000,0.000,2.800
