time,ws100,ghi,dni,dhi,t2m
2019-01-01 00:00:00,9.120,0.000,0.000,0.000,8.000
2019-01-01 01:00:00,9.510,0.000,0.000,0.000,7.800
2019-01-01 02:00:00,10.080,0.000,0.000,0.000,7.600
2019-01-01 03:00:00,10.620,0.000,0.000,0.000,7.400
2019-01-01 04:00:00,11.000,0.000,0.000,0.000,7.400
2019-01-01 05:00:00,11.450,0.000,0.000,0.000,7.200
2019-01-01 06:00:00,12.080,0.000,0.000,0.000,7.100
2019-01-01 07:00:00,12.520,0.000,0.000,0.000,7.200
2019-01-01 08:00:00,12.620,0.000,0.000,0.000,7.400
2019-01-01 09:00:00,11.930,4.000,0.000,4.000,7.700
2019-01-01 10:00:00,11.140,18.000,5.500,17.000,7.900
2019-01-01 11:00:00,11.530,64.000,94.200,42.000,8.100
2019-01-01 12:00:00,11.290,142.000,358.100,53.000,8.200
2019-01-01 13:00:00,11.860,149.000,399.300,59.000,7.900
2019-01-01 14:00:00,12.830,79.000,235.200,40.000,7.300
2019-01-01 15:00:00,13.880,28.000,144.000,17.000,6.700
2019-01-01 16:00:00,13.190,0.000,0.000,0.000,5.700
2019-01-01 17:00:00,12.790,0.000,0.000,0.000,5.200
2019-01-01 18:00:00,13.570,0.000,0.000,0.000,4.800
2019-01-01 19:00:00,13.180,0.000,0.000,0.000,4.500
2019-01-01 20:00:00,13.050,0.000,0.000,0.000,4.300
2019-01-01 21:00:00,12.980,0.000,0.000,0.000,4.100
2019-01-01 22:00:00,11.900,0.000,0.000,0.000,3.900
2019-01-01 23:00:00,12.070,0.000,0.000,0.000,3.800
2019-01-02 00:00:00,11.930,0.000,0.000,0.000,4.100
2019-01-02 01:00:00,11.260,0.000,0.000,0.000,4.300
2019-01-02 02:00:00,10.550,0.000,0.000,0.000,4.300
2019-01-02 03:00:00,10.530,0.000,0.000,0.000,4.100
2019-01-02 04:00:00,10.010,0.000,0.000,0.000,3.800
2019-01-02 05:00:00,9.620,0.000,0.000,0.000,3.700
2019-01-02 06:00:00,9.460,0.000,0.000,0.000,3.500
2019-01-02 07:00:00,9.390,0.000,0.000,0.000,3.300
2019-01-02 08:00:00,9.530,4.000,19.100,3.000,3.100
2019-01-02 09:00:00,9.530,57.000,278.600,30.000,3.300
2019-01-02 10:00:00,8.380,140.000,487.400,51.000,4.100
2019-01-02 11:00:00,8.360,192.000,545.100,64.000,4.400
2019-01-02 12:00:00,8.820,206.000,563.900,65.000,4.600
2019-01-02 13:00:00,9.760,173.000,435.800,74.000,4.500
2019-01-02 14:00:00,9.620,111.000,345.700,53.000,4.200
2019-01-02 15:00:00,9.300,43.000,245.000,24.000,3.600
2019-01-02 16:00:00,8.900,1.000,0.000,1.000,2.900
2019-01-02 17:00:00,8.320,0.000,0.000,0.000,2.100
2019-01-02 18:00:00,7.730,0.000,0.000,0.000,1.400
2019-01-02 19:00:00,7.040,0.000,0.000,0.000,0.800
2019-01-02 20:00:00,6.500,0.000,0.000,0.000,0.200
2019-01-02 21:00:00,6.420,0.000,0.000,0.000,-0.300
2019-01-02 22:00:00,6.370,0.000,0.000,0.000,-0.800
2019-01-02 23:00:00,6.080,0.000,0.000,0.000,-1.200
2019-01-03 00:00:00,5.600,0.000,0.000,0.000,-1.500
2019-01-03 01:00:00,5.510,0.000,0.000,0.000,-1.700
2019-01-03 02:00:00,5.570,0.000,0.000,0.000,-2.000
2019-01-03 03:00:00,5.480,0.000,0.000,0.000,-2.200
2019-01-03 04:00:00,5.410,0.000,0.000,0.000,-2.400
2019-01-03 05:00:00,5.260,0.000,0.000,0.000,-2.600
2019-01-03 06:00:00,5.170,0.000,0.000,0.000,-2.500
2019-01-03 07:00:00,5.250,0.000,0.000,0.000,-2.400
2019-01-03 08:00:00,5.190,4.000,19.100,3.000,-2.300
2019-01-03 09:00:00,5.080,58.000,297.100,29.000,-1.300
2019-01-03 10:00:00,4.660,135.000,452.000,52.000,0.500
2019-01-03 11:00:00,4.080,187.000,491.200,71.000,1.800
2019-01-03 12:00:00,4.050,190.000,389.400,92.000,2.600
2019-01-03 13:00:00,4.250,158.000,270.700,96.000,3.000
2019-01-03 14:00:00,4.700,119.000,370.700,56.000,2.700
2019-01-03 15:00:00,5.520,42.000,177.700,28.000,1.900
2019-01-03 16:00:00,5.950,1.000,0.000,1.000,1.200
2019-01-03 17:00:00,5.900,0.000,0.000,0.000,0.700
2019-01-03 18:00:00,5.840,0.000,0.000,0.000,-0.300
2019-01-03 19:00:00,5.800,0.000,0.000,0.000,-0.900
2019-01-03 20:00:00,5.330,0.000,0.000,0.000,-1.300
2019-01-03 21:00:00,5.020,0.000,0.000,0.000,-1.500
2019-01-03 22:00:00,4.810,0.000,0.000,0.000,-1.100
2019-01-03 23:00:00,4.850,0.000,0.000,0.000,-0.700
2019-01-04 00:00:00,5.050,0.000,0.000,0.000,-1.000
2019-01-04 01:00:00,5.610,0.000,0.000,0.000,-1.000
2019-01-04 02:00:00,6.070,0.000,0.000,0.000,-0.800
2019-01-04 03:00:00,6.500,0.000,0.000,0.000,-0.700
2019-01-04 04:00:00,7.200,0.000,0.000,0.000,-0.400
2019-01-04 05:00:00,7.610,0.000,0.000,0.000,0.200
2019-01-04 06:00:00,8.100,0.000,0.000,0.000,0.600
2019-01-04 07:00:00,8.310,0.000,0.000,0.000,1.000
2019-01-04 08:00:00,8.610,1.000,0.000,1.000,1.300
2019-01-04 09:00:00,8.760,13.000,0.000,13.000,1.800
2019-01-04 10:00:00,8.790,22.000,0.000,22.000,2.800
2019-01-04 11:00:00,9.000,28.000,0.000,28.000,3.300
2019-01-04 12:00:00,9.800,28.000,0.000,28.000,3.500
2019-01-04 13:00:00,10.280,35.000,0.000,35.000,3.500
2019-01-04 14:00:00,10.120,17.000,0.000,17.000,3.800
2019-01-04 15:00:00,9.860,12.000,0.000,12.000,4.100
2019-01-04 16:00:00,9.590,0.000,0.000,0.000,4.500
2019-01-04 17:00:00,9.680,0.000,0.000,0.000,4.800
2019-01-04 18:00:00,9.800,0.000,0.000,0.000,5.200
2019-01-04 19:00:00,9.590,0.000,0.000,0.000,5.500
2019-01-04 20:00:00,9.530,0.000,0.000,0.000,5.700
2019-01-04 21:00:00,9.590,0.000,0.000,0.000,5.800
2019-01-04 22:00:00,10.180,0.000,0.000,0.000,6.000
2019-01-04 23:00:00,10.370,0.000,0.000,0.000,6.200
2019-01-05 00:00:00,10.700,0.000,0.000,0.000,6.400
2019-01-05 01:00:00,10.760,0.000,0.000,0.000,6.600
2019-01-05 02:00:00,10.850,0.000,0.000,0.000,6.900
2019-01-05 03:00:00,11.160,0.000,0.000,0.000,7.000
2019-01-05 04:00:00,11.090,0.000,0.000,0.000,7.300
2019-01-05 05:00:00,10.570,0.000,0.000,0.000,7.400
2019-01-05 06:00:00,10.390,0.000,0.000,0.000,7.500
2019-01-05 07:00:00,9.840,0.000,0.000,0.000,7.500
2019-01-05 08:00:00,9.190,0.000,0.000,0.000,7.600
2019-01-05 09:00:00,8.560,5.000,0.000,5.000,7.600
2019-01-05 10:00:00,7.780,16.000,0.000,16.000,7.700
2019-01-05 11:00:00,7.510,20.000,0.000,20.000,7.800
2019-01-05 12:00:00,7.370,31.000,7.800,29.000,7.900
2019-01-05 13:00:00,7.080,24.000,0.000,24.000,7.800
2019-01-05 14:00:00,6.870,21.000,0.000,21.000,7.800
2019-01-05 15:00:00,6.940,9.000,0.000,9.000,7.700
2019-01-05 16:00:00,6.860,0.000,0.000,0.000,7.600
2019-01-05 17:00:00,6.720,0.000,0.000,0.000,7.500
2019-01-05 18:00:00,6.360,0.000,0.000,0.000,7.400
2019-01-05 19:00:00,5.940,0.000,0.000,0.000,7.100
2019-01-05 20:00:00,5.460,0.000,0.000,0.000,7.000
2019-01-05 21:00:00,5.120,0.000,0.000,0.000,6.600
2019-01-05 22:00:00,5.020,0.000,0.000,0.000,6.900
2019-01-05 23:00:00,4.600,0.000,0.000,0.000,6.600
2019-01-06 00:00:00,4.200,0.000,0.000,0.000,6.400
2019-01-06 01:00:00,4.070,0.000,0.000,0.000,6.400
2019-01-06 02:00:00,3.980,0.000,0.000,0.000,6.000
2019-01-06 03:00:00,3.890,0.000,0.000,0.000,5.700
2019-01-06 04:00:00,3.700,0.000,0.000,0.000,5.500
2019-01-06 05:00:00,3.260,0.000,0.000,0.000,5.400
2019-01-06 06:00:00,2.750,0.000,0.000,0.000,5.200
2019-01-06 07:00:00,2.530,0.000,0.000,0.000,5.000
2019-01-06 08:00:00,2.370,1.000,0.000,1.000,4.900
2019-01-06 09:00:00,2.940,15.000,10.000,14.000,5.000
2019-01-06 10:00:00,3.610,37.000,10.700,35.000,5.400
2019-01-06 11:00:00,3.400,46.000,4.200,45.000,5.700
2019-01-06 12:00:00,4.380,57.000,7.800,55.000,6.100
2019-01-06 13:00:00,5.020,37.000,0.000,37.000,6.200
2019-01-06 14:00:00,4.820,31.000,0.000,31.000,6.400
2019-01-06 15:00:00,4.600,12.000,0.000,12.000,6.300
2019-01-06 16:00:00,5.020,0.000,0.000,0.000,6.200
2019-01-06 17:00:00,5.660,0.000,0.000,0.000,6.100
2019-01-06 18:00:00,6.220,0.000,0.000,0.000,6.100
2019-01-06 19:00:00,6.940,0.000,0.000,0.000,6.200
2019-01-06 20:00:00,7.280,0.000,0.000,0.000,6.300
2019-01-06 21:00:00,7.080,0.000,0.000,0.000,6.300
2019-01-06 22:00:00,6.650,0.000,0.000,0.000,5.700
2019-01-06 23:00:00,6.560,0.000,0.000,0.000,5.900
2019-01-07 00:00:00,6.690,0.000,0.000,0.000,5.800
2019-01-07 01:00:00,6.830,0.000,0.000,0.000,5.900
2019-01-07 02:00:00,6.660,0.000,0.000,0.000,5.800
2019-01-07 03:00:00,6.800,0.000,0.000,0.000,5.700
2019-01-07 04:00:00,7.200,0.000,0.000,0.000,5.600
2019-01-07 05:00:00,7.450,0.000,0.000,0.000,5.600
2019-01-07 06:00:00,7.630,0.000,0.000,0.000,5.400
2019-01-07 07:00:00,7.670,0.000,0.000,0.000,5.300
2019-01-07 08:00:00,7.300,1.000,0.000,1.000,5.000
2019-01-07 09:00:00,7.130,14.000,0.000,14.000,5.200
2019-01-07 10:00:00,6.810,30.000,0.000,30.000,5.300
2019-01-07 11:00:00,7.110,30.000,0.000,30.000,5.200
2019-01-07 12:00:00,6.940,28.000,0.000,28.000,5.300
2019-01-07 13:00:00,7.020,28.000,0.000,28.000,5.400
2019-01-07 14:00:00,7.290,20.000,0.000,20.000,5.500
2019-01-07 15:00:00,7.940,6.000,0.000,6.000,5.500
2019-01-07 16:00:00,8.770,0.000,0.000,0.000,5.600
2019-01-07 17:00:00,9.290,0.000,0.000,0.000,5.700
2019-01-07 18:00:00,9.930,0.000,0.000,0.000,6.000
2019-01-07 19:00:00,10.590,0.000,0.000,0.000,6.200
2019-01-07 20:00:00,11.070,0.000,0.000,0.000,6.500
2019-01-07 21:00:00,11.320,0.000,0.000,0.000,6.600
2019-01-07 22:00:00,11.370,0.000,0.000,0.000,6.800
2019-01-07 23:00:00,11.290,0.000,0.000,0.000,7.000
2019-01-08 00:00:00,10.650,0.000,0.000,0.000,7.200
2019-01-08 01:00:00,10.900,0.000,0.000,0.000,7.300
2019-01-08 02:00:00,11.200,0.000,0.000,0.000,6.900
2019-01-08 03:00:00,11.710,0.000,0.000,0.000,6.400
2019-01-08 04:00:00,12.660,0.000,0.000,0.000,6.300
2019-01-08 05:00:00,13.400,0.000,0.000,0.000,6.200
2019-01-08 06:00:00,14.040,0.000,0.000,0.000,6.200
2019-01-08 07:00:00,14.520,0.000,0.000,0.000,6.200
2019-01-08 08:00:00,14.820,2.000,0.000,2.000,6.000
2019-01-08 09:00:00,15.100,32.000,38.800,28.000,6.000
2019-01-08 10:00:00,14.770,62.000,89.200,45.000,6.200
2019-01-08 11:00:00,13.630,44.000,8.200,42.000,6.500
2019-01-08 12:00:00,14.140,53.000,34.400,44.000,6.600
2019-01-08 13:00:00,13.910,118.000,220.400,65.000,6.500
2019-01-08 14:00:00,14.010,80.000,164.400,50.000,5.900
2019-01-08 15:00:00,13.250,25.000,54.600,20.000,5.700
2019-01-08 16:00:00,13.450,1.000,0.000,1.000,5.400
2019-01-08 17:00:00,12.280,0.000,0.000,0.000,5.000
2019-01-08 18:00:00,11.620,0.000,0.000,0.000,4.500
2019-01-08 19:00:00,11.880,0.000,0.000,0.000,4.400
2019-01-08 20:00:00,12.150,0.000,0.000,0.000,4.300
2019-01-08 21:00:00,12.320,0.000,0.000,0.000,4.300
2019-01-08 22:00:00,12.320,0.000,0.000,0.000,3.800
2019-01-08 23:00:00,12.380,0.000,0.000,0.000,3.800
2019-01-09 00:00:00,11.900,0.000,0.000,0.000,3.500
2019-01-09 01:00:00,11.440,0.000,0.000,0.000,3.300
2019-01-09 02:00:00,11.270,0.000,0.000,0.000,3.100
2019-01-09 03:00:00,11.110,0.000,0.000,0.000,2.900
2019-01-09 04:00:00,10.890,0.000,0.000,0.000,2.800
2019-01-09 05:00:00,10.740,0.000,0.000,0.000,2.900
2019-01-09 06:00:00,10.420,0.000,0.000,0.000,2.900
2019-01-09 07:00:00,10.200,0.000,0.000,0.000,2.700
2019-01-09 08:00:00,10.020,2.000,0.000,2.000,2.600
2019-01-09 09:00:00,9.790,20.000,19.100,18.000,2.600
2019-01-09 10:00:00,7.910,35.000,0.000,35.000,2.400
2019-01-09 11:00:00,8.100,52.000,20.300,47.000,2.400
2019-01-09 12:00:00,9.280,64.000,7.600,62.000,2.700
2019-01-09 13:00:00,9.400,48.000,0.000,48.000,2.600
2019-01-09 14:00:00,8.900,38.000,0.000,38.000,2.600
2019-01-09 15:00:00,8.810,20.000,0.000,20.000,2.600
2019-01-09 16:00:00,8.300,1.000,0.000,1.000,2.300
2019-01-09 17:00:00,7.960,0.000,0.000,0.000,2.100
2019-01-09 18:00:00,8.240,0.000,0.000,0.000,2.100
2019-01-09 19:00:00,8.310,0.000,0.000,0.000,2.100
2019-01-09 20:00:00,8.100,0.000,0.000,0.000,2.100
2019-01-09 21:00:00,7.900,0.000,0.000,0.000,2.100
2019-01-09 22:00:00,7.100,0.000,0.000,0.000,1.800
2019-01-09 23:00:00,7.000,0.000,0.000,0.000,1.700
2019-01-10 00:00:00,6.600,0.000,0.000,0.000,1.500
2019-01-10 01:00:00,6.110,0.000,0.000,0.000,1.200
2019-01-10 02:00:00,6.240,0.000,0.000,0.000,0.900
2019-01-10 03:00:00,5.920,0.000,0.000,0.000,0.400
2019-01-10 04:00:00,5.700,0.000,0.000,0.000,0.300
2019-01-10 05:00:00,4.700,0.000,0.000,0.000,0.200
2019-01-10 06:00:00,4.500,0.000,0.000,0.000,0.000
2019-01-10 07:00:00,4.220,0.000,0.000,0.000,-0.100
2019-01-10 08:00:00,3.920,3.000,0.000,3.000,-0.100
2019-01-10 09:00:00,4.000,32.000,28.300,29.000,0.100
2019-01-10 10:00:00,3.210,63.000,46.300,54.000,0.700
2019-01-10 11:00:00,3.130,92.000,52.200,79.000,0.900
2019-01-10 12:00:00,2.690,116.000,78.800,95.000,1.200
2019-01-10 13:00:00,3.360,93.000,40.700,83.000,1.300
2019-01-10 14:00:00,3.690,59.000,26.600,54.000,1.400
2019-01-10 15:00:00,3.680,30.000,41.000,26.000,1.400
2019-01-10 16:00:00,3.090,2.000,0.000,2.000,1.000
2019-01-10 17:00:00,3.470,0.000,0.000,0.000,0.700
2019-01-10 18:00:00,3.800,0.000,0.000,0.000,0.700
2019-01-10 19:00:00,4.220,0.000,0.000,0.000,0.600
2019-01-10 20:00:00,4.520,0.000,0.000,0.000,0.700
2019-01-10 21:00:00,4.830,0.000,0.000,0.000,0.700
2019-01-10 22:00:00,5.360,0.000,0.000,0.000,0.500
2019-01-10 23:00:00,5.910,0.000,0.000,0.000,0.600
2019-01-11 00:00:00,6.170,0.000,0.000,0.000,0.700
2019-01-11 01:00:00,6.800,0.000,0.000,0.000,0.800
2019-01-11 02:00:00,6.870,0.000,0.000,0.000,0.900
2019-01-11 03:00:00,6.830,0.000,0.000,0.000,1.000
2019-01-11 04:00:00,7.120,0.000,0.000,0.000,1.000
2019-01-11 05:00:00,7.350,0.000,0.000,0.000,1.200
2019-01-11 06:00:00,7.690,0.000,0.000,0.000,1.500
2019-01-11 07:00:00,7.770,0.000,0.000,0.000,1.800
2019-01-11 08:00:00,7.850,1.000,0.000,1.000,2.200
2019-01-11 09:00:00,7.720,10.000,0.000,10.000,2.900
2019-01-11 10:00:00,8.370,25.000,0.000,25.000,3.600
2019-01-11 11:00:00,9.290,31.000,0.000,31.000,4.500
2019-01-11 12:00:00,9.100,26.000,0.000,26.000,5.200
2019-01-11 13:00:00,8.950,23.000,0.000,23.000,5.900
2019-01-11 14:00:00,8.900,19.000,0.000,19.000,6.500
2019-01-11 15:00:00,8.930,11.000,0.000,11.000,6.800
2019-01-11 16:00:00,9.350,1.000,0.000,1.000,6.800
2019-01-11 17:00:00,9.750,0.000,0.000,0.000,6.700
2019-01-11 18:00:00,9.750,0.000,0.000,0.000,6.600
2019-01-11 19:00:00,9.660,0.000,0.000,0.000,6.500
2019-01-11 20:00:00,9.660,0.000,0.000,0.000,6.400
2019-01-11 21:00:00,9.700,0.000,0.000,0.000,6.300
2019-01-11 22:00:00,9.170,0.000,0.000,0.000,6.200
2019-01-11 23:00:00,9.210,0.000,0.000,0.000,6.200
2019-01-12 00:00:00,9.040,0.000,0.000,0.000,6.300
2019-01-12 01:00:00,8.820,0.000,0.000,0.000,6.400
2019-01-12 02:00:00,8.300,0.000,0.000,0.000,6.400
2019-01-12 03:00:00,7.820,0.000,0.000,0.000,6.500
2019-01-12 04:00:00,8.150,0.000,0.000,0.000,6.600
2019-01-12 05:00:00,9.020,0.000,0.000,0.000,6.400
2019-01-12 06:00:00,9.640,0.000,0.000,0.000,6.200
2019-01-12 07:00:00,9.300,0.000,0.000,0.000,5.900
2019-01-12 08:00:00,9.140,1.000,0.000,1.000,5.700
2019-01-12 09:00:00,9.550,23.000,9.100,22.000,5.800
2019-01-12 10:00:00,9.000,25.000,0.000,25.000,5.600
2019-01-12 11:00:00,9.150,40.000,7.900,38.000,5.600
2019-01-12 12:00:00,10.160,27.000,0.000,27.000,5.500
2019-01-12 13:00:00,11.070,23.000,0.000,23.000,5.500
2019-01-12 14:00:00,11.010,23.000,0.000,23.000,5.800
2019-01-12 15:00:00,10.990,6.000,0.000,6.000,6.000
2019-01-12 16:00:00,10.460,1.000,0.000,1.000,6.400
2019-01-12 17:00:00,10.200,0.000,0.000,0.000,6.700
2019-01-12 18:00:00,10.430,0.000,0.000,0.000,6.800
2019-01-12 19:00:00,10.120,0.000,0.000,0.000,6.500
2019-01-12 20:00:00,10.420,0.000,0.000,0.000,6.200
2019-01-12 21:00:00,10.420,0.000,0.000,0.000,6.100
2019-01-12 22:00:00,10.690,0.000,0.000,0.000,6.100
2019-01-12 23:00:00,10.360,0.000,0.000,0.000,6.000
2019-01-13 00:00:00,10.150,0.000,0.000,0.000,6.100
2019-01-13 01:00:00,10.120,0.000,0.000,0.000,6.200
2019-01-13 02:00:00,9.930,0.000,0.000,0.000,6.200
2019-01-13 03:00:00,9.710,0.000,0.000,0.000,6.200
2019-01-13 04:00:00,9.730,0.000,0.000,0.000,6.400
2019-01-13 05:00:00,9.750,0.000,0.000,0.000,6.500
2019-01-13 06:00:00,9.490,0.000,0.000,0.000,6.500
2019-01-13 07:00:00,9.530,0.000,0.000,0.000,6.500
2019-01-13 08:00:00,9.610,1.000,0.000,1.000,6.500
2019-01-13 09:00:00,10.290,6.000,0.000,6.000,6.800
2019-01-13 10:00:00,10.410,15.000,0.000,15.000,7.500
2019-01-13 11:00:00,10.660,13.000,0.000,13.000,8.000
2019-01-13 12:00:00,10.410,15.000,0.000,15.000,8.500
2019-01-13 13:00:00,10.800,22.000,0.000,22.000,8.600
2019-01-13 14:00:00,10.610,11.000,0.000,11.000,8.700
2019-01-13 15:00:00,11.140,5.000,0.000,5.000,8.600
2019-01-13 16:00:00,13.000,0.000,0.000,0.000,8.600
2019-01-13 17:00:00,14.340,0.000,0.000,0.000,8.300
2019-01-13 18:00:00,14.170,0.000,0.000,0.000,7.300
2019-01-13 19:00:00,13.690,0.000,0.000,0.000,7.000
2019-01-13 20:00:00,13.570,0.000,0.000,0.000,6.800
2019-01-13 21:00:00,13.790,0.000,0.000,0.000,6.900
2019-01-13 22:00:00,13.280,0.000,0.000,0.000,6.700
2019-01-13 23:00:00,12.910,0.000,0.000,0.000,6.200
2019-01-14 00:00:00,12.680,0.000,0.000,0.000,5.700
2019-01-14 01:00:00,12.400,0.000,0.000,0.000,5.200
2019-01-14 02:00:00,11.820,0.000,0.000,0.000,4.800
2019-01-14 03:00:00,11.240,0.000,0.000,0.000,4.500
2019-01-14 04:00:00,11.060,0.000,0.000,0.000,4.100
2019-01-14 05:00:00,11.100,0.000,0.000,0.000,3.800
2019-01-14 06:00:00,11.040,0.000,0.000,0.000,3.600
2019-01-14 07:00:00,11.090,0.000,0.000,0.000,3.300
2019-01-14 08:00:00,10.480,6.000,0.000,6.000,3.100
2019-01-14 09:00:00,10.520,55.000,167.400,36.000,2.800
2019-01-14 10:00:00,8.100,125.000,315.400,61.000,3.200
2019-01-14 11:00:00,9.670,174.000,347.700,84.000,3.600
2019-01-14 12:00:00,10.020,209.000,457.500,82.000,3.200
2019-01-14 13:00:00,11.300,169.000,329.700,84.000,3.300
2019-01-14 14:00:00,10.070,137.000,358.500,65.000,2.900
2019-01-14 15:00:00,10.530,61.000,235.200,35.000,2.300
2019-01-14 16:00:00,9.660,5.000,19.100,4.000,1.600
2019-01-14 17:00:00,9.270,0.000,0.000,0.000,1.300
2019-01-14 18:00:00,9.390,0.000,0.000,0.000,1.400
2019-01-14 19:00:00,9.140,0.000,0.000,0.000,1.400
2019-01-14 20:00:00,9.100,0.000,0.000,0.000,1.500
2019-01-14 21:00:00,9.320,0.000,0.000,0.000,1.900
2019-01-14 22:00:00,9.950,0.000,0.000,0.000,2.100
2019-01-14 23:00:00,10.020,0.000,0.000,0.000,2.400
2019-01-15 00:00:00,9.560,0.000,0.000,0.000,2.400
2019-01-15 01:00:00,9.590,0.000,0.000,0.000,2.300
2019-01-15 02:00:00,9.900,0.000,0.000,0.000,2.300
2019-01-15 03:00:00,10.300,0.000,0.000,0.000,2.400
2019-01-15 04:00:00,10.410,0.000,0.000,0.000,2.500
2019-01-15 05:00:00,10.590,0.000,0.000,0.000,2.500
2019-01-15 06:00:00,10.600,0.000,0.000,0.000,2.400
2019-01-15 07:00:00,10.990,0.000,0.000,0.000,2.800
2019-01-15 08:00:00,11.180,2.000,0.000,2.000,3.200
2019-01-15 09:00:00,11.300,21.000,0.000,21.000,3.700
2019-01-15 10:00:00,10.690,75.000,73.100,60.000,4.200
2019-01-15 11:00:00,10.890,88.000,68.800,70.000,4.800
2019-01-15 12:00:00,10.730,94.000,32.100,85.000,5.400
2019-01-15 13:00:00,11.720,47.000,3.800,46.000,5.800
2019-01-15 14:00:00,11.730,18.000,0.000,18.000,6.000
2019-01-15 15:00:00,11.790,8.000,0.000,8.000,6.200
2019-01-15 16:00:00,12.030,1.000,0.000,1.000,6.300
2019-01-15 17:00:00,12.200,0.000,0.000,0.000,6.500
2019-01-15 18:00:00,12.060,0.000,0.000,0.000,6.400
2019-01-15 19:00:00,11.650,0.000,0.000,0.000,6.400
2019-01-15 20:00:00,11.570,0.000,0.000,0.000,6.400
2019-01-15 21:00:00,11.360,0.000,0.000,0.000,6.400
2019-01-15 22:00:00,10.810,0.000,0.000,0.000,6.600
2019-01-15 23:00:00,10.900,0.000,0.000,0.000,6.700
2019-01-16 00:00:00,10.610,0.000,0.000,0.000,6.900
2019-01-16 01:00:00,10.210,0.000,0.000,0.000,6.900
2019-01-16 02:00:00,10.090,0.000,0.000,0.000,6.800
2019-01-16 03:00:00,9.950,0.000,0.000,0.000,6.700
2019-01-16 04:00:00,10.020,0.000,0.000,0.000,6.600
2019-01-16 05:00:00,10.020,0.000,0.000,0.000,6.600
2019-01-16 06:00:00,9.760,0.000,0.000,0.000,6.800
2019-01-16 07:00:00,9.980,0.000,0.000,0.000,6.800
2019-01-16 08:00:00,9.750,2.000,0.000,2.000,6.800
2019-01-16 09:00:00,9.600,22.000,0.000,22.000,6.800
2019-01-16 10:00:00,8.920,27.000,0.000,27.000,7.000
2019-01-16 11:00:00,9.540,31.000,0.000,31.000,7.000
2019-01-16 12:00:00,9.850,37.000,0.000,37.000,6.900
2019-01-16 13:00:00,10.130,42.000,0.000,42.000,6.700
2019-01-16 14:00:00,10.060,47.000,4.800,46.000,6.400
2019-01-16 15:00:00,9.580,23.000,0.000,23.000,6.300
2019-01-16 16:00:00,8.980,4.000,0.000,4.000,6.000
2019-01-16 17:00:00,8.910,0.000,0.000,0.000,5.500
2019-01-16 18:00:00,8.560,0.000,0.000,0.000,5.300
2019-01-16 19:00:00,8.770,0.000,0.000,0.000,5.100
2019-01-16 20:00:00,9.330,0.000,0.000,0.000,4.900
2019-01-16 21:00:00,9.340,0.000,0.000,0.000,5.000
2019-01-16 22:00:00,9.130,0.000,0.000,0.000,5.000
2019-01-16 23:00:00,9.630,0.000,0.000,0.000,5.000
2019-01-17 00:00:00,10.220,0.000,0.000,0.000,4.800
2019-01-17 01:00:00,10.880,0.000,0.000,0.000,4.700
2019-01-17 02:00:00,11.190,0.000,0.000,0.000,4.800
2019-01-17 03:00:00,10.780,0.000,0.000,0.000,4.800
2019-01-17 04:00:00,10.250,0.000,0.000,0.000,4.700
2019-01-17 05:00:00,9.330,0.000,0.000,0.000,4.900
2019-01-17 06:00:00,9.200,0.000,0.000,0.000,4.900
2019-01-17 07:00:00,9.220,0.000,0.000,0.000,4.800
2019-01-17 08:00:00,9.320,5.000,19.100,4.000,4.700
2019-01-17 09:00:00,9.130,51.000,141.400,34.000,4.800
2019-01-17 10:00:00,8.240,126.000,313.500,60.000,5.500
2019-01-17 11:00:00,9.510,189.000,362.800,92.000,6.000
2019-01-17 12:00:00,9.260,195.000,352.100,94.000,6.100
2019-01-17 13:00:00,8.990,122.000,104.600,94.000,5.100
2019-01-17 14:00:00,8.410,44.000,9.500,42.000,3.700
2019-01-17 15:00:00,8.170,17.000,0.000,17.000,2.900
2019-01-17 16:00:00,9.530,3.000,0.000,3.000,2.800
2019-01-17 17:00:00,9.270,0.000,0.000,0.000,2.600
2019-01-17 18:00:00,9.830,0.000,0.000,0.000,2.300
2019-01-17 19:00:00,9.600,0.000,0.000,0.000,1.900
2019-01-17 20:00:00,9.300,0.000,0.000,0.000,1.700
2019-01-17 21:00:00,9.720,0.000,0.000,0.000,1.400
2019-01-17 22:00:00,9.310,0.000,0.000,0.000,1.000
2019-01-17 23:00:00,8.720,0.000,0.000,0.000,0.800
2019-01-18 00:00:00,8.420,0.000,0.000,0.000,0.500
2019-01-18 01:00:00,7.440,0.000,0.000,0.000,0.200
2019-01-18 02:00:00,7.370,0.000,0.000,0.000,-0.600
2019-01-18 03:00:00,7.400,0.000,0.000,0.000,-1.400
2019-01-18 04:00:00,6.880,0.000,0.000,0.000,-1.900
2019-01-18 05:00:00,6.360,0.000,0.000,0.000,-2.600
2019-01-18 06:00:00,5.890,0.000,0.000,0.000,-3.100
2019-01-18 07:00:00,5.690,0.000,0.000,0.000,-3.400
2019-01-18 08:00:00,5.820,9.000,57.300,6.000,-3.100
2019-01-18 09:00:00,6.260,83.000,374.800,37.000,-1.900
2019-01-18 10:00:00,5.950,168.000,515.700,58.000,0.300
2019-01-18 11:00:00,5.910,215.000,532.500,71.000,1.400
2019-01-18 12:00:00,6.020,224.000,503.200,78.000,2.300
2019-01-18 13:00:00,5.990,212.000,516.400,72.000,2.800
2019-01-18 14:00:00,5.940,155.000,405.200,68.000,3.000
2019-01-18 15:00:00,6.320,76.000,320.800,36.000,2.600
2019-01-18 16:00:00,6.140,9.000,57.300,6.000,2.200
2019-01-18 17:00:00,6.170,0.000,0.000,0.000,2.000
2019-01-18 18:00:00,6.300,0.000,0.000,0.000,1.400
2019-01-18 19:00:00,6.200,0.000,0.000,0.000,1.100
2019-01-18 20:00:00,5.910,0.000,0.000,0.000,0.800
2019-01-18 21:00:00,5.280,0.000,0.000,0.000,0.300
2019-01-18 22:00:00,4.610,0.000,0.000,0.000,0.400
2019-01-18 23:00:00,4.080,0.000,0.000,0.000,-0.200
2019-01-19 00:00:00,3.810,0.000,0.000,0.000,-0.700
2019-01-19 01:00:00,3.580,0.000,0.000,0.000,-0.800
2019-01-19 02:00:00,3.120,0.000,0.000,0.000,-1.300
2019-01-19 03:00:00,2.760,0.000,0.000,0.000,-1.700
2019-01-19 04:00:00,2.610,0.000,0.000,0.000,-2.700
2019-01-19 05:00:00,2.690,0.000,0.000,0.000,-2.700
2019-01-19 06:00:00,3.160,0.000,0.000,0.000,-3.100
2019-01-19 07:00:00,3.520,0.000,0.000,0.000,-3.100
2019-01-19 08:00:00,3.600,9.000,57.300,6.000,-3.300
2019-01-19 09:00:00,3.440,80.000,319.200,40.000,-2.100
2019-01-19 10:00:00,2.790,147.000,323.800,77.000,-0.600
2019-01-19 11:00:00,2.280,218.000,500.800,81.000,0.800
2019-01-19 12:00:00,2.110,241.000,517.900,89.000,1.700
2019-01-19 13:00:00,2.130,215.000,455.100,90.000,2.100
2019-01-19 14:00:00,2.820,146.000,343.500,71.000,1.900
2019-01-19 15:00:00,4.180,67.000,226.000,38.000,1.600
2019-01-19 16:00:00,5.320,9.000,38.200,7.000,0.500
2019-01-19 17:00:00,5.820,0.000,0.000,0.000,-0.700
2019-01-19 18:00:00,6.090,0.000,0.000,0.000,-1.100
2019-01-19 19:00:00,6.220,0.000,0.000,0.000,-1.600
2019-01-19 20:00:00,6.220,0.000,0.000,0.000,-2.100
2019-01-19 21:00:00,6.000,0.000,0.000,0.000,-2.500
2019-01-19 22:00:00,5.640,0.000,0.000,0.000,-2.900
2019-01-19 23:00:00,5.320,0.000,0.000,0.000,-3.300
2019-01-20 00:00:00,4.980,0.000,0.000,0.000,-3.900
2019-01-20 01:00:00,4.650,0.000,0.000,0.000,-4.200
2019-01-20 02:00:00,4.660,0.000,0.000,0.000,-4.300
2019-01-20 03:00:00,4.410,0.000,0.000,0.000,-4.700
2019-01-20 04:00:00,4.260,0.000,0.000,0.000,-5.100
2019-01-20 05:00:00,4.320,0.000,0.000,0.000,-5.200
2019-01-20 06:00:00,4.610,0.000,0.000,0.000,-5.500
2019-01-20 07:00:00,4.600,0.000,0.000,0.000,-5.900
2019-01-20 08:00:00,4.510,11.000,76.400,7.000,-5.800
2019-01-20 09:00:00,4.010,88.000,390.500,38.000,-4.700
2019-01-20 10:00:00,3.510,178.000,538.300,60.000,-3.400
2019-01-20 11:00:00,3.060,241.000,625.000,68.000,-2.400
2019-01-20 12:00:00,2.790,264.000,646.600,72.000,-1.500
2019-01-20 13:00:00,2.620,239.000,607.300,70.000,-0.900
2019-01-20 14:00:00,2.700,181.000,544.900,60.000,-0.700
2019-01-20 15:00:00,3.410,92.000,401.100,39.000,-1.000
2019-01-20 16:00:00,4.100,13.000,95.500,8.000,-2.300
2019-01-20 17:00:00,4.230,0.000,0.000,0.000,-3.300
2019-01-20 18:00:00,4.180,0.000,0.000,0.000,-4.000
2019-01-20 19:00:00,4.110,0.000,0.000,0.000,-4.600
2019-01-20 20:00:00,4.100,0.000,0.000,0.000,-4.900
2019-01-20 21:00:00,4.170,0.000,0.000,0.000,-5.300
2019-01-20 22:00:00,3.770,0.000,0.000,0.000,-5.600
2019-01-20 23:00:00,3.980,0.000,0.000,0.000,-6.200
2019-01-21 00:00:00,3.810,0.000,0.000,0.000,-6.200
2019-01-21 01:00:00,3.450,0.000,0.000,0.000,-6.500
2019-01-21 02:00:00,3.320,0.000,0.000,0.000,-6.800
2019-01-21 03:00:00,3.550,0.000,0.000,0.000,-7.200
2019-01-21 04:00:00,3.860,0.000,0.000,0.000,-7.600
2019-01-21 05:00:00,4.410,0.000,0.000,0.000,-7.700
2019-01-21 06:00:00,5.370,0.000,0.000,0.000,-7.400
2019-01-21 07:00:00,5.860,0.000,0.000,0.000,-7.300
2019-01-21 08:00:00,5.850,12.000,95.500,7.000,-6.800
2019-01-21 09:00:00,5.720,90.000,374.300,41.000,-5.300
2019-01-21 10:00:00,4.460,181.000,521.700,65.000,-3.400
2019-01-21 11:00:00,4.240,250.000,646.000,69.000,-2.000
2019-01-21 12:00:00,4.530,271.000,672.100,69.000,-1.100
2019-01-21 13:00:00,4.460,250.000,641.700,69.000,-0.300
2019-01-21 14:00:00,4.460,182.000,535.600,61.000,-0.100
2019-01-21 15:00:00,5.320,90.000,367.600,40.000,-0.300
2019-01-21 16:00:00,5.660,13.000,92.500,8.000,-0.900
2019-01-21 17:00:00,5.640,0.000,0.000,0.000,-1.600
2019-01-21 18:00:00,5.500,0.000,0.000,0.000,-1.700
2019-01-21 19:00:00,5.470,0.000,0.000,0.000,-1.800
2019-01-21 20:00:00,5.440,0.000,0.000,0.000,-2.000
2019-01-21 21:00:00,5.330,0.000,0.000,0.000,-2.000
2019-01-21 22:00:00,4.390,0.000,0.000,0.000,-1.800
2019-01-21 23:00:00,4.420,0.000,0.000,0.000,-1.800
2019-01-22 00:00:00,4.320,0.000,0.000,0.000,-1.800
2019-01-22 01:00:00,4.600,0.000,0.000,0.000,-1.800
2019-01-22 02:00:00,4.970,0.000,0.000,0.000,-2.100
2019-01-22 03:00:00,4.970,0.000,0.000,0.000,-2.500
2019-01-22 04:00:00,5.000,0.000,0.000,0.000,-3.200
2019-01-22 05:00:00,4.880,0.000,0.000,0.000,-3.600
2019-01-22 06:00:00,5.040,0.000,0.000,0.000,-3.900
2019-01-22 07:00:00,5.300,0.000,0.000,0.000,-4.200
2019-01-22 08:00:00,5.720,12.000,57.100,9.000,-4.100
2019-01-22 09:00:00,5.790,85.000,268.800,49.000,-3.100
2019-01-22 10:00:00,5.080,167.000,398.900,77.000,-2.000
2019-01-22 11:00:00,5.280,226.000,475.800,91.000,-1.100
2019-01-22 12:00:00,5.550,260.000,575.100,85.000,-0.300
2019-01-22 13:00:00,5.770,231.000,479.100,94.000,0.000
2019-01-22 14:00:00,6.040,165.000,339.300,87.000,-0.000
2019-01-22 15:00:00,6.620,80.000,142.900,60.000,-0.500
2019-01-22 16:00:00,6.650,13.000,17.800,12.000,-1.400
2019-01-22 17:00:00,6.530,0.000,0.000,0.000,-2.000
2019-01-22 18:00:00,6.400,0.000,0.000,0.000,-2.400
2019-01-22 19:00:00,5.990,0.000,0.000,0.000,-2.800
2019-01-22 20:00:00,5.540,0.000,0.000,0.000,-3.300
2019-01-22 21:00:00,5.200,0.000,0.000,0.000,-3.800
2019-01-22 22:00:00,5.140,0.000,0.000,0.000,-4.000
2019-01-22 23:00:00,5.120,0.000,0.000,0.000,-4.300
2019-01-23 00:00:00,4.840,0.000,0.000,0.000,-4.600
2019-01-23 01:00:00,4.680,0.000,0.000,0.000,-5.100
2019-01-23 02:00:00,4.700,0.000,0.000,0.000,-5.500
2019-01-23 03:00:00,4.610,0.000,0.000,0.000,-5.900
2019-01-23 04:00:00,4.660,0.000,0.000,0.000,-6.000
2019-01-23 05:00:00,4.480,0.000,0.000,0.000,-6.000
2019-01-23 06:00:00,4.600,0.000,0.000,0.000,-6.400
2019-01-23 07:00:00,4.960,0.000,0.000,0.000,-6.300
2019-01-23 08:00:00,5.140,13.000,73.900,9.000,-6.400
2019-01-23 09:00:00,4.650,81.000,218.900,51.000,-5.800
2019-01-23 10:00:00,4.250,136.000,165.900,98.000,-5.100
2019-01-23 11:00:00,4.250,184.000,257.500,110.000,-4.300
2019-01-23 12:00:00,4.210,225.000,370.000,111.000,-3.800
2019-01-23 13:00:00,4.130,224.000,407.000,106.000,-3.300
2019-01-23 14:00:00,5.120,173.000,376.200,85.000,-3.300
2019-01-23 15:00:00,5.300,94.000,298.500,51.000,-3.600
2019-01-23 16:00:00,5.510,16.000,68.600,12.000,-4.000
2019-01-23 17:00:00,5.510,0.000,0.000,0.000,-4.200
2019-01-23 18:00:00,5.530,0.000,0.000,0.000,-4.600
2019-01-23 19:00:00,5.490,0.000,0.000,0.000,-4.800
2019-01-23 20:00:00,5.580,0.000,0.000,0.000,-5.000
2019-01-23 21:00:00,5.580,0.000,0.000,0.000,-5.000
2019-01-23 22:00:00,4.730,0.000,0.000,0.000,-5.200
2019-01-23 23:00:00,5.180,0.000,0.000,0.000,-5.400
2019-01-24 00:00:00,5.450,0.000,0.000,0.000,-5.400
2019-01-24 01:00:00,5.330,0.000,0.000,0.000,-5.400
2019-01-24 02:00:00,5.220,0.000,0.000,0.000,-5.100
2019-01-24 03:00:00,4.900,0.000,0.000,0.000,-4.800
2019-01-24 04:00:00,5.010,0.000,0.000,0.000,-4.800
2019-01-24 05:00:00,4.730,0.000,0.000,0.000,-4.700
2019-01-24 06:00:00,4.320,0.000,0.000,0.000,-4.600
2019-01-24 07:00:00,4.320,0.000,0.000,0.000,-4.600
2019-01-24 08:00:00,4.020,11.000,53.800,8.000,-4.600
2019-01-24 09:00:00,3.350,64.000,128.300,46.000,-4.200
2019-01-24 10:00:00,2.820,128.000,150.500,93.000,-3.600
2019-01-24 11:00:00,3.280,144.000,140.800,103.000,-3.200
2019-01-24 12:00:00,2.660,107.000,28.800,98.000,-3.200
2019-01-24 13:00:00,2.330,120.000,54.400,104.000,-2.900
2019-01-24 14:00:00,2.380,93.000,16.800,89.000,-2.900
2019-01-24 15:00:00,2.400,48.000,13.500,46.000,-2.900
2019-01-24 16:00:00,2.620,10.000,0.000,10.000,-3.000
2019-01-24 17:00:00,2.770,0.000,0.000,0.000,-3.100
2019-01-24 18:00:00,3.080,0.000,0.000,0.000,-3.200
2019-01-24 19:00:00,3.500,0.000,0.000,0.000,-3.300
2019-01-24 20:00:00,3.140,0.000,0.000,0.000,-3.600
2019-01-24 21:00:00,2.570,0.000,0.000,0.000,-3.600
2019-01-24 22:00:00,2.200,0.000,0.000,0.000,-3.200
2019-01-24 23:00:00,2.080,0.000,0.000,0.000,-3.300
2019-01-25 00:00:00,1.270,0.000,0.000,0.000,-3.300
2019-01-25 01:00:00,1.170,0.000,0.000,0.000,-3.200
2019-01-25 02:00:00,0.670,0.000,0.000,0.000,-3.300
2019-01-25 03:00:00,0.280,0.000,0.000,0.000,-3.300
2019-01-25 04:00:00,0.700,0.000,0.000,0.000,-3.200
2019-01-25 05:00:00,0.890,0.000,0.000,0.000,-3.300
2019-01-25 06:00:00,1.300,0.000,0.000,0.000,-3.400
2019-01-25 07:00:00,1.400,0.000,0.000,0.000,-3.600
2019-01-25 08:00:00,1.750,9.000,17.400,8.000,-3.500
2019-01-25 09:00:00,2.110,71.000,174.000,46.000,-3.500
2019-01-25 10:00:00,3.550,136.000,232.900,81.000,-3.500
2019-01-25 11:00:00,3.910,154.000,78.000,131.000,-3.400
2019-01-25 12:00:00,3.970,171.000,145.500,125.000,-3.300
2019-01-25 13:00:00,4.560,178.000,134.100,138.000,-3.100
2019-01-25 14:00:00,4.600,135.000,107.300,109.000,-2.900
2019-01-25 15:00:00,4.720,81.000,78.700,69.000,-2.900
2019-01-25 16:00:00,4.410,15.000,0.000,15.000,-3.000
2019-01-25 17:00:00,4.390,0.000,0.000,0.000,-2.700
2019-01-25 18:00:00,4.940,0.000,0.000,0.000,-2.600
2019-01-25 19:00:00,6.220,0.000,0.000,0.000,-2.500
2019-01-25 20:00:00,7.470,0.000,0.000,0.000,-2.200
2019-01-25 21:00:00,8.190,0.000,0.000,0.000,-1.600
2019-01-25 22:00:00,8.180,0.000,0.000,0.000,-0.700
2019-01-25 23:00:00,8.560,0.000,0.000,0.000,-0.400
2019-01-26 00:00:00,8.660,0.000,0.000,0.000,0.200
2019-01-26 01:00:00,8.720,0.000,0.000,0.000,0.700
2019-01-26 02:00:00,8.700,0.000,0.000,0.000,1.200
2019-01-26 03:00:00,8.080,0.000,0.000,0.000,1.800
2019-01-26 04:00:00,7.360,0.000,0.000,0.000,2.200
2019-01-26 05:00:00,6.480,0.000,0.000,0.000,2.400
2019-01-26 06:00:00,5.980,0.000,0.000,0.000,2.400
2019-01-26 07:00:00,5.810,0.000,0.000,0.000,2.500
2019-01-26 08:00:00,6.130,1.000,0.000,1.000,2.700
2019-01-26 09:00:00,6.840,6.000,0.000,6.000,3.700
2019-01-26 10:00:00,8.340,16.000,0.000,16.000,4.700
2019-01-26 11:00:00,9.420,16.000,0.000,16.000,5.500
2019-01-26 12:00:00,9.330,23.000,0.000,23.000,5.800
2019-01-26 13:00:00,9.210,20.000,0.000,20.000,6.000
2019-01-26 14:00:00,8.930,15.000,0.000,15.000,6.000
2019-01-26 15:00:00,8.890,9.000,0.000,9.000,5.800
2019-01-26 16:00:00,9.220,2.000,0.000,2.000,5.500
2019-01-26 17:00:00,9.480,0.000,0.000,0.000,5.300
2019-01-26 18:00:00,9.130,0.000,0.000,0.000,5.200
2019-01-26 19:00:00,8.710,0.000,0.000,0.000,5.100
2019-01-26 20:00:00,8.140,0.000,0.000,0.000,5.000
2019-01-26 21:00:00,8.100,0.000,0.000,0.000,4.900
2019-01-26 22:00:00,8.140,0.000,0.000,0.000,4.800
2019-01-26 23:00:00,8.900,0.000,0.000,0.000,4.900
2019-01-27 00:00:00,9.260,0.000,0.000,0.000,4.900
2019-01-27 01:00:00,8.990,0.000,0.000,0.000,4.800
2019-01-27 02:00:00,8.830,0.000,0.000,0.000,4.700
2019-01-27 03:00:00,9.180,0.000,0.000,0.000,4.600
2019-01-27 04:00:00,9.300,0.000,0.000,0.000,4.600
2019-01-27 05:00:00,9.140,0.000,0.000,0.000,4.600
2019-01-27 06:00:00,8.720,0.000,0.000,0.000,4.700
2019-01-27 07:00:00,8.470,0.000,0.000,0.000,4.700
2019-01-27 08:00:00,8.540,4.000,0.000,4.000,4.700
2019-01-27 09:00:00,8.480,42.000,53.000,34.000,5.200
2019-01-27 10:00:00,8.780,68.000,28.700,61.000,5.600
2019-01-27 11:00:00,8.120,137.000,102.300,106.000,6.500
2019-01-27 12:00:00,7.400,182.000,252.600,100.000,7.000
2019-01-27 13:00:00,7.210,163.000,182.500,107.000,7.200
2019-01-27 14:00:00,8.230,80.000,23.900,74.000,6.700
2019-01-27 15:00:00,7.930,51.000,62.000,41.000,6.400
2019-01-27 16:00:00,7.690,11.000,29.700,9.000,5.800
2019-01-27 17:00:00,7.630,0.000,0.000,0.000,5.600
2019-01-27 18:00:00,7.620,0.000,0.000,0.000,5.300
2019-01-27 19:00:00,7.240,0.000,0.000,0.000,5.100
2019-01-27 20:00:00,7.230,0.000,0.000,0.000,4.800
2019-01-27 21:00:00,7.260,0.000,0.000,0.000,4.500
2019-01-27 22:00:00,7.740,0.000,0.000,0.000,4.100
2019-01-27 23:00:00,7.690,0.000,0.000,0.000,3.500
2019-01-28 00:00:00,8.030,0.000,0.000,0.000,3.300
2019-01-28 01:00:00,8.160,0.000,0.000,0.000,3.100
2019-01-28 02:00:00,8.010,0.000,0.000,0.000,3.000
2019-01-28 03:00:00,7.910,0.000,0.000,0.000,2.900
2019-01-28 04:00:00,7.790,0.000,0.000,0.000,2.900
2019-01-28 05:00:00,8.130,0.000,0.000,0.000,2.800
2019-01-28 06:00:00,8.040,0.000,0.000,0.000,2.800
2019-01-28 07:00:00,7.790,0.000,0.000,0.000,2.800
2019-01-28 08:00:00,7.580,5.000,0.000,5.000,2.900
2019-01-28 09:00:00,7.020,30.000,12.900,28.000,3.000
2019-01-28 10:00:00,5.540,85.000,76.700,66.000,3.300
2019-01-28 11:00:00,5.800,131.000,107.400,98.000,3.600
2019-01-28 12:00:00,4.480,96.000,24.300,88.000,3.700
2019-01-28 13:00:00,3.500,65.000,16.100,60.000,3.400
2019-01-28 14:00:00,4.300,78.000,86.100,56.000,3.200
2019-01-28 15:00:00,5.220,46.000,48.300,38.000,2.600
2019-01-28 16:00:00,5.740,6.000,0.000,6.000,2.500
2019-01-28 17:00:00,6.490,0.000,0.000,0.000,2.300
2019-01-28 18:00:00,7.990,0.000,0.000,0.000,2.100
2019-01-28 19:00:00,9.500,0.000,0.000,0.000,1.700
2019-01-28 20:00:00,9.760,0.000,0.000,0.000,1.200
2019-01-28 21:00:00,9.440,0.000,0.000,0.000,1.000
2019-01-28 22:00:00,8.770,0.000,0.000,0.000,0.800
2019-01-28 23:00:00,8.010,0.000,0.000,0.000,0.500
2019-01-29 00:00:00,7.570,0.000,0.000,0.000,0.300
2019-01-29 01:00:00,7.940,0.000,0.000,0.000,0.100
2019-01-29 02:00:00,8.220,0.000,0.000,0.000,0.400
2019-01-29 03:00:00,8.210,0.000,0.000,0.000,0.200
2019-01-29 04:00:00,8.100,0.000,0.000,0.000,0.200
2019-01-29 05:00:00,7.910,0.000,0.000,0.000,0.300
2019-01-29 06:00:00,7.650,0.000,0.000,0.000,0.300
2019-01-29 07:00:00,7.330,0.000,0.000,0.000,0.500
2019-01-29 08:00:00,7.180,22.000,153.700,12.000,0.600
2019-01-29 09:00:00,7.190,105.000,347.300,50.000,0.800
2019-01-29 10:00:00,6.240,185.000,440.700,74.000,1.600
2019-01-29 11:00:00,6.220,247.000,481.500,97.000,2.200
2019-01-29 12:00:00,6.260,207.000,231.000,130.000,2.700
2019-01-29 13:00:00,5.560,176.000,193.100,115.000,2.900
2019-01-29 14:00:00,5.300,156.000,257.500,89.000,3.100
2019-01-29 15:00:00,4.740,89.000,241.000,48.000,2.600
2019-01-29 16:00:00,4.580,21.000,83.300,15.000,2.100
2019-01-29 17:00:00,5.260,0.000,0.000,0.000,1.200
2019-01-29 18:00:00,5.830,0.000,0.000,0.000,0.800
2019-01-29 19:00:00,6.100,0.000,0.000,0.000,0.400
2019-01-29 20:00:00,6.130,0.000,0.000,0.000,-0.000
2019-01-29 21:00:00,5.850,0.000,0.000,0.000,-0.100
2019-01-29 22:00:00,5.650,0.000,0.000,0.000,-0.800
2019-01-29 23:00:00,5.550,0.000,0.000,0.000,-1.100
2019-01-30 00:00:00,5.920,0.000,0.000,0.000,-1.300
2019-01-30 01:00:00,6.440,0.000,0.000,0.000,-1.300
2019-01-30 02:00:00,6.980,0.000,0.000,0.000,-1.200
2019-01-30 03:00:00,7.180,0.000,0.000,0.000,-1.300
2019-01-30 04:00:00,7.290,0.000,0.000,0.000,-1.500
2019-01-30 05:00:00,7.620,0.000,0.000,0.000,-1.600
2019-01-30 06:00:00,7.740,0.000,0.000,0.000,-1.300
2019-01-30 07:00:00,7.830,0.000,0.000,0.000,-1.300
2019-01-30 08:00:00,7.840,18.000,14.900,17.000,-1.100
2019-01-30 09:00:00,8.260,74.000,43.100,67.000,-0.600
2019-01-30 10:00:00,7.860,131.000,50.800,118.000,0.200
2019-01-30 11:00:00,8.880,177.000,82.300,151.000,0.700
2019-01-30 12:00:00,9.880,211.000,148.000,161.000,1.100
2019-01-30 13:00:00,8.710,243.000,383.900,120.000,1.400
2019-01-30 14:00:00,8.040,168.000,170.000,123.000,1.300
2019-01-30 15:00:00,7.490,86.000,85.900,71.000,1.200
2019-01-30 16:00:00,7.490,16.000,13.400,15.000,1.000
2019-01-30 17:00:00,7.620,0.000,0.000,0.000,1.000
2019-01-30 18:00:00,7.670,0.000,0.000,0.000,0.900
2019-01-30 19:00:00,7.490,0.000,0.000,0.000,0.900
2019-01-30 20:00:00,6.820,0.000,0.000,0.000,0.900
2019-01-30 21:00:00,6.250,0.000,0.000,0.000,0.800
2019-01-30 22:00:00,5.260,0.000,0.000,0.000,0.400
2019-01-30 23:00:00,5.440,0.000,0.000,0.000,0.300
2019-01-31 00:00:00,5.970,0.000,0.000,0.000,0.300
2019-01-31 01:00:00,6.140,0.000,0.000,0.000,0.200
2019-01-31 02:00:00,6.080,0.000,0.000,0.000,0.100
2019-01-31 03:00:00,5.720,0.000,0.000,0.000,0.100
2019-01-31 04:00:00,5.580,0.000,0.000,0.000,0.400
2019-01-31 05:00:00,5.680,0.000,0.000,0.000,0.600
2019-01-31 06:00:00,5.410,0.000,0.000,0.000,0.400
2019-01-31 07:00:00,5.080,0.000,0.000,0.000,-0.100
2019-01-31 08:00:00,6.040,19.000,101.300,12.000,-0.000
2019-01-31 09:00:00,5.840,90.000,204.500,56.000,0.900
2019-01-31 10:00:00,3.800,181.000,353.500,89.000,1.400
2019-01-31 11:00:00,3.520,262.000,521.300,95.000,2.100
2019-01-31 12:00:00,3.180,283.000,554.800,93.000,2.700
2019-01-31 13:00:00,2.870,280.000,596.800,86.000,3.200
2019-01-31 14:00:00,3.410,224.000,560.400,73.000,3.500
2019-01-31 15:00:00,4.810,121.000,351.300,58.000,2.900
2019-01-31 16:00:00,6.330,33.000,156.000,21.000,2.000
2019-01-31 17:00:00,7.330,0.000,0.000,0.000,0.900
2019-01-31 18:00:00,7.720,0.000,0.000,0.000,0.600
2019-01-31 19:00:00,7.630,0.000,0.000,0.000,0.600
2019-01-31 20:00:00,7.240,0.000,0.000,0.000,0.300
2019-01-31 21:00:00,6.910,0.000,0.000,0.000,-0.000
2019-01-31 22:00:00,6.930,0.000,0.000,0.000,-0.400
2019-01-31 23:00:00,7.270,0.000,0.000,0.000,-0.800
2019-02-01 00:00:00,7.990,0.000,0.000,0.000,-1.300
2019-02-01 01:00:00,8.000,0.000,0.000,0.000,-1.500
2019-02-01 02:00:00,8.100,0.000,0.000,0.000,-1.600
2019-02-01 03:00:00,8.200,0.000,0.000,0.000,-1.700
2019-02-01 04:00:00,8.470,0.000,0.000,0.000,-1.600
2019-02-01 05:00:00,8.530,0.000,0.000,0.000,-1.400
2019-02-01 06:00:00,8.420,0.000,0.000,0.000,-1.300
2019-02-01 07:00:00,8.270,0.000,0.000,0.000,-1.200
2019-02-01 08:00:00,7.880,10.000,14.000,9.000,-1.000
2019-02-01 09:00:00,7.930,33.000,0.000,33.000,-0.800
2019-02-01 10:00:00,5.910,76.000,15.100,72.000,-0.600
2019-02-01 11:00:00,5.220,200.000,295.500,104.000,0.500
2019-02-01 12:00:00,4.470,215.000,259.300,125.000,1.300
2019-02-01 13:00:00,3.890,187.000,160.700,134.000,2.000
2019-02-01 14:00:00,3.940,152.000,178.700,103.000,2.500
2019-02-01 15:00:00,4.480,100.000,146.700,73.000,2.300
2019-02-01 16:00:00,5.190,32.000,113.400,23.000,1.700
2019-02-01 17:00:00,6.140,0.000,0.000,0.000,0.900
2019-02-01 18:00:00,6.120,0.000,0.000,0.000,0.400
2019-02-01 19:00:00,5.390,0.000,0.000,0.000,0.100
2019-02-01 20:00:00,5.460,0.000,0.000,0.000,-0.200
2019-02-01 21:00:00,5.610,0.000,0.000,0.000,-0.100
2019-02-01 22:00:00,5.810,0.000,0.000,0.000,-0.600
2019-02-01 23:00:00,5.550,0.000,0.000,0.000,-0.700
2019-02-02 00:00:00,5.820,0.000,0.000,0.000,-0.600
2019-02-02 01:00:00,5.120,0.000,0.000,0.000,-0.700
2019-02-02 02:00:00,5.260,0.000,0.000,0.000,-0.700
2019-02-02 03:00:00,5.570,0.000,0.000,0.000,-0.700
2019-02-02 04:00:00,5.500,0.000,0.000,0.000,-0.700
2019-02-02 05:00:00,5.200,0.000,0.000,0.000,-0.700
2019-02-02 06:00:00,4.890,0.000,0.000,0.000,-0.700
2019-02-02 07:00:00,4.440,0.000,0.000,0.000,-0.700
2019-02-02 08:00:00,3.750,18.000,54.500,14.000,-0.500
2019-02-02 09:00:00,3.300,61.000,68.700,49.000,-0.400
2019-02-02 10:00:00,2.950,108.000,78.100,87.000,0.300
2019-02-02 11:00:00,2.570,172.000,139.600,126.000,0.600
2019-02-02 12:00:00,3.140,151.000,85.300,121.000,0.900
2019-02-02 13:00:00,3.830,75.000,3.000,74.000,1.000
2019-02-02 14:00:00,4.000,70.000,7.200,68.000,1.300
2019-02-02 15:00:00,4.060,78.000,42.400,70.000,1.500
2019-02-02 16:00:00,4.440,15.000,12.200,14.000,1.100
2019-02-02 17:00:00,4.490,0.000,0.000,0.000,1.100
2019-02-02 18:00:00,4.480,0.000,0.000,0.000,0.900
2019-02-02 19:00:00,4.270,0.000,0.000,0.000,1.000
2019-02-02 20:00:00,4.680,0.000,0.000,0.000,1.000
2019-02-02 21:00:00,5.240,0.000,0.000,0.000,0.700
2019-02-02 22:00:00,5.730,0.000,0.000,0.000,0.800
2019-02-02 23:00:00,5.160,0.000,0.000,0.000,0.800
2019-02-03 00:00:00,5.090,0.000,0.000,0.000,0.500
2019-02-03 01:00:00,5.450,0.000,0.000,0.000,0.500
2019-02-03 02:00:00,5.590,0.000,0.000,0.000,0.600
2019-02-03 03:00:00,6.020,0.000,0.000,0.000,0.600
2019-02-03 04:00:00,5.460,0.000,0.000,0.000,0.700
2019-02-03 05:00:00,5.710,0.000,0.000,0.000,0.500
2019-02-03 06:00:00,6.160,0.000,0.000,0.000,0.300
2019-02-03 07:00:00,6.170,0.000,0.000,0.000,-0.000
2019-02-03 08:00:00,5.530,26.000,132.200,16.000,0.100
2019-02-03 09:00:00,5.520,108.000,274.000,59.000,0.600
2019-02-03 10:00:00,6.520,197.000,384.000,92.000,1.500
2019-02-03 11:00:00,5.900,240.000,377.200,114.000,2.300
2019-02-03 12:00:00,6.630,253.000,328.200,136.000,3.100
2019-02-03 13:00:00,7.960,195.000,241.600,113.000,3.400
2019-02-03 14:00:00,7.630,171.000,250.200,100.000,3.700
2019-02-03 15:00:00,6.300,105.000,160.300,74.000,3.600
2019-02-03 16:00:00,5.870,30.000,83.000,23.000,3.200
2019-02-03 17:00:00,6.320,0.000,0.000,0.000,2.300
2019-02-03 18:00:00,6.770,0.000,0.000,0.000,1.200
2019-02-03 19:00:00,6.410,0.000,0.000,0.000,0.500
2019-02-03 20:00:00,5.900,0.000,0.000,0.000,0.000
2019-02-03 21:00:00,6.010,0.000,0.000,0.000,-0.200
2019-02-03 22:00:00,6.340,0.000,0.000,0.000,-0.500
2019-02-03 23:00:00,6.700,0.000,0.000,0.000,-0.800
2019-02-04 00:00:00,6.530,0.000,0.000,0.000,-1.000
2019-02-04 01:00:00,6.380,0.000,0.000,0.000,-1.100
2019-02-04 02:00:00,6.300,0.000,0.000,0.000,-1.300
2019-02-04 03:00:00,6.310,0.000,0.000,0.000,-1.200
2019-02-04 04:00:00,6.620,0.000,0.000,0.000,-1.200
2019-02-04 05:00:00,6.930,0.000,0.000,0.000,-1.100
2019-02-04 06:00:00,7.440,0.000,0.000,0.000,-0.600
2019-02-04 07:00:00,7.840,0.000,0.000,0.000,-0.400
2019-02-04 08:00:00,8.000,35.000,205.500,19.000,0.400
2019-02-04 09:00:00,8.270,139.000,491.400,49.000,1.400
2019-02-04 10:00:00,6.980,234.000,579.200,73.000,2.800
2019-02-04 11:00:00,7.110,272.000,466.400,114.000,3.700
2019-02-04 12:00:00,7.280,249.000,238.000,163.000,4.200
2019-02-04 13:00:00,6.990,218.000,168.500,160.000,4.500
2019-02-04 14:00:00,7.610,178.000,145.500,136.000,4.500
2019-02-04 15:00:00,8.140,103.000,55.500,92.000,4.200
2019-02-04 16:00:00,8.360,30.000,34.500,27.000,3.900
2019-02-04 17:00:00,8.670,0.000,0.000,0.000,3.600
2019-02-04 18:00:00,8.990,0.000,0.000,0.000,3.600
2019-02-04 19:00:00,9.170,0.000,0.000,0.000,3.600
2019-02-04 20:00:00,9.230,0.000,0.000,0.000,3.500
2019-02-04 21:00:00,9.490,0.000,0.000,0.000,3.500
2019-02-04 22:00:00,8.600,0.000,0.000,0.000,3.600
2019-02-04 23:00:00,8.860,0.000,0.000,0.000,3.600
2019-02-05 00:00:00,9.050,0.000,0.000,0.000,3.600
2019-02-05 01:00:00,9.090,0.000,0.000,0.000,3.400
2019-02-05 02:00:00,8.710,0.000,0.000,0.000,3.100
2019-02-05 03:00:00,8.320,0.000,0.000,0.000,2.800
2019-02-05 04:00:00,7.930,0.000,0.000,0.000,2.700
2019-02-05 05:00:00,7.790,0.000,0.000,0.000,2.700
2019-02-05 06:00:00,7.520,0.000,0.000,0.000,2.700
2019-02-05 07:00:00,6.960,0.000,0.000,0.000,2.600
2019-02-05 08:00:00,6.560,14.000,12.500,13.000,2.800
2019-02-05 09:00:00,6.620,55.000,16.000,52.000,3.100
2019-02-05 10:00:00,6.400,110.000,38.900,99.000,3.400
2019-02-05 11:00:00,6.860,145.000,52.400,127.000,3.700
2019-02-05 12:00:00,6.450,209.000,152.900,153.000,4.100
2019-02-05 13:00:00,6.530,191.000,157.500,136.000,4.200
2019-02-05 14:00:00,6.600,178.000,265.800,100.000,4.400
2019-02-05 15:00:00,6.620,89.000,83.800,72.000,4.300
2019-02-05 16:00:00,5.720,20.000,11.200,19.000,4.000
2019-02-05 17:00:00,5.590,0.000,0.000,0.000,3.800
2019-02-05 18:00:00,5.510,0.000,0.000,0.000,3.600
2019-02-05 19:00:00,5.390,0.000,0.000,0.000,3.500
2019-02-05 20:00:00,5.190,0.000,0.000,0.000,3.300
2019-02-05 21:00:00,4.920,0.000,0.000,0.000,3.100
2019-02-05 22:00:00,4.600,0.000,0.000,0.000,2.500
2019-02-05 23:00:00,4.970,0.000,0.000,0.000,2.200
2019-02-06 00:00:00,5.100,0.000,0.000,0.000,2.000
2019-02-06 01:00:00,5.410,0.000,0.000,0.000,1.900
2019-02-06 02:00:00,5.520,0.000,0.000,0.000,1.700
2019-02-06 03:00:00,6.290,0.000,0.000,0.000,1.500
2019-02-06 04:00:00,6.720,0.000,0.000,0.000,1.600
2019-02-06 05:00:00,7.260,0.000,0.000,0.000,1.300
2019-02-06 06:00:00,7.600,0.000,0.000,0.000,1.600
2019-02-06 07:00:00,7.770,0.000,0.000,0.000,1.600
2019-02-06 08:00:00,7.960,29.000,48.500,25.000,2.100
2019-02-06 09:00:00,7.910,76.000,31.200,70.000,3.000
2019-02-06 10:00:00,7.940,123.000,20.900,117.000,4.300
2019-02-06 11:00:00,7.260,155.000,23.000,147.000,5.400
2019-02-06 12:00:00,6.670,163.000,35.000,150.000,6.200
2019-02-06 13:00:00,6.480,170.000,62.100,148.000,7.000
2019-02-06 14:00:00,7.410,135.000,120.700,99.000,7.100
2019-02-06 15:00:00,7.450,81.000,91.500,62.000,7.300
2019-02-06 16:00:00,7.370,21.000,43.500,17.000,7.200
2019-02-06 17:00:00,7.250,0.000,0.000,0.000,7.100
2019-02-06 18:00:00,6.990,0.000,0.000,0.000,6.900
2019-02-06 19:00:00,7.310,0.000,0.000,0.000,6.700
2019-02-06 20:00:00,7.390,0.000,0.000,0.000,6.300
2019-02-06 21:00:00,7.200,0.000,0.000,0.000,5.800
2019-02-06 22:00:00,6.500,0.000,0.000,0.000,5.700
2019-02-06 23:00:00,7.190,0.000,0.000,0.000,5.400
2019-02-07 00:00:00,7.500,0.000,0.000,0.000,5.100
2019-02-07 01:00:00,8.130,0.000,0.000,0.000,4.900
2019-02-07 02:00:00,8.420,0.000,0.000,0.000,4.800
2019-02-07 03:00:00,8.730,0.000,0.000,0.000,4.500
2019-02-07 04:00:00,8.760,0.000,0.000,0.000,4.500
2019-02-07 05:00:00,9.440,0.000,0.000,0.000,4.500
2019-02-07 06:00:00,9.790,0.000,0.000,0.000,4.400
2019-02-07 07:00:00,9.950,0.000,0.000,0.000,4.200
2019-02-07 08:00:00,10.060,15.000,47.200,11.000,4.100
2019-02-07 09:00:00,10.160,41.000,0.000,41.000,4.400
2019-02-07 10:00:00,8.920,89.000,20.600,83.000,5.500
2019-02-07 11:00:00,9.390,97.000,19.800,90.000,5.800
2019-02-07 12:00:00,10.120,81.000,2.700,80.000,6.400
2019-02-07 13:00:00,8.850,124.000,13.900,119.000,7.300
2019-02-07 14:00:00,8.660,186.000,237.400,114.000,7.900
2019-02-07 15:00:00,9.460,149.000,399.900,64.000,7.600
2019-02-07 16:00:00,9.620,52.000,254.100,28.000,7.100
2019-02-07 17:00:00,10.040,1.000,0.000,1.000,6.800
2019-02-07 18:00:00,10.510,0.000,0.000,0.000,6.500
2019-02-07 19:00:00,10.610,0.000,0.000,0.000,6.200
2019-02-07 20:00:00,10.710,0.000,0.000,0.000,6.000
2019-02-07 21:00:00,10.540,0.000,0.000,0.000,5.900
2019-02-07 22:00:00,10.610,0.000,0.000,0.000,5.800
2019-02-07 23:00:00,9.950,0.000,0.000,0.000,5.400
2019-02-08 00:00:00,9.820,0.000,0.000,0.000,5.300
2019-02-08 01:00:00,9.660,0.000,0.000,0.000,5.600
2019-02-08 02:00:00,9.580,0.000,0.000,0.000,5.800
2019-02-08 03:00:00,9.330,0.000,0.000,0.000,5.900
2019-02-08 04:00:00,9.280,0.000,0.000,0.000,6.000
2019-02-08 05:00:00,9.260,0.000,0.000,0.000,5.900
2019-02-08 06:00:00,9.180,0.000,0.000,0.000,5.800
2019-02-08 07:00:00,9.020,0.000,0.000,0.000,5.600
2019-02-08 08:00:00,9.180,36.000,91.700,28.000,5.700
2019-02-08 09:00:00,9.300,94.000,94.500,75.000,6.100
2019-02-08 10:00:00,8.260,115.000,74.100,93.000,6.700
2019-02-08 11:00:00,8.390,178.000,148.000,125.000,7.300
2019-02-08 12:00:00,9.010,197.000,133.900,146.000,8.000
2019-02-08 13:00:00,11.460,235.000,343.400,110.000,8.800
2019-02-08 14:00:00,10.380,180.000,165.500,129.000,8.800
2019-02-08 15:00:00,9.710,81.000,46.000,71.000,8.300
2019-02-08 16:00:00,10.090,28.000,20.400,26.000,8.000
2019-02-08 17:00:00,10.350,1.000,0.000,1.000,7.900
2019-02-08 18:00:00,10.410,0.000,0.000,0.000,8.000
2019-02-08 19:00:00,10.590,0.000,0.000,0.000,8.000
2019-02-08 20:00:00,10.850,0.000,0.000,0.000,8.100
2019-02-08 21:00:00,11.100,0.000,0.000,0.000,8.200
2019-02-08 22:00:00,10.850,0.000,0.000,0.000,8.100
2019-02-08 23:00:00,11.040,0.000,0.000,0.000,8.100
2019-02-09 00:00:00,11.380,0.000,0.000,0.000,8.100
2019-02-09 01:00:00,11.770,0.000,0.000,0.000,8.000
2019-02-09 02:00:00,11.850,0.000,0.000,0.000,7.600
2019-02-09 03:00:00,11.590,0.000,0.000,0.000,7.200
2019-02-09 04:00:00,11.500,0.000,0.000,0.000,7.000
2019-02-09 05:00:00,11.570,0.000,0.000,0.000,7.100
2019-02-09 06:00:00,11.380,0.000,0.000,0.000,7.100
2019-02-09 07:00:00,11.310,0.000,0.000,0.000,7.400
2019-02-09 08:00:00,12.140,37.000,167.300,22.000,7.600
2019-02-09 09:00:00,12.540,83.000,68.000,69.000,8.300
2019-02-09 10:00:00,10.760,212.000,384.600,96.000,8.900
2019-02-09 11:00:00,10.750,326.000,685.900,77.000,9.600
2019-02-09 12:00:00,14.020,339.000,647.600,89.000,9.900
2019-02-09 13:00:00,15.120,262.000,449.900,96.000,10.000
2019-02-09 14:00:00,13.260,230.000,504.500,72.000,10.300
2019-02-09 15:00:00,13.810,157.000,409.400,66.000,9.400
2019-02-09 16:00:00,13.450,46.000,195.000,26.000,8.500
2019-02-09 17:00:00,12.790,1.000,0.000,1.000,8.000
2019-02-09 18:00:00,12.480,0.000,0.000,0.000,7.800
2019-02-09 19:00:00,11.940,0.000,0.000,0.000,7.900
2019-02-09 20:00:00,11.580,0.000,0.000,0.000,7.800
2019-02-09 21:00:00,11.230,0.000,0.000,0.000,8.100
2019-02-09 22:00:00,10.820,0.000,0.000,0.000,7.700
2019-02-09 23:00:00,10.260,0.000,0.000,0.000,7.400
2019-02-10 00:00:00,9.750,0.000,0.000,0.000,7.600
2019-02-10 01:00:00,9.190,0.000,0.000,0.000,7.600
2019-02-10 02:00:00,9.070,0.000,0.000,0.000,7.200
2019-02-10 03:00:00,8.910,0.000,0.000,0.000,6.700
2019-02-10 04:00:00,8.670,0.000,0.000,0.000,6.400
2019-02-10 05:00:00,8.730,0.000,0.000,0.000,6.300
2019-02-10 06:00:00,8.800,0.000,0.000,0.000,6.100
2019-02-10 07:00:00,9.200,0.000,0.000,0.000,5.900
2019-02-10 08:00:00,8.710,8.000,0.000,8.000,5.400
2019-02-10 09:00:00,8.610,17.000,0.000,17.000,5.600
2019-02-10 10:00:00,9.860,28.000,0.000,28.000,7.100
2019-02-10 11:00:00,11.390,70.000,5.400,68.000,8.000
2019-02-10 12:00:00,11.880,51.000,0.000,51.000,8.700
2019-02-10 13:00:00,12.400,50.000,0.000,50.000,8.800
2019-02-10 14:00:00,10.930,42.000,0.000,42.000,8.700
2019-02-10 15:00:00,10.450,35.000,0.000,35.000,9.000
2019-02-10 16:00:00,11.510,20.000,0.000,20.000,8.900
2019-02-10 17:00:00,11.880,2.000,0.000,2.000,8.000
2019-02-10 18:00:00,11.870,0.000,0.000,0.000,7.600
2019-02-10 19:00:00,11.810,0.000,0.000,0.000,7.200
2019-02-10 20:00:00,11.420,0.000,0.000,0.000,6.300
2019-02-10 21:00:00,10.910,0.000,0.000,0.000,5.000
2019-02-10 22:00:00,13.860,0.000,0.000,0.000,3.500
2019-02-10 23:00:00,13.930,0.000,0.000,0.000,2.900
2019-02-11 00:00:00,12.570,0.000,0.000,0.000,3.600
2019-02-11 01:00:00,11.760,0.000,0.000,0.000,4.700
2019-02-11 02:00:00,10.780,0.000,0.000,0.000,4.700
2019-02-11 03:00:00,10.220,0.000,0.000,0.000,4.800
2019-02-11 04:00:00,10.510,0.000,0.000,0.000,5.100
2019-02-11 05:00:00,11.010,0.000,0.000,0.000,5.300
2019-02-11 06:00:00,11.120,0.000,0.000,0.000,5.200
2019-02-11 07:00:00,11.060,0.000,0.000,0.000,5.200
2019-02-11 08:00:00,11.360,26.000,73.900,19.000,5.200
2019-02-11 09:00:00,11.260,78.000,139.100,48.000,5.600
2019-02-11 10:00:00,10.630,173.000,288.800,83.000,6.100
2019-02-11 11:00:00,10.500,242.000,380.400,100.000,6.400
2019-02-11 12:00:00,10.310,285.000,474.300,97.000,6.600
2019-02-11 13:00:00,10.510,310.000,598.400,83.000,6.600
2019-02-11 14:00:00,10.210,258.000,538.200,84.000,6.300
2019-02-11 15:00:00,10.530,177.000,503.900,60.000,6.300
2019-02-11 16:00:00,10.580,69.000,329.900,32.000,5.600
2019-02-11 17:00:00,11.060,3.000,19.100,2.000,4.900
2019-02-11 18:00:00,10.700,0.000,0.000,0.000,4.500
2019-02-11 19:00:00,10.040,0.000,0.000,0.000,4.200
2019-02-11 20:00:00,9.040,0.000,0.000,0.000,4.000
2019-02-11 21:00:00,8.770,0.000,0.000,0.000,4.000
2019-02-11 22:00:00,9.140,0.000,0.000,0.000,4.000
2019-02-11 23:00:00,9.060,0.000,0.000,0.000,4.100
2019-02-12 00:00:00,8.990,0.000,0.000,0.000,4.000
2019-02-12 01:00:00,9.150,0.000,0.000,0.000,3.900
2019-02-12 02:00:00,9.520,0.000,0.000,0.000,3.600
2019-02-12 03:00:00,9.150,0.000,0.000,0.000,3.400
2019-02-12 04:00:00,8.760,0.000,0.000,0.000,3.300
2019-02-12 05:00:00,8.510,0.000,0.000,0.000,3.200
2019-02-12 06:00:00,8.160,0.000,0.000,0.000,3.000
2019-02-12 07:00:00,8.100,1.000,0.000,1.000,2.800
2019-02-12 08:00:00,7.870,45.000,133.500,32.000,3.000
2019-02-12 09:00:00,7.470,125.000,231.200,74.000,3.600
2019-02-12 10:00:00,7.400,209.000,340.900,101.000,4.700
2019-02-12 11:00:00,7.320,219.000,248.300,125.000,5.200
2019-02-12 12:00:00,7.250,238.000,236.500,143.000,6.000
2019-02-12 13:00:00,7.090,190.000,132.600,139.000,6.400
2019-02-12 14:00:00,6.860,190.000,298.300,92.000,6.500
2019-02-12 15:00:00,5.820,93.000,105.400,68.000,6.500
2019-02-12 16:00:00,6.210,32.000,76.900,23.000,6.200
2019-02-12 17:00:00,6.450,2.000,0.000,2.000,5.700
2019-02-12 18:00:00,6.600,0.000,0.000,0.000,5.300
2019-02-12 19:00:00,7.060,0.000,0.000,0.000,5.200
2019-02-12 20:00:00,7.890,0.000,0.000,0.000,5.200
2019-02-12 21:00:00,8.420,0.000,0.000,0.000,5.100
2019-02-12 22:00:00,8.570,0.000,0.000,0.000,4.900
2019-02-12 23:00:00,9.200,0.000,0.000,0.000,5.000
2019-02-13 00:00:00,9.300,0.000,0.000,0.000,5.000
2019-02-13 01:00:00,9.000,0.000,0.000,0.000,5.300
2019-02-13 02:00:00,8.900,0.000,0.000,0.000,5.600
2019-02-13 03:00:00,8.930,0.000,0.000,0.000,5.800
2019-02-13 04:00:00,8.710,0.000,0.000,0.000,5.800
2019-02-13 05:00:00,8.690,0.000,0.000,0.000,5.700
2019-02-13 06:00:00,8.690,0.000,0.000,0.000,5.800
2019-02-13 07:00:00,8.630,0.000,0.000,0.000,5.800
2019-02-13 08:00:00,8.590,7.000,0.000,7.000,5.800
2019-02-13 09:00:00,8.450,21.000,0.000,21.000,5.800
2019-02-13 10:00:00,7.370,61.000,9.300,58.000,6.100
2019-02-13 11:00:00,7.460,76.000,0.000,76.000,6.500
2019-02-13 12:00:00,7.640,79.000,2.500,78.000,6.800
2019-02-13 13:00:00,7.280,66.000,0.000,66.000,7.100
2019-02-13 14:00:00,7.860,70.000,3.000,69.000,7.400
2019-02-13 15:00:00,7.540,44.000,0.000,44.000,7.600
2019-02-13 16:00:00,7.180,26.000,0.000,26.000,7.700
2019-02-13 17:00:00,7.150,2.000,0.000,2.000,7.500
2019-02-13 18:00:00,7.090,0.000,0.000,0.000,7.500
2019-02-13 19:00:00,7.090,0.000,0.000,0.000,7.400
2019-02-13 20:00:00,6.870,0.000,0.000,0.000,7.200
2019-02-13 21:00:00,6.590,0.000,0.000,0.000,7.100
2019-02-13 22:00:00,5.810,0.000,0.000,0.000,6.700
2019-02-13 23:00:00,5.820,0.000,0.000,0.000,6.300
2019-02-14 00:00:00,5.570,0.000,0.000,0.000,5.800
2019-02-14 01:00:00,5.280,0.000,0.000,0.000,5.200
2019-02-14 02:00:00,5.190,0.000,0.000,0.000,4.800
2019-02-14 03:00:00,5.150,0.000,0.000,0.000,4.400
2019-02-14 04:00:00,5.200,0.000,0.000,0.000,4.100
2019-02-14 05:00:00,5.400,0.000,0.000,0.000,3.700
2019-02-14 06:00:00,5.380,0.000,0.000,0.000,3.400
2019-02-14 07:00:00,4.810,2.000,0.000,2.000,3.100
2019-02-14 08:00:00,4.600,67.000,318.900,33.000,3.700
2019-02-14 09:00:00,4.600,181.000,510.900,63.000,5.300
2019-02-14 10:00:00,3.820,289.000,653.700,75.000,7.000
2019-02-14 11:00:00,4.240,355.000,678.200,91.000,8.500
2019-02-14 12:00:00,4.580,390.000,754.100,79.000,10.100
2019-02-14 13:00:00,4.740,370.000,736.300,79.000,11.400
2019-02-14 14:00:00,4.120,305.000,687.400,72.000,12.200
2019-02-14 15:00:00,3.980,204.000,586.000,59.000,12.200
2019-02-14 16:00:00,4.650,87.000,402.000,36.000,11.100
2019-02-14 17:00:00,5.060,6.000,38.200,4.000,8.200
2019-02-14 18:00:00,5.290,0.000,0.000,0.000,6.300
2019-02-14 19:00:00,5.260,0.000,0.000,0.000,4.800
2019-02-14 20:00:00,5.240,0.000,0.000,0.000,4.200
2019-02-14 21:00:00,4.880,0.000,0.000,0.000,3.600
2019-02-14 22:00:00,4.430,0.000,0.000,0.000,2.800
2019-02-14 23:00:00,4.270,0.000,0.000,0.000,2.000
2019-02-15 00:00:00,4.280,0.000,0.000,0.000,1.400
2019-02-15 01:00:00,4.480,0.000,0.000,0.000,1.000
2019-02-15 02:00:00,4.460,0.000,0.000,0.000,0.400
2019-02-15 03:00:00,4.890,0.000,0.000,0.000,0.500
2019-02-15 04:00:00,5.370,0.000,0.000,0.000,0.400
2019-02-15 05:00:00,5.500,0.000,0.000,0.000,0.200
2019-02-15 06:00:00,5.320,0.000,0.000,0.000,0.200
2019-02-15 07:00:00,5.370,3.000,19.100,2.000,0.100
2019-02-15 08:00:00,5.420,74.000,384.800,31.000,1.800
2019-02-15 09:00:00,4.900,194.000,579.900,57.000,5.100
2019-02-15 10:00:00,3.520,300.000,688.200,71.000,8.500
2019-02-15 11:00:00,2.900,372.000,739.800,80.000,11.300
2019-02-15 12:00:00,3.110,398.000,756.300,82.000,13.300
2019-02-15 13:00:00,3.210,377.000,743.800,79.000,14.700
2019-02-15 14:00:00,3.420,312.000,694.200,73.000,15.400
2019-02-15 15:00:00,4.240,210.000,593.900,60.000,15.400
2019-02-15 16:00:00,5.420,91.000,409.700,37.000,14.300
2019-02-15 17:00:00,6.400,7.000,38.200,5.000,11.200
2019-02-15 18:00:00,7.020,0.000,0.000,0.000,9.100
2019-02-15 19:00:00,7.370,0.000,0.000,0.000,8.100
2019-02-15 20:00:00,7.610,0.000,0.000,0.000,7.400
2019-02-15 21:00:00,7.830,0.000,0.000,0.000,7.000
2019-02-15 22:00:00,7.960,0.000,0.000,0.000,6.600
2019-02-15 23:00:00,8.100,0.000,0.000,0.000,6.100
2019-02-16 00:00:00,8.250,0.000,0.000,0.000,5.700
2019-02-16 01:00:00,8.290,0.000,0.000,0.000,5.200
2019-02-16 02:00:00,8.230,0.000,0.000,0.000,4.400
2019-02-16 03:00:00,8.140,0.000,0.000,0.000,4.300
2019-02-16 04:00:00,8.050,0.000,0.000,0.000,4.200
2019-02-16 05:00:00,8.360,0.000,0.000,0.000,4.100
2019-02-16 06:00:00,8.340,0.000,0.000,0.000,4.100
2019-02-16 07:00:00,8.150,4.000,19.100,3.000,4.000
2019-02-16 08:00:00,7.930,80.000,401.800,33.000,5.800
2019-02-16 09:00:00,7.600,202.000,591.800,59.000,8.400
2019-02-16 10:00:00,5.810,309.000,697.700,73.000,10.900
2019-02-16 11:00:00,5.380,381.000,752.100,80.000,12.700
2019-02-16 12:00:00,5.360,408.000,770.000,82.000,14.100
2019-02-16 13:00:00,5.220,388.000,756.000,81.000,15.100
2019-02-16 14:00:00,4.970,323.000,712.200,74.000,15.600
2019-02-16 15:00:00,5.530,219.000,613.000,61.000,15.300
2019-02-16 16:00:00,6.120,97.000,424.000,39.000,13.600
2019-02-16 17:00:00,6.880,8.000,57.300,5.000,10.900
2019-02-16 18:00:00,7.100,0.000,0.000,0.000,9.000
2019-02-16 19:00:00,6.810,0.000,0.000,0.000,7.900
2019-02-16 20:00:00,6.440,0.000,0.000,0.000,6.400
2019-02-16 21:00:00,6.220,0.000,0.000,0.000,5.400
2019-02-16 22:00:00,5.920,0.000,0.000,0.000,4.900
2019-02-16 23:00:00,5.780,0.000,0.000,0.000,4.400
2019-02-17 00:00:00,5.610,0.000,0.000,0.000,3.800
2019-02-17 01:00:00,5.380,0.000,0.000,0.000,3.400
2019-02-17 02:00:00,5.040,0.000,0.000,0.000,2.800
2019-02-17 03:00:00,4.740,0.000,0.000,0.000,2.300
2019-02-17 04:00:00,4.480,0.000,0.000,0.000,2.200
2019-02-17 05:00:00,4.390,0.000,0.000,0.000,1.900
2019-02-17 06:00:00,4.710,0.000,0.000,0.000,2.000
2019-02-17 07:00:00,5.560,4.000,19.100,3.000,1.700
2019-02-17 08:00:00,5.910,73.000,212.700,47.000,3.100
2019-02-17 09:00:00,5.600,192.000,465.500,77.000,5.900
2019-02-17 10:00:00,4.340,301.000,616.700,89.000,8.800
2019-02-17 11:00:00,3.900,372.000,675.200,98.000,11.400
2019-02-17 12:00:00,3.900,399.000,697.100,100.000,13.100
2019-02-17 13:00:00,3.800,382.000,699.700,94.000,14.200
2019-02-17 14:00:00,3.810,315.000,636.700,89.000,14.800
2019-02-17 15:00:00,4.330,204.000,483.000,77.000,14.600
2019-02-17 16:00:00,5.220,93.000,310.300,49.000,13.200
2019-02-17 17:00:00,6.110,9.000,38.200,7.000,11.000
2019-02-17 18:00:00,6.550,0.000,0.000,0.000,9.500
2019-02-17 19:00:00,6.830,0.000,0.000,0.000,8.300
2019-02-17 20:00:00,7.000,0.000,0.000,0.000,7.300
2019-02-17 21:00:00,7.160,0.000,0.000,0.000,6.600
2019-02-17 22:00:00,7.210,0.000,0.000,0.000,5.900
2019-02-17 23:00:00,6.950,0.000,0.000,0.000,5.200
2019-02-18 00:00:00,6.660,0.000,0.000,0.000,4.800
2019-02-18 01:00:00,6.650,0.000,0.000,0.000,4.400
2019-02-18 02:00:00,6.510,0.000,0.000,0.000,4.000
2019-02-18 03:00:00,6.230,0.000,0.000,0.000,3.300
2019-02-18 04:00:00,6.160,0.000,0.000,0.000,2.800
2019-02-18 05:00:00,6.010,0.000,0.000,0.000,2.500
2019-02-18 06:00:00,5.730,0.000,0.000,0.000,2.300
2019-02-18 07:00:00,5.610,5.000,38.200,3.000,2.000
2019-02-18 08:00:00,5.580,87.000,407.400,35.000,3.700
2019-02-18 09:00:00,5.060,210.000,590.000,61.000,7.200
2019-02-18 10:00:00,3.520,317.000,695.600,74.000,10.200
2019-02-18 11:00:00,3.240,390.000,748.700,82.000,12.400
2019-02-18 12:00:00,3.410,418.000,768.700,84.000,14.100
2019-02-18 13:00:00,3.510,398.000,757.600,82.000,15.300
2019-02-18 14:00:00,3.610,332.000,713.200,75.000,15.700
2019-02-18 15:00:00,4.220,228.000,615.300,63.000,15.500
2019-02-18 16:00:00,5.260,105.000,442.700,40.000,14.100
2019-02-18 17:00:00,6.300,11.000,73.600,7.000,11.400
2019-02-18 18:00:00,7.010,0.000,0.000,0.000,9.300
2019-02-18 19:00:00,7.750,0.000,0.000,0.000,8.500
2019-02-18 20:00:00,8.320,0.000,0.000,0.000,7.800
2019-02-18 21:00:00,8.180,0.000,0.000,0.000,7.100
2019-02-18 22:00:00,8.490,0.000,0.000,0.000,6.400
2019-02-18 23:00:00,8.460,0.000,0.000,0.000,6.100
2019-02-19 00:00:00,8.320,0.000,0.000,0.000,6.500
2019-02-19 01:00:00,8.270,0.000,0.000,0.000,6.400
2019-02-19 02:00:00,8.350,0.000,0.000,0.000,6.300
2019-02-19 03:00:00,8.740,0.000,0.000,0.000,6.500
2019-02-19 04:00:00,8.590,0.000,0.000,0.000,6.700
2019-02-19 05:00:00,8.130,0.000,0.000,0.000,6.600
2019-02-19 06:00:00,7.580,0.000,0.000,0.000,6.700
2019-02-19 07:00:00,7.700,4.000,0.000,4.000,6.600
2019-02-19 08:00:00,7.820,33.000,0.000,33.000,6.600
2019-02-19 09:00:00,8.320,99.000,7.700,97.000,7.400
2019-02-19 10:00:00,9.650,193.000,93.000,160.000,8.000
2019-02-19 11:00:00,10.090,280.000,268.600,168.000,8.800
2019-02-19 12:00:00,10.810,307.000,363.500,147.000,9.400
2019-02-19 13:00:00,9.670,224.000,153.800,159.000,9.700
2019-02-19 14:00:00,9.810,129.000,71.100,103.000,9.600
2019-02-19 15:00:00,9.610,89.000,73.200,69.000,9.100
2019-02-19 16:00:00,9.180,48.000,105.300,32.000,8.600
2019-02-19 17:00:00,9.240,6.000,17.600,5.000,8.300
2019-02-19 18:00:00,9.110,0.000,0.000,0.000,7.700
2019-02-19 19:00:00,8.500,0.000,0.000,0.000,7.300
2019-02-19 20:00:00,8.200,0.000,0.000,0.000,7.200
2019-02-19 21:00:00,8.110,0.000,0.000,0.000,7.300
2019-02-19 22:00:00,8.060,0.000,0.000,0.000,6.600
2019-02-19 23:00:00,7.890,0.000,0.000,0.000,6.600
2019-02-20 00:00:00,7.500,0.000,0.000,0.000,6.400
2019-02-20 01:00:00,7.840,0.000,0.000,0.000,6.000
2019-02-20 02:00:00,8.160,0.000,0.000,0.000,5.800
2019-02-20 03:00:00,7.870,0.000,0.000,0.000,5.700
2019-02-20 04:00:00,7.640,0.000,0.000,0.000,5.700
2019-02-20 05:00:00,7.350,0.000,0.000,0.000,5.800
2019-02-20 06:00:00,6.990,0.000,0.000,0.000,5.800
2019-02-20 07:00:00,6.800,4.000,0.000,4.000,5.700
2019-02-20 08:00:00,6.620,40.000,0.000,40.000,6.000
2019-02-20 09:00:00,6.260,107.000,26.500,100.000,6.600
2019-02-20 10:00:00,5.500,162.000,33.300,150.000,7.400
2019-02-20 11:00:00,5.690,246.000,141.900,186.000,8.300
2019-02-20 12:00:00,5.820,225.000,123.400,170.000,9.000
2019-02-20 13:00:00,5.920,228.000,116.800,178.000,9.600
2019-02-20 14:00:00,6.290,280.000,374.500,141.000,10.000
2019-02-20 15:00:00,6.230,168.000,157.900,124.000,9.900
2019-02-20 16:00:00,6.020,76.000,70.100,65.000,9.500
2019-02-20 17:00:00,6.130,10.000,16.800,9.000,9.000
2019-02-20 18:00:00,6.220,0.000,0.000,0.000,8.200
2019-02-20 19:00:00,6.220,0.000,0.000,0.000,8.300
2019-02-20 20:00:00,6.260,0.000,0.000,0.000,8.300
2019-02-20 21:00:00,6.410,0.000,0.000,0.000,7.600
2019-02-20 22:00:00,6.660,0.000,0.000,0.000,7.600
2019-02-20 23:00:00,6.800,0.000,0.000,0.000,7.500
2019-02-21 00:00:00,7.070,0.000,0.000,0.000,7.600
2019-02-21 01:00:00,6.890,0.000,0.000,0.000,7.400
2019-02-21 02:00:00,6.720,0.000,0.000,0.000,7.300
2019-02-21 03:00:00,7.120,0.000,0.000,0.000,7.300
2019-02-21 04:00:00,7.120,0.000,0.000,0.000,7.100
2019-02-21 05:00:00,7.210,0.000,0.000,0.000,7.000
2019-02-21 06:00:00,7.350,0.000,0.000,0.000,7.200
2019-02-21 07:00:00,7.580,5.000,19.100,4.000,7.200
2019-02-21 08:00:00,7.260,82.000,291.500,40.000,7.500
2019-02-21 09:00:00,6.860,197.000,475.200,69.000,8.700
2019-02-21 10:00:00,7.350,270.000,491.300,90.000,9.400
2019-02-21 11:00:00,8.150,256.000,238.100,154.000,10.100
2019-02-21 12:00:00,8.600,233.000,106.300,185.000,10.500
2019-02-21 13:00:00,8.920,203.000,147.600,139.000,10.900
2019-02-21 14:00:00,8.810,168.000,193.800,95.000,11.100
2019-02-21 15:00:00,8.800,39.000,3.500,38.000,10.600
2019-02-21 16:00:00,7.800,16.000,0.000,16.000,10.200
2019-02-21 17:00:00,7.700,2.000,0.000,2.000,9.900
2019-02-21 18:00:00,7.820,0.000,0.000,0.000,9.700
2019-02-21 19:00:00,7.920,0.000,0.000,0.000,9.500
2019-02-21 20:00:00,7.830,0.000,0.000,0.000,9.400
2019-02-21 21:00:00,7.880,0.000,0.000,0.000,9.300
2019-02-21 22:00:00,7.080,0.000,0.000,0.000,9.200
2019-02-21 23:00:00,6.940,0.000,0.000,0.000,9.100
2019-02-22 00:00:00,6.770,0.000,0.000,0.000,8.900
2019-02-22 01:00:00,6.950,0.000,0.000,0.000,8.900
2019-02-22 02:00:00,6.510,0.000,0.000,0.000,8.700
2019-02-22 03:00:00,6.080,0.000,0.000,0.000,8.400
2019-02-22 04:00:00,5.410,0.000,0.000,0.000,8.100
2019-02-22 05:00:00,4.610,0.000,0.000,0.000,8.000
2019-02-22 06:00:00,4.410,0.000,0.000,0.000,7.800
2019-02-22 07:00:00,4.150,2.000,0.000,2.000,7.600
2019-02-22 08:00:00,4.290,25.000,0.000,25.000,7.500
2019-02-22 09:00:00,5.480,52.000,3.600,51.000,7.300
2019-02-22 10:00:00,5.290,79.000,2.700,78.000,6.600
2019-02-22 11:00:00,5.250,113.000,11.500,108.000,5.800
2019-02-22 12:00:00,5.120,160.000,67.800,129.000,5.600
2019-02-22 13:00:00,4.830,191.000,134.300,132.000,5.700
2019-02-22 14:00:00,4.800,192.000,185.900,121.000,6.000
2019-02-22 15:00:00,4.640,142.000,193.700,86.000,5.900
2019-02-22 16:00:00,4.260,74.000,149.700,49.000,5.400
2019-02-22 17:00:00,4.960,10.000,46.500,7.000,4.600
2019-02-22 18:00:00,5.630,0.000,0.000,0.000,3.900
2019-02-22 19:00:00,5.350,0.000,0.000,0.000,3.100
2019-02-22 20:00:00,5.660,0.000,0.000,0.000,2.100
2019-02-22 21:00:00,6.360,0.000,0.000,0.000,1.800
2019-02-22 22:00:00,6.520,0.000,0.000,0.000,1.400
2019-02-22 23:00:00,5.960,0.000,0.000,0.000,0.800
2019-02-23 00:00:00,5.770,0.000,0.000,0.000,0.500
2019-02-23 01:00:00,5.820,0.000,0.000,0.000,0.100
2019-02-23 02:00:00,6.110,0.000,0.000,0.000,-0.100
2019-02-23 03:00:00,5.880,0.000,0.000,0.000,-0.400
2019-02-23 04:00:00,5.270,0.000,0.000,0.000,-1.100
2019-02-23 05:00:00,4.920,0.000,0.000,0.000,-1.400
2019-02-23 06:00:00,4.760,0.000,0.000,0.000,-1.500
2019-02-23 07:00:00,5.380,12.000,69.100,8.000,-1.500
2019-02-23 08:00:00,5.230,108.000,412.100,44.000,-0.500
2019-02-23 09:00:00,4.280,235.000,594.800,68.000,1.000
2019-02-23 10:00:00,3.560,343.000,693.400,81.000,2.700
2019-02-23 11:00:00,3.970,412.000,734.200,89.000,4.400
2019-02-23 12:00:00,3.470,430.000,698.000,107.000,5.900
2019-02-23 13:00:00,3.410,394.000,624.900,116.000,7.100
2019-02-23 14:00:00,3.940,315.000,498.100,122.000,7.700
2019-02-23 15:00:00,4.190,199.000,292.100,113.000,7.800
2019-02-23 16:00:00,4.920,104.000,215.000,67.000,7.400
2019-02-23 17:00:00,5.950,18.000,74.500,13.000,6.200
2019-02-23 18:00:00,5.920,0.000,0.000,0.000,4.800
2019-02-23 19:00:00,5.100,0.000,0.000,0.000,3.700
2019-02-23 20:00:00,4.270,0.000,0.000,0.000,2.400
2019-02-23 21:00:00,3.930,0.000,0.000,0.000,1.800
2019-02-23 22:00:00,4.020,0.000,0.000,0.000,1.200
2019-02-23 23:00:00,4.650,0.000,0.000,0.000,0.900
2019-02-24 00:00:00,5.360,0.000,0.000,0.000,0.500
2019-02-24 01:00:00,5.520,0.000,0.000,0.000,0.400
2019-02-24 02:00:00,5.410,0.000,0.000,0.000,0.200
2019-02-24 03:00:00,4.940,0.000,0.000,0.000,-0.400
2019-02-24 04:00:00,4.140,0.000,0.000,0.000,-0.900
2019-02-24 05:00:00,4.180,0.000,0.000,0.000,-0.800
2019-02-24 06:00:00,4.340,0.000,0.000,0.000,-1.200
2019-02-24 07:00:00,4.590,14.000,98.800,8.000,-0.700
2019-02-24 08:00:00,4.550,112.000,428.700,43.000,1.900
2019-02-24 09:00:00,3.280,239.000,600.400,67.000,4.400
2019-02-24 10:00:00,1.910,347.000,698.600,79.000,7.300
2019-02-24 11:00:00,1.390,419.000,747.200,86.000,9.600
2019-02-24 12:00:00,0.640,446.000,762.100,89.000,11.600
2019-02-24 13:00:00,0.600,425.000,750.400,87.000,13.100
2019-02-24 14:00:00,1.140,358.000,705.100,81.000,13.800
2019-02-24 15:00:00,1.600,254.000,617.400,69.000,14.000
2019-02-24 16:00:00,1.920,128.000,457.200,47.000,13.200
2019-02-24 17:00:00,1.840,21.000,143.500,11.000,11.600
2019-02-24 18:00:00,2.190,0.000,0.000,0.000,9.400
2019-02-24 19:00:00,2.260,0.000,0.000,0.000,7.900
2019-02-24 20:00:00,1.580,0.000,0.000,0.000,5.700
2019-02-24 21:00:00,1.490,0.000,0.000,0.000,4.300
2019-02-24 22:00:00,2.280,0.000,0.000,0.000,5.200
2019-02-24 23:00:00,2.200,0.000,0.000,0.000,3.400
2019-02-25 00:00:00,2.600,0.000,0.000,0.000,1.800
2019-02-25 01:00:00,2.850,0.000,0.000,0.000,1.400
2019-02-25 02:00:00,2.890,0.000,0.000,0.000,0.300
2019-02-25 03:00:00,2.960,0.000,0.000,0.000,0.100
2019-02-25 04:00:00,3.100,0.000,0.000,0.000,-0.300
2019-02-25 05:00:00,3.540,0.000,0.000,0.000,-0.800
2019-02-25 06:00:00,3.420,0.000,0.000,0.000,-1.000
2019-02-25 07:00:00,3.210,16.000,110.000,9.000,-0.900
2019-02-25 08:00:00,2.930,122.000,450.100,47.000,1.900
2019-02-25 09:00:00,2.280,252.000,629.600,68.000,5.400
2019-02-25 10:00:00,1.750,365.000,729.400,81.000,8.700
2019-02-25 11:00:00,1.520,438.000,773.100,89.000,11.000
2019-02-25 12:00:00,1.580,464.000,782.500,93.000,13.000
2019-02-25 13:00:00,1.500,441.000,767.500,91.000,14.300
2019-02-25 14:00:00,1.920,372.000,728.200,82.000,15.200
2019-02-25 15:00:00,2.860,265.000,639.600,70.000,15.300
2019-02-25 16:00:00,4.050,136.000,477.500,49.000,14.100
2019-02-25 17:00:00,4.550,24.000,166.100,12.000,10.800
2019-02-25 18:00:00,4.920,0.000,0.000,0.000,8.200
2019-02-25 19:00:00,5.250,0.000,0.000,0.000,6.500
2019-02-25 20:00:00,5.240,0.000,0.000,0.000,5.000
2019-02-25 21:00:00,5.140,0.000,0.000,0.000,3.900
2019-02-25 22:00:00,5.350,0.000,0.000,0.000,2.200
2019-02-25 23:00:00,5.460,0.000,0.000,0.000,1.700
2019-02-26 00:00:00,5.310,0.000,0.000,0.000,1.300
2019-02-26 01:00:00,5.280,0.000,0.000,0.000,1.000
2019-02-26 02:00:00,5.110,0.000,0.000,0.000,0.700
2019-02-26 03:00:00,4.550,0.000,0.000,0.000,0.500
2019-02-26 04:00:00,4.300,0.000,0.000,0.000,-0.100
2019-02-26 05:00:00,4.100,0.000,0.000,0.000,-0.200
2019-02-26 06:00:00,4.170,0.000,0.000,0.000,-0.800
2019-02-26 07:00:00,3.940,19.000,135.300,10.000,-0.600
2019-02-26 08:00:00,3.900,128.000,475.900,46.000,2.000
2019-02-26 09:00:00,3.450,260.000,637.600,70.000,5.300
2019-02-26 10:00:00,2.500,371.000,731.400,82.000,8.500
2019-02-26 11:00:00,2.510,445.000,780.900,88.000,11.100
2019-02-26 12:00:00,2.690,472.000,794.100,91.000,13.100
2019-02-26 13:00:00,2.730,450.000,782.100,89.000,14.600
2019-02-26 14:00:00,2.770,381.000,738.200,83.000,15.200
2019-02-26 15:00:00,3.230,273.000,651.400,71.000,15.300
2019-02-26 16:00:00,4.200,141.000,480.700,51.000,14.500
2019-02-26 17:00:00,4.180,26.000,160.400,14.000,10.500
2019-02-26 18:00:00,3.720,0.000,0.000,0.000,6.700
2019-02-26 19:00:00,2.830,0.000,0.000,0.000,4.600
2019-02-26 20:00:00,1.900,0.000,0.000,0.000,3.500
2019-02-26 21:00:00,1.770,0.000,0.000,0.000,3.000
2019-02-26 22:00:00,1.970,0.000,0.000,0.000,1.500
2019-02-26 23:00:00,1.810,0.000,0.000,0.000,0.500
2019-02-27 00:00:00,2.200,0.000,0.000,0.000,0.100
2019-02-27 01:00:00,2.520,0.000,0.000,0.000,-0.300
2019-02-27 02:00:00,2.260,0.000,0.000,0.000,-0.600
2019-02-27 03:00:00,2.250,0.000,0.000,0.000,-1.100
2019-02-27 04:00:00,2.620,0.000,0.000,0.000,-1.200
2019-02-27 05:00:00,3.220,0.000,0.000,0.000,-0.900
2019-02-27 06:00:00,3.890,0.000,0.000,0.000,-1.000
2019-02-27 07:00:00,4.610,21.000,144.000,11.000,-0.000
2019-02-27 08:00:00,4.630,133.000,483.100,47.000,3.200
2019-02-27 09:00:00,4.380,266.000,645.200,70.000,6.800
2019-02-27 10:00:00,3.470,378.000,735.800,83.000,10.500
2019-02-27 11:00:00,3.220,451.000,782.000,89.000,13.400
2019-02-27 12:00:00,2.780,478.000,795.100,92.000,15.500
2019-02-27 13:00:00,2.550,455.000,783.600,89.000,17.100
2019-02-27 14:00:00,2.470,386.000,738.300,84.000,17.800
2019-02-27 15:00:00,3.380,277.000,653.400,71.000,17.900
2019-02-27 16:00:00,4.840,147.000,499.400,51.000,16.900
2019-02-27 17:00:00,6.250,29.000,193.900,14.000,14.000
2019-02-27 18:00:00,7.090,0.000,0.000,0.000,11.000
2019-02-27 19:00:00,7.730,0.000,0.000,0.000,9.300
2019-02-27 20:00:00,8.040,0.000,0.000,0.000,8.900
2019-02-27 21:00:00,8.150,0.000,0.000,0.000,8.100
2019-02-27 22:00:00,8.830,0.000,0.000,0.000,7.400
2019-02-27 23:00:00,8.510,0.000,0.000,0.000,7.200
2019-02-28 00:00:00,8.410,0.000,0.000,0.000,6.900
2019-02-28 01:00:00,8.650,0.000,0.000,0.000,6.500
2019-02-28 02:00:00,8.740,0.000,0.000,0.000,6.200
2019-02-28 03:00:00,8.570,0.000,0.000,0.000,5.800
2019-02-28 04:00:00,8.560,0.000,0.000,0.000,5.500
2019-02-28 05:00:00,8.210,0.000,0.000,0.000,5.200
2019-02-28 06:00:00,8.410,0.000,0.000,0.000,4.600
2019-02-28 07:00:00,8.800,23.000,152.000,12.000,4.700
2019-02-28 08:00:00,8.400,135.000,468.100,49.000,6.100
2019-02-28 09:00:00,6.730,260.000,604.200,73.000,7.300
2019-02-28 10:00:00,6.040,370.000,683.600,92.000,8.500
2019-02-28 11:00:00,6.170,438.000,712.700,104.000,9.600
2019-02-28 12:00:00,5.640,454.000,676.000,122.000,10.200
2019-02-28 13:00:00,5.610,394.000,497.300,159.000,10.600
2019-02-28 14:00:00,6.120,246.000,149.600,184.000,10.500
2019-02-28 15:00:00,5.950,159.000,59.300,140.000,10.400
2019-02-28 16:00:00,6.040,62.000,25.400,57.000,9.800
2019-02-28 17:00:00,6.330,16.000,12.500,15.000,9.100
2019-02-28 18:00:00,5.890,0.000,0.000,0.000,7.900
2019-02-28 19:00:00,4.920,0.000,0.000,0.000,7.600
2019-02-28 20:00:00,4.050,0.000,0.000,0.000,7.600
2019-02-28 21:00:00,3.950,0.000,0.000,0.000,7.900
2019-02-28 22:00:00,4.100,0.000,0.000,0.000,7.400
2019-02-28 23:00:00,5.140,0.000,0.000,0.000,7.800
2019-03-01 00:00:00,5.440,0.000,0.000,0.000,7.900
2019-03-01 01:00:00,6.010,0.000,0.000,0.000,8.100
2019-03-01 02:00:00,5.690,0.000,0.000,0.000,8.000
2019-03-01 03:00:00,4.930,0.000,0.000,0.000,8.100
2019-03-01 04:00:00,4.570,0.000,0.000,0.000,8.200
2019-03-01 05:00:00,4.610,0.000,0.000,0.000,8.000
2019-03-01 06:00:00,4.800,0.000,0.000,0.000,7.800
2019-03-01 07:00:00,4.820,7.000,0.000,7.000,7.700
2019-03-01 08:00:00,4.740,32.000,0.000,32.000,7.700
2019-03-01 09:00:00,5.400,51.000,9.500,48.000,7.300
2019-03-01 10:00:00,4.610,68.000,2.400,67.000,7.000
2019-03-01 11:00:00,4.880,134.000,80.100,96.000,6.800
2019-03-01 12:00:00,5.470,175.000,94.600,128.000,6.500
2019-03-01 13:00:00,6.290,296.000,328.400,139.000,6.600
2019-03-01 14:00:00,6.370,279.000,381.200,119.000,6.500
2019-03-01 15:00:00,6.100,246.000,476.000,91.000,6.600
2019-03-01 16:00:00,5.690,133.000,331.300,66.000,6.200
2019-03-01 17:00:00,5.220,29.000,157.700,16.000,5.600
2019-03-01 18:00:00,5.250,0.000,0.000,0.000,5.300
2019-03-01 19:00:00,5.280,0.000,0.000,0.000,5.400
2019-03-01 20:00:00,4.870,0.000,0.000,0.000,5.100
2019-03-01 21:00:00,4.940,0.000,0.000,0.000,4.900
2019-03-01 22:00:00,5.430,0.000,0.000,0.000,4.600
2019-03-01 23:00:00,5.700,0.000,0.000,0.000,4.400
2019-03-02 00:00:00,5.700,0.000,0.000,0.000,4.400
2019-03-02 01:00:00,5.510,0.000,0.000,0.000,4.200
2019-03-02 02:00:00,5.210,0.000,0.000,0.000,4.300
2019-03-02 03:00:00,5.260,0.000,0.000,0.000,4.300
2019-03-02 04:00:00,5.120,0.000,0.000,0.000,4.100
2019-03-02 05:00:00,4.900,0.000,0.000,0.000,4.100
2019-03-02 06:00:00,5.020,0.000,0.000,0.000,4.200
2019-03-02 07:00:00,4.880,14.000,51.100,10.000,4.200
2019-03-02 08:00:00,4.270,59.000,87.000,42.000,4.300
2019-03-02 09:00:00,3.640,101.000,99.600,69.000,4.600
2019-03-02 10:00:00,4.900,136.000,102.800,93.000,5.000
2019-03-02 11:00:00,4.850,171.000,112.500,117.000,5.700
2019-03-02 12:00:00,5.240,210.000,79.600,170.000,6.600
2019-03-02 13:00:00,4.750,204.000,66.200,172.000,7.300
2019-03-02 14:00:00,4.590,160.000,54.100,137.000,7.700
2019-03-02 15:00:00,4.200,97.000,15.100,92.000,7.900
2019-03-02 16:00:00,4.470,67.000,33.800,60.000,7.800
2019-03-02 17:00:00,5.370,19.000,11.800,18.000,7.100
2019-03-02 18:00:00,6.410,0.000,0.000,0.000,6.800
2019-03-02 19:00:00,6.760,0.000,0.000,0.000,6.600
2019-03-02 20:00:00,6.480,0.000,0.000,0.000,6.700
2019-03-02 21:00:00,7.340,0.000,0.000,0.000,7.300
2019-03-02 22:00:00,7.560,0.000,0.000,0.000,7.800
2019-03-02 23:00:00,8.210,0.000,0.000,0.000,8.300
2019-03-03 00:00:00,9.300,0.000,0.000,0.000,8.800
2019-03-03 01:00:00,9.670,0.000,0.000,0.000,9.100
2019-03-03 02:00:00,10.040,0.000,0.000,0.000,9.000
2019-03-03 03:00:00,10.480,0.000,0.000,0.000,9.400
2019-03-03 04:00:00,10.670,0.000,0.000,0.000,9.700
2019-03-03 05:00:00,10.620,0.000,0.000,0.000,9.900
2019-03-03 06:00:00,11.000,0.000,0.000,0.000,9.700
2019-03-03 07:00:00,11.460,10.000,12.300,9.000,9.600
2019-03-03 08:00:00,11.310,23.000,0.000,23.000,9.400
2019-03-03 09:00:00,11.130,32.000,0.000,32.000,9.500
2019-03-03 10:00:00,10.020,46.000,0.000,46.000,10.000
2019-03-03 11:00:00,10.140,41.000,0.000,41.000,10.100
2019-03-03 12:00:00,10.140,34.000,0.000,34.000,10.200
2019-03-03 13:00:00,10.470,38.000,0.000,38.000,10.500
2019-03-03 14:00:00,11.250,36.000,0.000,36.000,10.700
2019-03-03 15:00:00,11.490,23.000,0.000,23.000,10.700
2019-03-03 16:00:00,11.110,14.000,0.000,14.000,10.600
2019-03-03 17:00:00,11.380,5.000,0.000,5.000,10.600
2019-03-03 18:00:00,11.600,0.000,0.000,0.000,10.700
2019-03-03 19:00:00,11.390,0.000,0.000,0.000,10.800
2019-03-03 20:00:00,11.530,0.000,0.000,0.000,11.100
2019-03-03 21:00:00,11.040,0.000,0.000,0.000,11.100
2019-03-03 22:00:00,11.260,0.000,0.000,0.000,11.000
2019-03-03 23:00:00,11.560,0.000,0.000,0.000,10.900
2019-03-04 00:00:00,11.130,0.000,0.000,0.000,11.400
2019-03-04 01:00:00,11.830,0.000,0.000,0.000,11.500
2019-03-04 02:00:00,11.100,0.000,0.000,0.000,11.500
2019-03-04 03:00:00,10.470,0.000,0.000,0.000,11.800
2019-03-04 04:00:00,11.450,0.000,0.000,0.000,12.200
2019-03-04 05:00:00,11.700,0.000,0.000,0.000,11.500
2019-03-04 06:00:00,11.720,0.000,0.000,0.000,11.900
2019-03-04 07:00:00,12.250,26.000,47.400,22.000,12.400
2019-03-04 08:00:00,13.550,91.000,91.700,72.000,12.600
2019-03-04 09:00:00,16.310,198.000,192.100,134.000,10.800
2019-03-04 10:00:00,12.570,213.000,141.800,152.000,9.200
2019-03-04 11:00:00,15.200,400.000,565.100,122.000,10.400
2019-03-04 12:00:00,15.040,357.000,414.400,144.000,10.200
2019-03-04 13:00:00,14.510,269.000,250.600,145.000,8.800
2019-03-04 14:00:00,13.280,190.000,142.200,128.000,8.300
2019-03-04 15:00:00,12.590,166.000,190.500,101.000,7.500
2019-03-04 16:00:00,13.310,114.000,179.500,75.000,7.400
2019-03-04 17:00:00,13.370,29.000,33.300,26.000,7.300
2019-03-04 18:00:00,13.870,0.000,0.000,0.000,7.500
2019-03-04 19:00:00,14.120,0.000,0.000,0.000,7.500
2019-03-04 20:00:00,13.920,0.000,0.000,0.000,7.200
2019-03-04 21:00:00,12.940,0.000,0.000,0.000,6.900
2019-03-04 22:00:00,13.000,0.000,0.000,0.000,6.800
2019-03-04 23:00:00,12.420,0.000,0.000,0.000,6.800
2019-03-05 00:00:00,11.580,0.000,0.000,0.000,6.500
2019-03-05 01:00:00,11.990,0.000,0.000,0.000,6.100
2019-03-05 02:00:00,12.820,0.000,0.000,0.000,6.300
2019-03-05 03:00:00,12.870,0.000,0.000,0.000,6.100
2019-03-05 04:00:00,11.730,0.000,0.000,0.000,5.900
2019-03-05 05:00:00,12.110,0.000,0.000,0.000,5.700
2019-03-05 06:00:00,11.870,0.000,0.000,0.000,5.400
2019-03-05 07:00:00,11.740,25.000,68.600,19.000,5.200
2019-03-05 08:00:00,10.760,110.000,196.900,68.000,5.800
2019-03-05 09:00:00,9.600,210.000,303.600,107.000,6.300
2019-03-05 10:00:00,8.410,303.000,426.300,117.000,6.600
2019-03-05 11:00:00,10.110,368.000,397.700,170.000,7.000
2019-03-05 12:00:00,10.630,365.000,309.800,204.000,7.400
2019-03-05 13:00:00,9.560,362.000,341.700,191.000,7.400
2019-03-05 14:00:00,9.490,316.000,346.700,163.000,7.700
2019-03-05 15:00:00,9.270,219.000,242.400,135.000,7.800
2019-03-05 16:00:00,8.400,124.000,197.900,80.000,7.900
2019-03-05 17:00:00,7.170,34.000,118.800,23.000,7.300
2019-03-05 18:00:00,6.650,0.000,0.000,0.000,6.200
2019-03-05 19:00:00,7.000,0.000,0.000,0.000,5.200
2019-03-05 20:00:00,7.330,0.000,0.000,0.000,4.400
2019-03-05 21:00:00,7.190,0.000,0.000,0.000,4.000
2019-03-05 22:00:00,7.130,0.000,0.000,0.000,3.700
2019-03-05 23:00:00,7.450,0.000,0.000,0.000,3.400
2019-03-06 00:00:00,7.200,0.000,0.000,0.000,3.100
2019-03-06 01:00:00,7.070,0.000,0.000,0.000,2.900
2019-03-06 02:00:00,7.250,0.000,0.000,0.000,2.800
2019-03-06 03:00:00,7.500,0.000,0.000,0.000,3.000
2019-03-06 04:00:00,7.820,0.000,0.000,0.000,3.100
2019-03-06 05:00:00,7.900,0.000,0.000,0.000,3.500
2019-03-06 06:00:00,8.110,0.000,0.000,0.000,3.700
2019-03-06 07:00:00,8.310,24.000,33.100,21.000,4.300
2019-03-06 08:00:00,8.350,82.000,36.500,74.000,5.400
2019-03-06 09:00:00,7.570,191.000,153.500,138.000,6.700
2019-03-06 10:00:00,7.040,230.000,99.500,186.000,8.600
2019-03-06 11:00:00,7.620,166.000,7.900,162.000,9.800
2019-03-06 12:00:00,8.630,142.000,0.000,142.000,10.800
2019-03-06 13:00:00,9.630,158.000,13.800,151.000,11.300
2019-03-06 14:00:00,9.360,278.000,165.600,204.000,12.500
2019-03-06 15:00:00,9.820,211.000,167.700,152.000,12.700
2019-03-06 16:00:00,10.300,98.000,88.000,78.000,12.400
2019-03-06 17:00:00,10.250,20.000,10.500,19.000,11.500
2019-03-06 18:00:00,10.000,0.000,0.000,0.000,11.300
2019-03-06 19:00:00,9.900,0.000,0.000,0.000,11.800
2019-03-06 20:00:00,10.190,0.000,0.000,0.000,11.900
2019-03-06 21:00:00,9.770,0.000,0.000,0.000,11.400
2019-03-06 22:00:00,9.600,0.000,0.000,0.000,11.400
2019-03-06 23:00:00,8.580,0.000,0.000,0.000,11.400
2019-03-07 00:00:00,8.440,0.000,0.000,0.000,11.300
2019-03-07 01:00:00,8.610,0.000,0.000,0.000,11.200
2019-03-07 02:00:00,8.960,0.000,0.000,0.000,11.100
2019-03-07 03:00:00,9.550,0.000,0.000,0.000,11.000
2019-03-07 04:00:00,8.930,0.000,0.000,0.000,11.100
2019-03-07 05:00:00,9.140,0.000,0.000,0.000,11.400
2019-03-07 06:00:00,9.560,0.000,0.000,0.000,11.400
2019-03-07 07:00:00,10.320,30.000,64.000,24.000,11.900
2019-03-07 08:00:00,12.640,113.000,186.200,71.000,13.200
2019-03-07 09:00:00,14.780,182.000,173.600,121.000,13.700
2019-03-07 10:00:00,13.010,143.000,46.800,122.000,12.500
2019-03-07 11:00:00,12.370,315.000,325.700,149.000,12.100
2019-03-07 12:00:00,13.290,375.000,434.800,144.000,11.700
2019-03-07 13:00:00,12.180,375.000,482.700,128.000,11.400
2019-03-07 14:00:00,12.010,379.000,561.700,125.000,11.800
2019-03-07 15:00:00,12.230,287.000,526.700,99.000,11.200
2019-03-07 16:00:00,12.020,157.000,408.800,62.000,10.500
2019-03-07 17:00:00,10.710,44.000,174.000,27.000,9.400
2019-03-07 18:00:00,10.760,0.000,0.000,0.000,8.800
2019-03-07 19:00:00,11.460,0.000,0.000,0.000,8.400
2019-03-07 20:00:00,11.600,0.000,0.000,0.000,8.400
2019-03-07 21:00:00,11.760,0.000,0.000,0.000,8.200
2019-03-07 22:00:00,12.540,0.000,0.000,0.000,8.300
2019-03-07 23:00:00,13.310,0.000,0.000,0.000,8.400
2019-03-08 00:00:00,14.420,0.000,0.000,0.000,8.400
2019-03-08 01:00:00,15.010,0.000,0.000,0.000,8.600
2019-03-08 02:00:00,15.420,0.000,0.000,0.000,8.500
2019-03-08 03:00:00,15.600,0.000,0.000,0.000,8.100
2019-03-08 04:00:00,15.540,0.000,0.000,0.000,7.700
2019-03-08 05:00:00,15.440,0.000,0.000,0.000,7.500
2019-03-08 06:00:00,14.870,0.000,0.000,0.000,7.200
2019-03-08 07:00:00,15.020,10.000,10.300,9.000,7.000
2019-03-08 08:00:00,14.040,74.000,95.000,52.000,6.900
2019-03-08 09:00:00,12.400,131.000,125.900,86.000,6.800
2019-03-08 10:00:00,12.350,274.000,336.700,121.000,6.800
2019-03-08 11:00:00,11.990,394.000,529.500,121.000,7.300
2019-03-08 12:00:00,11.480,416.000,525.100,134.000,7.800
2019-03-08 13:00:00,10.340,418.000,566.400,125.000,8.200
2019-03-08 14:00:00,9.080,345.000,472.000,129.000,8.700
2019-03-08 15:00:00,7.500,268.000,452.800,104.000,8.700
2019-03-08 16:00:00,7.000,163.000,417.000,64.000,7.700
2019-03-08 17:00:00,6.990,49.000,229.500,26.000,6.600
2019-03-08 18:00:00,7.080,0.000,0.000,0.000,6.000
2019-03-08 19:00:00,6.530,0.000,0.000,0.000,5.700
2019-03-08 20:00:00,6.530,0.000,0.000,0.000,5.600
2019-03-08 21:00:00,7.070,0.000,0.000,0.000,5.600
2019-03-08 22:00:00,8.450,0.000,0.000,0.000,5.800
2019-03-08 23:00:00,8.770,0.000,0.000,0.000,6.000
2019-03-09 00:00:00,9.200,0.000,0.000,0.000,6.400
2019-03-09 01:00:00,9.540,0.000,0.000,0.000,6.700
2019-03-09 02:00:00,10.300,0.000,0.000,0.000,6.600
2019-03-09 03:00:00,11.220,0.000,0.000,0.000,6.500
2019-03-09 04:00:00,12.320,0.000,0.000,0.000,6.600
2019-03-09 05:00:00,13.270,0.000,0.000,0.000,6.300
2019-03-09 06:00:00,12.940,0.000,0.000,0.000,6.800
2019-03-09 07:00:00,12.390,18.000,50.000,13.000,7.400
2019-03-09 08:00:00,13.050,152.000,390.900,59.000,8.300
2019-03-09 09:00:00,15.620,244.000,437.100,85.000,8.600
2019-03-09 10:00:00,13.750,335.000,503.800,103.000,9.700
2019-03-09 11:00:00,13.970,363.000,419.900,144.000,10.200
2019-03-09 12:00:00,14.010,347.000,340.800,162.000,10.600
2019-03-09 13:00:00,11.460,354.000,413.100,138.000,11.100
2019-03-09 14:00:00,11.090,327.000,438.400,124.000,11.400
2019-03-09 15:00:00,10.780,203.000,291.300,96.000,9.200
2019-03-09 16:00:00,10.580,80.000,90.700,58.000,8.300
2019-03-09 17:00:00,12.850,32.000,58.400,26.000,7.300
2019-03-09 18:00:00,15.130,0.000,0.000,0.000,6.900
2019-03-09 19:00:00,14.420,0.000,0.000,0.000,6.500
2019-03-09 20:00:00,12.260,0.000,0.000,0.000,5.800
2019-03-09 21:00:00,11.410,0.000,0.000,0.000,5.400
2019-03-09 22:00:00,11.740,0.000,0.000,0.000,5.200
2019-03-09 23:00:00,11.060,0.000,0.000,0.000,5.100
2019-03-10 00:00:00,11.090,0.000,0.000,0.000,5.400
2019-03-10 01:00:00,10.670,0.000,0.000,0.000,5.700
2019-03-10 02:00:00,9.810,0.000,0.000,0.000,5.800
2019-03-10 03:00:00,8.930,0.000,0.000,0.000,5.800
2019-03-10 04:00:00,8.390,0.000,0.000,0.000,5.800
2019-03-10 05:00:00,7.220,0.000,0.000,0.000,5.700
2019-03-10 06:00:00,6.820,0.000,0.000,0.000,5.600
2019-03-10 07:00:00,6.260,25.000,19.400,23.000,5.400
2019-03-10 08:00:00,5.660,51.000,4.100,50.000,6.000
2019-03-10 09:00:00,5.380,92.000,18.900,85.000,6.300
2019-03-10 10:00:00,3.110,116.000,10.700,111.000,5.700
2019-03-10 11:00:00,1.800,109.000,0.000,109.000,5.700
2019-03-10 12:00:00,0.980,79.000,5.500,76.000,5.200
2019-03-10 13:00:00,2.340,74.000,3.800,72.000,5.000
2019-03-10 14:00:00,2.420,60.000,0.000,60.000,4.400
2019-03-10 15:00:00,3.040,25.000,0.000,25.000,4.000
2019-03-10 16:00:00,5.220,23.000,0.000,23.000,3.600
2019-03-10 17:00:00,9.000,7.000,0.000,7.000,2.100
2019-03-10 18:00:00,11.970,0.000,0.000,0.000,1.100
2019-03-10 19:00:00,11.290,0.000,0.000,0.000,1.100
2019-03-10 20:00:00,9.920,0.000,0.000,0.000,1.500
2019-03-10 21:00:00,10.100,0.000,0.000,0.000,1.700
2019-03-10 22:00:00,9.550,0.000,0.000,0.000,2.300
2019-03-10 23:00:00,9.490,0.000,0.000,0.000,2.000
2019-03-11 00:00:00,10.340,0.000,0.000,0.000,1.800
2019-03-11 01:00:00,11.010,0.000,0.000,0.000,2.600
2019-03-11 02:00:00,11.320,0.000,0.000,0.000,3.000
2019-03-11 03:00:00,11.070,0.000,0.000,0.000,2.700
2019-03-11 04:00:00,10.630,0.000,0.000,0.000,2.300
2019-03-11 05:00:00,10.590,0.000,0.000,0.000,2.200
2019-03-11 06:00:00,10.380,1.000,0.000,1.000,2.000
2019-03-11 07:00:00,10.120,46.000,112.700,34.000,2.300
2019-03-11 08:00:00,11.170,131.000,151.800,93.000,2.600
2019-03-11 09:00:00,12.530,233.000,223.400,149.000,2.800
2019-03-11 10:00:00,11.520,276.000,175.600,193.000,3.500
2019-03-11 11:00:00,10.170,313.000,210.000,201.000,3.900
2019-03-11 12:00:00,9.970,333.000,248.900,195.000,4.400
2019-03-11 13:00:00,9.530,362.000,267.800,219.000,4.900
2019-03-11 14:00:00,9.050,272.000,166.800,193.000,4.900
2019-03-11 15:00:00,9.050,148.000,58.200,126.000,3.900
2019-03-11 16:00:00,10.610,63.000,15.800,59.000,3.600
2019-03-11 17:00:00,9.190,29.000,27.800,26.000,3.700
2019-03-11 18:00:00,8.060,1.000,0.000,1.000,3.800
2019-03-11 19:00:00,7.570,0.000,0.000,0.000,3.800
2019-03-11 20:00:00,8.310,0.000,0.000,0.000,3.700
2019-03-11 21:00:00,7.860,0.000,0.000,0.000,3.800
2019-03-11 22:00:00,7.290,0.000,0.000,0.000,3.800
2019-03-11 23:00:00,7.210,0.000,0.000,0.000,3.400
2019-03-12 00:00:00,6.940,0.000,0.000,0.000,3.100
2019-03-12 01:00:00,7.210,0.000,0.000,0.000,2.800
2019-03-12 02:00:00,7.030,0.000,0.000,0.000,2.900
2019-03-12 03:00:00,6.890,0.000,0.000,0.000,3.400
2019-03-12 04:00:00,6.670,0.000,0.000,0.000,3.600
2019-03-12 05:00:00,6.440,0.000,0.000,0.000,3.500
2019-03-12 06:00:00,6.750,1.000,0.000,1.000,3.200
2019-03-12 07:00:00,7.030,51.000,145.200,35.000,3.600
2019-03-12 08:00:00,7.210,133.000,109.100,105.000,4.400
2019-03-12 09:00:00,7.470,201.000,143.900,146.000,5.400
2019-03-12 10:00:00,7.160,337.000,263.200,211.000,6.800
2019-03-12 11:00:00,9.160,364.000,200.200,256.000,7.700
2019-03-12 12:00:00,9.750,298.000,100.000,242.000,8.000
2019-03-12 13:00:00,9.480,185.000,22.200,173.000,8.100
2019-03-12 14:00:00,10.120,208.000,106.500,157.000,8.400
2019-03-12 15:00:00,10.420,165.000,60.100,142.000,8.500
2019-03-12 16:00:00,10.950,94.000,50.500,81.000,8.400
2019-03-12 17:00:00,10.990,37.000,9.000,36.000,7.900
2019-03-12 18:00:00,11.250,1.000,0.000,1.000,7.900
2019-03-12 19:00:00,11.420,0.000,0.000,0.000,7.900
2019-03-12 20:00:00,11.830,0.000,0.000,0.000,8.100
2019-03-12 21:00:00,12.120,0.000,0.000,0.000,8.600
2019-03-12 22:00:00,11.400,0.000,0.000,0.000,8.500
2019-03-12 23:00:00,11.670,0.000,0.000,0.000,8.000
2019-03-13 00:00:00,13.260,0.000,0.000,0.000,7.100
2019-03-13 01:00:00,13.400,0.000,0.000,0.000,6.100
2019-03-13 02:00:00,11.240,0.000,0.000,0.000,5.100
2019-03-13 03:00:00,10.960,0.000,0.000,0.000,5.000
2019-03-13 04:00:00,11.180,0.000,0.000,0.000,5.400
2019-03-13 05:00:00,11.680,0.000,0.000,0.000,5.500
2019-03-13 06:00:00,12.050,1.000,0.000,1.000,5.400
2019-03-13 07:00:00,12.310,52.000,146.000,35.000,5.900
2019-03-13 08:00:00,10.950,109.000,106.600,81.000,6.500
2019-03-13 09:00:00,12.740,197.000,249.700,100.000,6.800
2019-03-13 10:00:00,13.730,274.000,229.000,163.000,7.600
2019-03-13 11:00:00,14.150,381.000,399.800,163.000,7.900
2019-03-13 12:00:00,13.720,396.000,464.800,133.000,7.500
2019-03-13 13:00:00,12.800,224.000,128.400,154.000,7.300
2019-03-13 14:00:00,13.940,166.000,61.900,136.000,7.200
2019-03-13 15:00:00,13.180,287.000,391.800,135.000,7.800
2019-03-13 16:00:00,12.430,115.000,49.500,102.000,6.700
2019-03-13 17:00:00,12.350,28.000,34.400,24.000,6.200
2019-03-13 18:00:00,11.940,1.000,0.000,1.000,5.900
2019-03-13 19:00:00,12.130,0.000,0.000,0.000,5.900
2019-03-13 20:00:00,12.660,0.000,0.000,0.000,6.100
2019-03-13 21:00:00,12.760,0.000,0.000,0.000,6.100
2019-03-13 22:00:00,12.610,0.000,0.000,0.000,6.200
2019-03-13 23:00:00,12.730,0.000,0.000,0.000,6.200
2019-03-14 00:00:00,12.190,0.000,0.000,0.000,6.300
2019-03-14 01:00:00,11.830,0.000,0.000,0.000,6.300
2019-03-14 02:00:00,11.210,0.000,0.000,0.000,6.100
2019-03-14 03:00:00,10.410,0.000,0.000,0.000,6.100
2019-03-14 04:00:00,10.020,0.000,0.000,0.000,5.800
2019-03-14 05:00:00,9.860,0.000,0.000,0.000,5.500
2019-03-14 06:00:00,10.030,2.000,0.000,2.000,5.600
2019-03-14 07:00:00,9.960,35.000,16.300,33.000,6.000
2019-03-14 08:00:00,10.080,94.000,7.400,92.000,6.100
2019-03-14 09:00:00,10.320,140.000,10.100,136.000,6.300
2019-03-14 10:00:00,11.080,138.000,6.100,135.000,5.900
2019-03-14 11:00:00,11.050,88.000,0.000,88.000,5.600
2019-03-14 12:00:00,11.990,103.000,0.000,103.000,5.700
2019-03-14 13:00:00,12.570,105.000,0.000,105.000,5.800
2019-03-14 14:00:00,12.970,93.000,0.000,93.000,5.900
2019-03-14 15:00:00,12.810,62.000,2.500,61.000,5.400
2019-03-14 16:00:00,12.680,30.000,0.000,30.000,5.500
2019-03-14 17:00:00,12.300,9.000,0.000,9.000,7.100
2019-03-14 18:00:00,13.950,0.000,0.000,0.000,7.300
2019-03-14 19:00:00,14.340,0.000,0.000,0.000,7.100
2019-03-14 20:00:00,13.290,0.000,0.000,0.000,7.200
2019-03-14 21:00:00,12.520,0.000,0.000,0.000,7.000
2019-03-14 22:00:00,11.420,0.000,0.000,0.000,6.800
2019-03-14 23:00:00,12.010,0.000,0.000,0.000,6.800
2019-03-15 00:00:00,11.700,0.000,0.000,0.000,6.900
2019-03-15 01:00:00,11.730,0.000,0.000,0.000,6.800
2019-03-15 02:00:00,11.520,0.000,0.000,0.000,6.700
2019-03-15 03:00:00,10.730,0.000,0.000,0.000,6.400
2019-03-15 04:00:00,10.140,0.000,0.000,0.000,6.200
2019-03-15 05:00:00,9.340,0.000,0.000,0.000,6.100
2019-03-15 06:00:00,9.020,2.000,0.000,2.000,6.000
2019-03-15 07:00:00,8.430,41.000,23.300,38.000,6.200
2019-03-15 08:00:00,7.600,125.000,65.400,107.000,7.000
2019-03-15 09:00:00,8.180,184.000,52.400,163.000,7.800
2019-03-15 10:00:00,10.000,237.000,90.600,192.000,8.100
2019-03-15 11:00:00,8.960,151.000,21.500,139.000,7.800
2019-03-15 12:00:00,10.770,47.000,0.000,47.000,7.400
2019-03-15 13:00:00,12.300,65.000,3.600,63.000,9.100
2019-03-15 14:00:00,13.420,66.000,12.100,60.000,10.900
2019-03-15 15:00:00,13.400,80.000,10.000,76.000,11.300
2019-03-15 16:00:00,13.710,86.000,135.900,49.000,10.800
2019-03-15 17:00:00,14.020,38.000,79.400,28.000,10.200
2019-03-15 18:00:00,14.010,2.000,0.000,2.000,9.200
2019-03-15 19:00:00,13.400,0.000,0.000,0.000,8.300
2019-03-15 20:00:00,12.960,0.000,0.000,0.000,7.900
2019-03-15 21:00:00,12.810,0.000,0.000,0.000,7.300
2019-03-15 22:00:00,11.940,0.000,0.000,0.000,7.500
2019-03-15 23:00:00,11.190,0.000,0.000,0.000,7.400
2019-03-16 00:00:00,10.870,0.000,0.000,0.000,7.200
2019-03-16 01:00:00,10.410,0.000,0.000,0.000,7.200
2019-03-16 02:00:00,10.400,0.000,0.000,0.000,7.100
2019-03-16 03:00:00,9.900,0.000,0.000,0.000,6.900
2019-03-16 04:00:00,9.200,0.000,0.000,0.000,6.700
2019-03-16 05:00:00,8.720,0.000,0.000,0.000,6.300
2019-03-16 06:00:00,8.750,4.000,0.000,4.000,5.900
2019-03-16 07:00:00,8.380,40.000,0.000,40.000,6.000
2019-03-16 08:00:00,7.520,96.000,7.100,94.000,5.900
2019-03-16 09:00:00,7.340,92.000,2.500,91.000,5.900
2019-03-16 10:00:00,5.450,89.000,2.000,88.000,5.000
2019-03-16 11:00:00,5.280,88.000,7.100,84.000,5.400
2019-03-16 12:00:00,6.660,52.000,0.000,52.000,5.800
2019-03-16 13:00:00,8.670,46.000,0.000,46.000,7.600
2019-03-16 14:00:00,11.050,44.000,0.000,44.000,9.300
2019-03-16 15:00:00,11.770,39.000,0.000,39.000,9.600
2019-03-16 16:00:00,11.870,40.000,0.000,40.000,9.700
2019-03-16 17:00:00,12.130,19.000,0.000,19.000,9.600
2019-03-16 18:00:00,12.040,1.000,0.000,1.000,9.800
2019-03-16 19:00:00,12.110,0.000,0.000,0.000,10.200
2019-03-16 20:00:00,12.010,0.000,0.000,0.000,10.500
2019-03-16 21:00:00,11.290,0.000,0.000,0.000,10.500
2019-03-16 22:00:00,11.780,0.000,0.000,0.000,10.500
2019-03-16 23:00:00,11.270,0.000,0.000,0.000,10.300
2019-03-17 00:00:00,11.030,0.000,0.000,0.000,10.300
2019-03-17 01:00:00,10.760,0.000,0.000,0.000,10.500
2019-03-17 02:00:00,10.730,0.000,0.000,0.000,10.400
2019-03-17 03:00:00,11.080,0.000,0.000,0.000,10.200
2019-03-17 04:00:00,11.190,0.000,0.000,0.000,10.200
2019-03-17 05:00:00,10.990,0.000,0.000,0.000,10.000
2019-03-17 06:00:00,11.120,4.000,0.000,4.000,9.600
2019-03-17 07:00:00,10.960,28.000,21.200,25.000,9.500
2019-03-17 08:00:00,10.410,72.000,0.000,72.000,9.600
2019-03-17 09:00:00,11.290,115.000,12.100,110.000,9.200
2019-03-17 10:00:00,10.300,161.000,35.400,143.000,8.000
2019-03-17 11:00:00,8.030,198.000,105.500,138.000,7.500
2019-03-17 12:00:00,9.460,326.000,221.000,196.000,7.900
2019-03-17 13:00:00,9.870,278.000,112.900,214.000,8.200
2019-03-17 14:00:00,9.620,257.000,126.700,193.000,8.700
2019-03-17 15:00:00,10.200,264.000,298.900,142.000,7.200
2019-03-17 16:00:00,9.130,156.000,262.400,82.000,6.800
2019-03-17 17:00:00,8.850,65.000,199.400,38.000,6.500
2019-03-17 18:00:00,8.830,4.000,19.100,3.000,5.800
2019-03-17 19:00:00,8.540,0.000,0.000,0.000,5.600
2019-03-17 20:00:00,8.900,0.000,0.000,0.000,5.300
2019-03-17 21:00:00,9.390,0.000,0.000,0.000,5.100
2019-03-17 22:00:00,10.780,0.000,0.000,0.000,4.800
2019-03-17 23:00:00,11.230,0.000,0.000,0.000,4.500
2019-03-18 00:00:00,11.360,0.000,0.000,0.000,4.200
2019-03-18 01:00:00,11.810,0.000,0.000,0.000,4.100
2019-03-18 02:00:00,11.940,0.000,0.000,0.000,4.200
2019-03-18 03:00:00,11.950,0.000,0.000,0.000,4.200
2019-03-18 04:00:00,11.400,0.000,0.000,0.000,4.200
2019-03-18 05:00:00,11.070,0.000,0.000,0.000,4.300
2019-03-18 06:00:00,10.690,4.000,0.000,4.000,4.300
2019-03-18 07:00:00,10.090,67.000,176.300,41.000,4.400
2019-03-18 08:00:00,9.870,211.000,446.100,80.000,4.900
2019-03-18 09:00:00,10.640,300.000,422.600,123.000,5.700
2019-03-18 10:00:00,10.310,393.000,447.000,163.000,6.600
2019-03-18 11:00:00,9.830,482.000,534.700,175.000,6.700
2019-03-18 12:00:00,9.670,427.000,333.400,229.000,7.000
2019-03-18 13:00:00,11.230,438.000,403.800,207.000,7.500
2019-03-18 14:00:00,9.720,301.000,194.000,202.000,7.800
2019-03-18 15:00:00,10.210,247.000,285.600,129.000,7.300
2019-03-18 16:00:00,10.200,134.000,146.400,92.000,6.000
2019-03-18 17:00:00,9.770,67.000,192.700,40.000,5.900
2019-03-18 18:00:00,8.960,5.000,19.100,4.000,5.300
2019-03-18 19:00:00,8.520,0.000,0.000,0.000,4.700
2019-03-18 20:00:00,8.300,0.000,0.000,0.000,4.200
2019-03-18 21:00:00,8.100,0.000,0.000,0.000,3.800
2019-03-18 22:00:00,8.050,0.000,0.000,0.000,3.500
2019-03-18 23:00:00,8.030,0.000,0.000,0.000,3.200
2019-03-19 00:00:00,7.820,0.000,0.000,0.000,2.900
2019-03-19 01:00:00,7.700,0.000,0.000,0.000,2.700
2019-03-19 02:00:00,7.700,0.000,0.000,0.000,2.300
2019-03-19 03:00:00,7.710,0.000,0.000,0.000,1.900
2019-03-19 04:00:00,7.500,0.000,0.000,0.000,1.800
2019-03-19 05:00:00,7.400,0.000,0.000,0.000,1.600
2019-03-19 06:00:00,7.310,9.000,55.700,6.000,1.300
2019-03-19 07:00:00,7.100,96.000,351.500,42.000,2.200
2019-03-19 08:00:00,6.940,216.000,457.100,79.000,4.000
2019-03-19 09:00:00,6.740,337.000,581.500,90.000,5.300
2019-03-19 10:00:00,6.050,336.000,338.300,160.000,6.100
2019-03-19 11:00:00,6.180,370.000,372.500,154.000,6.500
2019-03-19 12:00:00,6.070,391.000,340.400,187.000,7.100
2019-03-19 13:00:00,6.310,402.000,386.300,179.000,7.900
2019-03-19 14:00:00,6.170,371.000,397.700,166.000,8.300
2019-03-19 15:00:00,5.950,268.000,334.900,128.000,8.500
2019-03-19 16:00:00,5.320,160.000,222.900,95.000,8.400
2019-03-19 17:00:00,4.210,77.000,234.700,43.000,8.300
2019-03-19 18:00:00,3.400,6.000,19.100,5.000,6.400
2019-03-19 19:00:00,2.820,0.000,0.000,0.000,4.200
2019-03-19 20:00:00,2.400,0.000,0.000,0.000,2.900
2019-03-19 21:00:00,2.440,0.000,0.000,0.000,2.400
2019-03-19 22:00:00,2.720,0.000,0.000,0.000,1.200
2019-03-19 23:00:00,4.110,0.000,0.000,0.000,0.300
2019-03-20 00:00:00,5.480,0.000,0.000,0.000,0.400
2019-03-20 01:00:00,6.080,0.000,0.000,0.000,0.400
2019-03-20 02:00:00,6.300,0.000,0.000,0.000,0.400
2019-03-20 03:00:00,6.470,0.000,0.000,0.000,0.400
2019-03-20 04:00:00,6.660,0.000,0.000,0.000,0.200
2019-03-20 05:00:00,6.720,0.000,0.000,0.000,0.300
2019-03-20 06:00:00,6.940,10.000,52.700,7.000,0.900
2019-03-20 07:00:00,6.800,92.000,231.600,55.000,3.000
2019-03-20 08:00:00,6.300,200.000,336.900,97.000,5.600
2019-03-20 09:00:00,5.590,255.000,236.800,153.000,7.800
2019-03-20 10:00:00,5.320,253.000,104.500,198.000,9.800
2019-03-20 11:00:00,5.720,304.000,92.200,250.000,11.100
2019-03-20 12:00:00,5.910,292.000,125.700,216.000,11.800
2019-03-20 13:00:00,5.990,325.000,283.200,160.000,12.300
2019-03-20 14:00:00,5.890,173.000,107.600,117.000,11.900
2019-03-20 15:00:00,6.150,74.000,11.800,69.000,11.500
2019-03-20 16:00:00,6.360,67.000,13.500,63.000,11.400
2019-03-20 17:00:00,6.400,41.000,13.400,39.000,11.100
2019-03-20 18:00:00,6.340,3.000,0.000,3.000,10.700
2019-03-20 19:00:00,6.230,0.000,0.000,0.000,10.300
2019-03-20 20:00:00,6.170,0.000,0.000,0.000,10.100
2019-03-20 21:00:00,5.980,0.000,0.000,0.000,10.000
2019-03-20 22:00:00,5.580,0.000,0.000,0.000,9.000
2019-03-20 23:00:00,5.260,0.000,0.000,0.000,9.000
2019-03-21 00:00:00,4.850,0.000,0.000,0.000,9.000
2019-03-21 01:00:00,4.940,0.000,0.000,0.000,9.000
2019-03-21 02:00:00,5.240,0.000,0.000,0.000,9.000
2019-03-21 03:00:00,5.270,0.000,0.000,0.000,9.300
2019-03-21 04:00:00,5.220,0.000,0.000,0.000,9.200
2019-03-21 05:00:00,5.460,0.000,0.000,0.000,9.200
2019-03-21 06:00:00,5.640,5.000,0.000,5.000,8.900
2019-03-21 07:00:00,5.640,35.000,36.200,29.000,9.400
2019-03-21 08:00:00,4.860,111.000,41.700,98.000,9.800
2019-03-21 09:00:00,4.520,193.000,126.000,138.000,10.700
2019-03-21 10:00:00,5.160,284.000,229.400,162.000,11.600
2019-03-21 11:00:00,4.930,285.000,93.100,230.000,12.300
2019-03-21 12:00:00,4.710,326.000,134.400,244.000,13.300
2019-03-21 13:00:00,4.490,321.000,81.700,273.000,13.900
2019-03-21 14:00:00,4.300,241.000,60.900,209.000,14.300
2019-03-21 15:00:00,4.060,189.000,42.100,171.000,14.400
2019-03-21 16:00:00,3.580,135.000,56.400,118.000,14.400
2019-03-21 17:00:00,3.690,61.000,32.400,56.000,13.700
2019-03-21 18:00:00,3.990,7.000,36.900,5.000,11.000
2019-03-21 19:00:00,3.770,0.000,0.000,0.000,10.500
2019-03-21 20:00:00,2.800,0.000,0.000,0.000,10.100
2019-03-21 21:00:00,2.090,0.000,0.000,0.000,8.700
2019-03-21 22:00:00,1.900,0.000,0.000,0.000,8.400
2019-03-21 23:00:00,2.050,0.000,0.000,0.000,8.100
2019-03-22 00:00:00,2.250,0.000,0.000,0.000,7.800
2019-03-22 01:00:00,2.410,0.000,0.000,0.000,7.500
2019-03-22 02:00:00,2.530,0.000,0.000,0.000,7.400
2019-03-22 03:00:00,2.870,0.000,0.000,0.000,6.100
2019-03-22 04:00:00,3.410,0.000,0.000,0.000,5.300
2019-03-22 05:00:00,4.040,0.000,0.000,0.000,4.400
2019-03-22 06:00:00,3.480,12.000,47.500,9.000,5.000
2019-03-22 07:00:00,3.640,78.000,69.800,66.000,6.200
2019-03-22 08:00:00,3.230,180.000,160.500,129.000,8.500
2019-03-22 09:00:00,3.000,333.000,490.300,116.000,10.800
2019-03-22 10:00:00,3.420,472.000,606.400,146.000,12.800
2019-03-22 11:00:00,3.750,572.000,762.700,117.000,14.600
2019-03-22 12:00:00,3.660,578.000,763.700,108.000,15.900
2019-03-22 13:00:00,3.360,575.000,801.100,100.000,17.000
2019-03-22 14:00:00,3.310,499.000,759.500,96.000,17.800
2019-03-22 15:00:00,3.450,385.000,686.400,88.000,18.200
2019-03-22 16:00:00,3.840,246.000,575.300,70.000,18.100
2019-03-22 17:00:00,4.950,105.000,390.100,43.000,17.100
2019-03-22 18:00:00,6.090,10.000,53.000,7.000,15.200
2019-03-22 19:00:00,6.630,0.000,0.000,0.000,13.400
2019-03-22 20:00:00,6.580,0.000,0.000,0.000,12.300
2019-03-22 21:00:00,6.740,0.000,0.000,0.000,11.300
2019-03-22 22:00:00,6.790,0.000,0.000,0.000,10.500
2019-03-22 23:00:00,6.710,0.000,0.000,0.000,9.900
2019-03-23 00:00:00,6.670,0.000,0.000,0.000,9.200
2019-03-23 01:00:00,6.800,0.000,0.000,0.000,9.000
2019-03-23 02:00:00,6.640,0.000,0.000,0.000,8.300
2019-03-23 03:00:00,6.400,0.000,0.000,0.000,7.500
2019-03-23 04:00:00,5.940,0.000,0.000,0.000,7.200
2019-03-23 05:00:00,5.520,0.000,0.000,0.000,6.800
2019-03-23 06:00:00,4.850,14.000,90.600,8.000,6.400
2019-03-23 07:00:00,4.300,103.000,297.500,50.000,6.800
2019-03-23 08:00:00,4.180,204.000,321.100,100.000,7.200
2019-03-23 09:00:00,4.330,278.000,220.700,179.000,7.400
2019-03-23 10:00:00,4.490,338.000,204.300,227.000,7.900
2019-03-23 11:00:00,4.240,408.000,284.000,237.000,8.400
2019-03-23 12:00:00,3.840,383.000,151.400,289.000,8.900
2019-03-23 13:00:00,3.840,355.000,173.900,251.000,9.300
2019-03-23 14:00:00,3.330,260.000,102.700,205.000,10.100
2019-03-23 15:00:00,3.360,147.000,43.400,128.000,10.500
2019-03-23 16:00:00,4.270,52.000,0.000,52.000,10.400
2019-03-23 17:00:00,4.400,20.000,0.000,20.000,10.100
2019-03-23 18:00:00,4.240,3.000,0.000,3.000,9.500
2019-03-23 19:00:00,4.490,0.000,0.000,0.000,8.700
2019-03-23 20:00:00,4.880,0.000,0.000,0.000,8.100
2019-03-23 21:00:00,4.840,0.000,0.000,0.000,6.400
2019-03-23 22:00:00,4.460,0.000,0.000,0.000,5.900
2019-03-23 23:00:00,4.570,0.000,0.000,0.000,5.300
2019-03-24 00:00:00,4.500,0.000,0.000,0.000,4.000
2019-03-24 01:00:00,3.820,0.000,0.000,0.000,3.000
2019-03-24 02:00:00,3.790,0.000,0.000,0.000,2.300
2019-03-24 03:00:00,3.610,0.000,0.000,0.000,1.600
2019-03-24 04:00:00,3.360,0.000,0.000,0.000,1.000
2019-03-24 05:00:00,3.160,0.000,0.000,0.000,0.900
2019-03-24 06:00:00,2.900,18.000,115.400,10.000,1.000
2019-03-24 07:00:00,2.200,114.000,314.700,56.000,2.800
2019-03-24 08:00:00,1.500,245.000,457.600,94.000,4.500
2019-03-24 09:00:00,0.920,406.000,642.600,114.000,6.300
2019-03-24 10:00:00,0.610,521.000,661.000,158.000,7.800
2019-03-24 11:00:00,0.630,543.000,630.200,160.000,8.900
2019-03-24 12:00:00,1.460,523.000,514.200,201.000,9.600
2019-03-24 13:00:00,2.600,483.000,431.000,223.000,10.200
2019-03-24 14:00:00,3.720,497.000,636.400,153.000,10.700
2019-03-24 15:00:00,4.470,351.000,422.700,164.000,10.400
2019-03-24 16:00:00,4.440,251.000,520.100,87.000,10.000
2019-03-24 17:00:00,4.120,116.000,404.200,48.000,9.200
2019-03-24 18:00:00,4.850,13.000,81.600,8.000,7.200
2019-03-24 19:00:00,5.620,0.000,0.000,0.000,5.900
2019-03-24 20:00:00,6.210,0.000,0.000,0.000,5.300
2019-03-24 21:00:00,6.900,0.000,0.000,0.000,5.200
2019-03-24 22:00:00,7.500,0.000,0.000,0.000,5.200
2019-03-24 23:00:00,7.700,0.000,0.000,0.000,5.300
2019-03-25 00:00:00,7.960,0.000,0.000,0.000,4.700
2019-03-25 01:00:00,8.660,0.000,0.000,0.000,4.200
2019-03-25 02:00:00,9.390,0.000,0.000,0.000,4.200
2019-03-25 03:00:00,10.630,0.000,0.000,0.000,4.000
2019-03-25 04:00:00,9.980,0.000,0.000,0.000,3.600
2019-03-25 05:00:00,9.000,0.000,0.000,0.000,3.300
2019-03-25 06:00:00,9.080,14.000,41.400,11.000,3.500
2019-03-25 07:00:00,8.610,99.000,236.200,54.000,4.200
2019-03-25 08:00:00,7.960,176.000,208.300,106.000,4.400
2019-03-25 09:00:00,7.860,295.000,265.000,173.000,4.700
2019-03-25 10:00:00,7.200,346.000,286.500,187.000,5.500
2019-03-25 11:00:00,7.400,343.000,150.000,251.000,6.100
2019-03-25 12:00:00,7.050,392.000,201.100,265.000,6.400
2019-03-25 13:00:00,7.270,406.000,258.100,249.000,6.800
2019-03-25 14:00:00,7.920,343.000,232.800,216.000,7.100
2019-03-25 15:00:00,6.890,266.000,243.800,157.000,7.300
2019-03-25 16:00:00,6.580,159.000,143.700,113.000,7.500
2019-03-25 17:00:00,7.000,78.000,144.600,53.000,6.900
2019-03-25 18:00:00,7.290,10.000,31.500,8.000,6.500
2019-03-25 19:00:00,6.560,0.000,0.000,0.000,6.200
2019-03-25 20:00:00,5.330,0.000,0.000,0.000,5.500
2019-03-25 21:00:00,4.780,0.000,0.000,0.000,4.300
2019-03-25 22:00:00,5.090,0.000,0.000,0.000,3.100
2019-03-25 23:00:00,5.920,0.000,0.000,0.000,3.300
2019-03-26 00:00:00,6.370,0.000,0.000,0.000,3.400
2019-03-26 01:00:00,6.890,0.000,0.000,0.000,3.600
2019-03-26 02:00:00,7.150,0.000,0.000,0.000,3.800
2019-03-26 03:00:00,7.310,0.000,0.000,0.000,4.100
2019-03-26 04:00:00,7.600,0.000,0.000,0.000,4.000
2019-03-26 05:00:00,7.500,0.000,0.000,0.000,4.200
2019-03-26 06:00:00,7.280,10.000,26.500,8.000,4.500
2019-03-26 07:00:00,7.100,107.000,269.400,54.000,4.800
2019-03-26 08:00:00,8.210,210.000,379.900,80.000,5.700
2019-03-26 09:00:00,9.000,311.000,381.800,133.000,6.600
2019-03-26 10:00:00,10.480,304.000,242.600,168.000,7.000
2019-03-26 11:00:00,10.690,383.000,310.300,191.000,7.500
2019-03-26 12:00:00,10.380,284.000,124.100,205.000,7.200
2019-03-26 13:00:00,9.890,180.000,71.700,136.000,7.100
2019-03-26 14:00:00,8.190,158.000,63.600,123.000,7.100
2019-03-26 15:00:00,8.550,138.000,17.700,130.000,7.400
2019-03-26 16:00:00,7.830,149.000,107.800,114.000,7.500
2019-03-26 17:00:00,7.880,48.000,28.200,43.000,7.200
2019-03-26 18:00:00,7.750,5.000,15.200,4.000,7.100
2019-03-26 19:00:00,7.710,0.000,0.000,0.000,7.100
2019-03-26 20:00:00,7.410,0.000,0.000,0.000,6.900
2019-03-26 21:00:00,7.100,0.000,0.000,0.000,6.500
2019-03-26 22:00:00,6.710,0.000,0.000,0.000,6.100
2019-03-26 23:00:00,6.180,0.000,0.000,0.000,5.600
2019-03-27 00:00:00,6.080,0.000,0.000,0.000,5.200
2019-03-27 01:00:00,5.850,0.000,0.000,0.000,5.000
2019-03-27 02:00:00,5.730,0.000,0.000,0.000,4.800
2019-03-27 03:00:00,5.560,0.000,0.000,0.000,4.800
2019-03-27 04:00:00,5.620,0.000,0.000,0.000,4.900
2019-03-27 05:00:00,5.430,0.000,0.000,0.000,4.900
2019-03-27 06:00:00,5.400,6.000,0.000,6.000,5.100
2019-03-27 07:00:00,5.000,40.000,0.000,40.000,5.600
2019-03-27 08:00:00,4.930,74.000,8.600,71.000,6.400
2019-03-27 09:00:00,5.050,140.000,16.900,132.000,7.400
2019-03-27 10:00:00,5.700,177.000,35.300,157.000,8.200
2019-03-27 11:00:00,6.010,229.000,51.300,197.000,9.200
2019-03-27 12:00:00,6.210,237.000,87.200,181.000,10.000
2019-03-27 13:00:00,6.710,241.000,74.400,195.000,10.400
2019-03-27 14:00:00,7.750,166.000,41.400,143.000,10.700
2019-03-27 15:00:00,7.690,141.000,56.900,115.000,11.000
2019-03-27 16:00:00,6.600,55.000,0.000,55.000,10.600
2019-03-27 17:00:00,6.360,13.000,0.000,13.000,10.100
2019-03-27 18:00:00,6.360,2.000,0.000,2.000,9.700
2019-03-27 19:00:00,6.240,0.000,0.000,0.000,9.400
2019-03-27 20:00:00,6.070,0.000,0.000,0.000,9.100
2019-03-27 21:00:00,6.040,0.000,0.000,0.000,8.900
2019-03-27 22:00:00,6.490,0.000,0.000,0.000,8.400
2019-03-27 23:00:00,6.380,0.000,0.000,0.000,8.300
2019-03-28 00:00:00,6.510,0.000,0.000,0.000,8.200
2019-03-28 01:00:00,6.380,0.000,0.000,0.000,8.000
2019-03-28 02:00:00,6.070,0.000,0.000,0.000,7.800
2019-03-28 03:00:00,5.730,0.000,0.000,0.000,7.700
2019-03-28 04:00:00,5.240,0.000,0.000,0.000,7.500
2019-03-28 05:00:00,5.190,0.000,0.000,0.000,7.300
2019-03-28 06:00:00,5.360,9.000,0.000,9.000,7.300
2019-03-28 07:00:00,5.360,75.000,81.300,58.000,7.700
2019-03-28 08:00:00,5.510,165.000,129.800,119.000,8.400
2019-03-28 09:00:00,5.260,263.000,171.500,181.000,9.400
2019-03-28 10:00:00,4.960,355.000,225.500,226.000,11.000
2019-03-28 11:00:00,5.030,350.000,241.400,198.000,11.900
2019-03-28 12:00:00,4.950,222.000,27.800,204.000,11.800
2019-03-28 13:00:00,4.760,219.000,28.900,201.000,11.800
2019-03-28 14:00:00,4.200,186.000,12.500,179.000,11.900
2019-03-28 15:00:00,3.760,119.000,4.300,117.000,11.900
2019-03-28 16:00:00,3.400,72.000,18.000,66.000,11.600
2019-03-28 17:00:00,3.180,39.000,0.000,39.000,11.400
2019-03-28 18:00:00,3.250,6.000,0.000,6.000,11.000
2019-03-28 19:00:00,3.200,0.000,0.000,0.000,10.600
2019-03-28 20:00:00,2.780,0.000,0.000,0.000,10.100
2019-03-28 21:00:00,2.190,0.000,0.000,0.000,9.900
2019-03-28 22:00:00,2.190,0.000,0.000,0.000,8.700
2019-03-28 23:00:00,2.240,0.000,0.000,0.000,8.400
2019-03-29 00:00:00,1.530,0.000,0.000,0.000,8.800
2019-03-29 01:00:00,0.500,0.000,0.000,0.000,8.200
2019-03-29 02:00:00,1.210,0.000,0.000,0.000,7.400
2019-03-29 03:00:00,2.150,0.000,0.000,0.000,7.900
2019-03-29 04:00:00,2.510,0.000,0.000,0.000,7.600
2019-03-29 05:00:00,3.100,0.000,0.000,0.000,6.900
2019-03-29 06:00:00,3.270,21.000,35.300,18.000,7.300
2019-03-29 07:00:00,2.970,148.000,427.400,56.000,9.000
2019-03-29 08:00:00,1.880,296.000,588.400,84.000,10.900
2019-03-29 09:00:00,2.640,445.000,723.300,95.000,12.000
2019-03-29 10:00:00,2.970,484.000,597.300,139.000,13.200
2019-03-29 11:00:00,2.920,531.000,527.500,196.000,14.200
2019-03-29 12:00:00,2.640,529.000,430.700,248.000,14.900
2019-03-29 13:00:00,2.410,556.000,547.300,212.000,15.700
2019-03-29 14:00:00,2.130,544.000,778.800,104.000,16.400
2019-03-29 15:00:00,1.840,431.000,727.400,92.000,16.700
2019-03-29 16:00:00,1.500,288.000,629.100,75.000,16.500
2019-03-29 17:00:00,1.330,135.000,433.800,52.000,15.800
2019-03-29 18:00:00,1.710,20.000,123.700,11.000,14.400
2019-03-29 19:00:00,2.220,0.000,0.000,0.000,12.600
2019-03-29 20:00:00,2.700,0.000,0.000,0.000,10.400
2019-03-29 21:00:00,3.040,0.000,0.000,0.000,8.500
2019-03-29 22:00:00,4.010,0.000,0.000,0.000,7.100
2019-03-29 23:00:00,5.360,0.000,0.000,0.000,6.700
2019-03-30 00:00:00,5.870,0.000,0.000,0.000,6.100
2019-03-30 01:00:00,5.690,0.000,0.000,0.000,5.600
2019-03-30 02:00:00,5.870,0.000,0.000,0.000,5.400
2019-03-30 03:00:00,5.990,0.000,0.000,0.000,5.100
2019-03-30 04:00:00,6.130,0.000,0.000,0.000,4.800
2019-03-30 05:00:00,6.140,0.000,0.000,0.000,4.400
2019-03-30 06:00:00,6.100,37.000,215.900,18.000,4.900
2019-03-30 07:00:00,5.660,163.000,456.200,62.000,7.900
2019-03-30 08:00:00,4.330,317.000,636.100,84.000,11.000
2019-03-30 09:00:00,4.160,461.000,747.400,95.000,13.500
2019-03-30 10:00:00,3.550,566.000,788.700,106.000,15.600
2019-03-30 11:00:00,4.040,633.000,822.800,106.000,16.900
2019-03-30 12:00:00,4.200,656.000,819.600,117.000,17.800
2019-03-30 13:00:00,6.440,620.000,798.800,114.000,18.700
2019-03-30 14:00:00,5.820,391.000,444.100,138.000,18.800
2019-03-30 15:00:00,4.850,217.000,165.700,139.000,18.300
2019-03-30 16:00:00,4.420,194.000,326.400,82.000,18.100
2019-03-30 17:00:00,5.040,91.000,250.200,42.000,16.900
2019-03-30 18:00:00,6.080,18.000,80.000,12.000,15.100
2019-03-30 19:00:00,6.460,0.000,0.000,0.000,13.600
2019-03-30 20:00:00,6.390,0.000,0.000,0.000,12.300
2019-03-30 21:00:00,5.940,0.000,0.000,0.000,11.300
2019-03-30 22:00:00,6.080,0.000,0.000,0.000,10.200
2019-03-30 23:00:00,5.460,0.000,0.000,0.000,9.000
2019-03-31 00:00:00,4.900,0.000,0.000,0.000,7.900
2019-03-31 01:00:00,4.780,0.000,0.000,0.000,7.100
2019-03-31 02:00:00,5.160,0.000,0.000,0.000,6.500
2019-03-31 03:00:00,5.020,0.000,0.000,0.000,6.100
2019-03-31 04:00:00,4.890,0.000,0.000,0.000,5.900
2019-03-31 05:00:00,4.610,0.000,0.000,0.000,5.800
2019-03-31 06:00:00,4.850,24.000,87.800,16.000,5.800
2019-03-31 07:00:00,4.460,70.000,61.500,56.000,6.200
2019-03-31 08:00:00,3.790,154.000,59.100,132.000,7.100
2019-03-31 09:00:00,4.320,251.000,129.200,187.000,7.900
2019-03-31 10:00:00,4.000,386.000,244.600,242.000,8.700
2019-03-31 11:00:00,4.060,392.000,249.300,231.000,9.100
2019-03-31 12:00:00,3.830,470.000,321.400,257.000,10.000
2019-03-31 13:00:00,3.710,528.000,438.600,248.000,10.500
2019-03-31 14:00:00,3.650,496.000,543.100,184.000,11.000
2019-03-31 15:00:00,3.810,420.000,635.400,118.000,11.100
2019-03-31 16:00:00,4.000,281.000,552.200,89.000,10.800
2019-03-31 17:00:00,4.200,144.000,454.100,53.000,10.100
2019-03-31 18:00:00,5.140,25.000,155.300,13.000,8.200
2019-03-31 19:00:00,5.730,0.000,0.000,0.000,6.700
2019-03-31 20:00:00,5.680,0.000,0.000,0.000,5.400
2019-03-31 21:00:00,5.520,0.000,0.000,0.000,4.500
2019-03-31 22:00:00,5.100,0.000,0.000,0.000,3.300
2019-03-31 23:00:00,5.260,0.000,0.000,0.000,2.500
2019-04-01 00:00:00,5.600,0.000,0.000,0.000,1.800
2019-04-01 01:00:00,5.720,0.000,0.000,0.000,1.200
2019-04-01 02:00:00,5.830,0.000,0.000,0.000,0.600
2019-04-01 03:00:00,6.050,0.000,0.000,0.000,0.200
2019-04-01 04:00:00,6.170,0.000,0.000,0.000,-0.300
2019-04-01 05:00:00,6.380,0.000,0.000,0.000,-0.700
2019-04-01 06:00:00,6.320,47.000,265.500,22.000,-0.100
2019-04-01 07:00:00,5.590,185.000,539.400,59.000,2.800
2019-04-01 08:00:00,5.650,343.000,692.800,81.000,5.200
2019-04-01 09:00:00,5.850,488.000,784.200,95.000,6.900
2019-04-01 10:00:00,5.680,601.000,836.300,104.000,8.200
2019-04-01 11:00:00,6.060,671.000,863.200,109.000,9.100
2019-04-01 12:00:00,6.180,692.000,871.600,110.000,10.000
2019-04-01 13:00:00,6.400,662.000,861.300,108.000,10.800
2019-04-01 14:00:00,6.770,584.000,832.300,102.000,11.300
2019-04-01 15:00:00,6.960,464.000,775.200,92.000,11.600
2019-04-01 16:00:00,7.000,316.000,678.500,77.000,11.500
2019-04-01 17:00:00,6.870,157.000,507.500,53.000,10.900
2019-04-01 18:00:00,7.410,29.000,176.100,15.000,9.300
2019-04-01 19:00:00,7.800,0.000,0.000,0.000,7.800
2019-04-01 20:00:00,8.050,0.000,0.000,0.000,6.900
2019-04-01 21:00:00,8.360,0.000,0.000,0.000,6.400
2019-04-01 22:00:00,8.220,0.000,0.000,0.000,5.700
2019-04-01 23:00:00,8.270,0.000,0.000,0.000,5.200
2019-04-02 00:00:00,8.240,0.000,0.000,0.000,4.700
2019-04-02 01:00:00,7.910,0.000,0.000,0.000,4.300
2019-04-02 02:00:00,7.720,0.000,0.000,0.000,3.900
2019-04-02 03:00:00,7.420,0.000,0.000,0.000,3.500
2019-04-02 04:00:00,7.110,0.000,0.000,0.000,3.100
2019-04-02 05:00:00,6.950,0.000,0.000,0.000,2.600
2019-04-02 06:00:00,6.680,49.000,267.500,23.000,3.100
2019-04-02 07:00:00,6.120,184.000,521.700,59.000,5.100
2019-04-02 08:00:00,5.110,339.000,677.000,79.000,7.400
2019-04-02 09:00:00,5.170,479.000,757.600,95.000,9.600
2019-04-02 10:00:00,5.360,577.000,755.400,124.000,12.100
2019-04-02 11:00:00,5.950,595.000,636.900,177.000,13.900
2019-04-02 12:00:00,6.510,597.000,544.000,231.000,15.200
2019-04-02 13:00:00,7.300,495.000,348.800,269.000,15.800
2019-04-02 14:00:00,7.840,386.000,236.400,248.000,16.000
2019-04-02 15:00:00,7.990,286.000,163.100,207.000,16.100
2019-04-02 16:00:00,7.000,195.000,114.900,154.000,15.700
2019-04-02 17:00:00,6.220,92.000,28.700,86.000,14.900
2019-04-02 18:00:00,6.860,14.000,0.000,14.000,13.900
2019-04-02 19:00:00,7.370,0.000,0.000,0.000,12.900
2019-04-02 20:00:00,7.060,0.000,0.000,0.000,12.300
2019-04-02 21:00:00,7.010,0.000,0.000,0.000,11.500
2019-04-02 22:00:00,6.040,0.000,0.000,0.000,11.400
2019-04-02 23:00:00,6.450,0.000,0.000,0.000,10.600
2019-04-03 00:00:00,7.720,0.000,0.000,0.000,10.000
2019-04-03 01:00:00,7.600,0.000,0.000,0.000,9.700
2019-04-03 02:00:00,6.930,0.000,0.000,0.000,9.500
2019-04-03 03:00:00,6.250,0.000,0.000,0.000,9.000
2019-04-03 04:00:00,6.020,0.000,0.000,0.000,8.700
2019-04-03 05:00:00,5.480,0.000,0.000,0.000,8.400
2019-04-03 06:00:00,4.400,22.000,0.000,22.000,8.900
2019-04-03 07:00:00,3.010,138.000,154.700,100.000,9.800
2019-04-03 08:00:00,1.710,229.000,192.400,154.000,10.600
2019-04-03 09:00:00,2.480,203.000,52.700,176.000,11.100
2019-04-03 10:00:00,3.750,159.000,9.900,153.000,11.300
2019-04-03 11:00:00,4.390,235.000,9.100,229.000,12.000
2019-04-03 12:00:00,5.020,312.000,38.400,286.000,12.600
2019-04-03 13:00:00,5.260,365.000,163.900,258.000,13.100
2019-04-03 14:00:00,4.880,315.000,142.800,231.000,13.400
2019-04-03 15:00:00,4.270,274.000,161.600,195.000,13.400
2019-04-03 16:00:00,4.120,196.000,191.100,127.000,13.300
2019-04-03 17:00:00,3.720,75.000,102.900,53.000,11.800
2019-04-03 18:00:00,1.240,20.000,95.300,12.000,11.800
2019-04-03 19:00:00,2.150,0.000,0.000,0.000,9.400
2019-04-03 20:00:00,4.380,0.000,0.000,0.000,8.300
2019-04-03 21:00:00,3.940,0.000,0.000,0.000,8.200
2019-04-03 22:00:00,3.210,0.000,0.000,0.000,8.000
2019-04-03 23:00:00,7.410,0.000,0.000,0.000,7.900
2019-04-04 00:00:00,7.730,0.000,0.000,0.000,7.100
2019-04-04 01:00:00,5.520,0.000,0.000,0.000,6.000
2019-04-04 02:00:00,3.360,0.000,0.000,0.000,5.400
2019-04-04 03:00:00,4.300,0.000,0.000,0.000,5.500
2019-04-04 04:00:00,3.710,0.000,0.000,0.000,5.600
2019-04-04 05:00:00,2.820,0.000,0.000,0.000,5.400
2019-04-04 06:00:00,3.220,30.000,58.200,24.000,6.000
2019-04-04 07:00:00,3.140,71.000,19.900,66.000,6.300
2019-04-04 08:00:00,2.530,140.000,37.900,125.000,7.100
2019-04-04 09:00:00,2.380,215.000,65.600,181.000,7.700
2019-04-04 10:00:00,2.750,265.000,49.100,235.000,7.800
2019-04-04 11:00:00,2.670,282.000,60.000,242.000,8.300
2019-04-04 12:00:00,2.750,296.000,99.600,228.000,8.900
2019-04-04 13:00:00,3.310,226.000,12.200,218.000,9.300
2019-04-04 14:00:00,3.280,171.000,27.000,155.000,9.600
2019-04-04 15:00:00,2.590,158.000,52.700,132.000,9.900
2019-04-04 16:00:00,1.020,95.000,21.900,87.000,9.700
2019-04-04 17:00:00,2.410,41.000,18.300,37.000,9.400
2019-04-04 18:00:00,5.120,15.000,0.000,15.000,8.800
2019-04-04 19:00:00,6.090,0.000,0.000,0.000,8.400
2019-04-04 20:00:00,6.520,0.000,0.000,0.000,8.200
2019-04-04 21:00:00,6.300,0.000,0.000,0.000,7.700
2019-04-04 22:00:00,5.640,0.000,0.000,0.000,7.200
2019-04-04 23:00:00,6.000,0.000,0.000,0.000,7.100
2019-04-05 00:00:00,6.220,0.000,0.000,0.000,7.000
2019-04-05 01:00:00,6.180,0.000,0.000,0.000,6.800
2019-04-05 02:00:00,5.880,0.000,0.000,0.000,6.700
2019-04-05 03:00:00,5.790,0.000,0.000,0.000,6.700
2019-04-05 04:00:00,6.180,0.000,0.000,0.000,6.500
2019-04-05 05:00:00,5.500,0.000,0.000,0.000,6.500
2019-04-05 06:00:00,4.850,26.000,9.400,25.000,6.700
2019-04-05 07:00:00,4.130,53.000,3.900,52.000,6.800
2019-04-05 08:00:00,3.800,77.000,0.000,77.000,6.800
2019-04-05 09:00:00,3.690,130.000,3.800,128.000,7.100
2019-04-05 10:00:00,3.550,181.000,13.000,173.000,7.600
2019-04-05 11:00:00,2.160,191.000,10.400,184.000,7.800
2019-04-05 12:00:00,1.170,169.000,2.900,167.000,7.900
2019-04-05 13:00:00,1.430,154.000,6.000,150.000,8.100
2019-04-05 14:00:00,1.120,139.000,8.400,134.000,8.200
2019-04-05 15:00:00,0.300,101.000,6.000,98.000,8.400
2019-04-05 16:00:00,1.340,76.000,5.400,74.000,8.500
2019-04-05 17:00:00,1.520,44.000,4.500,43.000,8.400
2019-04-05 18:00:00,0.890,11.000,0.000,11.000,8.100
2019-04-05 19:00:00,0.720,0.000,0.000,0.000,8.200
2019-04-05 20:00:00,1.610,0.000,0.000,0.000,8.000
2019-04-05 21:00:00,2.150,0.000,0.000,0.000,7.700
2019-04-05 22:00:00,2.780,0.000,0.000,0.000,7.100
2019-04-05 23:00:00,3.540,0.000,0.000,0.000,6.400
2019-04-06 00:00:00,4.360,0.000,0.000,0.000,6.500
2019-04-06 01:00:00,4.740,0.000,0.000,0.000,6.200
2019-04-06 02:00:00,4.960,0.000,0.000,0.000,6.300
2019-04-06 03:00:00,5.230,0.000,0.000,0.000,6.100
2019-04-06 04:00:00,5.500,0.000,0.000,0.000,5.900
2019-04-06 05:00:00,5.110,1.000,0.000,1.000,5.700
2019-04-06 06:00:00,4.510,59.000,211.000,36.000,6.200
2019-04-06 07:00:00,3.400,201.000,509.100,67.000,7.200
2019-04-06 08:00:00,3.010,319.000,481.700,123.000,8.900
2019-04-06 09:00:00,3.010,467.000,637.200,130.000,11.000
2019-04-06 10:00:00,2.330,596.000,784.500,109.000,12.900
2019-04-06 11:00:00,2.400,665.000,816.000,113.000,15.200
2019-04-06 12:00:00,2.550,692.000,843.800,108.000,17.700
2019-04-06 13:00:00,3.000,661.000,831.100,107.000,19.100
2019-04-06 14:00:00,3.830,555.000,749.400,104.000,19.800
2019-04-06 15:00:00,4.520,452.000,707.100,97.000,20.200
2019-04-06 16:00:00,4.720,247.000,443.600,81.000,20.000
2019-04-06 17:00:00,5.120,142.000,370.000,58.000,19.000
2019-04-06 18:00:00,6.050,33.000,154.700,19.000,16.900
2019-04-06 19:00:00,6.940,0.000,0.000,0.000,14.800
2019-04-06 20:00:00,7.610,0.000,0.000,0.000,13.800
2019-04-06 21:00:00,7.980,0.000,0.000,0.000,13.000
2019-04-06 22:00:00,8.410,0.000,0.000,0.000,12.300
2019-04-06 23:00:00,8.000,0.000,0.000,0.000,11.400
2019-04-07 00:00:00,7.340,0.000,0.000,0.000,10.500
2019-04-07 01:00:00,6.680,0.000,0.000,0.000,9.600
2019-04-07 02:00:00,6.200,0.000,0.000,0.000,8.600
2019-04-07 03:00:00,5.790,0.000,0.000,0.000,7.900
2019-04-07 04:00:00,5.910,0.000,0.000,0.000,7.400
2019-04-07 05:00:00,6.400,1.000,0.000,1.000,6.800
2019-04-07 06:00:00,6.200,69.000,335.000,31.000,7.500
2019-04-07 07:00:00,5.000,212.000,550.400,64.000,10.100
2019-04-07 08:00:00,3.910,368.000,691.100,83.000,12.700
2019-04-07 09:00:00,4.490,509.000,773.200,96.000,15.100
2019-04-07 10:00:00,4.790,619.000,822.800,104.000,17.400
2019-04-07 11:00:00,5.520,687.000,848.300,109.000,18.600
2019-04-07 12:00:00,5.400,696.000,829.600,118.000,19.300
2019-04-07 13:00:00,5.100,639.000,757.000,131.000,19.700
2019-04-07 14:00:00,4.900,570.000,767.100,105.000,19.800
2019-04-07 15:00:00,4.810,398.000,578.600,105.000,19.600
2019-04-07 16:00:00,4.550,298.000,554.800,88.000,19.300
2019-04-07 17:00:00,4.660,169.000,475.400,59.000,18.200
2019-04-07 18:00:00,5.250,40.000,226.700,19.000,16.100
2019-04-07 19:00:00,6.070,0.000,0.000,0.000,13.900
2019-04-07 20:00:00,6.580,0.000,0.000,0.000,12.300
2019-04-07 21:00:00,6.720,0.000,0.000,0.000,11.400
2019-04-07 22:00:00,6.530,0.000,0.000,0.000,10.100
2019-04-07 23:00:00,6.050,0.000,0.000,0.000,9.600
2019-04-08 00:00:00,5.500,0.000,0.000,0.000,8.500
2019-04-08 01:00:00,4.730,0.000,0.000,0.000,7.300
2019-04-08 02:00:00,4.210,0.000,0.000,0.000,6.400
2019-04-08 03:00:00,3.920,0.000,0.000,0.000,5.300
2019-04-08 04:00:00,4.100,0.000,0.000,0.000,5.000
2019-04-08 05:00:00,4.510,2.000,0.000,2.000,4.200
2019-04-08 06:00:00,4.520,76.000,360.700,33.000,5.700
2019-04-08 07:00:00,3.420,219.000,542.700,70.000,9.300
2019-04-08 08:00:00,2.060,376.000,701.200,83.000,12.500
2019-04-08 09:00:00,2.270,519.000,786.100,95.000,14.900
2019-04-08 10:00:00,3.140,629.000,833.800,103.000,17.100
2019-04-08 11:00:00,3.240,694.000,852.600,109.000,18.300
2019-04-08 12:00:00,3.140,726.000,886.900,104.000,19.000
2019-04-08 13:00:00,3.320,677.000,831.900,115.000,19.200
2019-04-08 14:00:00,3.690,599.000,815.800,101.000,19.300
2019-04-08 15:00:00,4.500,437.000,652.200,104.000,18.900
2019-04-08 16:00:00,5.580,311.000,587.800,86.000,18.000
2019-04-08 17:00:00,6.690,165.000,445.500,60.000,16.400
2019-04-08 18:00:00,7.210,40.000,200.500,21.000,14.400
2019-04-08 19:00:00,7.400,0.000,0.000,0.000,12.300
2019-04-08 20:00:00,7.430,0.000,0.000,0.000,10.800
2019-04-08 21:00:00,7.180,0.000,0.000,0.000,9.800
2019-04-08 22:00:00,6.740,0.000,0.000,0.000,8.400
2019-04-08 23:00:00,6.770,0.000,0.000,0.000,7.300
2019-04-09 00:00:00,6.580,0.000,0.000,0.000,6.300
2019-04-09 01:00:00,6.400,0.000,0.000,0.000,5.300
2019-04-09 02:00:00,6.540,0.000,0.000,0.000,4.500
2019-04-09 03:00:00,6.800,0.000,0.000,0.000,3.800
2019-04-09 04:00:00,6.960,0.000,0.000,0.000,3.200
2019-04-09 05:00:00,6.860,3.000,19.100,2.000,2.600
2019-04-09 06:00:00,7.020,77.000,336.200,35.000,3.100
2019-04-09 07:00:00,6.440,168.000,221.400,106.000,4.400
2019-04-09 08:00:00,6.130,302.000,311.900,170.000,5.600
2019-04-09 09:00:00,5.810,386.000,319.500,212.000,7.000
2019-04-09 10:00:00,5.460,522.000,453.000,234.000,8.200
2019-04-09 11:00:00,5.410,535.000,418.300,246.000,9.200
2019-04-09 12:00:00,5.500,626.000,552.500,236.000,10.700
2019-04-09 13:00:00,5.650,675.000,763.400,156.000,12.100
2019-04-09 14:00:00,5.820,548.000,605.100,176.000,12.400
2019-04-09 15:00:00,6.080,447.000,576.900,150.000,12.400
2019-04-09 16:00:00,6.280,287.000,387.600,137.000,11.800
2019-04-09 17:00:00,6.320,165.000,350.100,81.000,10.800
2019-04-09 18:00:00,6.860,45.000,216.800,24.000,9.400
2019-04-09 19:00:00,7.470,0.000,0.000,0.000,7.600
2019-04-09 20:00:00,7.670,0.000,0.000,0.000,6.400
2019-04-09 21:00:00,7.650,0.000,0.000,0.000,5.400
2019-04-09 22:00:00,7.760,0.000,0.000,0.000,4.100
2019-04-09 23:00:00,7.270,0.000,0.000,0.000,3.000
2019-04-10 00:00:00,6.670,0.000,0.000,0.000,2.200
2019-04-10 01:00:00,6.400,0.000,0.000,0.000,1.500
2019-04-10 02:00:00,6.040,0.000,0.000,0.000,0.700
2019-04-10 03:00:00,6.020,0.000,0.000,0.000,0.100
2019-04-10 04:00:00,6.260,0.000,0.000,0.000,-0.200
2019-04-10 05:00:00,6.330,3.000,19.100,2.000,-0.400
2019-04-10 06:00:00,5.610,72.000,260.300,38.000,0.800
2019-04-10 07:00:00,5.360,172.000,294.100,88.000,2.900
2019-04-10 08:00:00,5.220,313.000,436.400,126.000,4.900
2019-04-10 09:00:00,5.140,393.000,465.800,137.000,6.400
2019-04-10 10:00:00,4.480,582.000,703.900,131.000,7.400
2019-04-10 11:00:00,4.300,570.000,557.900,182.000,8.100
2019-04-10 12:00:00,3.940,539.000,451.900,218.000,8.900
2019-04-10 13:00:00,4.060,520.000,339.100,288.000,9.600
2019-04-10 14:00:00,4.330,461.000,373.200,230.000,10.200
2019-04-10 15:00:00,4.340,406.000,391.100,203.000,10.500
2019-04-10 16:00:00,4.420,280.000,360.500,139.000,10.300
2019-04-10 17:00:00,4.640,148.000,294.800,76.000,9.500
2019-04-10 18:00:00,5.260,38.000,121.200,26.000,7.800
2019-04-10 19:00:00,6.100,0.000,0.000,0.000,6.400
2019-04-10 20:00:00,6.440,0.000,0.000,0.000,5.500
2019-04-10 21:00:00,6.300,0.000,0.000,0.000,4.800
2019-04-10 22:00:00,5.950,0.000,0.000,0.000,4.500
2019-04-10 23:00:00,6.080,0.000,0.000,0.000,3.900
2019-04-11 00:00:00,6.220,0.000,0.000,0.000,3.600
2019-04-11 01:00:00,6.100,0.000,0.000,0.000,3.500
2019-04-11 02:00:00,5.820,0.000,0.000,0.000,3.300
2019-04-11 03:00:00,5.790,0.000,0.000,0.000,2.900
2019-04-11 04:00:00,5.870,0.000,0.000,0.000,2.300
2019-04-11 05:00:00,5.660,2.000,0.000,2.000,2.000
2019-04-11 06:00:00,5.000,50.000,117.400,34.000,2.300
2019-04-11 07:00:00,4.810,140.000,168.300,91.000,3.300
2019-04-11 08:00:00,4.490,223.000,195.900,138.000,4.600
2019-04-11 09:00:00,4.390,353.000,317.300,177.000,5.900
2019-04-11 10:00:00,4.180,488.000,402.800,228.000,6.500
2019-04-11 11:00:00,3.980,524.000,397.100,246.000,7.100
2019-04-11 12:00:00,3.970,425.000,184.700,293.000,7.100
2019-04-11 13:00:00,4.050,377.000,122.000,293.000,7.400
2019-04-11 14:00:00,4.300,196.000,20.900,183.000,7.000
2019-04-11 15:00:00,4.650,229.000,93.700,180.000,7.000
2019-04-11 16:00:00,5.200,141.000,48.100,122.000,6.700
2019-04-11 17:00:00,5.540,88.000,72.500,70.000,6.400
2019-04-11 18:00:00,5.290,25.000,49.500,20.000,5.800
2019-04-11 19:00:00,5.150,0.000,0.000,0.000,5.400
2019-04-11 20:00:00,5.190,0.000,0.000,0.000,5.200
2019-04-11 21:00:00,5.310,0.000,0.000,0.000,4.900
2019-04-11 22:00:00,4.920,0.000,0.000,0.000,4.500
2019-04-11 23:00:00,5.550,0.000,0.000,0.000,4.100
2019-04-12 00:00:00,5.690,0.000,0.000,0.000,3.600
2019-04-12 01:00:00,5.570,0.000,0.000,0.000,3.500
2019-04-12 02:00:00,5.570,0.000,0.000,0.000,3.200
2019-04-12 03:00:00,5.520,0.000,0.000,0.000,2.900
2019-04-12 04:00:00,5.410,0.000,0.000,0.000,2.500
2019-04-12 05:00:00,5.550,5.000,19.100,4.000,2.100
2019-04-12 06:00:00,5.200,81.000,274.800,42.000,2.200
2019-04-12 07:00:00,5.280,187.000,367.500,78.000,2.700
2019-04-12 08:00:00,5.870,282.000,380.300,115.000,3.100
2019-04-12 09:00:00,6.590,394.000,430.600,153.000,3.800
2019-04-12 10:00:00,6.100,430.000,350.600,202.000,4.000
2019-04-12 11:00:00,6.280,350.000,157.500,239.000,4.400
2019-04-12 12:00:00,5.730,377.000,132.100,282.000,4.900
2019-04-12 13:00:00,6.390,357.000,124.100,271.000,4.900
2019-04-12 14:00:00,6.070,382.000,213.600,248.000,5.200
2019-04-12 15:00:00,6.320,307.000,132.800,237.000,5.100
2019-04-12 16:00:00,6.040,235.000,257.900,132.000,5.100
2019-04-12 17:00:00,5.290,128.000,221.700,72.000,4.200
2019-04-12 18:00:00,4.880,44.000,145.400,29.000,3.800
2019-04-12 19:00:00,4.880,0.000,0.000,0.000,3.100
2019-04-12 20:00:00,4.890,0.000,0.000,0.000,2.800
2019-04-12 21:00:00,4.880,0.000,0.000,0.000,2.500
2019-04-12 22:00:00,4.780,0.000,0.000,0.000,2.100
2019-04-12 23:00:00,4.810,0.000,0.000,0.000,1.700
2019-04-13 00:00:00,5.110,0.000,0.000,0.000,1.300
2019-04-13 01:00:00,5.400,0.000,0.000,0.000,1.100
2019-04-13 02:00:00,5.660,0.000,0.000,0.000,1.100
2019-04-13 03:00:00,5.660,0.000,0.000,0.000,0.700
2019-04-13 04:00:00,5.450,0.000,0.000,0.000,0.800
2019-04-13 05:00:00,5.170,6.000,19.100,5.000,0.900
2019-04-13 06:00:00,4.740,81.000,230.400,47.000,1.100
2019-04-13 07:00:00,4.480,149.000,132.400,109.000,1.500
2019-04-13 08:00:00,4.740,280.000,267.800,161.000,2.100
2019-04-13 09:00:00,4.310,303.000,131.000,229.000,2.600
2019-04-13 10:00:00,4.340,239.000,77.900,188.000,2.800
2019-04-13 11:00:00,4.390,535.000,415.900,240.000,3.800
2019-04-13 12:00:00,4.160,639.000,544.600,245.000,4.800
2019-04-13 13:00:00,4.120,638.000,624.100,203.000,5.500
2019-04-13 14:00:00,4.210,555.000,574.900,192.000,6.100
2019-04-13 15:00:00,4.630,390.000,438.500,157.000,5.900
2019-04-13 16:00:00,5.190,259.000,275.100,148.000,5.100
2019-04-13 17:00:00,5.350,152.000,276.400,81.000,4.900
2019-04-13 18:00:00,5.250,46.000,171.100,28.000,4.400
2019-04-13 19:00:00,5.460,1.000,0.000,1.000,3.900
2019-04-13 20:00:00,5.900,0.000,0.000,0.000,3.600
2019-04-13 21:00:00,6.170,0.000,0.000,0.000,3.300
2019-04-13 22:00:00,6.400,0.000,0.000,0.000,3.000
2019-04-13 23:00:00,6.800,0.000,0.000,0.000,2.500
2019-04-14 00:00:00,6.690,0.000,0.000,0.000,2.000
2019-04-14 01:00:00,6.520,0.000,0.000,0.000,1.500
2019-04-14 02:00:00,6.220,0.000,0.000,0.000,1.100
2019-04-14 03:00:00,5.800,0.000,0.000,0.000,0.600
2019-04-14 04:00:00,5.630,0.000,0.000,0.000,0.100
2019-04-14 05:00:00,5.580,8.000,38.000,6.000,-0.100
2019-04-14 06:00:00,5.470,94.000,339.600,42.000,0.700
2019-04-14 07:00:00,4.750,234.000,478.200,87.000,2.400
2019-04-14 08:00:00,5.420,359.000,527.300,122.000,3.900
2019-04-14 09:00:00,5.730,439.000,410.800,205.000,5.100
2019-04-14 10:00:00,5.220,402.000,218.200,258.000,5.700
2019-04-14 11:00:00,5.950,311.000,82.700,252.000,5.900
2019-04-14 12:00:00,6.170,237.000,9.600,230.000,5.700
2019-04-14 13:00:00,6.060,196.000,4.300,193.000,5.400
2019-04-14 14:00:00,6.100,159.000,15.700,149.000,5.200
2019-04-14 15:00:00,6.300,144.000,7.500,140.000,5.300
2019-04-14 16:00:00,6.130,80.000,7.400,77.000,5.400
2019-04-14 17:00:00,5.680,49.000,0.000,49.000,5.500
2019-04-14 18:00:00,5.280,15.000,0.000,15.000,5.600
2019-04-14 19:00:00,5.020,0.000,0.000,0.000,5.600
2019-04-14 20:00:00,5.110,0.000,0.000,0.000,5.400
2019-04-14 21:00:00,5.740,0.000,0.000,0.000,5.600
2019-04-14 22:00:00,6.500,0.000,0.000,0.000,5.800
2019-04-14 23:00:00,6.440,0.000,0.000,0.000,5.800
2019-04-15 00:00:00,6.450,0.000,0.000,0.000,5.200
2019-04-15 01:00:00,6.690,0.000,0.000,0.000,4.600
2019-04-15 02:00:00,6.800,0.000,0.000,0.000,3.900
2019-04-15 03:00:00,6.740,0.000,0.000,0.000,3.500
2019-04-15 04:00:00,6.600,0.000,0.000,0.000,2.800
2019-04-15 05:00:00,6.600,9.000,54.200,6.000,2.400
2019-04-15 06:00:00,6.450,99.000,359.200,42.000,3.400
2019-04-15 07:00:00,5.300,236.000,511.600,76.000,4.800
2019-04-15 08:00:00,5.060,411.000,703.900,91.000,6.500
2019-04-15 09:00:00,5.050,548.000,772.800,104.000,8.300
2019-04-15 10:00:00,5.100,662.000,833.800,108.000,10.200
2019-04-15 11:00:00,5.000,727.000,857.700,111.000,11.700
2019-04-15 12:00:00,5.020,745.000,864.600,112.000,12.800
2019-04-15 13:00:00,5.050,713.000,855.000,110.000,13.500
2019-04-15 14:00:00,5.010,635.000,831.900,103.000,13.900
2019-04-15 15:00:00,5.400,516.000,780.500,95.000,14.100
2019-04-15 16:00:00,5.700,369.000,699.600,81.000,13.700
2019-04-15 17:00:00,5.710,210.000,558.200,62.000,13.100
2019-04-15 18:00:00,6.230,68.000,346.100,30.000,11.500
2019-04-15 19:00:00,7.050,1.000,0.000,1.000,9.600
2019-04-15 20:00:00,7.540,0.000,0.000,0.000,8.300
2019-04-15 21:00:00,7.950,0.000,0.000,0.000,7.600
2019-04-15 22:00:00,8.430,0.000,0.000,0.000,6.700
2019-04-15 23:00:00,8.410,0.000,0.000,0.000,6.100
2019-04-16 00:00:00,7.900,0.000,0.000,0.000,5.100
2019-04-16 01:00:00,7.520,0.000,0.000,0.000,4.200
2019-04-16 02:00:00,7.450,0.000,0.000,0.000,3.300
2019-04-16 03:00:00,7.470,0.000,0.000,0.000,2.700
2019-04-16 04:00:00,7.240,0.000,0.000,0.000,2.100
2019-04-16 05:00:00,7.330,11.000,68.800,7.000,1.700
2019-04-16 06:00:00,7.520,114.000,426.400,44.000,3.200
2019-04-16 07:00:00,6.300,270.000,625.600,71.000,5.200
2019-04-16 08:00:00,6.110,428.000,741.800,87.000,7.600
2019-04-16 09:00:00,6.140,568.000,809.400,99.000,10.000
2019-04-16 10:00:00,6.480,676.000,850.400,107.000,12.100
2019-04-16 11:00:00,6.990,738.000,869.100,110.000,13.400
2019-04-16 12:00:00,6.900,754.000,870.600,113.000,14.300
2019-04-16 13:00:00,6.670,722.000,868.400,106.000,15.100
2019-04-16 14:00:00,6.650,642.000,837.600,103.000,15.700
2019-04-16 15:00:00,6.820,523.000,787.700,95.000,15.800
2019-04-16 16:00:00,6.870,375.000,704.800,82.000,15.700
2019-04-16 17:00:00,7.010,214.000,560.800,63.000,15.300
2019-04-16 18:00:00,7.840,70.000,341.900,31.000,13.900
2019-04-16 19:00:00,8.350,2.000,0.000,2.000,11.700
2019-04-16 20:00:00,8.510,0.000,0.000,0.000,10.500
2019-04-16 21:00:00,8.710,0.000,0.000,0.000,10.200
2019-04-16 22:00:00,9.390,0.000,0.000,0.000,9.200
2019-04-16 23:00:00,9.180,0.000,0.000,0.000,8.500
2019-04-17 00:00:00,8.780,0.000,0.000,0.000,7.800
2019-04-17 01:00:00,8.490,0.000,0.000,0.000,7.200
2019-04-17 02:00:00,8.190,0.000,0.000,0.000,6.400
2019-04-17 03:00:00,8.170,0.000,0.000,0.000,5.900
2019-04-17 04:00:00,8.490,0.000,0.000,0.000,5.400
2019-04-17 05:00:00,8.590,13.000,82.200,8.000,5.200
2019-04-17 06:00:00,8.000,120.000,442.100,45.000,7.000
2019-04-17 07:00:00,6.670,277.000,637.100,71.000,9.100
2019-04-17 08:00:00,6.330,436.000,751.000,87.000,11.300
2019-04-17 09:00:00,6.480,577.000,818.200,99.000,13.400
2019-04-17 10:00:00,6.870,684.000,858.100,106.000,15.100
2019-04-17 11:00:00,7.400,749.000,877.700,111.000,16.200
2019-04-17 12:00:00,7.240,765.000,881.900,112.000,17.000
2019-04-17 13:00:00,6.840,732.000,873.400,109.000,17.500
2019-04-17 14:00:00,6.400,652.000,848.000,103.000,17.800
2019-04-17 15:00:00,6.380,533.000,800.300,95.000,17.900
2019-04-17 16:00:00,6.460,384.000,717.200,83.000,17.500
2019-04-17 17:00:00,6.360,223.000,581.700,64.000,16.800
2019-04-17 18:00:00,6.750,75.000,363.400,32.000,15.300
2019-04-17 19:00:00,7.320,2.000,0.000,2.000,13.200
2019-04-17 20:00:00,7.620,0.000,0.000,0.000,12.000
2019-04-17 21:00:00,7.640,0.000,0.000,0.000,11.300
2019-04-17 22:00:00,8.200,0.000,0.000,0.000,10.300
2019-04-17 23:00:00,8.200,0.000,0.000,0.000,9.800
2019-04-18 00:00:00,7.800,0.000,0.000,0.000,8.900
2019-04-18 01:00:00,7.500,0.000,0.000,0.000,8.200
2019-04-18 02:00:00,7.400,0.000,0.000,0.000,7.400
2019-04-18 03:00:00,7.110,0.000,0.000,0.000,6.900
2019-04-18 04:00:00,6.820,0.000,0.000,0.000,6.200
2019-04-18 05:00:00,6.630,15.000,94.500,9.000,6.000
2019-04-18 06:00:00,6.210,122.000,434.200,46.000,7.900
2019-04-18 07:00:00,5.000,276.000,621.000,72.000,10.500
2019-04-18 08:00:00,4.800,433.000,734.500,88.000,13.400
2019-04-18 09:00:00,5.000,572.000,801.500,100.000,15.800
2019-04-18 10:00:00,5.710,679.000,842.100,108.000,18.000
2019-04-18 11:00:00,6.600,743.000,863.000,112.000,19.300
2019-04-18 12:00:00,7.450,759.000,867.700,113.000,20.000
2019-04-18 13:00:00,7.350,726.000,856.000,112.000,20.500
2019-04-18 14:00:00,7.400,646.000,830.600,105.000,20.700
2019-04-18 15:00:00,7.480,527.000,780.200,97.000,20.700
2019-04-18 16:00:00,7.060,374.000,658.600,95.000,20.400
2019-04-18 17:00:00,6.710,223.000,573.100,64.000,19.600
2019-04-18 18:00:00,6.810,78.000,359.100,34.000,17.900
2019-04-18 19:00:00,7.340,3.000,19.100,2.000,15.600
2019-04-18 20:00:00,7.880,0.000,0.000,0.000,14.300
2019-04-18 21:00:00,8.240,0.000,0.000,0.000,13.200
2019-04-18 22:00:00,8.570,0.000,0.000,0.000,12.400
2019-04-18 23:00:00,8.680,0.000,0.000,0.000,11.400
2019-04-19 00:00:00,8.230,0.000,0.000,0.000,10.500
2019-04-19 01:00:00,7.610,0.000,0.000,0.000,9.400
2019-04-19 02:00:00,7.400,0.000,0.000,0.000,8.500
2019-04-19 03:00:00,7.200,0.000,0.000,0.000,8.000
2019-04-19 04:00:00,7.110,0.000,0.000,0.000,7.600
2019-04-19 05:00:00,7.020,17.000,105.800,10.000,7.200
2019-04-19 06:00:00,6.730,126.000,438.000,47.000,9.400
2019-04-19 07:00:00,5.520,281.000,626.400,72.000,11.900
2019-04-19 08:00:00,5.060,439.000,737.500,89.000,14.800
2019-04-19 09:00:00,4.810,577.000,803.600,100.000,17.200
2019-04-19 10:00:00,4.870,683.000,842.500,108.000,19.500
2019-04-19 11:00:00,5.300,746.000,862.200,112.000,21.000
2019-04-19 12:00:00,5.770,762.000,865.700,114.000,21.600
2019-04-19 13:00:00,5.820,729.000,856.900,111.000,22.000
2019-04-19 14:00:00,5.820,650.000,830.300,106.000,22.300
2019-04-19 15:00:00,5.850,531.000,782.000,97.000,22.300
2019-04-19 16:00:00,5.580,384.000,704.100,83.000,22.000
2019-04-19 17:00:00,5.390,226.000,572.100,65.000,21.300
2019-04-19 18:00:00,5.820,80.000,363.000,34.000,19.300
2019-04-19 19:00:00,6.500,3.000,19.100,2.000,16.700
2019-04-19 20:00:00,7.240,0.000,0.000,0.000,15.200
2019-04-19 21:00:00,8.100,0.000,0.000,0.000,14.100
2019-04-19 22:00:00,8.760,0.000,0.000,0.000,13.200
2019-04-19 23:00:00,8.400,0.000,0.000,0.000,12.200
2019-04-20 00:00:00,7.720,0.000,0.000,0.000,10.700
2019-04-20 01:00:00,7.030,0.000,0.000,0.000,9.900
2019-04-20 02:00:00,6.420,0.000,0.000,0.000,8.900
2019-04-20 03:00:00,5.900,0.000,0.000,0.000,8.000
2019-04-20 04:00:00,5.610,0.000,0.000,0.000,7.200
2019-04-20 05:00:00,5.610,19.000,116.300,11.000,6.900
2019-04-20 06:00:00,5.360,134.000,457.900,49.000,9.000
2019-04-20 07:00:00,4.030,291.000,640.700,74.000,11.400
2019-04-20 08:00:00,3.480,450.000,751.000,90.000,14.100
2019-04-20 09:00:00,3.220,590.000,817.600,101.000,16.600
2019-04-20 10:00:00,3.550,697.000,857.500,108.000,18.500
2019-04-20 11:00:00,3.550,762.000,877.600,113.000,20.000
2019-04-20 12:00:00,3.610,778.000,882.400,114.000,20.800
2019-04-20 13:00:00,3.470,744.000,871.700,112.000,21.300
2019-04-20 14:00:00,3.110,663.000,845.300,106.000,21.500
2019-04-20 15:00:00,2.980,544.000,798.100,98.000,21.500
2019-04-20 16:00:00,3.440,395.000,718.600,85.000,21.100
2019-04-20 17:00:00,4.280,235.000,592.100,66.000,20.200
2019-04-20 18:00:00,5.380,86.000,382.000,36.000,18.000
2019-04-20 19:00:00,6.530,4.000,19.100,3.000,15.400
2019-04-20 20:00:00,6.990,0.000,0.000,0.000,13.400
2019-04-20 21:00:00,6.930,0.000,0.000,0.000,11.900
2019-04-20 22:00:00,6.720,0.000,0.000,0.000,10.700
2019-04-20 23:00:00,6.400,0.000,0.000,0.000,9.500
2019-04-21 00:00:00,5.910,0.000,0.000,0.000,7.900
2019-04-21 01:00:00,5.700,0.000,0.000,0.000,6.900
2019-04-21 02:00:00,5.700,0.000,0.000,0.000,5.900
2019-04-21 03:00:00,5.710,0.000,0.000,0.000,5.400
2019-04-21 04:00:00,5.630,0.000,0.000,0.000,5.000
2019-04-21 05:00:00,5.460,22.000,140.100,12.000,4.700
2019-04-21 06:00:00,4.980,140.000,471.600,50.000,7.600
2019-04-21 07:00:00,3.450,299.000,654.700,74.000,10.600
2019-04-21 08:00:00,2.940,459.000,760.100,91.000,13.600
2019-04-21 09:00:00,2.750,598.000,824.700,101.000,16.400
2019-04-21 10:00:00,3.340,704.000,860.900,109.000,18.800
2019-04-21 11:00:00,3.730,766.000,878.200,113.000,20.100
2019-04-21 12:00:00,3.400,781.000,881.800,114.000,20.800
2019-04-21 13:00:00,3.270,747.000,871.200,112.000,21.500
2019-04-21 14:00:00,3.320,666.000,843.500,107.000,21.700
2019-04-21 15:00:00,3.570,546.000,796.400,98.000,21.800
2019-04-21 16:00:00,4.030,398.000,719.200,85.000,21.500
2019-04-21 17:00:00,4.540,237.000,587.400,67.000,20.900
2019-04-21 18:00:00,5.480,88.000,377.700,37.000,19.100
2019-04-21 19:00:00,6.040,5.000,19.100,4.000,16.100
2019-04-21 20:00:00,6.290,0.000,0.000,0.000,14.000
2019-04-21 21:00:00,6.460,0.000,0.000,0.000,12.700
2019-04-21 22:00:00,7.500,0.000,0.000,0.000,11.600
2019-04-21 23:00:00,7.730,0.000,0.000,0.000,10.800
2019-04-22 00:00:00,7.830,0.000,0.000,0.000,10.000
2019-04-22 01:00:00,7.940,0.000,0.000,0.000,9.400
2019-04-22 02:00:00,7.940,0.000,0.000,0.000,8.600
2019-04-22 03:00:00,7.940,0.000,0.000,0.000,8.100
2019-04-22 04:00:00,7.910,0.000,0.000,0.000,8.000
2019-04-22 05:00:00,7.750,24.000,148.900,13.000,7.900
2019-04-22 06:00:00,7.570,142.000,464.400,51.000,10.800
2019-04-22 07:00:00,6.620,300.000,645.500,75.000,13.300
2019-04-22 08:00:00,6.430,457.000,750.800,90.000,15.700
2019-04-22 09:00:00,6.550,595.000,813.800,101.000,17.700
2019-04-22 10:00:00,7.180,700.000,850.000,109.000,18.900
2019-04-22 11:00:00,8.080,763.000,869.500,113.000,19.600
2019-04-22 12:00:00,8.690,779.000,874.700,114.000,20.100
2019-04-22 13:00:00,8.930,747.000,866.800,112.000,20.400
2019-04-22 14:00:00,9.200,668.000,843.400,106.000,20.500
2019-04-22 15:00:00,9.450,551.000,800.000,98.000,20.300
2019-04-22 16:00:00,9.720,403.000,724.400,85.000,19.800
2019-04-22 17:00:00,10.210,242.000,596.600,67.000,18.700
2019-04-22 18:00:00,10.770,92.000,388.100,38.000,17.200
2019-04-22 19:00:00,11.230,6.000,38.200,4.000,15.600
2019-04-22 20:00:00,11.260,0.000,0.000,0.000,14.700
2019-04-22 21:00:00,10.820,0.000,0.000,0.000,13.800
2019-04-22 22:00:00,11.380,0.000,0.000,0.000,12.500
2019-04-22 23:00:00,11.110,0.000,0.000,0.000,11.800
2019-04-23 00:00:00,11.160,0.000,0.000,0.000,11.400
2019-04-23 01:00:00,11.090,0.000,0.000,0.000,11.200
2019-04-23 02:00:00,10.850,0.000,0.000,0.000,10.900
2019-04-23 03:00:00,10.850,0.000,0.000,0.000,10.700
2019-04-23 04:00:00,10.890,0.000,0.000,0.000,10.300
2019-04-23 05:00:00,10.940,26.000,157.100,14.000,10.500
2019-04-23 06:00:00,10.510,147.000,472.600,52.000,11.500
2019-04-23 07:00:00,11.110,304.000,645.100,76.000,12.900
2019-04-23 08:00:00,11.340,462.000,747.900,93.000,14.300
2019-04-23 09:00:00,11.540,599.000,811.300,103.000,15.700
2019-04-23 10:00:00,10.620,703.000,846.400,111.000,17.000
2019-04-23 11:00:00,11.120,764.000,863.700,115.000,18.100
2019-04-23 12:00:00,11.600,777.000,865.200,116.000,18.900
2019-04-23 13:00:00,12.200,661.000,664.200,172.000,19.400
2019-04-23 14:00:00,12.120,424.000,307.500,218.000,19.400
2019-04-23 15:00:00,12.480,216.000,10.500,210.000,19.100
2019-04-23 16:00:00,11.680,176.000,58.700,150.000,19.100
2019-04-23 17:00:00,10.920,126.000,185.100,71.000,18.400
2019-04-23 18:00:00,10.430,66.000,167.600,42.000,17.600
2019-04-23 19:00:00,10.260,5.000,19.100,4.000,16.700
2019-04-23 20:00:00,10.370,0.000,0.000,0.000,15.600
2019-04-23 21:00:00,10.530,0.000,0.000,0.000,14.900
2019-04-23 22:00:00,10.090,0.000,0.000,0.000,14.500
2019-04-23 23:00:00,9.950,0.000,0.000,0.000,13.900
2019-04-24 00:00:00,9.670,0.000,0.000,0.000,13.400
2019-04-24 01:00:00,9.330,0.000,0.000,0.000,13.100
2019-04-24 02:00:00,9.180,0.000,0.000,0.000,12.800
2019-04-24 03:00:00,9.160,0.000,0.000,0.000,12.400
2019-04-24 04:00:00,8.500,0.000,0.000,0.000,12.300
2019-04-24 05:00:00,8.130,15.000,50.700,11.000,12.100
2019-04-24 06:00:00,7.660,74.000,43.700,65.000,12.200
2019-04-24 07:00:00,6.500,175.000,203.800,102.000,13.400
2019-04-24 08:00:00,5.610,321.000,391.700,126.000,15.400
2019-04-24 09:00:00,5.480,534.000,667.600,123.000,17.300
2019-04-24 10:00:00,4.610,683.000,813.200,111.000,19.100
2019-04-24 11:00:00,4.910,738.000,823.500,116.000,20.700
2019-04-24 12:00:00,5.520,757.000,835.000,116.000,22.200
2019-04-24 13:00:00,5.760,726.000,828.600,113.000,23.400
2019-04-24 14:00:00,6.300,643.000,786.800,113.000,24.100
2019-04-24 15:00:00,7.160,525.000,735.800,103.000,24.400
2019-04-24 16:00:00,7.650,373.000,600.300,105.000,24.000
2019-04-24 17:00:00,7.920,223.000,491.700,75.000,23.400
2019-04-24 18:00:00,8.790,84.000,258.100,46.000,22.200
2019-04-24 19:00:00,9.900,6.000,19.100,5.000,20.900
2019-04-24 20:00:00,11.100,0.000,0.000,0.000,19.800
2019-04-24 21:00:00,10.650,0.000,0.000,0.000,18.700
2019-04-24 22:00:00,7.750,0.000,0.000,0.000,16.700
2019-04-24 23:00:00,9.270,0.000,0.000,0.000,14.100
2019-04-25 00:00:00,6.130,0.000,0.000,0.000,12.500
2019-04-25 01:00:00,5.900,0.000,0.000,0.000,11.600
2019-04-25 02:00:00,4.020,0.000,0.000,0.000,10.500
2019-04-25 03:00:00,4.950,0.000,0.000,0.000,9.000
2019-04-25 04:00:00,6.260,0.000,0.000,0.000,8.700
2019-04-25 05:00:00,6.340,31.000,184.600,16.000,9.100
2019-04-25 06:00:00,6.100,153.000,474.300,53.000,11.100
2019-04-25 07:00:00,5.340,303.000,606.400,83.000,13.100
2019-04-25 08:00:00,5.800,440.000,619.200,129.000,15.300
2019-04-25 09:00:00,6.050,560.000,629.200,170.000,17.200
2019-04-25 10:00:00,6.530,683.000,774.700,135.000,19.000
2019-04-25 11:00:00,5.580,747.000,822.100,123.000,20.400
2019-04-25 12:00:00,4.370,748.000,802.500,129.000,21.200
2019-04-25 13:00:00,3.650,734.000,830.000,117.000,21.900
2019-04-25 14:00:00,4.110,658.000,813.800,107.000,22.600
2019-04-25 15:00:00,5.760,541.000,769.400,97.000,23.000
2019-04-25 16:00:00,6.900,390.000,642.100,101.000,23.100
2019-04-25 17:00:00,7.090,230.000,469.100,87.000,22.500
2019-04-25 18:00:00,8.200,82.000,171.900,56.000,21.600
2019-04-25 19:00:00,9.410,7.000,0.000,7.000,19.900
2019-04-25 20:00:00,10.250,0.000,0.000,0.000,18.800
2019-04-25 21:00:00,10.660,0.000,0.000,0.000,18.700
2019-04-25 22:00:00,9.020,0.000,0.000,0.000,17.900
2019-04-25 23:00:00,5.740,0.000,0.000,0.000,16.900
2019-04-26 00:00:00,4.550,0.000,0.000,0.000,14.700
2019-04-26 01:00:00,6.170,0.000,0.000,0.000,13.500
2019-04-26 02:00:00,6.090,0.000,0.000,0.000,12.900
2019-04-26 03:00:00,7.780,0.000,0.000,0.000,12.200
2019-04-26 04:00:00,8.230,0.000,0.000,0.000,11.500
2019-04-26 05:00:00,7.610,27.000,107.700,18.000,11.500
2019-04-26 06:00:00,7.630,128.000,320.000,59.000,12.600
2019-04-26 07:00:00,7.300,257.000,419.300,103.000,13.600
2019-04-26 08:00:00,7.120,410.000,546.800,133.000,14.900
2019-04-26 09:00:00,7.000,538.000,642.800,137.000,15.800
2019-04-26 10:00:00,7.560,599.000,655.200,133.000,16.000
2019-04-26 11:00:00,7.870,609.000,545.400,193.000,16.100
2019-04-26 12:00:00,7.620,527.000,335.500,267.000,15.200
2019-04-26 13:00:00,7.470,311.000,123.200,219.000,13.900
2019-04-26 14:00:00,7.910,302.000,135.200,210.000,12.900
2019-04-26 15:00:00,7.910,221.000,149.900,134.000,11.900
2019-04-26 16:00:00,7.690,147.000,74.900,113.000,11.300
2019-04-26 17:00:00,6.840,68.000,35.600,57.000,11.100
2019-04-26 18:00:00,5.970,26.000,12.900,24.000,10.700
2019-04-26 19:00:00,5.610,3.000,0.000,3.000,10.700
2019-04-26 20:00:00,5.360,0.000,0.000,0.000,10.600
2019-04-26 21:00:00,5.180,0.000,0.000,0.000,10.500
2019-04-26 22:00:00,4.480,0.000,0.000,0.000,9.800
2019-04-26 23:00:00,4.060,0.000,0.000,0.000,9.700
2019-04-27 00:00:00,4.620,0.000,0.000,0.000,9.600
2019-04-27 01:00:00,5.590,0.000,0.000,0.000,9.200
2019-04-27 02:00:00,5.740,0.000,0.000,0.000,8.800
2019-04-27 03:00:00,5.770,0.000,0.000,0.000,8.400
2019-04-27 04:00:00,5.520,0.000,0.000,0.000,7.900
2019-04-27 05:00:00,5.920,31.000,104.800,22.000,8.000
2019-04-27 06:00:00,5.980,159.000,458.500,58.000,9.700
2019-04-27 07:00:00,5.010,247.000,365.800,111.000,11.600
2019-04-27 08:00:00,5.160,428.000,589.300,127.000,13.300
2019-04-27 09:00:00,5.350,603.000,788.400,108.000,14.900
2019-04-27 10:00:00,4.940,692.000,807.000,115.000,15.700
2019-04-27 11:00:00,5.100,682.000,661.600,175.000,16.100
2019-04-27 12:00:00,6.180,707.000,715.700,150.000,16.300
2019-04-27 13:00:00,8.040,665.000,715.800,128.000,15.800
2019-04-27 14:00:00,6.070,420.000,324.600,198.000,11.600
2019-04-27 15:00:00,5.510,184.000,116.400,116.000,10.500
2019-04-27 16:00:00,4.510,126.000,6.600,123.000,9.800
2019-04-27 17:00:00,3.700,76.000,0.000,76.000,9.800
2019-04-27 18:00:00,3.910,45.000,6.300,44.000,9.300
2019-04-27 19:00:00,4.850,3.000,0.000,3.000,9.000
2019-04-27 20:00:00,5.260,0.000,0.000,0.000,8.500
2019-04-27 21:00:00,5.910,0.000,0.000,0.000,8.000
2019-04-27 22:00:00,5.070,0.000,0.000,0.000,8.300
2019-04-27 23:00:00,5.100,0.000,0.000,0.000,8.100
2019-04-28 00:00:00,5.080,0.000,0.000,0.000,7.900
2019-04-28 01:00:00,5.430,0.000,0.000,0.000,7.600
2019-04-28 02:00:00,5.360,0.000,0.000,0.000,7.400
2019-04-28 03:00:00,5.140,0.000,0.000,0.000,7.400
2019-04-28 04:00:00,5.070,0.000,0.000,0.000,7.300
2019-04-28 05:00:00,5.040,29.000,102.100,20.000,7.300
2019-04-28 06:00:00,4.460,150.000,382.500,64.000,7.800
2019-04-28 07:00:00,4.040,159.000,71.800,132.000,8.400
2019-04-28 08:00:00,3.630,176.000,29.100,161.000,9.000
2019-04-28 09:00:00,3.320,280.000,63.300,240.000,9.400
2019-04-28 10:00:00,2.220,384.000,140.500,283.000,9.900
2019-04-28 11:00:00,1.700,550.000,394.900,246.000,10.700
2019-04-28 12:00:00,1.400,676.000,545.000,250.000,11.700
2019-04-28 13:00:00,1.550,658.000,611.800,197.000,12.100
2019-04-28 14:00:00,1.520,553.000,462.700,235.000,12.600
2019-04-28 15:00:00,1.940,411.000,328.600,218.000,12.500
2019-04-28 16:00:00,2.310,256.000,193.200,167.000,12.500
2019-04-28 17:00:00,2.510,205.000,370.400,88.000,12.600
2019-04-28 18:00:00,2.390,93.000,313.100,42.000,11.600
2019-04-28 19:00:00,2.780,10.000,51.900,7.000,9.200
2019-04-28 20:00:00,3.470,0.000,0.000,0.000,7.500
2019-04-28 21:00:00,3.960,0.000,0.000,0.000,7.100
2019-04-28 22:00:00,4.240,0.000,0.000,0.000,6.400
2019-04-28 23:00:00,4.200,0.000,0.000,0.000,5.800
2019-04-29 00:00:00,4.050,0.000,0.000,0.000,5.100
2019-04-29 01:00:00,4.430,0.000,0.000,0.000,4.800
2019-04-29 02:00:00,4.660,0.000,0.000,0.000,5.200
2019-04-29 03:00:00,4.810,0.000,0.000,0.000,5.200
2019-04-29 04:00:00,5.610,0.000,0.000,0.000,5.600
2019-04-29 05:00:00,6.110,24.000,11.100,23.000,5.700
2019-04-29 06:00:00,5.800,71.000,8.700,69.000,6.600
2019-04-29 07:00:00,7.080,177.000,115.700,133.000,7.800
2019-04-29 08:00:00,7.580,85.000,1.900,84.000,8.900
2019-04-29 09:00:00,8.230,80.000,0.000,80.000,8.900
2019-04-29 10:00:00,8.130,63.000,0.000,63.000,8.900
2019-04-29 11:00:00,8.280,68.000,0.000,68.000,9.200
2019-04-29 12:00:00,7.860,83.000,1.300,82.000,9.200
2019-04-29 13:00:00,8.090,97.000,0.000,97.000,9.600
2019-04-29 14:00:00,7.920,124.000,0.000,124.000,10.400
2019-04-29 15:00:00,8.010,160.000,30.500,142.000,11.400
2019-04-29 16:00:00,6.620,185.000,148.700,116.000,12.400
2019-04-29 17:00:00,6.420,151.000,206.600,85.000,12.800
2019-04-29 18:00:00,6.670,95.000,305.900,44.000,12.200
2019-04-29 19:00:00,6.820,10.000,50.300,7.000,11.100
2019-04-29 20:00:00,6.700,0.000,0.000,0.000,10.000
2019-04-29 21:00:00,6.510,0.000,0.000,0.000,9.200
2019-04-29 22:00:00,5.750,0.000,0.000,0.000,7.800
2019-04-29 23:00:00,5.680,0.000,0.000,0.000,6.500
2019-04-30 00:00:00,5.890,0.000,0.000,0.000,5.700
2019-04-30 01:00:00,6.030,0.000,0.000,0.000,5.100
2019-04-30 02:00:00,6.010,0.000,0.000,0.000,4.700
2019-04-30 03:00:00,5.710,0.000,0.000,0.000,4.300
2019-04-30 04:00:00,5.510,0.000,0.000,0.000,3.800
2019-04-30 05:00:00,5.350,47.000,259.600,23.000,4.500
2019-04-30 06:00:00,4.520,179.000,509.300,60.000,6.500
2019-04-30 07:00:00,4.000,321.000,608.700,87.000,8.500
2019-04-30 08:00:00,4.410,471.000,700.100,105.000,10.600
2019-04-30 09:00:00,4.850,591.000,721.300,130.000,12.300
2019-04-30 10:00:00,5.020,697.000,763.400,143.000,13.600
2019-04-30 11:00:00,5.220,775.000,825.400,134.000,15.100
2019-04-30 12:00:00,5.610,787.000,843.700,122.000,16.600
2019-04-30 13:00:00,5.790,653.000,629.000,175.000,17.300
2019-04-30 14:00:00,5.830,558.000,575.200,159.000,18.000
2019-04-30 15:00:00,5.730,456.000,562.300,122.000,18.500
2019-04-30 16:00:00,5.810,294.000,400.000,107.000,18.400
2019-04-30 17:00:00,6.580,180.000,294.000,85.000,17.700
2019-04-30 18:00:00,7.080,92.000,281.500,44.000,16.200
2019-04-30 19:00:00,7.320,11.000,48.800,8.000,14.600
2019-04-30 20:00:00,7.160,0.000,0.000,0.000,13.300
2019-04-30 21:00:00,6.420,0.000,0.000,0.000,12.300
2019-04-30 22:00:00,5.940,0.000,0.000,0.000,11.300
2019-04-30 23:00:00,6.180,0.000,0.000,0.000,10.600
2019-05-01 00:00:00,5.870,0.000,0.000,0.000,9.800
2019-05-01 01:00:00,5.170,0.000,0.000,0.000,9.400
2019-05-01 02:00:00,4.830,0.000,0.000,0.000,9.200
2019-05-01 03:00:00,5.060,0.000,0.000,0.000,8.700
2019-05-01 04:00:00,5.190,0.000,0.000,0.000,8.500
2019-05-01 05:00:00,5.460,20.000,10.600,19.000,8.300
2019-05-01 06:00:00,5.790,82.000,54.600,69.000,8.400
2019-05-01 07:00:00,5.910,141.000,77.200,111.000,8.800
2019-05-01 08:00:00,6.100,264.000,106.300,208.000,9.700
2019-05-01 09:00:00,6.390,430.000,255.100,266.000,10.500
2019-05-01 10:00:00,5.360,590.000,510.200,218.000,12.100
2019-05-01 11:00:00,5.890,707.000,627.000,218.000,13.100
2019-05-01 12:00:00,6.140,761.000,768.200,153.000,14.100
2019-05-01 13:00:00,6.390,749.000,809.800,131.000,15.000
2019-05-01 14:00:00,7.590,682.000,813.600,115.000,15.500
2019-05-01 15:00:00,7.750,548.000,741.800,105.000,15.900
2019-05-01 16:00:00,7.170,372.000,571.200,103.000,16.000
2019-05-01 17:00:00,6.400,219.000,431.600,78.000,15.500
2019-05-01 18:00:00,6.130,93.000,235.200,52.000,14.400
2019-05-01 19:00:00,6.110,15.000,78.900,10.000,12.800
2019-05-01 20:00:00,5.940,0.000,0.000,0.000,11.100
2019-05-01 21:00:00,5.750,0.000,0.000,0.000,9.900
2019-05-01 22:00:00,5.240,0.000,0.000,0.000,8.900
2019-05-01 23:00:00,5.830,0.000,0.000,0.000,8.400
2019-05-02 00:00:00,6.390,0.000,0.000,0.000,7.900
2019-05-02 01:00:00,6.690,0.000,0.000,0.000,7.600
2019-05-02 02:00:00,6.940,0.000,0.000,0.000,7.400
2019-05-02 03:00:00,7.240,0.000,0.000,0.000,7.500
2019-05-02 04:00:00,7.300,0.000,0.000,0.000,7.400
2019-05-02 05:00:00,7.200,25.000,62.100,19.000,7.400
2019-05-02 06:00:00,7.220,86.000,82.600,66.000,7.600
2019-05-02 07:00:00,7.240,92.000,5.100,90.000,7.900
2019-05-02 08:00:00,7.470,152.000,17.000,143.000,8.600
2019-05-02 09:00:00,8.220,207.000,29.400,188.000,9.000
2019-05-02 10:00:00,7.710,307.000,73.700,253.000,10.400
2019-05-02 11:00:00,8.110,251.000,17.900,237.000,11.100
2019-05-02 12:00:00,8.110,295.000,65.400,243.000,12.000
2019-05-02 13:00:00,8.030,290.000,91.400,220.000,12.900
2019-05-02 14:00:00,8.220,300.000,182.900,172.000,13.300
2019-05-02 15:00:00,9.960,378.000,344.800,171.000,14.000
2019-05-02 16:00:00,8.920,314.000,438.500,106.000,13.400
2019-05-02 17:00:00,8.030,109.000,130.200,66.000,11.500
2019-05-02 18:00:00,7.640,19.000,0.000,19.000,10.700
2019-05-02 19:00:00,7.760,7.000,15.300,6.000,10.000
2019-05-02 20:00:00,7.520,0.000,0.000,0.000,9.400
2019-05-02 21:00:00,7.240,0.000,0.000,0.000,9.000
2019-05-02 22:00:00,6.860,0.000,0.000,0.000,8.100
2019-05-02 23:00:00,6.800,0.000,0.000,0.000,7.400
2019-05-03 00:00:00,7.560,0.000,0.000,0.000,6.900
2019-05-03 01:00:00,7.100,0.000,0.000,0.000,6.100
2019-05-03 02:00:00,6.850,0.000,0.000,0.000,5.800
2019-05-03 03:00:00,7.130,0.000,0.000,0.000,5.200
2019-05-03 04:00:00,6.840,0.000,0.000,0.000,4.800
2019-05-03 05:00:00,6.910,43.000,152.000,28.000,5.000
2019-05-03 06:00:00,7.060,151.000,328.800,70.000,6.100
2019-05-03 07:00:00,7.790,310.000,522.100,103.000,7.000
2019-05-03 08:00:00,7.070,422.000,513.000,148.000,7.900
2019-05-03 09:00:00,7.600,510.000,477.000,200.000,8.600
2019-05-03 10:00:00,7.980,534.000,358.800,270.000,8.800
2019-05-03 11:00:00,7.930,572.000,302.700,334.000,9.100
2019-05-03 12:00:00,8.280,586.000,315.900,334.000,9.500
2019-05-03 13:00:00,8.550,375.000,135.200,271.000,9.600
2019-05-03 14:00:00,8.570,424.000,197.700,285.000,10.100
2019-05-03 15:00:00,8.490,391.000,243.500,244.000,10.400
2019-05-03 16:00:00,8.150,289.000,268.000,161.000,10.200
2019-05-03 17:00:00,7.840,190.000,215.700,118.000,9.500
2019-05-03 18:00:00,6.990,100.000,242.100,56.000,8.600
2019-05-03 19:00:00,6.720,16.000,59.600,12.000,7.700
2019-05-03 20:00:00,6.870,0.000,0.000,0.000,7.400
2019-05-03 21:00:00,6.840,0.000,0.000,0.000,6.900
2019-05-03 22:00:00,6.840,0.000,0.000,0.000,5.800
2019-05-03 23:00:00,6.530,0.000,0.000,0.000,5.400
2019-05-04 00:00:00,6.180,0.000,0.000,0.000,4.900
2019-05-04 01:00:00,6.000,0.000,0.000,0.000,4.600
2019-05-04 02:00:00,6.100,0.000,0.000,0.000,4.000
2019-05-04 03:00:00,6.000,0.000,0.000,0.000,3.800
2019-05-04 04:00:00,6.010,1.000,0.000,1.000,3.500
2019-05-04 05:00:00,6.120,31.000,89.400,22.000,3.800
2019-05-04 06:00:00,6.230,120.000,159.700,80.000,4.500
2019-05-04 07:00:00,6.410,246.000,252.300,145.000,5.400
2019-05-04 08:00:00,6.070,390.000,386.800,182.000,6.300
2019-05-04 09:00:00,5.950,551.000,563.300,183.000,7.200
2019-05-04 10:00:00,5.380,662.000,622.400,202.000,8.100
2019-05-04 11:00:00,5.920,710.000,632.100,211.000,8.400
2019-05-04 12:00:00,6.260,757.000,648.200,238.000,8.400
2019-05-04 13:00:00,6.140,574.000,361.300,295.000,8.300
2019-05-04 14:00:00,5.300,465.000,332.800,230.000,7.900
2019-05-04 15:00:00,5.900,400.000,339.500,194.000,7.000
2019-05-04 16:00:00,6.770,280.000,222.500,173.000,7.900
2019-05-04 17:00:00,5.190,186.000,228.300,109.000,7.600
2019-05-04 18:00:00,5.790,90.000,151.000,62.000,6.100
2019-05-04 19:00:00,6.360,15.000,29.000,13.000,4.600
2019-05-04 20:00:00,5.600,0.000,0.000,0.000,3.700
2019-05-04 21:00:00,5.110,0.000,0.000,0.000,2.400
2019-05-04 22:00:00,5.470,0.000,0.000,0.000,2.500
2019-05-04 23:00:00,5.560,0.000,0.000,0.000,1.800
2019-05-05 00:00:00,6.040,0.000,0.000,0.000,1.300
2019-05-05 01:00:00,6.000,0.000,0.000,0.000,0.800
2019-05-05 02:00:00,5.760,0.000,0.000,0.000,0.600
2019-05-05 03:00:00,5.340,0.000,0.000,0.000,-0.100
2019-05-05 04:00:00,4.940,1.000,0.000,1.000,-0.200
2019-05-05 05:00:00,4.600,62.000,311.800,30.000,0.600
2019-05-05 06:00:00,3.310,196.000,514.800,65.000,2.800
2019-05-05 07:00:00,3.010,356.000,668.100,86.000,5.000
2019-05-05 08:00:00,3.180,514.000,761.100,102.000,7.100
2019-05-05 09:00:00,3.010,530.000,536.100,178.000,8.400
2019-05-05 10:00:00,3.440,661.000,614.300,205.000,9.000
2019-05-05 11:00:00,3.640,693.000,572.900,239.000,9.800
2019-05-05 12:00:00,3.810,655.000,479.000,270.000,10.300
2019-05-05 13:00:00,4.120,566.000,349.600,295.000,10.300
2019-05-05 14:00:00,4.880,561.000,468.200,229.000,10.600
2019-05-05 15:00:00,5.420,410.000,318.100,216.000,10.400
2019-05-05 16:00:00,6.020,299.000,311.900,148.000,10.300
2019-05-05 17:00:00,6.390,248.000,446.200,96.000,9.900
2019-05-05 18:00:00,5.470,116.000,317.200,56.000,9.200
2019-05-05 19:00:00,5.090,20.000,113.200,12.000,7.700
2019-05-05 20:00:00,5.330,0.000,0.000,0.000,6.400
2019-05-05 21:00:00,5.460,0.000,0.000,0.000,5.000
2019-05-05 22:00:00,5.560,0.000,0.000,0.000,4.000
2019-05-05 23:00:00,5.370,0.000,0.000,0.000,3.500
2019-05-06 00:00:00,5.510,0.000,0.000,0.000,2.900
2019-05-06 01:00:00,5.900,0.000,0.000,0.000,2.300
2019-05-06 02:00:00,6.310,0.000,0.000,0.000,2.200
2019-05-06 03:00:00,6.580,0.000,0.000,0.000,2.400
2019-05-06 04:00:00,6.670,1.000,0.000,1.000,2.400
2019-05-06 05:00:00,6.680,63.000,290.600,32.000,3.400
2019-05-06 06:00:00,6.200,196.000,503.000,66.000,5.000
2019-05-06 07:00:00,7.140,346.000,608.000,98.000,6.700
2019-05-06 08:00:00,8.000,472.000,627.800,130.000,8.200
2019-05-06 09:00:00,7.510,527.000,550.100,164.000,8.800
2019-05-06 10:00:00,7.100,505.000,385.000,218.000,9.200
2019-05-06 11:00:00,7.240,722.000,663.800,194.000,10.100
2019-05-06 12:00:00,7.510,669.000,608.700,178.000,10.600
2019-05-06 13:00:00,7.750,584.000,478.000,212.000,10.700
2019-05-06 14:00:00,7.920,547.000,470.400,212.000,10.500
2019-05-06 15:00:00,6.790,404.000,417.700,148.000,9.600
2019-05-06 16:00:00,5.740,295.000,400.100,100.000,9.000
2019-05-06 17:00:00,6.230,210.000,308.100,104.000,8.200
2019-05-06 18:00:00,5.370,95.000,212.700,54.000,7.600
2019-05-06 19:00:00,4.530,11.000,27.600,9.000,6.100
2019-05-06 20:00:00,4.340,0.000,0.000,0.000,6.200
2019-05-06 21:00:00,4.500,0.000,0.000,0.000,6.000
2019-05-06 22:00:00,4.400,0.000,0.000,0.000,5.600
2019-05-06 23:00:00,4.500,0.000,0.000,0.000,5.300
2019-05-07 00:00:00,4.930,0.000,0.000,0.000,4.700
2019-05-07 01:00:00,5.000,0.000,0.000,0.000,4.300
2019-05-07 02:00:00,5.120,0.000,0.000,0.000,3.700
2019-05-07 03:00:00,5.410,0.000,0.000,0.000,3.400
2019-05-07 04:00:00,5.120,2.000,0.000,2.000,2.600
2019-05-07 05:00:00,4.470,61.000,270.800,31.000,3.000
2019-05-07 06:00:00,3.140,200.000,507.000,67.000,4.700
2019-05-07 07:00:00,3.060,318.000,459.300,129.000,6.500
2019-05-07 08:00:00,2.700,412.000,468.800,155.000,7.600
2019-05-07 09:00:00,2.960,565.000,550.400,200.000,8.500
2019-05-07 10:00:00,3.010,633.000,571.800,205.000,9.500
2019-05-07 11:00:00,3.130,706.000,581.200,242.000,10.200
2019-05-07 12:00:00,3.450,604.000,384.200,293.000,10.700
2019-05-07 13:00:00,3.540,675.000,526.200,264.000,11.400
2019-05-07 14:00:00,3.490,552.000,471.300,215.000,11.400
2019-05-07 15:00:00,3.810,498.000,527.600,173.000,11.700
2019-05-07 16:00:00,3.700,389.000,497.400,145.000,11.800
2019-05-07 17:00:00,2.860,232.000,397.200,94.000,11.500
2019-05-07 18:00:00,1.500,111.000,300.500,52.000,11.100
2019-05-07 19:00:00,2.460,22.000,107.800,14.000,8.900
2019-05-07 20:00:00,4.210,0.000,0.000,0.000,7.600
2019-05-07 21:00:00,5.320,0.000,0.000,0.000,7.000
2019-05-07 22:00:00,6.430,0.000,0.000,0.000,6.100
2019-05-07 23:00:00,5.900,0.000,0.000,0.000,5.300
2019-05-08 00:00:00,5.020,0.000,0.000,0.000,4.600
2019-05-08 01:00:00,5.210,0.000,0.000,0.000,4.200
2019-05-08 02:00:00,5.750,0.000,0.000,0.000,3.900
2019-05-08 03:00:00,5.790,0.000,0.000,0.000,3.700
2019-05-08 04:00:00,5.730,2.000,0.000,2.000,3.800
2019-05-08 05:00:00,5.860,61.000,191.700,39.000,4.800
2019-05-08 06:00:00,6.010,158.000,206.700,103.000,7.000
2019-05-08 07:00:00,5.240,259.000,214.400,170.000,9.300
2019-05-08 08:00:00,5.780,336.000,170.400,242.000,11.500
2019-05-08 09:00:00,6.440,434.000,184.600,311.000,12.900
2019-05-08 10:00:00,6.400,431.000,129.100,334.000,14.200
2019-05-08 11:00:00,6.990,378.000,46.200,341.000,13.600
2019-05-08 12:00:00,6.200,269.000,11.100,260.000,12.300
2019-05-08 13:00:00,5.800,193.000,7.700,187.000,11.600
2019-05-08 14:00:00,6.440,119.000,4.200,116.000,11.500
2019-05-08 15:00:00,7.420,112.000,1.600,111.000,11.700
2019-05-08 16:00:00,6.570,75.000,0.000,75.000,11.900
2019-05-08 17:00:00,6.690,53.000,0.000,53.000,12.000
2019-05-08 18:00:00,6.180,43.000,0.000,43.000,11.800
2019-05-08 19:00:00,6.100,10.000,0.000,10.000,11.500
2019-05-08 20:00:00,6.040,0.000,0.000,0.000,11.300
2019-05-08 21:00:00,5.590,0.000,0.000,0.000,11.300
2019-05-08 22:00:00,5.960,0.000,0.000,0.000,10.600
2019-05-08 23:00:00,5.020,0.000,0.000,0.000,10.400
2019-05-09 00:00:00,6.020,0.000,0.000,0.000,10.100
2019-05-09 01:00:00,6.810,0.000,0.000,0.000,10.000
2019-05-09 02:00:00,7.170,0.000,0.000,0.000,9.600
2019-05-09 03:00:00,6.260,0.000,0.000,0.000,9.300
2019-05-09 04:00:00,5.520,2.000,0.000,2.000,8.900
2019-05-09 05:00:00,5.590,67.000,278.000,34.000,9.200
2019-05-09 06:00:00,5.280,201.000,489.300,69.000,10.200
2019-05-09 07:00:00,5.580,306.000,418.100,131.000,11.200
2019-05-09 08:00:00,4.580,428.000,510.100,145.000,12.300
2019-05-09 09:00:00,4.070,543.000,587.200,150.000,13.300
2019-05-09 10:00:00,2.950,689.000,666.800,186.000,14.100
2019-05-09 11:00:00,2.910,749.000,720.100,170.000,15.100
2019-05-09 12:00:00,3.300,719.000,600.000,230.000,15.800
2019-05-09 13:00:00,4.010,737.000,717.000,173.000,16.200
2019-05-09 14:00:00,3.880,587.000,553.600,188.000,16.500
2019-05-09 15:00:00,3.650,463.000,529.100,134.000,16.700
2019-05-09 16:00:00,4.020,322.000,360.300,143.000,16.400
2019-05-09 17:00:00,3.540,186.000,211.800,111.000,16.400
2019-05-09 18:00:00,2.720,78.000,108.200,56.000,15.400
2019-05-09 19:00:00,2.620,22.000,77.300,16.000,13.700
2019-05-09 20:00:00,3.390,0.000,0.000,0.000,12.600
2019-05-09 21:00:00,3.910,0.000,0.000,0.000,12.300
2019-05-09 22:00:00,4.460,0.000,0.000,0.000,11.200
2019-05-09 23:00:00,5.760,0.000,0.000,0.000,11.000
2019-05-10 00:00:00,7.160,0.000,0.000,0.000,11.000
2019-05-10 01:00:00,6.620,0.000,0.000,0.000,10.700
2019-05-10 02:00:00,7.280,0.000,0.000,0.000,10.500
2019-05-10 03:00:00,7.000,0.000,0.000,0.000,10.200
2019-05-10 04:00:00,6.800,3.000,0.000,3.000,10.300
2019-05-10 05:00:00,6.880,45.000,138.700,28.000,10.500
2019-05-10 06:00:00,6.420,128.000,208.500,71.000,10.900
2019-05-10 07:00:00,7.790,225.000,258.400,116.000,11.300
2019-05-10 08:00:00,7.580,259.000,204.300,145.000,11.100
2019-05-10 09:00:00,7.390,346.000,318.300,132.000,11.500
2019-05-10 10:00:00,7.780,339.000,207.400,182.000,11.700
2019-05-10 11:00:00,7.010,212.000,104.100,128.000,10.600
2019-05-10 12:00:00,7.030,586.000,397.500,261.000,12.000
2019-05-10 13:00:00,6.870,574.000,446.000,222.000,12.800
2019-05-10 14:00:00,6.310,533.000,486.600,181.000,13.200
2019-05-10 15:00:00,6.070,467.000,461.000,179.000,13.400
2019-05-10 16:00:00,5.570,360.000,496.200,112.000,12.900
2019-05-10 17:00:00,4.170,180.000,249.100,91.000,12.500
2019-05-10 18:00:00,2.820,100.000,241.700,50.000,12.100
2019-05-10 19:00:00,2.240,26.000,138.700,15.000,10.400
2019-05-10 20:00:00,1.910,0.000,0.000,0.000,9.000
2019-05-10 21:00:00,1.920,0.000,0.000,0.000,7.500
2019-05-10 22:00:00,2.120,0.000,0.000,0.000,8.500
2019-05-10 23:00:00,2.400,0.000,0.000,0.000,8.000
2019-05-11 00:00:00,3.800,0.000,0.000,0.000,6.000
2019-05-11 01:00:00,4.970,0.000,0.000,0.000,6.500
2019-05-11 02:00:00,5.600,0.000,0.000,0.000,6.400
2019-05-11 03:00:00,5.390,0.000,0.000,0.000,6.200
2019-05-11 04:00:00,5.410,3.000,0.000,3.000,6.200
2019-05-11 05:00:00,5.640,44.000,15.800,42.000,6.400
2019-05-11 06:00:00,5.420,106.000,36.100,96.000,7.200
2019-05-11 07:00:00,5.480,220.000,112.900,172.000,8.000
2019-05-11 08:00:00,6.120,288.000,147.900,205.000,8.500
2019-05-11 09:00:00,6.390,347.000,124.400,263.000,9.200
2019-05-11 10:00:00,5.750,388.000,139.500,282.000,9.800
2019-05-11 11:00:00,5.940,450.000,197.700,290.000,10.300
2019-05-11 12:00:00,5.920,398.000,143.900,280.000,11.000
2019-05-11 13:00:00,5.820,378.000,131.300,274.000,11.600
2019-05-11 14:00:00,5.300,232.000,15.100,221.000,11.800
2019-05-11 15:00:00,4.530,287.000,70.100,243.000,12.300
2019-05-11 16:00:00,4.700,202.000,21.900,191.000,12.500
2019-05-11 17:00:00,4.620,143.000,19.400,136.000,12.300
2019-05-11 18:00:00,4.540,78.000,42.800,69.000,11.800
2019-05-11 19:00:00,5.700,26.000,74.100,20.000,10.500
2019-05-11 20:00:00,6.980,0.000,0.000,0.000,9.300
2019-05-11 21:00:00,7.530,0.000,0.000,0.000,8.500
2019-05-11 22:00:00,7.560,0.000,0.000,0.000,7.900
2019-05-11 23:00:00,7.240,0.000,0.000,0.000,7.200
2019-05-12 00:00:00,6.890,0.000,0.000,0.000,6.400
2019-05-12 01:00:00,6.900,0.000,0.000,0.000,5.600
2019-05-12 02:00:00,6.910,0.000,0.000,0.000,5.300
2019-05-12 03:00:00,6.860,0.000,0.000,0.000,4.600
2019-05-12 04:00:00,6.520,5.000,19.100,4.000,4.100
2019-05-12 05:00:00,5.980,79.000,331.000,36.000,5.000
2019-05-12 06:00:00,5.590,215.000,510.100,72.000,6.800
2019-05-12 07:00:00,7.620,359.000,578.900,111.000,8.600
2019-05-12 08:00:00,6.520,422.000,393.600,200.000,10.100
2019-05-12 09:00:00,6.380,622.000,675.500,164.000,11.100
2019-05-12 10:00:00,6.380,681.000,616.400,211.000,12.400
2019-05-12 11:00:00,6.240,694.000,545.600,251.000,13.200
2019-05-12 12:00:00,6.660,659.000,495.900,251.000,13.900
2019-05-12 13:00:00,6.940,516.000,274.400,298.000,13.700
2019-05-12 14:00:00,6.760,482.000,349.900,227.000,13.800
2019-05-12 15:00:00,7.020,493.000,447.400,211.000,14.000
2019-05-12 16:00:00,6.710,400.000,518.000,138.000,13.600
2019-05-12 17:00:00,6.550,268.000,475.800,95.000,13.100
2019-05-12 18:00:00,6.550,151.000,435.400,58.000,12.100
2019-05-12 19:00:00,6.960,34.000,193.800,18.000,10.300
2019-05-12 20:00:00,7.430,0.000,0.000,0.000,8.900
2019-05-12 21:00:00,7.270,0.000,0.000,0.000,7.800
2019-05-12 22:00:00,6.820,0.000,0.000,0.000,6.300
2019-05-12 23:00:00,6.230,0.000,0.000,0.000,5.200
2019-05-13 00:00:00,6.160,0.000,0.000,0.000,4.100
2019-05-13 01:00:00,5.730,0.000,0.000,0.000,3.300
2019-05-13 02:00:00,5.530,0.000,0.000,0.000,2.800
2019-05-13 03:00:00,5.700,0.000,0.000,0.000,2.300
2019-05-13 04:00:00,5.640,5.000,19.100,4.000,2.300
2019-05-13 05:00:00,5.120,83.000,337.200,38.000,3.700
2019-05-13 06:00:00,3.910,224.000,546.500,69.000,6.300
2019-05-13 07:00:00,4.000,379.000,660.500,94.000,8.300
2019-05-13 08:00:00,3.940,530.000,730.300,116.000,10.100
2019-05-13 09:00:00,4.360,668.000,806.500,119.000,11.800
2019-05-13 10:00:00,4.440,773.000,848.200,124.000,13.400
2019-05-13 11:00:00,4.700,831.000,859.500,131.000,14.300
2019-05-13 12:00:00,5.300,838.000,855.500,132.000,15.100
2019-05-13 13:00:00,5.630,804.000,845.700,130.000,15.400
2019-05-13 14:00:00,6.050,699.000,767.100,138.000,15.600
2019-05-13 15:00:00,6.600,573.000,676.100,145.000,15.500
2019-05-13 16:00:00,7.100,431.000,601.600,125.000,14.700
2019-05-13 17:00:00,7.000,285.000,520.900,94.000,13.700
2019-05-13 18:00:00,6.940,144.000,405.700,56.000,12.400
2019-05-13 19:00:00,6.980,36.000,202.000,19.000,10.500
2019-05-13 20:00:00,7.250,0.000,0.000,0.000,8.900
2019-05-13 21:00:00,7.150,0.000,0.000,0.000,8.200
2019-05-13 22:00:00,6.550,0.000,0.000,0.000,7.100
2019-05-13 23:00:00,5.980,0.000,0.000,0.000,6.400
2019-05-14 00:00:00,5.610,0.000,0.000,0.000,6.000
2019-05-14 01:00:00,5.000,0.000,0.000,0.000,5.500
2019-05-14 02:00:00,4.840,0.000,0.000,0.000,4.700
2019-05-14 03:00:00,4.780,0.000,0.000,0.000,4.100
2019-05-14 04:00:00,4.790,6.000,19.100,5.000,3.800
2019-05-14 05:00:00,4.380,83.000,321.400,39.000,5.100
2019-05-14 06:00:00,3.830,219.000,512.500,72.000,7.500
2019-05-14 07:00:00,4.110,372.000,632.900,97.000,9.500
2019-05-14 08:00:00,4.820,530.000,735.500,111.000,11.200
2019-05-14 09:00:00,5.500,600.000,638.100,164.000,12.300
2019-05-14 10:00:00,4.250,644.000,622.700,166.000,12.900
2019-05-14 11:00:00,4.760,662.000,541.100,220.000,13.900
2019-05-14 12:00:00,5.020,560.000,257.300,347.000,14.200
2019-05-14 13:00:00,5.390,527.000,277.700,305.000,14.700
2019-05-14 14:00:00,5.810,475.000,234.400,303.000,14.800
2019-05-14 15:00:00,6.230,345.000,129.000,263.000,14.800
2019-05-14 16:00:00,6.220,207.000,35.200,189.000,14.500
2019-05-14 17:00:00,6.220,163.000,119.000,119.000,13.800
2019-05-14 18:00:00,6.160,106.000,172.600,68.000,13.100
2019-05-14 19:00:00,6.610,37.000,186.600,21.000,11.400
2019-05-14 20:00:00,6.720,0.000,0.000,0.000,9.700
2019-05-14 21:00:00,6.630,0.000,0.000,0.000,8.300
2019-05-14 22:00:00,6.440,0.000,0.000,0.000,7.000
2019-05-14 23:00:00,5.830,0.000,0.000,0.000,5.600
2019-05-15 00:00:00,5.500,0.000,0.000,0.000,4.600
2019-05-15 01:00:00,5.610,0.000,0.000,0.000,3.700
2019-05-15 02:00:00,5.580,0.000,0.000,0.000,2.800
2019-05-15 03:00:00,5.380,0.000,0.000,0.000,2.200
2019-05-15 04:00:00,5.020,7.000,38.200,5.000,1.800
2019-05-15 05:00:00,4.550,88.000,342.300,40.000,3.800
2019-05-15 06:00:00,2.980,227.000,544.900,69.000,6.800
2019-05-15 07:00:00,2.830,386.000,676.800,90.000,9.400
2019-05-15 08:00:00,3.480,540.000,758.200,106.000,11.300
2019-05-15 09:00:00,4.340,674.000,813.600,116.000,12.800
2019-05-15 10:00:00,5.160,775.000,846.700,123.000,13.800
2019-05-15 11:00:00,5.870,743.000,701.900,168.000,14.400
2019-05-15 12:00:00,5.870,621.000,402.400,287.000,15.100
2019-05-15 13:00:00,6.160,467.000,234.500,279.000,15.200
2019-05-15 14:00:00,6.100,397.000,158.900,280.000,15.100
2019-05-15 15:00:00,6.390,318.000,131.600,234.000,15.500
2019-05-15 16:00:00,6.540,283.000,143.900,209.000,15.300
2019-05-15 17:00:00,6.480,199.000,217.300,118.000,14.500
2019-05-15 18:00:00,6.560,122.000,228.400,71.000,13.600
2019-05-15 19:00:00,6.760,27.000,68.800,21.000,12.400
2019-05-15 20:00:00,6.720,0.000,0.000,0.000,11.700
2019-05-15 21:00:00,6.510,0.000,0.000,0.000,11.300
2019-05-15 22:00:00,5.810,0.000,0.000,0.000,9.600
2019-05-15 23:00:00,6.160,0.000,0.000,0.000,8.700
2019-05-16 00:00:00,5.800,0.000,0.000,0.000,8.000
2019-05-16 01:00:00,5.640,0.000,0.000,0.000,8.100
2019-05-16 02:00:00,5.910,0.000,0.000,0.000,8.100
2019-05-16 03:00:00,5.880,0.000,0.000,0.000,8.200
2019-05-16 04:00:00,5.610,2.000,0.000,2.000,8.200
2019-05-16 05:00:00,5.500,27.000,0.000,27.000,8.400
2019-05-16 06:00:00,5.460,76.000,20.500,70.000,8.800
2019-05-16 07:00:00,5.380,132.000,70.400,101.000,8.800
2019-05-16 08:00:00,5.730,111.000,22.600,98.000,8.900
2019-05-16 09:00:00,5.940,60.000,0.000,60.000,8.700
2019-05-16 10:00:00,5.210,76.000,0.000,76.000,8.200
2019-05-16 11:00:00,5.640,128.000,18.300,113.000,8.900
2019-05-16 12:00:00,5.520,82.000,0.000,82.000,8.800
2019-05-16 13:00:00,5.100,73.000,0.000,73.000,8.800
2019-05-16 14:00:00,4.840,61.000,0.000,61.000,8.700
2019-05-16 15:00:00,4.780,41.000,0.000,41.000,8.800
2019-05-16 16:00:00,4.000,26.000,0.000,26.000,9.200
2019-05-16 17:00:00,4.470,15.000,0.000,15.000,9.400
2019-05-16 18:00:00,4.300,9.000,0.000,9.000,9.800
2019-05-16 19:00:00,4.200,4.000,0.000,4.000,10.000
2019-05-16 20:00:00,3.830,0.000,0.000,0.000,9.900
2019-05-16 21:00:00,3.520,0.000,0.000,0.000,9.800
2019-05-16 22:00:00,3.200,0.000,0.000,0.000,9.200
2019-05-16 23:00:00,3.280,0.000,0.000,0.000,9.100
2019-05-17 00:00:00,3.350,0.000,0.000,0.000,9.000
2019-05-17 01:00:00,3.550,0.000,0.000,0.000,8.900
2019-05-17 02:00:00,3.770,0.000,0.000,0.000,8.800
2019-05-17 03:00:00,4.020,0.000,0.000,0.000,8.700
2019-05-17 04:00:00,4.390,5.000,0.000,5.000,8.600
2019-05-17 05:00:00,5.370,63.000,170.600,38.000,8.800
2019-05-17 06:00:00,5.260,192.000,341.400,91.000,9.600
2019-05-17 07:00:00,5.770,284.000,329.700,138.000,10.600
2019-05-17 08:00:00,5.750,350.000,223.400,221.000,11.500
2019-05-17 09:00:00,5.750,351.000,121.600,267.000,12.400
2019-05-17 10:00:00,5.510,398.000,173.000,264.000,13.400
2019-05-17 11:00:00,6.040,253.000,32.800,226.000,13.900
2019-05-17 12:00:00,6.350,449.000,171.400,306.000,15.000
2019-05-17 13:00:00,5.460,324.000,50.900,283.000,15.200
2019-05-17 14:00:00,4.880,260.000,35.100,234.000,15.500
2019-05-17 15:00:00,4.440,178.000,28.000,160.000,15.600
2019-05-17 16:00:00,4.070,130.000,59.700,99.000,15.600
2019-05-17 17:00:00,3.830,110.000,47.600,92.000,15.700
2019-05-17 18:00:00,3.960,53.000,17.400,49.000,15.200
2019-05-17 19:00:00,4.400,19.000,44.300,15.000,13.700
2019-05-17 20:00:00,4.900,0.000,0.000,0.000,12.500
2019-05-17 21:00:00,5.410,0.000,0.000,0.000,11.200
2019-05-17 22:00:00,5.810,0.000,0.000,0.000,10.900
2019-05-17 23:00:00,6.230,0.000,0.000,0.000,10.600
2019-05-18 00:00:00,6.400,0.000,0.000,0.000,10.100
2019-05-18 01:00:00,6.310,0.000,0.000,0.000,9.900
2019-05-18 02:00:00,6.240,0.000,0.000,0.000,9.600
2019-05-18 03:00:00,6.260,0.000,0.000,0.000,9.100
2019-05-18 04:00:00,5.990,8.000,38.200,6.000,9.000
2019-05-18 05:00:00,5.320,79.000,260.800,40.000,10.200
2019-05-18 06:00:00,4.050,206.000,438.700,75.000,12.500
2019-05-18 07:00:00,3.520,375.000,630.900,94.000,14.500
2019-05-18 08:00:00,3.400,522.000,696.700,118.000,16.700
2019-05-18 09:00:00,3.810,657.000,775.000,120.000,18.200
2019-05-18 10:00:00,3.980,731.000,773.700,130.000,19.400
2019-05-18 11:00:00,3.860,777.000,779.900,133.000,20.100
2019-05-18 12:00:00,3.270,773.000,728.000,164.000,20.900
2019-05-18 13:00:00,2.950,703.000,638.300,187.000,21.400
2019-05-18 14:00:00,2.940,470.000,333.700,222.000,21.600
2019-05-18 15:00:00,2.890,393.000,254.000,229.000,21.600
2019-05-18 16:00:00,2.820,327.000,250.900,196.000,21.700
2019-05-18 17:00:00,2.500,250.000,317.500,129.000,21.300
2019-05-18 18:00:00,2.380,137.000,331.400,60.000,20.300
2019-05-18 19:00:00,2.390,41.000,185.600,24.000,17.600
2019-05-18 20:00:00,2.500,0.000,0.000,0.000,15.200
2019-05-18 21:00:00,2.660,0.000,0.000,0.000,13.400
2019-05-18 22:00:00,3.020,0.000,0.000,0.000,11.500
2019-05-18 23:00:00,2.920,0.000,0.000,0.000,11.000
2019-05-19 00:00:00,2.550,0.000,0.000,0.000,10.200
2019-05-19 01:00:00,2.190,0.000,0.000,0.000,9.400
2019-05-19 02:00:00,2.500,0.000,0.000,0.000,8.600
2019-05-19 03:00:00,3.340,0.000,0.000,0.000,8.500
2019-05-19 04:00:00,4.440,10.000,37.700,8.000,8.700
2019-05-19 05:00:00,4.720,82.000,203.400,51.000,10.200
2019-05-19 06:00:00,3.820,213.000,421.500,86.000,13.200
2019-05-19 07:00:00,2.750,378.000,631.800,95.000,15.700
2019-05-19 08:00:00,2.920,500.000,678.500,105.000,18.400
2019-05-19 09:00:00,3.500,656.000,774.000,118.000,20.100
2019-05-19 10:00:00,3.420,736.000,782.000,127.000,21.600
2019-05-19 11:00:00,4.000,804.000,801.000,141.000,22.500
2019-05-19 12:00:00,4.730,788.000,777.600,136.000,23.000
2019-05-19 13:00:00,5.050,632.000,575.000,166.000,23.500
2019-05-19 14:00:00,5.120,502.000,422.600,187.000,23.400
2019-05-19 15:00:00,4.540,467.000,520.100,130.000,23.700
2019-05-19 16:00:00,4.390,301.000,366.000,109.000,23.300
2019-05-19 17:00:00,4.210,245.000,440.300,76.000,22.600
2019-05-19 18:00:00,4.110,110.000,233.800,55.000,21.300
2019-05-19 19:00:00,5.120,38.000,139.800,25.000,19.700
2019-05-19 20:00:00,6.790,0.000,0.000,0.000,18.200
2019-05-19 21:00:00,7.060,0.000,0.000,0.000,17.300
2019-05-19 22:00:00,4.850,0.000,0.000,0.000,16.700
2019-05-19 23:00:00,3.760,0.000,0.000,0.000,15.900
2019-05-20 00:00:00,4.290,0.000,0.000,0.000,14.100
2019-05-20 01:00:00,4.560,0.000,0.000,0.000,13.500
2019-05-20 02:00:00,4.830,0.000,0.000,0.000,13.100
2019-05-20 03:00:00,4.920,0.000,0.000,0.000,12.900
2019-05-20 04:00:00,4.720,9.000,18.400,8.000,12.900
2019-05-20 05:00:00,4.580,60.000,58.000,51.000,13.500
2019-05-20 06:00:00,4.470,131.000,85.600,105.000,14.200
2019-05-20 07:00:00,3.920,218.000,82.200,181.000,15.000
2019-05-20 08:00:00,3.330,352.000,193.400,239.000,16.000
2019-05-20 09:00:00,3.360,470.000,258.200,290.000,17.700
2019-05-20 10:00:00,3.010,568.000,379.100,272.000,19.600
2019-05-20 11:00:00,3.600,657.000,467.600,269.000,20.700
2019-05-20 12:00:00,4.280,654.000,512.800,223.000,21.800
2019-05-20 13:00:00,4.840,694.000,614.200,195.000,22.900
2019-05-20 14:00:00,5.100,650.000,600.600,201.000,23.200
2019-05-20 15:00:00,5.500,364.000,239.900,208.000,21.200
2019-05-20 16:00:00,5.530,149.000,34.100,131.000,19.900
2019-05-20 17:00:00,6.480,74.000,0.000,74.000,19.100
2019-05-20 18:00:00,7.200,47.000,0.000,47.000,18.600
2019-05-20 19:00:00,8.130,16.000,10.600,15.000,17.700
2019-05-20 20:00:00,7.900,0.000,0.000,0.000,17.200
2019-05-20 21:00:00,7.950,0.000,0.000,0.000,16.800
2019-05-20 22:00:00,7.280,0.000,0.000,0.000,16.000
2019-05-20 23:00:00,7.200,0.000,0.000,0.000,15.800
2019-05-21 00:00:00,7.500,0.000,0.000,0.000,15.800
2019-05-21 01:00:00,7.650,0.000,0.000,0.000,15.800
2019-05-21 02:00:00,7.670,0.000,0.000,0.000,15.500
2019-05-21 03:00:00,7.200,0.000,0.000,0.000,15.200
2019-05-21 04:00:00,6.240,2.000,0.000,2.000,15.000
2019-05-21 05:00:00,5.830,10.000,0.000,10.000,14.700
2019-05-21 06:00:00,5.700,31.000,3.300,30.000,14.700
2019-05-21 07:00:00,5.300,80.000,15.500,73.000,14.700
2019-05-21 08:00:00,4.980,129.000,20.500,117.000,14.700
2019-05-21 09:00:00,5.220,190.000,47.200,157.000,14.900
2019-05-21 10:00:00,4.250,232.000,51.100,192.000,15.500
2019-05-21 11:00:00,6.390,376.000,192.400,216.000,16.100
2019-05-21 12:00:00,7.070,262.000,95.000,182.000,16.300
2019-05-21 13:00:00,7.570,206.000,49.100,166.000,16.000
2019-05-21 14:00:00,7.300,134.000,18.700,120.000,15.700
2019-05-21 15:00:00,7.240,111.000,16.900,100.000,15.100
2019-05-21 16:00:00,8.010,84.000,13.200,77.000,14.800
2019-05-21 17:00:00,7.960,49.000,0.000,49.000,14.600
2019-05-21 18:00:00,8.010,35.000,0.000,35.000,14.500
2019-05-21 19:00:00,7.870,15.000,10.400,14.000,14.300
2019-05-21 20:00:00,8.050,0.000,0.000,0.000,14.000
2019-05-21 21:00:00,8.050,0.000,0.000,0.000,13.600
2019-05-21 22:00:00,7.870,0.000,0.000,0.000,12.800
2019-05-21 23:00:00,7.620,0.000,0.000,0.000,12.300
2019-05-22 00:00:00,7.380,0.000,0.000,0.000,11.900
2019-05-22 01:00:00,7.280,0.000,0.000,0.000,11.600
2019-05-22 02:00:00,7.940,0.000,0.000,0.000,11.300
2019-05-22 03:00:00,8.160,0.000,0.000,0.000,11.100
2019-05-22 04:00:00,8.290,3.000,0.000,3.000,11.000
2019-05-22 05:00:00,8.770,20.000,0.000,20.000,10.900
2019-05-22 06:00:00,8.860,55.000,0.000,55.000,10.900
2019-05-22 07:00:00,8.860,120.000,17.600,112.000,11.100
2019-05-22 08:00:00,8.680,159.000,34.000,139.000,11.300
2019-05-22 09:00:00,8.600,211.000,20.000,197.000,11.700
2019-05-22 10:00:00,8.080,258.000,51.000,218.000,11.600
2019-05-22 11:00:00,7.880,380.000,82.800,311.000,12.400
2019-05-22 12:00:00,7.880,356.000,68.700,298.000,12.900
2019-05-22 13:00:00,7.690,445.000,199.700,282.000,13.700
2019-05-22 14:00:00,7.790,411.000,171.600,282.000,14.400
2019-05-22 15:00:00,7.770,378.000,219.900,234.000,15.000
2019-05-22 16:00:00,7.910,286.000,219.900,169.000,15.400
2019-05-22 17:00:00,6.850,243.000,314.000,120.000,15.600
2019-05-22 18:00:00,5.580,127.000,221.500,73.000,15.100
2019-05-22 19:00:00,4.800,47.000,193.900,28.000,13.600
2019-05-22 20:00:00,3.820,1.000,0.000,1.000,11.000
2019-05-22 21:00:00,3.360,0.000,0.000,0.000,9.300
2019-05-22 22:00:00,2.860,0.000,0.000,0.000,8.200
2019-05-22 23:00:00,2.420,0.000,0.000,0.000,7.300
2019-05-23 00:00:00,2.200,0.000,0.000,0.000,6.600
2019-05-23 01:00:00,2.560,0.000,0.000,0.000,6.600
2019-05-23 02:00:00,2.550,0.000,0.000,0.000,6.700
2019-05-23 03:00:00,2.320,0.000,0.000,0.000,6.400
2019-05-23 04:00:00,2.520,12.000,34.400,10.000,5.300
2019-05-23 05:00:00,2.790,91.000,227.200,54.000,6.800
2019-05-23 06:00:00,2.420,226.000,418.000,96.000,10.000
2019-05-23 07:00:00,2.100,376.000,551.600,124.000,12.500
2019-05-23 08:00:00,2.150,529.000,668.900,134.000,14.700
2019-05-23 09:00:00,1.970,657.000,729.800,144.000,16.300
2019-05-23 10:00:00,1.860,750.000,765.600,148.000,17.400
2019-05-23 11:00:00,1.660,817.000,811.800,139.000,18.300
2019-05-23 12:00:00,1.610,742.000,667.800,177.000,18.900
2019-05-23 13:00:00,1.920,674.000,587.800,193.000,19.700
2019-05-23 14:00:00,2.110,565.000,484.200,200.000,20.100
2019-05-23 15:00:00,1.920,332.000,150.700,233.000,20.100
2019-05-23 16:00:00,1.640,202.000,44.900,178.000,20.200
2019-05-23 17:00:00,1.410,174.000,121.700,126.000,20.200
2019-05-23 18:00:00,2.640,119.000,162.300,79.000,19.500
2019-05-23 19:00:00,4.240,42.000,99.100,32.000,16.900
2019-05-23 20:00:00,5.820,1.000,0.000,1.000,14.800
2019-05-23 21:00:00,6.520,0.000,0.000,0.000,13.900
2019-05-23 22:00:00,6.830,0.000,0.000,0.000,12.800
2019-05-23 23:00:00,7.260,0.000,0.000,0.000,12.100
2019-05-24 00:00:00,6.680,0.000,0.000,0.000,11.500
2019-05-24 01:00:00,6.130,0.000,0.000,0.000,10.600
2019-05-24 02:00:00,5.810,0.000,0.000,0.000,10.200
2019-05-24 03:00:00,5.500,0.000,0.000,0.000,9.400
2019-05-24 04:00:00,5.190,14.000,50.500,11.000,8.900
2019-05-24 05:00:00,4.590,95.000,242.100,55.000,10.700
2019-05-24 06:00:00,3.320,226.000,418.300,95.000,13.100
2019-05-24 07:00:00,2.510,358.000,464.200,145.000,15.500
2019-05-24 08:00:00,2.660,503.000,550.300,177.000,17.800
2019-05-24 09:00:00,3.400,666.000,756.400,133.000,19.300
2019-05-24 10:00:00,3.350,767.000,812.100,127.000,20.900
2019-05-24 11:00:00,4.390,729.000,605.800,222.000,21.500
2019-05-24 12:00:00,5.850,614.000,487.100,201.000,21.800
2019-05-24 13:00:00,6.380,555.000,441.400,193.000,22.400
2019-05-24 14:00:00,6.590,529.000,488.300,160.000,22.500
2019-05-24 15:00:00,6.760,443.000,417.300,168.000,22.500
2019-05-24 16:00:00,6.600,361.000,434.200,128.000,22.000
2019-05-24 17:00:00,5.990,244.000,403.200,84.000,20.900
2019-05-24 18:00:00,6.010,125.000,284.900,54.000,19.600
2019-05-24 19:00:00,6.580,41.000,125.300,28.000,18.100
2019-05-24 20:00:00,6.630,2.000,0.000,2.000,16.100
2019-05-24 21:00:00,6.220,0.000,0.000,0.000,14.400
2019-05-24 22:00:00,5.780,0.000,0.000,0.000,12.600
2019-05-24 23:00:00,4.980,0.000,0.000,0.000,11.600
2019-05-25 00:00:00,4.620,0.000,0.000,0.000,10.600
2019-05-25 01:00:00,4.470,0.000,0.000,0.000,10.200
2019-05-25 02:00:00,4.590,0.000,0.000,0.000,10.100
2019-05-25 03:00:00,4.810,0.000,0.000,0.000,10.200
2019-05-25 04:00:00,4.870,13.000,16.500,12.000,9.900
2019-05-25 05:00:00,4.560,82.000,161.200,55.000,10.500
2019-05-25 06:00:00,5.500,153.000,149.100,106.000,10.700
2019-05-25 07:00:00,5.150,211.000,121.500,155.000,11.300
2019-05-25 08:00:00,5.160,248.000,70.700,206.000,11.500
2019-05-25 09:00:00,5.250,268.000,8.500,262.000,11.800
2019-05-25 10:00:00,4.920,242.000,20.300,226.000,12.300
2019-05-25 11:00:00,4.810,334.000,69.200,276.000,13.100
2019-05-25 12:00:00,4.710,326.000,37.700,294.000,13.400
2019-05-25 13:00:00,4.750,287.000,30.400,262.000,13.900
2019-05-25 14:00:00,5.150,250.000,34.300,224.000,14.500
2019-05-25 15:00:00,5.420,216.000,16.600,205.000,14.800
2019-05-25 16:00:00,5.680,183.000,26.000,169.000,14.900
2019-05-25 17:00:00,4.580,103.000,0.000,103.000,14.900
2019-05-25 18:00:00,3.970,75.000,43.700,64.000,14.700
2019-05-25 19:00:00,3.440,21.000,0.000,21.000,13.800
2019-05-25 20:00:00,3.080,1.000,0.000,1.000,11.800
2019-05-25 21:00:00,3.410,0.000,0.000,0.000,10.900
2019-05-25 22:00:00,2.730,0.000,0.000,0.000,9.100
2019-05-25 23:00:00,2.650,0.000,0.000,0.000,8.000
2019-05-26 00:00:00,2.820,0.000,0.000,0.000,7.700
2019-05-26 01:00:00,3.330,0.000,0.000,0.000,7.100
2019-05-26 02:00:00,4.760,0.000,0.000,0.000,7.300
2019-05-26 03:00:00,5.820,0.000,0.000,0.000,7.700
2019-05-26 04:00:00,6.690,12.000,0.000,12.000,8.500
2019-05-26 05:00:00,7.100,75.000,70.700,63.000,10.100
2019-05-26 06:00:00,7.930,170.000,145.000,124.000,12.100
2019-05-26 07:00:00,7.220,277.000,164.300,201.000,14.100
2019-05-26 08:00:00,7.710,415.000,305.400,233.000,15.900
2019-05-26 09:00:00,7.890,517.000,320.600,290.000,17.100
2019-05-26 10:00:00,7.920,596.000,391.800,286.000,18.100
2019-05-26 11:00:00,7.920,602.000,423.800,246.000,18.900
2019-05-26 12:00:00,9.550,648.000,454.700,261.000,20.000
2019-05-26 13:00:00,9.380,508.000,257.400,296.000,20.300
2019-05-26 14:00:00,8.200,214.000,3.900,211.000,20.300
2019-05-26 15:00:00,8.100,194.000,34.700,171.000,20.600
2019-05-26 16:00:00,8.830,208.000,99.800,154.000,20.700
2019-05-26 17:00:00,8.600,116.000,32.400,103.000,20.100
2019-05-26 18:00:00,8.850,52.000,7.900,50.000,19.400
2019-05-26 19:00:00,8.820,32.000,36.600,28.000,18.700
2019-05-26 20:00:00,8.660,1.000,0.000,1.000,18.100
2019-05-26 21:00:00,8.490,0.000,0.000,0.000,17.600
2019-05-26 22:00:00,8.940,0.000,0.000,0.000,17.500
2019-05-26 23:00:00,8.940,0.000,0.000,0.000,17.300
2019-05-27 00:00:00,8.770,0.000,0.000,0.000,16.900
2019-05-27 01:00:00,8.300,0.000,0.000,0.000,16.400
2019-05-27 02:00:00,7.840,0.000,0.000,0.000,15.800
2019-05-27 03:00:00,7.280,0.000,0.000,0.000,15.400
2019-05-27 04:00:00,7.120,2.000,0.000,2.000,15.000
2019-05-27 05:00:00,6.650,11.000,0.000,11.000,14.600
2019-05-27 06:00:00,6.060,38.000,3.100,37.000,14.700
2019-05-27 07:00:00,5.620,110.000,34.500,94.000,15.100
2019-05-27 08:00:00,5.200,244.000,145.600,157.000,15.800
2019-05-27 09:00:00,5.500,396.000,363.600,138.000,16.800
2019-05-27 10:00:00,5.940,554.000,450.300,197.000,17.500
2019-05-27 11:00:00,5.950,608.000,478.900,205.000,18.200
2019-05-27 12:00:00,5.820,600.000,415.100,246.000,19.100
2019-05-27 13:00:00,5.940,574.000,449.500,203.000,19.300
2019-05-27 14:00:00,5.980,658.000,630.400,178.000,20.000
2019-05-27 15:00:00,6.140,484.000,487.100,160.000,19.900
2019-05-27 16:00:00,6.000,337.000,371.800,135.000,19.400
2019-05-27 17:00:00,5.510,269.000,418.300,100.000,18.900
2019-05-27 18:00:00,4.750,142.000,280.200,70.000,18.000
2019-05-27 19:00:00,4.320,38.000,17.900,36.000,16.700
2019-05-27 20:00:00,4.330,2.000,0.000,2.000,15.600
2019-05-27 21:00:00,3.960,0.000,0.000,0.000,14.400
2019-05-27 22:00:00,3.040,0.000,0.000,0.000,13.000
2019-05-27 23:00:00,3.260,0.000,0.000,0.000,11.900
2019-05-28 00:00:00,3.710,0.000,0.000,0.000,11.700
2019-05-28 01:00:00,4.070,0.000,0.000,0.000,11.000
2019-05-28 02:00:00,4.740,0.000,0.000,0.000,10.700
2019-05-28 03:00:00,4.810,0.000,0.000,0.000,10.200
2019-05-28 04:00:00,4.260,15.000,31.500,13.000,10.300
2019-05-28 05:00:00,3.380,84.000,132.400,61.000,10.800
2019-05-28 06:00:00,2.470,185.000,202.500,120.000,11.800
2019-05-28 07:00:00,2.140,316.000,326.200,164.000,12.900
2019-05-28 08:00:00,2.480,475.000,469.100,194.000,14.200
2019-05-28 09:00:00,3.280,551.000,389.600,274.000,15.000
2019-05-28 10:00:00,2.840,581.000,346.300,306.000,15.400
2019-05-28 11:00:00,2.780,559.000,290.600,314.000,15.800
2019-05-28 12:00:00,3.360,534.000,323.100,258.000,15.900
2019-05-28 13:00:00,3.810,590.000,407.500,253.000,15.900
2019-05-28 14:00:00,4.170,600.000,490.100,226.000,15.800
2019-05-28 15:00:00,4.790,511.000,464.700,201.000,15.900
2019-05-28 16:00:00,5.190,280.000,267.700,134.000,15.300
2019-05-28 17:00:00,5.150,207.000,226.400,115.000,15.300
2019-05-28 18:00:00,5.630,118.000,154.200,78.000,14.700
2019-05-28 19:00:00,6.130,38.000,26.200,35.000,13.800
2019-05-28 20:00:00,7.420,2.000,0.000,2.000,12.900
2019-05-28 21:00:00,7.480,0.000,0.000,0.000,11.900
2019-05-28 22:00:00,7.030,0.000,0.000,0.000,10.600
2019-05-28 23:00:00,6.200,0.000,0.000,0.000,9.700
2019-05-29 00:00:00,5.410,0.000,0.000,0.000,8.600
2019-05-29 01:00:00,5.030,0.000,0.000,0.000,7.700
2019-05-29 02:00:00,4.830,0.000,0.000,0.000,6.700
2019-05-29 03:00:00,4.610,0.000,0.000,0.000,5.800
2019-05-29 04:00:00,3.940,18.000,93.100,12.000,5.500
2019-05-29 05:00:00,2.870,113.000,364.400,49.000,7.300
2019-05-29 06:00:00,1.790,259.000,567.100,76.000,9.500
2019-05-29 07:00:00,2.790,406.000,654.500,100.000,11.100
2019-05-29 08:00:00,2.950,379.000,299.800,199.000,12.200
2019-05-29 09:00:00,3.190,411.000,197.900,270.000,12.700
2019-05-29 10:00:00,2.140,419.000,186.000,271.000,13.000
2019-05-29 11:00:00,2.720,511.000,196.600,345.000,13.900
2019-05-29 12:00:00,2.920,426.000,123.900,320.000,14.500
2019-05-29 13:00:00,2.660,360.000,89.300,286.000,14.800
2019-05-29 14:00:00,2.510,402.000,156.900,282.000,15.600
2019-05-29 15:00:00,2.190,330.000,177.900,211.000,15.900
2019-05-29 16:00:00,2.020,282.000,202.700,171.000,16.100
2019-05-29 17:00:00,1.810,228.000,217.800,139.000,16.200
2019-05-29 18:00:00,1.300,170.000,378.100,71.000,15.900
2019-05-29 19:00:00,2.000,53.000,187.700,31.000,13.600
2019-05-29 20:00:00,3.130,3.000,19.100,2.000,11.100
2019-05-29 21:00:00,4.750,0.000,0.000,0.000,10.100
2019-05-29 22:00:00,6.720,0.000,0.000,0.000,9.300
2019-05-29 23:00:00,7.340,0.000,0.000,0.000,8.900
2019-05-30 00:00:00,7.670,0.000,0.000,0.000,8.900
2019-05-30 01:00:00,7.940,0.000,0.000,0.000,8.800
2019-05-30 02:00:00,8.150,0.000,0.000,0.000,9.000
2019-05-30 03:00:00,8.400,0.000,0.000,0.000,9.000
2019-05-30 04:00:00,8.630,18.000,91.900,12.000,9.700
2019-05-30 05:00:00,8.340,101.000,287.400,50.000,11.300
2019-05-30 06:00:00,7.720,172.000,222.000,100.000,13.100
2019-05-30 07:00:00,6.990,226.000,147.100,157.000,14.300
2019-05-30 08:00:00,7.060,320.000,194.400,203.000,15.400
2019-05-30 09:00:00,7.330,322.000,133.100,227.000,15.700
2019-05-30 10:00:00,6.530,159.000,51.500,118.000,16.900
2019-05-30 11:00:00,7.190,112.000,4.700,108.000,16.900
2019-05-30 12:00:00,7.520,146.000,3.500,143.000,17.000
2019-05-30 13:00:00,9.660,103.000,8.400,96.000,17.000
2019-05-30 14:00:00,9.010,128.000,6.500,123.000,17.300
2019-05-30 15:00:00,8.850,207.000,34.300,184.000,18.000
2019-05-30 16:00:00,7.750,95.000,1.800,94.000,18.100
2019-05-30 17:00:00,7.040,89.000,2.400,88.000,18.200
2019-05-30 18:00:00,6.170,41.000,0.000,41.000,18.000
2019-05-30 19:00:00,5.750,23.000,0.000,23.000,17.600
2019-05-30 20:00:00,5.840,2.000,0.000,2.000,17.100
2019-05-30 21:00:00,6.380,0.000,0.000,0.000,16.700
2019-05-30 22:00:00,7.160,0.000,0.000,0.000,16.300
2019-05-30 23:00:00,7.220,0.000,0.000,0.000,15.900
2019-05-31 00:00:00,7.520,0.000,0.000,0.000,15.500
2019-05-31 01:00:00,7.430,0.000,0.000,0.000,15.300
2019-05-31 02:00:00,7.340,0.000,0.000,0.000,15.400
2019-05-31 03:00:00,6.930,0.000,0.000,0.000,15.400
2019-05-31 04:00:00,6.980,13.000,30.300,11.000,15.300
2019-05-31 05:00:00,6.990,60.000,78.200,46.000,15.700
2019-05-31 06:00:00,6.530,107.000,95.100,76.000,16.200
2019-05-31 07:00:00,6.570,142.000,97.800,96.000,16.600
2019-05-31 08:00:00,6.310,213.000,124.400,138.000,17.300
2019-05-31 09:00:00,6.300,280.000,165.100,162.000,18.100
2019-05-31 10:00:00,4.480,505.000,408.500,179.000,19.200
2019-05-31 11:00:00,4.650,555.000,386.100,228.000,20.500
2019-05-31 12:00:00,4.980,703.000,558.000,224.000,21.400
2019-05-31 13:00:00,5.750,699.000,648.200,160.000,22.100
2019-05-31 14:00:00,6.000,509.000,458.300,157.000,22.700
2019-05-31 15:00:00,5.970,447.000,446.000,147.000,23.100
2019-05-31 16:00:00,5.930,347.000,408.000,122.000,22.900
2019-05-31 17:00:00,5.000,210.000,293.100,89.000,22.900
2019-05-31 18:00:00,4.800,136.000,210.200,80.000,22.100
2019-05-31 19:00:00,4.500,48.000,122.900,33.000,20.700
2019-05-31 20:00:00,4.100,3.000,0.000,3.000,18.900
2019-05-31 21:00:00,3.710,0.000,0.000,0.000,17.500
2019-05-31 22:00:00,3.300,0.000,0.000,0.000,16.000
2019-05-31 23:00:00,3.010,0.000,0.000,0.000,15.200
2019-06-01 00:00:00,3.100,0.000,0.000,0.000,14.100
2019-06-01 01:00:00,3.650,0.000,0.000,0.000,13.500
2019-06-01 02:00:00,4.320,0.000,0.000,0.000,12.800
2019-06-01 03:00:00,4.620,0.000,0.000,0.000,12.600
2019-06-01 04:00:00,4.740,18.000,89.700,12.000,13.400
2019-06-01 05:00:00,4.770,106.000,309.900,50.000,14.600
2019-06-01 06:00:00,4.110,220.000,424.800,81.000,16.600
2019-06-01 07:00:00,4.390,393.000,614.800,103.000,18.700
2019-06-01 08:00:00,5.320,533.000,690.000,116.000,20.500
2019-06-01 09:00:00,5.480,582.000,590.800,159.000,21.600
2019-06-01 10:00:00,4.520,650.000,529.300,227.000,22.300
2019-06-01 11:00:00,4.430,672.000,540.000,214.000,23.300
2019-06-01 12:00:00,4.610,673.000,577.000,177.000,23.900
2019-06-01 13:00:00,4.720,748.000,686.800,176.000,25.000
2019-06-01 14:00:00,4.790,634.000,569.100,196.000,25.700
2019-06-01 15:00:00,4.710,489.000,453.800,183.000,26.000
2019-06-01 16:00:00,4.400,365.000,361.500,165.000,26.000
2019-06-01 17:00:00,3.810,199.000,207.300,113.000,25.300
2019-06-01 18:00:00,3.140,121.000,212.200,64.000,24.800
2019-06-01 19:00:00,2.730,67.000,257.300,35.000,23.000
2019-06-01 20:00:00,2.880,4.000,19.100,3.000,21.000
2019-06-01 21:00:00,4.140,0.000,0.000,0.000,18.700
2019-06-01 22:00:00,5.320,0.000,0.000,0.000,16.600
2019-06-01 23:00:00,5.250,0.000,0.000,0.000,15.800
2019-06-02 00:00:00,5.160,0.000,0.000,0.000,14.900
2019-06-02 01:00:00,5.420,0.000,0.000,0.000,14.500
2019-06-02 02:00:00,5.690,0.000,0.000,0.000,13.900
2019-06-02 03:00:00,5.870,0.000,0.000,0.000,13.500
2019-06-02 04:00:00,5.820,20.000,103.600,13.000,13.800
2019-06-02 05:00:00,5.380,112.000,345.800,49.000,16.000
2019-06-02 06:00:00,4.240,247.000,523.500,75.000,18.700
2019-06-02 07:00:00,3.500,395.000,632.200,96.000,21.000
2019-06-02 08:00:00,3.580,537.000,697.000,115.000,23.500
2019-06-02 09:00:00,4.040,660.000,754.400,119.000,25.500
2019-06-02 10:00:00,4.200,764.000,793.500,129.000,27.300
2019-06-02 11:00:00,5.180,821.000,811.300,132.000,28.200
2019-06-02 12:00:00,5.760,834.000,809.600,137.000,28.900
2019-06-02 13:00:00,6.240,791.000,762.400,155.000,29.600
2019-06-02 14:00:00,6.540,728.000,762.500,140.000,30.000
2019-06-02 15:00:00,6.420,609.000,699.800,136.000,30.200
2019-06-02 16:00:00,5.910,469.000,603.500,134.000,30.000
2019-06-02 17:00:00,5.500,307.000,419.800,132.000,29.500
2019-06-02 18:00:00,6.030,164.000,232.700,101.000,28.600
2019-06-02 19:00:00,6.970,66.000,213.300,39.000,26.800
2019-06-02 20:00:00,7.690,5.000,19.100,4.000,24.700
2019-06-02 21:00:00,8.160,0.000,0.000,0.000,23.300
2019-06-02 22:00:00,8.920,0.000,0.000,0.000,22.300
2019-06-02 23:00:00,8.770,0.000,0.000,0.000,21.900
2019-06-03 00:00:00,8.700,0.000,0.000,0.000,21.200
2019-06-03 01:00:00,8.330,0.000,0.000,0.000,20.400
2019-06-03 02:00:00,7.440,0.000,0.000,0.000,19.400
2019-06-03 03:00:00,6.470,0.000,0.000,0.000,18.600
2019-06-03 04:00:00,6.040,21.000,117.200,13.000,18.700
2019-06-03 05:00:00,5.920,115.000,359.500,49.000,20.500
2019-06-03 06:00:00,5.430,240.000,476.000,83.000,22.500
2019-06-03 07:00:00,4.570,376.000,550.600,115.000,24.000
2019-06-03 08:00:00,4.560,441.000,483.100,148.000,24.300
2019-06-03 09:00:00,5.140,493.000,391.300,212.000,24.700
2019-06-03 10:00:00,4.980,607.000,512.900,196.000,25.000
2019-06-03 11:00:00,3.780,616.000,456.300,228.000,25.500
2019-06-03 12:00:00,3.470,705.000,541.800,238.000,26.300
2019-06-03 13:00:00,3.940,616.000,476.400,218.000,23.700
2019-06-03 14:00:00,4.020,287.000,66.000,236.000,21.100
2019-06-03 15:00:00,4.930,157.000,13.300,148.000,21.000
2019-06-03 16:00:00,4.980,110.000,16.200,101.000,21.000
2019-06-03 17:00:00,3.130,192.000,174.300,119.000,20.600
2019-06-03 18:00:00,3.440,122.000,183.300,72.000,19.400
2019-06-03 19:00:00,3.980,20.000,0.000,20.000,18.500
2019-06-03 20:00:00,2.620,1.000,0.000,1.000,17.500
2019-06-03 21:00:00,1.940,0.000,0.000,0.000,17.100
2019-06-03 22:00:00,3.000,0.000,0.000,0.000,16.700
2019-06-03 23:00:00,2.930,0.000,0.000,0.000,15.600
2019-06-04 00:00:00,3.260,0.000,0.000,0.000,15.000
2019-06-04 01:00:00,1.840,0.000,0.000,0.000,15.100
2019-06-04 02:00:00,0.640,0.000,0.000,0.000,15.200
2019-06-04 03:00:00,1.220,0.000,0.000,0.000,15.100
2019-06-04 04:00:00,1.910,16.000,58.100,12.000,15.100
2019-06-04 05:00:00,1.430,54.000,59.500,43.000,15.500
2019-06-04 06:00:00,1.750,114.000,108.800,78.000,16.400
2019-06-04 07:00:00,2.610,125.000,37.900,107.000,17.100
2019-06-04 08:00:00,1.580,246.000,131.700,166.000,18.400
2019-06-04 09:00:00,1.030,376.000,253.100,194.000,19.400
2019-06-04 10:00:00,0.900,475.000,310.400,226.000,20.700
2019-06-04 11:00:00,1.300,636.000,449.900,253.000,22.200
2019-06-04 12:00:00,1.410,666.000,475.000,256.000,23.300
2019-06-04 13:00:00,1.330,624.000,500.800,205.000,24.300
2019-06-04 14:00:00,2.640,536.000,447.100,190.000,24.900
2019-06-04 15:00:00,2.770,410.000,259.200,234.000,25.200
2019-06-04 16:00:00,2.940,428.000,506.700,145.000,25.500
2019-06-04 17:00:00,3.260,311.000,499.300,101.000,25.400
2019-06-04 18:00:00,4.810,180.000,385.900,74.000,24.900
2019-06-04 19:00:00,6.640,67.000,206.500,40.000,23.500
2019-06-04 20:00:00,8.030,5.000,19.100,4.000,22.300
2019-06-04 21:00:00,9.110,0.000,0.000,0.000,21.700
2019-06-04 22:00:00,10.060,0.000,0.000,0.000,21.400
2019-06-04 23:00:00,8.880,0.000,0.000,0.000,21.100
2019-06-05 00:00:00,7.310,0.000,0.000,0.000,20.900
2019-06-05 01:00:00,6.650,0.000,0.000,0.000,20.600
2019-06-05 02:00:00,6.720,0.000,0.000,0.000,20.000
2019-06-05 03:00:00,6.620,0.000,0.000,0.000,19.600
2019-06-05 04:00:00,5.740,22.000,115.200,14.000,19.100
2019-06-05 05:00:00,4.560,110.000,311.700,52.000,19.800
2019-06-05 06:00:00,3.110,242.000,500.000,76.000,21.600
2019-06-05 07:00:00,2.730,365.000,539.900,108.000,23.300
2019-06-05 08:00:00,2.530,508.000,626.300,127.000,24.600
2019-06-05 09:00:00,1.800,635.000,673.700,150.000,25.700
2019-06-05 10:00:00,0.670,732.000,739.700,138.000,26.700
2019-06-05 11:00:00,1.170,805.000,783.800,137.000,27.300
2019-06-05 12:00:00,1.220,779.000,752.200,129.000,28.200
2019-06-05 13:00:00,1.170,776.000,771.100,130.000,29.000
2019-06-05 14:00:00,1.800,623.000,588.300,167.000,29.200
2019-06-05 15:00:00,3.200,554.000,570.200,166.000,29.900
2019-06-05 16:00:00,5.510,431.000,503.500,149.000,29.700
2019-06-05 17:00:00,3.850,300.000,475.900,99.000,29.000
2019-06-05 18:00:00,2.120,164.000,321.800,75.000,26.700
2019-06-05 19:00:00,4.140,50.000,105.500,36.000,24.900
2019-06-05 20:00:00,5.220,5.000,19.100,4.000,23.300
2019-06-05 21:00:00,6.770,0.000,0.000,0.000,22.500
2019-06-05 22:00:00,8.040,0.000,0.000,0.000,21.500
2019-06-05 23:00:00,8.090,0.000,0.000,0.000,21.500
2019-06-06 00:00:00,8.680,0.000,0.000,0.000,21.400
2019-06-06 01:00:00,9.360,0.000,0.000,0.000,20.800
2019-06-06 02:00:00,5.470,0.000,0.000,0.000,19.800
2019-06-06 03:00:00,6.170,0.000,0.000,0.000,19.600
2019-06-06 04:00:00,3.940,22.000,114.300,14.000,19.400
2019-06-06 05:00:00,2.730,109.000,315.300,50.000,19.800
2019-06-06 06:00:00,2.200,221.000,438.500,75.000,20.700
2019-06-06 07:00:00,3.790,351.000,515.800,105.000,21.100
2019-06-06 08:00:00,8.400,363.000,346.400,152.000,19.200
2019-06-06 09:00:00,9.960,280.000,152.600,170.000,17.600
2019-06-06 10:00:00,7.780,362.000,118.200,267.000,16.500
2019-06-06 11:00:00,7.600,364.000,93.800,284.000,15.900
2019-06-06 12:00:00,7.890,475.000,256.600,253.000,16.300
2019-06-06 13:00:00,8.040,507.000,304.000,252.000,17.000
2019-06-06 14:00:00,8.200,430.000,265.300,224.000,17.500
2019-06-06 15:00:00,7.480,322.000,220.000,172.000,17.500
2019-06-06 16:00:00,6.650,236.000,156.700,148.000,17.200
2019-06-06 17:00:00,6.040,231.000,224.100,136.000,17.000
2019-06-06 18:00:00,5.120,143.000,233.600,78.000,16.800
2019-06-06 19:00:00,3.980,39.000,44.600,33.000,16.200
2019-06-06 20:00:00,3.040,3.000,0.000,3.000,15.100
2019-06-06 21:00:00,2.060,0.000,0.000,0.000,14.800
2019-06-06 22:00:00,1.800,0.000,0.000,0.000,14.200
2019-06-06 23:00:00,1.430,0.000,0.000,0.000,13.700
2019-06-07 00:00:00,1.350,0.000,0.000,0.000,13.100
2019-06-07 01:00:00,1.080,0.000,0.000,0.000,12.100
2019-06-07 02:00:00,0.420,0.000,0.000,0.000,11.200
2019-06-07 03:00:00,1.300,0.000,0.000,0.000,10.700
2019-06-07 04:00:00,2.520,24.000,127.800,15.000,10.700
2019-06-07 05:00:00,2.440,114.000,350.900,48.000,12.400
2019-06-07 06:00:00,2.610,254.000,527.200,78.000,14.200
2019-06-07 07:00:00,3.260,375.000,533.900,120.000,15.700
2019-06-07 08:00:00,4.160,505.000,600.200,139.000,17.100
2019-06-07 09:00:00,4.840,565.000,569.800,154.000,18.100
2019-06-07 10:00:00,4.530,510.000,309.500,261.000,18.900
2019-06-07 11:00:00,5.190,505.000,249.400,292.000,19.600
2019-06-07 12:00:00,5.600,562.000,227.500,365.000,20.600
2019-06-07 13:00:00,6.180,634.000,365.500,327.000,21.600
2019-06-07 14:00:00,6.260,682.000,690.700,145.000,22.400
2019-06-07 15:00:00,6.930,587.000,642.700,148.000,22.900
2019-06-07 16:00:00,7.890,493.000,696.300,101.000,23.200
2019-06-07 17:00:00,7.630,342.000,592.200,90.000,23.000
2019-06-07 18:00:00,7.360,187.000,407.200,73.000,22.500
2019-06-07 19:00:00,7.440,71.000,227.500,40.000,21.300
2019-06-07 20:00:00,5.030,5.000,19.100,4.000,20.200
2019-06-07 21:00:00,5.670,0.000,0.000,0.000,18.100
2019-06-07 22:00:00,4.960,0.000,0.000,0.000,15.700
2019-06-07 23:00:00,5.020,0.000,0.000,0.000,15.600
2019-06-08 00:00:00,7.620,0.000,0.000,0.000,14.600
2019-06-08 01:00:00,8.660,0.000,0.000,0.000,14.000
2019-06-08 02:00:00,8.420,0.000,0.000,0.000,13.500
2019-06-08 03:00:00,9.050,0.000,0.000,0.000,13.000
2019-06-08 04:00:00,8.980,20.000,84.700,14.000,13.100
2019-06-08 05:00:00,9.140,103.000,238.100,58.000,14.000
2019-06-08 06:00:00,9.700,189.000,266.000,100.000,14.800
2019-06-08 07:00:00,10.830,216.000,158.900,140.000,15.700
2019-06-08 08:00:00,12.290,472.000,566.800,126.000,16.400
2019-06-08 09:00:00,12.160,576.000,572.100,163.000,16.600
2019-06-08 10:00:00,10.030,562.000,488.100,169.000,16.700
2019-06-08 11:00:00,10.700,594.000,499.600,167.000,17.100
2019-06-08 12:00:00,11.800,520.000,372.700,197.000,17.800
2019-06-08 13:00:00,12.290,587.000,512.600,156.000,18.200
2019-06-08 14:00:00,12.100,516.000,384.000,217.000,18.500
2019-06-08 15:00:00,11.390,459.000,448.700,152.000,18.500
2019-06-08 16:00:00,10.490,353.000,386.300,135.000,18.600
2019-06-08 17:00:00,10.470,283.000,430.900,99.000,18.500
2019-06-08 18:00:00,9.460,189.000,404.900,75.000,17.800
2019-06-08 19:00:00,7.980,70.000,217.500,40.000,16.800
2019-06-08 20:00:00,7.660,7.000,19.100,6.000,15.600
2019-06-08 21:00:00,7.890,0.000,0.000,0.000,15.100
2019-06-08 22:00:00,8.780,0.000,0.000,0.000,14.000
2019-06-08 23:00:00,8.060,0.000,0.000,0.000,13.400
2019-06-09 00:00:00,7.920,0.000,0.000,0.000,12.600
2019-06-09 01:00:00,7.430,0.000,0.000,0.000,11.900
2019-06-09 02:00:00,6.940,0.000,0.000,0.000,11.200
2019-06-09 03:00:00,6.640,0.000,0.000,0.000,10.700
2019-06-09 04:00:00,6.440,24.000,112.300,16.000,11.000
2019-06-09 05:00:00,5.760,107.000,205.500,68.000,12.500
2019-06-09 06:00:00,4.600,226.000,331.100,115.000,14.100
2019-06-09 07:00:00,4.700,372.000,465.600,149.000,15.400
2019-06-09 08:00:00,4.180,537.000,623.600,156.000,16.600
2019-06-09 09:00:00,3.690,684.000,761.300,134.000,17.700
2019-06-09 10:00:00,2.690,786.000,806.600,136.000,19.100
2019-06-09 11:00:00,2.020,842.000,817.300,143.000,20.000
2019-06-09 12:00:00,1.500,852.000,802.300,156.000,20.900
2019-06-09 13:00:00,1.990,819.000,796.000,149.000,21.400
2019-06-09 14:00:00,1.000,728.000,729.900,159.000,21.900
2019-06-09 15:00:00,0.850,520.000,506.300,173.000,22.000
2019-06-09 16:00:00,1.480,350.000,323.500,167.000,22.000
2019-06-09 17:00:00,1.570,184.000,91.000,145.000,21.500
2019-06-09 18:00:00,3.190,88.000,53.000,73.000,20.700
2019-06-09 19:00:00,4.610,54.000,71.700,44.000,19.700
2019-06-09 20:00:00,6.020,5.000,0.000,5.000,18.700
2019-06-09 21:00:00,6.750,0.000,0.000,0.000,18.300
2019-06-09 22:00:00,6.450,0.000,0.000,0.000,17.300
2019-06-09 23:00:00,7.070,0.000,0.000,0.000,17.300
2019-06-10 00:00:00,6.930,0.000,0.000,0.000,17.100
2019-06-10 01:00:00,6.820,0.000,0.000,0.000,16.000
2019-06-10 02:00:00,6.320,0.000,0.000,0.000,15.200
2019-06-10 03:00:00,5.320,0.000,0.000,0.000,15.100
2019-06-10 04:00:00,5.060,14.000,14.000,13.000,15.200
2019-06-10 05:00:00,4.630,71.000,47.300,62.000,15.500
2019-06-10 06:00:00,4.300,193.000,223.400,118.000,16.500
2019-06-10 07:00:00,2.730,149.000,50.100,125.000,18.100
2019-06-10 08:00:00,2.830,291.000,165.200,190.000,19.300
2019-06-10 09:00:00,2.500,524.000,445.400,202.000,20.600
2019-06-10 10:00:00,1.220,697.000,570.500,237.000,21.800
2019-06-10 11:00:00,2.020,801.000,708.100,195.000,23.200
2019-06-10 12:00:00,2.050,624.000,403.100,274.000,23.900
2019-06-10 13:00:00,1.490,413.000,140.100,295.000,24.300
2019-06-10 14:00:00,1.660,349.000,85.800,282.000,24.600
2019-06-10 15:00:00,2.910,273.000,67.000,227.000,24.400
2019-06-10 16:00:00,3.620,273.000,236.400,139.000,24.200
2019-06-10 17:00:00,3.320,231.000,286.200,108.000,24.000
2019-06-10 18:00:00,2.960,122.000,123.000,87.000,23.100
2019-06-10 19:00:00,4.120,20.000,0.000,20.000,22.000
2019-06-10 20:00:00,4.370,4.000,0.000,4.000,21.700
2019-06-10 21:00:00,2.710,0.000,0.000,0.000,20.900
2019-06-10 22:00:00,1.560,0.000,0.000,0.000,18.000
2019-06-10 23:00:00,0.890,0.000,0.000,0.000,17.900
2019-06-11 00:00:00,2.940,0.000,0.000,0.000,17.800
2019-06-11 01:00:00,2.980,0.000,0.000,0.000,17.400
2019-06-11 02:00:00,2.580,0.000,0.000,0.000,16.900
2019-06-11 03:00:00,3.580,0.000,0.000,0.000,16.500
2019-06-11 04:00:00,5.330,6.000,0.000,6.000,16.400
2019-06-11 05:00:00,6.310,23.000,0.000,23.000,16.700
2019-06-11 06:00:00,6.080,49.000,14.900,44.000,16.800
2019-06-11 07:00:00,4.430,114.000,25.000,102.000,17.200
2019-06-11 08:00:00,5.000,266.000,124.200,190.000,17.300
2019-06-11 09:00:00,4.590,408.000,273.700,210.000,17.900
2019-06-11 10:00:00,3.850,555.000,401.600,231.000,18.800
2019-06-11 11:00:00,3.700,577.000,428.600,210.000,19.700
2019-06-11 12:00:00,3.580,608.000,461.500,207.000,20.400
2019-06-11 13:00:00,3.210,480.000,208.700,304.000,20.700
2019-06-11 14:00:00,2.900,445.000,220.100,273.000,21.400
2019-06-11 15:00:00,2.470,366.000,216.700,217.000,21.700
2019-06-11 16:00:00,2.060,299.000,232.400,167.000,21.900
2019-06-11 17:00:00,2.440,198.000,225.000,101.000,21.800
2019-06-11 18:00:00,4.060,139.000,234.400,72.000,21.300
2019-06-11 19:00:00,5.240,66.000,210.600,36.000,20.000
2019-06-11 20:00:00,5.600,7.000,19.100,6.000,18.700
2019-06-11 21:00:00,5.430,0.000,0.000,0.000,17.800
2019-06-11 22:00:00,1.170,0.000,0.000,0.000,17.400
2019-06-11 23:00:00,1.640,0.000,0.000,0.000,16.700
2019-06-12 00:00:00,5.730,0.000,0.000,0.000,16.400
2019-06-12 01:00:00,4.740,0.000,0.000,0.000,16.200
2019-06-12 02:00:00,3.040,0.000,0.000,0.000,16.100
2019-06-12 03:00:00,1.550,0.000,0.000,0.000,15.500
2019-06-12 04:00:00,0.280,13.000,41.700,10.000,15.500
2019-06-12 05:00:00,3.270,31.000,15.700,28.000,16.000
2019-06-12 06:00:00,4.280,59.000,23.800,51.000,16.900
2019-06-12 07:00:00,4.710,231.000,189.600,140.000,17.100
2019-06-12 08:00:00,4.700,164.000,11.400,157.000,17.300
2019-06-12 09:00:00,4.440,180.000,18.000,167.000,17.700
2019-06-12 10:00:00,3.860,170.000,5.000,166.000,18.400
2019-06-12 11:00:00,2.620,223.000,39.700,189.000,19.000
2019-06-12 12:00:00,1.220,200.000,4.600,196.000,19.500
2019-06-12 13:00:00,1.700,154.000,0.000,154.000,19.500
2019-06-12 14:00:00,5.830,93.000,0.000,93.000,19.000
2019-06-12 15:00:00,5.940,95.000,4.400,92.000,18.400
2019-06-12 16:00:00,4.830,81.000,3.500,79.000,17.800
2019-06-12 17:00:00,5.960,45.000,0.000,45.000,17.200
2019-06-12 18:00:00,5.970,77.000,97.500,49.000,16.600
2019-06-12 19:00:00,5.390,62.000,159.900,39.000,16.100
2019-06-12 20:00:00,5.690,9.000,38.200,7.000,14.800
2019-06-12 21:00:00,5.390,0.000,0.000,0.000,14.200
2019-06-12 22:00:00,5.320,0.000,0.000,0.000,13.000
2019-06-12 23:00:00,6.360,0.000,0.000,0.000,12.700
2019-06-13 00:00:00,6.490,0.000,0.000,0.000,12.300
2019-06-13 01:00:00,6.580,0.000,0.000,0.000,12.400
2019-06-13 02:00:00,6.360,0.000,0.000,0.000,12.600
2019-06-13 03:00:00,6.580,0.000,0.000,0.000,12.500
2019-06-13 04:00:00,6.790,26.000,138.600,16.000,12.700
2019-06-13 05:00:00,6.380,119.000,333.900,55.000,13.900
2019-06-13 06:00:00,5.770,247.000,457.200,93.000,15.800
2019-06-13 07:00:00,5.390,402.000,603.800,112.000,17.700
2019-06-13 08:00:00,6.040,536.000,650.000,138.000,19.400
2019-06-13 09:00:00,7.330,643.000,705.900,132.000,20.800
2019-06-13 10:00:00,6.670,614.000,518.900,195.000,21.100
2019-06-13 11:00:00,6.260,619.000,511.000,181.000,21.600
2019-06-13 12:00:00,6.280,768.000,680.500,176.000,22.500
2019-06-13 13:00:00,6.040,708.000,665.400,146.000,22.900
2019-06-13 14:00:00,5.690,610.000,546.500,182.000,23.000
2019-06-13 15:00:00,5.370,506.000,482.900,173.000,23.100
2019-06-13 16:00:00,4.440,419.000,527.800,118.000,22.700
2019-06-13 17:00:00,3.670,243.000,336.800,97.000,22.500
2019-06-13 18:00:00,3.690,143.000,249.600,71.000,21.400
2019-06-13 19:00:00,3.780,62.000,179.200,36.000,19.500
2019-06-13 20:00:00,3.130,8.000,38.200,6.000,17.400
2019-06-13 21:00:00,3.210,0.000,0.000,0.000,16.000
2019-06-13 22:00:00,4.420,0.000,0.000,0.000,13.800
2019-06-13 23:00:00,5.940,0.000,0.000,0.000,13.000
2019-06-14 00:00:00,5.650,0.000,0.000,0.000,12.400
2019-06-14 01:00:00,5.320,0.000,0.000,0.000,12.200
2019-06-14 02:00:00,4.910,0.000,0.000,0.000,11.800
2019-06-14 03:00:00,3.820,0.000,0.000,0.000,11.300
2019-06-14 04:00:00,3.700,25.000,138.400,15.000,12.100
2019-06-14 05:00:00,5.450,118.000,333.500,54.000,14.400
2019-06-14 06:00:00,6.420,258.000,534.200,78.000,17.300
2019-06-14 07:00:00,6.310,414.000,659.900,97.000,19.900
2019-06-14 08:00:00,6.860,562.000,736.400,111.000,22.000
2019-06-14 09:00:00,7.670,679.000,769.300,122.000,23.500
2019-06-14 10:00:00,7.620,760.000,768.900,139.000,25.500
2019-06-14 11:00:00,7.080,810.000,772.000,148.000,26.800
2019-06-14 12:00:00,6.670,846.000,807.700,143.000,28.100
2019-06-14 13:00:00,7.270,748.000,641.200,206.000,28.500
2019-06-14 14:00:00,5.600,553.000,428.600,217.000,28.400
2019-06-14 15:00:00,1.330,487.000,418.600,198.000,27.900
2019-06-14 16:00:00,2.430,351.000,392.100,127.000,27.500
2019-06-14 17:00:00,3.490,289.000,421.100,106.000,27.100
2019-06-14 18:00:00,4.340,167.000,252.000,94.000,26.000
2019-06-14 19:00:00,4.770,46.000,13.700,44.000,24.600
2019-06-14 20:00:00,4.970,6.000,0.000,6.000,22.900
2019-06-14 21:00:00,5.410,0.000,0.000,0.000,21.800
2019-06-14 22:00:00,4.740,0.000,0.000,0.000,21.000
2019-06-14 23:00:00,5.020,0.000,0.000,0.000,20.600
2019-06-15 00:00:00,4.270,0.000,0.000,0.000,19.900
2019-06-15 01:00:00,3.860,0.000,0.000,0.000,19.700
2019-06-15 02:00:00,3.890,0.000,0.000,0.000,18.900
2019-06-15 03:00:00,5.770,0.000,0.000,0.000,19.100
2019-06-15 04:00:00,6.720,10.000,0.000,10.000,18.900
2019-06-15 05:00:00,6.910,62.000,52.100,52.000,19.200
2019-06-15 06:00:00,6.770,108.000,56.400,89.000,20.100
2019-06-15 07:00:00,5.030,340.000,468.300,115.000,21.100
2019-06-15 08:00:00,5.080,458.000,517.600,141.000,21.100
2019-06-15 09:00:00,5.460,646.000,709.800,132.000,21.600
2019-06-15 10:00:00,7.420,711.000,684.600,158.000,24.200
2019-06-15 11:00:00,9.460,755.000,679.600,172.000,23.500
2019-06-15 12:00:00,9.200,695.000,592.600,179.000,23.200
2019-06-15 13:00:00,8.130,685.000,618.300,162.000,23.700
2019-06-15 14:00:00,8.400,655.000,636.000,156.000,23.700
2019-06-15 15:00:00,8.490,521.000,522.200,160.000,23.000
2019-06-15 16:00:00,8.100,439.000,540.000,130.000,22.700
2019-06-15 17:00:00,7.750,355.000,601.400,93.000,22.100
2019-06-15 18:00:00,6.840,208.000,467.800,72.000,21.200
2019-06-15 19:00:00,5.960,70.000,230.700,36.000,20.100
2019-06-15 20:00:00,5.460,8.000,38.200,6.000,18.600
2019-06-15 21:00:00,4.740,0.000,0.000,0.000,17.100
2019-06-15 22:00:00,4.660,0.000,0.000,0.000,15.900
2019-06-15 23:00:00,3.510,0.000,0.000,0.000,14.700
2019-06-16 00:00:00,2.560,0.000,0.000,0.000,13.800
2019-06-16 01:00:00,2.660,0.000,0.000,0.000,13.500
2019-06-16 02:00:00,2.780,0.000,0.000,0.000,12.800
2019-06-16 03:00:00,1.630,0.000,0.000,0.000,12.300
2019-06-16 04:00:00,1.410,24.000,69.100,19.000,12.700
2019-06-16 05:00:00,2.150,107.000,244.700,60.000,14.100
2019-06-16 06:00:00,1.860,218.000,350.200,100.000,15.900
2019-06-16 07:00:00,1.920,242.000,97.800,195.000,17.400
2019-06-16 08:00:00,2.200,326.000,174.700,219.000,18.400
2019-06-16 09:00:00,2.620,351.000,204.400,203.000,19.300
2019-06-16 10:00:00,1.100,572.000,394.900,253.000,20.200
2019-06-16 11:00:00,1.500,577.000,393.900,239.000,20.700
2019-06-16 12:00:00,2.200,522.000,324.900,239.000,21.300
2019-06-16 13:00:00,2.190,343.000,196.100,177.000,21.000
2019-06-16 14:00:00,2.340,431.000,356.600,151.000,20.300
2019-06-16 15:00:00,2.320,391.000,369.900,135.000,20.800
2019-06-16 16:00:00,2.810,407.000,499.000,121.000,21.000
2019-06-16 17:00:00,2.850,251.000,336.700,104.000,21.000
2019-06-16 18:00:00,2.130,170.000,329.000,74.000,20.400
2019-06-16 19:00:00,1.080,54.000,87.600,41.000,19.300
2019-06-16 20:00:00,0.100,7.000,19.100,6.000,18.900
2019-06-16 21:00:00,0.820,0.000,0.000,0.000,16.600
2019-06-16 22:00:00,0.980,0.000,0.000,0.000,15.200
2019-06-16 23:00:00,1.170,0.000,0.000,0.000,14.600
2019-06-17 00:00:00,1.700,0.000,0.000,0.000,13.800
2019-06-17 01:00:00,1.900,0.000,0.000,0.000,13.100
2019-06-17 02:00:00,1.900,0.000,0.000,0.000,12.800
2019-06-17 03:00:00,1.800,0.000,0.000,0.000,12.100
2019-06-17 04:00:00,1.210,25.000,138.300,15.000,12.400
2019-06-17 05:00:00,1.240,120.000,354.200,52.000,14.300
2019-06-17 06:00:00,1.100,253.000,519.500,78.000,17.100
2019-06-17 07:00:00,0.510,380.000,533.100,124.000,19.400
2019-06-17 08:00:00,1.060,557.000,733.300,108.000,21.200
2019-06-17 09:00:00,1.350,664.000,748.600,122.000,22.300
2019-06-17 10:00:00,1.800,731.000,727.800,143.000,23.200
2019-06-17 11:00:00,2.160,711.000,618.700,180.000,23.800
2019-06-17 12:00:00,2.660,725.000,634.600,172.000,24.400
2019-06-17 13:00:00,2.970,664.000,557.400,192.000,25.100
2019-06-17 14:00:00,3.110,509.000,339.800,242.000,25.400
2019-06-17 15:00:00,3.260,422.000,304.600,211.000,25.700
2019-06-17 16:00:00,3.480,370.000,358.900,164.000,25.700
2019-06-17 17:00:00,3.380,283.000,413.700,102.000,25.400
2019-06-17 18:00:00,3.310,177.000,379.200,66.000,24.700
2019-06-17 19:00:00,3.960,76.000,241.000,40.000,23.400
2019-06-17 20:00:00,4.710,10.000,57.300,7.000,21.300
2019-06-17 21:00:00,5.030,0.000,0.000,0.000,19.300
2019-06-17 22:00:00,6.590,0.000,0.000,0.000,17.900
2019-06-17 23:00:00,6.470,0.000,0.000,0.000,17.100
2019-06-18 00:00:00,6.510,0.000,0.000,0.000,16.600
2019-06-18 01:00:00,6.400,0.000,0.000,0.000,16.400
2019-06-18 02:00:00,6.130,0.000,0.000,0.000,15.900
2019-06-18 03:00:00,5.600,0.000,0.000,0.000,15.400
2019-06-18 04:00:00,5.540,23.000,69.200,18.000,16.100
2019-06-18 05:00:00,5.380,103.000,182.500,68.000,17.600
2019-06-18 06:00:00,4.810,224.000,350.500,106.000,19.700
2019-06-18 07:00:00,3.910,301.000,237.500,187.000,21.800
2019-06-18 08:00:00,3.580,479.000,470.500,191.000,24.000
2019-06-18 09:00:00,3.620,579.000,567.700,168.000,25.500
2019-06-18 10:00:00,4.160,646.000,602.800,159.000,27.100
2019-06-18 11:00:00,4.580,662.000,583.700,161.000,28.000
2019-06-18 12:00:00,4.440,550.000,396.900,204.000,28.000
2019-06-18 13:00:00,4.370,654.000,593.800,151.000,28.400
2019-06-18 14:00:00,4.220,531.000,482.000,152.000,28.500
2019-06-18 15:00:00,4.080,484.000,442.700,177.000,28.400
2019-06-18 16:00:00,3.830,356.000,287.100,191.000,28.100
2019-06-18 17:00:00,3.550,247.000,241.800,141.000,27.700
2019-06-18 18:00:00,3.280,157.000,248.700,84.000,26.800
2019-06-18 19:00:00,2.820,65.000,99.800,50.000,25.000
2019-06-18 20:00:00,2.640,9.000,0.000,9.000,23.000
2019-06-18 21:00:00,3.000,0.000,0.000,0.000,21.600
2019-06-18 22:00:00,5.390,0.000,0.000,0.000,20.300
2019-06-18 23:00:00,6.080,0.000,0.000,0.000,19.200
2019-06-19 00:00:00,6.350,0.000,0.000,0.000,18.500
2019-06-19 01:00:00,6.260,0.000,0.000,0.000,17.900
2019-06-19 02:00:00,5.950,0.000,0.000,0.000,17.800
2019-06-19 03:00:00,5.480,0.000,0.000,0.000,17.100
2019-06-19 04:00:00,5.340,23.000,55.500,19.000,17.400
2019-06-19 05:00:00,4.930,110.000,229.700,66.000,19.100
2019-06-19 06:00:00,3.930,223.000,347.800,106.000,21.500
2019-06-19 07:00:00,2.890,308.000,264.700,181.000,24.400
2019-06-19 08:00:00,2.830,463.000,439.700,194.000,26.800
2019-06-19 09:00:00,3.010,568.000,431.100,256.000,28.300
2019-06-19 10:00:00,3.600,747.000,718.000,167.000,29.100
2019-06-19 11:00:00,4.030,745.000,692.000,151.000,29.800
2019-06-19 12:00:00,3.710,811.000,745.500,161.000,30.300
2019-06-19 13:00:00,4.010,763.000,699.700,170.000,30.200
2019-06-19 14:00:00,7.580,731.000,752.400,139.000,30.200
2019-06-19 15:00:00,2.920,512.000,487.000,174.000,28.000
2019-06-19 16:00:00,2.530,281.000,133.800,204.000,27.100
2019-06-19 17:00:00,3.200,265.000,230.000,164.000,26.400
2019-06-19 18:00:00,3.500,168.000,210.600,106.000,25.000
2019-06-19 19:00:00,4.760,77.000,225.200,43.000,23.800
2019-06-19 20:00:00,5.240,10.000,37.600,8.000,22.100
2019-06-19 21:00:00,4.840,0.000,0.000,0.000,20.400
2019-06-19 22:00:00,5.250,0.000,0.000,0.000,19.500
2019-06-19 23:00:00,2.700,0.000,0.000,0.000,19.200
2019-06-20 00:00:00,1.700,0.000,0.000,0.000,18.100
2019-06-20 01:00:00,3.980,0.000,0.000,0.000,17.100
2019-06-20 02:00:00,5.520,0.000,0.000,0.000,16.700
2019-06-20 03:00:00,6.260,0.000,0.000,0.000,16.300
2019-06-20 04:00:00,6.510,23.000,83.400,17.000,16.300
2019-06-20 05:00:00,6.620,100.000,214.400,59.000,16.900
2019-06-20 06:00:00,6.240,199.000,288.700,102.000,17.800
2019-06-20 07:00:00,6.710,335.000,381.800,152.000,18.500
2019-06-20 08:00:00,5.950,443.000,426.800,182.000,19.400
2019-06-20 09:00:00,5.830,595.000,565.300,186.000,20.100
2019-06-20 10:00:00,5.820,681.000,594.300,201.000,21.300
2019-06-20 11:00:00,5.850,661.000,519.600,215.000,22.100
2019-06-20 12:00:00,5.950,598.000,431.200,222.000,22.300
2019-06-20 13:00:00,5.720,651.000,477.700,246.000,23.200
2019-06-20 14:00:00,5.010,611.000,454.800,253.000,23.600
2019-06-20 15:00:00,4.030,493.000,480.900,159.000,24.100
2019-06-20 16:00:00,3.960,347.000,335.100,154.000,24.000
2019-06-20 17:00:00,5.040,161.000,91.000,121.000,23.100
2019-06-20 18:00:00,4.370,110.000,64.400,91.000,22.100
2019-06-20 19:00:00,3.260,48.000,33.000,43.000,20.500
2019-06-20 20:00:00,3.100,7.000,0.000,7.000,19.700
2019-06-20 21:00:00,3.710,0.000,0.000,0.000,18.400
2019-06-20 22:00:00,5.220,0.000,0.000,0.000,17.400
2019-06-20 23:00:00,5.460,0.000,0.000,0.000,17.000
2019-06-21 00:00:00,4.880,0.000,0.000,0.000,16.300
2019-06-21 01:00:00,4.070,0.000,0.000,0.000,16.100
2019-06-21 02:00:00,3.520,0.000,0.000,0.000,15.800
2019-06-21 03:00:00,3.610,0.000,0.000,0.000,15.200
2019-06-21 04:00:00,4.200,21.000,83.600,15.000,15.000
2019-06-21 05:00:00,3.900,104.000,262.100,54.000,15.600
2019-06-21 06:00:00,3.800,217.000,348.700,100.000,16.600
2019-06-21 07:00:00,4.000,369.000,578.400,92.000,17.600
2019-06-21 08:00:00,4.110,495.000,590.700,134.000,18.500
2019-06-21 09:00:00,4.230,588.000,625.000,136.000,19.500
2019-06-21 10:00:00,4.640,508.000,352.900,223.000,20.200
2019-06-21 11:00:00,4.540,686.000,547.600,216.000,21.000
2019-06-21 12:00:00,4.730,682.000,542.400,209.000,21.600
2019-06-21 13:00:00,4.850,627.000,423.400,268.000,21.800
2019-06-21 14:00:00,4.940,627.000,538.400,203.000,22.400
2019-06-21 15:00:00,5.100,529.000,477.700,197.000,22.600
2019-06-21 16:00:00,5.100,424.000,437.100,172.000,22.700
2019-06-21 17:00:00,5.060,299.000,383.800,130.000,22.200
2019-06-21 18:00:00,4.610,195.000,409.300,74.000,21.300
2019-06-21 19:00:00,4.630,89.000,302.200,43.000,19.500
2019-06-21 20:00:00,5.390,11.000,55.900,8.000,17.500
2019-06-21 21:00:00,5.720,0.000,0.000,0.000,16.000
2019-06-21 22:00:00,4.950,0.000,0.000,0.000,14.800
2019-06-21 23:00:00,4.180,0.000,0.000,0.000,13.900
2019-06-22 00:00:00,3.730,0.000,0.000,0.000,13.000
2019-06-22 01:00:00,3.570,0.000,0.000,0.000,12.600
2019-06-22 02:00:00,4.140,0.000,0.000,0.000,12.500
2019-06-22 03:00:00,4.520,0.000,0.000,0.000,12.200
2019-06-22 04:00:00,4.500,23.000,111.800,15.000,12.100
2019-06-22 05:00:00,4.100,113.000,315.300,53.000,13.600
2019-06-22 06:00:00,3.980,255.000,510.500,84.000,15.600
2019-06-22 07:00:00,4.000,255.000,250.900,135.000,17.300
2019-06-22 08:00:00,4.300,402.000,350.400,188.000,18.800
2019-06-22 09:00:00,4.410,481.000,405.400,188.000,20.200
2019-06-22 10:00:00,4.200,638.000,509.200,227.000,20.900
2019-06-22 11:00:00,4.550,737.000,644.400,184.000,22.000
2019-06-22 12:00:00,4.740,828.000,754.500,170.000,23.100
2019-06-22 13:00:00,4.020,764.000,693.300,176.000,24.100
2019-06-22 14:00:00,4.140,552.000,459.500,190.000,24.200
2019-06-22 15:00:00,5.100,372.000,192.700,238.000,24.000
2019-06-22 16:00:00,6.360,341.000,266.900,187.000,24.000
2019-06-22 17:00:00,6.400,275.000,338.000,126.000,23.700
2019-06-22 18:00:00,6.300,163.000,260.000,86.000,22.800
2019-06-22 19:00:00,6.780,74.000,209.600,42.000,21.500
2019-06-22 20:00:00,7.580,11.000,55.600,8.000,20.000
2019-06-22 21:00:00,8.080,0.000,0.000,0.000,18.800
2019-06-22 22:00:00,7.800,0.000,0.000,0.000,17.600
2019-06-22 23:00:00,7.450,0.000,0.000,0.000,17.100
2019-06-23 00:00:00,6.840,0.000,0.000,0.000,16.300
2019-06-23 01:00:00,6.610,0.000,0.000,0.000,15.900
2019-06-23 02:00:00,6.820,0.000,0.000,0.000,15.300
2019-06-23 03:00:00,6.720,0.000,0.000,0.000,14.800
2019-06-23 04:00:00,6.520,19.000,84.200,13.000,14.600
2019-06-23 05:00:00,6.410,107.000,305.800,49.000,15.700
2019-06-23 06:00:00,5.710,239.000,469.500,82.000,17.300
2019-06-23 07:00:00,5.100,333.000,496.000,96.000,19.000
2019-06-23 08:00:00,4.910,445.000,481.900,151.000,20.900
2019-06-23 09:00:00,4.840,621.000,667.200,139.000,22.800
2019-06-23 10:00:00,4.280,742.000,741.100,144.000,24.100
2019-06-23 11:00:00,4.660,829.000,804.200,139.000,25.500
2019-06-23 12:00:00,4.840,850.000,821.100,134.000,26.500
2019-06-23 13:00:00,5.320,807.000,777.000,148.000,27.000
2019-06-23 14:00:00,5.770,658.000,639.600,154.000,27.200
2019-06-23 15:00:00,5.560,536.000,562.100,145.000,27.400
2019-06-23 16:00:00,5.330,454.000,559.400,131.000,27.400
2019-06-23 17:00:00,4.810,336.000,534.900,100.000,27.100
2019-06-23 18:00:00,4.530,217.000,492.400,71.000,26.300
2019-06-23 19:00:00,6.280,91.000,320.100,42.000,24.300
2019-06-23 20:00:00,7.830,12.000,73.900,8.000,22.300
2019-06-23 21:00:00,8.570,0.000,0.000,0.000,21.300
2019-06-23 22:00:00,8.910,0.000,0.000,0.000,20.000
2019-06-23 23:00:00,8.320,0.000,0.000,0.000,19.000
2019-06-24 00:00:00,8.080,0.000,0.000,0.000,18.300
2019-06-24 01:00:00,7.810,0.000,0.000,0.000,17.700
2019-06-24 02:00:00,7.600,0.000,0.000,0.000,16.800
2019-06-24 03:00:00,7.040,0.000,0.000,0.000,16.200
2019-06-24 04:00:00,6.970,23.000,56.400,19.000,16.100
2019-06-24 05:00:00,6.760,110.000,232.800,66.000,17.500
2019-06-24 06:00:00,5.770,243.000,443.500,95.000,19.600
2019-06-24 07:00:00,5.410,397.000,586.800,117.000,21.700
2019-06-24 08:00:00,5.140,550.000,698.900,124.000,23.900
2019-06-24 09:00:00,5.150,679.000,763.300,128.000,25.600
2019-06-24 10:00:00,5.110,775.000,789.800,138.000,27.000
2019-06-24 11:00:00,5.920,832.000,805.600,141.000,27.800
2019-06-24 12:00:00,6.130,850.000,818.900,136.000,28.500
2019-06-24 13:00:00,5.990,823.000,812.300,134.000,29.000
2019-06-24 14:00:00,6.070,752.000,785.400,133.000,29.300
2019-06-24 15:00:00,6.020,646.000,741.500,130.000,29.300
2019-06-24 16:00:00,6.070,513.000,685.600,117.000,29.100
2019-06-24 17:00:00,5.600,365.000,595.700,102.000,28.700
2019-06-24 18:00:00,5.300,218.000,478.400,76.000,27.800
2019-06-24 19:00:00,5.590,88.000,254.400,49.000,25.700
2019-06-24 20:00:00,6.090,12.000,36.900,10.000,23.300
2019-06-24 21:00:00,6.500,0.000,0.000,0.000,21.900
2019-06-24 22:00:00,7.940,0.000,0.000,0.000,20.800
2019-06-24 23:00:00,7.490,0.000,0.000,0.000,19.900
2019-06-25 00:00:00,6.960,0.000,0.000,0.000,19.200
2019-06-25 01:00:00,6.570,0.000,0.000,0.000,18.300
2019-06-25 02:00:00,6.320,0.000,0.000,0.000,17.700
2019-06-25 03:00:00,5.900,0.000,0.000,0.000,17.300
2019-06-25 04:00:00,5.740,24.000,99.200,17.000,17.400
2019-06-25 05:00:00,5.520,110.000,260.300,61.000,19.400
2019-06-25 06:00:00,5.390,240.000,456.600,88.000,21.900
2019-06-25 07:00:00,4.170,378.000,537.400,122.000,24.500
2019-06-25 08:00:00,3.830,535.000,671.700,126.000,26.900
2019-06-25 09:00:00,4.050,649.000,690.400,151.000,28.700
2019-06-25 10:00:00,4.050,736.000,694.700,176.000,30.200
2019-06-25 11:00:00,5.100,812.000,767.400,154.000,31.200
2019-06-25 12:00:00,5.660,832.000,791.500,142.000,32.100
2019-06-25 13:00:00,5.860,807.000,791.200,136.000,32.600
2019-06-25 14:00:00,5.690,739.000,775.200,128.000,33.000
2019-06-25 15:00:00,5.520,635.000,742.800,118.000,33.200
2019-06-25 16:00:00,5.310,503.000,685.300,107.000,33.100
2019-06-25 17:00:00,4.710,351.000,559.100,104.000,32.800
2019-06-25 18:00:00,4.200,203.000,393.900,86.000,31.800
2019-06-25 19:00:00,4.360,78.000,136.800,57.000,29.900
2019-06-25 20:00:00,4.310,11.000,36.900,9.000,26.700
2019-06-25 21:00:00,4.560,0.000,0.000,0.000,24.900
2019-06-25 22:00:00,5.510,0.000,0.000,0.000,23.500
2019-06-25 23:00:00,5.460,0.000,0.000,0.000,23.000
2019-06-26 00:00:00,5.610,0.000,0.000,0.000,22.400
2019-06-26 01:00:00,6.230,0.000,0.000,0.000,22.300
2019-06-26 02:00:00,6.000,0.000,0.000,0.000,21.900
2019-06-26 03:00:00,5.720,0.000,0.000,0.000,21.600
2019-06-26 04:00:00,5.850,23.000,114.000,15.000,21.900
2019-06-26 05:00:00,6.250,112.000,341.500,48.000,24.100
2019-06-26 06:00:00,5.900,239.000,487.800,77.000,26.400
2019-06-26 07:00:00,5.350,379.000,584.500,101.000,28.000
2019-06-26 08:00:00,4.940,524.000,679.100,111.000,29.400
2019-06-26 09:00:00,5.640,655.000,745.100,118.000,30.600
2019-06-26 10:00:00,5.430,750.000,775.800,125.000,31.300
2019-06-26 11:00:00,6.330,808.000,791.100,130.000,31.800
2019-06-26 12:00:00,7.040,825.000,797.500,130.000,32.000
2019-06-26 13:00:00,7.260,798.000,787.700,130.000,31.800
2019-06-26 14:00:00,7.320,731.000,771.400,123.000,31.200
2019-06-26 15:00:00,7.650,616.000,709.700,122.000,30.200
2019-06-26 16:00:00,7.950,497.000,678.300,105.000,28.600
2019-06-26 17:00:00,7.660,352.000,595.200,89.000,26.900
2019-06-26 18:00:00,7.360,209.000,467.900,70.000,25.100
2019-06-26 19:00:00,6.970,86.000,293.200,41.000,22.900
2019-06-26 20:00:00,6.870,11.000,55.300,8.000,20.600
2019-06-26 21:00:00,6.890,0.000,0.000,0.000,18.800
2019-06-26 22:00:00,6.680,0.000,0.000,0.000,17.000
2019-06-26 23:00:00,6.640,0.000,0.000,0.000,16.000
2019-06-27 00:00:00,6.600,0.000,0.000,0.000,15.300
2019-06-27 01:00:00,6.280,0.000,0.000,0.000,14.800
2019-06-27 02:00:00,6.040,0.000,0.000,0.000,14.300
2019-06-27 03:00:00,5.740,0.000,0.000,0.000,13.700
2019-06-27 04:00:00,5.590,20.000,86.000,14.000,13.500
2019-06-27 05:00:00,5.520,95.000,209.100,56.000,13.700
2019-06-27 06:00:00,5.530,216.000,344.200,102.000,14.100
2019-06-27 07:00:00,5.300,333.000,370.700,157.000,15.100
2019-06-27 08:00:00,5.460,465.000,447.800,193.000,16.400
2019-06-27 09:00:00,5.720,598.000,588.800,174.000,17.500
2019-06-27 10:00:00,4.830,688.000,612.400,195.000,18.600
2019-06-27 11:00:00,5.440,763.000,657.200,200.000,19.700
2019-06-27 12:00:00,6.080,809.000,685.200,212.000,20.300
2019-06-27 13:00:00,6.280,799.000,746.600,166.000,21.100
2019-06-27 14:00:00,6.180,729.000,709.300,170.000,21.400
2019-06-27 15:00:00,6.670,616.000,672.400,148.000,21.300
2019-06-27 16:00:00,7.290,517.000,712.900,105.000,20.900
2019-06-27 17:00:00,7.370,357.000,572.600,104.000,19.900
2019-06-27 18:00:00,7.080,210.000,444.300,78.000,18.500
2019-06-27 19:00:00,6.800,76.000,195.500,46.000,17.100
2019-06-27 20:00:00,6.280,9.000,36.900,7.000,15.500
2019-06-27 21:00:00,5.730,0.000,0.000,0.000,14.600
2019-06-27 22:00:00,5.020,0.000,0.000,0.000,14.300
2019-06-27 23:00:00,4.440,0.000,0.000,0.000,13.900
2019-06-28 00:00:00,4.300,0.000,0.000,0.000,13.700
2019-06-28 01:00:00,4.220,0.000,0.000,0.000,13.600
2019-06-28 02:00:00,3.920,0.000,0.000,0.000,13.700
2019-06-28 03:00:00,3.910,0.000,0.000,0.000,13.700
2019-06-28 04:00:00,3.550,13.000,28.900,11.000,13.400
2019-06-28 05:00:00,3.310,68.000,86.300,52.000,13.600
2019-06-28 06:00:00,3.050,143.000,63.600,122.000,13.900
2019-06-28 07:00:00,2.880,257.000,206.800,159.000,14.200
2019-06-28 08:00:00,2.440,350.000,204.400,226.000,14.900
2019-06-28 09:00:00,2.080,541.000,293.300,330.000,16.100
2019-06-28 10:00:00,2.020,617.000,395.300,299.000,18.100
2019-06-28 11:00:00,1.780,821.000,752.200,177.000,19.700
2019-06-28 12:00:00,1.860,848.000,800.300,151.000,21.200
2019-06-28 13:00:00,2.190,834.000,830.600,130.000,22.500
2019-06-28 14:00:00,2.340,764.000,813.500,123.000,23.500
2019-06-28 15:00:00,2.310,656.000,775.900,116.000,24.000
2019-06-28 16:00:00,2.240,521.000,719.900,105.000,24.500
2019-06-28 17:00:00,2.040,371.000,636.000,90.000,24.500
2019-06-28 18:00:00,2.220,221.000,508.500,70.000,24.000
2019-06-28 19:00:00,2.430,92.000,326.300,42.000,22.500
2019-06-28 20:00:00,2.800,12.000,73.900,8.000,19.800
2019-06-28 21:00:00,3.130,0.000,0.000,0.000,17.500
2019-06-28 22:00:00,3.320,0.000,0.000,0.000,16.800
2019-06-28 23:00:00,2.720,0.000,0.000,0.000,14.900
2019-06-29 00:00:00,2.520,0.000,0.000,0.000,13.400
2019-06-29 01:00:00,2.420,0.000,0.000,0.000,12.500
2019-06-29 02:00:00,2.110,0.000,0.000,0.000,11.700
2019-06-29 03:00:00,2.100,0.000,0.000,0.000,12.200
2019-06-29 04:00:00,2.530,23.000,130.900,14.000,12.200
2019-06-29 05:00:00,2.550,119.000,374.200,50.000,14.300
2019-06-29 06:00:00,1.840,256.000,549.800,75.000,17.300
2019-06-29 07:00:00,1.550,408.000,666.100,93.000,20.500
2019-06-29 08:00:00,1.910,557.000,742.900,107.000,22.900
2019-06-29 09:00:00,1.710,687.000,791.800,118.000,24.500
2019-06-29 10:00:00,1.350,786.000,823.500,124.000,26.000
2019-06-29 11:00:00,1.770,846.000,839.100,128.000,27.400
2019-06-29 12:00:00,2.130,864.000,844.400,129.000,28.800
2019-06-29 13:00:00,2.330,836.000,838.000,126.000,29.900
2019-06-29 14:00:00,2.420,767.000,818.800,122.000,30.700
2019-06-29 15:00:00,2.500,660.000,784.700,114.000,31.300
2019-06-29 16:00:00,2.530,525.000,732.200,102.000,31.400
2019-06-29 17:00:00,2.630,375.000,649.900,88.000,31.300
2019-06-29 18:00:00,2.770,224.000,525.700,68.000,30.400
2019-06-29 19:00:00,3.230,94.000,340.000,42.000,28.200
2019-06-29 20:00:00,4.160,12.000,74.100,8.000,24.200
2019-06-29 21:00:00,4.880,0.000,0.000,0.000,21.800
2019-06-29 22:00:00,6.170,0.000,0.000,0.000,20.500
2019-06-29 23:00:00,6.520,0.000,0.000,0.000,19.400
2019-06-30 00:00:00,6.550,0.000,0.000,0.000,18.100
2019-06-30 01:00:00,6.600,0.000,0.000,0.000,17.000
2019-06-30 02:00:00,6.540,0.000,0.000,0.000,16.600
2019-06-30 03:00:00,6.630,0.000,0.000,0.000,16.300
2019-06-30 04:00:00,6.890,23.000,132.000,14.000,17.400
2019-06-30 05:00:00,7.050,120.000,387.500,49.000,20.400
2019-06-30 06:00:00,6.840,257.000,560.900,73.000,24.000
2019-06-30 07:00:00,6.040,408.000,671.800,91.000,27.000
2019-06-30 08:00:00,6.310,556.000,745.800,105.000,29.700
2019-06-30 09:00:00,6.440,684.000,794.100,114.000,31.600
2019-06-30 10:00:00,5.880,783.000,824.300,121.000,33.300
2019-06-30 11:00:00,6.440,843.000,838.600,126.000,34.700
2019-06-30 12:00:00,7.310,854.000,835.600,127.000,36.000
2019-06-30 13:00:00,8.350,818.000,819.400,124.000,36.400
2019-06-30 14:00:00,9.000,742.000,788.700,121.000,36.100
2019-06-30 15:00:00,9.170,632.000,744.800,114.000,34.300
2019-06-30 16:00:00,7.150,498.000,685.700,102.000,32.200
2019-06-30 17:00:00,7.380,344.000,561.900,96.000,30.500
2019-06-30 18:00:00,7.650,187.000,296.900,99.000,28.400
2019-06-30 19:00:00,7.530,87.000,295.000,42.000,26.300
2019-06-30 20:00:00,7.070,11.000,55.800,8.000,24.100
2019-06-30 21:00:00,6.410,0.000,0.000,0.000,22.200
2019-06-30 22:00:00,5.110,0.000,0.000,0.000,20.400
2019-06-30 23:00:00,4.300,0.000,0.000,0.000,18.800
2019-07-01 00:00:00,3.620,0.000,0.000,0.000,17.600
2019-07-01 01:00:00,2.560,0.000,0.000,0.000,16.600
2019-07-01 02:00:00,2.770,0.000,0.000,0.000,16.100
2019-07-01 03:00:00,3.030,0.000,0.000,0.000,15.600
2019-07-01 04:00:00,3.160,20.000,103.600,13.000,16.100
2019-07-01 05:00:00,3.350,108.000,329.800,48.000,17.600
2019-07-01 06:00:00,4.530,240.000,498.800,77.000,19.300
2019-07-01 07:00:00,5.320,299.000,312.300,152.000,20.600
2019-07-01 08:00:00,6.770,510.000,632.800,128.000,22.100
2019-07-01 09:00:00,8.400,559.000,537.100,174.000,23.200
2019-07-01 10:00:00,7.900,510.000,277.900,287.000,24.000
2019-07-01 11:00:00,8.270,568.000,380.400,243.000,25.000
2019-07-01 12:00:00,8.320,751.000,665.900,172.000,26.000
2019-07-01 13:00:00,9.210,706.000,590.700,206.000,26.100
2019-07-01 14:00:00,9.400,645.000,636.600,144.000,26.200
2019-07-01 15:00:00,9.740,627.000,717.800,128.000,26.400
2019-07-01 16:00:00,10.080,472.000,602.900,124.000,25.600
2019-07-01 17:00:00,10.280,301.000,426.300,113.000,24.200
2019-07-01 18:00:00,9.550,200.000,415.500,77.000,22.500
2019-07-01 19:00:00,8.800,80.000,243.300,43.000,20.500
2019-07-01 20:00:00,7.960,10.000,56.000,7.000,18.900
2019-07-01 21:00:00,7.040,0.000,0.000,0.000,17.800
2019-07-01 22:00:00,6.890,0.000,0.000,0.000,16.900
2019-07-01 23:00:00,7.220,0.000,0.000,0.000,16.300
2019-07-02 00:00:00,7.020,0.000,0.000,0.000,15.600
2019-07-02 01:00:00,7.100,0.000,0.000,0.000,14.900
2019-07-02 02:00:00,7.110,0.000,0.000,0.000,14.300
2019-07-02 03:00:00,7.210,0.000,0.000,0.000,14.000
2019-07-02 04:00:00,7.070,19.000,104.600,12.000,14.400
2019-07-02 05:00:00,7.600,98.000,288.100,46.000,15.300
2019-07-02 06:00:00,7.510,193.000,328.700,86.000,16.000
2019-07-02 07:00:00,6.800,229.000,185.300,142.000,16.200
2019-07-02 08:00:00,6.840,386.000,375.100,160.000,17.200
2019-07-02 09:00:00,7.540,567.000,526.700,190.000,17.500
2019-07-02 10:00:00,8.540,670.000,600.100,189.000,18.700
2019-07-02 11:00:00,8.430,583.000,473.300,179.000,18.900
2019-07-02 12:00:00,8.180,719.000,565.100,228.000,19.700
2019-07-02 13:00:00,7.820,734.000,572.100,250.000,20.100
2019-07-02 14:00:00,7.240,699.000,683.900,161.000,20.300
2019-07-02 15:00:00,7.190,496.000,439.000,191.000,20.200
2019-07-02 16:00:00,7.100,333.000,239.200,195.000,19.800
2019-07-02 17:00:00,6.840,200.000,95.300,158.000,19.400
2019-07-02 18:00:00,6.370,92.000,84.600,67.000,18.600
2019-07-02 19:00:00,5.830,66.000,204.700,35.000,17.400
2019-07-02 20:00:00,5.440,9.000,56.300,6.000,15.700
2019-07-02 21:00:00,5.020,0.000,0.000,0.000,14.100
2019-07-02 22:00:00,3.690,0.000,0.000,0.000,13.100
2019-07-02 23:00:00,3.260,0.000,0.000,0.000,11.800
2019-07-03 00:00:00,3.540,0.000,0.000,0.000,10.600
2019-07-03 01:00:00,3.770,0.000,0.000,0.000,9.500
2019-07-03 02:00:00,3.860,0.000,0.000,0.000,9.100
2019-07-03 03:00:00,3.910,0.000,0.000,0.000,8.700
2019-07-03 04:00:00,4.200,20.000,105.700,13.000,9.100
2019-07-03 05:00:00,3.600,113.000,357.500,49.000,11.000
2019-07-03 06:00:00,4.280,213.000,401.200,83.000,13.400
2019-07-03 07:00:00,4.960,297.000,401.600,109.000,15.500
2019-07-03 08:00:00,5.330,400.000,425.700,144.000,16.300
2019-07-03 09:00:00,5.550,417.000,363.800,157.000,17.300
2019-07-03 10:00:00,5.590,547.000,454.700,183.000,17.600
2019-07-03 11:00:00,6.080,488.000,315.400,219.000,18.100
2019-07-03 12:00:00,6.080,460.000,270.700,225.000,18.600
2019-07-03 13:00:00,6.350,389.000,88.700,314.000,19.000
2019-07-03 14:00:00,6.770,503.000,263.300,296.000,19.700
2019-07-03 15:00:00,6.740,411.000,213.100,263.000,19.800
2019-07-03 16:00:00,6.740,289.000,159.600,197.000,19.300
2019-07-03 17:00:00,6.580,247.000,254.500,135.000,18.900
2019-07-03 18:00:00,6.510,171.000,237.300,101.000,18.000
2019-07-03 19:00:00,5.980,73.000,179.100,46.000,16.700
2019-07-03 20:00:00,5.850,9.000,37.800,7.000,14.800
2019-07-03 21:00:00,5.640,0.000,0.000,0.000,13.400
2019-07-03 22:00:00,5.320,0.000,0.000,0.000,11.800
2019-07-03 23:00:00,4.890,0.000,0.000,0.000,10.600
2019-07-04 00:00:00,4.360,0.000,0.000,0.000,9.300
2019-07-04 01:00:00,3.960,0.000,0.000,0.000,8.300
2019-07-04 02:00:00,3.690,0.000,0.000,0.000,7.800
2019-07-04 03:00:00,3.530,0.000,0.000,0.000,7.400
2019-07-04 04:00:00,3.830,20.000,122.200,12.000,7.700
2019-07-04 05:00:00,3.690,115.000,377.600,48.000,9.900
2019-07-04 06:00:00,2.920,249.000,545.600,73.000,12.700
2019-07-04 07:00:00,3.470,394.000,647.100,92.000,14.700
2019-07-04 08:00:00,3.910,523.000,669.900,121.000,15.900
2019-07-04 09:00:00,3.960,646.000,695.000,150.000,17.100
2019-07-04 10:00:00,3.800,725.000,697.900,167.000,18.300
2019-07-04 11:00:00,4.200,741.000,631.400,203.000,19.500
2019-07-04 12:00:00,4.460,673.000,567.200,181.000,20.600
2019-07-04 13:00:00,4.750,631.000,481.800,224.000,21.500
2019-07-04 14:00:00,4.870,541.000,347.500,268.000,22.000
2019-07-04 15:00:00,5.390,385.000,224.800,229.000,22.100
2019-07-04 16:00:00,5.520,298.000,168.500,201.000,22.000
2019-07-04 17:00:00,5.140,235.000,186.600,153.000,21.800
2019-07-04 18:00:00,4.340,125.000,78.200,102.000,21.200
2019-07-04 19:00:00,3.550,60.000,33.300,55.000,20.300
2019-07-04 20:00:00,3.580,8.000,0.000,8.000,18.700
2019-07-04 21:00:00,4.370,0.000,0.000,0.000,17.700
2019-07-04 22:00:00,6.000,0.000,0.000,0.000,16.800
2019-07-04 23:00:00,6.810,0.000,0.000,0.000,16.800
2019-07-05 00:00:00,7.200,0.000,0.000,0.000,16.600
2019-07-05 01:00:00,6.920,0.000,0.000,0.000,16.200
2019-07-05 02:00:00,6.530,0.000,0.000,0.000,16.100
2019-07-05 03:00:00,6.610,0.000,0.000,0.000,15.900
2019-07-05 04:00:00,6.900,8.000,30.900,6.000,15.800
2019-07-05 05:00:00,6.810,44.000,17.100,41.000,15.900
2019-07-05 06:00:00,6.440,138.000,96.600,107.000,16.600
2019-07-05 07:00:00,6.410,153.000,43.000,133.000,17.400
2019-07-05 08:00:00,6.890,235.000,110.200,169.000,18.200
2019-07-05 09:00:00,7.930,419.000,303.200,203.000,18.800
2019-07-05 10:00:00,7.450,444.000,230.400,260.000,20.100
2019-07-05 11:00:00,7.210,474.000,213.800,292.000,20.800
2019-07-05 12:00:00,7.750,525.000,310.400,256.000,21.500
2019-07-05 13:00:00,7.980,453.000,221.500,266.000,22.100
2019-07-05 14:00:00,7.920,386.000,205.100,225.000,22.300
2019-07-05 15:00:00,7.100,206.000,2.900,204.000,21.900
2019-07-05 16:00:00,6.500,179.000,31.300,161.000,21.500
2019-07-05 17:00:00,6.080,214.000,232.400,112.000,21.200
2019-07-05 18:00:00,5.270,154.000,221.400,89.000,20.500
2019-07-05 19:00:00,4.200,60.000,154.300,37.000,19.800
2019-07-05 20:00:00,3.400,7.000,19.100,6.000,18.200
2019-07-05 21:00:00,2.640,0.000,0.000,0.000,17.000
2019-07-05 22:00:00,1.040,0.000,0.000,0.000,15.800
2019-07-05 23:00:00,0.810,0.000,0.000,0.000,14.800
2019-07-06 00:00:00,1.580,0.000,0.000,0.000,13.900
2019-07-06 01:00:00,2.240,0.000,0.000,0.000,13.200
2019-07-06 02:00:00,2.880,0.000,0.000,0.000,13.300
2019-07-06 03:00:00,3.700,0.000,0.000,0.000,12.700
2019-07-06 04:00:00,4.360,17.000,62.600,13.000,13.100
2019-07-06 05:00:00,4.200,100.000,293.000,49.000,14.300
2019-07-06 06:00:00,4.870,212.000,454.100,67.000,15.800
2019-07-06 07:00:00,5.420,261.000,301.900,121.000,17.300
2019-07-06 08:00:00,5.460,380.000,400.100,141.000,18.500
2019-07-06 09:00:00,5.440,383.000,271.400,190.000,19.600
2019-07-06 10:00:00,4.740,446.000,287.200,217.000,20.800
2019-07-06 11:00:00,7.590,451.000,296.400,199.000,21.300
2019-07-06 12:00:00,7.610,208.000,43.900,170.000,21.300
2019-07-06 13:00:00,7.010,278.000,130.400,168.000,22.700
2019-07-06 14:00:00,7.200,127.000,14.000,116.000,20.800
2019-07-06 15:00:00,7.230,69.000,4.300,66.000,18.800
2019-07-06 16:00:00,6.610,78.000,0.000,78.000,17.500
2019-07-06 17:00:00,6.700,44.000,0.000,44.000,16.300
2019-07-06 18:00:00,6.400,46.000,0.000,46.000,15.400
2019-07-06 19:00:00,6.670,15.000,0.000,15.000,14.700
2019-07-06 20:00:00,7.000,2.000,0.000,2.000,14.300
2019-07-06 21:00:00,6.940,0.000,0.000,0.000,13.900
2019-07-06 22:00:00,6.740,0.000,0.000,0.000,13.100
2019-07-06 23:00:00,6.550,0.000,0.000,0.000,12.600
2019-07-07 00:00:00,6.670,0.000,0.000,0.000,12.300
2019-07-07 01:00:00,6.850,0.000,0.000,0.000,12.200
2019-07-07 02:00:00,6.900,0.000,0.000,0.000,11.700
2019-07-07 03:00:00,7.010,0.000,0.000,0.000,11.400
2019-07-07 04:00:00,6.840,13.000,63.500,9.000,11.700
2019-07-07 05:00:00,6.540,64.000,127.800,42.000,12.300
2019-07-07 06:00:00,6.410,157.000,207.800,91.000,13.300
2019-07-07 07:00:00,6.990,278.000,383.100,101.000,14.200
2019-07-07 08:00:00,7.840,351.000,305.400,169.000,15.000
2019-07-07 09:00:00,8.190,436.000,270.500,244.000,15.700
2019-07-07 10:00:00,7.510,422.000,218.500,248.000,16.400
2019-07-07 11:00:00,8.100,429.000,157.800,295.000,16.500
2019-07-07 12:00:00,8.590,457.000,161.900,317.000,16.700
2019-07-07 13:00:00,8.410,454.000,263.500,232.000,17.000
2019-07-07 14:00:00,7.960,403.000,176.100,265.000,17.200
2019-07-07 15:00:00,7.820,396.000,280.400,202.000,17.400
2019-07-07 16:00:00,7.860,370.000,341.600,174.000,17.000
2019-07-07 17:00:00,7.720,281.000,377.400,116.000,16.200
2019-07-07 18:00:00,7.010,185.000,349.700,83.000,15.500
2019-07-07 19:00:00,6.120,61.000,163.200,37.000,14.700
2019-07-07 20:00:00,5.800,8.000,38.200,6.000,13.800
2019-07-07 21:00:00,5.580,0.000,0.000,0.000,13.400
2019-07-07 22:00:00,5.480,0.000,0.000,0.000,12.300
2019-07-07 23:00:00,5.740,0.000,0.000,0.000,11.700
2019-07-08 00:00:00,6.330,0.000,0.000,0.000,11.300
2019-07-08 01:00:00,6.610,0.000,0.000,0.000,10.600
2019-07-08 02:00:00,6.520,0.000,0.000,0.000,10.400
2019-07-08 03:00:00,6.310,0.000,0.000,0.000,10.400
2019-07-08 04:00:00,6.200,13.000,64.400,9.000,10.500
2019-07-08 05:00:00,5.820,76.000,193.800,43.000,11.300
2019-07-08 06:00:00,6.510,154.000,253.400,74.000,12.400
2019-07-08 07:00:00,7.340,210.000,110.800,159.000,13.500
2019-07-08 08:00:00,6.640,312.000,247.300,165.000,14.500
2019-07-08 09:00:00,6.520,457.000,347.200,211.000,15.200
2019-07-08 10:00:00,5.670,623.000,528.300,203.000,16.000
2019-07-08 11:00:00,5.820,653.000,531.800,202.000,16.400
2019-07-08 12:00:00,6.600,580.000,428.300,210.000,16.700
2019-07-08 13:00:00,7.450,677.000,610.700,163.000,16.900
2019-07-08 14:00:00,7.280,502.000,458.700,143.000,16.500
2019-07-08 15:00:00,6.840,409.000,364.700,157.000,15.800
2019-07-08 16:00:00,6.760,292.000,317.700,110.000,15.600
2019-07-08 17:00:00,6.740,232.000,307.100,98.000,15.500
2019-07-08 18:00:00,6.240,130.000,216.700,67.000,15.100
2019-07-08 19:00:00,5.580,50.000,137.100,30.000,14.600
2019-07-08 20:00:00,5.330,7.000,38.200,5.000,13.900
2019-07-08 21:00:00,5.240,0.000,0.000,0.000,13.600
2019-07-08 22:00:00,5.060,0.000,0.000,0.000,12.600
2019-07-08 23:00:00,4.830,0.000,0.000,0.000,12.500
2019-07-09 00:00:00,5.410,0.000,0.000,0.000,11.900
2019-07-09 01:00:00,5.950,0.000,0.000,0.000,11.700
2019-07-09 02:00:00,5.760,0.000,0.000,0.000,11.300
2019-07-09 03:00:00,5.360,0.000,0.000,0.000,11.300
2019-07-09 04:00:00,5.710,11.000,49.100,8.000,11.300
2019-07-09 05:00:00,5.280,68.000,172.300,39.000,11.400
2019-07-09 06:00:00,5.460,143.000,238.900,68.000,12.000
2019-07-09 07:00:00,5.990,218.000,220.200,117.000,12.900
2019-07-09 08:00:00,6.160,332.000,325.600,139.000,13.300
2019-07-09 09:00:00,6.020,410.000,321.100,183.000,14.200
2019-07-09 10:00:00,6.280,416.000,294.800,182.000,14.800
2019-07-09 11:00:00,6.480,544.000,420.400,188.000,16.000
2019-07-09 12:00:00,6.980,473.000,279.300,232.000,16.300
2019-07-09 13:00:00,6.280,351.000,127.300,244.000,16.500
2019-07-09 14:00:00,6.810,400.000,177.800,261.000,16.800
2019-07-09 15:00:00,6.950,374.000,263.700,192.000,17.200
2019-07-09 16:00:00,6.940,299.000,243.100,160.000,17.000
2019-07-09 17:00:00,6.860,212.000,241.200,107.000,16.500
2019-07-09 18:00:00,6.390,140.000,193.400,84.000,15.900
2019-07-09 19:00:00,5.780,50.000,103.800,35.000,15.000
2019-07-09 20:00:00,5.400,6.000,19.100,5.000,13.800
2019-07-09 21:00:00,5.380,0.000,0.000,0.000,12.700
2019-07-09 22:00:00,5.040,0.000,0.000,0.000,11.500
2019-07-09 23:00:00,5.000,0.000,0.000,0.000,11.100
2019-07-10 00:00:00,4.920,0.000,0.000,0.000,10.600
2019-07-10 01:00:00,5.070,0.000,0.000,0.000,10.500
2019-07-10 02:00:00,5.380,0.000,0.000,0.000,10.400
2019-07-10 03:00:00,5.070,0.000,0.000,0.000,10.900
2019-07-10 04:00:00,4.560,13.000,49.900,10.000,11.100
2019-07-10 05:00:00,4.630,66.000,138.300,43.000,11.600
2019-07-10 06:00:00,4.120,156.000,141.100,112.000,12.900
2019-07-10 07:00:00,4.110,281.000,282.400,152.000,13.900
2019-07-10 08:00:00,3.980,400.000,318.100,212.000,14.800
2019-07-10 09:00:00,4.070,366.000,127.600,276.000,15.900
2019-07-10 10:00:00,3.640,468.000,171.600,332.000,16.700
2019-07-10 11:00:00,3.490,530.000,198.700,362.000,18.000
2019-07-10 12:00:00,3.310,656.000,442.100,275.000,19.300
2019-07-10 13:00:00,3.490,602.000,372.800,289.000,20.200
2019-07-10 14:00:00,3.670,500.000,371.400,210.000,20.600
2019-07-10 15:00:00,3.220,410.000,271.400,223.000,21.000
2019-07-10 16:00:00,3.130,301.000,197.900,188.000,20.900
2019-07-10 17:00:00,3.560,208.000,101.300,164.000,20.700
2019-07-10 18:00:00,3.260,129.000,76.300,107.000,20.100
2019-07-10 19:00:00,3.010,36.000,27.900,32.000,19.000
2019-07-10 20:00:00,3.360,6.000,0.000,6.000,17.800
2019-07-10 21:00:00,3.720,0.000,0.000,0.000,17.300
2019-07-10 22:00:00,3.220,0.000,0.000,0.000,15.700
2019-07-10 23:00:00,2.840,0.000,0.000,0.000,15.200
2019-07-11 00:00:00,2.780,0.000,0.000,0.000,14.500
2019-07-11 01:00:00,2.850,0.000,0.000,0.000,14.100
2019-07-11 02:00:00,1.960,0.000,0.000,0.000,13.600
2019-07-11 03:00:00,1.330,0.000,0.000,0.000,13.300
2019-07-11 04:00:00,1.520,3.000,0.000,3.000,13.300
2019-07-11 05:00:00,2.280,25.000,0.000,25.000,13.700
2019-07-11 06:00:00,2.150,77.000,29.000,68.000,14.600
2019-07-11 07:00:00,1.900,137.000,48.400,115.000,15.200
2019-07-11 08:00:00,1.840,121.000,11.900,114.000,16.100
2019-07-11 09:00:00,1.900,365.000,112.200,286.000,17.300
2019-07-11 10:00:00,1.080,563.000,293.300,331.000,19.000
2019-07-11 11:00:00,1.030,586.000,377.800,267.000,20.200
2019-07-11 12:00:00,1.170,469.000,152.200,338.000,20.900
2019-07-11 13:00:00,1.660,291.000,57.200,243.000,20.800
2019-07-11 14:00:00,1.890,318.000,80.800,255.000,21.000
2019-07-11 15:00:00,1.890,233.000,52.300,197.000,20.600
2019-07-11 16:00:00,2.220,163.000,28.100,147.000,19.800
2019-07-11 17:00:00,2.190,94.000,9.200,90.000,19.200
2019-07-11 18:00:00,1.920,55.000,3.500,54.000,18.400
2019-07-11 19:00:00,2.280,25.000,0.000,25.000,17.600
2019-07-11 20:00:00,2.400,2.000,0.000,2.000,16.800
2019-07-11 21:00:00,2.580,0.000,0.000,0.000,16.500
2019-07-11 22:00:00,3.200,0.000,0.000,0.000,16.200
2019-07-11 23:00:00,3.260,0.000,0.000,0.000,15.800
2019-07-12 00:00:00,3.470,0.000,0.000,0.000,15.500
2019-07-12 01:00:00,4.240,0.000,0.000,0.000,15.300
2019-07-12 02:00:00,4.360,0.000,0.000,0.000,14.900
2019-07-12 03:00:00,4.380,0.000,0.000,0.000,14.700
2019-07-12 04:00:00,5.040,9.000,34.400,7.000,14.700
2019-07-12 05:00:00,4.670,62.000,105.000,45.000,15.100
2019-07-12 06:00:00,5.040,159.000,243.600,84.000,16.200
2019-07-12 07:00:00,4.610,166.000,112.600,115.000,17.200
2019-07-12 08:00:00,4.100,253.000,112.300,187.000,18.500
2019-07-12 09:00:00,3.600,410.000,232.000,247.000,19.700
2019-07-12 10:00:00,3.280,449.000,217.800,277.000,20.100
2019-07-12 11:00:00,2.750,559.000,291.800,313.000,20.600
2019-07-12 12:00:00,2.630,543.000,269.900,311.000,21.200
2019-07-12 13:00:00,3.310,476.000,312.800,214.000,21.500
2019-07-12 14:00:00,3.490,373.000,205.500,213.000,20.700
2019-07-12 15:00:00,3.890,421.000,371.200,166.000,19.600
2019-07-12 16:00:00,4.470,318.000,325.400,133.000,18.900
2019-07-12 17:00:00,3.940,219.000,245.600,113.000,19.100
2019-07-12 18:00:00,3.140,156.000,273.200,78.000,18.600
2019-07-12 19:00:00,3.380,34.000,14.300,32.000,17.900
2019-07-12 20:00:00,4.050,5.000,0.000,5.000,17.000
2019-07-12 21:00:00,4.980,0.000,0.000,0.000,16.300
2019-07-12 22:00:00,5.060,0.000,0.000,0.000,15.600
2019-07-12 23:00:00,4.660,0.000,0.000,0.000,15.500
2019-07-13 00:00:00,5.440,0.000,0.000,0.000,15.300
2019-07-13 01:00:00,6.070,0.000,0.000,0.000,15.200
2019-07-13 02:00:00,5.790,0.000,0.000,0.000,15.000
2019-07-13 03:00:00,5.690,0.000,0.000,0.000,15.100
2019-07-13 04:00:00,5.350,6.000,17.500,5.000,15.300
2019-07-13 05:00:00,5.630,27.000,18.800,24.000,15.200
2019-07-13 06:00:00,5.410,55.000,0.000,55.000,15.200
2019-07-13 07:00:00,5.300,89.000,0.000,89.000,15.300
2019-07-13 08:00:00,4.330,111.000,1.700,110.000,15.800
2019-07-13 09:00:00,3.920,249.000,67.100,202.000,16.700
2019-07-13 10:00:00,3.980,337.000,147.200,221.000,17.800
2019-07-13 11:00:00,3.720,409.000,178.200,259.000,18.400
2019-07-13 12:00:00,5.870,573.000,356.500,267.000,19.600
2019-07-13 13:00:00,7.860,384.000,184.100,230.000,17.900
2019-07-13 14:00:00,7.080,341.000,195.500,189.000,17.400
2019-07-13 15:00:00,6.680,189.000,80.200,134.000,17.900
2019-07-13 16:00:00,6.540,310.000,213.300,189.000,18.500
2019-07-13 17:00:00,6.860,220.000,195.200,136.000,18.300
2019-07-13 18:00:00,6.220,123.000,140.900,83.000,17.800
2019-07-13 19:00:00,6.010,45.000,101.200,31.000,17.000
2019-07-13 20:00:00,6.010,5.000,19.100,4.000,16.000
2019-07-13 21:00:00,6.090,0.000,0.000,0.000,15.100
2019-07-13 22:00:00,5.740,0.000,0.000,0.000,14.500
2019-07-13 23:00:00,5.380,0.000,0.000,0.000,14.000
2019-07-14 00:00:00,5.030,0.000,0.000,0.000,13.900
2019-07-14 01:00:00,4.780,0.000,0.000,0.000,13.700
2019-07-14 02:00:00,4.520,0.000,0.000,0.000,13.500
2019-07-14 03:00:00,4.470,0.000,0.000,0.000,13.400
2019-07-14 04:00:00,4.650,6.000,17.900,5.000,13.400
2019-07-14 05:00:00,5.120,44.000,69.900,33.000,13.500
2019-07-14 06:00:00,4.880,124.000,125.200,86.000,13.900
2019-07-14 07:00:00,4.250,115.000,28.900,102.000,14.300
2019-07-14 08:00:00,3.890,190.000,25.700,175.000,14.600
2019-07-14 09:00:00,3.540,196.000,28.600,176.000,14.900
2019-07-14 10:00:00,3.690,284.000,57.200,239.000,15.300
2019-07-14 11:00:00,3.670,326.000,47.600,286.000,15.800
2019-07-14 12:00:00,4.070,292.000,44.300,254.000,16.000
2019-07-14 13:00:00,4.340,333.000,65.900,278.000,16.400
2019-07-14 14:00:00,4.690,270.000,42.500,237.000,16.600
2019-07-14 15:00:00,4.620,255.000,58.400,215.000,16.600
2019-07-14 16:00:00,4.140,151.000,19.400,140.000,16.300
2019-07-14 17:00:00,3.970,116.000,4.700,114.000,16.200
2019-07-14 18:00:00,4.000,52.000,3.500,51.000,16.000
2019-07-14 19:00:00,4.050,21.000,7.300,20.000,15.700
2019-07-14 20:00:00,4.000,2.000,0.000,2.000,15.400
2019-07-14 21:00:00,3.940,0.000,0.000,0.000,15.100
2019-07-14 22:00:00,3.750,0.000,0.000,0.000,14.500
2019-07-14 23:00:00,3.690,0.000,0.000,0.000,14.400
2019-07-15 00:00:00,3.760,0.000,0.000,0.000,14.100
2019-07-15 01:00:00,3.980,0.000,0.000,0.000,13.900
2019-07-15 02:00:00,4.110,0.000,0.000,0.000,13.700
2019-07-15 03:00:00,4.070,0.000,0.000,0.000,13.400
2019-07-15 04:00:00,4.650,3.000,0.000,3.000,13.200
2019-07-15 05:00:00,4.880,41.000,51.600,33.000,13.100
2019-07-15 06:00:00,4.740,86.000,33.200,76.000,13.100
2019-07-15 07:00:00,4.740,99.000,8.900,95.000,13.300
2019-07-15 08:00:00,4.810,200.000,44.700,174.000,13.700
2019-07-15 09:00:00,4.690,271.000,33.000,248.000,14.000
2019-07-15 10:00:00,4.900,299.000,52.200,258.000,14.600
2019-07-15 11:00:00,5.080,437.000,160.900,302.000,15.100
2019-07-15 12:00:00,5.490,434.000,109.900,340.000,15.700
2019-07-15 13:00:00,5.710,390.000,86.400,318.000,15.600
2019-07-15 14:00:00,5.940,354.000,82.600,290.000,15.800
2019-07-15 15:00:00,6.220,309.000,93.700,245.000,16.100
2019-07-15 16:00:00,6.430,281.000,106.300,221.000,16.300
2019-07-15 17:00:00,6.720,201.000,105.300,156.000,16.600
2019-07-15 18:00:00,6.960,116.000,42.800,104.000,16.300
2019-07-15 19:00:00,6.500,39.000,52.000,32.000,15.900
2019-07-15 20:00:00,6.110,3.000,0.000,3.000,14.800
2019-07-15 21:00:00,6.230,0.000,0.000,0.000,14.000
2019-07-15 22:00:00,6.290,0.000,0.000,0.000,13.500
2019-07-15 23:00:00,6.990,0.000,0.000,0.000,13.400
2019-07-16 00:00:00,7.620,0.000,0.000,0.000,13.200
2019-07-16 01:00:00,6.770,0.000,0.000,0.000,13.000
2019-07-16 02:00:00,6.670,0.000,0.000,0.000,12.500
2019-07-16 03:00:00,6.840,0.000,0.000,0.000,12.700
2019-07-16 04:00:00,6.820,4.000,0.000,4.000,12.700
2019-07-16 05:00:00,7.540,27.000,0.000,27.000,12.700
2019-07-16 06:00:00,6.650,71.000,10.000,68.000,13.100
2019-07-16 07:00:00,6.830,102.000,24.700,91.000,13.500
2019-07-16 08:00:00,6.960,135.000,8.600,130.000,14.200
2019-07-16 09:00:00,6.730,183.000,33.100,160.000,14.900
2019-07-16 10:00:00,6.810,195.000,14.000,184.000,15.300
2019-07-16 11:00:00,6.870,302.000,90.800,226.000,16.100
2019-07-16 12:00:00,7.550,254.000,17.600,239.000,16.400
2019-07-16 13:00:00,7.670,263.000,33.600,235.000,16.800
2019-07-16 14:00:00,7.310,229.000,5.200,225.000,17.300
2019-07-16 15:00:00,6.930,291.000,96.800,225.000,17.900
2019-07-16 16:00:00,6.800,178.000,26.600,163.000,18.100
2019-07-16 17:00:00,6.140,121.000,44.700,102.000,18.000
2019-07-16 18:00:00,5.730,106.000,122.000,72.000,17.800
2019-07-16 19:00:00,5.440,32.000,37.700,27.000,16.900
2019-07-16 20:00:00,5.310,3.000,0.000,3.000,16.100
2019-07-16 21:00:00,5.110,0.000,0.000,0.000,15.300
2019-07-16 22:00:00,5.220,0.000,0.000,0.000,14.900
2019-07-16 23:00:00,4.970,0.000,0.000,0.000,14.500
2019-07-17 00:00:00,4.690,0.000,0.000,0.000,14.500
2019-07-17 01:00:00,4.120,0.000,0.000,0.000,14.200
2019-07-17 02:00:00,3.610,0.000,0.000,0.000,14.100
2019-07-17 03:00:00,3.260,0.000,0.000,0.000,14.000
2019-07-17 04:00:00,2.620,6.000,19.100,5.000,13.900
2019-07-17 05:00:00,2.150,44.000,53.300,36.000,13.800
2019-07-17 06:00:00,2.120,126.000,185.300,71.000,14.100
2019-07-17 07:00:00,3.100,256.000,282.300,131.000,14.500
2019-07-17 08:00:00,2.860,345.000,268.000,190.000,15.400
2019-07-17 09:00:00,2.510,436.000,273.800,246.000,16.300
2019-07-17 10:00:00,2.160,523.000,285.300,300.000,17.500
2019-07-17 11:00:00,1.980,578.000,391.200,251.000,18.500
2019-07-17 12:00:00,1.770,616.000,394.100,280.000,19.500
2019-07-17 13:00:00,1.620,595.000,367.100,290.000,20.500
2019-07-17 14:00:00,1.750,520.000,342.000,256.000,21.200
2019-07-17 15:00:00,1.750,429.000,282.300,237.000,21.700
2019-07-17 16:00:00,1.700,224.000,180.000,123.000,21.400
2019-07-17 17:00:00,1.990,226.000,191.200,145.000,21.500
2019-07-17 18:00:00,2.120,105.000,112.000,74.000,20.900
2019-07-17 19:00:00,2.380,43.000,84.300,32.000,19.900
2019-07-17 20:00:00,2.690,3.000,0.000,3.000,17.500
2019-07-17 21:00:00,2.970,0.000,0.000,0.000,16.000
2019-07-17 22:00:00,2.770,0.000,0.000,0.000,14.300
2019-07-17 23:00:00,2.500,0.000,0.000,0.000,13.900
2019-07-18 00:00:00,2.830,0.000,0.000,0.000,13.200
2019-07-18 01:00:00,3.040,0.000,0.000,0.000,12.900
2019-07-18 02:00:00,3.010,0.000,0.000,0.000,12.700
2019-07-18 03:00:00,3.040,0.000,0.000,0.000,12.300
2019-07-18 04:00:00,2.910,3.000,0.000,3.000,12.500
2019-07-18 05:00:00,2.420,31.000,20.300,28.000,13.900
2019-07-18 06:00:00,1.700,70.000,6.800,68.000,15.900
2019-07-18 07:00:00,1.440,248.000,254.100,136.000,18.100
2019-07-18 08:00:00,1.610,397.000,456.400,134.000,20.100
2019-07-18 09:00:00,2.020,576.000,592.500,166.000,21.800
2019-07-18 10:00:00,1.360,658.000,635.900,162.000,23.200
2019-07-18 11:00:00,2.160,611.000,495.000,198.000,24.100
2019-07-18 12:00:00,2.640,478.000,323.100,203.000,24.400
2019-07-18 13:00:00,2.720,443.000,280.900,210.000,24.800
2019-07-18 14:00:00,2.420,295.000,103.800,215.000,25.000
2019-07-18 15:00:00,2.750,291.000,110.600,216.000,25.000
2019-07-18 16:00:00,2.970,288.000,228.800,160.000,25.100
2019-07-18 17:00:00,2.500,267.000,336.600,125.000,25.100
2019-07-18 18:00:00,1.080,137.000,141.900,98.000,24.100
2019-07-18 19:00:00,2.150,43.000,7.800,42.000,22.300
2019-07-18 20:00:00,3.830,3.000,0.000,3.000,20.900
2019-07-18 21:00:00,5.230,0.000,0.000,0.000,19.800
2019-07-18 22:00:00,5.400,0.000,0.000,0.000,18.900
2019-07-18 23:00:00,5.660,0.000,0.000,0.000,18.400
2019-07-19 00:00:00,5.900,0.000,0.000,0.000,17.800
2019-07-19 01:00:00,5.600,0.000,0.000,0.000,17.300
2019-07-19 02:00:00,5.380,0.000,0.000,0.000,16.900
2019-07-19 03:00:00,6.100,0.000,0.000,0.000,16.700
2019-07-19 04:00:00,6.180,7.000,38.200,5.000,16.800
2019-07-19 05:00:00,5.530,70.000,227.300,37.000,17.300
2019-07-19 06:00:00,4.730,160.000,304.700,71.000,18.400
2019-07-19 07:00:00,5.980,330.000,499.500,111.000,19.300
2019-07-19 08:00:00,5.940,411.000,390.100,187.000,20.300
2019-07-19 09:00:00,5.380,444.000,311.500,229.000,20.900
2019-07-19 10:00:00,3.750,515.000,386.700,214.000,21.600
2019-07-19 11:00:00,3.610,580.000,448.000,207.000,22.400
2019-07-19 12:00:00,4.080,546.000,402.600,204.000,22.900
2019-07-19 13:00:00,3.760,563.000,482.000,164.000,23.700
2019-07-19 14:00:00,3.260,463.000,392.800,161.000,24.400
2019-07-19 15:00:00,3.100,378.000,301.500,174.000,24.400
2019-07-19 16:00:00,2.650,334.000,353.300,137.000,24.200
2019-07-19 17:00:00,2.210,205.000,238.200,105.000,23.900
2019-07-19 18:00:00,2.100,126.000,223.800,65.000,23.400
2019-07-19 19:00:00,1.970,49.000,150.900,30.000,21.800
2019-07-19 20:00:00,2.420,4.000,19.100,3.000,20.100
2019-07-19 21:00:00,3.010,0.000,0.000,0.000,18.900
2019-07-19 22:00:00,4.240,0.000,0.000,0.000,17.400
2019-07-19 23:00:00,4.340,0.000,0.000,0.000,16.700
2019-07-20 00:00:00,4.210,0.000,0.000,0.000,15.800
2019-07-20 01:00:00,4.970,0.000,0.000,0.000,15.100
2019-07-20 02:00:00,5.030,0.000,0.000,0.000,14.700
2019-07-20 03:00:00,5.310,0.000,0.000,0.000,14.800
2019-07-20 04:00:00,5.990,7.000,19.100,6.000,15.300
2019-07-20 05:00:00,5.570,63.000,98.200,49.000,16.800
2019-07-20 06:00:00,4.980,178.000,258.900,103.000,19.200
2019-07-20 07:00:00,4.700,346.000,545.600,108.000,21.800
2019-07-20 08:00:00,5.320,466.000,536.600,159.000,24.300
2019-07-20 09:00:00,5.820,602.000,639.400,162.000,25.700
2019-07-20 10:00:00,5.030,720.000,738.000,147.000,26.900
2019-07-20 11:00:00,4.330,782.000,764.200,147.000,28.100
2019-07-20 12:00:00,5.120,746.000,658.100,188.000,29.100
2019-07-20 13:00:00,5.990,613.000,394.600,287.000,29.900
2019-07-20 14:00:00,7.080,293.000,23.500,275.000,26.200
2019-07-20 15:00:00,2.420,141.000,10.400,134.000,22.600
2019-07-20 16:00:00,0.140,127.000,25.200,113.000,21.400
2019-07-20 17:00:00,1.360,259.000,311.200,129.000,20.300
2019-07-20 18:00:00,2.280,120.000,140.600,82.000,19.300
2019-07-20 19:00:00,3.320,55.000,137.700,38.000,18.300
2019-07-20 20:00:00,4.770,2.000,0.000,2.000,17.600
2019-07-20 21:00:00,5.780,0.000,0.000,0.000,17.300
2019-07-20 22:00:00,2.640,0.000,0.000,0.000,17.200
2019-07-20 23:00:00,4.080,0.000,0.000,0.000,17.000
2019-07-21 00:00:00,6.200,0.000,0.000,0.000,16.600
2019-07-21 01:00:00,7.210,0.000,0.000,0.000,16.100
2019-07-21 02:00:00,6.870,0.000,0.000,0.000,16.000
2019-07-21 03:00:00,6.310,0.000,0.000,0.000,15.900
2019-07-21 04:00:00,6.090,7.000,38.200,5.000,16.100
2019-07-21 05:00:00,6.280,72.000,214.600,42.000,16.800
2019-07-21 06:00:00,6.800,195.000,383.100,85.000,17.900
2019-07-21 07:00:00,7.180,309.000,442.600,117.000,18.800
2019-07-21 08:00:00,6.550,369.000,273.700,213.000,19.900
2019-07-21 09:00:00,6.750,553.000,578.600,156.000,21.100
2019-07-21 10:00:00,6.530,661.000,675.200,138.000,22.500
2019-07-21 11:00:00,7.260,655.000,565.700,186.000,23.200
2019-07-21 12:00:00,7.500,751.000,732.800,131.000,24.100
2019-07-21 13:00:00,7.410,574.000,494.900,166.000,24.600
2019-07-21 14:00:00,7.450,598.000,561.900,168.000,24.900
2019-07-21 15:00:00,7.350,566.000,671.600,114.000,25.000
2019-07-21 16:00:00,6.830,395.000,527.400,103.000,24.800
2019-07-21 17:00:00,6.330,299.000,478.900,100.000,24.300
2019-07-21 18:00:00,5.240,183.000,432.900,67.000,23.300
2019-07-21 19:00:00,4.530,63.000,198.500,39.000,21.600
2019-07-21 20:00:00,4.820,4.000,19.100,3.000,19.400
2019-07-21 21:00:00,4.530,0.000,0.000,0.000,17.900
2019-07-21 22:00:00,3.060,0.000,0.000,0.000,15.800
2019-07-21 23:00:00,1.800,0.000,0.000,0.000,15.100
2019-07-22 00:00:00,0.760,0.000,0.000,0.000,14.500
2019-07-22 01:00:00,0.320,0.000,0.000,0.000,14.000
2019-07-22 02:00:00,0.300,0.000,0.000,0.000,13.500
2019-07-22 03:00:00,1.580,0.000,0.000,0.000,12.900
2019-07-22 04:00:00,2.220,6.000,0.000,6.000,13.000
2019-07-22 05:00:00,2.730,62.000,58.400,54.000,14.500
2019-07-22 06:00:00,3.100,131.000,52.700,116.000,16.500
2019-07-22 07:00:00,2.780,195.000,58.000,170.000,18.500
2019-07-22 08:00:00,3.040,241.000,38.800,219.000,20.400
2019-07-22 09:00:00,3.470,217.000,4.400,214.000,21.400
2019-07-22 10:00:00,2.970,397.000,77.700,337.000,22.700
2019-07-22 11:00:00,4.250,500.000,239.300,302.000,24.000
2019-07-22 12:00:00,5.280,346.000,43.800,309.000,24.400
2019-07-22 13:00:00,5.480,370.000,45.000,333.000,24.700
2019-07-22 14:00:00,5.660,448.000,203.000,293.000,25.600
2019-07-22 15:00:00,6.260,408.000,232.500,252.000,25.900
2019-07-22 16:00:00,5.810,321.000,230.300,194.000,26.100
2019-07-22 17:00:00,4.200,260.000,341.200,119.000,26.300
2019-07-22 18:00:00,3.300,171.000,399.300,65.000,25.900
2019-07-22 19:00:00,3.440,58.000,219.900,32.000,24.500
2019-07-22 20:00:00,3.700,3.000,0.000,3.000,22.500
2019-07-22 21:00:00,4.230,0.000,0.000,0.000,21.100
2019-07-22 22:00:00,4.190,0.000,0.000,0.000,19.300
2019-07-22 23:00:00,3.840,0.000,0.000,0.000,18.100
2019-07-23 00:00:00,3.330,0.000,0.000,0.000,16.800
2019-07-23 01:00:00,3.100,0.000,0.000,0.000,16.200
2019-07-23 02:00:00,3.060,0.000,0.000,0.000,15.800
2019-07-23 03:00:00,3.320,0.000,0.000,0.000,15.200
2019-07-23 04:00:00,3.700,6.000,19.100,5.000,15.200
2019-07-23 05:00:00,3.610,77.000,305.700,36.000,17.300
2019-07-23 06:00:00,2.570,206.000,500.300,65.000,20.100
2019-07-23 07:00:00,1.580,354.000,629.500,84.000,22.500
2019-07-23 08:00:00,1.170,502.000,714.600,98.000,24.400
2019-07-23 09:00:00,1.240,633.000,768.400,109.000,25.900
2019-07-23 10:00:00,1.000,734.000,803.300,115.000,27.500
2019-07-23 11:00:00,1.000,797.000,820.300,120.000,28.700
2019-07-23 12:00:00,0.980,816.000,826.200,120.000,29.800
2019-07-23 13:00:00,0.940,792.000,821.300,118.000,30.700
2019-07-23 14:00:00,0.850,723.000,802.400,112.000,31.300
2019-07-23 15:00:00,0.760,618.000,765.400,106.000,31.800
2019-07-23 16:00:00,0.600,484.000,708.100,95.000,32.000
2019-07-23 17:00:00,0.670,336.000,620.700,81.000,31.800
2019-07-23 18:00:00,1.280,188.000,483.200,61.000,31.300
2019-07-23 19:00:00,2.280,65.000,294.500,31.000,29.700
2019-07-23 20:00:00,3.540,3.000,19.100,2.000,26.200
2019-07-23 21:00:00,4.740,0.000,0.000,0.000,23.500
2019-07-23 22:00:00,6.380,0.000,0.000,0.000,22.000
2019-07-23 23:00:00,7.000,0.000,0.000,0.000,21.300
2019-07-24 00:00:00,7.070,0.000,0.000,0.000,20.600
2019-07-24 01:00:00,6.890,0.000,0.000,0.000,19.900
2019-07-24 02:00:00,6.930,0.000,0.000,0.000,19.200
2019-07-24 03:00:00,6.860,0.000,0.000,0.000,18.700
2019-07-24 04:00:00,6.460,5.000,19.100,4.000,18.400
2019-07-24 05:00:00,6.440,74.000,266.800,39.000,20.000
2019-07-24 06:00:00,5.150,204.000,490.900,67.000,22.500
2019-07-24 07:00:00,3.760,351.000,612.200,90.000,25.200
2019-07-24 08:00:00,3.500,494.000,696.300,102.000,27.600
2019-07-24 09:00:00,3.520,629.000,753.200,117.000,29.800
2019-07-24 10:00:00,3.710,733.000,801.500,117.000,31.600
2019-07-24 11:00:00,3.660,796.000,822.300,119.000,32.900
2019-07-24 12:00:00,3.120,815.000,822.200,124.000,33.800
2019-07-24 13:00:00,2.830,791.000,822.100,118.000,34.500
2019-07-24 14:00:00,2.720,719.000,787.500,121.000,34.900
2019-07-24 15:00:00,3.020,607.000,721.400,126.000,35.100
2019-07-24 16:00:00,3.280,483.000,703.800,98.000,35.100
2019-07-24 17:00:00,3.690,336.000,626.900,80.000,34.800
2019-07-24 18:00:00,4.900,188.000,492.000,60.000,33.600
2019-07-24 19:00:00,6.450,63.000,293.300,30.000,31.100
2019-07-24 20:00:00,7.090,2.000,0.000,2.000,28.100
2019-07-24 21:00:00,7.170,0.000,0.000,0.000,26.600
2019-07-24 22:00:00,7.560,0.000,0.000,0.000,25.000
2019-07-24 23:00:00,7.380,0.000,0.000,0.000,23.800
2019-07-25 00:00:00,6.940,0.000,0.000,0.000,23.200
2019-07-25 01:00:00,6.690,0.000,0.000,0.000,22.200
2019-07-25 02:00:00,7.020,0.000,0.000,0.000,21.600
2019-07-25 03:00:00,6.850,0.000,0.000,0.000,21.000
2019-07-25 04:00:00,6.190,5.000,19.100,4.000,20.400
2019-07-25 05:00:00,5.490,74.000,304.200,35.000,21.600
2019-07-25 06:00:00,4.720,200.000,492.300,64.000,24.200
2019-07-25 07:00:00,3.940,352.000,641.900,80.000,27.000
2019-07-25 08:00:00,3.770,486.000,693.900,97.000,29.900
2019-07-25 09:00:00,3.740,616.000,749.900,108.000,32.300
2019-07-25 10:00:00,4.020,729.000,807.700,110.000,34.400
2019-07-25 11:00:00,3.580,765.000,784.100,121.000,35.500
2019-07-25 12:00:00,3.160,793.000,772.900,145.000,36.300
2019-07-25 13:00:00,3.550,763.000,745.800,154.000,36.900
2019-07-25 14:00:00,3.930,696.000,705.200,162.000,37.100
2019-07-25 15:00:00,4.140,582.000,639.600,157.000,37.300
2019-07-25 16:00:00,4.320,426.000,521.500,142.000,36.800
2019-07-25 17:00:00,4.530,289.000,399.300,127.000,35.900
2019-07-25 18:00:00,5.220,134.000,237.000,73.000,33.900
2019-07-25 19:00:00,6.800,46.000,82.200,37.000,31.500
2019-07-25 20:00:00,7.900,2.000,0.000,2.000,29.800
2019-07-25 21:00:00,8.100,0.000,0.000,0.000,28.800
2019-07-25 22:00:00,7.920,0.000,0.000,0.000,27.000
2019-07-25 23:00:00,7.540,0.000,0.000,0.000,25.700
2019-07-26 00:00:00,7.180,0.000,0.000,0.000,24.400
2019-07-26 01:00:00,6.680,0.000,0.000,0.000,22.800
2019-07-26 02:00:00,6.600,0.000,0.000,0.000,21.500
2019-07-26 03:00:00,6.910,0.000,0.000,0.000,20.500
2019-07-26 04:00:00,6.900,4.000,19.100,3.000,19.500
2019-07-26 05:00:00,7.000,73.000,319.600,33.000,20.000
2019-07-26 06:00:00,6.400,202.000,512.100,62.000,21.600
2019-07-26 07:00:00,6.040,346.000,615.100,87.000,23.900
2019-07-26 08:00:00,5.970,498.000,713.100,100.000,26.200
2019-07-26 09:00:00,6.640,605.000,722.800,117.000,27.700
2019-07-26 10:00:00,6.310,682.000,714.500,136.000,29.200
2019-07-26 11:00:00,6.420,786.000,802.000,129.000,30.400
2019-07-26 12:00:00,6.300,798.000,785.600,141.000,31.200
2019-07-26 13:00:00,6.410,784.000,817.700,118.000,31.900
2019-07-26 14:00:00,6.850,716.000,799.900,112.000,32.500
2019-07-26 15:00:00,7.480,612.000,767.200,104.000,32.600
2019-07-26 16:00:00,7.920,481.000,715.700,93.000,32.200
2019-07-26 17:00:00,7.960,333.000,630.200,79.000,31.500
2019-07-26 18:00:00,7.520,184.000,491.300,59.000,30.400
2019-07-26 19:00:00,8.070,60.000,291.300,29.000,28.400
2019-07-26 20:00:00,8.730,2.000,0.000,2.000,26.300
2019-07-26 21:00:00,8.660,0.000,0.000,0.000,24.700
2019-07-26 22:00:00,8.440,0.000,0.000,0.000,23.000
2019-07-26 23:00:00,7.960,0.000,0.000,0.000,21.700
2019-07-27 00:00:00,7.830,0.000,0.000,0.000,20.700
2019-07-27 01:00:00,7.520,0.000,0.000,0.000,19.900
2019-07-27 02:00:00,7.300,0.000,0.000,0.000,19.400
2019-07-27 03:00:00,7.600,0.000,0.000,0.000,19.000
2019-07-27 04:00:00,7.900,4.000,19.100,3.000,18.600
2019-07-27 05:00:00,7.830,71.000,311.400,33.000,19.700
2019-07-27 06:00:00,7.710,200.000,506.500,63.000,21.400
2019-07-27 07:00:00,7.920,348.000,635.800,82.000,23.200
2019-07-27 08:00:00,7.420,496.000,716.400,98.000,25.000
2019-07-27 09:00:00,7.600,623.000,761.000,111.000,26.500
2019-07-27 10:00:00,8.010,730.000,808.500,114.000,27.700
2019-07-27 11:00:00,7.910,736.000,725.800,143.000,28.100
2019-07-27 12:00:00,7.600,783.000,775.600,136.000,28.800
2019-07-27 13:00:00,7.820,765.000,770.700,139.000,29.400
2019-07-27 14:00:00,7.930,645.000,661.500,147.000,29.600
2019-07-27 15:00:00,7.930,460.000,445.600,166.000,29.200
2019-07-27 16:00:00,7.610,390.000,489.300,126.000,29.000
2019-07-27 17:00:00,7.420,285.000,472.200,96.000,28.300
2019-07-27 18:00:00,7.430,160.000,401.700,59.000,27.400
2019-07-27 19:00:00,7.400,45.000,193.800,25.000,25.900
2019-07-27 20:00:00,7.720,1.000,0.000,1.000,24.400
2019-07-27 21:00:00,7.780,0.000,0.000,0.000,23.400
2019-07-27 22:00:00,7.620,0.000,0.000,0.000,22.100
2019-07-27 23:00:00,7.780,0.000,0.000,0.000,21.100
2019-07-28 00:00:00,7.720,0.000,0.000,0.000,20.300
2019-07-28 01:00:00,7.000,0.000,0.000,0.000,19.400
2019-07-28 02:00:00,6.410,0.000,0.000,0.000,18.900
2019-07-28 03:00:00,6.170,0.000,0.000,0.000,18.500
2019-07-28 04:00:00,6.550,3.000,19.100,2.000,18.400
2019-07-28 05:00:00,6.110,62.000,269.300,30.000,18.700
2019-07-28 06:00:00,5.460,190.000,482.200,61.000,20.000
2019-07-28 07:00:00,4.510,267.000,418.700,93.000,21.600
2019-07-28 08:00:00,4.540,424.000,551.500,119.000,23.200
2019-07-28 09:00:00,4.900,541.000,598.200,140.000,24.700
2019-07-28 10:00:00,4.110,595.000,608.200,133.000,25.700
2019-07-28 11:00:00,4.040,734.000,731.500,138.000,27.200
2019-07-28 12:00:00,3.810,776.000,777.700,129.000,28.100
2019-07-28 13:00:00,3.420,727.000,725.900,139.000,29.400
2019-07-28 14:00:00,3.260,650.000,696.900,127.000,29.800
2019-07-28 15:00:00,2.970,557.000,669.400,117.000,30.400
2019-07-28 16:00:00,2.350,380.000,434.000,147.000,29.800
2019-07-28 17:00:00,2.000,257.000,425.300,88.000,29.200
2019-07-28 18:00:00,1.360,126.000,253.700,63.000,28.500
2019-07-28 19:00:00,1.080,45.000,130.100,32.000,27.600
2019-07-28 20:00:00,2.200,1.000,0.000,1.000,25.600
2019-07-28 21:00:00,4.090,0.000,0.000,0.000,24.400
2019-07-28 22:00:00,5.320,0.000,0.000,0.000,23.400
2019-07-28 23:00:00,5.660,0.000,0.000,0.000,22.800
2019-07-29 00:00:00,6.280,0.000,0.000,0.000,22.200
2019-07-29 01:00:00,7.240,0.000,0.000,0.000,21.800
2019-07-29 02:00:00,7.470,0.000,0.000,0.000,21.200
2019-07-29 03:00:00,7.350,0.000,0.000,0.000,20.800
2019-07-29 04:00:00,7.090,2.000,0.000,2.000,20.300
2019-07-29 05:00:00,6.650,47.000,190.300,25.000,20.300
2019-07-29 06:00:00,6.530,120.000,234.400,58.000,20.500
2019-07-29 07:00:00,6.580,232.000,293.100,111.000,21.000
2019-07-29 08:00:00,6.260,336.000,314.300,163.000,21.900
2019-07-29 09:00:00,5.560,307.000,134.800,217.000,22.100
2019-07-29 10:00:00,5.110,332.000,184.900,192.000,21.300
2019-07-29 11:00:00,5.330,367.000,160.000,237.000,21.200
2019-07-29 12:00:00,5.220,304.000,173.600,160.000,20.800
2019-07-29 13:00:00,4.940,241.000,106.500,155.000,21.000
2019-07-29 14:00:00,4.970,474.000,312.800,240.000,22.000
2019-07-29 15:00:00,4.880,268.000,148.200,171.000,22.300
2019-07-29 16:00:00,5.030,196.000,65.500,161.000,22.800
2019-07-29 17:00:00,4.850,224.000,273.800,116.000,23.100
2019-07-29 18:00:00,4.830,76.000,85.700,55.000,22.700
2019-07-29 19:00:00,4.480,17.000,20.500,15.000,22.100
2019-07-29 20:00:00,3.860,0.000,0.000,0.000,21.400
2019-07-29 21:00:00,3.350,0.000,0.000,0.000,20.600
2019-07-29 22:00:00,3.420,0.000,0.000,0.000,19.600
2019-07-29 23:00:00,3.640,0.000,0.000,0.000,19.100
2019-07-30 00:00:00,4.050,0.000,0.000,0.000,18.600
2019-07-30 01:00:00,4.680,0.000,0.000,0.000,18.300
2019-07-30 02:00:00,4.530,0.000,0.000,0.000,17.900
2019-07-30 03:00:00,3.830,0.000,0.000,0.000,17.500
2019-07-30 04:00:00,3.340,1.000,0.000,1.000,17.200
2019-07-30 05:00:00,2.780,25.000,17.800,23.000,17.300
2019-07-30 06:00:00,2.390,85.000,103.300,58.000,18.300
2019-07-30 07:00:00,2.190,202.000,168.300,133.000,19.600
2019-07-30 08:00:00,2.330,298.000,226.400,174.000,21.400
2019-07-30 09:00:00,2.770,563.000,557.600,192.000,22.600
2019-07-30 10:00:00,2.660,646.000,639.800,163.000,24.800
2019-07-30 11:00:00,2.470,773.000,788.800,134.000,26.500
2019-07-30 12:00:00,2.420,779.000,749.400,159.000,27.300
2019-07-30 13:00:00,2.800,626.000,531.500,198.000,28.000
2019-07-30 14:00:00,3.000,550.000,461.500,206.000,28.600
2019-07-30 15:00:00,2.810,407.000,319.000,199.000,28.900
2019-07-30 16:00:00,2.010,331.000,353.900,143.000,29.000
2019-07-30 17:00:00,1.500,258.000,411.400,97.000,29.100
2019-07-30 18:00:00,3.560,150.000,318.300,73.000,28.400
2019-07-30 19:00:00,6.090,45.000,239.100,22.000,25.200
2019-07-30 20:00:00,7.080,1.000,0.000,1.000,22.900
2019-07-30 21:00:00,6.800,0.000,0.000,0.000,21.700
2019-07-30 22:00:00,6.320,0.000,0.000,0.000,20.900
2019-07-30 23:00:00,5.580,0.000,0.000,0.000,19.900
2019-07-31 00:00:00,4.560,0.000,0.000,0.000,19.400
2019-07-31 01:00:00,3.910,0.000,0.000,0.000,18.600
2019-07-31 02:00:00,3.450,0.000,0.000,0.000,18.900
2019-07-31 03:00:00,4.190,0.000,0.000,0.000,19.100
2019-07-31 04:00:00,4.220,1.000,0.000,1.000,18.000
2019-07-31 05:00:00,5.130,20.000,64.200,13.000,17.300
2019-07-31 06:00:00,5.610,53.000,50.300,40.000,17.700
2019-07-31 07:00:00,5.070,246.000,368.500,96.000,18.200
2019-07-31 08:00:00,3.850,172.000,82.600,127.000,20.100
2019-07-31 09:00:00,3.490,239.000,105.600,169.000,21.600
2019-07-31 10:00:00,3.040,528.000,461.200,181.000,22.500
2019-07-31 11:00:00,2.770,677.000,609.100,185.000,24.000
2019-07-31 12:00:00,3.330,739.000,714.000,150.000,25.000
2019-07-31 13:00:00,3.680,598.000,505.700,192.000,25.900
2019-07-31 14:00:00,4.200,432.000,359.400,165.000,24.100
2019-07-31 15:00:00,4.280,380.000,318.800,173.000,23.000
2019-07-31 16:00:00,4.610,292.000,329.400,118.000,23.800
2019-07-31 17:00:00,5.400,225.000,332.300,96.000,23.500
2019-07-31 18:00:00,6.320,133.000,335.400,53.000,22.600
2019-07-31 19:00:00,5.370,36.000,158.600,21.000,20.800
2019-07-31 20:00:00,4.160,0.000,0.000,0.000,19.000
2019-07-31 21:00:00,2.840,0.000,0.000,0.000,17.900
2019-07-31 22:00:00,2.940,0.000,0.000,0.000,16.800
2019-07-31 23:00:00,1.420,0.000,0.000,0.000,15.900
2019-08-01 00:00:00,2.150,0.000,0.000,0.000,15.400
2019-08-01 01:00:00,3.620,0.000,0.000,0.000,15.300
2019-08-01 02:00:00,3.610,0.000,0.000,0.000,14.600
2019-08-01 03:00:00,3.200,0.000,0.000,0.000,14.200
2019-08-01 04:00:00,2.920,1.000,0.000,1.000,13.900
2019-08-01 05:00:00,3.550,50.000,208.200,28.000,14.800
2019-08-01 06:00:00,3.120,133.000,290.000,59.000,16.800
2019-08-01 07:00:00,3.420,281.000,467.700,92.000,18.800
2019-08-01 08:00:00,3.800,366.000,453.700,120.000,20.300
2019-08-01 09:00:00,3.970,450.000,490.800,126.000,21.800
2019-08-01 10:00:00,3.750,647.000,697.400,124.000,22.400
2019-08-01 11:00:00,3.620,528.000,453.300,163.000,22.700
2019-08-01 12:00:00,3.450,660.000,627.400,144.000,23.800
2019-08-01 13:00:00,3.680,609.000,593.600,134.000,24.100
2019-08-01 14:00:00,3.670,531.000,547.100,126.000,24.800
2019-08-01 15:00:00,3.400,434.000,491.900,116.000,24.900
2019-08-01 16:00:00,3.260,147.000,62.800,114.000,24.200
2019-08-01 17:00:00,3.320,193.000,267.500,90.000,24.100
2019-08-01 18:00:00,3.300,114.000,221.200,62.000,23.500
2019-08-01 19:00:00,3.300,28.000,107.600,18.000,21.300
2019-08-01 20:00:00,3.320,0.000,0.000,0.000,19.800
2019-08-01 21:00:00,3.230,0.000,0.000,0.000,19.300
2019-08-01 22:00:00,2.730,0.000,0.000,0.000,17.900
2019-08-01 23:00:00,4.180,0.000,0.000,0.000,17.400
2019-08-02 00:00:00,5.010,0.000,0.000,0.000,16.700
2019-08-02 01:00:00,5.010,0.000,0.000,0.000,16.300
2019-08-02 02:00:00,4.000,0.000,0.000,0.000,16.300
2019-08-02 03:00:00,3.760,0.000,0.000,0.000,16.000
2019-08-02 04:00:00,4.260,1.000,0.000,1.000,15.900
2019-08-02 05:00:00,4.040,35.000,127.100,22.000,16.200
2019-08-02 06:00:00,2.690,91.000,130.900,58.000,17.600
2019-08-02 07:00:00,1.920,293.000,483.600,99.000,19.500
2019-08-02 08:00:00,1.390,419.000,558.000,118.000,21.000
2019-08-02 09:00:00,1.100,503.000,532.300,153.000,22.000
2019-08-02 10:00:00,1.860,613.000,541.900,208.000,22.900
2019-08-02 11:00:00,2.160,388.000,323.900,128.000,22.800
2019-08-02 12:00:00,2.320,528.000,434.200,172.000,22.900
2019-08-02 13:00:00,2.700,467.000,332.200,202.000,23.700
2019-08-02 14:00:00,2.400,535.000,513.900,156.000,24.500
2019-08-02 15:00:00,2.270,480.000,492.600,163.000,25.000
2019-08-02 16:00:00,3.110,374.000,496.000,115.000,25.200
2019-08-02 17:00:00,4.210,246.000,369.400,105.000,23.300
2019-08-02 18:00:00,2.970,91.000,190.000,47.000,20.100
2019-08-02 19:00:00,1.520,33.000,87.700,25.000,19.000
2019-08-02 20:00:00,1.300,0.000,0.000,0.000,17.800
2019-08-02 21:00:00,1.100,0.000,0.000,0.000,17.200
2019-08-02 22:00:00,0.850,0.000,0.000,0.000,17.300
2019-08-02 23:00:00,1.030,0.000,0.000,0.000,15.300
2019-08-03 00:00:00,3.420,0.000,0.000,0.000,15.200
2019-08-03 01:00:00,3.910,0.000,0.000,0.000,15.100
2019-08-03 02:00:00,3.850,0.000,0.000,0.000,14.300
2019-08-03 03:00:00,3.100,0.000,0.000,0.000,13.800
2019-08-03 04:00:00,2.860,1.000,0.000,1.000,13.700
2019-08-03 05:00:00,3.360,46.000,220.500,24.000,14.700
2019-08-03 06:00:00,3.040,152.000,377.800,58.000,16.000
2019-08-03 07:00:00,2.550,284.000,459.600,101.000,17.500
2019-08-03 08:00:00,1.940,333.000,342.900,149.000,18.700
2019-08-03 09:00:00,1.840,427.000,349.700,198.000,20.300
2019-08-03 10:00:00,2.000,642.000,610.900,187.000,21.900
2019-08-03 11:00:00,2.660,601.000,532.400,175.000,22.700
2019-08-03 12:00:00,3.710,683.000,626.500,171.000,23.500
2019-08-03 13:00:00,4.390,601.000,558.500,157.000,23.700
2019-08-03 14:00:00,4.360,577.000,573.000,156.000,23.800
2019-08-03 15:00:00,4.550,371.000,412.100,107.000,23.400
2019-08-03 16:00:00,5.160,323.000,421.900,104.000,23.300
2019-08-03 17:00:00,4.800,168.000,203.600,91.000,22.800
2019-08-03 18:00:00,4.470,110.000,254.500,52.000,21.700
2019-08-03 19:00:00,4.860,28.000,134.200,16.000,20.500
2019-08-03 20:00:00,4.940,0.000,0.000,0.000,19.500
2019-08-03 21:00:00,4.660,0.000,0.000,0.000,18.500
2019-08-03 22:00:00,4.650,0.000,0.000,0.000,17.900
2019-08-03 23:00:00,4.380,0.000,0.000,0.000,17.100
2019-08-04 00:00:00,4.120,0.000,0.000,0.000,16.400
2019-08-04 01:00:00,3.690,0.000,0.000,0.000,15.800
2019-08-04 02:00:00,3.110,0.000,0.000,0.000,15.000
2019-08-04 03:00:00,2.640,0.000,0.000,0.000,14.500
2019-08-04 04:00:00,2.930,1.000,0.000,1.000,14.100
2019-08-04 05:00:00,3.300,47.000,224.000,25.000,14.800
2019-08-04 06:00:00,2.400,155.000,354.300,68.000,15.800
2019-08-04 07:00:00,2.600,192.000,162.000,128.000,17.300
2019-08-04 08:00:00,3.030,337.000,324.100,164.000,18.900
2019-08-04 09:00:00,3.590,431.000,392.500,175.000,19.800
2019-08-04 10:00:00,2.910,484.000,369.200,210.000,20.800
2019-08-04 11:00:00,2.810,379.000,129.100,276.000,21.300
2019-08-04 12:00:00,2.620,352.000,89.600,279.000,22.000
2019-08-04 13:00:00,2.500,315.000,20.200,299.000,22.800
2019-08-04 14:00:00,2.380,343.000,94.300,274.000,23.500
2019-08-04 15:00:00,2.510,287.000,100.400,223.000,24.000
2019-08-04 16:00:00,2.010,228.000,98.900,177.000,24.200
2019-08-04 17:00:00,1.660,129.000,32.000,117.000,23.900
2019-08-04 18:00:00,1.220,72.000,13.400,69.000,23.300
2019-08-04 19:00:00,1.080,24.000,68.500,18.000,20.800
2019-08-04 20:00:00,2.350,0.000,0.000,0.000,18.700
2019-08-04 21:00:00,3.520,0.000,0.000,0.000,17.900
2019-08-04 22:00:00,4.800,0.000,0.000,0.000,17.100
2019-08-04 23:00:00,5.120,0.000,0.000,0.000,16.400
2019-08-05 00:00:00,5.080,0.000,0.000,0.000,15.900
2019-08-05 01:00:00,5.100,0.000,0.000,0.000,15.900
2019-08-05 02:00:00,5.200,0.000,0.000,0.000,16.200
2019-08-05 03:00:00,5.420,0.000,0.000,0.000,16.500
2019-08-05 04:00:00,5.330,0.000,0.000,0.000,16.700
2019-08-05 05:00:00,5.080,23.000,0.000,23.000,17.200
2019-08-05 06:00:00,4.960,74.000,4.100,73.000,17.900
2019-08-05 07:00:00,4.000,238.000,283.100,127.000,18.900
2019-08-05 08:00:00,3.400,392.000,416.300,171.000,20.300
2019-08-05 09:00:00,2.750,495.000,485.100,180.000,21.700
2019-08-05 10:00:00,4.200,553.000,530.100,161.000,24.300
2019-08-05 11:00:00,5.050,492.000,284.300,266.000,22.900
2019-08-05 12:00:00,4.100,381.000,118.200,285.000,23.000
2019-08-05 13:00:00,2.560,369.000,186.200,222.000,23.700
2019-08-05 14:00:00,3.340,469.000,297.700,252.000,25.000
2019-08-05 15:00:00,4.390,460.000,491.800,148.000,25.900
2019-08-05 16:00:00,3.350,280.000,366.900,92.000,25.900
2019-08-05 17:00:00,3.000,187.000,277.400,84.000,23.200
2019-08-05 18:00:00,3.890,113.000,226.800,63.000,21.900
2019-08-05 19:00:00,4.700,30.000,151.500,17.000,20.900
2019-08-05 20:00:00,5.710,0.000,0.000,0.000,19.900
2019-08-05 21:00:00,5.980,0.000,0.000,0.000,19.000
2019-08-05 22:00:00,3.960,0.000,0.000,0.000,18.700
2019-08-05 23:00:00,1.600,0.000,0.000,0.000,17.300
2019-08-06 00:00:00,2.190,0.000,0.000,0.000,17.200
2019-08-06 01:00:00,3.240,0.000,0.000,0.000,16.600
2019-08-06 02:00:00,4.740,0.000,0.000,0.000,16.700
2019-08-06 03:00:00,5.780,0.000,0.000,0.000,16.800
2019-08-06 04:00:00,5.740,0.000,0.000,0.000,17.100
2019-08-06 05:00:00,5.520,38.000,136.700,25.000,17.500
2019-08-06 06:00:00,5.300,126.000,280.300,59.000,19.100
2019-08-06 07:00:00,4.740,117.000,72.000,89.000,20.600
2019-08-06 08:00:00,4.180,260.000,282.200,111.000,20.900
2019-08-06 09:00:00,5.340,310.000,230.400,161.000,21.200
2019-08-06 10:00:00,6.530,380.000,213.100,223.000,22.400
2019-08-06 11:00:00,6.190,478.000,243.600,285.000,23.500
2019-08-06 12:00:00,6.310,588.000,281.700,360.000,24.700
2019-08-06 13:00:00,6.260,641.000,423.300,308.000,25.300
2019-08-06 14:00:00,6.770,627.000,549.600,228.000,25.300
2019-08-06 15:00:00,7.080,450.000,346.900,231.000,25.100
2019-08-06 16:00:00,6.410,317.000,220.000,205.000,24.900
2019-08-06 17:00:00,5.770,211.000,223.100,129.000,24.200
2019-08-06 18:00:00,4.600,104.000,217.000,57.000,23.200
2019-08-06 19:00:00,3.480,27.000,107.200,18.000,21.300
2019-08-06 20:00:00,3.180,0.000,0.000,0.000,19.500
2019-08-06 21:00:00,3.300,0.000,0.000,0.000,18.800
2019-08-06 22:00:00,3.640,0.000,0.000,0.000,17.800
2019-08-06 23:00:00,4.190,0.000,0.000,0.000,16.900
2019-08-07 00:00:00,5.300,0.000,0.000,0.000,16.600
2019-08-07 01:00:00,4.740,0.000,0.000,0.000,16.300
2019-08-07 02:00:00,4.960,0.000,0.000,0.000,16.400
2019-08-07 03:00:00,4.920,0.000,0.000,0.000,16.500
2019-08-07 04:00:00,4.720,0.000,0.000,0.000,16.400
2019-08-07 05:00:00,4.960,18.000,0.000,18.000,16.900
2019-08-07 06:00:00,4.850,61.000,21.200,56.000,17.900
2019-08-07 07:00:00,4.680,139.000,72.600,111.000,18.700
2019-08-07 08:00:00,5.020,164.000,51.400,137.000,19.700
2019-08-07 09:00:00,5.380,156.000,21.700,142.000,20.900
2019-08-07 10:00:00,4.950,269.000,136.200,169.000,21.600
2019-08-07 11:00:00,6.630,597.000,472.500,224.000,23.700
2019-08-07 12:00:00,6.640,620.000,403.000,295.000,24.700
2019-08-07 13:00:00,7.570,592.000,375.100,298.000,24.900
2019-08-07 14:00:00,7.330,494.000,308.500,271.000,24.400
2019-08-07 15:00:00,7.450,337.000,146.500,245.000,24.200
2019-08-07 16:00:00,7.210,216.000,71.200,180.000,23.700
2019-08-07 17:00:00,5.790,145.000,55.000,125.000,23.100
2019-08-07 18:00:00,4.300,77.000,84.600,59.000,22.300
2019-08-07 19:00:00,4.100,30.000,134.100,19.000,20.700
2019-08-07 20:00:00,4.000,0.000,0.000,0.000,19.000
2019-08-07 21:00:00,4.060,0.000,0.000,0.000,17.600
2019-08-07 22:00:00,5.030,0.000,0.000,0.000,16.700
2019-08-07 23:00:00,5.000,0.000,0.000,0.000,16.400
2019-08-08 00:00:00,5.880,0.000,0.000,0.000,15.900
2019-08-08 01:00:00,5.820,0.000,0.000,0.000,15.500
2019-08-08 02:00:00,5.860,0.000,0.000,0.000,15.200
2019-08-08 03:00:00,6.080,0.000,0.000,0.000,15.100
2019-08-08 04:00:00,6.370,0.000,0.000,0.000,14.700
2019-08-08 05:00:00,6.580,40.000,196.000,22.000,15.500
2019-08-08 06:00:00,6.360,163.000,456.200,57.000,17.400
2019-08-08 07:00:00,7.130,298.000,569.600,80.000,19.200
2019-08-08 08:00:00,7.290,434.000,649.400,95.000,20.500
2019-08-08 09:00:00,7.200,543.000,677.200,109.000,21.800
2019-08-08 10:00:00,7.370,614.000,697.500,104.000,22.700
2019-08-08 11:00:00,8.130,557.000,551.700,123.000,23.000
2019-08-08 12:00:00,8.620,537.000,431.800,190.000,23.300
2019-08-08 13:00:00,9.300,537.000,482.900,160.000,23.300
2019-08-08 14:00:00,9.340,482.000,482.100,135.000,23.400
2019-08-08 15:00:00,8.800,474.000,574.700,115.000,23.900
2019-08-08 16:00:00,7.720,276.000,318.700,116.000,23.600
2019-08-08 17:00:00,7.110,152.000,230.500,69.000,23.400
2019-08-08 18:00:00,6.000,93.000,225.300,46.000,23.000
2019-08-08 19:00:00,5.040,24.000,112.500,15.000,21.500
2019-08-08 20:00:00,4.510,0.000,0.000,0.000,19.300
2019-08-08 21:00:00,4.310,0.000,0.000,0.000,17.400
2019-08-08 22:00:00,3.970,0.000,0.000,0.000,15.900
2019-08-08 23:00:00,3.260,0.000,0.000,0.000,15.100
2019-08-09 00:00:00,2.220,0.000,0.000,0.000,14.300
2019-08-09 01:00:00,1.120,0.000,0.000,0.000,14.500
2019-08-09 02:00:00,1.710,0.000,0.000,0.000,14.800
2019-08-09 03:00:00,1.280,0.000,0.000,0.000,12.800
2019-08-09 04:00:00,1.920,0.000,0.000,0.000,11.700
2019-08-09 05:00:00,2.040,41.000,232.800,20.000,13.200
2019-08-09 06:00:00,2.830,159.000,428.000,61.000,16.100
2019-08-09 07:00:00,2.300,245.000,258.200,147.000,19.100
2019-08-09 08:00:00,2.580,350.000,275.500,207.000,21.400
2019-08-09 09:00:00,3.690,388.000,185.000,270.000,22.900
2019-08-09 10:00:00,3.830,445.000,208.700,293.000,23.900
2019-08-09 11:00:00,4.470,557.000,307.500,316.000,25.600
2019-08-09 12:00:00,4.600,616.000,404.700,292.000,27.200
2019-08-09 13:00:00,4.550,514.000,257.200,314.000,28.000
2019-08-09 14:00:00,3.910,349.000,108.900,271.000,27.000
2019-08-09 15:00:00,3.140,292.000,82.100,241.000,26.400
2019-08-09 16:00:00,3.880,132.000,8.000,128.000,24.700
2019-08-09 17:00:00,4.970,85.000,8.400,82.000,23.400
2019-08-09 18:00:00,4.680,40.000,0.000,40.000,22.600
2019-08-09 19:00:00,5.370,5.000,0.000,5.000,21.700
2019-08-09 20:00:00,6.410,0.000,0.000,0.000,20.800
2019-08-09 21:00:00,7.160,0.000,0.000,0.000,20.400
2019-08-09 22:00:00,7.370,0.000,0.000,0.000,20.400
2019-08-09 23:00:00,6.660,0.000,0.000,0.000,20.400
2019-08-10 00:00:00,5.120,0.000,0.000,0.000,20.300
2019-08-10 01:00:00,4.580,0.000,0.000,0.000,20.200
2019-08-10 02:00:00,5.630,0.000,0.000,0.000,20.200
2019-08-10 03:00:00,6.880,0.000,0.000,0.000,20.400
2019-08-10 04:00:00,7.850,0.000,0.000,0.000,20.300
2019-08-10 05:00:00,7.980,37.000,203.400,19.000,20.400
2019-08-10 06:00:00,7.880,155.000,434.500,57.000,21.100
2019-08-10 07:00:00,7.480,300.000,582.100,81.000,21.900
2019-08-10 08:00:00,10.100,455.000,697.800,95.000,22.700
2019-08-10 09:00:00,9.820,479.000,530.700,142.000,23.400
2019-08-10 10:00:00,8.770,523.000,490.800,167.000,23.900
2019-08-10 11:00:00,9.380,502.000,468.700,136.000,24.200
2019-08-10 12:00:00,10.230,511.000,427.500,170.000,24.400
2019-08-10 13:00:00,10.400,499.000,396.400,192.000,24.600
2019-08-10 14:00:00,10.290,459.000,444.500,142.000,25.000
2019-08-10 15:00:00,10.460,359.000,362.700,135.000,25.200
2019-08-10 16:00:00,10.100,338.000,475.200,103.000,25.400
2019-08-10 17:00:00,9.780,184.000,335.100,66.000,25.000
2019-08-10 18:00:00,8.700,89.000,224.800,44.000,24.000
2019-08-10 19:00:00,8.660,20.000,105.400,12.000,22.500
2019-08-10 20:00:00,8.600,0.000,0.000,0.000,21.300
2019-08-10 21:00:00,8.380,0.000,0.000,0.000,20.300
2019-08-10 22:00:00,8.950,0.000,0.000,0.000,19.400
2019-08-10 23:00:00,8.660,0.000,0.000,0.000,19.200
2019-08-11 00:00:00,8.410,0.000,0.000,0.000,18.800
2019-08-11 01:00:00,7.850,0.000,0.000,0.000,18.200
2019-08-11 02:00:00,7.490,0.000,0.000,0.000,17.500
2019-08-11 03:00:00,7.170,0.000,0.000,0.000,16.900
2019-08-11 04:00:00,6.790,0.000,0.000,0.000,16.400
2019-08-11 05:00:00,6.750,33.000,172.800,18.000,17.000
2019-08-11 06:00:00,6.280,106.000,225.200,56.000,18.700
2019-08-11 07:00:00,6.790,208.000,327.100,86.000,20.200
2019-08-11 08:00:00,7.320,412.000,559.700,125.000,21.600
2019-08-11 09:00:00,7.960,545.000,651.900,133.000,22.700
2019-08-11 10:00:00,8.100,620.000,632.600,163.000,23.700
2019-08-11 11:00:00,7.340,566.000,394.700,259.000,24.300
2019-08-11 12:00:00,7.670,535.000,360.000,249.000,24.600
2019-08-11 13:00:00,6.770,471.000,238.600,287.000,25.100
2019-08-11 14:00:00,5.510,434.000,235.300,267.000,25.300
2019-08-11 15:00:00,5.820,440.000,389.300,201.000,25.200
2019-08-11 16:00:00,5.360,158.000,22.400,147.000,23.900
2019-08-11 17:00:00,3.710,104.000,34.500,92.000,23.400
2019-08-11 18:00:00,3.420,30.000,10.200,28.000,22.100
2019-08-11 19:00:00,3.310,13.000,27.100,11.000,21.100
2019-08-11 20:00:00,3.760,0.000,0.000,0.000,20.100
2019-08-11 21:00:00,4.480,0.000,0.000,0.000,18.900
2019-08-11 22:00:00,6.090,0.000,0.000,0.000,19.400
2019-08-11 23:00:00,5.950,0.000,0.000,0.000,18.800
2019-08-12 00:00:00,6.260,0.000,0.000,0.000,18.200
2019-08-12 01:00:00,6.040,0.000,0.000,0.000,17.500
2019-08-12 02:00:00,5.990,0.000,0.000,0.000,16.700
2019-08-12 03:00:00,6.400,0.000,0.000,0.000,15.800
2019-08-12 04:00:00,6.540,0.000,0.000,0.000,15.000
2019-08-12 05:00:00,6.420,34.000,188.000,18.000,15.300
2019-08-12 06:00:00,6.090,153.000,453.100,54.000,16.800
2019-08-12 07:00:00,6.140,300.000,600.600,78.000,18.500
2019-08-12 08:00:00,6.400,446.000,690.700,94.000,20.100
2019-08-12 09:00:00,6.710,595.000,783.900,102.000,21.500
2019-08-12 10:00:00,6.200,695.000,816.100,108.000,22.600
2019-08-12 11:00:00,6.590,731.000,784.800,123.000,23.500
2019-08-12 12:00:00,5.950,610.000,519.400,199.000,24.000
2019-08-12 13:00:00,5.130,503.000,394.600,200.000,24.400
2019-08-12 14:00:00,5.320,424.000,277.600,228.000,24.200
2019-08-12 15:00:00,5.370,367.000,380.200,135.000,24.300
2019-08-12 16:00:00,5.240,269.000,289.800,128.000,23.700
2019-08-12 17:00:00,5.150,192.000,314.200,84.000,22.700
2019-08-12 18:00:00,5.660,76.000,162.000,45.000,20.700
2019-08-12 19:00:00,6.890,9.000,14.000,8.000,18.800
2019-08-12 20:00:00,6.870,0.000,0.000,0.000,17.300
2019-08-12 21:00:00,6.230,0.000,0.000,0.000,16.800
2019-08-12 22:00:00,4.720,0.000,0.000,0.000,14.600
2019-08-12 23:00:00,6.200,0.000,0.000,0.000,14.400
2019-08-13 00:00:00,6.660,0.000,0.000,0.000,14.100
2019-08-13 01:00:00,5.960,0.000,0.000,0.000,13.600
2019-08-13 02:00:00,6.570,0.000,0.000,0.000,13.200
2019-08-13 03:00:00,6.100,0.000,0.000,0.000,13.100
2019-08-13 04:00:00,6.200,0.000,0.000,0.000,13.100
2019-08-13 05:00:00,6.710,24.000,120.000,14.000,13.500
2019-08-13 06:00:00,7.030,99.000,200.100,56.000,14.100
2019-08-13 07:00:00,5.830,175.000,226.600,92.000,14.700
2019-08-13 08:00:00,5.660,311.000,296.200,161.000,15.200
2019-08-13 09:00:00,6.550,305.000,268.500,137.000,16.100
2019-08-13 10:00:00,7.320,447.000,317.000,220.000,16.500
2019-08-13 11:00:00,7.090,492.000,264.400,288.000,16.900
2019-08-13 12:00:00,7.140,639.000,599.000,167.000,18.200
2019-08-13 13:00:00,6.940,663.000,664.500,155.000,18.900
2019-08-13 14:00:00,8.060,567.000,585.000,156.000,19.100
2019-08-13 15:00:00,7.310,444.000,554.100,108.000,18.600
2019-08-13 16:00:00,6.130,295.000,389.600,107.000,18.400
2019-08-13 17:00:00,6.010,224.000,444.900,73.000,17.800
2019-08-13 18:00:00,5.510,93.000,246.300,47.000,17.100
2019-08-13 19:00:00,4.770,17.000,43.300,14.000,15.700
2019-08-13 20:00:00,4.550,0.000,0.000,0.000,14.700
2019-08-13 21:00:00,4.850,0.000,0.000,0.000,13.900
2019-08-13 22:00:00,5.700,0.000,0.000,0.000,13.300
2019-08-13 23:00:00,5.380,0.000,0.000,0.000,12.900
2019-08-14 00:00:00,5.720,0.000,0.000,0.000,12.400
2019-08-14 01:00:00,5.820,0.000,0.000,0.000,11.700
2019-08-14 02:00:00,6.240,0.000,0.000,0.000,11.200
2019-08-14 03:00:00,6.400,0.000,0.000,0.000,10.700
2019-08-14 04:00:00,6.080,0.000,0.000,0.000,10.300
2019-08-14 05:00:00,5.820,29.000,171.600,15.000,10.500
2019-08-14 06:00:00,4.970,139.000,407.000,53.000,12.300
2019-08-14 07:00:00,5.170,283.000,562.300,79.000,14.300
2019-08-14 08:00:00,5.200,434.000,663.900,100.000,16.100
2019-08-14 09:00:00,5.460,538.000,668.300,122.000,17.600
2019-08-14 10:00:00,5.080,601.000,629.700,152.000,18.900
2019-08-14 11:00:00,5.410,622.000,643.000,128.000,19.600
2019-08-14 12:00:00,5.710,554.000,530.100,138.000,20.200
2019-08-14 13:00:00,5.650,620.000,628.100,142.000,21.100
2019-08-14 14:00:00,5.660,489.000,466.500,163.000,21.500
2019-08-14 15:00:00,5.440,374.000,403.400,131.000,21.800
2019-08-14 16:00:00,4.740,210.000,154.700,136.000,21.600
2019-08-14 17:00:00,4.360,117.000,92.500,86.000,21.200
2019-08-14 18:00:00,3.340,110.000,324.000,51.000,20.000
2019-08-14 19:00:00,3.000,15.000,89.500,9.000,17.100
2019-08-14 20:00:00,3.670,0.000,0.000,0.000,15.900
2019-08-14 21:00:00,4.510,0.000,0.000,0.000,15.200
2019-08-14 22:00:00,6.220,0.000,0.000,0.000,14.500
2019-08-14 23:00:00,6.580,0.000,0.000,0.000,14.800
2019-08-15 00:00:00,6.890,0.000,0.000,0.000,14.900
2019-08-15 01:00:00,6.810,0.000,0.000,0.000,14.500
2019-08-15 02:00:00,7.730,0.000,0.000,0.000,14.100
2019-08-15 03:00:00,8.400,0.000,0.000,0.000,14.100
2019-08-15 04:00:00,8.500,0.000,0.000,0.000,13.800
2019-08-15 05:00:00,8.300,3.000,0.000,3.000,14.100
2019-08-15 06:00:00,8.130,18.000,0.000,18.000,14.500
2019-08-15 07:00:00,7.980,42.000,0.000,42.000,15.200
2019-08-15 08:00:00,7.780,86.000,6.000,83.000,16.000
2019-08-15 09:00:00,7.530,248.000,135.600,164.000,16.900
2019-08-15 10:00:00,8.350,207.000,25.400,189.000,18.000
2019-08-15 11:00:00,7.580,350.000,141.200,242.000,19.200
2019-08-15 12:00:00,7.920,455.000,235.500,271.000,20.200
2019-08-15 13:00:00,6.980,342.000,176.900,208.000,20.800
2019-08-15 14:00:00,7.290,374.000,178.400,250.000,20.800
2019-08-15 15:00:00,6.570,204.000,83.600,154.000,18.600
2019-08-15 16:00:00,6.230,124.000,69.600,91.000,18.700
2019-08-15 17:00:00,7.380,156.000,151.300,106.000,19.300
2019-08-15 18:00:00,6.520,82.000,141.000,57.000,18.100
2019-08-15 19:00:00,6.280,11.000,30.900,9.000,17.100
2019-08-15 20:00:00,6.330,0.000,0.000,0.000,16.500
2019-08-15 21:00:00,6.550,0.000,0.000,0.000,16.200
2019-08-15 22:00:00,6.990,0.000,0.000,0.000,16.000
2019-08-15 23:00:00,7.330,0.000,0.000,0.000,15.600
2019-08-16 00:00:00,6.990,0.000,0.000,0.000,15.600
2019-08-16 01:00:00,7.300,0.000,0.000,0.000,15.500
2019-08-16 02:00:00,7.530,0.000,0.000,0.000,15.300
2019-08-16 03:00:00,7.560,0.000,0.000,0.000,15.100
2019-08-16 04:00:00,7.240,0.000,0.000,0.000,14.800
2019-08-16 05:00:00,7.120,14.000,25.700,12.000,14.800
2019-08-16 06:00:00,7.370,57.000,39.200,49.000,15.500
2019-08-16 07:00:00,8.060,176.000,252.900,86.000,15.700
2019-08-16 08:00:00,6.610,335.000,407.000,133.000,16.900
2019-08-16 09:00:00,6.070,375.000,337.700,167.000,17.800
2019-08-16 10:00:00,5.120,434.000,368.000,174.000,18.800
2019-08-16 11:00:00,5.310,504.000,442.400,167.000,19.800
2019-08-16 12:00:00,5.460,478.000,399.800,167.000,20.400
2019-08-16 13:00:00,5.110,587.000,531.900,186.000,21.500
2019-08-16 14:00:00,4.610,516.000,504.900,167.000,22.100
2019-08-16 15:00:00,4.300,389.000,269.200,229.000,22.600
2019-08-16 16:00:00,4.120,319.000,268.300,193.000,22.900
2019-08-16 17:00:00,4.160,225.000,359.100,108.000,22.500
2019-08-16 18:00:00,3.710,76.000,98.500,59.000,21.500
2019-08-16 19:00:00,3.550,12.000,32.100,10.000,19.400
2019-08-16 20:00:00,3.860,0.000,0.000,0.000,17.800
2019-08-16 21:00:00,4.490,0.000,0.000,0.000,17.100
2019-08-16 22:00:00,5.850,0.000,0.000,0.000,16.400
2019-08-16 23:00:00,6.400,0.000,0.000,0.000,16.500
2019-08-17 00:00:00,6.820,0.000,0.000,0.000,16.600
2019-08-17 01:00:00,6.770,0.000,0.000,0.000,16.900
2019-08-17 02:00:00,6.790,0.000,0.000,0.000,17.000
2019-08-17 03:00:00,6.690,0.000,0.000,0.000,16.800
2019-08-17 04:00:00,6.510,0.000,0.000,0.000,16.700
2019-08-17 05:00:00,6.700,6.000,0.000,6.000,16.500
2019-08-17 06:00:00,7.930,34.000,10.000,32.000,16.800
2019-08-17 07:00:00,8.400,44.000,2.800,43.000,17.700
2019-08-17 08:00:00,8.120,94.000,16.200,86.000,18.900
2019-08-17 09:00:00,7.590,103.000,31.000,84.000,20.900
2019-08-17 10:00:00,4.810,168.000,45.500,136.000,21.500
2019-08-17 11:00:00,7.310,216.000,46.200,181.000,22.700
2019-08-17 12:00:00,8.200,329.000,131.700,227.000,23.300
2019-08-17 13:00:00,7.990,507.000,337.300,254.000,24.200
2019-08-17 14:00:00,8.840,294.000,94.600,229.000,23.200
2019-08-17 15:00:00,8.020,132.000,15.300,123.000,21.500
2019-08-17 16:00:00,7.120,158.000,101.000,111.000,21.100
2019-08-17 17:00:00,6.740,116.000,77.800,91.000,21.100
2019-08-17 18:00:00,6.010,43.000,6.000,42.000,20.700
2019-08-17 19:00:00,5.910,6.000,0.000,6.000,20.100
2019-08-17 20:00:00,6.810,0.000,0.000,0.000,19.800
2019-08-17 21:00:00,7.380,0.000,0.000,0.000,19.500
2019-08-17 22:00:00,6.700,0.000,0.000,0.000,19.300
2019-08-17 23:00:00,6.370,0.000,0.000,0.000,19.300
2019-08-18 00:00:00,6.380,0.000,0.000,0.000,19.100
2019-08-18 01:00:00,6.380,0.000,0.000,0.000,19.100
2019-08-18 02:00:00,5.610,0.000,0.000,0.000,18.900
2019-08-18 03:00:00,5.240,0.000,0.000,0.000,18.800
2019-08-18 04:00:00,4.980,0.000,0.000,0.000,18.500
2019-08-18 05:00:00,4.880,2.000,0.000,2.000,17.700
2019-08-18 06:00:00,4.280,11.000,0.000,11.000,17.500
2019-08-18 07:00:00,5.100,39.000,0.000,39.000,17.400
2019-08-18 08:00:00,5.940,62.000,2.000,61.000,17.600
2019-08-18 09:00:00,5.730,79.000,1.600,78.000,18.000
2019-08-18 10:00:00,4.500,53.000,0.000,53.000,18.100
2019-08-18 11:00:00,4.740,160.000,2.600,158.000,18.500
2019-08-18 12:00:00,2.480,417.000,146.600,304.000,19.700
2019-08-18 13:00:00,1.480,223.000,57.600,180.000,19.300
2019-08-18 14:00:00,2.020,119.000,10.200,112.000,19.100
2019-08-18 15:00:00,4.710,170.000,97.300,113.000,19.800
2019-08-18 16:00:00,5.690,59.000,2.200,58.000,19.200
2019-08-18 17:00:00,6.510,51.000,0.000,51.000,18.700
2019-08-18 18:00:00,6.200,53.000,43.000,46.000,17.800
2019-08-18 19:00:00,5.400,7.000,0.000,7.000,16.900
2019-08-18 20:00:00,5.160,0.000,0.000,0.000,16.500
2019-08-18 21:00:00,4.810,0.000,0.000,0.000,16.000
2019-08-18 22:00:00,4.470,0.000,0.000,0.000,15.500
2019-08-18 23:00:00,4.880,0.000,0.000,0.000,15.000
2019-08-19 00:00:00,5.030,0.000,0.000,0.000,14.800
2019-08-19 01:00:00,6.060,0.000,0.000,0.000,15.000
2019-08-19 02:00:00,6.220,0.000,0.000,0.000,15.100
2019-08-19 03:00:00,6.720,0.000,0.000,0.000,15.200
2019-08-19 04:00:00,6.790,0.000,0.000,0.000,14.900
2019-08-19 05:00:00,7.110,18.000,41.400,15.000,14.500
2019-08-19 06:00:00,7.220,115.000,254.300,66.000,15.200
2019-08-19 07:00:00,8.920,246.000,426.000,99.000,16.300
2019-08-19 08:00:00,9.030,371.000,524.700,116.000,17.400
2019-08-19 09:00:00,8.680,456.000,506.800,149.000,18.600
2019-08-19 10:00:00,7.830,482.000,456.700,164.000,19.500
2019-08-19 11:00:00,8.190,603.000,567.000,177.000,20.700
2019-08-19 12:00:00,8.330,599.000,537.100,187.000,21.300
2019-08-19 13:00:00,8.190,450.000,307.100,222.000,22.000
2019-08-19 14:00:00,7.890,425.000,295.900,224.000,22.200
2019-08-19 15:00:00,7.800,273.000,185.700,165.000,21.900
2019-08-19 16:00:00,7.300,318.000,447.200,114.000,22.300
2019-08-19 17:00:00,5.590,178.000,314.500,80.000,21.900
2019-08-19 18:00:00,5.100,81.000,253.800,41.000,21.000
2019-08-19 19:00:00,4.970,8.000,36.400,6.000,18.400
2019-08-19 20:00:00,4.880,0.000,0.000,0.000,16.400
2019-08-19 21:00:00,4.990,0.000,0.000,0.000,15.400
2019-08-19 22:00:00,5.660,0.000,0.000,0.000,14.100
2019-08-19 23:00:00,5.690,0.000,0.000,0.000,13.500
2019-08-20 00:00:00,5.560,0.000,0.000,0.000,13.400
2019-08-20 01:00:00,5.160,0.000,0.000,0.000,13.200
2019-08-20 02:00:00,4.700,0.000,0.000,0.000,13.000
2019-08-20 03:00:00,5.450,0.000,0.000,0.000,12.600
2019-08-20 04:00:00,5.590,0.000,0.000,0.000,12.300
2019-08-20 05:00:00,5.610,18.000,70.900,13.000,12.400
2019-08-20 06:00:00,5.160,127.000,407.700,50.000,14.200
2019-08-20 07:00:00,4.470,274.000,571.100,79.000,16.500
2019-08-20 08:00:00,4.480,415.000,623.900,114.000,18.100
2019-08-20 09:00:00,4.920,561.000,755.400,106.000,19.500
2019-08-20 10:00:00,4.100,648.000,762.100,120.000,20.500
2019-08-20 11:00:00,4.020,679.000,694.100,160.000,21.200
2019-08-20 12:00:00,4.370,617.000,500.400,235.000,21.700
2019-08-20 13:00:00,4.260,530.000,323.600,291.000,21.900
2019-08-20 14:00:00,4.120,352.000,109.600,278.000,22.000
2019-08-20 15:00:00,4.180,301.000,128.200,227.000,21.800
2019-08-20 16:00:00,4.080,171.000,37.600,154.000,21.500
2019-08-20 17:00:00,3.820,97.000,32.600,87.000,20.700
2019-08-20 18:00:00,4.000,42.000,6.600,41.000,19.900
2019-08-20 19:00:00,4.400,5.000,0.000,5.000,18.100
2019-08-20 20:00:00,4.820,0.000,0.000,0.000,17.100
2019-08-20 21:00:00,5.100,0.000,0.000,0.000,16.400
2019-08-20 22:00:00,4.610,0.000,0.000,0.000,15.400
2019-08-20 23:00:00,4.710,0.000,0.000,0.000,14.700
2019-08-21 00:00:00,4.820,0.000,0.000,0.000,13.700
2019-08-21 01:00:00,5.000,0.000,0.000,0.000,13.100
2019-08-21 02:00:00,5.100,0.000,0.000,0.000,12.500
2019-08-21 03:00:00,5.120,0.000,0.000,0.000,11.700
2019-08-21 04:00:00,5.000,0.000,0.000,0.000,11.000
2019-08-21 05:00:00,4.910,16.000,87.400,10.000,10.900
2019-08-21 06:00:00,4.230,124.000,410.800,48.000,12.800
2019-08-21 07:00:00,3.510,273.000,586.200,75.000,14.900
2019-08-21 08:00:00,3.700,409.000,636.900,104.000,17.000
2019-08-21 09:00:00,3.800,458.000,526.000,143.000,18.300
2019-08-21 10:00:00,3.130,594.000,677.500,127.000,19.500
2019-08-21 11:00:00,3.140,667.000,728.400,125.000,20.500
2019-08-21 12:00:00,3.130,637.000,610.800,173.000,21.300
2019-08-21 13:00:00,2.930,484.000,344.400,231.000,21.600
2019-08-21 14:00:00,2.730,421.000,243.000,258.000,22.000
2019-08-21 15:00:00,2.650,313.000,176.300,212.000,22.500
2019-08-21 16:00:00,2.400,277.000,239.500,170.000,22.300
2019-08-21 17:00:00,1.840,144.000,185.600,88.000,21.600
2019-08-21 18:00:00,2.000,63.000,129.000,44.000,20.200
2019-08-21 19:00:00,2.260,7.000,19.100,6.000,16.800
2019-08-21 20:00:00,3.080,0.000,0.000,0.000,15.000
2019-08-21 21:00:00,4.030,0.000,0.000,0.000,14.300
2019-08-21 22:00:00,4.310,0.000,0.000,0.000,13.100
2019-08-21 23:00:00,4.800,0.000,0.000,0.000,12.100
2019-08-22 00:00:00,5.170,0.000,0.000,0.000,11.600
2019-08-22 01:00:00,5.240,0.000,0.000,0.000,11.100
2019-08-22 02:00:00,5.040,0.000,0.000,0.000,10.800
2019-08-22 03:00:00,5.360,0.000,0.000,0.000,10.600
2019-08-22 04:00:00,5.470,0.000,0.000,0.000,10.500
2019-08-22 05:00:00,5.280,17.000,104.900,10.000,10.700
2019-08-22 06:00:00,5.220,122.000,414.000,47.000,13.300
2019-08-22 07:00:00,4.080,270.000,592.700,72.000,16.800
2019-08-22 08:00:00,3.550,422.000,700.600,89.000,20.000
2019-08-22 09:00:00,3.800,558.000,767.700,101.000,22.500
2019-08-22 10:00:00,3.730,661.000,805.000,109.000,24.400
2019-08-22 11:00:00,3.750,723.000,825.200,112.000,25.300
2019-08-22 12:00:00,3.690,736.000,811.100,123.000,25.900
2019-08-22 13:00:00,3.320,701.000,784.300,128.000,26.400
2019-08-22 14:00:00,3.180,631.000,774.000,115.000,26.900
2019-08-22 15:00:00,2.920,520.000,737.400,101.000,27.000
2019-08-22 16:00:00,2.860,385.000,680.900,84.000,26.900
2019-08-22 17:00:00,2.460,232.000,559.400,66.000,26.200
2019-08-22 18:00:00,2.370,89.000,358.900,38.000,24.100
2019-08-22 19:00:00,2.330,6.000,38.200,4.000,20.000
2019-08-22 20:00:00,2.460,0.000,0.000,0.000,17.600
2019-08-22 21:00:00,2.820,0.000,0.000,0.000,16.100
2019-08-22 22:00:00,2.270,0.000,0.000,0.000,14.500
2019-08-22 23:00:00,2.280,0.000,0.000,0.000,13.900
2019-08-23 00:00:00,1.920,0.000,0.000,0.000,12.900
2019-08-23 01:00:00,1.920,0.000,0.000,0.000,12.000
2019-08-23 02:00:00,1.560,0.000,0.000,0.000,11.600
2019-08-23 03:00:00,1.080,0.000,0.000,0.000,11.300
2019-08-23 04:00:00,0.820,0.000,0.000,0.000,10.300
2019-08-23 05:00:00,0.860,15.000,92.600,9.000,10.900
2019-08-23 06:00:00,1.440,118.000,406.200,46.000,14.300
2019-08-23 07:00:00,1.360,265.000,587.300,71.000,17.900
2019-08-23 08:00:00,0.570,418.000,699.600,88.000,21.200
2019-08-23 09:00:00,0.510,553.000,765.600,100.000,23.900
2019-08-23 10:00:00,0.320,659.000,813.700,104.000,25.700
2019-08-23 11:00:00,0.100,721.000,829.300,110.000,26.900
2019-08-23 12:00:00,0.200,740.000,837.900,110.000,27.500
2019-08-23 13:00:00,0.510,710.000,828.600,108.000,28.100
2019-08-23 14:00:00,0.760,635.000,798.700,106.000,28.500
2019-08-23 15:00:00,1.360,521.000,752.200,97.000,28.700
2019-08-23 16:00:00,1.840,380.000,674.700,85.000,28.500
2019-08-23 17:00:00,2.680,227.000,548.600,67.000,27.900
2019-08-23 18:00:00,4.350,85.000,358.100,36.000,25.600
2019-08-23 19:00:00,5.720,5.000,19.100,4.000,22.500
2019-08-23 20:00:00,6.360,0.000,0.000,0.000,20.500
2019-08-23 21:00:00,6.580,0.000,0.000,0.000,19.400
2019-08-23 22:00:00,7.000,0.000,0.000,0.000,18.400
2019-08-23 23:00:00,6.890,0.000,0.000,0.000,17.600
2019-08-24 00:00:00,6.480,0.000,0.000,0.000,16.500
2019-08-24 01:00:00,5.920,0.000,0.000,0.000,15.400
2019-08-24 02:00:00,5.410,0.000,0.000,0.000,14.800
2019-08-24 03:00:00,5.000,0.000,0.000,0.000,13.900
2019-08-24 04:00:00,5.000,0.000,0.000,0.000,13.400
2019-08-24 05:00:00,5.330,14.000,63.600,10.000,13.300
2019-08-24 06:00:00,4.830,111.000,340.300,52.000,15.600
2019-08-24 07:00:00,3.510,261.000,575.600,73.000,18.900
2019-08-24 08:00:00,3.340,413.000,688.000,91.000,22.300
2019-08-24 09:00:00,3.860,548.000,760.200,101.000,25.100
2019-08-24 10:00:00,5.150,653.000,803.300,108.000,26.500
2019-08-24 11:00:00,5.470,717.000,825.400,112.000,27.400
2019-08-24 12:00:00,5.280,735.000,830.200,114.000,28.200
2019-08-24 13:00:00,5.280,705.000,822.200,111.000,28.800
2019-08-24 14:00:00,5.180,630.000,797.900,105.000,29.200
2019-08-24 15:00:00,5.140,516.000,751.300,96.000,29.400
2019-08-24 16:00:00,5.460,375.000,673.000,84.000,29.200
2019-08-24 17:00:00,5.250,221.000,544.400,65.000,28.700
2019-08-24 18:00:00,5.400,81.000,342.100,36.000,27.100
2019-08-24 19:00:00,6.010,4.000,19.100,3.000,24.000
2019-08-24 20:00:00,6.410,0.000,0.000,0.000,22.300
2019-08-24 21:00:00,6.700,0.000,0.000,0.000,21.200
2019-08-24 22:00:00,7.430,0.000,0.000,0.000,19.800
2019-08-24 23:00:00,6.910,0.000,0.000,0.000,19.400
2019-08-25 00:00:00,6.290,0.000,0.000,0.000,18.500
2019-08-25 01:00:00,6.330,0.000,0.000,0.000,18.000
2019-08-25 02:00:00,5.900,0.000,0.000,0.000,17.200
2019-08-25 03:00:00,5.320,0.000,0.000,0.000,16.600
2019-08-25 04:00:00,5.700,0.000,0.000,0.000,16.200
2019-08-25 05:00:00,5.720,12.000,65.700,8.000,15.900
2019-08-25 06:00:00,4.800,107.000,371.800,44.000,18.100
2019-08-25 07:00:00,3.500,248.000,548.300,71.000,20.800
2019-08-25 08:00:00,3.100,395.000,663.300,87.000,23.600
2019-08-25 09:00:00,3.010,523.000,720.400,102.000,26.000
2019-08-25 10:00:00,2.610,617.000,745.500,114.000,27.800
2019-08-25 11:00:00,2.500,683.000,776.200,117.000,29.200
2019-08-25 12:00:00,2.600,706.000,797.000,113.000,30.300
2019-08-25 13:00:00,2.600,678.000,790.800,110.000,31.100
2019-08-25 14:00:00,1.890,584.000,739.000,101.000,31.600
2019-08-25 15:00:00,1.300,435.000,613.300,95.000,31.700
2019-08-25 16:00:00,1.020,319.000,540.400,88.000,31.600
2019-08-25 17:00:00,1.220,186.000,419.300,68.000,31.200
2019-08-25 18:00:00,3.010,62.000,198.100,37.000,29.100
2019-08-25 19:00:00,4.270,2.000,0.000,2.000,26.600
2019-08-25 20:00:00,4.690,0.000,0.000,0.000,25.400
2019-08-25 21:00:00,6.100,0.000,0.000,0.000,24.700
2019-08-25 22:00:00,5.650,0.000,0.000,0.000,23.200
2019-08-25 23:00:00,6.230,0.000,0.000,0.000,22.400
2019-08-26 00:00:00,5.380,0.000,0.000,0.000,21.300
2019-08-26 01:00:00,4.200,0.000,0.000,0.000,20.600
2019-08-26 02:00:00,2.280,0.000,0.000,0.000,20.000
2019-08-26 03:00:00,3.130,0.000,0.000,0.000,19.500
2019-08-26 04:00:00,4.800,0.000,0.000,0.000,18.800
2019-08-26 05:00:00,5.450,10.000,50.900,7.000,18.700
2019-08-26 06:00:00,5.140,100.000,356.500,41.000,20.400
2019-08-26 07:00:00,3.980,238.000,514.100,74.000,23.100
2019-08-26 08:00:00,3.440,335.000,501.500,104.000,25.900
2019-08-26 09:00:00,3.820,493.000,673.300,102.000,28.200
2019-08-26 10:00:00,3.420,593.000,713.900,114.000,30.500
2019-08-26 11:00:00,3.740,661.000,721.100,138.000,31.500
2019-08-26 12:00:00,3.350,689.000,756.700,129.000,32.300
2019-08-26 13:00:00,3.210,615.000,696.100,118.000,32.900
2019-08-26 14:00:00,3.510,586.000,734.900,109.000,33.200
2019-08-26 15:00:00,4.000,383.000,509.400,103.000,32.500
2019-08-26 16:00:00,3.710,303.000,511.200,87.000,32.100
2019-08-26 17:00:00,3.720,163.000,372.900,60.000,31.500
2019-08-26 18:00:00,4.420,64.000,281.400,30.000,29.600
2019-08-26 19:00:00,5.700,2.000,0.000,2.000,26.500
2019-08-26 20:00:00,6.010,0.000,0.000,0.000,25.100
2019-08-26 21:00:00,5.890,0.000,0.000,0.000,23.900
2019-08-26 22:00:00,6.210,0.000,0.000,0.000,22.700
2019-08-26 23:00:00,6.010,0.000,0.000,0.000,21.800
2019-08-27 00:00:00,5.420,0.000,0.000,0.000,21.300
2019-08-27 01:00:00,4.970,0.000,0.000,0.000,20.300
2019-08-27 02:00:00,5.110,0.000,0.000,0.000,19.700
2019-08-27 03:00:00,5.500,0.000,0.000,0.000,19.100
2019-08-27 04:00:00,5.490,0.000,0.000,0.000,18.600
2019-08-27 05:00:00,5.250,10.000,52.600,7.000,18.200
2019-08-27 06:00:00,4.520,100.000,352.800,43.000,20.200
2019-08-27 07:00:00,2.910,241.000,545.700,69.000,23.100
2019-08-27 08:00:00,2.450,386.000,643.500,92.000,25.700
2019-08-27 09:00:00,2.550,499.000,669.000,113.000,28.000
2019-08-27 10:00:00,3.520,607.000,720.900,126.000,30.200
2019-08-27 11:00:00,3.260,672.000,762.400,122.000,31.800
2019-08-27 12:00:00,2.980,664.000,702.500,147.000,32.600
2019-08-27 13:00:00,2.690,599.000,614.300,163.000,32.700
2019-08-27 14:00:00,2.390,506.000,543.000,156.000,32.200
2019-08-27 15:00:00,1.910,376.000,409.200,153.000,31.100
2019-08-27 16:00:00,5.520,218.000,268.300,106.000,28.000
2019-08-27 17:00:00,6.550,101.000,132.800,65.000,25.500
2019-08-27 18:00:00,5.700,40.000,86.700,30.000,24.300
2019-08-27 19:00:00,4.620,1.000,0.000,1.000,22.800
2019-08-27 20:00:00,4.550,0.000,0.000,0.000,22.600
2019-08-27 21:00:00,4.690,0.000,0.000,0.000,21.900
2019-08-27 22:00:00,4.830,0.000,0.000,0.000,21.400
2019-08-27 23:00:00,5.940,0.000,0.000,0.000,20.900
2019-08-28 00:00:00,5.600,0.000,0.000,0.000,20.100
2019-08-28 01:00:00,5.350,0.000,0.000,0.000,19.700
2019-08-28 02:00:00,5.790,0.000,0.000,0.000,19.300
2019-08-28 03:00:00,6.070,0.000,0.000,0.000,19.200
2019-08-28 04:00:00,5.970,0.000,0.000,0.000,19.000
2019-08-28 05:00:00,5.570,9.000,54.500,6.000,19.100
2019-08-28 06:00:00,4.900,88.000,317.300,38.000,20.800
2019-08-28 07:00:00,3.950,203.000,321.200,103.000,23.200
2019-08-28 08:00:00,3.520,305.000,350.900,146.000,25.900
2019-08-28 09:00:00,3.810,415.000,444.900,160.000,28.100
2019-08-28 10:00:00,5.610,486.000,428.100,202.000,29.700
2019-08-28 11:00:00,4.950,502.000,355.400,247.000,31.200
2019-08-28 12:00:00,2.880,619.000,582.100,193.000,32.600
2019-08-28 13:00:00,2.580,572.000,534.500,195.000,32.700
2019-08-28 14:00:00,2.510,457.000,421.900,187.000,31.900
2019-08-28 15:00:00,3.280,431.000,553.600,132.000,31.300
2019-08-28 16:00:00,3.740,322.000,538.300,100.000,30.200
2019-08-28 17:00:00,3.140,153.000,256.000,85.000,27.600
2019-08-28 18:00:00,3.520,43.000,109.200,31.000,25.500
2019-08-28 19:00:00,4.100,1.000,0.000,1.000,23.800
2019-08-28 20:00:00,4.720,0.000,0.000,0.000,22.700
2019-08-28 21:00:00,4.740,0.000,0.000,0.000,22.200
2019-08-28 22:00:00,2.720,0.000,0.000,0.000,20.800
2019-08-28 23:00:00,3.200,0.000,0.000,0.000,20.100
2019-08-29 00:00:00,3.000,0.000,0.000,0.000,19.400
2019-08-29 01:00:00,3.470,0.000,0.000,0.000,18.900
2019-08-29 02:00:00,3.380,0.000,0.000,0.000,18.300
2019-08-29 03:00:00,4.070,0.000,0.000,0.000,17.900
2019-08-29 04:00:00,4.460,0.000,0.000,0.000,17.700
2019-08-29 05:00:00,4.810,6.000,18.900,5.000,18.300
2019-08-29 06:00:00,4.100,67.000,123.700,48.000,19.300
2019-08-29 07:00:00,3.810,164.000,256.900,85.000,19.900
2019-08-29 08:00:00,5.010,289.000,367.200,124.000,20.700
2019-08-29 09:00:00,5.100,378.000,381.100,161.000,21.800
2019-08-29 10:00:00,4.220,461.000,432.200,176.000,23.100
2019-08-29 11:00:00,4.940,517.000,428.900,211.000,23.700
2019-08-29 12:00:00,4.880,608.000,632.200,148.000,24.800
2019-08-29 13:00:00,4.980,623.000,700.500,132.000,25.800
2019-08-29 14:00:00,5.020,443.000,489.500,132.000,26.300
2019-08-29 15:00:00,5.500,428.000,570.000,123.000,26.500
2019-08-29 16:00:00,5.410,280.000,429.800,105.000,26.400
2019-08-29 17:00:00,4.400,154.000,365.000,59.000,25.800
2019-08-29 18:00:00,3.720,49.000,206.100,27.000,24.500
2019-08-29 19:00:00,3.180,1.000,0.000,1.000,22.600
2019-08-29 20:00:00,2.880,0.000,0.000,0.000,21.300
2019-08-29 21:00:00,2.940,0.000,0.000,0.000,20.000
2019-08-29 22:00:00,2.840,0.000,0.000,0.000,18.600
2019-08-29 23:00:00,2.900,0.000,0.000,0.000,17.900
2019-08-30 00:00:00,2.220,0.000,0.000,0.000,17.800
2019-08-30 01:00:00,1.530,0.000,0.000,0.000,17.500
2019-08-30 02:00:00,0.990,0.000,0.000,0.000,16.900
2019-08-30 03:00:00,1.200,0.000,0.000,0.000,16.100
2019-08-30 04:00:00,1.840,0.000,0.000,0.000,15.800
2019-08-30 05:00:00,1.800,5.000,19.100,4.000,16.300
2019-08-30 06:00:00,1.170,65.000,167.200,40.000,17.300
2019-08-30 07:00:00,0.920,150.000,184.500,94.000,19.500
2019-08-30 08:00:00,0.780,132.000,58.400,106.000,21.000
2019-08-30 09:00:00,0.500,196.000,95.500,142.000,22.500
2019-08-30 10:00:00,0.810,236.000,105.300,167.000,22.400
2019-08-30 11:00:00,0.540,404.000,315.800,180.000,23.800
2019-08-30 12:00:00,1.210,443.000,367.800,177.000,24.900
2019-08-30 13:00:00,1.210,398.000,254.200,221.000,25.600
2019-08-30 14:00:00,0.720,311.000,174.500,201.000,26.100
2019-08-30 15:00:00,0.820,278.000,218.800,162.000,26.400
2019-08-30 16:00:00,1.210,210.000,231.400,117.000,26.400
2019-08-30 17:00:00,0.940,141.000,274.800,71.000,26.000
2019-08-30 18:00:00,1.550,51.000,240.400,26.000,24.800
2019-08-30 19:00:00,2.300,0.000,0.000,0.000,22.400
2019-08-30 20:00:00,2.880,0.000,0.000,0.000,20.600
2019-08-30 21:00:00,3.410,0.000,0.000,0.000,19.300
2019-08-30 22:00:00,4.040,0.000,0.000,0.000,17.700
2019-08-30 23:00:00,4.160,0.000,0.000,0.000,17.100
2019-08-31 00:00:00,4.240,0.000,0.000,0.000,16.400
2019-08-31 01:00:00,3.800,0.000,0.000,0.000,15.500
2019-08-31 02:00:00,3.450,0.000,0.000,0.000,14.900
2019-08-31 03:00:00,3.180,0.000,0.000,0.000,14.200
2019-08-31 04:00:00,3.420,0.000,0.000,0.000,14.000
2019-08-31 05:00:00,3.490,6.000,38.200,4.000,14.300
2019-08-31 06:00:00,3.360,89.000,343.700,39.000,16.400
2019-08-31 07:00:00,2.690,218.000,497.300,69.000,20.000
2019-08-31 08:00:00,2.880,373.000,652.300,85.000,23.400
2019-08-31 09:00:00,3.290,506.000,726.500,98.000,26.300
2019-08-31 10:00:00,3.100,607.000,767.400,107.000,28.600
2019-08-31 11:00:00,4.500,665.000,779.900,115.000,30.400
2019-08-31 12:00:00,5.460,573.000,596.700,144.000,31.300
2019-08-31 13:00:00,5.450,494.000,531.900,126.000,31.700
2019-08-31 14:00:00,5.140,441.000,485.900,137.000,32.000
2019-08-31 15:00:00,4.700,380.000,542.900,95.000,32.000
2019-08-31 16:00:00,4.420,251.000,441.300,76.000,31.900
2019-08-31 17:00:00,3.670,151.000,385.300,55.000,31.500
2019-08-31 18:00:00,3.480,41.000,197.700,21.000,29.000
2019-08-31 19:00:00,3.980,0.000,0.000,0.000,25.900
2019-08-31 20:00:00,5.350,0.000,0.000,0.000,24.600
2019-08-31 21:00:00,6.320,0.000,0.000,0.000,24.100
2019-08-31 22:00:00,7.900,0.000,0.000,0.000,23.400
2019-08-31 23:00:00,7.570,0.000,0.000,0.000,22.900
2019-09-01 00:00:00,7.420,0.000,0.000,0.000,22.300
2019-09-01 01:00:00,7.430,0.000,0.000,0.000,22.200
2019-09-01 02:00:00,7.520,0.000,0.000,0.000,21.600
2019-09-01 03:00:00,7.420,0.000,0.000,0.000,21.100
2019-09-01 04:00:00,8.000,0.000,0.000,0.000,20.000
2019-09-01 05:00:00,7.220,3.000,0.000,3.000,19.400
2019-09-01 06:00:00,6.510,54.000,42.400,48.000,19.500
2019-09-01 07:00:00,6.820,158.000,284.100,74.000,20.100
2019-09-01 08:00:00,6.110,278.000,342.800,128.000,20.600
2019-09-01 09:00:00,5.660,305.000,249.300,166.000,20.900
2019-09-01 10:00:00,5.770,448.000,395.400,192.000,21.200
2019-09-01 11:00:00,6.530,471.000,321.000,246.000,21.200
2019-09-01 12:00:00,6.670,366.000,202.900,221.000,20.700
2019-09-01 13:00:00,6.760,340.000,186.300,212.000,20.400
2019-09-01 14:00:00,6.490,250.000,78.900,201.000,19.900
2019-09-01 15:00:00,6.070,190.000,69.300,154.000,19.200
2019-09-01 16:00:00,5.910,136.000,30.700,124.000,18.600
2019-09-01 17:00:00,6.090,81.000,28.700,74.000,18.400
2019-09-01 18:00:00,5.440,26.000,40.700,22.000,17.700
2019-09-01 19:00:00,5.060,0.000,0.000,0.000,16.000
2019-09-01 20:00:00,4.660,0.000,0.000,0.000,14.800
2019-09-01 21:00:00,4.290,0.000,0.000,0.000,14.300
2019-09-01 22:00:00,4.250,0.000,0.000,0.000,13.200
2019-09-01 23:00:00,3.720,0.000,0.000,0.000,12.300
2019-09-02 00:00:00,5.300,0.000,0.000,0.000,11.900
2019-09-02 01:00:00,5.800,0.000,0.000,0.000,11.500
2019-09-02 02:00:00,5.610,0.000,0.000,0.000,11.100
2019-09-02 03:00:00,6.110,0.000,0.000,0.000,10.600
2019-09-02 04:00:00,6.000,0.000,0.000,0.000,10.400
2019-09-02 05:00:00,5.530,5.000,19.100,4.000,10.200
2019-09-02 06:00:00,5.140,84.000,327.800,39.000,11.700
2019-09-02 07:00:00,5.260,219.000,521.200,67.000,13.800
2019-09-02 08:00:00,5.700,377.000,664.200,89.000,15.700
2019-09-02 09:00:00,6.030,441.000,552.800,135.000,17.300
2019-09-02 10:00:00,5.660,520.000,589.100,141.000,17.900
2019-09-02 11:00:00,5.840,588.000,671.800,120.000,18.700
2019-09-02 12:00:00,6.300,496.000,414.100,202.000,19.300
2019-09-02 13:00:00,6.160,492.000,470.400,171.000,20.100
2019-09-02 14:00:00,5.990,368.000,308.600,178.000,20.200
2019-09-02 15:00:00,6.060,195.000,130.200,128.000,20.200
2019-09-02 16:00:00,6.070,151.000,142.600,96.000,19.800
2019-09-02 17:00:00,5.490,102.000,168.200,62.000,19.200
2019-09-02 18:00:00,4.380,36.000,146.600,22.000,17.500
2019-09-02 19:00:00,3.250,0.000,0.000,0.000,14.900
2019-09-02 20:00:00,2.520,0.000,0.000,0.000,13.200
2019-09-02 21:00:00,2.000,0.000,0.000,0.000,12.200
2019-09-02 22:00:00,3.260,0.000,0.000,0.000,11.100
2019-09-02 23:00:00,4.870,0.000,0.000,0.000,11.100
2019-09-03 00:00:00,6.000,0.000,0.000,0.000,11.400
2019-09-03 01:00:00,6.660,0.000,0.000,0.000,11.900
2019-09-03 02:00:00,6.800,0.000,0.000,0.000,12.100
2019-09-03 03:00:00,7.160,0.000,0.000,0.000,12.700
2019-09-03 04:00:00,7.110,0.000,0.000,0.000,12.800
2019-09-03 05:00:00,7.000,3.000,0.000,3.000,13.200
2019-09-03 06:00:00,7.080,35.000,105.200,21.000,14.000
2019-09-03 07:00:00,7.230,53.000,7.000,51.000,14.700
2019-09-03 08:00:00,6.980,112.000,53.500,89.000,15.900
2019-09-03 09:00:00,7.510,268.000,222.000,146.000,16.900
2019-09-03 10:00:00,6.620,279.000,203.400,149.000,17.900
2019-09-03 11:00:00,7.090,285.000,186.300,156.000,18.500
2019-09-03 12:00:00,8.450,297.000,130.400,205.000,19.000
2019-09-03 13:00:00,8.190,314.000,206.600,174.000,19.700
2019-09-03 14:00:00,7.840,159.000,4.900,156.000,19.600
2019-09-03 15:00:00,7.420,187.000,82.500,145.000,19.600
2019-09-03 16:00:00,7.400,105.000,44.700,88.000,19.300
2019-09-03 17:00:00,6.820,43.000,25.900,37.000,18.700
2019-09-03 18:00:00,6.170,13.000,32.400,10.000,18.300
2019-09-03 19:00:00,5.790,0.000,0.000,0.000,17.900
2019-09-03 20:00:00,5.520,0.000,0.000,0.000,17.400
2019-09-03 21:00:00,5.320,0.000,0.000,0.000,17.000
2019-09-03 22:00:00,5.030,0.000,0.000,0.000,16.000
2019-09-03 23:00:00,4.240,0.000,0.000,0.000,15.300
2019-09-04 00:00:00,4.130,0.000,0.000,0.000,14.900
2019-09-04 01:00:00,4.740,0.000,0.000,0.000,14.700
2019-09-04 02:00:00,5.050,0.000,0.000,0.000,14.400
2019-09-04 03:00:00,5.190,0.000,0.000,0.000,14.500
2019-09-04 04:00:00,5.570,0.000,0.000,0.000,14.500
2019-09-04 05:00:00,5.770,2.000,0.000,2.000,14.800
2019-09-04 06:00:00,5.770,39.000,62.000,31.000,15.200
2019-09-04 07:00:00,4.900,120.000,169.300,72.000,16.200
2019-09-04 08:00:00,5.020,268.000,352.500,118.000,17.200
2019-09-04 09:00:00,6.460,328.000,372.200,125.000,18.800
2019-09-04 10:00:00,6.870,372.000,362.300,142.000,19.400
2019-09-04 11:00:00,6.800,423.000,244.200,255.000,20.500
2019-09-04 12:00:00,7.440,382.000,161.200,269.000,21.500
2019-09-04 13:00:00,7.380,377.000,163.500,267.000,22.700
2019-09-04 14:00:00,7.340,276.000,120.600,203.000,23.500
2019-09-04 15:00:00,7.460,115.000,6.000,112.000,23.300
2019-09-04 16:00:00,7.040,63.000,2.700,62.000,22.700
2019-09-04 17:00:00,7.330,36.000,4.400,35.000,21.700
2019-09-04 18:00:00,7.600,7.000,22.300,5.000,19.900
2019-09-04 19:00:00,6.310,0.000,0.000,0.000,18.200
2019-09-04 20:00:00,5.910,0.000,0.000,0.000,17.200
2019-09-04 21:00:00,6.610,0.000,0.000,0.000,16.900
2019-09-04 22:00:00,6.860,0.000,0.000,0.000,15.900
2019-09-04 23:00:00,7.220,0.000,0.000,0.000,15.500
2019-09-05 00:00:00,6.750,0.000,0.000,0.000,14.500
2019-09-05 01:00:00,6.140,0.000,0.000,0.000,13.800
2019-09-05 02:00:00,5.950,0.000,0.000,0.000,12.900
2019-09-05 03:00:00,6.590,0.000,0.000,0.000,12.400
2019-09-05 04:00:00,7.290,0.000,0.000,0.000,11.900
2019-09-05 05:00:00,7.990,2.000,0.000,2.000,11.700
2019-09-05 06:00:00,8.410,68.000,272.500,34.000,13.200
2019-09-05 07:00:00,9.050,185.000,418.800,68.000,14.800
2019-09-05 08:00:00,11.280,327.000,529.100,104.000,15.800
2019-09-05 09:00:00,10.820,385.000,480.400,125.000,16.200
2019-09-05 10:00:00,9.210,445.000,502.700,128.000,16.800
2019-09-05 11:00:00,9.900,479.000,482.800,149.000,17.500
2019-09-05 12:00:00,10.030,475.000,462.500,153.000,18.200
2019-09-05 13:00:00,9.600,464.000,501.700,129.000,18.100
2019-09-05 14:00:00,9.520,425.000,493.100,129.000,17.900
2019-09-05 15:00:00,9.690,361.000,543.900,90.000,17.400
2019-09-05 16:00:00,9.420,220.000,347.300,92.000,16.300
2019-09-05 17:00:00,9.080,85.000,190.800,43.000,15.500
2019-09-05 18:00:00,8.270,25.000,126.900,14.000,14.500
2019-09-05 19:00:00,7.080,0.000,0.000,0.000,13.400
2019-09-05 20:00:00,6.360,0.000,0.000,0.000,12.500
2019-09-05 21:00:00,6.040,0.000,0.000,0.000,11.800
2019-09-05 22:00:00,5.890,0.000,0.000,0.000,11.000
2019-09-05 23:00:00,5.910,0.000,0.000,0.000,10.400
2019-09-06 00:00:00,6.430,0.000,0.000,0.000,9.700
2019-09-06 01:00:00,6.560,0.000,0.000,0.000,9.400
2019-09-06 02:00:00,6.420,0.000,0.000,0.000,8.800
2019-09-06 03:00:00,6.180,0.000,0.000,0.000,8.400
2019-09-06 04:00:00,5.920,0.000,0.000,0.000,7.800
2019-09-06 05:00:00,5.850,2.000,0.000,2.000,7.500
2019-09-06 06:00:00,5.660,73.000,323.600,34.000,8.800
2019-09-06 07:00:00,5.590,209.000,508.700,69.000,11.400
2019-09-06 08:00:00,5.940,353.000,630.200,90.000,13.700
2019-09-06 09:00:00,6.020,470.000,666.600,112.000,15.400
2019-09-06 10:00:00,5.350,596.000,784.000,105.000,16.600
2019-09-06 11:00:00,5.500,611.000,720.200,122.000,17.700
2019-09-06 12:00:00,5.260,562.000,600.200,147.000,18.400
2019-09-06 13:00:00,5.250,438.000,428.500,154.000,19.200
2019-09-06 14:00:00,5.530,269.000,186.500,158.000,19.300
2019-09-06 15:00:00,5.170,242.000,168.500,159.000,19.700
2019-09-06 16:00:00,4.680,227.000,303.200,117.000,19.600
2019-09-06 17:00:00,4.470,108.000,154.000,75.000,18.800
2019-09-06 18:00:00,4.430,22.000,59.700,17.000,16.400
2019-09-06 19:00:00,4.700,0.000,0.000,0.000,15.300
2019-09-06 20:00:00,5.190,0.000,0.000,0.000,14.700
2019-09-06 21:00:00,5.640,0.000,0.000,0.000,14.600
2019-09-06 22:00:00,5.830,0.000,0.000,0.000,13.800
2019-09-06 23:00:00,5.640,0.000,0.000,0.000,13.500
2019-09-07 00:00:00,5.590,0.000,0.000,0.000,13.500
2019-09-07 01:00:00,5.870,0.000,0.000,0.000,13.600
2019-09-07 02:00:00,5.740,0.000,0.000,0.000,13.400
2019-09-07 03:00:00,5.390,0.000,0.000,0.000,13.400
2019-09-07 04:00:00,5.330,0.000,0.000,0.000,13.300
2019-09-07 05:00:00,5.060,1.000,0.000,1.000,12.600
2019-09-07 06:00:00,4.470,24.000,25.800,21.000,12.100
2019-09-07 07:00:00,4.310,64.000,7.400,62.000,12.500
2019-09-07 08:00:00,3.910,85.000,0.000,85.000,13.000
2019-09-07 09:00:00,3.610,97.000,0.000,97.000,13.700
2019-09-07 10:00:00,3.060,151.000,0.000,151.000,13.900
2019-09-07 11:00:00,3.260,215.000,28.200,196.000,14.400
2019-09-07 12:00:00,3.690,215.000,14.600,205.000,14.800
2019-09-07 13:00:00,3.820,229.000,44.100,200.000,15.500
2019-09-07 14:00:00,3.260,239.000,57.700,205.000,16.100
2019-09-07 15:00:00,2.480,219.000,88.300,176.000,16.500
2019-09-07 16:00:00,1.980,158.000,120.400,115.000,16.600
2019-09-07 17:00:00,1.800,91.000,67.200,77.000,16.100
2019-09-07 18:00:00,1.500,21.000,61.900,16.000,14.000
2019-09-07 19:00:00,0.890,0.000,0.000,0.000,12.700
2019-09-07 20:00:00,0.670,0.000,0.000,0.000,12.300
2019-09-07 21:00:00,0.910,0.000,0.000,0.000,11.200
2019-09-07 22:00:00,2.240,0.000,0.000,0.000,12.400
2019-09-07 23:00:00,2.180,0.000,0.000,0.000,10.900
2019-09-08 00:00:00,2.620,0.000,0.000,0.000,10.000
2019-09-08 01:00:00,2.410,0.000,0.000,0.000,9.500
2019-09-08 02:00:00,2.750,0.000,0.000,0.000,9.000
2019-09-08 03:00:00,2.830,0.000,0.000,0.000,8.500
2019-09-08 04:00:00,2.530,0.000,0.000,0.000,8.100
2019-09-08 05:00:00,2.100,1.000,0.000,1.000,7.400
2019-09-08 06:00:00,2.120,61.000,249.900,33.000,8.500
2019-09-08 07:00:00,1.650,182.000,400.900,75.000,10.800
2019-09-08 08:00:00,0.760,308.000,469.500,116.000,13.400
2019-09-08 09:00:00,0.320,403.000,510.800,133.000,15.200
2019-09-08 10:00:00,1.100,544.000,678.500,125.000,16.600
2019-09-08 11:00:00,0.850,556.000,610.600,147.000,17.500
2019-09-08 12:00:00,1.000,595.000,665.900,141.000,18.200
2019-09-08 13:00:00,1.300,432.000,481.100,118.000,18.300
2019-09-08 14:00:00,1.080,338.000,381.600,115.000,18.500
2019-09-08 15:00:00,1.400,298.000,328.100,140.000,18.400
2019-09-08 16:00:00,2.660,152.000,133.800,105.000,18.100
2019-09-08 17:00:00,2.010,80.000,69.200,66.000,17.500
2019-09-08 18:00:00,1.820,15.000,12.900,14.000,16.100
2019-09-08 19:00:00,3.000,0.000,0.000,0.000,14.400
2019-09-08 20:00:00,3.680,0.000,0.000,0.000,13.800
2019-09-08 21:00:00,3.730,0.000,0.000,0.000,13.300
2019-09-08 22:00:00,2.300,0.000,0.000,0.000,12.400
2019-09-08 23:00:00,1.530,0.000,0.000,0.000,12.000
2019-09-09 00:00:00,1.350,0.000,0.000,0.000,11.500
2019-09-09 01:00:00,0.920,0.000,0.000,0.000,11.100
2019-09-09 02:00:00,1.390,0.000,0.000,0.000,11.500
2019-09-09 03:00:00,2.820,0.000,0.000,0.000,11.500
2019-09-09 04:00:00,4.120,0.000,0.000,0.000,10.900
2019-09-09 05:00:00,4.220,1.000,0.000,1.000,10.600
2019-09-09 06:00:00,4.300,31.000,9.200,30.000,11.200
2019-09-09 07:00:00,3.720,163.000,285.500,88.000,12.100
2019-09-09 08:00:00,3.020,243.000,244.600,144.000,13.000
2019-09-09 09:00:00,3.500,238.000,89.700,191.000,13.900
2019-09-09 10:00:00,3.890,275.000,63.600,236.000,15.200
2019-09-09 11:00:00,3.610,458.000,317.200,247.000,16.700
2019-09-09 12:00:00,4.380,556.000,521.500,203.000,17.700
2019-09-09 13:00:00,5.880,440.000,299.600,246.000,17.900
2019-09-09 14:00:00,5.540,304.000,171.000,205.000,17.100
2019-09-09 15:00:00,5.080,178.000,111.400,125.000,16.300
2019-09-09 16:00:00,4.560,120.000,89.800,89.000,16.200
2019-09-09 17:00:00,4.240,51.000,51.000,41.000,15.700
2019-09-09 18:00:00,4.520,11.000,13.400,10.000,14.800
2019-09-09 19:00:00,4.550,0.000,0.000,0.000,14.100
2019-09-09 20:00:00,4.610,0.000,0.000,0.000,13.600
2019-09-09 21:00:00,4.830,0.000,0.000,0.000,13.000
2019-09-09 22:00:00,6.180,0.000,0.000,0.000,11.800
2019-09-09 23:00:00,6.330,0.000,0.000,0.000,11.200
2019-09-10 00:00:00,6.280,0.000,0.000,0.000,10.700
2019-09-10 01:00:00,6.860,0.000,0.000,0.000,10.200
2019-09-10 02:00:00,7.270,0.000,0.000,0.000,9.800
2019-09-10 03:00:00,7.140,0.000,0.000,0.000,9.500
2019-09-10 04:00:00,7.020,0.000,0.000,0.000,9.100
2019-09-10 05:00:00,7.000,1.000,0.000,1.000,8.900
2019-09-10 06:00:00,6.610,59.000,289.300,28.000,9.500
2019-09-10 07:00:00,5.890,192.000,495.300,64.000,11.800
2019-09-10 08:00:00,6.200,332.000,584.300,98.000,13.900
2019-09-10 09:00:00,7.300,480.000,734.800,98.000,15.800
2019-09-10 10:00:00,7.500,487.000,609.600,116.000,16.900
2019-09-10 11:00:00,8.210,575.000,629.900,159.000,17.800
2019-09-10 12:00:00,7.650,537.000,565.500,157.000,18.500
2019-09-10 13:00:00,7.360,454.000,435.900,174.000,18.900
2019-09-10 14:00:00,7.130,240.000,48.800,212.000,18.700
2019-09-10 15:00:00,6.740,160.000,44.700,139.000,18.600
2019-09-10 16:00:00,6.180,127.000,94.300,95.000,18.600
2019-09-10 17:00:00,5.220,100.000,194.600,63.000,18.000
2019-09-10 18:00:00,4.960,18.000,97.700,11.000,15.100
2019-09-10 19:00:00,4.900,0.000,0.000,0.000,13.200
2019-09-10 20:00:00,4.710,0.000,0.000,0.000,12.100
2019-09-10 21:00:00,4.610,0.000,0.000,0.000,11.200
2019-09-10 22:00:00,5.100,0.000,0.000,0.000,10.000
2019-09-10 23:00:00,4.780,0.000,0.000,0.000,9.400
2019-09-11 00:00:00,4.480,0.000,0.000,0.000,8.700
2019-09-11 01:00:00,4.300,0.000,0.000,0.000,8.200
2019-09-11 02:00:00,4.880,0.000,0.000,0.000,7.900
2019-09-11 03:00:00,5.330,0.000,0.000,0.000,7.900
2019-09-11 04:00:00,5.550,0.000,0.000,0.000,8.000
2019-09-11 05:00:00,5.970,0.000,0.000,0.000,8.000
2019-09-11 06:00:00,6.220,56.000,266.500,28.000,9.400
2019-09-11 07:00:00,5.950,176.000,428.900,67.000,12.200
2019-09-11 08:00:00,5.370,297.000,459.400,115.000,15.400
2019-09-11 09:00:00,6.230,464.000,696.400,105.000,17.800
2019-09-11 10:00:00,6.300,566.000,753.200,111.000,19.900
2019-09-11 11:00:00,8.160,610.000,719.800,138.000,20.900
2019-09-11 12:00:00,8.630,602.000,650.700,168.000,21.600
2019-09-11 13:00:00,8.620,310.000,97.300,248.000,21.500
2019-09-11 14:00:00,8.800,256.000,65.100,219.000,21.400
2019-09-11 15:00:00,9.300,242.000,81.800,204.000,21.300
2019-09-11 16:00:00,7.630,170.000,152.900,119.000,20.500
2019-09-11 17:00:00,7.630,52.000,70.700,39.000,18.600
2019-09-11 18:00:00,8.770,4.000,0.000,4.000,16.300
2019-09-11 19:00:00,8.660,0.000,0.000,0.000,14.800
2019-09-11 20:00:00,8.500,0.000,0.000,0.000,14.300
2019-09-11 21:00:00,8.350,0.000,0.000,0.000,14.200
2019-09-11 22:00:00,8.180,0.000,0.000,0.000,14.600
2019-09-11 23:00:00,8.080,0.000,0.000,0.000,14.500
2019-09-12 00:00:00,7.800,0.000,0.000,0.000,14.600
2019-09-12 01:00:00,7.310,0.000,0.000,0.000,14.800
2019-09-12 02:00:00,6.910,0.000,0.000,0.000,15.100
2019-09-12 03:00:00,6.690,0.000,0.000,0.000,15.200
2019-09-12 04:00:00,6.470,0.000,0.000,0.000,15.100
2019-09-12 05:00:00,6.270,0.000,0.000,0.000,15.000
2019-09-12 06:00:00,5.990,16.000,9.700,15.000,15.400
2019-09-12 07:00:00,5.420,93.000,108.000,66.000,16.300
2019-09-12 08:00:00,5.770,190.000,257.700,89.000,17.300
2019-09-12 09:00:00,6.440,281.000,266.100,145.000,17.800
2019-09-12 10:00:00,5.120,366.000,308.600,181.000,19.500
2019-09-12 11:00:00,6.350,359.000,287.300,172.000,20.200
2019-09-12 12:00:00,7.450,398.000,371.600,152.000,21.300
2019-09-12 13:00:00,7.430,356.000,265.900,188.000,22.000
2019-09-12 14:00:00,7.500,276.000,229.300,147.000,22.200
2019-09-12 15:00:00,6.490,238.000,281.200,109.000,22.300
2019-09-12 16:00:00,5.850,192.000,332.800,83.000,22.300
2019-09-12 17:00:00,5.460,82.000,208.000,45.000,21.600
2019-09-12 18:00:00,5.770,11.000,45.800,8.000,20.100
2019-09-12 19:00:00,6.200,0.000,0.000,0.000,18.900
2019-09-12 20:00:00,6.630,0.000,0.000,0.000,18.200
2019-09-12 21:00:00,6.950,0.000,0.000,0.000,18.000
2019-09-12 22:00:00,7.320,0.000,0.000,0.000,17.400
2019-09-12 23:00:00,6.800,0.000,0.000,0.000,17.200
2019-09-13 00:00:00,6.960,0.000,0.000,0.000,17.400
2019-09-13 01:00:00,7.260,0.000,0.000,0.000,17.500
2019-09-13 02:00:00,7.610,0.000,0.000,0.000,17.600
2019-09-13 03:00:00,8.140,0.000,0.000,0.000,17.900
2019-09-13 04:00:00,8.210,0.000,0.000,0.000,18.000
2019-09-13 05:00:00,8.190,0.000,0.000,0.000,18.000
2019-09-13 06:00:00,8.290,15.000,0.000,15.000,18.000
2019-09-13 07:00:00,8.440,20.000,4.100,19.000,18.000
2019-09-13 08:00:00,8.200,36.000,0.000,36.000,18.100
2019-09-13 09:00:00,8.170,69.000,2.000,68.000,18.200
2019-09-13 10:00:00,6.140,150.000,10.100,144.000,18.600
2019-09-13 11:00:00,6.100,324.000,230.600,175.000,19.300
2019-09-13 12:00:00,6.280,436.000,447.500,142.000,20.200
2019-09-13 13:00:00,6.280,375.000,410.200,118.000,20.200
2019-09-13 14:00:00,6.110,279.000,254.900,137.000,19.800
2019-09-13 15:00:00,6.110,204.000,156.700,133.000,19.200
2019-09-13 16:00:00,5.980,171.000,205.200,105.000,18.600
2019-09-13 17:00:00,5.740,92.000,180.400,61.000,17.600
2019-09-13 18:00:00,5.920,11.000,48.000,8.000,16.100
2019-09-13 19:00:00,5.770,0.000,0.000,0.000,14.200
2019-09-13 20:00:00,5.590,0.000,0.000,0.000,12.800
2019-09-13 21:00:00,5.110,0.000,0.000,0.000,11.700
2019-09-13 22:00:00,4.220,0.000,0.000,0.000,10.000
2019-09-13 23:00:00,3.830,0.000,0.000,0.000,9.000
2019-09-14 00:00:00,3.590,0.000,0.000,0.000,8.300
2019-09-14 01:00:00,2.620,0.000,0.000,0.000,8.000
2019-09-14 02:00:00,2.060,0.000,0.000,0.000,8.500
2019-09-14 03:00:00,2.510,0.000,0.000,0.000,7.000
2019-09-14 04:00:00,1.570,0.000,0.000,0.000,6.600
2019-09-14 05:00:00,0.720,0.000,0.000,0.000,6.900
2019-09-14 06:00:00,0.400,44.000,202.700,24.000,6.700
2019-09-14 07:00:00,0.410,129.000,248.700,69.000,10.200
2019-09-14 08:00:00,0.280,274.000,446.300,103.000,13.400
2019-09-14 09:00:00,0.780,419.000,607.300,114.000,15.300
2019-09-14 10:00:00,1.170,477.000,560.700,146.000,16.400
2019-09-14 11:00:00,0.920,512.000,505.200,188.000,17.100
2019-09-14 12:00:00,0.580,553.000,601.300,161.000,17.900
2019-09-14 13:00:00,0.500,577.000,726.000,126.000,18.800
2019-09-14 14:00:00,0.400,500.000,694.600,117.000,19.200
2019-09-14 15:00:00,0.280,390.000,668.600,91.000,19.200
2019-09-14 16:00:00,0.450,249.000,548.100,76.000,18.900
2019-09-14 17:00:00,0.610,109.000,386.200,45.000,18.400
2019-09-14 18:00:00,1.520,11.000,67.300,7.000,16.000
2019-09-14 19:00:00,2.690,0.000,0.000,0.000,13.200
2019-09-14 20:00:00,3.240,0.000,0.000,0.000,11.800
2019-09-14 21:00:00,4.020,0.000,0.000,0.000,10.300
2019-09-14 22:00:00,4.730,0.000,0.000,0.000,9.600
2019-09-14 23:00:00,5.800,0.000,0.000,0.000,9.300
2019-09-15 00:00:00,5.760,0.000,0.000,0.000,8.700
2019-09-15 01:00:00,6.110,0.000,0.000,0.000,8.700
2019-09-15 02:00:00,6.990,0.000,0.000,0.000,8.800
2019-09-15 03:00:00,7.280,0.000,0.000,0.000,8.800
2019-09-15 04:00:00,7.320,0.000,0.000,0.000,9.000
2019-09-15 05:00:00,7.600,0.000,0.000,0.000,9.100
2019-09-15 06:00:00,7.800,45.000,227.900,23.000,10.100
2019-09-15 07:00:00,7.920,169.000,426.200,68.000,12.900
2019-09-15 08:00:00,7.110,312.000,572.900,95.000,15.800
2019-09-15 09:00:00,7.630,442.000,657.000,115.000,17.900
2019-09-15 10:00:00,7.670,535.000,659.100,149.000,19.800
2019-09-15 11:00:00,7.840,595.000,697.600,151.000,21.200
2019-09-15 12:00:00,7.960,615.000,745.200,133.000,22.500
2019-09-15 13:00:00,8.160,550.000,675.400,134.000,23.100
2019-09-15 14:00:00,8.210,458.000,597.200,132.000,23.400
2019-09-15 15:00:00,8.410,259.000,385.100,89.000,22.900
2019-09-15 16:00:00,7.860,125.000,193.700,65.000,22.100
2019-09-15 17:00:00,7.560,39.000,50.100,31.000,20.300
2019-09-15 18:00:00,7.610,2.000,0.000,2.000,18.200
2019-09-15 19:00:00,7.010,0.000,0.000,0.000,16.600
2019-09-15 20:00:00,6.130,0.000,0.000,0.000,15.700
2019-09-15 21:00:00,5.770,0.000,0.000,0.000,15.400
2019-09-15 22:00:00,5.190,0.000,0.000,0.000,14.500
2019-09-15 23:00:00,5.160,0.000,0.000,0.000,14.100
2019-09-16 00:00:00,4.700,0.000,0.000,0.000,13.600
2019-09-16 01:00:00,4.050,0.000,0.000,0.000,13.200
2019-09-16 02:00:00,3.960,0.000,0.000,0.000,12.800
2019-09-16 03:00:00,3.920,0.000,0.000,0.000,12.500
2019-09-16 04:00:00,4.120,0.000,0.000,0.000,12.300
2019-09-16 05:00:00,3.910,0.000,0.000,0.000,12.200
2019-09-16 06:00:00,3.860,11.000,0.000,11.000,12.000
2019-09-16 07:00:00,4.100,40.000,21.500,35.000,12.200
2019-09-16 08:00:00,4.220,66.000,45.400,49.000,12.700
2019-09-16 09:00:00,4.470,74.000,50.700,49.000,13.200
2019-09-16 10:00:00,3.400,85.000,12.000,78.000,12.900
2019-09-16 11:00:00,3.440,118.000,28.500,100.000,13.200
2019-09-16 12:00:00,3.620,107.000,21.800,93.000,13.400
2019-09-16 13:00:00,4.200,98.000,6.600,94.000,13.800
2019-09-16 14:00:00,4.330,86.000,22.200,74.000,14.000
2019-09-16 15:00:00,4.520,75.000,6.900,72.000,14.400
2019-09-16 16:00:00,4.240,49.000,13.200,45.000,14.500
2019-09-16 17:00:00,4.160,33.000,58.600,24.000,14.200
2019-09-16 18:00:00,4.600,3.000,0.000,3.000,13.500
2019-09-16 19:00:00,4.900,0.000,0.000,0.000,12.800
2019-09-16 20:00:00,5.300,0.000,0.000,0.000,12.300
2019-09-16 21:00:00,5.600,0.000,0.000,0.000,11.900
2019-09-16 22:00:00,5.790,0.000,0.000,0.000,10.900
2019-09-16 23:00:00,6.100,0.000,0.000,0.000,10.600
2019-09-17 00:00:00,6.700,0.000,0.000,0.000,10.400
2019-09-17 01:00:00,6.600,0.000,0.000,0.000,10.300
2019-09-17 02:00:00,6.900,0.000,0.000,0.000,9.900
2019-09-17 03:00:00,7.200,0.000,0.000,0.000,9.600
2019-09-17 04:00:00,7.520,0.000,0.000,0.000,9.700
2019-09-17 05:00:00,7.830,0.000,0.000,0.000,9.700
2019-09-17 06:00:00,8.040,25.000,108.500,15.000,10.400
2019-09-17 07:00:00,7.650,89.000,184.000,47.000,11.700
2019-09-17 08:00:00,8.600,234.000,367.600,98.000,12.900
2019-09-17 09:00:00,11.330,262.000,300.800,115.000,14.000
2019-09-17 10:00:00,11.810,315.000,300.200,142.000,13.900
2019-09-17 11:00:00,10.660,340.000,304.800,149.000,14.100
2019-09-17 12:00:00,9.310,379.000,361.300,149.000,14.900
2019-09-17 13:00:00,10.820,394.000,409.800,146.000,15.200
2019-09-17 14:00:00,11.370,395.000,518.100,118.000,14.500
2019-09-17 15:00:00,12.210,300.000,449.100,107.000,14.600
2019-09-17 16:00:00,11.510,188.000,366.100,79.000,13.800
2019-09-17 17:00:00,11.320,83.000,278.200,42.000,12.500
2019-09-17 18:00:00,10.200,5.000,19.100,4.000,11.700
2019-09-17 19:00:00,9.680,0.000,0.000,0.000,11.100
2019-09-17 20:00:00,9.300,0.000,0.000,0.000,10.700
2019-09-17 21:00:00,9.080,0.000,0.000,0.000,10.400
2019-09-17 22:00:00,8.480,0.000,0.000,0.000,10.000
2019-09-17 23:00:00,8.260,0.000,0.000,0.000,9.800
2019-09-18 00:00:00,8.200,0.000,0.000,0.000,9.500
2019-09-18 01:00:00,7.930,0.000,0.000,0.000,9.200
2019-09-18 02:00:00,7.760,0.000,0.000,0.000,9.200
2019-09-18 03:00:00,7.470,0.000,0.000,0.000,9.300
2019-09-18 04:00:00,7.250,0.000,0.000,0.000,9.100
2019-09-18 05:00:00,7.300,0.000,0.000,0.000,9.000
2019-09-18 06:00:00,7.060,31.000,166.600,16.000,9.500
2019-09-18 07:00:00,6.250,133.000,308.200,64.000,10.800
2019-09-18 08:00:00,6.770,261.000,467.800,90.000,12.500
2019-09-18 09:00:00,7.350,277.000,299.500,132.000,13.500
2019-09-18 10:00:00,6.440,384.000,460.200,121.000,14.200
2019-09-18 11:00:00,7.030,476.000,514.700,156.000,14.900
2019-09-18 12:00:00,7.610,386.000,384.900,143.000,15.200
2019-09-18 13:00:00,7.960,402.000,415.200,153.000,15.600
2019-09-18 14:00:00,8.240,337.000,400.800,125.000,15.400
2019-09-18 15:00:00,8.060,260.000,294.900,135.000,15.300
2019-09-18 16:00:00,7.890,182.000,346.300,81.000,14.800
2019-09-18 17:00:00,7.390,79.000,283.300,39.000,13.600
2019-09-18 18:00:00,7.170,5.000,19.100,4.000,12.100
2019-09-18 19:00:00,6.820,0.000,0.000,0.000,11.000
2019-09-18 20:00:00,6.700,0.000,0.000,0.000,10.100
2019-09-18 21:00:00,6.580,0.000,0.000,0.000,9.500
2019-09-18 22:00:00,6.510,0.000,0.000,0.000,8.700
2019-09-18 23:00:00,6.080,0.000,0.000,0.000,8.100
2019-09-19 00:00:00,6.110,0.000,0.000,0.000,7.700
2019-09-19 01:00:00,5.730,0.000,0.000,0.000,7.200
2019-09-19 02:00:00,5.830,0.000,0.000,0.000,7.000
2019-09-19 03:00:00,5.790,0.000,0.000,0.000,6.600
2019-09-19 04:00:00,5.760,0.000,0.000,0.000,6.500
2019-09-19 05:00:00,5.920,0.000,0.000,0.000,6.200
2019-09-19 06:00:00,5.880,27.000,113.900,17.000,6.400
2019-09-19 07:00:00,5.120,103.000,236.900,51.000,8.600
2019-09-19 08:00:00,4.590,189.000,227.100,107.000,11.100
2019-09-19 09:00:00,4.660,357.000,458.900,137.000,12.800
2019-09-19 10:00:00,5.020,439.000,501.200,155.000,14.100
2019-09-19 11:00:00,4.810,373.000,272.400,205.000,14.600
2019-09-19 12:00:00,5.160,380.000,238.000,231.000,15.200
2019-09-19 13:00:00,4.810,256.000,95.900,199.000,15.400
2019-09-19 14:00:00,4.420,241.000,139.500,168.000,15.700
2019-09-19 15:00:00,4.980,235.000,263.200,125.000,15.900
2019-09-19 16:00:00,4.820,129.000,122.600,94.000,15.400
2019-09-19 17:00:00,4.380,62.000,155.600,41.000,14.500
2019-09-19 18:00:00,4.810,4.000,0.000,4.000,12.300
2019-09-19 19:00:00,4.860,0.000,0.000,0.000,10.200
2019-09-19 20:00:00,4.580,0.000,0.000,0.000,8.900
2019-09-19 21:00:00,4.570,0.000,0.000,0.000,7.900
2019-09-19 22:00:00,4.170,0.000,0.000,0.000,7.000
2019-09-19 23:00:00,3.620,0.000,0.000,0.000,5.900
2019-09-20 00:00:00,3.720,0.000,0.000,0.000,5.300
2019-09-20 01:00:00,4.080,0.000,0.000,0.000,5.000
2019-09-20 02:00:00,3.940,0.000,0.000,0.000,4.800
2019-09-20 03:00:00,3.810,0.000,0.000,0.000,4.100
2019-09-20 04:00:00,3.480,0.000,0.000,0.000,4.100
2019-09-20 05:00:00,3.650,0.000,0.000,0.000,4.100
2019-09-20 06:00:00,4.100,26.000,70.100,20.000,5.300
2019-09-20 07:00:00,3.550,124.000,246.500,71.000,7.500
2019-09-20 08:00:00,2.960,228.000,364.700,98.000,10.100
2019-09-20 09:00:00,3.110,323.000,391.800,137.000,12.500
2019-09-20 10:00:00,2.600,416.000,457.500,159.000,14.200
2019-09-20 11:00:00,1.840,493.000,513.400,179.000,15.600
2019-09-20 12:00:00,1.610,492.000,493.000,186.000,16.600
2019-09-20 13:00:00,1.730,468.000,518.200,163.000,17.200
2019-09-20 14:00:00,1.700,342.000,349.900,161.000,17.700
2019-09-20 15:00:00,1.910,252.000,330.200,116.000,17.800
2019-09-20 16:00:00,1.910,139.000,225.600,76.000,17.600
2019-09-20 17:00:00,1.970,55.000,163.200,34.000,16.100
2019-09-20 18:00:00,1.920,2.000,0.000,2.000,13.400
2019-09-20 19:00:00,1.490,0.000,0.000,0.000,11.900
2019-09-20 20:00:00,0.920,0.000,0.000,0.000,11.300
2019-09-20 21:00:00,0.640,0.000,0.000,0.000,10.900
2019-09-20 22:00:00,1.140,0.000,0.000,0.000,9.500
2019-09-20 23:00:00,2.080,0.000,0.000,0.000,8.600
2019-09-21 00:00:00,2.920,0.000,0.000,0.000,7.600
2019-09-21 01:00:00,3.370,0.000,0.000,0.000,7.000
2019-09-21 02:00:00,3.710,0.000,0.000,0.000,6.600
2019-09-21 03:00:00,3.800,0.000,0.000,0.000,6.100
2019-09-21 04:00:00,3.630,0.000,0.000,0.000,5.300
2019-09-21 05:00:00,3.310,0.000,0.000,0.000,5.100
2019-09-21 06:00:00,3.310,30.000,167.900,16.000,6.100
2019-09-21 07:00:00,3.300,149.000,446.500,55.000,9.600
2019-09-21 08:00:00,2.310,291.000,608.100,77.000,13.400
2019-09-21 09:00:00,2.120,422.000,702.000,92.000,16.500
2019-09-21 10:00:00,1.900,522.000,757.800,100.000,18.600
2019-09-21 11:00:00,1.890,580.000,783.300,105.000,20.000
2019-09-21 12:00:00,2.050,590.000,788.200,105.000,21.100
2019-09-21 13:00:00,2.200,553.000,772.000,103.000,22.000
2019-09-21 14:00:00,2.590,471.000,733.200,96.000,22.700
2019-09-21 15:00:00,3.230,352.000,662.900,83.000,22.800
2019-09-21 16:00:00,3.980,212.000,538.300,65.000,22.400
2019-09-21 17:00:00,5.410,75.000,335.100,34.000,21.000
2019-09-21 18:00:00,6.640,2.000,0.000,2.000,17.800
2019-09-21 19:00:00,6.980,0.000,0.000,0.000,16.000
2019-09-21 20:00:00,7.020,0.000,0.000,0.000,14.500
2019-09-21 21:00:00,6.920,0.000,0.000,0.000,13.500
2019-09-21 22:00:00,6.970,0.000,0.000,0.000,12.700
2019-09-21 23:00:00,6.520,0.000,0.000,0.000,11.900
2019-09-22 00:00:00,6.020,0.000,0.000,0.000,10.800
2019-09-22 01:00:00,5.920,0.000,0.000,0.000,10.100
2019-09-22 02:00:00,5.800,0.000,0.000,0.000,9.500
2019-09-22 03:00:00,5.560,0.000,0.000,0.000,9.100
2019-09-22 04:00:00,5.580,0.000,0.000,0.000,8.300
2019-09-22 05:00:00,5.750,0.000,0.000,0.000,7.900
2019-09-22 06:00:00,5.550,28.000,160.200,15.000,8.700
2019-09-22 07:00:00,5.050,147.000,456.200,53.000,12.200
2019-09-22 08:00:00,3.940,290.000,616.100,76.000,15.800
2019-09-22 09:00:00,3.830,421.000,711.400,90.000,18.800
2019-09-22 10:00:00,3.800,521.000,764.600,99.000,21.700
2019-09-22 11:00:00,4.000,579.000,790.100,104.000,23.900
2019-09-22 12:00:00,4.000,589.000,795.300,104.000,25.200
2019-09-22 13:00:00,4.220,550.000,777.800,101.000,25.900
2019-09-22 14:00:00,4.600,467.000,737.800,94.000,26.300
2019-09-22 15:00:00,4.990,348.000,663.000,83.000,26.100
2019-09-22 16:00:00,5.300,206.000,532.200,64.000,25.600
2019-09-22 17:00:00,6.160,71.000,327.500,33.000,23.500
2019-09-22 18:00:00,7.030,2.000,0.000,2.000,20.500
2019-09-22 19:00:00,7.310,0.000,0.000,0.000,18.800
2019-09-22 20:00:00,7.350,0.000,0.000,0.000,17.700
2019-09-22 21:00:00,7.000,0.000,0.000,0.000,16.800
2019-09-22 22:00:00,7.100,0.000,0.000,0.000,15.700
2019-09-22 23:00:00,6.740,0.000,0.000,0.000,14.500
2019-09-23 00:00:00,5.970,0.000,0.000,0.000,13.600
2019-09-23 01:00:00,5.680,0.000,0.000,0.000,13.000
2019-09-23 02:00:00,5.160,0.000,0.000,0.000,12.200
2019-09-23 03:00:00,4.310,0.000,0.000,0.000,11.400
2019-09-23 04:00:00,3.000,0.000,0.000,0.000,11.000
2019-09-23 05:00:00,1.870,0.000,0.000,0.000,10.900
2019-09-23 06:00:00,2.190,18.000,38.000,15.000,11.100
2019-09-23 07:00:00,2.700,120.000,327.500,54.000,13.300
2019-09-23 08:00:00,2.550,195.000,294.700,94.000,15.600
2019-09-23 09:00:00,3.790,228.000,225.800,124.000,16.000
2019-09-23 10:00:00,5.890,282.000,259.600,140.000,18.400
2019-09-23 11:00:00,6.380,270.000,219.800,139.000,18.700
2019-09-23 12:00:00,6.480,217.000,137.300,134.000,18.600
2019-09-23 13:00:00,6.360,209.000,122.500,139.000,18.400
2019-09-23 14:00:00,5.630,127.000,30.000,112.000,17.800
2019-09-23 15:00:00,5.140,70.000,0.000,70.000,17.300
2019-09-23 16:00:00,4.830,37.000,0.000,37.000,17.200
2019-09-23 17:00:00,4.720,13.000,0.000,13.000,16.800
2019-09-23 18:00:00,4.420,0.000,0.000,0.000,16.000
2019-09-23 19:00:00,3.820,0.000,0.000,0.000,15.700
2019-09-23 20:00:00,3.100,0.000,0.000,0.000,15.600
2019-09-23 21:00:00,2.960,0.000,0.000,0.000,15.500
2019-09-23 22:00:00,2.750,0.000,0.000,0.000,14.700
2019-09-23 23:00:00,3.690,0.000,0.000,0.000,14.400
2019-09-24 00:00:00,4.500,0.000,0.000,0.000,14.100
2019-09-24 01:00:00,4.740,0.000,0.000,0.000,13.900
2019-09-24 02:00:00,4.250,0.000,0.000,0.000,13.400
2019-09-24 03:00:00,3.310,0.000,0.000,0.000,13.100
2019-09-24 04:00:00,2.920,0.000,0.000,0.000,12.500
2019-09-24 05:00:00,3.500,0.000,0.000,0.000,12.100
2019-09-24 06:00:00,3.860,21.000,117.400,12.000,12.500
2019-09-24 07:00:00,4.270,102.000,253.800,52.000,13.400
2019-09-24 08:00:00,3.400,222.000,399.300,87.000,15.000
2019-09-24 09:00:00,2.620,326.000,478.400,108.000,16.600
2019-09-24 10:00:00,2.320,448.000,594.200,126.000,18.800
2019-09-24 11:00:00,2.730,522.000,705.900,105.000,19.600
2019-09-24 12:00:00,2.530,448.000,556.100,115.000,20.300
2019-09-24 13:00:00,3.950,469.000,643.400,105.000,20.600
2019-09-24 14:00:00,4.500,407.000,601.700,110.000,20.800
2019-09-24 15:00:00,4.700,260.000,338.200,129.000,20.500
2019-09-24 16:00:00,4.630,130.000,153.400,91.000,19.900
2019-09-24 17:00:00,4.220,37.000,18.700,35.000,18.700
2019-09-24 18:00:00,4.400,1.000,0.000,1.000,16.700
2019-09-24 19:00:00,4.830,0.000,0.000,0.000,16.000
2019-09-24 20:00:00,5.150,0.000,0.000,0.000,15.500
2019-09-24 21:00:00,5.250,0.000,0.000,0.000,15.300
2019-09-24 22:00:00,5.300,0.000,0.000,0.000,14.700
2019-09-24 23:00:00,4.810,0.000,0.000,0.000,14.200
2019-09-25 00:00:00,4.800,0.000,0.000,0.000,13.800
2019-09-25 01:00:00,4.400,0.000,0.000,0.000,13.900
2019-09-25 02:00:00,4.850,0.000,0.000,0.000,13.800
2019-09-25 03:00:00,4.370,0.000,0.000,0.000,13.400
2019-09-25 04:00:00,4.240,0.000,0.000,0.000,13.200
2019-09-25 05:00:00,3.750,0.000,0.000,0.000,13.400
2019-09-25 06:00:00,3.340,1.000,0.000,1.000,13.700
2019-09-25 07:00:00,3.470,12.000,0.000,12.000,13.800
2019-09-25 08:00:00,3.910,18.000,0.000,18.000,14.000
2019-09-25 09:00:00,4.440,32.000,2.200,31.000,14.100
2019-09-25 10:00:00,4.850,78.000,3.700,76.000,14.600
2019-09-25 11:00:00,4.330,178.000,92.200,124.000,15.500
2019-09-25 12:00:00,4.240,255.000,119.700,184.000,16.500
2019-09-25 13:00:00,4.460,300.000,171.400,204.000,17.300
2019-09-25 14:00:00,3.900,260.000,139.500,192.000,17.700
2019-09-25 15:00:00,3.810,205.000,146.900,149.000,17.500
2019-09-25 16:00:00,2.930,109.000,161.300,69.000,17.300
2019-09-25 17:00:00,3.040,40.000,115.700,28.000,15.700
2019-09-25 18:00:00,3.040,0.000,0.000,0.000,14.500
2019-09-25 19:00:00,3.160,0.000,0.000,0.000,13.700
2019-09-25 20:00:00,3.830,0.000,0.000,0.000,13.500
2019-09-25 21:00:00,4.460,0.000,0.000,0.000,13.500
2019-09-25 22:00:00,4.700,0.000,0.000,0.000,13.200
2019-09-25 23:00:00,5.470,0.000,0.000,0.000,12.600
2019-09-26 00:00:00,5.810,0.000,0.000,0.000,12.000
2019-09-26 01:00:00,5.480,0.000,0.000,0.000,12.000
2019-09-26 02:00:00,5.690,0.000,0.000,0.000,12.000
2019-09-26 03:00:00,5.460,0.000,0.000,0.000,12.100
2019-09-26 04:00:00,5.410,0.000,0.000,0.000,12.600
2019-09-26 05:00:00,5.370,0.000,0.000,0.000,13.000
2019-09-26 06:00:00,5.510,10.000,27.700,8.000,13.600
2019-09-26 07:00:00,5.550,49.000,74.500,35.000,14.400
2019-09-26 08:00:00,4.920,166.000,234.300,89.000,15.400
2019-09-26 09:00:00,6.150,336.000,515.700,106.000,15.800
2019-09-26 10:00:00,4.600,356.000,393.100,147.000,18.100
2019-09-26 11:00:00,4.350,408.000,424.100,162.000,19.000
2019-09-26 12:00:00,4.680,330.000,202.500,211.000,19.600
2019-09-26 13:00:00,4.780,236.000,113.700,173.000,19.200
2019-09-26 14:00:00,4.840,130.000,29.100,116.000,18.800
2019-09-26 15:00:00,5.630,81.000,0.000,81.000,18.200
2019-09-26 16:00:00,5.690,65.000,8.300,63.000,17.700
2019-09-26 17:00:00,6.110,14.000,19.900,12.000,16.900
2019-09-26 18:00:00,6.430,0.000,0.000,0.000,16.200
2019-09-26 19:00:00,6.910,0.000,0.000,0.000,16.100
2019-09-26 20:00:00,6.990,0.000,0.000,0.000,16.000
2019-09-26 21:00:00,7.380,0.000,0.000,0.000,16.100
2019-09-26 22:00:00,7.500,0.000,0.000,0.000,15.800
2019-09-26 23:00:00,7.430,0.000,0.000,0.000,15.800
2019-09-27 00:00:00,7.560,0.000,0.000,0.000,15.700
2019-09-27 01:00:00,7.360,0.000,0.000,0.000,15.900
2019-09-27 02:00:00,7.140,0.000,0.000,0.000,15.900
2019-09-27 03:00:00,7.360,0.000,0.000,0.000,15.800
2019-09-27 04:00:00,7.130,0.000,0.000,0.000,15.600
2019-09-27 05:00:00,6.220,0.000,0.000,0.000,15.400
2019-09-27 06:00:00,6.100,3.000,0.000,3.000,15.200
2019-09-27 07:00:00,5.840,61.000,5.500,60.000,15.200
2019-09-27 08:00:00,5.690,68.000,6.200,66.000,15.900
2019-09-27 09:00:00,4.700,109.000,27.200,97.000,16.200
2019-09-27 10:00:00,4.470,154.000,72.200,116.000,15.900
2019-09-27 11:00:00,4.910,162.000,73.100,120.000,16.200
2019-09-27 12:00:00,5.060,198.000,99.600,140.000,17.100
2019-09-27 13:00:00,5.560,232.000,215.200,114.000,17.700
2019-09-27 14:00:00,5.980,320.000,458.400,102.000,18.700
2019-09-27 15:00:00,5.160,260.000,482.700,82.000,18.500
2019-09-27 16:00:00,5.240,158.000,425.000,58.000,18.500
2019-09-27 17:00:00,5.810,30.000,144.000,16.000,17.000
2019-09-27 18:00:00,6.040,0.000,0.000,0.000,15.600
2019-09-27 19:00:00,6.800,0.000,0.000,0.000,15.000
2019-09-27 20:00:00,7.320,0.000,0.000,0.000,14.700
2019-09-27 21:00:00,7.570,0.000,0.000,0.000,14.600
2019-09-27 22:00:00,8.040,0.000,0.000,0.000,14.600
2019-09-27 23:00:00,8.320,0.000,0.000,0.000,14.500
2019-09-28 00:00:00,8.450,0.000,0.000,0.000,14.600
2019-09-28 01:00:00,8.440,0.000,0.000,0.000,14.700
2019-09-28 02:00:00,8.180,0.000,0.000,0.000,14.600
2019-09-28 03:00:00,8.240,0.000,0.000,0.000,14.700
2019-09-28 04:00:00,8.480,0.000,0.000,0.000,14.700
2019-09-28 05:00:00,8.490,0.000,0.000,0.000,14.500
2019-09-28 06:00:00,8.490,11.000,29.600,9.000,14.600
2019-09-28 07:00:00,8.210,83.000,218.300,44.000,14.900
2019-09-28 08:00:00,8.890,149.000,231.800,75.000,15.400
2019-09-28 09:00:00,9.420,246.000,286.600,121.000,15.800
2019-09-28 10:00:00,7.630,291.000,239.700,166.000,16.500
2019-09-28 11:00:00,8.850,320.000,310.900,143.000,16.900
2019-09-28 12:00:00,9.830,378.000,431.900,129.000,17.200
2019-09-28 13:00:00,10.510,400.000,531.000,112.000,17.700
2019-09-28 14:00:00,9.800,329.000,477.100,105.000,17.600
2019-09-28 15:00:00,8.310,231.000,386.100,91.000,17.500
2019-09-28 16:00:00,9.090,111.000,235.800,57.000,16.100
2019-09-28 17:00:00,9.820,18.000,53.200,13.000,15.300
2019-09-28 18:00:00,10.240,0.000,0.000,0.000,15.000
2019-09-28 19:00:00,10.730,0.000,0.000,0.000,15.000
2019-09-28 20:00:00,10.620,0.000,0.000,0.000,14.900
2019-09-28 21:00:00,10.430,0.000,0.000,0.000,14.700
2019-09-28 22:00:00,11.080,0.000,0.000,0.000,14.800
2019-09-28 23:00:00,10.610,0.000,0.000,0.000,14.700
2019-09-29 00:00:00,10.200,0.000,0.000,0.000,14.500
2019-09-29 01:00:00,9.860,0.000,0.000,0.000,14.300
2019-09-29 02:00:00,9.400,0.000,0.000,0.000,14.300
2019-09-29 03:00:00,8.940,0.000,0.000,0.000,14.300
2019-09-29 04:00:00,8.510,0.000,0.000,0.000,14.200
2019-09-29 05:00:00,7.920,0.000,0.000,0.000,13.900
2019-09-29 06:00:00,7.420,4.000,0.000,4.000,13.500
2019-09-29 07:00:00,7.040,16.000,0.000,16.000,13.300
2019-09-29 08:00:00,7.670,22.000,0.000,22.000,13.400
2019-09-29 09:00:00,8.390,61.000,7.000,58.000,13.500
2019-09-29 10:00:00,7.940,95.000,0.000,95.000,14.300
2019-09-29 11:00:00,7.500,74.000,0.000,74.000,14.400
2019-09-29 12:00:00,8.640,75.000,0.000,75.000,14.500
2019-09-29 13:00:00,9.210,144.000,70.800,106.000,15.500
2019-09-29 14:00:00,10.620,113.000,53.900,88.000,15.700
2019-09-29 15:00:00,10.840,144.000,87.000,113.000,16.000
2019-09-29 16:00:00,11.310,61.000,13.500,58.000,15.500
2019-09-29 17:00:00,11.250,14.000,0.000,14.000,15.200
2019-09-29 18:00:00,11.380,0.000,0.000,0.000,15.200
2019-09-29 19:00:00,10.540,0.000,0.000,0.000,15.700
2019-09-29 20:00:00,9.480,0.000,0.000,0.000,15.800
2019-09-29 21:00:00,8.960,0.000,0.000,0.000,15.600
2019-09-29 22:00:00,10.040,0.000,0.000,0.000,15.900
2019-09-29 23:00:00,10.880,0.000,0.000,0.000,16.000
2019-09-30 00:00:00,11.320,0.000,0.000,0.000,15.800
2019-09-30 01:00:00,11.000,0.000,0.000,0.000,15.500
2019-09-30 02:00:00,11.180,0.000,0.000,0.000,15.100
2019-09-30 03:00:00,13.350,0.000,0.000,0.000,14.800
2019-09-30 04:00:00,16.150,0.000,0.000,0.000,14.700
2019-09-30 05:00:00,17.140,0.000,0.000,0.000,13.800
2019-09-30 06:00:00,15.060,3.000,0.000,3.000,13.300
2019-09-30 07:00:00,13.750,32.000,17.700,29.000,13.400
2019-09-30 08:00:00,11.540,116.000,148.500,70.000,14.000
2019-09-30 09:00:00,12.300,250.000,340.200,105.000,14.200
2019-09-30 10:00:00,12.210,298.000,334.600,127.000,15.100
2019-09-30 11:00:00,12.000,371.000,392.100,152.000,15.700
2019-09-30 12:00:00,12.600,312.000,274.300,157.000,15.900
2019-09-30 13:00:00,12.110,298.000,301.500,138.000,15.600
2019-09-30 14:00:00,10.700,269.000,293.000,135.000,16.500
2019-09-30 15:00:00,10.300,208.000,305.600,101.000,15.600
2019-09-30 16:00:00,9.900,110.000,295.700,46.000,14.800
2019-09-30 17:00:00,9.300,25.000,114.200,15.000,14.000
2019-09-30 18:00:00,8.410,0.000,0.000,0.000,13.300
2019-09-30 19:00:00,7.810,0.000,0.000,0.000,13.000
2019-09-30 20:00:00,7.680,0.000,0.000,0.000,12.800
2019-09-30 21:00:00,7.520,0.000,0.000,0.000,12.300
2019-09-30 22:00:00,7.430,0.000,0.000,0.000,12.200
2019-09-30 23:00:00,6.960,0.000,0.000,0.000,11.800
2019-10-01 00:00:00,6.590,0.000,0.000,0.000,11.900
2019-10-01 01:00:00,6.370,0.000,0.000,0.000,12.100
2019-10-01 02:00:00,6.040,0.000,0.000,0.000,12.000
2019-10-01 03:00:00,6.930,0.000,0.000,0.000,11.900
2019-10-01 04:00:00,7.280,0.000,0.000,0.000,12.000
2019-10-01 05:00:00,6.740,0.000,0.000,0.000,12.100
2019-10-01 06:00:00,6.460,1.000,0.000,1.000,12.500
2019-10-01 07:00:00,7.540,18.000,0.000,18.000,12.800
2019-10-01 08:00:00,9.330,44.000,36.100,33.000,13.900
2019-10-01 09:00:00,10.500,56.000,0.000,56.000,14.400
2019-10-01 10:00:00,10.890,40.000,0.000,40.000,14.700
2019-10-01 11:00:00,10.400,29.000,0.000,29.000,15.300
2019-10-01 12:00:00,9.660,145.000,12.500,138.000,15.900
2019-10-01 13:00:00,9.960,314.000,213.400,202.000,17.100
2019-10-01 14:00:00,9.660,167.000,108.600,118.000,16.500
2019-10-01 15:00:00,10.120,156.000,139.500,108.000,16.400
2019-10-01 16:00:00,9.190,75.000,14.300,72.000,16.500
2019-10-01 17:00:00,7.600,13.000,0.000,13.000,15.800
2019-10-01 18:00:00,4.710,0.000,0.000,0.000,14.300
2019-10-01 19:00:00,3.180,0.000,0.000,0.000,13.700
2019-10-01 20:00:00,3.320,0.000,0.000,0.000,13.300
2019-10-01 21:00:00,3.880,0.000,0.000,0.000,12.900
2019-10-01 22:00:00,5.810,0.000,0.000,0.000,11.400
2019-10-01 23:00:00,6.310,0.000,0.000,0.000,10.500
2019-10-02 00:00:00,6.960,0.000,0.000,0.000,9.800
2019-10-02 01:00:00,8.200,0.000,0.000,0.000,9.000
2019-10-02 02:00:00,7.890,0.000,0.000,0.000,8.400
2019-10-02 03:00:00,6.740,0.000,0.000,0.000,8.000
2019-10-02 04:00:00,4.730,0.000,0.000,0.000,7.900
2019-10-02 05:00:00,2.560,0.000,0.000,0.000,7.500
2019-10-02 06:00:00,4.390,2.000,0.000,2.000,7.500
2019-10-02 07:00:00,5.820,50.000,99.900,34.000,8.000
2019-10-02 08:00:00,5.600,179.000,346.600,75.000,9.200
2019-10-02 09:00:00,5.720,287.000,439.700,104.000,10.300
2019-10-02 10:00:00,5.190,441.000,665.100,108.000,12.200
2019-10-02 11:00:00,5.730,496.000,664.700,132.000,12.600
2019-10-02 12:00:00,6.240,469.000,541.700,169.000,13.100
2019-10-02 13:00:00,7.050,412.000,528.000,138.000,12.700
2019-10-02 14:00:00,8.600,326.000,455.900,123.000,12.400
2019-10-02 15:00:00,8.810,227.000,399.600,92.000,11.900
2019-10-02 16:00:00,8.280,109.000,269.700,54.000,11.400
2019-10-02 17:00:00,8.430,27.000,172.300,13.000,10.600
2019-10-02 18:00:00,8.900,0.000,0.000,0.000,9.700
2019-10-02 19:00:00,9.340,0.000,0.000,0.000,9.800
2019-10-02 20:00:00,9.630,0.000,0.000,0.000,9.500
2019-10-02 21:00:00,10.020,0.000,0.000,0.000,9.400
2019-10-02 22:00:00,11.020,0.000,0.000,0.000,9.600
2019-10-02 23:00:00,10.790,0.000,0.000,0.000,9.800
2019-10-03 00:00:00,9.950,0.000,0.000,0.000,10.000
2019-10-03 01:00:00,9.330,0.000,0.000,0.000,9.700
2019-10-03 02:00:00,8.860,0.000,0.000,0.000,9.400
2019-10-03 03:00:00,8.130,0.000,0.000,0.000,9.300
2019-10-03 04:00:00,7.560,0.000,0.000,0.000,9.200
2019-10-03 05:00:00,7.120,0.000,0.000,0.000,9.200
2019-10-03 06:00:00,6.930,7.000,35.800,5.000,9.200
2019-10-03 07:00:00,6.610,78.000,237.900,41.000,9.500
2019-10-03 08:00:00,6.660,173.000,352.200,69.000,10.600
2019-10-03 09:00:00,5.750,270.000,396.400,107.000,11.500
2019-10-03 10:00:00,5.480,325.000,347.200,153.000,12.700
2019-10-03 11:00:00,5.240,274.000,236.100,146.000,12.700
2019-10-03 12:00:00,5.140,342.000,392.200,127.000,13.200
2019-10-03 13:00:00,5.020,286.000,251.400,157.000,13.300
2019-10-03 14:00:00,4.080,237.000,255.000,125.000,13.100
2019-10-03 15:00:00,3.910,161.000,196.000,96.000,12.600
2019-10-03 16:00:00,2.920,96.000,212.400,54.000,12.100
2019-10-03 17:00:00,3.110,22.000,102.400,14.000,10.400
2019-10-03 18:00:00,3.400,0.000,0.000,0.000,9.700
2019-10-03 19:00:00,3.110,0.000,0.000,0.000,9.500
2019-10-03 20:00:00,3.180,0.000,0.000,0.000,9.300
2019-10-03 21:00:00,3.330,0.000,0.000,0.000,8.900
2019-10-03 22:00:00,4.420,0.000,0.000,0.000,8.100
2019-10-03 23:00:00,4.460,0.000,0.000,0.000,8.200
2019-10-04 00:00:00,4.620,0.000,0.000,0.000,8.200
2019-10-04 01:00:00,4.470,0.000,0.000,0.000,8.100
2019-10-04 02:00:00,4.530,0.000,0.000,0.000,8.200
2019-10-04 03:00:00,4.290,0.000,0.000,0.000,8.600
2019-10-04 04:00:00,4.350,0.000,0.000,0.000,8.800
2019-10-04 05:00:00,4.200,0.000,0.000,0.000,9.300
2019-10-04 06:00:00,4.900,4.000,0.000,4.000,9.200
2019-10-04 07:00:00,5.110,42.000,13.300,40.000,9.400
2019-10-04 08:00:00,5.240,88.000,10.300,85.000,9.700
2019-10-04 09:00:00,5.100,127.000,2.500,126.000,10.100
2019-10-04 10:00:00,5.160,147.000,30.600,132.000,10.600
2019-10-04 11:00:00,5.200,149.000,20.500,138.000,10.800
2019-10-04 12:00:00,5.410,151.000,18.400,141.000,10.900
2019-10-04 13:00:00,5.830,122.000,2.000,121.000,10.800
2019-10-04 14:00:00,6.230,96.000,2.300,95.000,10.300
2019-10-04 15:00:00,5.980,39.000,0.000,39.000,9.800
2019-10-04 16:00:00,6.500,17.000,0.000,17.000,9.500
2019-10-04 17:00:00,7.240,2.000,0.000,2.000,9.400
2019-10-04 18:00:00,7.620,0.000,0.000,0.000,9.200
2019-10-04 19:00:00,7.710,0.000,0.000,0.000,9.100
2019-10-04 20:00:00,8.350,0.000,0.000,0.000,9.100
2019-10-04 21:00:00,8.920,0.000,0.000,0.000,9.000
2019-10-04 22:00:00,9.170,0.000,0.000,0.000,8.600
2019-10-04 23:00:00,8.980,0.000,0.000,0.000,8.500
2019-10-05 00:00:00,8.410,0.000,0.000,0.000,8.300
2019-10-05 01:00:00,7.830,0.000,0.000,0.000,8.300
2019-10-05 02:00:00,7.490,0.000,0.000,0.000,8.300
2019-10-05 03:00:00,7.600,0.000,0.000,0.000,8.200
2019-10-05 04:00:00,7.210,0.000,0.000,0.000,8.200
2019-10-05 05:00:00,6.610,0.000,0.000,0.000,8.000
2019-10-05 06:00:00,6.200,4.000,0.000,4.000,8.000
2019-10-05 07:00:00,5.630,61.000,143.600,40.000,8.200
2019-10-05 08:00:00,6.400,188.000,402.600,73.000,8.900
2019-10-05 09:00:00,5.710,296.000,461.100,111.000,9.900
2019-10-05 10:00:00,4.040,353.000,391.800,163.000,11.300
2019-10-05 11:00:00,4.110,374.000,417.900,152.000,11.800
2019-10-05 12:00:00,4.390,284.000,223.500,164.000,12.000
2019-10-05 13:00:00,4.400,317.000,380.900,126.000,12.500
2019-10-05 14:00:00,4.460,269.000,334.600,126.000,12.800
2019-10-05 15:00:00,3.820,178.000,287.900,86.000,12.300
2019-10-05 16:00:00,3.970,90.000,247.900,44.000,11.600
2019-10-05 17:00:00,4.520,16.000,69.500,11.000,9.900
2019-10-05 18:00:00,4.610,0.000,0.000,0.000,8.600
2019-10-05 19:00:00,4.850,0.000,0.000,0.000,8.200
2019-10-05 20:00:00,5.280,0.000,0.000,0.000,7.800
2019-10-05 21:00:00,5.330,0.000,0.000,0.000,7.700
2019-10-05 22:00:00,5.640,0.000,0.000,0.000,6.500
2019-10-05 23:00:00,5.320,0.000,0.000,0.000,6.500
2019-10-06 00:00:00,5.350,0.000,0.000,0.000,6.000
2019-10-06 01:00:00,5.150,0.000,0.000,0.000,5.700
2019-10-06 02:00:00,4.810,0.000,0.000,0.000,5.400
2019-10-06 03:00:00,4.780,0.000,0.000,0.000,5.100
2019-10-06 04:00:00,5.250,0.000,0.000,0.000,5.100
2019-10-06 05:00:00,5.440,0.000,0.000,0.000,5.000
2019-10-06 06:00:00,5.410,6.000,0.000,6.000,5.000
2019-10-06 07:00:00,5.990,56.000,42.400,50.000,5.600
2019-10-06 08:00:00,6.220,112.000,24.900,105.000,7.100
2019-10-06 09:00:00,6.570,200.000,55.500,178.000,8.400
2019-10-06 10:00:00,6.620,228.000,83.400,188.000,8.500
2019-10-06 11:00:00,8.110,233.000,47.500,208.000,9.300
2019-10-06 12:00:00,8.430,187.000,5.600,184.000,9.700
2019-10-06 13:00:00,8.410,172.000,8.100,168.000,10.000
2019-10-06 14:00:00,7.960,107.000,0.000,107.000,10.000
2019-10-06 15:00:00,7.910,78.000,0.000,78.000,9.700
2019-10-06 16:00:00,8.000,43.000,0.000,43.000,9.600
2019-10-06 17:00:00,7.930,8.000,0.000,8.000,9.000
2019-10-06 18:00:00,7.980,0.000,0.000,0.000,8.200
2019-10-06 19:00:00,8.020,0.000,0.000,0.000,7.900
2019-10-06 20:00:00,7.800,0.000,0.000,0.000,7.700
2019-10-06 21:00:00,7.600,0.000,0.000,0.000,7.300
2019-10-06 22:00:00,7.320,0.000,0.000,0.000,6.400
2019-10-06 23:00:00,6.910,0.000,0.000,0.000,5.800
2019-10-07 00:00:00,6.600,0.000,0.000,0.000,4.600
2019-10-07 01:00:00,6.410,0.000,0.000,0.000,4.100
2019-10-07 02:00:00,6.340,0.000,0.000,0.000,3.500
2019-10-07 03:00:00,6.210,0.000,0.000,0.000,2.800
2019-10-07 04:00:00,6.200,0.000,0.000,0.000,2.400
2019-10-07 05:00:00,5.850,0.000,0.000,0.000,1.700
2019-10-07 06:00:00,5.260,6.000,38.200,4.000,1.800
2019-10-07 07:00:00,4.950,92.000,387.000,39.000,3.000
2019-10-07 08:00:00,3.790,227.000,583.300,66.000,5.500
2019-10-07 09:00:00,3.360,355.000,697.900,82.000,7.500
2019-10-07 10:00:00,3.310,451.000,756.500,92.000,9.700
2019-10-07 11:00:00,3.800,504.000,782.100,97.000,10.900
2019-10-07 12:00:00,3.110,511.000,791.500,95.000,11.700
2019-10-07 13:00:00,2.690,467.000,761.500,94.000,12.500
2019-10-07 14:00:00,3.050,373.000,664.300,97.000,12.500
2019-10-07 15:00:00,3.330,234.000,409.600,108.000,12.000
2019-10-07 16:00:00,3.890,102.000,155.600,75.000,11.300
2019-10-07 17:00:00,4.110,14.000,15.200,13.000,9.400
2019-10-07 18:00:00,4.990,0.000,0.000,0.000,8.600
2019-10-07 19:00:00,5.410,0.000,0.000,0.000,8.300
2019-10-07 20:00:00,5.870,0.000,0.000,0.000,8.400
2019-10-07 21:00:00,6.100,0.000,0.000,0.000,8.400
2019-10-07 22:00:00,6.690,0.000,0.000,0.000,8.700
2019-10-07 23:00:00,6.800,0.000,0.000,0.000,8.900
2019-10-08 00:00:00,7.240,0.000,0.000,0.000,9.500
2019-10-08 01:00:00,7.470,0.000,0.000,0.000,10.100
2019-10-08 02:00:00,7.520,0.000,0.000,0.000,10.500
2019-10-08 03:00:00,7.550,0.000,0.000,0.000,10.700
2019-10-08 04:00:00,7.530,0.000,0.000,0.000,10.600
2019-10-08 05:00:00,7.740,0.000,0.000,0.000,10.500
2019-10-08 06:00:00,8.340,0.000,0.000,0.000,10.800
2019-10-08 07:00:00,8.910,4.000,0.000,4.000,11.300
2019-10-08 08:00:00,9.280,15.000,0.000,15.000,11.600
2019-10-08 09:00:00,9.220,28.000,0.000,28.000,12.000
2019-10-08 10:00:00,8.430,39.000,0.000,39.000,12.700
2019-10-08 11:00:00,8.570,79.000,9.700,74.000,13.200
2019-10-08 12:00:00,8.600,171.000,90.400,124.000,14.100
2019-10-08 13:00:00,7.970,238.000,227.300,128.000,14.600
2019-10-08 14:00:00,6.750,238.000,283.300,122.000,14.700
2019-10-08 15:00:00,7.070,154.000,232.100,84.000,14.800
2019-10-08 16:00:00,7.200,54.000,47.800,46.000,14.300
2019-10-08 17:00:00,7.530,7.000,16.000,6.000,13.800
2019-10-08 18:00:00,7.420,0.000,0.000,0.000,13.500
2019-10-08 19:00:00,7.570,0.000,0.000,0.000,13.200
2019-10-08 20:00:00,7.290,0.000,0.000,0.000,12.900
2019-10-08 21:00:00,7.750,0.000,0.000,0.000,12.300
2019-10-08 22:00:00,8.420,0.000,0.000,0.000,12.000
2019-10-08 23:00:00,9.100,0.000,0.000,0.000,11.600
2019-10-09 00:00:00,8.720,0.000,0.000,0.000,11.700
2019-10-09 01:00:00,9.710,0.000,0.000,0.000,11.600
2019-10-09 02:00:00,10.070,0.000,0.000,0.000,11.500
2019-10-09 03:00:00,9.660,0.000,0.000,0.000,11.600
2019-10-09 04:00:00,9.180,0.000,0.000,0.000,11.700
2019-10-09 05:00:00,8.940,0.000,0.000,0.000,11.500
2019-10-09 06:00:00,8.630,3.000,19.100,2.000,11.200
2019-10-09 07:00:00,8.600,53.000,125.400,37.000,11.700
2019-10-09 08:00:00,8.510,143.000,240.300,79.000,12.600
2019-10-09 09:00:00,9.680,264.000,372.700,122.000,13.400
2019-10-09 10:00:00,6.490,278.000,213.400,179.000,14.300
2019-10-09 11:00:00,6.790,313.000,237.600,192.000,14.600
2019-10-09 12:00:00,6.900,298.000,245.000,172.000,14.500
2019-10-09 13:00:00,6.670,311.000,263.500,185.000,15.000
2019-10-09 14:00:00,7.060,254.000,304.800,131.000,15.400
2019-10-09 15:00:00,6.720,135.000,159.000,88.000,12.800
2019-10-09 16:00:00,6.090,34.000,24.800,30.000,11.600
2019-10-09 17:00:00,7.430,4.000,0.000,4.000,11.300
2019-10-09 18:00:00,8.100,0.000,0.000,0.000,10.900
2019-10-09 19:00:00,7.960,0.000,0.000,0.000,10.700
2019-10-09 20:00:00,8.320,0.000,0.000,0.000,10.700
2019-10-09 21:00:00,8.270,0.000,0.000,0.000,10.500
2019-10-09 22:00:00,8.360,0.000,0.000,0.000,10.100
2019-10-09 23:00:00,8.770,0.000,0.000,0.000,9.600
2019-10-10 00:00:00,9.130,0.000,0.000,0.000,9.500
2019-10-10 01:00:00,9.080,0.000,0.000,0.000,9.900
2019-10-10 02:00:00,9.360,0.000,0.000,0.000,9.800
2019-10-10 03:00:00,9.380,0.000,0.000,0.000,9.600
2019-10-10 04:00:00,9.000,0.000,0.000,0.000,9.500
2019-10-10 05:00:00,8.500,0.000,0.000,0.000,9.200
2019-10-10 06:00:00,7.920,2.000,0.000,2.000,9.200
2019-10-10 07:00:00,7.610,43.000,24.400,40.000,9.500
2019-10-10 08:00:00,9.860,140.000,176.000,94.000,10.300
2019-10-10 09:00:00,9.810,216.000,284.600,109.000,10.900
2019-10-10 10:00:00,7.750,271.000,294.400,136.000,12.200
2019-10-10 11:00:00,7.560,358.000,416.800,148.000,13.000
2019-10-10 12:00:00,8.290,363.000,497.600,110.000,13.300
2019-10-10 13:00:00,9.440,343.000,516.700,99.000,13.300
2019-10-10 14:00:00,9.990,300.000,483.000,108.000,13.500
2019-10-10 15:00:00,11.110,187.000,335.100,90.000,13.200
2019-10-10 16:00:00,9.680,83.000,251.000,44.000,12.100
2019-10-10 17:00:00,9.050,9.000,53.000,6.000,11.400
2019-10-10 18:00:00,8.900,0.000,0.000,0.000,11.000
2019-10-10 19:00:00,8.770,0.000,0.000,0.000,10.900
2019-10-10 20:00:00,8.650,0.000,0.000,0.000,10.800
2019-10-10 21:00:00,8.540,0.000,0.000,0.000,10.800
2019-10-10 22:00:00,8.990,0.000,0.000,0.000,10.900
2019-10-10 23:00:00,8.760,0.000,0.000,0.000,10.900
2019-10-11 00:00:00,8.780,0.000,0.000,0.000,11.200
2019-10-11 01:00:00,9.340,0.000,0.000,0.000,11.900
2019-10-11 02:00:00,9.900,0.000,0.000,0.000,12.300
2019-10-11 03:00:00,10.050,0.000,0.000,0.000,12.400
2019-10-11 04:00:00,10.480,0.000,0.000,0.000,12.500
2019-10-11 05:00:00,10.980,0.000,0.000,0.000,12.600
2019-10-11 06:00:00,11.250,2.000,0.000,2.000,12.400
2019-10-11 07:00:00,11.030,46.000,93.100,35.000,12.600
2019-10-11 08:00:00,10.770,71.000,3.900,70.000,13.000
2019-10-11 09:00:00,10.340,114.000,21.600,106.000,13.500
2019-10-11 10:00:00,8.310,279.000,161.100,206.000,14.500
2019-10-11 11:00:00,8.650,370.000,419.500,161.000,15.500
2019-10-11 12:00:00,9.240,310.000,312.300,153.000,15.800
2019-10-11 13:00:00,13.190,179.000,83.600,140.000,16.100
2019-10-11 14:00:00,10.750,143.000,56.200,121.000,16.300
2019-10-11 15:00:00,10.260,72.000,38.800,61.000,16.200
2019-10-11 16:00:00,10.380,32.000,6.700,31.000,16.100
2019-10-11 17:00:00,10.700,3.000,0.000,3.000,15.900
2019-10-11 18:00:00,11.030,0.000,0.000,0.000,15.800
2019-10-11 19:00:00,11.320,0.000,0.000,0.000,15.900
2019-10-11 20:00:00,11.680,0.000,0.000,0.000,16.200
2019-10-11 21:00:00,11.810,0.000,0.000,0.000,16.000
2019-10-11 22:00:00,11.590,0.000,0.000,0.000,15.900
2019-10-11 23:00:00,11.500,0.000,0.000,0.000,16.300
2019-10-12 00:00:00,11.310,0.000,0.000,0.000,16.500
2019-10-12 01:00:00,11.220,0.000,0.000,0.000,16.400
2019-10-12 02:00:00,11.150,0.000,0.000,0.000,16.300
2019-10-12 03:00:00,10.790,0.000,0.000,0.000,15.800
2019-10-12 04:00:00,10.630,0.000,0.000,0.000,15.400
2019-10-12 05:00:00,10.480,0.000,0.000,0.000,15.100
2019-10-12 06:00:00,10.190,1.000,0.000,1.000,14.900
2019-10-12 07:00:00,10.150,48.000,211.700,24.000,14.800
2019-10-12 08:00:00,9.090,109.000,167.000,67.000,15.300
2019-10-12 09:00:00,9.030,125.000,68.400,100.000,15.900
2019-10-12 10:00:00,9.890,144.000,55.800,119.000,16.900
2019-10-12 11:00:00,9.580,102.000,4.100,100.000,17.100
2019-10-12 12:00:00,8.540,142.000,22.100,131.000,17.500
2019-10-12 13:00:00,7.560,145.000,45.600,124.000,17.700
2019-10-12 14:00:00,7.880,121.000,88.200,87.000,17.800
2019-10-12 15:00:00,7.120,74.000,18.000,69.000,17.500
2019-10-12 16:00:00,5.950,35.000,34.900,30.000,17.200
2019-10-12 17:00:00,5.080,3.000,0.000,3.000,16.200
2019-10-12 18:00:00,3.610,0.000,0.000,0.000,14.900
2019-10-12 19:00:00,1.800,0.000,0.000,0.000,14.500
2019-10-12 20:00:00,0.580,0.000,0.000,0.000,13.800
2019-10-12 21:00:00,0.220,0.000,0.000,0.000,13.300
2019-10-12 22:00:00,1.060,0.000,0.000,0.000,13.700
2019-10-12 23:00:00,1.750,0.000,0.000,0.000,13.500
2019-10-13 00:00:00,2.360,0.000,0.000,0.000,13.800
2019-10-13 01:00:00,3.400,0.000,0.000,0.000,13.700
2019-10-13 02:00:00,4.270,0.000,0.000,0.000,14.400
2019-10-13 03:00:00,5.130,0.000,0.000,0.000,14.900
2019-10-13 04:00:00,5.520,0.000,0.000,0.000,14.800
2019-10-13 05:00:00,6.540,0.000,0.000,0.000,15.100
2019-10-13 06:00:00,6.960,1.000,0.000,1.000,14.800
2019-10-13 07:00:00,7.080,47.000,202.500,25.000,15.700
2019-10-13 08:00:00,7.310,135.000,292.000,63.000,17.400
2019-10-13 09:00:00,6.360,261.000,482.700,87.000,18.400
2019-10-13 10:00:00,6.480,317.000,494.900,98.000,19.600
2019-10-13 11:00:00,6.040,325.000,349.000,155.000,20.100
2019-10-13 12:00:00,5.890,318.000,384.800,129.000,20.700
2019-10-13 13:00:00,6.140,343.000,475.200,127.000,21.500
2019-10-13 14:00:00,7.110,268.000,482.200,85.000,21.800
2019-10-13 15:00:00,8.850,194.000,464.300,68.000,22.100
2019-10-13 16:00:00,9.730,82.000,298.500,41.000,21.700
2019-10-13 17:00:00,10.310,6.000,19.100,5.000,21.100
2019-10-13 18:00:00,10.400,0.000,0.000,0.000,20.900
2019-10-13 19:00:00,10.420,0.000,0.000,0.000,20.800
2019-10-13 20:00:00,10.400,0.000,0.000,0.000,20.900
2019-10-13 21:00:00,10.400,0.000,0.000,0.000,20.900
2019-10-13 22:00:00,10.140,0.000,0.000,0.000,20.100
2019-10-13 23:00:00,9.720,0.000,0.000,0.000,19.400
2019-10-14 00:00:00,9.350,0.000,0.000,0.000,19.300
2019-10-14 01:00:00,9.090,0.000,0.000,0.000,18.600
2019-10-14 02:00:00,8.320,0.000,0.000,0.000,17.600
2019-10-14 03:00:00,7.730,0.000,0.000,0.000,16.600
2019-10-14 04:00:00,6.750,0.000,0.000,0.000,15.700
2019-10-14 05:00:00,5.460,0.000,0.000,0.000,14.600
2019-10-14 06:00:00,4.680,1.000,0.000,1.000,13.900
2019-10-14 07:00:00,3.760,45.000,66.900,38.000,14.400
2019-10-14 08:00:00,2.300,146.000,252.500,85.000,15.500
2019-10-14 09:00:00,1.390,265.000,467.200,99.000,16.100
2019-10-14 10:00:00,0.450,334.000,542.200,97.000,17.800
2019-10-14 11:00:00,1.840,411.000,633.500,106.000,18.700
2019-10-14 12:00:00,2.660,401.000,587.100,116.000,19.600
2019-10-14 13:00:00,3.860,358.000,532.800,119.000,20.400
2019-10-14 14:00:00,4.700,279.000,463.100,106.000,21.100
2019-10-14 15:00:00,5.660,175.000,312.800,92.000,20.900
2019-10-14 16:00:00,6.970,71.000,197.900,45.000,20.300
2019-10-14 17:00:00,8.200,4.000,19.100,3.000,19.000
2019-10-14 18:00:00,8.490,0.000,0.000,0.000,18.000
2019-10-14 19:00:00,7.930,0.000,0.000,0.000,17.500
2019-10-14 20:00:00,7.070,0.000,0.000,0.000,17.000
2019-10-14 21:00:00,6.380,0.000,0.000,0.000,16.500
2019-10-14 22:00:00,6.670,0.000,0.000,0.000,16.000
2019-10-14 23:00:00,6.860,0.000,0.000,0.000,15.500
2019-10-15 00:00:00,6.770,0.000,0.000,0.000,15.100
2019-10-15 01:00:00,6.530,0.000,0.000,0.000,14.900
2019-10-15 02:00:00,6.380,0.000,0.000,0.000,14.300
2019-10-15 03:00:00,6.240,0.000,0.000,0.000,13.700
2019-10-15 04:00:00,6.280,0.000,0.000,0.000,13.500
2019-10-15 05:00:00,6.110,0.000,0.000,0.000,13.200
2019-10-15 06:00:00,5.900,1.000,0.000,1.000,13.100
2019-10-15 07:00:00,5.490,47.000,88.100,38.000,13.700
2019-10-15 08:00:00,4.710,133.000,147.900,98.000,15.700
2019-10-15 09:00:00,3.220,213.000,182.800,149.000,17.200
2019-10-15 10:00:00,1.840,327.000,417.000,147.000,19.400
2019-10-15 11:00:00,1.490,419.000,651.400,109.000,20.700
2019-10-15 12:00:00,1.680,430.000,696.300,96.000,21.700
2019-10-15 13:00:00,1.640,365.000,546.600,123.000,21.700
2019-10-15 14:00:00,1.300,294.000,538.600,96.000,21.600
2019-10-15 15:00:00,1.900,184.000,427.900,73.000,20.700
2019-10-15 16:00:00,2.970,73.000,271.000,39.000,19.300
2019-10-15 17:00:00,4.200,4.000,0.000,4.000,17.200
2019-10-15 18:00:00,5.200,0.000,0.000,0.000,16.600
2019-10-15 19:00:00,5.630,0.000,0.000,0.000,16.400
2019-10-15 20:00:00,5.020,0.000,0.000,0.000,15.600
2019-10-15 21:00:00,4.750,0.000,0.000,0.000,15.300
2019-10-15 22:00:00,3.710,0.000,0.000,0.000,15.200
2019-10-15 23:00:00,4.130,0.000,0.000,0.000,14.600
2019-10-16 00:00:00,7.250,0.000,0.000,0.000,14.500
2019-10-16 01:00:00,8.580,0.000,0.000,0.000,14.200
2019-10-16 02:00:00,8.380,0.000,0.000,0.000,13.600
2019-10-16 03:00:00,6.970,0.000,0.000,0.000,13.100
2019-10-16 04:00:00,6.690,0.000,0.000,0.000,13.000
2019-10-16 05:00:00,7.180,0.000,0.000,0.000,13.000
2019-10-16 06:00:00,8.000,0.000,0.000,0.000,12.700
2019-10-16 07:00:00,8.250,5.000,0.000,5.000,12.700
2019-10-16 08:00:00,8.380,18.000,0.000,18.000,12.400
2019-10-16 09:00:00,8.410,25.000,0.000,25.000,12.300
2019-10-16 10:00:00,7.880,50.000,0.000,50.000,12.500
2019-10-16 11:00:00,8.050,119.000,10.600,114.000,13.000
2019-10-16 12:00:00,7.200,254.000,289.100,117.000,14.300
2019-10-16 13:00:00,6.840,282.000,423.500,97.000,15.100
2019-10-16 14:00:00,6.260,233.000,406.500,86.000,15.700
2019-10-16 15:00:00,5.620,123.000,177.500,78.000,15.500
2019-10-16 16:00:00,6.120,43.000,75.300,34.000,15.000
2019-10-16 17:00:00,6.850,1.000,0.000,1.000,14.300
2019-10-16 18:00:00,7.110,0.000,0.000,0.000,14.000
2019-10-16 19:00:00,6.990,0.000,0.000,0.000,14.000
2019-10-16 20:00:00,6.950,0.000,0.000,0.000,13.900
2019-10-16 21:00:00,7.020,0.000,0.000,0.000,13.800
2019-10-16 22:00:00,7.560,0.000,0.000,0.000,13.900
2019-10-16 23:00:00,7.380,0.000,0.000,0.000,14.200
2019-10-17 00:00:00,7.520,0.000,0.000,0.000,14.300
2019-10-17 01:00:00,7.870,0.000,0.000,0.000,14.500
2019-10-17 02:00:00,7.580,0.000,0.000,0.000,14.600
2019-10-17 03:00:00,7.340,0.000,0.000,0.000,14.300
2019-10-17 04:00:00,7.980,0.000,0.000,0.000,13.800
2019-10-17 05:00:00,8.320,0.000,0.000,0.000,13.600
2019-10-17 06:00:00,8.340,0.000,0.000,0.000,13.700
2019-10-17 07:00:00,8.180,11.000,0.000,11.000,14.000
2019-10-17 08:00:00,7.820,54.000,13.200,51.000,14.400
2019-10-17 09:00:00,7.270,113.000,47.100,97.000,14.700
2019-10-17 10:00:00,6.520,125.000,30.900,112.000,15.900
2019-10-17 11:00:00,8.520,119.000,30.100,105.000,16.000
2019-10-17 12:00:00,6.880,154.000,27.800,141.000,16.300
2019-10-17 13:00:00,6.760,172.000,141.500,111.000,16.500
2019-10-17 14:00:00,6.080,155.000,146.200,103.000,16.700
2019-10-17 15:00:00,5.030,115.000,270.600,48.000,16.700
2019-10-17 16:00:00,4.390,43.000,175.800,23.000,15.500
2019-10-17 17:00:00,4.900,1.000,0.000,1.000,15.200
2019-10-17 18:00:00,5.350,0.000,0.000,0.000,14.900
2019-10-17 19:00:00,5.700,0.000,0.000,0.000,14.900
2019-10-17 20:00:00,6.410,0.000,0.000,0.000,14.100
2019-10-17 21:00:00,7.000,0.000,0.000,0.000,14.000
2019-10-17 22:00:00,7.000,0.000,0.000,0.000,14.200
2019-10-17 23:00:00,6.910,0.000,0.000,0.000,14.200
2019-10-18 00:00:00,6.930,0.000,0.000,0.000,14.200
2019-10-18 01:00:00,6.430,0.000,0.000,0.000,14.200
2019-10-18 02:00:00,6.530,0.000,0.000,0.000,13.800
2019-10-18 03:00:00,6.530,0.000,0.000,0.000,13.400
2019-10-18 04:00:00,5.830,0.000,0.000,0.000,13.200
2019-10-18 05:00:00,6.460,0.000,0.000,0.000,12.700
2019-10-18 06:00:00,7.350,0.000,0.000,0.000,13.000
2019-10-18 07:00:00,7.620,36.000,148.000,22.000,13.600
2019-10-18 08:00:00,7.910,88.000,67.600,73.000,14.400
2019-10-18 09:00:00,7.200,158.000,101.600,124.000,15.400
2019-10-18 10:00:00,8.670,241.000,178.100,167.000,16.100
2019-10-18 11:00:00,9.820,298.000,222.200,196.000,16.900
2019-10-18 12:00:00,10.790,280.000,311.400,136.000,17.400
2019-10-18 13:00:00,11.390,285.000,324.600,147.000,17.500
2019-10-18 14:00:00,10.540,165.000,140.000,116.000,14.900
2019-10-18 15:00:00,10.540,102.000,161.300,63.000,13.700
2019-10-18 16:00:00,10.730,35.000,111.100,23.000,13.500
2019-10-18 17:00:00,9.790,1.000,0.000,1.000,12.500
2019-10-18 18:00:00,9.010,0.000,0.000,0.000,11.900
2019-10-18 19:00:00,8.980,0.000,0.000,0.000,11.600
2019-10-18 20:00:00,8.780,0.000,0.000,0.000,11.100
2019-10-18 21:00:00,8.320,0.000,0.000,0.000,10.900
2019-10-18 22:00:00,8.180,0.000,0.000,0.000,10.400
2019-10-18 23:00:00,7.700,0.000,0.000,0.000,10.300
2019-10-19 00:00:00,7.690,0.000,0.000,0.000,10.100
2019-10-19 01:00:00,7.600,0.000,0.000,0.000,10.100
2019-10-19 02:00:00,7.330,0.000,0.000,0.000,10.000
2019-10-19 03:00:00,7.980,0.000,0.000,0.000,9.900
2019-10-19 04:00:00,8.100,0.000,0.000,0.000,10.000
2019-10-19 05:00:00,7.680,0.000,0.000,0.000,9.900
2019-10-19 06:00:00,7.800,0.000,0.000,0.000,10.100
2019-10-19 07:00:00,8.010,27.000,10.900,26.000,10.700
2019-10-19 08:00:00,7.700,94.000,23.100,89.000,12.100
2019-10-19 09:00:00,7.000,232.000,343.100,119.000,13.300
2019-10-19 10:00:00,9.140,337.000,563.200,106.000,14.700
2019-10-19 11:00:00,8.760,352.000,456.400,145.000,15.400
2019-10-19 12:00:00,7.770,309.000,264.900,188.000,16.100
2019-10-19 13:00:00,7.690,207.000,121.600,156.000,16.200
2019-10-19 14:00:00,7.810,160.000,171.500,101.000,16.500
2019-10-19 15:00:00,7.300,68.000,38.100,59.000,16.200
2019-10-19 16:00:00,6.900,24.000,58.400,18.000,15.800
2019-10-19 17:00:00,6.130,1.000,0.000,1.000,14.600
2019-10-19 18:00:00,4.880,0.000,0.000,0.000,13.800
2019-10-19 19:00:00,4.520,0.000,0.000,0.000,13.400
2019-10-19 20:00:00,5.390,0.000,0.000,0.000,13.200
2019-10-19 21:00:00,6.230,0.000,0.000,0.000,13.200
2019-10-19 22:00:00,5.130,0.000,0.000,0.000,13.100
2019-10-19 23:00:00,5.160,0.000,0.000,0.000,12.800
2019-10-20 00:00:00,4.920,0.000,0.000,0.000,12.600
2019-10-20 01:00:00,4.190,0.000,0.000,0.000,12.400
2019-10-20 02:00:00,4.020,0.000,0.000,0.000,12.400
2019-10-20 03:00:00,3.860,0.000,0.000,0.000,12.100
2019-10-20 04:00:00,3.320,0.000,0.000,0.000,12.000
2019-10-20 05:00:00,3.350,0.000,0.000,0.000,12.400
2019-10-20 06:00:00,3.110,0.000,0.000,0.000,12.400
2019-10-20 07:00:00,2.800,20.000,22.300,18.000,12.400
2019-10-20 08:00:00,2.210,34.000,18.900,30.000,12.800
2019-10-20 09:00:00,1.730,35.000,3.100,34.000,13.400
2019-10-20 10:00:00,1.170,77.000,59.300,53.000,13.700
2019-10-20 11:00:00,1.840,121.000,60.300,94.000,13.900
2019-10-20 12:00:00,2.000,113.000,59.900,86.000,14.400
2019-10-20 13:00:00,3.140,117.000,2.400,116.000,14.300
2019-10-20 14:00:00,3.700,116.000,53.200,98.000,14.400
2019-10-20 15:00:00,5.100,60.000,8.700,58.000,14.000
2019-10-20 16:00:00,6.010,18.000,20.000,16.000,14.000
2019-10-20 17:00:00,5.860,0.000,0.000,0.000,13.500
2019-10-20 18:00:00,5.770,0.000,0.000,0.000,13.200
2019-10-20 19:00:00,6.320,0.000,0.000,0.000,13.100
2019-10-20 20:00:00,6.360,0.000,0.000,0.000,13.100
2019-10-20 21:00:00,5.770,0.000,0.000,0.000,13.100
2019-10-20 22:00:00,4.400,0.000,0.000,0.000,13.000
2019-10-20 23:00:00,3.960,0.000,0.000,0.000,12.800
2019-10-21 00:00:00,2.510,0.000,0.000,0.000,12.800
2019-10-21 01:00:00,2.260,0.000,0.000,0.000,12.700
2019-10-21 02:00:00,3.570,0.000,0.000,0.000,12.200
2019-10-21 03:00:00,3.720,0.000,0.000,0.000,12.200
2019-10-21 04:00:00,2.330,0.000,0.000,0.000,12.300
2019-10-21 05:00:00,2.370,0.000,0.000,0.000,12.400
2019-10-21 06:00:00,3.190,0.000,0.000,0.000,12.600
2019-10-21 07:00:00,3.960,20.000,11.500,19.000,12.700
2019-10-21 08:00:00,3.910,89.000,125.600,63.000,13.000
2019-10-21 09:00:00,3.910,102.000,37.600,90.000,14.000
2019-10-21 10:00:00,3.670,204.000,245.300,106.000,15.500
2019-10-21 11:00:00,3.040,332.000,485.800,117.000,17.200
2019-10-21 12:00:00,3.420,187.000,127.900,130.000,17.800
2019-10-21 13:00:00,3.160,139.000,83.300,105.000,17.800
2019-10-21 14:00:00,3.540,228.000,369.800,105.000,18.200
2019-10-21 15:00:00,3.920,137.000,276.100,75.000,17.700
2019-10-21 16:00:00,4.640,44.000,123.900,32.000,16.500
2019-10-21 17:00:00,5.480,0.000,0.000,0.000,15.300
2019-10-21 18:00:00,5.330,0.000,0.000,0.000,14.300
2019-10-21 19:00:00,5.140,0.000,0.000,0.000,13.800
2019-10-21 20:00:00,5.460,0.000,0.000,0.000,12.900
2019-10-21 21:00:00,5.250,0.000,0.000,0.000,12.600
2019-10-21 22:00:00,5.730,0.000,0.000,0.000,12.500
2019-10-21 23:00:00,4.620,0.000,0.000,0.000,11.600
2019-10-22 00:00:00,4.920,0.000,0.000,0.000,10.800
2019-10-22 01:00:00,4.280,0.000,0.000,0.000,10.800
2019-10-22 02:00:00,4.900,0.000,0.000,0.000,10.500
2019-10-22 03:00:00,5.800,0.000,0.000,0.000,10.200
2019-10-22 04:00:00,6.060,0.000,0.000,0.000,9.800
2019-10-22 05:00:00,6.380,0.000,0.000,0.000,9.700
2019-10-22 06:00:00,5.830,0.000,0.000,0.000,9.700
2019-10-22 07:00:00,6.170,28.000,82.800,21.000,9.900
2019-10-22 08:00:00,6.010,126.000,336.500,58.000,11.200
2019-10-22 09:00:00,4.880,217.000,401.300,91.000,12.100
2019-10-22 10:00:00,5.950,306.000,515.000,103.000,13.400
2019-10-22 11:00:00,6.020,284.000,258.500,171.000,13.600
2019-10-22 12:00:00,5.570,201.000,90.900,161.000,13.900
2019-10-22 13:00:00,5.160,137.000,14.900,131.000,14.100
2019-10-22 14:00:00,4.180,91.000,0.000,91.000,14.000
2019-10-22 15:00:00,4.020,62.000,41.100,53.000,13.700
2019-10-22 16:00:00,3.830,28.000,21.300,26.000,13.700
2019-10-22 17:00:00,3.620,0.000,0.000,0.000,12.700
2019-10-22 18:00:00,3.040,0.000,0.000,0.000,11.700
2019-10-22 19:00:00,2.830,0.000,0.000,0.000,11.100
2019-10-22 20:00:00,2.610,0.000,0.000,0.000,10.700
2019-10-22 21:00:00,2.390,0.000,0.000,0.000,10.100
2019-10-22 22:00:00,1.970,0.000,0.000,0.000,8.900
2019-10-22 23:00:00,2.210,0.000,0.000,0.000,8.400
2019-10-23 00:00:00,2.500,0.000,0.000,0.000,8.400
2019-10-23 01:00:00,2.820,0.000,0.000,0.000,7.900
2019-10-23 02:00:00,3.360,0.000,0.000,0.000,7.600
2019-10-23 03:00:00,4.060,0.000,0.000,0.000,7.400
2019-10-23 04:00:00,4.320,0.000,0.000,0.000,7.500
2019-10-23 05:00:00,4.340,0.000,0.000,0.000,7.500
2019-10-23 06:00:00,4.470,0.000,0.000,0.000,8.200
2019-10-23 07:00:00,4.480,23.000,109.700,14.000,8.600
2019-10-23 08:00:00,4.430,62.000,101.400,42.000,9.800
2019-10-23 09:00:00,3.960,82.000,61.500,63.000,10.500
2019-10-23 10:00:00,4.460,287.000,447.400,113.000,12.100
2019-10-23 11:00:00,4.610,314.000,456.300,117.000,13.700
2019-10-23 12:00:00,4.880,336.000,469.600,132.000,14.600
2019-10-23 13:00:00,5.730,249.000,254.500,148.000,15.200
2019-10-23 14:00:00,6.190,180.000,211.500,112.000,15.300
2019-10-23 15:00:00,6.090,105.000,121.800,79.000,14.900
2019-10-23 16:00:00,5.950,27.000,54.900,22.000,14.700
2019-10-23 17:00:00,6.550,0.000,0.000,0.000,14.100
2019-10-23 18:00:00,6.800,0.000,0.000,0.000,13.500
2019-10-23 19:00:00,7.210,0.000,0.000,0.000,13.300
2019-10-23 20:00:00,7.410,0.000,0.000,0.000,12.900
2019-10-23 21:00:00,7.440,0.000,0.000,0.000,12.700
2019-10-23 22:00:00,7.210,0.000,0.000,0.000,13.100
2019-10-23 23:00:00,7.150,0.000,0.000,0.000,13.100
2019-10-24 00:00:00,6.450,0.000,0.000,0.000,12.700
2019-10-24 01:00:00,6.300,0.000,0.000,0.000,12.100
2019-10-24 02:00:00,6.030,0.000,0.000,0.000,12.200
2019-10-24 03:00:00,4.740,0.000,0.000,0.000,11.900
2019-10-24 04:00:00,3.950,0.000,0.000,0.000,11.700
2019-10-24 05:00:00,4.490,0.000,0.000,0.000,11.600
2019-10-24 06:00:00,5.440,0.000,0.000,0.000,11.600
2019-10-24 07:00:00,5.970,25.000,50.300,21.000,11.500
2019-10-24 08:00:00,5.310,109.000,182.000,74.000,11.800
2019-10-24 09:00:00,4.050,205.000,358.700,96.000,12.300
2019-10-24 10:00:00,3.610,317.000,565.600,100.000,14.000
2019-10-24 11:00:00,3.830,376.000,666.100,92.000,15.200
2019-10-24 12:00:00,5.220,386.000,713.300,80.000,16.400
2019-10-24 13:00:00,5.740,338.000,661.800,79.000,16.900
2019-10-24 14:00:00,3.540,253.000,572.800,72.000,17.200
2019-10-24 15:00:00,3.110,145.000,422.900,57.000,17.000
2019-10-24 16:00:00,6.020,41.000,215.100,22.000,16.200
2019-10-24 17:00:00,6.990,0.000,0.000,0.000,15.200
2019-10-24 18:00:00,7.890,0.000,0.000,0.000,14.900
2019-10-24 19:00:00,8.470,0.000,0.000,0.000,15.000
2019-10-24 20:00:00,8.820,0.000,0.000,0.000,14.900
2019-10-24 21:00:00,8.420,0.000,0.000,0.000,14.500
2019-10-24 22:00:00,9.630,0.000,0.000,0.000,14.700
2019-10-24 23:00:00,9.490,0.000,0.000,0.000,14.700
2019-10-25 00:00:00,8.820,0.000,0.000,0.000,15.000
2019-10-25 01:00:00,8.070,0.000,0.000,0.000,15.100
2019-10-25 02:00:00,7.470,0.000,0.000,0.000,14.600
2019-10-25 03:00:00,7.640,0.000,0.000,0.000,14.000
2019-10-25 04:00:00,8.010,0.000,0.000,0.000,14.000
2019-10-25 05:00:00,8.150,0.000,0.000,0.000,14.000
2019-10-25 06:00:00,8.740,0.000,0.000,0.000,13.600
2019-10-25 07:00:00,9.080,20.000,26.000,18.000,13.500
2019-10-25 08:00:00,8.590,83.000,96.000,65.000,14.000
2019-10-25 09:00:00,8.100,173.000,170.700,122.000,14.100
2019-10-25 10:00:00,6.900,227.000,169.100,163.000,14.900
2019-10-25 11:00:00,7.180,271.000,180.500,195.000,15.400
2019-10-25 12:00:00,7.520,352.000,528.800,128.000,16.100
2019-10-25 13:00:00,7.600,279.000,409.400,121.000,16.400
2019-10-25 14:00:00,7.140,173.000,276.900,87.000,16.300
2019-10-25 15:00:00,6.530,115.000,276.100,59.000,15.600
2019-10-25 16:00:00,6.820,32.000,140.200,20.000,14.600
2019-10-25 17:00:00,6.930,0.000,0.000,0.000,13.300
2019-10-25 18:00:00,7.020,0.000,0.000,0.000,12.500
2019-10-25 19:00:00,7.530,0.000,0.000,0.000,12.300
2019-10-25 20:00:00,7.970,0.000,0.000,0.000,12.500
2019-10-25 21:00:00,8.790,0.000,0.000,0.000,12.700
2019-10-25 22:00:00,9.850,0.000,0.000,0.000,12.900
2019-10-25 23:00:00,9.860,0.000,0.000,0.000,13.000
2019-10-26 00:00:00,10.070,0.000,0.000,0.000,13.000
2019-10-26 01:00:00,10.470,0.000,0.000,0.000,13.000
2019-10-26 02:00:00,10.430,0.000,0.000,0.000,13.300
2019-10-26 03:00:00,10.400,0.000,0.000,0.000,13.500
2019-10-26 04:00:00,10.420,0.000,0.000,0.000,13.500
2019-10-26 05:00:00,10.470,0.000,0.000,0.000,13.500
2019-10-26 06:00:00,10.470,0.000,0.000,0.000,13.500
2019-10-26 07:00:00,10.260,17.000,40.200,14.000,13.700
2019-10-26 08:00:00,9.990,82.000,104.000,63.000,14.700
2019-10-26 09:00:00,8.520,188.000,299.500,100.000,15.600
2019-10-26 10:00:00,8.070,267.000,380.300,125.000,17.000
2019-10-26 11:00:00,8.370,327.000,473.800,130.000,17.900
2019-10-26 12:00:00,8.780,348.000,542.700,121.000,18.600
2019-10-26 13:00:00,9.130,319.000,567.600,103.000,18.800
2019-10-26 14:00:00,9.960,215.000,321.000,117.000,19.100
2019-10-26 15:00:00,9.980,131.000,329.000,66.000,18.600
2019-10-26 16:00:00,9.930,31.000,96.500,23.000,17.600
2019-10-26 17:00:00,10.010,0.000,0.000,0.000,16.500
2019-10-26 18:00:00,10.270,0.000,0.000,0.000,16.400
2019-10-26 19:00:00,10.690,0.000,0.000,0.000,16.300
2019-10-26 20:00:00,10.850,0.000,0.000,0.000,16.500
2019-10-26 21:00:00,10.900,0.000,0.000,0.000,16.300
2019-10-26 22:00:00,11.690,0.000,0.000,0.000,16.300
2019-10-26 23:00:00,11.460,0.000,0.000,0.000,16.500
2019-10-27 00:00:00,11.240,0.000,0.000,0.000,16.600
2019-10-27 01:00:00,11.340,0.000,0.000,0.000,16.800
2019-10-27 02:00:00,11.530,0.000,0.000,0.000,16.900
2019-10-27 03:00:00,11.500,0.000,0.000,0.000,15.400
2019-10-27 04:00:00,10.180,0.000,0.000,0.000,15.100
2019-10-27 05:00:00,9.340,0.000,0.000,0.000,13.100
2019-10-27 06:00:00,9.170,0.000,0.000,0.000,10.800
2019-10-27 07:00:00,8.770,3.000,0.000,3.000,10.100
2019-10-27 08:00:00,7.890,36.000,28.100,31.000,9.900
2019-10-27 09:00:00,7.450,99.000,121.200,64.000,9.900
2019-10-27 10:00:00,7.940,189.000,130.400,141.000,10.200
2019-10-27 11:00:00,7.910,246.000,185.100,170.000,10.700
2019-10-27 12:00:00,7.940,235.000,138.000,178.000,11.100
2019-10-27 13:00:00,8.030,159.000,50.600,140.000,11.200
2019-10-27 14:00:00,8.140,138.000,70.000,117.000,11.100
2019-10-27 15:00:00,7.000,103.000,109.100,82.000,10.500
2019-10-27 16:00:00,6.530,27.000,74.800,21.000,9.900
2019-10-27 17:00:00,6.870,0.000,0.000,0.000,9.000
2019-10-27 18:00:00,7.370,0.000,0.000,0.000,8.600
2019-10-27 19:00:00,7.750,0.000,0.000,0.000,8.400
2019-10-27 20:00:00,7.860,0.000,0.000,0.000,8.200
2019-10-27 21:00:00,8.040,0.000,0.000,0.000,7.900
2019-10-27 22:00:00,8.580,0.000,0.000,0.000,7.800
2019-10-27 23:00:00,8.580,0.000,0.000,0.000,7.400
2019-10-28 00:00:00,8.570,0.000,0.000,0.000,7.000
2019-10-28 01:00:00,8.490,0.000,0.000,0.000,6.800
2019-10-28 02:00:00,8.250,0.000,0.000,0.000,6.600
2019-10-28 03:00:00,8.140,0.000,0.000,0.000,6.400
2019-10-28 04:00:00,7.730,0.000,0.000,0.000,6.300
2019-10-28 05:00:00,7.340,0.000,0.000,0.000,5.900
2019-10-28 06:00:00,6.970,0.000,0.000,0.000,5.600
2019-10-28 07:00:00,6.710,21.000,114.800,13.000,5.600
2019-10-28 08:00:00,6.260,113.000,363.900,50.000,6.900
2019-10-28 09:00:00,6.070,207.000,479.100,71.000,7.800
2019-10-28 10:00:00,6.300,302.000,578.400,92.000,9.800
2019-10-28 11:00:00,5.200,298.000,476.200,105.000,10.800
2019-10-28 12:00:00,5.230,298.000,463.700,109.000,11.000
2019-10-28 13:00:00,5.410,247.000,419.000,92.000,11.400
2019-10-28 14:00:00,5.710,210.000,457.900,75.000,11.300
2019-10-28 15:00:00,5.980,111.000,336.400,48.000,10.300
2019-10-28 16:00:00,5.300,25.000,129.000,15.000,9.400
2019-10-28 17:00:00,5.180,0.000,0.000,0.000,8.100
2019-10-28 18:00:00,5.280,0.000,0.000,0.000,7.100
2019-10-28 19:00:00,5.320,0.000,0.000,0.000,6.400
2019-10-28 20:00:00,5.280,0.000,0.000,0.000,6.000
2019-10-28 21:00:00,4.960,0.000,0.000,0.000,5.400
2019-10-28 22:00:00,4.420,0.000,0.000,0.000,5.000
2019-10-28 23:00:00,3.820,0.000,0.000,0.000,4.600
2019-10-29 00:00:00,2.970,0.000,0.000,0.000,4.400
2019-10-29 01:00:00,3.340,0.000,0.000,0.000,3.600
2019-10-29 02:00:00,3.820,0.000,0.000,0.000,3.200
2019-10-29 03:00:00,3.690,0.000,0.000,0.000,2.800
2019-10-29 04:00:00,3.580,0.000,0.000,0.000,2.700
2019-10-29 05:00:00,3.580,0.000,0.000,0.000,2.200
2019-10-29 06:00:00,3.620,0.000,0.000,0.000,0.800
2019-10-29 07:00:00,3.480,20.000,119.000,12.000,1.600
2019-10-29 08:00:00,2.790,110.000,368.400,48.000,3.300
2019-10-29 09:00:00,2.210,223.000,527.100,76.000,4.700
2019-10-29 10:00:00,2.820,314.000,634.200,87.000,7.200
2019-10-29 11:00:00,3.380,323.000,572.400,94.000,8.500
2019-10-29 12:00:00,3.620,295.000,422.500,125.000,9.400
2019-10-29 13:00:00,3.770,183.000,230.300,99.000,9.600
2019-10-29 14:00:00,3.760,158.000,283.200,76.000,9.700
2019-10-29 15:00:00,3.540,67.000,115.300,46.000,9.200
2019-10-29 16:00:00,3.700,17.000,80.100,11.000,8.100
2019-10-29 17:00:00,4.220,0.000,0.000,0.000,6.600
2019-10-29 18:00:00,4.490,0.000,0.000,0.000,5.600
2019-10-29 19:00:00,4.890,0.000,0.000,0.000,4.700
2019-10-29 20:00:00,5.150,0.000,0.000,0.000,3.800
2019-10-29 21:00:00,5.230,0.000,0.000,0.000,3.400
2019-10-29 22:00:00,5.070,0.000,0.000,0.000,3.000
2019-10-29 23:00:00,4.850,0.000,0.000,0.000,2.500
2019-10-30 00:00:00,4.590,0.000,0.000,0.000,1.800
2019-10-30 01:00:00,4.470,0.000,0.000,0.000,1.300
2019-10-30 02:00:00,4.430,0.000,0.000,0.000,0.100
2019-10-30 03:00:00,4.300,0.000,0.000,0.000,-0.700
2019-10-30 04:00:00,4.300,0.000,0.000,0.000,-1.100
2019-10-30 05:00:00,4.300,0.000,0.000,0.000,-1.300
2019-10-30 06:00:00,4.200,0.000,0.000,0.000,-1.900
2019-10-30 07:00:00,4.320,19.000,123.500,11.000,-1.400
2019-10-30 08:00:00,3.920,109.000,348.600,52.000,0.400
2019-10-30 09:00:00,2.920,221.000,533.000,75.000,2.800
2019-10-30 10:00:00,2.260,280.000,462.000,117.000,6.400
2019-10-30 11:00:00,2.400,331.000,580.000,102.000,7.600
2019-10-30 12:00:00,2.630,295.000,408.000,133.000,8.100
2019-10-30 13:00:00,3.030,258.000,358.900,129.000,8.200
2019-10-30 14:00:00,3.340,215.000,439.500,90.000,8.200
2019-10-30 15:00:00,3.630,114.000,293.500,62.000,7.200
2019-10-30 16:00:00,4.210,25.000,138.300,15.000,5.500
2019-10-30 17:00:00,4.800,0.000,0.000,0.000,3.800
2019-10-30 18:00:00,5.020,0.000,0.000,0.000,2.600
2019-10-30 19:00:00,5.200,0.000,0.000,0.000,2.100
2019-10-30 20:00:00,5.280,0.000,0.000,0.000,1.800
2019-10-30 21:00:00,5.280,0.000,0.000,0.000,1.600
2019-10-30 22:00:00,5.690,0.000,0.000,0.000,0.200
2019-10-30 23:00:00,5.610,0.000,0.000,0.000,-0.100
2019-10-31 00:00:00,5.160,0.000,0.000,0.000,-0.900
2019-10-31 01:00:00,4.700,0.000,0.000,0.000,-1.200
2019-10-31 02:00:00,4.560,0.000,0.000,0.000,-1.500
2019-10-31 03:00:00,4.640,0.000,0.000,0.000,-1.700
2019-10-31 04:00:00,4.520,0.000,0.000,0.000,-1.500
2019-10-31 05:00:00,4.470,0.000,0.000,0.000,-1.600
2019-10-31 06:00:00,5.030,0.000,0.000,0.000,-1.500
2019-10-31 07:00:00,5.350,18.000,128.400,10.000,-1.600
2019-10-31 08:00:00,4.830,115.000,434.800,46.000,0.200
2019-10-31 09:00:00,3.620,229.000,617.300,63.000,1.900
2019-10-31 10:00:00,3.070,319.000,710.400,72.000,5.100
2019-10-31 11:00:00,3.350,367.000,741.700,78.000,6.600
2019-10-31 12:00:00,3.810,368.000,737.500,79.000,7.800
2019-10-31 13:00:00,4.220,324.000,702.900,75.000,8.200
2019-10-31 14:00:00,4.490,240.000,623.000,66.000,8.400
2019-10-31 15:00:00,5.050,128.000,464.700,48.000,7.600
2019-10-31 16:00:00,6.020,25.000,172.100,13.000,6.600
2019-10-31 17:00:00,6.800,0.000,0.000,0.000,4.500
2019-10-31 18:00:00,7.170,0.000,0.000,0.000,3.300
2019-10-31 19:00:00,6.890,0.000,0.000,0.000,2.700
2019-10-31 20:00:00,6.770,0.000,0.000,0.000,2.000
2019-10-31 21:00:00,6.570,0.000,0.000,0.000,1.700
2019-10-31 22:00:00,6.800,0.000,0.000,0.000,0.800
2019-10-31 23:00:00,6.440,0.000,0.000,0.000,0.400
2019-11-01 00:00:00,6.290,0.000,0.000,0.000,-0.000
2019-11-01 01:00:00,6.290,0.000,0.000,0.000,-0.200
2019-11-01 02:00:00,5.950,0.000,0.000,0.000,-0.600
2019-11-01 03:00:00,5.830,0.000,0.000,0.000,-1.200
2019-11-01 04:00:00,5.880,0.000,0.000,0.000,-1.400
2019-11-01 05:00:00,5.910,0.000,0.000,0.000,-1.200
2019-11-01 06:00:00,6.130,0.000,0.000,0.000,-1.200
2019-11-01 07:00:00,6.410,16.000,100.200,10.000,-0.900
2019-11-01 08:00:00,6.570,105.000,337.800,53.000,0.300
2019-11-01 09:00:00,5.510,194.000,348.500,102.000,1.700
2019-11-01 10:00:00,5.200,243.000,274.400,149.000,3.400
2019-11-01 11:00:00,5.480,252.000,280.900,144.000,4.800
2019-11-01 12:00:00,5.550,202.000,116.400,157.000,5.600
2019-11-01 13:00:00,6.140,104.000,20.100,97.000,5.500
2019-11-01 14:00:00,6.140,37.000,0.000,37.000,5.400
2019-11-01 15:00:00,6.600,13.000,0.000,13.000,5.300
2019-11-01 16:00:00,6.900,2.000,0.000,2.000,5.500
2019-11-01 17:00:00,7.030,0.000,0.000,0.000,5.700
2019-11-01 18:00:00,7.370,0.000,0.000,0.000,6.100
2019-11-01 19:00:00,7.480,0.000,0.000,0.000,6.400
2019-11-01 20:00:00,7.570,0.000,0.000,0.000,6.600
2019-11-01 21:00:00,7.960,0.000,0.000,0.000,6.800
2019-11-01 22:00:00,7.650,0.000,0.000,0.000,7.600
2019-11-01 23:00:00,7.780,0.000,0.000,0.000,8.200
2019-11-02 00:00:00,7.690,0.000,0.000,0.000,9.100
2019-11-02 01:00:00,7.710,0.000,0.000,0.000,9.700
2019-11-02 02:00:00,7.680,0.000,0.000,0.000,10.100
2019-11-02 03:00:00,7.820,0.000,0.000,0.000,10.100
2019-11-02 04:00:00,7.590,0.000,0.000,0.000,10.100
2019-11-02 05:00:00,7.910,0.000,0.000,0.000,10.200
2019-11-02 06:00:00,8.220,0.000,0.000,0.000,11.000
2019-11-02 07:00:00,8.730,5.000,0.000,5.000,11.900
2019-11-02 08:00:00,9.080,34.000,6.700,33.000,12.600
2019-11-02 09:00:00,8.510,44.000,0.000,44.000,13.100
2019-11-02 10:00:00,8.560,103.000,59.300,83.000,14.100
2019-11-02 11:00:00,7.570,128.000,87.000,95.000,15.000
2019-11-02 12:00:00,7.510,205.000,291.000,94.000,15.900
2019-11-02 13:00:00,7.470,198.000,328.500,85.000,16.200
2019-11-02 14:00:00,7.310,127.000,167.200,82.000,16.000
2019-11-02 15:00:00,7.820,56.000,86.200,42.000,14.700
2019-11-02 16:00:00,7.960,12.000,46.400,9.000,13.900
2019-11-02 17:00:00,7.190,0.000,0.000,0.000,13.000
2019-11-02 18:00:00,8.000,0.000,0.000,0.000,12.200
2019-11-02 19:00:00,8.690,0.000,0.000,0.000,12.200
2019-11-02 20:00:00,8.900,0.000,0.000,0.000,12.200
2019-11-02 21:00:00,8.510,0.000,0.000,0.000,12.100
2019-11-02 22:00:00,7.650,0.000,0.000,0.000,12.300
2019-11-02 23:00:00,7.130,0.000,0.000,0.000,12.100
2019-11-03 00:00:00,6.870,0.000,0.000,0.000,11.800
2019-11-03 01:00:00,7.070,0.000,0.000,0.000,11.100
2019-11-03 02:00:00,7.300,0.000,0.000,0.000,10.900
2019-11-03 03:00:00,7.210,0.000,0.000,0.000,10.700
2019-11-03 04:00:00,6.770,0.000,0.000,0.000,10.500
2019-11-03 05:00:00,6.730,0.000,0.000,0.000,10.100
2019-11-03 06:00:00,6.610,0.000,0.000,0.000,9.900
2019-11-03 07:00:00,6.450,8.000,0.000,8.000,10.000
2019-11-03 08:00:00,6.050,59.000,27.700,55.000,10.600
2019-11-03 09:00:00,5.810,67.000,15.700,63.000,11.000
2019-11-03 10:00:00,4.710,127.000,75.200,102.000,12.200
2019-11-03 11:00:00,5.180,215.000,243.200,124.000,13.200
2019-11-03 12:00:00,4.330,214.000,249.700,120.000,13.600
2019-11-03 13:00:00,3.910,216.000,354.100,96.000,14.200
2019-11-03 14:00:00,3.740,144.000,261.100,75.000,14.000
2019-11-03 15:00:00,4.360,48.000,76.200,36.000,13.600
2019-11-03 16:00:00,5.100,10.000,32.200,8.000,12.900
2019-11-03 17:00:00,5.000,0.000,0.000,0.000,12.000
2019-11-03 18:00:00,5.460,0.000,0.000,0.000,11.600
2019-11-03 19:00:00,5.610,0.000,0.000,0.000,11.300
2019-11-03 20:00:00,5.780,0.000,0.000,0.000,11.500
2019-11-03 21:00:00,6.040,0.000,0.000,0.000,11.500
2019-11-03 22:00:00,6.450,0.000,0.000,0.000,11.400
2019-11-03 23:00:00,6.360,0.000,0.000,0.000,11.300
2019-11-04 00:00:00,6.430,0.000,0.000,0.000,11.600
2019-11-04 01:00:00,6.840,0.000,0.000,0.000,11.600
2019-11-04 02:00:00,6.720,0.000,0.000,0.000,11.400
2019-11-04 03:00:00,6.450,0.000,0.000,0.000,11.100
2019-11-04 04:00:00,6.790,0.000,0.000,0.000,11.000
2019-11-04 05:00:00,7.500,0.000,0.000,0.000,10.800
2019-11-04 06:00:00,7.580,0.000,0.000,0.000,10.700
2019-11-04 07:00:00,7.100,2.000,0.000,2.000,10.400
2019-11-04 08:00:00,6.660,35.000,57.300,27.000,10.500
2019-11-04 09:00:00,6.110,86.000,96.300,62.000,11.000
2019-11-04 10:00:00,4.060,161.000,164.900,107.000,11.800
2019-11-04 11:00:00,4.630,168.000,176.100,103.000,12.200
2019-11-04 12:00:00,4.430,139.000,169.700,76.000,12.100
2019-11-04 13:00:00,3.520,71.000,56.900,52.000,12.000
2019-11-04 14:00:00,2.690,107.000,177.400,61.000,12.200
2019-11-04 15:00:00,3.100,55.000,124.300,36.000,11.600
2019-11-04 16:00:00,3.830,10.000,16.700,9.000,11.000
2019-11-04 17:00:00,4.180,0.000,0.000,0.000,10.600
2019-11-04 18:00:00,4.380,0.000,0.000,0.000,10.100
2019-11-04 19:00:00,4.830,0.000,0.000,0.000,10.000
2019-11-04 20:00:00,5.010,0.000,0.000,0.000,9.900
2019-11-04 21:00:00,4.530,0.000,0.000,0.000,9.900
2019-11-04 22:00:00,5.340,0.000,0.000,0.000,9.400
2019-11-04 23:00:00,4.580,0.000,0.000,0.000,9.200
2019-11-05 00:00:00,5.160,0.000,0.000,0.000,8.800
2019-11-05 01:00:00,5.300,0.000,0.000,0.000,9.000
2019-11-05 02:00:00,5.360,0.000,0.000,0.000,8.700
2019-11-05 03:00:00,5.340,0.000,0.000,0.000,8.700
2019-11-05 04:00:00,5.590,0.000,0.000,0.000,8.600
2019-11-05 05:00:00,5.810,0.000,0.000,0.000,8.400
2019-11-05 06:00:00,5.920,0.000,0.000,0.000,8.600
2019-11-05 07:00:00,5.780,3.000,0.000,3.000,8.700
2019-11-05 08:00:00,5.380,34.000,29.600,30.000,9.100
2019-11-05 09:00:00,6.040,79.000,24.600,73.000,9.700
2019-11-05 10:00:00,5.470,98.000,34.100,87.000,10.100
2019-11-05 11:00:00,5.630,145.000,98.900,109.000,10.100
2019-11-05 12:00:00,5.950,148.000,79.200,119.000,10.200
2019-11-05 13:00:00,5.900,151.000,127.700,109.000,9.800
2019-11-05 14:00:00,6.550,103.000,149.300,65.000,9.700
2019-11-05 15:00:00,5.810,46.000,101.200,31.000,9.500
2019-11-05 16:00:00,5.790,9.000,34.800,7.000,8.900
2019-11-05 17:00:00,5.630,0.000,0.000,0.000,8.700
2019-11-05 18:00:00,5.570,0.000,0.000,0.000,8.400
2019-11-05 19:00:00,5.790,0.000,0.000,0.000,8.300
2019-11-05 20:00:00,6.070,0.000,0.000,0.000,8.200
2019-11-05 21:00:00,5.790,0.000,0.000,0.000,8.400
2019-11-05 22:00:00,5.700,0.000,0.000,0.000,7.800
2019-11-05 23:00:00,5.760,0.000,0.000,0.000,7.900
2019-11-06 00:00:00,5.980,0.000,0.000,0.000,7.900
2019-11-06 01:00:00,6.170,0.000,0.000,0.000,8.000
2019-11-06 02:00:00,6.070,0.000,0.000,0.000,8.000
2019-11-06 03:00:00,5.510,0.000,0.000,0.000,7.700
2019-11-06 04:00:00,4.910,0.000,0.000,0.000,7.800
2019-11-06 05:00:00,4.000,0.000,0.000,0.000,7.700
2019-11-06 06:00:00,3.370,0.000,0.000,0.000,7.700
2019-11-06 07:00:00,2.910,1.000,0.000,1.000,7.700
2019-11-06 08:00:00,3.020,10.000,0.000,10.000,7.700
2019-11-06 09:00:00,3.110,29.000,4.200,28.000,7.900
2019-11-06 10:00:00,3.320,45.000,0.000,45.000,8.100
2019-11-06 11:00:00,3.140,73.000,11.100,69.000,8.600
2019-11-06 12:00:00,3.320,111.000,38.700,97.000,8.600
2019-11-06 13:00:00,3.520,118.000,74.100,94.000,8.700
2019-11-06 14:00:00,3.450,115.000,152.100,77.000,8.400
2019-11-06 15:00:00,3.820,54.000,90.500,41.000,7.900
2019-11-06 16:00:00,3.800,5.000,0.000,5.000,7.200
2019-11-06 17:00:00,3.410,0.000,0.000,0.000,6.900
2019-11-06 18:00:00,3.400,0.000,0.000,0.000,6.700
2019-11-06 19:00:00,3.700,0.000,0.000,0.000,6.400
2019-11-06 20:00:00,3.900,0.000,0.000,0.000,6.300
2019-11-06 21:00:00,4.070,0.000,0.000,0.000,6.100
2019-11-06 22:00:00,3.790,0.000,0.000,0.000,5.700
2019-11-06 23:00:00,3.540,0.000,0.000,0.000,5.200
2019-11-07 00:00:00,2.870,0.000,0.000,0.000,4.300
2019-11-07 01:00:00,2.480,0.000,0.000,0.000,3.500
2019-11-07 02:00:00,2.820,0.000,0.000,0.000,2.800
2019-11-07 03:00:00,2.730,0.000,0.000,0.000,2.500
2019-11-07 04:00:00,2.410,0.000,0.000,0.000,3.400
2019-11-07 05:00:00,2.830,0.000,0.000,0.000,3.600
2019-11-07 06:00:00,3.320,0.000,0.000,0.000,3.900
2019-11-07 07:00:00,3.690,4.000,0.000,4.000,4.300
2019-11-07 08:00:00,3.940,35.000,23.900,32.000,5.400
2019-11-07 09:00:00,4.410,100.000,123.500,71.000,6.700
2019-11-07 10:00:00,5.390,140.000,89.500,112.000,7.400
2019-11-07 11:00:00,5.660,146.000,45.200,130.000,8.300
2019-11-07 12:00:00,5.640,195.000,216.000,118.000,9.600
2019-11-07 13:00:00,4.830,130.000,62.600,110.000,10.000
2019-11-07 14:00:00,5.040,82.000,40.800,72.000,10.100
2019-11-07 15:00:00,6.160,47.000,7.200,46.000,9.800
2019-11-07 16:00:00,7.220,5.000,0.000,5.000,9.300
2019-11-07 17:00:00,7.550,0.000,0.000,0.000,9.000
2019-11-07 18:00:00,7.750,0.000,0.000,0.000,9.100
2019-11-07 19:00:00,7.770,0.000,0.000,0.000,9.300
2019-11-07 20:00:00,7.160,0.000,0.000,0.000,8.900
2019-11-07 21:00:00,7.180,0.000,0.000,0.000,8.500
2019-11-07 22:00:00,6.740,0.000,0.000,0.000,7.700
2019-11-07 23:00:00,6.520,0.000,0.000,0.000,6.800
2019-11-08 00:00:00,6.710,0.000,0.000,0.000,6.200
2019-11-08 01:00:00,7.290,0.000,0.000,0.000,5.800
2019-11-08 02:00:00,6.940,0.000,0.000,0.000,5.400
2019-11-08 03:00:00,6.160,0.000,0.000,0.000,4.800
2019-11-08 04:00:00,5.490,0.000,0.000,0.000,4.400
2019-11-08 05:00:00,5.190,0.000,0.000,0.000,3.700
2019-11-08 06:00:00,5.190,0.000,0.000,0.000,3.100
2019-11-08 07:00:00,5.140,6.000,19.100,5.000,3.200
2019-11-08 08:00:00,4.100,58.000,57.800,51.000,4.000
2019-11-08 09:00:00,2.710,125.000,134.700,94.000,5.200
2019-11-08 10:00:00,1.100,168.000,87.700,141.000,6.600
2019-11-08 11:00:00,0.410,217.000,137.400,169.000,7.800
2019-11-08 12:00:00,1.140,222.000,145.000,171.000,8.700
2019-11-08 13:00:00,1.970,149.000,41.300,136.000,8.900
2019-11-08 14:00:00,2.720,101.000,12.500,98.000,8.700
2019-11-08 15:00:00,3.310,46.000,0.000,46.000,8.300
2019-11-08 16:00:00,3.810,5.000,0.000,5.000,7.600
2019-11-08 17:00:00,4.000,0.000,0.000,0.000,7.100
2019-11-08 18:00:00,3.000,0.000,0.000,0.000,6.500
2019-11-08 19:00:00,2.430,0.000,0.000,0.000,6.000
2019-11-08 20:00:00,2.750,0.000,0.000,0.000,6.000
2019-11-08 21:00:00,2.380,0.000,0.000,0.000,5.900
2019-11-08 22:00:00,1.560,0.000,0.000,0.000,5.600
2019-11-08 23:00:00,1.770,0.000,0.000,0.000,5.400
2019-11-09 00:00:00,1.120,0.000,0.000,0.000,5.000
2019-11-09 01:00:00,1.120,0.000,0.000,0.000,5.000
2019-11-09 02:00:00,2.420,0.000,0.000,0.000,5.100
2019-11-09 03:00:00,3.820,0.000,0.000,0.000,5.200
2019-11-09 04:00:00,4.390,0.000,0.000,0.000,5.300
2019-11-09 05:00:00,4.140,0.000,0.000,0.000,5.200
2019-11-09 06:00:00,3.160,0.000,0.000,0.000,4.900
2019-11-09 07:00:00,2.810,2.000,0.000,2.000,4.600
2019-11-09 08:00:00,3.160,43.000,60.000,36.000,4.800
2019-11-09 09:00:00,2.920,113.000,88.700,93.000,5.600
2019-11-09 10:00:00,2.980,168.000,138.500,126.000,6.800
2019-11-09 11:00:00,3.310,226.000,356.800,103.000,7.500
2019-11-09 12:00:00,4.020,261.000,446.600,106.000,7.900
2019-11-09 13:00:00,4.390,235.000,493.500,82.000,8.200
2019-11-09 14:00:00,4.800,141.000,338.700,61.000,8.100
2019-11-09 15:00:00,5.390,50.000,145.500,31.000,7.600
2019-11-09 16:00:00,4.920,5.000,19.100,4.000,6.600
2019-11-09 17:00:00,4.410,0.000,0.000,0.000,6.100
2019-11-09 18:00:00,4.250,0.000,0.000,0.000,5.000
2019-11-09 19:00:00,5.000,0.000,0.000,0.000,4.800
2019-11-09 20:00:00,5.880,0.000,0.000,0.000,4.100
2019-11-09 21:00:00,5.870,0.000,0.000,0.000,3.500
2019-11-09 22:00:00,5.800,0.000,0.000,0.000,3.500
2019-11-09 23:00:00,5.460,0.000,0.000,0.000,2.800
2019-11-10 00:00:00,5.130,0.000,0.000,0.000,2.100
2019-11-10 01:00:00,4.880,0.000,0.000,0.000,1.700
2019-11-10 02:00:00,5.110,0.000,0.000,0.000,1.200
2019-11-10 03:00:00,5.150,0.000,0.000,0.000,0.700
2019-11-10 04:00:00,4.830,0.000,0.000,0.000,0.100
2019-11-10 05:00:00,4.350,0.000,0.000,0.000,-0.300
2019-11-10 06:00:00,3.890,0.000,0.000,0.000,-0.200
2019-11-10 07:00:00,3.860,4.000,19.100,3.000,-0.300
2019-11-10 08:00:00,3.910,72.000,338.900,34.000,1.300
2019-11-10 09:00:00,3.180,174.000,525.300,58.000,3.200
2019-11-10 10:00:00,2.550,250.000,579.400,77.000,5.000
2019-11-10 11:00:00,1.920,304.000,667.600,77.000,6.200
2019-11-10 12:00:00,1.500,297.000,616.200,86.000,7.000
2019-11-10 13:00:00,1.640,251.000,563.000,79.000,7.300
2019-11-10 14:00:00,1.970,168.000,422.600,70.000,7.500
2019-11-10 15:00:00,2.190,79.000,308.400,40.000,6.500
2019-11-10 16:00:00,2.380,7.000,38.200,5.000,4.200
2019-11-10 17:00:00,2.730,0.000,0.000,0.000,2.900
2019-11-10 18:00:00,3.260,0.000,0.000,0.000,2.100
2019-11-10 19:00:00,4.030,0.000,0.000,0.000,1.400
2019-11-10 20:00:00,4.520,0.000,0.000,0.000,1.000
2019-11-10 21:00:00,4.780,0.000,0.000,0.000,1.000
2019-11-10 22:00:00,4.880,0.000,0.000,0.000,0.700
2019-11-10 23:00:00,5.550,0.000,0.000,0.000,-0.100
2019-11-11 00:00:00,6.090,0.000,0.000,0.000,0.200
2019-11-11 01:00:00,6.410,0.000,0.000,0.000,0.300
2019-11-11 02:00:00,6.410,0.000,0.000,0.000,0.300
2019-11-11 03:00:00,6.260,0.000,0.000,0.000,0.300
2019-11-11 04:00:00,6.450,0.000,0.000,0.000,0.400
2019-11-11 05:00:00,6.480,0.000,0.000,0.000,0.500
2019-11-11 06:00:00,7.010,0.000,0.000,0.000,0.400
2019-11-11 07:00:00,7.210,3.000,0.000,3.000,0.600
2019-11-11 08:00:00,7.200,58.000,204.200,36.000,1.400
2019-11-11 09:00:00,6.710,138.000,240.400,86.000,2.400
2019-11-11 10:00:00,6.350,208.000,333.300,110.000,3.400
2019-11-11 11:00:00,6.200,239.000,345.800,123.000,4.000
2019-11-11 12:00:00,5.910,283.000,541.600,100.000,4.500
2019-11-11 13:00:00,6.170,249.000,534.700,88.000,4.800
2019-11-11 14:00:00,6.680,169.000,421.700,73.000,4.800
2019-11-11 15:00:00,6.550,74.000,236.800,45.000,4.300
2019-11-11 16:00:00,7.060,6.000,19.100,5.000,3.600
2019-11-11 17:00:00,7.670,0.000,0.000,0.000,3.500
2019-11-11 18:00:00,8.100,0.000,0.000,0.000,3.600
2019-11-11 19:00:00,8.540,0.000,0.000,0.000,4.000
2019-11-11 20:00:00,8.310,0.000,0.000,0.000,4.000
2019-11-11 21:00:00,8.390,0.000,0.000,0.000,3.800
2019-11-11 22:00:00,7.940,0.000,0.000,0.000,4.100
2019-11-11 23:00:00,8.290,0.000,0.000,0.000,4.300
2019-11-12 00:00:00,8.300,0.000,0.000,0.000,4.400
2019-11-12 01:00:00,8.410,0.000,0.000,0.000,4.300
2019-11-12 02:00:00,8.420,0.000,0.000,0.000,4.000
2019-11-12 03:00:00,8.190,0.000,0.000,0.000,4.000
2019-11-12 04:00:00,8.420,0.000,0.000,0.000,3.900
2019-11-12 05:00:00,8.600,0.000,0.000,0.000,3.900
2019-11-12 06:00:00,8.540,0.000,0.000,0.000,4.200
2019-11-12 07:00:00,8.420,3.000,19.100,2.000,4.500
2019-11-12 08:00:00,8.320,58.000,270.800,30.000,5.200
2019-11-12 09:00:00,9.590,116.000,254.900,62.000,6.000
2019-11-12 10:00:00,7.500,177.000,269.400,99.000,6.700
2019-11-12 11:00:00,8.450,177.000,172.200,120.000,7.300
2019-11-12 12:00:00,7.790,150.000,128.900,107.000,7.900
2019-11-12 13:00:00,7.240,127.000,101.100,97.000,8.000
2019-11-12 14:00:00,7.540,109.000,178.900,69.000,7.900
2019-11-12 15:00:00,7.720,55.000,168.700,35.000,7.000
2019-11-12 16:00:00,7.900,4.000,19.100,3.000,6.100
2019-11-12 17:00:00,7.910,0.000,0.000,0.000,5.400
2019-11-12 18:00:00,7.120,0.000,0.000,0.000,5.100
2019-11-12 19:00:00,6.040,0.000,0.000,0.000,4.700
2019-11-12 20:00:00,6.630,0.000,0.000,0.000,4.400
2019-11-12 21:00:00,6.630,0.000,0.000,0.000,3.900
2019-11-12 22:00:00,7.230,0.000,0.000,0.000,3.500
2019-11-12 23:00:00,7.200,0.000,0.000,0.000,3.300
2019-11-13 00:00:00,7.020,0.000,0.000,0.000,3.000
2019-11-13 01:00:00,6.710,0.000,0.000,0.000,2.800
2019-11-13 02:00:00,6.680,0.000,0.000,0.000,2.600
2019-11-13 03:00:00,6.790,0.000,0.000,0.000,2.200
2019-11-13 04:00:00,6.820,0.000,0.000,0.000,2.000
2019-11-13 05:00:00,6.970,0.000,0.000,0.000,2.100
2019-11-13 06:00:00,7.220,0.000,0.000,0.000,2.200
2019-11-13 07:00:00,7.260,2.000,0.000,2.000,2.200
2019-11-13 08:00:00,7.180,55.000,181.600,37.000,3.000
2019-11-13 09:00:00,6.770,147.000,409.700,62.000,4.000
2019-11-13 10:00:00,7.960,194.000,343.800,96.000,4.700
2019-11-13 11:00:00,8.240,222.000,321.500,117.000,5.600
2019-11-13 12:00:00,8.040,177.000,179.200,118.000,6.100
2019-11-13 13:00:00,7.840,115.000,54.700,99.000,6.400
2019-11-13 14:00:00,7.420,71.000,27.300,65.000,6.600
2019-11-13 15:00:00,6.360,19.000,0.000,19.000,6.400
2019-11-13 16:00:00,6.310,1.000,0.000,1.000,6.100
2019-11-13 17:00:00,6.410,0.000,0.000,0.000,6.100
2019-11-13 18:00:00,6.600,0.000,0.000,0.000,5.800
2019-11-13 19:00:00,6.550,0.000,0.000,0.000,5.700
2019-11-13 20:00:00,6.320,0.000,0.000,0.000,5.600
2019-11-13 21:00:00,6.110,0.000,0.000,0.000,5.500
2019-11-13 22:00:00,5.830,0.000,0.000,0.000,5.000
2019-11-13 23:00:00,5.950,0.000,0.000,0.000,4.400
2019-11-14 00:00:00,5.890,0.000,0.000,0.000,4.400
2019-11-14 01:00:00,5.880,0.000,0.000,0.000,4.400
2019-11-14 02:00:00,5.920,0.000,0.000,0.000,4.000
2019-11-14 03:00:00,5.840,0.000,0.000,0.000,3.700
2019-11-14 04:00:00,5.900,0.000,0.000,0.000,3.100
2019-11-14 05:00:00,5.660,0.000,0.000,0.000,2.300
2019-11-14 06:00:00,5.540,0.000,0.000,0.000,1.700
2019-11-14 07:00:00,5.650,2.000,0.000,2.000,1.600
2019-11-14 08:00:00,5.550,59.000,326.600,28.000,2.700
2019-11-14 09:00:00,4.980,159.000,526.600,52.000,4.400
2019-11-14 10:00:00,3.840,240.000,616.200,67.000,6.100
2019-11-14 11:00:00,4.130,276.000,589.600,86.000,7.200
2019-11-14 12:00:00,5.150,264.000,486.200,106.000,7.800
2019-11-14 13:00:00,5.540,230.000,485.100,90.000,8.300
2019-11-14 14:00:00,6.140,157.000,384.800,74.000,8.000
2019-11-14 15:00:00,7.320,68.000,233.900,42.000,7.100
2019-11-14 16:00:00,8.160,4.000,19.100,3.000,5.800
2019-11-14 17:00:00,7.760,0.000,0.000,0.000,5.000
2019-11-14 18:00:00,8.220,0.000,0.000,0.000,4.600
2019-11-14 19:00:00,8.440,0.000,0.000,0.000,4.400
2019-11-14 20:00:00,8.270,0.000,0.000,0.000,4.200
2019-11-14 21:00:00,9.000,0.000,0.000,0.000,4.000
2019-11-14 22:00:00,8.210,0.000,0.000,0.000,3.500
2019-11-14 23:00:00,8.540,0.000,0.000,0.000,3.600
2019-11-15 00:00:00,8.660,0.000,0.000,0.000,3.600
2019-11-15 01:00:00,8.620,0.000,0.000,0.000,3.800
2019-11-15 02:00:00,8.920,0.000,0.000,0.000,3.800
2019-11-15 03:00:00,9.140,0.000,0.000,0.000,3.900
2019-11-15 04:00:00,8.940,0.000,0.000,0.000,4.100
2019-11-15 05:00:00,8.400,0.000,0.000,0.000,4.100
2019-11-15 06:00:00,9.750,0.000,0.000,0.000,4.200
2019-11-15 07:00:00,9.360,1.000,0.000,1.000,4.400
2019-11-15 08:00:00,8.100,15.000,0.000,15.000,4.700
2019-11-15 09:00:00,8.060,49.000,10.100,47.000,4.900
2019-11-15 10:00:00,7.140,61.000,18.100,56.000,5.100
2019-11-15 11:00:00,7.120,87.000,15.700,82.000,5.700
2019-11-15 12:00:00,7.130,135.000,99.700,103.000,6.200
2019-11-15 13:00:00,6.200,132.000,91.300,106.000,6.700
2019-11-15 14:00:00,6.110,78.000,33.000,71.000,6.800
2019-11-15 15:00:00,5.610,27.000,0.000,27.000,6.800
2019-11-15 16:00:00,6.110,2.000,0.000,2.000,6.600
2019-11-15 17:00:00,5.710,0.000,0.000,0.000,6.400
2019-11-15 18:00:00,4.470,0.000,0.000,0.000,6.200
2019-11-15 19:00:00,4.300,0.000,0.000,0.000,5.500
2019-11-15 20:00:00,2.420,0.000,0.000,0.000,4.600
2019-11-15 21:00:00,1.340,0.000,0.000,0.000,5.100
2019-11-15 22:00:00,0.940,0.000,0.000,0.000,4.900
2019-11-15 23:00:00,1.640,0.000,0.000,0.000,3.500
2019-11-16 00:00:00,0.720,0.000,0.000,0.000,4.100
2019-11-16 01:00:00,1.430,0.000,0.000,0.000,3.300
2019-11-16 02:00:00,3.320,0.000,0.000,0.000,4.200
2019-11-16 03:00:00,3.810,0.000,0.000,0.000,4.500
2019-11-16 04:00:00,4.900,0.000,0.000,0.000,4.700
2019-11-16 05:00:00,5.200,0.000,0.000,0.000,4.900
2019-11-16 06:00:00,5.870,0.000,0.000,0.000,4.900
2019-11-16 07:00:00,6.060,0.000,0.000,0.000,4.700
2019-11-16 08:00:00,6.890,4.000,0.000,4.000,4.800
2019-11-16 09:00:00,7.640,16.000,0.000,16.000,4.700
2019-11-16 10:00:00,7.800,48.000,0.000,48.000,4.900
2019-11-16 11:00:00,8.600,101.000,57.300,83.000,5.300
2019-11-16 12:00:00,7.160,167.000,189.400,107.000,5.800
2019-11-16 13:00:00,7.870,140.000,156.700,96.000,6.000
2019-11-16 14:00:00,7.410,80.000,38.400,72.000,6.100
2019-11-16 15:00:00,7.140,42.000,67.200,35.000,6.100
2019-11-16 16:00:00,7.140,2.000,0.000,2.000,5.200
2019-11-16 17:00:00,7.230,0.000,0.000,0.000,4.400
2019-11-16 18:00:00,7.770,0.000,0.000,0.000,4.000
2019-11-16 19:00:00,8.210,0.000,0.000,0.000,3.800
2019-11-16 20:00:00,7.930,0.000,0.000,0.000,3.500
2019-11-16 21:00:00,7.250,0.000,0.000,0.000,3.200
2019-11-16 22:00:00,7.110,0.000,0.000,0.000,2.400
2019-11-16 23:00:00,6.710,0.000,0.000,0.000,2.100
2019-11-17 00:00:00,6.900,0.000,0.000,0.000,2.000
2019-11-17 01:00:00,6.800,0.000,0.000,0.000,1.700
2019-11-17 02:00:00,6.130,0.000,0.000,0.000,1.300
2019-11-17 03:00:00,5.280,0.000,0.000,0.000,0.500
2019-11-17 04:00:00,4.300,0.000,0.000,0.000,0.100
2019-11-17 05:00:00,2.650,0.000,0.000,0.000,0.600
2019-11-17 06:00:00,3.280,0.000,0.000,0.000,-0.700
2019-11-17 07:00:00,3.730,1.000,0.000,1.000,0.300
2019-11-17 08:00:00,4.650,37.000,70.000,31.000,0.200
2019-11-17 09:00:00,4.400,99.000,83.900,83.000,1.000
2019-11-17 10:00:00,4.020,176.000,253.600,108.000,2.100
2019-11-17 11:00:00,3.860,191.000,180.700,135.000,3.400
2019-11-17 12:00:00,4.160,138.000,44.700,124.000,4.300
2019-11-17 13:00:00,5.270,72.000,0.000,72.000,4.500
2019-11-17 14:00:00,6.400,38.000,4.900,37.000,4.600
2019-11-17 15:00:00,6.970,14.000,0.000,14.000,4.500
2019-11-17 16:00:00,7.380,1.000,0.000,1.000,4.500
2019-11-17 17:00:00,7.360,0.000,0.000,0.000,4.700
2019-11-17 18:00:00,7.360,0.000,0.000,0.000,4.700
2019-11-17 19:00:00,7.080,0.000,0.000,0.000,4.700
2019-11-17 20:00:00,6.970,0.000,0.000,0.000,4.700
2019-11-17 21:00:00,6.840,0.000,0.000,0.000,4.900
2019-11-17 22:00:00,4.920,0.000,0.000,0.000,5.100
2019-11-17 23:00:00,4.190,0.000,0.000,0.000,5.100
2019-11-18 00:00:00,4.940,0.000,0.000,0.000,5.100
2019-11-18 01:00:00,4.220,0.000,0.000,0.000,5.200
2019-11-18 02:00:00,2.440,0.000,0.000,0.000,5.200
2019-11-18 03:00:00,2.050,0.000,0.000,0.000,5.200
2019-11-18 04:00:00,0.940,0.000,0.000,0.000,5.200
2019-11-18 05:00:00,0.420,0.000,0.000,0.000,5.200
2019-11-18 06:00:00,2.160,0.000,0.000,0.000,5.400
2019-11-18 07:00:00,3.730,0.000,0.000,0.000,5.500
2019-11-18 08:00:00,4.130,6.000,0.000,6.000,5.500
2019-11-18 09:00:00,3.820,25.000,0.000,25.000,5.500
2019-11-18 10:00:00,3.960,41.000,0.000,41.000,5.800
2019-11-18 11:00:00,4.400,48.000,0.000,48.000,6.000
2019-11-18 12:00:00,5.000,48.000,0.000,48.000,6.100
2019-11-18 13:00:00,5.250,34.000,0.000,34.000,6.000
2019-11-18 14:00:00,5.640,24.000,0.000,24.000,6.000
2019-11-18 15:00:00,6.350,10.000,0.000,10.000,6.000
2019-11-18 16:00:00,6.990,0.000,0.000,0.000,5.900
2019-11-18 17:00:00,7.400,0.000,0.000,0.000,5.900
2019-11-18 18:00:00,8.040,0.000,0.000,0.000,5.700
2019-11-18 19:00:00,8.460,0.000,0.000,0.000,5.600
2019-11-18 20:00:00,8.680,0.000,0.000,0.000,5.300
2019-11-18 21:00:00,9.300,0.000,0.000,0.000,5.100
2019-11-18 22:00:00,9.570,0.000,0.000,0.000,4.900
2019-11-18 23:00:00,10.170,0.000,0.000,0.000,4.600
2019-11-19 00:00:00,10.560,0.000,0.000,0.000,4.100
2019-11-19 01:00:00,10.740,0.000,0.000,0.000,3.900
2019-11-19 02:00:00,10.700,0.000,0.000,0.000,4.600
2019-11-19 03:00:00,10.940,0.000,0.000,0.000,5.900
2019-11-19 04:00:00,10.790,0.000,0.000,0.000,6.300
2019-11-19 05:00:00,11.070,0.000,0.000,0.000,6.400
2019-11-19 06:00:00,11.140,0.000,0.000,0.000,6.100
2019-11-19 07:00:00,10.300,0.000,0.000,0.000,5.700
2019-11-19 08:00:00,8.990,21.000,110.700,12.000,5.500
2019-11-19 09:00:00,7.930,63.000,126.000,40.000,6.000
2019-11-19 10:00:00,8.680,135.000,234.600,74.000,6.200
2019-11-19 11:00:00,7.720,121.000,115.900,86.000,6.300
2019-11-19 12:00:00,6.940,137.000,170.400,85.000,6.500
2019-11-19 13:00:00,6.660,83.000,81.600,61.000,6.400
2019-11-19 14:00:00,6.010,78.000,45.500,69.000,6.300
2019-11-19 15:00:00,5.690,26.000,21.200,24.000,6.100
2019-11-19 16:00:00,5.280,1.000,0.000,1.000,5.700
2019-11-19 17:00:00,4.750,0.000,0.000,0.000,5.000
2019-11-19 18:00:00,4.330,0.000,0.000,0.000,4.300
2019-11-19 19:00:00,4.060,0.000,0.000,0.000,3.800
2019-11-19 20:00:00,3.830,0.000,0.000,0.000,3.300
2019-11-19 21:00:00,3.890,0.000,0.000,0.000,3.400
2019-11-19 22:00:00,3.450,0.000,0.000,0.000,3.500
2019-11-19 23:00:00,3.320,0.000,0.000,0.000,3.300
2019-11-20 00:00:00,2.940,0.000,0.000,0.000,3.700
2019-11-20 01:00:00,2.900,0.000,0.000,0.000,3.600
2019-11-20 02:00:00,2.410,0.000,0.000,0.000,3.300
2019-11-20 03:00:00,1.650,0.000,0.000,0.000,3.400
2019-11-20 04:00:00,0.980,0.000,0.000,0.000,3.300
2019-11-20 05:00:00,1.000,0.000,0.000,0.000,3.300
2019-11-20 06:00:00,1.500,0.000,0.000,0.000,3.000
2019-11-20 07:00:00,1.400,0.000,0.000,0.000,2.900
2019-11-20 08:00:00,0.140,19.000,12.600,18.000,2.800
2019-11-20 09:00:00,0.280,43.000,11.200,41.000,3.200
2019-11-20 10:00:00,0.640,72.000,23.400,66.000,2.700
2019-11-20 11:00:00,0.200,122.000,63.800,103.000,3.500
2019-11-20 12:00:00,0.500,148.000,116.100,113.000,4.200
2019-11-20 13:00:00,0.410,135.000,187.900,85.000,4.700
2019-11-20 14:00:00,0.320,84.000,143.900,56.000,4.900
2019-11-20 15:00:00,0.140,26.000,98.300,17.000,4.400
2019-11-20 16:00:00,0.410,1.000,0.000,1.000,3.900
2019-11-20 17:00:00,0.670,0.000,0.000,0.000,3.500
2019-11-20 18:00:00,0.810,0.000,0.000,0.000,3.400
2019-11-20 19:00:00,1.410,0.000,0.000,0.000,2.900
2019-11-20 20:00:00,1.600,0.000,0.000,0.000,2.900
2019-11-20 21:00:00,1.810,0.000,0.000,0.000,3.200
2019-11-20 22:00:00,2.350,0.000,0.000,0.000,2.300
2019-11-20 23:00:00,2.570,0.000,0.000,0.000,2.600
2019-11-21 00:00:00,2.940,0.000,0.000,0.000,2.700
2019-11-21 01:00:00,3.550,0.000,0.000,0.000,2.800
2019-11-21 02:00:00,3.980,0.000,0.000,0.000,3.000
2019-11-21 03:00:00,4.200,0.000,0.000,0.000,3.000
2019-11-21 04:00:00,4.320,0.000,0.000,0.000,3.000
2019-11-21 05:00:00,4.180,0.000,0.000,0.000,3.400
2019-11-21 06:00:00,4.140,0.000,0.000,0.000,3.600
2019-11-21 07:00:00,4.090,0.000,0.000,0.000,3.800
2019-11-21 08:00:00,4.120,4.000,0.000,4.000,4.000
2019-11-21 09:00:00,3.960,9.000,0.000,9.000,4.200
2019-11-21 10:00:00,3.670,14.000,0.000,14.000,4.500
2019-11-21 11:00:00,3.750,16.000,0.000,16.000,4.800
2019-11-21 12:00:00,3.600,22.000,0.000,22.000,5.000
2019-11-21 13:00:00,3.590,25.000,0.000,25.000,5.500
2019-11-21 14:00:00,3.720,20.000,0.000,20.000,5.700
2019-11-21 15:00:00,3.640,9.000,0.000,9.000,5.900
2019-11-21 16:00:00,3.550,0.000,0.000,0.000,5.800
2019-11-21 17:00:00,3.140,0.000,0.000,0.000,5.900
2019-11-21 18:00:00,2.920,0.000,0.000,0.000,5.900
2019-11-21 19:00:00,3.240,0.000,0.000,0.000,6.000
2019-11-21 20:00:00,3.500,0.000,0.000,0.000,6.000
2019-11-21 21:00:00,3.800,0.000,0.000,0.000,5.900
2019-11-21 22:00:00,4.150,0.000,0.000,0.000,5.500
2019-11-21 23:00:00,4.630,0.000,0.000,0.000,5.500
2019-11-22 00:00:00,5.330,0.000,0.000,0.000,5.400
2019-11-22 01:00:00,5.300,0.000,0.000,0.000,5.100
2019-11-22 02:00:00,5.400,0.000,0.000,0.000,4.900
2019-11-22 03:00:00,5.530,0.000,0.000,0.000,4.800
2019-11-22 04:00:00,5.630,0.000,0.000,0.000,4.400
2019-11-22 05:00:00,5.510,0.000,0.000,0.000,4.100
2019-11-22 06:00:00,5.600,0.000,0.000,0.000,3.700
2019-11-22 07:00:00,5.600,0.000,0.000,0.000,3.500
2019-11-22 08:00:00,5.590,33.000,160.200,21.000,3.700
2019-11-22 09:00:00,5.220,98.000,246.100,56.000,4.700
2019-11-22 10:00:00,3.520,156.000,290.000,84.000,5.800
2019-11-22 11:00:00,3.220,207.000,382.200,96.000,6.700
2019-11-22 12:00:00,2.840,222.000,458.900,87.000,7.200
2019-11-22 13:00:00,3.860,177.000,354.700,85.000,7.100
2019-11-22 14:00:00,5.250,114.000,244.300,68.000,6.700
2019-11-22 15:00:00,5.520,42.000,163.100,28.000,6.300
2019-11-22 16:00:00,5.660,1.000,0.000,1.000,5.700
2019-11-22 17:00:00,6.110,0.000,0.000,0.000,5.700
2019-11-22 18:00:00,6.380,0.000,0.000,0.000,5.800
2019-11-22 19:00:00,6.490,0.000,0.000,0.000,5.400
2019-11-22 20:00:00,6.500,0.000,0.000,0.000,5.300
2019-11-22 21:00:00,6.890,0.000,0.000,0.000,5.200
2019-11-22 22:00:00,7.170,0.000,0.000,0.000,4.800
2019-11-22 23:00:00,7.250,0.000,0.000,0.000,4.900
2019-11-23 00:00:00,7.520,0.000,0.000,0.000,5.000
2019-11-23 01:00:00,7.540,0.000,0.000,0.000,4.800
2019-11-23 02:00:00,7.810,0.000,0.000,0.000,4.800
2019-11-23 03:00:00,8.480,0.000,0.000,0.000,4.600
2019-11-23 04:00:00,8.570,0.000,0.000,0.000,4.700
2019-11-23 05:00:00,8.410,0.000,0.000,0.000,4.700
2019-11-23 06:00:00,8.300,0.000,0.000,0.000,5.000
2019-11-23 07:00:00,8.630,0.000,0.000,0.000,5.400
2019-11-23 08:00:00,8.930,15.000,0.000,15.000,5.800
2019-11-23 09:00:00,9.540,55.000,24.000,51.000,6.200
2019-11-23 10:00:00,9.320,92.000,57.300,78.000,7.500
2019-11-23 11:00:00,9.670,109.000,45.300,96.000,8.000
2019-11-23 12:00:00,8.880,115.000,31.000,106.000,8.200
2019-11-23 13:00:00,8.340,91.000,27.300,84.000,8.200
2019-11-23 14:00:00,8.350,66.000,27.000,61.000,8.200
2019-11-23 15:00:00,8.820,25.000,23.700,23.000,8.000
2019-11-23 16:00:00,9.520,1.000,0.000,1.000,7.600
2019-11-23 17:00:00,9.480,0.000,0.000,0.000,7.200
2019-11-23 18:00:00,9.120,0.000,0.000,0.000,6.900
2019-11-23 19:00:00,9.060,0.000,0.000,0.000,6.500
2019-11-23 20:00:00,9.110,0.000,0.000,0.000,6.200
2019-11-23 21:00:00,8.960,0.000,0.000,0.000,5.900
2019-11-23 22:00:00,8.090,0.000,0.000,0.000,5.600
2019-11-23 23:00:00,8.340,0.000,0.000,0.000,5.200
2019-11-24 00:00:00,8.390,0.000,0.000,0.000,5.000
2019-11-24 01:00:00,8.490,0.000,0.000,0.000,5.000
2019-11-24 02:00:00,8.670,0.000,0.000,0.000,4.800
2019-11-24 03:00:00,8.550,0.000,0.000,0.000,4.800
2019-11-24 04:00:00,8.200,0.000,0.000,0.000,4.700
2019-11-24 05:00:00,7.890,0.000,0.000,0.000,4.500
2019-11-24 06:00:00,7.600,0.000,0.000,0.000,4.500
2019-11-24 07:00:00,7.610,0.000,0.000,0.000,4.500
2019-11-24 08:00:00,7.320,22.000,98.900,15.000,4.300
2019-11-24 09:00:00,6.170,77.000,134.900,55.000,4.700
2019-11-24 10:00:00,5.240,112.000,120.500,83.000,4.700
2019-11-24 11:00:00,4.660,146.000,158.900,101.000,5.000
2019-11-24 12:00:00,4.920,152.000,139.200,112.000,5.000
2019-11-24 13:00:00,4.930,154.000,296.500,79.000,5.300
2019-11-24 14:00:00,4.490,103.000,246.800,58.000,5.300
2019-11-24 15:00:00,4.980,37.000,169.200,23.000,5.400
2019-11-24 16:00:00,5.920,0.000,0.000,0.000,5.300
2019-11-24 17:00:00,5.850,0.000,0.000,0.000,5.100
2019-11-24 18:00:00,5.660,0.000,0.000,0.000,5.000
2019-11-24 19:00:00,5.850,0.000,0.000,0.000,4.900
2019-11-24 20:00:00,5.790,0.000,0.000,0.000,5.000
2019-11-24 21:00:00,4.610,0.000,0.000,0.000,5.200
2019-11-24 22:00:00,3.700,0.000,0.000,0.000,4.600
2019-11-24 23:00:00,3.840,0.000,0.000,0.000,4.500
2019-11-25 00:00:00,3.920,0.000,0.000,0.000,4.500
2019-11-25 01:00:00,3.470,0.000,0.000,0.000,4.400
2019-11-25 02:00:00,3.250,0.000,0.000,0.000,3.900
2019-11-25 03:00:00,3.440,0.000,0.000,0.000,3.800
2019-11-25 04:00:00,3.810,0.000,0.000,0.000,4.100
2019-11-25 05:00:00,3.720,0.000,0.000,0.000,4.000
2019-11-25 06:00:00,3.850,0.000,0.000,0.000,4.100
2019-11-25 07:00:00,4.130,0.000,0.000,0.000,4.000
2019-11-25 08:00:00,4.080,12.000,0.000,12.000,3.900
2019-11-25 09:00:00,3.640,41.000,6.300,40.000,4.300
2019-11-25 10:00:00,3.140,70.000,12.700,67.000,4.800
2019-11-25 11:00:00,2.480,88.000,17.900,83.000,4.900
2019-11-25 12:00:00,2.160,93.000,17.600,88.000,5.100
2019-11-25 13:00:00,2.020,74.000,8.000,72.000,5.400
2019-11-25 14:00:00,2.340,45.000,16.700,42.000,5.400
2019-11-25 15:00:00,2.820,16.000,0.000,16.000,5.400
2019-11-25 16:00:00,3.240,0.000,0.000,0.000,5.300
2019-11-25 17:00:00,3.940,0.000,0.000,0.000,5.100
2019-11-25 18:00:00,3.940,0.000,0.000,0.000,5.000
2019-11-25 19:00:00,3.970,0.000,0.000,0.000,4.900
2019-11-25 20:00:00,3.760,0.000,0.000,0.000,4.800
2019-11-25 21:00:00,3.620,0.000,0.000,0.000,4.800
2019-11-25 22:00:00,3.330,0.000,0.000,0.000,5.000
2019-11-25 23:00:00,4.200,0.000,0.000,0.000,5.100
2019-11-26 00:00:00,4.200,0.000,0.000,0.000,5.100
2019-11-26 01:00:00,3.910,0.000,0.000,0.000,4.900
2019-11-26 02:00:00,4.360,0.000,0.000,0.000,5.000
2019-11-26 03:00:00,4.780,0.000,0.000,0.000,5.000
2019-11-26 04:00:00,4.750,0.000,0.000,0.000,4.900
2019-11-26 05:00:00,5.180,0.000,0.000,0.000,4.800
2019-11-26 06:00:00,5.450,0.000,0.000,0.000,4.500
2019-11-26 07:00:00,5.870,0.000,0.000,0.000,4.400
2019-11-26 08:00:00,6.110,17.000,44.900,14.000,4.900
2019-11-26 09:00:00,5.970,69.000,96.300,54.000,5.700
2019-11-26 10:00:00,4.930,102.000,81.300,83.000,6.800
2019-11-26 11:00:00,4.670,127.000,83.300,104.000,7.600
2019-11-26 12:00:00,4.680,152.000,167.400,105.000,8.600
2019-11-26 13:00:00,5.030,97.000,60.700,82.000,8.800
2019-11-26 14:00:00,5.220,52.000,45.200,44.000,9.000
2019-11-26 15:00:00,5.470,16.000,50.000,12.000,8.900
2019-11-26 16:00:00,5.930,0.000,0.000,0.000,8.700
2019-11-26 17:00:00,6.580,0.000,0.000,0.000,8.600
2019-11-26 18:00:00,6.740,0.000,0.000,0.000,8.800
2019-11-26 19:00:00,6.930,0.000,0.000,0.000,8.800
2019-11-26 20:00:00,7.020,0.000,0.000,0.000,8.700
2019-11-26 21:00:00,6.810,0.000,0.000,0.000,8.600
2019-11-26 22:00:00,6.700,0.000,0.000,0.000,8.600
2019-11-26 23:00:00,6.720,0.000,0.000,0.000,8.300
2019-11-27 00:00:00,6.630,0.000,0.000,0.000,8.100
2019-11-27 01:00:00,6.450,0.000,0.000,0.000,8.400
2019-11-27 02:00:00,6.320,0.000,0.000,0.000,8.500
2019-11-27 03:00:00,5.920,0.000,0.000,0.000,8.500
2019-11-27 04:00:00,6.080,0.000,0.000,0.000,8.200
2019-11-27 05:00:00,6.450,0.000,0.000,0.000,8.100
2019-11-27 06:00:00,6.500,0.000,0.000,0.000,7.900
2019-11-27 07:00:00,6.450,0.000,0.000,0.000,7.700
2019-11-27 08:00:00,6.960,8.000,0.000,8.000,7.800
2019-11-27 09:00:00,7.600,46.000,0.000,46.000,8.100
2019-11-27 10:00:00,6.950,88.000,21.700,83.000,8.500
2019-11-27 11:00:00,7.610,54.000,14.700,50.000,8.500
2019-11-27 12:00:00,7.910,53.000,0.000,53.000,8.800
2019-11-27 13:00:00,7.650,74.000,4.100,73.000,9.500
2019-11-27 14:00:00,7.880,62.000,11.500,60.000,9.700
2019-11-27 15:00:00,8.550,23.000,12.700,22.000,9.800
2019-11-27 16:00:00,8.650,0.000,0.000,0.000,9.600
2019-11-27 17:00:00,8.880,0.000,0.000,0.000,9.500
2019-11-27 18:00:00,9.000,0.000,0.000,0.000,9.300
2019-11-27 19:00:00,9.510,0.000,0.000,0.000,9.400
2019-11-27 20:00:00,9.610,0.000,0.000,0.000,9.600
2019-11-27 21:00:00,9.810,0.000,0.000,0.000,10.000
2019-11-27 22:00:00,9.420,0.000,0.000,0.000,10.300
2019-11-27 23:00:00,9.570,0.000,0.000,0.000,10.400
2019-11-28 00:00:00,9.720,0.000,0.000,0.000,10.400
2019-11-28 01:00:00,10.580,0.000,0.000,0.000,10.400
2019-11-28 02:00:00,11.760,0.000,0.000,0.000,10.500
2019-11-28 03:00:00,11.990,0.000,0.000,0.000,10.500
2019-11-28 04:00:00,11.670,0.000,0.000,0.000,10.400
2019-11-28 05:00:00,11.290,0.000,0.000,0.000,10.400
2019-11-28 06:00:00,11.140,0.000,0.000,0.000,10.300
2019-11-28 07:00:00,11.010,0.000,0.000,0.000,10.100
2019-11-28 08:00:00,10.860,12.000,15.800,11.000,10.200
2019-11-28 09:00:00,11.080,41.000,67.200,31.000,10.300
2019-11-28 10:00:00,11.040,55.000,8.800,53.000,10.700
2019-11-28 11:00:00,11.310,89.000,103.800,61.000,10.500
2019-11-28 12:00:00,12.240,69.000,25.500,62.000,10.400
2019-11-28 13:00:00,12.410,39.000,0.000,39.000,9.800
2019-11-28 14:00:00,12.320,23.000,0.000,23.000,9.400
2019-11-28 15:00:00,12.370,8.000,0.000,8.000,9.300
2019-11-28 16:00:00,12.070,0.000,0.000,0.000,9.200
2019-11-28 17:00:00,11.860,0.000,0.000,0.000,9.300
2019-11-28 18:00:00,11.380,0.000,0.000,0.000,9.200
2019-11-28 19:00:00,10.630,0.000,0.000,0.000,9.100
2019-11-28 20:00:00,10.790,0.000,0.000,0.000,9.100
2019-11-28 21:00:00,10.650,0.000,0.000,0.000,9.000
2019-11-28 22:00:00,9.730,0.000,0.000,0.000,8.700
2019-11-28 23:00:00,9.360,0.000,0.000,0.000,8.100
2019-11-29 00:00:00,9.350,0.000,0.000,0.000,7.500
2019-11-29 01:00:00,9.590,0.000,0.000,0.000,7.200
2019-11-29 02:00:00,9.770,0.000,0.000,0.000,6.500
2019-11-29 03:00:00,9.650,0.000,0.000,0.000,5.700
2019-11-29 04:00:00,10.100,0.000,0.000,0.000,5.100
2019-11-29 05:00:00,10.500,0.000,0.000,0.000,5.000
2019-11-29 06:00:00,10.600,0.000,0.000,0.000,5.000
2019-11-29 07:00:00,10.500,0.000,0.000,0.000,5.100
2019-11-29 08:00:00,10.200,17.000,114.200,10.000,5.400
2019-11-29 09:00:00,9.730,82.000,288.700,40.000,5.700
2019-11-29 10:00:00,9.100,134.000,308.600,65.000,6.200
2019-11-29 11:00:00,9.460,187.000,438.600,70.000,6.500
2019-11-29 12:00:00,9.310,193.000,456.000,69.000,6.600
2019-11-29 13:00:00,8.810,162.000,410.400,64.000,6.600
2019-11-29 14:00:00,8.470,108.000,341.900,50.000,5.900
2019-11-29 15:00:00,7.790,34.000,183.800,20.000,5.100
2019-11-29 16:00:00,7.050,0.000,0.000,0.000,4.000
2019-11-29 17:00:00,6.360,0.000,0.000,0.000,3.400
2019-11-29 18:00:00,6.090,0.000,0.000,0.000,2.900
2019-11-29 19:00:00,5.820,0.000,0.000,0.000,2.900
2019-11-29 20:00:00,5.840,0.000,0.000,0.000,2.600
2019-11-29 21:00:00,6.100,0.000,0.000,0.000,2.500
2019-11-29 22:00:00,5.680,0.000,0.000,0.000,2.600
2019-11-29 23:00:00,5.740,0.000,0.000,0.000,2.500
2019-11-30 00:00:00,6.220,0.000,0.000,0.000,2.300
2019-11-30 01:00:00,6.820,0.000,0.000,0.000,2.300
2019-11-30 02:00:00,7.050,0.000,0.000,0.000,2.300
2019-11-30 03:00:00,7.030,0.000,0.000,0.000,2.100
2019-11-30 04:00:00,6.930,0.000,0.000,0.000,1.800
2019-11-30 05:00:00,7.010,0.000,0.000,0.000,1.800
2019-11-30 06:00:00,6.800,0.000,0.000,0.000,1.800
2019-11-30 07:00:00,6.510,0.000,0.000,0.000,1.700
2019-11-30 08:00:00,6.430,17.000,117.500,10.000,2.100
2019-11-30 09:00:00,6.460,90.000,351.500,40.000,2.700
2019-11-30 10:00:00,5.220,153.000,421.800,60.000,3.600
2019-11-30 11:00:00,4.940,203.000,530.700,63.000,4.600
2019-11-30 12:00:00,4.740,199.000,468.100,73.000,5.300
2019-11-30 13:00:00,4.650,164.000,418.900,65.000,5.700
2019-11-30 14:00:00,5.060,111.000,370.200,49.000,5.400
2019-11-30 15:00:00,5.740,34.000,199.800,19.000,4.600
2019-11-30 16:00:00,5.810,0.000,0.000,0.000,3.300
2019-11-30 17:00:00,5.500,0.000,0.000,0.000,2.500
2019-11-30 18:00:00,5.200,0.000,0.000,0.000,1.900
2019-11-30 19:00:00,5.120,0.000,0.000,0.000,1.300
2019-11-30 20:00:00,4.920,0.000,0.000,0.000,0.500
2019-11-30 21:00:00,4.520,0.000,0.000,0.000,0.100
2019-11-30 22:00:00,4.830,0.000,0.000,0.000,-0.500
2019-11-30 23:00:00,4.930,0.000,0.000,0.000,0.100
2019-12-01 00:00:00,5.030,0.000,0.000,0.000,-0.100
2019-12-01 01:00:00,4.650,0.000,0.000,0.000,-0.100
2019-12-01 02:00:00,3.760,0.000,0.000,0.000,-0.900
2019-12-01 03:00:00,3.200,0.000,0.000,0.000,-1.200
2019-12-01 04:00:00,2.970,0.000,0.000,0.000,-0.900
2019-12-01 05:00:00,2.970,0.000,0.000,0.000,-1.200
2019-12-01 06:00:00,2.620,0.000,0.000,0.000,-0.800
2019-12-01 07:00:00,2.440,0.000,0.000,0.000,-0.900
2019-12-01 08:00:00,2.100,11.000,17.300,10.000,-1.000
2019-12-01 09:00:00,0.990,53.000,28.800,49.000,-0.800
2019-12-01 10:00:00,1.080,82.000,23.000,77.000,-0.200
2019-12-01 11:00:00,1.490,126.000,38.300,116.000,0.500
2019-12-01 12:00:00,1.460,106.000,33.800,97.000,1.100
2019-12-01 13:00:00,1.040,83.000,12.800,80.000,1.400
2019-12-01 14:00:00,0.410,59.000,24.200,55.000,1.700
2019-12-01 15:00:00,0.580,17.000,0.000,17.000,1.900
2019-12-01 16:00:00,0.630,0.000,0.000,0.000,1.700
2019-12-01 17:00:00,0.400,0.000,0.000,0.000,1.400
2019-12-01 18:00:00,0.610,0.000,0.000,0.000,1.300
2019-12-01 19:00:00,1.500,0.000,0.000,0.000,1.200
2019-12-01 20:00:00,2.400,0.000,0.000,0.000,1.200
2019-12-01 21:00:00,3.200,0.000,0.000,0.000,1.200
2019-12-01 22:00:00,3.820,0.000,0.000,0.000,1.100
2019-12-01 23:00:00,4.500,0.000,0.000,0.000,1.300
2019-12-02 00:00:00,4.730,0.000,0.000,0.000,1.400
2019-12-02 01:00:00,5.230,0.000,0.000,0.000,0.900
2019-12-02 02:00:00,5.820,0.000,0.000,0.000,1.000
2019-12-02 03:00:00,6.300,0.000,0.000,0.000,1.100
2019-12-02 04:00:00,6.700,0.000,0.000,0.000,1.100
2019-12-02 05:00:00,7.200,0.000,0.000,0.000,1.400
2019-12-02 06:00:00,7.310,0.000,0.000,0.000,1.700
2019-12-02 07:00:00,7.400,0.000,0.000,0.000,1.800
2019-12-02 08:00:00,7.600,8.000,35.600,6.000,2.000
2019-12-02 09:00:00,7.720,45.000,73.500,35.000,2.700
2019-12-02 10:00:00,7.810,114.000,172.400,77.000,3.400
2019-12-02 11:00:00,7.380,158.000,274.900,87.000,4.200
2019-12-02 12:00:00,8.120,139.000,208.200,84.000,4.900
2019-12-02 13:00:00,8.130,133.000,314.900,60.000,5.600
2019-12-02 14:00:00,7.720,85.000,238.500,46.000,5.600
2019-12-02 15:00:00,7.460,28.000,109.500,20.000,5.100
2019-12-02 16:00:00,7.490,0.000,0.000,0.000,4.600
2019-12-02 17:00:00,7.560,0.000,0.000,0.000,4.100
2019-12-02 18:00:00,7.310,0.000,0.000,0.000,3.700
2019-12-02 19:00:00,6.940,0.000,0.000,0.000,3.400
2019-12-02 20:00:00,6.710,0.000,0.000,0.000,3.300
2019-12-02 21:00:00,6.430,0.000,0.000,0.000,3.300
2019-12-02 22:00:00,5.990,0.000,0.000,0.000,3.400
2019-12-02 23:00:00,5.740,0.000,0.000,0.000,3.200
2019-12-03 00:00:00,5.910,0.000,0.000,0.000,3.500
2019-12-03 01:00:00,5.800,0.000,0.000,0.000,3.700
2019-12-03 02:00:00,6.010,0.000,0.000,0.000,3.600
2019-12-03 03:00:00,6.000,0.000,0.000,0.000,3.600
2019-12-03 04:00:00,5.800,0.000,0.000,0.000,3.500
2019-12-03 05:00:00,5.710,0.000,0.000,0.000,3.600
2019-12-03 06:00:00,5.560,0.000,0.000,0.000,3.900
2019-12-03 07:00:00,5.570,0.000,0.000,0.000,4.000
2019-12-03 08:00:00,5.510,5.000,0.000,5.000,4.400
2019-12-03 09:00:00,5.580,26.000,22.500,23.000,4.700
2019-12-03 10:00:00,5.290,35.000,0.000,35.000,5.300
2019-12-03 11:00:00,5.150,40.000,11.700,37.000,5.900
2019-12-03 12:00:00,5.660,59.000,3.800,58.000,6.400
2019-12-03 13:00:00,5.630,58.000,8.700,56.000,6.800
2019-12-03 14:00:00,5.920,35.000,6.200,34.000,6.900
2019-12-03 15:00:00,6.170,10.000,0.000,10.000,6.600
2019-12-03 16:00:00,6.530,0.000,0.000,0.000,6.400
2019-12-03 17:00:00,6.540,0.000,0.000,0.000,6.300
2019-12-03 18:00:00,6.750,0.000,0.000,0.000,6.200
2019-12-03 19:00:00,7.110,0.000,0.000,0.000,6.100
2019-12-03 20:00:00,7.610,0.000,0.000,0.000,5.700
2019-12-03 21:00:00,7.740,0.000,0.000,0.000,5.700
2019-12-03 22:00:00,7.430,0.000,0.000,0.000,5.500
2019-12-03 23:00:00,7.250,0.000,0.000,0.000,5.400
2019-12-04 00:00:00,7.220,0.000,0.000,0.000,4.800
2019-12-04 01:00:00,6.710,0.000,0.000,0.000,4.400
2019-12-04 02:00:00,6.710,0.000,0.000,0.000,3.900
2019-12-04 03:00:00,6.980,0.000,0.000,0.000,3.700
2019-12-04 04:00:00,6.550,0.000,0.000,0.000,3.400
2019-12-04 05:00:00,6.240,0.000,0.000,0.000,3.400
2019-12-04 06:00:00,6.440,0.000,0.000,0.000,3.200
2019-12-04 07:00:00,6.560,0.000,0.000,0.000,2.900
2019-12-04 08:00:00,6.530,13.000,94.000,8.000,3.000
2019-12-04 09:00:00,6.010,71.000,229.900,41.000,3.500
2019-12-04 10:00:00,4.960,147.000,415.800,60.000,4.500
2019-12-04 11:00:00,4.600,208.000,568.600,64.000,5.400
2019-12-04 12:00:00,4.310,214.000,593.200,60.000,5.900
2019-12-04 13:00:00,3.820,191.000,601.300,54.000,6.100
2019-12-04 14:00:00,3.920,117.000,462.300,43.000,5.900
2019-12-04 15:00:00,4.300,36.000,266.400,17.000,4.800
2019-12-04 16:00:00,4.920,0.000,0.000,0.000,3.600
2019-12-04 17:00:00,4.970,0.000,0.000,0.000,2.500
2019-12-04 18:00:00,4.610,0.000,0.000,0.000,1.500
2019-12-04 19:00:00,4.350,0.000,0.000,0.000,0.400
2019-12-04 20:00:00,4.310,0.000,0.000,0.000,-0.400
2019-12-04 21:00:00,4.180,0.000,0.000,0.000,-0.500
2019-12-04 22:00:00,3.670,0.000,0.000,0.000,-1.200
2019-12-04 23:00:00,4.110,0.000,0.000,0.000,-1.900
2019-12-05 00:00:00,4.360,0.000,0.000,0.000,-2.000
2019-12-05 01:00:00,4.410,0.000,0.000,0.000,-1.900
2019-12-05 02:00:00,4.700,0.000,0.000,0.000,-1.900
2019-12-05 03:00:00,4.990,0.000,0.000,0.000,-2.300
2019-12-05 04:00:00,5.960,0.000,0.000,0.000,-1.800
2019-12-05 05:00:00,6.660,0.000,0.000,0.000,-1.400
2019-12-05 06:00:00,6.650,0.000,0.000,0.000,-1.200
2019-12-05 07:00:00,6.440,0.000,0.000,0.000,-1.300
2019-12-05 08:00:00,6.000,14.000,114.600,8.000,-1.000
2019-12-05 09:00:00,5.880,88.000,406.700,36.000,0.100
2019-12-05 10:00:00,6.040,165.000,546.600,52.000,2.000
2019-12-05 11:00:00,5.840,213.000,613.600,59.000,3.300
2019-12-05 12:00:00,5.940,222.000,629.000,60.000,4.000
2019-12-05 13:00:00,6.620,188.000,588.400,55.000,4.300
2019-12-05 14:00:00,6.960,119.000,472.900,44.000,3.800
2019-12-05 15:00:00,7.380,36.000,269.200,17.000,2.900
2019-12-05 16:00:00,7.780,0.000,0.000,0.000,2.100
2019-12-05 17:00:00,7.950,0.000,0.000,0.000,1.900
2019-12-05 18:00:00,8.210,0.000,0.000,0.000,1.900
2019-12-05 19:00:00,8.440,0.000,0.000,0.000,1.700
2019-12-05 20:00:00,8.770,0.000,0.000,0.000,1.900
2019-12-05 21:00:00,9.670,0.000,0.000,0.000,1.700
2019-12-05 22:00:00,10.320,0.000,0.000,0.000,1.500
2019-12-05 23:00:00,10.690,0.000,0.000,0.000,1.400
2019-12-06 00:00:00,11.170,0.000,0.000,0.000,1.400
2019-12-06 01:00:00,11.250,0.000,0.000,0.000,1.500
2019-12-06 02:00:00,11.380,0.000,0.000,0.000,2.000
2019-12-06 03:00:00,11.310,0.000,0.000,0.000,2.400
2019-12-06 04:00:00,10.890,0.000,0.000,0.000,2.800
2019-12-06 05:00:00,10.720,0.000,0.000,0.000,3.200
2019-12-06 06:00:00,10.830,0.000,0.000,0.000,3.700
2019-12-06 07:00:00,10.760,0.000,0.000,0.000,3.900
2019-12-06 08:00:00,10.750,1.000,0.000,1.000,4.100
2019-12-06 09:00:00,10.820,12.000,0.000,12.000,4.100
2019-12-06 10:00:00,10.260,13.000,0.000,13.000,4.100
2019-12-06 11:00:00,10.640,19.000,0.000,19.000,4.300
2019-12-06 12:00:00,10.820,20.000,0.000,20.000,4.500
2019-12-06 13:00:00,10.870,21.000,0.000,21.000,4.600
2019-12-06 14:00:00,11.140,10.000,0.000,10.000,4.700
2019-12-06 15:00:00,11.190,5.000,0.000,5.000,4.900
2019-12-06 16:00:00,11.260,0.000,0.000,0.000,5.400
2019-12-06 17:00:00,11.420,0.000,0.000,0.000,5.800
2019-12-06 18:00:00,11.360,0.000,0.000,0.000,6.000
2019-12-06 19:00:00,11.280,0.000,0.000,0.000,6.200
2019-12-06 20:00:00,11.270,0.000,0.000,0.000,6.400
2019-12-06 21:00:00,11.150,0.000,0.000,0.000,6.600
2019-12-06 22:00:00,10.720,0.000,0.000,0.000,6.800
2019-12-06 23:00:00,11.330,0.000,0.000,0.000,7.100
2019-12-07 00:00:00,11.600,0.000,0.000,0.000,7.400
2019-12-07 01:00:00,12.030,0.000,0.000,0.000,7.700
2019-12-07 02:00:00,12.740,0.000,0.000,0.000,7.900
2019-12-07 03:00:00,12.580,0.000,0.000,0.000,8.100
2019-12-07 04:00:00,12.180,0.000,0.000,0.000,8.200
2019-12-07 05:00:00,12.280,0.000,0.000,0.000,8.200
2019-12-07 06:00:00,12.070,0.000,0.000,0.000,8.500
2019-12-07 07:00:00,12.130,0.000,0.000,0.000,8.700
2019-12-07 08:00:00,11.510,3.000,0.000,3.000,8.700
2019-12-07 09:00:00,11.890,23.000,40.700,18.000,8.900
2019-12-07 10:00:00,11.470,73.000,133.600,46.000,8.900
2019-12-07 11:00:00,11.120,83.000,133.800,50.000,9.100
2019-12-07 12:00:00,10.640,137.000,311.300,58.000,9.400
2019-12-07 13:00:00,10.480,95.000,210.900,48.000,9.400
2019-12-07 14:00:00,9.700,51.000,64.100,41.000,9.100
2019-12-07 15:00:00,9.570,15.000,14.400,14.000,8.800
2019-12-07 16:00:00,9.510,0.000,0.000,0.000,8.700
2019-12-07 17:00:00,9.620,0.000,0.000,0.000,8.500
2019-12-07 18:00:00,10.220,0.000,0.000,0.000,8.400
2019-12-07 19:00:00,9.900,0.000,0.000,0.000,8.300
2019-12-07 20:00:00,9.860,0.000,0.000,0.000,8.200
2019-12-07 21:00:00,9.710,0.000,0.000,0.000,8.300
2019-12-07 22:00:00,10.020,0.000,0.000,0.000,8.500
2019-12-07 23:00:00,9.800,0.000,0.000,0.000,8.200
2019-12-08 00:00:00,9.570,0.000,0.000,0.000,7.900
2019-12-08 01:00:00,9.760,0.000,0.000,0.000,8.100
2019-12-08 02:00:00,10.470,0.000,0.000,0.000,8.500
2019-12-08 03:00:00,10.820,0.000,0.000,0.000,8.500
2019-12-08 04:00:00,10.980,0.000,0.000,0.000,8.700
2019-12-08 05:00:00,11.310,0.000,0.000,0.000,8.700
2019-12-08 06:00:00,11.600,0.000,0.000,0.000,8.800
2019-12-08 07:00:00,12.150,0.000,0.000,0.000,9.100
2019-12-08 08:00:00,12.680,5.000,0.000,5.000,9.200
2019-12-08 09:00:00,13.170,25.000,0.000,25.000,9.800
2019-12-08 10:00:00,12.590,27.000,0.000,27.000,9.700
2019-12-08 11:00:00,12.820,28.000,0.000,28.000,10.200
2019-12-08 12:00:00,13.200,18.000,0.000,18.000,10.400
2019-12-08 13:00:00,13.040,13.000,0.000,13.000,10.600
2019-12-08 14:00:00,13.310,11.000,0.000,11.000,10.700
2019-12-08 15:00:00,12.750,7.000,0.000,7.000,10.400
2019-12-08 16:00:00,12.320,0.000,0.000,0.000,9.900
2019-12-08 17:00:00,11.570,0.000,0.000,0.000,9.200
2019-12-08 18:00:00,11.050,0.000,0.000,0.000,8.600
2019-12-08 19:00:00,10.970,0.000,0.000,0.000,8.200
2019-12-08 20:00:00,10.650,0.000,0.000,0.000,8.100
2019-12-08 21:00:00,10.400,0.000,0.000,0.000,8.000
2019-12-08 22:00:00,10.160,0.000,0.000,0.000,7.800
2019-12-08 23:00:00,10.880,0.000,0.000,0.000,7.800
2019-12-09 00:00:00,11.130,0.000,0.000,0.000,7.200
2019-12-09 01:00:00,10.940,0.000,0.000,0.000,6.700
2019-12-09 02:00:00,10.900,0.000,0.000,0.000,6.700
2019-12-09 03:00:00,10.560,0.000,0.000,0.000,6.800
2019-12-09 04:00:00,10.400,0.000,0.000,0.000,6.700
2019-12-09 05:00:00,9.980,0.000,0.000,0.000,6.800
2019-12-09 06:00:00,9.670,0.000,0.000,0.000,6.700
2019-12-09 07:00:00,9.010,0.000,0.000,0.000,6.800
2019-12-09 08:00:00,8.510,7.000,19.100,6.000,6.800
2019-12-09 09:00:00,7.960,55.000,110.000,42.000,6.700
2019-12-09 10:00:00,6.560,73.000,65.800,60.000,6.900
2019-12-09 11:00:00,6.490,91.000,24.700,85.000,7.200
2019-12-09 12:00:00,7.860,72.000,31.900,64.000,7.200
2019-12-09 13:00:00,7.300,63.000,40.900,54.000,7.000
2019-12-09 14:00:00,7.300,39.000,6.500,38.000,6.600
2019-12-09 15:00:00,7.650,13.000,14.600,12.000,6.400
2019-12-09 16:00:00,7.730,0.000,0.000,0.000,6.100
2019-12-09 17:00:00,7.980,0.000,0.000,0.000,6.100
2019-12-09 18:00:00,8.600,0.000,0.000,0.000,6.100
2019-12-09 19:00:00,8.900,0.000,0.000,0.000,5.700
2019-12-09 20:00:00,9.300,0.000,0.000,0.000,5.300
2019-12-09 21:00:00,9.800,0.000,0.000,0.000,4.900
2019-12-09 22:00:00,8.990,0.000,0.000,0.000,4.700
2019-12-09 23:00:00,9.170,0.000,0.000,0.000,4.100
2019-12-10 00:00:00,9.320,0.000,0.000,0.000,3.900
2019-12-10 01:00:00,9.630,0.000,0.000,0.000,3.800
2019-12-10 02:00:00,9.260,0.000,0.000,0.000,3.600
2019-12-10 03:00:00,9.020,0.000,0.000,0.000,3.400
2019-12-10 04:00:00,8.530,0.000,0.000,0.000,3.100
2019-12-10 05:00:00,8.590,0.000,0.000,0.000,2.900
2019-12-10 06:00:00,7.600,0.000,0.000,0.000,2.400
2019-12-10 07:00:00,6.900,0.000,0.000,0.000,2.000
2019-12-10 08:00:00,7.230,9.000,57.300,6.000,1.800
2019-12-10 09:00:00,6.280,74.000,310.500,38.000,2.600
2019-12-10 10:00:00,5.680,147.000,475.300,54.000,3.600
2019-12-10 11:00:00,5.490,189.000,481.200,73.000,4.500
2019-12-10 12:00:00,5.300,170.000,325.300,89.000,5.100
2019-12-10 13:00:00,5.410,145.000,296.800,80.000,5.400
2019-12-10 14:00:00,6.180,95.000,261.400,55.000,5.100
2019-12-10 15:00:00,6.840,30.000,162.000,19.000,4.400
2019-12-10 16:00:00,7.740,0.000,0.000,0.000,3.500
2019-12-10 17:00:00,8.610,0.000,0.000,0.000,3.100
2019-12-10 18:00:00,9.160,0.000,0.000,0.000,3.100
2019-12-10 19:00:00,9.460,0.000,0.000,0.000,3.100
2019-12-10 20:00:00,9.730,0.000,0.000,0.000,3.200
2019-12-10 21:00:00,10.230,0.000,0.000,0.000,3.300
2019-12-10 22:00:00,10.380,0.000,0.000,0.000,3.900
2019-12-10 23:00:00,10.920,0.000,0.000,0.000,4.300
2019-12-11 00:00:00,11.300,0.000,0.000,0.000,4.700
2019-12-11 01:00:00,11.170,0.000,0.000,0.000,5.000
2019-12-11 02:00:00,10.720,0.000,0.000,0.000,4.800
2019-12-11 03:00:00,10.440,0.000,0.000,0.000,4.800
2019-12-11 04:00:00,10.110,0.000,0.000,0.000,4.800
2019-12-11 05:00:00,9.750,0.000,0.000,0.000,4.500
2019-12-11 06:00:00,9.310,0.000,0.000,0.000,4.200
2019-12-11 07:00:00,8.880,0.000,0.000,0.000,4.100
2019-12-11 08:00:00,8.240,1.000,0.000,1.000,4.000
2019-12-11 09:00:00,7.620,7.000,0.000,7.000,3.900
2019-12-11 10:00:00,6.040,12.000,0.000,12.000,3.800
2019-12-11 11:00:00,6.320,18.000,0.000,18.000,3.800
2019-12-11 12:00:00,6.770,21.000,0.000,21.000,3.700
2019-12-11 13:00:00,6.540,17.000,0.000,17.000,3.300
2019-12-11 14:00:00,6.400,11.000,0.000,11.000,2.800
2019-12-11 15:00:00,5.600,4.000,0.000,4.000,2.400
2019-12-11 16:00:00,5.390,0.000,0.000,0.000,2.300
2019-12-11 17:00:00,5.390,0.000,0.000,0.000,2.300
2019-12-11 18:00:00,5.320,0.000,0.000,0.000,2.200
2019-12-11 19:00:00,5.110,0.000,0.000,0.000,2.300
2019-12-11 20:00:00,4.880,0.000,0.000,0.000,2.400
2019-12-11 21:00:00,4.830,0.000,0.000,0.000,2.500
2019-12-11 22:00:00,5.160,0.000,0.000,0.000,2.500
2019-12-11 23:00:00,5.190,0.000,0.000,0.000,2.800
2019-12-12 00:00:00,5.710,0.000,0.000,0.000,3.000
2019-12-12 01:00:00,5.830,0.000,0.000,0.000,3.200
2019-12-12 02:00:00,5.660,0.000,0.000,0.000,3.500
2019-12-12 03:00:00,5.880,0.000,0.000,0.000,3.500
2019-12-12 04:00:00,5.690,0.000,0.000,0.000,3.600
2019-12-12 05:00:00,5.590,0.000,0.000,0.000,3.700
2019-12-12 06:00:00,5.660,0.000,0.000,0.000,3.800
2019-12-12 07:00:00,5.940,0.000,0.000,0.000,3.900
2019-12-12 08:00:00,6.440,3.000,0.000,3.000,3.900
2019-12-12 09:00:00,6.600,23.000,0.000,23.000,4.000
2019-12-12 10:00:00,6.550,50.000,15.600,47.000,4.200
2019-12-12 11:00:00,7.600,78.000,46.200,67.000,4.600
2019-12-12 12:00:00,6.860,131.000,235.400,73.000,5.000
2019-12-12 13:00:00,6.080,107.000,212.000,61.000,5.100
2019-12-12 14:00:00,5.550,67.000,178.000,40.000,5.000
2019-12-12 15:00:00,5.630,22.000,118.900,14.000,4.500
2019-12-12 16:00:00,6.040,0.000,0.000,0.000,4.000
2019-12-12 17:00:00,6.600,0.000,0.000,0.000,3.200
2019-12-12 18:00:00,7.140,0.000,0.000,0.000,2.800
2019-12-12 19:00:00,7.600,0.000,0.000,0.000,2.700
2019-12-12 20:00:00,7.890,0.000,0.000,0.000,2.800
2019-12-12 21:00:00,8.030,0.000,0.000,0.000,2.500
2019-12-12 22:00:00,8.820,0.000,0.000,0.000,1.700
2019-12-12 23:00:00,8.980,0.000,0.000,0.000,1.800
2019-12-13 00:00:00,9.380,0.000,0.000,0.000,1.900
2019-12-13 01:00:00,9.790,0.000,0.000,0.000,1.600
2019-12-13 02:00:00,9.840,0.000,0.000,0.000,1.400
2019-12-13 03:00:00,9.780,0.000,0.000,0.000,1.300
2019-12-13 04:00:00,9.800,0.000,0.000,0.000,1.200
2019-12-13 05:00:00,9.620,0.000,0.000,0.000,1.000
2019-12-13 06:00:00,9.450,0.000,0.000,0.000,0.900
2019-12-13 07:00:00,9.480,0.000,0.000,0.000,0.900
2019-12-13 08:00:00,8.990,6.000,19.100,5.000,0.900
2019-12-13 09:00:00,8.440,57.000,118.300,44.000,1.400
2019-12-13 10:00:00,7.030,93.000,89.400,76.000,2.100
2019-12-13 11:00:00,7.070,89.000,101.500,65.000,2.400
2019-12-13 12:00:00,6.800,67.000,28.500,60.000,2.500
2019-12-13 13:00:00,6.720,37.000,0.000,37.000,2.600
2019-12-13 14:00:00,6.050,22.000,0.000,22.000,2.400
2019-12-13 15:00:00,5.690,11.000,0.000,11.000,2.200
2019-12-13 16:00:00,5.470,0.000,0.000,0.000,1.900
2019-12-13 17:00:00,5.160,0.000,0.000,0.000,1.700
2019-12-13 18:00:00,4.950,0.000,0.000,0.000,1.700
2019-12-13 19:00:00,4.700,0.000,0.000,0.000,1.900
2019-12-13 20:00:00,4.240,0.000,0.000,0.000,2.000
2019-12-13 21:00:00,4.880,0.000,0.000,0.000,2.300
2019-12-13 22:00:00,5.550,0.000,0.000,0.000,1.900
2019-12-13 23:00:00,5.580,0.000,0.000,0.000,1.900
2019-12-14 00:00:00,6.470,0.000,0.000,0.000,2.500
2019-12-14 01:00:00,8.060,0.000,0.000,0.000,3.600
2019-12-14 02:00:00,8.320,0.000,0.000,0.000,4.600
2019-12-14 03:00:00,8.770,0.000,0.000,0.000,4.900
2019-12-14 04:00:00,8.820,0.000,0.000,0.000,4.600
2019-12-14 05:00:00,8.470,0.000,0.000,0.000,4.200
2019-12-14 06:00:00,7.920,0.000,0.000,0.000,4.300
2019-12-14 07:00:00,7.200,0.000,0.000,0.000,4.100
2019-12-14 08:00:00,6.760,3.000,0.000,3.000,4.100
2019-12-14 09:00:00,7.100,18.000,0.000,18.000,3.300
2019-12-14 10:00:00,8.950,23.000,0.000,23.000,3.600
2019-12-14 11:00:00,9.080,51.000,0.000,51.000,4.200
2019-12-14 12:00:00,11.010,73.000,36.800,64.000,5.400
2019-12-14 13:00:00,11.220,117.000,296.900,53.000,5.700
2019-12-14 14:00:00,11.640,71.000,212.200,39.000,5.600
2019-12-14 15:00:00,11.850,26.000,164.200,15.000,5.600
2019-12-14 16:00:00,11.260,0.000,0.000,0.000,5.600
2019-12-14 17:00:00,10.650,0.000,0.000,0.000,5.700
2019-12-14 18:00:00,9.760,0.000,0.000,0.000,5.300
2019-12-14 19:00:00,10.720,0.000,0.000,0.000,4.600
2019-12-14 20:00:00,13.160,0.000,0.000,0.000,4.600
2019-12-14 21:00:00,13.020,0.000,0.000,0.000,4.400
2019-12-14 22:00:00,12.340,0.000,0.000,0.000,4.200
2019-12-14 23:00:00,11.010,0.000,0.000,0.000,4.100
2019-12-15 00:00:00,10.170,0.000,0.000,0.000,3.900
2019-12-15 01:00:00,7.650,0.000,0.000,0.000,3.400
2019-12-15 02:00:00,8.670,0.000,0.000,0.000,3.200
2019-12-15 03:00:00,9.280,0.000,0.000,0.000,3.600
2019-12-15 04:00:00,9.300,0.000,0.000,0.000,3.700
2019-12-15 05:00:00,10.640,0.000,0.000,0.000,4.400
2019-12-15 06:00:00,11.490,0.000,0.000,0.000,5.500
2019-12-15 07:00:00,10.730,0.000,0.000,0.000,7.000
2019-12-15 08:00:00,11.870,3.000,0.000,3.000,8.000
2019-12-15 09:00:00,14.020,20.000,28.200,17.000,8.700
2019-12-15 10:00:00,11.730,96.000,245.800,50.000,8.500
2019-12-15 11:00:00,11.810,180.000,483.100,67.000,8.800
2019-12-15 12:00:00,12.570,206.000,612.200,57.000,8.900
2019-12-15 13:00:00,12.140,178.000,567.500,56.000,8.900
2019-12-15 14:00:00,11.960,112.000,471.500,41.000,8.400
2019-12-15 15:00:00,11.540,31.000,224.100,16.000,7.800
2019-12-15 16:00:00,11.040,0.000,0.000,0.000,7.600
2019-12-15 17:00:00,11.040,0.000,0.000,0.000,7.500
2019-12-15 18:00:00,11.370,0.000,0.000,0.000,7.400
2019-12-15 19:00:00,11.180,0.000,0.000,0.000,7.400
2019-12-15 20:00:00,10.570,0.000,0.000,0.000,7.100
2019-12-15 21:00:00,10.020,0.000,0.000,0.000,6.700
2019-12-15 22:00:00,9.210,0.000,0.000,0.000,6.400
2019-12-15 23:00:00,8.730,0.000,0.000,0.000,5.900
2019-12-16 00:00:00,8.060,0.000,0.000,0.000,5.400
2019-12-16 01:00:00,7.320,0.000,0.000,0.000,4.800
2019-12-16 02:00:00,7.920,0.000,0.000,0.000,4.500
2019-12-16 03:00:00,8.070,0.000,0.000,0.000,4.400
2019-12-16 04:00:00,8.170,0.000,0.000,0.000,4.600
2019-12-16 05:00:00,8.220,0.000,0.000,0.000,4.700
2019-12-16 06:00:00,7.910,0.000,0.000,0.000,5.100
2019-12-16 07:00:00,7.640,0.000,0.000,0.000,5.500
2019-12-16 08:00:00,7.980,5.000,0.000,5.000,5.900
2019-12-16 09:00:00,7.430,42.000,9.500,41.000,6.500
2019-12-16 10:00:00,6.360,68.000,26.900,63.000,7.600
2019-12-16 11:00:00,6.260,84.000,12.900,81.000,8.400
2019-12-16 12:00:00,5.990,62.000,4.100,61.000,8.600
2019-12-16 13:00:00,5.330,42.000,0.000,42.000,8.600
2019-12-16 14:00:00,5.150,24.000,0.000,24.000,8.400
2019-12-16 15:00:00,4.880,6.000,0.000,6.000,8.200
2019-12-16 16:00:00,4.880,0.000,0.000,0.000,8.300
2019-12-16 17:00:00,4.490,0.000,0.000,0.000,8.500
2019-12-16 18:00:00,4.420,0.000,0.000,0.000,8.600
2019-12-16 19:00:00,4.800,0.000,0.000,0.000,8.700
2019-12-16 20:00:00,4.930,0.000,0.000,0.000,8.600
2019-12-16 21:00:00,5.120,0.000,0.000,0.000,8.200
2019-12-16 22:00:00,6.000,0.000,0.000,0.000,7.900
2019-12-16 23:00:00,5.700,0.000,0.000,0.000,7.700
2019-12-17 00:00:00,6.420,0.000,0.000,0.000,7.200
2019-12-17 01:00:00,7.060,0.000,0.000,0.000,7.000
2019-12-17 02:00:00,7.370,0.000,0.000,0.000,7.000
2019-12-17 03:00:00,7.210,0.000,0.000,0.000,7.100
2019-12-17 04:00:00,7.530,0.000,0.000,0.000,7.500
2019-12-17 05:00:00,8.100,0.000,0.000,0.000,7.900
2019-12-17 06:00:00,8.730,0.000,0.000,0.000,8.000
2019-12-17 07:00:00,8.810,0.000,0.000,0.000,8.500
2019-12-17 08:00:00,9.130,4.000,0.000,4.000,9.000
2019-12-17 09:00:00,9.360,55.000,183.900,36.000,9.800
2019-12-17 10:00:00,8.800,131.000,428.000,52.000,11.500
2019-12-17 11:00:00,7.840,181.000,539.100,56.000,12.700
2019-12-17 12:00:00,7.560,185.000,512.400,61.000,13.500
2019-12-17 13:00:00,8.260,160.000,476.100,58.000,13.900
2019-12-17 14:00:00,8.720,102.000,412.100,40.000,13.700
2019-12-17 15:00:00,8.750,29.000,179.100,17.000,12.800
2019-12-17 16:00:00,8.990,0.000,0.000,0.000,12.200
2019-12-17 17:00:00,8.760,0.000,0.000,0.000,12.100
2019-12-17 18:00:00,9.140,0.000,0.000,0.000,12.300
2019-12-17 19:00:00,9.600,0.000,0.000,0.000,12.400
2019-12-17 20:00:00,10.410,0.000,0.000,0.000,12.700
2019-12-17 21:00:00,10.090,0.000,0.000,0.000,12.700
2019-12-17 22:00:00,10.020,0.000,0.000,0.000,12.600
2019-12-17 23:00:00,10.740,0.000,0.000,0.000,11.900
2019-12-18 00:00:00,11.740,0.000,0.000,0.000,11.600
2019-12-18 01:00:00,11.260,0.000,0.000,0.000,11.500
2019-12-18 02:00:00,10.990,0.000,0.000,0.000,11.100
2019-12-18 03:00:00,9.620,0.000,0.000,0.000,9.900
2019-12-18 04:00:00,7.830,0.000,0.000,0.000,8.400
2019-12-18 05:00:00,7.000,0.000,0.000,0.000,7.600
2019-12-18 06:00:00,6.040,0.000,0.000,0.000,6.700
2019-12-18 07:00:00,5.440,0.000,0.000,0.000,6.500
2019-12-18 08:00:00,5.140,2.000,0.000,2.000,6.600
2019-12-18 09:00:00,4.830,35.000,68.700,28.000,6.900
2019-12-18 10:00:00,4.750,87.000,141.700,61.000,7.300
2019-12-18 11:00:00,4.940,108.000,212.100,59.000,8.000
2019-12-18 12:00:00,6.000,131.000,240.200,73.000,8.500
2019-12-18 13:00:00,4.750,123.000,294.300,60.000,8.800
2019-12-18 14:00:00,4.190,72.000,225.800,38.000,8.700
2019-12-18 15:00:00,4.200,25.000,163.800,14.000,7.300
2019-12-18 16:00:00,3.750,0.000,0.000,0.000,5.400
2019-12-18 17:00:00,3.730,0.000,0.000,0.000,3.900
2019-12-18 18:00:00,4.220,0.000,0.000,0.000,3.400
2019-12-18 19:00:00,5.280,0.000,0.000,0.000,3.700
2019-12-18 20:00:00,5.570,0.000,0.000,0.000,3.800
2019-12-18 21:00:00,6.320,0.000,0.000,0.000,3.000
2019-12-18 22:00:00,7.050,0.000,0.000,0.000,3.200
2019-12-18 23:00:00,7.050,0.000,0.000,0.000,3.300
2019-12-19 00:00:00,7.390,0.000,0.000,0.000,3.400
2019-12-19 01:00:00,7.600,0.000,0.000,0.000,3.500
2019-12-19 02:00:00,7.660,0.000,0.000,0.000,3.600
2019-12-19 03:00:00,7.500,0.000,0.000,0.000,3.700
2019-12-19 04:00:00,7.030,0.000,0.000,0.000,3.700
2019-12-19 05:00:00,7.180,0.000,0.000,0.000,3.800
2019-12-19 06:00:00,7.340,0.000,0.000,0.000,4.200
2019-12-19 07:00:00,7.120,0.000,0.000,0.000,4.500
2019-12-19 08:00:00,7.120,4.000,19.100,3.000,4.700
2019-12-19 09:00:00,7.080,46.000,129.100,33.000,5.400
2019-12-19 10:00:00,7.120,98.000,169.900,67.000,7.700
2019-12-19 11:00:00,6.650,161.000,421.100,64.000,9.300
2019-12-19 12:00:00,6.480,192.000,555.700,58.000,10.400
2019-12-19 13:00:00,6.380,161.000,481.300,58.000,10.900
2019-12-19 14:00:00,6.660,101.000,371.300,45.000,10.600
2019-12-19 15:00:00,6.980,28.000,118.800,20.000,9.600
2019-12-19 16:00:00,7.030,0.000,0.000,0.000,8.800
2019-12-19 17:00:00,7.210,0.000,0.000,0.000,8.500
2019-12-19 18:00:00,7.020,0.000,0.000,0.000,8.200
2019-12-19 19:00:00,7.070,0.000,0.000,0.000,7.700
2019-12-19 20:00:00,6.800,0.000,0.000,0.000,7.100
2019-12-19 21:00:00,6.580,0.000,0.000,0.000,6.400
2019-12-19 22:00:00,5.700,0.000,0.000,0.000,6.100
2019-12-19 23:00:00,6.040,0.000,0.000,0.000,5.200
2019-12-20 00:00:00,6.580,0.000,0.000,0.000,5.300
2019-12-20 01:00:00,6.960,0.000,0.000,0.000,5.200
2019-12-20 02:00:00,7.260,0.000,0.000,0.000,4.900
2019-12-20 03:00:00,7.480,0.000,0.000,0.000,4.600
2019-12-20 04:00:00,8.130,0.000,0.000,0.000,4.600
2019-12-20 05:00:00,7.460,0.000,0.000,0.000,4.500
2019-12-20 06:00:00,6.710,0.000,0.000,0.000,4.200
2019-12-20 07:00:00,7.030,0.000,0.000,0.000,4.200
2019-12-20 08:00:00,7.050,4.000,0.000,4.000,4.000
2019-12-20 09:00:00,7.270,49.000,70.300,42.000,5.200
2019-12-20 10:00:00,7.430,111.000,236.800,68.000,7.200
2019-12-20 11:00:00,7.550,141.000,256.700,82.000,8.900
2019-12-20 12:00:00,7.110,139.000,199.300,91.000,10.100
2019-12-20 13:00:00,7.510,82.000,79.400,65.000,10.500
2019-12-20 14:00:00,7.510,24.000,6.600,23.000,10.300
2019-12-20 15:00:00,7.300,13.000,0.000,13.000,9.800
2019-12-20 16:00:00,7.710,0.000,0.000,0.000,9.800
2019-12-20 17:00:00,8.710,0.000,0.000,0.000,10.100
2019-12-20 18:00:00,9.080,0.000,0.000,0.000,9.900
2019-12-20 19:00:00,9.110,0.000,0.000,0.000,9.800
2019-12-20 20:00:00,8.100,0.000,0.000,0.000,9.700
2019-12-20 21:00:00,7.780,0.000,0.000,0.000,9.700
2019-12-20 22:00:00,7.550,0.000,0.000,0.000,9.900
2019-12-20 23:00:00,7.870,0.000,0.000,0.000,9.600
2019-12-21 00:00:00,7.790,0.000,0.000,0.000,9.100
2019-12-21 01:00:00,7.530,0.000,0.000,0.000,8.400
2019-12-21 02:00:00,7.500,0.000,0.000,0.000,7.800
2019-12-21 03:00:00,7.670,0.000,0.000,0.000,7.500
2019-12-21 04:00:00,7.580,0.000,0.000,0.000,7.000
2019-12-21 05:00:00,7.480,0.000,0.000,0.000,6.900
2019-12-21 06:00:00,7.490,0.000,0.000,0.000,6.600
2019-12-21 07:00:00,7.270,0.000,0.000,0.000,6.300
2019-12-21 08:00:00,6.980,4.000,19.100,3.000,6.100
2019-12-21 09:00:00,6.590,61.000,324.600,29.000,6.600
2019-12-21 10:00:00,6.220,136.000,486.500,48.000,7.800
2019-12-21 11:00:00,7.080,186.000,562.400,57.000,8.500
2019-12-21 12:00:00,6.360,197.000,577.400,58.000,9.000
2019-12-21 13:00:00,6.570,170.000,546.100,53.000,9.200
2019-12-21 14:00:00,6.540,108.000,435.100,42.000,8.800
2019-12-21 15:00:00,7.410,32.000,235.500,16.000,8.000
2019-12-21 16:00:00,7.710,0.000,0.000,0.000,7.200
2019-12-21 17:00:00,7.810,0.000,0.000,0.000,6.800
2019-12-21 18:00:00,7.820,0.000,0.000,0.000,6.200
2019-12-21 19:00:00,7.610,0.000,0.000,0.000,5.900
2019-12-21 20:00:00,7.030,0.000,0.000,0.000,5.100
2019-12-21 21:00:00,6.650,0.000,0.000,0.000,4.300
2019-12-21 22:00:00,7.310,0.000,0.000,0.000,4.400
2019-12-21 23:00:00,7.430,0.000,0.000,0.000,4.200
2019-12-22 00:00:00,7.470,0.000,0.000,0.000,3.800
2019-12-22 01:00:00,7.580,0.000,0.000,0.000,3.900
2019-12-22 02:00:00,7.660,0.000,0.000,0.000,4.000
2019-12-22 03:00:00,7.720,0.000,0.000,0.000,3.800
2019-12-22 04:00:00,7.660,0.000,0.000,0.000,3.800
2019-12-22 05:00:00,7.520,0.000,0.000,0.000,4.100
2019-12-22 06:00:00,7.380,0.000,0.000,0.000,4.400
2019-12-22 07:00:00,7.120,0.000,0.000,0.000,4.600
2019-12-22 08:00:00,7.110,2.000,0.000,2.000,4.700
2019-12-22 09:00:00,6.550,26.000,51.200,21.000,4.800
2019-12-22 10:00:00,5.850,79.000,133.100,55.000,5.900
2019-12-22 11:00:00,5.920,107.000,135.300,76.000,6.600
2019-12-22 12:00:00,5.510,103.000,49.800,91.000,7.200
2019-12-22 13:00:00,5.910,68.000,4.700,67.000,7.600
2019-12-22 14:00:00,5.980,39.000,52.500,31.000,7.500
2019-12-22 15:00:00,6.170,13.000,29.300,11.000,7.300
2019-12-22 16:00:00,6.350,0.000,0.000,0.000,7.100
2019-12-22 17:00:00,6.480,0.000,0.000,0.000,7.500
2019-12-22 18:00:00,6.380,0.000,0.000,0.000,7.300
2019-12-22 19:00:00,6.210,0.000,0.000,0.000,7.100
2019-12-22 20:00:00,6.240,0.000,0.000,0.000,7.200
2019-12-22 21:00:00,6.530,0.000,0.000,0.000,7.400
2019-12-22 22:00:00,6.880,0.000,0.000,0.000,6.900
2019-12-22 23:00:00,8.100,0.000,0.000,0.000,7.300
2019-12-23 00:00:00,9.200,0.000,0.000,0.000,7.400
2019-12-23 01:00:00,9.820,0.000,0.000,0.000,7.200
2019-12-23 02:00:00,9.730,0.000,0.000,0.000,7.100
2019-12-23 03:00:00,10.010,0.000,0.000,0.000,7.200
2019-12-23 04:00:00,10.020,0.000,0.000,0.000,7.100
2019-12-23 05:00:00,9.270,0.000,0.000,0.000,7.000
2019-12-23 06:00:00,8.510,0.000,0.000,0.000,6.900
2019-12-23 07:00:00,8.190,0.000,0.000,0.000,6.800
2019-12-23 08:00:00,8.300,3.000,0.000,3.000,6.700
2019-12-23 09:00:00,8.070,33.000,72.200,26.000,6.900
2019-12-23 10:00:00,7.110,67.000,38.900,60.000,7.500
2019-12-23 11:00:00,7.860,104.000,196.600,59.000,8.000
2019-12-23 12:00:00,8.770,138.000,336.200,57.000,8.200
2019-12-23 13:00:00,8.520,105.000,218.600,58.000,8.300
2019-12-23 14:00:00,8.140,67.000,176.500,40.000,8.100
2019-12-23 15:00:00,8.130,23.000,101.700,16.000,7.900
2019-12-23 16:00:00,8.130,0.000,0.000,0.000,7.600
2019-12-23 17:00:00,8.220,0.000,0.000,0.000,7.300
2019-12-23 18:00:00,8.230,0.000,0.000,0.000,7.400
2019-12-23 19:00:00,8.420,0.000,0.000,0.000,7.300
2019-12-23 20:00:00,8.550,0.000,0.000,0.000,7.200
2019-12-23 21:00:00,8.510,0.000,0.000,0.000,6.900
2019-12-23 22:00:00,8.050,0.000,0.000,0.000,6.600
2019-12-23 23:00:00,8.030,0.000,0.000,0.000,6.500
2019-12-24 00:00:00,7.930,0.000,0.000,0.000,6.400
2019-12-24 01:00:00,7.930,0.000,0.000,0.000,6.400
2019-12-24 02:00:00,8.060,0.000,0.000,0.000,6.200
2019-12-24 03:00:00,7.780,0.000,0.000,0.000,6.200
2019-12-24 04:00:00,7.430,0.000,0.000,0.000,5.900
2019-12-24 05:00:00,7.610,0.000,0.000,0.000,5.800
2019-12-24 06:00:00,7.500,0.000,0.000,0.000,5.900
2019-12-24 07:00:00,7.430,0.000,0.000,0.000,5.800
2019-12-24 08:00:00,6.910,3.000,0.000,3.000,5.900
2019-12-24 09:00:00,6.560,35.000,62.200,29.000,6.400
2019-12-24 10:00:00,5.830,68.000,33.400,62.000,7.000
2019-12-24 11:00:00,6.400,74.000,8.700,72.000,7.200
2019-12-24 12:00:00,6.510,104.000,74.600,86.000,7.200
2019-12-24 13:00:00,7.020,48.000,9.300,46.000,6.200
2019-12-24 14:00:00,6.820,14.000,0.000,14.000,5.200
2019-12-24 15:00:00,6.400,4.000,0.000,4.000,5.000
2019-12-24 16:00:00,5.160,0.000,0.000,0.000,5.800
2019-12-24 17:00:00,6.460,0.000,0.000,0.000,7.100
2019-12-24 18:00:00,7.820,0.000,0.000,0.000,7.600
2019-12-24 19:00:00,7.700,0.000,0.000,0.000,7.400
2019-12-24 20:00:00,7.610,0.000,0.000,0.000,7.300
2019-12-24 21:00:00,8.010,0.000,0.000,0.000,7.000
2019-12-24 22:00:00,8.320,0.000,0.000,0.000,6.900
2019-12-24 23:00:00,8.140,0.000,0.000,0.000,6.800
2019-12-25 00:00:00,7.690,0.000,0.000,0.000,6.400
2019-12-25 01:00:00,6.820,0.000,0.000,0.000,6.200
2019-12-25 02:00:00,6.040,0.000,0.000,0.000,6.200
2019-12-25 03:00:00,5.100,0.000,0.000,0.000,6.100
2019-12-25 04:00:00,4.600,0.000,0.000,0.000,6.000
2019-12-25 05:00:00,4.580,0.000,0.000,0.000,5.500
2019-12-25 06:00:00,4.700,0.000,0.000,0.000,5.600
2019-12-25 07:00:00,4.480,0.000,0.000,0.000,5.600
2019-12-25 08:00:00,4.250,2.000,0.000,2.000,5.200
2019-12-25 09:00:00,4.120,27.000,20.800,25.000,5.600
2019-12-25 10:00:00,4.530,76.000,128.300,53.000,5.800
2019-12-25 11:00:00,5.200,137.000,297.000,69.000,6.200
2019-12-25 12:00:00,5.560,129.000,248.300,69.000,6.400
2019-12-25 13:00:00,6.400,118.000,263.500,61.000,6.700
2019-12-25 14:00:00,6.360,71.000,213.200,38.000,6.900
2019-12-25 15:00:00,6.500,28.000,171.600,16.000,6.700
2019-12-25 16:00:00,6.500,0.000,0.000,0.000,6.500
2019-12-25 17:00:00,6.630,0.000,0.000,0.000,6.300
2019-12-25 18:00:00,6.540,0.000,0.000,0.000,6.100
2019-12-25 19:00:00,6.440,0.000,0.000,0.000,5.600
2019-12-25 20:00:00,6.200,0.000,0.000,0.000,5.400
2019-12-25 21:00:00,6.110,0.000,0.000,0.000,5.200
2019-12-25 22:00:00,6.440,0.000,0.000,0.000,5.200
2019-12-25 23:00:00,6.830,0.000,0.000,0.000,4.800
2019-12-26 00:00:00,6.870,0.000,0.000,0.000,4.500
2019-12-26 01:00:00,6.630,0.000,0.000,0.000,4.500
2019-12-26 02:00:00,5.920,0.000,0.000,0.000,4.200
2019-12-26 03:00:00,5.720,0.000,0.000,0.000,4.000
2019-12-26 04:00:00,6.100,0.000,0.000,0.000,3.600
2019-12-26 05:00:00,6.100,0.000,0.000,0.000,3.800
2019-12-26 06:00:00,5.910,0.000,0.000,0.000,3.500
2019-12-26 07:00:00,5.850,0.000,0.000,0.000,3.400
2019-12-26 08:00:00,5.890,3.000,19.100,2.000,3.400
2019-12-26 09:00:00,5.820,47.000,219.400,26.000,4.200
2019-12-26 10:00:00,5.260,101.000,256.600,55.000,5.000
2019-12-26 11:00:00,4.440,133.000,287.900,67.000,5.900
2019-12-26 12:00:00,3.910,138.000,251.900,77.000,6.100
2019-12-26 13:00:00,3.690,122.000,290.100,59.000,6.200
2019-12-26 14:00:00,4.050,79.000,205.200,47.000,6.000
2019-12-26 15:00:00,3.720,26.000,127.500,17.000,5.200
2019-12-26 16:00:00,3.550,0.000,0.000,0.000,4.600
2019-12-26 17:00:00,4.020,0.000,0.000,0.000,4.000
2019-12-26 18:00:00,4.280,0.000,0.000,0.000,3.800
2019-12-26 19:00:00,3.820,0.000,0.000,0.000,3.900
2019-12-26 20:00:00,3.330,0.000,0.000,0.000,4.000
2019-12-26 21:00:00,3.230,0.000,0.000,0.000,2.500
2019-12-26 22:00:00,2.710,0.000,0.000,0.000,2.500
2019-12-26 23:00:00,2.420,0.000,0.000,0.000,2.200
2019-12-27 00:00:00,2.480,0.000,0.000,0.000,1.700
2019-12-27 01:00:00,2.580,0.000,0.000,0.000,1.200
2019-12-27 02:00:00,2.660,0.000,0.000,0.000,0.900
2019-12-27 03:00:00,3.420,0.000,0.000,0.000,0.800
2019-12-27 04:00:00,4.430,0.000,0.000,0.000,1.100
2019-12-27 05:00:00,5.060,0.000,0.000,0.000,1.200
2019-12-27 06:00:00,5.370,0.000,0.000,0.000,1.300
2019-12-27 07:00:00,5.510,0.000,0.000,0.000,1.400
2019-12-27 08:00:00,5.510,2.000,0.000,2.000,1.600
2019-12-27 09:00:00,4.940,30.000,73.300,23.000,2.300
2019-12-27 10:00:00,4.560,57.000,39.000,50.000,3.300
2019-12-27 11:00:00,3.940,53.000,8.700,51.000,3.700
2019-12-27 12:00:00,3.610,75.000,53.500,62.000,3.800
2019-12-27 13:00:00,3.890,68.000,50.400,57.000,3.500
2019-12-27 14:00:00,3.890,50.000,44.500,43.000,3.300
2019-12-27 15:00:00,3.620,16.000,14.000,15.000,3.200
2019-12-27 16:00:00,3.200,0.000,0.000,0.000,2.700
2019-12-27 17:00:00,2.730,0.000,0.000,0.000,2.800
2019-12-27 18:00:00,2.930,0.000,0.000,0.000,2.400
2019-12-27 19:00:00,3.110,0.000,0.000,0.000,2.200
2019-12-27 20:00:00,3.450,0.000,0.000,0.000,1.600
2019-12-27 21:00:00,3.760,0.000,0.000,0.000,1.000
2019-12-27 22:00:00,4.300,0.000,0.000,0.000,0.800
2019-12-27 23:00:00,3.990,0.000,0.000,0.000,0.300
2019-12-28 00:00:00,3.640,0.000,0.000,0.000,0.100
2019-12-28 01:00:00,3.280,0.000,0.000,0.000,-0.000
2019-12-28 02:00:00,2.840,0.000,0.000,0.000,-0.400
2019-12-28 03:00:00,2.860,0.000,0.000,0.000,-0.400
2019-12-28 04:00:00,3.280,0.000,0.000,0.000,-0.900
2019-12-28 05:00:00,3.810,0.000,0.000,0.000,-1.400
2019-12-28 06:00:00,4.030,0.000,0.000,0.000,-2.000
2019-12-28 07:00:00,2.920,0.000,0.000,0.000,-2.300
2019-12-28 08:00:00,2.410,3.000,0.000,3.000,-2.400
2019-12-28 09:00:00,3.300,50.000,241.000,27.000,-1.500
2019-12-28 10:00:00,3.770,107.000,311.800,51.000,-0.300
2019-12-28 11:00:00,3.400,140.000,265.000,79.000,0.600
2019-12-28 12:00:00,3.080,139.000,283.100,70.000,0.900
2019-12-28 13:00:00,3.140,122.000,214.300,75.000,1.200
2019-12-28 14:00:00,3.060,85.000,107.200,68.000,0.900
2019-12-28 15:00:00,3.580,27.000,13.900,26.000,0.300
2019-12-28 16:00:00,4.740,0.000,0.000,0.000,-0.300
2019-12-28 17:00:00,5.120,0.000,0.000,0.000,-0.500
2019-12-28 18:00:00,4.800,0.000,0.000,0.000,-0.800
2019-12-28 19:00:00,4.740,0.000,0.000,0.000,-0.700
2019-12-28 20:00:00,5.190,0.000,0.000,0.000,-0.600
2019-12-28 21:00:00,5.410,0.000,0.000,0.000,-0.600
2019-12-28 22:00:00,5.300,0.000,0.000,0.000,-0.600
2019-12-28 23:00:00,5.560,0.000,0.000,0.000,-1.000
2019-12-29 00:00:00,4.900,0.000,0.000,0.000,-1.500
2019-12-29 01:00:00,5.300,0.000,0.000,0.000,-1.800
2019-12-29 02:00:00,5.020,0.000,0.000,0.000,-2.000
2019-12-29 03:00:00,5.300,0.000,0.000,0.000,-2.100
2019-12-29 04:00:00,4.940,0.000,0.000,0.000,-2.300
2019-12-29 05:00:00,4.270,0.000,0.000,0.000,-2.500
2019-12-29 06:00:00,5.350,0.000,0.000,0.000,-2.600
2019-12-29 07:00:00,5.070,0.000,0.000,0.000,-2.400
2019-12-29 08:00:00,5.410,3.000,0.000,3.000,-2.200
2019-12-29 09:00:00,5.470,51.000,125.700,39.000,-1.200
2019-12-29 10:00:00,4.840,96.000,72.200,83.000,0.300
2019-12-29 11:00:00,4.460,111.000,26.000,105.000,1.100
2019-12-29 12:00:00,5.410,119.000,40.900,109.000,1.700
2019-12-29 13:00:00,4.830,98.000,22.700,93.000,2.000
2019-12-29 14:00:00,5.310,57.000,0.000,57.000,2.000
2019-12-29 15:00:00,5.910,18.000,0.000,18.000,1.800
2019-12-29 16:00:00,6.520,0.000,0.000,0.000,1.800
2019-12-29 17:00:00,7.260,0.000,0.000,0.000,1.800
2019-12-29 18:00:00,7.260,0.000,0.000,0.000,2.000
2019-12-29 19:00:00,7.490,0.000,0.000,0.000,2.200
2019-12-29 20:00:00,7.680,0.000,0.000,0.000,2.000
2019-12-29 21:00:00,7.880,0.000,0.000,0.000,2.400
2019-12-29 22:00:00,7.960,0.000,0.000,0.000,2.700
2019-12-29 23:00:00,7.920,0.000,0.000,0.000,2.500
2019-12-30 00:00:00,8.150,0.000,0.000,0.000,2.500
2019-12-30 01:00:00,8.580,0.000,0.000,0.000,2.600
2019-12-30 02:00:00,8.530,0.000,0.000,0.000,2.800
2019-12-30 03:00:00,8.790,0.000,0.000,0.000,3.100
2019-12-30 04:00:00,8.930,0.000,0.000,0.000,3.400
2019-12-30 05:00:00,8.850,0.000,0.000,0.000,3.700
2019-12-30 06:00:00,8.980,0.000,0.000,0.000,4.000
2019-12-30 07:00:00,9.280,0.000,0.000,0.000,4.100
2019-12-30 08:00:00,9.500,3.000,0.000,3.000,4.500
2019-12-30 09:00:00,9.630,54.000,261.300,29.000,5.100
2019-12-30 10:00:00,9.550,120.000,410.200,46.000,6.600
2019-12-30 11:00:00,9.630,158.000,392.900,67.000,7.900
2019-12-30 12:00:00,9.760,174.000,370.300,83.000,8.800
2019-12-30 13:00:00,9.850,142.000,261.300,84.000,9.500
2019-12-30 14:00:00,9.770,97.000,228.700,60.000,9.100
2019-12-30 15:00:00,9.900,41.000,270.100,21.000,8.200
2019-12-30 16:00:00,10.010,0.000,0.000,0.000,7.100
2019-12-30 17:00:00,10.320,0.000,0.000,0.000,6.700
2019-12-30 18:00:00,10.570,0.000,0.000,0.000,6.500
2019-12-30 19:00:00,10.380,0.000,0.000,0.000,6.200
2019-12-30 20:00:00,10.180,0.000,0.000,0.000,6.000
2019-12-30 21:00:00,10.250,0.000,0.000,0.000,5.800
2019-12-30 22:00:00,10.070,0.000,0.000,0.000,5.900
2019-12-30 23:00:00,10.140,0.000,0.000,0.000,5.600
2019-12-31 00:00:00,9.920,0.000,0.000,0.000,5.100
2019-12-31 01:00:00,9.810,0.000,0.000,0.000,4.700
2019-12-31 02:00:00,9.230,0.000,0.000,0.000,4.700
2019-12-31 03:00:00,9.120,0.000,0.000,0.000,4.800
2019-12-31 04:00:00,8.760,0.000,0.000,0.000,5.000
2019-12-31 05:00:00,8.160,0.000,0.000,0.000,5.300
2019-12-31 06:00:00,7.560,0.000,0.000,0.000,5.400
2019-12-31 07:00:00,6.840,0.000,0.000,0.000,5.100
2019-12-31 08:00:00,6.960,2.000,0.000,2.000,5.100
2019-12-31 09:00:00,6.910,37.000,125.000,25.000,5.100
2019-12-31 10:00:00,7.020,87.000,198.900,51.000,5.800
2019-12-31 11:00:00,6.510,149.000,339.800,70.000,6.400
2019-12-31 12:00:00,6.210,153.000,336.000,70.000,6.900
2019-12-31 13:00:00,6.490,132.000,299.800,65.000,7.100
2019-12-31 14:00:00,7.060,90.000,269.000,46.000,7.100
2019-12-31 15:00:00,6.410,27.000,119.900,18.000,6.700
2019-12-31 16:00:00,6.020,0.000,0.000,0.000,6.100
2019-12-31 17:00:00,6.260,0.000,0.000,0.000,5.400
2019-12-31 18:00:00,6.140,0.000,0.000,0.000,4.600
2019-12-31 19:00:00,5.720,0.000,0.000,0.000,4.300
2019-12-31 20:00:00,5.710,0.000,0.000,0.000,3.700
2019-12-31 21:00:00,5.450,0.000,0.000,0.000,2.900
2019-12-31 22:00:00,4.790,0.000,0.000,0.000,2.400
2019-12-31 23:00:00,4.880,0.000,0.000,0.000,1.500
