time,ws100,ghi,dni,dhi,t2m
2022-01-01 00:00:00,9.050,0.000,0.000,0.000,12.500
2022-01-01 01:00:00,9.510,0.000,0.000,0.000,12.500
2022-01-01 02:00:00,9.120,0.000,0.000,0.000,12.500
2022-01-01 03:00:00,8.470,0.000,0.000,0.000,12.400
2022-01-01 04:00:00,8.870,0.000,0.000,0.000,12.400
2022-01-01 05:00:00,9.100,0.000,0.000,0.000,12.400
2022-01-01 06:00:00,8.540,0.000,0.000,0.000,12.200
2022-01-01 07:00:00,8.560,0.000,0.000,0.000,12.100
2022-01-01 08:00:00,8.370,1.000,0.000,1.000,12.000
2022-01-01 09:00:00,7.710,16.000,0.000,16.000,12.000
2022-01-01 10:00:00,6.740,36.000,0.000,36.000,12.300
2022-01-01 11:00:00,6.360,55.000,4.300,54.000,12.700
2022-01-01 12:00:00,6.370,42.000,0.000,42.000,13.000
2022-01-01 13:00:00,6.510,43.000,0.000,43.000,13.200
2022-01-01 14:00:00,6.190,44.000,18.000,41.000,13.300
2022-01-01 15:00:00,6.720,24.000,52.100,20.000,12.900
2022-01-01 16:00:00,7.210,0.000,0.000,0.000,12.200
2022-01-01 17:00:00,7.440,0.000,0.000,0.000,12.100
2022-01-01 18:00:00,8.070,0.000,0.000,0.000,11.700
2022-01-01 19:00:00,8.300,0.000,0.000,0.000,11.400
2022-01-01 20:00:00,8.360,0.000,0.000,0.000,10.900
2022-01-01 21:00:00,8.590,0.000,0.000,0.000,10.700
2022-01-01 22:00:00,9.180,0.000,0.000,0.000,10.700
2022-01-01 23:00:00,9.140,0.000,0.000,0.000,10.200
2022-01-02 00:00:00,8.940,0.000,0.000,0.000,9.900
2022-01-02 01:00:00,9.110,0.000,0.000,0.000,9.800
2022-01-02 02:00:00,9.050,0.000,0.000,0.000,9.900
2022-01-02 03:00:00,8.980,0.000,0.000,0.000,10.300
2022-01-02 04:00:00,8.870,0.000,0.000,0.000,10.500
2022-01-02 05:00:00,9.340,0.000,0.000,0.000,10.900
2022-01-02 06:00:00,10.250,0.000,0.000,0.000,11.100
2022-01-02 07:00:00,10.800,0.000,0.000,0.000,11.600
2022-01-02 08:00:00,10.290,1.000,0.000,1.000,11.700
2022-01-02 09:00:00,9.960,24.000,0.000,24.000,12.000
2022-01-02 10:00:00,9.230,42.000,5.500,41.000,12.100
2022-01-02 11:00:00,11.310,79.000,25.500,73.000,12.000
2022-01-02 12:00:00,12.310,95.000,59.900,80.000,12.200
2022-01-02 13:00:00,11.850,92.000,123.000,64.000,12.300
2022-01-02 14:00:00,12.370,65.000,100.900,48.000,12.600
2022-01-02 15:00:00,12.390,27.000,102.600,19.000,12.700
2022-01-02 16:00:00,12.040,0.000,0.000,0.000,12.700
2022-01-02 17:00:00,11.060,0.000,0.000,0.000,12.300
2022-01-02 18:00:00,10.130,0.000,0.000,0.000,11.700
2022-01-02 19:00:00,9.090,0.000,0.000,0.000,11.100
2022-01-02 20:00:00,8.760,0.000,0.000,0.000,10.700
2022-01-02 21:00:00,8.670,0.000,0.000,0.000,10.700
2022-01-02 22:00:00,8.950,0.000,0.000,0.000,10.100
2022-01-02 23:00:00,10.200,0.000,0.000,0.000,10.000
2022-01-03 00:00:00,11.680,0.000,0.000,0.000,10.200
2022-01-03 01:00:00,13.790,0.000,0.000,0.000,10.000
2022-01-03 02:00:00,13.890,0.000,0.000,0.000,9.400
2022-01-03 03:00:00,13.020,0.000,0.000,0.000,9.000
2022-01-03 04:00:00,12.350,0.000,0.000,0.000,9.200
2022-01-03 05:00:00,11.610,0.000,0.000,0.000,9.100
2022-01-03 06:00:00,11.700,0.000,0.000,0.000,8.700
2022-01-03 07:00:00,11.350,0.000,0.000,0.000,8.800
2022-01-03 08:00:00,11.510,2.000,0.000,2.000,9.100
2022-01-03 09:00:00,11.910,43.000,174.000,26.000,9.300
2022-01-03 10:00:00,11.250,100.000,299.300,45.000,9.800
2022-01-03 11:00:00,11.660,131.000,308.700,58.000,9.900
2022-01-03 12:00:00,10.670,112.000,142.800,76.000,10.000
2022-01-03 13:00:00,10.280,126.000,326.700,51.000,10.000
2022-01-03 14:00:00,10.320,106.000,322.600,51.000,10.100
2022-01-03 15:00:00,9.910,40.000,240.100,21.000,9.600
2022-01-03 16:00:00,10.080,1.000,0.000,1.000,8.900
2022-01-03 17:00:00,10.260,0.000,0.000,0.000,8.700
2022-01-03 18:00:00,9.210,0.000,0.000,0.000,8.400
2022-01-03 19:00:00,8.870,0.000,0.000,0.000,8.000
2022-01-03 20:00:00,8.530,0.000,0.000,0.000,8.000
2022-01-03 21:00:00,8.360,0.000,0.000,0.000,7.800
2022-01-03 22:00:00,8.700,0.000,0.000,0.000,8.000
2022-01-03 23:00:00,7.850,0.000,0.000,0.000,7.900
2022-01-04 00:00:00,7.650,0.000,0.000,0.000,8.000
2022-01-04 01:00:00,7.840,0.000,0.000,0.000,7.800
2022-01-04 02:00:00,7.850,0.000,0.000,0.000,7.700
2022-01-04 03:00:00,7.960,0.000,0.000,0.000,7.500
2022-01-04 04:00:00,7.470,0.000,0.000,0.000,7.400
2022-01-04 05:00:00,7.430,0.000,0.000,0.000,7.400
2022-01-04 06:00:00,6.730,0.000,0.000,0.000,7.300
2022-01-04 07:00:00,6.790,0.000,0.000,0.000,7.200
2022-01-04 08:00:00,6.590,1.000,0.000,1.000,7.200
2022-01-04 09:00:00,6.520,20.000,0.000,20.000,7.400
2022-01-04 10:00:00,7.210,50.000,5.400,49.000,7.500
2022-01-04 11:00:00,7.890,75.000,0.000,75.000,7.500
2022-01-04 12:00:00,7.700,86.000,3.900,85.000,7.400
2022-01-04 13:00:00,7.920,68.000,0.000,68.000,7.300
2022-01-04 14:00:00,7.530,54.000,11.600,52.000,7.200
2022-01-04 15:00:00,7.280,21.000,12.300,20.000,6.800
2022-01-04 16:00:00,6.920,1.000,0.000,1.000,6.300
2022-01-04 17:00:00,7.000,0.000,0.000,0.000,5.700
2022-01-04 18:00:00,6.420,0.000,0.000,0.000,4.800
2022-01-04 19:00:00,5.090,0.000,0.000,0.000,4.000
2022-01-04 20:00:00,5.720,0.000,0.000,0.000,3.500
2022-01-04 21:00:00,5.910,0.000,0.000,0.000,3.300
2022-01-04 22:00:00,6.530,0.000,0.000,0.000,3.400
2022-01-04 23:00:00,7.860,0.000,0.000,0.000,3.400
2022-01-05 00:00:00,8.270,0.000,0.000,0.000,3.300
2022-01-05 01:00:00,8.130,0.000,0.000,0.000,3.200
2022-01-05 02:00:00,7.970,0.000,0.000,0.000,2.900
2022-01-05 03:00:00,8.230,0.000,0.000,0.000,2.700
2022-01-05 04:00:00,9.060,0.000,0.000,0.000,2.500
2022-01-05 05:00:00,9.820,0.000,0.000,0.000,2.300
2022-01-05 06:00:00,10.670,0.000,0.000,0.000,2.200
2022-01-05 07:00:00,11.430,0.000,0.000,0.000,2.000
2022-01-05 08:00:00,11.830,4.000,19.100,3.000,2.200
2022-01-05 09:00:00,12.280,57.000,251.200,32.000,2.600
2022-01-05 10:00:00,11.870,132.000,408.100,56.000,3.100
2022-01-05 11:00:00,11.510,150.000,329.900,71.000,2.900
2022-01-05 12:00:00,11.200,120.000,152.500,81.000,2.600
2022-01-05 13:00:00,11.500,122.000,205.400,74.000,2.800
2022-01-05 14:00:00,12.000,92.000,194.200,58.000,3.700
2022-01-05 15:00:00,11.370,25.000,83.600,18.000,4.600
2022-01-05 16:00:00,11.600,1.000,0.000,1.000,4.800
2022-01-05 17:00:00,11.450,0.000,0.000,0.000,4.700
2022-01-05 18:00:00,11.180,0.000,0.000,0.000,4.800
2022-01-05 19:00:00,11.040,0.000,0.000,0.000,4.800
2022-01-05 20:00:00,10.890,0.000,0.000,0.000,4.500
2022-01-05 21:00:00,10.890,0.000,0.000,0.000,4.300
2022-01-05 22:00:00,9.640,0.000,0.000,0.000,4.200
2022-01-05 23:00:00,9.230,0.000,0.000,0.000,4.000
2022-01-06 00:00:00,8.830,0.000,0.000,0.000,3.700
2022-01-06 01:00:00,8.310,0.000,0.000,0.000,3.100
2022-01-06 02:00:00,7.030,0.000,0.000,0.000,1.900
2022-01-06 03:00:00,6.130,0.000,0.000,0.000,0.800
2022-01-06 04:00:00,5.930,0.000,0.000,0.000,-0.400
2022-01-06 05:00:00,6.320,0.000,0.000,0.000,-0.900
2022-01-06 06:00:00,6.320,0.000,0.000,0.000,-1.200
2022-01-06 07:00:00,6.190,0.000,0.000,0.000,-1.200
2022-01-06 08:00:00,6.300,4.000,19.100,3.000,-1.000
2022-01-06 09:00:00,6.100,64.000,327.900,31.000,0.200
2022-01-06 10:00:00,5.410,131.000,367.700,62.000,1.700
2022-01-06 11:00:00,4.640,193.000,518.200,68.000,2.900
2022-01-06 12:00:00,4.440,217.000,593.700,64.000,3.700
2022-01-06 13:00:00,4.520,198.000,576.300,62.000,4.300
2022-01-06 14:00:00,5.360,134.000,473.100,50.000,4.300
2022-01-06 15:00:00,5.600,53.000,312.600,26.000,3.400
2022-01-06 16:00:00,6.150,2.000,0.000,2.000,2.100
2022-01-06 17:00:00,6.310,0.000,0.000,0.000,1.600
2022-01-06 18:00:00,6.530,0.000,0.000,0.000,1.000
2022-01-06 19:00:00,7.040,0.000,0.000,0.000,0.800
2022-01-06 20:00:00,7.280,0.000,0.000,0.000,0.700
2022-01-06 21:00:00,7.480,0.000,0.000,0.000,0.600
2022-01-06 22:00:00,7.900,0.000,0.000,0.000,0.600
2022-01-06 23:00:00,7.820,0.000,0.000,0.000,0.700
2022-01-07 00:00:00,8.050,0.000,0.000,0.000,0.600
2022-01-07 01:00:00,8.170,0.000,0.000,0.000,0.700
2022-01-07 02:00:00,8.120,0.000,0.000,0.000,1.000
2022-01-07 03:00:00,8.400,0.000,0.000,0.000,1.400
2022-01-07 04:00:00,8.360,0.000,0.000,0.000,1.600
2022-01-07 05:00:00,8.390,0.000,0.000,0.000,1.700
2022-01-07 06:00:00,8.480,0.000,0.000,0.000,1.600
2022-01-07 07:00:00,8.570,0.000,0.000,0.000,1.600
2022-01-07 08:00:00,8.600,2.000,0.000,2.000,1.700
2022-01-07 09:00:00,8.730,19.000,0.000,19.000,1.900
2022-01-07 10:00:00,8.170,55.000,42.300,47.000,2.300
2022-01-07 11:00:00,8.510,68.000,4.100,67.000,2.600
2022-01-07 12:00:00,8.030,79.000,19.200,74.000,3.100
2022-01-07 13:00:00,7.740,81.000,29.400,74.000,3.400
2022-01-07 14:00:00,7.460,75.000,83.300,60.000,3.500
2022-01-07 15:00:00,7.230,39.000,145.900,26.000,3.200
2022-01-07 16:00:00,7.530,1.000,0.000,1.000,3.100
2022-01-07 17:00:00,7.810,0.000,0.000,0.000,3.200
2022-01-07 18:00:00,7.900,0.000,0.000,0.000,2.800
2022-01-07 19:00:00,8.010,0.000,0.000,0.000,2.600
2022-01-07 20:00:00,8.050,0.000,0.000,0.000,2.700
2022-01-07 21:00:00,7.870,0.000,0.000,0.000,2.700
2022-01-07 22:00:00,7.180,0.000,0.000,0.000,2.300
2022-01-07 23:00:00,7.290,0.000,0.000,0.000,1.800
2022-01-08 00:00:00,7.110,0.000,0.000,0.000,1.600
2022-01-08 01:00:00,6.310,0.000,0.000,0.000,1.300
2022-01-08 02:00:00,6.520,0.000,0.000,0.000,1.100
2022-01-08 03:00:00,7.060,0.000,0.000,0.000,1.000
2022-01-08 04:00:00,7.310,0.000,0.000,0.000,1.200
2022-01-08 05:00:00,7.170,0.000,0.000,0.000,1.100
2022-01-08 06:00:00,7.520,0.000,0.000,0.000,1.200
2022-01-08 07:00:00,7.600,0.000,0.000,0.000,0.900
2022-01-08 08:00:00,7.390,5.000,19.100,4.000,0.600
2022-01-08 09:00:00,6.870,63.000,309.900,31.000,0.900
2022-01-08 10:00:00,7.140,142.000,461.000,54.000,2.000
2022-01-08 11:00:00,7.710,198.000,534.600,67.000,2.800
2022-01-08 12:00:00,7.460,209.000,492.100,80.000,3.200
2022-01-08 13:00:00,8.560,144.000,186.800,99.000,3.500
2022-01-08 14:00:00,7.380,92.000,158.600,63.000,3.400
2022-01-08 15:00:00,7.590,43.000,130.500,31.000,3.200
2022-01-08 16:00:00,7.940,2.000,0.000,2.000,2.900
2022-01-08 17:00:00,8.790,0.000,0.000,0.000,2.700
2022-01-08 18:00:00,10.060,0.000,0.000,0.000,2.500
2022-01-08 19:00:00,10.400,0.000,0.000,0.000,2.300
2022-01-08 20:00:00,10.200,0.000,0.000,0.000,2.300
2022-01-08 21:00:00,9.970,0.000,0.000,0.000,2.400
2022-01-08 22:00:00,9.620,0.000,0.000,0.000,3.000
2022-01-08 23:00:00,9.330,0.000,0.000,0.000,3.200
2022-01-09 00:00:00,8.940,0.000,0.000,0.000,3.100
2022-01-09 01:00:00,8.860,0.000,0.000,0.000,3.200
2022-01-09 02:00:00,8.550,0.000,0.000,0.000,3.000
2022-01-09 03:00:00,8.180,0.000,0.000,0.000,3.000
2022-01-09 04:00:00,7.830,0.000,0.000,0.000,2.900
2022-01-09 05:00:00,7.390,0.000,0.000,0.000,2.800
2022-01-09 06:00:00,6.510,0.000,0.000,0.000,2.500
2022-01-09 07:00:00,5.460,0.000,0.000,0.000,2.200
2022-01-09 08:00:00,4.630,2.000,0.000,2.000,2.100
2022-01-09 09:00:00,4.930,13.000,0.000,13.000,2.200
2022-01-09 10:00:00,6.920,22.000,10.400,20.000,2.400
2022-01-09 11:00:00,8.200,17.000,0.000,17.000,3.400
2022-01-09 12:00:00,9.000,21.000,0.000,21.000,4.500
2022-01-09 13:00:00,9.100,21.000,0.000,21.000,4.900
2022-01-09 14:00:00,9.260,20.000,0.000,20.000,5.100
2022-01-09 15:00:00,9.300,14.000,0.000,14.000,5.200
2022-01-09 16:00:00,9.260,1.000,0.000,1.000,5.000
2022-01-09 17:00:00,8.790,0.000,0.000,0.000,4.700
2022-01-09 18:00:00,8.060,0.000,0.000,0.000,4.600
2022-01-09 19:00:00,7.770,0.000,0.000,0.000,4.300
2022-01-09 20:00:00,7.410,0.000,0.000,0.000,3.800
2022-01-09 21:00:00,6.940,0.000,0.000,0.000,3.900
2022-01-09 22:00:00,7.250,0.000,0.000,0.000,3.100
2022-01-09 23:00:00,7.050,0.000,0.000,0.000,3.000
2022-01-10 00:00:00,6.750,0.000,0.000,0.000,2.800
2022-01-10 01:00:00,6.500,0.000,0.000,0.000,2.800
2022-01-10 02:00:00,6.120,0.000,0.000,0.000,2.900
2022-01-10 03:00:00,5.930,0.000,0.000,0.000,2.600
2022-01-10 04:00:00,5.470,0.000,0.000,0.000,2.600
2022-01-10 05:00:00,5.210,0.000,0.000,0.000,2.200
2022-01-10 06:00:00,5.080,0.000,0.000,0.000,2.100
2022-01-10 07:00:00,5.090,0.000,0.000,0.000,2.000
2022-01-10 08:00:00,5.290,5.000,19.100,4.000,2.600
2022-01-10 09:00:00,4.570,56.000,244.300,30.000,2.700
2022-01-10 10:00:00,4.630,120.000,328.800,56.000,3.700
2022-01-10 11:00:00,4.040,122.000,208.500,70.000,4.200
2022-01-10 12:00:00,4.110,135.000,176.000,88.000,4.700
2022-01-10 13:00:00,4.410,118.000,93.400,95.000,5.200
2022-01-10 14:00:00,3.650,51.000,26.500,46.000,5.200
2022-01-10 15:00:00,2.820,26.000,20.400,24.000,5.500
2022-01-10 16:00:00,3.060,2.000,0.000,2.000,5.100
2022-01-10 17:00:00,3.150,0.000,0.000,0.000,4.600
2022-01-10 18:00:00,2.600,0.000,0.000,0.000,4.300
2022-01-10 19:00:00,1.480,0.000,0.000,0.000,4.400
2022-01-10 20:00:00,1.010,0.000,0.000,0.000,4.100
2022-01-10 21:00:00,0.700,0.000,0.000,0.000,3.700
2022-01-10 22:00:00,1.310,0.000,0.000,0.000,3.600
2022-01-10 23:00:00,0.990,0.000,0.000,0.000,3.200
2022-01-11 00:00:00,1.170,0.000,0.000,0.000,3.000
2022-01-11 01:00:00,1.500,0.000,0.000,0.000,2.500
2022-01-11 02:00:00,1.650,0.000,0.000,0.000,2.600
2022-01-11 03:00:00,1.970,0.000,0.000,0.000,2.300
2022-01-11 04:00:00,2.330,0.000,0.000,0.000,1.800
2022-01-11 05:00:00,2.710,0.000,0.000,0.000,1.700
2022-01-11 06:00:00,2.800,0.000,0.000,0.000,1.800
2022-01-11 07:00:00,3.100,0.000,0.000,0.000,1.600
2022-01-11 08:00:00,3.560,4.000,19.100,3.000,1.600
2022-01-11 09:00:00,3.690,43.000,74.000,35.000,1.600
2022-01-11 10:00:00,3.170,87.000,91.500,69.000,2.600
2022-01-11 11:00:00,3.020,136.000,186.700,89.000,2.900
2022-01-11 12:00:00,3.080,168.000,274.400,94.000,3.400
2022-01-11 13:00:00,3.130,140.000,176.600,96.000,3.800
2022-01-11 14:00:00,3.260,98.000,198.200,60.000,3.800
2022-01-11 15:00:00,3.800,53.000,168.000,36.000,3.300
2022-01-11 16:00:00,4.650,3.000,0.000,3.000,2.700
2022-01-11 17:00:00,5.320,0.000,0.000,0.000,2.000
2022-01-11 18:00:00,5.580,0.000,0.000,0.000,1.600
2022-01-11 19:00:00,5.790,0.000,0.000,0.000,1.500
2022-01-11 20:00:00,5.750,0.000,0.000,0.000,1.600
2022-01-11 21:00:00,5.890,0.000,0.000,0.000,1.600
2022-01-11 22:00:00,6.190,0.000,0.000,0.000,1.900
2022-01-11 23:00:00,6.050,0.000,0.000,0.000,1.900
2022-01-12 00:00:00,6.080,0.000,0.000,0.000,2.200
2022-01-12 01:00:00,6.370,0.000,0.000,0.000,2.200
2022-01-12 02:00:00,6.510,0.000,0.000,0.000,2.500
2022-01-12 03:00:00,6.620,0.000,0.000,0.000,2.500
2022-01-12 04:00:00,6.310,0.000,0.000,0.000,2.700
2022-01-12 05:00:00,5.820,0.000,0.000,0.000,2.600
2022-01-12 06:00:00,5.910,0.000,0.000,0.000,2.600
2022-01-12 07:00:00,5.660,0.000,0.000,0.000,2.700
2022-01-12 08:00:00,5.310,1.000,0.000,1.000,2.800
2022-01-12 09:00:00,5.360,12.000,0.000,12.000,3.000
2022-01-12 10:00:00,4.460,37.000,10.100,35.000,3.300
2022-01-12 11:00:00,4.440,67.000,27.500,60.000,3.700
2022-01-12 12:00:00,4.300,80.000,25.700,73.000,4.200
2022-01-12 13:00:00,4.640,78.000,35.700,69.000,4.400
2022-01-12 14:00:00,4.600,62.000,20.500,58.000,4.500
2022-01-12 15:00:00,4.880,27.000,9.600,26.000,4.400
2022-01-12 16:00:00,4.550,2.000,0.000,2.000,4.100
2022-01-12 17:00:00,4.980,0.000,0.000,0.000,3.800
2022-01-12 18:00:00,6.000,0.000,0.000,0.000,3.600
2022-01-12 19:00:00,6.310,0.000,0.000,0.000,3.500
2022-01-12 20:00:00,6.480,0.000,0.000,0.000,3.300
2022-01-12 21:00:00,6.710,0.000,0.000,0.000,3.100
2022-01-12 22:00:00,6.630,0.000,0.000,0.000,3.000
2022-01-12 23:00:00,6.560,0.000,0.000,0.000,2.900
2022-01-13 00:00:00,6.970,0.000,0.000,0.000,2.800
2022-01-13 01:00:00,7.970,0.000,0.000,0.000,2.800
2022-01-13 02:00:00,8.100,0.000,0.000,0.000,2.600
2022-01-13 03:00:00,7.830,0.000,0.000,0.000,2.600
2022-01-13 04:00:00,7.710,0.000,0.000,0.000,2.700
2022-01-13 05:00:00,7.690,0.000,0.000,0.000,2.800
2022-01-13 06:00:00,7.500,0.000,0.000,0.000,2.900
2022-01-13 07:00:00,7.570,0.000,0.000,0.000,2.900
2022-01-13 08:00:00,7.320,3.000,0.000,3.000,3.000
2022-01-13 09:00:00,7.640,25.000,17.900,23.000,2.900
2022-01-13 10:00:00,7.510,58.000,24.900,53.000,2.900
2022-01-13 11:00:00,7.880,94.000,54.500,80.000,3.400
2022-01-13 12:00:00,7.990,113.000,40.000,102.000,3.700
2022-01-13 13:00:00,8.140,99.000,50.900,86.000,3.800
2022-01-13 14:00:00,7.980,80.000,131.200,54.000,4.000
2022-01-13 15:00:00,8.110,45.000,139.100,30.000,4.000
2022-01-13 16:00:00,8.250,3.000,19.100,2.000,3.900
2022-01-13 17:00:00,8.250,0.000,0.000,0.000,3.600
2022-01-13 18:00:00,8.300,0.000,0.000,0.000,3.600
2022-01-13 19:00:00,8.410,0.000,0.000,0.000,3.900
2022-01-13 20:00:00,8.550,0.000,0.000,0.000,3.900
2022-01-13 21:00:00,8.560,0.000,0.000,0.000,4.000
2022-01-13 22:00:00,8.260,0.000,0.000,0.000,4.000
2022-01-13 23:00:00,8.400,0.000,0.000,0.000,3.900
2022-01-14 00:00:00,8.600,0.000,0.000,0.000,4.000
2022-01-14 01:00:00,8.550,0.000,0.000,0.000,3.800
2022-01-14 02:00:00,8.350,0.000,0.000,0.000,3.800
2022-01-14 03:00:00,8.450,0.000,0.000,0.000,3.800
2022-01-14 04:00:00,8.580,0.000,0.000,0.000,3.800
2022-01-14 05:00:00,8.520,0.000,0.000,0.000,3.700
2022-01-14 06:00:00,8.430,0.000,0.000,0.000,3.700
2022-01-14 07:00:00,8.000,0.000,0.000,0.000,3.700
2022-01-14 08:00:00,7.650,2.000,0.000,2.000,3.800
2022-01-14 09:00:00,7.160,23.000,17.500,21.000,4.100
2022-01-14 10:00:00,7.100,37.000,9.800,35.000,4.200
2022-01-14 11:00:00,7.310,47.000,0.000,47.000,4.500
2022-01-14 12:00:00,7.260,61.000,18.000,56.000,4.900
2022-01-14 13:00:00,7.370,46.000,0.000,46.000,5.100
2022-01-14 14:00:00,8.060,43.000,9.900,41.000,5.400
2022-01-14 15:00:00,8.050,17.000,0.000,17.000,5.600
2022-01-14 16:00:00,8.160,2.000,0.000,2.000,5.700
2022-01-14 17:00:00,7.670,0.000,0.000,0.000,5.600
2022-01-14 18:00:00,6.880,0.000,0.000,0.000,5.800
2022-01-14 19:00:00,6.200,0.000,0.000,0.000,5.700
2022-01-14 20:00:00,5.400,0.000,0.000,0.000,5.500
2022-01-14 21:00:00,4.590,0.000,0.000,0.000,5.200
2022-01-14 22:00:00,4.030,0.000,0.000,0.000,4.800
2022-01-14 23:00:00,4.230,0.000,0.000,0.000,4.500
2022-01-15 00:00:00,4.350,0.000,0.000,0.000,4.300
2022-01-15 01:00:00,4.130,0.000,0.000,0.000,4.000
2022-01-15 02:00:00,3.740,0.000,0.000,0.000,3.900
2022-01-15 03:00:00,3.280,0.000,0.000,0.000,3.100
2022-01-15 04:00:00,3.000,0.000,0.000,0.000,2.800
2022-01-15 05:00:00,3.060,0.000,0.000,0.000,2.600
2022-01-15 06:00:00,3.200,0.000,0.000,0.000,2.600
2022-01-15 07:00:00,2.750,0.000,0.000,0.000,2.300
2022-01-15 08:00:00,1.930,3.000,0.000,3.000,2.500
2022-01-15 09:00:00,1.640,30.000,60.200,23.000,2.900
2022-01-15 10:00:00,1.710,57.000,101.900,36.000,3.800
2022-01-15 11:00:00,1.630,72.000,91.500,48.000,4.400
2022-01-15 12:00:00,2.200,72.000,78.200,50.000,4.500
2022-01-15 13:00:00,1.950,62.000,38.200,52.000,4.700
2022-01-15 14:00:00,2.270,45.000,29.300,39.000,4.700
2022-01-15 15:00:00,3.050,21.000,8.700,20.000,4.600
2022-01-15 16:00:00,3.470,2.000,0.000,2.000,4.400
2022-01-15 17:00:00,3.590,0.000,0.000,0.000,4.100
2022-01-15 18:00:00,3.550,0.000,0.000,0.000,3.900
2022-01-15 19:00:00,3.650,0.000,0.000,0.000,3.700
2022-01-15 20:00:00,3.860,0.000,0.000,0.000,3.500
2022-01-15 21:00:00,4.100,0.000,0.000,0.000,2.900
2022-01-15 22:00:00,3.610,0.000,0.000,0.000,2.700
2022-01-15 23:00:00,4.850,0.000,0.000,0.000,2.300
2022-01-16 00:00:00,5.100,0.000,0.000,0.000,1.700
2022-01-16 01:00:00,5.330,0.000,0.000,0.000,1.500
2022-01-16 02:00:00,5.860,0.000,0.000,0.000,1.200
2022-01-16 03:00:00,6.190,0.000,0.000,0.000,1.300
2022-01-16 04:00:00,6.740,0.000,0.000,0.000,1.100
2022-01-16 05:00:00,7.230,0.000,0.000,0.000,1.300
2022-01-16 06:00:00,7.000,0.000,0.000,0.000,1.300
2022-01-16 07:00:00,7.000,0.000,0.000,0.000,1.500
2022-01-16 08:00:00,7.180,4.000,0.000,4.000,1.800
2022-01-16 09:00:00,7.560,32.000,8.400,31.000,2.100
2022-01-16 10:00:00,7.150,55.000,9.600,53.000,2.600
2022-01-16 11:00:00,7.710,62.000,7.500,60.000,2.900
2022-01-16 12:00:00,8.420,43.000,0.000,43.000,3.200
2022-01-16 13:00:00,8.890,40.000,3.800,39.000,3.600
2022-01-16 14:00:00,9.330,28.000,0.000,28.000,4.300
2022-01-16 15:00:00,9.510,15.000,8.400,14.000,4.900
2022-01-16 16:00:00,9.550,4.000,0.000,4.000,5.200
2022-01-16 17:00:00,9.310,0.000,0.000,0.000,5.400
2022-01-16 18:00:00,10.080,0.000,0.000,0.000,5.500
2022-01-16 19:00:00,10.160,0.000,0.000,0.000,5.600
2022-01-16 20:00:00,10.340,0.000,0.000,0.000,5.600
2022-01-16 21:00:00,10.400,0.000,0.000,0.000,5.700
2022-01-16 22:00:00,10.260,0.000,0.000,0.000,5.700
2022-01-16 23:00:00,10.230,0.000,0.000,0.000,6.000
2022-01-17 00:00:00,10.350,0.000,0.000,0.000,6.100
2022-01-17 01:00:00,10.840,0.000,0.000,0.000,6.000
2022-01-17 02:00:00,11.350,0.000,0.000,0.000,5.800
2022-01-17 03:00:00,12.340,0.000,0.000,0.000,5.800
2022-01-17 04:00:00,12.840,0.000,0.000,0.000,5.800
2022-01-17 05:00:00,13.040,0.000,0.000,0.000,5.700
2022-01-17 06:00:00,13.040,0.000,0.000,0.000,5.600
2022-01-17 07:00:00,13.090,0.000,0.000,0.000,5.700
2022-01-17 08:00:00,13.120,1.000,0.000,1.000,5.800
2022-01-17 09:00:00,13.100,10.000,0.000,10.000,6.300
2022-01-17 10:00:00,12.880,23.000,0.000,23.000,6.900
2022-01-17 11:00:00,12.810,66.000,108.100,37.000,7.300
2022-01-17 12:00:00,12.640,81.000,149.400,38.000,7.500
2022-01-17 13:00:00,11.670,115.000,208.400,59.000,7.400
2022-01-17 14:00:00,10.840,73.000,122.600,47.000,6.800
2022-01-17 15:00:00,9.770,44.000,106.500,31.000,6.100
2022-01-17 16:00:00,8.830,4.000,19.100,3.000,5.600
2022-01-17 17:00:00,8.380,0.000,0.000,0.000,5.300
2022-01-17 18:00:00,7.880,0.000,0.000,0.000,4.900
2022-01-17 19:00:00,7.600,0.000,0.000,0.000,4.600
2022-01-17 20:00:00,7.470,0.000,0.000,0.000,4.100
2022-01-17 21:00:00,7.090,0.000,0.000,0.000,3.700
2022-01-17 22:00:00,7.310,0.000,0.000,0.000,3.900
2022-01-17 23:00:00,6.790,0.000,0.000,0.000,3.800
2022-01-18 00:00:00,6.320,0.000,0.000,0.000,4.100
2022-01-18 01:00:00,5.990,0.000,0.000,0.000,4.700
2022-01-18 02:00:00,5.990,0.000,0.000,0.000,4.900
2022-01-18 03:00:00,5.960,0.000,0.000,0.000,5.000
2022-01-18 04:00:00,5.820,0.000,0.000,0.000,5.200
2022-01-18 05:00:00,5.780,0.000,0.000,0.000,5.300
2022-01-18 06:00:00,5.640,0.000,0.000,0.000,5.400
2022-01-18 07:00:00,5.300,0.000,0.000,0.000,5.500
2022-01-18 08:00:00,5.130,2.000,0.000,2.000,5.700
2022-01-18 09:00:00,4.970,18.000,0.000,18.000,6.000
2022-01-18 10:00:00,5.110,52.000,37.300,44.000,6.600
2022-01-18 11:00:00,5.060,85.000,51.600,71.000,6.800
2022-01-18 12:00:00,5.080,120.000,137.400,80.000,6.900
2022-01-18 13:00:00,5.140,95.000,25.700,88.000,7.000
2022-01-18 14:00:00,4.890,74.000,32.400,67.000,6.800
2022-01-18 15:00:00,4.130,42.000,15.900,40.000,6.700
2022-01-18 16:00:00,4.200,6.000,19.100,5.000,6.500
2022-01-18 17:00:00,4.430,0.000,0.000,0.000,6.200
2022-01-18 18:00:00,4.640,0.000,0.000,0.000,5.900
2022-01-18 19:00:00,5.070,0.000,0.000,0.000,6.000
2022-01-18 20:00:00,5.140,0.000,0.000,0.000,5.500
2022-01-18 21:00:00,5.300,0.000,0.000,0.000,5.500
2022-01-18 22:00:00,5.300,0.000,0.000,0.000,5.300
2022-01-18 23:00:00,5.610,0.000,0.000,0.000,5.100
2022-01-19 00:00:00,5.590,0.000,0.000,0.000,4.900
2022-01-19 01:00:00,5.340,0.000,0.000,0.000,4.600
2022-01-19 02:00:00,4.880,0.000,0.000,0.000,4.500
2022-01-19 03:00:00,4.670,0.000,0.000,0.000,3.900
2022-01-19 04:00:00,5.080,0.000,0.000,0.000,3.300
2022-01-19 05:00:00,6.190,0.000,0.000,0.000,3.200
2022-01-19 06:00:00,7.220,0.000,0.000,0.000,3.100
2022-01-19 07:00:00,7.600,0.000,0.000,0.000,2.800
2022-01-19 08:00:00,7.310,9.000,57.300,6.000,2.500
2022-01-19 09:00:00,6.930,77.000,292.900,40.000,3.100
2022-01-19 10:00:00,7.330,148.000,395.800,62.000,3.500
2022-01-19 11:00:00,7.810,193.000,393.200,85.000,3.900
2022-01-19 12:00:00,8.350,207.000,403.900,88.000,4.100
2022-01-19 13:00:00,8.880,134.000,163.100,89.000,4.100
2022-01-19 14:00:00,8.360,66.000,22.800,61.000,4.000
2022-01-19 15:00:00,8.890,32.000,0.000,32.000,4.000
2022-01-19 16:00:00,9.200,4.000,0.000,4.000,4.000
2022-01-19 17:00:00,9.910,0.000,0.000,0.000,3.800
2022-01-19 18:00:00,10.410,0.000,0.000,0.000,3.800
2022-01-19 19:00:00,10.930,0.000,0.000,0.000,3.800
2022-01-19 20:00:00,11.200,0.000,0.000,0.000,4.100
2022-01-19 21:00:00,10.850,0.000,0.000,0.000,4.400
2022-01-19 22:00:00,11.730,0.000,0.000,0.000,4.700
2022-01-19 23:00:00,11.370,0.000,0.000,0.000,4.400
2022-01-20 00:00:00,10.070,0.000,0.000,0.000,3.700
2022-01-20 01:00:00,9.960,0.000,0.000,0.000,3.200
2022-01-20 02:00:00,10.500,0.000,0.000,0.000,3.200
2022-01-20 03:00:00,10.910,0.000,0.000,0.000,3.000
2022-01-20 04:00:00,10.770,0.000,0.000,0.000,2.400
2022-01-20 05:00:00,10.930,0.000,0.000,0.000,2.000
2022-01-20 06:00:00,9.930,0.000,0.000,0.000,1.500
2022-01-20 07:00:00,9.720,0.000,0.000,0.000,1.100
2022-01-20 08:00:00,9.080,9.000,57.300,6.000,1.300
2022-01-20 09:00:00,8.810,78.000,255.600,45.000,1.600
2022-01-20 10:00:00,8.920,142.000,299.600,76.000,1.500
2022-01-20 11:00:00,9.140,152.000,197.900,97.000,1.700
2022-01-20 12:00:00,9.040,180.000,275.000,98.000,2.100
2022-01-20 13:00:00,10.000,175.000,296.900,92.000,2.300
2022-01-20 14:00:00,12.020,142.000,291.000,77.000,1.400
2022-01-20 15:00:00,11.530,77.000,247.400,44.000,1.400
2022-01-20 16:00:00,11.060,10.000,57.000,7.000,1.200
2022-01-20 17:00:00,9.920,0.000,0.000,0.000,1.100
2022-01-20 18:00:00,9.400,0.000,0.000,0.000,1.000
2022-01-20 19:00:00,8.910,0.000,0.000,0.000,0.700
2022-01-20 20:00:00,8.330,0.000,0.000,0.000,0.300
2022-01-20 21:00:00,7.900,0.000,0.000,0.000,-0.200
2022-01-20 22:00:00,7.990,0.000,0.000,0.000,-0.700
2022-01-20 23:00:00,7.660,0.000,0.000,0.000,-0.900
2022-01-21 00:00:00,7.180,0.000,0.000,0.000,-1.200
2022-01-21 01:00:00,7.260,0.000,0.000,0.000,-1.300
2022-01-21 02:00:00,7.520,0.000,0.000,0.000,-1.400
2022-01-21 03:00:00,8.060,0.000,0.000,0.000,-1.300
2022-01-21 04:00:00,8.460,0.000,0.000,0.000,-0.900
2022-01-21 05:00:00,8.780,0.000,0.000,0.000,-0.400
2022-01-21 06:00:00,8.970,0.000,0.000,0.000,0.300
2022-01-21 07:00:00,8.790,0.000,0.000,0.000,0.600
2022-01-21 08:00:00,8.470,9.000,57.300,6.000,0.700
2022-01-21 09:00:00,8.150,76.000,295.600,37.000,1.400
2022-01-21 10:00:00,7.070,138.000,353.500,59.000,2.500
2022-01-21 11:00:00,8.280,218.000,497.500,78.000,3.300
2022-01-21 12:00:00,7.660,229.000,497.000,79.000,4.000
2022-01-21 13:00:00,8.350,203.000,444.700,77.000,4.500
2022-01-21 14:00:00,7.980,106.000,140.800,74.000,4.500
2022-01-21 15:00:00,7.420,33.000,58.300,25.000,4.200
2022-01-21 16:00:00,7.770,3.000,0.000,3.000,3.900
2022-01-21 17:00:00,7.710,0.000,0.000,0.000,3.800
2022-01-21 18:00:00,8.110,0.000,0.000,0.000,4.200
2022-01-21 19:00:00,8.450,0.000,0.000,0.000,4.800
2022-01-21 20:00:00,9.180,0.000,0.000,0.000,5.100
2022-01-21 21:00:00,9.840,0.000,0.000,0.000,5.400
2022-01-21 22:00:00,10.050,0.000,0.000,0.000,5.600
2022-01-21 23:00:00,9.960,0.000,0.000,0.000,5.700
2022-01-22 00:00:00,9.550,0.000,0.000,0.000,5.800
2022-01-22 01:00:00,9.100,0.000,0.000,0.000,5.900
2022-01-22 02:00:00,8.750,0.000,0.000,0.000,6.000
2022-01-22 03:00:00,8.290,0.000,0.000,0.000,6.000
2022-01-22 04:00:00,7.550,0.000,0.000,0.000,6.000
2022-01-22 05:00:00,7.030,0.000,0.000,0.000,5.900
2022-01-22 06:00:00,6.700,0.000,0.000,0.000,5.800
2022-01-22 07:00:00,6.670,0.000,0.000,0.000,5.800
2022-01-22 08:00:00,6.870,1.000,0.000,1.000,5.700
2022-01-22 09:00:00,7.030,8.000,0.000,8.000,5.900
2022-01-22 10:00:00,6.770,23.000,0.000,23.000,6.300
2022-01-22 11:00:00,6.660,36.000,3.500,35.000,6.500
2022-01-22 12:00:00,6.760,46.000,6.500,44.000,6.600
2022-01-22 13:00:00,6.870,45.000,10.400,42.000,6.700
2022-01-22 14:00:00,6.840,35.000,4.300,34.000,6.800
2022-01-22 15:00:00,6.840,19.000,7.100,18.000,6.700
2022-01-22 16:00:00,6.960,4.000,0.000,4.000,6.500
2022-01-22 17:00:00,6.870,0.000,0.000,0.000,6.200
2022-01-22 18:00:00,6.750,0.000,0.000,0.000,6.000
2022-01-22 19:00:00,6.560,0.000,0.000,0.000,5.700
2022-01-22 20:00:00,6.510,0.000,0.000,0.000,5.400
2022-01-22 21:00:00,6.630,0.000,0.000,0.000,5.400
2022-01-22 22:00:00,6.190,0.000,0.000,0.000,5.300
2022-01-22 23:00:00,6.480,0.000,0.000,0.000,5.200
2022-01-23 00:00:00,6.310,0.000,0.000,0.000,5.200
2022-01-23 01:00:00,6.180,0.000,0.000,0.000,5.100
2022-01-23 02:00:00,6.080,0.000,0.000,0.000,4.900
2022-01-23 03:00:00,6.180,0.000,0.000,0.000,4.800
2022-01-23 04:00:00,6.600,0.000,0.000,0.000,4.800
2022-01-23 05:00:00,6.580,0.000,0.000,0.000,4.800
2022-01-23 06:00:00,6.360,0.000,0.000,0.000,4.800
2022-01-23 07:00:00,6.060,0.000,0.000,0.000,4.800
2022-01-23 08:00:00,6.170,4.000,0.000,4.000,4.900
2022-01-23 09:00:00,6.100,21.000,0.000,21.000,5.200
2022-01-23 10:00:00,5.320,39.000,4.300,38.000,5.600
2022-01-23 11:00:00,5.060,52.000,0.000,52.000,5.900
2022-01-23 12:00:00,4.860,46.000,0.000,46.000,6.200
2022-01-23 13:00:00,5.060,60.000,0.000,60.000,6.400
2022-01-23 14:00:00,4.950,44.000,17.000,40.000,6.400
2022-01-23 15:00:00,4.820,31.000,34.400,26.000,6.300
2022-01-23 16:00:00,5.020,5.000,0.000,5.000,6.200
2022-01-23 17:00:00,5.090,0.000,0.000,0.000,6.100
2022-01-23 18:00:00,4.700,0.000,0.000,0.000,6.000
2022-01-23 19:00:00,4.010,0.000,0.000,0.000,5.900
2022-01-23 20:00:00,3.470,0.000,0.000,0.000,5.900
2022-01-23 21:00:00,3.160,0.000,0.000,0.000,5.700
2022-01-23 22:00:00,2.700,0.000,0.000,0.000,5.500
2022-01-23 23:00:00,2.580,0.000,0.000,0.000,5.600
2022-01-24 00:00:00,2.490,0.000,0.000,0.000,5.600
2022-01-24 01:00:00,2.470,0.000,0.000,0.000,5.500
2022-01-24 02:00:00,2.340,0.000,0.000,0.000,5.500
2022-01-24 03:00:00,2.550,0.000,0.000,0.000,5.400
2022-01-24 04:00:00,2.710,0.000,0.000,0.000,5.400
2022-01-24 05:00:00,2.480,0.000,0.000,0.000,5.400
2022-01-24 06:00:00,2.040,0.000,0.000,0.000,5.400
2022-01-24 07:00:00,1.840,0.000,0.000,0.000,5.300
2022-01-24 08:00:00,1.830,6.000,17.800,5.000,5.000
2022-01-24 09:00:00,2.160,51.000,49.600,44.000,5.200
2022-01-24 10:00:00,1.940,108.000,171.300,68.000,5.300
2022-01-24 11:00:00,2.380,158.000,236.200,89.000,5.600
2022-01-24 12:00:00,2.650,143.000,162.900,92.000,5.700
2022-01-24 13:00:00,3.110,107.000,91.500,80.000,5.800
2022-01-24 14:00:00,3.060,54.000,0.000,54.000,5.600
2022-01-24 15:00:00,2.930,34.000,0.000,34.000,5.400
2022-01-24 16:00:00,2.960,8.000,0.000,8.000,5.200
2022-01-24 17:00:00,2.970,0.000,0.000,0.000,5.100
2022-01-24 18:00:00,2.910,0.000,0.000,0.000,4.900
2022-01-24 19:00:00,3.060,0.000,0.000,0.000,4.800
2022-01-24 20:00:00,3.360,0.000,0.000,0.000,4.700
2022-01-24 21:00:00,3.490,0.000,0.000,0.000,4.800
2022-01-24 22:00:00,2.820,0.000,0.000,0.000,4.800
2022-01-24 23:00:00,2.470,0.000,0.000,0.000,4.600
2022-01-25 00:00:00,2.690,0.000,0.000,0.000,4.500
2022-01-25 01:00:00,3.110,0.000,0.000,0.000,4.400
2022-01-25 02:00:00,3.010,0.000,0.000,0.000,4.200
2022-01-25 03:00:00,3.300,0.000,0.000,0.000,3.900
2022-01-25 04:00:00,3.570,0.000,0.000,0.000,3.600
2022-01-25 05:00:00,3.700,0.000,0.000,0.000,3.300
2022-01-25 06:00:00,3.800,0.000,0.000,0.000,3.000
2022-01-25 07:00:00,4.030,0.000,0.000,0.000,2.700
2022-01-25 08:00:00,3.960,9.000,34.500,7.000,2.500
2022-01-25 09:00:00,3.800,34.000,48.400,27.000,2.800
2022-01-25 10:00:00,3.310,74.000,63.300,59.000,3.400
2022-01-25 11:00:00,3.250,83.000,47.300,69.000,3.500
2022-01-25 12:00:00,3.450,83.000,22.100,76.000,3.800
2022-01-25 13:00:00,3.650,75.000,13.400,71.000,3.900
2022-01-25 14:00:00,3.910,57.000,8.200,55.000,3.800
2022-01-25 15:00:00,4.250,32.000,13.000,30.000,3.800
2022-01-25 16:00:00,4.150,6.000,15.800,5.000,3.600
2022-01-25 17:00:00,4.260,0.000,0.000,0.000,3.600
2022-01-25 18:00:00,4.350,0.000,0.000,0.000,3.500
2022-01-25 19:00:00,4.410,0.000,0.000,0.000,3.500
2022-01-25 20:00:00,4.360,0.000,0.000,0.000,3.400
2022-01-25 21:00:00,4.500,0.000,0.000,0.000,3.400
2022-01-25 22:00:00,4.150,0.000,0.000,0.000,3.100
2022-01-25 23:00:00,4.210,0.000,0.000,0.000,3.000
2022-01-26 00:00:00,4.820,0.000,0.000,0.000,2.700
2022-01-26 01:00:00,5.120,0.000,0.000,0.000,2.700
2022-01-26 02:00:00,5.130,0.000,0.000,0.000,2.600
2022-01-26 03:00:00,5.350,0.000,0.000,0.000,2.500
2022-01-26 04:00:00,5.610,0.000,0.000,0.000,2.400
2022-01-26 05:00:00,6.000,0.000,0.000,0.000,2.100
2022-01-26 06:00:00,6.110,0.000,0.000,0.000,2.000
2022-01-26 07:00:00,6.270,0.000,0.000,0.000,1.800
2022-01-26 08:00:00,6.620,9.000,33.500,7.000,1.700
2022-01-26 09:00:00,6.210,50.000,94.600,36.000,1.600
2022-01-26 10:00:00,6.480,99.000,128.700,68.000,1.700
2022-01-26 11:00:00,6.150,99.000,46.700,85.000,1.600
2022-01-26 12:00:00,6.470,97.000,24.900,89.000,1.800
2022-01-26 13:00:00,6.920,83.000,13.200,79.000,2.000
2022-01-26 14:00:00,7.230,82.000,40.400,72.000,2.200
2022-01-26 15:00:00,7.760,35.000,6.300,34.000,2.200
2022-01-26 16:00:00,7.860,8.000,0.000,8.000,2.400
2022-01-26 17:00:00,8.000,0.000,0.000,0.000,2.600
2022-01-26 18:00:00,8.040,0.000,0.000,0.000,2.700
2022-01-26 19:00:00,8.530,0.000,0.000,0.000,2.800
2022-01-26 20:00:00,8.760,0.000,0.000,0.000,2.900
2022-01-26 21:00:00,9.150,0.000,0.000,0.000,3.000
2022-01-26 22:00:00,8.970,0.000,0.000,0.000,3.200
2022-01-26 23:00:00,9.430,0.000,0.000,0.000,3.300
2022-01-27 00:00:00,10.060,0.000,0.000,0.000,3.400
2022-01-27 01:00:00,10.450,0.000,0.000,0.000,3.600
2022-01-27 02:00:00,10.890,0.000,0.000,0.000,3.600
2022-01-27 03:00:00,11.300,0.000,0.000,0.000,3.600
2022-01-27 04:00:00,11.910,0.000,0.000,0.000,3.600
2022-01-27 05:00:00,12.230,0.000,0.000,0.000,3.500
2022-01-27 06:00:00,12.150,0.000,0.000,0.000,3.400
2022-01-27 07:00:00,12.000,0.000,0.000,0.000,3.300
2022-01-27 08:00:00,12.000,2.000,0.000,2.000,3.500
2022-01-27 09:00:00,12.090,5.000,0.000,5.000,3.700
2022-01-27 10:00:00,11.680,13.000,0.000,13.000,4.100
2022-01-27 11:00:00,11.710,20.000,0.000,20.000,4.700
2022-01-27 12:00:00,11.360,30.000,0.000,30.000,5.600
2022-01-27 13:00:00,10.960,57.000,16.200,52.000,6.300
2022-01-27 14:00:00,10.810,41.000,0.000,41.000,6.900
2022-01-27 15:00:00,10.720,46.000,86.400,32.000,7.000
2022-01-27 16:00:00,11.650,11.000,44.200,8.000,6.600
2022-01-27 17:00:00,11.500,0.000,0.000,0.000,6.100
2022-01-27 18:00:00,11.950,0.000,0.000,0.000,5.700
2022-01-27 19:00:00,12.290,0.000,0.000,0.000,5.300
2022-01-27 20:00:00,12.310,0.000,0.000,0.000,5.000
2022-01-27 21:00:00,12.330,0.000,0.000,0.000,4.800
2022-01-27 22:00:00,12.550,0.000,0.000,0.000,4.700
2022-01-27 23:00:00,11.870,0.000,0.000,0.000,4.700
2022-01-28 00:00:00,12.170,0.000,0.000,0.000,4.500
2022-01-28 01:00:00,11.940,0.000,0.000,0.000,4.400
2022-01-28 02:00:00,11.990,0.000,0.000,0.000,4.400
2022-01-28 03:00:00,11.960,0.000,0.000,0.000,4.300
2022-01-28 04:00:00,11.880,0.000,0.000,0.000,4.200
2022-01-28 05:00:00,11.470,0.000,0.000,0.000,4.100
2022-01-28 06:00:00,11.230,0.000,0.000,0.000,4.100
2022-01-28 07:00:00,11.060,0.000,0.000,0.000,4.000
2022-01-28 08:00:00,10.510,14.000,78.700,9.000,4.200
2022-01-28 09:00:00,10.530,60.000,83.700,47.000,4.600
2022-01-28 10:00:00,8.590,132.000,249.400,70.000,5.400
2022-01-28 11:00:00,11.180,204.000,357.000,94.000,6.000
2022-01-28 12:00:00,9.840,215.000,388.100,87.000,6.400
2022-01-28 13:00:00,10.010,178.000,233.800,105.000,6.500
2022-01-28 14:00:00,8.940,150.000,272.900,80.000,6.300
2022-01-28 15:00:00,7.130,103.000,276.300,57.000,6.000
2022-01-28 16:00:00,6.380,23.000,71.300,18.000,5.200
2022-01-28 17:00:00,6.210,0.000,0.000,0.000,4.400
2022-01-28 18:00:00,5.610,0.000,0.000,0.000,4.200
2022-01-28 19:00:00,6.750,0.000,0.000,0.000,4.100
2022-01-28 20:00:00,6.900,0.000,0.000,0.000,3.900
2022-01-28 21:00:00,7.570,0.000,0.000,0.000,3.900
2022-01-28 22:00:00,8.480,0.000,0.000,0.000,3.700
2022-01-28 23:00:00,8.890,0.000,0.000,0.000,4.300
2022-01-29 00:00:00,9.260,0.000,0.000,0.000,4.900
2022-01-29 01:00:00,9.270,0.000,0.000,0.000,5.300
2022-01-29 02:00:00,9.370,0.000,0.000,0.000,5.400
2022-01-29 03:00:00,9.620,0.000,0.000,0.000,5.200
2022-01-29 04:00:00,10.110,0.000,0.000,0.000,5.200
2022-01-29 05:00:00,10.810,0.000,0.000,0.000,5.400
2022-01-29 06:00:00,11.010,0.000,0.000,0.000,5.700
2022-01-29 07:00:00,11.390,0.000,0.000,0.000,6.000
2022-01-29 08:00:00,11.720,3.000,0.000,3.000,6.400
2022-01-29 09:00:00,11.690,14.000,0.000,14.000,6.800
2022-01-29 10:00:00,12.160,20.000,0.000,20.000,7.000
2022-01-29 11:00:00,12.380,45.000,9.600,42.000,7.700
2022-01-29 12:00:00,12.910,65.000,47.900,49.000,8.300
2022-01-29 13:00:00,13.540,55.000,9.500,52.000,8.700
2022-01-29 14:00:00,13.710,32.000,0.000,32.000,9.000
2022-01-29 15:00:00,14.520,36.000,17.500,33.000,9.400
2022-01-29 16:00:00,15.350,3.000,0.000,3.000,9.700
2022-01-29 17:00:00,16.400,0.000,0.000,0.000,9.900
2022-01-29 18:00:00,16.620,0.000,0.000,0.000,9.500
2022-01-29 19:00:00,15.600,0.000,0.000,0.000,8.800
2022-01-29 20:00:00,15.310,0.000,0.000,0.000,8.200
2022-01-29 21:00:00,15.800,0.000,0.000,0.000,8.000
2022-01-29 22:00:00,14.770,0.000,0.000,0.000,7.400
2022-01-29 23:00:00,14.950,0.000,0.000,0.000,7.200
2022-01-30 00:00:00,15.140,0.000,0.000,0.000,6.700
2022-01-30 01:00:00,15.340,0.000,0.000,0.000,6.200
2022-01-30 02:00:00,15.430,0.000,0.000,0.000,6.000
2022-01-30 03:00:00,15.750,0.000,0.000,0.000,5.900
2022-01-30 04:00:00,16.210,0.000,0.000,0.000,5.600
2022-01-30 05:00:00,16.110,0.000,0.000,0.000,5.400
2022-01-30 06:00:00,15.810,0.000,0.000,0.000,5.200
2022-01-30 07:00:00,15.150,0.000,0.000,0.000,5.200
2022-01-30 08:00:00,14.250,13.000,44.400,10.000,5.400
2022-01-30 09:00:00,13.620,62.000,165.500,35.000,5.600
2022-01-30 10:00:00,11.250,127.000,233.600,67.000,5.800
2022-01-30 11:00:00,13.880,223.000,423.000,89.000,6.300
2022-01-30 12:00:00,15.000,213.000,348.300,95.000,6.400
2022-01-30 13:00:00,13.560,157.000,143.100,111.000,6.400
2022-01-30 14:00:00,12.040,123.000,195.700,71.000,6.200
2022-01-30 15:00:00,11.230,77.000,136.700,53.000,6.000
2022-01-30 16:00:00,10.480,25.000,133.500,15.000,5.600
2022-01-30 17:00:00,9.740,0.000,0.000,0.000,5.300
2022-01-30 18:00:00,9.020,0.000,0.000,0.000,5.000
2022-01-30 19:00:00,8.660,0.000,0.000,0.000,4.700
2022-01-30 20:00:00,7.980,0.000,0.000,0.000,4.300
2022-01-30 21:00:00,7.820,0.000,0.000,0.000,3.800
2022-01-30 22:00:00,7.620,0.000,0.000,0.000,3.700
2022-01-30 23:00:00,6.990,0.000,0.000,0.000,3.400
2022-01-31 00:00:00,6.380,0.000,0.000,0.000,3.100
2022-01-31 01:00:00,6.300,0.000,0.000,0.000,3.000
2022-01-31 02:00:00,6.290,0.000,0.000,0.000,2.700
2022-01-31 03:00:00,6.780,0.000,0.000,0.000,2.600
2022-01-31 04:00:00,6.860,0.000,0.000,0.000,2.500
2022-01-31 05:00:00,6.790,0.000,0.000,0.000,1.900
2022-01-31 06:00:00,6.780,0.000,0.000,0.000,1.400
2022-01-31 07:00:00,6.200,0.000,0.000,0.000,1.300
2022-01-31 08:00:00,5.560,5.000,14.400,4.000,1.300
2022-01-31 09:00:00,5.860,35.000,0.000,35.000,2.200
2022-01-31 10:00:00,7.030,75.000,49.800,62.000,3.100
2022-01-31 11:00:00,7.330,83.000,0.000,83.000,3.600
2022-01-31 12:00:00,7.330,75.000,0.000,75.000,3.700
2022-01-31 13:00:00,5.740,73.000,12.300,69.000,4.000
2022-01-31 14:00:00,5.210,61.000,14.800,57.000,4.000
2022-01-31 15:00:00,4.890,48.000,88.800,32.000,3.600
2022-01-31 16:00:00,4.300,7.000,12.900,6.000,3.000
2022-01-31 17:00:00,5.150,0.000,0.000,0.000,2.600
2022-01-31 18:00:00,5.350,0.000,0.000,0.000,2.200
2022-01-31 19:00:00,5.720,0.000,0.000,0.000,2.300
2022-01-31 20:00:00,6.240,0.000,0.000,0.000,2.200
2022-01-31 21:00:00,6.510,0.000,0.000,0.000,2.200
2022-01-31 22:00:00,6.610,0.000,0.000,0.000,1.400
2022-01-31 23:00:00,6.770,0.000,0.000,0.000,1.300
2022-02-01 00:00:00,7.050,0.000,0.000,0.000,1.700
2022-02-01 01:00:00,7.310,0.000,0.000,0.000,2.100
2022-02-01 02:00:00,8.320,0.000,0.000,0.000,2.300
2022-02-01 03:00:00,8.710,0.000,0.000,0.000,2.400
2022-02-01 04:00:00,8.670,0.000,0.000,0.000,2.600
2022-02-01 05:00:00,8.470,0.000,0.000,0.000,2.100
2022-02-01 06:00:00,9.460,0.000,0.000,0.000,2.100
2022-02-01 07:00:00,9.400,0.000,0.000,0.000,2.100
2022-02-01 08:00:00,9.400,15.000,0.000,15.000,2.500
2022-02-01 09:00:00,9.460,54.000,17.500,51.000,3.300
2022-02-01 10:00:00,10.390,108.000,41.400,97.000,3.700
2022-02-01 11:00:00,11.660,54.000,6.100,52.000,3.800
2022-02-01 12:00:00,12.870,38.000,0.000,38.000,3.900
2022-02-01 13:00:00,13.430,41.000,0.000,41.000,4.400
2022-02-01 14:00:00,12.770,30.000,0.000,30.000,5.400
2022-02-01 15:00:00,11.950,23.000,10.800,21.000,6.100
2022-02-01 16:00:00,11.830,12.000,50.100,8.000,6.600
2022-02-01 17:00:00,12.650,0.000,0.000,0.000,7.300
2022-02-01 18:00:00,14.020,0.000,0.000,0.000,7.200
2022-02-01 19:00:00,14.580,0.000,0.000,0.000,6.800
2022-02-01 20:00:00,13.650,0.000,0.000,0.000,6.700
2022-02-01 21:00:00,13.300,0.000,0.000,0.000,6.500
2022-02-01 22:00:00,13.650,0.000,0.000,0.000,6.200
2022-02-01 23:00:00,13.040,0.000,0.000,0.000,6.000
2022-02-02 00:00:00,13.170,0.000,0.000,0.000,5.700
2022-02-02 01:00:00,13.320,0.000,0.000,0.000,5.700
2022-02-02 02:00:00,13.080,0.000,0.000,0.000,5.400
2022-02-02 03:00:00,13.490,0.000,0.000,0.000,5.300
2022-02-02 04:00:00,13.180,0.000,0.000,0.000,5.400
2022-02-02 05:00:00,12.880,0.000,0.000,0.000,5.200
2022-02-02 06:00:00,12.650,0.000,0.000,0.000,5.400
2022-02-02 07:00:00,12.090,0.000,0.000,0.000,5.300
2022-02-02 08:00:00,12.110,26.000,162.300,14.000,5.200
2022-02-02 09:00:00,11.430,100.000,279.100,51.000,5.500
2022-02-02 10:00:00,11.010,185.000,437.000,67.000,6.200
2022-02-02 11:00:00,11.810,246.000,535.600,69.000,6.300
2022-02-02 12:00:00,12.010,277.000,507.300,98.000,6.800
2022-02-02 13:00:00,11.730,228.000,441.000,80.000,6.700
2022-02-02 14:00:00,10.250,155.000,264.300,81.000,6.400
2022-02-02 15:00:00,9.880,115.000,300.600,58.000,6.500
2022-02-02 16:00:00,8.970,33.000,157.900,20.000,5.700
2022-02-02 17:00:00,8.420,0.000,0.000,0.000,5.000
2022-02-02 18:00:00,7.240,0.000,0.000,0.000,4.100
2022-02-02 19:00:00,6.390,0.000,0.000,0.000,3.300
2022-02-02 20:00:00,6.720,0.000,0.000,0.000,2.400
2022-02-02 21:00:00,6.460,0.000,0.000,0.000,2.400
2022-02-02 22:00:00,6.960,0.000,0.000,0.000,2.000
2022-02-02 23:00:00,6.780,0.000,0.000,0.000,2.000
2022-02-03 00:00:00,7.050,0.000,0.000,0.000,2.100
2022-02-03 01:00:00,7.060,0.000,0.000,0.000,2.600
2022-02-03 02:00:00,7.110,0.000,0.000,0.000,3.400
2022-02-03 03:00:00,7.040,0.000,0.000,0.000,4.100
2022-02-03 04:00:00,7.030,0.000,0.000,0.000,4.500
2022-02-03 05:00:00,7.430,0.000,0.000,0.000,4.900
2022-02-03 06:00:00,7.570,0.000,0.000,0.000,5.300
2022-02-03 07:00:00,7.500,0.000,0.000,0.000,5.800
2022-02-03 08:00:00,7.490,4.000,0.000,4.000,6.300
2022-02-03 09:00:00,7.480,22.000,0.000,22.000,7.000
2022-02-03 10:00:00,7.450,37.000,0.000,37.000,7.500
2022-02-03 11:00:00,7.010,67.000,0.000,67.000,7.700
2022-02-03 12:00:00,6.940,63.000,0.000,63.000,7.800
2022-02-03 13:00:00,7.230,51.000,0.000,51.000,7.700
2022-02-03 14:00:00,6.740,38.000,0.000,38.000,7.700
2022-02-03 15:00:00,6.400,24.000,0.000,24.000,7.400
2022-02-03 16:00:00,6.510,11.000,0.000,11.000,7.200
2022-02-03 17:00:00,6.810,0.000,0.000,0.000,6.900
2022-02-03 18:00:00,7.090,0.000,0.000,0.000,6.700
2022-02-03 19:00:00,7.360,0.000,0.000,0.000,6.400
2022-02-03 20:00:00,7.520,0.000,0.000,0.000,6.300
2022-02-03 21:00:00,7.440,0.000,0.000,0.000,6.200
2022-02-03 22:00:00,7.670,0.000,0.000,0.000,6.100
2022-02-03 23:00:00,7.560,0.000,0.000,0.000,6.100
2022-02-04 00:00:00,7.250,0.000,0.000,0.000,6.000
2022-02-04 01:00:00,7.220,0.000,0.000,0.000,6.100
2022-02-04 02:00:00,7.180,0.000,0.000,0.000,6.100
2022-02-04 03:00:00,7.200,0.000,0.000,0.000,6.200
2022-02-04 04:00:00,7.310,0.000,0.000,0.000,6.200
2022-02-04 05:00:00,7.810,0.000,0.000,0.000,6.300
2022-02-04 06:00:00,7.890,0.000,0.000,0.000,6.300
2022-02-04 07:00:00,8.310,0.000,0.000,0.000,6.400
2022-02-04 08:00:00,8.880,8.000,0.000,8.000,6.700
2022-02-04 09:00:00,9.260,21.000,0.000,21.000,7.000
2022-02-04 10:00:00,9.270,37.000,0.000,37.000,7.700
2022-02-04 11:00:00,8.440,60.000,2.900,59.000,8.000
2022-02-04 12:00:00,9.580,107.000,57.900,86.000,8.500
2022-02-04 13:00:00,9.700,121.000,144.800,71.000,8.700
2022-02-04 14:00:00,10.400,107.000,82.800,83.000,8.600
2022-02-04 15:00:00,11.000,41.000,10.000,39.000,8.400
2022-02-04 16:00:00,11.490,11.000,11.400,10.000,8.000
2022-02-04 17:00:00,11.920,0.000,0.000,0.000,7.800
2022-02-04 18:00:00,12.240,0.000,0.000,0.000,7.100
2022-02-04 19:00:00,13.090,0.000,0.000,0.000,5.300
2022-02-04 20:00:00,12.940,0.000,0.000,0.000,3.100
2022-02-04 21:00:00,10.550,0.000,0.000,0.000,2.600
2022-02-04 22:00:00,11.070,0.000,0.000,0.000,3.300
2022-02-04 23:00:00,11.000,0.000,0.000,0.000,3.400
2022-02-05 00:00:00,10.880,0.000,0.000,0.000,3.700
2022-02-05 01:00:00,10.550,0.000,0.000,0.000,3.900
2022-02-05 02:00:00,11.050,0.000,0.000,0.000,3.800
2022-02-05 03:00:00,11.550,0.000,0.000,0.000,3.500
2022-02-05 04:00:00,11.280,0.000,0.000,0.000,3.400
2022-02-05 05:00:00,11.010,0.000,0.000,0.000,3.200
2022-02-05 06:00:00,10.670,0.000,0.000,0.000,3.000
2022-02-05 07:00:00,10.330,0.000,0.000,0.000,3.000
2022-02-05 08:00:00,10.090,33.000,173.200,19.000,3.200
2022-02-05 09:00:00,9.280,126.000,386.500,53.000,3.900
2022-02-05 10:00:00,8.890,209.000,489.600,70.000,4.500
2022-02-05 11:00:00,9.150,262.000,478.500,97.000,5.200
2022-02-05 12:00:00,9.660,214.000,266.700,116.000,5.500
2022-02-05 13:00:00,10.710,248.000,376.700,116.000,5.800
2022-02-05 14:00:00,9.490,158.000,139.100,117.000,5.800
2022-02-05 15:00:00,10.960,74.000,0.000,74.000,5.800
2022-02-05 16:00:00,10.430,30.000,22.200,28.000,5.600
2022-02-05 17:00:00,10.530,0.000,0.000,0.000,5.400
2022-02-05 18:00:00,11.080,0.000,0.000,0.000,5.400
2022-02-05 19:00:00,11.440,0.000,0.000,0.000,5.500
2022-02-05 20:00:00,11.860,0.000,0.000,0.000,5.600
2022-02-05 21:00:00,12.540,0.000,0.000,0.000,5.600
2022-02-05 22:00:00,13.100,0.000,0.000,0.000,5.600
2022-02-05 23:00:00,13.060,0.000,0.000,0.000,5.700
2022-02-06 00:00:00,13.270,0.000,0.000,0.000,5.700
2022-02-06 01:00:00,13.630,0.000,0.000,0.000,5.700
2022-02-06 02:00:00,13.670,0.000,0.000,0.000,5.700
2022-02-06 03:00:00,13.960,0.000,0.000,0.000,5.700
2022-02-06 04:00:00,14.190,0.000,0.000,0.000,6.000
2022-02-06 05:00:00,13.840,0.000,0.000,0.000,6.300
2022-02-06 06:00:00,13.370,0.000,0.000,0.000,6.500
2022-02-06 07:00:00,13.200,0.000,0.000,0.000,6.400
2022-02-06 08:00:00,13.780,5.000,0.000,5.000,6.800
2022-02-06 09:00:00,13.530,15.000,0.000,15.000,7.100
2022-02-06 10:00:00,13.070,40.000,0.000,40.000,6.900
2022-02-06 11:00:00,14.090,46.000,2.900,45.000,7.100
2022-02-06 12:00:00,14.720,45.000,0.000,45.000,7.200
2022-02-06 13:00:00,15.240,31.000,0.000,31.000,6.400
2022-02-06 14:00:00,14.150,22.000,0.000,22.000,5.400
2022-02-06 15:00:00,12.490,15.000,0.000,15.000,5.400
2022-02-06 16:00:00,11.330,5.000,0.000,5.000,5.500
2022-02-06 17:00:00,10.930,0.000,0.000,0.000,5.300
2022-02-06 18:00:00,11.140,0.000,0.000,0.000,5.000
2022-02-06 19:00:00,12.490,0.000,0.000,0.000,4.800
2022-02-06 20:00:00,12.520,0.000,0.000,0.000,4.300
2022-02-06 21:00:00,11.230,0.000,0.000,0.000,3.700
2022-02-06 22:00:00,10.520,0.000,0.000,0.000,3.700
2022-02-06 23:00:00,10.990,0.000,0.000,0.000,3.100
2022-02-07 00:00:00,10.100,0.000,0.000,0.000,2.500
2022-02-07 01:00:00,10.390,0.000,0.000,0.000,2.300
2022-02-07 02:00:00,10.670,0.000,0.000,0.000,2.200
2022-02-07 03:00:00,10.710,0.000,0.000,0.000,2.500
2022-02-07 04:00:00,10.540,0.000,0.000,0.000,2.700
2022-02-07 05:00:00,10.590,0.000,0.000,0.000,2.800
2022-02-07 06:00:00,10.250,0.000,0.000,0.000,2.900
2022-02-07 07:00:00,10.430,0.000,0.000,0.000,2.800
2022-02-07 08:00:00,10.380,36.000,198.500,19.000,3.700
2022-02-07 09:00:00,10.800,127.000,333.200,61.000,4.400
2022-02-07 10:00:00,10.720,231.000,552.000,69.000,5.500
2022-02-07 11:00:00,12.030,267.000,451.100,107.000,6.000
2022-02-07 12:00:00,11.680,304.000,535.100,102.000,6.500
2022-02-07 13:00:00,11.150,266.000,471.600,96.000,6.200
2022-02-07 14:00:00,11.120,217.000,436.600,84.000,5.700
2022-02-07 15:00:00,11.080,140.000,345.900,66.000,4.900
2022-02-07 16:00:00,10.400,42.000,147.100,28.000,4.500
2022-02-07 17:00:00,9.630,1.000,0.000,1.000,4.100
2022-02-07 18:00:00,8.940,0.000,0.000,0.000,4.000
2022-02-07 19:00:00,8.720,0.000,0.000,0.000,4.000
2022-02-07 20:00:00,8.650,0.000,0.000,0.000,4.200
2022-02-07 21:00:00,8.550,0.000,0.000,0.000,4.100
2022-02-07 22:00:00,8.970,0.000,0.000,0.000,3.900
2022-02-07 23:00:00,8.810,0.000,0.000,0.000,3.700
2022-02-08 00:00:00,8.900,0.000,0.000,0.000,3.900
2022-02-08 01:00:00,8.930,0.000,0.000,0.000,4.000
2022-02-08 02:00:00,9.240,0.000,0.000,0.000,4.200
2022-02-08 03:00:00,9.590,0.000,0.000,0.000,4.400
2022-02-08 04:00:00,9.750,0.000,0.000,0.000,4.800
2022-02-08 05:00:00,10.000,0.000,0.000,0.000,5.100
2022-02-08 06:00:00,10.430,0.000,0.000,0.000,5.500
2022-02-08 07:00:00,10.590,0.000,0.000,0.000,6.100
2022-02-08 08:00:00,10.710,12.000,0.000,12.000,6.700
2022-02-08 09:00:00,10.630,31.000,0.000,31.000,7.500
2022-02-08 10:00:00,10.940,41.000,0.000,41.000,8.300
2022-02-08 11:00:00,11.010,46.000,11.100,42.000,8.900
2022-02-08 12:00:00,10.910,31.000,2.600,30.000,9.100
2022-02-08 13:00:00,10.630,44.000,0.000,44.000,9.400
2022-02-08 14:00:00,10.500,34.000,0.000,34.000,9.400
2022-02-08 15:00:00,10.240,17.000,0.000,17.000,9.400
2022-02-08 16:00:00,10.190,6.000,0.000,6.000,9.400
2022-02-08 17:00:00,9.990,0.000,0.000,0.000,9.300
2022-02-08 18:00:00,9.600,0.000,0.000,0.000,9.300
2022-02-08 19:00:00,9.550,0.000,0.000,0.000,9.200
2022-02-08 20:00:00,9.700,0.000,0.000,0.000,9.200
2022-02-08 21:00:00,9.880,0.000,0.000,0.000,9.100
2022-02-08 22:00:00,9.350,0.000,0.000,0.000,9.100
2022-02-08 23:00:00,9.300,0.000,0.000,0.000,8.900
2022-02-09 00:00:00,9.390,0.000,0.000,0.000,8.900
2022-02-09 01:00:00,9.240,0.000,0.000,0.000,8.900
2022-02-09 02:00:00,9.230,0.000,0.000,0.000,8.700
2022-02-09 03:00:00,9.390,0.000,0.000,0.000,8.700
2022-02-09 04:00:00,9.430,0.000,0.000,0.000,8.700
2022-02-09 05:00:00,9.350,0.000,0.000,0.000,8.700
2022-02-09 06:00:00,9.290,0.000,0.000,0.000,8.800
2022-02-09 07:00:00,9.300,0.000,0.000,0.000,8.800
2022-02-09 08:00:00,9.550,11.000,0.000,11.000,8.700
2022-02-09 09:00:00,9.890,27.000,0.000,27.000,8.700
2022-02-09 10:00:00,9.380,32.000,0.000,32.000,8.700
2022-02-09 11:00:00,9.900,64.000,0.000,64.000,8.900
2022-02-09 12:00:00,9.860,99.000,30.900,87.000,9.000
2022-02-09 13:00:00,10.020,98.000,37.800,84.000,9.100
2022-02-09 14:00:00,9.280,60.000,12.700,56.000,9.200
2022-02-09 15:00:00,9.210,41.000,4.500,40.000,9.100
2022-02-09 16:00:00,9.300,20.000,38.500,16.000,9.000
2022-02-09 17:00:00,9.020,0.000,0.000,0.000,8.800
2022-02-09 18:00:00,8.680,0.000,0.000,0.000,8.800
2022-02-09 19:00:00,8.140,0.000,0.000,0.000,8.800
2022-02-09 20:00:00,7.540,0.000,0.000,0.000,8.900
2022-02-09 21:00:00,7.050,0.000,0.000,0.000,8.800
2022-02-09 22:00:00,6.800,0.000,0.000,0.000,8.600
2022-02-09 23:00:00,6.360,0.000,0.000,0.000,8.400
2022-02-10 00:00:00,6.170,0.000,0.000,0.000,8.300
2022-02-10 01:00:00,6.060,0.000,0.000,0.000,8.200
2022-02-10 02:00:00,6.120,0.000,0.000,0.000,8.000
2022-02-10 03:00:00,6.260,0.000,0.000,0.000,8.100
2022-02-10 04:00:00,6.230,0.000,0.000,0.000,7.700
2022-02-10 05:00:00,6.260,0.000,0.000,0.000,7.500
2022-02-10 06:00:00,6.320,0.000,0.000,0.000,7.400
2022-02-10 07:00:00,6.610,0.000,0.000,0.000,7.500
2022-02-10 08:00:00,6.870,27.000,75.200,20.000,7.500
2022-02-10 09:00:00,6.890,55.000,51.800,44.000,7.700
2022-02-10 10:00:00,6.090,112.000,74.600,89.000,7.900
2022-02-10 11:00:00,7.190,89.000,64.900,65.000,7.700
2022-02-10 12:00:00,5.480,63.000,10.200,59.000,7.000
2022-02-10 13:00:00,4.640,72.000,8.000,69.000,6.800
2022-02-10 14:00:00,5.500,65.000,6.300,63.000,6.500
2022-02-10 15:00:00,6.160,80.000,74.300,63.000,6.500
2022-02-10 16:00:00,6.590,32.000,27.600,29.000,6.300
2022-02-10 17:00:00,7.140,1.000,0.000,1.000,6.000
2022-02-10 18:00:00,7.340,0.000,0.000,0.000,5.600
2022-02-10 19:00:00,7.040,0.000,0.000,0.000,5.400
2022-02-10 20:00:00,6.770,0.000,0.000,0.000,5.100
2022-02-10 21:00:00,6.710,0.000,0.000,0.000,4.900
2022-02-10 22:00:00,6.840,0.000,0.000,0.000,4.300
2022-02-10 23:00:00,6.690,0.000,0.000,0.000,4.000
2022-02-11 00:00:00,6.390,0.000,0.000,0.000,3.800
2022-02-11 01:00:00,6.610,0.000,0.000,0.000,3.600
2022-02-11 02:00:00,6.910,0.000,0.000,0.000,3.500
2022-02-11 03:00:00,7.250,0.000,0.000,0.000,3.100
2022-02-11 04:00:00,7.700,0.000,0.000,0.000,2.700
2022-02-11 05:00:00,8.070,0.000,0.000,0.000,2.500
2022-02-11 06:00:00,8.570,0.000,0.000,0.000,2.500
2022-02-11 07:00:00,8.700,1.000,0.000,1.000,2.400
2022-02-11 08:00:00,8.970,33.000,73.200,26.000,2.500
2022-02-11 09:00:00,9.190,99.000,184.100,59.000,2.800
2022-02-11 10:00:00,10.450,119.000,102.100,87.000,4.100
2022-02-11 11:00:00,10.890,130.000,72.000,103.000,4.200
2022-02-11 12:00:00,9.160,120.000,70.300,92.000,4.400
2022-02-11 13:00:00,8.810,137.000,57.800,115.000,4.600
2022-02-11 14:00:00,8.790,137.000,132.300,94.000,4.800
2022-02-11 15:00:00,8.930,108.000,209.700,59.000,4.700
2022-02-11 16:00:00,8.590,51.000,193.700,29.000,4.300
2022-02-11 17:00:00,7.940,3.000,0.000,3.000,3.500
2022-02-11 18:00:00,7.440,0.000,0.000,0.000,2.600
2022-02-11 19:00:00,6.950,0.000,0.000,0.000,1.900
2022-02-11 20:00:00,5.830,0.000,0.000,0.000,1.500
2022-02-11 21:00:00,4.810,0.000,0.000,0.000,1.200
2022-02-11 22:00:00,4.580,0.000,0.000,0.000,0.400
2022-02-11 23:00:00,4.760,0.000,0.000,0.000,0.100
2022-02-12 00:00:00,4.330,0.000,0.000,0.000,-0.400
2022-02-12 01:00:00,4.280,0.000,0.000,0.000,-0.100
2022-02-12 02:00:00,4.740,0.000,0.000,0.000,-0.500
2022-02-12 03:00:00,5.020,0.000,0.000,0.000,-1.400
2022-02-12 04:00:00,5.230,0.000,0.000,0.000,-1.300
2022-02-12 05:00:00,5.300,0.000,0.000,0.000,-1.200
2022-02-12 06:00:00,5.620,0.000,0.000,0.000,-1.200
2022-02-12 07:00:00,6.020,1.000,0.000,1.000,-1.200
2022-02-12 08:00:00,6.090,48.000,213.800,27.000,-0.200
2022-02-12 09:00:00,5.920,143.000,333.000,69.000,1.600
2022-02-12 10:00:00,5.470,227.000,364.400,111.000,2.700
2022-02-12 11:00:00,5.680,303.000,418.300,144.000,3.800
2022-02-12 12:00:00,5.880,334.000,466.300,146.000,4.600
2022-02-12 13:00:00,5.790,298.000,362.600,158.000,5.000
2022-02-12 14:00:00,5.820,246.000,330.300,137.000,5.300
2022-02-12 15:00:00,5.530,185.000,431.500,82.000,5.200
2022-02-12 16:00:00,6.100,76.000,295.600,41.000,4.300
2022-02-12 17:00:00,7.000,4.000,19.100,3.000,3.100
2022-02-12 18:00:00,7.310,0.000,0.000,0.000,2.400
2022-02-12 19:00:00,7.580,0.000,0.000,0.000,2.000
2022-02-12 20:00:00,7.860,0.000,0.000,0.000,1.700
2022-02-12 21:00:00,7.900,0.000,0.000,0.000,1.600
2022-02-12 22:00:00,8.410,0.000,0.000,0.000,1.600
2022-02-12 23:00:00,8.380,0.000,0.000,0.000,1.600
2022-02-13 00:00:00,8.320,0.000,0.000,0.000,1.600
2022-02-13 01:00:00,8.320,0.000,0.000,0.000,1.500
2022-02-13 02:00:00,8.040,0.000,0.000,0.000,1.200
2022-02-13 03:00:00,8.170,0.000,0.000,0.000,0.900
2022-02-13 04:00:00,8.400,0.000,0.000,0.000,0.700
2022-02-13 05:00:00,8.500,0.000,0.000,0.000,0.600
2022-02-13 06:00:00,8.230,0.000,0.000,0.000,0.400
2022-02-13 07:00:00,8.100,2.000,0.000,2.000,0.200
2022-02-13 08:00:00,7.930,67.000,330.100,33.000,1.300
2022-02-13 09:00:00,7.980,172.000,422.500,76.000,2.900
2022-02-13 10:00:00,6.680,296.000,680.000,76.000,4.400
2022-02-13 11:00:00,7.270,371.000,752.600,81.000,5.900
2022-02-13 12:00:00,7.630,397.000,766.300,84.000,7.100
2022-02-13 13:00:00,7.810,370.000,715.500,90.000,8.000
2022-02-13 14:00:00,7.360,305.000,677.300,78.000,8.700
2022-02-13 15:00:00,7.300,200.000,545.800,67.000,8.600
2022-02-13 16:00:00,8.170,81.000,324.500,41.000,7.700
2022-02-13 17:00:00,9.030,5.000,0.000,5.000,6.700
2022-02-13 18:00:00,10.190,0.000,0.000,0.000,6.400
2022-02-13 19:00:00,10.350,0.000,0.000,0.000,6.300
2022-02-13 20:00:00,10.040,0.000,0.000,0.000,6.500
2022-02-13 21:00:00,11.090,0.000,0.000,0.000,6.700
2022-02-13 22:00:00,11.300,0.000,0.000,0.000,7.200
2022-02-13 23:00:00,11.050,0.000,0.000,0.000,7.300
2022-02-14 00:00:00,11.120,0.000,0.000,0.000,7.300
2022-02-14 01:00:00,11.090,0.000,0.000,0.000,7.400
2022-02-14 02:00:00,10.890,0.000,0.000,0.000,7.400
2022-02-14 03:00:00,10.470,0.000,0.000,0.000,7.000
2022-02-14 04:00:00,10.250,0.000,0.000,0.000,6.700
2022-02-14 05:00:00,10.520,0.000,0.000,0.000,6.800
2022-02-14 06:00:00,10.940,0.000,0.000,0.000,6.900
2022-02-14 07:00:00,11.210,2.000,0.000,2.000,7.100
2022-02-14 08:00:00,10.920,62.000,194.500,41.000,7.900
2022-02-14 09:00:00,10.420,180.000,507.900,62.000,8.900
2022-02-14 10:00:00,8.700,247.000,495.800,84.000,10.400
2022-02-14 11:00:00,9.270,257.000,355.800,118.000,11.400
2022-02-14 12:00:00,9.370,332.000,526.800,114.000,12.300
2022-02-14 13:00:00,9.060,357.000,693.300,82.000,12.600
2022-02-14 14:00:00,10.310,291.000,640.500,73.000,12.500
2022-02-14 15:00:00,9.480,112.000,213.100,59.000,12.100
2022-02-14 16:00:00,8.380,67.000,241.900,36.000,11.300
2022-02-14 17:00:00,8.130,5.000,19.100,4.000,10.300
2022-02-14 18:00:00,7.850,0.000,0.000,0.000,9.400
2022-02-14 19:00:00,7.790,0.000,0.000,0.000,8.800
2022-02-14 20:00:00,7.920,0.000,0.000,0.000,8.500
2022-02-14 21:00:00,8.010,0.000,0.000,0.000,8.300
2022-02-14 22:00:00,8.950,0.000,0.000,0.000,7.600
2022-02-14 23:00:00,8.620,0.000,0.000,0.000,7.300
2022-02-15 00:00:00,8.810,0.000,0.000,0.000,6.900
2022-02-15 01:00:00,9.260,0.000,0.000,0.000,6.700
2022-02-15 02:00:00,8.940,0.000,0.000,0.000,6.400
2022-02-15 03:00:00,8.770,0.000,0.000,0.000,6.400
2022-02-15 04:00:00,8.050,0.000,0.000,0.000,6.600
2022-02-15 05:00:00,7.290,0.000,0.000,0.000,6.500
2022-02-15 06:00:00,7.070,0.000,0.000,0.000,6.500
2022-02-15 07:00:00,6.950,1.000,0.000,1.000,6.400
2022-02-15 08:00:00,6.660,30.000,17.700,28.000,6.600
2022-02-15 09:00:00,8.590,111.000,92.600,89.000,6.800
2022-02-15 10:00:00,7.290,193.000,272.400,102.000,7.300
2022-02-15 11:00:00,7.270,251.000,373.700,103.000,8.000
2022-02-15 12:00:00,8.260,310.000,510.500,96.000,8.500
2022-02-15 13:00:00,8.170,296.000,450.300,115.000,8.800
2022-02-15 14:00:00,7.520,255.000,468.800,93.000,8.800
2022-02-15 15:00:00,7.560,174.000,445.100,61.000,8.500
2022-02-15 16:00:00,7.420,79.000,300.600,39.000,7.900
2022-02-15 17:00:00,8.690,7.000,38.200,5.000,6.900
2022-02-15 18:00:00,9.310,0.000,0.000,0.000,6.400
2022-02-15 19:00:00,10.120,0.000,0.000,0.000,6.700
2022-02-15 20:00:00,11.220,0.000,0.000,0.000,6.900
2022-02-15 21:00:00,12.440,0.000,0.000,0.000,6.600
2022-02-15 22:00:00,12.790,0.000,0.000,0.000,5.900
2022-02-15 23:00:00,12.680,0.000,0.000,0.000,5.900
2022-02-16 00:00:00,12.530,0.000,0.000,0.000,6.100
2022-02-16 01:00:00,11.850,0.000,0.000,0.000,6.300
2022-02-16 02:00:00,11.390,0.000,0.000,0.000,6.500
2022-02-16 03:00:00,11.020,0.000,0.000,0.000,6.700
2022-02-16 04:00:00,10.650,0.000,0.000,0.000,6.800
2022-02-16 05:00:00,10.600,0.000,0.000,0.000,6.800
2022-02-16 06:00:00,10.960,0.000,0.000,0.000,6.700
2022-02-16 07:00:00,11.290,0.000,0.000,0.000,6.800
2022-02-16 08:00:00,11.810,14.000,0.000,14.000,7.200
2022-02-16 09:00:00,12.620,21.000,0.000,21.000,7.700
2022-02-16 10:00:00,13.570,33.000,0.000,33.000,8.300
2022-02-16 11:00:00,13.970,35.000,0.000,35.000,9.000
2022-02-16 12:00:00,14.020,45.000,0.000,45.000,10.100
2022-02-16 13:00:00,13.160,36.000,0.000,36.000,10.800
2022-02-16 14:00:00,12.280,57.000,2.800,56.000,11.200
2022-02-16 15:00:00,12.280,35.000,0.000,35.000,11.400
2022-02-16 16:00:00,12.440,16.000,0.000,16.000,11.500
2022-02-16 17:00:00,13.010,1.000,0.000,1.000,11.500
2022-02-16 18:00:00,13.640,0.000,0.000,0.000,11.700
2022-02-16 19:00:00,13.990,0.000,0.000,0.000,11.200
2022-02-16 20:00:00,14.750,0.000,0.000,0.000,11.000
2022-02-16 21:00:00,16.460,0.000,0.000,0.000,11.800
2022-02-16 22:00:00,18.090,0.000,0.000,0.000,12.500
2022-02-16 23:00:00,18.730,0.000,0.000,0.000,12.600
2022-02-17 00:00:00,19.100,0.000,0.000,0.000,12.400
2022-02-17 01:00:00,17.850,0.000,0.000,0.000,11.000
2022-02-17 02:00:00,16.110,0.000,0.000,0.000,10.100
2022-02-17 03:00:00,16.160,0.000,0.000,0.000,9.600
2022-02-17 04:00:00,16.700,0.000,0.000,0.000,8.700
2022-02-17 05:00:00,18.350,0.000,0.000,0.000,8.800
2022-02-17 06:00:00,18.710,0.000,0.000,0.000,8.800
2022-02-17 07:00:00,18.220,3.000,19.100,2.000,8.400
2022-02-17 08:00:00,18.450,67.000,226.800,39.000,8.000
2022-02-17 09:00:00,16.760,147.000,350.400,60.000,7.800
2022-02-17 10:00:00,17.050,187.000,275.300,92.000,7.900
2022-02-17 11:00:00,18.370,254.000,434.800,77.000,8.100
2022-02-17 12:00:00,15.950,294.000,488.200,84.000,8.700
2022-02-17 13:00:00,14.660,334.000,508.700,124.000,8.800
2022-02-17 14:00:00,12.860,244.000,390.200,105.000,8.200
2022-02-17 15:00:00,16.080,190.000,405.100,83.000,8.500
2022-02-17 16:00:00,14.480,75.000,251.800,39.000,7.600
2022-02-17 17:00:00,13.580,8.000,57.300,5.000,7.100
2022-02-17 18:00:00,13.460,0.000,0.000,0.000,6.800
2022-02-17 19:00:00,12.950,0.000,0.000,0.000,6.700
2022-02-17 20:00:00,13.360,0.000,0.000,0.000,6.600
2022-02-17 21:00:00,12.790,0.000,0.000,0.000,6.600
2022-02-17 22:00:00,12.220,0.000,0.000,0.000,6.400
2022-02-17 23:00:00,11.390,0.000,0.000,0.000,6.000
2022-02-18 00:00:00,10.420,0.000,0.000,0.000,5.600
2022-02-18 01:00:00,9.490,0.000,0.000,0.000,5.200
2022-02-18 02:00:00,8.810,0.000,0.000,0.000,4.800
2022-02-18 03:00:00,8.170,0.000,0.000,0.000,4.600
2022-02-18 04:00:00,7.480,0.000,0.000,0.000,4.400
2022-02-18 05:00:00,7.240,0.000,0.000,0.000,4.500
2022-02-18 06:00:00,7.090,0.000,0.000,0.000,4.700
2022-02-18 07:00:00,7.070,2.000,0.000,2.000,5.000
2022-02-18 08:00:00,6.590,20.000,0.000,20.000,5.800
2022-02-18 09:00:00,6.350,45.000,0.000,45.000,6.000
2022-02-18 10:00:00,8.740,45.000,2.900,44.000,6.000
2022-02-18 11:00:00,9.850,58.000,0.000,58.000,6.300
2022-02-18 12:00:00,11.290,38.000,0.000,38.000,7.100
2022-02-18 13:00:00,12.030,74.000,0.000,74.000,8.800
2022-02-18 14:00:00,13.130,48.000,0.000,48.000,10.000
2022-02-18 15:00:00,14.630,26.000,0.000,26.000,10.900
2022-02-18 16:00:00,16.020,11.000,0.000,11.000,11.200
2022-02-18 17:00:00,17.500,2.000,0.000,2.000,10.600
2022-02-18 18:00:00,18.720,0.000,0.000,0.000,9.700
2022-02-18 19:00:00,20.600,0.000,0.000,0.000,9.400
2022-02-18 20:00:00,21.380,0.000,0.000,0.000,8.200
2022-02-18 21:00:00,20.690,0.000,0.000,0.000,7.000
2022-02-18 22:00:00,18.740,0.000,0.000,0.000,6.400
2022-02-18 23:00:00,19.600,0.000,0.000,0.000,7.200
2022-02-19 00:00:00,20.330,0.000,0.000,0.000,7.200
2022-02-19 01:00:00,20.380,0.000,0.000,0.000,6.700
2022-02-19 02:00:00,19.720,0.000,0.000,0.000,6.300
2022-02-19 03:00:00,18.630,0.000,0.000,0.000,5.400
2022-02-19 04:00:00,17.080,0.000,0.000,0.000,4.200
2022-02-19 05:00:00,16.100,0.000,0.000,0.000,3.700
2022-02-19 06:00:00,15.400,0.000,0.000,0.000,3.400
2022-02-19 07:00:00,14.490,3.000,0.000,3.000,3.400
2022-02-19 08:00:00,13.860,41.000,44.700,35.000,3.600
2022-02-19 09:00:00,13.440,85.000,23.100,79.000,4.300
2022-02-19 10:00:00,9.930,217.000,230.200,135.000,4.900
2022-02-19 11:00:00,12.170,309.000,449.400,121.000,5.600
2022-02-19 12:00:00,14.200,363.000,507.500,139.000,6.000
2022-02-19 13:00:00,14.050,358.000,563.900,119.000,6.400
2022-02-19 14:00:00,11.530,295.000,528.700,101.000,6.700
2022-02-19 15:00:00,10.170,186.000,397.000,77.000,6.900
2022-02-19 16:00:00,10.090,109.000,418.200,45.000,6.500
2022-02-19 17:00:00,9.190,13.000,87.000,8.000,5.800
2022-02-19 18:00:00,9.060,0.000,0.000,0.000,5.600
2022-02-19 19:00:00,9.210,0.000,0.000,0.000,5.700
2022-02-19 20:00:00,9.070,0.000,0.000,0.000,5.500
2022-02-19 21:00:00,9.670,0.000,0.000,0.000,5.100
2022-02-19 22:00:00,8.240,0.000,0.000,0.000,4.000
2022-02-19 23:00:00,9.120,0.000,0.000,0.000,2.800
2022-02-20 00:00:00,8.990,0.000,0.000,0.000,2.600
2022-02-20 01:00:00,9.070,0.000,0.000,0.000,3.000
2022-02-20 02:00:00,9.050,0.000,0.000,0.000,4.300
2022-02-20 03:00:00,8.940,0.000,0.000,0.000,4.900
2022-02-20 04:00:00,8.580,0.000,0.000,0.000,4.700
2022-02-20 05:00:00,8.170,0.000,0.000,0.000,4.600
2022-02-20 06:00:00,6.940,0.000,0.000,0.000,4.500
2022-02-20 07:00:00,7.040,3.000,0.000,3.000,4.300
2022-02-20 08:00:00,8.030,24.000,0.000,24.000,4.300
2022-02-20 09:00:00,8.610,59.000,0.000,59.000,4.200
2022-02-20 10:00:00,10.920,42.000,0.000,42.000,4.500
2022-02-20 11:00:00,12.060,41.000,0.000,41.000,6.300
2022-02-20 12:00:00,12.430,60.000,2.200,59.000,7.700
2022-02-20 13:00:00,13.810,45.000,0.000,45.000,8.700
2022-02-20 14:00:00,14.000,51.000,2.700,50.000,9.200
2022-02-20 15:00:00,13.890,28.000,0.000,28.000,9.400
2022-02-20 16:00:00,13.600,11.000,0.000,11.000,9.400
2022-02-20 17:00:00,13.460,2.000,0.000,2.000,9.200
2022-02-20 18:00:00,13.960,0.000,0.000,0.000,9.200
2022-02-20 19:00:00,14.600,0.000,0.000,0.000,9.200
2022-02-20 20:00:00,14.780,0.000,0.000,0.000,9.300
2022-02-20 21:00:00,15.800,0.000,0.000,0.000,9.400
2022-02-20 22:00:00,16.900,0.000,0.000,0.000,9.900
2022-02-20 23:00:00,17.330,0.000,0.000,0.000,10.000
2022-02-21 00:00:00,17.680,0.000,0.000,0.000,9.900
2022-02-21 01:00:00,17.280,0.000,0.000,0.000,8.100
2022-02-21 02:00:00,15.430,0.000,0.000,0.000,6.700
2022-02-21 03:00:00,15.840,0.000,0.000,0.000,5.400
2022-02-21 04:00:00,15.410,0.000,0.000,0.000,4.900
2022-02-21 05:00:00,14.490,0.000,0.000,0.000,4.500
2022-02-21 06:00:00,13.710,0.000,0.000,0.000,3.700
2022-02-21 07:00:00,13.240,9.000,56.800,6.000,3.400
2022-02-21 08:00:00,12.890,70.000,123.800,52.000,3.600
2022-02-21 09:00:00,11.540,137.000,162.600,93.000,4.100
2022-02-21 10:00:00,14.020,225.000,261.100,129.000,4.800
2022-02-21 11:00:00,13.100,299.000,323.500,160.000,5.900
2022-02-21 12:00:00,11.280,198.000,68.500,167.000,5.000
2022-02-21 13:00:00,12.480,86.000,2.300,85.000,4.100
2022-02-21 14:00:00,12.490,89.000,15.900,83.000,3.900
2022-02-21 15:00:00,11.320,47.000,14.000,43.000,3.800
2022-02-21 16:00:00,9.710,16.000,0.000,16.000,4.000
2022-02-21 17:00:00,10.020,4.000,0.000,4.000,4.500
2022-02-21 18:00:00,10.590,0.000,0.000,0.000,4.700
2022-02-21 19:00:00,10.490,0.000,0.000,0.000,5.000
2022-02-21 20:00:00,10.920,0.000,0.000,0.000,5.100
2022-02-21 21:00:00,10.200,0.000,0.000,0.000,4.900
2022-02-21 22:00:00,10.470,0.000,0.000,0.000,5.200
2022-02-21 23:00:00,11.210,0.000,0.000,0.000,5.700
2022-02-22 00:00:00,12.340,0.000,0.000,0.000,5.400
2022-02-22 01:00:00,12.060,0.000,0.000,0.000,5.200
2022-02-22 02:00:00,11.170,0.000,0.000,0.000,4.700
2022-02-22 03:00:00,10.890,0.000,0.000,0.000,4.100
2022-02-22 04:00:00,10.820,0.000,0.000,0.000,3.900
2022-02-22 05:00:00,10.350,0.000,0.000,0.000,3.800
2022-02-22 06:00:00,9.580,0.000,0.000,0.000,3.700
2022-02-22 07:00:00,9.400,10.000,71.900,6.000,3.800
2022-02-22 08:00:00,9.090,78.000,264.900,38.000,4.300
2022-02-22 09:00:00,8.860,184.000,401.600,73.000,5.100
2022-02-22 10:00:00,9.050,233.000,350.800,102.000,6.100
2022-02-22 11:00:00,9.040,269.000,296.200,140.000,6.600
2022-02-22 12:00:00,8.100,244.000,139.600,180.000,7.100
2022-02-22 13:00:00,8.890,188.000,68.100,158.000,7.500
2022-02-22 14:00:00,7.850,93.000,2.600,92.000,7.300
2022-02-22 15:00:00,9.090,69.000,41.300,57.000,6.900
2022-02-22 16:00:00,10.540,23.000,11.900,21.000,6.700
2022-02-22 17:00:00,11.140,4.000,0.000,4.000,6.900
2022-02-22 18:00:00,11.920,0.000,0.000,0.000,7.100
2022-02-22 19:00:00,12.870,0.000,0.000,0.000,7.600
2022-02-22 20:00:00,13.350,0.000,0.000,0.000,8.300
2022-02-22 21:00:00,12.520,0.000,0.000,0.000,7.400
2022-02-22 22:00:00,11.170,0.000,0.000,0.000,6.600
2022-02-22 23:00:00,10.660,0.000,0.000,0.000,6.000
2022-02-23 00:00:00,10.640,0.000,0.000,0.000,5.800
2022-02-23 01:00:00,10.400,0.000,0.000,0.000,5.800
2022-02-23 02:00:00,10.190,0.000,0.000,0.000,5.800
2022-02-23 03:00:00,10.160,0.000,0.000,0.000,5.700
2022-02-23 04:00:00,10.210,0.000,0.000,0.000,5.700
2022-02-23 05:00:00,10.000,0.000,0.000,0.000,5.500
2022-02-23 06:00:00,9.650,0.000,0.000,0.000,5.200
2022-02-23 07:00:00,8.970,11.000,68.300,7.000,5.100
2022-02-23 08:00:00,8.340,91.000,274.500,48.000,5.600
2022-02-23 09:00:00,7.860,204.000,474.900,70.000,6.400
2022-02-23 10:00:00,8.960,323.000,611.800,91.000,7.600
2022-02-23 11:00:00,9.400,388.000,648.100,102.000,8.600
2022-02-23 12:00:00,9.450,369.000,491.200,141.000,9.400
2022-02-23 13:00:00,8.950,357.000,540.100,116.000,9.800
2022-02-23 14:00:00,8.970,350.000,663.700,92.000,10.200
2022-02-23 15:00:00,7.470,257.000,639.300,68.000,10.300
2022-02-23 16:00:00,6.990,129.000,467.400,48.000,9.900
2022-02-23 17:00:00,7.220,21.000,147.600,11.000,8.300
2022-02-23 18:00:00,6.930,0.000,0.000,0.000,6.800
2022-02-23 19:00:00,6.850,0.000,0.000,0.000,5.800
2022-02-23 20:00:00,7.000,0.000,0.000,0.000,5.400
2022-02-23 21:00:00,7.600,0.000,0.000,0.000,5.300
2022-02-23 22:00:00,8.720,0.000,0.000,0.000,4.900
2022-02-23 23:00:00,8.860,0.000,0.000,0.000,5.400
2022-02-24 00:00:00,8.830,0.000,0.000,0.000,5.600
2022-02-24 01:00:00,8.680,0.000,0.000,0.000,5.900
2022-02-24 02:00:00,8.430,0.000,0.000,0.000,6.100
2022-02-24 03:00:00,8.190,0.000,0.000,0.000,6.200
2022-02-24 04:00:00,8.130,0.000,0.000,0.000,6.400
2022-02-24 05:00:00,7.890,0.000,0.000,0.000,6.600
2022-02-24 06:00:00,7.560,0.000,0.000,0.000,6.700
2022-02-24 07:00:00,7.380,8.000,0.000,8.000,6.900
2022-02-24 08:00:00,7.490,56.000,49.300,48.000,7.500
2022-02-24 09:00:00,7.040,116.000,66.000,97.000,8.200
2022-02-24 10:00:00,7.960,196.000,135.000,144.000,8.800
2022-02-24 11:00:00,9.350,228.000,149.800,161.000,9.600
2022-02-24 12:00:00,7.670,189.000,85.100,149.000,9.800
2022-02-24 13:00:00,8.880,186.000,97.400,142.000,9.900
2022-02-24 14:00:00,10.150,114.000,93.900,77.000,9.800
2022-02-24 15:00:00,10.960,144.000,229.300,75.000,10.200
2022-02-24 16:00:00,11.070,97.000,285.900,46.000,10.300
2022-02-24 17:00:00,13.930,17.000,85.300,11.000,9.400
2022-02-24 18:00:00,14.950,0.000,0.000,0.000,6.000
2022-02-24 19:00:00,13.120,0.000,0.000,0.000,4.000
2022-02-24 20:00:00,11.300,0.000,0.000,0.000,3.600
2022-02-24 21:00:00,10.350,0.000,0.000,0.000,3.600
2022-02-24 22:00:00,9.730,0.000,0.000,0.000,3.300
2022-02-24 23:00:00,9.410,0.000,0.000,0.000,3.200
2022-02-25 00:00:00,9.740,0.000,0.000,0.000,3.100
2022-02-25 01:00:00,10.460,0.000,0.000,0.000,3.000
2022-02-25 02:00:00,10.520,0.000,0.000,0.000,3.000
2022-02-25 03:00:00,10.460,0.000,0.000,0.000,3.000
2022-02-25 04:00:00,10.820,0.000,0.000,0.000,3.000
2022-02-25 05:00:00,10.890,0.000,0.000,0.000,3.000
2022-02-25 06:00:00,10.870,0.000,0.000,0.000,2.900
2022-02-25 07:00:00,10.480,16.000,93.100,10.000,2.900
2022-02-25 08:00:00,9.630,108.000,315.100,55.000,3.700
2022-02-25 09:00:00,12.900,177.000,262.100,100.000,4.300
2022-02-25 10:00:00,11.220,190.000,97.200,152.000,4.200
2022-02-25 11:00:00,10.530,246.000,117.000,193.000,4.500
2022-02-25 12:00:00,11.810,259.000,170.300,178.000,4.800
2022-02-25 13:00:00,10.310,298.000,273.300,173.000,5.500
2022-02-25 14:00:00,10.530,195.000,122.600,146.000,5.500
2022-02-25 15:00:00,10.030,172.000,182.900,116.000,5.000
2022-02-25 16:00:00,10.810,78.000,125.400,55.000,4.300
2022-02-25 17:00:00,10.280,13.000,27.400,11.000,3.900
2022-02-25 18:00:00,9.280,0.000,0.000,0.000,3.700
2022-02-25 19:00:00,9.160,0.000,0.000,0.000,3.500
2022-02-25 20:00:00,9.650,0.000,0.000,0.000,3.400
2022-02-25 21:00:00,9.140,0.000,0.000,0.000,3.300
2022-02-25 22:00:00,9.160,0.000,0.000,0.000,3.200
2022-02-25 23:00:00,9.220,0.000,0.000,0.000,2.900
2022-02-26 00:00:00,9.270,0.000,0.000,0.000,2.900
2022-02-26 01:00:00,8.840,0.000,0.000,0.000,2.900
2022-02-26 02:00:00,8.670,0.000,0.000,0.000,2.900
2022-02-26 03:00:00,8.630,0.000,0.000,0.000,2.700
2022-02-26 04:00:00,8.450,0.000,0.000,0.000,2.600
2022-02-26 05:00:00,7.910,0.000,0.000,0.000,2.300
2022-02-26 06:00:00,7.170,0.000,0.000,0.000,1.800
2022-02-26 07:00:00,6.710,18.000,118.700,10.000,1.700
2022-02-26 08:00:00,5.990,119.000,408.100,48.000,2.800
2022-02-26 09:00:00,4.630,260.000,627.300,72.000,4.100
2022-02-26 10:00:00,4.160,361.000,662.800,98.000,5.800
2022-02-26 11:00:00,2.910,415.000,671.300,107.000,6.800
2022-02-26 12:00:00,2.330,395.000,635.700,89.000,7.500
2022-02-26 13:00:00,2.230,443.000,747.200,97.000,8.400
2022-02-26 14:00:00,1.930,343.000,624.500,90.000,8.600
2022-02-26 15:00:00,2.120,250.000,526.600,86.000,8.700
2022-02-26 16:00:00,2.350,142.000,477.400,52.000,8.100
2022-02-26 17:00:00,2.100,27.000,172.300,14.000,6.400
2022-02-26 18:00:00,2.370,0.000,0.000,0.000,4.300
2022-02-26 19:00:00,3.440,0.000,0.000,0.000,3.200
2022-02-26 20:00:00,4.610,0.000,0.000,0.000,2.300
2022-02-26 21:00:00,5.840,0.000,0.000,0.000,1.600
2022-02-26 22:00:00,6.190,0.000,0.000,0.000,1.500
2022-02-26 23:00:00,5.930,0.000,0.000,0.000,1.100
2022-02-27 00:00:00,5.950,0.000,0.000,0.000,0.200
2022-02-27 01:00:00,6.060,0.000,0.000,0.000,0.100
2022-02-27 02:00:00,6.220,0.000,0.000,0.000,-0.300
2022-02-27 03:00:00,5.850,0.000,0.000,0.000,-0.600
2022-02-27 04:00:00,5.810,0.000,0.000,0.000,-1.000
2022-02-27 05:00:00,5.880,0.000,0.000,0.000,-1.000
2022-02-27 06:00:00,6.130,0.000,0.000,0.000,-0.700
2022-02-27 07:00:00,6.050,22.000,142.100,12.000,-0.600
2022-02-27 08:00:00,5.480,131.000,450.400,50.000,1.100
2022-02-27 09:00:00,4.450,260.000,605.400,75.000,3.200
2022-02-27 10:00:00,4.700,363.000,705.200,79.000,4.600
2022-02-27 11:00:00,5.340,450.000,768.300,93.000,6.200
2022-02-27 12:00:00,6.050,473.000,767.800,99.000,7.300
2022-02-27 13:00:00,5.880,432.000,661.400,122.000,7.700
2022-02-27 14:00:00,5.540,363.000,604.100,115.000,7.800
2022-02-27 15:00:00,5.830,280.000,653.600,73.000,7.800
2022-02-27 16:00:00,5.980,149.000,501.100,52.000,7.400
2022-02-27 17:00:00,6.580,30.000,192.200,15.000,6.200
2022-02-27 18:00:00,7.420,0.000,0.000,0.000,4.600
2022-02-27 19:00:00,7.900,0.000,0.000,0.000,3.700
2022-02-27 20:00:00,7.790,0.000,0.000,0.000,2.800
2022-02-27 21:00:00,7.540,0.000,0.000,0.000,2.200
2022-02-27 22:00:00,7.670,0.000,0.000,0.000,1.700
2022-02-27 23:00:00,7.520,0.000,0.000,0.000,1.200
2022-02-28 00:00:00,7.430,0.000,0.000,0.000,0.900
2022-02-28 01:00:00,7.210,0.000,0.000,0.000,0.500
2022-02-28 02:00:00,6.760,0.000,0.000,0.000,0.100
2022-02-28 03:00:00,6.160,0.000,0.000,0.000,-0.500
2022-02-28 04:00:00,5.330,0.000,0.000,0.000,-1.200
2022-02-28 05:00:00,5.060,0.000,0.000,0.000,-1.400
2022-02-28 06:00:00,5.330,0.000,0.000,0.000,-1.500
2022-02-28 07:00:00,5.670,24.000,163.600,12.000,-1.400
2022-02-28 08:00:00,5.130,139.000,484.700,49.000,-0.000
2022-02-28 09:00:00,3.860,272.000,642.100,72.000,1.400
2022-02-28 10:00:00,4.070,382.000,731.800,83.000,2.900
2022-02-28 11:00:00,4.000,454.000,769.400,92.000,4.100
2022-02-28 12:00:00,4.230,480.000,785.200,93.000,5.300
2022-02-28 13:00:00,4.560,457.000,771.700,91.000,6.300
2022-02-28 14:00:00,5.100,387.000,728.400,84.000,6.700
2022-02-28 15:00:00,5.580,280.000,642.900,73.000,6.800
2022-02-28 16:00:00,6.690,150.000,493.300,52.000,6.200
2022-02-28 17:00:00,7.720,32.000,198.500,16.000,4.900
2022-02-28 18:00:00,7.710,0.000,0.000,0.000,3.300
2022-02-28 19:00:00,7.790,0.000,0.000,0.000,2.400
2022-02-28 20:00:00,8.280,0.000,0.000,0.000,2.100
2022-02-28 21:00:00,8.320,0.000,0.000,0.000,1.700
2022-02-28 22:00:00,7.800,0.000,0.000,0.000,1.100
2022-02-28 23:00:00,7.060,0.000,0.000,0.000,0.800
2022-03-01 00:00:00,6.560,0.000,0.000,0.000,0.400
2022-03-01 01:00:00,6.740,0.000,0.000,0.000,0.000
2022-03-01 02:00:00,6.420,0.000,0.000,0.000,-0.300
2022-03-01 03:00:00,5.910,0.000,0.000,0.000,-0.800
2022-03-01 04:00:00,5.940,0.000,0.000,0.000,-1.300
2022-03-01 05:00:00,5.930,0.000,0.000,0.000,-1.600
2022-03-01 06:00:00,5.920,0.000,0.000,0.000,-1.700
2022-03-01 07:00:00,6.080,28.000,183.400,14.000,-1.100
2022-03-01 08:00:00,6.200,144.000,469.900,54.000,0.700
2022-03-01 09:00:00,5.480,267.000,560.900,89.000,2.400
2022-03-01 10:00:00,3.980,370.000,605.600,119.000,4.200
2022-03-01 11:00:00,3.560,428.000,594.200,145.000,5.500
2022-03-01 12:00:00,3.310,451.000,603.700,150.000,6.600
2022-03-01 13:00:00,2.950,433.000,593.900,148.000,7.300
2022-03-01 14:00:00,2.300,353.000,503.100,141.000,7.700
2022-03-01 15:00:00,2.150,256.000,443.200,111.000,7.700
2022-03-01 16:00:00,3.330,136.000,319.100,71.000,7.000
2022-03-01 17:00:00,4.380,30.000,108.200,21.000,6.000
2022-03-01 18:00:00,4.790,0.000,0.000,0.000,4.600
2022-03-01 19:00:00,4.690,0.000,0.000,0.000,3.600
2022-03-01 20:00:00,4.310,0.000,0.000,0.000,2.900
2022-03-01 21:00:00,3.970,0.000,0.000,0.000,2.300
2022-03-01 22:00:00,3.360,0.000,0.000,0.000,1.400
2022-03-01 23:00:00,3.110,0.000,0.000,0.000,1.200
2022-03-02 00:00:00,2.560,0.000,0.000,0.000,0.900
2022-03-02 01:00:00,1.840,0.000,0.000,0.000,0.700
2022-03-02 02:00:00,1.200,0.000,0.000,0.000,0.300
2022-03-02 03:00:00,1.060,0.000,0.000,0.000,-0.400
2022-03-02 04:00:00,1.540,0.000,0.000,0.000,-0.400
2022-03-02 05:00:00,1.900,0.000,0.000,0.000,-0.400
2022-03-02 06:00:00,2.180,0.000,0.000,0.000,-0.600
2022-03-02 07:00:00,2.420,23.000,63.000,18.000,-0.600
2022-03-02 08:00:00,2.980,107.000,172.200,73.000,0.900
2022-03-02 09:00:00,2.000,242.000,411.400,109.000,3.000
2022-03-02 10:00:00,2.180,394.000,723.200,90.000,5.300
2022-03-02 11:00:00,1.850,470.000,782.000,93.000,7.100
2022-03-02 12:00:00,1.610,497.000,801.100,93.000,8.100
2022-03-02 13:00:00,2.170,474.000,789.000,91.000,8.800
2022-03-02 14:00:00,2.620,404.000,745.100,86.000,9.100
2022-03-02 15:00:00,2.690,295.000,664.900,74.000,9.100
2022-03-02 16:00:00,2.930,162.000,517.500,54.000,8.600
2022-03-02 17:00:00,3.950,38.000,233.400,18.000,6.800
2022-03-02 18:00:00,4.620,0.000,0.000,0.000,4.500
2022-03-02 19:00:00,5.000,0.000,0.000,0.000,3.200
2022-03-02 20:00:00,4.810,0.000,0.000,0.000,2.100
2022-03-02 21:00:00,4.740,0.000,0.000,0.000,1.100
2022-03-02 22:00:00,4.700,0.000,0.000,0.000,-0.400
2022-03-02 23:00:00,4.070,0.000,0.000,0.000,-1.300
2022-03-03 00:00:00,3.490,0.000,0.000,0.000,-1.200
2022-03-03 01:00:00,3.040,0.000,0.000,0.000,-1.600
2022-03-03 02:00:00,2.790,0.000,0.000,0.000,-1.800
2022-03-03 03:00:00,4.110,0.000,0.000,0.000,-2.100
2022-03-03 04:00:00,5.590,0.000,0.000,0.000,-2.200
2022-03-03 05:00:00,4.600,0.000,0.000,0.000,-2.700
2022-03-03 06:00:00,3.730,0.000,0.000,0.000,-3.500
2022-03-03 07:00:00,2.950,34.000,206.400,17.000,-2.500
2022-03-03 08:00:00,3.020,147.000,428.000,60.000,-0.600
2022-03-03 09:00:00,3.440,264.000,513.400,95.000,0.900
2022-03-03 10:00:00,2.860,366.000,577.100,120.000,2.600
2022-03-03 11:00:00,2.560,461.000,696.800,121.000,4.300
2022-03-03 12:00:00,2.960,508.000,802.000,99.000,5.500
2022-03-03 13:00:00,3.360,487.000,806.600,91.000,5.900
2022-03-03 14:00:00,3.940,417.000,768.200,85.000,6.000
2022-03-03 15:00:00,4.610,305.000,684.300,74.000,5.700
2022-03-03 16:00:00,5.260,169.000,524.100,57.000,4.900
2022-03-03 17:00:00,5.880,41.000,249.400,19.000,3.900
2022-03-03 18:00:00,6.220,0.000,0.000,0.000,2.400
2022-03-03 19:00:00,6.280,0.000,0.000,0.000,1.700
2022-03-03 20:00:00,6.210,0.000,0.000,0.000,1.300
2022-03-03 21:00:00,5.760,0.000,0.000,0.000,1.000
2022-03-03 22:00:00,4.610,0.000,0.000,0.000,0.200
2022-03-03 23:00:00,4.170,0.000,0.000,0.000,-0.100
2022-03-04 00:00:00,4.170,0.000,0.000,0.000,-0.400
2022-03-04 01:00:00,4.050,0.000,0.000,0.000,-0.800
2022-03-04 02:00:00,3.830,0.000,0.000,0.000,-0.900
2022-03-04 03:00:00,3.510,0.000,0.000,0.000,-1.100
2022-03-04 04:00:00,3.400,0.000,0.000,0.000,-1.300
2022-03-04 05:00:00,3.500,0.000,0.000,0.000,-1.700
2022-03-04 06:00:00,3.830,0.000,0.000,0.000,-1.800
2022-03-04 07:00:00,3.970,27.000,105.400,18.000,-0.800
2022-03-04 08:00:00,3.700,104.000,181.700,66.000,-0.200
2022-03-04 09:00:00,3.660,191.000,214.900,119.000,0.100
2022-03-04 10:00:00,4.180,268.000,166.600,196.000,0.600
2022-03-04 11:00:00,4.170,229.000,60.800,199.000,1.000
2022-03-04 12:00:00,4.520,306.000,153.200,227.000,1.900
2022-03-04 13:00:00,4.700,316.000,257.800,188.000,2.500
2022-03-04 14:00:00,4.500,335.000,381.700,168.000,3.300
2022-03-04 15:00:00,4.360,200.000,166.300,143.000,3.500
2022-03-04 16:00:00,4.100,113.000,128.000,85.000,3.300
2022-03-04 17:00:00,3.770,27.000,44.100,23.000,3.100
2022-03-04 18:00:00,3.510,0.000,0.000,0.000,2.700
2022-03-04 19:00:00,3.500,0.000,0.000,0.000,2.400
2022-03-04 20:00:00,3.600,0.000,0.000,0.000,2.100
2022-03-04 21:00:00,3.620,0.000,0.000,0.000,1.600
2022-03-04 22:00:00,3.760,0.000,0.000,0.000,0.200
2022-03-04 23:00:00,4.140,0.000,0.000,0.000,-0.400
2022-03-05 00:00:00,4.570,0.000,0.000,0.000,-0.700
2022-03-05 01:00:00,5.190,0.000,0.000,0.000,-1.300
2022-03-05 02:00:00,5.310,0.000,0.000,0.000,-1.400
2022-03-05 03:00:00,5.050,0.000,0.000,0.000,-1.600
2022-03-05 04:00:00,5.040,0.000,0.000,0.000,-1.700
2022-03-05 05:00:00,5.330,0.000,0.000,0.000,-1.900
2022-03-05 06:00:00,5.460,0.000,0.000,0.000,-2.300
2022-03-05 07:00:00,5.410,36.000,203.600,18.000,-1.600
2022-03-05 08:00:00,4.670,136.000,362.700,58.000,0.500
2022-03-05 09:00:00,4.750,259.000,486.800,93.000,2.300
2022-03-05 10:00:00,4.800,341.000,518.300,114.000,3.500
2022-03-05 11:00:00,4.820,420.000,552.600,144.000,4.600
2022-03-05 12:00:00,4.160,425.000,435.400,198.000,5.000
2022-03-05 13:00:00,3.720,413.000,480.100,172.000,5.600
2022-03-05 14:00:00,3.660,339.000,390.700,166.000,5.700
2022-03-05 15:00:00,3.490,205.000,166.700,147.000,5.600
2022-03-05 16:00:00,4.160,101.000,84.900,82.000,5.100
2022-03-05 17:00:00,5.110,28.000,75.000,21.000,4.200
2022-03-05 18:00:00,5.400,0.000,0.000,0.000,2.900
2022-03-05 19:00:00,5.500,0.000,0.000,0.000,2.500
2022-03-05 20:00:00,5.350,0.000,0.000,0.000,1.800
2022-03-05 21:00:00,5.400,0.000,0.000,0.000,1.400
2022-03-05 22:00:00,4.770,0.000,0.000,0.000,1.300
2022-03-05 23:00:00,5.060,0.000,0.000,0.000,0.800
2022-03-06 00:00:00,5.130,0.000,0.000,0.000,0.600
2022-03-06 01:00:00,4.920,0.000,0.000,0.000,0.500
2022-03-06 02:00:00,4.720,0.000,0.000,0.000,0.400
2022-03-06 03:00:00,4.530,0.000,0.000,0.000,0.100
2022-03-06 04:00:00,4.360,0.000,0.000,0.000,-0.100
2022-03-06 05:00:00,4.340,0.000,0.000,0.000,-0.400
2022-03-06 06:00:00,4.370,0.000,0.000,0.000,-0.400
2022-03-06 07:00:00,4.250,27.000,98.400,18.000,-0.600
2022-03-06 08:00:00,3.440,102.000,176.400,63.000,0.200
2022-03-06 09:00:00,3.370,192.000,213.300,118.000,1.100
2022-03-06 10:00:00,3.540,265.000,297.400,133.000,1.600
2022-03-06 11:00:00,3.660,318.000,261.200,186.000,2.000
2022-03-06 12:00:00,4.260,273.000,117.600,211.000,2.200
2022-03-06 13:00:00,4.590,213.000,53.200,186.000,2.200
2022-03-06 14:00:00,4.470,182.000,49.100,160.000,2.500
2022-03-06 15:00:00,4.330,130.000,19.800,123.000,2.500
2022-03-06 16:00:00,4.370,82.000,17.500,78.000,2.500
2022-03-06 17:00:00,2.830,22.000,20.900,20.000,2.200
2022-03-06 18:00:00,2.270,0.000,0.000,0.000,1.100
2022-03-06 19:00:00,1.780,0.000,0.000,0.000,0.600
2022-03-06 20:00:00,1.030,0.000,0.000,0.000,0.400
2022-03-06 21:00:00,0.490,0.000,0.000,0.000,-0.600
2022-03-06 22:00:00,1.000,0.000,0.000,0.000,-0.500
2022-03-06 23:00:00,1.680,0.000,0.000,0.000,-0.800
2022-03-07 00:00:00,2.000,0.000,0.000,0.000,-1.000
2022-03-07 01:00:00,2.660,0.000,0.000,0.000,-0.500
2022-03-07 02:00:00,3.320,0.000,0.000,0.000,-0.600
2022-03-07 03:00:00,3.230,0.000,0.000,0.000,-0.700
2022-03-07 04:00:00,3.210,0.000,0.000,0.000,-1.200
2022-03-07 05:00:00,3.580,0.000,0.000,0.000,-1.500
2022-03-07 06:00:00,3.430,0.000,0.000,0.000,-2.000
2022-03-07 07:00:00,2.650,43.000,222.100,22.000,-1.400
2022-03-07 08:00:00,1.480,153.000,378.700,67.000,0.500
2022-03-07 09:00:00,0.830,297.000,609.100,82.000,2.300
2022-03-07 10:00:00,1.250,405.000,709.100,86.000,3.100
2022-03-07 11:00:00,1.120,498.000,784.400,97.000,4.700
2022-03-07 12:00:00,1.100,505.000,730.200,116.000,5.900
2022-03-07 13:00:00,1.330,488.000,752.300,102.000,6.800
2022-03-07 14:00:00,1.330,422.000,703.300,103.000,7.400
2022-03-07 15:00:00,1.470,310.000,625.200,86.000,7.800
2022-03-07 16:00:00,1.970,185.000,539.200,59.000,7.700
2022-03-07 17:00:00,2.100,54.000,294.900,25.000,7.400
2022-03-07 18:00:00,2.730,0.000,0.000,0.000,5.800
2022-03-07 19:00:00,3.320,0.000,0.000,0.000,3.100
2022-03-07 20:00:00,3.400,0.000,0.000,0.000,1.100
2022-03-07 21:00:00,4.060,0.000,0.000,0.000,0.600
2022-03-07 22:00:00,4.910,0.000,0.000,0.000,-0.600
2022-03-07 23:00:00,4.720,0.000,0.000,0.000,-1.300
2022-03-08 00:00:00,4.760,0.000,0.000,0.000,-1.700
2022-03-08 01:00:00,4.410,0.000,0.000,0.000,-2.300
2022-03-08 02:00:00,4.100,0.000,0.000,0.000,-2.600
2022-03-08 03:00:00,3.860,0.000,0.000,0.000,-3.100
2022-03-08 04:00:00,4.060,0.000,0.000,0.000,-3.100
2022-03-08 05:00:00,4.260,0.000,0.000,0.000,-3.300
2022-03-08 06:00:00,4.580,0.000,0.000,0.000,-3.200
2022-03-08 07:00:00,4.540,52.000,286.600,24.000,-1.800
2022-03-08 08:00:00,3.830,183.000,527.400,60.000,1.100
2022-03-08 09:00:00,2.600,320.000,671.200,79.000,3.800
2022-03-08 10:00:00,3.160,433.000,750.200,91.000,6.400
2022-03-08 11:00:00,3.980,506.000,791.000,97.000,7.900
2022-03-08 12:00:00,5.080,532.000,804.100,99.000,9.000
2022-03-08 13:00:00,5.400,508.000,792.500,97.000,9.500
2022-03-08 14:00:00,5.020,437.000,753.900,91.000,9.800
2022-03-08 15:00:00,4.670,327.000,682.400,79.000,9.800
2022-03-08 16:00:00,5.160,191.000,548.900,60.000,9.300
2022-03-08 17:00:00,6.740,58.000,317.300,26.000,8.200
2022-03-08 18:00:00,7.740,0.000,0.000,0.000,6.000
2022-03-08 19:00:00,7.760,0.000,0.000,0.000,4.600
2022-03-08 20:00:00,7.140,0.000,0.000,0.000,3.500
2022-03-08 21:00:00,6.510,0.000,0.000,0.000,2.700
2022-03-08 22:00:00,6.790,0.000,0.000,0.000,1.400
2022-03-08 23:00:00,6.510,0.000,0.000,0.000,0.900
2022-03-09 00:00:00,5.790,0.000,0.000,0.000,-0.100
2022-03-09 01:00:00,4.830,0.000,0.000,0.000,-0.800
2022-03-09 02:00:00,4.300,0.000,0.000,0.000,-1.500
2022-03-09 03:00:00,3.870,0.000,0.000,0.000,-2.200
2022-03-09 04:00:00,3.600,0.000,0.000,0.000,-2.500
2022-03-09 05:00:00,3.810,0.000,0.000,0.000,-2.700
2022-03-09 06:00:00,4.110,0.000,0.000,0.000,-2.800
2022-03-09 07:00:00,4.170,58.000,317.300,26.000,-0.700
2022-03-09 08:00:00,3.550,193.000,555.700,60.000,2.400
2022-03-09 09:00:00,2.220,332.000,690.100,80.000,5.500
2022-03-09 10:00:00,1.580,445.000,766.400,91.000,8.400
2022-03-09 11:00:00,1.730,518.000,803.100,98.000,10.200
2022-03-09 12:00:00,2.340,544.000,815.900,100.000,11.200
2022-03-09 13:00:00,3.040,519.000,803.100,98.000,12.000
2022-03-09 14:00:00,3.420,447.000,764.600,92.000,12.400
2022-03-09 15:00:00,3.740,334.000,689.100,80.000,12.600
2022-03-09 16:00:00,4.760,196.000,554.000,61.000,12.400
2022-03-09 17:00:00,6.500,62.000,328.900,28.000,11.000
2022-03-09 18:00:00,7.090,1.000,0.000,1.000,8.600
2022-03-09 19:00:00,7.020,0.000,0.000,0.000,6.600
2022-03-09 20:00:00,6.970,0.000,0.000,0.000,5.000
2022-03-09 21:00:00,6.760,0.000,0.000,0.000,4.000
2022-03-09 22:00:00,7.040,0.000,0.000,0.000,3.400
2022-03-09 23:00:00,6.820,0.000,0.000,0.000,2.500
2022-03-10 00:00:00,6.650,0.000,0.000,0.000,1.800
2022-03-10 01:00:00,6.480,0.000,0.000,0.000,1.200
2022-03-10 02:00:00,6.490,0.000,0.000,0.000,0.700
2022-03-10 03:00:00,6.750,0.000,0.000,0.000,0.500
2022-03-10 04:00:00,7.210,0.000,0.000,0.000,0.400
2022-03-10 05:00:00,7.210,0.000,0.000,0.000,0.100
2022-03-10 06:00:00,6.930,1.000,0.000,1.000,0.300
2022-03-10 07:00:00,6.900,63.000,336.500,28.000,1.700
2022-03-10 08:00:00,6.670,200.000,562.100,62.000,4.500
2022-03-10 09:00:00,5.050,341.000,700.200,81.000,6.800
2022-03-10 10:00:00,4.870,455.000,773.600,93.000,9.500
2022-03-10 11:00:00,5.380,528.000,809.200,100.000,11.200
2022-03-10 12:00:00,5.820,553.000,821.900,101.000,12.200
2022-03-10 13:00:00,6.220,528.000,811.700,98.000,12.700
2022-03-10 14:00:00,6.780,454.000,768.700,93.000,12.900
2022-03-10 15:00:00,7.310,340.000,687.600,83.000,12.600
2022-03-10 16:00:00,8.110,202.000,563.000,62.000,11.800
2022-03-10 17:00:00,9.010,65.000,340.000,29.000,10.400
2022-03-10 18:00:00,9.470,1.000,0.000,1.000,8.700
2022-03-10 19:00:00,9.750,0.000,0.000,0.000,7.600
2022-03-10 20:00:00,9.710,0.000,0.000,0.000,6.400
2022-03-10 21:00:00,9.660,0.000,0.000,0.000,5.600
2022-03-10 22:00:00,9.480,0.000,0.000,0.000,4.600
2022-03-10 23:00:00,9.290,0.000,0.000,0.000,3.900
2022-03-11 00:00:00,9.070,0.000,0.000,0.000,3.100
2022-03-11 01:00:00,9.090,0.000,0.000,0.000,2.300
2022-03-11 02:00:00,9.170,0.000,0.000,0.000,1.600
2022-03-11 03:00:00,8.970,0.000,0.000,0.000,0.900
2022-03-11 04:00:00,8.950,0.000,0.000,0.000,0.400
2022-03-11 05:00:00,9.060,0.000,0.000,0.000,0.100
2022-03-11 06:00:00,9.280,1.000,0.000,1.000,-0.300
2022-03-11 07:00:00,9.260,70.000,363.800,31.000,0.500
2022-03-11 08:00:00,8.630,213.000,591.900,64.000,1.800
2022-03-11 09:00:00,8.730,357.000,728.500,82.000,3.300
2022-03-11 10:00:00,8.790,474.000,801.700,94.000,5.300
2022-03-11 11:00:00,9.400,548.000,835.800,101.000,6.800
2022-03-11 12:00:00,9.830,572.000,845.800,102.000,8.200
2022-03-11 13:00:00,10.140,545.000,831.300,100.000,9.100
2022-03-11 14:00:00,10.290,470.000,791.600,94.000,9.700
2022-03-11 15:00:00,10.320,354.000,717.800,82.000,9.700
2022-03-11 16:00:00,10.610,212.000,583.500,64.000,9.300
2022-03-11 17:00:00,11.070,71.000,369.000,31.000,8.200
2022-03-11 18:00:00,11.210,1.000,0.000,1.000,7.100
2022-03-11 19:00:00,10.870,0.000,0.000,0.000,6.300
2022-03-11 20:00:00,10.240,0.000,0.000,0.000,5.700
2022-03-11 21:00:00,10.080,0.000,0.000,0.000,5.100
2022-03-11 22:00:00,10.310,0.000,0.000,0.000,4.100
2022-03-11 23:00:00,10.240,0.000,0.000,0.000,3.400
2022-03-12 00:00:00,10.100,0.000,0.000,0.000,2.700
2022-03-12 01:00:00,9.640,0.000,0.000,0.000,2.300
2022-03-12 02:00:00,9.460,0.000,0.000,0.000,1.700
2022-03-12 03:00:00,9.240,0.000,0.000,0.000,1.300
2022-03-12 04:00:00,8.910,0.000,0.000,0.000,0.900
2022-03-12 05:00:00,8.250,0.000,0.000,0.000,0.600
2022-03-12 06:00:00,7.730,2.000,0.000,2.000,0.400
2022-03-12 07:00:00,7.300,68.000,250.900,40.000,1.400
2022-03-12 08:00:00,6.920,181.000,306.300,102.000,3.100
2022-03-12 09:00:00,5.660,285.000,406.600,129.000,5.300
2022-03-12 10:00:00,4.840,426.000,581.200,147.000,7.300
2022-03-12 11:00:00,5.890,515.000,747.200,111.000,9.300
2022-03-12 12:00:00,5.960,553.000,785.500,112.000,10.900
2022-03-12 13:00:00,5.130,516.000,748.900,111.000,11.900
2022-03-12 14:00:00,5.030,456.000,743.300,99.000,12.500
2022-03-12 15:00:00,5.060,346.000,684.800,83.000,12.400
2022-03-12 16:00:00,5.390,208.000,553.000,65.000,11.800
2022-03-12 17:00:00,7.230,72.000,346.500,33.000,10.300
2022-03-12 18:00:00,7.350,2.000,0.000,2.000,8.200
2022-03-12 19:00:00,7.110,0.000,0.000,0.000,6.900
2022-03-12 20:00:00,7.590,0.000,0.000,0.000,6.100
2022-03-12 21:00:00,8.090,0.000,0.000,0.000,5.100
2022-03-12 22:00:00,8.130,0.000,0.000,0.000,4.500
2022-03-12 23:00:00,7.910,0.000,0.000,0.000,3.800
2022-03-13 00:00:00,7.240,0.000,0.000,0.000,2.600
2022-03-13 01:00:00,7.050,0.000,0.000,0.000,1.900
2022-03-13 02:00:00,6.820,0.000,0.000,0.000,1.200
2022-03-13 03:00:00,6.430,0.000,0.000,0.000,0.800
2022-03-13 04:00:00,6.600,0.000,0.000,0.000,0.200
2022-03-13 05:00:00,6.910,0.000,0.000,0.000,-0.400
2022-03-13 06:00:00,7.190,2.000,0.000,2.000,-0.500
2022-03-13 07:00:00,6.920,79.000,381.800,34.000,0.900
2022-03-13 08:00:00,5.860,223.000,594.200,66.000,3.300
2022-03-13 09:00:00,5.080,366.000,720.900,85.000,5.700
2022-03-13 10:00:00,5.170,481.000,794.000,95.000,8.100
2022-03-13 11:00:00,5.620,555.000,830.600,101.000,10.300
2022-03-13 12:00:00,5.600,579.000,839.300,103.000,11.800
2022-03-13 13:00:00,5.590,553.000,829.200,100.000,12.900
2022-03-13 14:00:00,6.020,479.000,790.700,95.000,13.400
2022-03-13 15:00:00,6.220,362.000,711.800,85.000,13.300
2022-03-13 16:00:00,7.400,219.000,584.300,65.000,12.700
2022-03-13 17:00:00,8.650,77.000,366.300,34.000,11.300
2022-03-13 18:00:00,8.660,2.000,0.000,2.000,9.400
2022-03-13 19:00:00,8.540,0.000,0.000,0.000,8.300
2022-03-13 20:00:00,8.380,0.000,0.000,0.000,7.500
2022-03-13 21:00:00,7.890,0.000,0.000,0.000,6.800
2022-03-13 22:00:00,7.640,0.000,0.000,0.000,5.900
2022-03-13 23:00:00,7.680,0.000,0.000,0.000,5.500
2022-03-14 00:00:00,6.830,0.000,0.000,0.000,4.800
2022-03-14 01:00:00,5.730,0.000,0.000,0.000,3.900
2022-03-14 02:00:00,5.240,0.000,0.000,0.000,2.800
2022-03-14 03:00:00,5.210,0.000,0.000,0.000,2.000
2022-03-14 04:00:00,5.010,0.000,0.000,0.000,1.200
2022-03-14 05:00:00,4.350,0.000,0.000,0.000,0.500
2022-03-14 06:00:00,4.740,3.000,0.000,3.000,0.600
2022-03-14 07:00:00,5.360,52.000,80.600,42.000,2.500
2022-03-14 08:00:00,5.640,153.000,225.500,92.000,4.900
2022-03-14 09:00:00,4.720,267.000,292.900,151.000,7.100
2022-03-14 10:00:00,4.280,283.000,178.800,195.000,9.600
2022-03-14 11:00:00,5.960,204.000,45.200,179.000,9.600
2022-03-14 12:00:00,6.430,142.000,10.500,136.000,9.300
2022-03-14 13:00:00,5.400,90.000,1.800,89.000,8.800
2022-03-14 14:00:00,4.620,72.000,0.000,72.000,8.800
2022-03-14 15:00:00,5.170,53.000,0.000,53.000,8.700
2022-03-14 16:00:00,5.840,51.000,11.200,48.000,8.700
2022-03-14 17:00:00,5.550,28.000,24.500,25.000,8.800
2022-03-14 18:00:00,5.690,1.000,0.000,1.000,8.000
2022-03-14 19:00:00,6.090,0.000,0.000,0.000,7.500
2022-03-14 20:00:00,6.200,0.000,0.000,0.000,7.200
2022-03-14 21:00:00,6.780,0.000,0.000,0.000,6.700
2022-03-14 22:00:00,5.930,0.000,0.000,0.000,6.400
2022-03-14 23:00:00,5.120,0.000,0.000,0.000,5.500
2022-03-15 00:00:00,4.980,0.000,0.000,0.000,4.900
2022-03-15 01:00:00,4.720,0.000,0.000,0.000,3.200
2022-03-15 02:00:00,4.550,0.000,0.000,0.000,3.500
2022-03-15 03:00:00,3.620,0.000,0.000,0.000,2.700
2022-03-15 04:00:00,2.880,0.000,0.000,0.000,2.500
2022-03-15 05:00:00,3.070,0.000,0.000,0.000,2.600
2022-03-15 06:00:00,3.390,3.000,0.000,3.000,2.400
2022-03-15 07:00:00,3.940,56.000,38.300,51.000,3.200
2022-03-15 08:00:00,3.140,135.000,54.200,120.000,4.300
2022-03-15 09:00:00,2.060,198.000,39.800,182.000,5.800
2022-03-15 10:00:00,2.040,251.000,64.200,219.000,7.900
2022-03-15 11:00:00,1.950,278.000,48.400,251.000,9.200
2022-03-15 12:00:00,1.980,336.000,121.000,266.000,10.500
2022-03-15 13:00:00,2.330,269.000,59.200,236.000,11.000
2022-03-15 14:00:00,2.550,183.000,18.100,174.000,11.200
2022-03-15 15:00:00,2.460,143.000,7.500,140.000,11.200
2022-03-15 16:00:00,2.440,77.000,3.700,76.000,10.800
2022-03-15 17:00:00,3.210,37.000,0.000,37.000,9.900
2022-03-15 18:00:00,3.760,2.000,0.000,2.000,8.900
2022-03-15 19:00:00,3.780,0.000,0.000,0.000,8.200
2022-03-15 20:00:00,4.470,0.000,0.000,0.000,7.000
2022-03-15 21:00:00,4.690,0.000,0.000,0.000,5.800
2022-03-15 22:00:00,4.400,0.000,0.000,0.000,4.500
2022-03-15 23:00:00,3.060,0.000,0.000,0.000,4.000
2022-03-16 00:00:00,1.640,0.000,0.000,0.000,4.300
2022-03-16 01:00:00,1.170,0.000,0.000,0.000,3.600
2022-03-16 02:00:00,1.120,0.000,0.000,0.000,2.900
2022-03-16 03:00:00,2.550,0.000,0.000,0.000,2.800
2022-03-16 04:00:00,5.200,0.000,0.000,0.000,2.000
2022-03-16 05:00:00,5.840,0.000,0.000,0.000,1.400
2022-03-16 06:00:00,5.170,5.000,19.100,4.000,1.200
2022-03-16 07:00:00,4.220,86.000,329.100,41.000,2.600
2022-03-16 08:00:00,2.990,214.000,463.000,83.000,4.700
2022-03-16 09:00:00,2.400,319.000,443.300,138.000,7.000
2022-03-16 10:00:00,3.290,438.000,575.100,148.000,9.300
2022-03-16 11:00:00,4.010,479.000,538.800,175.000,10.800
2022-03-16 12:00:00,4.990,433.000,306.400,254.000,11.500
2022-03-16 13:00:00,5.280,405.000,271.900,252.000,12.100
2022-03-16 14:00:00,5.370,384.000,408.800,179.000,12.600
2022-03-16 15:00:00,5.900,320.000,472.300,129.000,12.800
2022-03-16 16:00:00,6.110,211.000,467.100,81.000,12.200
2022-03-16 17:00:00,7.420,83.000,349.000,37.000,11.100
2022-03-16 18:00:00,9.220,4.000,19.100,3.000,9.700
2022-03-16 19:00:00,8.300,0.000,0.000,0.000,9.000
2022-03-16 20:00:00,7.960,0.000,0.000,0.000,8.300
2022-03-16 21:00:00,9.510,0.000,0.000,0.000,8.000
2022-03-16 22:00:00,9.790,0.000,0.000,0.000,8.000
2022-03-16 23:00:00,9.930,0.000,0.000,0.000,7.800
2022-03-17 00:00:00,9.150,0.000,0.000,0.000,7.600
2022-03-17 01:00:00,8.630,0.000,0.000,0.000,7.400
2022-03-17 02:00:00,8.470,0.000,0.000,0.000,7.300
2022-03-17 03:00:00,9.070,0.000,0.000,0.000,7.100
2022-03-17 04:00:00,8.740,0.000,0.000,0.000,7.100
2022-03-17 05:00:00,8.920,0.000,0.000,0.000,7.300
2022-03-17 06:00:00,8.850,2.000,0.000,2.000,7.800
2022-03-17 07:00:00,8.010,55.000,62.900,46.000,8.200
2022-03-17 08:00:00,6.580,138.000,89.900,112.000,8.700
2022-03-17 09:00:00,5.930,169.000,127.900,116.000,9.100
2022-03-17 10:00:00,6.180,128.000,72.500,91.000,9.300
2022-03-17 11:00:00,6.660,60.000,12.300,53.000,8.400
2022-03-17 12:00:00,7.030,52.000,0.000,52.000,8.100
2022-03-17 13:00:00,6.570,71.000,7.000,67.000,8.000
2022-03-17 14:00:00,6.300,140.000,23.700,128.000,8.200
2022-03-17 15:00:00,5.570,79.000,9.800,75.000,8.100
2022-03-17 16:00:00,4.360,73.000,45.900,60.000,8.100
2022-03-17 17:00:00,3.550,50.000,139.100,31.000,7.700
2022-03-17 18:00:00,3.330,4.000,19.100,3.000,5.600
2022-03-17 19:00:00,4.150,0.000,0.000,0.000,4.000
2022-03-17 20:00:00,4.900,0.000,0.000,0.000,3.300
2022-03-17 21:00:00,5.010,0.000,0.000,0.000,2.100
2022-03-17 22:00:00,4.580,0.000,0.000,0.000,1.100
2022-03-17 23:00:00,4.000,0.000,0.000,0.000,0.500
2022-03-18 00:00:00,3.370,0.000,0.000,0.000,0.100
2022-03-18 01:00:00,2.700,0.000,0.000,0.000,0.700
2022-03-18 02:00:00,2.800,0.000,0.000,0.000,0.800
2022-03-18 03:00:00,2.800,0.000,0.000,0.000,-0.400
2022-03-18 04:00:00,2.100,0.000,0.000,0.000,-0.900
2022-03-18 05:00:00,1.150,0.000,0.000,0.000,0.200
2022-03-18 06:00:00,0.430,8.000,38.200,6.000,-0.100
2022-03-18 07:00:00,0.070,101.000,395.200,42.000,-0.100
2022-03-18 08:00:00,0.350,241.000,572.100,72.000,3.100
2022-03-18 09:00:00,0.070,364.000,642.000,94.000,5.900
2022-03-18 10:00:00,0.350,457.000,660.600,116.000,8.000
2022-03-18 11:00:00,0.810,516.000,663.500,134.000,9.500
2022-03-18 12:00:00,1.510,534.000,663.500,139.000,10.900
2022-03-18 13:00:00,1.970,492.000,599.800,148.000,11.800
2022-03-18 14:00:00,3.160,462.000,685.800,111.000,12.700
2022-03-18 15:00:00,4.380,363.000,651.500,93.000,13.100
2022-03-18 16:00:00,4.120,152.000,211.800,91.000,12.700
2022-03-18 17:00:00,4.790,44.000,35.400,39.000,12.200
2022-03-18 18:00:00,5.650,4.000,0.000,4.000,10.500
2022-03-18 19:00:00,6.160,0.000,0.000,0.000,8.900
2022-03-18 20:00:00,6.460,0.000,0.000,0.000,8.000
2022-03-18 21:00:00,6.990,0.000,0.000,0.000,6.900
2022-03-18 22:00:00,7.240,0.000,0.000,0.000,5.900
2022-03-18 23:00:00,6.960,0.000,0.000,0.000,4.800
2022-03-19 00:00:00,6.620,0.000,0.000,0.000,4.200
2022-03-19 01:00:00,6.600,0.000,0.000,0.000,3.200
2022-03-19 02:00:00,7.310,0.000,0.000,0.000,2.900
2022-03-19 03:00:00,7.240,0.000,0.000,0.000,2.500
2022-03-19 04:00:00,6.970,0.000,0.000,0.000,2.300
2022-03-19 05:00:00,6.350,0.000,0.000,0.000,1.600
2022-03-19 06:00:00,6.410,9.000,54.700,6.000,1.000
2022-03-19 07:00:00,6.310,107.000,411.500,43.000,2.600
2022-03-19 08:00:00,5.120,254.000,603.400,72.000,4.800
2022-03-19 09:00:00,5.330,395.000,717.300,89.000,6.500
2022-03-19 10:00:00,5.210,499.000,737.400,114.000,8.300
2022-03-19 11:00:00,5.880,575.000,803.100,108.000,9.700
2022-03-19 12:00:00,7.980,598.000,813.800,109.000,10.400
2022-03-19 13:00:00,8.800,531.000,694.500,129.000,10.500
2022-03-19 14:00:00,9.190,411.000,526.200,139.000,10.700
2022-03-19 15:00:00,9.230,307.000,419.700,131.000,10.800
2022-03-19 16:00:00,9.090,154.000,235.600,85.000,10.400
2022-03-19 17:00:00,8.840,85.000,260.100,47.000,9.600
2022-03-19 18:00:00,9.110,5.000,19.100,4.000,8.500
2022-03-19 19:00:00,9.280,0.000,0.000,0.000,7.800
2022-03-19 20:00:00,9.210,0.000,0.000,0.000,6.800
2022-03-19 21:00:00,9.090,0.000,0.000,0.000,6.100
2022-03-19 22:00:00,9.760,0.000,0.000,0.000,5.400
2022-03-19 23:00:00,9.350,0.000,0.000,0.000,4.700
2022-03-20 00:00:00,9.410,0.000,0.000,0.000,4.000
2022-03-20 01:00:00,9.610,0.000,0.000,0.000,3.500
2022-03-20 02:00:00,9.610,0.000,0.000,0.000,3.100
2022-03-20 03:00:00,9.650,0.000,0.000,0.000,2.600
2022-03-20 04:00:00,9.700,0.000,0.000,0.000,2.300
2022-03-20 05:00:00,9.730,0.000,0.000,0.000,2.000
2022-03-20 06:00:00,10.120,11.000,69.000,7.000,2.000
2022-03-20 07:00:00,10.550,114.000,426.500,45.000,3.100
2022-03-20 08:00:00,9.900,263.000,617.400,73.000,4.800
2022-03-20 09:00:00,10.000,405.000,728.100,90.000,6.700
2022-03-20 10:00:00,10.120,519.000,793.600,100.000,8.800
2022-03-20 11:00:00,10.620,590.000,824.300,106.000,10.300
2022-03-20 12:00:00,10.940,612.000,832.900,107.000,11.500
2022-03-20 13:00:00,11.270,582.000,816.600,105.000,12.400
2022-03-20 14:00:00,11.200,506.000,779.700,99.000,12.900
2022-03-20 15:00:00,10.680,389.000,711.700,87.000,13.200
2022-03-20 16:00:00,10.350,248.000,597.900,70.000,12.900
2022-03-20 17:00:00,10.920,102.000,397.800,42.000,12.000
2022-03-20 18:00:00,10.710,8.000,57.100,5.000,10.800
2022-03-20 19:00:00,10.360,0.000,0.000,0.000,9.800
2022-03-20 20:00:00,10.080,0.000,0.000,0.000,9.200
2022-03-20 21:00:00,9.770,0.000,0.000,0.000,8.600
2022-03-20 22:00:00,9.440,0.000,0.000,0.000,8.000
2022-03-20 23:00:00,9.020,0.000,0.000,0.000,7.100
2022-03-21 00:00:00,8.380,0.000,0.000,0.000,6.400
2022-03-21 01:00:00,7.990,0.000,0.000,0.000,5.800
2022-03-21 02:00:00,7.610,0.000,0.000,0.000,4.900
2022-03-21 03:00:00,7.130,0.000,0.000,0.000,3.900
2022-03-21 04:00:00,6.230,0.000,0.000,0.000,3.200
2022-03-21 05:00:00,5.940,0.000,0.000,0.000,2.700
2022-03-21 06:00:00,6.060,12.000,81.800,7.000,2.600
2022-03-21 07:00:00,6.040,111.000,375.100,48.000,4.000
2022-03-21 08:00:00,4.780,260.000,583.000,77.000,6.000
2022-03-21 09:00:00,4.510,404.000,715.900,90.000,8.000
2022-03-21 10:00:00,4.000,513.000,771.900,101.000,10.400
2022-03-21 11:00:00,4.270,586.000,811.400,105.000,12.200
2022-03-21 12:00:00,4.470,608.000,817.300,108.000,13.500
2022-03-21 13:00:00,4.610,578.000,800.900,106.000,14.500
2022-03-21 14:00:00,5.030,503.000,766.500,99.000,15.100
2022-03-21 15:00:00,5.070,389.000,701.300,88.000,15.300
2022-03-21 16:00:00,4.980,250.000,591.800,71.000,14.800
2022-03-21 17:00:00,5.840,102.000,360.100,46.000,13.600
2022-03-21 18:00:00,6.530,9.000,54.700,6.000,11.600
2022-03-21 19:00:00,6.780,0.000,0.000,0.000,9.700
2022-03-21 20:00:00,6.650,0.000,0.000,0.000,8.800
2022-03-21 21:00:00,6.180,0.000,0.000,0.000,7.800
2022-03-21 22:00:00,6.050,0.000,0.000,0.000,6.400
2022-03-21 23:00:00,5.420,0.000,0.000,0.000,5.200
2022-03-22 00:00:00,5.010,0.000,0.000,0.000,4.300
2022-03-22 01:00:00,4.590,0.000,0.000,0.000,3.500
2022-03-22 02:00:00,4.380,0.000,0.000,0.000,3.100
2022-03-22 03:00:00,4.210,0.000,0.000,0.000,2.400
2022-03-22 04:00:00,4.140,0.000,0.000,0.000,1.900
2022-03-22 05:00:00,4.100,0.000,0.000,0.000,1.400
2022-03-22 06:00:00,3.940,14.000,77.900,9.000,1.500
2022-03-22 07:00:00,3.460,123.000,430.700,48.000,4.000
2022-03-22 08:00:00,2.250,272.000,618.900,74.000,7.500
2022-03-22 09:00:00,1.030,415.000,731.000,90.000,10.400
2022-03-22 10:00:00,1.460,528.000,795.100,99.000,13.600
2022-03-22 11:00:00,1.950,598.000,825.500,104.000,15.500
2022-03-22 12:00:00,2.190,620.000,829.600,108.000,16.600
2022-03-22 13:00:00,2.170,594.000,820.800,106.000,17.400
2022-03-22 14:00:00,2.360,519.000,789.400,99.000,17.800
2022-03-22 15:00:00,2.770,404.000,728.000,88.000,17.600
2022-03-22 16:00:00,3.510,261.000,615.200,72.000,17.200
2022-03-22 17:00:00,4.840,112.000,424.500,44.000,16.200
2022-03-22 18:00:00,5.610,11.000,69.900,7.000,13.200
2022-03-22 19:00:00,5.780,0.000,0.000,0.000,10.600
2022-03-22 20:00:00,5.520,0.000,0.000,0.000,9.000
2022-03-22 21:00:00,5.090,0.000,0.000,0.000,7.100
2022-03-22 22:00:00,4.650,0.000,0.000,0.000,4.900
2022-03-22 23:00:00,3.890,0.000,0.000,0.000,3.900
2022-03-23 00:00:00,3.640,0.000,0.000,0.000,2.900
2022-03-23 01:00:00,3.660,0.000,0.000,0.000,1.900
2022-03-23 02:00:00,3.760,0.000,0.000,0.000,1.000
2022-03-23 03:00:00,4.160,0.000,0.000,0.000,0.300
2022-03-23 04:00:00,4.410,0.000,0.000,0.000,-0.300
2022-03-23 05:00:00,4.200,0.000,0.000,0.000,-0.900
2022-03-23 06:00:00,3.850,18.000,118.900,10.000,-0.700
2022-03-23 07:00:00,3.210,133.000,466.000,49.000,2.800
2022-03-23 08:00:00,2.180,285.000,647.300,74.000,6.700
2022-03-23 09:00:00,1.490,429.000,752.600,90.000,10.200
2022-03-23 10:00:00,1.730,542.000,810.600,100.000,13.000
2022-03-23 11:00:00,1.950,613.000,839.500,106.000,15.200
2022-03-23 12:00:00,2.170,636.000,848.200,108.000,16.500
2022-03-23 13:00:00,1.990,607.000,837.200,105.000,17.300
2022-03-23 14:00:00,2.060,530.000,802.600,99.000,17.600
2022-03-23 15:00:00,2.330,413.000,738.300,89.000,17.600
2022-03-23 16:00:00,2.890,268.000,628.400,72.000,17.100
2022-03-23 17:00:00,3.960,117.000,436.800,45.000,15.600
2022-03-23 18:00:00,5.080,12.000,84.000,7.000,12.600
2022-03-23 19:00:00,5.980,0.000,0.000,0.000,10.000
2022-03-23 20:00:00,6.500,0.000,0.000,0.000,8.700
2022-03-23 21:00:00,6.620,0.000,0.000,0.000,7.100
2022-03-23 22:00:00,7.080,0.000,0.000,0.000,6.900
2022-03-23 23:00:00,6.550,0.000,0.000,0.000,5.500
2022-03-24 00:00:00,6.040,0.000,0.000,0.000,4.400
2022-03-24 01:00:00,5.490,0.000,0.000,0.000,3.100
2022-03-24 02:00:00,5.140,0.000,0.000,0.000,2.100
2022-03-24 03:00:00,4.940,0.000,0.000,0.000,1.300
2022-03-24 04:00:00,5.030,0.000,0.000,0.000,0.700
2022-03-24 05:00:00,5.000,0.000,0.000,0.000,0.200
2022-03-24 06:00:00,4.920,20.000,127.900,11.000,0.300
2022-03-24 07:00:00,4.300,136.000,467.000,49.000,3.400
2022-03-24 08:00:00,2.740,288.000,644.700,74.000,6.700
2022-03-24 09:00:00,2.070,430.000,745.200,90.000,9.700
2022-03-24 10:00:00,2.200,541.000,800.500,100.000,12.900
2022-03-24 11:00:00,2.260,612.000,832.000,105.000,14.700
2022-03-24 12:00:00,2.140,633.000,836.400,108.000,15.600
2022-03-24 13:00:00,1.880,605.000,825.200,106.000,16.300
2022-03-24 14:00:00,1.880,529.000,791.600,100.000,16.400
2022-03-24 15:00:00,1.990,416.000,739.400,88.000,16.300
2022-03-24 16:00:00,2.310,272.000,631.700,72.000,16.200
2022-03-24 17:00:00,3.220,119.000,430.800,46.000,15.100
2022-03-24 18:00:00,4.050,13.000,80.900,8.000,12.100
2022-03-24 19:00:00,4.550,0.000,0.000,0.000,9.300
2022-03-24 20:00:00,4.500,0.000,0.000,0.000,7.600
2022-03-24 21:00:00,4.250,0.000,0.000,0.000,6.000
2022-03-24 22:00:00,4.510,0.000,0.000,0.000,4.500
2022-03-24 23:00:00,4.030,0.000,0.000,0.000,3.400
2022-03-25 00:00:00,3.440,0.000,0.000,0.000,2.500
2022-03-25 01:00:00,2.800,0.000,0.000,0.000,2.100
2022-03-25 02:00:00,2.060,0.000,0.000,0.000,2.800
2022-03-25 03:00:00,1.210,0.000,0.000,0.000,2.600
2022-03-25 04:00:00,0.510,0.000,0.000,0.000,2.600
2022-03-25 05:00:00,0.110,0.000,0.000,0.000,2.100
2022-03-25 06:00:00,0.410,22.000,136.200,12.000,1.800
2022-03-25 07:00:00,1.000,140.000,462.700,51.000,3.700
2022-03-25 08:00:00,1.100,290.000,633.400,76.000,7.900
2022-03-25 09:00:00,0.560,430.000,731.500,92.000,11.200
2022-03-25 10:00:00,0.960,540.000,787.000,102.000,13.500
2022-03-25 11:00:00,1.370,609.000,816.500,107.000,15.000
2022-03-25 12:00:00,1.870,630.000,823.100,109.000,16.000
2022-03-25 13:00:00,2.360,601.000,811.800,106.000,16.500
2022-03-25 14:00:00,2.380,526.000,780.900,99.000,17.000
2022-03-25 15:00:00,2.470,411.000,715.900,90.000,17.100
2022-03-25 16:00:00,2.370,269.000,610.100,73.000,17.000
2022-03-25 17:00:00,2.750,121.000,425.100,47.000,15.600
2022-03-25 18:00:00,3.690,14.000,93.500,8.000,12.400
2022-03-25 19:00:00,5.170,0.000,0.000,0.000,10.400
2022-03-25 20:00:00,6.250,0.000,0.000,0.000,8.900
2022-03-25 21:00:00,5.850,0.000,0.000,0.000,8.300
2022-03-25 22:00:00,5.300,0.000,0.000,0.000,6.800
2022-03-25 23:00:00,5.140,0.000,0.000,0.000,5.800
2022-03-26 00:00:00,5.100,0.000,0.000,0.000,4.500
2022-03-26 01:00:00,5.170,0.000,0.000,0.000,3.500
2022-03-26 02:00:00,4.680,0.000,0.000,0.000,3.000
2022-03-26 03:00:00,4.570,0.000,0.000,0.000,3.000
2022-03-26 04:00:00,4.900,0.000,0.000,0.000,2.800
2022-03-26 05:00:00,5.120,0.000,0.000,0.000,2.600
2022-03-26 06:00:00,5.270,24.000,143.800,13.000,2.900
2022-03-26 07:00:00,5.370,144.000,463.600,52.000,5.400
2022-03-26 08:00:00,4.380,292.000,628.200,76.000,8.600
2022-03-26 09:00:00,4.630,434.000,735.200,90.000,11.300
2022-03-26 10:00:00,5.120,535.000,779.100,97.000,13.400
2022-03-26 11:00:00,5.830,597.000,786.800,109.000,14.900
2022-03-26 12:00:00,6.260,538.000,623.600,140.000,15.600
2022-03-26 13:00:00,6.530,431.000,409.900,179.000,16.100
2022-03-26 14:00:00,6.190,385.000,453.200,135.000,16.300
2022-03-26 15:00:00,6.440,220.000,172.100,142.000,15.700
2022-03-26 16:00:00,6.470,162.000,141.200,116.000,15.000
2022-03-26 17:00:00,6.110,95.000,240.700,52.000,13.900
2022-03-26 18:00:00,5.850,12.000,60.200,8.000,12.600
2022-03-26 19:00:00,5.530,0.000,0.000,0.000,11.300
2022-03-26 20:00:00,4.900,0.000,0.000,0.000,10.100
2022-03-26 21:00:00,4.410,0.000,0.000,0.000,9.300
2022-03-26 22:00:00,4.400,0.000,0.000,0.000,8.600
2022-03-26 23:00:00,3.970,0.000,0.000,0.000,7.700
2022-03-27 00:00:00,3.490,0.000,0.000,0.000,6.800
2022-03-27 01:00:00,3.210,0.000,0.000,0.000,6.400
2022-03-27 02:00:00,2.600,0.000,0.000,0.000,6.100
2022-03-27 03:00:00,2.000,0.000,0.000,0.000,6.100
2022-03-27 04:00:00,1.910,0.000,0.000,0.000,6.000
2022-03-27 05:00:00,1.250,0.000,0.000,0.000,5.900
2022-03-27 06:00:00,1.050,12.000,37.700,9.000,5.600
2022-03-27 07:00:00,1.660,91.000,190.700,52.000,5.800
2022-03-27 08:00:00,1.190,196.000,217.300,120.000,6.600
2022-03-27 09:00:00,0.640,288.000,287.100,152.000,8.000
2022-03-27 10:00:00,0.780,376.000,357.500,173.000,9.400
2022-03-27 11:00:00,0.900,483.000,487.500,178.000,10.900
2022-03-27 12:00:00,0.870,491.000,429.000,215.000,12.300
2022-03-27 13:00:00,0.600,541.000,564.700,191.000,13.800
2022-03-27 14:00:00,0.870,419.000,513.900,133.000,14.400
2022-03-27 15:00:00,1.100,408.000,712.100,82.000,14.900
2022-03-27 16:00:00,1.190,279.000,632.400,70.000,14.800
2022-03-27 17:00:00,1.690,128.000,436.500,48.000,13.800
2022-03-27 18:00:00,2.560,18.000,101.900,11.000,11.100
2022-03-27 19:00:00,3.320,0.000,0.000,0.000,8.900
2022-03-27 20:00:00,3.480,0.000,0.000,0.000,7.500
2022-03-27 21:00:00,3.790,0.000,0.000,0.000,6.300
2022-03-27 22:00:00,3.480,0.000,0.000,0.000,5.200
2022-03-27 23:00:00,3.380,0.000,0.000,0.000,4.400
2022-03-28 00:00:00,3.570,0.000,0.000,0.000,3.700
2022-03-28 01:00:00,3.400,0.000,0.000,0.000,3.300
2022-03-28 02:00:00,3.110,0.000,0.000,0.000,2.900
2022-03-28 03:00:00,3.050,0.000,0.000,0.000,2.800
2022-03-28 04:00:00,3.040,0.000,0.000,0.000,2.600
2022-03-28 05:00:00,3.340,0.000,0.000,0.000,2.900
2022-03-28 06:00:00,3.890,25.000,121.000,15.000,3.100
2022-03-28 07:00:00,2.850,124.000,280.100,65.000,3.900
2022-03-28 08:00:00,2.100,238.000,390.700,99.000,4.800
2022-03-28 09:00:00,2.110,381.000,508.900,137.000,5.700
2022-03-28 10:00:00,2.150,505.000,596.400,163.000,7.900
2022-03-28 11:00:00,2.820,623.000,820.900,105.000,9.700
2022-03-28 12:00:00,3.340,646.000,834.100,105.000,11.100
2022-03-28 13:00:00,3.650,629.000,848.300,99.000,12.300
2022-03-28 14:00:00,3.900,554.000,810.600,99.000,13.100
2022-03-28 15:00:00,4.210,407.000,657.300,103.000,13.000
2022-03-28 16:00:00,4.280,279.000,608.700,75.000,12.600
2022-03-28 17:00:00,4.180,129.000,415.200,51.000,11.800
2022-03-28 18:00:00,5.140,19.000,112.700,11.000,10.200
2022-03-28 19:00:00,5.780,0.000,0.000,0.000,9.000
2022-03-28 20:00:00,5.580,0.000,0.000,0.000,8.200
2022-03-28 21:00:00,5.070,0.000,0.000,0.000,7.700
2022-03-28 22:00:00,4.300,0.000,0.000,0.000,7.100
2022-03-28 23:00:00,4.760,0.000,0.000,0.000,6.700
2022-03-29 00:00:00,4.300,0.000,0.000,0.000,6.400
2022-03-29 01:00:00,4.250,0.000,0.000,0.000,6.200
2022-03-29 02:00:00,4.760,0.000,0.000,0.000,5.900
2022-03-29 03:00:00,5.420,0.000,0.000,0.000,5.600
2022-03-29 04:00:00,5.160,0.000,0.000,0.000,5.600
2022-03-29 05:00:00,4.550,0.000,0.000,0.000,5.500
2022-03-29 06:00:00,4.590,18.000,35.000,15.000,5.300
2022-03-29 07:00:00,4.250,72.000,73.800,56.000,5.900
2022-03-29 08:00:00,3.510,113.000,0.000,113.000,6.400
2022-03-29 09:00:00,3.670,208.000,30.900,193.000,7.100
2022-03-29 10:00:00,4.250,311.000,115.700,244.000,7.600
2022-03-29 11:00:00,4.310,401.000,187.000,282.000,8.900
2022-03-29 12:00:00,4.730,389.000,215.700,248.000,9.600
2022-03-29 13:00:00,5.390,364.000,212.800,230.000,10.300
2022-03-29 14:00:00,5.810,301.000,180.200,199.000,10.600
2022-03-29 15:00:00,6.030,189.000,57.800,162.000,10.500
2022-03-29 16:00:00,6.160,173.000,229.600,95.000,10.200
2022-03-29 17:00:00,5.650,91.000,171.500,58.000,9.500
2022-03-29 18:00:00,5.350,19.000,81.900,13.000,7.700
2022-03-29 19:00:00,5.740,0.000,0.000,0.000,6.300
2022-03-29 20:00:00,5.410,0.000,0.000,0.000,5.600
2022-03-29 21:00:00,5.030,0.000,0.000,0.000,4.500
2022-03-29 22:00:00,5.300,0.000,0.000,0.000,2.500
2022-03-29 23:00:00,4.050,0.000,0.000,0.000,1.500
2022-03-30 00:00:00,2.750,0.000,0.000,0.000,0.800
2022-03-30 01:00:00,1.820,0.000,0.000,0.000,0.900
2022-03-30 02:00:00,1.370,0.000,0.000,0.000,1.000
2022-03-30 03:00:00,1.530,0.000,0.000,0.000,1.200
2022-03-30 04:00:00,2.120,0.000,0.000,0.000,0.800
2022-03-30 05:00:00,2.840,0.000,0.000,0.000,0.500
2022-03-30 06:00:00,3.300,31.000,169.000,16.000,0.700
2022-03-30 07:00:00,3.000,140.000,300.700,73.000,2.400
2022-03-30 08:00:00,2.980,247.000,418.800,93.000,4.000
2022-03-30 09:00:00,2.540,344.000,462.300,117.000,5.100
2022-03-30 10:00:00,1.580,381.000,373.000,163.000,6.600
2022-03-30 11:00:00,2.140,387.000,272.700,212.000,7.300
2022-03-30 12:00:00,2.160,247.000,30.400,227.000,7.600
2022-03-30 13:00:00,2.410,274.000,61.500,235.000,8.100
2022-03-30 14:00:00,2.790,247.000,43.800,222.000,8.400
2022-03-30 15:00:00,2.870,156.000,19.100,147.000,8.200
2022-03-30 16:00:00,3.150,77.000,0.000,77.000,7.600
2022-03-30 17:00:00,3.650,36.000,15.200,33.000,7.000
2022-03-30 18:00:00,4.290,7.000,0.000,7.000,6.200
2022-03-30 19:00:00,4.610,0.000,0.000,0.000,5.500
2022-03-30 20:00:00,4.860,0.000,0.000,0.000,4.900
2022-03-30 21:00:00,5.080,0.000,0.000,0.000,4.300
2022-03-30 22:00:00,5.710,0.000,0.000,0.000,4.400
2022-03-30 23:00:00,5.650,0.000,0.000,0.000,4.200
2022-03-31 00:00:00,5.380,0.000,0.000,0.000,4.100
2022-03-31 01:00:00,5.200,0.000,0.000,0.000,3.900
2022-03-31 02:00:00,5.690,0.000,0.000,0.000,4.100
2022-03-31 03:00:00,6.340,0.000,0.000,0.000,3.800
2022-03-31 04:00:00,6.500,0.000,0.000,0.000,3.600
2022-03-31 05:00:00,6.630,0.000,0.000,0.000,3.300
2022-03-31 06:00:00,7.060,20.000,21.800,18.000,3.200
2022-03-31 07:00:00,7.450,102.000,61.200,88.000,3.100
2022-03-31 08:00:00,8.280,134.000,26.800,124.000,3.600
2022-03-31 09:00:00,8.860,230.000,68.400,196.000,4.300
2022-03-31 10:00:00,7.650,284.000,67.800,244.000,5.000
2022-03-31 11:00:00,7.670,343.000,77.300,293.000,5.800
2022-03-31 12:00:00,8.750,328.000,110.000,255.000,6.200
2022-03-31 13:00:00,8.850,296.000,70.400,251.000,6.600
2022-03-31 14:00:00,7.800,197.000,38.200,175.000,6.200
2022-03-31 15:00:00,6.960,175.000,25.200,163.000,6.000
2022-03-31 16:00:00,6.780,101.000,8.600,98.000,5.400
2022-03-31 17:00:00,7.970,45.000,0.000,45.000,4.800
2022-03-31 18:00:00,8.730,9.000,0.000,9.000,4.000
2022-03-31 19:00:00,8.390,0.000,0.000,0.000,3.400
2022-03-31 20:00:00,8.530,0.000,0.000,0.000,3.000
2022-03-31 21:00:00,8.810,0.000,0.000,0.000,2.800
2022-03-31 22:00:00,7.820,0.000,0.000,0.000,2.000
2022-03-31 23:00:00,8.650,0.000,0.000,0.000,1.500
2022-04-01 00:00:00,9.210,0.000,0.000,0.000,1.200
2022-04-01 01:00:00,9.050,0.000,0.000,0.000,1.000
2022-04-01 02:00:00,9.250,0.000,0.000,0.000,0.800
2022-04-01 03:00:00,8.800,0.000,0.000,0.000,0.800
2022-04-01 04:00:00,8.590,0.000,0.000,0.000,0.700
2022-04-01 05:00:00,8.970,0.000,0.000,0.000,0.600
2022-04-01 06:00:00,7.920,13.000,0.000,13.000,0.600
2022-04-01 07:00:00,7.520,46.000,0.000,46.000,0.800
2022-04-01 08:00:00,7.260,63.000,5.300,61.000,1.200
2022-04-01 09:00:00,7.920,118.000,8.000,114.000,2.000
2022-04-01 10:00:00,9.890,196.000,8.400,191.000,3.000
2022-04-01 11:00:00,9.350,241.000,12.300,233.000,4.000
2022-04-01 12:00:00,9.690,269.000,23.900,253.000,4.900
2022-04-01 13:00:00,10.230,218.000,18.600,206.000,5.200
2022-04-01 14:00:00,10.420,245.000,24.100,231.000,5.500
2022-04-01 15:00:00,10.530,166.000,14.600,159.000,5.500
2022-04-01 16:00:00,9.980,133.000,14.200,128.000,5.100
2022-04-01 17:00:00,9.670,53.000,4.900,52.000,4.600
2022-04-01 18:00:00,9.310,10.000,0.000,10.000,4.000
2022-04-01 19:00:00,9.140,0.000,0.000,0.000,3.500
2022-04-01 20:00:00,9.020,0.000,0.000,0.000,3.000
2022-04-01 21:00:00,8.730,0.000,0.000,0.000,2.500
2022-04-01 22:00:00,7.780,0.000,0.000,0.000,2.000
2022-04-01 23:00:00,7.600,0.000,0.000,0.000,1.700
2022-04-02 00:00:00,7.530,0.000,0.000,0.000,1.300
2022-04-02 01:00:00,7.860,0.000,0.000,0.000,1.100
2022-04-02 02:00:00,7.700,0.000,0.000,0.000,1.000
2022-04-02 03:00:00,7.130,0.000,0.000,0.000,0.800
2022-04-02 04:00:00,6.990,0.000,0.000,0.000,0.700
2022-04-02 05:00:00,7.300,0.000,0.000,0.000,0.600
2022-04-02 06:00:00,7.340,26.000,0.000,26.000,0.800
2022-04-02 07:00:00,6.870,103.000,41.500,93.000,1.600
2022-04-02 08:00:00,8.730,206.000,72.700,178.000,2.500
2022-04-02 09:00:00,8.820,319.000,177.100,229.000,3.400
2022-04-02 10:00:00,7.490,339.000,108.200,274.000,4.100
2022-04-02 11:00:00,7.630,348.000,45.600,318.000,4.500
2022-04-02 12:00:00,7.930,355.000,83.100,299.000,4.900
2022-04-02 13:00:00,7.690,379.000,101.700,313.000,5.100
2022-04-02 14:00:00,7.520,299.000,76.900,254.000,5.400
2022-04-02 15:00:00,7.670,229.000,74.200,193.000,5.400
2022-04-02 16:00:00,7.630,192.000,123.000,148.000,5.200
2022-04-02 17:00:00,6.800,120.000,232.800,71.000,4.700
2022-04-02 18:00:00,6.250,29.000,121.500,19.000,3.900
2022-04-02 19:00:00,5.950,0.000,0.000,0.000,2.800
2022-04-02 20:00:00,5.730,0.000,0.000,0.000,1.700
2022-04-02 21:00:00,5.280,0.000,0.000,0.000,0.800
2022-04-02 22:00:00,5.010,0.000,0.000,0.000,-1.400
2022-04-02 23:00:00,4.090,0.000,0.000,0.000,-2.100
2022-04-03 00:00:00,3.550,0.000,0.000,0.000,-2.700
2022-04-03 01:00:00,3.350,0.000,0.000,0.000,-3.300
2022-04-03 02:00:00,3.400,0.000,0.000,0.000,-3.500
2022-04-03 03:00:00,4.010,0.000,0.000,0.000,-3.100
2022-04-03 04:00:00,4.680,0.000,0.000,0.000,-2.900
2022-04-03 05:00:00,5.090,0.000,0.000,0.000,-2.500
2022-04-03 06:00:00,5.510,47.000,208.100,26.000,-1.700
2022-04-03 07:00:00,5.010,190.000,502.000,66.000,0.200
2022-04-03 08:00:00,5.450,326.000,562.400,106.000,2.600
2022-04-03 09:00:00,6.620,460.000,657.900,122.000,3.900
2022-04-03 10:00:00,6.170,500.000,537.600,174.000,4.800
2022-04-03 11:00:00,6.420,467.000,348.600,236.000,5.200
2022-04-03 12:00:00,6.410,530.000,484.600,201.000,5.700
2022-04-03 13:00:00,6.560,584.000,582.700,203.000,6.200
2022-04-03 14:00:00,6.770,538.000,688.800,132.000,6.200
2022-04-03 15:00:00,6.700,402.000,502.100,156.000,6.400
2022-04-03 16:00:00,7.020,257.000,350.600,130.000,5.800
2022-04-03 17:00:00,6.960,126.000,283.800,65.000,4.900
2022-04-03 18:00:00,7.060,29.000,130.200,18.000,4.200
2022-04-03 19:00:00,7.250,0.000,0.000,0.000,3.500
2022-04-03 20:00:00,7.370,0.000,0.000,0.000,3.000
2022-04-03 21:00:00,7.440,0.000,0.000,0.000,2.300
2022-04-03 22:00:00,7.580,0.000,0.000,0.000,1.800
2022-04-03 23:00:00,8.080,0.000,0.000,0.000,1.600
2022-04-04 00:00:00,8.230,0.000,0.000,0.000,1.400
2022-04-04 01:00:00,8.560,0.000,0.000,0.000,1.500
2022-04-04 02:00:00,8.990,0.000,0.000,0.000,1.500
2022-04-04 03:00:00,9.470,0.000,0.000,0.000,1.700
2022-04-04 04:00:00,9.890,0.000,0.000,0.000,2.000
2022-04-04 05:00:00,10.130,0.000,0.000,0.000,2.200
2022-04-04 06:00:00,10.650,37.000,38.500,33.000,2.800
2022-04-04 07:00:00,10.690,113.000,43.500,102.000,3.400
2022-04-04 08:00:00,11.200,109.000,12.600,104.000,3.800
2022-04-04 09:00:00,11.900,136.000,1.900,135.000,4.300
2022-04-04 10:00:00,10.880,133.000,0.000,133.000,4.300
2022-04-04 11:00:00,12.300,117.000,0.000,117.000,3.900
2022-04-04 12:00:00,12.980,88.000,7.300,83.000,4.000
2022-04-04 13:00:00,15.120,91.000,4.600,88.000,4.300
2022-04-04 14:00:00,15.460,60.000,0.000,60.000,4.500
2022-04-04 15:00:00,15.480,55.000,2.000,54.000,4.600
2022-04-04 16:00:00,14.900,32.000,0.000,32.000,4.600
2022-04-04 17:00:00,14.600,12.000,0.000,12.000,4.900
2022-04-04 18:00:00,14.140,4.000,0.000,4.000,5.400
2022-04-04 19:00:00,13.600,0.000,0.000,0.000,5.900
2022-04-04 20:00:00,12.250,0.000,0.000,0.000,6.400
2022-04-04 21:00:00,10.820,0.000,0.000,0.000,6.800
2022-04-04 22:00:00,11.790,0.000,0.000,0.000,6.900
2022-04-04 23:00:00,10.880,0.000,0.000,0.000,7.000
2022-04-05 00:00:00,10.650,0.000,0.000,0.000,7.000
2022-04-05 01:00:00,9.470,0.000,0.000,0.000,6.700
2022-04-05 02:00:00,9.000,0.000,0.000,0.000,6.400
2022-04-05 03:00:00,8.890,0.000,0.000,0.000,6.200
2022-04-05 04:00:00,10.110,0.000,0.000,0.000,6.000
2022-04-05 05:00:00,8.660,0.000,0.000,0.000,5.600
2022-04-05 06:00:00,7.840,29.000,9.400,28.000,5.800
2022-04-05 07:00:00,7.130,140.000,177.700,94.000,6.400
2022-04-05 08:00:00,7.750,150.000,119.200,102.000,7.000
2022-04-05 09:00:00,6.120,215.000,80.000,173.000,6.900
2022-04-05 10:00:00,5.690,214.000,30.800,195.000,7.600
2022-04-05 11:00:00,6.050,174.000,38.600,148.000,7.500
2022-04-05 12:00:00,5.090,151.000,5.800,147.000,7.600
2022-04-05 13:00:00,3.900,146.000,12.100,138.000,8.000
2022-04-05 14:00:00,4.840,206.000,41.800,181.000,8.300
2022-04-05 15:00:00,5.020,114.000,14.000,107.000,8.700
2022-04-05 16:00:00,5.610,65.000,21.600,57.000,9.200
2022-04-05 17:00:00,7.850,50.000,13.400,47.000,9.700
2022-04-05 18:00:00,9.630,5.000,0.000,5.000,9.700
2022-04-05 19:00:00,9.580,0.000,0.000,0.000,9.500
2022-04-05 20:00:00,9.530,0.000,0.000,0.000,9.600
2022-04-05 21:00:00,10.240,0.000,0.000,0.000,9.600
2022-04-05 22:00:00,9.820,0.000,0.000,0.000,9.600
2022-04-05 23:00:00,10.080,0.000,0.000,0.000,9.500
2022-04-06 00:00:00,10.430,0.000,0.000,0.000,9.300
2022-04-06 01:00:00,10.010,0.000,0.000,0.000,9.100
2022-04-06 02:00:00,9.870,0.000,0.000,0.000,9.000
2022-04-06 03:00:00,9.530,0.000,0.000,0.000,8.900
2022-04-06 04:00:00,9.720,0.000,0.000,0.000,8.900
2022-04-06 05:00:00,9.950,0.000,0.000,0.000,9.000
2022-04-06 06:00:00,9.910,15.000,9.100,14.000,9.300
2022-04-06 07:00:00,10.240,72.000,56.700,57.000,9.600
2022-04-06 08:00:00,10.600,129.000,56.300,106.000,10.000
2022-04-06 09:00:00,11.850,180.000,90.500,132.000,9.900
2022-04-06 10:00:00,10.260,193.000,32.100,173.000,10.300
2022-04-06 11:00:00,10.500,178.000,11.800,170.000,10.300
2022-04-06 12:00:00,12.920,149.000,0.000,149.000,10.400
2022-04-06 13:00:00,11.540,137.000,1.500,136.000,10.600
2022-04-06 14:00:00,10.410,163.000,26.500,147.000,10.900
2022-04-06 15:00:00,10.690,95.000,4.000,93.000,10.600
2022-04-06 16:00:00,10.150,50.000,0.000,50.000,10.100
2022-04-06 17:00:00,10.360,23.000,0.000,23.000,10.000
2022-04-06 18:00:00,11.100,6.000,0.000,6.000,10.000
2022-04-06 19:00:00,11.080,0.000,0.000,0.000,10.200
2022-04-06 20:00:00,11.280,0.000,0.000,0.000,9.900
2022-04-06 21:00:00,11.490,0.000,0.000,0.000,10.200
2022-04-06 22:00:00,12.150,0.000,0.000,0.000,9.800
2022-04-06 23:00:00,11.800,0.000,0.000,0.000,10.100
2022-04-07 00:00:00,10.860,0.000,0.000,0.000,10.200
2022-04-07 01:00:00,10.860,0.000,0.000,0.000,9.900
2022-04-07 02:00:00,11.330,0.000,0.000,0.000,9.800
2022-04-07 03:00:00,11.430,0.000,0.000,0.000,9.800
2022-04-07 04:00:00,11.600,0.000,0.000,0.000,9.900
2022-04-07 05:00:00,11.820,1.000,0.000,1.000,9.800
2022-04-07 06:00:00,11.920,26.000,34.800,22.000,10.100
2022-04-07 07:00:00,10.670,147.000,177.400,99.000,10.600
2022-04-07 08:00:00,14.550,196.000,159.400,130.000,10.700
2022-04-07 09:00:00,14.590,262.000,154.900,179.000,10.300
2022-04-07 10:00:00,13.020,125.000,14.300,116.000,9.400
2022-04-07 11:00:00,12.620,154.000,41.000,126.000,8.900
2022-04-07 12:00:00,12.730,171.000,48.700,137.000,8.900
2022-04-07 13:00:00,13.350,163.000,77.300,111.000,8.400
2022-04-07 14:00:00,13.370,462.000,551.600,127.000,10.100
2022-04-07 15:00:00,15.830,379.000,526.100,112.000,10.800
2022-04-07 16:00:00,14.040,242.000,321.300,120.000,10.300
2022-04-07 17:00:00,13.750,137.000,296.700,68.000,8.600
2022-04-07 18:00:00,13.970,28.000,85.800,20.000,7.300
2022-04-07 19:00:00,13.750,0.000,0.000,0.000,6.400
2022-04-07 20:00:00,14.200,0.000,0.000,0.000,6.400
2022-04-07 21:00:00,14.510,0.000,0.000,0.000,6.000
2022-04-07 22:00:00,14.820,0.000,0.000,0.000,6.300
2022-04-07 23:00:00,14.460,0.000,0.000,0.000,6.500
2022-04-08 00:00:00,13.870,0.000,0.000,0.000,6.500
2022-04-08 01:00:00,12.700,0.000,0.000,0.000,6.100
2022-04-08 02:00:00,11.780,0.000,0.000,0.000,5.700
2022-04-08 03:00:00,10.910,0.000,0.000,0.000,5.100
2022-04-08 04:00:00,11.320,0.000,0.000,0.000,4.600
2022-04-08 05:00:00,10.850,1.000,0.000,1.000,4.300
2022-04-08 06:00:00,10.120,31.000,90.900,20.000,4.100
2022-04-08 07:00:00,9.620,200.000,405.400,88.000,4.700
2022-04-08 08:00:00,8.970,362.000,648.400,90.000,5.800
2022-04-08 09:00:00,9.060,475.000,589.700,156.000,6.600
2022-04-08 10:00:00,9.950,551.000,520.200,222.000,7.500
2022-04-08 11:00:00,9.740,573.000,437.800,272.000,8.100
2022-04-08 12:00:00,8.230,541.000,347.200,297.000,8.400
2022-04-08 13:00:00,8.190,489.000,338.300,260.000,8.800
2022-04-08 14:00:00,7.160,415.000,199.400,293.000,9.000
2022-04-08 15:00:00,7.330,295.000,107.500,240.000,8.700
2022-04-08 16:00:00,7.150,191.000,44.300,174.000,8.500
2022-04-08 17:00:00,6.950,94.000,16.900,90.000,8.000
2022-04-08 18:00:00,7.380,26.000,10.500,25.000,7.000
2022-04-08 19:00:00,6.160,0.000,0.000,0.000,6.100
2022-04-08 20:00:00,5.750,0.000,0.000,0.000,5.300
2022-04-08 21:00:00,6.040,0.000,0.000,0.000,4.700
2022-04-08 22:00:00,7.720,0.000,0.000,0.000,3.700
2022-04-08 23:00:00,7.750,0.000,0.000,0.000,3.900
2022-04-09 00:00:00,7.860,0.000,0.000,0.000,3.800
2022-04-09 01:00:00,8.180,0.000,0.000,0.000,3.600
2022-04-09 02:00:00,8.070,0.000,0.000,0.000,3.400
2022-04-09 03:00:00,8.020,0.000,0.000,0.000,3.500
2022-04-09 04:00:00,8.200,0.000,0.000,0.000,3.500
2022-04-09 05:00:00,8.480,2.000,0.000,2.000,3.400
2022-04-09 06:00:00,8.630,66.000,252.300,34.000,3.700
2022-04-09 07:00:00,10.540,196.000,397.200,84.000,4.700
2022-04-09 08:00:00,10.450,314.000,487.100,107.000,5.600
2022-04-09 09:00:00,9.540,354.000,364.300,155.000,6.100
2022-04-09 10:00:00,9.700,403.000,247.900,245.000,6.300
2022-04-09 11:00:00,9.320,463.000,249.900,290.000,6.600
2022-04-09 12:00:00,9.240,537.000,356.300,285.000,7.000
2022-04-09 13:00:00,8.670,482.000,361.100,236.000,7.300
2022-04-09 14:00:00,8.970,405.000,266.200,241.000,6.400
2022-04-09 15:00:00,8.710,329.000,257.700,196.000,6.900
2022-04-09 16:00:00,9.010,252.000,262.800,150.000,6.600
2022-04-09 17:00:00,8.230,120.000,145.100,85.000,5.200
2022-04-09 18:00:00,8.200,33.000,82.100,25.000,4.900
2022-04-09 19:00:00,8.710,0.000,0.000,0.000,3.900
2022-04-09 20:00:00,8.650,0.000,0.000,0.000,3.500
2022-04-09 21:00:00,8.490,0.000,0.000,0.000,3.200
2022-04-09 22:00:00,8.850,0.000,0.000,0.000,3.100
2022-04-09 23:00:00,8.560,0.000,0.000,0.000,2.900
2022-04-10 00:00:00,8.450,0.000,0.000,0.000,2.800
2022-04-10 01:00:00,8.450,0.000,0.000,0.000,2.600
2022-04-10 02:00:00,8.480,0.000,0.000,0.000,2.500
2022-04-10 03:00:00,8.470,0.000,0.000,0.000,2.300
2022-04-10 04:00:00,8.640,0.000,0.000,0.000,2.300
2022-04-10 05:00:00,8.660,3.000,19.100,2.000,2.200
2022-04-10 06:00:00,8.490,74.000,271.500,38.000,2.900
2022-04-10 07:00:00,8.540,202.000,420.800,81.000,3.800
2022-04-10 08:00:00,8.530,304.000,374.100,143.000,5.000
2022-04-10 09:00:00,8.210,414.000,393.600,197.000,5.900
2022-04-10 10:00:00,9.230,533.000,543.300,184.000,5.900
2022-04-10 11:00:00,8.670,526.000,337.100,291.000,6.200
2022-04-10 12:00:00,8.130,517.000,352.600,266.000,6.700
2022-04-10 13:00:00,7.520,545.000,475.500,219.000,7.500
2022-04-10 14:00:00,7.110,465.000,364.400,239.000,7.800
2022-04-10 15:00:00,7.070,356.000,284.500,208.000,8.200
2022-04-10 16:00:00,6.600,259.000,326.200,131.000,7.800
2022-04-10 17:00:00,6.490,149.000,293.400,77.000,7.000
2022-04-10 18:00:00,6.700,45.000,160.700,29.000,6.300
2022-04-10 19:00:00,5.990,0.000,0.000,0.000,5.100
2022-04-10 20:00:00,5.850,0.000,0.000,0.000,4.000
2022-04-10 21:00:00,5.550,0.000,0.000,0.000,3.100
2022-04-10 22:00:00,4.990,0.000,0.000,0.000,2.500
2022-04-10 23:00:00,5.140,0.000,0.000,0.000,1.800
2022-04-11 00:00:00,5.490,0.000,0.000,0.000,1.400
2022-04-11 01:00:00,5.520,0.000,0.000,0.000,0.800
2022-04-11 02:00:00,5.370,0.000,0.000,0.000,0.600
2022-04-11 03:00:00,5.430,0.000,0.000,0.000,0.500
2022-04-11 04:00:00,5.000,0.000,0.000,0.000,0.300
2022-04-11 05:00:00,4.630,4.000,19.100,3.000,0.400
2022-04-11 06:00:00,4.500,77.000,202.500,49.000,2.000
2022-04-11 07:00:00,3.720,172.000,184.300,118.000,4.500
2022-04-11 08:00:00,2.060,327.000,401.700,152.000,6.800
2022-04-11 09:00:00,1.800,514.000,673.900,139.000,8.700
2022-04-11 10:00:00,2.460,635.000,769.500,137.000,10.400
2022-04-11 11:00:00,2.860,681.000,776.700,136.000,11.300
2022-04-11 12:00:00,2.420,699.000,769.300,148.000,12.300
2022-04-11 13:00:00,1.980,644.000,695.800,164.000,12.800
2022-04-11 14:00:00,1.300,616.000,812.000,109.000,13.300
2022-04-11 15:00:00,0.890,504.000,778.100,96.000,13.500
2022-04-11 16:00:00,0.630,354.000,685.900,82.000,13.500
2022-04-11 17:00:00,0.810,191.000,508.700,64.000,13.400
2022-04-11 18:00:00,2.800,55.000,275.400,27.000,11.200
2022-04-11 19:00:00,5.160,0.000,0.000,0.000,8.900
2022-04-11 20:00:00,6.290,0.000,0.000,0.000,7.700
2022-04-11 21:00:00,6.500,0.000,0.000,0.000,6.800
2022-04-11 22:00:00,6.620,0.000,0.000,0.000,6.300
2022-04-11 23:00:00,6.010,0.000,0.000,0.000,5.800
2022-04-12 00:00:00,5.990,0.000,0.000,0.000,5.200
2022-04-12 01:00:00,6.140,0.000,0.000,0.000,4.700
2022-04-12 02:00:00,6.820,0.000,0.000,0.000,4.500
2022-04-12 03:00:00,7.030,0.000,0.000,0.000,4.300
2022-04-12 04:00:00,7.270,0.000,0.000,0.000,4.100
2022-04-12 05:00:00,7.290,5.000,0.000,5.000,4.300
2022-04-12 06:00:00,7.210,78.000,139.000,58.000,5.400
2022-04-12 07:00:00,7.470,185.000,201.000,125.000,7.400
2022-04-12 08:00:00,6.040,349.000,487.700,134.000,9.700
2022-04-12 09:00:00,6.220,515.000,669.700,139.000,12.100
2022-04-12 10:00:00,6.910,602.000,644.300,182.000,14.900
2022-04-12 11:00:00,7.250,608.000,498.500,256.000,16.200
2022-04-12 12:00:00,7.780,649.000,556.500,248.000,17.200
2022-04-12 13:00:00,7.630,587.000,451.000,274.000,17.900
2022-04-12 14:00:00,7.980,420.000,181.400,306.000,17.900
2022-04-12 15:00:00,7.850,338.000,193.000,236.000,17.800
2022-04-12 16:00:00,7.790,230.000,227.100,139.000,17.400
2022-04-12 17:00:00,8.770,136.000,181.200,90.000,17.000
2022-04-12 18:00:00,8.930,46.000,154.200,30.000,16.000
2022-04-12 19:00:00,8.470,0.000,0.000,0.000,14.900
2022-04-12 20:00:00,7.910,0.000,0.000,0.000,14.000
2022-04-12 21:00:00,7.670,0.000,0.000,0.000,13.200
2022-04-12 22:00:00,8.030,0.000,0.000,0.000,12.300
2022-04-12 23:00:00,7.200,0.000,0.000,0.000,11.500
2022-04-13 00:00:00,6.780,0.000,0.000,0.000,10.900
2022-04-13 01:00:00,6.410,0.000,0.000,0.000,9.900
2022-04-13 02:00:00,6.550,0.000,0.000,0.000,9.100
2022-04-13 03:00:00,6.220,0.000,0.000,0.000,8.600
2022-04-13 04:00:00,5.850,0.000,0.000,0.000,8.200
2022-04-13 05:00:00,5.180,6.000,0.000,6.000,8.200
2022-04-13 06:00:00,5.010,72.000,133.900,52.000,9.400
2022-04-13 07:00:00,4.430,172.000,154.700,125.000,11.600
2022-04-13 08:00:00,2.990,277.000,246.600,167.000,14.200
2022-04-13 09:00:00,1.920,454.000,429.100,211.000,16.500
2022-04-13 10:00:00,1.130,600.000,677.800,155.000,18.700
2022-04-13 11:00:00,2.250,670.000,705.000,169.000,20.100
2022-04-13 12:00:00,2.010,633.000,590.500,205.000,21.000
2022-04-13 13:00:00,1.390,480.000,322.300,255.000,21.300
2022-04-13 14:00:00,0.830,387.000,197.600,262.000,21.600
2022-04-13 15:00:00,1.150,327.000,193.400,224.000,21.800
2022-04-13 16:00:00,1.910,212.000,108.700,168.000,21.200
2022-04-13 17:00:00,2.140,125.000,135.700,90.000,20.400
2022-04-13 18:00:00,3.330,47.000,141.800,32.000,19.300
2022-04-13 19:00:00,5.160,1.000,0.000,1.000,16.500
2022-04-13 20:00:00,6.350,0.000,0.000,0.000,16.300
2022-04-13 21:00:00,6.510,0.000,0.000,0.000,15.500
2022-04-13 22:00:00,6.490,0.000,0.000,0.000,14.200
2022-04-13 23:00:00,6.560,0.000,0.000,0.000,13.700
2022-04-14 00:00:00,6.040,0.000,0.000,0.000,13.200
2022-04-14 01:00:00,4.740,0.000,0.000,0.000,12.600
2022-04-14 02:00:00,3.030,0.000,0.000,0.000,12.200
2022-04-14 03:00:00,2.480,0.000,0.000,0.000,12.000
2022-04-14 04:00:00,2.520,0.000,0.000,0.000,11.800
2022-04-14 05:00:00,3.050,3.000,0.000,3.000,11.700
2022-04-14 06:00:00,4.460,30.000,0.000,30.000,11.700
2022-04-14 07:00:00,4.170,40.000,0.000,40.000,11.900
2022-04-14 08:00:00,4.050,93.000,6.700,90.000,12.400
2022-04-14 09:00:00,3.820,149.000,26.300,134.000,12.700
2022-04-14 10:00:00,4.110,300.000,89.200,241.000,13.700
2022-04-14 11:00:00,4.840,436.000,201.400,292.000,14.900
2022-04-14 12:00:00,4.410,552.000,421.100,245.000,16.100
2022-04-14 13:00:00,5.000,457.000,462.800,132.000,16.700
2022-04-14 14:00:00,5.040,397.000,383.300,153.000,16.200
2022-04-14 15:00:00,4.700,384.000,533.100,98.000,14.800
2022-04-14 16:00:00,4.850,220.000,249.600,118.000,14.900
2022-04-14 17:00:00,4.900,96.000,34.300,87.000,14.700
2022-04-14 18:00:00,4.950,41.000,92.800,31.000,13.900
2022-04-14 19:00:00,4.770,1.000,0.000,1.000,12.200
2022-04-14 20:00:00,5.040,0.000,0.000,0.000,11.600
2022-04-14 21:00:00,5.910,0.000,0.000,0.000,10.600
2022-04-14 22:00:00,6.120,0.000,0.000,0.000,10.000
2022-04-14 23:00:00,5.130,0.000,0.000,0.000,9.100
2022-04-15 00:00:00,5.620,0.000,0.000,0.000,8.600
2022-04-15 01:00:00,5.600,0.000,0.000,0.000,8.000
2022-04-15 02:00:00,5.380,0.000,0.000,0.000,8.000
2022-04-15 03:00:00,5.520,0.000,0.000,0.000,7.700
2022-04-15 04:00:00,6.260,0.000,0.000,0.000,7.700
2022-04-15 05:00:00,6.130,4.000,0.000,4.000,7.700
2022-04-15 06:00:00,6.930,29.000,0.000,29.000,7.700
2022-04-15 07:00:00,5.550,56.000,3.200,55.000,8.000
2022-04-15 08:00:00,5.310,77.000,11.000,72.000,8.400
2022-04-15 09:00:00,5.360,116.000,20.800,104.000,8.800
2022-04-15 10:00:00,4.840,175.000,16.500,164.000,9.400
2022-04-15 11:00:00,4.990,246.000,40.300,217.000,10.100
2022-04-15 12:00:00,5.020,284.000,102.300,209.000,10.700
2022-04-15 13:00:00,4.860,253.000,35.400,228.000,11.000
2022-04-15 14:00:00,4.710,223.000,43.700,195.000,11.200
2022-04-15 15:00:00,4.790,188.000,98.100,135.000,11.200
2022-04-15 16:00:00,4.860,107.000,14.500,101.000,10.900
2022-04-15 17:00:00,4.550,46.000,0.000,46.000,10.400
2022-04-15 18:00:00,4.350,17.000,18.000,15.000,10.000
2022-04-15 19:00:00,4.460,0.000,0.000,0.000,9.500
2022-04-15 20:00:00,5.290,0.000,0.000,0.000,9.000
2022-04-15 21:00:00,5.850,0.000,0.000,0.000,8.600
2022-04-15 22:00:00,5.670,0.000,0.000,0.000,8.200
2022-04-15 23:00:00,5.930,0.000,0.000,0.000,7.400
2022-04-16 00:00:00,6.170,0.000,0.000,0.000,6.600
2022-04-16 01:00:00,6.290,0.000,0.000,0.000,5.800
2022-04-16 02:00:00,6.440,0.000,0.000,0.000,4.800
2022-04-16 03:00:00,6.690,0.000,0.000,0.000,4.000
2022-04-16 04:00:00,6.860,0.000,0.000,0.000,2.900
2022-04-16 05:00:00,6.480,11.000,51.000,8.000,2.400
2022-04-16 06:00:00,6.180,90.000,205.200,56.000,3.200
2022-04-16 07:00:00,6.050,256.000,532.100,86.000,4.500
2022-04-16 08:00:00,5.200,435.000,741.800,93.000,6.100
2022-04-16 09:00:00,4.680,576.000,819.700,100.000,7.600
2022-04-16 10:00:00,4.500,686.000,860.800,109.000,9.200
2022-04-16 11:00:00,4.500,750.000,880.200,113.000,10.400
2022-04-16 12:00:00,4.600,767.000,889.600,111.000,11.400
2022-04-16 13:00:00,4.500,730.000,870.000,112.000,12.200
2022-04-16 14:00:00,4.250,650.000,847.100,104.000,12.700
2022-04-16 15:00:00,3.930,528.000,795.400,95.000,13.000
2022-04-16 16:00:00,3.660,379.000,710.300,83.000,13.100
2022-04-16 17:00:00,3.460,218.000,569.700,64.000,12.700
2022-04-16 18:00:00,3.590,73.000,356.000,32.000,11.300
2022-04-16 19:00:00,3.830,2.000,0.000,2.000,9.000
2022-04-16 20:00:00,4.290,0.000,0.000,0.000,7.500
2022-04-16 21:00:00,4.790,0.000,0.000,0.000,6.500
2022-04-16 22:00:00,5.670,0.000,0.000,0.000,5.300
2022-04-16 23:00:00,6.060,0.000,0.000,0.000,4.300
2022-04-17 00:00:00,6.250,0.000,0.000,0.000,3.600
2022-04-17 01:00:00,6.250,0.000,0.000,0.000,3.100
2022-04-17 02:00:00,6.010,0.000,0.000,0.000,2.400
2022-04-17 03:00:00,5.690,0.000,0.000,0.000,1.700
2022-04-17 04:00:00,5.190,0.000,0.000,0.000,1.000
2022-04-17 05:00:00,4.730,14.000,97.500,8.000,0.800
2022-04-17 06:00:00,4.540,124.000,456.100,46.000,3.000
2022-04-17 07:00:00,3.360,281.000,625.300,78.000,5.900
2022-04-17 08:00:00,3.060,433.000,697.400,108.000,8.500
2022-04-17 09:00:00,3.360,555.000,719.200,134.000,10.300
2022-04-17 10:00:00,4.290,690.000,855.100,113.000,11.800
2022-04-17 11:00:00,4.730,758.000,881.900,116.000,13.000
2022-04-17 12:00:00,4.260,765.000,863.100,125.000,13.800
2022-04-17 13:00:00,3.870,723.000,835.700,126.000,14.500
2022-04-17 14:00:00,4.100,654.000,848.200,104.000,15.000
2022-04-17 15:00:00,4.080,533.000,798.900,95.000,15.100
2022-04-17 16:00:00,4.270,384.000,717.900,82.000,14.900
2022-04-17 17:00:00,4.530,223.000,579.500,64.000,14.400
2022-04-17 18:00:00,5.110,76.000,368.500,32.000,13.300
2022-04-17 19:00:00,5.800,2.000,0.000,2.000,11.100
2022-04-17 20:00:00,6.060,0.000,0.000,0.000,9.300
2022-04-17 21:00:00,5.820,0.000,0.000,0.000,7.700
2022-04-17 22:00:00,5.480,0.000,0.000,0.000,6.400
2022-04-17 23:00:00,4.850,0.000,0.000,0.000,4.800
2022-04-18 00:00:00,4.600,0.000,0.000,0.000,3.900
2022-04-18 01:00:00,4.690,0.000,0.000,0.000,3.400
2022-04-18 02:00:00,4.690,0.000,0.000,0.000,2.800
2022-04-18 03:00:00,4.370,0.000,0.000,0.000,2.000
2022-04-18 04:00:00,4.200,0.000,0.000,0.000,1.800
2022-04-18 05:00:00,4.390,16.000,109.100,9.000,2.100
2022-04-18 06:00:00,4.520,126.000,448.000,47.000,4.600
2022-04-18 07:00:00,3.220,283.000,642.800,71.000,7.900
2022-04-18 08:00:00,2.410,443.000,751.800,89.000,10.900
2022-04-18 09:00:00,2.600,582.000,818.600,99.000,12.700
2022-04-18 10:00:00,2.810,688.000,855.400,107.000,13.700
2022-04-18 11:00:00,2.850,751.000,872.700,112.000,14.500
2022-04-18 12:00:00,2.870,766.000,877.200,112.000,15.200
2022-04-18 13:00:00,2.800,732.000,868.700,108.000,15.800
2022-04-18 14:00:00,2.890,651.000,837.000,105.000,16.000
2022-04-18 15:00:00,3.000,532.000,789.700,96.000,16.100
2022-04-18 16:00:00,3.010,383.000,704.200,84.000,15.900
2022-04-18 17:00:00,2.990,223.000,567.400,65.000,15.400
2022-04-18 18:00:00,3.320,78.000,356.000,34.000,14.000
2022-04-18 19:00:00,3.410,3.000,19.100,2.000,11.500
2022-04-18 20:00:00,3.780,0.000,0.000,0.000,9.700
2022-04-18 21:00:00,4.620,0.000,0.000,0.000,8.300
2022-04-18 22:00:00,5.030,0.000,0.000,0.000,7.500
2022-04-18 23:00:00,5.210,0.000,0.000,0.000,6.700
2022-04-19 00:00:00,5.550,0.000,0.000,0.000,6.300
2022-04-19 01:00:00,5.580,0.000,0.000,0.000,5.700
2022-04-19 02:00:00,5.200,0.000,0.000,0.000,4.900
2022-04-19 03:00:00,5.210,0.000,0.000,0.000,4.500
2022-04-19 04:00:00,5.600,0.000,0.000,0.000,3.900
2022-04-19 05:00:00,5.820,17.000,104.800,10.000,3.500
2022-04-19 06:00:00,4.940,125.000,401.900,52.000,5.200
2022-04-19 07:00:00,3.900,262.000,489.800,98.000,7.200
2022-04-19 08:00:00,3.660,430.000,683.200,105.000,9.200
2022-04-19 09:00:00,4.190,565.000,739.900,125.000,10.800
2022-04-19 10:00:00,4.350,660.000,727.100,163.000,12.100
2022-04-19 11:00:00,4.590,708.000,784.900,130.000,13.200
2022-04-19 12:00:00,4.650,758.000,853.900,118.000,14.000
2022-04-19 13:00:00,4.940,737.000,868.200,110.000,14.900
2022-04-19 14:00:00,5.150,659.000,848.900,102.000,15.300
2022-04-19 15:00:00,5.240,533.000,782.400,98.000,15.500
2022-04-19 16:00:00,5.610,386.000,700.100,86.000,15.300
2022-04-19 17:00:00,5.480,215.000,513.300,70.000,14.600
2022-04-19 18:00:00,5.550,80.000,352.100,35.000,13.300
2022-04-19 19:00:00,6.000,3.000,19.100,2.000,11.800
2022-04-19 20:00:00,6.550,0.000,0.000,0.000,10.400
2022-04-19 21:00:00,6.640,0.000,0.000,0.000,8.900
2022-04-19 22:00:00,6.640,0.000,0.000,0.000,7.900
2022-04-19 23:00:00,6.000,0.000,0.000,0.000,7.200
2022-04-20 00:00:00,5.220,0.000,0.000,0.000,6.100
2022-04-20 01:00:00,4.920,0.000,0.000,0.000,5.400
2022-04-20 02:00:00,5.100,0.000,0.000,0.000,4.700
2022-04-20 03:00:00,5.300,0.000,0.000,0.000,4.400
2022-04-20 04:00:00,4.820,0.000,0.000,0.000,3.700
2022-04-20 05:00:00,4.910,18.000,86.500,12.000,3.700
2022-04-20 06:00:00,5.330,118.000,299.700,62.000,5.300
2022-04-20 07:00:00,3.340,256.000,517.900,80.000,7.000
2022-04-20 08:00:00,3.130,404.000,636.800,98.000,8.900
2022-04-20 09:00:00,3.430,496.000,630.900,118.000,10.700
2022-04-20 10:00:00,3.810,641.000,725.400,142.000,12.100
2022-04-20 11:00:00,4.210,708.000,786.000,126.000,13.400
2022-04-20 12:00:00,4.670,675.000,625.100,204.000,14.700
2022-04-20 13:00:00,4.750,580.000,433.900,265.000,15.100
2022-04-20 14:00:00,4.810,475.000,392.500,216.000,15.600
2022-04-20 15:00:00,4.140,379.000,334.100,192.000,15.500
2022-04-20 16:00:00,4.300,322.000,418.600,141.000,15.300
2022-04-20 17:00:00,3.980,191.000,307.200,103.000,14.600
2022-04-20 18:00:00,4.430,71.000,189.400,46.000,13.200
2022-04-20 19:00:00,5.810,3.000,0.000,3.000,11.600
2022-04-20 20:00:00,6.190,0.000,0.000,0.000,10.600
2022-04-20 21:00:00,6.120,0.000,0.000,0.000,9.500
2022-04-20 22:00:00,6.580,0.000,0.000,0.000,8.300
2022-04-20 23:00:00,6.220,0.000,0.000,0.000,7.200
2022-04-21 00:00:00,6.580,0.000,0.000,0.000,6.400
2022-04-21 01:00:00,6.210,0.000,0.000,0.000,5.600
2022-04-21 02:00:00,6.490,0.000,0.000,0.000,4.900
2022-04-21 03:00:00,6.630,0.000,0.000,0.000,4.600
2022-04-21 04:00:00,6.120,0.000,0.000,0.000,4.400
2022-04-21 05:00:00,5.420,13.000,27.800,11.000,4.800
2022-04-21 06:00:00,4.530,68.000,41.700,60.000,6.000
2022-04-21 07:00:00,4.170,234.000,417.600,90.000,7.400
2022-04-21 08:00:00,3.790,201.000,123.700,141.000,8.800
2022-04-21 09:00:00,3.650,199.000,64.600,160.000,9.100
2022-04-21 10:00:00,3.480,422.000,187.800,292.000,11.500
2022-04-21 11:00:00,3.450,639.000,600.400,192.000,13.300
2022-04-21 12:00:00,3.950,547.000,385.600,255.000,14.000
2022-04-21 13:00:00,5.280,622.000,534.400,232.000,14.600
2022-04-21 14:00:00,6.890,521.000,507.800,184.000,14.600
2022-04-21 15:00:00,7.770,249.000,97.600,194.000,13.900
2022-04-21 16:00:00,7.650,136.000,43.600,117.000,13.300
2022-04-21 17:00:00,7.160,46.000,3.400,45.000,12.400
2022-04-21 18:00:00,6.300,18.000,0.000,18.000,11.600
2022-04-21 19:00:00,5.950,3.000,0.000,3.000,10.900
2022-04-21 20:00:00,5.640,0.000,0.000,0.000,10.400
2022-04-21 21:00:00,5.840,0.000,0.000,0.000,10.100
2022-04-21 22:00:00,6.100,0.000,0.000,0.000,9.900
2022-04-21 23:00:00,6.340,0.000,0.000,0.000,9.500
2022-04-22 00:00:00,5.910,0.000,0.000,0.000,8.900
2022-04-22 01:00:00,5.640,0.000,0.000,0.000,8.000
2022-04-22 02:00:00,6.100,0.000,0.000,0.000,7.700
2022-04-22 03:00:00,6.310,0.000,0.000,0.000,7.300
2022-04-22 04:00:00,6.010,0.000,0.000,0.000,7.000
2022-04-22 05:00:00,5.910,16.000,53.700,12.000,6.600
2022-04-22 06:00:00,5.270,70.000,131.900,44.000,6.600
2022-04-22 07:00:00,4.810,170.000,237.300,87.000,7.100
2022-04-22 08:00:00,4.940,245.000,240.900,127.000,8.200
2022-04-22 09:00:00,5.490,351.000,304.200,166.000,9.900
2022-04-22 10:00:00,6.910,382.000,328.900,153.000,11.100
2022-04-22 11:00:00,7.050,458.000,340.700,203.000,12.600
2022-04-22 12:00:00,7.050,478.000,373.100,194.000,13.800
2022-04-22 13:00:00,5.350,452.000,351.700,194.000,14.500
2022-04-22 14:00:00,5.240,443.000,437.600,151.000,14.800
2022-04-22 15:00:00,7.550,297.000,269.700,144.000,13.600
2022-04-22 16:00:00,8.050,205.000,245.500,97.000,14.100
2022-04-22 17:00:00,7.360,158.000,254.800,83.000,13.900
2022-04-22 18:00:00,7.260,75.000,242.500,41.000,13.300
2022-04-22 19:00:00,7.900,3.000,19.100,2.000,12.700
2022-04-22 20:00:00,8.400,0.000,0.000,0.000,12.100
2022-04-22 21:00:00,8.300,0.000,0.000,0.000,12.000
2022-04-22 22:00:00,8.370,0.000,0.000,0.000,11.200
2022-04-22 23:00:00,8.210,0.000,0.000,0.000,10.700
2022-04-23 00:00:00,8.200,0.000,0.000,0.000,10.400
2022-04-23 01:00:00,8.150,0.000,0.000,0.000,9.400
2022-04-23 02:00:00,8.000,0.000,0.000,0.000,8.700
2022-04-23 03:00:00,7.850,0.000,0.000,0.000,8.300
2022-04-23 04:00:00,7.900,0.000,0.000,0.000,7.800
2022-04-23 05:00:00,8.010,25.000,129.900,15.000,7.500
2022-04-23 06:00:00,7.720,141.000,445.200,51.000,8.700
2022-04-23 07:00:00,7.750,299.000,617.800,80.000,10.000
2022-04-23 08:00:00,8.020,458.000,728.100,98.000,11.500
2022-04-23 09:00:00,8.470,607.000,823.000,103.000,12.600
2022-04-23 10:00:00,8.810,715.000,863.800,110.000,13.700
2022-04-23 11:00:00,8.800,780.000,887.800,112.000,14.800
2022-04-23 12:00:00,8.380,789.000,882.400,114.000,15.800
2022-04-23 13:00:00,8.340,730.000,826.200,121.000,16.700
2022-04-23 14:00:00,8.120,658.000,778.000,136.000,17.300
2022-04-23 15:00:00,7.970,530.000,718.200,120.000,17.400
2022-04-23 16:00:00,7.820,386.000,622.000,110.000,17.200
2022-04-23 17:00:00,6.990,196.000,348.700,92.000,16.300
2022-04-23 18:00:00,6.730,87.000,318.800,41.000,15.200
2022-04-23 19:00:00,6.970,6.000,19.100,5.000,13.600
2022-04-23 20:00:00,7.890,0.000,0.000,0.000,12.500
2022-04-23 21:00:00,8.780,0.000,0.000,0.000,11.500
2022-04-23 22:00:00,8.840,0.000,0.000,0.000,10.800
2022-04-23 23:00:00,8.030,0.000,0.000,0.000,10.000
2022-04-24 00:00:00,7.850,0.000,0.000,0.000,9.300
2022-04-24 01:00:00,8.350,0.000,0.000,0.000,8.300
2022-04-24 02:00:00,8.240,0.000,0.000,0.000,7.700
2022-04-24 03:00:00,8.110,0.000,0.000,0.000,7.200
2022-04-24 04:00:00,8.160,0.000,0.000,0.000,6.700
2022-04-24 05:00:00,7.900,23.000,113.300,14.000,6.800
2022-04-24 06:00:00,7.080,116.000,294.500,55.000,7.700
2022-04-24 07:00:00,6.930,235.000,364.700,104.000,8.700
2022-04-24 08:00:00,6.820,356.000,485.000,114.000,9.900
2022-04-24 09:00:00,6.730,497.000,528.700,171.000,11.200
2022-04-24 10:00:00,4.910,604.000,604.800,178.000,12.500
2022-04-24 11:00:00,5.860,639.000,591.100,192.000,13.700
2022-04-24 12:00:00,6.620,688.000,710.400,142.000,14.300
2022-04-24 13:00:00,6.840,549.000,476.500,196.000,14.400
2022-04-24 14:00:00,6.910,504.000,481.800,179.000,14.300
2022-04-24 15:00:00,6.930,434.000,482.200,157.000,14.400
2022-04-24 16:00:00,6.340,263.000,288.300,134.000,13.900
2022-04-24 17:00:00,6.540,109.000,125.800,71.000,12.200
2022-04-24 18:00:00,6.740,53.000,141.600,32.000,11.100
2022-04-24 19:00:00,6.880,6.000,19.100,5.000,10.300
2022-04-24 20:00:00,7.130,0.000,0.000,0.000,9.900
2022-04-24 21:00:00,7.180,0.000,0.000,0.000,9.400
2022-04-24 22:00:00,6.150,0.000,0.000,0.000,8.800
2022-04-24 23:00:00,4.930,0.000,0.000,0.000,8.100
2022-04-25 00:00:00,4.670,0.000,0.000,0.000,7.700
2022-04-25 01:00:00,4.810,0.000,0.000,0.000,7.400
2022-04-25 02:00:00,5.390,0.000,0.000,0.000,7.000
2022-04-25 03:00:00,5.690,0.000,0.000,0.000,6.500
2022-04-25 04:00:00,5.480,0.000,0.000,0.000,6.200
2022-04-25 05:00:00,5.410,14.000,24.400,12.000,6.200
2022-04-25 06:00:00,5.450,80.000,56.600,68.000,6.300
2022-04-25 07:00:00,4.960,138.000,55.000,118.000,6.700
2022-04-25 08:00:00,4.760,193.000,23.800,181.000,7.000
2022-04-25 09:00:00,4.140,197.000,3.200,195.000,7.700
2022-04-25 10:00:00,1.950,338.000,104.500,264.000,8.700
2022-04-25 11:00:00,1.460,366.000,150.000,252.000,9.800
2022-04-25 12:00:00,2.170,425.000,173.500,291.000,11.100
2022-04-25 13:00:00,2.210,329.000,104.800,251.000,12.000
2022-04-25 14:00:00,1.550,351.000,216.800,204.000,12.900
2022-04-25 15:00:00,1.250,276.000,145.300,192.000,13.300
2022-04-25 16:00:00,1.540,173.000,95.300,130.000,13.100
2022-04-25 17:00:00,2.030,129.000,130.800,89.000,13.000
2022-04-25 18:00:00,1.330,58.000,105.000,42.000,11.600
2022-04-25 19:00:00,1.080,7.000,38.100,5.000,10.100
2022-04-25 20:00:00,1.250,0.000,0.000,0.000,8.900
2022-04-25 21:00:00,1.520,0.000,0.000,0.000,8.200
2022-04-25 22:00:00,1.750,0.000,0.000,0.000,7.900
2022-04-25 23:00:00,3.110,0.000,0.000,0.000,6.800
2022-04-26 00:00:00,3.680,0.000,0.000,0.000,5.900
2022-04-26 01:00:00,3.050,0.000,0.000,0.000,5.400
2022-04-26 02:00:00,2.220,0.000,0.000,0.000,4.500
2022-04-26 03:00:00,1.850,0.000,0.000,0.000,3.700
2022-04-26 04:00:00,1.720,0.000,0.000,0.000,3.000
2022-04-26 05:00:00,1.140,31.000,154.400,18.000,3.600
2022-04-26 06:00:00,2.090,144.000,401.300,57.000,6.400
2022-04-26 07:00:00,1.980,281.000,499.400,97.000,9.300
2022-04-26 08:00:00,2.090,390.000,524.000,124.000,11.600
2022-04-26 09:00:00,2.820,517.000,552.100,172.000,13.000
2022-04-26 10:00:00,1.310,583.000,539.100,199.000,13.700
2022-04-26 11:00:00,0.360,583.000,536.900,173.000,14.500
2022-04-26 12:00:00,1.010,612.000,577.500,164.000,15.000
2022-04-26 13:00:00,2.110,565.000,473.400,211.000,15.400
2022-04-26 14:00:00,2.500,567.000,595.700,161.000,15.500
2022-04-26 15:00:00,2.660,372.000,340.500,174.000,15.000
2022-04-26 16:00:00,2.620,281.000,376.100,110.000,13.900
2022-04-26 17:00:00,2.700,161.000,280.900,74.000,13.500
2022-04-26 18:00:00,3.610,72.000,204.700,40.000,12.500
2022-04-26 19:00:00,5.930,7.000,36.700,5.000,11.000
2022-04-26 20:00:00,7.650,0.000,0.000,0.000,10.300
2022-04-26 21:00:00,7.410,0.000,0.000,0.000,9.700
2022-04-26 22:00:00,6.440,0.000,0.000,0.000,8.800
2022-04-26 23:00:00,5.500,0.000,0.000,0.000,8.200
2022-04-27 00:00:00,5.340,0.000,0.000,0.000,7.500
2022-04-27 01:00:00,4.960,0.000,0.000,0.000,6.600
2022-04-27 02:00:00,5.010,0.000,0.000,0.000,5.600
2022-04-27 03:00:00,5.430,0.000,0.000,0.000,4.900
2022-04-27 04:00:00,5.230,0.000,0.000,0.000,4.300
2022-04-27 05:00:00,4.370,31.000,173.400,16.000,4.200
2022-04-27 06:00:00,2.650,146.000,410.800,55.000,6.200
2022-04-27 07:00:00,2.050,281.000,517.500,88.000,8.400
2022-04-27 08:00:00,2.200,357.000,423.900,140.000,10.200
2022-04-27 09:00:00,2.160,517.000,572.400,157.000,11.600
2022-04-27 10:00:00,1.970,612.000,590.800,189.000,12.700
2022-04-27 11:00:00,2.400,668.000,652.900,167.000,13.600
2022-04-27 12:00:00,3.780,683.000,630.000,192.000,14.700
2022-04-27 13:00:00,4.350,551.000,415.300,239.000,15.100
2022-04-27 14:00:00,4.510,443.000,315.400,227.000,15.300
2022-04-27 15:00:00,4.730,421.000,381.200,198.000,15.600
2022-04-27 16:00:00,4.900,345.000,471.300,129.000,15.300
2022-04-27 17:00:00,4.650,220.000,434.000,84.000,14.700
2022-04-27 18:00:00,5.030,95.000,287.000,49.000,13.600
2022-04-27 19:00:00,5.850,9.000,35.400,7.000,11.800
2022-04-27 20:00:00,6.270,0.000,0.000,0.000,10.400
2022-04-27 21:00:00,5.950,0.000,0.000,0.000,9.100
2022-04-27 22:00:00,5.500,0.000,0.000,0.000,7.000
2022-04-27 23:00:00,4.900,0.000,0.000,0.000,5.800
2022-04-28 00:00:00,4.840,0.000,0.000,0.000,4.700
2022-04-28 01:00:00,4.860,0.000,0.000,0.000,3.700
2022-04-28 02:00:00,4.240,0.000,0.000,0.000,3.300
2022-04-28 03:00:00,3.750,0.000,0.000,0.000,3.200
2022-04-28 04:00:00,3.760,0.000,0.000,0.000,2.500
2022-04-28 05:00:00,3.720,36.000,180.200,20.000,2.900
2022-04-28 06:00:00,2.590,159.000,442.200,59.000,5.300
2022-04-28 07:00:00,1.970,325.000,644.000,82.000,7.900
2022-04-28 08:00:00,1.980,464.000,724.700,90.000,9.700
2022-04-28 09:00:00,2.230,615.000,794.800,112.000,11.000
2022-04-28 10:00:00,2.480,724.000,842.000,118.000,12.100
2022-04-28 11:00:00,2.870,784.000,856.200,124.000,12.900
2022-04-28 12:00:00,3.110,803.000,876.400,117.000,13.800
2022-04-28 13:00:00,2.940,742.000,800.500,138.000,14.600
2022-04-28 14:00:00,2.960,688.000,832.500,115.000,15.200
2022-04-28 15:00:00,2.850,573.000,805.600,99.000,15.600
2022-04-28 16:00:00,2.710,421.000,701.600,97.000,15.800
2022-04-28 17:00:00,2.750,262.000,602.400,71.000,15.600
2022-04-28 18:00:00,3.070,111.000,402.100,45.000,14.300
2022-04-28 19:00:00,4.380,12.000,68.500,8.000,11.700
2022-04-28 20:00:00,5.780,0.000,0.000,0.000,10.100
2022-04-28 21:00:00,6.160,0.000,0.000,0.000,9.000
2022-04-28 22:00:00,6.270,0.000,0.000,0.000,7.700
2022-04-28 23:00:00,4.730,0.000,0.000,0.000,6.200
2022-04-29 00:00:00,3.860,0.000,0.000,0.000,5.300
2022-04-29 01:00:00,2.960,0.000,0.000,0.000,4.400
2022-04-29 02:00:00,2.360,0.000,0.000,0.000,3.700
2022-04-29 03:00:00,2.590,0.000,0.000,0.000,3.200
2022-04-29 04:00:00,2.930,0.000,0.000,0.000,3.000
2022-04-29 05:00:00,3.080,34.000,54.900,29.000,3.400
2022-04-29 06:00:00,2.720,115.000,78.000,97.000,4.900
2022-04-29 07:00:00,1.400,292.000,411.400,135.000,7.300
2022-04-29 08:00:00,1.110,446.000,549.900,160.000,9.800
2022-04-29 09:00:00,0.960,547.000,518.300,217.000,11.700
2022-04-29 10:00:00,1.070,677.000,638.700,215.000,13.500
2022-04-29 11:00:00,0.810,755.000,721.900,196.000,14.700
2022-04-29 12:00:00,1.030,734.000,603.000,260.000,15.600
2022-04-29 13:00:00,1.280,537.000,331.200,286.000,15.900
2022-04-29 14:00:00,1.870,353.000,128.700,264.000,15.700
2022-04-29 15:00:00,2.930,307.000,67.600,267.000,15.500
2022-04-29 16:00:00,4.590,233.000,75.200,198.000,14.900
2022-04-29 17:00:00,5.760,175.000,140.300,130.000,14.100
2022-04-29 18:00:00,6.940,73.000,41.700,66.000,13.000
2022-04-29 19:00:00,7.010,9.000,0.000,9.000,11.800
2022-04-29 20:00:00,6.840,0.000,0.000,0.000,10.700
2022-04-29 21:00:00,6.540,0.000,0.000,0.000,9.500
2022-04-29 22:00:00,5.020,0.000,0.000,0.000,8.200
2022-04-29 23:00:00,4.610,0.000,0.000,0.000,7.600
2022-04-30 00:00:00,4.410,0.000,0.000,0.000,6.900
2022-04-30 01:00:00,4.510,0.000,0.000,0.000,6.200
2022-04-30 02:00:00,4.290,0.000,0.000,0.000,5.900
2022-04-30 03:00:00,4.490,0.000,0.000,0.000,5.700
2022-04-30 04:00:00,4.640,0.000,0.000,0.000,5.500
2022-04-30 05:00:00,4.050,29.000,64.400,23.000,5.400
2022-04-30 06:00:00,2.930,102.000,110.600,76.000,6.300
2022-04-30 07:00:00,2.420,182.000,217.700,98.000,7.500
2022-04-30 08:00:00,2.520,372.000,393.100,166.000,8.700
2022-04-30 09:00:00,2.870,451.000,441.900,168.000,10.000
2022-04-30 10:00:00,3.130,472.000,407.200,176.000,11.100
2022-04-30 11:00:00,2.950,403.000,241.700,215.000,11.600
2022-04-30 12:00:00,2.890,397.000,211.600,230.000,12.500
2022-04-30 13:00:00,3.090,393.000,132.700,292.000,13.300
2022-04-30 14:00:00,3.060,293.000,77.700,239.000,13.500
2022-04-30 15:00:00,2.890,281.000,164.700,183.000,13.900
2022-04-30 16:00:00,2.620,168.000,125.900,109.000,13.600
2022-04-30 17:00:00,3.130,159.000,203.500,93.000,13.600
2022-04-30 18:00:00,3.880,81.000,174.600,51.000,12.600
2022-04-30 19:00:00,4.590,5.000,0.000,5.000,11.600
2022-04-30 20:00:00,4.940,0.000,0.000,0.000,10.900
2022-04-30 21:00:00,5.310,0.000,0.000,0.000,10.600
2022-04-30 22:00:00,5.170,0.000,0.000,0.000,9.900
2022-04-30 23:00:00,4.550,0.000,0.000,0.000,9.500
2022-05-01 00:00:00,3.700,0.000,0.000,0.000,9.100
2022-05-01 01:00:00,3.100,0.000,0.000,0.000,8.600
2022-05-01 02:00:00,2.960,0.000,0.000,0.000,8.400
2022-05-01 03:00:00,3.210,0.000,0.000,0.000,8.100
2022-05-01 04:00:00,3.120,0.000,0.000,0.000,8.000
2022-05-01 05:00:00,3.010,10.000,0.000,10.000,7.700
2022-05-01 06:00:00,2.880,39.000,16.700,35.000,8.000
2022-05-01 07:00:00,2.380,124.000,125.700,75.000,8.400
2022-05-01 08:00:00,1.820,155.000,125.000,89.000,9.200
2022-05-01 09:00:00,1.270,165.000,96.300,103.000,10.200
2022-05-01 10:00:00,0.920,282.000,186.200,146.000,11.600
2022-05-01 11:00:00,0.780,393.000,235.600,209.000,12.800
2022-05-01 12:00:00,1.210,353.000,164.000,223.000,13.400
2022-05-01 13:00:00,2.000,356.000,162.300,232.000,14.100
2022-05-01 14:00:00,2.160,331.000,123.200,245.000,14.300
2022-05-01 15:00:00,1.950,323.000,262.400,166.000,14.600
2022-05-01 16:00:00,1.520,258.000,165.200,180.000,14.400
2022-05-01 17:00:00,2.020,184.000,195.200,120.000,14.100
2022-05-01 18:00:00,2.860,63.000,51.300,54.000,13.300
2022-05-01 19:00:00,4.190,7.000,15.600,6.000,12.000
2022-05-01 20:00:00,5.110,0.000,0.000,0.000,11.300
2022-05-01 21:00:00,5.160,0.000,0.000,0.000,11.000
2022-05-01 22:00:00,4.090,0.000,0.000,0.000,9.900
2022-05-01 23:00:00,4.200,0.000,0.000,0.000,9.400
2022-05-02 00:00:00,4.110,0.000,0.000,0.000,8.900
2022-05-02 01:00:00,3.780,0.000,0.000,0.000,8.300
2022-05-02 02:00:00,3.660,0.000,0.000,0.000,7.800
2022-05-02 03:00:00,3.610,0.000,0.000,0.000,7.500
2022-05-02 04:00:00,3.640,0.000,0.000,0.000,7.100
2022-05-02 05:00:00,3.400,13.000,0.000,13.000,7.200
2022-05-02 06:00:00,2.580,50.000,20.500,45.000,8.900
2022-05-02 07:00:00,2.280,195.000,213.300,111.000,10.600
2022-05-02 08:00:00,2.060,334.000,297.200,176.000,11.800
2022-05-02 09:00:00,1.970,506.000,529.700,163.000,13.000
2022-05-02 10:00:00,1.970,670.000,711.500,148.000,16.000
2022-05-02 11:00:00,0.860,642.000,580.200,187.000,16.600
2022-05-02 12:00:00,0.150,437.000,203.600,275.000,17.100
2022-05-02 13:00:00,0.500,343.000,125.100,247.000,17.500
2022-05-02 14:00:00,1.520,380.000,228.200,220.000,18.000
2022-05-02 15:00:00,2.330,349.000,276.000,183.000,18.100
2022-05-02 16:00:00,2.870,216.000,147.300,146.000,17.800
2022-05-02 17:00:00,3.650,163.000,202.200,96.000,17.400
2022-05-02 18:00:00,5.100,85.000,228.800,44.000,16.200
2022-05-02 19:00:00,6.140,16.000,91.200,10.000,14.300
2022-05-02 20:00:00,6.450,0.000,0.000,0.000,12.600
2022-05-02 21:00:00,6.470,0.000,0.000,0.000,11.100
2022-05-02 22:00:00,6.100,0.000,0.000,0.000,9.800
2022-05-02 23:00:00,5.250,0.000,0.000,0.000,8.500
2022-05-03 00:00:00,4.550,0.000,0.000,0.000,7.500
2022-05-03 01:00:00,4.140,0.000,0.000,0.000,6.400
2022-05-03 02:00:00,4.050,0.000,0.000,0.000,5.300
2022-05-03 03:00:00,4.100,0.000,0.000,0.000,4.600
2022-05-03 04:00:00,4.120,0.000,0.000,0.000,4.000
2022-05-03 05:00:00,3.760,47.000,211.400,26.000,5.100
2022-05-03 06:00:00,2.330,160.000,367.300,69.000,7.200
2022-05-03 07:00:00,1.700,291.000,495.300,94.000,9.500
2022-05-03 08:00:00,2.300,457.000,633.300,118.000,11.400
2022-05-03 09:00:00,2.910,560.000,657.500,132.000,12.700
2022-05-03 10:00:00,2.760,614.000,621.500,156.000,14.000
2022-05-03 11:00:00,3.280,610.000,583.000,151.000,14.900
2022-05-03 12:00:00,3.790,614.000,566.000,162.000,15.500
2022-05-03 13:00:00,4.190,488.000,289.500,265.000,15.800
2022-05-03 14:00:00,4.530,304.000,44.000,273.000,15.500
2022-05-03 15:00:00,5.210,183.000,11.600,176.000,15.100
2022-05-03 16:00:00,5.570,184.000,73.100,149.000,14.700
2022-05-03 17:00:00,5.220,179.000,230.000,102.000,14.200
2022-05-03 18:00:00,4.940,94.000,213.300,55.000,13.200
2022-05-03 19:00:00,4.760,17.000,88.800,11.000,11.500
2022-05-03 20:00:00,4.260,0.000,0.000,0.000,9.600
2022-05-03 21:00:00,3.720,0.000,0.000,0.000,8.000
2022-05-03 22:00:00,4.050,0.000,0.000,0.000,6.800
2022-05-03 23:00:00,3.560,0.000,0.000,0.000,5.700
2022-05-04 00:00:00,3.730,0.000,0.000,0.000,4.900
2022-05-04 01:00:00,3.540,0.000,0.000,0.000,4.400
2022-05-04 02:00:00,3.030,0.000,0.000,0.000,3.800
2022-05-04 03:00:00,2.300,0.000,0.000,0.000,3.500
2022-05-04 04:00:00,1.860,1.000,0.000,1.000,3.400
2022-05-04 05:00:00,1.640,41.000,167.900,24.000,4.000
2022-05-04 06:00:00,1.430,107.000,178.800,62.000,6.000
2022-05-04 07:00:00,1.540,192.000,271.400,83.000,8.500
2022-05-04 08:00:00,1.620,154.000,16.700,145.000,10.000
2022-05-04 09:00:00,1.440,369.000,126.800,286.000,11.200
2022-05-04 10:00:00,1.540,519.000,374.300,242.000,12.200
2022-05-04 11:00:00,1.620,531.000,398.600,216.000,13.100
2022-05-04 12:00:00,1.280,572.000,390.500,259.000,14.600
2022-05-04 13:00:00,0.670,449.000,161.700,324.000,15.300
2022-05-04 14:00:00,1.880,246.000,17.000,234.000,15.600
2022-05-04 15:00:00,3.150,187.000,19.700,175.000,15.700
2022-05-04 16:00:00,3.690,193.000,85.100,152.000,15.800
2022-05-04 17:00:00,4.000,202.000,301.600,100.000,15.700
2022-05-04 18:00:00,3.980,95.000,252.000,48.000,14.600
2022-05-04 19:00:00,4.290,13.000,57.700,9.000,13.100
2022-05-04 20:00:00,4.800,0.000,0.000,0.000,12.000
2022-05-04 21:00:00,4.930,0.000,0.000,0.000,11.300
2022-05-04 22:00:00,5.390,0.000,0.000,0.000,8.700
2022-05-04 23:00:00,4.740,0.000,0.000,0.000,7.800
2022-05-05 00:00:00,4.340,0.000,0.000,0.000,7.000
2022-05-05 01:00:00,3.730,0.000,0.000,0.000,5.800
2022-05-05 02:00:00,3.050,0.000,0.000,0.000,5.100
2022-05-05 03:00:00,2.210,0.000,0.000,0.000,4.500
2022-05-05 04:00:00,2.460,1.000,0.000,1.000,3.700
2022-05-05 05:00:00,3.560,56.000,192.700,36.000,4.600
2022-05-05 06:00:00,2.570,184.000,438.000,72.000,7.100
2022-05-05 07:00:00,1.860,346.000,636.600,88.000,9.500
2022-05-05 08:00:00,2.190,503.000,732.000,106.000,11.400
2022-05-05 09:00:00,2.540,641.000,807.500,110.000,13.000
2022-05-05 10:00:00,3.040,740.000,835.600,119.000,14.600
2022-05-05 11:00:00,2.580,775.000,752.500,178.000,15.900
2022-05-05 12:00:00,2.230,798.000,781.800,169.000,16.800
2022-05-05 13:00:00,2.600,755.000,743.500,178.000,17.800
2022-05-05 14:00:00,3.260,576.000,616.900,138.000,18.100
2022-05-05 15:00:00,3.920,443.000,499.400,138.000,18.300
2022-05-05 16:00:00,4.590,229.000,206.200,129.000,17.700
2022-05-05 17:00:00,4.360,103.000,49.800,86.000,17.000
2022-05-05 18:00:00,4.180,64.000,105.200,44.000,16.200
2022-05-05 19:00:00,5.100,15.000,70.300,10.000,14.900
2022-05-05 20:00:00,5.590,0.000,0.000,0.000,12.500
2022-05-05 21:00:00,5.310,0.000,0.000,0.000,10.900
2022-05-05 22:00:00,5.500,0.000,0.000,0.000,10.000
2022-05-05 23:00:00,4.680,0.000,0.000,0.000,8.000
2022-05-06 00:00:00,3.450,0.000,0.000,0.000,6.600
2022-05-06 01:00:00,2.780,0.000,0.000,0.000,6.300
2022-05-06 02:00:00,2.160,0.000,0.000,0.000,6.200
2022-05-06 03:00:00,2.200,0.000,0.000,0.000,5.700
2022-05-06 04:00:00,1.100,1.000,0.000,1.000,4.700
2022-05-06 05:00:00,1.160,60.000,278.100,30.000,6.300
2022-05-06 06:00:00,1.480,185.000,462.300,65.000,9.600
2022-05-06 07:00:00,0.450,302.000,474.400,108.000,12.400
2022-05-06 08:00:00,0.910,410.000,489.200,143.000,14.900
2022-05-06 09:00:00,1.650,604.000,681.000,154.000,16.500
2022-05-06 10:00:00,1.460,726.000,794.600,133.000,17.800
2022-05-06 11:00:00,1.880,650.000,575.200,192.000,18.600
2022-05-06 12:00:00,2.300,637.000,562.300,183.000,19.300
2022-05-06 13:00:00,2.550,401.000,213.100,235.000,19.500
2022-05-06 14:00:00,2.330,317.000,161.300,202.000,19.800
2022-05-06 15:00:00,2.400,360.000,285.100,185.000,19.900
2022-05-06 16:00:00,2.520,251.000,241.700,133.000,19.900
2022-05-06 17:00:00,2.560,151.000,202.900,81.000,19.400
2022-05-06 18:00:00,2.690,77.000,139.400,50.000,18.800
2022-05-06 19:00:00,2.770,21.000,109.700,13.000,17.000
2022-05-06 20:00:00,3.440,0.000,0.000,0.000,14.900
2022-05-06 21:00:00,3.850,0.000,0.000,0.000,13.500
2022-05-06 22:00:00,3.840,0.000,0.000,0.000,12.400
2022-05-06 23:00:00,3.430,0.000,0.000,0.000,11.600
2022-05-07 00:00:00,3.730,0.000,0.000,0.000,11.000
2022-05-07 01:00:00,3.880,0.000,0.000,0.000,10.400
2022-05-07 02:00:00,3.650,0.000,0.000,0.000,9.900
2022-05-07 03:00:00,3.490,0.000,0.000,0.000,9.400
2022-05-07 04:00:00,3.540,2.000,0.000,2.000,9.300
2022-05-07 05:00:00,3.620,47.000,116.200,34.000,10.500
2022-05-07 06:00:00,3.300,115.000,163.300,72.000,12.300
2022-05-07 07:00:00,2.400,274.000,358.800,126.000,13.900
2022-05-07 08:00:00,2.700,432.000,491.700,162.000,15.400
2022-05-07 09:00:00,2.670,559.000,543.700,198.000,16.900
2022-05-07 10:00:00,2.610,569.000,407.100,264.000,19.000
2022-05-07 11:00:00,2.760,557.000,386.700,248.000,19.300
2022-05-07 12:00:00,2.930,576.000,429.500,228.000,19.700
2022-05-07 13:00:00,3.180,442.000,271.200,230.000,19.400
2022-05-07 14:00:00,3.330,435.000,401.000,148.000,19.300
2022-05-07 15:00:00,3.690,455.000,514.000,138.000,19.500
2022-05-07 16:00:00,4.710,322.000,398.900,126.000,19.000
2022-05-07 17:00:00,5.350,212.000,361.800,86.000,18.200
2022-05-07 18:00:00,5.370,82.000,157.200,51.000,17.200
2022-05-07 19:00:00,5.470,23.000,93.800,16.000,16.400
2022-05-07 20:00:00,5.360,0.000,0.000,0.000,15.300
2022-05-07 21:00:00,5.120,0.000,0.000,0.000,14.400
2022-05-07 22:00:00,5.350,0.000,0.000,0.000,12.200
2022-05-07 23:00:00,5.710,0.000,0.000,0.000,11.100
2022-05-08 00:00:00,5.840,0.000,0.000,0.000,10.300
2022-05-08 01:00:00,5.510,0.000,0.000,0.000,9.300
2022-05-08 02:00:00,5.180,0.000,0.000,0.000,8.100
2022-05-08 03:00:00,4.840,0.000,0.000,0.000,7.200
2022-05-08 04:00:00,3.990,2.000,0.000,2.000,6.100
2022-05-08 05:00:00,3.560,69.000,310.800,33.000,6.400
2022-05-08 06:00:00,3.490,206.000,524.200,66.000,7.700
2022-05-08 07:00:00,3.230,356.000,629.900,94.000,9.200
2022-05-08 08:00:00,3.020,488.000,651.700,128.000,10.500
2022-05-08 09:00:00,2.910,646.000,796.000,115.000,11.900
2022-05-08 10:00:00,2.600,755.000,844.200,120.000,13.400
2022-05-08 11:00:00,2.980,817.000,864.200,124.000,14.900
2022-05-08 12:00:00,3.010,831.000,873.300,121.000,16.000
2022-05-08 13:00:00,2.750,798.000,864.200,120.000,16.900
2022-05-08 14:00:00,2.650,717.000,837.700,115.000,17.600
2022-05-08 15:00:00,2.620,599.000,794.000,107.000,18.000
2022-05-08 16:00:00,2.700,454.000,728.100,94.000,18.100
2022-05-08 17:00:00,2.710,295.000,620.000,77.000,17.800
2022-05-08 18:00:00,2.720,142.000,448.300,52.000,16.400
2022-05-08 19:00:00,3.200,28.000,157.200,16.000,14.100
2022-05-08 20:00:00,3.920,0.000,0.000,0.000,11.200
2022-05-08 21:00:00,4.470,0.000,0.000,0.000,10.300
2022-05-08 22:00:00,6.210,0.000,0.000,0.000,9.000
2022-05-08 23:00:00,6.490,0.000,0.000,0.000,8.200
2022-05-09 00:00:00,6.250,0.000,0.000,0.000,7.300
2022-05-09 01:00:00,5.760,0.000,0.000,0.000,6.400
2022-05-09 02:00:00,5.620,0.000,0.000,0.000,5.600
2022-05-09 03:00:00,5.580,0.000,0.000,0.000,5.100
2022-05-09 04:00:00,5.300,3.000,19.100,2.000,4.800
2022-05-09 05:00:00,5.170,72.000,317.500,34.000,6.200
2022-05-09 06:00:00,4.360,208.000,528.300,65.000,9.400
2022-05-09 07:00:00,3.740,364.000,658.100,88.000,12.100
2022-05-09 08:00:00,3.400,518.000,748.800,102.000,14.800
2022-05-09 09:00:00,3.380,649.000,795.400,116.000,16.600
2022-05-09 10:00:00,3.760,751.000,834.400,121.000,18.200
2022-05-09 11:00:00,3.360,805.000,832.600,135.000,19.300
2022-05-09 12:00:00,2.800,821.000,854.500,124.000,20.300
2022-05-09 13:00:00,2.560,789.000,849.800,120.000,21.100
2022-05-09 14:00:00,2.670,708.000,817.900,118.000,21.800
2022-05-09 15:00:00,2.300,555.000,701.900,118.000,22.100
2022-05-09 16:00:00,1.750,395.000,528.600,132.000,22.400
2022-05-09 17:00:00,2.780,249.000,386.100,112.000,22.300
2022-05-09 18:00:00,4.980,135.000,391.700,55.000,21.200
2022-05-09 19:00:00,6.450,25.000,102.500,17.000,19.200
2022-05-09 20:00:00,6.970,0.000,0.000,0.000,16.700
2022-05-09 21:00:00,7.470,0.000,0.000,0.000,15.400
2022-05-09 22:00:00,7.090,0.000,0.000,0.000,14.400
2022-05-09 23:00:00,7.030,0.000,0.000,0.000,13.800
2022-05-10 00:00:00,6.840,0.000,0.000,0.000,13.400
2022-05-10 01:00:00,6.530,0.000,0.000,0.000,12.700
2022-05-10 02:00:00,6.450,0.000,0.000,0.000,12.200
2022-05-10 03:00:00,6.970,0.000,0.000,0.000,11.700
2022-05-10 04:00:00,7.080,3.000,0.000,3.000,11.500
2022-05-10 05:00:00,6.940,61.000,129.600,45.000,12.700
2022-05-10 06:00:00,6.480,155.000,175.000,107.000,14.800
2022-05-10 07:00:00,5.010,291.000,298.100,165.000,17.600
2022-05-10 08:00:00,4.730,362.000,286.400,202.000,20.100
2022-05-10 09:00:00,5.010,508.000,374.400,256.000,21.800
2022-05-10 10:00:00,4.470,618.000,431.500,291.000,23.500
2022-05-10 11:00:00,5.310,613.000,366.600,317.000,24.800
2022-05-10 12:00:00,6.280,519.000,262.700,304.000,25.100
2022-05-10 13:00:00,6.590,458.000,248.100,262.000,25.300
2022-05-10 14:00:00,7.280,412.000,244.400,235.000,25.300
2022-05-10 15:00:00,7.160,377.000,259.000,215.000,25.000
2022-05-10 16:00:00,6.480,198.000,99.900,148.000,24.000
2022-05-10 17:00:00,7.040,87.000,11.200,83.000,23.000
2022-05-10 18:00:00,6.890,50.000,4.800,49.000,21.900
2022-05-10 19:00:00,5.150,8.000,12.500,7.000,20.000
2022-05-10 20:00:00,4.930,0.000,0.000,0.000,18.400
2022-05-10 21:00:00,4.320,0.000,0.000,0.000,17.800
2022-05-10 22:00:00,1.450,0.000,0.000,0.000,16.100
2022-05-10 23:00:00,2.590,0.000,0.000,0.000,15.900
2022-05-11 00:00:00,3.430,0.000,0.000,0.000,15.800
2022-05-11 01:00:00,4.610,0.000,0.000,0.000,15.800
2022-05-11 02:00:00,5.020,0.000,0.000,0.000,15.800
2022-05-11 03:00:00,4.740,0.000,0.000,0.000,15.700
2022-05-11 04:00:00,4.660,3.000,0.000,3.000,15.200
2022-05-11 05:00:00,4.830,35.000,47.200,29.000,15.400
2022-05-11 06:00:00,5.110,122.000,165.600,76.000,16.500
2022-05-11 07:00:00,4.450,185.000,194.900,102.000,17.900
2022-05-11 08:00:00,4.440,321.000,302.600,151.000,19.100
2022-05-11 09:00:00,4.810,396.000,281.100,206.000,21.000
2022-05-11 10:00:00,6.100,658.000,664.000,153.000,22.900
2022-05-11 11:00:00,8.930,729.000,727.200,140.000,24.300
2022-05-11 12:00:00,9.490,677.000,596.900,187.000,25.000
2022-05-11 13:00:00,10.000,650.000,574.100,195.000,25.500
2022-05-11 14:00:00,11.610,542.000,500.800,178.000,25.700
2022-05-11 15:00:00,8.880,501.000,596.900,126.000,25.600
2022-05-11 16:00:00,8.050,351.000,444.800,127.000,25.800
2022-05-11 17:00:00,7.490,227.000,359.900,97.000,24.900
2022-05-11 18:00:00,6.210,101.000,113.700,77.000,23.500
2022-05-11 19:00:00,5.760,30.000,147.500,18.000,21.600
2022-05-11 20:00:00,6.070,0.000,0.000,0.000,19.300
2022-05-11 21:00:00,5.780,0.000,0.000,0.000,18.000
2022-05-11 22:00:00,6.440,0.000,0.000,0.000,17.400
2022-05-11 23:00:00,5.110,0.000,0.000,0.000,15.900
2022-05-12 00:00:00,6.750,0.000,0.000,0.000,14.700
2022-05-12 01:00:00,9.610,0.000,0.000,0.000,14.200
2022-05-12 02:00:00,10.550,0.000,0.000,0.000,13.800
2022-05-12 03:00:00,11.010,0.000,0.000,0.000,12.700
2022-05-12 04:00:00,9.670,3.000,0.000,3.000,11.700
2022-05-12 05:00:00,7.980,49.000,84.100,38.000,11.500
2022-05-12 06:00:00,9.070,183.000,370.000,79.000,12.100
2022-05-12 07:00:00,8.020,300.000,428.800,116.000,13.000
2022-05-12 08:00:00,7.550,428.000,502.900,144.000,14.400
2022-05-12 09:00:00,7.360,476.000,405.200,201.000,15.500
2022-05-12 10:00:00,6.470,415.000,212.300,253.000,16.300
2022-05-12 11:00:00,6.170,416.000,157.500,288.000,16.900
2022-05-12 12:00:00,6.630,469.000,184.600,317.000,17.900
2022-05-12 13:00:00,6.420,465.000,184.900,318.000,18.700
2022-05-12 14:00:00,6.860,381.000,190.600,242.000,19.100
2022-05-12 15:00:00,6.310,340.000,177.500,228.000,19.600
2022-05-12 16:00:00,6.410,289.000,185.600,195.000,19.500
2022-05-12 17:00:00,5.130,153.000,98.800,117.000,19.100
2022-05-12 18:00:00,4.970,93.000,70.000,78.000,18.100
2022-05-12 19:00:00,5.050,27.000,120.500,17.000,16.500
2022-05-12 20:00:00,4.800,0.000,0.000,0.000,14.500
2022-05-12 21:00:00,4.490,0.000,0.000,0.000,12.900
2022-05-12 22:00:00,3.720,0.000,0.000,0.000,11.600
2022-05-12 23:00:00,2.170,0.000,0.000,0.000,10.200
2022-05-13 00:00:00,1.260,0.000,0.000,0.000,9.700
2022-05-13 01:00:00,3.290,0.000,0.000,0.000,8.900
2022-05-13 02:00:00,5.170,0.000,0.000,0.000,8.400
2022-05-13 03:00:00,5.850,0.000,0.000,0.000,8.400
2022-05-13 04:00:00,6.500,4.000,19.100,3.000,8.600
2022-05-13 05:00:00,6.820,59.000,163.900,37.000,9.900
2022-05-13 06:00:00,6.980,133.000,196.900,77.000,11.800
2022-05-13 07:00:00,7.300,140.000,53.200,117.000,13.200
2022-05-13 08:00:00,7.990,281.000,202.600,166.000,13.500
2022-05-13 09:00:00,8.740,478.000,430.100,185.000,14.500
2022-05-13 10:00:00,8.180,455.000,402.200,147.000,15.500
2022-05-13 11:00:00,9.400,652.000,558.300,197.000,16.200
2022-05-13 12:00:00,10.050,433.000,188.900,277.000,16.100
2022-05-13 13:00:00,9.880,465.000,292.100,232.000,16.800
2022-05-13 14:00:00,9.850,307.000,154.400,194.000,17.500
2022-05-13 15:00:00,9.120,237.000,71.000,192.000,17.700
2022-05-13 16:00:00,8.240,252.000,139.400,181.000,17.800
2022-05-13 17:00:00,7.270,236.000,318.400,119.000,17.700
2022-05-13 18:00:00,6.900,142.000,372.000,61.000,17.000
2022-05-13 19:00:00,6.760,12.000,11.800,11.000,14.900
2022-05-13 20:00:00,6.450,0.000,0.000,0.000,13.200
2022-05-13 21:00:00,6.160,0.000,0.000,0.000,12.100
2022-05-13 22:00:00,5.550,0.000,0.000,0.000,12.600
2022-05-13 23:00:00,5.610,0.000,0.000,0.000,12.000
2022-05-14 00:00:00,5.700,0.000,0.000,0.000,11.800
2022-05-14 01:00:00,5.870,0.000,0.000,0.000,11.300
2022-05-14 02:00:00,6.370,0.000,0.000,0.000,10.700
2022-05-14 03:00:00,6.910,0.000,0.000,0.000,10.500
2022-05-14 04:00:00,7.130,4.000,19.100,3.000,10.600
2022-05-14 05:00:00,6.830,53.000,101.700,39.000,11.700
2022-05-14 06:00:00,6.320,145.000,219.100,82.000,12.800
2022-05-14 07:00:00,6.110,317.000,468.800,113.000,14.100
2022-05-14 08:00:00,5.970,489.000,606.700,143.000,15.400
2022-05-14 09:00:00,6.350,563.000,600.900,152.000,16.700
2022-05-14 10:00:00,6.180,576.000,463.400,220.000,17.600
2022-05-14 11:00:00,6.790,479.000,237.300,285.000,18.100
2022-05-14 12:00:00,7.120,425.000,123.200,323.000,18.500
2022-05-14 13:00:00,7.240,432.000,200.000,272.000,19.000
2022-05-14 14:00:00,6.600,492.000,251.900,307.000,19.500
2022-05-14 15:00:00,6.230,371.000,180.700,256.000,19.500
2022-05-14 16:00:00,6.050,322.000,259.700,189.000,19.400
2022-05-14 17:00:00,5.960,238.000,296.900,128.000,18.800
2022-05-14 18:00:00,5.540,148.000,411.800,57.000,17.900
2022-05-14 19:00:00,4.800,36.000,185.700,20.000,16.300
2022-05-14 20:00:00,4.210,0.000,0.000,0.000,14.000
2022-05-14 21:00:00,4.200,0.000,0.000,0.000,12.200
2022-05-14 22:00:00,4.300,0.000,0.000,0.000,10.700
2022-05-14 23:00:00,3.970,0.000,0.000,0.000,9.400
2022-05-15 00:00:00,3.540,0.000,0.000,0.000,8.300
2022-05-15 01:00:00,2.960,0.000,0.000,0.000,8.100
2022-05-15 02:00:00,3.000,0.000,0.000,0.000,6.700
2022-05-15 03:00:00,3.170,0.000,0.000,0.000,5.600
2022-05-15 04:00:00,3.150,7.000,38.200,5.000,5.600
2022-05-15 05:00:00,3.170,85.000,326.300,39.000,7.700
2022-05-15 06:00:00,2.520,222.000,522.900,70.000,11.100
2022-05-15 07:00:00,2.750,377.000,657.500,89.000,14.000
2022-05-15 08:00:00,2.760,529.000,739.900,105.000,16.000
2022-05-15 09:00:00,2.260,660.000,793.900,115.000,17.400
2022-05-15 10:00:00,1.360,759.000,824.000,124.000,18.800
2022-05-15 11:00:00,1.570,814.000,836.800,128.000,19.700
2022-05-15 12:00:00,2.070,828.000,836.800,133.000,20.600
2022-05-15 13:00:00,1.910,792.000,821.400,133.000,21.400
2022-05-15 14:00:00,1.880,715.000,796.500,128.000,21.900
2022-05-15 15:00:00,2.650,600.000,759.100,115.000,22.200
2022-05-15 16:00:00,3.100,460.000,697.100,101.000,22.200
2022-05-15 17:00:00,3.210,301.000,567.600,89.000,21.800
2022-05-15 18:00:00,4.150,131.000,191.800,88.000,20.700
2022-05-15 19:00:00,5.700,40.000,216.700,21.000,18.800
2022-05-15 20:00:00,6.700,0.000,0.000,0.000,17.000
2022-05-15 21:00:00,7.010,0.000,0.000,0.000,15.700
2022-05-15 22:00:00,6.850,0.000,0.000,0.000,14.300
2022-05-15 23:00:00,6.100,0.000,0.000,0.000,13.400
2022-05-16 00:00:00,5.990,0.000,0.000,0.000,12.400
2022-05-16 01:00:00,6.280,0.000,0.000,0.000,11.400
2022-05-16 02:00:00,7.130,0.000,0.000,0.000,10.800
2022-05-16 03:00:00,7.120,0.000,0.000,0.000,10.300
2022-05-16 04:00:00,6.980,7.000,19.100,6.000,10.200
2022-05-16 05:00:00,7.100,84.000,270.500,45.000,11.900
2022-05-16 06:00:00,5.970,218.000,486.900,75.000,14.300
2022-05-16 07:00:00,5.550,373.000,630.600,95.000,16.800
2022-05-16 08:00:00,5.740,520.000,691.400,122.000,19.200
2022-05-16 09:00:00,5.480,650.000,749.000,134.000,20.800
2022-05-16 10:00:00,5.070,715.000,655.900,208.000,23.400
2022-05-16 11:00:00,5.440,731.000,568.100,264.000,24.500
2022-05-16 12:00:00,5.000,696.000,503.100,277.000,25.000
2022-05-16 13:00:00,4.590,424.000,183.900,276.000,24.700
2022-05-16 14:00:00,4.110,383.000,163.700,262.000,24.300
2022-05-16 15:00:00,3.920,385.000,238.500,232.000,24.000
2022-05-16 16:00:00,3.600,394.000,529.300,120.000,23.700
2022-05-16 17:00:00,2.670,255.000,374.600,114.000,22.800
2022-05-16 18:00:00,1.740,97.000,92.400,76.000,21.500
2022-05-16 19:00:00,2.300,26.000,11.200,25.000,19.900
2022-05-16 20:00:00,4.410,0.000,0.000,0.000,18.900
2022-05-16 21:00:00,7.100,0.000,0.000,0.000,18.300
2022-05-16 22:00:00,7.700,0.000,0.000,0.000,16.900
2022-05-16 23:00:00,6.480,0.000,0.000,0.000,16.200
2022-05-17 00:00:00,5.660,0.000,0.000,0.000,16.100
2022-05-17 01:00:00,5.160,0.000,0.000,0.000,15.800
2022-05-17 02:00:00,5.520,0.000,0.000,0.000,15.100
2022-05-17 03:00:00,5.730,0.000,0.000,0.000,14.700
2022-05-17 04:00:00,5.430,6.000,19.100,5.000,14.400
2022-05-17 05:00:00,5.060,72.000,224.000,39.000,14.700
2022-05-17 06:00:00,4.620,145.000,239.400,74.000,15.800
2022-05-17 07:00:00,4.250,309.000,410.400,127.000,17.000
2022-05-17 08:00:00,4.230,321.000,283.700,157.000,18.200
2022-05-17 09:00:00,4.330,464.000,418.100,175.000,19.100
2022-05-17 10:00:00,4.310,445.000,341.900,180.000,20.200
2022-05-17 11:00:00,3.520,466.000,336.100,189.000,21.300
2022-05-17 12:00:00,3.810,648.000,603.600,144.000,22.200
2022-05-17 13:00:00,3.950,618.000,544.100,179.000,22.800
2022-05-17 14:00:00,3.750,497.000,462.400,154.000,22.500
2022-05-17 15:00:00,3.150,378.000,411.500,113.000,22.500
2022-05-17 16:00:00,2.400,312.000,392.000,108.000,21.900
2022-05-17 17:00:00,1.810,211.000,292.700,100.000,21.200
2022-05-17 18:00:00,2.150,123.000,299.500,54.000,20.200
2022-05-17 19:00:00,2.860,35.000,121.300,24.000,18.900
2022-05-17 20:00:00,3.540,0.000,0.000,0.000,17.600
2022-05-17 21:00:00,3.870,0.000,0.000,0.000,17.000
2022-05-17 22:00:00,5.350,0.000,0.000,0.000,16.000
2022-05-17 23:00:00,5.080,0.000,0.000,0.000,15.500
2022-05-18 00:00:00,5.220,0.000,0.000,0.000,15.400
2022-05-18 01:00:00,5.660,0.000,0.000,0.000,14.900
2022-05-18 02:00:00,6.360,0.000,0.000,0.000,14.800
2022-05-18 03:00:00,5.980,0.000,0.000,0.000,14.900
2022-05-18 04:00:00,5.910,7.000,0.000,7.000,15.100
2022-05-18 05:00:00,6.300,68.000,119.700,50.000,15.700
2022-05-18 06:00:00,5.260,177.000,277.200,94.000,17.200
2022-05-18 07:00:00,4.970,305.000,412.500,121.000,19.200
2022-05-18 08:00:00,5.240,310.000,285.900,144.000,21.100
2022-05-18 09:00:00,5.070,510.000,480.200,177.000,22.800
2022-05-18 10:00:00,4.220,621.000,594.300,159.000,23.900
2022-05-18 11:00:00,3.660,716.000,693.400,143.000,25.100
2022-05-18 12:00:00,3.300,751.000,717.900,150.000,26.300
2022-05-18 13:00:00,3.060,675.000,660.000,141.000,26.700
2022-05-18 14:00:00,3.210,541.000,522.800,152.000,27.000
2022-05-18 15:00:00,3.410,437.000,481.100,126.000,27.200
2022-05-18 16:00:00,3.550,269.000,332.700,95.000,26.700
2022-05-18 17:00:00,3.850,219.000,327.100,94.000,26.400
2022-05-18 18:00:00,5.030,126.000,308.500,54.000,25.500
2022-05-18 19:00:00,6.200,32.000,130.300,20.000,23.900
2022-05-18 20:00:00,7.130,0.000,0.000,0.000,22.400
2022-05-18 21:00:00,7.530,0.000,0.000,0.000,21.400
2022-05-18 22:00:00,7.160,0.000,0.000,0.000,20.600
2022-05-18 23:00:00,7.260,0.000,0.000,0.000,19.800
2022-05-19 00:00:00,7.370,0.000,0.000,0.000,19.100
2022-05-19 01:00:00,7.640,0.000,0.000,0.000,18.200
2022-05-19 02:00:00,7.570,0.000,0.000,0.000,17.700
2022-05-19 03:00:00,7.550,0.000,0.000,0.000,17.200
2022-05-19 04:00:00,8.170,9.000,18.700,8.000,17.000
2022-05-19 05:00:00,7.610,76.000,104.400,60.000,18.000
2022-05-19 06:00:00,7.180,203.000,337.700,101.000,20.300
2022-05-19 07:00:00,6.040,359.000,541.700,116.000,22.400
2022-05-19 08:00:00,5.740,486.000,542.100,170.000,24.000
2022-05-19 09:00:00,5.690,590.000,513.200,233.000,25.100
2022-05-19 10:00:00,6.440,707.000,627.400,218.000,26.500
2022-05-19 11:00:00,6.050,746.000,593.900,254.000,27.400
2022-05-19 12:00:00,6.200,680.000,398.000,346.000,28.000
2022-05-19 13:00:00,6.130,663.000,473.400,279.000,28.400
2022-05-19 14:00:00,5.590,604.000,426.100,286.000,28.500
2022-05-19 15:00:00,5.760,481.000,336.000,263.000,28.300
2022-05-19 16:00:00,7.660,230.000,68.500,194.000,24.800
2022-05-19 17:00:00,5.600,78.000,2.600,77.000,19.500
2022-05-19 18:00:00,3.830,43.000,0.000,43.000,18.100
2022-05-19 19:00:00,4.640,30.000,42.800,26.000,17.700
2022-05-19 20:00:00,6.770,0.000,0.000,0.000,17.600
2022-05-19 21:00:00,7.240,0.000,0.000,0.000,17.400
2022-05-19 22:00:00,8.710,0.000,0.000,0.000,17.600
2022-05-19 23:00:00,8.390,0.000,0.000,0.000,16.800
2022-05-20 00:00:00,6.980,0.000,0.000,0.000,16.200
2022-05-20 01:00:00,7.000,0.000,0.000,0.000,15.500
2022-05-20 02:00:00,7.060,0.000,0.000,0.000,15.000
2022-05-20 03:00:00,6.330,0.000,0.000,0.000,14.500
2022-05-20 04:00:00,4.180,9.000,36.400,7.000,14.100
2022-05-20 05:00:00,4.100,68.000,121.800,49.000,14.200
2022-05-20 06:00:00,3.600,162.000,239.600,89.000,14.800
2022-05-20 07:00:00,3.210,234.000,184.000,151.000,15.400
2022-05-20 08:00:00,2.850,372.000,336.700,175.000,16.100
2022-05-20 09:00:00,2.020,572.000,525.900,205.000,17.300
2022-05-20 10:00:00,0.690,749.000,761.400,154.000,19.000
2022-05-20 11:00:00,2.850,720.000,662.400,170.000,19.900
2022-05-20 12:00:00,2.330,715.000,602.700,208.000,21.200
2022-05-20 13:00:00,2.410,507.000,257.000,298.000,21.900
2022-05-20 14:00:00,2.230,418.000,164.400,295.000,22.100
2022-05-20 15:00:00,4.630,408.000,201.200,277.000,21.900
2022-05-20 16:00:00,5.170,263.000,132.600,193.000,20.500
2022-05-20 17:00:00,6.590,88.000,12.900,83.000,19.500
2022-05-20 18:00:00,7.780,51.000,0.000,51.000,18.700
2022-05-20 19:00:00,8.530,21.000,21.100,19.000,19.100
2022-05-20 20:00:00,11.730,0.000,0.000,0.000,18.800
2022-05-20 21:00:00,14.260,0.000,0.000,0.000,15.700
2022-05-20 22:00:00,12.820,0.000,0.000,0.000,14.600
2022-05-20 23:00:00,11.670,0.000,0.000,0.000,13.800
2022-05-21 00:00:00,11.850,0.000,0.000,0.000,13.000
2022-05-21 01:00:00,10.960,0.000,0.000,0.000,12.400
2022-05-21 02:00:00,9.110,0.000,0.000,0.000,12.000
2022-05-21 03:00:00,8.600,0.000,0.000,0.000,11.900
2022-05-21 04:00:00,7.970,7.000,17.800,6.000,11.700
2022-05-21 05:00:00,9.150,77.000,214.300,43.000,12.100
2022-05-21 06:00:00,10.960,140.000,166.100,89.000,12.900
2022-05-21 07:00:00,10.960,111.000,2.200,110.000,13.100
2022-05-21 08:00:00,10.770,176.000,35.800,155.000,13.600
2022-05-21 09:00:00,10.880,254.000,151.500,148.000,15.000
2022-05-21 10:00:00,9.410,655.000,671.500,129.000,16.500
2022-05-21 11:00:00,9.650,595.000,468.600,205.000,16.700
2022-05-21 12:00:00,10.190,647.000,563.400,172.000,17.400
2022-05-21 13:00:00,10.160,579.000,533.600,144.000,18.100
2022-05-21 14:00:00,9.860,507.000,447.700,171.000,18.300
2022-05-21 15:00:00,9.690,391.000,378.100,144.000,18.000
2022-05-21 16:00:00,9.200,315.000,354.400,127.000,17.700
2022-05-21 17:00:00,8.400,208.000,269.200,103.000,17.300
2022-05-21 18:00:00,7.140,105.000,190.100,59.000,16.600
2022-05-21 19:00:00,6.580,37.000,145.500,23.000,15.700
2022-05-21 20:00:00,6.250,1.000,0.000,1.000,14.600
2022-05-21 21:00:00,5.730,0.000,0.000,0.000,13.900
2022-05-21 22:00:00,5.560,0.000,0.000,0.000,12.800
2022-05-21 23:00:00,5.230,0.000,0.000,0.000,12.000
2022-05-22 00:00:00,4.490,0.000,0.000,0.000,10.600
2022-05-22 01:00:00,3.660,0.000,0.000,0.000,9.400
2022-05-22 02:00:00,3.540,0.000,0.000,0.000,8.600
2022-05-22 03:00:00,3.400,0.000,0.000,0.000,8.000
2022-05-22 04:00:00,3.910,12.000,34.800,10.000,7.800
2022-05-22 05:00:00,2.530,102.000,353.500,45.000,9.500
2022-05-22 06:00:00,2.390,230.000,462.000,87.000,11.400
2022-05-22 07:00:00,2.510,299.000,329.300,149.000,12.800
2022-05-22 08:00:00,2.890,392.000,353.000,184.000,13.900
2022-05-22 09:00:00,3.460,493.000,411.900,204.000,15.000
2022-05-22 10:00:00,3.050,530.000,320.900,278.000,16.000
2022-05-22 11:00:00,3.050,604.000,423.200,251.000,17.100
2022-05-22 12:00:00,2.350,671.000,484.100,262.000,18.100
2022-05-22 13:00:00,2.010,657.000,460.200,281.000,18.900
2022-05-22 14:00:00,1.830,552.000,443.900,218.000,19.100
2022-05-22 15:00:00,1.660,430.000,341.700,206.000,19.300
2022-05-22 16:00:00,1.250,385.000,497.400,120.000,19.100
2022-05-22 17:00:00,1.470,260.000,397.300,104.000,19.000
2022-05-22 18:00:00,1.910,105.000,192.100,58.000,18.000
2022-05-22 19:00:00,3.020,25.000,40.400,21.000,15.800
2022-05-22 20:00:00,4.330,1.000,0.000,1.000,14.200
2022-05-22 21:00:00,5.070,0.000,0.000,0.000,13.300
2022-05-22 22:00:00,4.920,0.000,0.000,0.000,11.500
2022-05-22 23:00:00,5.450,0.000,0.000,0.000,10.700
2022-05-23 00:00:00,5.800,0.000,0.000,0.000,10.700
2022-05-23 01:00:00,6.270,0.000,0.000,0.000,11.000
2022-05-23 02:00:00,6.990,0.000,0.000,0.000,11.000
2022-05-23 03:00:00,7.180,0.000,0.000,0.000,11.100
2022-05-23 04:00:00,7.190,11.000,17.100,10.000,11.400
2022-05-23 05:00:00,7.430,66.000,103.800,49.000,12.700
2022-05-23 06:00:00,7.170,197.000,275.900,111.000,14.500
2022-05-23 07:00:00,6.310,180.000,113.600,128.000,16.100
2022-05-23 08:00:00,5.840,154.000,18.600,143.000,17.900
2022-05-23 09:00:00,6.190,313.000,85.300,253.000,19.800
2022-05-23 10:00:00,5.550,405.000,218.600,233.000,18.800
2022-05-23 11:00:00,6.400,445.000,238.100,246.000,19.800
2022-05-23 12:00:00,7.400,398.000,261.000,177.000,20.500
2022-05-23 13:00:00,7.370,350.000,120.900,251.000,21.400
2022-05-23 14:00:00,7.840,448.000,200.200,297.000,22.800
2022-05-23 15:00:00,8.320,430.000,244.800,269.000,23.300
2022-05-23 16:00:00,7.680,364.000,267.300,221.000,23.500
2022-05-23 17:00:00,7.270,203.000,139.200,148.000,22.800
2022-05-23 18:00:00,8.080,109.000,88.900,87.000,21.900
2022-05-23 19:00:00,8.080,31.000,39.300,27.000,20.800
2022-05-23 20:00:00,8.170,1.000,0.000,1.000,19.500
2022-05-23 21:00:00,7.960,0.000,0.000,0.000,18.800
2022-05-23 22:00:00,7.870,0.000,0.000,0.000,17.800
2022-05-23 23:00:00,8.110,0.000,0.000,0.000,16.900
2022-05-24 00:00:00,8.240,0.000,0.000,0.000,17.000
2022-05-24 01:00:00,9.660,0.000,0.000,0.000,17.100
2022-05-24 02:00:00,10.910,0.000,0.000,0.000,15.700
2022-05-24 03:00:00,7.990,0.000,0.000,0.000,14.800
2022-05-24 04:00:00,7.120,10.000,16.700,9.000,14.500
2022-05-24 05:00:00,6.510,73.000,114.400,54.000,14.700
2022-05-24 06:00:00,6.470,166.000,203.900,102.000,14.900
2022-05-24 07:00:00,7.670,317.000,361.200,151.000,15.400
2022-05-24 08:00:00,7.900,266.000,96.100,209.000,15.700
2022-05-24 09:00:00,7.840,233.000,100.700,162.000,15.800
2022-05-24 10:00:00,7.520,169.000,26.600,148.000,14.400
2022-05-24 11:00:00,7.690,321.000,119.400,221.000,14.900
2022-05-24 12:00:00,8.270,597.000,378.400,276.000,16.100
2022-05-24 13:00:00,7.860,592.000,532.500,155.000,16.900
2022-05-24 14:00:00,7.730,472.000,363.600,197.000,17.400
2022-05-24 15:00:00,8.000,411.000,407.800,142.000,17.500
2022-05-24 16:00:00,8.130,289.000,307.100,124.000,17.400
2022-05-24 17:00:00,7.580,251.000,389.900,96.000,17.000
2022-05-24 18:00:00,5.960,146.000,236.000,87.000,16.100
2022-05-24 19:00:00,5.260,46.000,143.400,31.000,14.800
2022-05-24 20:00:00,4.760,2.000,0.000,2.000,13.600
2022-05-24 21:00:00,5.560,0.000,0.000,0.000,12.200
2022-05-24 22:00:00,4.800,0.000,0.000,0.000,11.400
2022-05-24 23:00:00,5.290,0.000,0.000,0.000,11.000
2022-05-25 00:00:00,5.340,0.000,0.000,0.000,10.900
2022-05-25 01:00:00,5.200,0.000,0.000,0.000,10.400
2022-05-25 02:00:00,5.080,0.000,0.000,0.000,10.100
2022-05-25 03:00:00,4.920,0.000,0.000,0.000,10.000
2022-05-25 04:00:00,5.140,12.000,32.900,10.000,9.800
2022-05-25 05:00:00,4.920,79.000,184.200,48.000,10.900
2022-05-25 06:00:00,4.320,235.000,503.200,76.000,12.800
2022-05-25 07:00:00,4.520,396.000,654.500,94.000,14.300
2022-05-25 08:00:00,5.730,516.000,684.300,109.000,15.400
2022-05-25 09:00:00,5.940,521.000,510.700,160.000,16.300
2022-05-25 10:00:00,5.330,600.000,536.600,176.000,17.200
2022-05-25 11:00:00,6.400,648.000,563.800,175.000,18.000
2022-05-25 12:00:00,7.240,668.000,544.700,205.000,18.500
2022-05-25 13:00:00,8.210,655.000,563.000,192.000,19.000
2022-05-25 14:00:00,8.180,575.000,522.300,179.000,19.300
2022-05-25 15:00:00,8.340,401.000,341.500,175.000,18.900
2022-05-25 16:00:00,8.790,242.000,183.500,143.000,18.500
2022-05-25 17:00:00,6.650,259.000,370.100,111.000,18.500
2022-05-25 18:00:00,5.430,89.000,79.200,69.000,17.700
2022-05-25 19:00:00,6.260,45.000,167.700,27.000,17.200
2022-05-25 20:00:00,6.780,2.000,0.000,2.000,16.100
2022-05-25 21:00:00,7.320,0.000,0.000,0.000,15.800
2022-05-25 22:00:00,8.750,0.000,0.000,0.000,15.700
2022-05-25 23:00:00,9.180,0.000,0.000,0.000,15.300
2022-05-26 00:00:00,9.430,0.000,0.000,0.000,15.100
2022-05-26 01:00:00,9.220,0.000,0.000,0.000,14.900
2022-05-26 02:00:00,8.900,0.000,0.000,0.000,14.800
2022-05-26 03:00:00,8.870,0.000,0.000,0.000,14.700
2022-05-26 04:00:00,8.730,9.000,16.200,8.000,14.600
2022-05-26 05:00:00,8.260,44.000,70.400,32.000,14.200
2022-05-26 06:00:00,7.990,95.000,81.800,69.000,14.300
2022-05-26 07:00:00,8.800,253.000,300.100,114.000,15.000
2022-05-26 08:00:00,8.690,399.000,427.500,144.000,16.000
2022-05-26 09:00:00,9.180,516.000,494.000,166.000,17.400
2022-05-26 10:00:00,9.910,558.000,483.700,175.000,18.100
2022-05-26 11:00:00,9.120,446.000,249.800,236.000,18.300
2022-05-26 12:00:00,9.700,419.000,160.900,282.000,18.600
2022-05-26 13:00:00,9.100,364.000,100.700,281.000,18.600
2022-05-26 14:00:00,7.990,254.000,48.700,217.000,18.700
2022-05-26 15:00:00,8.750,181.000,39.200,155.000,18.700
2022-05-26 16:00:00,8.550,202.000,64.600,167.000,18.600
2022-05-26 17:00:00,8.110,115.000,17.400,108.000,18.300
2022-05-26 18:00:00,7.900,43.000,3.900,42.000,17.800
2022-05-26 19:00:00,7.570,16.000,9.100,15.000,17.000
2022-05-26 20:00:00,7.570,0.000,0.000,0.000,16.300
2022-05-26 21:00:00,8.100,0.000,0.000,0.000,15.700
2022-05-26 22:00:00,9.650,0.000,0.000,0.000,15.400
2022-05-26 23:00:00,9.920,0.000,0.000,0.000,15.300
2022-05-27 00:00:00,9.400,0.000,0.000,0.000,15.000
2022-05-27 01:00:00,9.760,0.000,0.000,0.000,14.700
2022-05-27 02:00:00,9.060,0.000,0.000,0.000,14.100
2022-05-27 03:00:00,9.510,0.000,0.000,0.000,13.700
2022-05-27 04:00:00,10.040,4.000,0.000,4.000,13.100
2022-05-27 05:00:00,9.550,30.000,63.800,19.000,12.900
2022-05-27 06:00:00,7.920,103.000,162.600,51.000,12.900
2022-05-27 07:00:00,7.680,249.000,290.400,114.000,13.500
2022-05-27 08:00:00,7.700,370.000,377.900,144.000,14.900
2022-05-27 09:00:00,8.920,470.000,464.800,140.000,15.500
2022-05-27 10:00:00,10.290,476.000,388.300,168.000,15.400
2022-05-27 11:00:00,10.450,593.000,448.900,215.000,16.100
2022-05-27 12:00:00,12.230,747.000,670.500,175.000,17.100
2022-05-27 13:00:00,12.630,713.000,637.000,187.000,16.900
2022-05-27 14:00:00,12.300,545.000,450.200,202.000,15.900
2022-05-27 15:00:00,12.670,536.000,560.400,163.000,16.000
2022-05-27 16:00:00,11.490,382.000,452.400,136.000,15.700
2022-05-27 17:00:00,11.500,251.000,360.900,105.000,15.100
2022-05-27 18:00:00,11.460,147.000,287.300,73.000,14.000
2022-05-27 19:00:00,11.460,42.000,150.900,25.000,13.000
2022-05-27 20:00:00,10.990,2.000,0.000,2.000,12.200
2022-05-27 21:00:00,10.510,0.000,0.000,0.000,11.300
2022-05-27 22:00:00,10.570,0.000,0.000,0.000,10.300
2022-05-27 23:00:00,10.310,0.000,0.000,0.000,10.200
2022-05-28 00:00:00,10.950,0.000,0.000,0.000,9.700
2022-05-28 01:00:00,10.150,0.000,0.000,0.000,9.000
2022-05-28 02:00:00,10.240,0.000,0.000,0.000,8.700
2022-05-28 03:00:00,10.210,0.000,0.000,0.000,8.800
2022-05-28 04:00:00,9.910,15.000,62.700,11.000,8.700
2022-05-28 05:00:00,9.840,83.000,235.100,42.000,9.200
2022-05-28 06:00:00,10.670,211.000,401.200,82.000,10.000
2022-05-28 07:00:00,11.630,267.000,334.400,111.000,10.900
2022-05-28 08:00:00,11.230,445.000,498.800,146.000,11.500
2022-05-28 09:00:00,11.520,518.000,503.200,160.000,12.200
2022-05-28 10:00:00,10.260,543.000,475.700,165.000,12.300
2022-05-28 11:00:00,10.360,557.000,413.800,208.000,13.000
2022-05-28 12:00:00,11.120,605.000,473.900,200.000,13.600
2022-05-28 13:00:00,11.580,562.000,441.200,197.000,13.700
2022-05-28 14:00:00,11.320,495.000,364.100,217.000,13.700
2022-05-28 15:00:00,10.950,492.000,480.900,171.000,13.900
2022-05-28 16:00:00,10.210,347.000,384.700,137.000,13.600
2022-05-28 17:00:00,9.320,257.000,371.100,106.000,13.400
2022-05-28 18:00:00,8.650,143.000,269.300,73.000,12.500
2022-05-28 19:00:00,8.090,58.000,225.700,32.000,11.500
2022-05-28 20:00:00,7.750,3.000,0.000,3.000,10.600
2022-05-28 21:00:00,7.320,0.000,0.000,0.000,10.000
2022-05-28 22:00:00,6.930,0.000,0.000,0.000,9.300
2022-05-28 23:00:00,7.100,0.000,0.000,0.000,8.800
2022-05-29 00:00:00,7.060,0.000,0.000,0.000,8.700
2022-05-29 01:00:00,6.980,0.000,0.000,0.000,8.500
2022-05-29 02:00:00,6.720,0.000,0.000,0.000,8.600
2022-05-29 03:00:00,6.250,0.000,0.000,0.000,8.600
2022-05-29 04:00:00,6.140,10.000,0.000,10.000,8.700
2022-05-29 05:00:00,6.780,52.000,79.500,38.000,9.000
2022-05-29 06:00:00,8.020,123.000,102.100,90.000,9.700
2022-05-29 07:00:00,7.000,128.000,36.300,111.000,10.000
2022-05-29 08:00:00,6.620,253.000,116.500,183.000,10.800
2022-05-29 09:00:00,6.160,360.000,275.000,164.000,11.200
2022-05-29 10:00:00,5.940,408.000,211.100,240.000,11.600
2022-05-29 11:00:00,5.610,455.000,294.800,206.000,12.100
2022-05-29 12:00:00,5.990,454.000,293.200,203.000,12.200
2022-05-29 13:00:00,6.220,464.000,300.400,215.000,12.500
2022-05-29 14:00:00,6.690,515.000,346.300,250.000,12.900
2022-05-29 15:00:00,6.800,409.000,295.800,211.000,12.600
2022-05-29 16:00:00,6.920,333.000,281.100,179.000,12.300
2022-05-29 17:00:00,6.140,180.000,144.200,121.000,11.100
2022-05-29 18:00:00,5.590,55.000,15.200,51.000,10.800
2022-05-29 19:00:00,4.990,33.000,42.500,28.000,10.500
2022-05-29 20:00:00,4.920,2.000,0.000,2.000,10.100
2022-05-29 21:00:00,5.110,0.000,0.000,0.000,9.800
2022-05-29 22:00:00,5.320,0.000,0.000,0.000,9.900
2022-05-29 23:00:00,5.840,0.000,0.000,0.000,9.800
2022-05-30 00:00:00,5.230,0.000,0.000,0.000,9.500
2022-05-30 01:00:00,4.740,0.000,0.000,0.000,9.200
2022-05-30 02:00:00,4.610,0.000,0.000,0.000,9.100
2022-05-30 03:00:00,4.280,0.000,0.000,0.000,9.000
2022-05-30 04:00:00,4.080,5.000,0.000,5.000,8.800
2022-05-30 05:00:00,3.850,54.000,95.500,37.000,8.800
2022-05-30 06:00:00,3.800,154.000,200.200,89.000,9.400
2022-05-30 07:00:00,3.810,170.000,106.500,120.000,10.000
2022-05-30 08:00:00,3.660,273.000,146.100,185.000,10.600
2022-05-30 09:00:00,3.540,388.000,308.100,168.000,11.200
2022-05-30 10:00:00,3.610,303.000,100.400,223.000,10.900
2022-05-30 11:00:00,3.800,297.000,62.600,244.000,11.200
2022-05-30 12:00:00,4.100,380.000,80.500,311.000,12.000
2022-05-30 13:00:00,4.150,316.000,63.800,263.000,12.300
2022-05-30 14:00:00,4.200,359.000,93.900,287.000,12.700
2022-05-30 15:00:00,4.460,276.000,154.900,172.000,13.000
2022-05-30 16:00:00,4.060,231.000,130.900,159.000,13.100
2022-05-30 17:00:00,3.300,254.000,279.700,139.000,13.400
2022-05-30 18:00:00,2.670,118.000,188.900,68.000,13.000
2022-05-30 19:00:00,2.100,33.000,25.000,30.000,12.000
2022-05-30 20:00:00,1.570,3.000,0.000,3.000,10.900
2022-05-30 21:00:00,1.310,0.000,0.000,0.000,9.800
2022-05-30 22:00:00,2.400,0.000,0.000,0.000,9.000
2022-05-30 23:00:00,2.770,0.000,0.000,0.000,8.100
2022-05-31 00:00:00,2.900,0.000,0.000,0.000,7.300
2022-05-31 01:00:00,2.410,0.000,0.000,0.000,6.900
2022-05-31 02:00:00,2.020,0.000,0.000,0.000,6.200
2022-05-31 03:00:00,1.920,0.000,0.000,0.000,5.000
2022-05-31 04:00:00,2.230,20.000,90.500,14.000,5.100
2022-05-31 05:00:00,2.350,104.000,217.200,65.000,7.300
2022-05-31 06:00:00,1.740,225.000,352.500,110.000,10.000
2022-05-31 07:00:00,1.770,378.000,531.000,128.000,12.600
2022-05-31 08:00:00,2.060,534.000,636.300,150.000,14.200
2022-05-31 09:00:00,2.120,539.000,430.700,231.000,15.100
2022-05-31 10:00:00,2.380,571.000,370.800,275.000,15.900
2022-05-31 11:00:00,1.320,554.000,317.500,285.000,16.800
2022-05-31 12:00:00,0.630,525.000,298.100,269.000,17.200
2022-05-31 13:00:00,0.590,640.000,442.400,272.000,17.500
2022-05-31 14:00:00,0.980,654.000,525.700,250.000,17.300
2022-05-31 15:00:00,1.930,568.000,540.900,204.000,17.500
2022-05-31 16:00:00,2.460,470.000,587.200,146.000,17.200
2022-05-31 17:00:00,2.140,329.000,551.600,101.000,17.100
2022-05-31 18:00:00,1.580,176.000,427.100,62.000,16.100
2022-05-31 19:00:00,1.330,48.000,89.800,37.000,16.100
2022-05-31 20:00:00,1.840,3.000,0.000,3.000,13.000
2022-05-31 21:00:00,1.800,0.000,0.000,0.000,12.200
2022-05-31 22:00:00,3.620,0.000,0.000,0.000,11.800
2022-05-31 23:00:00,3.520,0.000,0.000,0.000,10.200
2022-06-01 00:00:00,3.400,0.000,0.000,0.000,9.100
2022-06-01 01:00:00,4.030,0.000,0.000,0.000,8.800
2022-06-01 02:00:00,4.140,0.000,0.000,0.000,8.600
2022-06-01 03:00:00,4.900,0.000,0.000,0.000,8.400
2022-06-01 04:00:00,6.050,19.000,44.700,16.000,9.100
2022-06-01 05:00:00,6.330,78.000,93.900,61.000,10.300
2022-06-01 06:00:00,5.870,143.000,103.800,109.000,11.200
2022-06-01 07:00:00,5.370,249.000,161.000,173.000,12.000
2022-06-01 08:00:00,4.890,467.000,499.500,165.000,13.100
2022-06-01 09:00:00,4.490,517.000,457.900,189.000,14.200
2022-06-01 10:00:00,5.660,549.000,432.800,203.000,15.200
2022-06-01 11:00:00,5.110,798.000,749.600,162.000,15.600
2022-06-01 12:00:00,4.850,703.000,508.200,266.000,16.100
2022-06-01 13:00:00,5.650,694.000,555.700,231.000,16.500
2022-06-01 14:00:00,4.930,654.000,596.100,195.000,16.200
2022-06-01 15:00:00,6.560,556.000,552.900,183.000,16.200
2022-06-01 16:00:00,7.000,422.000,494.900,148.000,15.600
2022-06-01 17:00:00,6.150,214.000,190.200,135.000,13.900
2022-06-01 18:00:00,5.710,107.000,100.300,80.000,12.800
2022-06-01 19:00:00,5.730,43.000,64.100,35.000,12.200
2022-06-01 20:00:00,5.500,2.000,0.000,2.000,11.500
2022-06-01 21:00:00,5.970,0.000,0.000,0.000,10.500
2022-06-01 22:00:00,5.920,0.000,0.000,0.000,10.500
2022-06-01 23:00:00,5.650,0.000,0.000,0.000,9.800
2022-06-02 00:00:00,5.470,0.000,0.000,0.000,9.200
2022-06-02 01:00:00,5.810,0.000,0.000,0.000,8.200
2022-06-02 02:00:00,5.250,0.000,0.000,0.000,7.800
2022-06-02 03:00:00,5.150,0.000,0.000,0.000,7.400
2022-06-02 04:00:00,5.080,21.000,118.100,13.000,7.400
2022-06-02 05:00:00,4.580,111.000,328.700,51.000,8.600
2022-06-02 06:00:00,4.660,251.000,526.000,78.000,10.200
2022-06-02 07:00:00,4.810,318.000,352.900,151.000,11.800
2022-06-02 08:00:00,5.270,404.000,447.400,133.000,13.100
2022-06-02 09:00:00,5.270,540.000,510.200,174.000,14.400
2022-06-02 10:00:00,4.800,475.000,233.600,288.000,15.000
2022-06-02 11:00:00,5.000,478.000,184.800,321.000,15.700
2022-06-02 12:00:00,4.920,498.000,224.100,305.000,16.400
2022-06-02 13:00:00,4.550,417.000,122.200,315.000,16.600
2022-06-02 14:00:00,3.620,405.000,93.300,333.000,17.500
2022-06-02 15:00:00,2.790,222.000,1.500,221.000,17.400
2022-06-02 16:00:00,2.150,248.000,73.800,207.000,17.900
2022-06-02 17:00:00,1.760,156.000,19.200,148.000,17.700
2022-06-02 18:00:00,1.260,152.000,217.600,93.000,17.500
2022-06-02 19:00:00,1.850,66.000,220.400,38.000,16.500
2022-06-02 20:00:00,2.610,5.000,19.100,4.000,15.600
2022-06-02 21:00:00,2.030,0.000,0.000,0.000,13.900
2022-06-02 22:00:00,1.810,0.000,0.000,0.000,10.500
2022-06-02 23:00:00,2.750,0.000,0.000,0.000,9.200
2022-06-03 00:00:00,2.880,0.000,0.000,0.000,8.100
2022-06-03 01:00:00,3.000,0.000,0.000,0.000,7.100
2022-06-03 02:00:00,3.440,0.000,0.000,0.000,6.500
2022-06-03 03:00:00,3.500,0.000,0.000,0.000,6.200
2022-06-03 04:00:00,4.150,22.000,117.000,14.000,6.700
2022-06-03 05:00:00,4.650,119.000,375.200,50.000,9.400
2022-06-03 06:00:00,4.100,259.000,551.400,77.000,12.900
2022-06-03 07:00:00,3.800,380.000,577.700,106.000,15.700
2022-06-03 08:00:00,4.100,531.000,634.600,146.000,17.700
2022-06-03 09:00:00,4.150,628.000,632.000,174.000,19.100
2022-06-03 10:00:00,4.150,726.000,662.500,195.000,20.300
2022-06-03 11:00:00,3.900,779.000,711.300,174.000,21.100
2022-06-03 12:00:00,3.800,831.000,764.300,172.000,21.800
2022-06-03 13:00:00,3.950,763.000,696.400,181.000,22.700
2022-06-03 14:00:00,4.010,719.000,754.300,136.000,23.000
2022-06-03 15:00:00,3.390,577.000,579.800,184.000,23.200
2022-06-03 16:00:00,3.980,386.000,301.500,218.000,23.000
2022-06-03 17:00:00,3.940,233.000,190.800,153.000,22.600
2022-06-03 18:00:00,4.640,109.000,32.900,100.000,21.800
2022-06-03 19:00:00,6.040,41.000,85.100,30.000,20.500
2022-06-03 20:00:00,7.010,2.000,0.000,2.000,19.200
2022-06-03 21:00:00,7.440,0.000,0.000,0.000,17.800
2022-06-03 22:00:00,6.680,0.000,0.000,0.000,17.100
2022-06-03 23:00:00,6.900,0.000,0.000,0.000,16.100
2022-06-04 00:00:00,7.610,0.000,0.000,0.000,15.200
2022-06-04 01:00:00,6.670,0.000,0.000,0.000,14.400
2022-06-04 02:00:00,5.510,0.000,0.000,0.000,13.800
2022-06-04 03:00:00,6.260,0.000,0.000,0.000,13.000
2022-06-04 04:00:00,5.120,17.000,43.500,14.000,12.700
2022-06-04 05:00:00,5.450,98.000,237.700,54.000,13.700
2022-06-04 06:00:00,4.830,222.000,410.700,86.000,15.100
2022-06-04 07:00:00,3.910,370.000,471.300,146.000,16.700
2022-06-04 08:00:00,3.650,522.000,610.600,151.000,18.300
2022-06-04 09:00:00,4.350,622.000,604.800,187.000,19.500
2022-06-04 10:00:00,3.260,650.000,580.800,184.000,20.800
2022-06-04 11:00:00,3.360,709.000,577.800,217.000,21.600
2022-06-04 12:00:00,3.050,738.000,545.600,267.000,22.200
2022-06-04 13:00:00,2.770,698.000,488.700,289.000,22.700
2022-06-04 14:00:00,3.540,652.000,506.300,260.000,23.100
2022-06-04 15:00:00,2.200,590.000,618.200,170.000,23.600
2022-06-04 16:00:00,2.800,441.000,526.000,147.000,23.500
2022-06-04 17:00:00,2.990,322.000,515.400,105.000,23.200
2022-06-04 18:00:00,3.340,198.000,472.400,68.000,22.500
2022-06-04 19:00:00,4.710,72.000,251.400,39.000,20.600
2022-06-04 20:00:00,5.930,6.000,19.100,5.000,18.400
2022-06-04 21:00:00,6.560,0.000,0.000,0.000,17.000
2022-06-04 22:00:00,7.440,0.000,0.000,0.000,15.800
2022-06-04 23:00:00,7.180,0.000,0.000,0.000,14.900
2022-06-05 00:00:00,7.130,0.000,0.000,0.000,13.900
2022-06-05 01:00:00,7.300,0.000,0.000,0.000,13.000
2022-06-05 02:00:00,6.510,0.000,0.000,0.000,12.300
2022-06-05 03:00:00,6.860,0.000,0.000,0.000,11.600
2022-06-05 04:00:00,7.020,22.000,100.700,15.000,12.000
2022-06-05 05:00:00,7.600,107.000,220.100,66.000,14.100
2022-06-05 06:00:00,6.400,217.000,277.000,125.000,16.100
2022-06-05 07:00:00,5.210,396.000,596.400,112.000,18.300
2022-06-05 08:00:00,5.190,508.000,548.900,174.000,20.000
2022-06-05 09:00:00,5.930,649.000,665.300,170.000,21.600
2022-06-05 10:00:00,6.990,703.000,615.000,209.000,22.800
2022-06-05 11:00:00,6.910,768.000,617.000,242.000,23.900
2022-06-05 12:00:00,6.570,620.000,285.800,373.000,24.600
2022-06-05 13:00:00,6.040,546.000,204.000,375.000,25.200
2022-06-05 14:00:00,6.150,451.000,107.000,368.000,25.400
2022-06-05 15:00:00,6.060,274.000,41.100,246.000,25.000
2022-06-05 16:00:00,5.880,159.000,16.100,150.000,23.200
2022-06-05 17:00:00,5.200,83.000,9.500,79.000,21.600
2022-06-05 18:00:00,4.390,26.000,0.000,26.000,20.400
2022-06-05 19:00:00,5.200,37.000,30.000,33.000,19.800
2022-06-05 20:00:00,5.790,2.000,0.000,2.000,19.100
2022-06-05 21:00:00,6.540,0.000,0.000,0.000,18.900
2022-06-05 22:00:00,7.250,0.000,0.000,0.000,19.100
2022-06-05 23:00:00,6.910,0.000,0.000,0.000,18.600
2022-06-06 00:00:00,8.460,0.000,0.000,0.000,17.800
2022-06-06 01:00:00,9.520,0.000,0.000,0.000,17.100
2022-06-06 02:00:00,9.300,0.000,0.000,0.000,17.000
2022-06-06 03:00:00,8.810,0.000,0.000,0.000,17.000
2022-06-06 04:00:00,8.670,7.000,0.000,7.000,16.900
2022-06-06 05:00:00,7.990,45.000,21.400,41.000,17.100
2022-06-06 06:00:00,7.780,166.000,153.100,115.000,17.700
2022-06-06 07:00:00,8.490,214.000,98.500,167.000,18.300
2022-06-06 08:00:00,7.950,357.000,310.200,168.000,18.600
2022-06-06 09:00:00,8.210,569.000,531.400,186.000,19.000
2022-06-06 10:00:00,6.090,596.000,487.600,204.000,20.500
2022-06-06 11:00:00,6.930,644.000,474.600,239.000,20.900
2022-06-06 12:00:00,6.050,736.000,621.800,198.000,21.500
2022-06-06 13:00:00,6.030,599.000,495.700,183.000,21.000
2022-06-06 14:00:00,7.030,594.000,571.600,150.000,20.900
2022-06-06 15:00:00,6.290,499.000,486.600,167.000,20.400
2022-06-06 16:00:00,5.740,425.000,492.800,148.000,20.300
2022-06-06 17:00:00,6.650,291.000,487.600,84.000,19.800
2022-06-06 18:00:00,6.240,166.000,340.600,71.000,19.500
2022-06-06 19:00:00,5.720,58.000,185.000,33.000,18.700
2022-06-06 20:00:00,6.200,6.000,19.100,5.000,17.200
2022-06-06 21:00:00,6.370,0.000,0.000,0.000,16.400
2022-06-06 22:00:00,7.370,0.000,0.000,0.000,15.100
2022-06-06 23:00:00,6.260,0.000,0.000,0.000,14.300
2022-06-07 00:00:00,4.810,0.000,0.000,0.000,13.600
2022-06-07 01:00:00,4.550,0.000,0.000,0.000,13.200
2022-06-07 02:00:00,5.980,0.000,0.000,0.000,13.100
2022-06-07 03:00:00,5.910,0.000,0.000,0.000,13.400
2022-06-07 04:00:00,6.540,14.000,56.700,10.000,13.400
2022-06-07 05:00:00,7.520,78.000,201.900,40.000,14.500
2022-06-07 06:00:00,7.170,200.000,338.400,87.000,15.900
2022-06-07 07:00:00,8.350,378.000,556.800,112.000,17.000
2022-06-07 08:00:00,8.660,502.000,618.100,125.000,17.700
2022-06-07 09:00:00,9.610,552.000,572.500,139.000,18.300
2022-06-07 10:00:00,7.770,487.000,369.100,190.000,19.200
2022-06-07 11:00:00,7.380,526.000,351.300,226.000,19.400
2022-06-07 12:00:00,8.500,569.000,435.200,192.000,19.900
2022-06-07 13:00:00,8.100,604.000,518.900,168.000,20.300
2022-06-07 14:00:00,8.320,543.000,494.900,158.000,20.600
2022-06-07 15:00:00,7.520,480.000,459.400,166.000,20.800
2022-06-07 16:00:00,6.020,358.000,349.600,161.000,20.500
2022-06-07 17:00:00,5.690,278.000,370.800,120.000,20.200
2022-06-07 18:00:00,5.250,139.000,245.900,70.000,19.600
2022-06-07 19:00:00,5.200,62.000,146.100,42.000,18.200
2022-06-07 20:00:00,4.920,5.000,19.100,4.000,16.700
2022-06-07 21:00:00,4.700,0.000,0.000,0.000,15.500
2022-06-07 22:00:00,3.950,0.000,0.000,0.000,14.400
2022-06-07 23:00:00,3.770,0.000,0.000,0.000,13.600
2022-06-08 00:00:00,3.710,0.000,0.000,0.000,13.200
2022-06-08 01:00:00,3.230,0.000,0.000,0.000,12.000
2022-06-08 02:00:00,2.410,0.000,0.000,0.000,11.600
2022-06-08 03:00:00,3.260,0.000,0.000,0.000,11.600
2022-06-08 04:00:00,4.030,23.000,112.800,15.000,12.000
2022-06-08 05:00:00,3.870,98.000,238.000,53.000,14.000
2022-06-08 06:00:00,4.780,238.000,457.200,85.000,16.100
2022-06-08 07:00:00,4.530,359.000,505.900,117.000,17.500
2022-06-08 08:00:00,4.140,419.000,489.800,120.000,18.700
2022-06-08 09:00:00,3.890,565.000,567.800,155.000,19.500
2022-06-08 10:00:00,3.020,677.000,525.200,254.000,20.900
2022-06-08 11:00:00,3.610,548.000,353.300,246.000,21.500
2022-06-08 12:00:00,3.610,685.000,600.900,164.000,21.900
2022-06-08 13:00:00,3.480,613.000,485.100,205.000,22.100
2022-06-08 14:00:00,2.420,527.000,442.900,182.000,22.500
2022-06-08 15:00:00,2.870,332.000,223.400,179.000,22.200
2022-06-08 16:00:00,4.050,270.000,212.400,150.000,21.700
2022-06-08 17:00:00,3.930,171.000,105.200,126.000,21.100
2022-06-08 18:00:00,3.560,78.000,21.300,72.000,19.900
2022-06-08 19:00:00,3.080,21.000,0.000,21.000,18.800
2022-06-08 20:00:00,2.770,2.000,0.000,2.000,17.500
2022-06-08 21:00:00,3.430,0.000,0.000,0.000,16.400
2022-06-08 22:00:00,5.160,0.000,0.000,0.000,15.700
2022-06-08 23:00:00,5.460,0.000,0.000,0.000,15.300
2022-06-09 00:00:00,5.460,0.000,0.000,0.000,14.800
2022-06-09 01:00:00,5.410,0.000,0.000,0.000,14.300
2022-06-09 02:00:00,5.990,0.000,0.000,0.000,13.800
2022-06-09 03:00:00,6.040,0.000,0.000,0.000,13.800
2022-06-09 04:00:00,6.010,13.000,28.100,11.000,14.200
2022-06-09 05:00:00,6.980,65.000,15.800,62.000,14.800
2022-06-09 06:00:00,7.880,139.000,119.300,99.000,15.300
2022-06-09 07:00:00,6.980,274.000,248.500,155.000,15.900
2022-06-09 08:00:00,6.700,347.000,243.800,198.000,16.600
2022-06-09 09:00:00,6.450,415.000,354.300,159.000,17.100
2022-06-09 10:00:00,5.760,582.000,416.900,246.000,18.400
2022-06-09 11:00:00,5.500,662.000,433.700,291.000,19.500
2022-06-09 12:00:00,5.900,681.000,481.700,263.000,20.200
2022-06-09 13:00:00,6.110,560.000,324.200,287.000,20.800
2022-06-09 14:00:00,6.250,530.000,335.900,268.000,21.200
2022-06-09 15:00:00,6.920,445.000,387.800,179.000,20.300
2022-06-09 16:00:00,6.690,373.000,365.600,166.000,18.500
2022-06-09 17:00:00,6.280,198.000,237.700,96.000,18.900
2022-06-09 18:00:00,5.860,139.000,186.800,86.000,18.900
2022-06-09 19:00:00,5.410,75.000,249.600,40.000,18.200
2022-06-09 20:00:00,5.130,8.000,38.200,6.000,16.700
2022-06-09 21:00:00,5.100,0.000,0.000,0.000,14.700
2022-06-09 22:00:00,5.340,0.000,0.000,0.000,13.900
2022-06-09 23:00:00,4.150,0.000,0.000,0.000,12.400
2022-06-10 00:00:00,3.360,0.000,0.000,0.000,11.300
2022-06-10 01:00:00,2.520,0.000,0.000,0.000,10.400
2022-06-10 02:00:00,2.190,0.000,0.000,0.000,9.700
2022-06-10 03:00:00,2.800,0.000,0.000,0.000,9.200
2022-06-10 04:00:00,3.540,26.000,139.700,16.000,9.900
2022-06-10 05:00:00,4.010,124.000,378.000,52.000,12.300
2022-06-10 06:00:00,3.130,262.000,547.900,78.000,15.100
2022-06-10 07:00:00,3.510,406.000,640.300,99.000,17.600
2022-06-10 08:00:00,4.670,529.000,629.600,144.000,19.200
2022-06-10 09:00:00,6.140,649.000,695.700,146.000,20.400
2022-06-10 10:00:00,5.710,704.000,632.400,194.000,21.500
2022-06-10 11:00:00,6.210,499.000,223.100,308.000,21.800
2022-06-10 12:00:00,6.260,387.000,133.600,271.000,22.200
2022-06-10 13:00:00,6.030,253.000,33.200,225.000,21.700
2022-06-10 14:00:00,5.650,217.000,16.600,204.000,21.400
2022-06-10 15:00:00,5.200,169.000,8.700,163.000,21.300
2022-06-10 16:00:00,4.330,185.000,75.800,142.000,21.400
2022-06-10 17:00:00,3.880,180.000,171.900,106.000,21.300
2022-06-10 18:00:00,3.590,112.000,182.300,60.000,20.900
2022-06-10 19:00:00,3.470,45.000,77.600,34.000,20.200
2022-06-10 20:00:00,3.660,4.000,19.100,3.000,18.900
2022-06-10 21:00:00,4.070,0.000,0.000,0.000,18.400
2022-06-10 22:00:00,5.350,0.000,0.000,0.000,17.900
2022-06-10 23:00:00,5.360,0.000,0.000,0.000,17.800
2022-06-11 00:00:00,5.300,0.000,0.000,0.000,17.700
2022-06-11 01:00:00,5.640,0.000,0.000,0.000,17.800
2022-06-11 02:00:00,5.690,0.000,0.000,0.000,17.900
2022-06-11 03:00:00,5.820,0.000,0.000,0.000,17.500
2022-06-11 04:00:00,5.860,18.000,69.600,13.000,17.400
2022-06-11 05:00:00,5.560,98.000,277.400,45.000,18.000
2022-06-11 06:00:00,4.890,199.000,365.800,76.000,18.800
2022-06-11 07:00:00,5.320,325.000,416.800,125.000,20.000
2022-06-11 08:00:00,5.740,441.000,500.100,135.000,21.300
2022-06-11 09:00:00,6.470,608.000,659.400,131.000,22.400
2022-06-11 10:00:00,6.480,733.000,730.000,144.000,23.300
2022-06-11 11:00:00,6.570,786.000,719.200,170.000,24.300
2022-06-11 12:00:00,7.030,702.000,604.100,177.000,24.700
2022-06-11 13:00:00,7.660,512.000,403.000,172.000,24.400
2022-06-11 14:00:00,7.110,432.000,346.600,161.000,24.400
2022-06-11 15:00:00,6.600,343.000,203.500,203.000,24.300
2022-06-11 16:00:00,5.250,311.000,272.600,156.000,24.400
2022-06-11 17:00:00,3.800,281.000,419.300,100.000,24.300
2022-06-11 18:00:00,3.260,166.000,363.000,62.000,23.700
2022-06-11 19:00:00,2.730,78.000,272.600,39.000,21.900
2022-06-11 20:00:00,3.540,8.000,38.200,6.000,19.300
2022-06-11 21:00:00,3.980,0.000,0.000,0.000,17.300
2022-06-11 22:00:00,3.540,0.000,0.000,0.000,16.000
2022-06-11 23:00:00,4.000,0.000,0.000,0.000,14.900
2022-06-12 00:00:00,3.890,0.000,0.000,0.000,14.000
2022-06-12 01:00:00,3.240,0.000,0.000,0.000,13.500
2022-06-12 02:00:00,2.850,0.000,0.000,0.000,13.300
2022-06-12 03:00:00,2.070,0.000,0.000,0.000,13.000
2022-06-12 04:00:00,0.670,18.000,69.400,13.000,13.400
2022-06-12 05:00:00,1.710,85.000,151.500,56.000,14.600
2022-06-12 06:00:00,2.150,220.000,386.100,90.000,17.000
2022-06-12 07:00:00,2.850,380.000,579.000,102.000,19.100
2022-06-12 08:00:00,4.360,547.000,702.400,117.000,20.800
2022-06-12 09:00:00,4.900,636.000,638.400,174.000,21.600
2022-06-12 10:00:00,5.340,743.000,704.900,174.000,22.400
2022-06-12 11:00:00,5.360,793.000,709.500,185.000,23.300
2022-06-12 12:00:00,5.410,725.000,579.600,221.000,23.600
2022-06-12 13:00:00,5.990,732.000,633.700,197.000,24.300
2022-06-12 14:00:00,5.770,494.000,287.500,269.000,24.300
2022-06-12 15:00:00,5.960,409.000,364.300,158.000,24.100
2022-06-12 16:00:00,6.260,375.000,430.000,130.000,23.700
2022-06-12 17:00:00,6.020,237.000,207.900,147.000,22.800
2022-06-12 18:00:00,5.670,131.000,163.300,84.000,21.600
2022-06-12 19:00:00,5.490,72.000,200.900,43.000,20.200
2022-06-12 20:00:00,5.610,7.000,19.100,6.000,18.400
2022-06-12 21:00:00,5.390,0.000,0.000,0.000,16.800
2022-06-12 22:00:00,5.250,0.000,0.000,0.000,15.800
2022-06-12 23:00:00,4.400,0.000,0.000,0.000,14.700
2022-06-13 00:00:00,3.190,0.000,0.000,0.000,13.100
2022-06-13 01:00:00,2.220,0.000,0.000,0.000,12.000
2022-06-13 02:00:00,2.100,0.000,0.000,0.000,11.100
2022-06-13 03:00:00,3.530,0.000,0.000,0.000,10.800
2022-06-13 04:00:00,4.830,16.000,55.400,12.000,11.300
2022-06-13 05:00:00,5.030,62.000,10.400,60.000,12.700
2022-06-13 06:00:00,5.070,138.000,38.600,125.000,13.800
2022-06-13 07:00:00,5.910,342.000,401.800,149.000,15.300
2022-06-13 08:00:00,5.450,445.000,506.200,135.000,16.100
2022-06-13 09:00:00,5.410,604.000,584.300,181.000,16.300
2022-06-13 10:00:00,7.500,673.000,580.800,204.000,17.200
2022-06-13 11:00:00,5.960,730.000,627.500,192.000,17.500
2022-06-13 12:00:00,7.460,739.000,613.700,205.000,16.300
2022-06-13 13:00:00,7.810,580.000,430.800,216.000,15.500
2022-06-13 14:00:00,7.830,403.000,227.200,225.000,16.400
2022-06-13 15:00:00,8.630,438.000,374.000,180.000,17.700
2022-06-13 16:00:00,8.380,416.000,466.100,150.000,18.300
2022-06-13 17:00:00,7.930,261.000,322.600,121.000,17.800
2022-06-13 18:00:00,7.000,167.000,294.200,82.000,17.100
2022-06-13 19:00:00,6.510,65.000,171.700,40.000,15.900
2022-06-13 20:00:00,6.030,9.000,38.200,7.000,14.300
2022-06-13 21:00:00,5.360,0.000,0.000,0.000,12.700
2022-06-13 22:00:00,5.460,0.000,0.000,0.000,11.100
2022-06-13 23:00:00,4.530,0.000,0.000,0.000,9.500
2022-06-14 00:00:00,3.920,0.000,0.000,0.000,8.300
2022-06-14 01:00:00,3.650,0.000,0.000,0.000,8.100
2022-06-14 02:00:00,3.350,0.000,0.000,0.000,7.500
2022-06-14 03:00:00,3.480,0.000,0.000,0.000,7.100
2022-06-14 04:00:00,3.630,23.000,41.500,20.000,7.900
2022-06-14 05:00:00,3.650,87.000,52.100,77.000,9.600
2022-06-14 06:00:00,4.100,185.000,183.900,123.000,11.600
2022-06-14 07:00:00,3.740,253.000,235.200,140.000,13.300
2022-06-14 08:00:00,3.860,207.000,99.600,146.000,14.300
2022-06-14 09:00:00,3.970,324.000,138.100,224.000,15.300
2022-06-14 10:00:00,3.460,342.000,61.900,292.000,16.100
2022-06-14 11:00:00,3.150,332.000,56.000,284.000,16.800
2022-06-14 12:00:00,3.180,409.000,85.000,335.000,17.600
2022-06-14 13:00:00,2.880,528.000,170.300,384.000,18.400
2022-06-14 14:00:00,2.460,535.000,308.600,293.000,19.000
2022-06-14 15:00:00,1.890,491.000,337.300,258.000,19.600
2022-06-14 16:00:00,1.600,455.000,503.800,167.000,20.000
2022-06-14 17:00:00,1.850,316.000,418.400,134.000,20.000
2022-06-14 18:00:00,2.850,175.000,320.600,82.000,19.400
2022-06-14 19:00:00,3.760,61.000,163.600,37.000,18.800
2022-06-14 20:00:00,4.300,8.000,38.200,6.000,17.200
2022-06-14 21:00:00,4.720,0.000,0.000,0.000,15.500
2022-06-14 22:00:00,5.030,0.000,0.000,0.000,11.900
2022-06-14 23:00:00,4.690,0.000,0.000,0.000,11.100
2022-06-15 00:00:00,4.250,0.000,0.000,0.000,10.400
2022-06-15 01:00:00,4.100,0.000,0.000,0.000,10.100
2022-06-15 02:00:00,4.600,0.000,0.000,0.000,9.600
2022-06-15 03:00:00,4.700,0.000,0.000,0.000,9.200
2022-06-15 04:00:00,4.710,24.000,124.300,15.000,9.300
2022-06-15 05:00:00,4.600,116.000,333.000,52.000,11.800
2022-06-15 06:00:00,3.720,238.000,459.800,83.000,14.300
2022-06-15 07:00:00,3.060,389.000,582.700,109.000,16.900
2022-06-15 08:00:00,2.710,533.000,651.400,134.000,19.000
2022-06-15 09:00:00,2.900,658.000,690.400,158.000,20.500
2022-06-15 10:00:00,2.260,783.000,810.700,128.000,22.000
2022-06-15 11:00:00,1.670,827.000,777.400,160.000,23.300
2022-06-15 12:00:00,1.200,859.000,824.400,141.000,24.200
2022-06-15 13:00:00,0.390,837.000,835.700,130.000,25.000
2022-06-15 14:00:00,0.540,760.000,801.500,131.000,25.500
2022-06-15 15:00:00,0.940,656.000,782.300,115.000,25.900
2022-06-15 16:00:00,1.320,505.000,693.400,108.000,25.800
2022-06-15 17:00:00,2.280,341.000,548.200,102.000,25.400
2022-06-15 18:00:00,3.640,214.000,491.300,71.000,24.400
2022-06-15 19:00:00,5.710,79.000,176.000,53.000,22.300
2022-06-15 20:00:00,7.160,10.000,38.200,8.000,20.100
2022-06-15 21:00:00,7.570,0.000,0.000,0.000,18.400
2022-06-15 22:00:00,6.910,0.000,0.000,0.000,16.500
2022-06-15 23:00:00,6.240,0.000,0.000,0.000,15.500
2022-06-16 00:00:00,5.740,0.000,0.000,0.000,14.800
2022-06-16 01:00:00,5.600,0.000,0.000,0.000,14.100
2022-06-16 02:00:00,5.400,0.000,0.000,0.000,13.300
2022-06-16 03:00:00,4.790,0.000,0.000,0.000,12.700
2022-06-16 04:00:00,4.380,23.000,55.200,19.000,12.900
2022-06-16 05:00:00,4.480,116.000,291.400,60.000,13.600
2022-06-16 06:00:00,4.210,252.000,471.700,93.000,14.900
2022-06-16 07:00:00,3.820,303.000,320.500,149.000,16.600
2022-06-16 08:00:00,3.380,538.000,661.300,133.000,18.300
2022-06-16 09:00:00,3.710,672.000,734.600,140.000,19.400
2022-06-16 10:00:00,4.050,754.000,721.500,171.000,20.200
2022-06-16 11:00:00,4.430,833.000,805.200,142.000,21.200
2022-06-16 12:00:00,4.770,847.000,808.000,143.000,21.900
2022-06-16 13:00:00,5.210,805.000,766.700,156.000,22.600
2022-06-16 14:00:00,5.840,718.000,720.600,152.000,23.600
2022-06-16 15:00:00,5.750,496.000,462.200,176.000,23.600
2022-06-16 16:00:00,6.620,426.000,455.200,165.000,23.500
2022-06-16 17:00:00,6.940,243.000,283.800,119.000,22.300
2022-06-16 18:00:00,6.340,197.000,407.500,78.000,21.000
2022-06-16 19:00:00,6.030,83.000,248.800,46.000,19.800
2022-06-16 20:00:00,6.310,9.000,19.100,8.000,18.100
2022-06-16 21:00:00,5.670,0.000,0.000,0.000,16.100
2022-06-16 22:00:00,3.950,0.000,0.000,0.000,14.700
2022-06-16 23:00:00,3.230,0.000,0.000,0.000,12.700
2022-06-17 00:00:00,1.870,0.000,0.000,0.000,11.600
2022-06-17 01:00:00,0.640,0.000,0.000,0.000,9.700
2022-06-17 02:00:00,3.160,0.000,0.000,0.000,9.400
2022-06-17 03:00:00,2.800,0.000,0.000,0.000,9.100
2022-06-17 04:00:00,1.780,26.000,138.200,16.000,9.900
2022-06-17 05:00:00,3.290,115.000,260.300,65.000,12.600
2022-06-17 06:00:00,2.220,229.000,344.300,113.000,15.700
2022-06-17 07:00:00,2.340,385.000,558.000,117.000,18.200
2022-06-17 08:00:00,2.890,467.000,529.100,143.000,20.000
2022-06-17 09:00:00,2.450,670.000,737.400,136.000,21.400
2022-06-17 10:00:00,2.320,720.000,637.400,205.000,22.600
2022-06-17 11:00:00,2.120,640.000,371.700,321.000,23.400
2022-06-17 12:00:00,2.940,496.000,172.100,346.000,23.900
2022-06-17 13:00:00,3.250,305.000,22.400,286.000,23.700
2022-06-17 14:00:00,2.500,260.000,5.100,256.000,23.900
2022-06-17 15:00:00,1.480,306.000,83.700,248.000,24.400
2022-06-17 16:00:00,1.100,314.000,165.500,219.000,24.500
2022-06-17 17:00:00,1.540,201.000,127.900,145.000,24.600
2022-06-17 18:00:00,2.440,138.000,109.200,106.000,24.000
2022-06-17 19:00:00,4.470,57.000,26.700,53.000,23.100
2022-06-17 20:00:00,5.790,8.000,0.000,8.000,21.500
2022-06-17 21:00:00,6.440,0.000,0.000,0.000,20.300
2022-06-17 22:00:00,7.620,0.000,0.000,0.000,19.000
2022-06-17 23:00:00,7.530,0.000,0.000,0.000,18.300
2022-06-18 00:00:00,8.180,0.000,0.000,0.000,17.700
2022-06-18 01:00:00,8.270,0.000,0.000,0.000,17.500
2022-06-18 02:00:00,8.210,0.000,0.000,0.000,17.400
2022-06-18 03:00:00,7.870,0.000,0.000,0.000,17.200
2022-06-18 04:00:00,7.850,25.000,138.300,15.000,17.800
2022-06-18 05:00:00,7.450,119.000,359.600,50.000,20.200
2022-06-18 06:00:00,6.780,254.000,525.700,77.000,22.500
2022-06-18 07:00:00,5.910,399.000,631.200,96.000,24.400
2022-06-18 08:00:00,5.800,541.000,702.500,111.000,26.100
2022-06-18 09:00:00,5.630,666.000,755.500,119.000,27.600
2022-06-18 10:00:00,4.790,754.000,769.800,132.000,28.900
2022-06-18 11:00:00,6.210,809.000,773.600,145.000,29.800
2022-06-18 12:00:00,5.860,814.000,751.300,159.000,30.300
2022-06-18 13:00:00,5.550,784.000,733.000,163.000,30.800
2022-06-18 14:00:00,6.560,669.000,558.200,230.000,31.000
2022-06-18 15:00:00,5.360,511.000,344.600,272.000,30.700
2022-06-18 16:00:00,3.420,373.000,252.200,228.000,30.000
2022-06-18 17:00:00,3.260,280.000,285.000,155.000,29.100
2022-06-18 18:00:00,5.450,141.000,112.300,108.000,27.700
2022-06-18 19:00:00,6.260,58.000,39.900,52.000,25.700
2022-06-18 20:00:00,6.080,8.000,0.000,8.000,23.400
2022-06-18 21:00:00,5.300,0.000,0.000,0.000,21.700
2022-06-18 22:00:00,5.360,0.000,0.000,0.000,20.800
2022-06-18 23:00:00,6.890,0.000,0.000,0.000,19.600
2022-06-19 00:00:00,7.730,0.000,0.000,0.000,18.800
2022-06-19 01:00:00,6.110,0.000,0.000,0.000,18.200
2022-06-19 02:00:00,7.150,0.000,0.000,0.000,17.400
2022-06-19 03:00:00,7.550,0.000,0.000,0.000,16.500
2022-06-19 04:00:00,5.340,23.000,110.900,15.000,16.400
2022-06-19 05:00:00,5.810,91.000,182.700,56.000,16.700
2022-06-19 06:00:00,5.370,222.000,344.800,106.000,17.600
2022-06-19 07:00:00,3.510,284.000,187.600,194.000,18.500
2022-06-19 08:00:00,4.250,414.000,286.000,239.000,20.100
2022-06-19 09:00:00,3.640,534.000,428.300,224.000,21.200
2022-06-19 10:00:00,4.530,710.000,649.900,185.000,23.000
2022-06-19 11:00:00,6.560,549.000,270.300,317.000,22.800
2022-06-19 12:00:00,6.190,459.000,167.400,313.000,22.100
2022-06-19 13:00:00,5.680,412.000,140.400,293.000,22.000
2022-06-19 14:00:00,5.930,553.000,439.700,207.000,21.800
2022-06-19 15:00:00,6.600,470.000,420.700,178.000,20.900
2022-06-19 16:00:00,5.370,297.000,227.600,166.000,19.800
2022-06-19 17:00:00,4.540,173.000,93.300,132.000,19.000
2022-06-19 18:00:00,4.690,130.000,203.700,70.000,17.800
2022-06-19 19:00:00,4.520,76.000,172.000,50.000,16.600
2022-06-19 20:00:00,4.270,8.000,18.800,7.000,15.900
2022-06-19 21:00:00,5.000,0.000,0.000,0.000,14.900
2022-06-19 22:00:00,4.250,0.000,0.000,0.000,14.000
2022-06-19 23:00:00,3.360,0.000,0.000,0.000,13.500
2022-06-20 00:00:00,3.710,0.000,0.000,0.000,13.200
2022-06-20 01:00:00,3.680,0.000,0.000,0.000,12.900
2022-06-20 02:00:00,2.670,0.000,0.000,0.000,12.600
2022-06-20 03:00:00,4.850,0.000,0.000,0.000,12.600
2022-06-20 04:00:00,5.720,14.000,13.900,13.000,12.500
2022-06-20 05:00:00,3.950,60.000,41.800,52.000,12.600
2022-06-20 06:00:00,3.520,119.000,77.400,93.000,13.200
2022-06-20 07:00:00,4.100,127.000,41.700,107.000,13.900
2022-06-20 08:00:00,4.390,330.000,296.000,149.000,14.200
2022-06-20 09:00:00,6.060,516.000,450.600,190.000,14.600
2022-06-20 10:00:00,5.190,463.000,310.800,212.000,16.200
2022-06-20 11:00:00,6.290,590.000,347.200,292.000,17.500
2022-06-20 12:00:00,7.770,675.000,440.400,291.000,18.100
2022-06-20 13:00:00,7.620,595.000,418.700,240.000,18.200
2022-06-20 14:00:00,8.970,588.000,428.100,251.000,19.000
2022-06-20 15:00:00,8.860,453.000,371.400,195.000,18.500
2022-06-20 16:00:00,8.890,362.000,328.100,173.000,17.500
2022-06-20 17:00:00,8.900,330.000,532.000,96.000,17.300
2022-06-20 18:00:00,8.530,187.000,406.600,67.000,16.500
2022-06-20 19:00:00,7.460,50.000,112.000,33.000,15.500
2022-06-20 20:00:00,7.230,10.000,56.100,7.000,14.200
2022-06-20 21:00:00,7.090,0.000,0.000,0.000,13.000
2022-06-20 22:00:00,7.520,0.000,0.000,0.000,12.100
2022-06-20 23:00:00,6.870,0.000,0.000,0.000,11.400
2022-06-21 00:00:00,6.780,0.000,0.000,0.000,10.900
2022-06-21 01:00:00,5.860,0.000,0.000,0.000,10.300
2022-06-21 02:00:00,4.920,0.000,0.000,0.000,9.800
2022-06-21 03:00:00,4.500,0.000,0.000,0.000,9.300
2022-06-21 04:00:00,4.480,25.000,125.500,16.000,9.400
2022-06-21 05:00:00,3.500,120.000,346.000,54.000,10.900
2022-06-21 06:00:00,2.690,249.000,479.900,88.000,12.900
2022-06-21 07:00:00,3.080,266.000,208.800,166.000,14.500
2022-06-21 08:00:00,4.620,364.000,253.700,209.000,15.900
2022-06-21 09:00:00,3.890,479.000,322.200,246.000,17.100
2022-06-21 10:00:00,2.290,787.000,802.500,139.000,18.200
2022-06-21 11:00:00,2.090,851.000,830.800,138.000,19.500
2022-06-21 12:00:00,1.460,864.000,819.900,149.000,20.900
2022-06-21 13:00:00,0.340,837.000,817.300,144.000,21.800
2022-06-21 14:00:00,0.870,774.000,826.600,123.000,22.500
2022-06-21 15:00:00,2.250,658.000,771.200,122.000,22.900
2022-06-21 16:00:00,1.110,521.000,695.400,120.000,22.900
2022-06-21 17:00:00,1.040,352.000,510.900,127.000,22.800
2022-06-21 18:00:00,1.180,185.000,277.300,103.000,22.400
2022-06-21 19:00:00,0.500,92.000,321.700,43.000,20.700
2022-06-21 20:00:00,1.010,12.000,55.800,9.000,18.000
2022-06-21 21:00:00,2.260,0.000,0.000,0.000,15.900
2022-06-21 22:00:00,5.460,0.000,0.000,0.000,15.800
2022-06-21 23:00:00,5.820,0.000,0.000,0.000,14.000
2022-06-22 00:00:00,5.150,0.000,0.000,0.000,13.100
2022-06-22 01:00:00,4.650,0.000,0.000,0.000,12.100
2022-06-22 02:00:00,4.810,0.000,0.000,0.000,11.300
2022-06-22 03:00:00,4.100,0.000,0.000,0.000,10.100
2022-06-22 04:00:00,4.210,26.000,125.900,17.000,10.300
2022-06-22 05:00:00,3.260,123.000,368.100,53.000,13.100
2022-06-22 06:00:00,1.880,259.000,525.600,83.000,15.900
2022-06-22 07:00:00,1.540,404.000,618.900,108.000,18.000
2022-06-22 08:00:00,2.280,545.000,655.200,145.000,19.800
2022-06-22 09:00:00,2.030,677.000,722.300,155.000,21.400
2022-06-22 10:00:00,2.170,760.000,697.500,197.000,22.800
2022-06-22 11:00:00,1.610,800.000,715.500,186.000,23.600
2022-06-22 12:00:00,2.160,854.000,788.900,166.000,24.700
2022-06-22 13:00:00,1.300,817.000,747.600,183.000,25.500
2022-06-22 14:00:00,1.360,759.000,767.900,154.000,26.000
2022-06-22 15:00:00,1.960,658.000,760.700,129.000,26.500
2022-06-22 16:00:00,1.810,527.000,733.000,104.000,26.600
2022-06-22 17:00:00,1.850,379.000,657.800,89.000,26.500
2022-06-22 18:00:00,2.750,224.000,520.000,70.000,25.800
2022-06-22 19:00:00,4.010,92.000,327.300,42.000,23.400
2022-06-22 20:00:00,5.000,12.000,74.100,8.000,20.800
2022-06-22 21:00:00,5.390,0.000,0.000,0.000,19.200
2022-06-22 22:00:00,6.470,0.000,0.000,0.000,17.500
2022-06-22 23:00:00,5.940,0.000,0.000,0.000,16.500
2022-06-23 00:00:00,5.700,0.000,0.000,0.000,15.500
2022-06-23 01:00:00,5.590,0.000,0.000,0.000,14.700
2022-06-23 02:00:00,5.150,0.000,0.000,0.000,13.700
2022-06-23 03:00:00,5.800,0.000,0.000,0.000,13.200
2022-06-23 04:00:00,6.300,25.000,140.500,15.000,13.200
2022-06-23 05:00:00,6.070,122.000,380.000,50.000,15.400
2022-06-23 06:00:00,4.680,259.000,547.600,76.000,18.100
2022-06-23 07:00:00,4.140,408.000,657.400,94.000,20.800
2022-06-23 08:00:00,4.090,556.000,732.800,109.000,23.500
2022-06-23 09:00:00,4.260,684.000,782.300,119.000,25.700
2022-06-23 10:00:00,3.890,783.000,813.100,127.000,27.500
2022-06-23 11:00:00,3.960,842.000,830.000,130.000,28.600
2022-06-23 12:00:00,3.820,859.000,834.900,131.000,29.500
2022-06-23 13:00:00,3.820,831.000,827.700,129.000,30.300
2022-06-23 14:00:00,3.760,760.000,808.400,123.000,30.600
2022-06-23 15:00:00,3.950,653.000,773.400,115.000,30.900
2022-06-23 16:00:00,4.310,520.000,720.500,104.000,30.800
2022-06-23 17:00:00,4.830,369.000,636.800,88.000,30.400
2022-06-23 18:00:00,5.510,220.000,509.200,69.000,29.600
2022-06-23 19:00:00,6.170,92.000,333.100,41.000,28.000
2022-06-23 20:00:00,6.690,12.000,73.900,8.000,25.400
2022-06-23 21:00:00,6.860,0.000,0.000,0.000,23.300
2022-06-23 22:00:00,7.850,0.000,0.000,0.000,21.900
2022-06-23 23:00:00,7.890,0.000,0.000,0.000,21.200
2022-06-24 00:00:00,8.020,0.000,0.000,0.000,20.700
2022-06-24 01:00:00,7.550,0.000,0.000,0.000,20.100
2022-06-24 02:00:00,7.600,0.000,0.000,0.000,19.600
2022-06-24 03:00:00,7.400,0.000,0.000,0.000,19.400
2022-06-24 04:00:00,6.640,25.000,141.200,15.000,19.400
2022-06-24 05:00:00,5.880,121.000,376.200,50.000,21.000
2022-06-24 06:00:00,5.130,258.000,548.800,75.000,23.000
2022-06-24 07:00:00,4.360,252.000,302.000,108.000,24.900
2022-06-24 08:00:00,4.320,460.000,539.900,131.000,26.300
2022-06-24 09:00:00,4.340,681.000,770.400,125.000,26.900
2022-06-24 10:00:00,2.110,616.000,501.000,212.000,26.600
2022-06-24 11:00:00,5.750,547.000,408.100,197.000,25.100
2022-06-24 12:00:00,6.320,484.000,255.800,261.000,24.000
2022-06-24 13:00:00,4.780,343.000,59.000,293.000,23.500
2022-06-24 14:00:00,5.560,455.000,266.500,245.000,24.000
2022-06-24 15:00:00,4.260,453.000,313.300,235.000,24.700
2022-06-24 16:00:00,3.910,353.000,379.100,134.000,24.500
2022-06-24 17:00:00,2.840,226.000,255.900,113.000,23.200
2022-06-24 18:00:00,2.910,93.000,101.100,63.000,22.000
2022-06-24 19:00:00,3.960,79.000,208.700,47.000,21.600
2022-06-24 20:00:00,4.610,10.000,18.400,9.000,19.900
2022-06-24 21:00:00,4.420,0.000,0.000,0.000,19.100
2022-06-24 22:00:00,3.320,0.000,0.000,0.000,18.800
2022-06-24 23:00:00,1.800,0.000,0.000,0.000,18.200
2022-06-25 00:00:00,2.170,0.000,0.000,0.000,17.800
2022-06-25 01:00:00,3.250,0.000,0.000,0.000,17.200
2022-06-25 02:00:00,3.630,0.000,0.000,0.000,16.400
2022-06-25 03:00:00,4.770,0.000,0.000,0.000,16.400
2022-06-25 04:00:00,5.100,21.000,56.800,17.000,16.800
2022-06-25 05:00:00,4.780,81.000,79.800,66.000,18.200
2022-06-25 06:00:00,4.100,215.000,336.700,103.000,20.000
2022-06-25 07:00:00,3.530,232.000,220.500,127.000,22.000
2022-06-25 08:00:00,3.220,514.000,630.900,130.000,23.500
2022-06-25 09:00:00,3.310,657.000,744.700,120.000,24.400
2022-06-25 10:00:00,3.270,651.000,596.800,170.000,25.700
2022-06-25 11:00:00,3.040,657.000,596.100,146.000,26.400
2022-06-25 12:00:00,2.510,669.000,600.000,146.000,27.200
2022-06-25 13:00:00,2.300,711.000,640.300,168.000,28.000
2022-06-25 14:00:00,1.990,645.000,653.400,130.000,28.500
2022-06-25 15:00:00,1.840,522.000,581.900,117.000,28.400
2022-06-25 16:00:00,2.250,379.000,436.100,127.000,28.000
2022-06-25 17:00:00,2.130,253.000,355.400,96.000,27.300
2022-06-25 18:00:00,2.200,159.000,296.200,71.000,26.600
2022-06-25 19:00:00,2.800,66.000,156.300,42.000,25.500
2022-06-25 20:00:00,3.790,9.000,36.800,7.000,23.000
2022-06-25 21:00:00,3.960,0.000,0.000,0.000,22.100
2022-06-25 22:00:00,3.910,0.000,0.000,0.000,20.000
2022-06-25 23:00:00,3.630,0.000,0.000,0.000,19.200
2022-06-26 00:00:00,4.180,0.000,0.000,0.000,18.700
2022-06-26 01:00:00,3.940,0.000,0.000,0.000,17.900
2022-06-26 02:00:00,3.860,0.000,0.000,0.000,17.000
2022-06-26 03:00:00,3.210,0.000,0.000,0.000,16.500
2022-06-26 04:00:00,3.050,23.000,128.600,14.000,17.200
2022-06-26 05:00:00,3.420,114.000,326.200,53.000,19.500
2022-06-26 06:00:00,2.800,242.000,491.400,79.000,22.400
2022-06-26 07:00:00,2.420,344.000,425.000,142.000,24.600
2022-06-26 08:00:00,4.530,382.000,345.500,172.000,26.200
2022-06-26 09:00:00,4.630,354.000,299.800,138.000,26.600
2022-06-26 10:00:00,3.150,575.000,481.800,187.000,26.400
2022-06-26 11:00:00,3.200,643.000,505.300,210.000,27.600
2022-06-26 12:00:00,4.000,606.000,485.400,183.000,28.000
2022-06-26 13:00:00,4.010,570.000,424.500,210.000,27.300
2022-06-26 14:00:00,3.010,321.000,120.500,226.000,25.500
2022-06-26 15:00:00,1.110,204.000,90.500,141.000,25.300
2022-06-26 16:00:00,1.860,223.000,157.400,132.000,25.600
2022-06-26 17:00:00,3.460,313.000,443.500,117.000,25.400
2022-06-26 18:00:00,4.300,140.000,171.600,89.000,24.600
2022-06-26 19:00:00,5.190,58.000,45.600,51.000,23.600
2022-06-26 20:00:00,5.860,8.000,36.800,6.000,22.700
2022-06-26 21:00:00,6.570,0.000,0.000,0.000,21.900
2022-06-26 22:00:00,6.840,0.000,0.000,0.000,20.900
2022-06-26 23:00:00,6.230,0.000,0.000,0.000,20.200
2022-06-27 00:00:00,5.930,0.000,0.000,0.000,19.500
2022-06-27 01:00:00,3.370,0.000,0.000,0.000,19.000
2022-06-27 02:00:00,3.730,0.000,0.000,0.000,18.400
2022-06-27 03:00:00,7.920,0.000,0.000,0.000,17.500
2022-06-27 04:00:00,7.540,13.000,0.000,13.000,17.100
2022-06-27 05:00:00,7.780,56.000,16.100,53.000,17.400
2022-06-27 06:00:00,3.830,72.000,3.000,71.000,17.700
2022-06-27 07:00:00,1.190,180.000,46.400,158.000,18.200
2022-06-27 08:00:00,2.760,280.000,112.000,212.000,18.700
2022-06-27 09:00:00,2.390,256.000,51.400,219.000,20.100
2022-06-27 10:00:00,4.110,315.000,101.900,233.000,22.800
2022-06-27 11:00:00,3.660,334.000,131.900,221.000,23.600
2022-06-27 12:00:00,3.270,343.000,104.500,252.000,23.700
2022-06-27 13:00:00,3.360,500.000,266.600,274.000,23.700
2022-06-27 14:00:00,3.050,383.000,247.400,188.000,23.000
2022-06-27 15:00:00,4.070,205.000,94.800,139.000,21.900
2022-06-27 16:00:00,5.590,60.000,15.600,51.000,20.600
2022-06-27 17:00:00,7.270,127.000,131.200,69.000,20.200
2022-06-27 18:00:00,6.310,89.000,94.200,61.000,19.500
2022-06-27 19:00:00,5.160,9.000,6.500,8.000,19.000
2022-06-27 20:00:00,5.130,3.000,0.000,3.000,18.200
2022-06-27 21:00:00,4.860,0.000,0.000,0.000,17.400
2022-06-27 22:00:00,2.900,0.000,0.000,0.000,16.700
2022-06-27 23:00:00,4.090,0.000,0.000,0.000,16.600
2022-06-28 00:00:00,4.450,0.000,0.000,0.000,16.200
2022-06-28 01:00:00,5.000,0.000,0.000,0.000,15.600
2022-06-28 02:00:00,6.550,0.000,0.000,0.000,15.000
2022-06-28 03:00:00,6.810,0.000,0.000,0.000,14.400
2022-06-28 04:00:00,6.040,18.000,72.400,13.000,13.900
2022-06-28 05:00:00,4.110,94.000,259.600,46.000,14.700
2022-06-28 06:00:00,3.920,233.000,451.900,84.000,16.100
2022-06-28 07:00:00,4.290,302.000,414.000,106.000,17.500
2022-06-28 08:00:00,3.840,499.000,618.700,124.000,19.000
2022-06-28 09:00:00,3.450,610.000,655.100,139.000,20.100
2022-06-28 10:00:00,2.150,696.000,639.200,182.000,21.300
2022-06-28 11:00:00,1.500,562.000,352.800,260.000,21.800
2022-06-28 12:00:00,2.010,602.000,300.900,340.000,22.600
2022-06-28 13:00:00,1.520,585.000,385.800,258.000,23.400
2022-06-28 14:00:00,1.060,581.000,397.200,268.000,23.800
2022-06-28 15:00:00,1.750,572.000,579.000,169.000,24.300
2022-06-28 16:00:00,0.800,463.000,577.900,129.000,24.500
2022-06-28 17:00:00,2.120,371.000,631.300,92.000,24.500
2022-06-28 18:00:00,0.610,221.000,511.600,69.000,23.700
2022-06-28 19:00:00,2.340,67.000,176.100,40.000,22.400
2022-06-28 20:00:00,2.240,12.000,55.400,9.000,19.600
2022-06-28 21:00:00,4.120,0.000,0.000,0.000,17.800
2022-06-28 22:00:00,4.430,0.000,0.000,0.000,16.300
2022-06-28 23:00:00,5.120,0.000,0.000,0.000,15.400
2022-06-29 00:00:00,5.870,0.000,0.000,0.000,14.600
2022-06-29 01:00:00,5.790,0.000,0.000,0.000,14.100
2022-06-29 02:00:00,5.860,0.000,0.000,0.000,13.700
2022-06-29 03:00:00,5.710,0.000,0.000,0.000,13.400
2022-06-29 04:00:00,5.590,20.000,29.200,18.000,14.000
2022-06-29 05:00:00,5.980,99.000,179.600,66.000,16.300
2022-06-29 06:00:00,6.030,226.000,383.400,100.000,18.800
2022-06-29 07:00:00,6.580,377.000,569.500,108.000,20.800
2022-06-29 08:00:00,6.730,447.000,492.400,149.000,22.600
2022-06-29 09:00:00,6.820,576.000,593.200,150.000,23.900
2022-06-29 10:00:00,6.190,628.000,499.100,227.000,25.000
2022-06-29 11:00:00,5.630,717.000,643.000,167.000,25.900
2022-06-29 12:00:00,5.660,772.000,656.100,201.000,26.300
2022-06-29 13:00:00,6.560,652.000,515.800,215.000,26.500
2022-06-29 14:00:00,5.690,499.000,401.200,183.000,26.400
2022-06-29 15:00:00,4.510,389.000,307.500,175.000,26.400
2022-06-29 16:00:00,4.210,316.000,190.400,206.000,26.300
2022-06-29 17:00:00,4.650,296.000,421.000,110.000,26.000
2022-06-29 18:00:00,4.340,190.000,404.200,70.000,25.400
2022-06-29 19:00:00,4.350,39.000,45.700,32.000,24.200
2022-06-29 20:00:00,5.040,6.000,18.500,5.000,22.400
2022-06-29 21:00:00,5.920,0.000,0.000,0.000,20.700
2022-06-29 22:00:00,6.510,0.000,0.000,0.000,20.200
2022-06-29 23:00:00,6.520,0.000,0.000,0.000,19.800
2022-06-30 00:00:00,6.780,0.000,0.000,0.000,18.700
2022-06-30 01:00:00,5.850,0.000,0.000,0.000,17.700
2022-06-30 02:00:00,5.470,0.000,0.000,0.000,16.600
2022-06-30 03:00:00,5.530,0.000,0.000,0.000,16.300
2022-06-30 04:00:00,4.770,18.000,88.400,12.000,16.300
2022-06-30 05:00:00,4.170,107.000,334.100,46.000,17.700
2022-06-30 06:00:00,3.380,202.000,394.000,73.000,19.600
2022-06-30 07:00:00,3.560,347.000,490.200,116.000,21.700
2022-06-30 08:00:00,4.400,470.000,569.300,126.000,23.700
2022-06-30 09:00:00,3.970,582.000,628.700,131.000,25.300
2022-06-30 10:00:00,1.850,697.000,686.400,146.000,26.500
2022-06-30 11:00:00,2.210,771.000,738.200,140.000,27.800
2022-06-30 12:00:00,2.220,784.000,747.300,134.000,29.000
2022-06-30 13:00:00,1.800,756.000,720.300,146.000,29.800
2022-06-30 14:00:00,1.210,581.000,502.900,185.000,29.800
2022-06-30 15:00:00,1.330,466.000,500.300,118.000,30.100
2022-06-30 16:00:00,1.900,390.000,481.300,112.000,30.000
2022-06-30 17:00:00,1.570,271.000,409.900,90.000,29.700
2022-06-30 18:00:00,3.410,165.000,343.900,63.000,29.300
2022-06-30 19:00:00,4.820,57.000,98.300,42.000,27.700
2022-06-30 20:00:00,4.020,10.000,37.200,8.000,25.400
2022-06-30 21:00:00,3.510,0.000,0.000,0.000,23.800
2022-06-30 22:00:00,4.030,0.000,0.000,0.000,23.600
2022-06-30 23:00:00,4.210,0.000,0.000,0.000,22.400
2022-07-01 00:00:00,4.580,0.000,0.000,0.000,20.700
2022-07-01 01:00:00,7.970,0.000,0.000,0.000,20.200
2022-07-01 02:00:00,7.650,0.000,0.000,0.000,18.800
2022-07-01 03:00:00,9.220,0.000,0.000,0.000,17.200
2022-07-01 04:00:00,8.060,9.000,0.000,9.000,16.400
2022-07-01 05:00:00,7.250,46.000,16.500,43.000,15.600
2022-07-01 06:00:00,6.500,102.000,30.700,92.000,15.100
2022-07-01 07:00:00,6.170,156.000,55.300,130.000,14.900
2022-07-01 08:00:00,6.440,290.000,145.900,202.000,14.700
2022-07-01 09:00:00,6.990,326.000,118.600,241.000,14.800
2022-07-01 10:00:00,6.460,219.000,7.500,213.000,16.400
2022-07-01 11:00:00,6.150,236.000,49.200,194.000,16.300
2022-07-01 12:00:00,4.360,162.000,1.200,161.000,16.000
2022-07-01 13:00:00,4.860,112.000,2.400,110.000,15.900
2022-07-01 14:00:00,5.160,228.000,75.000,169.000,16.900
2022-07-01 15:00:00,4.500,502.000,404.200,221.000,18.500
2022-07-01 16:00:00,4.400,433.000,512.700,137.000,19.200
2022-07-01 17:00:00,4.650,289.000,426.100,101.000,19.700
2022-07-01 18:00:00,4.410,155.000,216.100,91.000,19.600
2022-07-01 19:00:00,3.670,66.000,210.300,34.000,18.600
2022-07-01 20:00:00,3.020,10.000,56.000,7.000,16.400
2022-07-01 21:00:00,2.280,0.000,0.000,0.000,15.300
2022-07-01 22:00:00,3.900,0.000,0.000,0.000,13.800
2022-07-01 23:00:00,4.150,0.000,0.000,0.000,12.600
2022-07-02 00:00:00,4.360,0.000,0.000,0.000,12.000
2022-07-02 01:00:00,4.470,0.000,0.000,0.000,11.400
2022-07-02 02:00:00,5.060,0.000,0.000,0.000,11.300
2022-07-02 03:00:00,4.790,0.000,0.000,0.000,11.100
2022-07-02 04:00:00,4.510,21.000,120.000,13.000,11.500
2022-07-02 05:00:00,4.110,114.000,366.800,48.000,13.800
2022-07-02 06:00:00,2.980,250.000,541.700,74.000,16.300
2022-07-02 07:00:00,2.860,398.000,648.300,94.000,18.800
2022-07-02 08:00:00,3.340,526.000,667.700,124.000,20.500
2022-07-02 09:00:00,4.630,636.000,712.900,126.000,21.600
2022-07-02 10:00:00,3.760,693.000,659.100,165.000,22.800
2022-07-02 11:00:00,3.970,525.000,267.200,297.000,23.300
2022-07-02 12:00:00,4.180,467.000,118.600,364.000,24.000
2022-07-02 13:00:00,4.260,546.000,189.100,386.000,25.100
2022-07-02 14:00:00,4.120,564.000,433.500,223.000,25.800
2022-07-02 15:00:00,3.920,583.000,603.000,164.000,26.600
2022-07-02 16:00:00,3.140,411.000,402.200,179.000,26.700
2022-07-02 17:00:00,2.710,289.000,413.000,107.000,26.600
2022-07-02 18:00:00,1.360,152.000,236.800,82.000,26.100
2022-07-02 19:00:00,2.650,91.000,336.600,40.000,24.900
2022-07-02 20:00:00,4.570,11.000,56.300,8.000,22.100
2022-07-02 21:00:00,5.440,0.000,0.000,0.000,20.700
2022-07-02 22:00:00,7.580,0.000,0.000,0.000,19.100
2022-07-02 23:00:00,6.770,0.000,0.000,0.000,18.500
2022-07-03 00:00:00,6.580,0.000,0.000,0.000,18.000
2022-07-03 01:00:00,6.660,0.000,0.000,0.000,17.400
2022-07-03 02:00:00,6.510,0.000,0.000,0.000,16.800
2022-07-03 03:00:00,6.220,0.000,0.000,0.000,16.200
2022-07-03 04:00:00,5.800,20.000,106.100,13.000,16.200
2022-07-03 05:00:00,5.110,101.000,285.700,50.000,17.700
2022-07-03 06:00:00,4.080,222.000,432.700,82.000,20.400
2022-07-03 07:00:00,3.890,338.000,506.800,101.000,22.800
2022-07-03 08:00:00,3.590,377.000,354.400,164.000,25.000
2022-07-03 09:00:00,3.720,504.000,515.100,136.000,26.100
2022-07-03 10:00:00,4.000,616.000,509.800,208.000,27.200
2022-07-03 11:00:00,2.550,609.000,523.100,163.000,27.800
2022-07-03 12:00:00,3.520,632.000,525.300,176.000,28.300
2022-07-03 13:00:00,3.970,597.000,495.700,178.000,28.100
2022-07-03 14:00:00,4.640,363.000,248.100,168.000,27.800
2022-07-03 15:00:00,4.870,386.000,305.300,174.000,28.100
2022-07-03 16:00:00,6.470,310.000,329.600,120.000,27.600
2022-07-03 17:00:00,7.070,231.000,334.000,84.000,27.200
2022-07-03 18:00:00,6.960,109.000,183.000,55.000,24.800
2022-07-03 19:00:00,7.140,81.000,291.800,37.000,21.400
2022-07-03 20:00:00,7.380,8.000,37.800,6.000,18.700
2022-07-03 21:00:00,6.290,0.000,0.000,0.000,17.600
2022-07-03 22:00:00,5.070,0.000,0.000,0.000,17.700
2022-07-03 23:00:00,4.090,0.000,0.000,0.000,16.700
2022-07-04 00:00:00,4.690,0.000,0.000,0.000,15.500
2022-07-04 01:00:00,4.680,0.000,0.000,0.000,14.600
2022-07-04 02:00:00,4.740,0.000,0.000,0.000,13.900
2022-07-04 03:00:00,5.840,0.000,0.000,0.000,13.500
2022-07-04 04:00:00,5.620,18.000,91.900,12.000,13.400
2022-07-04 05:00:00,4.630,107.000,327.700,49.000,14.800
2022-07-04 06:00:00,3.770,230.000,431.600,91.000,16.300
2022-07-04 07:00:00,4.330,390.000,621.900,100.000,17.800
2022-07-04 08:00:00,5.040,514.000,623.600,140.000,18.900
2022-07-04 09:00:00,4.510,665.000,743.000,135.000,20.000
2022-07-04 10:00:00,3.890,740.000,720.600,164.000,21.700
2022-07-04 11:00:00,4.670,681.000,604.600,166.000,22.600
2022-07-04 12:00:00,5.160,537.000,387.400,201.000,23.200
2022-07-04 13:00:00,5.480,359.000,67.500,302.000,23.300
2022-07-04 14:00:00,5.570,361.000,194.800,208.000,23.700
2022-07-04 15:00:00,5.660,316.000,154.200,209.000,23.600
2022-07-04 16:00:00,5.460,312.000,241.400,173.000,23.800
2022-07-04 17:00:00,5.750,253.000,307.100,118.000,23.500
2022-07-04 18:00:00,5.300,154.000,224.300,88.000,23.000
2022-07-04 19:00:00,5.120,54.000,126.700,35.000,21.900
2022-07-04 20:00:00,4.760,9.000,57.100,6.000,19.700
2022-07-04 21:00:00,4.370,0.000,0.000,0.000,18.300
2022-07-04 22:00:00,4.710,0.000,0.000,0.000,16.500
2022-07-04 23:00:00,3.970,0.000,0.000,0.000,14.800
2022-07-05 00:00:00,3.300,0.000,0.000,0.000,13.200
2022-07-05 01:00:00,2.800,0.000,0.000,0.000,12.800
2022-07-05 02:00:00,2.800,0.000,0.000,0.000,11.500
2022-07-05 03:00:00,2.640,0.000,0.000,0.000,11.300
2022-07-05 04:00:00,2.680,16.000,77.500,11.000,12.200
2022-07-05 05:00:00,3.200,81.000,193.900,47.000,13.900
2022-07-05 06:00:00,3.700,147.000,180.900,89.000,15.900
2022-07-05 07:00:00,4.050,263.000,333.500,108.000,17.800
2022-07-05 08:00:00,4.810,411.000,404.400,169.000,19.100
2022-07-05 09:00:00,5.850,539.000,480.300,197.000,20.300
2022-07-05 10:00:00,5.800,594.000,446.000,238.000,21.200
2022-07-05 11:00:00,5.840,701.000,591.100,198.000,22.100
2022-07-05 12:00:00,6.050,648.000,468.500,242.000,22.600
2022-07-05 13:00:00,5.910,630.000,472.700,231.000,23.200
2022-07-05 14:00:00,5.850,490.000,340.200,223.000,23.000
2022-07-05 15:00:00,6.150,333.000,165.900,218.000,22.500
2022-07-05 16:00:00,6.010,331.000,248.600,188.000,22.500
2022-07-05 17:00:00,5.840,178.000,113.900,128.000,21.600
2022-07-05 18:00:00,5.680,156.000,262.400,79.000,20.800
2022-07-05 19:00:00,5.520,66.000,194.600,37.000,19.700
2022-07-05 20:00:00,5.100,7.000,19.100,6.000,18.400
2022-07-05 21:00:00,5.060,0.000,0.000,0.000,17.200
2022-07-05 22:00:00,5.550,0.000,0.000,0.000,15.700
2022-07-05 23:00:00,5.780,0.000,0.000,0.000,14.700
2022-07-06 00:00:00,5.700,0.000,0.000,0.000,13.700
2022-07-06 01:00:00,5.280,0.000,0.000,0.000,13.200
2022-07-06 02:00:00,5.460,0.000,0.000,0.000,13.100
2022-07-06 03:00:00,5.390,0.000,0.000,0.000,12.800
2022-07-06 04:00:00,5.220,14.000,78.500,9.000,12.800
2022-07-06 05:00:00,5.070,101.000,322.600,45.000,13.500
2022-07-06 06:00:00,5.540,224.000,473.500,73.000,14.600
2022-07-06 07:00:00,5.540,292.000,427.400,94.000,15.700
2022-07-06 08:00:00,5.340,315.000,335.000,115.000,16.600
2022-07-06 09:00:00,5.340,435.000,374.200,169.000,17.400
2022-07-06 10:00:00,4.820,456.000,337.500,187.000,17.800
2022-07-06 11:00:00,5.740,491.000,320.000,219.000,18.400
2022-07-06 12:00:00,6.440,443.000,295.700,187.000,18.800
2022-07-06 13:00:00,6.620,330.000,153.000,201.000,18.800
2022-07-06 14:00:00,6.250,287.000,71.400,231.000,19.100
2022-07-06 15:00:00,6.370,344.000,151.600,239.000,19.900
2022-07-06 16:00:00,5.920,233.000,99.200,176.000,19.900
2022-07-06 17:00:00,5.970,159.000,70.800,128.000,19.500
2022-07-06 18:00:00,5.970,115.000,44.400,102.000,19.300
2022-07-06 19:00:00,5.210,36.000,20.300,33.000,18.400
2022-07-06 20:00:00,5.850,5.000,0.000,5.000,17.400
2022-07-06 21:00:00,6.010,0.000,0.000,0.000,16.600
2022-07-06 22:00:00,6.470,0.000,0.000,0.000,14.800
2022-07-06 23:00:00,6.910,0.000,0.000,0.000,14.500
2022-07-07 00:00:00,7.500,0.000,0.000,0.000,14.400
2022-07-07 01:00:00,7.800,0.000,0.000,0.000,14.300
2022-07-07 02:00:00,7.960,0.000,0.000,0.000,14.300
2022-07-07 03:00:00,7.970,0.000,0.000,0.000,14.400
2022-07-07 04:00:00,7.940,2.000,0.000,2.000,14.600
2022-07-07 05:00:00,7.230,15.000,0.000,15.000,14.800
2022-07-07 06:00:00,7.400,40.000,0.000,40.000,15.100
2022-07-07 07:00:00,7.650,59.000,39.000,41.000,15.300
2022-07-07 08:00:00,7.380,30.000,0.000,30.000,15.900
2022-07-07 09:00:00,6.930,47.000,0.000,47.000,16.300
2022-07-07 10:00:00,9.180,112.000,10.100,104.000,16.800
2022-07-07 11:00:00,8.100,185.000,24.700,164.000,17.500
2022-07-07 12:00:00,8.520,137.000,11.600,127.000,17.800
2022-07-07 13:00:00,10.130,204.000,19.000,188.000,18.400
2022-07-07 14:00:00,9.620,305.000,74.000,247.000,18.100
2022-07-07 15:00:00,10.080,225.000,57.800,185.000,17.700
2022-07-07 16:00:00,10.450,198.000,104.600,138.000,17.200
2022-07-07 17:00:00,10.600,172.000,144.100,109.000,16.500
2022-07-07 18:00:00,10.200,94.000,78.900,71.000,16.100
2022-07-07 19:00:00,9.240,27.000,6.800,26.000,15.900
2022-07-07 20:00:00,9.650,3.000,0.000,3.000,15.300
2022-07-07 21:00:00,8.780,0.000,0.000,0.000,14.900
2022-07-07 22:00:00,8.170,0.000,0.000,0.000,14.800
2022-07-07 23:00:00,8.460,0.000,0.000,0.000,14.600
2022-07-08 00:00:00,8.170,0.000,0.000,0.000,14.500
2022-07-08 01:00:00,8.060,0.000,0.000,0.000,14.400
2022-07-08 02:00:00,7.540,0.000,0.000,0.000,14.000
2022-07-08 03:00:00,7.710,0.000,0.000,0.000,13.800
2022-07-08 04:00:00,7.540,12.000,48.500,9.000,13.700
2022-07-08 05:00:00,6.360,73.000,182.500,42.000,14.200
2022-07-08 06:00:00,7.180,148.000,180.700,91.000,14.600
2022-07-08 07:00:00,6.940,195.000,115.200,142.000,15.300
2022-07-08 08:00:00,6.820,264.000,104.400,202.000,16.100
2022-07-08 09:00:00,6.820,371.000,113.000,291.000,16.700
2022-07-08 10:00:00,6.750,319.000,59.100,272.000,17.500
2022-07-08 11:00:00,6.800,210.000,16.500,196.000,17.500
2022-07-08 12:00:00,7.430,246.000,46.300,206.000,18.100
2022-07-08 13:00:00,7.670,330.000,71.300,270.000,19.100
2022-07-08 14:00:00,7.600,260.000,29.400,237.000,19.600
2022-07-08 15:00:00,7.710,184.000,24.600,167.000,19.700
2022-07-08 16:00:00,6.820,210.000,108.300,148.000,20.300
2022-07-08 17:00:00,6.240,171.000,158.200,102.000,20.600
2022-07-08 18:00:00,5.790,166.000,316.700,74.000,20.700
2022-07-08 19:00:00,5.840,70.000,219.800,38.000,20.000
2022-07-08 20:00:00,5.950,8.000,38.200,6.000,18.000
2022-07-08 21:00:00,6.040,0.000,0.000,0.000,16.600
2022-07-08 22:00:00,5.120,0.000,0.000,0.000,15.600
2022-07-08 23:00:00,4.940,0.000,0.000,0.000,14.700
2022-07-09 00:00:00,4.980,0.000,0.000,0.000,14.000
2022-07-09 01:00:00,4.570,0.000,0.000,0.000,13.700
2022-07-09 02:00:00,4.330,0.000,0.000,0.000,13.900
2022-07-09 03:00:00,4.200,0.000,0.000,0.000,14.100
2022-07-09 04:00:00,4.360,4.000,0.000,4.000,14.400
2022-07-09 05:00:00,5.250,42.000,17.900,39.000,15.000
2022-07-09 06:00:00,5.930,121.000,124.400,82.000,15.900
2022-07-09 07:00:00,6.770,206.000,178.900,124.000,17.000
2022-07-09 08:00:00,7.140,254.000,136.700,173.000,17.900
2022-07-09 09:00:00,6.660,204.000,11.300,196.000,18.600
2022-07-09 10:00:00,5.410,239.000,40.300,207.000,19.200
2022-07-09 11:00:00,5.480,372.000,140.600,253.000,20.200
2022-07-09 12:00:00,7.400,597.000,501.900,164.000,21.300
2022-07-09 13:00:00,8.970,536.000,386.700,211.000,20.800
2022-07-09 14:00:00,9.030,506.000,431.200,169.000,21.100
2022-07-09 15:00:00,8.520,398.000,362.400,148.000,20.600
2022-07-09 16:00:00,8.820,384.000,428.600,139.000,20.200
2022-07-09 17:00:00,8.750,268.000,358.600,112.000,19.200
2022-07-09 18:00:00,9.110,181.000,363.000,76.000,17.900
2022-07-09 19:00:00,8.590,69.000,152.500,47.000,16.400
2022-07-09 20:00:00,8.130,5.000,0.000,5.000,15.600
2022-07-09 21:00:00,7.280,0.000,0.000,0.000,15.000
2022-07-09 22:00:00,6.020,0.000,0.000,0.000,14.300
2022-07-09 23:00:00,6.510,0.000,0.000,0.000,13.800
2022-07-10 00:00:00,7.000,0.000,0.000,0.000,13.500
2022-07-10 01:00:00,7.210,0.000,0.000,0.000,13.300
2022-07-10 02:00:00,7.420,0.000,0.000,0.000,13.100
2022-07-10 03:00:00,7.510,0.000,0.000,0.000,13.100
2022-07-10 04:00:00,7.190,8.000,16.700,7.000,13.000
2022-07-10 05:00:00,6.860,68.000,168.900,40.000,13.100
2022-07-10 06:00:00,7.670,150.000,250.400,72.000,13.800
2022-07-10 07:00:00,9.340,236.000,289.200,104.000,14.700
2022-07-10 08:00:00,8.600,297.000,250.500,149.000,15.600
2022-07-10 09:00:00,9.110,426.000,304.900,211.000,16.100
2022-07-10 10:00:00,8.090,426.000,248.700,229.000,17.900
2022-07-10 11:00:00,8.820,460.000,202.300,289.000,18.900
2022-07-10 12:00:00,9.060,339.000,89.400,262.000,18.900
2022-07-10 13:00:00,9.360,393.000,145.300,271.000,19.000
2022-07-10 14:00:00,9.020,359.000,133.200,255.000,19.100
2022-07-10 15:00:00,8.570,297.000,129.200,208.000,19.000
2022-07-10 16:00:00,8.360,247.000,119.200,179.000,18.600
2022-07-10 17:00:00,8.020,130.000,41.500,112.000,18.000
2022-07-10 18:00:00,6.940,78.000,38.200,67.000,17.400
2022-07-10 19:00:00,6.230,37.000,56.000,29.000,16.700
2022-07-10 20:00:00,5.510,4.000,19.100,3.000,15.700
2022-07-10 21:00:00,5.030,0.000,0.000,0.000,14.800
2022-07-10 22:00:00,4.970,0.000,0.000,0.000,14.300
2022-07-10 23:00:00,5.190,0.000,0.000,0.000,13.800
2022-07-11 00:00:00,4.950,0.000,0.000,0.000,13.400
2022-07-11 01:00:00,4.880,0.000,0.000,0.000,12.900
2022-07-11 02:00:00,4.760,0.000,0.000,0.000,13.000
2022-07-11 03:00:00,4.730,0.000,0.000,0.000,12.700
2022-07-11 04:00:00,4.380,7.000,17.000,6.000,13.000
2022-07-11 05:00:00,4.630,49.000,55.000,40.000,13.500
2022-07-11 06:00:00,4.530,128.000,145.400,83.000,14.500
2022-07-11 07:00:00,4.860,253.000,341.000,98.000,15.500
2022-07-11 08:00:00,4.470,304.000,212.200,179.000,16.500
2022-07-11 09:00:00,4.110,309.000,99.500,239.000,17.500
2022-07-11 10:00:00,4.380,249.000,45.500,213.000,17.800
2022-07-11 11:00:00,4.840,350.000,112.500,255.000,18.600
2022-07-11 12:00:00,4.920,349.000,134.800,233.000,18.900
2022-07-11 13:00:00,5.330,384.000,139.600,267.000,19.500
2022-07-11 14:00:00,5.570,254.000,61.600,206.000,19.400
2022-07-11 15:00:00,5.480,215.000,48.000,182.000,19.500
2022-07-11 16:00:00,5.200,209.000,108.900,147.000,19.900
2022-07-11 17:00:00,4.650,185.000,129.400,129.000,19.800
2022-07-11 18:00:00,4.900,175.000,380.400,66.000,19.600
2022-07-11 19:00:00,4.970,43.000,106.200,28.000,18.900
2022-07-11 20:00:00,4.640,5.000,19.100,4.000,17.500
2022-07-11 21:00:00,4.870,0.000,0.000,0.000,16.500
2022-07-11 22:00:00,4.920,0.000,0.000,0.000,14.800
2022-07-11 23:00:00,4.200,0.000,0.000,0.000,14.000
2022-07-12 00:00:00,4.160,0.000,0.000,0.000,13.000
2022-07-12 01:00:00,3.330,0.000,0.000,0.000,11.600
2022-07-12 02:00:00,2.470,0.000,0.000,0.000,12.400
2022-07-12 03:00:00,3.170,0.000,0.000,0.000,10.400
2022-07-12 04:00:00,2.900,13.000,51.900,10.000,11.800
2022-07-12 05:00:00,2.330,92.000,297.300,44.000,13.500
2022-07-12 06:00:00,2.800,197.000,370.800,83.000,15.100
2022-07-12 07:00:00,1.850,258.000,207.700,164.000,16.700
2022-07-12 08:00:00,2.510,400.000,332.000,205.000,18.100
2022-07-12 09:00:00,2.710,602.000,559.800,209.000,19.700
2022-07-12 10:00:00,2.240,743.000,762.700,141.000,21.300
2022-07-12 11:00:00,2.750,821.000,822.200,128.000,23.000
2022-07-12 12:00:00,2.800,835.000,811.200,138.000,24.500
2022-07-12 13:00:00,2.810,802.000,782.400,147.000,25.800
2022-07-12 14:00:00,2.850,721.000,713.100,166.000,26.600
2022-07-12 15:00:00,3.700,615.000,655.400,165.000,27.000
2022-07-12 16:00:00,3.500,495.000,658.200,121.000,26.900
2022-07-12 17:00:00,3.280,344.000,558.800,103.000,26.500
2022-07-12 18:00:00,3.420,191.000,350.800,91.000,25.500
2022-07-12 19:00:00,3.860,62.000,71.600,52.000,23.800
2022-07-12 20:00:00,3.370,7.000,19.100,6.000,20.800
2022-07-12 21:00:00,2.070,0.000,0.000,0.000,18.200
2022-07-12 22:00:00,2.610,0.000,0.000,0.000,19.500
2022-07-12 23:00:00,1.920,0.000,0.000,0.000,17.500
2022-07-13 00:00:00,4.650,0.000,0.000,0.000,18.000
2022-07-13 01:00:00,5.420,0.000,0.000,0.000,18.000
2022-07-13 02:00:00,5.260,0.000,0.000,0.000,18.200
2022-07-13 03:00:00,5.170,0.000,0.000,0.000,18.500
2022-07-13 04:00:00,5.810,5.000,17.600,4.000,18.700
2022-07-13 05:00:00,6.220,38.000,50.300,30.000,19.500
2022-07-13 06:00:00,6.130,43.000,13.100,39.000,20.500
2022-07-13 07:00:00,6.530,141.000,73.200,108.000,22.000
2022-07-13 08:00:00,5.590,90.000,1.700,89.000,23.700
2022-07-13 09:00:00,4.760,271.000,145.600,169.000,25.000
2022-07-13 10:00:00,4.840,355.000,243.700,163.000,27.700
2022-07-13 11:00:00,5.460,571.000,457.500,186.000,29.400
2022-07-13 12:00:00,7.700,567.000,411.500,214.000,29.900
2022-07-13 13:00:00,8.340,468.000,379.200,151.000,29.700
2022-07-13 14:00:00,7.830,330.000,221.300,158.000,29.500
2022-07-13 15:00:00,7.980,361.000,283.100,167.000,29.500
2022-07-13 16:00:00,7.140,300.000,335.200,110.000,28.500
2022-07-13 17:00:00,6.800,216.000,286.200,93.000,27.200
2022-07-13 18:00:00,6.710,122.000,165.800,75.000,25.300
2022-07-13 19:00:00,6.220,51.000,137.800,32.000,23.300
2022-07-13 20:00:00,6.490,5.000,19.100,4.000,21.300
2022-07-13 21:00:00,6.160,0.000,0.000,0.000,19.700
2022-07-13 22:00:00,6.010,0.000,0.000,0.000,18.500
2022-07-13 23:00:00,5.850,0.000,0.000,0.000,16.900
2022-07-14 00:00:00,5.130,0.000,0.000,0.000,15.400
2022-07-14 01:00:00,4.430,0.000,0.000,0.000,14.300
2022-07-14 02:00:00,3.640,0.000,0.000,0.000,13.400
2022-07-14 03:00:00,2.660,0.000,0.000,0.000,12.800
2022-07-14 04:00:00,2.420,9.000,18.000,8.000,12.500
2022-07-14 05:00:00,2.110,67.000,178.600,39.000,13.500
2022-07-14 06:00:00,1.950,203.000,409.200,79.000,15.100
2022-07-14 07:00:00,3.320,357.000,537.200,116.000,16.600
2022-07-14 08:00:00,2.690,462.000,539.800,147.000,17.900
2022-07-14 09:00:00,2.700,597.000,598.300,179.000,19.000
2022-07-14 10:00:00,4.260,675.000,630.900,179.000,20.300
2022-07-14 11:00:00,4.920,699.000,601.200,194.000,21.600
2022-07-14 12:00:00,5.670,750.000,653.800,190.000,22.500
2022-07-14 13:00:00,6.060,658.000,533.100,213.000,22.200
2022-07-14 14:00:00,6.930,622.000,528.500,212.000,22.000
2022-07-14 15:00:00,7.640,485.000,431.300,190.000,21.300
2022-07-14 16:00:00,7.580,389.000,417.400,153.000,20.400
2022-07-14 17:00:00,7.080,187.000,224.100,91.000,19.200
2022-07-14 18:00:00,6.680,119.000,152.600,76.000,18.400
2022-07-14 19:00:00,6.490,50.000,132.300,32.000,17.400
2022-07-14 20:00:00,6.140,4.000,19.100,3.000,16.100
2022-07-14 21:00:00,5.940,0.000,0.000,0.000,14.900
2022-07-14 22:00:00,6.970,0.000,0.000,0.000,13.700
2022-07-14 23:00:00,6.120,0.000,0.000,0.000,13.000
2022-07-15 00:00:00,5.450,0.000,0.000,0.000,12.400
2022-07-15 01:00:00,5.340,0.000,0.000,0.000,12.000
2022-07-15 02:00:00,5.190,0.000,0.000,0.000,11.700
2022-07-15 03:00:00,5.490,0.000,0.000,0.000,11.600
2022-07-15 04:00:00,5.710,10.000,55.100,7.000,11.700
2022-07-15 05:00:00,5.800,78.000,246.100,40.000,12.600
2022-07-15 06:00:00,6.220,206.000,442.200,73.000,14.000
2022-07-15 07:00:00,7.020,328.000,501.700,104.000,15.500
2022-07-15 08:00:00,7.090,410.000,474.500,134.000,16.300
2022-07-15 09:00:00,7.220,357.000,239.600,190.000,17.000
2022-07-15 10:00:00,5.550,335.000,70.100,280.000,17.100
2022-07-15 11:00:00,5.870,429.000,167.000,289.000,18.000
2022-07-15 12:00:00,5.590,418.000,180.100,264.000,18.500
2022-07-15 13:00:00,5.770,424.000,267.600,201.000,19.000
2022-07-15 14:00:00,5.940,383.000,210.500,220.000,19.200
2022-07-15 15:00:00,5.980,279.000,199.200,143.000,19.200
2022-07-15 16:00:00,5.570,357.000,395.400,134.000,19.100
2022-07-15 17:00:00,5.190,188.000,175.800,113.000,18.600
2022-07-15 18:00:00,4.920,112.000,189.300,59.000,18.000
2022-07-15 19:00:00,4.220,44.000,111.900,29.000,17.400
2022-07-15 20:00:00,4.020,3.000,0.000,3.000,16.100
2022-07-15 21:00:00,3.840,0.000,0.000,0.000,14.800
2022-07-15 22:00:00,4.590,0.000,0.000,0.000,14.000
2022-07-15 23:00:00,5.730,0.000,0.000,0.000,13.900
2022-07-16 00:00:00,6.680,0.000,0.000,0.000,13.900
2022-07-16 01:00:00,7.560,0.000,0.000,0.000,14.500
2022-07-16 02:00:00,8.220,0.000,0.000,0.000,14.700
2022-07-16 03:00:00,8.460,0.000,0.000,0.000,14.300
2022-07-16 04:00:00,8.450,4.000,18.800,3.000,14.100
2022-07-16 05:00:00,8.170,29.000,52.700,21.000,13.900
2022-07-16 06:00:00,8.950,104.000,137.400,63.000,14.800
2022-07-16 07:00:00,8.230,192.000,218.300,95.000,15.200
2022-07-16 08:00:00,7.000,311.000,269.100,155.000,16.400
2022-07-16 09:00:00,7.190,493.000,484.800,156.000,17.400
2022-07-16 10:00:00,7.620,543.000,431.700,205.000,18.700
2022-07-16 11:00:00,7.890,669.000,514.900,238.000,19.400
2022-07-16 12:00:00,7.990,655.000,487.300,239.000,20.100
2022-07-16 13:00:00,8.160,667.000,538.500,219.000,20.200
2022-07-16 14:00:00,8.500,630.000,542.000,211.000,20.700
2022-07-16 15:00:00,8.480,591.000,641.600,154.000,20.800
2022-07-16 16:00:00,7.790,428.000,496.100,149.000,20.600
2022-07-16 17:00:00,7.250,327.000,491.800,118.000,20.000
2022-07-16 18:00:00,6.940,197.000,438.600,75.000,18.900
2022-07-16 19:00:00,6.180,78.000,287.900,40.000,17.600
2022-07-16 20:00:00,5.640,6.000,19.100,5.000,15.600
2022-07-16 21:00:00,4.990,0.000,0.000,0.000,13.800
2022-07-16 22:00:00,4.900,0.000,0.000,0.000,11.800
2022-07-16 23:00:00,4.360,0.000,0.000,0.000,11.000
2022-07-17 00:00:00,3.860,0.000,0.000,0.000,9.600
2022-07-17 01:00:00,3.220,0.000,0.000,0.000,8.800
2022-07-17 02:00:00,4.130,0.000,0.000,0.000,8.100
2022-07-17 03:00:00,3.770,0.000,0.000,0.000,7.800
2022-07-17 04:00:00,4.140,9.000,38.200,7.000,8.200
2022-07-17 05:00:00,3.870,77.000,133.900,57.000,10.600
2022-07-17 06:00:00,2.400,166.000,189.100,110.000,12.500
2022-07-17 07:00:00,2.600,356.000,560.900,108.000,15.100
2022-07-17 08:00:00,2.580,472.000,567.900,144.000,16.900
2022-07-17 09:00:00,2.550,559.000,549.600,178.000,18.200
2022-07-17 10:00:00,2.640,679.000,627.300,189.000,18.900
2022-07-17 11:00:00,2.930,783.000,719.400,182.000,20.400
2022-07-17 12:00:00,2.840,839.000,822.600,138.000,21.600
2022-07-17 13:00:00,2.790,806.000,793.600,147.000,22.700
2022-07-17 14:00:00,2.790,708.000,671.400,190.000,23.500
2022-07-17 15:00:00,3.020,601.000,634.300,170.000,23.900
2022-07-17 16:00:00,3.250,416.000,371.000,208.000,23.900
2022-07-17 17:00:00,2.910,282.000,326.100,144.000,23.500
2022-07-17 18:00:00,2.750,171.000,282.400,93.000,22.600
2022-07-17 19:00:00,3.400,66.000,161.700,45.000,21.100
2022-07-17 20:00:00,3.060,5.000,0.000,5.000,18.500
2022-07-17 21:00:00,2.520,0.000,0.000,0.000,16.800
2022-07-17 22:00:00,2.550,0.000,0.000,0.000,16.000
2022-07-17 23:00:00,1.760,0.000,0.000,0.000,14.000
2022-07-18 00:00:00,1.940,0.000,0.000,0.000,12.800
2022-07-18 01:00:00,2.260,0.000,0.000,0.000,11.800
2022-07-18 02:00:00,2.970,0.000,0.000,0.000,10.900
2022-07-18 03:00:00,3.890,0.000,0.000,0.000,10.500
2022-07-18 04:00:00,4.100,9.000,38.200,7.000,11.000
2022-07-18 05:00:00,4.170,86.000,299.700,42.000,13.600
2022-07-18 06:00:00,3.280,205.000,439.300,76.000,16.900
2022-07-18 07:00:00,2.350,297.000,375.100,132.000,20.100
2022-07-18 08:00:00,2.330,388.000,321.400,203.000,22.600
2022-07-18 09:00:00,2.390,568.000,473.000,241.000,24.500
2022-07-18 10:00:00,2.700,702.000,630.000,211.000,26.800
2022-07-18 11:00:00,3.200,768.000,654.900,222.000,28.300
2022-07-18 12:00:00,2.570,774.000,624.300,243.000,29.300
2022-07-18 13:00:00,2.730,728.000,581.500,246.000,30.100
2022-07-18 14:00:00,2.980,678.000,610.400,208.000,30.700
2022-07-18 15:00:00,3.160,583.000,581.200,189.000,31.300
2022-07-18 16:00:00,3.110,464.000,554.600,154.000,31.600
2022-07-18 17:00:00,2.860,328.000,510.400,113.000,31.500
2022-07-18 18:00:00,2.210,192.000,419.500,77.000,30.700
2022-07-18 19:00:00,1.950,74.000,321.400,33.000,28.100
2022-07-18 20:00:00,2.370,5.000,19.100,4.000,24.700
2022-07-18 21:00:00,2.850,0.000,0.000,0.000,23.400
2022-07-18 22:00:00,2.630,0.000,0.000,0.000,21.700
2022-07-18 23:00:00,1.920,0.000,0.000,0.000,20.200
2022-07-19 00:00:00,1.150,0.000,0.000,0.000,18.700
2022-07-19 01:00:00,1.140,0.000,0.000,0.000,17.500
2022-07-19 02:00:00,1.120,0.000,0.000,0.000,16.500
2022-07-19 03:00:00,1.210,0.000,0.000,0.000,15.700
2022-07-19 04:00:00,0.960,9.000,57.300,6.000,15.400
2022-07-19 05:00:00,0.750,90.000,353.800,39.000,16.700
2022-07-19 06:00:00,1.190,225.000,549.500,65.000,20.600
2022-07-19 07:00:00,1.280,374.000,655.800,87.000,24.600
2022-07-19 08:00:00,1.680,524.000,739.400,100.000,27.800
2022-07-19 09:00:00,2.090,654.000,783.300,114.000,30.200
2022-07-19 10:00:00,2.420,756.000,815.300,122.000,32.300
2022-07-19 11:00:00,2.340,816.000,816.100,137.000,33.600
2022-07-19 12:00:00,2.150,832.000,808.000,146.000,34.700
2022-07-19 13:00:00,1.720,815.000,836.500,123.000,35.500
2022-07-19 14:00:00,1.630,746.000,818.700,117.000,36.200
2022-07-19 15:00:00,1.970,638.000,782.400,109.000,36.500
2022-07-19 16:00:00,2.700,502.000,718.000,102.000,36.500
2022-07-19 17:00:00,3.780,352.000,636.900,85.000,36.100
2022-07-19 18:00:00,5.040,193.000,422.900,78.000,34.800
2022-07-19 19:00:00,6.520,68.000,223.600,40.000,32.100
2022-07-19 20:00:00,7.550,4.000,0.000,4.000,29.400
2022-07-19 21:00:00,7.760,0.000,0.000,0.000,27.800
2022-07-19 22:00:00,8.140,0.000,0.000,0.000,25.700
2022-07-19 23:00:00,7.820,0.000,0.000,0.000,24.300
2022-07-20 00:00:00,7.450,0.000,0.000,0.000,23.200
2022-07-20 01:00:00,7.190,0.000,0.000,0.000,22.100
2022-07-20 02:00:00,7.150,0.000,0.000,0.000,21.300
2022-07-20 03:00:00,6.860,0.000,0.000,0.000,20.500
2022-07-20 04:00:00,6.600,8.000,38.200,6.000,20.400
2022-07-20 05:00:00,6.050,87.000,346.300,38.000,22.200
2022-07-20 06:00:00,5.470,220.000,540.400,64.000,25.600
2022-07-20 07:00:00,4.110,371.000,661.600,83.000,29.200
2022-07-20 08:00:00,4.090,520.000,742.200,96.000,32.400
2022-07-20 09:00:00,4.380,651.000,794.300,105.000,34.600
2022-07-20 10:00:00,4.200,752.000,825.000,112.000,36.200
2022-07-20 11:00:00,4.830,816.000,843.100,116.000,37.400
2022-07-20 12:00:00,4.520,836.000,848.600,117.000,38.100
2022-07-20 13:00:00,3.700,810.000,841.900,115.000,38.600
2022-07-20 14:00:00,3.470,742.000,827.100,108.000,39.000
2022-07-20 15:00:00,2.980,576.000,588.700,179.000,38.800
2022-07-20 16:00:00,2.430,431.000,455.700,178.000,38.800
2022-07-20 17:00:00,1.600,296.000,364.400,144.000,37.500
2022-07-20 18:00:00,1.980,168.000,278.100,93.000,34.000
2022-07-20 19:00:00,4.450,62.000,154.700,43.000,30.500
2022-07-20 20:00:00,6.870,3.000,0.000,3.000,27.900
2022-07-20 21:00:00,9.510,0.000,0.000,0.000,25.600
2022-07-20 22:00:00,7.940,0.000,0.000,0.000,24.200
2022-07-20 23:00:00,7.090,0.000,0.000,0.000,22.200
2022-07-21 00:00:00,7.880,0.000,0.000,0.000,21.000
2022-07-21 01:00:00,7.760,0.000,0.000,0.000,20.500
2022-07-21 02:00:00,7.840,0.000,0.000,0.000,20.400
2022-07-21 03:00:00,8.090,0.000,0.000,0.000,20.300
2022-07-21 04:00:00,7.050,4.000,0.000,4.000,19.800
2022-07-21 05:00:00,5.610,22.000,0.000,22.000,19.500
2022-07-21 06:00:00,3.820,59.000,3.500,58.000,19.500
2022-07-21 07:00:00,2.600,260.000,348.800,109.000,20.800
2022-07-21 08:00:00,2.980,310.000,297.000,141.000,22.300
2022-07-21 09:00:00,4.670,224.000,89.000,163.000,23.400
2022-07-21 10:00:00,4.950,105.000,16.800,92.000,20.000
2022-07-21 11:00:00,2.800,94.000,24.100,74.000,19.600
2022-07-21 12:00:00,1.530,206.000,29.600,181.000,20.800
2022-07-21 13:00:00,5.700,343.000,184.500,191.000,22.700
2022-07-21 14:00:00,4.880,440.000,435.400,107.000,23.800
2022-07-21 15:00:00,4.310,381.000,275.100,196.000,23.000
2022-07-21 16:00:00,5.080,279.000,206.100,165.000,22.200
2022-07-21 17:00:00,6.800,192.000,113.300,145.000,21.700
2022-07-21 18:00:00,6.360,75.000,71.100,56.000,20.400
2022-07-21 19:00:00,6.670,31.000,58.200,24.000,19.100
2022-07-21 20:00:00,6.380,2.000,0.000,2.000,18.500
2022-07-21 21:00:00,6.320,0.000,0.000,0.000,18.300
2022-07-21 22:00:00,7.070,0.000,0.000,0.000,18.000
2022-07-21 23:00:00,6.440,0.000,0.000,0.000,17.800
2022-07-22 00:00:00,6.280,0.000,0.000,0.000,17.700
2022-07-22 01:00:00,6.350,0.000,0.000,0.000,17.700
2022-07-22 02:00:00,6.220,0.000,0.000,0.000,17.600
2022-07-22 03:00:00,5.930,0.000,0.000,0.000,17.400
2022-07-22 04:00:00,5.810,1.000,0.000,1.000,16.900
2022-07-22 05:00:00,5.310,12.000,0.000,12.000,16.300
2022-07-22 06:00:00,5.430,38.000,0.000,38.000,15.900
2022-07-22 07:00:00,5.330,88.000,2.300,87.000,15.800
2022-07-22 08:00:00,4.670,122.000,8.800,117.000,16.200
2022-07-22 09:00:00,4.300,224.000,45.400,193.000,16.800
2022-07-22 10:00:00,4.440,298.000,42.700,265.000,18.300
2022-07-22 11:00:00,4.500,359.000,108.900,269.000,18.800
2022-07-22 12:00:00,4.390,394.000,71.100,334.000,19.200
2022-07-22 13:00:00,3.570,447.000,152.100,322.000,19.900
2022-07-22 14:00:00,3.670,428.000,162.500,304.000,20.200
2022-07-22 15:00:00,2.950,379.000,216.300,234.000,20.500
2022-07-22 16:00:00,2.920,195.000,72.600,155.000,20.000
2022-07-22 17:00:00,3.100,132.000,7.300,129.000,19.700
2022-07-22 18:00:00,3.200,87.000,30.200,79.000,19.300
2022-07-22 19:00:00,3.480,27.000,0.000,27.000,18.900
2022-07-22 20:00:00,3.260,2.000,0.000,2.000,18.000
2022-07-22 21:00:00,2.560,0.000,0.000,0.000,16.600
2022-07-22 22:00:00,1.730,0.000,0.000,0.000,15.500
2022-07-22 23:00:00,1.440,0.000,0.000,0.000,15.200
2022-07-23 00:00:00,2.180,0.000,0.000,0.000,14.800
2022-07-23 01:00:00,1.990,0.000,0.000,0.000,14.900
2022-07-23 02:00:00,1.530,0.000,0.000,0.000,13.900
2022-07-23 03:00:00,1.920,0.000,0.000,0.000,13.200
2022-07-23 04:00:00,2.310,4.000,0.000,4.000,13.300
2022-07-23 05:00:00,2.400,52.000,105.100,38.000,13.800
2022-07-23 06:00:00,2.520,153.000,252.700,82.000,14.700
2022-07-23 07:00:00,3.480,277.000,385.400,112.000,16.100
2022-07-23 08:00:00,4.370,318.000,283.400,158.000,17.800
2022-07-23 09:00:00,4.840,333.000,174.700,214.000,18.900
2022-07-23 10:00:00,5.050,451.000,226.000,277.000,18.700
2022-07-23 11:00:00,5.870,657.000,526.200,223.000,20.300
2022-07-23 12:00:00,5.620,562.000,344.500,272.000,20.900
2022-07-23 13:00:00,5.510,610.000,474.300,221.000,21.600
2022-07-23 14:00:00,5.710,513.000,404.700,205.000,22.000
2022-07-23 15:00:00,6.020,466.000,393.500,203.000,22.500
2022-07-23 16:00:00,6.070,444.000,564.800,134.000,22.700
2022-07-23 17:00:00,5.400,336.000,594.700,92.000,22.500
2022-07-23 18:00:00,4.560,194.000,507.100,61.000,21.700
2022-07-23 19:00:00,4.390,65.000,296.200,31.000,20.300
2022-07-23 20:00:00,4.180,3.000,0.000,3.000,17.700
2022-07-23 21:00:00,3.970,0.000,0.000,0.000,15.700
2022-07-23 22:00:00,3.130,0.000,0.000,0.000,13.600
2022-07-23 23:00:00,1.910,0.000,0.000,0.000,12.300
2022-07-24 00:00:00,1.200,0.000,0.000,0.000,11.500
2022-07-24 01:00:00,1.230,0.000,0.000,0.000,10.600
2022-07-24 02:00:00,2.400,0.000,0.000,0.000,10.500
2022-07-24 03:00:00,3.100,0.000,0.000,0.000,10.400
2022-07-24 04:00:00,3.810,5.000,19.100,4.000,11.000
2022-07-24 05:00:00,4.430,74.000,291.600,36.000,13.200
2022-07-24 06:00:00,3.520,203.000,499.600,64.000,16.300
2022-07-24 07:00:00,3.180,304.000,359.500,151.000,19.300
2022-07-24 08:00:00,3.510,467.000,560.200,152.000,22.200
2022-07-24 09:00:00,3.660,595.000,618.500,175.000,24.300
2022-07-24 10:00:00,2.960,720.000,748.800,145.000,25.500
2022-07-24 11:00:00,2.620,779.000,776.600,140.000,26.700
2022-07-24 12:00:00,2.890,778.000,738.200,158.000,27.700
2022-07-24 13:00:00,3.160,747.000,702.800,172.000,28.900
2022-07-24 14:00:00,3.280,491.000,396.600,190.000,29.400
2022-07-24 15:00:00,3.160,407.000,267.200,229.000,30.100
2022-07-24 16:00:00,3.150,359.000,325.700,181.000,30.400
2022-07-24 17:00:00,2.970,233.000,206.000,149.000,29.900
2022-07-24 18:00:00,1.740,173.000,408.400,67.000,29.300
2022-07-24 19:00:00,1.320,61.000,277.000,30.000,27.600
2022-07-24 20:00:00,2.740,2.000,0.000,2.000,23.600
2022-07-24 21:00:00,4.530,0.000,0.000,0.000,22.300
2022-07-24 22:00:00,6.540,0.000,0.000,0.000,20.600
2022-07-24 23:00:00,6.470,0.000,0.000,0.000,19.900
2022-07-25 00:00:00,6.240,0.000,0.000,0.000,19.300
2022-07-25 01:00:00,6.190,0.000,0.000,0.000,19.300
2022-07-25 02:00:00,6.640,0.000,0.000,0.000,19.100
2022-07-25 03:00:00,6.730,0.000,0.000,0.000,19.200
2022-07-25 04:00:00,6.610,4.000,19.100,3.000,18.700
2022-07-25 05:00:00,6.460,74.000,306.200,35.000,20.400
2022-07-25 06:00:00,6.260,200.000,490.100,65.000,23.200
2022-07-25 07:00:00,5.310,299.000,368.800,143.000,26.100
2022-07-25 08:00:00,5.480,422.000,407.200,194.000,28.600
2022-07-25 09:00:00,5.670,556.000,475.700,234.000,30.500
2022-07-25 10:00:00,4.880,655.000,543.200,239.000,31.600
2022-07-25 11:00:00,5.330,602.000,304.600,352.000,32.200
2022-07-25 12:00:00,4.260,536.000,181.400,384.000,32.500
2022-07-25 13:00:00,6.110,309.000,98.000,229.000,32.100
2022-07-25 14:00:00,6.640,483.000,363.400,208.000,30.800
2022-07-25 15:00:00,5.570,289.000,131.000,202.000,29.400
2022-07-25 16:00:00,4.730,185.000,69.800,147.000,26.400
2022-07-25 17:00:00,6.430,191.000,214.700,104.000,25.000
2022-07-25 18:00:00,6.270,101.000,120.700,70.000,23.200
2022-07-25 19:00:00,6.600,31.000,45.900,26.000,21.900
2022-07-25 20:00:00,7.530,1.000,0.000,1.000,21.000
2022-07-25 21:00:00,7.650,0.000,0.000,0.000,20.400
2022-07-25 22:00:00,6.890,0.000,0.000,0.000,20.000
2022-07-25 23:00:00,6.340,0.000,0.000,0.000,19.400
2022-07-26 00:00:00,6.600,0.000,0.000,0.000,19.100
2022-07-26 01:00:00,6.080,0.000,0.000,0.000,18.600
2022-07-26 02:00:00,6.050,0.000,0.000,0.000,18.100
2022-07-26 03:00:00,6.660,0.000,0.000,0.000,17.800
2022-07-26 04:00:00,7.090,3.000,0.000,3.000,17.600
2022-07-26 05:00:00,6.870,57.000,193.000,33.000,18.100
2022-07-26 06:00:00,7.710,156.000,319.100,69.000,19.000
2022-07-26 07:00:00,8.420,258.000,397.300,91.000,19.400
2022-07-26 08:00:00,8.250,385.000,507.700,102.000,19.200
2022-07-26 09:00:00,7.970,456.000,475.900,135.000,18.900
2022-07-26 10:00:00,6.240,453.000,419.100,133.000,19.400
2022-07-26 11:00:00,6.950,491.000,389.700,172.000,18.500
2022-07-26 12:00:00,5.270,289.000,92.100,212.000,18.400
2022-07-26 13:00:00,4.630,427.000,264.100,212.000,19.400
2022-07-26 14:00:00,5.190,407.000,328.700,159.000,20.100
2022-07-26 15:00:00,6.340,516.000,535.000,162.000,20.700
2022-07-26 16:00:00,6.160,371.000,443.100,131.000,20.600
2022-07-26 17:00:00,5.720,279.000,449.700,98.000,20.100
2022-07-26 18:00:00,5.550,139.000,275.800,69.000,18.900
2022-07-26 19:00:00,5.480,32.000,85.100,23.000,17.600
2022-07-26 20:00:00,5.950,1.000,0.000,1.000,16.100
2022-07-26 21:00:00,5.450,0.000,0.000,0.000,15.000
2022-07-26 22:00:00,4.670,0.000,0.000,0.000,14.400
2022-07-26 23:00:00,4.180,0.000,0.000,0.000,13.600
2022-07-27 00:00:00,4.300,0.000,0.000,0.000,13.100
2022-07-27 01:00:00,4.550,0.000,0.000,0.000,12.300
2022-07-27 02:00:00,4.790,0.000,0.000,0.000,11.900
2022-07-27 03:00:00,4.680,0.000,0.000,0.000,11.500
2022-07-27 04:00:00,4.770,4.000,0.000,4.000,11.200
2022-07-27 05:00:00,4.940,62.000,206.200,37.000,12.100
2022-07-27 06:00:00,4.790,178.000,381.800,75.000,13.700
2022-07-27 07:00:00,5.290,306.000,428.600,127.000,15.600
2022-07-27 08:00:00,5.700,408.000,491.900,135.000,17.100
2022-07-27 09:00:00,5.250,401.000,303.500,197.000,17.600
2022-07-27 10:00:00,5.450,449.000,249.500,259.000,18.100
2022-07-27 11:00:00,5.300,431.000,172.700,290.000,18.900
2022-07-27 12:00:00,5.590,460.000,159.500,327.000,19.600
2022-07-27 13:00:00,5.820,480.000,247.600,279.000,20.000
2022-07-27 14:00:00,6.010,395.000,158.200,276.000,20.300
2022-07-27 15:00:00,5.690,251.000,59.200,212.000,19.900
2022-07-27 16:00:00,5.450,218.000,167.000,128.000,19.700
2022-07-27 17:00:00,5.420,166.000,130.100,114.000,19.400
2022-07-27 18:00:00,4.830,111.000,147.500,74.000,18.700
2022-07-27 19:00:00,4.800,33.000,126.800,20.000,17.600
2022-07-27 20:00:00,4.720,1.000,0.000,1.000,15.200
2022-07-27 21:00:00,5.100,0.000,0.000,0.000,13.600
2022-07-27 22:00:00,5.110,0.000,0.000,0.000,12.400
2022-07-27 23:00:00,3.890,0.000,0.000,0.000,11.300
2022-07-28 00:00:00,3.150,0.000,0.000,0.000,9.900
2022-07-28 01:00:00,2.490,0.000,0.000,0.000,8.400
2022-07-28 02:00:00,2.250,0.000,0.000,0.000,8.300
2022-07-28 03:00:00,2.160,0.000,0.000,0.000,8.400
2022-07-28 04:00:00,1.920,3.000,0.000,3.000,7.800
2022-07-28 05:00:00,2.290,56.000,110.100,43.000,8.900
2022-07-28 06:00:00,2.130,144.000,123.700,111.000,11.700
2022-07-28 07:00:00,2.120,257.000,216.900,167.000,14.300
2022-07-28 08:00:00,2.340,459.000,543.100,159.000,16.400
2022-07-28 09:00:00,2.150,611.000,703.200,140.000,17.500
2022-07-28 10:00:00,1.540,655.000,623.100,182.000,19.000
2022-07-28 11:00:00,1.050,660.000,537.900,222.000,19.800
2022-07-28 12:00:00,1.710,573.000,307.900,317.000,20.700
2022-07-28 13:00:00,2.100,619.000,381.700,310.000,21.900
2022-07-28 14:00:00,2.300,584.000,418.700,270.000,22.500
2022-07-28 15:00:00,2.350,550.000,528.400,203.000,23.000
2022-07-28 16:00:00,2.800,378.000,358.000,186.000,22.900
2022-07-28 17:00:00,3.940,294.000,423.400,126.000,22.800
2022-07-28 18:00:00,4.780,170.000,387.600,74.000,22.100
2022-07-28 19:00:00,5.600,53.000,221.800,31.000,20.200
2022-07-28 20:00:00,6.550,1.000,0.000,1.000,18.200
2022-07-28 21:00:00,7.120,0.000,0.000,0.000,17.300
2022-07-28 22:00:00,7.290,0.000,0.000,0.000,15.800
2022-07-28 23:00:00,7.060,0.000,0.000,0.000,15.300
2022-07-29 00:00:00,7.510,0.000,0.000,0.000,14.700
2022-07-29 01:00:00,7.500,0.000,0.000,0.000,14.400
2022-07-29 02:00:00,7.200,0.000,0.000,0.000,14.100
2022-07-29 03:00:00,7.310,0.000,0.000,0.000,14.100
2022-07-29 04:00:00,6.600,1.000,0.000,1.000,14.200
2022-07-29 05:00:00,6.000,36.000,0.000,36.000,14.300
2022-07-29 06:00:00,5.150,82.000,19.000,77.000,15.300
2022-07-29 07:00:00,5.270,305.000,456.200,117.000,17.100
2022-07-29 08:00:00,5.430,415.000,483.900,149.000,19.100
2022-07-29 09:00:00,5.580,603.000,683.400,147.000,21.200
2022-07-29 10:00:00,4.640,657.000,637.000,175.000,22.800
2022-07-29 11:00:00,5.060,733.000,635.500,217.000,24.300
2022-07-29 12:00:00,4.930,616.000,427.000,262.000,24.900
2022-07-29 13:00:00,4.570,507.000,276.300,284.000,25.600
2022-07-29 14:00:00,3.610,469.000,262.200,273.000,26.100
2022-07-29 15:00:00,3.550,367.000,263.000,195.000,26.300
2022-07-29 16:00:00,3.400,329.000,326.200,155.000,26.900
2022-07-29 17:00:00,3.400,143.000,91.400,107.000,26.200
2022-07-29 18:00:00,3.390,63.000,53.200,50.000,25.100
2022-07-29 19:00:00,3.040,27.000,30.800,24.000,23.700
2022-07-29 20:00:00,2.550,0.000,0.000,0.000,22.100
2022-07-29 21:00:00,1.480,0.000,0.000,0.000,20.500
2022-07-29 22:00:00,7.000,0.000,0.000,0.000,19.600
2022-07-29 23:00:00,5.980,0.000,0.000,0.000,18.800
2022-07-30 00:00:00,4.740,0.000,0.000,0.000,18.100
2022-07-30 01:00:00,5.240,0.000,0.000,0.000,17.200
2022-07-30 02:00:00,4.900,0.000,0.000,0.000,16.800
2022-07-30 03:00:00,2.740,0.000,0.000,0.000,16.400
2022-07-30 04:00:00,1.800,1.000,0.000,1.000,16.000
2022-07-30 05:00:00,2.160,13.000,0.000,13.000,15.800
2022-07-30 06:00:00,3.080,48.000,0.000,48.000,16.100
2022-07-30 07:00:00,3.610,104.000,7.300,101.000,16.700
2022-07-30 08:00:00,2.810,190.000,100.500,135.000,17.800
2022-07-30 09:00:00,3.180,301.000,159.500,195.000,19.000
2022-07-30 10:00:00,3.220,629.000,568.700,200.000,22.400
2022-07-30 11:00:00,2.930,757.000,765.900,137.000,24.100
2022-07-30 12:00:00,2.210,698.000,654.400,157.000,24.900
2022-07-30 13:00:00,2.530,610.000,570.400,151.000,25.300
2022-07-30 14:00:00,2.770,593.000,610.800,138.000,25.600
2022-07-30 15:00:00,3.060,499.000,604.800,105.000,25.500
2022-07-30 16:00:00,2.800,344.000,437.300,112.000,25.000
2022-07-30 17:00:00,3.210,242.000,368.600,98.000,24.900
2022-07-30 18:00:00,4.420,106.000,190.800,60.000,23.500
2022-07-30 19:00:00,4.610,34.000,156.500,19.000,22.200
2022-07-30 20:00:00,4.590,0.000,0.000,0.000,20.700
2022-07-30 21:00:00,4.690,0.000,0.000,0.000,19.500
2022-07-30 22:00:00,4.920,0.000,0.000,0.000,18.700
2022-07-30 23:00:00,4.010,0.000,0.000,0.000,17.900
2022-07-31 00:00:00,3.940,0.000,0.000,0.000,17.200
2022-07-31 01:00:00,4.680,0.000,0.000,0.000,16.500
2022-07-31 02:00:00,4.190,0.000,0.000,0.000,16.100
2022-07-31 03:00:00,3.680,0.000,0.000,0.000,15.600
2022-07-31 04:00:00,2.510,1.000,0.000,1.000,15.200
2022-07-31 05:00:00,0.270,47.000,184.800,27.000,16.200
2022-07-31 06:00:00,1.570,144.000,302.800,66.000,17.400
2022-07-31 07:00:00,2.460,180.000,194.400,101.000,19.300
2022-07-31 08:00:00,2.840,300.000,259.000,159.000,21.400
2022-07-31 09:00:00,2.590,473.000,424.300,192.000,23.200
2022-07-31 10:00:00,2.500,560.000,486.800,194.000,24.400
2022-07-31 11:00:00,2.980,569.000,489.400,174.000,25.900
2022-07-31 12:00:00,3.790,491.000,363.900,191.000,26.900
2022-07-31 13:00:00,5.070,342.000,133.400,235.000,26.500
2022-07-31 14:00:00,6.200,209.000,21.600,193.000,24.200
2022-07-31 15:00:00,5.190,147.000,1.500,146.000,23.100
2022-07-31 16:00:00,4.320,81.000,0.000,81.000,22.300
2022-07-31 17:00:00,3.410,51.000,2.600,50.000,21.300
2022-07-31 18:00:00,3.180,33.000,29.400,26.000,20.100
2022-07-31 19:00:00,4.350,12.000,21.200,10.000,19.500
2022-07-31 20:00:00,4.790,0.000,0.000,0.000,19.000
2022-07-31 21:00:00,5.490,0.000,0.000,0.000,18.800
2022-07-31 22:00:00,5.930,0.000,0.000,0.000,18.600
2022-07-31 23:00:00,6.480,0.000,0.000,0.000,18.500
2022-08-01 00:00:00,6.300,0.000,0.000,0.000,18.500
2022-08-01 01:00:00,6.950,0.000,0.000,0.000,18.500
2022-08-01 02:00:00,7.010,0.000,0.000,0.000,18.400
2022-08-01 03:00:00,7.460,0.000,0.000,0.000,18.200
2022-08-01 04:00:00,6.690,0.000,0.000,0.000,17.900
2022-08-01 05:00:00,6.240,18.000,9.500,17.000,17.800
2022-08-01 06:00:00,6.030,47.000,3.900,46.000,17.800
2022-08-01 07:00:00,5.770,192.000,213.200,106.000,18.200
2022-08-01 08:00:00,5.150,186.000,144.000,108.000,18.800
2022-08-01 09:00:00,5.040,256.000,77.300,205.000,19.500
2022-08-01 10:00:00,5.020,265.000,58.700,221.000,19.400
2022-08-01 11:00:00,5.100,347.000,134.200,239.000,19.800
2022-08-01 12:00:00,5.060,341.000,142.400,224.000,20.300
2022-08-01 13:00:00,4.570,545.000,341.400,272.000,21.400
2022-08-01 14:00:00,4.660,499.000,351.600,239.000,21.900
2022-08-01 15:00:00,4.730,497.000,477.000,189.000,22.200
2022-08-01 16:00:00,4.330,354.000,367.900,161.000,22.100
2022-08-01 17:00:00,4.530,284.000,458.100,108.000,21.900
2022-08-01 18:00:00,4.260,130.000,175.100,89.000,21.000
2022-08-01 19:00:00,4.740,42.000,194.600,24.000,19.500
2022-08-01 20:00:00,5.280,0.000,0.000,0.000,17.700
2022-08-01 21:00:00,4.960,0.000,0.000,0.000,16.100
2022-08-01 22:00:00,3.810,0.000,0.000,0.000,13.900
2022-08-01 23:00:00,3.020,0.000,0.000,0.000,12.600
2022-08-02 00:00:00,2.380,0.000,0.000,0.000,11.700
2022-08-02 01:00:00,1.320,0.000,0.000,0.000,10.800
2022-08-02 02:00:00,0.950,0.000,0.000,0.000,9.800
2022-08-02 03:00:00,1.410,0.000,0.000,0.000,9.500
2022-08-02 04:00:00,1.630,1.000,0.000,1.000,9.200
2022-08-02 05:00:00,1.950,50.000,98.600,40.000,10.300
2022-08-02 06:00:00,1.500,146.000,179.100,101.000,13.000
2022-08-02 07:00:00,1.550,288.000,379.600,136.000,15.800
2022-08-02 08:00:00,2.610,467.000,623.600,131.000,18.300
2022-08-02 09:00:00,4.480,608.000,735.300,125.000,20.600
2022-08-02 10:00:00,3.540,596.000,525.000,204.000,22.500
2022-08-02 11:00:00,3.820,748.000,718.100,172.000,24.000
2022-08-02 12:00:00,3.650,745.000,644.500,217.000,25.200
2022-08-02 13:00:00,3.950,743.000,675.100,205.000,26.000
2022-08-02 14:00:00,4.040,689.000,705.800,169.000,26.500
2022-08-02 15:00:00,4.410,569.000,628.500,165.000,26.900
2022-08-02 16:00:00,4.330,432.000,590.700,124.000,27.300
2022-08-02 17:00:00,3.790,269.000,414.900,111.000,27.700
2022-08-02 18:00:00,3.340,116.000,229.800,63.000,26.800
2022-08-02 19:00:00,3.960,32.000,55.100,27.000,24.900
2022-08-02 20:00:00,4.800,0.000,0.000,0.000,22.700
2022-08-02 21:00:00,5.200,0.000,0.000,0.000,21.500
2022-08-02 22:00:00,5.850,0.000,0.000,0.000,21.000
2022-08-02 23:00:00,5.530,0.000,0.000,0.000,20.400
2022-08-03 00:00:00,5.060,0.000,0.000,0.000,19.700
2022-08-03 01:00:00,5.290,0.000,0.000,0.000,19.000
2022-08-03 02:00:00,5.220,0.000,0.000,0.000,18.100
2022-08-03 03:00:00,5.150,0.000,0.000,0.000,17.600
2022-08-03 04:00:00,5.390,1.000,0.000,1.000,17.300
2022-08-03 05:00:00,5.270,49.000,241.500,25.000,18.600
2022-08-03 06:00:00,4.880,155.000,362.900,65.000,21.400
2022-08-03 07:00:00,3.720,306.000,523.500,98.000,24.400
2022-08-03 08:00:00,3.800,455.000,641.900,111.000,26.500
2022-08-03 09:00:00,4.550,565.000,626.700,155.000,28.000
2022-08-03 10:00:00,4.150,672.000,680.000,166.000,29.700
2022-08-03 11:00:00,4.150,720.000,675.400,180.000,30.700
2022-08-03 12:00:00,3.940,711.000,564.500,250.000,31.400
2022-08-03 13:00:00,3.750,618.000,450.700,260.000,32.000
2022-08-03 14:00:00,3.610,491.000,318.800,257.000,32.500
2022-08-03 15:00:00,3.390,471.000,472.000,169.000,32.800
2022-08-03 16:00:00,3.190,320.000,343.500,142.000,32.500
2022-08-03 17:00:00,2.900,230.000,310.100,113.000,32.200
2022-08-03 18:00:00,2.060,142.000,370.200,58.000,31.200
2022-08-03 19:00:00,1.810,37.000,191.100,20.000,27.900
2022-08-03 20:00:00,2.070,0.000,0.000,0.000,25.800
2022-08-03 21:00:00,2.430,0.000,0.000,0.000,26.300
2022-08-03 22:00:00,0.470,0.000,0.000,0.000,21.400
2022-08-03 23:00:00,0.460,0.000,0.000,0.000,20.100
2022-08-04 00:00:00,0.510,0.000,0.000,0.000,19.200
2022-08-04 01:00:00,1.310,0.000,0.000,0.000,19.000
2022-08-04 02:00:00,2.060,0.000,0.000,0.000,19.200
2022-08-04 03:00:00,2.450,0.000,0.000,0.000,19.200
2022-08-04 04:00:00,3.170,1.000,0.000,1.000,18.900
2022-08-04 05:00:00,3.810,48.000,204.500,28.000,19.500
2022-08-04 06:00:00,3.930,160.000,359.600,72.000,22.600
2022-08-04 07:00:00,3.390,256.000,329.700,126.000,25.800
2022-08-04 08:00:00,3.560,351.000,360.200,159.000,29.100
2022-08-04 09:00:00,3.910,450.000,431.400,169.000,31.600
2022-08-04 10:00:00,5.090,584.000,573.200,159.000,33.300
2022-08-04 11:00:00,6.080,615.000,553.400,174.000,34.400
2022-08-04 12:00:00,6.550,634.000,534.500,199.000,35.200
2022-08-04 13:00:00,7.080,479.000,377.800,180.000,35.200
2022-08-04 14:00:00,6.770,497.000,417.200,192.000,35.700
2022-08-04 15:00:00,5.960,411.000,292.100,225.000,34.600
2022-08-04 16:00:00,5.880,285.000,291.400,135.000,31.900
2022-08-04 17:00:00,6.650,189.000,254.200,94.000,29.100
2022-08-04 18:00:00,6.990,98.000,183.700,57.000,27.800
2022-08-04 19:00:00,6.780,28.000,45.900,24.000,26.500
2022-08-04 20:00:00,6.350,0.000,0.000,0.000,25.900
2022-08-04 21:00:00,6.220,0.000,0.000,0.000,23.800
2022-08-04 22:00:00,4.430,0.000,0.000,0.000,21.900
2022-08-04 23:00:00,4.320,0.000,0.000,0.000,21.200
2022-08-05 00:00:00,4.340,0.000,0.000,0.000,20.100
2022-08-05 01:00:00,5.560,0.000,0.000,0.000,19.200
2022-08-05 02:00:00,4.870,0.000,0.000,0.000,18.200
2022-08-05 03:00:00,3.330,0.000,0.000,0.000,17.800
2022-08-05 04:00:00,2.510,0.000,0.000,0.000,17.600
2022-08-05 05:00:00,3.410,23.000,52.000,18.000,17.300
2022-08-05 06:00:00,4.230,108.000,174.000,66.000,17.400
2022-08-05 07:00:00,3.360,215.000,324.700,88.000,17.400
2022-08-05 08:00:00,2.880,175.000,92.400,126.000,17.700
2022-08-05 09:00:00,2.730,164.000,18.500,152.000,18.300
2022-08-05 10:00:00,3.140,212.000,48.700,176.000,18.800
2022-08-05 11:00:00,3.770,208.000,12.600,198.000,18.900
2022-08-05 12:00:00,4.480,170.000,6.200,165.000,19.000
2022-08-05 13:00:00,4.320,168.000,13.900,157.000,18.800
2022-08-05 14:00:00,4.290,107.000,1.400,106.000,18.700
2022-08-05 15:00:00,4.070,99.000,0.000,99.000,18.700
2022-08-05 16:00:00,4.380,62.000,2.000,61.000,18.700
2022-08-05 17:00:00,4.640,51.000,21.600,43.000,18.900
2022-08-05 18:00:00,5.850,64.000,86.600,45.000,18.600
2022-08-05 19:00:00,6.940,22.000,105.600,13.000,17.500
2022-08-05 20:00:00,7.220,0.000,0.000,0.000,15.900
2022-08-05 21:00:00,6.420,0.000,0.000,0.000,14.400
2022-08-05 22:00:00,5.130,0.000,0.000,0.000,13.300
2022-08-05 23:00:00,4.950,0.000,0.000,0.000,12.300
2022-08-06 00:00:00,5.080,0.000,0.000,0.000,11.700
2022-08-06 01:00:00,4.650,0.000,0.000,0.000,11.200
2022-08-06 02:00:00,5.420,0.000,0.000,0.000,10.500
2022-08-06 03:00:00,5.520,0.000,0.000,0.000,10.100
2022-08-06 04:00:00,5.660,0.000,0.000,0.000,9.900
2022-08-06 05:00:00,5.280,49.000,264.300,24.000,10.500
2022-08-06 06:00:00,4.310,171.000,474.700,58.000,12.800
2022-08-06 07:00:00,4.180,324.000,626.300,81.000,15.100
2022-08-06 08:00:00,3.820,481.000,732.300,95.000,16.800
2022-08-06 09:00:00,3.340,495.000,545.100,143.000,17.800
2022-08-06 10:00:00,2.800,566.000,544.900,165.000,18.900
2022-08-06 11:00:00,3.080,486.000,322.200,231.000,19.100
2022-08-06 12:00:00,3.400,618.000,482.500,228.000,20.100
2022-08-06 13:00:00,3.120,490.000,319.400,239.000,20.700
2022-08-06 14:00:00,3.180,384.000,206.900,234.000,20.900
2022-08-06 15:00:00,2.970,357.000,238.000,207.000,21.200
2022-08-06 16:00:00,3.500,233.000,192.900,135.000,21.100
2022-08-06 17:00:00,3.840,155.000,185.600,87.000,20.500
2022-08-06 18:00:00,3.670,73.000,111.500,49.000,19.800
2022-08-06 19:00:00,3.790,27.000,108.000,18.000,18.000
2022-08-06 20:00:00,4.090,0.000,0.000,0.000,15.700
2022-08-06 21:00:00,4.550,0.000,0.000,0.000,13.800
2022-08-06 22:00:00,5.160,0.000,0.000,0.000,12.900
2022-08-06 23:00:00,4.580,0.000,0.000,0.000,11.900
2022-08-07 00:00:00,4.040,0.000,0.000,0.000,10.700
2022-08-07 01:00:00,3.750,0.000,0.000,0.000,10.000
2022-08-07 02:00:00,3.720,0.000,0.000,0.000,9.200
2022-08-07 03:00:00,3.650,0.000,0.000,0.000,9.100
2022-08-07 04:00:00,3.320,0.000,0.000,0.000,8.500
2022-08-07 05:00:00,3.200,44.000,225.900,23.000,9.700
2022-08-07 06:00:00,2.780,152.000,379.300,63.000,12.900
2022-08-07 07:00:00,1.710,291.000,506.700,96.000,16.100
2022-08-07 08:00:00,1.490,427.000,606.800,109.000,18.800
2022-08-07 09:00:00,0.930,568.000,692.200,123.000,20.100
2022-08-07 10:00:00,0.850,673.000,738.000,132.000,21.300
2022-08-07 11:00:00,0.460,610.000,512.300,206.000,21.900
2022-08-07 12:00:00,0.500,557.000,337.700,285.000,22.600
2022-08-07 13:00:00,0.550,451.000,221.000,278.000,23.000
2022-08-07 14:00:00,0.970,458.000,242.400,283.000,23.600
2022-08-07 15:00:00,1.720,309.000,130.800,227.000,23.400
2022-08-07 16:00:00,1.970,238.000,130.800,172.000,23.500
2022-08-07 17:00:00,2.930,268.000,488.100,91.000,23.600
2022-08-07 18:00:00,3.750,130.000,336.000,59.000,22.600
2022-08-07 19:00:00,4.900,29.000,147.500,17.000,20.700
2022-08-07 20:00:00,5.430,0.000,0.000,0.000,18.400
2022-08-07 21:00:00,5.580,0.000,0.000,0.000,16.800
2022-08-07 22:00:00,6.090,0.000,0.000,0.000,15.100
2022-08-07 23:00:00,5.660,0.000,0.000,0.000,14.100
2022-08-08 00:00:00,5.270,0.000,0.000,0.000,12.900
2022-08-08 01:00:00,4.690,0.000,0.000,0.000,12.100
2022-08-08 02:00:00,4.180,0.000,0.000,0.000,11.100
2022-08-08 03:00:00,3.360,0.000,0.000,0.000,10.700
2022-08-08 04:00:00,2.940,0.000,0.000,0.000,10.400
2022-08-08 05:00:00,2.780,40.000,208.100,21.000,11.300
2022-08-08 06:00:00,2.130,160.000,441.100,58.000,14.100
2022-08-08 07:00:00,1.370,267.000,450.700,95.000,17.200
2022-08-08 08:00:00,1.460,415.000,577.700,114.000,19.900
2022-08-08 09:00:00,1.850,570.000,714.100,113.000,21.700
2022-08-08 10:00:00,1.350,676.000,738.100,137.000,23.400
2022-08-08 11:00:00,0.810,746.000,761.100,148.000,24.300
2022-08-08 12:00:00,1.960,396.000,135.800,287.000,24.300
2022-08-08 13:00:00,3.440,396.000,100.000,318.000,25.000
2022-08-08 14:00:00,4.570,249.000,25.000,231.000,24.700
2022-08-08 15:00:00,5.110,260.000,123.500,183.000,24.700
2022-08-08 16:00:00,5.140,341.000,399.400,141.000,24.900
2022-08-08 17:00:00,5.060,228.000,384.600,90.000,24.300
2022-08-08 18:00:00,4.820,118.000,332.900,49.000,23.200
2022-08-08 19:00:00,5.410,26.000,138.600,15.000,21.500
2022-08-08 20:00:00,5.880,0.000,0.000,0.000,19.700
2022-08-08 21:00:00,5.900,0.000,0.000,0.000,18.200
2022-08-08 22:00:00,5.560,0.000,0.000,0.000,17.700
2022-08-08 23:00:00,5.110,0.000,0.000,0.000,16.900
2022-08-09 00:00:00,4.790,0.000,0.000,0.000,15.900
2022-08-09 01:00:00,4.670,0.000,0.000,0.000,15.000
2022-08-09 02:00:00,4.680,0.000,0.000,0.000,14.300
2022-08-09 03:00:00,4.590,0.000,0.000,0.000,13.600
2022-08-09 04:00:00,4.480,0.000,0.000,0.000,13.100
2022-08-09 05:00:00,4.230,35.000,167.400,20.000,13.500
2022-08-09 06:00:00,3.290,148.000,412.600,54.000,16.100
2022-08-09 07:00:00,2.680,290.000,541.800,85.000,18.800
2022-08-09 08:00:00,2.820,435.000,637.100,105.000,21.200
2022-08-09 09:00:00,3.190,554.000,657.800,135.000,22.600
2022-08-09 10:00:00,2.620,622.000,614.600,175.000,23.900
2022-08-09 11:00:00,2.450,718.000,701.300,169.000,24.800
2022-08-09 12:00:00,2.210,743.000,755.400,139.000,25.500
2022-08-09 13:00:00,2.260,752.000,812.500,121.000,26.200
2022-08-09 14:00:00,2.290,659.000,749.200,123.000,26.900
2022-08-09 15:00:00,2.540,569.000,751.600,103.000,27.300
2022-08-09 16:00:00,2.960,411.000,615.600,105.000,27.400
2022-08-09 17:00:00,3.120,236.000,394.500,96.000,26.800
2022-08-09 18:00:00,3.110,120.000,290.500,61.000,25.700
2022-08-09 19:00:00,3.650,27.000,168.100,14.000,22.700
2022-08-09 20:00:00,4.530,0.000,0.000,0.000,20.800
2022-08-09 21:00:00,5.750,0.000,0.000,0.000,19.400
2022-08-09 22:00:00,7.110,0.000,0.000,0.000,18.200
2022-08-09 23:00:00,6.530,0.000,0.000,0.000,17.400
2022-08-10 00:00:00,5.880,0.000,0.000,0.000,16.500
2022-08-10 01:00:00,5.460,0.000,0.000,0.000,15.600
2022-08-10 02:00:00,4.970,0.000,0.000,0.000,14.600
2022-08-10 03:00:00,4.450,0.000,0.000,0.000,13.800
2022-08-10 04:00:00,4.150,0.000,0.000,0.000,13.200
2022-08-10 05:00:00,4.260,37.000,170.600,22.000,13.700
2022-08-10 06:00:00,3.610,146.000,329.800,72.000,16.600
2022-08-10 07:00:00,2.650,297.000,559.800,87.000,19.300
2022-08-10 08:00:00,2.590,453.000,701.100,92.000,21.800
2022-08-10 09:00:00,2.490,586.000,758.700,105.000,23.800
2022-08-10 10:00:00,3.060,691.000,802.100,110.000,25.300
2022-08-10 11:00:00,2.800,729.000,755.300,140.000,26.300
2022-08-10 12:00:00,2.840,761.000,793.400,129.000,26.800
2022-08-10 13:00:00,2.830,700.000,691.700,165.000,27.500
2022-08-10 14:00:00,2.820,672.000,780.800,116.000,27.900
2022-08-10 15:00:00,2.970,569.000,760.700,100.000,28.100
2022-08-10 16:00:00,3.070,432.000,697.300,88.000,28.000
2022-08-10 17:00:00,3.210,281.000,595.600,72.000,27.600
2022-08-10 18:00:00,3.540,134.000,427.400,49.000,26.600
2022-08-10 19:00:00,4.490,25.000,146.200,14.000,24.000
2022-08-10 20:00:00,5.190,0.000,0.000,0.000,21.400
2022-08-10 21:00:00,5.290,0.000,0.000,0.000,19.700
2022-08-10 22:00:00,5.650,0.000,0.000,0.000,18.400
2022-08-10 23:00:00,5.570,0.000,0.000,0.000,17.500
2022-08-11 00:00:00,5.650,0.000,0.000,0.000,16.500
2022-08-11 01:00:00,5.350,0.000,0.000,0.000,15.300
2022-08-11 02:00:00,4.890,0.000,0.000,0.000,14.300
2022-08-11 03:00:00,4.320,0.000,0.000,0.000,13.900
2022-08-11 04:00:00,4.150,0.000,0.000,0.000,13.300
2022-08-11 05:00:00,4.110,36.000,208.700,18.000,14.100
2022-08-11 06:00:00,3.690,154.000,457.300,53.000,17.400
2022-08-11 07:00:00,2.550,304.000,615.800,75.000,20.300
2022-08-11 08:00:00,2.190,455.000,713.200,90.000,23.100
2022-08-11 09:00:00,2.100,589.000,773.400,101.000,25.700
2022-08-11 10:00:00,2.310,693.000,810.900,108.000,27.700
2022-08-11 11:00:00,2.510,758.000,831.600,112.000,28.600
2022-08-11 12:00:00,2.510,777.000,836.800,113.000,29.300
2022-08-11 13:00:00,2.660,750.000,829.600,111.000,29.900
2022-08-11 14:00:00,2.870,679.000,809.900,105.000,30.200
2022-08-11 15:00:00,2.800,570.000,770.100,98.000,30.500
2022-08-11 16:00:00,3.040,432.000,702.800,88.000,30.400
2022-08-11 17:00:00,3.440,279.000,596.900,72.000,29.900
2022-08-11 18:00:00,3.800,132.000,426.600,49.000,28.400
2022-08-11 19:00:00,4.890,23.000,136.700,13.000,25.700
2022-08-11 20:00:00,5.900,0.000,0.000,0.000,23.300
2022-08-11 21:00:00,6.410,0.000,0.000,0.000,21.800
2022-08-11 22:00:00,7.310,0.000,0.000,0.000,20.500
2022-08-11 23:00:00,7.000,0.000,0.000,0.000,19.600
2022-08-12 00:00:00,6.700,0.000,0.000,0.000,18.200
2022-08-12 01:00:00,6.200,0.000,0.000,0.000,16.900
2022-08-12 02:00:00,5.560,0.000,0.000,0.000,16.000
2022-08-12 03:00:00,5.370,0.000,0.000,0.000,15.400
2022-08-12 04:00:00,5.130,0.000,0.000,0.000,14.700
2022-08-12 05:00:00,4.620,34.000,201.100,17.000,15.000
2022-08-12 06:00:00,4.200,153.000,464.700,52.000,18.100
2022-08-12 07:00:00,3.270,304.000,621.400,75.000,21.200
2022-08-12 08:00:00,3.020,456.000,719.700,90.000,24.600
2022-08-12 09:00:00,3.740,590.000,780.400,100.000,27.100
2022-08-12 10:00:00,4.830,694.000,817.100,107.000,28.500
2022-08-12 11:00:00,5.250,760.000,840.000,110.000,29.100
2022-08-12 12:00:00,5.650,783.000,851.500,110.000,29.400
2022-08-12 13:00:00,5.960,745.000,825.300,112.000,29.900
2022-08-12 14:00:00,5.690,679.000,804.000,112.000,30.100
2022-08-12 15:00:00,5.500,568.000,761.600,104.000,30.400
2022-08-12 16:00:00,5.850,415.000,673.500,88.000,30.300
2022-08-12 17:00:00,5.960,228.000,405.700,89.000,29.600
2022-08-12 18:00:00,5.860,126.000,410.200,48.000,28.500
2022-08-12 19:00:00,6.120,20.000,126.800,11.000,25.900
2022-08-12 20:00:00,5.710,0.000,0.000,0.000,22.600
2022-08-12 21:00:00,4.560,0.000,0.000,0.000,20.800
2022-08-12 22:00:00,5.370,0.000,0.000,0.000,19.000
2022-08-12 23:00:00,4.520,0.000,0.000,0.000,17.900
2022-08-13 00:00:00,4.960,0.000,0.000,0.000,17.500
2022-08-13 01:00:00,5.330,0.000,0.000,0.000,16.900
2022-08-13 02:00:00,5.570,0.000,0.000,0.000,16.100
2022-08-13 03:00:00,5.710,0.000,0.000,0.000,15.600
2022-08-13 04:00:00,5.000,0.000,0.000,0.000,15.100
2022-08-13 05:00:00,4.680,32.000,181.200,17.000,15.400
2022-08-13 06:00:00,4.350,148.000,444.300,53.000,18.700
2022-08-13 07:00:00,3.000,294.000,597.000,76.000,21.700
2022-08-13 08:00:00,2.950,428.000,639.100,105.000,24.600
2022-08-13 09:00:00,3.850,569.000,737.900,108.000,27.200
2022-08-13 10:00:00,4.230,650.000,743.800,118.000,28.300
2022-08-13 11:00:00,5.040,597.000,609.900,127.000,28.800
2022-08-13 12:00:00,5.770,548.000,508.200,148.000,29.100
2022-08-13 13:00:00,5.970,611.000,631.200,129.000,29.300
2022-08-13 14:00:00,6.150,556.000,604.300,132.000,28.700
2022-08-13 15:00:00,5.790,407.000,477.400,118.000,28.300
2022-08-13 16:00:00,5.360,314.000,421.600,111.000,28.300
2022-08-13 17:00:00,5.610,219.000,410.800,80.000,27.900
2022-08-13 18:00:00,5.860,104.000,328.600,43.000,27.100
2022-08-13 19:00:00,5.150,15.000,72.700,10.000,25.400
2022-08-13 20:00:00,4.550,0.000,0.000,0.000,23.600
2022-08-13 21:00:00,4.000,0.000,0.000,0.000,22.400
2022-08-13 22:00:00,4.730,0.000,0.000,0.000,21.000
2022-08-13 23:00:00,4.830,0.000,0.000,0.000,20.100
2022-08-14 00:00:00,5.130,0.000,0.000,0.000,19.400
2022-08-14 01:00:00,4.650,0.000,0.000,0.000,18.900
2022-08-14 02:00:00,4.180,0.000,0.000,0.000,18.200
2022-08-14 03:00:00,4.140,0.000,0.000,0.000,17.700
2022-08-14 04:00:00,4.740,0.000,0.000,0.000,17.500
2022-08-14 05:00:00,5.110,24.000,111.100,15.000,18.200
2022-08-14 06:00:00,4.720,131.000,356.800,56.000,20.300
2022-08-14 07:00:00,3.860,176.000,270.900,78.000,22.800
2022-08-14 08:00:00,3.320,348.000,422.200,136.000,24.900
2022-08-14 09:00:00,3.440,432.000,411.800,176.000,26.300
2022-08-14 10:00:00,4.500,446.000,400.200,161.000,27.000
2022-08-14 11:00:00,5.500,585.000,519.900,186.000,28.500
2022-08-14 12:00:00,5.790,528.000,372.500,236.000,29.100
2022-08-14 13:00:00,6.020,506.000,330.200,255.000,29.800
2022-08-14 14:00:00,6.090,510.000,491.400,167.000,30.300
2022-08-14 15:00:00,5.660,514.000,628.400,136.000,30.700
2022-08-14 16:00:00,5.680,340.000,521.600,91.000,30.500
2022-08-14 17:00:00,5.450,206.000,413.300,68.000,30.100
2022-08-14 18:00:00,5.350,85.000,254.100,39.000,29.000
2022-08-14 19:00:00,6.360,15.000,90.300,9.000,26.700
2022-08-14 20:00:00,7.000,0.000,0.000,0.000,25.300
2022-08-14 21:00:00,7.180,0.000,0.000,0.000,24.600
2022-08-14 22:00:00,5.680,0.000,0.000,0.000,24.400
2022-08-14 23:00:00,4.910,0.000,0.000,0.000,23.700
2022-08-15 00:00:00,3.640,0.000,0.000,0.000,22.200
2022-08-15 01:00:00,3.500,0.000,0.000,0.000,21.300
2022-08-15 02:00:00,3.790,0.000,0.000,0.000,20.400
2022-08-15 03:00:00,3.950,0.000,0.000,0.000,19.700
2022-08-15 04:00:00,5.160,0.000,0.000,0.000,18.900
2022-08-15 05:00:00,5.460,22.000,126.200,12.000,19.500
2022-08-15 06:00:00,4.930,124.000,372.800,47.000,21.100
2022-08-15 07:00:00,3.450,155.000,200.900,83.000,22.800
2022-08-15 08:00:00,3.700,377.000,515.300,120.000,25.300
2022-08-15 09:00:00,3.850,450.000,507.800,136.000,27.200
2022-08-15 10:00:00,1.990,666.000,782.900,111.000,29.000
2022-08-15 11:00:00,2.840,683.000,736.700,120.000,29.600
2022-08-15 12:00:00,3.120,710.000,736.700,135.000,29.400
2022-08-15 13:00:00,3.890,640.000,649.000,149.000,28.900
2022-08-15 14:00:00,2.920,509.000,504.200,159.000,28.400
2022-08-15 15:00:00,2.750,336.000,296.200,159.000,25.500
2022-08-15 16:00:00,1.680,233.000,135.300,169.000,24.600
2022-08-15 17:00:00,1.120,130.000,54.600,112.000,24.700
2022-08-15 18:00:00,2.140,56.000,11.300,54.000,24.000
2022-08-15 19:00:00,3.570,6.000,15.600,5.000,23.000
2022-08-15 20:00:00,5.230,0.000,0.000,0.000,22.300
2022-08-15 21:00:00,5.900,0.000,0.000,0.000,21.700
2022-08-15 22:00:00,4.650,0.000,0.000,0.000,19.900
2022-08-15 23:00:00,4.580,0.000,0.000,0.000,19.700
2022-08-16 00:00:00,5.760,0.000,0.000,0.000,19.200
2022-08-16 01:00:00,6.620,0.000,0.000,0.000,18.600
2022-08-16 02:00:00,5.970,0.000,0.000,0.000,18.100
2022-08-16 03:00:00,5.280,0.000,0.000,0.000,17.800
2022-08-16 04:00:00,5.550,0.000,0.000,0.000,17.300
2022-08-16 05:00:00,5.370,25.000,142.000,14.000,17.700
2022-08-16 06:00:00,4.480,135.000,418.900,50.000,19.400
2022-08-16 07:00:00,3.400,278.000,574.900,74.000,21.300
2022-08-16 08:00:00,3.060,425.000,672.200,92.000,23.200
2022-08-16 09:00:00,3.110,557.000,736.500,104.000,24.800
2022-08-16 10:00:00,2.580,626.000,697.300,134.000,26.200
2022-08-16 11:00:00,2.820,716.000,778.100,124.000,27.400
2022-08-16 12:00:00,3.050,698.000,727.200,133.000,28.400
2022-08-16 13:00:00,2.550,611.000,661.400,113.000,28.800
2022-08-16 14:00:00,2.150,436.000,453.400,123.000,28.700
2022-08-16 15:00:00,2.770,405.000,522.400,95.000,29.400
2022-08-16 16:00:00,3.170,306.000,443.700,98.000,29.800
2022-08-16 17:00:00,3.750,175.000,323.200,70.000,29.300
2022-08-16 18:00:00,3.470,72.000,221.600,34.000,27.700
2022-08-16 19:00:00,3.000,8.000,16.200,7.000,24.800
2022-08-16 20:00:00,3.070,0.000,0.000,0.000,23.500
2022-08-16 21:00:00,3.340,0.000,0.000,0.000,22.000
2022-08-16 22:00:00,3.460,0.000,0.000,0.000,19.500
2022-08-16 23:00:00,4.470,0.000,0.000,0.000,18.200
2022-08-17 00:00:00,4.690,0.000,0.000,0.000,17.400
2022-08-17 01:00:00,3.970,0.000,0.000,0.000,17.000
2022-08-17 02:00:00,2.340,0.000,0.000,0.000,16.700
2022-08-17 03:00:00,2.090,0.000,0.000,0.000,16.500
2022-08-17 04:00:00,2.670,0.000,0.000,0.000,16.100
2022-08-17 05:00:00,3.540,22.000,92.600,15.000,16.700
2022-08-17 06:00:00,3.830,100.000,110.500,78.000,18.800
2022-08-17 07:00:00,3.620,271.000,552.300,77.000,21.500
2022-08-17 08:00:00,3.870,400.000,573.200,118.000,24.300
2022-08-17 09:00:00,4.000,508.000,546.000,174.000,26.800
2022-08-17 10:00:00,2.550,571.000,468.500,242.000,29.300
2022-08-17 11:00:00,3.550,522.000,421.200,203.000,29.900
2022-08-17 12:00:00,4.840,526.000,451.200,177.000,30.000
2022-08-17 13:00:00,3.330,608.000,609.900,151.000,30.400
2022-08-17 14:00:00,2.760,548.000,606.000,132.000,30.600
2022-08-17 15:00:00,1.710,451.000,515.900,147.000,30.700
2022-08-17 16:00:00,2.480,219.000,204.600,124.000,30.300
2022-08-17 17:00:00,3.270,143.000,87.500,115.000,29.300
2022-08-17 18:00:00,3.750,65.000,120.100,45.000,27.300
2022-08-17 19:00:00,4.900,9.000,33.700,7.000,25.200
2022-08-17 20:00:00,5.480,0.000,0.000,0.000,23.100
2022-08-17 21:00:00,5.690,0.000,0.000,0.000,21.400
2022-08-17 22:00:00,4.020,0.000,0.000,0.000,21.000
2022-08-17 23:00:00,3.630,0.000,0.000,0.000,20.200
2022-08-18 00:00:00,6.220,0.000,0.000,0.000,19.900
2022-08-18 01:00:00,7.180,0.000,0.000,0.000,19.300
2022-08-18 02:00:00,7.270,0.000,0.000,0.000,18.300
2022-08-18 03:00:00,6.590,0.000,0.000,0.000,17.400
2022-08-18 04:00:00,5.890,0.000,0.000,0.000,17.000
2022-08-18 05:00:00,5.210,20.000,81.300,14.000,17.200
2022-08-18 06:00:00,5.000,118.000,276.300,64.000,18.300
2022-08-18 07:00:00,4.530,207.000,238.700,124.000,19.400
2022-08-18 08:00:00,4.350,278.000,182.200,189.000,20.500
2022-08-18 09:00:00,4.310,370.000,202.200,247.000,21.700
2022-08-18 10:00:00,4.780,517.000,380.600,251.000,22.500
2022-08-18 11:00:00,4.200,584.000,413.800,272.000,23.600
2022-08-18 12:00:00,3.900,614.000,457.200,262.000,24.600
2022-08-18 13:00:00,3.920,625.000,541.900,221.000,25.600
2022-08-18 14:00:00,3.650,517.000,438.200,218.000,26.300
2022-08-18 15:00:00,2.890,427.000,424.000,179.000,26.400
2022-08-18 16:00:00,3.040,246.000,274.000,120.000,26.000
2022-08-18 17:00:00,3.730,100.000,142.700,55.000,25.200
2022-08-18 18:00:00,5.390,46.000,80.500,33.000,24.600
2022-08-18 19:00:00,6.780,7.000,0.000,7.000,23.600
2022-08-18 20:00:00,6.160,0.000,0.000,0.000,22.600
2022-08-18 21:00:00,4.790,0.000,0.000,0.000,21.700
2022-08-18 22:00:00,5.130,0.000,0.000,0.000,20.800
2022-08-18 23:00:00,4.790,0.000,0.000,0.000,20.000
2022-08-19 00:00:00,4.440,0.000,0.000,0.000,19.400
2022-08-19 01:00:00,4.490,0.000,0.000,0.000,18.800
2022-08-19 02:00:00,3.850,0.000,0.000,0.000,18.000
2022-08-19 03:00:00,4.280,0.000,0.000,0.000,17.600
2022-08-19 04:00:00,4.990,0.000,0.000,0.000,17.100
2022-08-19 05:00:00,5.100,16.000,27.800,14.000,16.800
2022-08-19 06:00:00,5.340,82.000,73.100,68.000,17.300
2022-08-19 07:00:00,4.690,161.000,177.300,100.000,18.000
2022-08-19 08:00:00,3.730,228.000,191.700,135.000,18.800
2022-08-19 09:00:00,3.950,229.000,84.300,178.000,19.800
2022-08-19 10:00:00,3.660,261.000,94.900,195.000,20.600
2022-08-19 11:00:00,3.500,288.000,142.600,181.000,21.600
2022-08-19 12:00:00,4.000,315.000,127.900,217.000,22.700
2022-08-19 13:00:00,3.580,347.000,156.400,231.000,24.100
2022-08-19 14:00:00,3.090,376.000,231.500,219.000,24.900
2022-08-19 15:00:00,3.110,478.000,602.800,128.000,25.800
2022-08-19 16:00:00,3.760,306.000,314.200,163.000,26.000
2022-08-19 17:00:00,3.220,180.000,209.300,115.000,25.400
2022-08-19 18:00:00,2.860,69.000,83.100,56.000,24.500
2022-08-19 19:00:00,3.850,5.000,0.000,5.000,22.600
2022-08-19 20:00:00,3.640,0.000,0.000,0.000,20.500
2022-08-19 21:00:00,3.200,0.000,0.000,0.000,19.100
2022-08-19 22:00:00,3.330,0.000,0.000,0.000,18.700
2022-08-19 23:00:00,2.870,0.000,0.000,0.000,19.400
2022-08-20 00:00:00,2.370,0.000,0.000,0.000,19.100
2022-08-20 01:00:00,1.170,0.000,0.000,0.000,17.700
2022-08-20 02:00:00,1.330,0.000,0.000,0.000,17.900
2022-08-20 03:00:00,2.360,0.000,0.000,0.000,18.300
2022-08-20 04:00:00,2.950,0.000,0.000,0.000,18.200
2022-08-20 05:00:00,3.110,10.000,28.600,8.000,18.200
2022-08-20 06:00:00,2.800,51.000,53.200,41.000,18.500
2022-08-20 07:00:00,2.830,166.000,173.300,107.000,19.000
2022-08-20 08:00:00,3.120,233.000,186.900,143.000,19.600
2022-08-20 09:00:00,3.010,229.000,99.800,169.000,20.600
2022-08-20 10:00:00,2.260,266.000,99.700,197.000,21.400
2022-08-20 11:00:00,3.020,372.000,249.100,186.000,22.200
2022-08-20 12:00:00,3.570,434.000,299.000,206.000,23.000
2022-08-20 13:00:00,4.460,454.000,321.300,217.000,23.800
2022-08-20 14:00:00,4.720,421.000,278.900,233.000,24.200
2022-08-20 15:00:00,4.100,362.000,307.200,185.000,24.300
2022-08-20 16:00:00,3.800,239.000,295.200,106.000,23.900
2022-08-20 17:00:00,3.710,168.000,310.900,73.000,23.800
2022-08-20 18:00:00,3.450,65.000,204.900,34.000,22.800
2022-08-20 19:00:00,4.270,7.000,38.200,5.000,20.900
2022-08-20 20:00:00,4.070,0.000,0.000,0.000,19.400
2022-08-20 21:00:00,4.440,0.000,0.000,0.000,18.100
2022-08-20 22:00:00,5.100,0.000,0.000,0.000,16.800
2022-08-20 23:00:00,4.040,0.000,0.000,0.000,16.100
2022-08-21 00:00:00,2.880,0.000,0.000,0.000,15.100
2022-08-21 01:00:00,2.370,0.000,0.000,0.000,14.400
2022-08-21 02:00:00,2.740,0.000,0.000,0.000,13.600
2022-08-21 03:00:00,2.790,0.000,0.000,0.000,13.400
2022-08-21 04:00:00,3.050,0.000,0.000,0.000,13.000
2022-08-21 05:00:00,3.480,15.000,73.400,10.000,13.400
2022-08-21 06:00:00,3.400,90.000,190.300,55.000,15.500
2022-08-21 07:00:00,2.860,193.000,285.100,97.000,18.200
2022-08-21 08:00:00,3.400,302.000,318.000,150.000,20.600
2022-08-21 09:00:00,4.330,424.000,448.300,156.000,22.300
2022-08-21 10:00:00,4.140,568.000,610.200,148.000,23.600
2022-08-21 11:00:00,4.310,612.000,631.100,143.000,24.400
2022-08-21 12:00:00,4.410,689.000,711.800,149.000,25.200
2022-08-21 13:00:00,4.400,670.000,726.500,137.000,25.900
2022-08-21 14:00:00,4.160,572.000,618.000,158.000,26.200
2022-08-21 15:00:00,4.530,516.000,699.700,116.000,26.300
2022-08-21 16:00:00,4.780,352.000,563.100,101.000,26.300
2022-08-21 17:00:00,3.850,227.000,509.000,74.000,25.600
2022-08-21 18:00:00,3.040,85.000,287.500,43.000,23.700
2022-08-21 19:00:00,3.330,6.000,38.200,4.000,20.600
2022-08-21 20:00:00,4.200,0.000,0.000,0.000,19.200
2022-08-21 21:00:00,5.000,0.000,0.000,0.000,18.200
2022-08-21 22:00:00,5.600,0.000,0.000,0.000,16.500
2022-08-21 23:00:00,5.510,0.000,0.000,0.000,15.800
2022-08-22 00:00:00,5.510,0.000,0.000,0.000,14.700
2022-08-22 01:00:00,4.960,0.000,0.000,0.000,13.800
2022-08-22 02:00:00,4.000,0.000,0.000,0.000,13.300
2022-08-22 03:00:00,3.130,0.000,0.000,0.000,12.600
2022-08-22 04:00:00,2.840,0.000,0.000,0.000,12.100
2022-08-22 05:00:00,3.080,15.000,75.500,10.000,12.500
2022-08-22 06:00:00,2.720,107.000,333.200,47.000,14.800
2022-08-22 07:00:00,1.800,225.000,441.400,78.000,17.500
2022-08-22 08:00:00,1.560,346.000,544.000,88.000,20.300
2022-08-22 09:00:00,1.710,452.000,567.100,115.000,22.800
2022-08-22 10:00:00,2.380,505.000,552.100,127.000,24.900
2022-08-22 11:00:00,2.740,621.000,662.600,131.000,26.100
2022-08-22 12:00:00,2.680,642.000,694.200,118.000,26.700
2022-08-22 13:00:00,2.360,598.000,649.700,124.000,27.200
2022-08-22 14:00:00,3.090,520.000,558.900,148.000,27.500
2022-08-22 15:00:00,4.270,376.000,398.500,150.000,27.600
2022-08-22 16:00:00,4.630,245.000,260.800,130.000,27.500
2022-08-22 17:00:00,4.880,176.000,331.600,78.000,26.600
2022-08-22 18:00:00,5.300,80.000,291.200,39.000,25.200
2022-08-22 19:00:00,6.570,5.000,19.100,4.000,23.300
2022-08-22 20:00:00,7.270,0.000,0.000,0.000,22.300
2022-08-22 21:00:00,7.530,0.000,0.000,0.000,21.400
2022-08-22 22:00:00,6.680,0.000,0.000,0.000,20.700
2022-08-22 23:00:00,7.220,0.000,0.000,0.000,19.900
2022-08-23 00:00:00,6.830,0.000,0.000,0.000,19.500
2022-08-23 01:00:00,6.930,0.000,0.000,0.000,18.800
2022-08-23 02:00:00,6.580,0.000,0.000,0.000,18.200
2022-08-23 03:00:00,6.220,0.000,0.000,0.000,17.700
2022-08-23 04:00:00,6.140,0.000,0.000,0.000,17.200
2022-08-23 05:00:00,6.110,14.000,77.800,9.000,16.700
2022-08-23 06:00:00,5.920,109.000,357.600,46.000,18.400
2022-08-23 07:00:00,4.910,248.000,525.400,75.000,20.500
2022-08-23 08:00:00,4.890,374.000,586.400,98.000,22.700
2022-08-23 09:00:00,5.080,531.000,697.500,119.000,24.400
2022-08-23 10:00:00,5.320,645.000,788.500,108.000,25.900
2022-08-23 11:00:00,4.990,708.000,807.400,114.000,27.000
2022-08-23 12:00:00,4.760,727.000,819.100,112.000,27.900
2022-08-23 13:00:00,4.780,648.000,725.100,122.000,28.500
2022-08-23 14:00:00,4.790,601.000,747.100,107.000,28.900
2022-08-23 15:00:00,4.870,499.000,712.900,98.000,28.900
2022-08-23 16:00:00,5.040,361.000,633.000,85.000,28.600
2022-08-23 17:00:00,5.310,200.000,423.600,77.000,28.100
2022-08-23 18:00:00,6.290,69.000,199.300,42.000,26.800
2022-08-23 19:00:00,7.210,4.000,19.100,3.000,24.500
2022-08-23 20:00:00,7.610,0.000,0.000,0.000,23.100
2022-08-23 21:00:00,7.570,0.000,0.000,0.000,22.000
2022-08-23 22:00:00,7.270,0.000,0.000,0.000,20.700
2022-08-23 23:00:00,6.790,0.000,0.000,0.000,19.900
2022-08-24 00:00:00,5.950,0.000,0.000,0.000,19.000
2022-08-24 01:00:00,5.730,0.000,0.000,0.000,18.300
2022-08-24 02:00:00,5.800,0.000,0.000,0.000,17.600
2022-08-24 03:00:00,5.130,0.000,0.000,0.000,17.000
2022-08-24 04:00:00,4.850,0.000,0.000,0.000,16.300
2022-08-24 05:00:00,4.800,13.000,80.300,8.000,16.100
2022-08-24 06:00:00,4.820,105.000,331.000,48.000,18.100
2022-08-24 07:00:00,4.070,201.000,347.200,88.000,20.900
2022-08-24 08:00:00,3.960,329.000,441.200,123.000,23.600
2022-08-24 09:00:00,3.900,462.000,575.800,124.000,25.600
2022-08-24 10:00:00,3.890,580.000,649.600,140.000,27.400
2022-08-24 11:00:00,3.890,689.000,780.200,118.000,28.600
2022-08-24 12:00:00,4.010,711.000,795.300,117.000,29.600
2022-08-24 13:00:00,3.880,687.000,798.600,111.000,30.300
2022-08-24 14:00:00,3.960,612.000,770.400,106.000,30.600
2022-08-24 15:00:00,4.350,502.000,724.300,98.000,30.600
2022-08-24 16:00:00,4.750,361.000,638.000,86.000,30.300
2022-08-24 17:00:00,5.490,211.000,515.500,64.000,29.400
2022-08-24 18:00:00,6.020,77.000,322.900,35.000,27.900
2022-08-24 19:00:00,6.630,4.000,19.100,3.000,25.400
2022-08-24 20:00:00,6.820,0.000,0.000,0.000,23.700
2022-08-24 21:00:00,6.640,0.000,0.000,0.000,22.500
2022-08-24 22:00:00,6.870,0.000,0.000,0.000,21.200
2022-08-24 23:00:00,6.770,0.000,0.000,0.000,20.300
2022-08-25 00:00:00,6.900,0.000,0.000,0.000,19.400
2022-08-25 01:00:00,6.610,0.000,0.000,0.000,18.700
2022-08-25 02:00:00,6.040,0.000,0.000,0.000,17.800
2022-08-25 03:00:00,5.120,0.000,0.000,0.000,17.300
2022-08-25 04:00:00,4.600,0.000,0.000,0.000,16.700
2022-08-25 05:00:00,5.120,12.000,66.300,8.000,16.800
2022-08-25 06:00:00,4.970,104.000,350.600,45.000,18.400
2022-08-25 07:00:00,4.630,229.000,460.100,81.000,20.600
2022-08-25 08:00:00,4.720,374.000,565.600,112.000,22.900
2022-08-25 09:00:00,5.090,476.000,615.500,117.000,24.700
2022-08-25 10:00:00,4.940,541.000,571.600,156.000,26.100
2022-08-25 11:00:00,5.400,474.000,427.200,163.000,26.900
2022-08-25 12:00:00,5.760,347.000,224.800,180.000,27.200
2022-08-25 13:00:00,5.650,418.000,308.200,197.000,27.700
2022-08-25 14:00:00,5.830,457.000,482.900,142.000,28.700
2022-08-25 15:00:00,4.930,321.000,381.500,110.000,28.900
2022-08-25 16:00:00,4.830,269.000,401.400,98.000,28.900
2022-08-25 17:00:00,5.630,96.000,164.300,50.000,28.100
2022-08-25 18:00:00,5.950,48.000,168.500,27.000,27.100
2022-08-25 19:00:00,6.410,3.000,0.000,3.000,25.400
2022-08-25 20:00:00,6.880,0.000,0.000,0.000,24.100
2022-08-25 21:00:00,6.710,0.000,0.000,0.000,23.400
2022-08-25 22:00:00,7.390,0.000,0.000,0.000,22.400
2022-08-25 23:00:00,7.600,0.000,0.000,0.000,21.800
2022-08-26 00:00:00,6.260,0.000,0.000,0.000,21.000
2022-08-26 01:00:00,5.520,0.000,0.000,0.000,20.200
2022-08-26 02:00:00,5.090,0.000,0.000,0.000,19.400
2022-08-26 03:00:00,4.290,0.000,0.000,0.000,19.100
2022-08-26 04:00:00,4.100,0.000,0.000,0.000,18.500
2022-08-26 05:00:00,4.420,9.000,51.400,6.000,18.300
2022-08-26 06:00:00,4.930,96.000,328.700,42.000,19.700
2022-08-26 07:00:00,3.350,181.000,374.400,62.000,21.800
2022-08-26 08:00:00,2.500,235.000,304.700,95.000,23.800
2022-08-26 09:00:00,1.920,318.000,334.800,124.000,25.600
2022-08-26 10:00:00,0.650,426.000,316.500,214.000,26.100
2022-08-26 11:00:00,1.110,469.000,397.700,181.000,27.400
2022-08-26 12:00:00,1.010,512.000,418.300,203.000,27.500
2022-08-26 13:00:00,2.380,446.000,409.700,154.000,27.400
2022-08-26 14:00:00,4.210,402.000,341.200,181.000,27.200
2022-08-26 15:00:00,4.840,257.000,197.000,149.000,26.600
2022-08-26 16:00:00,4.100,145.000,38.000,129.000,24.900
2022-08-26 17:00:00,3.280,80.000,25.500,73.000,22.900
2022-08-26 18:00:00,4.100,24.000,25.200,21.000,22.400
2022-08-26 19:00:00,5.340,1.000,0.000,1.000,21.400
2022-08-26 20:00:00,5.570,0.000,0.000,0.000,20.700
2022-08-26 21:00:00,5.540,0.000,0.000,0.000,20.200
2022-08-26 22:00:00,5.720,0.000,0.000,0.000,20.100
2022-08-26 23:00:00,5.760,0.000,0.000,0.000,20.000
2022-08-27 00:00:00,6.870,0.000,0.000,0.000,19.700
2022-08-27 01:00:00,6.830,0.000,0.000,0.000,19.500
2022-08-27 02:00:00,7.050,0.000,0.000,0.000,19.200
2022-08-27 03:00:00,6.700,0.000,0.000,0.000,18.900
2022-08-27 04:00:00,6.260,0.000,0.000,0.000,18.600
2022-08-27 05:00:00,5.900,2.000,0.000,2.000,18.400
2022-08-27 06:00:00,5.590,21.000,12.500,19.000,18.300
2022-08-27 07:00:00,5.270,93.000,73.300,70.000,18.300
2022-08-27 08:00:00,5.450,119.000,13.200,113.000,18.700
2022-08-27 09:00:00,5.340,180.000,55.600,148.000,19.100
2022-08-27 10:00:00,5.650,250.000,82.600,195.000,20.100
2022-08-27 11:00:00,6.080,198.000,30.500,176.000,20.100
2022-08-27 12:00:00,5.240,219.000,15.000,208.000,20.200
2022-08-27 13:00:00,4.870,210.000,33.900,186.000,20.500
2022-08-27 14:00:00,4.740,217.000,24.900,201.000,20.800
2022-08-27 15:00:00,4.500,280.000,195.100,174.000,21.400
2022-08-27 16:00:00,4.430,215.000,151.500,152.000,21.700
2022-08-27 17:00:00,4.960,162.000,315.700,77.000,21.400
2022-08-27 18:00:00,5.060,62.000,281.700,30.000,20.600
2022-08-27 19:00:00,5.790,1.000,0.000,1.000,19.400
2022-08-27 20:00:00,6.500,0.000,0.000,0.000,18.000
2022-08-27 21:00:00,6.120,0.000,0.000,0.000,16.700
2022-08-27 22:00:00,6.030,0.000,0.000,0.000,15.800
2022-08-27 23:00:00,5.660,0.000,0.000,0.000,15.000
2022-08-28 00:00:00,5.230,0.000,0.000,0.000,14.500
2022-08-28 01:00:00,5.060,0.000,0.000,0.000,13.900
2022-08-28 02:00:00,4.730,0.000,0.000,0.000,13.400
2022-08-28 03:00:00,4.900,0.000,0.000,0.000,13.100
2022-08-28 04:00:00,5.060,0.000,0.000,0.000,12.900
2022-08-28 05:00:00,5.480,8.000,36.800,6.000,12.900
2022-08-28 06:00:00,5.290,81.000,243.200,43.000,14.000
2022-08-28 07:00:00,5.400,195.000,370.900,80.000,15.700
2022-08-28 08:00:00,6.020,302.000,438.200,104.000,17.400
2022-08-28 09:00:00,6.330,365.000,342.700,169.000,18.500
2022-08-28 10:00:00,6.270,554.000,590.600,163.000,19.600
2022-08-28 11:00:00,6.200,602.000,564.100,198.000,20.400
2022-08-28 12:00:00,6.150,704.000,783.100,132.000,21.200
2022-08-28 13:00:00,6.530,653.000,751.500,124.000,21.500
2022-08-28 14:00:00,6.690,589.000,747.100,112.000,21.600
2022-08-28 15:00:00,6.340,480.000,676.000,116.000,21.400
2022-08-28 16:00:00,6.590,337.000,572.200,102.000,20.800
2022-08-28 17:00:00,6.510,186.000,424.400,74.000,20.000
2022-08-28 18:00:00,5.910,54.000,230.400,29.000,18.700
2022-08-28 19:00:00,5.760,1.000,0.000,1.000,17.200
2022-08-28 20:00:00,5.520,0.000,0.000,0.000,16.300
2022-08-28 21:00:00,5.370,0.000,0.000,0.000,15.300
2022-08-28 22:00:00,5.420,0.000,0.000,0.000,14.100
2022-08-28 23:00:00,5.580,0.000,0.000,0.000,13.600
2022-08-29 00:00:00,5.520,0.000,0.000,0.000,13.200
2022-08-29 01:00:00,5.890,0.000,0.000,0.000,12.700
2022-08-29 02:00:00,5.640,0.000,0.000,0.000,12.600
2022-08-29 03:00:00,5.700,0.000,0.000,0.000,12.500
2022-08-29 04:00:00,5.710,0.000,0.000,0.000,12.400
2022-08-29 05:00:00,5.450,6.000,19.100,5.000,12.700
2022-08-29 06:00:00,4.850,69.000,177.300,42.000,13.800
2022-08-29 07:00:00,4.380,90.000,84.900,64.000,15.500
2022-08-29 08:00:00,3.920,130.000,51.300,107.000,16.900
2022-08-29 09:00:00,3.570,250.000,95.100,196.000,18.000
2022-08-29 10:00:00,2.870,275.000,107.900,204.000,20.000
2022-08-29 11:00:00,3.060,358.000,144.600,255.000,21.500
2022-08-29 12:00:00,2.970,306.000,92.300,239.000,22.100
2022-08-29 13:00:00,3.190,349.000,181.600,222.000,23.000
2022-08-29 14:00:00,2.930,310.000,200.400,183.000,23.400
2022-08-29 15:00:00,2.880,289.000,247.400,157.000,23.700
2022-08-29 16:00:00,2.720,160.000,120.800,111.000,23.300
2022-08-29 17:00:00,3.150,82.000,34.800,73.000,22.600
2022-08-29 18:00:00,4.430,31.000,75.600,23.000,21.000
2022-08-29 19:00:00,5.310,1.000,0.000,1.000,19.200
2022-08-29 20:00:00,5.640,0.000,0.000,0.000,18.000
2022-08-29 21:00:00,5.490,0.000,0.000,0.000,16.800
2022-08-29 22:00:00,4.970,0.000,0.000,0.000,15.200
2022-08-29 23:00:00,4.440,0.000,0.000,0.000,14.300
2022-08-30 00:00:00,4.190,0.000,0.000,0.000,13.700
2022-08-30 01:00:00,3.270,0.000,0.000,0.000,12.800
2022-08-30 02:00:00,3.220,0.000,0.000,0.000,11.900
2022-08-30 03:00:00,3.360,0.000,0.000,0.000,12.000
2022-08-30 04:00:00,3.330,0.000,0.000,0.000,12.000
2022-08-30 05:00:00,3.470,6.000,19.100,5.000,12.200
2022-08-30 06:00:00,3.410,85.000,276.600,44.000,13.300
2022-08-30 07:00:00,2.670,156.000,238.200,84.000,15.000
2022-08-30 08:00:00,2.490,224.000,153.100,156.000,16.600
2022-08-30 09:00:00,2.350,323.000,287.100,161.000,18.100
2022-08-30 10:00:00,2.900,390.000,282.800,205.000,19.200
2022-08-30 11:00:00,2.860,431.000,295.200,222.000,20.500
2022-08-30 12:00:00,3.040,516.000,411.400,219.000,21.800
2022-08-30 13:00:00,2.970,438.000,328.100,210.000,22.500
2022-08-30 14:00:00,3.050,442.000,427.700,173.000,22.800
2022-08-30 15:00:00,3.540,270.000,246.000,140.000,23.000
2022-08-30 16:00:00,3.600,211.000,297.300,92.000,22.600
2022-08-30 17:00:00,4.740,89.000,110.700,61.000,21.700
2022-08-30 18:00:00,6.420,31.000,77.600,23.000,20.400
2022-08-30 19:00:00,7.100,0.000,0.000,0.000,18.700
2022-08-30 20:00:00,7.470,0.000,0.000,0.000,17.600
2022-08-30 21:00:00,7.280,0.000,0.000,0.000,16.400
2022-08-30 22:00:00,6.570,0.000,0.000,0.000,15.900
2022-08-30 23:00:00,5.680,0.000,0.000,0.000,15.300
2022-08-31 00:00:00,5.790,0.000,0.000,0.000,14.700
2022-08-31 01:00:00,5.520,0.000,0.000,0.000,14.300
2022-08-31 02:00:00,5.710,0.000,0.000,0.000,13.600
2022-08-31 03:00:00,6.260,0.000,0.000,0.000,12.900
2022-08-31 04:00:00,6.350,0.000,0.000,0.000,12.100
2022-08-31 05:00:00,6.150,5.000,19.100,4.000,11.600
2022-08-31 06:00:00,6.180,76.000,187.300,49.000,12.400
2022-08-31 07:00:00,5.340,164.000,197.800,105.000,14.800
2022-08-31 08:00:00,5.260,324.000,415.600,141.000,16.800
2022-08-31 09:00:00,6.420,471.000,549.700,163.000,18.300
2022-08-31 10:00:00,6.310,551.000,556.700,189.000,20.200
2022-08-31 11:00:00,6.060,504.000,359.400,251.000,20.800
2022-08-31 12:00:00,5.450,558.000,521.200,184.000,21.600
2022-08-31 13:00:00,4.960,552.000,524.300,190.000,22.300
2022-08-31 14:00:00,4.840,495.000,546.300,154.000,22.400
2022-08-31 15:00:00,5.010,429.000,586.500,122.000,22.700
2022-08-31 16:00:00,4.910,288.000,468.400,103.000,22.600
2022-08-31 17:00:00,4.490,171.000,408.000,70.000,22.100
2022-08-31 18:00:00,4.290,51.000,269.000,24.000,20.300
2022-08-31 19:00:00,4.890,0.000,0.000,0.000,18.200
2022-08-31 20:00:00,5.950,0.000,0.000,0.000,16.600
2022-08-31 21:00:00,6.510,0.000,0.000,0.000,15.700
2022-08-31 22:00:00,6.430,0.000,0.000,0.000,14.000
2022-08-31 23:00:00,6.310,0.000,0.000,0.000,12.900
2022-09-01 00:00:00,6.010,0.000,0.000,0.000,12.200
2022-09-01 01:00:00,5.990,0.000,0.000,0.000,11.900
2022-09-01 02:00:00,6.000,0.000,0.000,0.000,11.100
2022-09-01 03:00:00,5.920,0.000,0.000,0.000,10.800
2022-09-01 04:00:00,5.620,0.000,0.000,0.000,10.200
2022-09-01 05:00:00,5.700,5.000,19.100,4.000,10.300
2022-09-01 06:00:00,5.600,83.000,314.100,39.000,12.300
2022-09-01 07:00:00,4.890,200.000,451.800,67.000,15.300
2022-09-01 08:00:00,5.070,359.000,582.100,105.000,17.900
2022-09-01 09:00:00,5.220,485.000,650.600,123.000,19.700
2022-09-01 10:00:00,4.890,596.000,752.100,110.000,20.800
2022-09-01 11:00:00,4.890,671.000,770.300,132.000,21.500
2022-09-01 12:00:00,5.000,712.000,848.200,107.000,22.500
2022-09-01 13:00:00,4.950,538.000,487.000,204.000,22.600
2022-09-01 14:00:00,4.750,472.000,497.300,164.000,22.900
2022-09-01 15:00:00,4.700,365.000,453.400,130.000,22.800
2022-09-01 16:00:00,4.850,257.000,397.800,102.000,22.600
2022-09-01 17:00:00,4.920,109.000,210.800,58.000,21.300
2022-09-01 18:00:00,5.410,35.000,153.700,20.000,19.800
2022-09-01 19:00:00,5.860,0.000,0.000,0.000,17.700
2022-09-01 20:00:00,6.230,0.000,0.000,0.000,16.300
2022-09-01 21:00:00,6.720,0.000,0.000,0.000,15.100
2022-09-01 22:00:00,7.450,0.000,0.000,0.000,14.300
2022-09-01 23:00:00,6.830,0.000,0.000,0.000,13.700
2022-09-02 00:00:00,6.350,0.000,0.000,0.000,12.900
2022-09-02 01:00:00,6.010,0.000,0.000,0.000,12.200
2022-09-02 02:00:00,6.110,0.000,0.000,0.000,11.500
2022-09-02 03:00:00,6.100,0.000,0.000,0.000,11.000
2022-09-02 04:00:00,5.820,0.000,0.000,0.000,10.500
2022-09-02 05:00:00,5.780,4.000,19.100,3.000,10.300
2022-09-02 06:00:00,6.160,82.000,323.600,38.000,12.200
2022-09-02 07:00:00,5.360,214.000,499.400,69.000,15.100
2022-09-02 08:00:00,5.250,375.000,666.100,87.000,17.500
2022-09-02 09:00:00,5.540,502.000,729.600,99.000,19.600
2022-09-02 10:00:00,6.370,610.000,781.800,108.000,21.200
2022-09-02 11:00:00,6.220,668.000,793.700,116.000,22.200
2022-09-02 12:00:00,6.070,472.000,333.000,236.000,22.400
2022-09-02 13:00:00,6.420,527.000,475.700,203.000,23.300
2022-09-02 14:00:00,6.550,312.000,201.800,188.000,22.900
2022-09-02 15:00:00,6.600,250.000,177.300,159.000,23.000
2022-09-02 16:00:00,6.580,153.000,143.200,98.000,22.700
2022-09-02 17:00:00,6.340,85.000,114.300,58.000,22.100
2022-09-02 18:00:00,7.050,24.000,63.300,18.000,20.600
2022-09-02 19:00:00,7.580,0.000,0.000,0.000,19.200
2022-09-02 20:00:00,7.860,0.000,0.000,0.000,18.300
2022-09-02 21:00:00,7.820,0.000,0.000,0.000,17.500
2022-09-02 22:00:00,8.840,0.000,0.000,0.000,16.900
2022-09-02 23:00:00,7.930,0.000,0.000,0.000,16.200
2022-09-03 00:00:00,7.840,0.000,0.000,0.000,15.400
2022-09-03 01:00:00,7.960,0.000,0.000,0.000,14.400
2022-09-03 02:00:00,7.800,0.000,0.000,0.000,13.600
2022-09-03 03:00:00,7.730,0.000,0.000,0.000,13.000
2022-09-03 04:00:00,7.920,0.000,0.000,0.000,12.500
2022-09-03 05:00:00,7.670,3.000,19.100,2.000,12.200
2022-09-03 06:00:00,7.330,72.000,273.000,36.000,13.600
2022-09-03 07:00:00,7.160,214.000,492.500,73.000,15.600
2022-09-03 08:00:00,7.430,351.000,595.300,96.000,17.700
2022-09-03 09:00:00,7.580,490.000,704.000,104.000,19.600
2022-09-03 10:00:00,7.800,590.000,730.500,124.000,21.600
2022-09-03 11:00:00,8.330,660.000,782.800,119.000,22.500
2022-09-03 12:00:00,7.850,664.000,781.000,114.000,23.000
2022-09-03 13:00:00,6.820,623.000,752.600,114.000,23.400
2022-09-03 14:00:00,6.930,573.000,771.300,103.000,23.800
2022-09-03 15:00:00,7.000,446.000,661.700,110.000,23.700
2022-09-03 16:00:00,7.240,300.000,557.300,89.000,23.200
2022-09-03 17:00:00,7.620,154.000,381.700,66.000,22.700
2022-09-03 18:00:00,7.830,36.000,185.000,19.000,21.200
2022-09-03 19:00:00,7.450,0.000,0.000,0.000,19.600
2022-09-03 20:00:00,7.010,0.000,0.000,0.000,18.600
2022-09-03 21:00:00,6.820,0.000,0.000,0.000,17.700
2022-09-03 22:00:00,7.310,0.000,0.000,0.000,17.200
2022-09-03 23:00:00,5.790,0.000,0.000,0.000,16.400
2022-09-04 00:00:00,5.180,0.000,0.000,0.000,15.300
2022-09-04 01:00:00,5.540,0.000,0.000,0.000,14.900
2022-09-04 02:00:00,5.720,0.000,0.000,0.000,14.400
2022-09-04 03:00:00,5.750,0.000,0.000,0.000,13.900
2022-09-04 04:00:00,5.710,0.000,0.000,0.000,13.200
2022-09-04 05:00:00,5.580,2.000,0.000,2.000,12.900
2022-09-04 06:00:00,5.910,51.000,141.000,33.000,14.400
2022-09-04 07:00:00,5.260,211.000,513.700,66.000,16.500
2022-09-04 08:00:00,4.630,353.000,615.100,92.000,18.300
2022-09-04 09:00:00,4.490,462.000,639.400,114.000,20.200
2022-09-04 10:00:00,4.250,549.000,651.700,136.000,22.500
2022-09-04 11:00:00,4.090,639.000,749.900,124.000,24.000
2022-09-04 12:00:00,3.830,668.000,787.500,117.000,25.000
2022-09-04 13:00:00,3.690,594.000,685.000,134.000,25.800
2022-09-04 14:00:00,3.650,421.000,400.500,179.000,26.000
2022-09-04 15:00:00,3.530,153.000,35.800,135.000,25.800
2022-09-04 16:00:00,4.340,99.000,8.000,96.000,25.600
2022-09-04 17:00:00,5.570,73.000,84.500,54.000,25.200
2022-09-04 18:00:00,6.550,20.000,44.900,16.000,23.600
2022-09-04 19:00:00,7.170,0.000,0.000,0.000,21.700
2022-09-04 20:00:00,7.740,0.000,0.000,0.000,20.900
2022-09-04 21:00:00,7.880,0.000,0.000,0.000,20.100
2022-09-04 22:00:00,7.810,0.000,0.000,0.000,19.800
2022-09-04 23:00:00,7.070,0.000,0.000,0.000,19.200
2022-09-05 00:00:00,6.650,0.000,0.000,0.000,18.800
2022-09-05 01:00:00,6.480,0.000,0.000,0.000,18.200
2022-09-05 02:00:00,7.050,0.000,0.000,0.000,17.800
2022-09-05 03:00:00,7.550,0.000,0.000,0.000,17.500
2022-09-05 04:00:00,7.510,0.000,0.000,0.000,17.100
2022-09-05 05:00:00,7.460,1.000,0.000,1.000,17.000
2022-09-05 06:00:00,7.360,38.000,81.000,28.000,17.200
2022-09-05 07:00:00,6.590,124.000,194.100,70.000,18.500
2022-09-05 08:00:00,6.420,206.000,240.300,105.000,20.400
2022-09-05 09:00:00,6.070,310.000,312.900,141.000,22.100
2022-09-05 10:00:00,5.750,497.000,535.400,160.000,24.000
2022-09-05 11:00:00,5.720,569.000,631.700,138.000,25.500
2022-09-05 12:00:00,5.810,583.000,610.100,159.000,26.700
2022-09-05 13:00:00,5.690,605.000,727.600,120.000,27.300
2022-09-05 14:00:00,6.360,520.000,674.400,116.000,27.600
2022-09-05 15:00:00,6.970,377.000,543.300,107.000,26.900
2022-09-05 16:00:00,7.500,220.000,400.200,73.000,26.400
2022-09-05 17:00:00,8.150,123.000,329.000,51.000,25.800
2022-09-05 18:00:00,8.620,21.000,81.300,14.000,24.400
2022-09-05 19:00:00,8.870,0.000,0.000,0.000,22.900
2022-09-05 20:00:00,8.800,0.000,0.000,0.000,22.000
2022-09-05 21:00:00,8.490,0.000,0.000,0.000,21.100
2022-09-05 22:00:00,8.770,0.000,0.000,0.000,20.200
2022-09-05 23:00:00,8.010,0.000,0.000,0.000,19.500
2022-09-06 00:00:00,7.560,0.000,0.000,0.000,19.200
2022-09-06 01:00:00,7.990,0.000,0.000,0.000,18.600
2022-09-06 02:00:00,8.650,0.000,0.000,0.000,18.200
2022-09-06 03:00:00,8.120,0.000,0.000,0.000,17.700
2022-09-06 04:00:00,7.900,0.000,0.000,0.000,17.500
2022-09-06 05:00:00,8.030,2.000,0.000,2.000,17.200
2022-09-06 06:00:00,8.140,53.000,142.500,36.000,17.000
2022-09-06 07:00:00,7.880,109.000,18.200,104.000,17.000
2022-09-06 08:00:00,7.770,75.000,7.200,72.000,17.500
2022-09-06 09:00:00,6.990,140.000,13.100,133.000,18.300
2022-09-06 10:00:00,6.440,237.000,6.400,233.000,18.200
2022-09-06 11:00:00,6.220,352.000,81.100,297.000,19.600
2022-09-06 12:00:00,5.610,405.000,185.400,277.000,20.900
2022-09-06 13:00:00,5.110,439.000,386.900,183.000,22.400
2022-09-06 14:00:00,5.640,471.000,522.100,161.000,23.200
2022-09-06 15:00:00,6.010,332.000,459.800,106.000,23.500
2022-09-06 16:00:00,5.700,258.000,437.000,100.000,23.600
2022-09-06 17:00:00,6.100,129.000,357.000,53.000,23.000
2022-09-06 18:00:00,7.010,25.000,120.400,15.000,21.800
2022-09-06 19:00:00,7.280,0.000,0.000,0.000,20.100
2022-09-06 20:00:00,7.430,0.000,0.000,0.000,19.300
2022-09-06 21:00:00,7.510,0.000,0.000,0.000,18.500
2022-09-06 22:00:00,6.550,0.000,0.000,0.000,17.900
2022-09-06 23:00:00,6.690,0.000,0.000,0.000,17.500
2022-09-07 00:00:00,4.700,0.000,0.000,0.000,17.100
2022-09-07 01:00:00,6.170,0.000,0.000,0.000,16.800
2022-09-07 02:00:00,6.070,0.000,0.000,0.000,16.700
2022-09-07 03:00:00,4.170,0.000,0.000,0.000,16.500
2022-09-07 04:00:00,4.270,0.000,0.000,0.000,16.200
2022-09-07 05:00:00,3.430,1.000,0.000,1.000,16.000
2022-09-07 06:00:00,3.690,43.000,17.400,41.000,16.200
2022-09-07 07:00:00,2.760,163.000,315.000,78.000,17.300
2022-09-07 08:00:00,2.870,227.000,284.000,110.000,18.800
2022-09-07 09:00:00,3.080,316.000,334.800,138.000,20.200
2022-09-07 10:00:00,2.760,290.000,128.900,210.000,21.900
2022-09-07 11:00:00,1.930,370.000,236.200,211.000,23.300
2022-09-07 12:00:00,1.820,490.000,443.500,186.000,24.700
2022-09-07 13:00:00,0.920,543.000,574.200,166.000,26.200
2022-09-07 14:00:00,1.010,430.000,497.900,137.000,26.400
2022-09-07 15:00:00,0.870,322.000,448.700,104.000,26.300
2022-09-07 16:00:00,0.290,234.000,435.700,79.000,25.900
2022-09-07 17:00:00,0.910,109.000,193.300,69.000,24.800
2022-09-07 18:00:00,1.710,20.000,50.000,16.000,23.100
2022-09-07 19:00:00,3.200,0.000,0.000,0.000,21.500
2022-09-07 20:00:00,4.240,0.000,0.000,0.000,19.500
2022-09-07 21:00:00,4.910,0.000,0.000,0.000,18.100
2022-09-07 22:00:00,5.630,0.000,0.000,0.000,17.900
2022-09-07 23:00:00,5.100,0.000,0.000,0.000,17.600
2022-09-08 00:00:00,3.440,0.000,0.000,0.000,16.800
2022-09-08 01:00:00,2.550,0.000,0.000,0.000,16.000
2022-09-08 02:00:00,4.300,0.000,0.000,0.000,15.500
2022-09-08 03:00:00,5.440,0.000,0.000,0.000,15.300
2022-09-08 04:00:00,5.400,0.000,0.000,0.000,15.300
2022-09-08 05:00:00,5.150,1.000,0.000,1.000,15.500
2022-09-08 06:00:00,6.320,27.000,0.000,27.000,15.700
2022-09-08 07:00:00,4.970,120.000,71.500,101.000,16.600
2022-09-08 08:00:00,3.220,110.000,2.500,109.000,17.000
2022-09-08 09:00:00,2.790,157.000,34.100,139.000,16.800
2022-09-08 10:00:00,4.280,145.000,9.700,139.000,18.100
2022-09-08 11:00:00,3.980,101.000,6.000,97.000,17.500
2022-09-08 12:00:00,3.330,50.000,0.000,50.000,16.900
2022-09-08 13:00:00,4.050,39.000,0.000,39.000,16.700
2022-09-08 14:00:00,4.660,48.000,1.700,47.000,17.000
2022-09-08 15:00:00,4.000,51.000,0.000,51.000,17.100
2022-09-08 16:00:00,4.070,78.000,5.700,76.000,17.000
2022-09-08 17:00:00,4.460,46.000,39.800,38.000,16.800
2022-09-08 18:00:00,3.830,11.000,26.000,9.000,16.100
2022-09-08 19:00:00,2.970,0.000,0.000,0.000,15.300
2022-09-08 20:00:00,3.640,0.000,0.000,0.000,14.800
2022-09-08 21:00:00,4.970,0.000,0.000,0.000,14.100
2022-09-08 22:00:00,6.310,0.000,0.000,0.000,14.500
2022-09-08 23:00:00,5.340,0.000,0.000,0.000,14.300
2022-09-09 00:00:00,5.950,0.000,0.000,0.000,14.100
2022-09-09 01:00:00,6.300,0.000,0.000,0.000,14.000
2022-09-09 02:00:00,6.750,0.000,0.000,0.000,13.600
2022-09-09 03:00:00,6.700,0.000,0.000,0.000,13.300
2022-09-09 04:00:00,6.010,0.000,0.000,0.000,13.200
2022-09-09 05:00:00,5.720,1.000,0.000,1.000,13.500
2022-09-09 06:00:00,5.810,43.000,128.800,29.000,14.300
2022-09-09 07:00:00,5.570,183.000,436.000,69.000,15.400
2022-09-09 08:00:00,4.970,262.000,351.900,120.000,16.700
2022-09-09 09:00:00,5.030,325.000,311.600,162.000,18.100
2022-09-09 10:00:00,3.140,421.000,331.800,218.000,19.200
2022-09-09 11:00:00,4.690,424.000,319.300,212.000,20.200
2022-09-09 12:00:00,3.600,508.000,469.200,191.000,21.200
2022-09-09 13:00:00,3.210,389.000,306.400,191.000,18.700
2022-09-09 14:00:00,3.550,208.000,88.300,157.000,18.600
2022-09-09 15:00:00,3.420,235.000,170.700,154.000,20.200
2022-09-09 16:00:00,3.410,152.000,148.300,101.000,20.300
2022-09-09 17:00:00,3.450,94.000,133.500,68.000,19.500
2022-09-09 18:00:00,4.310,14.000,13.500,13.000,17.400
2022-09-09 19:00:00,4.480,0.000,0.000,0.000,16.200
2022-09-09 20:00:00,4.320,0.000,0.000,0.000,15.600
2022-09-09 21:00:00,4.840,0.000,0.000,0.000,15.600
2022-09-09 22:00:00,4.180,0.000,0.000,0.000,14.700
2022-09-09 23:00:00,5.270,0.000,0.000,0.000,14.600
2022-09-10 00:00:00,5.280,0.000,0.000,0.000,14.200
2022-09-10 01:00:00,6.330,0.000,0.000,0.000,14.200
2022-09-10 02:00:00,5.630,0.000,0.000,0.000,14.300
2022-09-10 03:00:00,4.780,0.000,0.000,0.000,14.400
2022-09-10 04:00:00,4.830,0.000,0.000,0.000,14.500
2022-09-10 05:00:00,4.320,0.000,0.000,0.000,14.500
2022-09-10 06:00:00,4.070,20.000,18.800,18.000,14.800
2022-09-10 07:00:00,4.130,162.000,357.700,70.000,15.600
2022-09-10 08:00:00,3.590,232.000,303.100,111.000,16.300
2022-09-10 09:00:00,2.940,338.000,350.900,156.000,17.200
2022-09-10 10:00:00,2.800,298.000,220.600,164.000,18.100
2022-09-10 11:00:00,1.390,302.000,177.500,185.000,18.600
2022-09-10 12:00:00,1.330,415.000,274.300,231.000,19.600
2022-09-10 13:00:00,2.390,320.000,131.000,236.000,19.800
2022-09-10 14:00:00,1.630,242.000,122.300,172.000,19.700
2022-09-10 15:00:00,1.100,284.000,377.500,107.000,20.000
2022-09-10 16:00:00,0.540,215.000,405.300,78.000,19.800
2022-09-10 17:00:00,0.850,89.000,238.500,44.000,19.400
2022-09-10 18:00:00,1.870,15.000,56.400,11.000,17.300
2022-09-10 19:00:00,3.450,0.000,0.000,0.000,16.200
2022-09-10 20:00:00,3.750,0.000,0.000,0.000,15.800
2022-09-10 21:00:00,3.500,0.000,0.000,0.000,15.000
2022-09-10 22:00:00,3.090,0.000,0.000,0.000,14.200
2022-09-10 23:00:00,4.050,0.000,0.000,0.000,14.000
2022-09-11 00:00:00,3.810,0.000,0.000,0.000,13.900
2022-09-11 01:00:00,3.810,0.000,0.000,0.000,13.800
2022-09-11 02:00:00,3.980,0.000,0.000,0.000,13.900
2022-09-11 03:00:00,4.030,0.000,0.000,0.000,13.900
2022-09-11 04:00:00,3.690,0.000,0.000,0.000,14.200
2022-09-11 05:00:00,3.860,0.000,0.000,0.000,14.400
2022-09-11 06:00:00,3.510,21.000,19.100,19.000,14.400
2022-09-11 07:00:00,3.410,91.000,35.600,82.000,14.500
2022-09-11 08:00:00,2.990,118.000,60.800,94.000,14.600
2022-09-11 09:00:00,2.840,175.000,54.400,147.000,15.000
2022-09-11 10:00:00,3.110,298.000,195.700,180.000,16.200
2022-09-11 11:00:00,2.780,373.000,363.700,135.000,17.200
2022-09-11 12:00:00,2.880,385.000,345.500,155.000,18.100
2022-09-11 13:00:00,3.600,550.000,666.900,126.000,19.400
2022-09-11 14:00:00,4.190,402.000,428.800,159.000,19.800
2022-09-11 15:00:00,4.310,290.000,395.200,107.000,19.900
2022-09-11 16:00:00,3.900,192.000,361.400,72.000,20.000
2022-09-11 17:00:00,3.370,93.000,257.500,46.000,18.700
2022-09-11 18:00:00,2.980,15.000,73.700,10.000,16.400
2022-09-11 19:00:00,2.870,0.000,0.000,0.000,14.500
2022-09-11 20:00:00,2.530,0.000,0.000,0.000,13.400
2022-09-11 21:00:00,2.180,0.000,0.000,0.000,12.600
2022-09-11 22:00:00,2.010,0.000,0.000,0.000,11.900
2022-09-11 23:00:00,1.300,0.000,0.000,0.000,12.400
2022-09-12 00:00:00,0.620,0.000,0.000,0.000,11.800
2022-09-12 01:00:00,1.470,0.000,0.000,0.000,10.800
2022-09-12 02:00:00,2.260,0.000,0.000,0.000,10.500
2022-09-12 03:00:00,2.870,0.000,0.000,0.000,10.400
2022-09-12 04:00:00,2.650,0.000,0.000,0.000,9.400
2022-09-12 05:00:00,2.510,0.000,0.000,0.000,9.100
2022-09-12 06:00:00,2.990,48.000,195.400,28.000,10.400
2022-09-12 07:00:00,2.720,179.000,486.600,58.000,13.300
2022-09-12 08:00:00,1.850,329.000,640.000,79.000,15.900
2022-09-12 09:00:00,2.200,452.000,676.700,107.000,18.100
2022-09-12 10:00:00,3.060,481.000,491.500,187.000,19.800
2022-09-12 11:00:00,2.600,457.000,358.700,224.000,20.700
2022-09-12 12:00:00,3.010,466.000,289.100,275.000,21.500
2022-09-12 13:00:00,2.890,402.000,223.700,261.000,22.000
2022-09-12 14:00:00,2.870,353.000,251.300,212.000,22.400
2022-09-12 15:00:00,2.750,252.000,253.700,136.000,22.500
2022-09-12 16:00:00,2.630,194.000,285.300,101.000,22.400
2022-09-12 17:00:00,3.250,99.000,266.600,52.000,21.200
2022-09-12 18:00:00,5.720,13.000,46.400,10.000,19.000
2022-09-12 19:00:00,6.060,0.000,0.000,0.000,17.500
2022-09-12 20:00:00,6.100,0.000,0.000,0.000,16.800
2022-09-12 21:00:00,6.660,0.000,0.000,0.000,16.500
2022-09-12 22:00:00,7.530,0.000,0.000,0.000,15.800
2022-09-12 23:00:00,7.510,0.000,0.000,0.000,15.400
2022-09-13 00:00:00,8.130,0.000,0.000,0.000,15.500
2022-09-13 01:00:00,7.430,0.000,0.000,0.000,15.700
2022-09-13 02:00:00,6.370,0.000,0.000,0.000,16.000
2022-09-13 03:00:00,6.520,0.000,0.000,0.000,15.700
2022-09-13 04:00:00,6.120,0.000,0.000,0.000,15.500
2022-09-13 05:00:00,5.940,0.000,0.000,0.000,15.700
2022-09-13 06:00:00,6.370,13.000,20.000,11.000,15.800
2022-09-13 07:00:00,5.990,65.000,49.100,53.000,16.600
2022-09-13 08:00:00,5.110,248.000,409.000,90.000,17.600
2022-09-13 09:00:00,6.050,339.000,480.800,96.000,18.600
2022-09-13 10:00:00,4.490,306.000,316.700,118.000,19.300
2022-09-13 11:00:00,4.230,328.000,221.800,185.000,19.900
2022-09-13 12:00:00,5.500,359.000,270.000,182.000,20.800
2022-09-13 13:00:00,5.830,416.000,401.500,165.000,21.200
2022-09-13 14:00:00,5.840,422.000,473.500,159.000,21.900
2022-09-13 15:00:00,5.920,339.000,474.100,125.000,21.800
2022-09-13 16:00:00,5.740,224.000,384.400,101.000,21.200
2022-09-13 17:00:00,5.740,96.000,223.400,58.000,19.800
2022-09-13 18:00:00,5.670,12.000,32.500,10.000,17.900
2022-09-13 19:00:00,5.500,0.000,0.000,0.000,16.600
2022-09-13 20:00:00,5.310,0.000,0.000,0.000,15.500
2022-09-13 21:00:00,4.700,0.000,0.000,0.000,14.700
2022-09-13 22:00:00,3.290,0.000,0.000,0.000,14.300
2022-09-13 23:00:00,3.290,0.000,0.000,0.000,13.300
2022-09-14 00:00:00,3.340,0.000,0.000,0.000,12.600
2022-09-14 01:00:00,2.700,0.000,0.000,0.000,12.300
2022-09-14 02:00:00,3.580,0.000,0.000,0.000,12.200
2022-09-14 03:00:00,5.170,0.000,0.000,0.000,11.800
2022-09-14 04:00:00,3.710,0.000,0.000,0.000,11.600
2022-09-14 05:00:00,3.910,0.000,0.000,0.000,10.900
2022-09-14 06:00:00,3.870,29.000,51.000,24.000,11.800
2022-09-14 07:00:00,3.180,92.000,25.000,86.000,13.100
2022-09-14 08:00:00,2.390,171.000,57.600,149.000,14.500
2022-09-14 09:00:00,2.350,277.000,97.800,228.000,15.900
2022-09-14 10:00:00,1.830,422.000,314.100,237.000,17.300
2022-09-14 11:00:00,1.260,271.000,84.400,217.000,17.500
2022-09-14 12:00:00,2.180,170.000,13.800,161.000,17.200
2022-09-14 13:00:00,2.430,241.000,29.000,223.000,17.500
2022-09-14 14:00:00,2.430,170.000,21.800,158.000,17.400
2022-09-14 15:00:00,2.270,134.000,9.000,130.000,17.200
2022-09-14 16:00:00,1.650,70.000,3.200,69.000,16.900
2022-09-14 17:00:00,2.100,25.000,0.000,25.000,16.200
2022-09-14 18:00:00,3.730,4.000,0.000,4.000,15.300
2022-09-14 19:00:00,5.700,0.000,0.000,0.000,14.200
2022-09-14 20:00:00,6.370,0.000,0.000,0.000,13.500
2022-09-14 21:00:00,5.860,0.000,0.000,0.000,13.100
2022-09-14 22:00:00,4.610,0.000,0.000,0.000,13.600
2022-09-14 23:00:00,4.960,0.000,0.000,0.000,13.100
2022-09-15 00:00:00,6.180,0.000,0.000,0.000,12.600
2022-09-15 01:00:00,6.980,0.000,0.000,0.000,12.300
2022-09-15 02:00:00,6.960,0.000,0.000,0.000,12.300
2022-09-15 03:00:00,7.300,0.000,0.000,0.000,12.400
2022-09-15 04:00:00,7.050,0.000,0.000,0.000,12.600
2022-09-15 05:00:00,6.870,0.000,0.000,0.000,12.700
2022-09-15 06:00:00,6.720,28.000,104.300,18.000,12.600
2022-09-15 07:00:00,6.110,83.000,106.100,58.000,13.600
2022-09-15 08:00:00,6.510,212.000,211.900,132.000,14.600
2022-09-15 09:00:00,7.140,302.000,259.900,173.000,15.900
2022-09-15 10:00:00,7.830,369.000,321.800,181.000,16.300
2022-09-15 11:00:00,7.960,330.000,181.100,215.000,16.500
2022-09-15 12:00:00,8.150,329.000,235.600,177.000,16.600
2022-09-15 13:00:00,8.260,289.000,211.600,159.000,16.600
2022-09-15 14:00:00,8.050,275.000,246.300,141.000,16.400
2022-09-15 15:00:00,7.810,208.000,243.400,101.000,16.200
2022-09-15 16:00:00,7.200,158.000,259.900,78.000,15.600
2022-09-15 17:00:00,6.410,58.000,164.900,32.000,14.500
2022-09-15 18:00:00,5.870,6.000,36.100,4.000,13.800
2022-09-15 19:00:00,5.670,0.000,0.000,0.000,13.400
2022-09-15 20:00:00,6.350,0.000,0.000,0.000,13.000
2022-09-15 21:00:00,7.010,0.000,0.000,0.000,12.600
2022-09-15 22:00:00,7.830,0.000,0.000,0.000,12.500
2022-09-15 23:00:00,7.810,0.000,0.000,0.000,12.000
2022-09-16 00:00:00,7.870,0.000,0.000,0.000,11.600
2022-09-16 01:00:00,7.840,0.000,0.000,0.000,11.300
2022-09-16 02:00:00,8.060,0.000,0.000,0.000,11.000
2022-09-16 03:00:00,7.920,0.000,0.000,0.000,10.900
2022-09-16 04:00:00,8.010,0.000,0.000,0.000,10.800
2022-09-16 05:00:00,7.770,0.000,0.000,0.000,10.700
2022-09-16 06:00:00,7.500,32.000,138.700,19.000,11.000
2022-09-16 07:00:00,9.480,121.000,246.400,64.000,12.000
2022-09-16 08:00:00,7.820,235.000,369.900,97.000,13.300
2022-09-16 09:00:00,7.880,390.000,522.600,133.000,14.300
2022-09-16 10:00:00,9.410,447.000,590.200,105.000,15.200
2022-09-16 11:00:00,9.650,512.000,585.700,143.000,15.600
2022-09-16 12:00:00,10.830,511.000,553.100,157.000,15.800
2022-09-16 13:00:00,10.960,431.000,451.700,156.000,15.800
2022-09-16 14:00:00,10.560,361.000,417.900,136.000,16.000
2022-09-16 15:00:00,11.360,278.000,424.300,94.000,15.000
2022-09-16 16:00:00,10.910,166.000,278.400,82.000,14.400
2022-09-16 17:00:00,10.820,65.000,158.400,41.000,13.500
2022-09-16 18:00:00,11.420,4.000,19.100,3.000,12.300
2022-09-16 19:00:00,11.110,0.000,0.000,0.000,11.800
2022-09-16 20:00:00,10.720,0.000,0.000,0.000,11.600
2022-09-16 21:00:00,10.810,0.000,0.000,0.000,11.500
2022-09-16 22:00:00,9.570,0.000,0.000,0.000,11.500
2022-09-16 23:00:00,9.550,0.000,0.000,0.000,11.300
2022-09-17 00:00:00,9.420,0.000,0.000,0.000,11.500
2022-09-17 01:00:00,8.940,0.000,0.000,0.000,11.600
2022-09-17 02:00:00,9.530,0.000,0.000,0.000,11.600
2022-09-17 03:00:00,9.430,0.000,0.000,0.000,11.400
2022-09-17 04:00:00,9.500,0.000,0.000,0.000,11.000
2022-09-17 05:00:00,9.640,0.000,0.000,0.000,10.500
2022-09-17 06:00:00,9.430,27.000,120.200,16.000,10.500
2022-09-17 07:00:00,9.500,71.000,119.000,44.000,10.900
2022-09-17 08:00:00,9.400,238.000,396.100,92.000,11.700
2022-09-17 09:00:00,10.530,348.000,463.800,122.000,12.900
2022-09-17 10:00:00,10.020,451.000,574.200,121.000,13.900
2022-09-17 11:00:00,9.180,457.000,441.500,181.000,14.000
2022-09-17 12:00:00,8.500,440.000,426.900,169.000,13.500
2022-09-17 13:00:00,9.170,415.000,447.500,145.000,13.300
2022-09-17 14:00:00,9.110,264.000,144.500,187.000,12.200
2022-09-17 15:00:00,10.500,190.000,175.300,115.000,11.400
2022-09-17 16:00:00,10.890,136.000,192.800,79.000,11.200
2022-09-17 17:00:00,10.660,50.000,75.700,39.000,11.100
2022-09-17 18:00:00,10.440,4.000,0.000,4.000,10.600
2022-09-17 19:00:00,10.690,0.000,0.000,0.000,10.600
2022-09-17 20:00:00,10.200,0.000,0.000,0.000,10.700
2022-09-17 21:00:00,10.380,0.000,0.000,0.000,10.600
2022-09-17 22:00:00,9.590,0.000,0.000,0.000,10.200
2022-09-17 23:00:00,9.570,0.000,0.000,0.000,9.900
2022-09-18 00:00:00,9.590,0.000,0.000,0.000,9.600
2022-09-18 01:00:00,9.120,0.000,0.000,0.000,9.500
2022-09-18 02:00:00,8.870,0.000,0.000,0.000,9.300
2022-09-18 03:00:00,8.700,0.000,0.000,0.000,9.300
2022-09-18 04:00:00,8.860,0.000,0.000,0.000,9.000
2022-09-18 05:00:00,8.850,0.000,0.000,0.000,8.700
2022-09-18 06:00:00,8.400,26.000,134.300,14.000,9.300
2022-09-18 07:00:00,9.600,56.000,31.500,49.000,10.200
2022-09-18 08:00:00,8.690,115.000,129.100,68.000,11.300
2022-09-18 09:00:00,8.080,169.000,134.700,104.000,11.900
2022-09-18 10:00:00,7.760,324.000,242.100,186.000,12.300
2022-09-18 11:00:00,10.080,293.000,170.900,187.000,11.000
2022-09-18 12:00:00,9.160,440.000,358.900,214.000,11.500
2022-09-18 13:00:00,8.150,479.000,538.600,157.000,12.100
2022-09-18 14:00:00,8.390,366.000,409.800,150.000,12.200
2022-09-18 15:00:00,9.000,249.000,246.500,145.000,11.400
2022-09-18 16:00:00,9.030,165.000,279.700,84.000,10.600
2022-09-18 17:00:00,10.000,52.000,122.200,35.000,10.300
2022-09-18 18:00:00,10.810,3.000,0.000,3.000,10.100
2022-09-18 19:00:00,11.160,0.000,0.000,0.000,10.100
2022-09-18 20:00:00,10.950,0.000,0.000,0.000,10.200
2022-09-18 21:00:00,9.960,0.000,0.000,0.000,10.200
2022-09-18 22:00:00,7.420,0.000,0.000,0.000,9.800
2022-09-18 23:00:00,7.870,0.000,0.000,0.000,9.900
2022-09-19 00:00:00,7.450,0.000,0.000,0.000,10.000
2022-09-19 01:00:00,8.070,0.000,0.000,0.000,9.700
2022-09-19 02:00:00,7.550,0.000,0.000,0.000,9.400
2022-09-19 03:00:00,7.250,0.000,0.000,0.000,9.100
2022-09-19 04:00:00,7.360,0.000,0.000,0.000,8.900
2022-09-19 05:00:00,7.310,0.000,0.000,0.000,8.700
2022-09-19 06:00:00,7.450,33.000,172.100,18.000,9.300
2022-09-19 07:00:00,6.780,142.000,385.100,58.000,10.900
2022-09-19 08:00:00,7.270,290.000,561.700,88.000,12.600
2022-09-19 09:00:00,6.460,406.000,608.800,115.000,14.000
2022-09-19 10:00:00,6.250,504.000,679.500,120.000,15.200
2022-09-19 11:00:00,6.360,543.000,687.700,120.000,15.800
2022-09-19 12:00:00,6.380,478.000,525.300,150.000,15.400
2022-09-19 13:00:00,8.090,385.000,393.300,152.000,15.200
2022-09-19 14:00:00,6.680,329.000,395.100,123.000,14.700
2022-09-19 15:00:00,6.340,281.000,391.900,118.000,14.300
2022-09-19 16:00:00,7.670,155.000,299.800,70.000,13.800
2022-09-19 17:00:00,7.030,58.000,210.600,30.000,12.900
2022-09-19 18:00:00,6.530,3.000,0.000,3.000,12.100
2022-09-19 19:00:00,6.830,0.000,0.000,0.000,11.600
2022-09-19 20:00:00,6.880,0.000,0.000,0.000,11.100
2022-09-19 21:00:00,6.940,0.000,0.000,0.000,10.700
2022-09-19 22:00:00,7.470,0.000,0.000,0.000,9.300
2022-09-19 23:00:00,6.710,0.000,0.000,0.000,9.100
2022-09-20 00:00:00,6.350,0.000,0.000,0.000,9.100
2022-09-20 01:00:00,6.260,0.000,0.000,0.000,8.700
2022-09-20 02:00:00,6.400,0.000,0.000,0.000,8.700
2022-09-20 03:00:00,6.190,0.000,0.000,0.000,8.600
2022-09-20 04:00:00,5.630,0.000,0.000,0.000,8.700
2022-09-20 05:00:00,5.440,0.000,0.000,0.000,8.500
2022-09-20 06:00:00,5.010,28.000,141.300,16.000,8.600
2022-09-20 07:00:00,4.720,104.000,163.800,69.000,9.600
2022-09-20 08:00:00,5.000,182.000,205.600,109.000,10.800
2022-09-20 09:00:00,3.700,264.000,249.300,146.000,12.100
2022-09-20 10:00:00,3.360,384.000,414.100,152.000,12.800
2022-09-20 11:00:00,3.130,373.000,326.200,174.000,13.600
2022-09-20 12:00:00,3.440,461.000,526.600,135.000,14.600
2022-09-20 13:00:00,4.050,399.000,453.200,133.000,14.500
2022-09-20 14:00:00,4.960,304.000,316.100,141.000,14.700
2022-09-20 15:00:00,4.500,310.000,504.800,103.000,14.800
2022-09-20 16:00:00,3.650,170.000,360.400,70.000,14.600
2022-09-20 17:00:00,3.500,58.000,197.200,33.000,13.300
2022-09-20 18:00:00,3.800,2.000,0.000,2.000,11.600
2022-09-20 19:00:00,4.100,0.000,0.000,0.000,10.400
2022-09-20 20:00:00,4.140,0.000,0.000,0.000,9.000
2022-09-20 21:00:00,4.100,0.000,0.000,0.000,8.000
2022-09-20 22:00:00,4.990,0.000,0.000,0.000,6.800
2022-09-20 23:00:00,4.360,0.000,0.000,0.000,6.100
2022-09-21 00:00:00,3.820,0.000,0.000,0.000,5.200
2022-09-21 01:00:00,3.450,0.000,0.000,0.000,4.800
2022-09-21 02:00:00,3.320,0.000,0.000,0.000,4.100
2022-09-21 03:00:00,3.510,0.000,0.000,0.000,3.700
2022-09-21 04:00:00,3.490,0.000,0.000,0.000,3.400
2022-09-21 05:00:00,3.240,0.000,0.000,0.000,3.100
2022-09-21 06:00:00,3.000,29.000,157.100,16.000,4.500
2022-09-21 07:00:00,2.710,136.000,363.200,60.000,6.900
2022-09-21 08:00:00,1.800,249.000,390.800,112.000,9.700
2022-09-21 09:00:00,1.590,355.000,471.500,134.000,12.100
2022-09-21 10:00:00,1.580,464.000,545.500,161.000,14.100
2022-09-21 11:00:00,1.460,495.000,624.900,117.000,15.500
2022-09-21 12:00:00,1.190,494.000,622.400,112.000,16.200
2022-09-21 13:00:00,0.910,382.000,447.300,122.000,16.700
2022-09-21 14:00:00,0.960,176.000,58.800,146.000,16.700
2022-09-21 15:00:00,1.370,152.000,69.300,124.000,16.600
2022-09-21 16:00:00,1.760,103.000,84.800,80.000,16.100
2022-09-21 17:00:00,1.960,39.000,107.800,26.000,14.700
2022-09-21 18:00:00,2.130,1.000,0.000,1.000,12.300
2022-09-21 19:00:00,2.030,0.000,0.000,0.000,10.500
2022-09-21 20:00:00,1.800,0.000,0.000,0.000,10.000
2022-09-21 21:00:00,1.910,0.000,0.000,0.000,9.400
2022-09-21 22:00:00,2.090,0.000,0.000,0.000,7.800
2022-09-21 23:00:00,1.520,0.000,0.000,0.000,7.300
2022-09-22 00:00:00,0.670,0.000,0.000,0.000,7.700
2022-09-22 01:00:00,0.460,0.000,0.000,0.000,7.100
2022-09-22 02:00:00,1.170,0.000,0.000,0.000,6.400
2022-09-22 03:00:00,1.410,0.000,0.000,0.000,5.600
2022-09-22 04:00:00,1.360,0.000,0.000,0.000,4.900
2022-09-22 05:00:00,0.970,0.000,0.000,0.000,4.500
2022-09-22 06:00:00,0.670,21.000,99.400,13.000,5.000
2022-09-22 07:00:00,0.790,129.000,366.300,54.000,8.000
2022-09-22 08:00:00,0.680,248.000,468.200,86.000,11.200
2022-09-22 09:00:00,1.100,365.000,553.900,108.000,13.700
2022-09-22 10:00:00,1.670,449.000,608.500,114.000,15.500
2022-09-22 11:00:00,2.260,524.000,660.200,128.000,16.700
2022-09-22 12:00:00,2.930,447.000,517.800,132.000,17.000
2022-09-22 13:00:00,3.060,386.000,415.100,147.000,17.300
2022-09-22 14:00:00,2.900,318.000,377.000,128.000,17.700
2022-09-22 15:00:00,3.110,217.000,271.300,109.000,17.500
2022-09-22 16:00:00,3.780,126.000,192.300,75.000,17.000
2022-09-22 17:00:00,5.110,39.000,113.700,26.000,15.100
2022-09-22 18:00:00,5.770,1.000,0.000,1.000,12.900
2022-09-22 19:00:00,6.030,0.000,0.000,0.000,11.700
2022-09-22 20:00:00,6.300,0.000,0.000,0.000,10.900
2022-09-22 21:00:00,6.150,0.000,0.000,0.000,10.300
2022-09-22 22:00:00,6.370,0.000,0.000,0.000,9.800
2022-09-22 23:00:00,6.190,0.000,0.000,0.000,9.400
2022-09-23 00:00:00,6.010,0.000,0.000,0.000,9.000
2022-09-23 01:00:00,5.750,0.000,0.000,0.000,8.800
2022-09-23 02:00:00,5.760,0.000,0.000,0.000,8.600
2022-09-23 03:00:00,5.420,0.000,0.000,0.000,8.500
2022-09-23 04:00:00,5.360,0.000,0.000,0.000,8.300
2022-09-23 05:00:00,5.400,0.000,0.000,0.000,8.300
2022-09-23 06:00:00,5.180,18.000,25.600,16.000,8.400
2022-09-23 07:00:00,4.830,98.000,134.800,71.000,9.800
2022-09-23 08:00:00,3.750,223.000,251.900,137.000,11.900
2022-09-23 09:00:00,3.550,365.000,466.000,151.000,14.200
2022-09-23 10:00:00,2.940,464.000,603.100,135.000,16.500
2022-09-23 11:00:00,3.730,497.000,491.100,205.000,17.700
2022-09-23 12:00:00,3.610,474.000,457.800,198.000,18.100
2022-09-23 13:00:00,3.380,413.000,298.200,243.000,18.300
2022-09-23 14:00:00,3.560,313.000,178.700,224.000,18.100
2022-09-23 15:00:00,2.930,221.000,163.300,157.000,17.900
2022-09-23 16:00:00,2.130,143.000,146.700,105.000,17.300
2022-09-23 17:00:00,1.820,42.000,27.400,39.000,16.100
2022-09-23 18:00:00,2.660,1.000,0.000,1.000,14.800
2022-09-23 19:00:00,2.200,0.000,0.000,0.000,14.100
2022-09-23 20:00:00,1.310,0.000,0.000,0.000,13.600
2022-09-23 21:00:00,1.540,0.000,0.000,0.000,13.400
2022-09-23 22:00:00,4.490,0.000,0.000,0.000,12.600
2022-09-23 23:00:00,3.780,0.000,0.000,0.000,12.400
2022-09-24 00:00:00,3.170,0.000,0.000,0.000,11.900
2022-09-24 01:00:00,2.420,0.000,0.000,0.000,11.800
2022-09-24 02:00:00,2.170,0.000,0.000,0.000,11.800
2022-09-24 03:00:00,1.660,0.000,0.000,0.000,11.700
2022-09-24 04:00:00,1.150,0.000,0.000,0.000,11.500
2022-09-24 05:00:00,2.240,0.000,0.000,0.000,11.400
2022-09-24 06:00:00,3.180,3.000,0.000,3.000,11.300
2022-09-24 07:00:00,2.800,24.000,0.000,24.000,11.500
2022-09-24 08:00:00,2.150,53.000,0.000,53.000,11.600
2022-09-24 09:00:00,1.980,151.000,13.200,145.000,12.200
2022-09-24 10:00:00,3.050,128.000,20.400,117.000,14.000
2022-09-24 11:00:00,3.100,146.000,8.500,141.000,14.300
2022-09-24 12:00:00,2.940,228.000,28.500,211.000,14.900
2022-09-24 13:00:00,2.590,210.000,23.000,197.000,15.000
2022-09-24 14:00:00,2.510,168.000,22.400,157.000,14.800
2022-09-24 15:00:00,2.510,121.000,41.500,105.000,14.700
2022-09-24 16:00:00,3.090,68.000,23.700,62.000,14.300
2022-09-24 17:00:00,3.470,17.000,0.000,17.000,13.700
2022-09-24 18:00:00,4.000,0.000,0.000,0.000,13.200
2022-09-24 19:00:00,4.170,0.000,0.000,0.000,12.900
2022-09-24 20:00:00,3.720,0.000,0.000,0.000,12.700
2022-09-24 21:00:00,3.310,0.000,0.000,0.000,12.600
2022-09-24 22:00:00,4.800,0.000,0.000,0.000,12.600
2022-09-24 23:00:00,4.600,0.000,0.000,0.000,12.500
2022-09-25 00:00:00,3.510,0.000,0.000,0.000,12.300
2022-09-25 01:00:00,3.480,0.000,0.000,0.000,12.300
2022-09-25 02:00:00,4.250,0.000,0.000,0.000,12.000
2022-09-25 03:00:00,4.830,0.000,0.000,0.000,12.100
2022-09-25 04:00:00,5.570,0.000,0.000,0.000,12.100
2022-09-25 05:00:00,5.550,0.000,0.000,0.000,11.900
2022-09-25 06:00:00,5.420,4.000,0.000,4.000,11.900
2022-09-25 07:00:00,5.220,46.000,62.800,34.000,12.000
2022-09-25 08:00:00,4.700,100.000,108.400,64.000,12.300
2022-09-25 09:00:00,4.520,154.000,120.100,100.000,12.900
2022-09-25 10:00:00,4.190,272.000,265.200,130.000,13.300
2022-09-25 11:00:00,4.260,264.000,214.000,139.000,13.500
2022-09-25 12:00:00,4.850,384.000,413.900,139.000,14.400
2022-09-25 13:00:00,4.920,352.000,379.600,140.000,14.900
2022-09-25 14:00:00,3.820,354.000,471.000,125.000,15.200
2022-09-25 15:00:00,3.680,232.000,389.700,84.000,15.100
2022-09-25 16:00:00,3.220,140.000,308.400,64.000,14.800
2022-09-25 17:00:00,3.040,45.000,204.000,24.000,13.900
2022-09-25 18:00:00,3.900,0.000,0.000,0.000,12.500
2022-09-25 19:00:00,3.830,0.000,0.000,0.000,11.300
2022-09-25 20:00:00,3.660,0.000,0.000,0.000,10.200
2022-09-25 21:00:00,4.400,0.000,0.000,0.000,9.200
2022-09-25 22:00:00,4.250,0.000,0.000,0.000,8.800
2022-09-25 23:00:00,5.420,0.000,0.000,0.000,8.500
2022-09-26 00:00:00,5.740,0.000,0.000,0.000,8.600
2022-09-26 01:00:00,6.290,0.000,0.000,0.000,8.800
2022-09-26 02:00:00,6.580,0.000,0.000,0.000,8.800
2022-09-26 03:00:00,6.610,0.000,0.000,0.000,9.200
2022-09-26 04:00:00,6.900,0.000,0.000,0.000,9.400
2022-09-26 05:00:00,7.190,0.000,0.000,0.000,9.600
2022-09-26 06:00:00,7.260,14.000,14.000,13.000,9.900
2022-09-26 07:00:00,7.030,74.000,64.300,62.000,10.600
2022-09-26 08:00:00,7.040,182.000,216.900,111.000,11.700
2022-09-26 09:00:00,8.280,261.000,204.700,170.000,12.800
2022-09-26 10:00:00,7.840,354.000,254.500,219.000,13.900
2022-09-26 11:00:00,8.480,318.000,190.100,208.000,14.100
2022-09-26 12:00:00,9.260,308.000,126.200,234.000,14.300
2022-09-26 13:00:00,9.740,217.000,54.300,187.000,13.900
2022-09-26 14:00:00,9.710,150.000,14.600,143.000,13.300
2022-09-26 15:00:00,8.630,91.000,0.000,91.000,12.600
2022-09-26 16:00:00,8.780,54.000,0.000,54.000,12.500
2022-09-26 17:00:00,8.720,12.000,0.000,12.000,12.200
2022-09-26 18:00:00,8.290,0.000,0.000,0.000,12.100
2022-09-26 19:00:00,8.370,0.000,0.000,0.000,11.900
2022-09-26 20:00:00,8.560,0.000,0.000,0.000,11.500
2022-09-26 21:00:00,8.740,0.000,0.000,0.000,11.200
2022-09-26 22:00:00,8.190,0.000,0.000,0.000,10.800
2022-09-26 23:00:00,7.510,0.000,0.000,0.000,10.700
2022-09-27 00:00:00,6.580,0.000,0.000,0.000,10.700
2022-09-27 01:00:00,5.790,0.000,0.000,0.000,10.600
2022-09-27 02:00:00,5.830,0.000,0.000,0.000,10.400
2022-09-27 03:00:00,6.100,0.000,0.000,0.000,10.400
2022-09-27 04:00:00,7.070,0.000,0.000,0.000,10.100
2022-09-27 05:00:00,7.460,0.000,0.000,0.000,9.900
2022-09-27 06:00:00,8.490,2.000,0.000,2.000,10.000
2022-09-27 07:00:00,8.610,20.000,0.000,20.000,9.900
2022-09-27 08:00:00,7.580,36.000,3.100,35.000,9.800
2022-09-27 09:00:00,8.590,113.000,25.000,102.000,9.800
2022-09-27 10:00:00,8.020,150.000,34.300,132.000,10.900
2022-09-27 11:00:00,7.370,315.000,132.600,239.000,11.700
2022-09-27 12:00:00,8.380,375.000,251.400,229.000,12.100
2022-09-27 13:00:00,8.810,367.000,245.000,233.000,12.400
2022-09-27 14:00:00,8.660,325.000,305.800,180.000,12.100
2022-09-27 15:00:00,8.340,211.000,176.900,146.000,10.800
2022-09-27 16:00:00,7.050,75.000,42.800,65.000,10.400
2022-09-27 17:00:00,6.700,24.000,10.400,23.000,9.800
2022-09-27 18:00:00,6.590,0.000,0.000,0.000,9.300
2022-09-27 19:00:00,6.440,0.000,0.000,0.000,9.200
2022-09-27 20:00:00,6.490,0.000,0.000,0.000,9.000
2022-09-27 21:00:00,6.010,0.000,0.000,0.000,8.400
2022-09-27 22:00:00,5.580,0.000,0.000,0.000,7.700
2022-09-27 23:00:00,5.530,0.000,0.000,0.000,7.400
2022-09-28 00:00:00,4.600,0.000,0.000,0.000,7.400
2022-09-28 01:00:00,3.050,0.000,0.000,0.000,7.300
2022-09-28 02:00:00,4.160,0.000,0.000,0.000,6.900
2022-09-28 03:00:00,4.560,0.000,0.000,0.000,7.000
2022-09-28 04:00:00,4.360,0.000,0.000,0.000,7.300
2022-09-28 05:00:00,4.050,0.000,0.000,0.000,7.500
2022-09-28 06:00:00,3.240,6.000,0.000,6.000,7.500
2022-09-28 07:00:00,3.140,26.000,0.000,26.000,7.400
2022-09-28 08:00:00,2.720,41.000,0.000,41.000,7.600
2022-09-28 09:00:00,1.400,72.000,6.900,69.000,7.900
2022-09-28 10:00:00,0.910,127.000,13.500,120.000,8.400
2022-09-28 11:00:00,0.860,158.000,12.300,151.000,8.700
2022-09-28 12:00:00,0.950,154.000,13.900,146.000,9.000
2022-09-28 13:00:00,2.100,157.000,48.100,131.000,9.200
2022-09-28 14:00:00,2.940,129.000,21.400,119.000,9.400
2022-09-28 15:00:00,2.900,114.000,41.500,99.000,9.600
2022-09-28 16:00:00,3.130,97.000,96.700,75.000,9.700
2022-09-28 17:00:00,2.650,26.000,85.800,18.000,8.800
2022-09-28 18:00:00,2.300,0.000,0.000,0.000,8.100
2022-09-28 19:00:00,2.560,0.000,0.000,0.000,6.500
2022-09-28 20:00:00,3.310,0.000,0.000,0.000,6.200
2022-09-28 21:00:00,3.480,0.000,0.000,0.000,5.900
2022-09-28 22:00:00,4.010,0.000,0.000,0.000,4.900
2022-09-28 23:00:00,4.570,0.000,0.000,0.000,5.000
2022-09-29 00:00:00,4.260,0.000,0.000,0.000,5.300
2022-09-29 01:00:00,4.080,0.000,0.000,0.000,5.000
2022-09-29 02:00:00,4.400,0.000,0.000,0.000,4.500
2022-09-29 03:00:00,4.600,0.000,0.000,0.000,5.100
2022-09-29 04:00:00,4.030,0.000,0.000,0.000,4.900
2022-09-29 05:00:00,4.500,0.000,0.000,0.000,5.300
2022-09-29 06:00:00,4.700,11.000,46.500,8.000,5.400
2022-09-29 07:00:00,4.860,74.000,121.500,53.000,6.800
2022-09-29 08:00:00,4.140,142.000,63.900,122.000,8.300
2022-09-29 09:00:00,3.920,187.000,90.700,148.000,9.600
2022-09-29 10:00:00,4.410,307.000,217.500,195.000,11.400
2022-09-29 11:00:00,3.370,343.000,231.100,213.000,12.600
2022-09-29 12:00:00,3.030,307.000,216.000,184.000,13.400
2022-09-29 13:00:00,3.120,320.000,308.300,155.000,13.800
2022-09-29 14:00:00,3.020,264.000,298.700,126.000,14.100
2022-09-29 15:00:00,2.860,227.000,394.500,87.000,14.000
2022-09-29 16:00:00,2.710,118.000,239.600,65.000,13.400
2022-09-29 17:00:00,2.400,35.000,188.800,18.000,12.100
2022-09-29 18:00:00,2.390,0.000,0.000,0.000,10.100
2022-09-29 19:00:00,2.670,0.000,0.000,0.000,8.700
2022-09-29 20:00:00,2.930,0.000,0.000,0.000,7.300
2022-09-29 21:00:00,3.340,0.000,0.000,0.000,6.900
2022-09-29 22:00:00,5.420,0.000,0.000,0.000,7.200
2022-09-29 23:00:00,4.860,0.000,0.000,0.000,7.400
2022-09-30 00:00:00,4.030,0.000,0.000,0.000,6.900
2022-09-30 01:00:00,4.240,0.000,0.000,0.000,6.500
2022-09-30 02:00:00,4.450,0.000,0.000,0.000,5.800
2022-09-30 03:00:00,4.780,0.000,0.000,0.000,5.300
2022-09-30 04:00:00,5.450,0.000,0.000,0.000,5.000
2022-09-30 05:00:00,5.480,0.000,0.000,0.000,4.800
2022-09-30 06:00:00,5.180,13.000,80.300,8.000,5.200
2022-09-30 07:00:00,4.900,113.000,398.400,46.000,7.200
2022-09-30 08:00:00,3.910,251.000,580.500,72.000,9.500
2022-09-30 09:00:00,3.490,373.000,663.700,91.000,11.700
2022-09-30 10:00:00,3.510,457.000,696.500,102.000,13.600
2022-09-30 11:00:00,5.040,490.000,685.700,108.000,14.800
2022-09-30 12:00:00,5.480,397.000,482.500,125.000,15.300
2022-09-30 13:00:00,5.130,382.000,481.800,127.000,15.800
2022-09-30 14:00:00,5.690,289.000,375.100,118.000,16.100
2022-09-30 15:00:00,4.540,172.000,223.700,94.000,16.000
2022-09-30 16:00:00,4.760,117.000,242.000,65.000,15.500
2022-09-30 17:00:00,5.570,36.000,207.300,18.000,12.600
2022-09-30 18:00:00,6.550,0.000,0.000,0.000,11.100
2022-09-30 19:00:00,6.850,0.000,0.000,0.000,10.100
2022-09-30 20:00:00,7.090,0.000,0.000,0.000,9.600
2022-09-30 21:00:00,7.840,0.000,0.000,0.000,9.600
2022-09-30 22:00:00,9.020,0.000,0.000,0.000,9.600
2022-09-30 23:00:00,8.750,0.000,0.000,0.000,9.600
2022-10-01 00:00:00,8.710,0.000,0.000,0.000,9.700
2022-10-01 01:00:00,8.880,0.000,0.000,0.000,10.100
2022-10-01 02:00:00,8.840,0.000,0.000,0.000,10.300
2022-10-01 03:00:00,8.980,0.000,0.000,0.000,10.800
2022-10-01 04:00:00,9.660,0.000,0.000,0.000,10.700
2022-10-01 05:00:00,10.170,0.000,0.000,0.000,9.800
2022-10-01 06:00:00,10.420,1.000,0.000,1.000,9.700
2022-10-01 07:00:00,10.520,13.000,0.000,13.000,9.800
2022-10-01 08:00:00,10.670,14.000,0.000,14.000,10.500
2022-10-01 09:00:00,10.100,44.000,0.000,44.000,11.300
2022-10-01 10:00:00,11.140,65.000,0.000,65.000,11.600
2022-10-01 11:00:00,10.530,156.000,30.800,139.000,13.000
2022-10-01 12:00:00,11.270,262.000,231.200,133.000,14.400
2022-10-01 13:00:00,9.870,384.000,468.200,139.000,15.300
2022-10-01 14:00:00,9.280,311.000,406.900,128.000,14.500
2022-10-01 15:00:00,9.060,166.000,178.100,105.000,14.000
2022-10-01 16:00:00,9.170,96.000,167.800,61.000,13.800
2022-10-01 17:00:00,9.180,23.000,95.700,15.000,13.000
2022-10-01 18:00:00,9.230,0.000,0.000,0.000,12.100
2022-10-01 19:00:00,8.840,0.000,0.000,0.000,11.900
2022-10-01 20:00:00,8.990,0.000,0.000,0.000,11.700
2022-10-01 21:00:00,9.200,0.000,0.000,0.000,11.500
2022-10-01 22:00:00,9.940,0.000,0.000,0.000,11.600
2022-10-01 23:00:00,9.260,0.000,0.000,0.000,11.500
2022-10-02 00:00:00,9.190,0.000,0.000,0.000,11.600
2022-10-02 01:00:00,9.350,0.000,0.000,0.000,11.500
2022-10-02 02:00:00,9.200,0.000,0.000,0.000,11.400
2022-10-02 03:00:00,9.090,0.000,0.000,0.000,11.300
2022-10-02 04:00:00,8.700,0.000,0.000,0.000,11.300
2022-10-02 05:00:00,8.680,0.000,0.000,0.000,11.100
2022-10-02 06:00:00,8.480,9.000,52.100,6.000,11.100
2022-10-02 07:00:00,8.020,80.000,239.200,42.000,11.900
2022-10-02 08:00:00,8.430,99.000,50.200,84.000,12.600
2022-10-02 09:00:00,7.330,148.000,45.800,129.000,13.400
2022-10-02 10:00:00,7.710,180.000,70.100,145.000,14.300
2022-10-02 11:00:00,7.760,226.000,60.400,193.000,15.000
2022-10-02 12:00:00,8.540,301.000,170.200,207.000,15.500
2022-10-02 13:00:00,8.770,336.000,276.400,193.000,15.800
2022-10-02 14:00:00,8.340,345.000,534.200,108.000,16.100
2022-10-02 15:00:00,8.320,209.000,389.600,78.000,15.700
2022-10-02 16:00:00,7.770,106.000,296.500,46.000,15.400
2022-10-02 17:00:00,7.470,19.000,99.500,11.000,14.100
2022-10-02 18:00:00,7.450,0.000,0.000,0.000,13.300
2022-10-02 19:00:00,7.640,0.000,0.000,0.000,12.300
2022-10-02 20:00:00,7.490,0.000,0.000,0.000,11.800
2022-10-02 21:00:00,7.620,0.000,0.000,0.000,11.200
2022-10-02 22:00:00,8.100,0.000,0.000,0.000,10.900
2022-10-02 23:00:00,8.020,0.000,0.000,0.000,10.800
2022-10-03 00:00:00,7.760,0.000,0.000,0.000,10.700
2022-10-03 01:00:00,7.460,0.000,0.000,0.000,10.700
2022-10-03 02:00:00,7.570,0.000,0.000,0.000,10.700
2022-10-03 03:00:00,7.540,0.000,0.000,0.000,10.400
2022-10-03 04:00:00,7.220,0.000,0.000,0.000,10.200
2022-10-03 05:00:00,7.230,0.000,0.000,0.000,9.900
2022-10-03 06:00:00,7.370,8.000,36.200,6.000,9.800
2022-10-03 07:00:00,7.160,59.000,155.700,35.000,10.600
2022-10-03 08:00:00,6.030,167.000,323.200,72.000,12.100
2022-10-03 09:00:00,8.100,262.000,385.600,104.000,13.500
2022-10-03 10:00:00,6.990,355.000,520.300,98.000,14.700
2022-10-03 11:00:00,6.060,377.000,462.400,127.000,15.400
2022-10-03 12:00:00,6.600,327.000,329.300,147.000,15.700
2022-10-03 13:00:00,6.410,201.000,195.500,101.000,15.700
2022-10-03 14:00:00,6.900,201.000,194.200,116.000,15.900
2022-10-03 15:00:00,6.860,137.000,178.800,78.000,15.600
2022-10-03 16:00:00,6.250,87.000,209.100,46.000,15.200
2022-10-03 17:00:00,6.110,19.000,90.600,12.000,14.300
2022-10-03 18:00:00,6.200,0.000,0.000,0.000,13.200
2022-10-03 19:00:00,6.140,0.000,0.000,0.000,12.600
2022-10-03 20:00:00,5.320,0.000,0.000,0.000,11.900
2022-10-03 21:00:00,5.260,0.000,0.000,0.000,11.300
2022-10-03 22:00:00,5.250,0.000,0.000,0.000,10.600
2022-10-03 23:00:00,5.450,0.000,0.000,0.000,10.100
2022-10-04 00:00:00,5.100,0.000,0.000,0.000,9.600
2022-10-04 01:00:00,5.120,0.000,0.000,0.000,9.000
2022-10-04 02:00:00,5.250,0.000,0.000,0.000,9.000
2022-10-04 03:00:00,5.270,0.000,0.000,0.000,9.200
2022-10-04 04:00:00,5.110,0.000,0.000,0.000,9.600
2022-10-04 05:00:00,5.160,0.000,0.000,0.000,9.600
2022-10-04 06:00:00,5.140,6.000,0.000,6.000,9.700
2022-10-04 07:00:00,4.700,63.000,46.800,56.000,10.300
2022-10-04 08:00:00,3.790,174.000,276.800,94.000,11.500
2022-10-04 09:00:00,3.990,310.000,479.300,116.000,13.200
2022-10-04 10:00:00,3.790,430.000,665.100,105.000,15.400
2022-10-04 11:00:00,4.210,493.000,740.100,97.000,16.600
2022-10-04 12:00:00,4.490,498.000,732.200,102.000,17.300
2022-10-04 13:00:00,4.890,464.000,731.900,94.000,17.900
2022-10-04 14:00:00,5.190,384.000,690.600,86.000,18.200
2022-10-04 15:00:00,5.170,268.000,605.200,72.000,18.200
2022-10-04 16:00:00,5.310,134.000,442.500,50.000,17.300
2022-10-04 17:00:00,5.570,23.000,135.000,13.000,14.900
2022-10-04 18:00:00,6.600,0.000,0.000,0.000,13.500
2022-10-04 19:00:00,7.710,0.000,0.000,0.000,12.900
2022-10-04 20:00:00,7.260,0.000,0.000,0.000,12.500
2022-10-04 21:00:00,7.730,0.000,0.000,0.000,12.200
2022-10-04 22:00:00,7.660,0.000,0.000,0.000,12.200
2022-10-04 23:00:00,7.500,0.000,0.000,0.000,11.800
2022-10-05 00:00:00,7.390,0.000,0.000,0.000,11.700
2022-10-05 01:00:00,7.590,0.000,0.000,0.000,11.500
2022-10-05 02:00:00,7.850,0.000,0.000,0.000,11.700
2022-10-05 03:00:00,7.680,0.000,0.000,0.000,11.600
2022-10-05 04:00:00,7.740,0.000,0.000,0.000,11.600
2022-10-05 05:00:00,7.410,0.000,0.000,0.000,11.400
2022-10-05 06:00:00,7.240,5.000,0.000,5.000,11.700
2022-10-05 07:00:00,7.260,77.000,186.400,50.000,12.400
2022-10-05 08:00:00,6.720,140.000,105.600,110.000,13.600
2022-10-05 09:00:00,6.590,189.000,80.100,157.000,14.800
2022-10-05 10:00:00,7.460,328.000,297.900,184.000,15.600
2022-10-05 11:00:00,8.710,462.000,625.000,131.000,16.700
2022-10-05 12:00:00,9.200,469.000,607.300,144.000,17.500
2022-10-05 13:00:00,8.740,449.000,702.500,98.000,18.000
2022-10-05 14:00:00,8.450,359.000,641.700,86.000,18.300
2022-10-05 15:00:00,7.650,260.000,594.900,71.000,18.500
2022-10-05 16:00:00,7.900,124.000,408.400,49.000,18.000
2022-10-05 17:00:00,8.990,19.000,126.900,10.000,16.700
2022-10-05 18:00:00,9.780,0.000,0.000,0.000,16.100
2022-10-05 19:00:00,10.120,0.000,0.000,0.000,16.500
2022-10-05 20:00:00,10.460,0.000,0.000,0.000,17.000
2022-10-05 21:00:00,10.590,0.000,0.000,0.000,17.300
2022-10-05 22:00:00,10.040,0.000,0.000,0.000,16.900
2022-10-05 23:00:00,11.340,0.000,0.000,0.000,16.700
2022-10-06 00:00:00,11.740,0.000,0.000,0.000,16.800
2022-10-06 01:00:00,10.760,0.000,0.000,0.000,16.000
2022-10-06 02:00:00,10.310,0.000,0.000,0.000,14.600
2022-10-06 03:00:00,10.050,0.000,0.000,0.000,13.700
2022-10-06 04:00:00,9.540,0.000,0.000,0.000,13.000
2022-10-06 05:00:00,9.080,0.000,0.000,0.000,12.600
2022-10-06 06:00:00,8.760,6.000,38.200,4.000,12.200
2022-10-06 07:00:00,8.300,89.000,356.800,39.000,12.800
2022-10-06 08:00:00,8.090,224.000,558.400,68.000,13.800
2022-10-06 09:00:00,8.970,332.000,598.000,96.000,14.500
2022-10-06 10:00:00,7.510,417.000,635.900,113.000,15.300
2022-10-06 11:00:00,7.580,401.000,467.500,156.000,15.900
2022-10-06 12:00:00,7.460,428.000,498.700,164.000,16.600
2022-10-06 13:00:00,7.390,410.000,595.500,116.000,16.900
2022-10-06 14:00:00,6.860,371.000,655.700,96.000,17.200
2022-10-06 15:00:00,6.560,255.000,584.100,73.000,17.000
2022-10-06 16:00:00,5.860,125.000,433.800,48.000,16.300
2022-10-06 17:00:00,5.800,18.000,118.000,10.000,14.400
2022-10-06 18:00:00,6.020,0.000,0.000,0.000,12.300
2022-10-06 19:00:00,6.400,0.000,0.000,0.000,11.200
2022-10-06 20:00:00,6.380,0.000,0.000,0.000,10.200
2022-10-06 21:00:00,6.380,0.000,0.000,0.000,9.600
2022-10-06 22:00:00,6.520,0.000,0.000,0.000,9.000
2022-10-06 23:00:00,6.220,0.000,0.000,0.000,8.400
2022-10-07 00:00:00,5.770,0.000,0.000,0.000,7.900
2022-10-07 01:00:00,5.720,0.000,0.000,0.000,7.200
2022-10-07 02:00:00,5.990,0.000,0.000,0.000,6.700
2022-10-07 03:00:00,6.330,0.000,0.000,0.000,6.500
2022-10-07 04:00:00,6.730,0.000,0.000,0.000,6.400
2022-10-07 05:00:00,6.820,0.000,0.000,0.000,6.400
2022-10-07 06:00:00,6.910,5.000,19.100,4.000,6.200
2022-10-07 07:00:00,6.550,85.000,354.300,37.000,7.900
2022-10-07 08:00:00,5.620,194.000,466.300,66.000,10.500
2022-10-07 09:00:00,5.280,316.000,585.300,88.000,12.800
2022-10-07 10:00:00,5.210,389.000,617.600,97.000,14.700
2022-10-07 11:00:00,5.620,491.000,757.900,98.000,16.100
2022-10-07 12:00:00,5.320,473.000,719.900,96.000,16.700
2022-10-07 13:00:00,5.150,456.000,740.000,95.000,17.300
2022-10-07 14:00:00,4.530,372.000,694.200,85.000,17.400
2022-10-07 15:00:00,4.030,254.000,595.700,72.000,17.200
2022-10-07 16:00:00,4.230,119.000,425.800,46.000,16.300
2022-10-07 17:00:00,5.340,15.000,92.700,9.000,13.600
2022-10-07 18:00:00,5.720,0.000,0.000,0.000,11.900
2022-10-07 19:00:00,6.070,0.000,0.000,0.000,11.000
2022-10-07 20:00:00,6.490,0.000,0.000,0.000,10.200
2022-10-07 21:00:00,6.800,0.000,0.000,0.000,9.700
2022-10-07 22:00:00,6.790,0.000,0.000,0.000,9.200
2022-10-07 23:00:00,7.140,0.000,0.000,0.000,8.800
2022-10-08 00:00:00,7.400,0.000,0.000,0.000,8.800
2022-10-08 01:00:00,7.650,0.000,0.000,0.000,8.700
2022-10-08 02:00:00,7.720,0.000,0.000,0.000,8.900
2022-10-08 03:00:00,7.940,0.000,0.000,0.000,9.000
2022-10-08 04:00:00,7.980,0.000,0.000,0.000,9.200
2022-10-08 05:00:00,7.740,0.000,0.000,0.000,9.400
2022-10-08 06:00:00,7.410,3.000,0.000,3.000,10.100
2022-10-08 07:00:00,7.380,29.000,61.200,21.000,11.000
2022-10-08 08:00:00,7.260,59.000,44.500,47.000,11.600
2022-10-08 09:00:00,8.100,129.000,132.600,78.000,12.600
2022-10-08 10:00:00,8.530,335.000,498.400,102.000,14.000
2022-10-08 11:00:00,8.910,367.000,497.000,112.000,14.800
2022-10-08 12:00:00,9.360,404.000,565.600,111.000,14.700
2022-10-08 13:00:00,8.920,369.000,512.500,122.000,14.900
2022-10-08 14:00:00,8.750,289.000,483.500,92.000,14.700
2022-10-08 15:00:00,8.220,168.000,347.300,64.000,14.200
2022-10-08 16:00:00,7.000,90.000,272.100,45.000,13.500
2022-10-08 17:00:00,6.360,12.000,64.900,8.000,12.100
2022-10-08 18:00:00,6.470,0.000,0.000,0.000,10.800
2022-10-08 19:00:00,6.450,0.000,0.000,0.000,9.800
2022-10-08 20:00:00,6.400,0.000,0.000,0.000,9.200
2022-10-08 21:00:00,6.320,0.000,0.000,0.000,8.800
2022-10-08 22:00:00,6.600,0.000,0.000,0.000,8.200
2022-10-08 23:00:00,6.170,0.000,0.000,0.000,7.800
2022-10-09 00:00:00,6.260,0.000,0.000,0.000,7.300
2022-10-09 01:00:00,5.850,0.000,0.000,0.000,6.700
2022-10-09 02:00:00,5.300,0.000,0.000,0.000,6.000
2022-10-09 03:00:00,5.050,0.000,0.000,0.000,5.300
2022-10-09 04:00:00,4.750,0.000,0.000,0.000,4.300
2022-10-09 05:00:00,4.510,0.000,0.000,0.000,4.100
2022-10-09 06:00:00,4.140,4.000,19.100,3.000,4.000
2022-10-09 07:00:00,4.160,79.000,341.000,36.000,5.900
2022-10-09 08:00:00,3.280,206.000,521.200,68.000,8.500
2022-10-09 09:00:00,3.130,331.000,656.300,82.000,10.800
2022-10-09 10:00:00,3.410,426.000,722.600,92.000,12.900
2022-10-09 11:00:00,3.490,469.000,723.000,102.000,14.200
2022-10-09 12:00:00,3.150,482.000,755.300,95.000,15.200
2022-10-09 13:00:00,3.250,443.000,726.600,97.000,15.700
2022-10-09 14:00:00,3.540,356.000,679.900,83.000,15.900
2022-10-09 15:00:00,3.750,243.000,592.800,69.000,15.700
2022-10-09 16:00:00,5.040,111.000,420.200,44.000,14.800
2022-10-09 17:00:00,6.750,12.000,85.300,7.000,12.600
2022-10-09 18:00:00,7.680,0.000,0.000,0.000,11.000
2022-10-09 19:00:00,7.920,0.000,0.000,0.000,10.300
2022-10-09 20:00:00,7.960,0.000,0.000,0.000,9.800
2022-10-09 21:00:00,7.760,0.000,0.000,0.000,9.400
2022-10-09 22:00:00,7.890,0.000,0.000,0.000,8.700
2022-10-09 23:00:00,6.980,0.000,0.000,0.000,8.300
2022-10-10 00:00:00,6.640,0.000,0.000,0.000,7.800
2022-10-10 01:00:00,6.480,0.000,0.000,0.000,7.200
2022-10-10 02:00:00,6.360,0.000,0.000,0.000,6.700
2022-10-10 03:00:00,6.280,0.000,0.000,0.000,6.200
2022-10-10 04:00:00,5.960,0.000,0.000,0.000,6.000
2022-10-10 05:00:00,6.240,0.000,0.000,0.000,5.800
2022-10-10 06:00:00,6.420,3.000,19.100,2.000,5.800
2022-10-10 07:00:00,6.100,76.000,345.800,34.000,7.300
2022-10-10 08:00:00,5.200,204.000,542.500,63.000,10.100
2022-10-10 09:00:00,4.810,327.000,662.500,79.000,12.200
2022-10-10 10:00:00,4.010,422.000,728.700,89.000,14.400
2022-10-10 11:00:00,4.730,474.000,756.800,94.000,16.100
2022-10-10 12:00:00,4.640,475.000,742.000,99.000,17.500
2022-10-10 13:00:00,5.320,428.000,699.400,99.000,18.300
2022-10-10 14:00:00,6.320,333.000,568.600,108.000,18.300
2022-10-10 15:00:00,6.470,211.000,424.200,89.000,17.700
2022-10-10 16:00:00,7.080,81.000,130.300,61.000,16.600
2022-10-10 17:00:00,7.870,8.000,18.000,7.000,15.300
2022-10-10 18:00:00,8.400,0.000,0.000,0.000,14.300
2022-10-10 19:00:00,8.520,0.000,0.000,0.000,13.700
2022-10-10 20:00:00,7.600,0.000,0.000,0.000,12.700
2022-10-10 21:00:00,6.760,0.000,0.000,0.000,11.500
2022-10-10 22:00:00,7.220,0.000,0.000,0.000,10.100
2022-10-10 23:00:00,7.240,0.000,0.000,0.000,9.100
2022-10-11 00:00:00,7.260,0.000,0.000,0.000,8.500
2022-10-11 01:00:00,7.050,0.000,0.000,0.000,7.800
2022-10-11 02:00:00,6.750,0.000,0.000,0.000,7.300
2022-10-11 03:00:00,6.260,0.000,0.000,0.000,7.000
2022-10-11 04:00:00,5.910,0.000,0.000,0.000,6.700
2022-10-11 05:00:00,5.720,0.000,0.000,0.000,6.300
2022-10-11 06:00:00,5.770,2.000,0.000,2.000,6.100
2022-10-11 07:00:00,5.440,47.000,145.600,30.000,6.900
2022-10-11 08:00:00,4.290,151.000,294.100,76.000,8.800
2022-10-11 09:00:00,3.810,235.000,300.600,124.000,10.400
2022-10-11 10:00:00,3.560,276.000,340.900,122.000,12.300
2022-10-11 11:00:00,3.750,319.000,328.200,156.000,13.500
2022-10-11 12:00:00,3.640,331.000,419.100,121.000,14.000
2022-10-11 13:00:00,3.150,335.000,417.600,141.000,14.400
2022-10-11 14:00:00,2.900,250.000,348.900,114.000,14.500
2022-10-11 15:00:00,2.500,145.000,255.600,73.000,14.300
2022-10-11 16:00:00,2.310,62.000,94.800,48.000,13.100
2022-10-11 17:00:00,2.440,6.000,19.000,5.000,11.400
2022-10-11 18:00:00,2.560,0.000,0.000,0.000,9.800
2022-10-11 19:00:00,2.440,0.000,0.000,0.000,8.700
2022-10-11 20:00:00,2.720,0.000,0.000,0.000,8.300
2022-10-11 21:00:00,2.830,0.000,0.000,0.000,7.600
2022-10-11 22:00:00,2.600,0.000,0.000,0.000,5.200
2022-10-11 23:00:00,2.320,0.000,0.000,0.000,4.700
2022-10-12 00:00:00,1.760,0.000,0.000,0.000,4.200
2022-10-12 01:00:00,1.530,0.000,0.000,0.000,4.000
2022-10-12 02:00:00,1.680,0.000,0.000,0.000,4.100
2022-10-12 03:00:00,1.950,0.000,0.000,0.000,3.700
2022-10-12 04:00:00,2.640,0.000,0.000,0.000,3.300
2022-10-12 05:00:00,3.420,0.000,0.000,0.000,2.800
2022-10-12 06:00:00,3.690,2.000,0.000,2.000,2.700
2022-10-12 07:00:00,4.130,68.000,330.200,31.000,4.100
2022-10-12 08:00:00,3.970,186.000,475.700,67.000,7.800
2022-10-12 09:00:00,2.980,314.000,648.000,78.000,10.700
2022-10-12 10:00:00,3.410,403.000,687.800,96.000,12.900
2022-10-12 11:00:00,3.830,457.000,733.000,97.000,14.400
2022-10-12 12:00:00,3.610,463.000,738.800,97.000,15.300
2022-10-12 13:00:00,3.570,422.000,728.000,88.000,15.900
2022-10-12 14:00:00,3.430,338.000,672.100,80.000,16.100
2022-10-12 15:00:00,3.300,221.000,569.400,64.000,15.900
2022-10-12 16:00:00,3.970,92.000,366.900,40.000,14.800
2022-10-12 17:00:00,5.040,7.000,38.200,5.000,11.700
2022-10-12 18:00:00,5.460,0.000,0.000,0.000,9.900
2022-10-12 19:00:00,5.520,0.000,0.000,0.000,8.800
2022-10-12 20:00:00,5.450,0.000,0.000,0.000,8.200
2022-10-12 21:00:00,5.110,0.000,0.000,0.000,8.000
2022-10-12 22:00:00,5.730,0.000,0.000,0.000,7.600
2022-10-12 23:00:00,5.340,0.000,0.000,0.000,7.300
2022-10-13 00:00:00,5.340,0.000,0.000,0.000,7.000
2022-10-13 01:00:00,5.650,0.000,0.000,0.000,7.300
2022-10-13 02:00:00,5.810,0.000,0.000,0.000,7.400
2022-10-13 03:00:00,5.840,0.000,0.000,0.000,7.400
2022-10-13 04:00:00,5.850,0.000,0.000,0.000,7.300
2022-10-13 05:00:00,5.710,0.000,0.000,0.000,7.400
2022-10-13 06:00:00,5.450,1.000,0.000,1.000,7.500
2022-10-13 07:00:00,5.570,56.000,177.000,37.000,8.500
2022-10-13 08:00:00,5.410,131.000,130.500,99.000,10.200
2022-10-13 09:00:00,4.570,193.000,114.200,152.000,11.600
2022-10-13 10:00:00,5.370,260.000,151.900,193.000,14.100
2022-10-13 11:00:00,4.940,279.000,162.700,200.000,15.400
2022-10-13 12:00:00,5.100,325.000,330.800,163.000,16.300
2022-10-13 13:00:00,5.140,338.000,417.200,149.000,16.900
2022-10-13 14:00:00,4.920,167.000,100.500,129.000,16.700
2022-10-13 15:00:00,5.040,95.000,96.400,69.000,16.100
2022-10-13 16:00:00,5.230,37.000,14.700,35.000,15.500
2022-10-13 17:00:00,5.810,3.000,0.000,3.000,14.400
2022-10-13 18:00:00,6.080,0.000,0.000,0.000,13.800
2022-10-13 19:00:00,6.170,0.000,0.000,0.000,13.600
2022-10-13 20:00:00,6.130,0.000,0.000,0.000,13.400
2022-10-13 21:00:00,5.810,0.000,0.000,0.000,12.800
2022-10-13 22:00:00,5.520,0.000,0.000,0.000,12.700
2022-10-13 23:00:00,4.880,0.000,0.000,0.000,12.500
2022-10-14 00:00:00,4.680,0.000,0.000,0.000,12.600
2022-10-14 01:00:00,4.730,0.000,0.000,0.000,12.400
2022-10-14 02:00:00,4.920,0.000,0.000,0.000,12.500
2022-10-14 03:00:00,4.660,0.000,0.000,0.000,12.700
2022-10-14 04:00:00,4.810,0.000,0.000,0.000,12.700
2022-10-14 05:00:00,4.650,0.000,0.000,0.000,12.500
2022-10-14 06:00:00,4.540,0.000,0.000,0.000,12.400
2022-10-14 07:00:00,4.170,18.000,0.000,18.000,12.600
2022-10-14 08:00:00,5.040,78.000,37.500,69.000,12.800
2022-10-14 09:00:00,4.930,156.000,84.800,126.000,13.600
2022-10-14 10:00:00,4.460,185.000,103.300,140.000,15.100
2022-10-14 11:00:00,4.060,161.000,25.000,149.000,15.800
2022-10-14 12:00:00,3.370,173.000,74.400,137.000,16.200
2022-10-14 13:00:00,4.570,136.000,47.000,115.000,16.600
2022-10-14 14:00:00,4.350,101.000,8.100,98.000,16.600
2022-10-14 15:00:00,4.750,43.000,0.000,43.000,16.300
2022-10-14 16:00:00,5.150,28.000,53.900,21.000,15.900
2022-10-14 17:00:00,5.910,2.000,0.000,2.000,15.100
2022-10-14 18:00:00,5.820,0.000,0.000,0.000,14.900
2022-10-14 19:00:00,6.000,0.000,0.000,0.000,14.500
2022-10-14 20:00:00,6.030,0.000,0.000,0.000,14.300
2022-10-14 21:00:00,5.900,0.000,0.000,0.000,14.200
2022-10-14 22:00:00,6.750,0.000,0.000,0.000,14.100
2022-10-14 23:00:00,6.220,0.000,0.000,0.000,14.200
2022-10-15 00:00:00,5.840,0.000,0.000,0.000,14.200
2022-10-15 01:00:00,5.120,0.000,0.000,0.000,13.900
2022-10-15 02:00:00,4.630,0.000,0.000,0.000,13.500
2022-10-15 03:00:00,4.260,0.000,0.000,0.000,13.200
2022-10-15 04:00:00,4.550,0.000,0.000,0.000,12.900
2022-10-15 05:00:00,3.950,0.000,0.000,0.000,12.600
2022-10-15 06:00:00,3.550,0.000,0.000,0.000,12.400
2022-10-15 07:00:00,3.890,40.000,118.200,28.000,12.500
2022-10-15 08:00:00,3.940,45.000,29.700,38.000,13.500
2022-10-15 09:00:00,5.020,84.000,28.700,74.000,14.300
2022-10-15 10:00:00,3.270,106.000,39.500,89.000,14.900
2022-10-15 11:00:00,4.310,208.000,196.000,115.000,16.100
2022-10-15 12:00:00,5.250,314.000,345.000,149.000,17.600
2022-10-15 13:00:00,6.800,260.000,253.800,148.000,18.100
2022-10-15 14:00:00,5.740,142.000,68.300,117.000,18.100
2022-10-15 15:00:00,6.270,117.000,182.200,70.000,17.800
2022-10-15 16:00:00,7.220,41.000,112.800,27.000,17.100
2022-10-15 17:00:00,7.310,2.000,0.000,2.000,17.100
2022-10-15 18:00:00,7.540,0.000,0.000,0.000,17.000
2022-10-15 19:00:00,7.880,0.000,0.000,0.000,17.000
2022-10-15 20:00:00,8.050,0.000,0.000,0.000,16.600
2022-10-15 21:00:00,7.740,0.000,0.000,0.000,15.900
2022-10-15 22:00:00,7.280,0.000,0.000,0.000,14.900
2022-10-15 23:00:00,6.430,0.000,0.000,0.000,14.100
2022-10-16 00:00:00,6.300,0.000,0.000,0.000,13.600
2022-10-16 01:00:00,6.610,0.000,0.000,0.000,13.100
2022-10-16 02:00:00,6.600,0.000,0.000,0.000,12.600
2022-10-16 03:00:00,6.630,0.000,0.000,0.000,12.200
2022-10-16 04:00:00,6.740,0.000,0.000,0.000,12.000
2022-10-16 05:00:00,6.900,0.000,0.000,0.000,12.100
2022-10-16 06:00:00,7.100,0.000,0.000,0.000,12.200
2022-10-16 07:00:00,7.200,31.000,10.100,30.000,13.300
2022-10-16 08:00:00,7.250,128.000,130.200,98.000,15.000
2022-10-16 09:00:00,7.470,265.000,465.700,105.000,16.200
2022-10-16 10:00:00,7.090,349.000,531.900,123.000,17.300
2022-10-16 11:00:00,6.780,416.000,688.800,93.000,18.200
2022-10-16 12:00:00,7.700,386.000,596.800,104.000,18.800
2022-10-16 13:00:00,7.090,279.000,408.800,101.000,19.000
2022-10-16 14:00:00,5.950,262.000,480.200,89.000,19.300
2022-10-16 15:00:00,5.110,162.000,376.800,67.000,18.800
2022-10-16 16:00:00,4.510,72.000,321.300,34.000,16.800
2022-10-16 17:00:00,4.660,3.000,19.100,2.000,14.100
2022-10-16 18:00:00,4.270,0.000,0.000,0.000,12.700
2022-10-16 19:00:00,3.450,0.000,0.000,0.000,11.900
2022-10-16 20:00:00,3.140,0.000,0.000,0.000,12.500
2022-10-16 21:00:00,3.970,0.000,0.000,0.000,12.800
2022-10-16 22:00:00,5.100,0.000,0.000,0.000,12.200
2022-10-16 23:00:00,4.420,0.000,0.000,0.000,12.400
2022-10-17 00:00:00,5.450,0.000,0.000,0.000,12.600
2022-10-17 01:00:00,6.020,0.000,0.000,0.000,12.700
2022-10-17 02:00:00,5.600,0.000,0.000,0.000,12.700
2022-10-17 03:00:00,5.870,0.000,0.000,0.000,12.900
2022-10-17 04:00:00,6.260,0.000,0.000,0.000,12.900
2022-10-17 05:00:00,7.080,0.000,0.000,0.000,13.300
2022-10-17 06:00:00,7.590,0.000,0.000,0.000,13.700
2022-10-17 07:00:00,7.890,41.000,124.400,29.000,14.900
2022-10-17 08:00:00,7.820,102.000,53.200,90.000,16.800
2022-10-17 09:00:00,7.930,192.000,251.200,107.000,18.600
2022-10-17 10:00:00,7.440,299.000,348.000,153.000,19.900
2022-10-17 11:00:00,6.260,335.000,345.300,175.000,21.200
2022-10-17 12:00:00,7.640,327.000,357.800,160.000,22.000
2022-10-17 13:00:00,7.250,292.000,307.200,160.000,22.200
2022-10-17 14:00:00,6.520,154.000,73.400,128.000,21.800
2022-10-17 15:00:00,6.260,102.000,73.100,84.000,21.200
2022-10-17 16:00:00,6.000,41.000,62.200,34.000,20.300
2022-10-17 17:00:00,7.130,1.000,0.000,1.000,19.300
2022-10-17 18:00:00,7.710,0.000,0.000,0.000,19.000
2022-10-17 19:00:00,6.290,0.000,0.000,0.000,18.600
2022-10-17 20:00:00,6.310,0.000,0.000,0.000,17.700
2022-10-17 21:00:00,5.750,0.000,0.000,0.000,17.200
2022-10-17 22:00:00,5.200,0.000,0.000,0.000,16.900
2022-10-17 23:00:00,4.850,0.000,0.000,0.000,16.700
2022-10-18 00:00:00,4.880,0.000,0.000,0.000,16.300
2022-10-18 01:00:00,4.850,0.000,0.000,0.000,15.900
2022-10-18 02:00:00,4.810,0.000,0.000,0.000,15.300
2022-10-18 03:00:00,4.680,0.000,0.000,0.000,14.800
2022-10-18 04:00:00,3.260,0.000,0.000,0.000,14.500
2022-10-18 05:00:00,2.410,0.000,0.000,0.000,14.400
2022-10-18 06:00:00,3.830,0.000,0.000,0.000,14.200
2022-10-18 07:00:00,3.650,5.000,0.000,5.000,14.400
2022-10-18 08:00:00,3.250,46.000,9.100,44.000,14.500
2022-10-18 09:00:00,3.560,138.000,24.000,130.000,14.600
2022-10-18 10:00:00,3.470,168.000,60.400,143.000,15.300
2022-10-18 11:00:00,3.520,276.000,318.900,130.000,16.300
2022-10-18 12:00:00,4.190,357.000,466.300,142.000,17.400
2022-10-18 13:00:00,5.690,352.000,537.900,124.000,17.700
2022-10-18 14:00:00,5.930,299.000,636.900,77.000,17.600
2022-10-18 15:00:00,5.420,186.000,515.800,62.000,16.900
2022-10-18 16:00:00,5.440,63.000,299.800,31.000,15.600
2022-10-18 17:00:00,5.570,1.000,0.000,1.000,13.800
2022-10-18 18:00:00,5.210,0.000,0.000,0.000,12.600
2022-10-18 19:00:00,5.280,0.000,0.000,0.000,11.800
2022-10-18 20:00:00,5.530,0.000,0.000,0.000,11.600
2022-10-18 21:00:00,4.940,0.000,0.000,0.000,11.200
2022-10-18 22:00:00,5.710,0.000,0.000,0.000,10.900
2022-10-18 23:00:00,5.700,0.000,0.000,0.000,10.400
2022-10-19 00:00:00,5.510,0.000,0.000,0.000,10.100
2022-10-19 01:00:00,5.600,0.000,0.000,0.000,10.100
2022-10-19 02:00:00,5.600,0.000,0.000,0.000,10.100
2022-10-19 03:00:00,5.150,0.000,0.000,0.000,10.500
2022-10-19 04:00:00,4.690,0.000,0.000,0.000,10.500
2022-10-19 05:00:00,4.030,0.000,0.000,0.000,10.800
2022-10-19 06:00:00,3.550,0.000,0.000,0.000,10.700
2022-10-19 07:00:00,2.940,31.000,164.200,16.000,10.500
2022-10-19 08:00:00,1.870,85.000,139.200,55.000,11.400
2022-10-19 09:00:00,1.720,148.000,213.400,78.000,12.000
2022-10-19 10:00:00,1.520,244.000,303.400,120.000,12.500
2022-10-19 11:00:00,1.750,228.000,115.000,176.000,12.800
2022-10-19 12:00:00,2.160,237.000,144.900,171.000,13.300
2022-10-19 13:00:00,2.470,239.000,258.300,131.000,13.300
2022-10-19 14:00:00,2.880,161.000,67.100,138.000,13.500
2022-10-19 15:00:00,3.130,93.000,51.100,81.000,13.000
2022-10-19 16:00:00,3.860,44.000,117.500,32.000,12.100
2022-10-19 17:00:00,4.770,1.000,0.000,1.000,10.000
2022-10-19 18:00:00,4.880,0.000,0.000,0.000,9.100
2022-10-19 19:00:00,5.480,0.000,0.000,0.000,8.300
2022-10-19 20:00:00,6.450,0.000,0.000,0.000,7.800
2022-10-19 21:00:00,6.630,0.000,0.000,0.000,7.400
2022-10-19 22:00:00,7.610,0.000,0.000,0.000,7.100
2022-10-19 23:00:00,7.640,0.000,0.000,0.000,6.800
2022-10-20 00:00:00,7.500,0.000,0.000,0.000,6.400
2022-10-20 01:00:00,7.840,0.000,0.000,0.000,6.200
2022-10-20 02:00:00,8.240,0.000,0.000,0.000,6.100
2022-10-20 03:00:00,7.890,0.000,0.000,0.000,6.000
2022-10-20 04:00:00,8.000,0.000,0.000,0.000,5.800
2022-10-20 05:00:00,8.300,0.000,0.000,0.000,5.700
2022-10-20 06:00:00,7.410,0.000,0.000,0.000,5.700
2022-10-20 07:00:00,8.660,42.000,168.900,27.000,6.100
2022-10-20 08:00:00,8.530,128.000,218.500,82.000,7.400
2022-10-20 09:00:00,6.930,219.000,254.000,137.000,8.900
2022-10-20 10:00:00,6.700,348.000,550.300,126.000,10.600
2022-10-20 11:00:00,7.060,405.000,671.700,105.000,12.100
2022-10-20 12:00:00,6.900,386.000,636.000,100.000,13.400
2022-10-20 13:00:00,6.720,286.000,291.100,166.000,14.100
2022-10-20 14:00:00,6.800,139.000,53.400,121.000,13.900
2022-10-20 15:00:00,6.830,43.000,4.400,42.000,13.300
2022-10-20 16:00:00,6.240,11.000,0.000,11.000,11.900
2022-10-20 17:00:00,5.910,0.000,0.000,0.000,11.200
2022-10-20 18:00:00,6.020,0.000,0.000,0.000,10.900
2022-10-20 19:00:00,5.690,0.000,0.000,0.000,10.900
2022-10-20 20:00:00,5.640,0.000,0.000,0.000,11.100
2022-10-20 21:00:00,6.330,0.000,0.000,0.000,11.100
2022-10-20 22:00:00,5.200,0.000,0.000,0.000,10.700
2022-10-20 23:00:00,5.410,0.000,0.000,0.000,10.900
2022-10-21 00:00:00,6.960,0.000,0.000,0.000,10.800
2022-10-21 01:00:00,6.890,0.000,0.000,0.000,11.100
2022-10-21 02:00:00,6.650,0.000,0.000,0.000,11.400
2022-10-21 03:00:00,6.020,0.000,0.000,0.000,11.500
2022-10-21 04:00:00,5.500,0.000,0.000,0.000,11.400
2022-10-21 05:00:00,6.450,0.000,0.000,0.000,11.400
2022-10-21 06:00:00,6.830,0.000,0.000,0.000,11.500
2022-10-21 07:00:00,5.800,18.000,34.800,15.000,11.800
2022-10-21 08:00:00,5.560,87.000,92.400,68.000,12.700
2022-10-21 09:00:00,5.670,189.000,179.400,132.000,13.900
2022-10-21 10:00:00,4.270,243.000,185.900,169.000,15.100
2022-10-21 11:00:00,5.680,229.000,97.500,186.000,15.600
2022-10-21 12:00:00,4.820,195.000,51.800,172.000,15.900
2022-10-21 13:00:00,5.400,138.000,19.700,130.000,16.100
2022-10-21 14:00:00,5.800,81.000,6.000,79.000,15.900
2022-10-21 15:00:00,5.150,43.000,0.000,43.000,15.700
2022-10-21 16:00:00,7.680,14.000,0.000,14.000,15.400
2022-10-21 17:00:00,7.960,0.000,0.000,0.000,14.900
2022-10-21 18:00:00,6.770,0.000,0.000,0.000,14.500
2022-10-21 19:00:00,6.510,0.000,0.000,0.000,14.500
2022-10-21 20:00:00,5.970,0.000,0.000,0.000,14.200
2022-10-21 21:00:00,4.490,0.000,0.000,0.000,13.900
2022-10-21 22:00:00,6.470,0.000,0.000,0.000,13.500
2022-10-21 23:00:00,6.010,0.000,0.000,0.000,13.300
2022-10-22 00:00:00,4.660,0.000,0.000,0.000,13.100
2022-10-22 01:00:00,4.010,0.000,0.000,0.000,12.700
2022-10-22 02:00:00,3.240,0.000,0.000,0.000,12.600
2022-10-22 03:00:00,2.900,0.000,0.000,0.000,12.400
2022-10-22 04:00:00,4.870,0.000,0.000,0.000,12.100
2022-10-22 05:00:00,6.270,0.000,0.000,0.000,12.100
2022-10-22 06:00:00,5.910,0.000,0.000,0.000,12.000
2022-10-22 07:00:00,5.860,26.000,59.700,21.000,12.200
2022-10-22 08:00:00,5.290,113.000,174.400,78.000,13.800
2022-10-22 09:00:00,4.600,235.000,470.400,88.000,15.400
2022-10-22 10:00:00,3.940,319.000,565.300,97.000,16.800
2022-10-22 11:00:00,4.510,368.000,590.000,111.000,17.900
2022-10-22 12:00:00,5.630,365.000,574.800,113.000,18.600
2022-10-22 13:00:00,7.250,249.000,301.800,128.000,17.900
2022-10-22 14:00:00,7.190,93.000,39.900,80.000,17.500
2022-10-22 15:00:00,5.800,86.000,142.500,55.000,17.300
2022-10-22 16:00:00,5.790,18.000,32.200,15.000,16.400
2022-10-22 17:00:00,6.130,0.000,0.000,0.000,15.400
2022-10-22 18:00:00,5.510,0.000,0.000,0.000,14.500
2022-10-22 19:00:00,6.460,0.000,0.000,0.000,13.600
2022-10-22 20:00:00,6.040,0.000,0.000,0.000,12.900
2022-10-22 21:00:00,5.230,0.000,0.000,0.000,12.300
2022-10-22 22:00:00,4.620,0.000,0.000,0.000,11.200
2022-10-22 23:00:00,5.480,0.000,0.000,0.000,11.200
2022-10-23 00:00:00,5.310,0.000,0.000,0.000,10.900
2022-10-23 01:00:00,4.090,0.000,0.000,0.000,9.800
2022-10-23 02:00:00,4.810,0.000,0.000,0.000,9.700
2022-10-23 03:00:00,4.530,0.000,0.000,0.000,9.800
2022-10-23 04:00:00,4.460,0.000,0.000,0.000,9.500
2022-10-23 05:00:00,5.000,0.000,0.000,0.000,8.600
2022-10-23 06:00:00,5.350,0.000,0.000,0.000,8.900
2022-10-23 07:00:00,4.950,30.000,123.100,20.000,9.600
2022-10-23 08:00:00,4.850,122.000,265.700,70.000,11.400
2022-10-23 09:00:00,4.110,206.000,276.500,121.000,13.300
2022-10-23 10:00:00,3.740,280.000,340.800,148.000,15.300
2022-10-23 11:00:00,3.780,321.000,385.900,155.000,16.600
2022-10-23 12:00:00,4.210,274.000,207.900,184.000,17.400
2022-10-23 13:00:00,4.660,257.000,220.100,170.000,18.100
2022-10-23 14:00:00,6.020,150.000,84.400,123.000,17.900
2022-10-23 15:00:00,6.860,78.000,23.600,73.000,17.500
2022-10-23 16:00:00,6.660,18.000,11.100,17.000,16.500
2022-10-23 17:00:00,7.030,0.000,0.000,0.000,15.900
2022-10-23 18:00:00,7.800,0.000,0.000,0.000,15.300
2022-10-23 19:00:00,10.100,0.000,0.000,0.000,15.400
2022-10-23 20:00:00,8.870,0.000,0.000,0.000,14.700
2022-10-23 21:00:00,5.440,0.000,0.000,0.000,13.900
2022-10-23 22:00:00,6.990,0.000,0.000,0.000,14.400
2022-10-23 23:00:00,8.460,0.000,0.000,0.000,14.700
2022-10-24 00:00:00,8.270,0.000,0.000,0.000,14.700
2022-10-24 01:00:00,8.840,0.000,0.000,0.000,14.800
2022-10-24 02:00:00,9.250,0.000,0.000,0.000,14.200
2022-10-24 03:00:00,9.820,0.000,0.000,0.000,14.000
2022-10-24 04:00:00,9.560,0.000,0.000,0.000,13.900
2022-10-24 05:00:00,10.070,0.000,0.000,0.000,14.000
2022-10-24 06:00:00,9.090,0.000,0.000,0.000,14.200
2022-10-24 07:00:00,9.600,27.000,101.600,19.000,14.800
2022-10-24 08:00:00,9.370,114.000,220.100,72.000,15.900
2022-10-24 09:00:00,8.430,225.000,426.800,96.000,17.100
2022-10-24 10:00:00,7.330,269.000,329.800,143.000,18.000
2022-10-24 11:00:00,8.600,308.000,379.100,147.000,18.700
2022-10-24 12:00:00,8.790,334.000,538.200,104.000,19.300
2022-10-24 13:00:00,8.020,289.000,495.200,96.000,18.300
2022-10-24 14:00:00,10.520,180.000,346.700,71.000,18.300
2022-10-24 15:00:00,8.840,121.000,305.000,58.000,18.200
2022-10-24 16:00:00,8.590,30.000,160.000,16.000,17.200
2022-10-24 17:00:00,8.740,0.000,0.000,0.000,16.400
2022-10-24 18:00:00,8.910,0.000,0.000,0.000,15.800
2022-10-24 19:00:00,8.830,0.000,0.000,0.000,15.500
2022-10-24 20:00:00,8.540,0.000,0.000,0.000,15.100
2022-10-24 21:00:00,7.930,0.000,0.000,0.000,14.600
2022-10-24 22:00:00,7.780,0.000,0.000,0.000,13.900
2022-10-24 23:00:00,7.710,0.000,0.000,0.000,13.600
2022-10-25 00:00:00,7.740,0.000,0.000,0.000,13.300
2022-10-25 01:00:00,7.780,0.000,0.000,0.000,13.400
2022-10-25 02:00:00,7.670,0.000,0.000,0.000,13.500
2022-10-25 03:00:00,8.060,0.000,0.000,0.000,13.700
2022-10-25 04:00:00,8.270,0.000,0.000,0.000,13.600
2022-10-25 05:00:00,8.100,0.000,0.000,0.000,13.600
2022-10-25 06:00:00,8.070,0.000,0.000,0.000,13.400
2022-10-25 07:00:00,7.900,12.000,39.300,9.000,13.500
2022-10-25 08:00:00,7.900,72.000,96.800,54.000,13.700
2022-10-25 09:00:00,7.480,163.000,265.800,84.000,14.200
2022-10-25 10:00:00,6.390,197.000,323.800,75.000,14.800
2022-10-25 11:00:00,6.000,239.000,317.200,106.000,15.300
2022-10-25 12:00:00,7.710,288.000,445.700,100.000,16.200
2022-10-25 13:00:00,8.150,247.000,411.300,89.000,16.300
2022-10-25 14:00:00,7.180,213.000,453.200,73.000,16.300
2022-10-25 15:00:00,6.390,116.000,328.100,50.000,15.900
2022-10-25 16:00:00,5.930,34.000,188.900,18.000,14.600
2022-10-25 17:00:00,5.480,0.000,0.000,0.000,13.200
2022-10-25 18:00:00,5.660,0.000,0.000,0.000,12.100
2022-10-25 19:00:00,5.390,0.000,0.000,0.000,11.500
2022-10-25 20:00:00,5.410,0.000,0.000,0.000,10.800
2022-10-25 21:00:00,5.190,0.000,0.000,0.000,10.200
2022-10-25 22:00:00,4.660,0.000,0.000,0.000,9.300
2022-10-25 23:00:00,4.280,0.000,0.000,0.000,9.000
2022-10-26 00:00:00,4.690,0.000,0.000,0.000,8.300
2022-10-26 01:00:00,3.950,0.000,0.000,0.000,8.000
2022-10-26 02:00:00,4.540,0.000,0.000,0.000,8.200
2022-10-26 03:00:00,5.910,0.000,0.000,0.000,8.200
2022-10-26 04:00:00,5.800,0.000,0.000,0.000,7.900
2022-10-26 05:00:00,5.330,0.000,0.000,0.000,7.700
2022-10-26 06:00:00,5.300,0.000,0.000,0.000,7.500
2022-10-26 07:00:00,5.570,24.000,108.500,16.000,8.300
2022-10-26 08:00:00,5.230,106.000,220.900,66.000,10.300
2022-10-26 09:00:00,4.290,202.000,403.900,84.000,12.400
2022-10-26 10:00:00,3.030,154.000,177.600,88.000,13.500
2022-10-26 11:00:00,3.800,265.000,265.700,155.000,15.100
2022-10-26 12:00:00,3.300,332.000,542.700,106.000,16.600
2022-10-26 13:00:00,3.750,253.000,404.000,100.000,17.500
2022-10-26 14:00:00,3.890,233.000,523.900,74.000,18.000
2022-10-26 15:00:00,4.510,136.000,429.000,52.000,17.600
2022-10-26 16:00:00,5.340,29.000,158.700,16.000,15.900
2022-10-26 17:00:00,6.050,0.000,0.000,0.000,14.500
2022-10-26 18:00:00,6.170,0.000,0.000,0.000,14.400
2022-10-26 19:00:00,6.920,0.000,0.000,0.000,14.500
2022-10-26 20:00:00,6.710,0.000,0.000,0.000,14.200
2022-10-26 21:00:00,6.330,0.000,0.000,0.000,13.600
2022-10-26 22:00:00,6.600,0.000,0.000,0.000,12.600
2022-10-26 23:00:00,6.710,0.000,0.000,0.000,12.500
2022-10-27 00:00:00,6.710,0.000,0.000,0.000,12.400
2022-10-27 01:00:00,6.560,0.000,0.000,0.000,12.000
2022-10-27 02:00:00,6.410,0.000,0.000,0.000,12.100
2022-10-27 03:00:00,6.160,0.000,0.000,0.000,11.700
2022-10-27 04:00:00,5.370,0.000,0.000,0.000,11.500
2022-10-27 05:00:00,5.050,0.000,0.000,0.000,11.000
2022-10-27 06:00:00,5.440,0.000,0.000,0.000,10.900
2022-10-27 07:00:00,5.530,19.000,56.100,15.000,11.200
2022-10-27 08:00:00,5.670,102.000,209.900,65.000,13.000
2022-10-27 09:00:00,6.100,179.000,219.400,116.000,14.900
2022-10-27 10:00:00,3.760,217.000,161.000,158.000,16.900
2022-10-27 11:00:00,3.510,283.000,278.900,169.000,18.400
2022-10-27 12:00:00,3.850,340.000,540.100,118.000,19.500
2022-10-27 13:00:00,4.360,252.000,267.800,152.000,19.900
2022-10-27 14:00:00,5.170,196.000,244.800,123.000,19.900
2022-10-27 15:00:00,6.010,114.000,204.600,75.000,19.200
2022-10-27 16:00:00,6.860,26.000,50.500,22.000,17.800
2022-10-27 17:00:00,7.370,0.000,0.000,0.000,16.900
2022-10-27 18:00:00,7.700,0.000,0.000,0.000,16.800
2022-10-27 19:00:00,7.870,0.000,0.000,0.000,16.800
2022-10-27 20:00:00,7.960,0.000,0.000,0.000,16.700
2022-10-27 21:00:00,8.130,0.000,0.000,0.000,16.500
2022-10-27 22:00:00,8.930,0.000,0.000,0.000,16.000
2022-10-27 23:00:00,7.210,0.000,0.000,0.000,15.600
2022-10-28 00:00:00,7.650,0.000,0.000,0.000,15.600
2022-10-28 01:00:00,7.340,0.000,0.000,0.000,15.200
2022-10-28 02:00:00,5.640,0.000,0.000,0.000,15.100
2022-10-28 03:00:00,5.380,0.000,0.000,0.000,15.000
2022-10-28 04:00:00,6.040,0.000,0.000,0.000,14.700
2022-10-28 05:00:00,6.510,0.000,0.000,0.000,14.800
2022-10-28 06:00:00,7.820,0.000,0.000,0.000,15.000
2022-10-28 07:00:00,8.430,19.000,116.200,11.000,15.000
2022-10-28 08:00:00,8.340,110.000,373.300,46.000,17.100
2022-10-28 09:00:00,8.030,198.000,450.100,71.000,19.100
2022-10-28 10:00:00,6.880,251.000,440.100,92.000,21.200
2022-10-28 11:00:00,6.350,336.000,570.100,106.000,22.300
2022-10-28 12:00:00,6.590,342.000,591.500,102.000,23.100
2022-10-28 13:00:00,6.120,284.000,453.700,117.000,23.300
2022-10-28 14:00:00,6.480,179.000,215.100,116.000,22.700
2022-10-28 15:00:00,7.230,87.000,86.300,71.000,21.500
2022-10-28 16:00:00,7.960,17.000,13.100,16.000,20.100
2022-10-28 17:00:00,8.020,0.000,0.000,0.000,19.200
2022-10-28 18:00:00,8.350,0.000,0.000,0.000,19.100
2022-10-28 19:00:00,8.230,0.000,0.000,0.000,18.700
2022-10-28 20:00:00,7.490,0.000,0.000,0.000,18.200
2022-10-28 21:00:00,7.580,0.000,0.000,0.000,17.900
2022-10-28 22:00:00,7.460,0.000,0.000,0.000,17.200
2022-10-28 23:00:00,6.560,0.000,0.000,0.000,16.300
2022-10-29 00:00:00,6.220,0.000,0.000,0.000,15.700
2022-10-29 01:00:00,6.440,0.000,0.000,0.000,15.200
2022-10-29 02:00:00,5.610,0.000,0.000,0.000,14.900
2022-10-29 03:00:00,5.140,0.000,0.000,0.000,14.800
2022-10-29 04:00:00,4.430,0.000,0.000,0.000,14.200
2022-10-29 05:00:00,4.970,0.000,0.000,0.000,13.800
2022-10-29 06:00:00,5.240,0.000,0.000,0.000,13.200
2022-10-29 07:00:00,4.920,10.000,15.100,9.000,13.200
2022-10-29 08:00:00,3.690,66.000,30.000,61.000,14.200
2022-10-29 09:00:00,2.500,120.000,25.300,113.000,16.000
2022-10-29 10:00:00,2.770,161.000,81.400,132.000,16.800
2022-10-29 11:00:00,2.670,169.000,87.900,134.000,17.800
2022-10-29 12:00:00,2.280,141.000,74.900,111.000,18.300
2022-10-29 13:00:00,2.860,224.000,228.700,141.000,19.100
2022-10-29 14:00:00,3.700,191.000,302.300,104.000,19.600
2022-10-29 15:00:00,3.920,116.000,354.700,52.000,19.000
2022-10-29 16:00:00,3.510,21.000,54.100,17.000,17.500
2022-10-29 17:00:00,4.710,0.000,0.000,0.000,16.300
2022-10-29 18:00:00,5.320,0.000,0.000,0.000,16.300
2022-10-29 19:00:00,5.390,0.000,0.000,0.000,15.800
2022-10-29 20:00:00,6.010,0.000,0.000,0.000,15.500
2022-10-29 21:00:00,6.530,0.000,0.000,0.000,15.300
2022-10-29 22:00:00,7.530,0.000,0.000,0.000,15.600
2022-10-29 23:00:00,8.000,0.000,0.000,0.000,15.700
2022-10-30 00:00:00,8.700,0.000,0.000,0.000,15.900
2022-10-30 01:00:00,7.630,0.000,0.000,0.000,15.200
2022-10-30 02:00:00,8.030,0.000,0.000,0.000,14.900
2022-10-30 03:00:00,8.160,0.000,0.000,0.000,14.800
2022-10-30 04:00:00,5.420,0.000,0.000,0.000,14.200
2022-10-30 05:00:00,4.540,0.000,0.000,0.000,13.600
2022-10-30 06:00:00,6.550,0.000,0.000,0.000,13.000
2022-10-30 07:00:00,6.500,17.000,93.800,11.000,12.600
2022-10-30 08:00:00,4.100,106.000,376.600,45.000,14.100
2022-10-30 09:00:00,3.560,212.000,528.800,68.000,16.900
2022-10-30 10:00:00,2.760,292.000,586.600,86.000,18.800
2022-10-30 11:00:00,2.530,343.000,666.400,81.000,20.300
2022-10-30 12:00:00,1.960,347.000,675.200,80.000,21.200
2022-10-30 13:00:00,2.020,305.000,640.100,76.000,21.600
2022-10-30 14:00:00,1.880,224.000,551.700,68.000,21.600
2022-10-30 15:00:00,2.350,121.000,421.600,47.000,20.500
2022-10-30 16:00:00,3.710,24.000,139.900,14.000,17.500
2022-10-30 17:00:00,4.810,0.000,0.000,0.000,16.400
2022-10-30 18:00:00,5.640,0.000,0.000,0.000,15.700
2022-10-30 19:00:00,6.690,0.000,0.000,0.000,15.200
2022-10-30 20:00:00,5.700,0.000,0.000,0.000,14.500
2022-10-30 21:00:00,5.920,0.000,0.000,0.000,14.200
2022-10-30 22:00:00,6.790,0.000,0.000,0.000,13.500
2022-10-30 23:00:00,7.020,0.000,0.000,0.000,13.200
2022-10-31 00:00:00,7.050,0.000,0.000,0.000,12.900
2022-10-31 01:00:00,6.820,0.000,0.000,0.000,12.700
2022-10-31 02:00:00,6.550,0.000,0.000,0.000,12.500
2022-10-31 03:00:00,6.020,0.000,0.000,0.000,12.100
2022-10-31 04:00:00,4.980,0.000,0.000,0.000,11.700
2022-10-31 05:00:00,3.810,0.000,0.000,0.000,11.400
2022-10-31 06:00:00,2.630,0.000,0.000,0.000,10.300
2022-10-31 07:00:00,1.920,7.000,16.200,6.000,10.900
2022-10-31 08:00:00,1.760,63.000,133.500,42.000,11.900
2022-10-31 09:00:00,1.130,110.000,59.800,94.000,13.000
2022-10-31 10:00:00,2.160,159.000,101.100,124.000,13.900
2022-10-31 11:00:00,2.770,234.000,234.500,143.000,15.000
2022-10-31 12:00:00,2.560,299.000,481.700,111.000,15.800
2022-10-31 13:00:00,2.150,271.000,470.700,105.000,16.000
2022-10-31 14:00:00,3.750,187.000,295.200,105.000,15.800
2022-10-31 15:00:00,5.140,84.000,82.000,70.000,15.300
2022-10-31 16:00:00,6.590,18.000,14.500,17.000,14.700
2022-10-31 17:00:00,7.340,0.000,0.000,0.000,14.200
2022-10-31 18:00:00,7.220,0.000,0.000,0.000,13.900
2022-10-31 19:00:00,7.020,0.000,0.000,0.000,13.800
2022-10-31 20:00:00,6.920,0.000,0.000,0.000,13.800
2022-10-31 21:00:00,7.220,0.000,0.000,0.000,13.400
2022-10-31 22:00:00,6.700,0.000,0.000,0.000,13.300
2022-10-31 23:00:00,6.400,0.000,0.000,0.000,12.900
2022-11-01 00:00:00,6.510,0.000,0.000,0.000,12.700
2022-11-01 01:00:00,6.440,0.000,0.000,0.000,12.600
2022-11-01 02:00:00,6.690,0.000,0.000,0.000,12.500
2022-11-01 03:00:00,6.690,0.000,0.000,0.000,12.600
2022-11-01 04:00:00,6.930,0.000,0.000,0.000,12.800
2022-11-01 05:00:00,7.250,0.000,0.000,0.000,13.300
2022-11-01 06:00:00,7.540,0.000,0.000,0.000,13.900
2022-11-01 07:00:00,8.530,12.000,50.700,9.000,14.700
2022-11-01 08:00:00,8.500,68.000,98.300,53.000,15.600
2022-11-01 09:00:00,8.110,125.000,60.900,109.000,16.700
2022-11-01 10:00:00,7.450,212.000,208.100,141.000,17.000
2022-11-01 11:00:00,9.660,189.000,80.900,158.000,17.300
2022-11-01 12:00:00,8.950,287.000,443.900,116.000,17.800
2022-11-01 13:00:00,7.340,295.000,607.000,84.000,17.800
2022-11-01 14:00:00,6.220,224.000,586.500,64.000,17.500
2022-11-01 15:00:00,5.940,111.000,391.900,46.000,16.600
2022-11-01 16:00:00,5.760,21.000,135.400,12.000,14.300
2022-11-01 17:00:00,6.850,0.000,0.000,0.000,12.800
2022-11-01 18:00:00,7.490,0.000,0.000,0.000,11.700
2022-11-01 19:00:00,7.800,0.000,0.000,0.000,11.300
2022-11-01 20:00:00,8.250,0.000,0.000,0.000,11.100
2022-11-01 21:00:00,7.670,0.000,0.000,0.000,11.200
2022-11-01 22:00:00,8.240,0.000,0.000,0.000,10.700
2022-11-01 23:00:00,8.110,0.000,0.000,0.000,10.900
2022-11-02 00:00:00,7.780,0.000,0.000,0.000,10.800
2022-11-02 01:00:00,8.780,0.000,0.000,0.000,10.600
2022-11-02 02:00:00,9.010,0.000,0.000,0.000,10.800
2022-11-02 03:00:00,9.310,0.000,0.000,0.000,11.100
2022-11-02 04:00:00,9.120,0.000,0.000,0.000,11.000
2022-11-02 05:00:00,9.280,0.000,0.000,0.000,11.500
2022-11-02 06:00:00,9.710,0.000,0.000,0.000,11.300
2022-11-02 07:00:00,9.880,10.000,52.900,7.000,11.600
2022-11-02 08:00:00,10.040,88.000,304.300,43.000,12.400
2022-11-02 09:00:00,10.270,172.000,430.700,61.000,13.300
2022-11-02 10:00:00,9.960,231.000,458.100,77.000,13.700
2022-11-02 11:00:00,11.170,214.000,349.300,82.000,13.700
2022-11-02 12:00:00,10.490,202.000,289.400,92.000,13.900
2022-11-02 13:00:00,9.960,245.000,502.000,73.000,14.200
2022-11-02 14:00:00,8.480,195.000,500.200,61.000,14.000
2022-11-02 15:00:00,7.390,103.000,372.500,43.000,13.400
2022-11-02 16:00:00,7.470,18.000,125.000,10.000,11.700
2022-11-02 17:00:00,6.760,0.000,0.000,0.000,9.900
2022-11-02 18:00:00,6.790,0.000,0.000,0.000,9.000
2022-11-02 19:00:00,6.350,0.000,0.000,0.000,8.100
2022-11-02 20:00:00,6.250,0.000,0.000,0.000,7.700
2022-11-02 21:00:00,7.110,0.000,0.000,0.000,7.800
2022-11-02 22:00:00,7.350,0.000,0.000,0.000,7.700
2022-11-02 23:00:00,7.290,0.000,0.000,0.000,7.800
2022-11-03 00:00:00,7.690,0.000,0.000,0.000,7.700
2022-11-03 01:00:00,8.120,0.000,0.000,0.000,7.600
2022-11-03 02:00:00,8.550,0.000,0.000,0.000,7.700
2022-11-03 03:00:00,8.800,0.000,0.000,0.000,8.000
2022-11-03 04:00:00,8.810,0.000,0.000,0.000,8.100
2022-11-03 05:00:00,8.820,0.000,0.000,0.000,8.200
2022-11-03 06:00:00,8.810,0.000,0.000,0.000,8.300
2022-11-03 07:00:00,8.790,9.000,18.400,8.000,8.700
2022-11-03 08:00:00,8.760,73.000,104.800,58.000,9.600
2022-11-03 09:00:00,8.510,141.000,146.300,104.000,10.700
2022-11-03 10:00:00,6.970,210.000,187.200,148.000,12.000
2022-11-03 11:00:00,7.540,275.000,332.500,151.000,13.100
2022-11-03 12:00:00,7.340,269.000,306.600,154.000,13.700
2022-11-03 13:00:00,6.420,205.000,183.600,143.000,13.800
2022-11-03 14:00:00,6.860,116.000,38.000,106.000,13.700
2022-11-03 15:00:00,7.250,66.000,25.600,62.000,13.300
2022-11-03 16:00:00,7.630,10.000,0.000,10.000,12.600
2022-11-03 17:00:00,7.830,0.000,0.000,0.000,12.400
2022-11-03 18:00:00,7.650,0.000,0.000,0.000,12.100
2022-11-03 19:00:00,7.370,0.000,0.000,0.000,11.800
2022-11-03 20:00:00,6.720,0.000,0.000,0.000,11.900
2022-11-03 21:00:00,5.800,0.000,0.000,0.000,12.100
2022-11-03 22:00:00,8.030,0.000,0.000,0.000,11.300
2022-11-03 23:00:00,8.750,0.000,0.000,0.000,11.200
2022-11-04 00:00:00,7.080,0.000,0.000,0.000,11.000
2022-11-04 01:00:00,7.150,0.000,0.000,0.000,10.700
2022-11-04 02:00:00,7.480,0.000,0.000,0.000,11.200
2022-11-04 03:00:00,7.620,0.000,0.000,0.000,11.400
2022-11-04 04:00:00,7.890,0.000,0.000,0.000,11.000
2022-11-04 05:00:00,8.160,0.000,0.000,0.000,10.500
2022-11-04 06:00:00,7.800,0.000,0.000,0.000,10.200
2022-11-04 07:00:00,7.140,6.000,0.000,6.000,10.000
2022-11-04 08:00:00,6.690,49.000,21.700,46.000,10.100
2022-11-04 09:00:00,6.310,126.000,116.900,97.000,10.600
2022-11-04 10:00:00,7.650,205.000,251.300,123.000,11.000
2022-11-04 11:00:00,7.360,188.000,103.300,150.000,11.500
2022-11-04 12:00:00,6.040,201.000,183.700,133.000,12.000
2022-11-04 13:00:00,6.410,124.000,72.100,100.000,12.100
2022-11-04 14:00:00,5.230,105.000,131.700,71.000,12.000
2022-11-04 15:00:00,3.610,45.000,59.300,36.000,11.600
2022-11-04 16:00:00,4.660,10.000,16.900,9.000,10.500
2022-11-04 17:00:00,5.850,0.000,0.000,0.000,9.700
2022-11-04 18:00:00,5.190,0.000,0.000,0.000,9.300
2022-11-04 19:00:00,4.430,0.000,0.000,0.000,9.100
2022-11-04 20:00:00,4.210,0.000,0.000,0.000,8.600
2022-11-04 21:00:00,4.710,0.000,0.000,0.000,8.000
2022-11-04 22:00:00,5.850,0.000,0.000,0.000,7.300
2022-11-04 23:00:00,6.120,0.000,0.000,0.000,7.200
2022-11-05 00:00:00,5.930,0.000,0.000,0.000,6.700
2022-11-05 01:00:00,6.120,0.000,0.000,0.000,6.500
2022-11-05 02:00:00,5.730,0.000,0.000,0.000,5.800
2022-11-05 03:00:00,5.490,0.000,0.000,0.000,5.000
2022-11-05 04:00:00,5.950,0.000,0.000,0.000,4.600
2022-11-05 05:00:00,5.800,0.000,0.000,0.000,4.600
2022-11-05 06:00:00,5.770,0.000,0.000,0.000,4.300
2022-11-05 07:00:00,6.570,9.000,57.300,6.000,4.300
2022-11-05 08:00:00,6.320,88.000,373.600,38.000,5.700
2022-11-05 09:00:00,5.250,189.000,514.000,64.000,7.600
2022-11-05 10:00:00,5.730,276.000,631.700,73.000,9.300
2022-11-05 11:00:00,6.420,302.000,589.600,88.000,10.700
2022-11-05 12:00:00,6.890,294.000,550.400,93.000,11.300
2022-11-05 13:00:00,6.890,260.000,564.300,75.000,11.600
2022-11-05 14:00:00,5.890,166.000,414.200,61.000,11.300
2022-11-05 15:00:00,6.100,83.000,299.000,39.000,10.700
2022-11-05 16:00:00,6.450,11.000,70.300,7.000,9.300
2022-11-05 17:00:00,6.570,0.000,0.000,0.000,8.400
2022-11-05 18:00:00,6.870,0.000,0.000,0.000,8.200
2022-11-05 19:00:00,7.180,0.000,0.000,0.000,7.900
2022-11-05 20:00:00,7.210,0.000,0.000,0.000,8.000
2022-11-05 21:00:00,7.160,0.000,0.000,0.000,7.800
2022-11-05 22:00:00,7.480,0.000,0.000,0.000,7.900
2022-11-05 23:00:00,7.600,0.000,0.000,0.000,8.100
2022-11-06 00:00:00,7.890,0.000,0.000,0.000,7.800
2022-11-06 01:00:00,7.850,0.000,0.000,0.000,7.700
2022-11-06 02:00:00,8.160,0.000,0.000,0.000,7.800
2022-11-06 03:00:00,8.320,0.000,0.000,0.000,7.500
2022-11-06 04:00:00,8.560,0.000,0.000,0.000,7.600
2022-11-06 05:00:00,8.560,0.000,0.000,0.000,7.600
2022-11-06 06:00:00,8.250,0.000,0.000,0.000,7.700
2022-11-06 07:00:00,8.080,3.000,0.000,3.000,7.700
2022-11-06 08:00:00,7.770,27.000,0.000,27.000,8.300
2022-11-06 09:00:00,7.070,97.000,67.100,81.000,9.200
2022-11-06 10:00:00,5.450,168.000,211.700,101.000,10.500
2022-11-06 11:00:00,6.270,257.000,449.700,96.000,11.500
2022-11-06 12:00:00,6.300,268.000,521.800,80.000,12.200
2022-11-06 13:00:00,6.560,257.000,575.800,71.000,12.500
2022-11-06 14:00:00,6.720,196.000,534.600,63.000,12.300
2022-11-06 15:00:00,7.250,86.000,252.300,50.000,11.600
2022-11-06 16:00:00,8.230,8.000,0.000,8.000,10.900
2022-11-06 17:00:00,8.570,0.000,0.000,0.000,10.400
2022-11-06 18:00:00,8.410,0.000,0.000,0.000,10.200
2022-11-06 19:00:00,9.060,0.000,0.000,0.000,10.100
2022-11-06 20:00:00,8.650,0.000,0.000,0.000,9.800
2022-11-06 21:00:00,8.780,0.000,0.000,0.000,8.800
2022-11-06 22:00:00,9.160,0.000,0.000,0.000,9.100
2022-11-06 23:00:00,9.750,0.000,0.000,0.000,9.200
2022-11-07 00:00:00,10.000,0.000,0.000,0.000,9.500
2022-11-07 01:00:00,9.870,0.000,0.000,0.000,9.800
2022-11-07 02:00:00,9.690,0.000,0.000,0.000,10.100
2022-11-07 03:00:00,9.870,0.000,0.000,0.000,10.500
2022-11-07 04:00:00,9.830,0.000,0.000,0.000,10.800
2022-11-07 05:00:00,9.620,0.000,0.000,0.000,11.000
2022-11-07 06:00:00,9.380,0.000,0.000,0.000,10.900
2022-11-07 07:00:00,9.210,5.000,19.100,4.000,10.700
2022-11-07 08:00:00,9.290,73.000,313.100,34.000,11.400
2022-11-07 09:00:00,8.390,161.000,406.600,66.000,12.300
2022-11-07 10:00:00,6.930,228.000,417.200,98.000,13.200
2022-11-07 11:00:00,7.400,215.000,235.000,132.000,13.700
2022-11-07 12:00:00,7.540,137.000,78.800,109.000,13.800
2022-11-07 13:00:00,8.900,83.000,34.600,72.000,13.600
2022-11-07 14:00:00,8.410,70.000,90.100,48.000,13.700
2022-11-07 15:00:00,8.110,39.000,57.900,31.000,13.700
2022-11-07 16:00:00,7.920,4.000,0.000,4.000,13.600
2022-11-07 17:00:00,7.680,0.000,0.000,0.000,13.300
2022-11-07 18:00:00,7.500,0.000,0.000,0.000,13.100
2022-11-07 19:00:00,7.620,0.000,0.000,0.000,12.800
2022-11-07 20:00:00,7.810,0.000,0.000,0.000,13.100
2022-11-07 21:00:00,7.910,0.000,0.000,0.000,13.300
2022-11-07 22:00:00,7.990,0.000,0.000,0.000,13.000
2022-11-07 23:00:00,7.630,0.000,0.000,0.000,12.900
2022-11-08 00:00:00,7.570,0.000,0.000,0.000,12.800
2022-11-08 01:00:00,7.830,0.000,0.000,0.000,12.400
2022-11-08 02:00:00,8.080,0.000,0.000,0.000,11.800
2022-11-08 03:00:00,8.240,0.000,0.000,0.000,11.200
2022-11-08 04:00:00,8.330,0.000,0.000,0.000,11.000
2022-11-08 05:00:00,8.270,0.000,0.000,0.000,10.700
2022-11-08 06:00:00,8.250,0.000,0.000,0.000,10.400
2022-11-08 07:00:00,8.010,6.000,19.100,5.000,10.300
2022-11-08 08:00:00,8.350,70.000,208.400,45.000,11.200
2022-11-08 09:00:00,9.630,171.000,432.400,72.000,12.600
2022-11-08 10:00:00,7.540,245.000,495.400,93.000,14.100
2022-11-08 11:00:00,8.250,295.000,574.200,95.000,15.300
2022-11-08 12:00:00,8.490,280.000,470.600,115.000,16.000
2022-11-08 13:00:00,8.110,214.000,267.900,130.000,16.200
2022-11-08 14:00:00,9.350,123.000,104.300,98.000,16.100
2022-11-08 15:00:00,9.490,60.000,52.300,53.000,15.600
2022-11-08 16:00:00,9.230,7.000,0.000,7.000,15.000
2022-11-08 17:00:00,9.250,0.000,0.000,0.000,14.800
2022-11-08 18:00:00,9.460,0.000,0.000,0.000,14.600
2022-11-08 19:00:00,9.500,0.000,0.000,0.000,14.400
2022-11-08 20:00:00,9.340,0.000,0.000,0.000,14.500
2022-11-08 21:00:00,9.280,0.000,0.000,0.000,14.300
2022-11-08 22:00:00,8.950,0.000,0.000,0.000,13.900
2022-11-08 23:00:00,9.640,0.000,0.000,0.000,13.600
2022-11-09 00:00:00,9.020,0.000,0.000,0.000,13.600
2022-11-09 01:00:00,8.500,0.000,0.000,0.000,13.600
2022-11-09 02:00:00,7.760,0.000,0.000,0.000,13.500
2022-11-09 03:00:00,8.520,0.000,0.000,0.000,13.700
2022-11-09 04:00:00,9.010,0.000,0.000,0.000,13.800
2022-11-09 05:00:00,9.170,0.000,0.000,0.000,13.800
2022-11-09 06:00:00,8.950,0.000,0.000,0.000,13.700
2022-11-09 07:00:00,8.650,3.000,0.000,3.000,13.700
2022-11-09 08:00:00,7.790,53.000,147.300,36.000,13.900
2022-11-09 09:00:00,7.830,119.000,182.800,78.000,14.200
2022-11-09 10:00:00,7.120,218.000,453.500,81.000,15.000
2022-11-09 11:00:00,7.850,216.000,343.400,98.000,14.700
2022-11-09 12:00:00,6.300,240.000,453.800,83.000,15.300
2022-11-09 13:00:00,7.750,202.000,391.600,81.000,15.500
2022-11-09 14:00:00,7.750,129.000,212.600,79.000,15.000
2022-11-09 15:00:00,7.670,67.000,200.500,41.000,14.400
2022-11-09 16:00:00,8.350,7.000,19.100,6.000,13.800
2022-11-09 17:00:00,8.710,0.000,0.000,0.000,13.400
2022-11-09 18:00:00,9.110,0.000,0.000,0.000,13.000
2022-11-09 19:00:00,9.460,0.000,0.000,0.000,12.700
2022-11-09 20:00:00,9.300,0.000,0.000,0.000,12.500
2022-11-09 21:00:00,9.020,0.000,0.000,0.000,12.400
2022-11-09 22:00:00,8.750,0.000,0.000,0.000,12.100
2022-11-09 23:00:00,8.920,0.000,0.000,0.000,11.900
2022-11-10 00:00:00,8.120,0.000,0.000,0.000,11.700
2022-11-10 01:00:00,8.040,0.000,0.000,0.000,11.600
2022-11-10 02:00:00,8.310,0.000,0.000,0.000,11.100
2022-11-10 03:00:00,8.330,0.000,0.000,0.000,10.600
2022-11-10 04:00:00,8.170,0.000,0.000,0.000,9.900
2022-11-10 05:00:00,7.740,0.000,0.000,0.000,9.500
2022-11-10 06:00:00,7.820,0.000,0.000,0.000,9.500
2022-11-10 07:00:00,7.880,3.000,19.100,2.000,9.600
2022-11-10 08:00:00,7.630,57.000,180.300,37.000,10.400
2022-11-10 09:00:00,7.350,127.000,305.000,60.000,11.300
2022-11-10 10:00:00,7.680,199.000,390.100,83.000,12.100
2022-11-10 11:00:00,9.260,216.000,312.800,110.000,12.900
2022-11-10 12:00:00,9.210,205.000,260.800,116.000,13.600
2022-11-10 13:00:00,9.150,208.000,420.400,80.000,14.000
2022-11-10 14:00:00,8.970,132.000,246.900,75.000,14.000
2022-11-10 15:00:00,7.880,51.000,111.500,37.000,13.800
2022-11-10 16:00:00,7.780,5.000,0.000,5.000,13.000
2022-11-10 17:00:00,8.000,0.000,0.000,0.000,12.400
2022-11-10 18:00:00,7.840,0.000,0.000,0.000,12.200
2022-11-10 19:00:00,8.250,0.000,0.000,0.000,11.800
2022-11-10 20:00:00,8.570,0.000,0.000,0.000,11.500
2022-11-10 21:00:00,8.530,0.000,0.000,0.000,11.100
2022-11-10 22:00:00,8.900,0.000,0.000,0.000,10.400
2022-11-10 23:00:00,8.340,0.000,0.000,0.000,10.100
2022-11-11 00:00:00,8.070,0.000,0.000,0.000,9.600
2022-11-11 01:00:00,7.910,0.000,0.000,0.000,9.300
2022-11-11 02:00:00,8.260,0.000,0.000,0.000,9.100
2022-11-11 03:00:00,8.320,0.000,0.000,0.000,8.700
2022-11-11 04:00:00,8.120,0.000,0.000,0.000,8.700
2022-11-11 05:00:00,8.040,0.000,0.000,0.000,8.600
2022-11-11 06:00:00,8.170,0.000,0.000,0.000,8.500
2022-11-11 07:00:00,8.420,3.000,0.000,3.000,8.700
2022-11-11 08:00:00,8.210,56.000,187.800,36.000,9.200
2022-11-11 09:00:00,7.540,131.000,213.900,85.000,10.100
2022-11-11 10:00:00,6.590,188.000,263.000,111.000,11.900
2022-11-11 11:00:00,6.670,268.000,499.600,101.000,13.000
2022-11-11 12:00:00,6.400,282.000,555.300,95.000,14.000
2022-11-11 13:00:00,5.890,234.000,466.600,94.000,14.600
2022-11-11 14:00:00,6.650,167.000,414.800,73.000,14.800
2022-11-11 15:00:00,7.120,78.000,353.900,35.000,14.100
2022-11-11 16:00:00,7.150,6.000,38.200,4.000,12.300
2022-11-11 17:00:00,6.830,0.000,0.000,0.000,10.800
2022-11-11 18:00:00,6.880,0.000,0.000,0.000,9.700
2022-11-11 19:00:00,6.960,0.000,0.000,0.000,8.900
2022-11-11 20:00:00,6.690,0.000,0.000,0.000,8.000
2022-11-11 21:00:00,6.180,0.000,0.000,0.000,7.400
2022-11-11 22:00:00,5.870,0.000,0.000,0.000,6.700
2022-11-11 23:00:00,5.550,0.000,0.000,0.000,6.100
2022-11-12 00:00:00,5.240,0.000,0.000,0.000,5.500
2022-11-12 01:00:00,5.150,0.000,0.000,0.000,4.800
2022-11-12 02:00:00,5.020,0.000,0.000,0.000,4.400
2022-11-12 03:00:00,5.030,0.000,0.000,0.000,3.800
2022-11-12 04:00:00,4.830,0.000,0.000,0.000,3.300
2022-11-12 05:00:00,4.470,0.000,0.000,0.000,2.700
2022-11-12 06:00:00,4.010,0.000,0.000,0.000,2.200
2022-11-12 07:00:00,3.600,3.000,0.000,3.000,2.300
2022-11-12 08:00:00,3.510,63.000,284.000,34.000,3.700
2022-11-12 09:00:00,3.140,161.000,484.400,59.000,6.400
2022-11-12 10:00:00,2.310,234.000,510.000,87.000,8.800
2022-11-12 11:00:00,1.900,271.000,512.600,102.000,10.600
2022-11-12 12:00:00,1.610,283.000,586.900,88.000,11.900
2022-11-12 13:00:00,1.840,248.000,571.500,79.000,12.700
2022-11-12 14:00:00,2.570,174.000,512.400,60.000,12.600
2022-11-12 15:00:00,3.120,78.000,365.700,35.000,11.300
2022-11-12 16:00:00,3.090,6.000,38.200,4.000,8.700
2022-11-12 17:00:00,3.430,0.000,0.000,0.000,6.700
2022-11-12 18:00:00,3.850,0.000,0.000,0.000,5.500
2022-11-12 19:00:00,4.350,0.000,0.000,0.000,4.800
2022-11-12 20:00:00,4.840,0.000,0.000,0.000,4.700
2022-11-12 21:00:00,5.270,0.000,0.000,0.000,4.100
2022-11-12 22:00:00,5.270,0.000,0.000,0.000,4.300
2022-11-12 23:00:00,5.550,0.000,0.000,0.000,4.200
2022-11-13 00:00:00,5.310,0.000,0.000,0.000,3.500
2022-11-13 01:00:00,5.060,0.000,0.000,0.000,3.200
2022-11-13 02:00:00,5.250,0.000,0.000,0.000,2.600
2022-11-13 03:00:00,5.030,0.000,0.000,0.000,2.500
2022-11-13 04:00:00,4.770,0.000,0.000,0.000,2.600
2022-11-13 05:00:00,5.060,0.000,0.000,0.000,2.700
2022-11-13 06:00:00,5.680,0.000,0.000,0.000,2.700
2022-11-13 07:00:00,5.980,2.000,0.000,2.000,2.700
2022-11-13 08:00:00,6.010,63.000,358.000,28.000,3.900
2022-11-13 09:00:00,5.830,162.000,519.100,55.000,5.500
2022-11-13 10:00:00,5.340,243.000,620.300,67.000,7.100
2022-11-13 11:00:00,5.290,290.000,664.100,74.000,8.500
2022-11-13 12:00:00,5.660,286.000,631.300,79.000,9.200
2022-11-13 13:00:00,5.950,249.000,603.800,73.000,9.400
2022-11-13 14:00:00,6.250,174.000,544.800,55.000,9.200
2022-11-13 15:00:00,6.900,73.000,351.600,33.000,8.500
2022-11-13 16:00:00,7.410,5.000,19.100,4.000,7.600
2022-11-13 17:00:00,7.440,0.000,0.000,0.000,7.200
2022-11-13 18:00:00,7.400,0.000,0.000,0.000,6.800
2022-11-13 19:00:00,7.310,0.000,0.000,0.000,6.500
2022-11-13 20:00:00,7.040,0.000,0.000,0.000,6.300
2022-11-13 21:00:00,6.960,0.000,0.000,0.000,6.200
2022-11-13 22:00:00,6.990,0.000,0.000,0.000,6.000
2022-11-13 23:00:00,7.230,0.000,0.000,0.000,5.700
2022-11-14 00:00:00,6.930,0.000,0.000,0.000,5.400
2022-11-14 01:00:00,6.720,0.000,0.000,0.000,5.200
2022-11-14 02:00:00,6.810,0.000,0.000,0.000,5.000
2022-11-14 03:00:00,6.920,0.000,0.000,0.000,4.800
2022-11-14 04:00:00,7.090,0.000,0.000,0.000,4.700
2022-11-14 05:00:00,6.910,0.000,0.000,0.000,4.300
2022-11-14 06:00:00,6.390,0.000,0.000,0.000,4.200
2022-11-14 07:00:00,6.170,1.000,0.000,1.000,4.000
2022-11-14 08:00:00,6.850,44.000,203.200,25.000,4.300
2022-11-14 09:00:00,5.960,115.000,322.200,50.000,5.100
2022-11-14 10:00:00,5.410,193.000,379.500,87.000,6.700
2022-11-14 11:00:00,5.600,258.000,560.900,78.000,7.800
2022-11-14 12:00:00,5.310,267.000,571.700,82.000,8.900
2022-11-14 13:00:00,5.320,241.000,616.000,64.000,9.800
2022-11-14 14:00:00,4.920,166.000,517.500,55.000,10.000
2022-11-14 15:00:00,5.700,70.000,354.400,31.000,9.100
2022-11-14 16:00:00,7.320,4.000,19.100,3.000,7.800
2022-11-14 17:00:00,7.670,0.000,0.000,0.000,7.300
2022-11-14 18:00:00,7.800,0.000,0.000,0.000,7.000
2022-11-14 19:00:00,8.220,0.000,0.000,0.000,6.800
2022-11-14 20:00:00,8.350,0.000,0.000,0.000,6.800
2022-11-14 21:00:00,8.270,0.000,0.000,0.000,6.800
2022-11-14 22:00:00,8.070,0.000,0.000,0.000,8.100
2022-11-14 23:00:00,7.510,0.000,0.000,0.000,8.400
2022-11-15 00:00:00,7.320,0.000,0.000,0.000,8.500
2022-11-15 01:00:00,7.180,0.000,0.000,0.000,8.000
2022-11-15 02:00:00,7.970,0.000,0.000,0.000,8.200
2022-11-15 03:00:00,8.280,0.000,0.000,0.000,8.800
2022-11-15 04:00:00,8.200,0.000,0.000,0.000,9.200
2022-11-15 05:00:00,7.740,0.000,0.000,0.000,9.500
2022-11-15 06:00:00,6.930,0.000,0.000,0.000,9.300
2022-11-15 07:00:00,6.740,1.000,0.000,1.000,8.900
2022-11-15 08:00:00,6.460,46.000,212.600,27.000,9.400
2022-11-15 09:00:00,6.250,129.000,354.500,59.000,10.600
2022-11-15 10:00:00,4.850,212.000,523.600,68.000,12.600
2022-11-15 11:00:00,4.650,225.000,461.100,79.000,13.600
2022-11-15 12:00:00,4.330,186.000,316.200,85.000,14.100
2022-11-15 13:00:00,4.680,179.000,293.000,96.000,14.400
2022-11-15 14:00:00,4.980,107.000,128.200,80.000,14.000
2022-11-15 15:00:00,6.410,49.000,122.100,36.000,13.400
2022-11-15 16:00:00,7.120,3.000,0.000,3.000,12.400
2022-11-15 17:00:00,7.360,0.000,0.000,0.000,11.800
2022-11-15 18:00:00,7.960,0.000,0.000,0.000,11.600
2022-11-15 19:00:00,7.860,0.000,0.000,0.000,11.300
2022-11-15 20:00:00,7.960,0.000,0.000,0.000,11.600
2022-11-15 21:00:00,8.030,0.000,0.000,0.000,11.600
2022-11-15 22:00:00,7.010,0.000,0.000,0.000,11.700
2022-11-15 23:00:00,7.240,0.000,0.000,0.000,11.500
2022-11-16 00:00:00,7.440,0.000,0.000,0.000,11.200
2022-11-16 01:00:00,7.720,0.000,0.000,0.000,10.800
2022-11-16 02:00:00,7.820,0.000,0.000,0.000,10.200
2022-11-16 03:00:00,7.820,0.000,0.000,0.000,9.800
2022-11-16 04:00:00,7.900,0.000,0.000,0.000,9.200
2022-11-16 05:00:00,8.140,0.000,0.000,0.000,8.500
2022-11-16 06:00:00,8.440,0.000,0.000,0.000,7.800
2022-11-16 07:00:00,8.210,0.000,0.000,0.000,7.200
2022-11-16 08:00:00,7.940,7.000,0.000,7.000,6.700
2022-11-16 09:00:00,7.390,23.000,0.000,23.000,6.600
2022-11-16 10:00:00,6.240,30.000,0.000,30.000,6.900
2022-11-16 11:00:00,6.400,45.000,0.000,45.000,7.000
2022-11-16 12:00:00,6.960,33.000,0.000,33.000,7.000
2022-11-16 13:00:00,6.670,22.000,0.000,22.000,6.900
2022-11-16 14:00:00,7.030,19.000,14.500,16.000,6.900
2022-11-16 15:00:00,7.230,9.000,0.000,9.000,7.000
2022-11-16 16:00:00,7.150,0.000,0.000,0.000,6.900
2022-11-16 17:00:00,7.120,0.000,0.000,0.000,6.700
2022-11-16 18:00:00,7.370,0.000,0.000,0.000,6.800
2022-11-16 19:00:00,8.250,0.000,0.000,0.000,6.800
2022-11-16 20:00:00,8.580,0.000,0.000,0.000,6.900
2022-11-16 21:00:00,8.540,0.000,0.000,0.000,6.900
2022-11-16 22:00:00,9.090,0.000,0.000,0.000,6.300
2022-11-16 23:00:00,9.650,0.000,0.000,0.000,6.100
2022-11-17 00:00:00,9.690,0.000,0.000,0.000,5.900
2022-11-17 01:00:00,10.750,0.000,0.000,0.000,5.700
2022-11-17 02:00:00,11.850,0.000,0.000,0.000,5.500
2022-11-17 03:00:00,11.760,0.000,0.000,0.000,5.300
2022-11-17 04:00:00,11.830,0.000,0.000,0.000,5.100
2022-11-17 05:00:00,11.460,0.000,0.000,0.000,4.900
2022-11-17 06:00:00,11.580,0.000,0.000,0.000,4.800
2022-11-17 07:00:00,12.340,0.000,0.000,0.000,4.600
2022-11-17 08:00:00,12.810,11.000,23.600,9.000,4.600
2022-11-17 09:00:00,12.860,16.000,10.600,14.000,4.400
2022-11-17 10:00:00,10.570,33.000,0.000,33.000,4.300
2022-11-17 11:00:00,9.910,43.000,0.000,43.000,4.400
2022-11-17 12:00:00,10.390,61.000,9.600,58.000,4.500
2022-11-17 13:00:00,11.130,22.000,0.000,22.000,4.500
2022-11-17 14:00:00,10.980,13.000,0.000,13.000,4.700
2022-11-17 15:00:00,10.520,9.000,0.000,9.000,5.000
2022-11-17 16:00:00,9.870,1.000,0.000,1.000,5.100
2022-11-17 17:00:00,9.880,0.000,0.000,0.000,5.100
2022-11-17 18:00:00,9.480,0.000,0.000,0.000,5.300
2022-11-17 19:00:00,8.740,0.000,0.000,0.000,5.300
2022-11-17 20:00:00,8.270,0.000,0.000,0.000,5.300
2022-11-17 21:00:00,7.670,0.000,0.000,0.000,5.200
2022-11-17 22:00:00,8.070,0.000,0.000,0.000,5.000
2022-11-17 23:00:00,8.350,0.000,0.000,0.000,5.100
2022-11-18 00:00:00,8.270,0.000,0.000,0.000,5.000
2022-11-18 01:00:00,7.750,0.000,0.000,0.000,4.700
2022-11-18 02:00:00,7.350,0.000,0.000,0.000,4.400
2022-11-18 03:00:00,7.730,0.000,0.000,0.000,4.000
2022-11-18 04:00:00,7.510,0.000,0.000,0.000,3.400
2022-11-18 05:00:00,7.360,0.000,0.000,0.000,3.200
2022-11-18 06:00:00,7.390,0.000,0.000,0.000,2.900
2022-11-18 07:00:00,7.580,0.000,0.000,0.000,2.600
2022-11-18 08:00:00,7.730,8.000,0.000,8.000,2.200
2022-11-18 09:00:00,8.070,28.000,0.000,28.000,1.900
2022-11-18 10:00:00,7.460,31.000,0.000,31.000,1.500
2022-11-18 11:00:00,7.630,29.000,0.000,29.000,1.100
2022-11-18 12:00:00,7.920,33.000,0.000,33.000,0.900
2022-11-18 13:00:00,7.610,36.000,0.000,36.000,0.800
2022-11-18 14:00:00,7.860,20.000,0.000,20.000,0.700
2022-11-18 15:00:00,7.850,11.000,31.100,8.000,0.600
2022-11-18 16:00:00,7.970,1.000,0.000,1.000,0.500
2022-11-18 17:00:00,8.100,0.000,0.000,0.000,0.300
2022-11-18 18:00:00,7.760,0.000,0.000,0.000,0.100
2022-11-18 19:00:00,7.640,0.000,0.000,0.000,-0.100
2022-11-18 20:00:00,7.360,0.000,0.000,0.000,-0.600
2022-11-18 21:00:00,7.040,0.000,0.000,0.000,-1.200
2022-11-18 22:00:00,6.520,0.000,0.000,0.000,-1.500
2022-11-18 23:00:00,7.100,0.000,0.000,0.000,-2.100
2022-11-19 00:00:00,6.820,0.000,0.000,0.000,-2.600
2022-11-19 01:00:00,6.270,0.000,0.000,0.000,-3.200
2022-11-19 02:00:00,5.790,0.000,0.000,0.000,-3.500
2022-11-19 03:00:00,5.240,0.000,0.000,0.000,-3.600
2022-11-19 04:00:00,5.310,0.000,0.000,0.000,-3.800
2022-11-19 05:00:00,5.020,0.000,0.000,0.000,-4.000
2022-11-19 06:00:00,4.570,0.000,0.000,0.000,-4.300
2022-11-19 07:00:00,4.430,0.000,0.000,0.000,-4.700
2022-11-19 08:00:00,3.610,45.000,273.000,23.000,-3.900
2022-11-19 09:00:00,1.850,138.000,474.700,52.000,-2.400
2022-11-19 10:00:00,0.870,221.000,591.400,68.000,-1.000
2022-11-19 11:00:00,0.140,272.000,682.100,67.000,0.200
2022-11-19 12:00:00,0.810,273.000,674.600,68.000,1.000
2022-11-19 13:00:00,1.300,232.000,633.300,62.000,1.500
2022-11-19 14:00:00,2.110,156.000,533.900,51.000,1.400
2022-11-19 15:00:00,2.750,60.000,342.400,28.000,0.300
2022-11-19 16:00:00,3.080,2.000,0.000,2.000,-1.000
2022-11-19 17:00:00,3.090,0.000,0.000,0.000,-2.000
2022-11-19 18:00:00,3.110,0.000,0.000,0.000,-2.600
2022-11-19 19:00:00,3.340,0.000,0.000,0.000,-2.800
2022-11-19 20:00:00,3.720,0.000,0.000,0.000,-3.000
2022-11-19 21:00:00,3.910,0.000,0.000,0.000,-3.100
2022-11-19 22:00:00,4.430,0.000,0.000,0.000,-3.200
2022-11-19 23:00:00,4.570,0.000,0.000,0.000,-2.700
2022-11-20 00:00:00,4.880,0.000,0.000,0.000,-2.700
2022-11-20 01:00:00,4.940,0.000,0.000,0.000,-2.800
2022-11-20 02:00:00,4.890,0.000,0.000,0.000,-2.900
2022-11-20 03:00:00,4.770,0.000,0.000,0.000,-2.800
2022-11-20 04:00:00,4.480,0.000,0.000,0.000,-3.200
2022-11-20 05:00:00,4.450,0.000,0.000,0.000,-2.800
2022-11-20 06:00:00,4.750,0.000,0.000,0.000,-2.600
2022-11-20 07:00:00,5.150,0.000,0.000,0.000,-2.000
2022-11-20 08:00:00,5.220,36.000,191.100,21.000,-2.000
2022-11-20 09:00:00,5.250,118.000,366.600,53.000,-1.600
2022-11-20 10:00:00,5.030,181.000,400.300,79.000,-0.700
2022-11-20 11:00:00,4.310,234.000,492.000,88.000,0.100
2022-11-20 12:00:00,3.910,222.000,433.000,92.000,0.600
2022-11-20 13:00:00,3.210,172.000,283.000,97.000,0.900
2022-11-20 14:00:00,2.500,112.000,248.100,64.000,0.700
2022-11-20 15:00:00,3.450,37.000,143.600,24.000,0.300
2022-11-20 16:00:00,3.580,1.000,0.000,1.000,-0.500
2022-11-20 17:00:00,2.490,0.000,0.000,0.000,-1.000
2022-11-20 18:00:00,2.600,0.000,0.000,0.000,-1.000
2022-11-20 19:00:00,3.860,0.000,0.000,0.000,-1.700
2022-11-20 20:00:00,3.780,0.000,0.000,0.000,-2.200
2022-11-20 21:00:00,3.310,0.000,0.000,0.000,-1.900
2022-11-20 22:00:00,3.730,0.000,0.000,0.000,-1.400
2022-11-20 23:00:00,3.970,0.000,0.000,0.000,-1.400
2022-11-21 00:00:00,4.250,0.000,0.000,0.000,-1.500
2022-11-21 01:00:00,3.380,0.000,0.000,0.000,-1.500
2022-11-21 02:00:00,2.150,0.000,0.000,0.000,-1.600
2022-11-21 03:00:00,1.120,0.000,0.000,0.000,-2.100
2022-11-21 04:00:00,1.910,0.000,0.000,0.000,-2.200
2022-11-21 05:00:00,2.530,0.000,0.000,0.000,-2.300
2022-11-21 06:00:00,2.160,0.000,0.000,0.000,-2.200
2022-11-21 07:00:00,1.980,0.000,0.000,0.000,-2.200
2022-11-21 08:00:00,1.150,32.000,183.200,18.000,-2.000
2022-11-21 09:00:00,1.820,122.000,420.900,49.000,-1.600
2022-11-21 10:00:00,2.940,197.000,517.900,67.000,-0.700
2022-11-21 11:00:00,3.180,234.000,559.600,70.000,0.200
2022-11-21 12:00:00,2.960,232.000,471.900,92.000,0.800
2022-11-21 13:00:00,3.040,215.000,569.400,66.000,1.200
2022-11-21 14:00:00,4.330,119.000,320.400,58.000,1.000
2022-11-21 15:00:00,6.030,29.000,136.900,17.000,0.600
2022-11-21 16:00:00,6.260,1.000,0.000,1.000,-0.000
2022-11-21 17:00:00,6.120,0.000,0.000,0.000,-0.100
2022-11-21 18:00:00,6.430,0.000,0.000,0.000,-0.100
2022-11-21 19:00:00,6.240,0.000,0.000,0.000,-0.200
2022-11-21 20:00:00,6.820,0.000,0.000,0.000,-0.300
2022-11-21 21:00:00,6.980,0.000,0.000,0.000,-0.400
2022-11-21 22:00:00,7.740,0.000,0.000,0.000,-1.000
2022-11-21 23:00:00,7.960,0.000,0.000,0.000,-0.700
2022-11-22 00:00:00,8.500,0.000,0.000,0.000,-0.400
2022-11-22 01:00:00,8.260,0.000,0.000,0.000,-0.300
2022-11-22 02:00:00,8.330,0.000,0.000,0.000,-0.000
2022-11-22 03:00:00,8.590,0.000,0.000,0.000,0.200
2022-11-22 04:00:00,8.580,0.000,0.000,0.000,0.600
2022-11-22 05:00:00,8.460,0.000,0.000,0.000,0.800
2022-11-22 06:00:00,8.130,0.000,0.000,0.000,1.100
2022-11-22 07:00:00,7.030,0.000,0.000,0.000,1.400
2022-11-22 08:00:00,6.510,6.000,0.000,6.000,1.600
2022-11-22 09:00:00,6.330,14.000,0.000,14.000,2.000
2022-11-22 10:00:00,5.520,36.000,4.000,35.000,2.900
2022-11-22 11:00:00,5.250,112.000,41.500,100.000,3.900
2022-11-22 12:00:00,5.150,165.000,133.000,126.000,4.700
2022-11-22 13:00:00,5.670,126.000,85.100,104.000,5.000
2022-11-22 14:00:00,6.000,105.000,181.500,71.000,4.700
2022-11-22 15:00:00,6.060,42.000,117.200,32.000,4.200
2022-11-22 16:00:00,6.820,1.000,0.000,1.000,3.600
2022-11-22 17:00:00,7.140,0.000,0.000,0.000,3.300
2022-11-22 18:00:00,7.410,0.000,0.000,0.000,3.200
2022-11-22 19:00:00,7.560,0.000,0.000,0.000,3.200
2022-11-22 20:00:00,7.640,0.000,0.000,0.000,3.300
2022-11-22 21:00:00,7.890,0.000,0.000,0.000,3.400
2022-11-22 22:00:00,7.600,0.000,0.000,0.000,4.000
2022-11-22 23:00:00,7.340,0.000,0.000,0.000,4.400
2022-11-23 00:00:00,7.570,0.000,0.000,0.000,4.800
2022-11-23 01:00:00,7.720,0.000,0.000,0.000,5.100
2022-11-23 02:00:00,7.750,0.000,0.000,0.000,5.400
2022-11-23 03:00:00,7.600,0.000,0.000,0.000,5.800
2022-11-23 04:00:00,7.650,0.000,0.000,0.000,5.800
2022-11-23 05:00:00,7.550,0.000,0.000,0.000,5.700
2022-11-23 06:00:00,7.550,0.000,0.000,0.000,5.900
2022-11-23 07:00:00,7.600,0.000,0.000,0.000,6.000
2022-11-23 08:00:00,7.530,16.000,82.900,10.000,6.100
2022-11-23 09:00:00,7.050,72.000,174.800,43.000,6.700
2022-11-23 10:00:00,6.610,163.000,418.800,61.000,7.800
2022-11-23 11:00:00,5.860,223.000,517.800,75.000,8.500
2022-11-23 12:00:00,5.500,205.000,434.800,79.000,9.100
2022-11-23 13:00:00,5.820,173.000,391.800,73.000,9.300
2022-11-23 14:00:00,6.180,117.000,357.800,51.000,9.200
2022-11-23 15:00:00,6.800,47.000,274.400,24.000,8.200
2022-11-23 16:00:00,7.390,1.000,0.000,1.000,6.800
2022-11-23 17:00:00,7.870,0.000,0.000,0.000,5.900
2022-11-23 18:00:00,8.040,0.000,0.000,0.000,5.400
2022-11-23 19:00:00,8.000,0.000,0.000,0.000,5.200
2022-11-23 20:00:00,7.810,0.000,0.000,0.000,5.100
2022-11-23 21:00:00,7.460,0.000,0.000,0.000,4.800
2022-11-23 22:00:00,7.180,0.000,0.000,0.000,5.100
2022-11-23 23:00:00,7.100,0.000,0.000,0.000,5.500
2022-11-24 00:00:00,6.720,0.000,0.000,0.000,5.600
2022-11-24 01:00:00,6.630,0.000,0.000,0.000,5.500
2022-11-24 02:00:00,6.790,0.000,0.000,0.000,5.200
2022-11-24 03:00:00,6.960,0.000,0.000,0.000,5.200
2022-11-24 04:00:00,7.070,0.000,0.000,0.000,5.500
2022-11-24 05:00:00,7.120,0.000,0.000,0.000,5.500
2022-11-24 06:00:00,6.900,0.000,0.000,0.000,5.400
2022-11-24 07:00:00,6.700,0.000,0.000,0.000,5.400
2022-11-24 08:00:00,6.800,29.000,184.800,16.000,5.800
2022-11-24 09:00:00,6.480,101.000,339.100,46.000,6.700
2022-11-24 10:00:00,5.630,157.000,383.400,65.000,7.800
2022-11-24 11:00:00,4.720,204.000,449.800,77.000,8.700
2022-11-24 12:00:00,5.350,189.000,335.100,93.000,9.400
2022-11-24 13:00:00,5.010,109.000,95.200,85.000,9.400
2022-11-24 14:00:00,4.740,62.000,77.100,48.000,9.300
2022-11-24 15:00:00,4.510,23.000,85.000,16.000,8.800
2022-11-24 16:00:00,4.490,0.000,0.000,0.000,7.800
2022-11-24 17:00:00,5.660,0.000,0.000,0.000,6.700
2022-11-24 18:00:00,6.200,0.000,0.000,0.000,6.500
2022-11-24 19:00:00,5.730,0.000,0.000,0.000,6.500
2022-11-24 20:00:00,5.620,0.000,0.000,0.000,5.900
2022-11-24 21:00:00,5.830,0.000,0.000,0.000,5.100
2022-11-24 22:00:00,5.800,0.000,0.000,0.000,4.200
2022-11-24 23:00:00,5.850,0.000,0.000,0.000,3.700
2022-11-25 00:00:00,6.380,0.000,0.000,0.000,3.500
2022-11-25 01:00:00,6.750,0.000,0.000,0.000,3.400
2022-11-25 02:00:00,7.060,0.000,0.000,0.000,3.700
2022-11-25 03:00:00,7.200,0.000,0.000,0.000,3.900
2022-11-25 04:00:00,7.370,0.000,0.000,0.000,3.900
2022-11-25 05:00:00,7.550,0.000,0.000,0.000,4.000
2022-11-25 06:00:00,7.580,0.000,0.000,0.000,4.400
2022-11-25 07:00:00,7.260,0.000,0.000,0.000,4.700
2022-11-25 08:00:00,6.720,15.000,29.200,13.000,5.300
2022-11-25 09:00:00,6.330,40.000,18.900,37.000,6.100
2022-11-25 10:00:00,5.970,73.000,21.200,68.000,6.700
2022-11-25 11:00:00,6.030,65.000,0.000,65.000,7.400
2022-11-25 12:00:00,5.810,42.000,10.600,39.000,7.600
2022-11-25 13:00:00,5.790,38.000,44.100,27.000,8.000
2022-11-25 14:00:00,5.620,61.000,61.500,50.000,8.400
2022-11-25 15:00:00,5.860,37.000,210.000,20.000,7.800
2022-11-25 16:00:00,6.470,0.000,0.000,0.000,7.400
2022-11-25 17:00:00,6.860,0.000,0.000,0.000,7.600
2022-11-25 18:00:00,6.880,0.000,0.000,0.000,7.700
2022-11-25 19:00:00,6.890,0.000,0.000,0.000,7.700
2022-11-25 20:00:00,6.900,0.000,0.000,0.000,7.300
2022-11-25 21:00:00,6.730,0.000,0.000,0.000,7.300
2022-11-25 22:00:00,6.760,0.000,0.000,0.000,6.900
2022-11-25 23:00:00,6.450,0.000,0.000,0.000,6.800
2022-11-26 00:00:00,6.270,0.000,0.000,0.000,6.500
2022-11-26 01:00:00,6.580,0.000,0.000,0.000,5.800
2022-11-26 02:00:00,6.780,0.000,0.000,0.000,5.300
2022-11-26 03:00:00,6.490,0.000,0.000,0.000,5.000
2022-11-26 04:00:00,6.200,0.000,0.000,0.000,4.600
2022-11-26 05:00:00,6.330,0.000,0.000,0.000,4.500
2022-11-26 06:00:00,6.120,0.000,0.000,0.000,4.300
2022-11-26 07:00:00,6.100,0.000,0.000,0.000,4.400
2022-11-26 08:00:00,6.270,20.000,105.300,13.000,4.700
2022-11-26 09:00:00,6.140,90.000,296.700,44.000,5.600
2022-11-26 10:00:00,5.290,152.000,365.000,67.000,6.500
2022-11-26 11:00:00,5.230,215.000,522.600,71.000,7.500
2022-11-26 12:00:00,5.180,188.000,332.000,95.000,8.000
2022-11-26 13:00:00,5.120,155.000,280.200,86.000,8.400
2022-11-26 14:00:00,5.150,82.000,158.800,54.000,8.300
2022-11-26 15:00:00,4.630,31.000,138.200,20.000,7.300
2022-11-26 16:00:00,4.780,0.000,0.000,0.000,6.400
2022-11-26 17:00:00,5.230,0.000,0.000,0.000,6.000
2022-11-26 18:00:00,5.590,0.000,0.000,0.000,5.800
2022-11-26 19:00:00,6.060,0.000,0.000,0.000,5.700
2022-11-26 20:00:00,6.420,0.000,0.000,0.000,5.500
2022-11-26 21:00:00,6.670,0.000,0.000,0.000,5.100
2022-11-26 22:00:00,6.920,0.000,0.000,0.000,5.100
2022-11-26 23:00:00,6.730,0.000,0.000,0.000,5.000
2022-11-27 00:00:00,6.720,0.000,0.000,0.000,4.600
2022-11-27 01:00:00,7.310,0.000,0.000,0.000,4.300
2022-11-27 02:00:00,7.170,0.000,0.000,0.000,3.700
2022-11-27 03:00:00,6.990,0.000,0.000,0.000,3.500
2022-11-27 04:00:00,6.930,0.000,0.000,0.000,3.100
2022-11-27 05:00:00,7.130,0.000,0.000,0.000,2.700
2022-11-27 06:00:00,7.210,0.000,0.000,0.000,2.600
2022-11-27 07:00:00,7.430,0.000,0.000,0.000,2.500
2022-11-27 08:00:00,7.410,22.000,123.900,14.000,2.600
2022-11-27 09:00:00,7.050,81.000,105.600,65.000,3.800
2022-11-27 10:00:00,6.450,115.000,56.600,102.000,5.200
2022-11-27 11:00:00,6.360,157.000,121.200,124.000,6.400
2022-11-27 12:00:00,5.710,165.000,180.400,115.000,7.100
2022-11-27 13:00:00,6.190,103.000,24.600,97.000,7.500
2022-11-27 14:00:00,6.130,69.000,5.800,68.000,7.500
2022-11-27 15:00:00,6.140,21.000,0.000,21.000,7.100
2022-11-27 16:00:00,6.340,0.000,0.000,0.000,6.700
2022-11-27 17:00:00,6.480,0.000,0.000,0.000,6.600
2022-11-27 18:00:00,6.420,0.000,0.000,0.000,6.600
2022-11-27 19:00:00,6.550,0.000,0.000,0.000,6.300
2022-11-27 20:00:00,6.690,0.000,0.000,0.000,6.300
2022-11-27 21:00:00,6.870,0.000,0.000,0.000,6.200
2022-11-27 22:00:00,6.260,0.000,0.000,0.000,6.200
2022-11-27 23:00:00,6.560,0.000,0.000,0.000,6.100
2022-11-28 00:00:00,7.100,0.000,0.000,0.000,6.000
2022-11-28 01:00:00,7.490,0.000,0.000,0.000,5.800
2022-11-28 02:00:00,7.710,0.000,0.000,0.000,5.500
2022-11-28 03:00:00,7.420,0.000,0.000,0.000,5.200
2022-11-28 04:00:00,7.160,0.000,0.000,0.000,5.000
2022-11-28 05:00:00,7.090,0.000,0.000,0.000,4.900
2022-11-28 06:00:00,6.770,0.000,0.000,0.000,4.800
2022-11-28 07:00:00,6.230,0.000,0.000,0.000,4.700
2022-11-28 08:00:00,5.770,7.000,0.000,7.000,4.800
2022-11-28 09:00:00,5.480,32.000,0.000,32.000,5.000
2022-11-28 10:00:00,4.790,52.000,0.000,52.000,5.200
2022-11-28 11:00:00,4.580,66.000,3.700,65.000,5.400
2022-11-28 12:00:00,4.610,82.000,3.600,81.000,5.800
2022-11-28 13:00:00,4.420,75.000,0.000,75.000,6.100
2022-11-28 14:00:00,4.490,58.000,0.000,58.000,6.100
2022-11-28 15:00:00,4.760,20.000,0.000,20.000,5.700
2022-11-28 16:00:00,5.040,0.000,0.000,0.000,5.300
2022-11-28 17:00:00,4.720,0.000,0.000,0.000,5.000
2022-11-28 18:00:00,4.560,0.000,0.000,0.000,4.700
2022-11-28 19:00:00,4.410,0.000,0.000,0.000,4.500
2022-11-28 20:00:00,4.250,0.000,0.000,0.000,4.500
2022-11-28 21:00:00,4.150,0.000,0.000,0.000,4.400
2022-11-28 22:00:00,3.780,0.000,0.000,0.000,4.600
2022-11-28 23:00:00,2.970,0.000,0.000,0.000,4.700
2022-11-29 00:00:00,2.050,0.000,0.000,0.000,4.600
2022-11-29 01:00:00,2.440,0.000,0.000,0.000,4.600
2022-11-29 02:00:00,3.190,0.000,0.000,0.000,4.700
2022-11-29 03:00:00,3.100,0.000,0.000,0.000,4.600
2022-11-29 04:00:00,2.990,0.000,0.000,0.000,4.500
2022-11-29 05:00:00,2.930,0.000,0.000,0.000,4.500
2022-11-29 06:00:00,2.860,0.000,0.000,0.000,4.500
2022-11-29 07:00:00,2.730,0.000,0.000,0.000,4.500
2022-11-29 08:00:00,2.920,4.000,0.000,4.000,4.600
2022-11-29 09:00:00,2.880,27.000,6.900,26.000,4.800
2022-11-29 10:00:00,2.440,45.000,13.500,42.000,4.700
2022-11-29 11:00:00,1.810,41.000,11.300,38.000,4.900
2022-11-29 12:00:00,1.860,43.000,11.100,40.000,5.200
2022-11-29 13:00:00,2.160,40.000,12.600,37.000,5.400
2022-11-29 14:00:00,2.700,19.000,0.000,19.000,5.400
2022-11-29 15:00:00,3.220,8.000,0.000,8.000,5.300
2022-11-29 16:00:00,3.500,0.000,0.000,0.000,5.100
2022-11-29 17:00:00,3.420,0.000,0.000,0.000,5.000
2022-11-29 18:00:00,3.400,0.000,0.000,0.000,4.900
2022-11-29 19:00:00,3.320,0.000,0.000,0.000,4.800
2022-11-29 20:00:00,3.410,0.000,0.000,0.000,4.800
2022-11-29 21:00:00,3.430,0.000,0.000,0.000,4.800
2022-11-29 22:00:00,3.430,0.000,0.000,0.000,4.700
2022-11-29 23:00:00,3.390,0.000,0.000,0.000,4.700
2022-11-30 00:00:00,3.120,0.000,0.000,0.000,4.700
2022-11-30 01:00:00,3.150,0.000,0.000,0.000,4.600
2022-11-30 02:00:00,3.250,0.000,0.000,0.000,4.600
2022-11-30 03:00:00,3.510,0.000,0.000,0.000,4.500
2022-11-30 04:00:00,3.640,0.000,0.000,0.000,4.500
2022-11-30 05:00:00,3.760,0.000,0.000,0.000,4.500
2022-11-30 06:00:00,3.800,0.000,0.000,0.000,4.500
2022-11-30 07:00:00,3.810,0.000,0.000,0.000,4.700
2022-11-30 08:00:00,3.770,3.000,0.000,3.000,4.700
2022-11-30 09:00:00,3.400,16.000,0.000,16.000,4.900
2022-11-30 10:00:00,2.960,28.000,0.000,28.000,4.900
2022-11-30 11:00:00,3.020,43.000,7.600,41.000,5.100
2022-11-30 12:00:00,3.160,39.000,0.000,39.000,5.200
2022-11-30 13:00:00,3.290,42.000,8.500,40.000,5.300
2022-11-30 14:00:00,3.570,21.000,0.000,21.000,5.300
2022-11-30 15:00:00,3.770,6.000,0.000,6.000,5.200
2022-11-30 16:00:00,3.790,0.000,0.000,0.000,5.100
2022-11-30 17:00:00,3.860,0.000,0.000,0.000,5.000
2022-11-30 18:00:00,4.030,0.000,0.000,0.000,4.900
2022-11-30 19:00:00,4.110,0.000,0.000,0.000,4.700
2022-11-30 20:00:00,4.100,0.000,0.000,0.000,4.500
2022-11-30 21:00:00,4.150,0.000,0.000,0.000,4.400
2022-11-30 22:00:00,4.100,0.000,0.000,0.000,4.100
2022-11-30 23:00:00,4.100,0.000,0.000,0.000,3.700
2022-12-01 00:00:00,4.150,0.000,0.000,0.000,3.100
2022-12-01 01:00:00,4.200,0.000,0.000,0.000,2.600
2022-12-01 02:00:00,3.800,0.000,0.000,0.000,2.200
2022-12-01 03:00:00,3.610,0.000,0.000,0.000,2.100
2022-12-01 04:00:00,3.610,0.000,0.000,0.000,2.100
2022-12-01 05:00:00,3.710,0.000,0.000,0.000,2.100
2022-12-01 06:00:00,3.750,0.000,0.000,0.000,2.000
2022-12-01 07:00:00,3.860,0.000,0.000,0.000,2.000
2022-12-01 08:00:00,3.710,5.000,0.000,5.000,2.100
2022-12-01 09:00:00,3.450,31.000,14.400,29.000,2.200
2022-12-01 10:00:00,2.910,52.000,9.200,50.000,2.400
2022-12-01 11:00:00,2.400,62.000,7.700,60.000,2.500
2022-12-01 12:00:00,2.360,71.000,3.800,70.000,2.600
2022-12-01 13:00:00,2.860,51.000,4.300,50.000,2.600
2022-12-01 14:00:00,3.430,39.000,6.100,38.000,2.500
2022-12-01 15:00:00,3.510,12.000,13.500,11.000,2.300
2022-12-01 16:00:00,3.640,0.000,0.000,0.000,2.000
2022-12-01 17:00:00,3.770,0.000,0.000,0.000,1.800
2022-12-01 18:00:00,3.700,0.000,0.000,0.000,1.700
2022-12-01 19:00:00,3.810,0.000,0.000,0.000,1.600
2022-12-01 20:00:00,3.880,0.000,0.000,0.000,1.500
2022-12-01 21:00:00,4.020,0.000,0.000,0.000,1.500
2022-12-01 22:00:00,3.450,0.000,0.000,0.000,1.200
2022-12-01 23:00:00,3.530,0.000,0.000,0.000,1.100
2022-12-02 00:00:00,3.730,0.000,0.000,0.000,0.900
2022-12-02 01:00:00,4.070,0.000,0.000,0.000,0.900
2022-12-02 02:00:00,4.220,0.000,0.000,0.000,0.800
2022-12-02 03:00:00,4.490,0.000,0.000,0.000,0.500
2022-12-02 04:00:00,4.670,0.000,0.000,0.000,0.500
2022-12-02 05:00:00,4.780,0.000,0.000,0.000,0.600
2022-12-02 06:00:00,5.160,0.000,0.000,0.000,0.700
2022-12-02 07:00:00,5.690,0.000,0.000,0.000,0.800
2022-12-02 08:00:00,6.030,8.000,0.000,8.000,0.800
2022-12-02 09:00:00,6.320,49.000,44.300,43.000,1.100
2022-12-02 10:00:00,7.100,63.000,0.000,63.000,1.300
2022-12-02 11:00:00,6.660,98.000,31.100,90.000,1.500
2022-12-02 12:00:00,7.480,78.000,26.600,71.000,1.500
2022-12-02 13:00:00,7.720,81.000,30.300,74.000,1.600
2022-12-02 14:00:00,7.120,54.000,36.800,48.000,1.500
2022-12-02 15:00:00,6.330,17.000,27.500,15.000,1.400
2022-12-02 16:00:00,6.660,0.000,0.000,0.000,1.200
2022-12-02 17:00:00,6.730,0.000,0.000,0.000,1.200
2022-12-02 18:00:00,6.580,0.000,0.000,0.000,1.100
2022-12-02 19:00:00,6.420,0.000,0.000,0.000,1.100
2022-12-02 20:00:00,6.390,0.000,0.000,0.000,1.100
2022-12-02 21:00:00,6.600,0.000,0.000,0.000,1.000
2022-12-02 22:00:00,5.920,0.000,0.000,0.000,1.000
2022-12-02 23:00:00,6.300,0.000,0.000,0.000,0.700
2022-12-03 00:00:00,6.220,0.000,0.000,0.000,0.400
2022-12-03 01:00:00,6.200,0.000,0.000,0.000,0.200
2022-12-03 02:00:00,6.140,0.000,0.000,0.000,0.100
2022-12-03 03:00:00,5.880,0.000,0.000,0.000,-0.100
2022-12-03 04:00:00,5.790,0.000,0.000,0.000,-0.200
2022-12-03 05:00:00,5.620,0.000,0.000,0.000,-0.400
2022-12-03 06:00:00,5.490,0.000,0.000,0.000,-0.600
2022-12-03 07:00:00,5.400,0.000,0.000,0.000,-0.700
2022-12-03 08:00:00,5.440,9.000,0.000,9.000,-0.800
2022-12-03 09:00:00,5.290,61.000,120.800,45.000,-0.800
2022-12-03 10:00:00,4.700,89.000,113.700,65.000,-0.700
2022-12-03 11:00:00,4.610,121.000,207.800,68.000,-0.600
2022-12-03 12:00:00,4.230,142.000,172.300,97.000,-0.500
2022-12-03 13:00:00,4.070,102.000,104.700,78.000,-0.600
2022-12-03 14:00:00,4.610,47.000,18.600,44.000,-0.700
2022-12-03 15:00:00,4.980,12.000,0.000,12.000,-0.500
2022-12-03 16:00:00,5.350,0.000,0.000,0.000,-0.500
2022-12-03 17:00:00,5.700,0.000,0.000,0.000,-0.400
2022-12-03 18:00:00,5.650,0.000,0.000,0.000,-0.300
2022-12-03 19:00:00,5.450,0.000,0.000,0.000,-0.400
2022-12-03 20:00:00,5.740,0.000,0.000,0.000,-0.300
2022-12-03 21:00:00,5.780,0.000,0.000,0.000,-0.300
2022-12-03 22:00:00,4.960,0.000,0.000,0.000,-0.400
2022-12-03 23:00:00,5.010,0.000,0.000,0.000,-0.500
2022-12-04 00:00:00,5.820,0.000,0.000,0.000,-0.400
2022-12-04 01:00:00,5.810,0.000,0.000,0.000,-0.400
2022-12-04 02:00:00,5.940,0.000,0.000,0.000,-0.200
2022-12-04 03:00:00,6.260,0.000,0.000,0.000,-0.300
2022-12-04 04:00:00,6.490,0.000,0.000,0.000,-0.200
2022-12-04 05:00:00,6.650,0.000,0.000,0.000,-0.100
2022-12-04 06:00:00,7.240,0.000,0.000,0.000,0.000
2022-12-04 07:00:00,6.970,0.000,0.000,0.000,0.100
2022-12-04 08:00:00,7.570,6.000,19.000,5.000,0.200
2022-12-04 09:00:00,6.560,39.000,23.100,36.000,0.300
2022-12-04 10:00:00,6.120,66.000,76.800,50.000,0.800
2022-12-04 11:00:00,5.900,76.000,63.400,60.000,0.900
2022-12-04 12:00:00,5.910,70.000,27.000,63.000,1.000
2022-12-04 13:00:00,6.510,61.000,13.200,58.000,1.100
2022-12-04 14:00:00,6.520,37.000,0.000,37.000,1.300
2022-12-04 15:00:00,7.380,10.000,0.000,10.000,1.400
2022-12-04 16:00:00,6.660,0.000,0.000,0.000,1.400
2022-12-04 17:00:00,6.370,0.000,0.000,0.000,1.500
2022-12-04 18:00:00,6.550,0.000,0.000,0.000,1.500
2022-12-04 19:00:00,6.590,0.000,0.000,0.000,1.600
2022-12-04 20:00:00,6.350,0.000,0.000,0.000,1.700
2022-12-04 21:00:00,6.110,0.000,0.000,0.000,1.800
2022-12-04 22:00:00,5.630,0.000,0.000,0.000,1.700
2022-12-04 23:00:00,5.920,0.000,0.000,0.000,1.700
2022-12-05 00:00:00,5.790,0.000,0.000,0.000,1.800
2022-12-05 01:00:00,5.420,0.000,0.000,0.000,1.900
2022-12-05 02:00:00,5.220,0.000,0.000,0.000,1.900
2022-12-05 03:00:00,4.880,0.000,0.000,0.000,2.000
2022-12-05 04:00:00,4.610,0.000,0.000,0.000,1.700
2022-12-05 05:00:00,4.330,0.000,0.000,0.000,1.600
2022-12-05 06:00:00,4.120,0.000,0.000,0.000,1.400
2022-12-05 07:00:00,3.880,0.000,0.000,0.000,1.200
2022-12-05 08:00:00,3.830,2.000,0.000,2.000,1.100
2022-12-05 09:00:00,3.180,14.000,0.000,14.000,1.100
2022-12-05 10:00:00,2.100,23.000,0.000,23.000,1.300
2022-12-05 11:00:00,1.440,27.000,0.000,27.000,1.100
2022-12-05 12:00:00,0.960,30.000,0.000,30.000,1.200
2022-12-05 13:00:00,0.780,41.000,0.000,41.000,1.100
2022-12-05 14:00:00,0.510,25.000,0.000,25.000,1.100
2022-12-05 15:00:00,0.500,9.000,0.000,9.000,1.300
2022-12-05 16:00:00,0.350,0.000,0.000,0.000,1.000
2022-12-05 17:00:00,0.710,0.000,0.000,0.000,1.000
2022-12-05 18:00:00,1.480,0.000,0.000,0.000,0.900
2022-12-05 19:00:00,2.030,0.000,0.000,0.000,0.900
2022-12-05 20:00:00,2.400,0.000,0.000,0.000,0.900
2022-12-05 21:00:00,2.650,0.000,0.000,0.000,0.800
2022-12-05 22:00:00,2.720,0.000,0.000,0.000,0.700
2022-12-05 23:00:00,2.950,0.000,0.000,0.000,0.700
2022-12-06 00:00:00,3.250,0.000,0.000,0.000,0.600
2022-12-06 01:00:00,3.360,0.000,0.000,0.000,0.600
2022-12-06 02:00:00,3.730,0.000,0.000,0.000,0.700
2022-12-06 03:00:00,4.420,0.000,0.000,0.000,0.800
2022-12-06 04:00:00,4.400,0.000,0.000,0.000,1.000
2022-12-06 05:00:00,4.660,0.000,0.000,0.000,1.300
2022-12-06 06:00:00,4.790,0.000,0.000,0.000,1.800
2022-12-06 07:00:00,4.920,0.000,0.000,0.000,2.200
2022-12-06 08:00:00,5.230,2.000,0.000,2.000,2.600
2022-12-06 09:00:00,5.400,11.000,0.000,11.000,2.800
2022-12-06 10:00:00,5.150,18.000,0.000,18.000,3.100
2022-12-06 11:00:00,4.960,27.000,0.000,27.000,3.200
2022-12-06 12:00:00,4.720,35.000,7.800,33.000,3.200
2022-12-06 13:00:00,4.940,39.000,22.300,34.000,3.300
2022-12-06 14:00:00,4.860,37.000,31.900,32.000,3.300
2022-12-06 15:00:00,4.850,12.000,57.400,8.000,3.300
2022-12-06 16:00:00,5.010,0.000,0.000,0.000,3.100
2022-12-06 17:00:00,4.940,0.000,0.000,0.000,2.700
2022-12-06 18:00:00,4.960,0.000,0.000,0.000,2.600
2022-12-06 19:00:00,4.870,0.000,0.000,0.000,2.200
2022-12-06 20:00:00,4.960,0.000,0.000,0.000,2.000
2022-12-06 21:00:00,5.430,0.000,0.000,0.000,2.100
2022-12-06 22:00:00,6.400,0.000,0.000,0.000,2.300
2022-12-06 23:00:00,6.910,0.000,0.000,0.000,2.300
2022-12-07 00:00:00,7.110,0.000,0.000,0.000,2.600
2022-12-07 01:00:00,7.370,0.000,0.000,0.000,2.700
2022-12-07 02:00:00,7.570,0.000,0.000,0.000,3.300
2022-12-07 03:00:00,7.750,0.000,0.000,0.000,3.500
2022-12-07 04:00:00,8.010,0.000,0.000,0.000,3.300
2022-12-07 05:00:00,8.260,0.000,0.000,0.000,3.200
2022-12-07 06:00:00,8.120,0.000,0.000,0.000,2.700
2022-12-07 07:00:00,7.870,0.000,0.000,0.000,2.600
2022-12-07 08:00:00,7.760,8.000,19.100,7.000,2.700
2022-12-07 09:00:00,7.410,68.000,164.100,48.000,2.800
2022-12-07 10:00:00,6.570,120.000,293.400,61.000,3.500
2022-12-07 11:00:00,6.750,159.000,244.000,99.000,3.900
2022-12-07 12:00:00,6.960,140.000,158.100,100.000,4.200
2022-12-07 13:00:00,6.910,100.000,63.000,86.000,4.000
2022-12-07 14:00:00,7.550,75.000,77.200,63.000,3.800
2022-12-07 15:00:00,7.360,21.000,29.000,19.000,3.400
2022-12-07 16:00:00,6.690,0.000,0.000,0.000,2.900
2022-12-07 17:00:00,6.200,0.000,0.000,0.000,2.300
2022-12-07 18:00:00,5.900,0.000,0.000,0.000,1.800
2022-12-07 19:00:00,5.880,0.000,0.000,0.000,1.900
2022-12-07 20:00:00,6.030,0.000,0.000,0.000,1.700
2022-12-07 21:00:00,6.370,0.000,0.000,0.000,1.700
2022-12-07 22:00:00,5.970,0.000,0.000,0.000,2.100
2022-12-07 23:00:00,6.650,0.000,0.000,0.000,2.000
2022-12-08 00:00:00,7.180,0.000,0.000,0.000,2.200
2022-12-08 01:00:00,7.720,0.000,0.000,0.000,2.000
2022-12-08 02:00:00,7.940,0.000,0.000,0.000,2.000
2022-12-08 03:00:00,8.220,0.000,0.000,0.000,2.300
2022-12-08 04:00:00,8.140,0.000,0.000,0.000,2.200
2022-12-08 05:00:00,7.890,0.000,0.000,0.000,2.100
2022-12-08 06:00:00,7.730,0.000,0.000,0.000,2.200
2022-12-08 07:00:00,7.650,0.000,0.000,0.000,2.300
2022-12-08 08:00:00,7.330,6.000,0.000,6.000,2.400
2022-12-08 09:00:00,7.480,33.000,8.400,32.000,2.600
2022-12-08 10:00:00,5.730,62.000,5.000,61.000,2.800
2022-12-08 11:00:00,6.530,71.000,12.300,68.000,3.000
2022-12-08 12:00:00,5.980,111.000,75.600,92.000,3.100
2022-12-08 13:00:00,5.380,102.000,113.200,77.000,3.300
2022-12-08 14:00:00,4.950,72.000,103.600,56.000,3.100
2022-12-08 15:00:00,4.550,24.000,73.000,19.000,2.700
2022-12-08 16:00:00,4.510,0.000,0.000,0.000,1.600
2022-12-08 17:00:00,4.320,0.000,0.000,0.000,1.000
2022-12-08 18:00:00,4.280,0.000,0.000,0.000,0.500
2022-12-08 19:00:00,4.250,0.000,0.000,0.000,0.100
2022-12-08 20:00:00,3.990,0.000,0.000,0.000,-0.300
2022-12-08 21:00:00,3.700,0.000,0.000,0.000,-0.700
2022-12-08 22:00:00,2.550,0.000,0.000,0.000,0.800
2022-12-08 23:00:00,2.680,0.000,0.000,0.000,0.700
2022-12-09 00:00:00,2.830,0.000,0.000,0.000,0.300
2022-12-09 01:00:00,2.260,0.000,0.000,0.000,-0.200
2022-12-09 02:00:00,2.060,0.000,0.000,0.000,-0.100
2022-12-09 03:00:00,2.150,0.000,0.000,0.000,-0.200
2022-12-09 04:00:00,2.250,0.000,0.000,0.000,-0.700
2022-12-09 05:00:00,2.620,0.000,0.000,0.000,-0.800
2022-12-09 06:00:00,2.930,0.000,0.000,0.000,-0.800
2022-12-09 07:00:00,3.180,0.000,0.000,0.000,-1.000
2022-12-09 08:00:00,3.020,6.000,19.100,5.000,-0.500
2022-12-09 09:00:00,2.830,36.000,34.100,32.000,-0.300
2022-12-09 10:00:00,3.640,84.000,142.200,56.000,0.400
2022-12-09 11:00:00,2.750,84.000,53.700,71.000,0.900
2022-12-09 12:00:00,2.120,95.000,68.000,78.000,1.200
2022-12-09 13:00:00,1.540,70.000,18.200,66.000,1.300
2022-12-09 14:00:00,1.350,43.000,19.600,40.000,1.200
2022-12-09 15:00:00,2.220,12.000,29.400,10.000,1.000
2022-12-09 16:00:00,3.090,0.000,0.000,0.000,0.500
2022-12-09 17:00:00,3.470,0.000,0.000,0.000,0.200
2022-12-09 18:00:00,3.530,0.000,0.000,0.000,-0.200
2022-12-09 19:00:00,3.330,0.000,0.000,0.000,-0.200
2022-12-09 20:00:00,3.240,0.000,0.000,0.000,-0.500
2022-12-09 21:00:00,3.240,0.000,0.000,0.000,-0.600
2022-12-09 22:00:00,2.460,0.000,0.000,0.000,-0.400
2022-12-09 23:00:00,2.030,0.000,0.000,0.000,-0.500
2022-12-10 00:00:00,2.040,0.000,0.000,0.000,-0.600
2022-12-10 01:00:00,2.160,0.000,0.000,0.000,-0.700
2022-12-10 02:00:00,2.200,0.000,0.000,0.000,-0.800
2022-12-10 03:00:00,2.060,0.000,0.000,0.000,-1.100
2022-12-10 04:00:00,2.060,0.000,0.000,0.000,-1.300
2022-12-10 05:00:00,2.300,0.000,0.000,0.000,-1.200
2022-12-10 06:00:00,2.500,0.000,0.000,0.000,-1.300
2022-12-10 07:00:00,2.750,0.000,0.000,0.000,-1.400
2022-12-10 08:00:00,2.600,5.000,0.000,5.000,-1.300
2022-12-10 09:00:00,2.450,35.000,43.400,30.000,-1.100
2022-12-10 10:00:00,2.050,75.000,71.800,61.000,-0.700
2022-12-10 11:00:00,1.340,96.000,137.300,63.000,-0.600
2022-12-10 12:00:00,1.350,78.000,32.200,70.000,-0.500
2022-12-10 13:00:00,1.160,71.000,13.700,68.000,-0.500
2022-12-10 14:00:00,1.100,54.000,52.400,46.000,-0.600
2022-12-10 15:00:00,1.170,13.000,44.300,10.000,-0.700
2022-12-10 16:00:00,1.390,0.000,0.000,0.000,-0.800
2022-12-10 17:00:00,1.350,0.000,0.000,0.000,-1.000
2022-12-10 18:00:00,1.300,0.000,0.000,0.000,-1.100
2022-12-10 19:00:00,1.120,0.000,0.000,0.000,-1.100
2022-12-10 20:00:00,1.170,0.000,0.000,0.000,-1.200
2022-12-10 21:00:00,1.270,0.000,0.000,0.000,-1.400
2022-12-10 22:00:00,0.400,0.000,0.000,0.000,-2.000
2022-12-10 23:00:00,0.620,0.000,0.000,0.000,-2.300
2022-12-11 00:00:00,0.910,0.000,0.000,0.000,-1.900
2022-12-11 01:00:00,0.850,0.000,0.000,0.000,-2.000
2022-12-11 02:00:00,1.130,0.000,0.000,0.000,-1.900
2022-12-11 03:00:00,1.410,0.000,0.000,0.000,-1.900
2022-12-11 04:00:00,0.950,0.000,0.000,0.000,-2.200
2022-12-11 05:00:00,0.850,0.000,0.000,0.000,-2.300
2022-12-11 06:00:00,1.010,0.000,0.000,0.000,-2.400
2022-12-11 07:00:00,1.390,0.000,0.000,0.000,-2.600
2022-12-11 08:00:00,1.500,4.000,19.100,3.000,-2.700
2022-12-11 09:00:00,1.520,52.000,194.400,30.000,-2.600
2022-12-11 10:00:00,1.130,98.000,222.600,55.000,-2.000
2022-12-11 11:00:00,1.160,153.000,376.800,63.000,-1.800
2022-12-11 12:00:00,0.930,179.000,437.000,71.000,-1.500
2022-12-11 13:00:00,0.760,144.000,400.000,57.000,-1.400
2022-12-11 14:00:00,0.430,91.000,296.200,46.000,-1.300
2022-12-11 15:00:00,0.530,27.000,163.300,16.000,-1.300
2022-12-11 16:00:00,1.170,0.000,0.000,0.000,-2.000
2022-12-11 17:00:00,1.610,0.000,0.000,0.000,-2.200
2022-12-11 18:00:00,2.010,0.000,0.000,0.000,-2.500
2022-12-11 19:00:00,2.190,0.000,0.000,0.000,-2.100
2022-12-11 20:00:00,2.020,0.000,0.000,0.000,-2.200
2022-12-11 21:00:00,1.630,0.000,0.000,0.000,-2.100
2022-12-11 22:00:00,2.350,0.000,0.000,0.000,-2.800
2022-12-11 23:00:00,1.990,0.000,0.000,0.000,-2.800
2022-12-12 00:00:00,1.920,0.000,0.000,0.000,-2.900
2022-12-12 01:00:00,2.000,0.000,0.000,0.000,-3.200
2022-12-12 02:00:00,2.120,0.000,0.000,0.000,-3.700
2022-12-12 03:00:00,2.390,0.000,0.000,0.000,-3.900
2022-12-12 04:00:00,2.410,0.000,0.000,0.000,-4.100
2022-12-12 05:00:00,2.370,0.000,0.000,0.000,-4.300
2022-12-12 06:00:00,2.480,0.000,0.000,0.000,-4.600
2022-12-12 07:00:00,2.420,0.000,0.000,0.000,-4.800
2022-12-12 08:00:00,2.080,4.000,19.100,3.000,-4.600
2022-12-12 09:00:00,1.500,31.000,71.900,23.000,-4.100
2022-12-12 10:00:00,1.300,66.000,57.500,55.000,-3.100
2022-12-12 11:00:00,1.550,94.000,101.100,70.000,-2.400
2022-12-12 12:00:00,1.500,112.000,142.300,77.000,-1.700
2022-12-12 13:00:00,1.540,136.000,290.800,73.000,-1.200
2022-12-12 14:00:00,1.610,76.000,152.000,53.000,-1.300
2022-12-12 15:00:00,1.840,21.000,74.500,16.000,-2.000
2022-12-12 16:00:00,2.050,0.000,0.000,0.000,-3.100
2022-12-12 17:00:00,2.230,0.000,0.000,0.000,-3.500
2022-12-12 18:00:00,2.300,0.000,0.000,0.000,-4.600
2022-12-12 19:00:00,2.560,0.000,0.000,0.000,-5.300
2022-12-12 20:00:00,2.700,0.000,0.000,0.000,-5.800
2022-12-12 21:00:00,2.760,0.000,0.000,0.000,-6.300
2022-12-12 22:00:00,2.630,0.000,0.000,0.000,-7.100
2022-12-12 23:00:00,3.030,0.000,0.000,0.000,-6.900
2022-12-13 00:00:00,3.160,0.000,0.000,0.000,-6.800
2022-12-13 01:00:00,3.340,0.000,0.000,0.000,-6.700
2022-12-13 02:00:00,3.120,0.000,0.000,0.000,-7.300
2022-12-13 03:00:00,3.320,0.000,0.000,0.000,-7.700
2022-12-13 04:00:00,3.640,0.000,0.000,0.000,-7.600
2022-12-13 05:00:00,3.830,0.000,0.000,0.000,-7.400
2022-12-13 06:00:00,3.900,0.000,0.000,0.000,-7.100
2022-12-13 07:00:00,3.540,0.000,0.000,0.000,-7.500
2022-12-13 08:00:00,3.380,6.000,38.200,4.000,-7.000
2022-12-13 09:00:00,3.020,53.000,228.400,28.000,-6.200
2022-12-13 10:00:00,2.770,125.000,379.300,53.000,-4.200
2022-12-13 11:00:00,2.370,157.000,355.900,73.000,-3.000
2022-12-13 12:00:00,2.250,161.000,383.800,67.000,-2.300
2022-12-13 13:00:00,2.260,155.000,421.600,64.000,-1.900
2022-12-13 14:00:00,2.510,101.000,384.400,43.000,-1.900
2022-12-13 15:00:00,3.380,29.000,194.100,16.000,-3.000
2022-12-13 16:00:00,4.220,0.000,0.000,0.000,-4.200
2022-12-13 17:00:00,4.670,0.000,0.000,0.000,-5.100
2022-12-13 18:00:00,4.500,0.000,0.000,0.000,-5.700
2022-12-13 19:00:00,4.250,0.000,0.000,0.000,-6.200
2022-12-13 20:00:00,3.920,0.000,0.000,0.000,-6.500
2022-12-13 21:00:00,4.210,0.000,0.000,0.000,-6.400
2022-12-13 22:00:00,4.600,0.000,0.000,0.000,-7.100
2022-12-13 23:00:00,4.330,0.000,0.000,0.000,-7.200
2022-12-14 00:00:00,4.270,0.000,0.000,0.000,-7.200
2022-12-14 01:00:00,4.350,0.000,0.000,0.000,-7.200
2022-12-14 02:00:00,4.430,0.000,0.000,0.000,-7.500
2022-12-14 03:00:00,4.380,0.000,0.000,0.000,-8.000
2022-12-14 04:00:00,4.550,0.000,0.000,0.000,-8.400
2022-12-14 05:00:00,4.880,0.000,0.000,0.000,-8.600
2022-12-14 06:00:00,4.840,0.000,0.000,0.000,-8.800
2022-12-14 07:00:00,4.680,0.000,0.000,0.000,-8.500
2022-12-14 08:00:00,4.280,7.000,38.200,5.000,-8.300
2022-12-14 09:00:00,3.870,68.000,250.700,41.000,-7.400
2022-12-14 10:00:00,3.530,150.000,488.600,58.000,-6.000
2022-12-14 11:00:00,2.960,201.000,592.100,62.000,-4.200
2022-12-14 12:00:00,2.510,220.000,672.200,56.000,-2.800
2022-12-14 13:00:00,2.080,185.000,617.900,52.000,-2.100
2022-12-14 14:00:00,2.750,114.000,471.500,43.000,-2.200
2022-12-14 15:00:00,3.480,33.000,269.200,15.000,-3.800
2022-12-14 16:00:00,3.260,0.000,0.000,0.000,-5.700
2022-12-14 17:00:00,2.890,0.000,0.000,0.000,-6.600
2022-12-14 18:00:00,3.160,0.000,0.000,0.000,-7.100
2022-12-14 19:00:00,3.920,0.000,0.000,0.000,-7.300
2022-12-14 20:00:00,4.670,0.000,0.000,0.000,-8.100
2022-12-14 21:00:00,5.000,0.000,0.000,0.000,-8.900
2022-12-14 22:00:00,5.290,0.000,0.000,0.000,-7.900
2022-12-14 23:00:00,6.070,0.000,0.000,0.000,-7.800
2022-12-15 00:00:00,6.310,0.000,0.000,0.000,-7.700
2022-12-15 01:00:00,6.570,0.000,0.000,0.000,-7.900
2022-12-15 02:00:00,6.600,0.000,0.000,0.000,-7.700
2022-12-15 03:00:00,6.820,0.000,0.000,0.000,-7.900
2022-12-15 04:00:00,6.740,0.000,0.000,0.000,-7.700
2022-12-15 05:00:00,6.870,0.000,0.000,0.000,-7.600
2022-12-15 06:00:00,6.890,0.000,0.000,0.000,-7.400
2022-12-15 07:00:00,6.700,0.000,0.000,0.000,-7.100
2022-12-15 08:00:00,6.730,7.000,38.200,5.000,-6.900
2022-12-15 09:00:00,6.330,72.000,386.600,31.000,-5.600
2022-12-15 10:00:00,5.810,150.000,540.400,49.000,-3.500
2022-12-15 11:00:00,4.910,199.000,607.800,57.000,-2.000
2022-12-15 12:00:00,4.740,210.000,621.000,59.000,-0.800
2022-12-15 13:00:00,5.090,179.000,582.100,54.000,-0.200
2022-12-15 14:00:00,5.590,113.000,472.100,42.000,-0.300
2022-12-15 15:00:00,5.590,32.000,254.400,15.000,-1.400
2022-12-15 16:00:00,4.860,0.000,0.000,0.000,-2.600
2022-12-15 17:00:00,5.030,0.000,0.000,0.000,-3.100
2022-12-15 18:00:00,5.370,0.000,0.000,0.000,-3.900
2022-12-15 19:00:00,5.010,0.000,0.000,0.000,-4.200
2022-12-15 20:00:00,4.680,0.000,0.000,0.000,-4.700
2022-12-15 21:00:00,4.220,0.000,0.000,0.000,-5.300
2022-12-15 22:00:00,3.060,0.000,0.000,0.000,-6.300
2022-12-15 23:00:00,2.580,0.000,0.000,0.000,-6.400
2022-12-16 00:00:00,2.130,0.000,0.000,0.000,-7.100
2022-12-16 01:00:00,1.950,0.000,0.000,0.000,-7.600
2022-12-16 02:00:00,1.200,0.000,0.000,0.000,-8.100
2022-12-16 03:00:00,0.610,0.000,0.000,0.000,-8.600
2022-12-16 04:00:00,1.690,0.000,0.000,0.000,-9.100
2022-12-16 05:00:00,2.520,0.000,0.000,0.000,-9.800
2022-12-16 06:00:00,2.800,0.000,0.000,0.000,-9.800
2022-12-16 07:00:00,2.650,0.000,0.000,0.000,-9.500
2022-12-16 08:00:00,2.490,6.000,38.200,4.000,-8.800
2022-12-16 09:00:00,2.170,55.000,239.200,30.000,-6.800
2022-12-16 10:00:00,1.150,107.000,285.600,54.000,-4.300
2022-12-16 11:00:00,0.210,156.000,412.700,60.000,-3.200
2022-12-16 12:00:00,0.360,131.000,272.200,65.000,-2.600
2022-12-16 13:00:00,0.870,111.000,223.900,63.000,-1.800
2022-12-16 14:00:00,1.280,80.000,252.800,42.000,-1.400
2022-12-16 15:00:00,1.610,25.000,164.500,14.000,-1.900
2022-12-16 16:00:00,1.820,0.000,0.000,0.000,-2.800
2022-12-16 17:00:00,1.700,0.000,0.000,0.000,-3.000
2022-12-16 18:00:00,1.390,0.000,0.000,0.000,-3.300
2022-12-16 19:00:00,0.900,0.000,0.000,0.000,-3.600
2022-12-16 20:00:00,0.320,0.000,0.000,0.000,-4.100
2022-12-16 21:00:00,0.400,0.000,0.000,0.000,-4.100
2022-12-16 22:00:00,1.970,0.000,0.000,0.000,-4.700
2022-12-16 23:00:00,2.240,0.000,0.000,0.000,-5.000
2022-12-17 00:00:00,2.120,0.000,0.000,0.000,-5.600
2022-12-17 01:00:00,2.200,0.000,0.000,0.000,-5.800
2022-12-17 02:00:00,2.600,0.000,0.000,0.000,-6.200
2022-12-17 03:00:00,3.000,0.000,0.000,0.000,-6.400
2022-12-17 04:00:00,3.360,0.000,0.000,0.000,-6.400
2022-12-17 05:00:00,3.200,0.000,0.000,0.000,-6.700
2022-12-17 06:00:00,2.910,0.000,0.000,0.000,-7.100
2022-12-17 07:00:00,3.000,0.000,0.000,0.000,-7.400
2022-12-17 08:00:00,3.420,4.000,19.100,3.000,-6.800
2022-12-17 09:00:00,3.590,51.000,174.600,33.000,-5.800
2022-12-17 10:00:00,3.380,124.000,374.200,55.000,-4.100
2022-12-17 11:00:00,2.710,136.000,254.600,77.000,-2.800
2022-12-17 12:00:00,2.630,180.000,450.600,71.000,-1.800
2022-12-17 13:00:00,2.580,168.000,495.000,62.000,-1.400
2022-12-17 14:00:00,3.210,103.000,365.700,48.000,-2.000
2022-12-17 15:00:00,4.080,31.000,238.900,15.000,-3.700
2022-12-17 16:00:00,4.950,0.000,0.000,0.000,-4.300
2022-12-17 17:00:00,5.650,0.000,0.000,0.000,-4.900
2022-12-17 18:00:00,5.860,0.000,0.000,0.000,-5.200
2022-12-17 19:00:00,5.820,0.000,0.000,0.000,-5.600
2022-12-17 20:00:00,5.760,0.000,0.000,0.000,-6.200
2022-12-17 21:00:00,5.980,0.000,0.000,0.000,-6.400
2022-12-17 22:00:00,5.870,0.000,0.000,0.000,-7.000
2022-12-17 23:00:00,6.250,0.000,0.000,0.000,-7.100
2022-12-18 00:00:00,6.460,0.000,0.000,0.000,-7.300
2022-12-18 01:00:00,6.410,0.000,0.000,0.000,-7.500
2022-12-18 02:00:00,6.680,0.000,0.000,0.000,-7.700
2022-12-18 03:00:00,6.510,0.000,0.000,0.000,-7.700
2022-12-18 04:00:00,6.260,0.000,0.000,0.000,-7.800
2022-12-18 05:00:00,6.280,0.000,0.000,0.000,-8.000
2022-12-18 06:00:00,6.350,0.000,0.000,0.000,-8.100
2022-12-18 07:00:00,6.250,0.000,0.000,0.000,-8.000
2022-12-18 08:00:00,6.160,5.000,19.100,4.000,-8.000
2022-12-18 09:00:00,5.990,67.000,353.700,31.000,-6.900
2022-12-18 10:00:00,5.860,140.000,458.200,56.000,-5.100
2022-12-18 11:00:00,4.840,189.000,541.200,64.000,-3.600
2022-12-18 12:00:00,5.130,211.000,637.800,57.000,-2.800
2022-12-18 13:00:00,6.440,175.000,551.300,57.000,-2.300
2022-12-18 14:00:00,7.110,93.000,205.800,62.000,-2.600
2022-12-18 15:00:00,7.860,22.000,0.000,22.000,-3.000
2022-12-18 16:00:00,7.970,0.000,0.000,0.000,-3.100
2022-12-18 17:00:00,8.300,0.000,0.000,0.000,-3.100
2022-12-18 18:00:00,8.390,0.000,0.000,0.000,-3.100
2022-12-18 19:00:00,8.300,0.000,0.000,0.000,-2.800
2022-12-18 20:00:00,8.030,0.000,0.000,0.000,-2.600
2022-12-18 21:00:00,7.850,0.000,0.000,0.000,-2.200
2022-12-18 22:00:00,7.320,0.000,0.000,0.000,-1.800
2022-12-18 23:00:00,7.850,0.000,0.000,0.000,-1.300
2022-12-19 00:00:00,8.200,0.000,0.000,0.000,-0.900
2022-12-19 01:00:00,8.110,0.000,0.000,0.000,-0.600
2022-12-19 02:00:00,8.850,0.000,0.000,0.000,-0.700
2022-12-19 03:00:00,9.590,0.000,0.000,0.000,-0.300
2022-12-19 04:00:00,10.020,0.000,0.000,0.000,0.100
2022-12-19 05:00:00,10.260,0.000,0.000,0.000,0.500
2022-12-19 06:00:00,10.550,0.000,0.000,0.000,0.700
2022-12-19 07:00:00,10.580,0.000,0.000,0.000,1.100
2022-12-19 08:00:00,10.380,0.000,0.000,0.000,1.400
2022-12-19 09:00:00,10.260,4.000,0.000,4.000,1.900
2022-12-19 10:00:00,9.550,9.000,0.000,9.000,2.500
2022-12-19 11:00:00,9.710,8.000,0.000,8.000,3.000
2022-12-19 12:00:00,9.850,18.000,0.000,18.000,3.600
2022-12-19 13:00:00,10.370,18.000,0.000,18.000,4.200
2022-12-19 14:00:00,10.200,10.000,0.000,10.000,4.700
2022-12-19 15:00:00,10.360,3.000,0.000,3.000,5.000
2022-12-19 16:00:00,10.090,0.000,0.000,0.000,5.100
2022-12-19 17:00:00,10.660,0.000,0.000,0.000,5.200
2022-12-19 18:00:00,10.900,0.000,0.000,0.000,5.300
2022-12-19 19:00:00,10.850,0.000,0.000,0.000,5.500
2022-12-19 20:00:00,11.070,0.000,0.000,0.000,5.700
2022-12-19 21:00:00,10.620,0.000,0.000,0.000,6.200
2022-12-19 22:00:00,10.190,0.000,0.000,0.000,5.800
2022-12-19 23:00:00,10.090,0.000,0.000,0.000,5.600
2022-12-20 00:00:00,10.020,0.000,0.000,0.000,5.800
2022-12-20 01:00:00,9.860,0.000,0.000,0.000,6.100
2022-12-20 02:00:00,9.010,0.000,0.000,0.000,6.400
2022-12-20 03:00:00,8.620,0.000,0.000,0.000,6.700
2022-12-20 04:00:00,8.720,0.000,0.000,0.000,7.200
2022-12-20 05:00:00,9.090,0.000,0.000,0.000,7.500
2022-12-20 06:00:00,9.600,0.000,0.000,0.000,7.600
2022-12-20 07:00:00,9.710,0.000,0.000,0.000,7.700
2022-12-20 08:00:00,9.510,1.000,0.000,1.000,8.000
2022-12-20 09:00:00,9.390,12.000,0.000,12.000,8.200
2022-12-20 10:00:00,8.620,72.000,55.100,62.000,8.900
2022-12-20 11:00:00,8.810,129.000,226.300,77.000,9.600
2022-12-20 12:00:00,8.520,135.000,199.200,87.000,10.100
2022-12-20 13:00:00,8.850,67.000,37.400,59.000,10.200
2022-12-20 14:00:00,8.580,42.000,52.900,34.000,10.000
2022-12-20 15:00:00,9.160,16.000,44.300,13.000,9.700
2022-12-20 16:00:00,8.810,0.000,0.000,0.000,9.300
2022-12-20 17:00:00,8.530,0.000,0.000,0.000,8.700
2022-12-20 18:00:00,8.530,0.000,0.000,0.000,8.700
2022-12-20 19:00:00,8.500,0.000,0.000,0.000,8.800
2022-12-20 20:00:00,8.440,0.000,0.000,0.000,8.700
2022-12-20 21:00:00,8.300,0.000,0.000,0.000,8.400
2022-12-20 22:00:00,7.910,0.000,0.000,0.000,8.100
2022-12-20 23:00:00,7.880,0.000,0.000,0.000,8.100
2022-12-21 00:00:00,7.630,0.000,0.000,0.000,8.200
2022-12-21 01:00:00,7.740,0.000,0.000,0.000,8.100
2022-12-21 02:00:00,7.180,0.000,0.000,0.000,8.100
2022-12-21 03:00:00,6.600,0.000,0.000,0.000,8.000
2022-12-21 04:00:00,5.580,0.000,0.000,0.000,7.900
2022-12-21 05:00:00,5.060,0.000,0.000,0.000,7.700
2022-12-21 06:00:00,4.980,0.000,0.000,0.000,7.500
2022-12-21 07:00:00,4.830,0.000,0.000,0.000,7.400
2022-12-21 08:00:00,5.230,0.000,0.000,0.000,7.300
2022-12-21 09:00:00,4.810,4.000,0.000,4.000,7.500
2022-12-21 10:00:00,4.400,10.000,0.000,10.000,7.700
2022-12-21 11:00:00,4.300,12.000,0.000,12.000,7.800
2022-12-21 12:00:00,4.950,15.000,0.000,15.000,7.800
2022-12-21 13:00:00,5.400,22.000,4.700,21.000,8.100
2022-12-21 14:00:00,5.890,17.000,6.600,16.000,8.200
2022-12-21 15:00:00,6.370,8.000,0.000,8.000,7.900
2022-12-21 16:00:00,6.590,0.000,0.000,0.000,7.200
2022-12-21 17:00:00,6.890,0.000,0.000,0.000,6.800
2022-12-21 18:00:00,7.120,0.000,0.000,0.000,6.400
2022-12-21 19:00:00,7.660,0.000,0.000,0.000,6.100
2022-12-21 20:00:00,7.530,0.000,0.000,0.000,6.400
2022-12-21 21:00:00,7.880,0.000,0.000,0.000,6.500
2022-12-21 22:00:00,7.550,0.000,0.000,0.000,6.300
2022-12-21 23:00:00,7.780,0.000,0.000,0.000,6.400
2022-12-22 00:00:00,7.830,0.000,0.000,0.000,6.200
2022-12-22 01:00:00,7.530,0.000,0.000,0.000,7.000
2022-12-22 02:00:00,7.290,0.000,0.000,0.000,7.400
2022-12-22 03:00:00,6.720,0.000,0.000,0.000,7.700
2022-12-22 04:00:00,5.990,0.000,0.000,0.000,7.900
2022-12-22 05:00:00,5.570,0.000,0.000,0.000,7.900
2022-12-22 06:00:00,5.750,0.000,0.000,0.000,7.900
2022-12-22 07:00:00,5.680,0.000,0.000,0.000,7.900
2022-12-22 08:00:00,5.240,1.000,0.000,1.000,7.800
2022-12-22 09:00:00,4.800,11.000,0.000,11.000,7.800
2022-12-22 10:00:00,4.690,19.000,0.000,19.000,7.800
2022-12-22 11:00:00,5.990,26.000,0.000,26.000,8.300
2022-12-22 12:00:00,6.860,31.000,0.000,31.000,8.600
2022-12-22 13:00:00,6.860,42.000,0.000,42.000,8.900
2022-12-22 14:00:00,6.750,51.000,72.100,40.000,8.700
2022-12-22 15:00:00,7.650,21.000,73.000,16.000,7.700
2022-12-22 16:00:00,7.600,0.000,0.000,0.000,6.600
2022-12-22 17:00:00,7.690,0.000,0.000,0.000,6.100
2022-12-22 18:00:00,7.130,0.000,0.000,0.000,5.700
2022-12-22 19:00:00,7.180,0.000,0.000,0.000,5.600
2022-12-22 20:00:00,6.870,0.000,0.000,0.000,5.000
2022-12-22 21:00:00,6.170,0.000,0.000,0.000,4.800
2022-12-22 22:00:00,5.650,0.000,0.000,0.000,4.900
2022-12-22 23:00:00,5.680,0.000,0.000,0.000,5.500
2022-12-23 00:00:00,4.990,0.000,0.000,0.000,6.000
2022-12-23 01:00:00,5.160,0.000,0.000,0.000,6.400
2022-12-23 02:00:00,5.620,0.000,0.000,0.000,7.200
2022-12-23 03:00:00,5.660,0.000,0.000,0.000,7.500
2022-12-23 04:00:00,5.460,0.000,0.000,0.000,7.500
2022-12-23 05:00:00,4.970,0.000,0.000,0.000,7.100
2022-12-23 06:00:00,4.890,0.000,0.000,0.000,6.700
2022-12-23 07:00:00,4.840,0.000,0.000,0.000,6.400
2022-12-23 08:00:00,4.310,1.000,0.000,1.000,6.200
2022-12-23 09:00:00,3.910,12.000,0.000,12.000,6.300
2022-12-23 10:00:00,2.670,26.000,0.000,26.000,6.500
2022-12-23 11:00:00,2.160,35.000,0.000,35.000,6.700
2022-12-23 12:00:00,0.760,39.000,4.100,38.000,6.900
2022-12-23 13:00:00,1.140,21.000,4.600,20.000,6.600
2022-12-23 14:00:00,2.460,12.000,0.000,12.000,6.700
2022-12-23 15:00:00,4.140,4.000,0.000,4.000,6.600
2022-12-23 16:00:00,4.970,0.000,0.000,0.000,6.600
2022-12-23 17:00:00,5.600,0.000,0.000,0.000,6.600
2022-12-23 18:00:00,5.230,0.000,0.000,0.000,6.700
2022-12-23 19:00:00,5.010,0.000,0.000,0.000,6.800
2022-12-23 20:00:00,4.920,0.000,0.000,0.000,6.500
2022-12-23 21:00:00,5.190,0.000,0.000,0.000,6.400
2022-12-23 22:00:00,4.630,0.000,0.000,0.000,6.000
2022-12-23 23:00:00,4.150,0.000,0.000,0.000,5.800
2022-12-24 00:00:00,3.670,0.000,0.000,0.000,5.600
2022-12-24 01:00:00,3.260,0.000,0.000,0.000,5.900
2022-12-24 02:00:00,1.810,0.000,0.000,0.000,6.800
2022-12-24 03:00:00,2.450,0.000,0.000,0.000,7.400
2022-12-24 04:00:00,5.470,0.000,0.000,0.000,7.900
2022-12-24 05:00:00,8.990,0.000,0.000,0.000,8.500
2022-12-24 06:00:00,11.170,0.000,0.000,0.000,9.100
2022-12-24 07:00:00,10.660,0.000,0.000,0.000,9.300
2022-12-24 08:00:00,9.580,1.000,0.000,1.000,9.200
2022-12-24 09:00:00,8.910,28.000,31.100,25.000,9.500
2022-12-24 10:00:00,8.230,73.000,94.700,56.000,9.500
2022-12-24 11:00:00,7.870,99.000,196.500,54.000,9.800
2022-12-24 12:00:00,7.760,80.000,116.000,52.000,10.000
2022-12-24 13:00:00,7.620,108.000,226.900,59.000,10.000
2022-12-24 14:00:00,7.480,54.000,155.600,30.000,9.600
2022-12-24 15:00:00,7.510,24.000,129.300,15.000,9.300
2022-12-24 16:00:00,7.860,0.000,0.000,0.000,8.800
2022-12-24 17:00:00,8.110,0.000,0.000,0.000,8.700
2022-12-24 18:00:00,7.730,0.000,0.000,0.000,8.100
2022-12-24 19:00:00,7.020,0.000,0.000,0.000,7.600
2022-12-24 20:00:00,6.440,0.000,0.000,0.000,6.900
2022-12-24 21:00:00,6.370,0.000,0.000,0.000,6.200
2022-12-24 22:00:00,6.440,0.000,0.000,0.000,6.600
2022-12-24 23:00:00,5.900,0.000,0.000,0.000,5.100
2022-12-25 00:00:00,5.670,0.000,0.000,0.000,4.400
2022-12-25 01:00:00,6.530,0.000,0.000,0.000,4.100
2022-12-25 02:00:00,6.240,0.000,0.000,0.000,3.700
2022-12-25 03:00:00,6.390,0.000,0.000,0.000,4.000
2022-12-25 04:00:00,6.560,0.000,0.000,0.000,4.400
2022-12-25 05:00:00,6.810,0.000,0.000,0.000,4.700
2022-12-25 06:00:00,7.190,0.000,0.000,0.000,5.300
2022-12-25 07:00:00,7.090,0.000,0.000,0.000,6.000
2022-12-25 08:00:00,7.300,2.000,0.000,2.000,6.300
2022-12-25 09:00:00,6.290,30.000,10.400,29.000,7.000
2022-12-25 10:00:00,4.950,57.000,5.600,56.000,7.900
2022-12-25 11:00:00,5.440,67.000,0.000,67.000,8.300
2022-12-25 12:00:00,5.150,64.000,4.100,63.000,8.500
2022-12-25 13:00:00,5.450,38.000,0.000,38.000,8.400
2022-12-25 14:00:00,6.180,26.000,0.000,26.000,8.300
2022-12-25 15:00:00,5.820,6.000,0.000,6.000,8.300
2022-12-25 16:00:00,5.460,0.000,0.000,0.000,8.300
2022-12-25 17:00:00,6.040,0.000,0.000,0.000,8.400
2022-12-25 18:00:00,6.820,0.000,0.000,0.000,8.500
2022-12-25 19:00:00,6.190,0.000,0.000,0.000,8.800
2022-12-25 20:00:00,6.190,0.000,0.000,0.000,9.600
2022-12-25 21:00:00,6.270,0.000,0.000,0.000,10.300
2022-12-25 22:00:00,7.120,0.000,0.000,0.000,9.600
2022-12-25 23:00:00,7.050,0.000,0.000,0.000,9.700
2022-12-26 00:00:00,6.660,0.000,0.000,0.000,9.700
2022-12-26 01:00:00,6.660,0.000,0.000,0.000,9.600
2022-12-26 02:00:00,6.780,0.000,0.000,0.000,9.600
2022-12-26 03:00:00,6.960,0.000,0.000,0.000,9.500
2022-12-26 04:00:00,7.270,0.000,0.000,0.000,9.500
2022-12-26 05:00:00,7.650,0.000,0.000,0.000,9.700
2022-12-26 06:00:00,8.110,0.000,0.000,0.000,9.700
2022-12-26 07:00:00,8.270,0.000,0.000,0.000,9.400
2022-12-26 08:00:00,7.880,2.000,0.000,2.000,9.200
2022-12-26 09:00:00,7.550,27.000,0.000,27.000,9.100
2022-12-26 10:00:00,8.350,75.000,33.500,69.000,9.400
2022-12-26 11:00:00,8.860,96.000,61.000,82.000,9.900
2022-12-26 12:00:00,10.290,107.000,78.400,88.000,10.400
2022-12-26 13:00:00,10.930,99.000,197.700,56.000,10.500
2022-12-26 14:00:00,11.310,66.000,140.600,44.000,9.900
2022-12-26 15:00:00,9.950,22.000,98.700,15.000,8.600
2022-12-26 16:00:00,9.070,0.000,0.000,0.000,7.400
2022-12-26 17:00:00,8.420,0.000,0.000,0.000,6.200
2022-12-26 18:00:00,7.630,0.000,0.000,0.000,5.500
2022-12-26 19:00:00,7.900,0.000,0.000,0.000,5.100
2022-12-26 20:00:00,8.150,0.000,0.000,0.000,4.700
2022-12-26 21:00:00,8.290,0.000,0.000,0.000,4.500
2022-12-26 22:00:00,9.280,0.000,0.000,0.000,4.500
2022-12-26 23:00:00,9.820,0.000,0.000,0.000,4.000
2022-12-27 00:00:00,10.180,0.000,0.000,0.000,3.700
2022-12-27 01:00:00,10.370,0.000,0.000,0.000,3.400
2022-12-27 02:00:00,10.670,0.000,0.000,0.000,3.400
2022-12-27 03:00:00,10.540,0.000,0.000,0.000,3.400
2022-12-27 04:00:00,10.630,0.000,0.000,0.000,3.400
2022-12-27 05:00:00,10.970,0.000,0.000,0.000,3.700
2022-12-27 06:00:00,11.020,0.000,0.000,0.000,3.900
2022-12-27 07:00:00,10.580,0.000,0.000,0.000,3.900
2022-12-27 08:00:00,10.170,3.000,0.000,3.000,3.900
2022-12-27 09:00:00,9.740,41.000,104.900,31.000,4.000
2022-12-27 10:00:00,8.550,99.000,273.300,50.000,4.900
2022-12-27 11:00:00,7.940,128.000,304.700,58.000,5.200
2022-12-27 12:00:00,8.190,148.000,304.400,74.000,5.600
2022-12-27 13:00:00,8.780,154.000,443.900,57.000,6.000
2022-12-27 14:00:00,7.840,91.000,279.100,47.000,5.900
2022-12-27 15:00:00,7.260,28.000,97.700,21.000,5.400
2022-12-27 16:00:00,7.190,0.000,0.000,0.000,5.200
2022-12-27 17:00:00,7.500,0.000,0.000,0.000,4.700
2022-12-27 18:00:00,7.710,0.000,0.000,0.000,4.400
2022-12-27 19:00:00,8.030,0.000,0.000,0.000,4.700
2022-12-27 20:00:00,8.570,0.000,0.000,0.000,5.400
2022-12-27 21:00:00,8.680,0.000,0.000,0.000,5.700
2022-12-27 22:00:00,8.830,0.000,0.000,0.000,5.500
2022-12-27 23:00:00,9.500,0.000,0.000,0.000,4.900
2022-12-28 00:00:00,9.700,0.000,0.000,0.000,4.900
2022-12-28 01:00:00,9.770,0.000,0.000,0.000,4.700
2022-12-28 02:00:00,10.000,0.000,0.000,0.000,4.800
2022-12-28 03:00:00,10.350,0.000,0.000,0.000,4.800
2022-12-28 04:00:00,10.600,0.000,0.000,0.000,5.000
2022-12-28 05:00:00,10.910,0.000,0.000,0.000,5.500
2022-12-28 06:00:00,11.510,0.000,0.000,0.000,5.700
2022-12-28 07:00:00,11.600,0.000,0.000,0.000,6.000
2022-12-28 08:00:00,11.440,1.000,0.000,1.000,6.600
2022-12-28 09:00:00,11.140,7.000,0.000,7.000,7.100
2022-12-28 10:00:00,10.840,13.000,5.600,12.000,7.600
2022-12-28 11:00:00,10.550,15.000,0.000,15.000,8.200
2022-12-28 12:00:00,10.080,14.000,0.000,14.000,8.500
2022-12-28 13:00:00,9.980,19.000,0.000,19.000,8.800
2022-12-28 14:00:00,10.180,8.000,0.000,8.000,8.900
2022-12-28 15:00:00,10.460,5.000,0.000,5.000,9.000
2022-12-28 16:00:00,10.310,0.000,0.000,0.000,8.800
2022-12-28 17:00:00,9.820,0.000,0.000,0.000,8.700
2022-12-28 18:00:00,9.790,0.000,0.000,0.000,8.500
2022-12-28 19:00:00,10.570,0.000,0.000,0.000,8.500
2022-12-28 20:00:00,10.660,0.000,0.000,0.000,8.400
2022-12-28 21:00:00,10.760,0.000,0.000,0.000,8.300
2022-12-28 22:00:00,11.250,0.000,0.000,0.000,8.200
2022-12-28 23:00:00,11.410,0.000,0.000,0.000,8.700
2022-12-29 00:00:00,11.070,0.000,0.000,0.000,9.200
2022-12-29 01:00:00,10.840,0.000,0.000,0.000,9.600
2022-12-29 02:00:00,10.750,0.000,0.000,0.000,10.000
2022-12-29 03:00:00,10.930,0.000,0.000,0.000,10.300
2022-12-29 04:00:00,11.290,0.000,0.000,0.000,10.600
2022-12-29 05:00:00,11.760,0.000,0.000,0.000,11.000
2022-12-29 06:00:00,11.780,0.000,0.000,0.000,10.900
2022-12-29 07:00:00,12.210,0.000,0.000,0.000,10.800
2022-12-29 08:00:00,11.290,1.000,0.000,1.000,10.500
2022-12-29 09:00:00,9.690,25.000,42.000,21.000,10.200
2022-12-29 10:00:00,9.860,34.000,27.800,29.000,10.400
2022-12-29 11:00:00,10.040,58.000,104.000,34.000,10.500
2022-12-29 12:00:00,10.680,169.000,437.000,62.000,11.000
2022-12-29 13:00:00,11.760,126.000,326.000,54.000,11.000
2022-12-29 14:00:00,12.100,76.000,218.100,41.000,10.900
2022-12-29 15:00:00,11.430,30.000,191.000,16.000,10.600
2022-12-29 16:00:00,10.430,0.000,0.000,0.000,10.100
2022-12-29 17:00:00,9.890,0.000,0.000,0.000,9.700
2022-12-29 18:00:00,9.640,0.000,0.000,0.000,9.100
2022-12-29 19:00:00,10.240,0.000,0.000,0.000,9.100
2022-12-29 20:00:00,11.180,0.000,0.000,0.000,8.900
2022-12-29 21:00:00,10.750,0.000,0.000,0.000,8.700
2022-12-29 22:00:00,10.530,0.000,0.000,0.000,8.000
2022-12-29 23:00:00,10.270,0.000,0.000,0.000,7.900
2022-12-30 00:00:00,10.150,0.000,0.000,0.000,7.700
2022-12-30 01:00:00,10.070,0.000,0.000,0.000,7.800
2022-12-30 02:00:00,9.730,0.000,0.000,0.000,7.600
2022-12-30 03:00:00,9.360,0.000,0.000,0.000,7.200
2022-12-30 04:00:00,9.040,0.000,0.000,0.000,6.900
2022-12-30 05:00:00,8.740,0.000,0.000,0.000,6.600
2022-12-30 06:00:00,8.350,0.000,0.000,0.000,6.300
2022-12-30 07:00:00,8.640,0.000,0.000,0.000,6.100
2022-12-30 08:00:00,8.840,3.000,19.100,2.000,5.900
2022-12-30 09:00:00,8.350,59.000,314.000,29.000,6.500
2022-12-30 10:00:00,8.560,131.000,426.900,54.000,7.300
2022-12-30 11:00:00,8.370,171.000,384.200,82.000,7.800
2022-12-30 12:00:00,8.110,169.000,256.200,106.000,8.200
2022-12-30 13:00:00,10.300,137.000,148.500,104.000,8.400
2022-12-30 14:00:00,10.550,82.000,43.200,75.000,8.500
2022-12-30 15:00:00,10.810,23.000,0.000,23.000,8.500
2022-12-30 16:00:00,11.430,0.000,0.000,0.000,8.800
2022-12-30 17:00:00,12.430,0.000,0.000,0.000,8.900
2022-12-30 18:00:00,13.090,0.000,0.000,0.000,8.100
2022-12-30 19:00:00,13.490,0.000,0.000,0.000,8.600
2022-12-30 20:00:00,12.950,0.000,0.000,0.000,9.200
2022-12-30 21:00:00,11.540,0.000,0.000,0.000,9.900
2022-12-30 22:00:00,10.750,0.000,0.000,0.000,10.600
2022-12-30 23:00:00,9.960,0.000,0.000,0.000,11.200
2022-12-31 00:00:00,9.940,0.000,0.000,0.000,11.600
2022-12-31 01:00:00,9.800,0.000,0.000,0.000,11.900
2022-12-31 02:00:00,9.450,0.000,0.000,0.000,12.100
2022-12-31 03:00:00,9.300,0.000,0.000,0.000,12.100
2022-12-31 04:00:00,8.880,0.000,0.000,0.000,12.200
2022-12-31 05:00:00,8.710,0.000,0.000,0.000,12.200
2022-12-31 06:00:00,7.750,0.000,0.000,0.000,12.200
2022-12-31 07:00:00,7.540,0.000,0.000,0.000,12.200
2022-12-31 08:00:00,9.300,1.000,0.000,1.000,12.800
2022-12-31 09:00:00,12.920,16.000,31.300,13.000,13.800
2022-12-31 10:00:00,12.720,21.000,22.100,17.000,14.600
2022-12-31 11:00:00,12.820,41.000,8.600,39.000,15.100
2022-12-31 12:00:00,12.990,19.000,0.000,19.000,15.000
2022-12-31 13:00:00,13.070,20.000,0.000,20.000,15.500
2022-12-31 14:00:00,14.270,66.000,79.300,53.000,16.000
2022-12-31 15:00:00,14.270,26.000,66.400,21.000,16.100
2022-12-31 16:00:00,13.390,0.000,0.000,0.000,16.000
2022-12-31 17:00:00,12.740,0.000,0.000,0.000,15.900
2022-12-31 18:00:00,12.130,0.000,0.000,0.000,15.800
2022-12-31 19:00:00,12.320,0.000,0.000,0.000,15.700
2022-12-31 20:00:00,12.850,0.000,0.000,0.000,15.600
2022-12-31 21:00:00,13.190,0.000,0.000,0.000,15.500
2022-12-31 22:00:00,13.980,0.000,0.000,0.000,15.800
2022-12-31 23:00:00,14.460,0.000,0.000,0.000,15.800
