time,ws100,ghi,dni,dhi,t2m
2018-01-01 00:00:00,10.470,0.000,0.000,0.000,9.900
2018-01-01 01:00:00,10.640,0.000,0.000,0.000,9.400
2018-01-01 02:00:00,10.550,0.000,0.000,0.000,9.000
2018-01-01 03:00:00,11.030,0.000,0.000,0.000,8.700
2018-01-01 04:00:00,12.310,0.000,0.000,0.000,8.400
2018-01-01 05:00:00,12.600,0.000,0.000,0.000,8.000
2018-01-01 06:00:00,13.620,0.000,0.000,0.000,7.700
2018-01-01 07:00:00,13.880,0.000,0.000,0.000,7.600
2018-01-01 08:00:00,12.880,3.000,19.100,2.000,7.300
2018-01-01 09:00:00,11.860,44.000,197.100,25.000,7.200
2018-01-01 10:00:00,10.210,105.000,307.800,49.000,7.300
2018-01-01 11:00:00,9.040,151.000,350.400,69.000,7.600
2018-01-01 12:00:00,9.960,165.000,405.500,64.000,7.700
2018-01-01 13:00:00,10.140,141.000,367.200,58.000,7.700
2018-01-01 14:00:00,9.700,95.000,312.200,43.000,7.600
2018-01-01 15:00:00,7.990,33.000,169.100,20.000,7.000
2018-01-01 16:00:00,7.320,0.000,0.000,0.000,6.400
2018-01-01 17:00:00,6.950,0.000,0.000,0.000,5.900
2018-01-01 18:00:00,6.410,0.000,0.000,0.000,5.400
2018-01-01 19:00:00,6.040,0.000,0.000,0.000,5.200
2018-01-01 20:00:00,5.800,0.000,0.000,0.000,4.900
2018-01-01 21:00:00,5.620,0.000,0.000,0.000,4.800
2018-01-01 22:00:00,5.120,0.000,0.000,0.000,5.000
2018-01-01 23:00:00,3.830,0.000,0.000,0.000,4.800
2018-01-02 00:00:00,2.690,0.000,0.000,0.000,4.600
2018-01-02 01:00:00,3.290,0.000,0.000,0.000,4.300
2018-01-02 02:00:00,5.020,0.000,0.000,0.000,4.000
2018-01-02 03:00:00,5.960,0.000,0.000,0.000,3.800
2018-01-02 04:00:00,6.240,0.000,0.000,0.000,3.900
2018-01-02 05:00:00,6.900,0.000,0.000,0.000,4.500
2018-01-02 06:00:00,7.300,0.000,0.000,0.000,4.800
2018-01-02 07:00:00,7.320,0.000,0.000,0.000,4.800
2018-01-02 08:00:00,7.070,3.000,0.000,3.000,4.600
2018-01-02 09:00:00,6.770,51.000,237.200,28.000,4.900
2018-01-02 10:00:00,7.090,125.000,404.800,51.000,5.600
2018-01-02 11:00:00,8.440,143.000,310.400,70.000,5.900
2018-01-02 12:00:00,7.870,132.000,215.500,78.000,6.100
2018-01-02 13:00:00,8.170,101.000,153.600,66.000,6.100
2018-01-02 14:00:00,7.340,71.000,83.100,57.000,6.100
2018-01-02 15:00:00,7.130,34.000,115.400,25.000,5.900
2018-01-02 16:00:00,7.260,1.000,0.000,1.000,5.500
2018-01-02 17:00:00,7.300,0.000,0.000,0.000,5.200
2018-01-02 18:00:00,7.570,0.000,0.000,0.000,5.100
2018-01-02 19:00:00,7.480,0.000,0.000,0.000,4.900
2018-01-02 20:00:00,7.870,0.000,0.000,0.000,4.700
2018-01-02 21:00:00,8.190,0.000,0.000,0.000,4.700
2018-01-02 22:00:00,8.900,0.000,0.000,0.000,4.500
2018-01-02 23:00:00,9.610,0.000,0.000,0.000,4.800
2018-01-03 00:00:00,10.820,0.000,0.000,0.000,5.100
2018-01-03 01:00:00,11.180,0.000,0.000,0.000,5.100
2018-01-03 02:00:00,10.830,0.000,0.000,0.000,5.400
2018-01-03 03:00:00,11.630,0.000,0.000,0.000,5.500
2018-01-03 04:00:00,12.220,0.000,0.000,0.000,5.500
2018-01-03 05:00:00,12.430,0.000,0.000,0.000,5.700
2018-01-03 06:00:00,12.990,0.000,0.000,0.000,6.800
2018-01-03 07:00:00,12.310,0.000,0.000,0.000,8.400
2018-01-03 08:00:00,12.540,1.000,0.000,1.000,8.400
2018-01-03 09:00:00,12.020,36.000,41.000,32.000,7.500
2018-01-03 10:00:00,13.640,88.000,108.800,68.000,7.000
2018-01-03 11:00:00,13.520,122.000,126.900,92.000,6.700
2018-01-03 12:00:00,13.160,130.000,150.700,92.000,6.900
2018-01-03 13:00:00,15.200,157.000,365.800,73.000,6.800
2018-01-03 14:00:00,16.550,45.000,35.200,39.000,5.700
2018-01-03 15:00:00,17.240,13.000,25.300,11.000,5.900
2018-01-03 16:00:00,18.140,0.000,0.000,0.000,6.100
2018-01-03 17:00:00,17.000,0.000,0.000,0.000,6.300
2018-01-03 18:00:00,17.010,0.000,0.000,0.000,6.900
2018-01-03 19:00:00,16.530,0.000,0.000,0.000,6.800
2018-01-03 20:00:00,16.280,0.000,0.000,0.000,6.800
2018-01-03 21:00:00,15.770,0.000,0.000,0.000,6.900
2018-01-03 22:00:00,15.060,0.000,0.000,0.000,6.900
2018-01-03 23:00:00,14.240,0.000,0.000,0.000,6.900
2018-01-04 00:00:00,14.130,0.000,0.000,0.000,6.800
2018-01-04 01:00:00,13.530,0.000,0.000,0.000,6.600
2018-01-04 02:00:00,13.000,0.000,0.000,0.000,6.400
2018-01-04 03:00:00,12.350,0.000,0.000,0.000,6.300
2018-01-04 04:00:00,11.680,0.000,0.000,0.000,6.400
2018-01-04 05:00:00,11.680,0.000,0.000,0.000,6.400
2018-01-04 06:00:00,11.550,0.000,0.000,0.000,6.500
2018-01-04 07:00:00,11.430,0.000,0.000,0.000,6.500
2018-01-04 08:00:00,10.910,2.000,0.000,2.000,6.500
2018-01-04 09:00:00,10.420,22.000,0.000,22.000,6.700
2018-01-04 10:00:00,9.790,45.000,21.600,41.000,6.700
2018-01-04 11:00:00,9.530,88.000,58.800,74.000,6.900
2018-01-04 12:00:00,9.170,145.000,260.000,79.000,7.100
2018-01-04 13:00:00,7.690,111.000,142.500,78.000,7.300
2018-01-04 14:00:00,6.370,86.000,133.100,63.000,7.300
2018-01-04 15:00:00,5.530,19.000,0.000,19.000,7.100
2018-01-04 16:00:00,5.120,0.000,0.000,0.000,6.700
2018-01-04 17:00:00,6.760,0.000,0.000,0.000,6.400
2018-01-04 18:00:00,6.410,0.000,0.000,0.000,6.100
2018-01-04 19:00:00,6.860,0.000,0.000,0.000,6.100
2018-01-04 20:00:00,7.020,0.000,0.000,0.000,6.700
2018-01-04 21:00:00,9.540,0.000,0.000,0.000,8.000
2018-01-04 22:00:00,12.460,0.000,0.000,0.000,8.500
2018-01-04 23:00:00,13.390,0.000,0.000,0.000,8.400
2018-01-05 00:00:00,13.570,0.000,0.000,0.000,8.300
2018-01-05 01:00:00,13.890,0.000,0.000,0.000,7.900
2018-01-05 02:00:00,13.260,0.000,0.000,0.000,7.600
2018-01-05 03:00:00,12.970,0.000,0.000,0.000,7.400
2018-01-05 04:00:00,12.980,0.000,0.000,0.000,7.400
2018-01-05 05:00:00,12.230,0.000,0.000,0.000,7.200
2018-01-05 06:00:00,11.650,0.000,0.000,0.000,7.100
2018-01-05 07:00:00,10.080,0.000,0.000,0.000,6.800
2018-01-05 08:00:00,8.720,2.000,0.000,2.000,6.400
2018-01-05 09:00:00,9.330,16.000,0.000,16.000,6.800
2018-01-05 10:00:00,8.670,64.000,43.000,56.000,7.000
2018-01-05 11:00:00,9.180,86.000,16.700,82.000,7.000
2018-01-05 12:00:00,9.000,123.000,46.900,111.000,7.100
2018-01-05 13:00:00,7.890,112.000,68.500,96.000,7.000
2018-01-05 14:00:00,6.820,80.000,34.300,74.000,7.000
2018-01-05 15:00:00,6.130,32.000,0.000,32.000,6.700
2018-01-05 16:00:00,5.940,1.000,0.000,1.000,6.100
2018-01-05 17:00:00,5.660,0.000,0.000,0.000,5.700
2018-01-05 18:00:00,5.860,0.000,0.000,0.000,5.300
2018-01-05 19:00:00,6.040,0.000,0.000,0.000,5.200
2018-01-05 20:00:00,6.960,0.000,0.000,0.000,5.000
2018-01-05 21:00:00,8.070,0.000,0.000,0.000,5.200
2018-01-05 22:00:00,8.700,0.000,0.000,0.000,6.000
2018-01-05 23:00:00,9.260,0.000,0.000,0.000,6.400
2018-01-06 00:00:00,8.340,0.000,0.000,0.000,6.300
2018-01-06 01:00:00,8.350,0.000,0.000,0.000,5.900
2018-01-06 02:00:00,7.880,0.000,0.000,0.000,5.600
2018-01-06 03:00:00,7.820,0.000,0.000,0.000,5.200
2018-01-06 04:00:00,7.820,0.000,0.000,0.000,4.800
2018-01-06 05:00:00,7.420,0.000,0.000,0.000,4.600
2018-01-06 06:00:00,7.420,0.000,0.000,0.000,4.500
2018-01-06 07:00:00,7.180,0.000,0.000,0.000,4.500
2018-01-06 08:00:00,6.450,3.000,0.000,3.000,4.500
2018-01-06 09:00:00,6.040,33.000,49.700,28.000,4.700
2018-01-06 10:00:00,5.050,94.000,207.900,55.000,5.200
2018-01-06 11:00:00,5.230,99.000,120.200,70.000,5.800
2018-01-06 12:00:00,5.170,134.000,139.700,98.000,6.300
2018-01-06 13:00:00,4.500,113.000,110.200,87.000,6.200
2018-01-06 14:00:00,4.030,58.000,28.200,53.000,6.000
2018-01-06 15:00:00,3.130,21.000,0.000,21.000,6.000
2018-01-06 16:00:00,3.040,1.000,0.000,1.000,5.100
2018-01-06 17:00:00,3.450,0.000,0.000,0.000,4.800
2018-01-06 18:00:00,3.400,0.000,0.000,0.000,4.900
2018-01-06 19:00:00,4.050,0.000,0.000,0.000,4.800
2018-01-06 20:00:00,5.500,0.000,0.000,0.000,4.600
2018-01-06 21:00:00,6.570,0.000,0.000,0.000,4.300
2018-01-06 22:00:00,6.870,0.000,0.000,0.000,4.000
2018-01-06 23:00:00,7.140,0.000,0.000,0.000,3.600
2018-01-07 00:00:00,7.520,0.000,0.000,0.000,3.200
2018-01-07 01:00:00,7.790,0.000,0.000,0.000,2.700
2018-01-07 02:00:00,7.650,0.000,0.000,0.000,2.200
2018-01-07 03:00:00,7.370,0.000,0.000,0.000,1.800
2018-01-07 04:00:00,6.940,0.000,0.000,0.000,1.300
2018-01-07 05:00:00,6.810,0.000,0.000,0.000,0.900
2018-01-07 06:00:00,7.090,0.000,0.000,0.000,0.700
2018-01-07 07:00:00,6.940,0.000,0.000,0.000,0.400
2018-01-07 08:00:00,6.830,2.000,0.000,2.000,0.300
2018-01-07 09:00:00,7.200,28.000,39.300,24.000,0.300
2018-01-07 10:00:00,7.400,54.000,5.300,53.000,0.800
2018-01-07 11:00:00,7.280,97.000,28.800,90.000,1.300
2018-01-07 12:00:00,7.020,133.000,115.500,103.000,1.800
2018-01-07 13:00:00,6.960,127.000,151.000,91.000,2.100
2018-01-07 14:00:00,6.840,104.000,233.100,62.000,2.200
2018-01-07 15:00:00,7.240,50.000,235.600,29.000,1.700
2018-01-07 16:00:00,8.050,2.000,0.000,2.000,0.800
2018-01-07 17:00:00,8.190,0.000,0.000,0.000,0.200
2018-01-07 18:00:00,8.170,0.000,0.000,0.000,-0.300
2018-01-07 19:00:00,8.130,0.000,0.000,0.000,-0.600
2018-01-07 20:00:00,7.960,0.000,0.000,0.000,-0.800
2018-01-07 21:00:00,7.960,0.000,0.000,0.000,-1.100
2018-01-07 22:00:00,8.280,0.000,0.000,0.000,-1.500
2018-01-07 23:00:00,8.200,0.000,0.000,0.000,-1.700
2018-01-08 00:00:00,8.180,0.000,0.000,0.000,-1.700
2018-01-08 01:00:00,8.280,0.000,0.000,0.000,-1.900
2018-01-08 02:00:00,8.690,0.000,0.000,0.000,-2.200
2018-01-08 03:00:00,8.760,0.000,0.000,0.000,-2.400
2018-01-08 04:00:00,8.520,0.000,0.000,0.000,-2.400
2018-01-08 05:00:00,8.570,0.000,0.000,0.000,-2.500
2018-01-08 06:00:00,8.940,0.000,0.000,0.000,-2.500
2018-01-08 07:00:00,9.100,0.000,0.000,0.000,-2.600
2018-01-08 08:00:00,9.200,5.000,19.100,4.000,-2.800
2018-01-08 09:00:00,9.200,68.000,358.600,31.000,-1.900
2018-01-08 10:00:00,8.710,148.000,497.900,53.000,-0.800
2018-01-08 11:00:00,8.610,207.000,591.900,62.000,0.200
2018-01-08 12:00:00,8.610,222.000,595.200,66.000,0.800
2018-01-08 13:00:00,8.720,202.000,581.200,62.000,1.300
2018-01-08 14:00:00,10.300,142.000,503.100,50.000,1.300
2018-01-08 15:00:00,10.620,58.000,326.200,28.000,0.700
2018-01-08 16:00:00,10.780,3.000,19.100,2.000,-0.100
2018-01-08 17:00:00,10.900,0.000,0.000,0.000,-0.300
2018-01-08 18:00:00,11.090,0.000,0.000,0.000,-0.500
2018-01-08 19:00:00,11.160,0.000,0.000,0.000,-0.600
2018-01-08 20:00:00,11.120,0.000,0.000,0.000,-0.600
2018-01-08 21:00:00,11.100,0.000,0.000,0.000,-0.800
2018-01-08 22:00:00,11.120,0.000,0.000,0.000,-0.700
2018-01-08 23:00:00,11.260,0.000,0.000,0.000,-0.700
2018-01-09 00:00:00,11.200,0.000,0.000,0.000,-0.600
2018-01-09 01:00:00,11.220,0.000,0.000,0.000,-0.700
2018-01-09 02:00:00,11.510,0.000,0.000,0.000,-0.600
2018-01-09 03:00:00,11.360,0.000,0.000,0.000,-0.400
2018-01-09 04:00:00,11.350,0.000,0.000,0.000,-0.300
2018-01-09 05:00:00,11.110,0.000,0.000,0.000,-0.000
2018-01-09 06:00:00,10.670,0.000,0.000,0.000,0.200
2018-01-09 07:00:00,10.360,0.000,0.000,0.000,0.800
2018-01-09 08:00:00,10.470,3.000,19.100,2.000,1.000
2018-01-09 09:00:00,10.020,40.000,133.700,26.000,1.300
2018-01-09 10:00:00,9.150,96.000,218.100,54.000,2.100
2018-01-09 11:00:00,9.420,124.000,259.000,60.000,2.700
2018-01-09 12:00:00,8.910,125.000,189.100,75.000,3.000
2018-01-09 13:00:00,7.880,120.000,242.300,61.000,3.400
2018-01-09 14:00:00,7.570,85.000,129.200,61.000,3.600
2018-01-09 15:00:00,7.310,27.000,31.600,24.000,3.300
2018-01-09 16:00:00,6.600,1.000,0.000,1.000,3.300
2018-01-09 17:00:00,4.850,0.000,0.000,0.000,3.200
2018-01-09 18:00:00,4.650,0.000,0.000,0.000,2.900
2018-01-09 19:00:00,5.160,0.000,0.000,0.000,2.700
2018-01-09 20:00:00,5.480,0.000,0.000,0.000,2.400
2018-01-09 21:00:00,5.510,0.000,0.000,0.000,2.100
2018-01-09 22:00:00,6.310,0.000,0.000,0.000,1.600
2018-01-09 23:00:00,5.590,0.000,0.000,0.000,1.600
2018-01-10 00:00:00,5.120,0.000,0.000,0.000,1.100
2018-01-10 01:00:00,4.960,0.000,0.000,0.000,0.900
2018-01-10 02:00:00,4.970,0.000,0.000,0.000,1.300
2018-01-10 03:00:00,5.320,0.000,0.000,0.000,1.800
2018-01-10 04:00:00,5.520,0.000,0.000,0.000,2.200
2018-01-10 05:00:00,5.600,0.000,0.000,0.000,2.600
2018-01-10 06:00:00,5.800,0.000,0.000,0.000,2.800
2018-01-10 07:00:00,6.440,0.000,0.000,0.000,2.800
2018-01-10 08:00:00,6.830,4.000,19.100,3.000,3.200
2018-01-10 09:00:00,6.560,57.000,188.100,37.000,3.700
2018-01-10 10:00:00,5.570,114.000,190.200,77.000,5.100
2018-01-10 11:00:00,4.920,170.000,352.900,82.000,6.300
2018-01-10 12:00:00,4.390,189.000,389.500,85.000,7.100
2018-01-10 13:00:00,3.570,166.000,369.500,75.000,7.500
2018-01-10 14:00:00,3.800,117.000,312.800,58.000,7.500
2018-01-10 15:00:00,4.620,42.000,183.700,24.000,6.700
2018-01-10 16:00:00,4.800,2.000,0.000,2.000,6.400
2018-01-10 17:00:00,4.820,0.000,0.000,0.000,5.700
2018-01-10 18:00:00,5.410,0.000,0.000,0.000,5.100
2018-01-10 19:00:00,5.730,0.000,0.000,0.000,4.100
2018-01-10 20:00:00,5.800,0.000,0.000,0.000,3.100
2018-01-10 21:00:00,5.800,0.000,0.000,0.000,2.500
2018-01-10 22:00:00,5.470,0.000,0.000,0.000,2.000
2018-01-10 23:00:00,5.080,0.000,0.000,0.000,1.800
2018-01-11 00:00:00,4.590,0.000,0.000,0.000,1.400
2018-01-11 01:00:00,3.750,0.000,0.000,0.000,0.600
2018-01-11 02:00:00,2.730,0.000,0.000,0.000,-0.000
2018-01-11 03:00:00,2.980,0.000,0.000,0.000,-0.000
2018-01-11 04:00:00,3.190,0.000,0.000,0.000,-0.200
2018-01-11 05:00:00,3.440,0.000,0.000,0.000,-0.700
2018-01-11 06:00:00,3.190,0.000,0.000,0.000,-1.000
2018-01-11 07:00:00,2.640,0.000,0.000,0.000,-0.900
2018-01-11 08:00:00,2.150,4.000,0.000,4.000,-0.800
2018-01-11 09:00:00,1.510,44.000,74.000,36.000,-0.500
2018-01-11 10:00:00,1.840,81.000,96.600,62.000,0.900
2018-01-11 11:00:00,1.140,111.000,99.300,86.000,2.000
2018-01-11 12:00:00,1.120,107.000,33.400,98.000,2.900
2018-01-11 13:00:00,1.700,81.000,12.000,78.000,3.300
2018-01-11 14:00:00,2.400,62.000,5.200,61.000,3.400
2018-01-11 15:00:00,2.840,20.000,0.000,20.000,3.300
2018-01-11 16:00:00,3.290,2.000,0.000,2.000,2.700
2018-01-11 17:00:00,3.130,0.000,0.000,0.000,2.400
2018-01-11 18:00:00,2.040,0.000,0.000,0.000,2.100
2018-01-11 19:00:00,1.960,0.000,0.000,0.000,2.100
2018-01-11 20:00:00,2.350,0.000,0.000,0.000,2.000
2018-01-11 21:00:00,2.310,0.000,0.000,0.000,1.800
2018-01-11 22:00:00,1.800,0.000,0.000,0.000,2.200
2018-01-11 23:00:00,1.300,0.000,0.000,0.000,2.200
2018-01-12 00:00:00,0.800,0.000,0.000,0.000,2.200
2018-01-12 01:00:00,0.630,0.000,0.000,0.000,2.300
2018-01-12 02:00:00,0.670,0.000,0.000,0.000,2.400
2018-01-12 03:00:00,0.610,0.000,0.000,0.000,2.400
2018-01-12 04:00:00,1.140,0.000,0.000,0.000,2.200
2018-01-12 05:00:00,1.630,0.000,0.000,0.000,2.400
2018-01-12 06:00:00,2.090,0.000,0.000,0.000,2.400
2018-01-12 07:00:00,2.260,0.000,0.000,0.000,2.400
2018-01-12 08:00:00,2.700,1.000,0.000,1.000,2.300
2018-01-12 09:00:00,3.010,16.000,0.000,16.000,2.400
2018-01-12 10:00:00,3.100,31.000,0.000,31.000,2.500
2018-01-12 11:00:00,3.200,37.000,0.000,37.000,2.600
2018-01-12 12:00:00,3.300,42.000,0.000,42.000,2.700
2018-01-12 13:00:00,3.600,35.000,4.000,34.000,2.900
2018-01-12 14:00:00,4.300,24.000,0.000,24.000,2.800
2018-01-12 15:00:00,4.600,13.000,0.000,13.000,2.700
2018-01-12 16:00:00,4.900,1.000,0.000,1.000,2.700
2018-01-12 17:00:00,4.910,0.000,0.000,0.000,2.600
2018-01-12 18:00:00,5.100,0.000,0.000,0.000,2.300
2018-01-12 19:00:00,5.400,0.000,0.000,0.000,2.300
2018-01-12 20:00:00,5.520,0.000,0.000,0.000,2.100
2018-01-12 21:00:00,5.590,0.000,0.000,0.000,2.100
2018-01-12 22:00:00,5.410,0.000,0.000,0.000,1.900
2018-01-12 23:00:00,5.600,0.000,0.000,0.000,1.900
2018-01-13 00:00:00,5.600,0.000,0.000,0.000,1.900
2018-01-13 01:00:00,5.740,0.000,0.000,0.000,1.900
2018-01-13 02:00:00,5.790,0.000,0.000,0.000,2.000
2018-01-13 03:00:00,5.820,0.000,0.000,0.000,2.000
2018-01-13 04:00:00,6.170,0.000,0.000,0.000,2.100
2018-01-13 05:00:00,6.360,0.000,0.000,0.000,2.000
2018-01-13 06:00:00,6.580,0.000,0.000,0.000,2.000
2018-01-13 07:00:00,6.610,0.000,0.000,0.000,2.200
2018-01-13 08:00:00,6.450,2.000,0.000,2.000,2.300
2018-01-13 09:00:00,6.590,25.000,8.900,24.000,2.300
2018-01-13 10:00:00,6.430,52.000,14.900,49.000,2.100
2018-01-13 11:00:00,6.200,71.000,27.300,64.000,2.200
2018-01-13 12:00:00,5.950,82.000,36.300,72.000,2.200
2018-01-13 13:00:00,5.880,68.000,7.800,66.000,2.100
2018-01-13 14:00:00,6.240,43.000,5.000,42.000,1.900
2018-01-13 15:00:00,6.860,20.000,18.600,18.000,1.600
2018-01-13 16:00:00,7.370,2.000,0.000,2.000,1.400
2018-01-13 17:00:00,7.510,0.000,0.000,0.000,1.000
2018-01-13 18:00:00,7.180,0.000,0.000,0.000,0.700
2018-01-13 19:00:00,7.540,0.000,0.000,0.000,0.400
2018-01-13 20:00:00,7.400,0.000,0.000,0.000,0.200
2018-01-13 21:00:00,7.430,0.000,0.000,0.000,0.200
2018-01-13 22:00:00,7.020,0.000,0.000,0.000,0.200
2018-01-13 23:00:00,7.370,0.000,0.000,0.000,0.200
2018-01-14 00:00:00,7.370,0.000,0.000,0.000,-0.000
2018-01-14 01:00:00,7.340,0.000,0.000,0.000,-0.000
2018-01-14 02:00:00,7.460,0.000,0.000,0.000,0.100
2018-01-14 03:00:00,7.560,0.000,0.000,0.000,-0.100
2018-01-14 04:00:00,7.390,0.000,0.000,0.000,-0.200
2018-01-14 05:00:00,7.200,0.000,0.000,0.000,-0.400
2018-01-14 06:00:00,7.110,0.000,0.000,0.000,-0.500
2018-01-14 07:00:00,7.160,0.000,0.000,0.000,-0.600
2018-01-14 08:00:00,7.290,7.000,38.200,5.000,-0.700
2018-01-14 09:00:00,7.480,71.000,298.200,37.000,-0.400
2018-01-14 10:00:00,6.180,157.000,486.500,58.000,0.300
2018-01-14 11:00:00,6.850,219.000,574.200,70.000,1.100
2018-01-14 12:00:00,7.200,240.000,600.200,73.000,1.600
2018-01-14 13:00:00,6.930,220.000,595.800,66.000,1.900
2018-01-14 14:00:00,7.070,160.000,516.100,56.000,1.700
2018-01-14 15:00:00,7.780,74.000,359.600,34.000,1.100
2018-01-14 16:00:00,8.250,6.000,38.200,4.000,0.500
2018-01-14 17:00:00,8.100,0.000,0.000,0.000,0.100
2018-01-14 18:00:00,7.810,0.000,0.000,0.000,-0.400
2018-01-14 19:00:00,7.710,0.000,0.000,0.000,-0.500
2018-01-14 20:00:00,7.710,0.000,0.000,0.000,-0.700
2018-01-14 21:00:00,7.340,0.000,0.000,0.000,-0.700
2018-01-14 22:00:00,7.740,0.000,0.000,0.000,-1.000
2018-01-14 23:00:00,7.790,0.000,0.000,0.000,-0.900
2018-01-15 00:00:00,8.050,0.000,0.000,0.000,-0.900
2018-01-15 01:00:00,8.420,0.000,0.000,0.000,-0.700
2018-01-15 02:00:00,8.460,0.000,0.000,0.000,-0.700
2018-01-15 03:00:00,8.380,0.000,0.000,0.000,-0.700
2018-01-15 04:00:00,8.300,0.000,0.000,0.000,-0.600
2018-01-15 05:00:00,8.300,0.000,0.000,0.000,-0.500
2018-01-15 06:00:00,8.570,0.000,0.000,0.000,-0.100
2018-01-15 07:00:00,8.940,0.000,0.000,0.000,0.000
2018-01-15 08:00:00,9.220,6.000,19.100,5.000,0.700
2018-01-15 09:00:00,9.500,53.000,172.000,33.000,1.600
2018-01-15 10:00:00,9.310,85.000,101.900,64.000,2.600
2018-01-15 11:00:00,9.400,116.000,95.300,91.000,3.300
2018-01-15 12:00:00,10.620,146.000,142.200,106.000,3.800
2018-01-15 13:00:00,10.620,136.000,107.000,108.000,4.100
2018-01-15 14:00:00,10.850,94.000,68.300,80.000,4.300
2018-01-15 15:00:00,10.910,36.000,0.000,36.000,4.200
2018-01-15 16:00:00,11.220,4.000,0.000,4.000,4.100
2018-01-15 17:00:00,11.510,0.000,0.000,0.000,4.300
2018-01-15 18:00:00,11.700,0.000,0.000,0.000,4.400
2018-01-15 19:00:00,12.200,0.000,0.000,0.000,4.900
2018-01-15 20:00:00,12.600,0.000,0.000,0.000,5.100
2018-01-15 21:00:00,13.010,0.000,0.000,0.000,4.900
2018-01-15 22:00:00,12.180,0.000,0.000,0.000,4.700
2018-01-15 23:00:00,12.210,0.000,0.000,0.000,4.600
2018-01-16 00:00:00,11.900,0.000,0.000,0.000,4.800
2018-01-16 01:00:00,11.260,0.000,0.000,0.000,4.800
2018-01-16 02:00:00,10.480,0.000,0.000,0.000,4.900
2018-01-16 03:00:00,10.020,0.000,0.000,0.000,5.300
2018-01-16 04:00:00,9.390,0.000,0.000,0.000,5.300
2018-01-16 05:00:00,8.910,0.000,0.000,0.000,4.800
2018-01-16 06:00:00,9.070,0.000,0.000,0.000,3.900
2018-01-16 07:00:00,8.010,0.000,0.000,0.000,4.200
2018-01-16 08:00:00,8.140,4.000,0.000,4.000,4.100
2018-01-16 09:00:00,8.990,45.000,84.300,35.000,4.200
2018-01-16 10:00:00,7.660,78.000,71.900,63.000,4.000
2018-01-16 11:00:00,7.030,125.000,86.700,102.000,4.400
2018-01-16 12:00:00,8.560,101.000,24.600,94.000,3.900
2018-01-16 13:00:00,9.350,104.000,64.100,87.000,3.400
2018-01-16 14:00:00,10.500,103.000,139.100,74.000,3.300
2018-01-16 15:00:00,10.520,58.000,177.400,37.000,3.400
2018-01-16 16:00:00,10.160,7.000,19.100,6.000,2.700
2018-01-16 17:00:00,9.410,0.000,0.000,0.000,2.400
2018-01-16 18:00:00,9.200,0.000,0.000,0.000,2.200
2018-01-16 19:00:00,8.730,0.000,0.000,0.000,2.200
2018-01-16 20:00:00,8.680,0.000,0.000,0.000,2.100
2018-01-16 21:00:00,8.740,0.000,0.000,0.000,1.800
2018-01-16 22:00:00,8.510,0.000,0.000,0.000,1.600
2018-01-16 23:00:00,9.120,0.000,0.000,0.000,1.400
2018-01-17 00:00:00,8.240,0.000,0.000,0.000,1.500
2018-01-17 01:00:00,8.270,0.000,0.000,0.000,1.400
2018-01-17 02:00:00,8.540,0.000,0.000,0.000,1.100
2018-01-17 03:00:00,8.350,0.000,0.000,0.000,1.000
2018-01-17 04:00:00,8.510,0.000,0.000,0.000,0.900
2018-01-17 05:00:00,8.640,0.000,0.000,0.000,1.100
2018-01-17 06:00:00,8.840,0.000,0.000,0.000,1.300
2018-01-17 07:00:00,9.340,0.000,0.000,0.000,1.600
2018-01-17 08:00:00,9.490,5.000,0.000,5.000,1.400
2018-01-17 09:00:00,9.870,54.000,90.900,43.000,1.500
2018-01-17 10:00:00,8.530,114.000,118.300,89.000,1.700
2018-01-17 11:00:00,9.300,151.000,201.300,97.000,1.900
2018-01-17 12:00:00,10.640,182.000,312.700,92.000,2.300
2018-01-17 13:00:00,9.770,167.000,294.100,88.000,2.800
2018-01-17 14:00:00,11.170,113.000,193.300,72.000,2.700
2018-01-17 15:00:00,10.370,53.000,163.900,33.000,2.100
2018-01-17 16:00:00,10.090,6.000,19.100,5.000,2.100
2018-01-17 17:00:00,10.280,0.000,0.000,0.000,2.000
2018-01-17 18:00:00,11.020,0.000,0.000,0.000,2.100
2018-01-17 19:00:00,11.000,0.000,0.000,0.000,2.100
2018-01-17 20:00:00,10.560,0.000,0.000,0.000,2.200
2018-01-17 21:00:00,10.260,0.000,0.000,0.000,2.400
2018-01-17 22:00:00,9.930,0.000,0.000,0.000,1.900
2018-01-17 23:00:00,9.880,0.000,0.000,0.000,2.100
2018-01-18 00:00:00,9.840,0.000,0.000,0.000,2.300
2018-01-18 01:00:00,9.540,0.000,0.000,0.000,2.300
2018-01-18 02:00:00,9.130,0.000,0.000,0.000,2.300
2018-01-18 03:00:00,8.850,0.000,0.000,0.000,2.300
2018-01-18 04:00:00,8.800,0.000,0.000,0.000,2.600
2018-01-18 05:00:00,9.010,0.000,0.000,0.000,2.700
2018-01-18 06:00:00,8.920,0.000,0.000,0.000,2.400
2018-01-18 07:00:00,9.750,0.000,0.000,0.000,2.100
2018-01-18 08:00:00,11.670,1.000,0.000,1.000,1.800
2018-01-18 09:00:00,12.470,16.000,48.500,10.000,1.600
2018-01-18 10:00:00,11.320,79.000,135.300,50.000,4.700
2018-01-18 11:00:00,14.240,76.000,40.500,65.000,6.200
2018-01-18 12:00:00,16.560,173.000,357.200,69.000,5.600
2018-01-18 13:00:00,16.580,103.000,191.000,51.000,5.000
2018-01-18 14:00:00,20.310,36.000,4.600,35.000,4.000
2018-01-18 15:00:00,19.630,12.000,0.000,12.000,2.900
2018-01-18 16:00:00,15.730,3.000,0.000,3.000,3.300
2018-01-18 17:00:00,12.560,0.000,0.000,0.000,3.300
2018-01-18 18:00:00,10.170,0.000,0.000,0.000,3.300
2018-01-18 19:00:00,8.430,0.000,0.000,0.000,3.000
2018-01-18 20:00:00,8.200,0.000,0.000,0.000,3.000
2018-01-18 21:00:00,8.320,0.000,0.000,0.000,2.700
2018-01-18 22:00:00,7.600,0.000,0.000,0.000,2.600
2018-01-18 23:00:00,7.850,0.000,0.000,0.000,2.900
2018-01-19 00:00:00,7.570,0.000,0.000,0.000,2.700
2018-01-19 01:00:00,7.170,0.000,0.000,0.000,2.300
2018-01-19 02:00:00,7.240,0.000,0.000,0.000,2.000
2018-01-19 03:00:00,6.820,0.000,0.000,0.000,1.700
2018-01-19 04:00:00,5.940,0.000,0.000,0.000,1.700
2018-01-19 05:00:00,5.590,0.000,0.000,0.000,1.400
2018-01-19 06:00:00,5.510,0.000,0.000,0.000,1.200
2018-01-19 07:00:00,5.550,0.000,0.000,0.000,1.200
2018-01-19 08:00:00,5.770,5.000,0.000,5.000,1.200
2018-01-19 09:00:00,5.860,30.000,31.700,26.000,1.800
2018-01-19 10:00:00,7.020,78.000,55.200,66.000,1.600
2018-01-19 11:00:00,6.670,105.000,83.700,82.000,1.800
2018-01-19 12:00:00,7.080,152.000,122.200,116.000,2.200
2018-01-19 13:00:00,6.910,148.000,159.500,104.000,2.600
2018-01-19 14:00:00,6.910,84.000,63.800,70.000,3.000
2018-01-19 15:00:00,6.490,45.000,46.300,39.000,3.200
2018-01-19 16:00:00,7.110,8.000,38.200,6.000,3.400
2018-01-19 17:00:00,7.510,0.000,0.000,0.000,2.900
2018-01-19 18:00:00,7.560,0.000,0.000,0.000,2.600
2018-01-19 19:00:00,7.310,0.000,0.000,0.000,2.100
2018-01-19 20:00:00,7.050,0.000,0.000,0.000,1.700
2018-01-19 21:00:00,7.060,0.000,0.000,0.000,1.500
2018-01-19 22:00:00,6.750,0.000,0.000,0.000,1.400
2018-01-19 23:00:00,6.710,0.000,0.000,0.000,1.300
2018-01-20 00:00:00,6.860,0.000,0.000,0.000,1.200
2018-01-20 01:00:00,6.800,0.000,0.000,0.000,1.100
2018-01-20 02:00:00,6.760,0.000,0.000,0.000,1.100
2018-01-20 03:00:00,6.890,0.000,0.000,0.000,1.100
2018-01-20 04:00:00,7.070,0.000,0.000,0.000,1.100
2018-01-20 05:00:00,7.290,0.000,0.000,0.000,1.000
2018-01-20 06:00:00,7.220,0.000,0.000,0.000,0.900
2018-01-20 07:00:00,6.790,0.000,0.000,0.000,1.000
2018-01-20 08:00:00,6.790,9.000,57.300,6.000,1.400
2018-01-20 09:00:00,6.650,73.000,224.700,44.000,1.800
2018-01-20 10:00:00,4.960,143.000,317.800,73.000,2.300
2018-01-20 11:00:00,4.740,173.000,266.200,99.000,2.700
2018-01-20 12:00:00,4.240,163.000,194.500,105.000,3.100
2018-01-20 13:00:00,4.080,137.000,153.800,94.000,3.300
2018-01-20 14:00:00,4.110,119.000,210.400,72.000,3.300
2018-01-20 15:00:00,3.710,59.000,74.900,49.000,2.900
2018-01-20 16:00:00,3.400,8.000,0.000,8.000,2.100
2018-01-20 17:00:00,4.210,0.000,0.000,0.000,1.600
2018-01-20 18:00:00,4.410,0.000,0.000,0.000,1.300
2018-01-20 19:00:00,4.250,0.000,0.000,0.000,0.900
2018-01-20 20:00:00,4.040,0.000,0.000,0.000,0.400
2018-01-20 21:00:00,3.860,0.000,0.000,0.000,0.100
2018-01-20 22:00:00,3.710,0.000,0.000,0.000,-0.100
2018-01-20 23:00:00,3.790,0.000,0.000,0.000,-0.500
2018-01-21 00:00:00,1.920,0.000,0.000,0.000,-0.900
2018-01-21 01:00:00,0.140,0.000,0.000,0.000,-0.700
2018-01-21 02:00:00,1.200,0.000,0.000,0.000,-0.400
2018-01-21 03:00:00,1.900,0.000,0.000,0.000,-0.400
2018-01-21 04:00:00,2.310,0.000,0.000,0.000,-0.500
2018-01-21 05:00:00,2.600,0.000,0.000,0.000,-0.600
2018-01-21 06:00:00,2.440,0.000,0.000,0.000,-0.400
2018-01-21 07:00:00,2.500,0.000,0.000,0.000,-0.800
2018-01-21 08:00:00,2.660,12.000,76.400,8.000,-0.700
2018-01-21 09:00:00,2.700,87.000,356.300,40.000,-0.000
2018-01-21 10:00:00,2.000,174.000,501.300,62.000,0.600
2018-01-21 11:00:00,2.530,234.000,575.700,72.000,1.000
2018-01-21 12:00:00,2.210,204.000,361.100,95.000,1.300
2018-01-21 13:00:00,2.280,149.000,172.900,100.000,1.300
2018-01-21 14:00:00,2.560,91.000,79.200,73.000,1.600
2018-01-21 15:00:00,2.110,37.000,36.400,32.000,1.700
2018-01-21 16:00:00,2.920,5.000,0.000,5.000,1.800
2018-01-21 17:00:00,3.350,0.000,0.000,0.000,1.500
2018-01-21 18:00:00,3.700,0.000,0.000,0.000,1.300
2018-01-21 19:00:00,4.370,0.000,0.000,0.000,0.700
2018-01-21 20:00:00,4.980,0.000,0.000,0.000,0.800
2018-01-21 21:00:00,5.610,0.000,0.000,0.000,0.700
2018-01-21 22:00:00,5.460,0.000,0.000,0.000,0.800
2018-01-21 23:00:00,5.460,0.000,0.000,0.000,0.900
2018-01-22 00:00:00,5.710,0.000,0.000,0.000,0.900
2018-01-22 01:00:00,6.110,0.000,0.000,0.000,0.800
2018-01-22 02:00:00,7.050,0.000,0.000,0.000,0.800
2018-01-22 03:00:00,6.960,0.000,0.000,0.000,0.800
2018-01-22 04:00:00,7.040,0.000,0.000,0.000,0.900
2018-01-22 05:00:00,7.820,0.000,0.000,0.000,1.000
2018-01-22 06:00:00,7.880,0.000,0.000,0.000,1.000
2018-01-22 07:00:00,7.750,0.000,0.000,0.000,1.000
2018-01-22 08:00:00,7.480,4.000,18.900,3.000,1.000
2018-01-22 09:00:00,7.210,24.000,14.800,22.000,1.000
2018-01-22 10:00:00,6.450,49.000,26.500,43.000,1.200
2018-01-22 11:00:00,5.870,66.000,3.500,65.000,1.600
2018-01-22 12:00:00,5.020,48.000,0.000,48.000,1.500
2018-01-22 13:00:00,4.720,38.000,3.500,37.000,1.700
2018-01-22 14:00:00,3.860,36.000,4.300,35.000,2.100
2018-01-22 15:00:00,3.940,16.000,0.000,16.000,2.300
2018-01-22 16:00:00,4.800,3.000,0.000,3.000,2.600
2018-01-22 17:00:00,5.770,0.000,0.000,0.000,2.900
2018-01-22 18:00:00,5.990,0.000,0.000,0.000,3.300
2018-01-22 19:00:00,5.630,0.000,0.000,0.000,3.600
2018-01-22 20:00:00,5.890,0.000,0.000,0.000,4.100
2018-01-22 21:00:00,6.310,0.000,0.000,0.000,4.200
2018-01-22 22:00:00,7.050,0.000,0.000,0.000,4.500
2018-01-22 23:00:00,8.020,0.000,0.000,0.000,4.800
2018-01-23 00:00:00,8.120,0.000,0.000,0.000,5.200
2018-01-23 01:00:00,7.690,0.000,0.000,0.000,5.500
2018-01-23 02:00:00,7.120,0.000,0.000,0.000,5.300
2018-01-23 03:00:00,7.000,0.000,0.000,0.000,5.200
2018-01-23 04:00:00,6.710,0.000,0.000,0.000,5.400
2018-01-23 05:00:00,6.320,0.000,0.000,0.000,5.600
2018-01-23 06:00:00,6.330,0.000,0.000,0.000,5.600
2018-01-23 07:00:00,6.310,0.000,0.000,0.000,5.500
2018-01-23 08:00:00,5.980,7.000,18.300,6.000,5.500
2018-01-23 09:00:00,5.690,57.000,137.700,38.000,5.600
2018-01-23 10:00:00,5.620,123.000,169.500,84.000,6.900
2018-01-23 11:00:00,6.290,107.000,52.000,92.000,6.900
2018-01-23 12:00:00,5.890,121.000,55.000,104.000,7.200
2018-01-23 13:00:00,5.700,104.000,55.000,88.000,7.300
2018-01-23 14:00:00,7.280,116.000,153.000,80.000,7.800
2018-01-23 15:00:00,7.400,67.000,172.000,42.000,7.600
2018-01-23 16:00:00,7.460,10.000,33.900,8.000,7.200
2018-01-23 17:00:00,7.620,0.000,0.000,0.000,7.000
2018-01-23 18:00:00,8.190,0.000,0.000,0.000,6.900
2018-01-23 19:00:00,8.680,0.000,0.000,0.000,6.700
2018-01-23 20:00:00,9.400,0.000,0.000,0.000,6.600
2018-01-23 21:00:00,9.980,0.000,0.000,0.000,6.800
2018-01-23 22:00:00,10.180,0.000,0.000,0.000,7.300
2018-01-23 23:00:00,10.200,0.000,0.000,0.000,7.700
2018-01-24 00:00:00,10.340,0.000,0.000,0.000,8.000
2018-01-24 01:00:00,10.540,0.000,0.000,0.000,8.300
2018-01-24 02:00:00,10.680,0.000,0.000,0.000,8.800
2018-01-24 03:00:00,10.610,0.000,0.000,0.000,9.200
2018-01-24 04:00:00,10.400,0.000,0.000,0.000,9.600
2018-01-24 05:00:00,9.560,0.000,0.000,0.000,9.700
2018-01-24 06:00:00,9.130,0.000,0.000,0.000,9.900
2018-01-24 07:00:00,9.430,0.000,0.000,0.000,9.900
2018-01-24 08:00:00,9.900,5.000,0.000,5.000,10.300
2018-01-24 09:00:00,9.880,28.000,7.100,27.000,10.700
2018-01-24 10:00:00,10.180,51.000,8.600,49.000,11.200
2018-01-24 11:00:00,9.900,106.000,51.300,91.000,11.800
2018-01-24 12:00:00,10.210,113.000,31.900,103.000,12.300
2018-01-24 13:00:00,11.260,101.000,37.300,90.000,12.500
2018-01-24 14:00:00,11.580,71.000,20.900,66.000,12.700
2018-01-24 15:00:00,11.510,50.000,40.200,44.000,12.700
2018-01-24 16:00:00,11.710,5.000,0.000,5.000,12.700
2018-01-24 17:00:00,12.180,0.000,0.000,0.000,12.700
2018-01-24 18:00:00,12.040,0.000,0.000,0.000,12.700
2018-01-24 19:00:00,11.880,0.000,0.000,0.000,12.500
2018-01-24 20:00:00,11.880,0.000,0.000,0.000,12.400
2018-01-24 21:00:00,11.960,0.000,0.000,0.000,12.100
2018-01-24 22:00:00,11.310,0.000,0.000,0.000,11.800
2018-01-24 23:00:00,11.040,0.000,0.000,0.000,11.200
2018-01-25 00:00:00,10.900,0.000,0.000,0.000,11.400
2018-01-25 01:00:00,10.960,0.000,0.000,0.000,11.400
2018-01-25 02:00:00,10.410,0.000,0.000,0.000,10.900
2018-01-25 03:00:00,9.380,0.000,0.000,0.000,10.100
2018-01-25 04:00:00,8.390,0.000,0.000,0.000,9.600
2018-01-25 05:00:00,7.650,0.000,0.000,0.000,9.100
2018-01-25 06:00:00,7.180,0.000,0.000,0.000,8.700
2018-01-25 07:00:00,6.390,0.000,0.000,0.000,8.100
2018-01-25 08:00:00,6.210,9.000,17.300,8.000,8.000
2018-01-25 09:00:00,5.890,65.000,83.100,53.000,8.200
2018-01-25 10:00:00,4.900,131.000,122.400,102.000,8.600
2018-01-25 11:00:00,6.310,125.000,57.400,108.000,8.900
2018-01-25 12:00:00,5.870,138.000,53.600,121.000,9.200
2018-01-25 13:00:00,5.600,119.000,23.400,112.000,9.200
2018-01-25 14:00:00,5.330,87.000,16.400,83.000,9.200
2018-01-25 15:00:00,4.970,43.000,6.500,42.000,9.000
2018-01-25 16:00:00,4.850,10.000,0.000,10.000,8.300
2018-01-25 17:00:00,5.280,0.000,0.000,0.000,7.600
2018-01-25 18:00:00,5.220,0.000,0.000,0.000,7.200
2018-01-25 19:00:00,5.320,0.000,0.000,0.000,7.100
2018-01-25 20:00:00,5.140,0.000,0.000,0.000,6.900
2018-01-25 21:00:00,4.780,0.000,0.000,0.000,6.700
2018-01-25 22:00:00,4.550,0.000,0.000,0.000,6.900
2018-01-25 23:00:00,4.300,0.000,0.000,0.000,7.000
2018-01-26 00:00:00,4.300,0.000,0.000,0.000,6.800
2018-01-26 01:00:00,4.110,0.000,0.000,0.000,6.700
2018-01-26 02:00:00,4.100,0.000,0.000,0.000,6.500
2018-01-26 03:00:00,4.110,0.000,0.000,0.000,6.600
2018-01-26 04:00:00,4.050,0.000,0.000,0.000,6.500
2018-01-26 05:00:00,3.470,0.000,0.000,0.000,6.300
2018-01-26 06:00:00,3.590,0.000,0.000,0.000,6.100
2018-01-26 07:00:00,3.370,0.000,0.000,0.000,6.200
2018-01-26 08:00:00,3.910,15.000,67.000,11.000,5.800
2018-01-26 09:00:00,4.490,75.000,169.000,50.000,6.100
2018-01-26 10:00:00,3.210,117.000,166.200,77.000,6.600
2018-01-26 11:00:00,2.920,141.000,76.700,118.000,6.900
2018-01-26 12:00:00,3.440,167.000,96.500,136.000,7.400
2018-01-26 13:00:00,3.300,144.000,72.500,122.000,7.600
2018-01-26 14:00:00,3.130,100.000,36.300,91.000,7.500
2018-01-26 15:00:00,3.480,50.000,6.300,49.000,7.500
2018-01-26 16:00:00,3.510,10.000,0.000,10.000,7.200
2018-01-26 17:00:00,3.490,0.000,0.000,0.000,6.600
2018-01-26 18:00:00,3.220,0.000,0.000,0.000,5.800
2018-01-26 19:00:00,3.040,0.000,0.000,0.000,5.100
2018-01-26 20:00:00,3.080,0.000,0.000,0.000,4.800
2018-01-26 21:00:00,3.370,0.000,0.000,0.000,5.000
2018-01-26 22:00:00,4.590,0.000,0.000,0.000,5.200
2018-01-26 23:00:00,4.440,0.000,0.000,0.000,5.000
2018-01-27 00:00:00,3.980,0.000,0.000,0.000,4.900
2018-01-27 01:00:00,4.030,0.000,0.000,0.000,4.800
2018-01-27 02:00:00,3.770,0.000,0.000,0.000,4.800
2018-01-27 03:00:00,3.010,0.000,0.000,0.000,4.700
2018-01-27 04:00:00,3.130,0.000,0.000,0.000,4.300
2018-01-27 05:00:00,3.520,0.000,0.000,0.000,4.300
2018-01-27 06:00:00,3.360,0.000,0.000,0.000,4.200
2018-01-27 07:00:00,4.000,0.000,0.000,0.000,4.500
2018-01-27 08:00:00,4.550,5.000,0.000,5.000,4.500
2018-01-27 09:00:00,4.940,33.000,0.000,33.000,5.000
2018-01-27 10:00:00,4.960,53.000,0.000,53.000,5.700
2018-01-27 11:00:00,5.110,95.000,46.100,81.000,6.400
2018-01-27 12:00:00,5.240,184.000,325.700,78.000,7.200
2018-01-27 13:00:00,6.200,147.000,188.500,89.000,7.300
2018-01-27 14:00:00,5.520,102.000,146.800,65.000,7.300
2018-01-27 15:00:00,5.660,63.000,111.000,45.000,7.000
2018-01-27 16:00:00,6.460,18.000,73.700,13.000,6.300
2018-01-27 17:00:00,7.630,0.000,0.000,0.000,5.400
2018-01-27 18:00:00,8.510,0.000,0.000,0.000,5.300
2018-01-27 19:00:00,9.540,0.000,0.000,0.000,5.500
2018-01-27 20:00:00,10.100,0.000,0.000,0.000,5.800
2018-01-27 21:00:00,10.490,0.000,0.000,0.000,6.100
2018-01-27 22:00:00,10.680,0.000,0.000,0.000,6.100
2018-01-27 23:00:00,11.680,0.000,0.000,0.000,6.200
2018-01-28 00:00:00,12.180,0.000,0.000,0.000,6.100
2018-01-28 01:00:00,12.700,0.000,0.000,0.000,6.100
2018-01-28 02:00:00,12.730,0.000,0.000,0.000,6.000
2018-01-28 03:00:00,12.810,0.000,0.000,0.000,6.000
2018-01-28 04:00:00,12.280,0.000,0.000,0.000,6.200
2018-01-28 05:00:00,12.110,0.000,0.000,0.000,6.600
2018-01-28 06:00:00,11.570,0.000,0.000,0.000,6.900
2018-01-28 07:00:00,10.800,0.000,0.000,0.000,7.200
2018-01-28 08:00:00,10.250,4.000,0.000,4.000,7.500
2018-01-28 09:00:00,9.900,28.000,51.600,20.000,7.900
2018-01-28 10:00:00,9.140,69.000,88.500,47.000,8.300
2018-01-28 11:00:00,9.990,101.000,155.800,53.000,8.900
2018-01-28 12:00:00,10.040,75.000,60.700,55.000,9.200
2018-01-28 13:00:00,10.310,73.000,38.400,61.000,9.600
2018-01-28 14:00:00,10.820,50.000,11.700,47.000,9.800
2018-01-28 15:00:00,10.910,25.000,0.000,25.000,9.800
2018-01-28 16:00:00,10.920,3.000,0.000,3.000,9.600
2018-01-28 17:00:00,11.650,0.000,0.000,0.000,9.600
2018-01-28 18:00:00,12.500,0.000,0.000,0.000,9.700
2018-01-28 19:00:00,12.460,0.000,0.000,0.000,9.500
2018-01-28 20:00:00,12.140,0.000,0.000,0.000,9.600
2018-01-28 21:00:00,11.990,0.000,0.000,0.000,9.700
2018-01-28 22:00:00,11.460,0.000,0.000,0.000,10.000
2018-01-28 23:00:00,11.460,0.000,0.000,0.000,10.100
2018-01-29 00:00:00,11.520,0.000,0.000,0.000,10.100
2018-01-29 01:00:00,11.440,0.000,0.000,0.000,10.200
2018-01-29 02:00:00,11.280,0.000,0.000,0.000,10.100
2018-01-29 03:00:00,11.450,0.000,0.000,0.000,10.000
2018-01-29 04:00:00,11.950,0.000,0.000,0.000,10.000
2018-01-29 05:00:00,11.950,0.000,0.000,0.000,10.000
2018-01-29 06:00:00,12.260,0.000,0.000,0.000,10.100
2018-01-29 07:00:00,12.750,0.000,0.000,0.000,10.100
2018-01-29 08:00:00,12.780,5.000,0.000,5.000,10.100
2018-01-29 09:00:00,12.910,19.000,0.000,19.000,10.000
2018-01-29 10:00:00,13.060,57.000,19.800,52.000,10.000
2018-01-29 11:00:00,13.130,68.000,25.600,60.000,10.000
2018-01-29 12:00:00,12.750,53.000,6.000,51.000,9.900
2018-01-29 13:00:00,13.670,60.000,9.500,57.000,10.100
2018-01-29 14:00:00,13.320,44.000,15.300,40.000,9.900
2018-01-29 15:00:00,12.960,19.000,0.000,19.000,9.600
2018-01-29 16:00:00,12.890,4.000,0.000,4.000,9.100
2018-01-29 17:00:00,12.980,0.000,0.000,0.000,8.600
2018-01-29 18:00:00,12.710,0.000,0.000,0.000,8.400
2018-01-29 19:00:00,12.380,0.000,0.000,0.000,8.100
2018-01-29 20:00:00,11.410,0.000,0.000,0.000,6.900
2018-01-29 21:00:00,11.590,0.000,0.000,0.000,6.500
2018-01-29 22:00:00,10.310,0.000,0.000,0.000,6.000
2018-01-29 23:00:00,9.870,0.000,0.000,0.000,5.400
2018-01-30 00:00:00,9.910,0.000,0.000,0.000,5.300
2018-01-30 01:00:00,10.510,0.000,0.000,0.000,5.200
2018-01-30 02:00:00,9.950,0.000,0.000,0.000,5.100
2018-01-30 03:00:00,9.270,0.000,0.000,0.000,4.700
2018-01-30 04:00:00,8.650,0.000,0.000,0.000,4.300
2018-01-30 05:00:00,8.800,0.000,0.000,0.000,4.100
2018-01-30 06:00:00,9.010,0.000,0.000,0.000,3.600
2018-01-30 07:00:00,8.810,0.000,0.000,0.000,3.500
2018-01-30 08:00:00,8.340,15.000,74.200,10.000,3.700
2018-01-30 09:00:00,7.940,60.000,104.300,43.000,4.300
2018-01-30 10:00:00,9.200,122.000,136.300,87.000,4.900
2018-01-30 11:00:00,9.200,197.000,331.600,92.000,5.500
2018-01-30 12:00:00,8.700,211.000,324.800,101.000,5.900
2018-01-30 13:00:00,8.060,147.000,137.000,103.000,6.100
2018-01-30 14:00:00,7.300,140.000,188.300,90.000,6.200
2018-01-30 15:00:00,6.360,76.000,57.000,66.000,5.900
2018-01-30 16:00:00,5.970,21.000,40.100,18.000,5.300
2018-01-30 17:00:00,5.730,0.000,0.000,0.000,4.100
2018-01-30 18:00:00,5.590,0.000,0.000,0.000,3.600
2018-01-30 19:00:00,5.460,0.000,0.000,0.000,3.200
2018-01-30 20:00:00,5.730,0.000,0.000,0.000,3.000
2018-01-30 21:00:00,5.880,0.000,0.000,0.000,3.200
2018-01-30 22:00:00,6.420,0.000,0.000,0.000,2.600
2018-01-30 23:00:00,5.690,0.000,0.000,0.000,2.400
2018-01-31 00:00:00,6.140,0.000,0.000,0.000,2.200
2018-01-31 01:00:00,6.820,0.000,0.000,0.000,2.000
2018-01-31 02:00:00,7.070,0.000,0.000,0.000,2.400
2018-01-31 03:00:00,7.940,0.000,0.000,0.000,3.300
2018-01-31 04:00:00,8.710,0.000,0.000,0.000,4.300
2018-01-31 05:00:00,8.850,0.000,0.000,0.000,5.100
2018-01-31 06:00:00,9.400,0.000,0.000,0.000,5.400
2018-01-31 07:00:00,10.420,0.000,0.000,0.000,6.100
2018-01-31 08:00:00,10.600,4.000,0.000,4.000,6.800
2018-01-31 09:00:00,11.140,15.000,0.000,15.000,7.800
2018-01-31 10:00:00,10.970,22.000,0.000,22.000,8.800
2018-01-31 11:00:00,11.260,24.000,0.000,24.000,9.300
2018-01-31 12:00:00,11.880,40.000,0.000,40.000,9.600
2018-01-31 13:00:00,12.100,51.000,3.100,50.000,9.500
2018-01-31 14:00:00,11.670,67.000,0.000,67.000,8.700
2018-01-31 15:00:00,11.340,40.000,0.000,40.000,8.000
2018-01-31 16:00:00,11.180,6.000,0.000,6.000,7.400
2018-01-31 17:00:00,10.030,0.000,0.000,0.000,6.800
2018-01-31 18:00:00,9.170,0.000,0.000,0.000,6.200
2018-01-31 19:00:00,8.440,0.000,0.000,0.000,5.200
2018-01-31 20:00:00,7.980,0.000,0.000,0.000,4.400
2018-01-31 21:00:00,7.380,0.000,0.000,0.000,4.100
2018-01-31 22:00:00,7.910,0.000,0.000,0.000,3.700
2018-01-31 23:00:00,7.340,0.000,0.000,0.000,3.500
2018-02-01 00:00:00,7.740,0.000,0.000,0.000,2.900
2018-02-01 01:00:00,7.980,0.000,0.000,0.000,2.200
2018-02-01 02:00:00,8.340,0.000,0.000,0.000,2.200
2018-02-01 03:00:00,8.020,0.000,0.000,0.000,1.900
2018-02-01 04:00:00,8.130,0.000,0.000,0.000,1.800
2018-02-01 05:00:00,8.230,0.000,0.000,0.000,1.600
2018-02-01 06:00:00,8.220,0.000,0.000,0.000,1.500
2018-02-01 07:00:00,7.930,0.000,0.000,0.000,1.400
2018-02-01 08:00:00,7.870,28.000,167.500,16.000,1.700
2018-02-01 09:00:00,8.380,125.000,449.900,48.000,2.400
2018-02-01 10:00:00,9.900,217.000,561.500,68.000,3.500
2018-02-01 11:00:00,10.130,260.000,509.700,94.000,4.400
2018-02-01 12:00:00,9.700,254.000,416.800,109.000,5.000
2018-02-01 13:00:00,9.450,227.000,353.800,110.000,5.200
2018-02-01 14:00:00,8.220,184.000,381.800,79.000,5.100
2018-02-01 15:00:00,7.990,108.000,308.400,51.000,4.800
2018-02-01 16:00:00,8.140,35.000,187.900,20.000,4.300
2018-02-01 17:00:00,8.230,0.000,0.000,0.000,4.000
2018-02-01 18:00:00,8.070,0.000,0.000,0.000,3.600
2018-02-01 19:00:00,7.850,0.000,0.000,0.000,3.300
2018-02-01 20:00:00,7.860,0.000,0.000,0.000,3.000
2018-02-01 21:00:00,7.930,0.000,0.000,0.000,2.900
2018-02-01 22:00:00,8.510,0.000,0.000,0.000,2.800
2018-02-01 23:00:00,8.410,0.000,0.000,0.000,2.600
2018-02-02 00:00:00,8.490,0.000,0.000,0.000,2.500
2018-02-02 01:00:00,8.540,0.000,0.000,0.000,2.500
2018-02-02 02:00:00,8.600,0.000,0.000,0.000,2.600
2018-02-02 03:00:00,8.510,0.000,0.000,0.000,2.600
2018-02-02 04:00:00,8.470,0.000,0.000,0.000,2.500
2018-02-02 05:00:00,8.280,0.000,0.000,0.000,2.600
2018-02-02 06:00:00,8.130,0.000,0.000,0.000,2.800
2018-02-02 07:00:00,7.920,0.000,0.000,0.000,3.000
2018-02-02 08:00:00,7.610,16.000,27.100,14.000,2.900
2018-02-02 09:00:00,7.420,56.000,11.400,54.000,3.100
2018-02-02 10:00:00,5.910,88.000,22.200,82.000,2.100
2018-02-02 11:00:00,5.350,101.000,36.300,89.000,2.100
2018-02-02 12:00:00,5.000,133.000,51.000,115.000,2.800
2018-02-02 13:00:00,4.920,124.000,89.400,94.000,3.300
2018-02-02 14:00:00,5.280,60.000,14.300,56.000,3.400
2018-02-02 15:00:00,5.510,55.000,21.100,51.000,3.600
2018-02-02 16:00:00,5.250,22.000,85.000,15.000,3.500
2018-02-02 17:00:00,5.660,0.000,0.000,0.000,3.400
2018-02-02 18:00:00,5.820,0.000,0.000,0.000,3.600
2018-02-02 19:00:00,6.120,0.000,0.000,0.000,3.300
2018-02-02 20:00:00,6.620,0.000,0.000,0.000,3.100
2018-02-02 21:00:00,6.720,0.000,0.000,0.000,2.700
2018-02-02 22:00:00,7.180,0.000,0.000,0.000,3.000
2018-02-02 23:00:00,7.460,0.000,0.000,0.000,3.100
2018-02-03 00:00:00,7.480,0.000,0.000,0.000,3.000
2018-02-03 01:00:00,6.990,0.000,0.000,0.000,2.600
2018-02-03 02:00:00,6.490,0.000,0.000,0.000,2.300
2018-02-03 03:00:00,6.530,0.000,0.000,0.000,2.100
2018-02-03 04:00:00,5.990,0.000,0.000,0.000,1.800
2018-02-03 05:00:00,5.550,0.000,0.000,0.000,1.400
2018-02-03 06:00:00,4.880,0.000,0.000,0.000,1.200
2018-02-03 07:00:00,4.160,0.000,0.000,0.000,1.100
2018-02-03 08:00:00,3.810,19.000,78.800,13.000,0.900
2018-02-03 09:00:00,3.380,64.000,61.200,53.000,1.100
2018-02-03 10:00:00,2.720,123.000,116.600,91.000,1.200
2018-02-03 11:00:00,2.330,207.000,295.500,108.000,1.300
2018-02-03 12:00:00,3.010,274.000,497.900,96.000,1.700
2018-02-03 13:00:00,3.200,244.000,437.800,95.000,1.900
2018-02-03 14:00:00,2.690,187.000,365.300,83.000,1.900
2018-02-03 15:00:00,3.280,82.000,133.800,56.000,1.700
2018-02-03 16:00:00,2.830,26.000,94.300,18.000,1.400
2018-02-03 17:00:00,3.130,0.000,0.000,0.000,1.400
2018-02-03 18:00:00,4.300,0.000,0.000,0.000,1.300
2018-02-03 19:00:00,4.860,0.000,0.000,0.000,1.000
2018-02-03 20:00:00,5.020,0.000,0.000,0.000,0.500
2018-02-03 21:00:00,4.800,0.000,0.000,0.000,0.100
2018-02-03 22:00:00,4.520,0.000,0.000,0.000,-0.300
2018-02-03 23:00:00,4.590,0.000,0.000,0.000,-0.500
2018-02-04 00:00:00,5.020,0.000,0.000,0.000,-0.800
2018-02-04 01:00:00,5.000,0.000,0.000,0.000,-1.000
2018-02-04 02:00:00,3.850,0.000,0.000,0.000,-1.200
2018-02-04 03:00:00,3.580,0.000,0.000,0.000,-1.100
2018-02-04 04:00:00,4.000,0.000,0.000,0.000,-1.000
2018-02-04 05:00:00,4.020,0.000,0.000,0.000,-1.200
2018-02-04 06:00:00,3.520,0.000,0.000,0.000,-1.500
2018-02-04 07:00:00,3.210,0.000,0.000,0.000,-1.500
2018-02-04 08:00:00,2.840,29.000,127.600,19.000,-1.400
2018-02-04 09:00:00,2.560,117.000,309.500,60.000,-1.000
2018-02-04 10:00:00,2.600,163.000,211.500,104.000,-0.700
2018-02-04 11:00:00,3.500,165.000,100.100,131.000,-0.200
2018-02-04 12:00:00,3.490,187.000,110.400,147.000,0.200
2018-02-04 13:00:00,3.180,152.000,69.500,128.000,0.400
2018-02-04 14:00:00,2.820,110.000,89.800,84.000,0.500
2018-02-04 15:00:00,2.370,80.000,135.600,53.000,0.600
2018-02-04 16:00:00,2.330,32.000,114.500,22.000,0.300
2018-02-04 17:00:00,2.780,0.000,0.000,0.000,-0.100
2018-02-04 18:00:00,3.320,0.000,0.000,0.000,-0.600
2018-02-04 19:00:00,3.750,0.000,0.000,0.000,-0.600
2018-02-04 20:00:00,3.890,0.000,0.000,0.000,-0.900
2018-02-04 21:00:00,4.390,0.000,0.000,0.000,-1.000
2018-02-04 22:00:00,4.360,0.000,0.000,0.000,-0.300
2018-02-04 23:00:00,4.920,0.000,0.000,0.000,0.200
2018-02-05 00:00:00,5.110,0.000,0.000,0.000,0.100
2018-02-05 01:00:00,5.200,0.000,0.000,0.000,0.300
2018-02-05 02:00:00,5.500,0.000,0.000,0.000,0.200
2018-02-05 03:00:00,5.640,0.000,0.000,0.000,0.100
2018-02-05 04:00:00,5.730,0.000,0.000,0.000,0.100
2018-02-05 05:00:00,5.640,0.000,0.000,0.000,-0.100
2018-02-05 06:00:00,5.680,0.000,0.000,0.000,-0.300
2018-02-05 07:00:00,5.460,0.000,0.000,0.000,-0.500
2018-02-05 08:00:00,5.280,28.000,123.900,18.000,-0.400
2018-02-05 09:00:00,5.760,115.000,312.700,56.000,-0.200
2018-02-05 10:00:00,4.730,189.000,366.500,85.000,0.600
2018-02-05 11:00:00,5.060,247.000,391.700,112.000,0.900
2018-02-05 12:00:00,5.040,276.000,460.000,107.000,1.100
2018-02-05 13:00:00,4.750,181.000,139.900,132.000,1.000
2018-02-05 14:00:00,4.640,211.000,427.800,85.000,1.100
2018-02-05 15:00:00,4.500,135.000,333.300,67.000,0.900
2018-02-05 16:00:00,4.600,52.000,300.200,25.000,0.500
2018-02-05 17:00:00,4.900,0.000,0.000,0.000,-0.200
2018-02-05 18:00:00,5.100,0.000,0.000,0.000,-0.600
2018-02-05 19:00:00,4.800,0.000,0.000,0.000,-0.900
2018-02-05 20:00:00,4.800,0.000,0.000,0.000,-1.300
2018-02-05 21:00:00,4.720,0.000,0.000,0.000,-1.900
2018-02-05 22:00:00,5.150,0.000,0.000,0.000,-2.300
2018-02-05 23:00:00,5.120,0.000,0.000,0.000,-2.600
2018-02-06 00:00:00,5.010,0.000,0.000,0.000,-3.000
2018-02-06 01:00:00,4.720,0.000,0.000,0.000,-3.600
2018-02-06 02:00:00,4.240,0.000,0.000,0.000,-4.100
2018-02-06 03:00:00,4.130,0.000,0.000,0.000,-4.700
2018-02-06 04:00:00,4.070,0.000,0.000,0.000,-5.000
2018-02-06 05:00:00,4.140,0.000,0.000,0.000,-5.300
2018-02-06 06:00:00,4.430,0.000,0.000,0.000,-5.600
2018-02-06 07:00:00,4.490,0.000,0.000,0.000,-5.500
2018-02-06 08:00:00,4.700,42.000,252.600,21.000,-4.800
2018-02-06 09:00:00,4.790,136.000,413.900,56.000,-3.500
2018-02-06 10:00:00,4.630,237.000,544.200,80.000,-2.700
2018-02-06 11:00:00,4.490,255.000,317.500,144.000,-1.900
2018-02-06 12:00:00,4.220,273.000,287.400,166.000,-1.400
2018-02-06 13:00:00,3.940,278.000,427.800,126.000,-1.200
2018-02-06 14:00:00,3.940,247.000,504.100,96.000,-1.000
2018-02-06 15:00:00,4.140,150.000,373.400,72.000,-1.300
2018-02-06 16:00:00,4.220,56.000,291.800,29.000,-1.600
2018-02-06 17:00:00,4.470,1.000,0.000,1.000,-2.100
2018-02-06 18:00:00,4.640,0.000,0.000,0.000,-2.500
2018-02-06 19:00:00,4.530,0.000,0.000,0.000,-3.000
2018-02-06 20:00:00,4.100,0.000,0.000,0.000,-2.800
2018-02-06 21:00:00,4.000,0.000,0.000,0.000,-2.800
2018-02-06 22:00:00,3.960,0.000,0.000,0.000,-2.700
2018-02-06 23:00:00,4.050,0.000,0.000,0.000,-2.700
2018-02-07 00:00:00,3.540,0.000,0.000,0.000,-2.900
2018-02-07 01:00:00,3.420,0.000,0.000,0.000,-3.100
2018-02-07 02:00:00,3.570,0.000,0.000,0.000,-3.000
2018-02-07 03:00:00,3.420,0.000,0.000,0.000,-3.100
2018-02-07 04:00:00,3.410,0.000,0.000,0.000,-3.300
2018-02-07 05:00:00,4.240,0.000,0.000,0.000,-3.500
2018-02-07 06:00:00,4.530,0.000,0.000,0.000,-3.500
2018-02-07 07:00:00,4.420,0.000,0.000,0.000,-3.700
2018-02-07 08:00:00,3.720,42.000,187.000,26.000,-3.700
2018-02-07 09:00:00,3.080,146.000,419.300,63.000,-2.900
2018-02-07 10:00:00,3.060,248.000,627.200,64.000,-2.100
2018-02-07 11:00:00,3.060,336.000,733.300,76.000,-1.000
2018-02-07 12:00:00,2.780,352.000,715.400,82.000,-0.100
2018-02-07 13:00:00,2.760,336.000,718.700,77.000,0.500
2018-02-07 14:00:00,3.160,273.000,663.300,71.000,0.800
2018-02-07 15:00:00,3.440,173.000,551.800,55.000,0.600
2018-02-07 16:00:00,4.200,61.000,357.400,27.000,-0.200
2018-02-07 17:00:00,4.690,1.000,0.000,1.000,-1.300
2018-02-07 18:00:00,4.840,0.000,0.000,0.000,-2.000
2018-02-07 19:00:00,4.720,0.000,0.000,0.000,-2.600
2018-02-07 20:00:00,4.360,0.000,0.000,0.000,-3.400
2018-02-07 21:00:00,4.080,0.000,0.000,0.000,-3.800
2018-02-07 22:00:00,3.470,0.000,0.000,0.000,-4.200
2018-02-07 23:00:00,3.200,0.000,0.000,0.000,-4.700
2018-02-08 00:00:00,2.560,0.000,0.000,0.000,-5.100
2018-02-08 01:00:00,2.270,0.000,0.000,0.000,-5.800
2018-02-08 02:00:00,2.100,0.000,0.000,0.000,-6.300
2018-02-08 03:00:00,1.810,0.000,0.000,0.000,-6.600
2018-02-08 04:00:00,1.330,0.000,0.000,0.000,-7.000
2018-02-08 05:00:00,1.250,0.000,0.000,0.000,-7.100
2018-02-08 06:00:00,1.300,0.000,0.000,0.000,-7.000
2018-02-08 07:00:00,1.610,0.000,0.000,0.000,-6.600
2018-02-08 08:00:00,1.300,43.000,238.600,22.000,-5.900
2018-02-08 09:00:00,0.810,128.000,286.100,70.000,-3.900
2018-02-08 10:00:00,0.670,240.000,513.000,87.000,-2.000
2018-02-08 11:00:00,0.720,314.000,628.500,88.000,-0.700
2018-02-08 12:00:00,0.850,307.000,507.200,113.000,0.300
2018-02-08 13:00:00,0.900,304.000,495.300,123.000,0.600
2018-02-08 14:00:00,1.100,184.000,200.300,122.000,0.500
2018-02-08 15:00:00,1.400,106.000,86.800,87.000,0.400
2018-02-08 16:00:00,1.910,38.000,50.400,33.000,0.000
2018-02-08 17:00:00,2.260,1.000,0.000,1.000,-0.700
2018-02-08 18:00:00,2.520,0.000,0.000,0.000,-1.600
2018-02-08 19:00:00,2.800,0.000,0.000,0.000,-2.100
2018-02-08 20:00:00,2.900,0.000,0.000,0.000,-3.100
2018-02-08 21:00:00,2.910,0.000,0.000,0.000,-3.700
2018-02-08 22:00:00,2.960,0.000,0.000,0.000,-3.800
2018-02-08 23:00:00,3.930,0.000,0.000,0.000,-4.500
2018-02-09 00:00:00,4.660,0.000,0.000,0.000,-4.700
2018-02-09 01:00:00,4.810,0.000,0.000,0.000,-5.400
2018-02-09 02:00:00,4.740,0.000,0.000,0.000,-5.700
2018-02-09 03:00:00,4.520,0.000,0.000,0.000,-5.900
2018-02-09 04:00:00,4.550,0.000,0.000,0.000,-6.000
2018-02-09 05:00:00,5.040,0.000,0.000,0.000,-6.000
2018-02-09 06:00:00,5.220,0.000,0.000,0.000,-5.900
2018-02-09 07:00:00,5.410,0.000,0.000,0.000,-5.800
2018-02-09 08:00:00,5.390,50.000,287.200,24.000,-4.700
2018-02-09 09:00:00,4.550,161.000,525.300,52.000,-3.100
2018-02-09 10:00:00,3.910,270.000,656.300,71.000,-1.600
2018-02-09 11:00:00,4.040,332.000,685.600,82.000,-0.500
2018-02-09 12:00:00,4.160,367.000,748.100,77.000,0.400
2018-02-09 13:00:00,4.230,349.000,742.100,74.000,1.000
2018-02-09 14:00:00,4.200,283.000,670.500,72.000,1.100
2018-02-09 15:00:00,3.920,182.000,576.600,53.000,0.800
2018-02-09 16:00:00,4.400,66.000,365.500,28.000,-0.000
2018-02-09 17:00:00,4.870,2.000,0.000,2.000,-1.100
2018-02-09 18:00:00,5.170,0.000,0.000,0.000,-1.000
2018-02-09 19:00:00,5.160,0.000,0.000,0.000,-1.200
2018-02-09 20:00:00,4.900,0.000,0.000,0.000,-1.300
2018-02-09 21:00:00,4.710,0.000,0.000,0.000,-1.400
2018-02-09 22:00:00,4.650,0.000,0.000,0.000,-1.800
2018-02-09 23:00:00,4.680,0.000,0.000,0.000,-1.900
2018-02-10 00:00:00,4.590,0.000,0.000,0.000,-2.300
2018-02-10 01:00:00,4.270,0.000,0.000,0.000,-2.700
2018-02-10 02:00:00,4.110,0.000,0.000,0.000,-3.000
2018-02-10 03:00:00,4.240,0.000,0.000,0.000,-3.400
2018-02-10 04:00:00,4.240,0.000,0.000,0.000,-3.100
2018-02-10 05:00:00,4.270,0.000,0.000,0.000,-3.300
2018-02-10 06:00:00,4.070,0.000,0.000,0.000,-3.300
2018-02-10 07:00:00,4.050,0.000,0.000,0.000,-3.100
2018-02-10 08:00:00,4.330,40.000,139.700,27.000,-2.300
2018-02-10 09:00:00,3.900,131.000,292.000,69.000,-0.800
2018-02-10 10:00:00,3.710,214.000,347.100,107.000,0.800
2018-02-10 11:00:00,4.030,286.000,402.900,137.000,1.900
2018-02-10 12:00:00,3.960,283.000,361.500,141.000,2.500
2018-02-10 13:00:00,3.750,169.000,122.400,123.000,2.400
2018-02-10 14:00:00,3.610,75.000,37.500,63.000,1.900
2018-02-10 15:00:00,3.760,43.000,4.400,42.000,1.700
2018-02-10 16:00:00,4.340,16.000,9.200,15.000,1.400
2018-02-10 17:00:00,4.880,1.000,0.000,1.000,1.200
2018-02-10 18:00:00,5.390,0.000,0.000,0.000,1.200
2018-02-10 19:00:00,5.450,0.000,0.000,0.000,1.200
2018-02-10 20:00:00,5.450,0.000,0.000,0.000,1.200
2018-02-10 21:00:00,5.660,0.000,0.000,0.000,1.200
2018-02-10 22:00:00,6.170,0.000,0.000,0.000,1.500
2018-02-10 23:00:00,6.660,0.000,0.000,0.000,1.500
2018-02-11 00:00:00,7.010,0.000,0.000,0.000,1.400
2018-02-11 01:00:00,7.830,0.000,0.000,0.000,1.100
2018-02-11 02:00:00,8.430,0.000,0.000,0.000,1.000
2018-02-11 03:00:00,8.990,0.000,0.000,0.000,1.000
2018-02-11 04:00:00,9.430,0.000,0.000,0.000,0.900
2018-02-11 05:00:00,9.840,0.000,0.000,0.000,1.000
2018-02-11 06:00:00,10.370,0.000,0.000,0.000,1.300
2018-02-11 07:00:00,10.830,0.000,0.000,0.000,1.300
2018-02-11 08:00:00,11.020,23.000,73.200,16.000,1.200
2018-02-11 09:00:00,11.070,31.000,0.000,31.000,1.300
2018-02-11 10:00:00,9.490,40.000,22.300,33.000,1.700
2018-02-11 11:00:00,9.820,108.000,16.000,102.000,2.400
2018-02-11 12:00:00,8.220,145.000,67.800,118.000,3.200
2018-02-11 13:00:00,8.660,238.000,296.600,125.000,4.100
2018-02-11 14:00:00,8.790,171.000,240.100,93.000,4.000
2018-02-11 15:00:00,8.430,113.000,171.200,73.000,4.100
2018-02-11 16:00:00,8.030,50.000,176.100,30.000,3.800
2018-02-11 17:00:00,8.300,2.000,19.100,1.000,3.100
2018-02-11 18:00:00,8.270,0.000,0.000,0.000,2.700
2018-02-11 19:00:00,8.320,0.000,0.000,0.000,2.500
2018-02-11 20:00:00,8.630,0.000,0.000,0.000,2.300
2018-02-11 21:00:00,8.740,0.000,0.000,0.000,2.000
2018-02-11 22:00:00,9.050,0.000,0.000,0.000,1.400
2018-02-11 23:00:00,9.090,0.000,0.000,0.000,1.200
2018-02-12 00:00:00,8.990,0.000,0.000,0.000,1.100
2018-02-12 01:00:00,8.850,0.000,0.000,0.000,1.000
2018-02-12 02:00:00,8.730,0.000,0.000,0.000,1.200
2018-02-12 03:00:00,8.680,0.000,0.000,0.000,1.200
2018-02-12 04:00:00,8.650,0.000,0.000,0.000,1.200
2018-02-12 05:00:00,8.600,0.000,0.000,0.000,1.200
2018-02-12 06:00:00,8.720,0.000,0.000,0.000,1.100
2018-02-12 07:00:00,8.810,1.000,0.000,1.000,1.200
2018-02-12 08:00:00,8.590,56.000,285.100,28.000,1.400
2018-02-12 09:00:00,8.270,169.000,472.600,64.000,1.800
2018-02-12 10:00:00,8.190,273.000,581.100,88.000,2.100
2018-02-12 11:00:00,7.980,288.000,452.500,116.000,2.500
2018-02-12 12:00:00,7.710,280.000,367.100,132.000,3.000
2018-02-12 13:00:00,7.450,308.000,515.400,109.000,3.600
2018-02-12 14:00:00,7.350,217.000,330.300,108.000,3.500
2018-02-12 15:00:00,7.060,126.000,155.000,89.000,3.000
2018-02-12 16:00:00,7.420,60.000,168.900,40.000,1.900
2018-02-12 17:00:00,7.040,3.000,0.000,3.000,0.900
2018-02-12 18:00:00,7.060,0.000,0.000,0.000,0.500
2018-02-12 19:00:00,7.050,0.000,0.000,0.000,0.200
2018-02-12 20:00:00,7.200,0.000,0.000,0.000,0.000
2018-02-12 21:00:00,7.470,0.000,0.000,0.000,0.000
2018-02-12 22:00:00,7.420,0.000,0.000,0.000,-0.200
2018-02-12 23:00:00,7.480,0.000,0.000,0.000,-0.700
2018-02-13 00:00:00,7.220,0.000,0.000,0.000,-1.000
2018-02-13 01:00:00,6.590,0.000,0.000,0.000,-1.400
2018-02-13 02:00:00,6.650,0.000,0.000,0.000,-1.600
2018-02-13 03:00:00,6.880,0.000,0.000,0.000,-1.700
2018-02-13 04:00:00,7.130,0.000,0.000,0.000,-1.700
2018-02-13 05:00:00,7.380,0.000,0.000,0.000,-1.600
2018-02-13 06:00:00,7.370,0.000,0.000,0.000,-1.800
2018-02-13 07:00:00,7.210,2.000,0.000,2.000,-1.800
2018-02-13 08:00:00,6.870,67.000,369.100,29.000,-0.900
2018-02-13 09:00:00,6.040,184.000,559.000,57.000,0.500
2018-02-13 10:00:00,5.280,289.000,667.700,73.000,1.700
2018-02-13 11:00:00,5.220,346.000,643.700,98.000,3.000
2018-02-13 12:00:00,5.610,389.000,751.700,82.000,4.100
2018-02-13 13:00:00,5.370,344.000,649.100,90.000,4.800
2018-02-13 14:00:00,4.650,270.000,567.000,80.000,4.900
2018-02-13 15:00:00,3.980,182.000,467.900,68.000,4.700
2018-02-13 16:00:00,4.260,85.000,405.800,35.000,3.700
2018-02-13 17:00:00,5.000,5.000,38.200,3.000,1.800
2018-02-13 18:00:00,5.550,0.000,0.000,0.000,0.400
2018-02-13 19:00:00,5.730,0.000,0.000,0.000,-0.200
2018-02-13 20:00:00,5.910,0.000,0.000,0.000,-0.600
2018-02-13 21:00:00,5.990,0.000,0.000,0.000,-0.900
2018-02-13 22:00:00,6.360,0.000,0.000,0.000,-1.400
2018-02-13 23:00:00,5.890,0.000,0.000,0.000,-2.000
2018-02-14 00:00:00,5.260,0.000,0.000,0.000,-2.500
2018-02-14 01:00:00,4.850,0.000,0.000,0.000,-2.800
2018-02-14 02:00:00,5.100,0.000,0.000,0.000,-3.100
2018-02-14 03:00:00,5.200,0.000,0.000,0.000,-3.600
2018-02-14 04:00:00,5.300,0.000,0.000,0.000,-4.100
2018-02-14 05:00:00,5.490,0.000,0.000,0.000,-4.200
2018-02-14 06:00:00,5.630,0.000,0.000,0.000,-4.200
2018-02-14 07:00:00,5.800,2.000,19.100,1.000,-4.000
2018-02-14 08:00:00,5.750,75.000,398.600,32.000,-2.600
2018-02-14 09:00:00,4.890,198.000,602.800,58.000,-0.400
2018-02-14 10:00:00,3.580,307.000,715.000,72.000,1.700
2018-02-14 11:00:00,4.410,380.000,768.100,80.000,3.300
2018-02-14 12:00:00,5.280,408.000,787.900,82.000,4.200
2018-02-14 13:00:00,5.500,388.000,774.100,81.000,4.600
2018-02-14 14:00:00,5.660,321.000,725.900,74.000,4.600
2018-02-14 15:00:00,5.760,216.000,623.200,61.000,4.300
2018-02-14 16:00:00,6.580,93.000,437.200,37.000,3.300
2018-02-14 17:00:00,7.430,6.000,38.200,4.000,1.800
2018-02-14 18:00:00,7.920,0.000,0.000,0.000,0.800
2018-02-14 19:00:00,8.420,0.000,0.000,0.000,0.200
2018-02-14 20:00:00,8.720,0.000,0.000,0.000,-0.100
2018-02-14 21:00:00,9.280,0.000,0.000,0.000,-0.200
2018-02-14 22:00:00,9.170,0.000,0.000,0.000,-0.300
2018-02-14 23:00:00,9.080,0.000,0.000,0.000,-0.300
2018-02-15 00:00:00,9.000,0.000,0.000,0.000,-0.600
2018-02-15 01:00:00,8.660,0.000,0.000,0.000,-0.600
2018-02-15 02:00:00,8.990,0.000,0.000,0.000,-0.300
2018-02-15 03:00:00,8.660,0.000,0.000,0.000,-0.100
2018-02-15 04:00:00,8.810,0.000,0.000,0.000,-0.000
2018-02-15 05:00:00,8.990,0.000,0.000,0.000,0.100
2018-02-15 06:00:00,9.210,0.000,0.000,0.000,0.200
2018-02-15 07:00:00,9.300,2.000,0.000,2.000,0.300
2018-02-15 08:00:00,9.220,35.000,17.700,33.000,0.600
2018-02-15 09:00:00,9.080,68.000,12.600,65.000,1.100
2018-02-15 10:00:00,7.410,88.000,9.000,85.000,1.500
2018-02-15 11:00:00,7.990,87.000,2.500,86.000,1.200
2018-02-15 12:00:00,8.130,79.000,2.400,78.000,1.100
2018-02-15 13:00:00,8.130,76.000,0.000,76.000,0.900
2018-02-15 14:00:00,8.570,76.000,26.000,67.000,1.000
2018-02-15 15:00:00,8.000,29.000,7.900,27.000,0.900
2018-02-15 16:00:00,7.760,13.000,7.500,12.000,0.800
2018-02-15 17:00:00,7.310,1.000,0.000,1.000,1.100
2018-02-15 18:00:00,7.650,0.000,0.000,0.000,1.600
2018-02-15 19:00:00,7.780,0.000,0.000,0.000,2.200
2018-02-15 20:00:00,7.850,0.000,0.000,0.000,2.900
2018-02-15 21:00:00,7.720,0.000,0.000,0.000,3.600
2018-02-15 22:00:00,7.200,0.000,0.000,0.000,3.400
2018-02-15 23:00:00,6.690,0.000,0.000,0.000,2.900
2018-02-16 00:00:00,6.650,0.000,0.000,0.000,2.100
2018-02-16 01:00:00,6.980,0.000,0.000,0.000,1.500
2018-02-16 02:00:00,7.620,0.000,0.000,0.000,1.000
2018-02-16 03:00:00,7.800,0.000,0.000,0.000,0.600
2018-02-16 04:00:00,7.770,0.000,0.000,0.000,0.600
2018-02-16 05:00:00,7.750,0.000,0.000,0.000,0.600
2018-02-16 06:00:00,7.650,0.000,0.000,0.000,0.400
2018-02-16 07:00:00,7.560,4.000,19.100,3.000,0.400
2018-02-16 08:00:00,7.420,78.000,381.200,33.000,1.200
2018-02-16 09:00:00,7.160,196.000,556.100,61.000,2.300
2018-02-16 10:00:00,6.280,297.000,654.100,75.000,3.800
2018-02-16 11:00:00,7.640,345.000,612.900,99.000,4.600
2018-02-16 12:00:00,8.220,352.000,588.900,102.000,5.200
2018-02-16 13:00:00,8.250,320.000,577.000,85.000,5.600
2018-02-16 14:00:00,8.000,286.000,555.900,91.000,5.900
2018-02-16 15:00:00,7.000,162.000,339.900,74.000,5.800
2018-02-16 16:00:00,6.000,80.000,268.300,43.000,5.400
2018-02-16 17:00:00,6.050,7.000,38.200,5.000,4.300
2018-02-16 18:00:00,6.380,0.000,0.000,0.000,3.500
2018-02-16 19:00:00,6.310,0.000,0.000,0.000,3.000
2018-02-16 20:00:00,5.940,0.000,0.000,0.000,2.200
2018-02-16 21:00:00,5.570,0.000,0.000,0.000,1.700
2018-02-16 22:00:00,5.320,0.000,0.000,0.000,0.500
2018-02-16 23:00:00,5.160,0.000,0.000,0.000,0.000
2018-02-17 00:00:00,4.930,0.000,0.000,0.000,-0.600
2018-02-17 01:00:00,4.200,0.000,0.000,0.000,-1.400
2018-02-17 02:00:00,2.220,0.000,0.000,0.000,-1.800
2018-02-17 03:00:00,2.730,0.000,0.000,0.000,-1.800
2018-02-17 04:00:00,1.610,0.000,0.000,0.000,-2.100
2018-02-17 05:00:00,1.920,0.000,0.000,0.000,-1.600
2018-02-17 06:00:00,0.610,0.000,0.000,0.000,-2.000
2018-02-17 07:00:00,1.220,4.000,0.000,4.000,-2.500
2018-02-17 08:00:00,1.870,57.000,64.900,49.000,-1.500
2018-02-17 09:00:00,1.990,145.000,137.000,111.000,-0.300
2018-02-17 10:00:00,1.810,211.000,171.100,152.000,1.300
2018-02-17 11:00:00,2.300,267.000,174.500,196.000,3.000
2018-02-17 12:00:00,2.410,260.000,107.000,214.000,3.900
2018-02-17 13:00:00,2.260,224.000,101.800,182.000,4.300
2018-02-17 14:00:00,2.200,198.000,106.700,160.000,4.500
2018-02-17 15:00:00,2.400,118.000,56.800,103.000,4.300
2018-02-17 16:00:00,2.620,51.000,28.000,47.000,3.800
2018-02-17 17:00:00,3.050,6.000,0.000,6.000,3.000
2018-02-17 18:00:00,3.380,0.000,0.000,0.000,2.400
2018-02-17 19:00:00,3.410,0.000,0.000,0.000,1.800
2018-02-17 20:00:00,3.130,0.000,0.000,0.000,1.500
2018-02-17 21:00:00,2.690,0.000,0.000,0.000,1.300
2018-02-17 22:00:00,2.770,0.000,0.000,0.000,0.700
2018-02-17 23:00:00,2.110,0.000,0.000,0.000,0.700
2018-02-18 00:00:00,1.350,0.000,0.000,0.000,0.500
2018-02-18 01:00:00,1.280,0.000,0.000,0.000,-0.500
2018-02-18 02:00:00,1.860,0.000,0.000,0.000,-1.000
2018-02-18 03:00:00,2.700,0.000,0.000,0.000,-1.900
2018-02-18 04:00:00,3.090,0.000,0.000,0.000,-2.500
2018-02-18 05:00:00,3.370,0.000,0.000,0.000,-2.600
2018-02-18 06:00:00,3.820,0.000,0.000,0.000,-2.700
2018-02-18 07:00:00,4.120,3.000,19.100,2.000,-2.800
2018-02-18 08:00:00,4.440,62.000,194.400,37.000,-0.600
2018-02-18 09:00:00,3.950,131.000,232.700,72.000,1.500
2018-02-18 10:00:00,3.410,255.000,473.700,89.000,3.500
2018-02-18 11:00:00,4.800,282.000,438.800,101.000,4.300
2018-02-18 12:00:00,4.720,311.000,447.700,116.000,5.000
2018-02-18 13:00:00,4.220,376.000,638.500,109.000,5.600
2018-02-18 14:00:00,4.000,303.000,564.400,99.000,5.600
2018-02-18 15:00:00,4.060,197.000,360.300,100.000,5.100
2018-02-18 16:00:00,4.750,81.000,101.400,66.000,4.100
2018-02-18 17:00:00,5.630,9.000,0.000,9.000,2.700
2018-02-18 18:00:00,6.030,0.000,0.000,0.000,1.700
2018-02-18 19:00:00,5.910,0.000,0.000,0.000,1.100
2018-02-18 20:00:00,6.200,0.000,0.000,0.000,0.600
2018-02-18 21:00:00,6.110,0.000,0.000,0.000,0.400
2018-02-18 22:00:00,5.600,0.000,0.000,0.000,0.400
2018-02-18 23:00:00,5.420,0.000,0.000,0.000,0.300
2018-02-19 00:00:00,5.460,0.000,0.000,0.000,-0.200
2018-02-19 01:00:00,5.600,0.000,0.000,0.000,-0.100
2018-02-19 02:00:00,5.620,0.000,0.000,0.000,-0.200
2018-02-19 03:00:00,5.610,0.000,0.000,0.000,-0.200
2018-02-19 04:00:00,5.240,0.000,0.000,0.000,-0.400
2018-02-19 05:00:00,4.920,0.000,0.000,0.000,-0.300
2018-02-19 06:00:00,4.740,0.000,0.000,0.000,-0.300
2018-02-19 07:00:00,4.490,4.000,0.000,4.000,-0.400
2018-02-19 08:00:00,4.120,58.000,59.700,50.000,0.100
2018-02-19 09:00:00,3.040,138.000,77.200,118.000,1.100
2018-02-19 10:00:00,2.370,220.000,154.500,165.000,2.100
2018-02-19 11:00:00,2.250,278.000,198.500,195.000,3.000
2018-02-19 12:00:00,2.120,312.000,256.100,199.000,3.600
2018-02-19 13:00:00,1.940,332.000,396.500,164.000,4.200
2018-02-19 14:00:00,1.710,282.000,378.900,143.000,4.600
2018-02-19 15:00:00,1.630,196.000,324.300,107.000,4.400
2018-02-19 16:00:00,1.970,97.000,261.600,57.000,3.400
2018-02-19 17:00:00,2.260,11.000,52.300,8.000,1.400
2018-02-19 18:00:00,2.440,0.000,0.000,0.000,0.900
2018-02-19 19:00:00,2.950,0.000,0.000,0.000,0.400
2018-02-19 20:00:00,3.450,0.000,0.000,0.000,-0.300
2018-02-19 21:00:00,3.740,0.000,0.000,0.000,-1.000
2018-02-19 22:00:00,3.250,0.000,0.000,0.000,-1.300
2018-02-19 23:00:00,2.880,0.000,0.000,0.000,-1.200
2018-02-20 00:00:00,2.820,0.000,0.000,0.000,-1.500
2018-02-20 01:00:00,2.860,0.000,0.000,0.000,-1.600
2018-02-20 02:00:00,3.300,0.000,0.000,0.000,-2.000
2018-02-20 03:00:00,3.950,0.000,0.000,0.000,-2.000
2018-02-20 04:00:00,4.510,0.000,0.000,0.000,-2.300
2018-02-20 05:00:00,4.660,0.000,0.000,0.000,-2.600
2018-02-20 06:00:00,4.750,0.000,0.000,0.000,-2.700
2018-02-20 07:00:00,4.970,8.000,38.200,6.000,-2.700
2018-02-20 08:00:00,4.730,96.000,401.300,40.000,-1.700
2018-02-20 09:00:00,3.810,222.000,593.000,65.000,0.100
2018-02-20 10:00:00,3.880,332.000,702.300,78.000,1.600
2018-02-20 11:00:00,4.570,406.000,762.200,83.000,2.700
2018-02-20 12:00:00,4.210,396.000,644.500,108.000,3.300
2018-02-20 13:00:00,4.430,287.000,260.900,175.000,3.500
2018-02-20 14:00:00,4.840,211.000,142.400,158.000,3.500
2018-02-20 15:00:00,4.830,128.000,160.900,83.000,3.100
2018-02-20 16:00:00,5.070,70.000,177.300,42.000,2.200
2018-02-20 17:00:00,5.410,10.000,50.000,7.000,1.400
2018-02-20 18:00:00,5.380,0.000,0.000,0.000,0.700
2018-02-20 19:00:00,5.440,0.000,0.000,0.000,0.100
2018-02-20 20:00:00,5.610,0.000,0.000,0.000,-0.100
2018-02-20 21:00:00,5.550,0.000,0.000,0.000,-0.600
2018-02-20 22:00:00,5.550,0.000,0.000,0.000,-0.900
2018-02-20 23:00:00,5.330,0.000,0.000,0.000,-1.500
2018-02-21 00:00:00,5.160,0.000,0.000,0.000,-1.900
2018-02-21 01:00:00,5.130,0.000,0.000,0.000,-2.300
2018-02-21 02:00:00,5.280,0.000,0.000,0.000,-2.900
2018-02-21 03:00:00,4.880,0.000,0.000,0.000,-3.300
2018-02-21 04:00:00,4.490,0.000,0.000,0.000,-3.800
2018-02-21 05:00:00,4.470,0.000,0.000,0.000,-3.900
2018-02-21 06:00:00,4.330,0.000,0.000,0.000,-3.900
2018-02-21 07:00:00,4.240,9.000,38.000,7.000,-3.900
2018-02-21 08:00:00,3.760,91.000,303.200,47.000,-2.600
2018-02-21 09:00:00,3.140,209.000,488.100,77.000,-1.000
2018-02-21 10:00:00,3.140,296.000,503.500,111.000,0.800
2018-02-21 11:00:00,3.360,352.000,486.600,143.000,1.900
2018-02-21 12:00:00,4.520,374.000,550.300,125.000,2.800
2018-02-21 13:00:00,4.610,303.000,280.600,181.000,3.000
2018-02-21 14:00:00,4.570,217.000,172.100,152.000,2.900
2018-02-21 15:00:00,4.400,151.000,94.800,124.000,2.700
2018-02-21 16:00:00,4.390,53.000,30.700,48.000,2.100
2018-02-21 17:00:00,4.880,8.000,0.000,8.000,1.100
2018-02-21 18:00:00,5.330,0.000,0.000,0.000,0.600
2018-02-21 19:00:00,5.580,0.000,0.000,0.000,0.200
2018-02-21 20:00:00,6.070,0.000,0.000,0.000,0.100
2018-02-21 21:00:00,6.170,0.000,0.000,0.000,-0.400
2018-02-21 22:00:00,5.700,0.000,0.000,0.000,-1.500
2018-02-21 23:00:00,5.260,0.000,0.000,0.000,-1.900
2018-02-22 00:00:00,4.740,0.000,0.000,0.000,-2.300
2018-02-22 01:00:00,4.880,0.000,0.000,0.000,-2.400
2018-02-22 02:00:00,5.100,0.000,0.000,0.000,-2.600
2018-02-22 03:00:00,5.010,0.000,0.000,0.000,-2.800
2018-02-22 04:00:00,4.920,0.000,0.000,0.000,-3.000
2018-02-22 05:00:00,4.970,0.000,0.000,0.000,-3.000
2018-02-22 06:00:00,5.150,0.000,0.000,0.000,-3.000
2018-02-22 07:00:00,4.970,10.000,36.000,8.000,-2.900
2018-02-22 08:00:00,4.460,73.000,139.300,52.000,-1.900
2018-02-22 09:00:00,4.150,144.000,86.900,120.000,-0.800
2018-02-22 10:00:00,4.820,228.000,160.800,168.000,0.100
2018-02-22 11:00:00,4.130,285.000,236.600,182.000,1.100
2018-02-22 12:00:00,3.860,319.000,390.700,140.000,1.900
2018-02-22 13:00:00,3.960,232.000,163.500,160.000,2.100
2018-02-22 14:00:00,4.400,148.000,125.300,100.000,2.300
2018-02-22 15:00:00,4.430,158.000,234.300,90.000,2.400
2018-02-22 16:00:00,4.060,77.000,107.100,59.000,1.700
2018-02-22 17:00:00,4.460,13.000,46.100,10.000,1.100
2018-02-22 18:00:00,5.090,0.000,0.000,0.000,1.000
2018-02-22 19:00:00,5.170,0.000,0.000,0.000,0.500
2018-02-22 20:00:00,5.080,0.000,0.000,0.000,0.400
2018-02-22 21:00:00,5.220,0.000,0.000,0.000,0.400
2018-02-22 22:00:00,5.110,0.000,0.000,0.000,0.100
2018-02-22 23:00:00,5.160,0.000,0.000,0.000,-0.200
2018-02-23 00:00:00,5.240,0.000,0.000,0.000,-0.500
2018-02-23 01:00:00,5.180,0.000,0.000,0.000,-0.500
2018-02-23 02:00:00,5.280,0.000,0.000,0.000,-0.600
2018-02-23 03:00:00,4.930,0.000,0.000,0.000,-1.000
2018-02-23 04:00:00,4.750,0.000,0.000,0.000,-1.200
2018-02-23 05:00:00,4.680,0.000,0.000,0.000,-1.500
2018-02-23 06:00:00,5.070,0.000,0.000,0.000,-1.800
2018-02-23 07:00:00,5.760,7.000,17.100,6.000,-2.100
2018-02-23 08:00:00,6.460,60.000,44.700,53.000,-1.500
2018-02-23 09:00:00,6.530,167.000,280.200,88.000,-1.100
2018-02-23 10:00:00,5.080,288.000,414.200,131.000,-0.500
2018-02-23 11:00:00,5.080,317.000,278.900,194.000,-0.200
2018-02-23 12:00:00,5.430,384.000,437.600,181.000,0.300
2018-02-23 13:00:00,5.280,392.000,578.500,134.000,0.800
2018-02-23 14:00:00,5.430,334.000,550.800,120.000,1.000
2018-02-23 15:00:00,5.770,252.000,558.400,87.000,0.900
2018-02-23 16:00:00,5.920,121.000,352.300,60.000,0.300
2018-02-23 17:00:00,6.650,19.000,59.100,15.000,-0.500
2018-02-23 18:00:00,6.890,0.000,0.000,0.000,-1.300
2018-02-23 19:00:00,7.140,0.000,0.000,0.000,-1.800
2018-02-23 20:00:00,7.400,0.000,0.000,0.000,-2.300
2018-02-23 21:00:00,7.130,0.000,0.000,0.000,-2.600
2018-02-23 22:00:00,6.330,0.000,0.000,0.000,-3.200
2018-02-23 23:00:00,6.550,0.000,0.000,0.000,-3.500
2018-02-24 00:00:00,6.660,0.000,0.000,0.000,-3.700
2018-02-24 01:00:00,6.580,0.000,0.000,0.000,-4.100
2018-02-24 02:00:00,6.610,0.000,0.000,0.000,-4.300
2018-02-24 03:00:00,6.690,0.000,0.000,0.000,-4.500
2018-02-24 04:00:00,6.990,0.000,0.000,0.000,-4.500
2018-02-24 05:00:00,7.310,0.000,0.000,0.000,-4.300
2018-02-24 06:00:00,7.340,0.000,0.000,0.000,-3.800
2018-02-24 07:00:00,7.460,12.000,48.900,9.000,-3.200
2018-02-24 08:00:00,6.860,68.000,49.300,60.000,-2.000
2018-02-24 09:00:00,9.210,135.000,97.300,107.000,-0.700
2018-02-24 10:00:00,8.970,233.000,252.000,136.000,-0.000
2018-02-24 11:00:00,8.600,221.000,89.500,181.000,0.200
2018-02-24 12:00:00,8.340,282.000,134.100,219.000,0.700
2018-02-24 13:00:00,8.440,310.000,214.800,213.000,1.100
2018-02-24 14:00:00,8.570,291.000,309.600,169.000,1.300
2018-02-24 15:00:00,8.540,234.000,442.200,101.000,1.100
2018-02-24 16:00:00,8.030,116.000,308.600,61.000,0.600
2018-02-24 17:00:00,8.320,22.000,128.100,13.000,-0.400
2018-02-24 18:00:00,8.610,0.000,0.000,0.000,-1.200
2018-02-24 19:00:00,8.690,0.000,0.000,0.000,-1.800
2018-02-24 20:00:00,8.520,0.000,0.000,0.000,-2.500
2018-02-24 21:00:00,8.190,0.000,0.000,0.000,-3.000
2018-02-24 22:00:00,7.260,0.000,0.000,0.000,-3.500
2018-02-24 23:00:00,7.130,0.000,0.000,0.000,-4.000
2018-02-25 00:00:00,6.850,0.000,0.000,0.000,-4.600
2018-02-25 01:00:00,6.440,0.000,0.000,0.000,-5.100
2018-02-25 02:00:00,6.030,0.000,0.000,0.000,-5.700
2018-02-25 03:00:00,5.610,0.000,0.000,0.000,-6.100
2018-02-25 04:00:00,5.650,0.000,0.000,0.000,-6.500
2018-02-25 05:00:00,5.360,0.000,0.000,0.000,-6.800
2018-02-25 06:00:00,5.090,0.000,0.000,0.000,-7.000
2018-02-25 07:00:00,5.420,17.000,93.300,11.000,-7.000
2018-02-25 08:00:00,5.520,110.000,267.900,65.000,-5.500
2018-02-25 09:00:00,5.420,226.000,398.500,109.000,-4.400
2018-02-25 10:00:00,5.470,311.000,419.700,147.000,-3.500
2018-02-25 11:00:00,4.470,333.000,289.300,202.000,-2.900
2018-02-25 12:00:00,4.090,326.000,201.900,230.000,-2.200
2018-02-25 13:00:00,4.380,282.000,148.700,214.000,-2.100
2018-02-25 14:00:00,4.580,275.000,262.800,170.000,-1.800
2018-02-25 15:00:00,4.600,153.000,55.600,136.000,-2.000
2018-02-25 16:00:00,4.460,82.000,54.600,72.000,-2.500
2018-02-25 17:00:00,3.830,20.000,54.900,16.000,-3.300
2018-02-25 18:00:00,4.380,0.000,0.000,0.000,-3.600
2018-02-25 19:00:00,5.240,0.000,0.000,0.000,-3.700
2018-02-25 20:00:00,5.660,0.000,0.000,0.000,-3.800
2018-02-25 21:00:00,5.880,0.000,0.000,0.000,-4.000
2018-02-25 22:00:00,6.300,0.000,0.000,0.000,-4.300
2018-02-25 23:00:00,6.020,0.000,0.000,0.000,-4.300
2018-02-26 00:00:00,6.040,0.000,0.000,0.000,-4.300
2018-02-26 01:00:00,6.080,0.000,0.000,0.000,-4.700
2018-02-26 02:00:00,5.950,0.000,0.000,0.000,-5.300
2018-02-26 03:00:00,6.370,0.000,0.000,0.000,-5.600
2018-02-26 04:00:00,6.080,0.000,0.000,0.000,-5.900
2018-02-26 05:00:00,5.670,0.000,0.000,0.000,-6.300
2018-02-26 06:00:00,5.560,0.000,0.000,0.000,-6.600
2018-02-26 07:00:00,6.050,15.000,59.500,11.000,-6.400
2018-02-26 08:00:00,7.920,93.000,184.100,61.000,-5.600
2018-02-26 09:00:00,7.570,196.000,273.800,114.000,-4.700
2018-02-26 10:00:00,4.880,301.000,451.300,122.000,-3.500
2018-02-26 11:00:00,4.400,368.000,442.600,165.000,-2.500
2018-02-26 12:00:00,4.480,370.000,423.900,166.000,-2.200
2018-02-26 13:00:00,5.250,362.000,432.100,162.000,-1.900
2018-02-26 14:00:00,6.210,297.000,372.900,146.000,-1.800
2018-02-26 15:00:00,6.840,194.000,237.700,120.000,-2.100
2018-02-26 16:00:00,6.400,113.000,223.000,71.000,-2.500
2018-02-26 17:00:00,6.920,23.000,79.600,17.000,-2.900
2018-02-26 18:00:00,6.930,0.000,0.000,0.000,-3.400
2018-02-26 19:00:00,7.010,0.000,0.000,0.000,-3.800
2018-02-26 20:00:00,6.970,0.000,0.000,0.000,-4.200
2018-02-26 21:00:00,6.580,0.000,0.000,0.000,-4.900
2018-02-26 22:00:00,5.990,0.000,0.000,0.000,-5.600
2018-02-26 23:00:00,5.190,0.000,0.000,0.000,-6.200
2018-02-27 00:00:00,4.780,0.000,0.000,0.000,-6.500
2018-02-27 01:00:00,4.760,0.000,0.000,0.000,-7.400
2018-02-27 02:00:00,4.400,0.000,0.000,0.000,-8.000
2018-02-27 03:00:00,4.310,0.000,0.000,0.000,-8.600
2018-02-27 04:00:00,4.140,0.000,0.000,0.000,-9.000
2018-02-27 05:00:00,3.770,0.000,0.000,0.000,-9.200
2018-02-27 06:00:00,3.490,0.000,0.000,0.000,-9.800
2018-02-27 07:00:00,3.350,18.000,56.900,14.000,-8.900
2018-02-27 08:00:00,2.820,101.000,139.200,76.000,-7.200
2018-02-27 09:00:00,2.830,204.000,239.000,131.000,-5.900
2018-02-27 10:00:00,2.750,299.000,332.900,165.000,-4.800
2018-02-27 11:00:00,2.980,355.000,366.000,185.000,-3.900
2018-02-27 12:00:00,2.830,356.000,332.700,194.000,-3.200
2018-02-27 13:00:00,2.520,398.000,542.100,144.000,-2.600
2018-02-27 14:00:00,2.640,351.000,594.500,107.000,-2.300
2018-02-27 15:00:00,2.520,224.000,382.200,103.000,-2.700
2018-02-27 16:00:00,2.880,116.000,211.900,75.000,-3.300
2018-02-27 17:00:00,3.280,25.000,102.600,17.000,-4.300
2018-02-27 18:00:00,4.250,0.000,0.000,0.000,-4.500
2018-02-27 19:00:00,4.620,0.000,0.000,0.000,-5.000
2018-02-27 20:00:00,5.060,0.000,0.000,0.000,-5.000
2018-02-27 21:00:00,6.000,0.000,0.000,0.000,-5.100
2018-02-27 22:00:00,7.370,0.000,0.000,0.000,-5.700
2018-02-27 23:00:00,7.990,0.000,0.000,0.000,-6.200
2018-02-28 00:00:00,8.080,0.000,0.000,0.000,-6.900
2018-02-28 01:00:00,7.590,0.000,0.000,0.000,-7.900
2018-02-28 02:00:00,6.940,0.000,0.000,0.000,-8.800
2018-02-28 03:00:00,6.580,0.000,0.000,0.000,-9.700
2018-02-28 04:00:00,6.670,0.000,0.000,0.000,-10.300
2018-02-28 05:00:00,6.990,0.000,0.000,0.000,-10.600
2018-02-28 06:00:00,7.380,0.000,0.000,0.000,-10.900
2018-02-28 07:00:00,7.470,22.000,81.900,16.000,-10.900
2018-02-28 08:00:00,7.930,141.000,463.600,55.000,-10.400
2018-02-28 09:00:00,7.800,244.000,526.800,80.000,-9.500
2018-02-28 10:00:00,8.170,344.000,509.200,136.000,-9.100
2018-02-28 11:00:00,7.780,388.000,416.700,192.000,-8.400
2018-02-28 12:00:00,7.470,398.000,316.600,242.000,-8.100
2018-02-28 13:00:00,7.610,358.000,278.400,226.000,-7.600
2018-02-28 14:00:00,7.800,339.000,382.400,180.000,-7.100
2018-02-28 15:00:00,7.900,241.000,313.800,140.000,-7.000
2018-02-28 16:00:00,8.410,143.000,342.600,75.000,-7.100
2018-02-28 17:00:00,8.160,33.000,186.300,18.000,-7.700
2018-02-28 18:00:00,8.660,0.000,0.000,0.000,-8.400
2018-02-28 19:00:00,9.140,0.000,0.000,0.000,-8.700
2018-02-28 20:00:00,9.610,0.000,0.000,0.000,-9.000
2018-02-28 21:00:00,9.800,0.000,0.000,0.000,-9.100
2018-02-28 22:00:00,10.110,0.000,0.000,0.000,-9.100
2018-02-28 23:00:00,10.210,0.000,0.000,0.000,-9.000
2018-03-01 00:00:00,10.510,0.000,0.000,0.000,-9.000
2018-03-01 01:00:00,10.440,0.000,0.000,0.000,-9.000
2018-03-01 02:00:00,10.310,0.000,0.000,0.000,-8.900
2018-03-01 03:00:00,10.000,0.000,0.000,0.000,-9.100
2018-03-01 04:00:00,9.900,0.000,0.000,0.000,-9.400
2018-03-01 05:00:00,9.930,0.000,0.000,0.000,-9.700
2018-03-01 06:00:00,9.650,0.000,0.000,0.000,-10.100
2018-03-01 07:00:00,9.380,28.000,157.300,16.000,-10.000
2018-03-01 08:00:00,9.230,147.000,470.200,57.000,-9.200
2018-03-01 09:00:00,8.800,283.000,636.700,81.000,-8.000
2018-03-01 10:00:00,9.210,399.000,740.900,92.000,-6.700
2018-03-01 11:00:00,9.400,476.000,798.000,96.000,-5.500
2018-03-01 12:00:00,9.730,502.000,804.500,101.000,-4.700
2018-03-01 13:00:00,9.840,471.000,750.400,111.000,-3.900
2018-03-01 14:00:00,9.790,404.000,724.000,99.000,-3.600
2018-03-01 15:00:00,9.960,299.000,684.900,75.000,-3.600
2018-03-01 16:00:00,10.260,163.000,535.500,54.000,-4.100
2018-03-01 17:00:00,10.110,36.000,216.600,18.000,-4.900
2018-03-01 18:00:00,10.250,0.000,0.000,0.000,-5.500
2018-03-01 19:00:00,10.310,0.000,0.000,0.000,-5.900
2018-03-01 20:00:00,10.100,0.000,0.000,0.000,-6.300
2018-03-01 21:00:00,9.800,0.000,0.000,0.000,-6.900
2018-03-01 22:00:00,9.110,0.000,0.000,0.000,-7.700
2018-03-01 23:00:00,9.220,0.000,0.000,0.000,-8.100
2018-03-02 00:00:00,9.170,0.000,0.000,0.000,-8.600
2018-03-02 01:00:00,9.040,0.000,0.000,0.000,-9.000
2018-03-02 02:00:00,8.830,0.000,0.000,0.000,-9.500
2018-03-02 03:00:00,8.660,0.000,0.000,0.000,-10.000
2018-03-02 04:00:00,8.910,0.000,0.000,0.000,-10.300
2018-03-02 05:00:00,9.010,0.000,0.000,0.000,-10.600
2018-03-02 06:00:00,8.780,0.000,0.000,0.000,-10.900
2018-03-02 07:00:00,8.430,31.000,189.200,16.000,-10.700
2018-03-02 08:00:00,8.770,155.000,516.900,53.000,-9.800
2018-03-02 09:00:00,8.650,293.000,680.700,73.000,-8.300
2018-03-02 10:00:00,8.020,406.000,749.500,91.000,-6.700
2018-03-02 11:00:00,8.210,483.000,804.900,95.000,-5.200
2018-03-02 12:00:00,7.620,501.000,775.500,110.000,-4.300
2018-03-02 13:00:00,7.610,487.000,803.600,97.000,-3.400
2018-03-02 14:00:00,7.860,417.000,771.100,88.000,-3.100
2018-03-02 15:00:00,7.730,301.000,659.100,82.000,-3.200
2018-03-02 16:00:00,7.580,161.000,508.100,55.000,-3.600
2018-03-02 17:00:00,7.320,35.000,221.900,16.000,-4.400
2018-03-02 18:00:00,7.690,0.000,0.000,0.000,-5.100
2018-03-02 19:00:00,7.940,0.000,0.000,0.000,-5.600
2018-03-02 20:00:00,8.000,0.000,0.000,0.000,-6.100
2018-03-02 21:00:00,7.810,0.000,0.000,0.000,-6.500
2018-03-02 22:00:00,7.850,0.000,0.000,0.000,-7.200
2018-03-02 23:00:00,7.730,0.000,0.000,0.000,-7.500
2018-03-03 00:00:00,7.540,0.000,0.000,0.000,-8.000
2018-03-03 01:00:00,7.440,0.000,0.000,0.000,-8.300
2018-03-03 02:00:00,7.810,0.000,0.000,0.000,-8.500
2018-03-03 03:00:00,8.130,0.000,0.000,0.000,-8.700
2018-03-03 04:00:00,8.160,0.000,0.000,0.000,-9.000
2018-03-03 05:00:00,8.250,0.000,0.000,0.000,-9.200
2018-03-03 06:00:00,8.510,0.000,0.000,0.000,-9.500
2018-03-03 07:00:00,8.310,35.000,230.800,16.000,-9.400
2018-03-03 08:00:00,8.030,162.000,536.400,53.000,-8.300
2018-03-03 09:00:00,7.960,301.000,689.800,74.000,-6.800
2018-03-03 10:00:00,7.840,417.000,776.700,86.000,-5.400
2018-03-03 11:00:00,7.580,492.000,822.000,91.000,-4.000
2018-03-03 12:00:00,7.650,520.000,837.400,93.000,-2.800
2018-03-03 13:00:00,7.830,498.000,831.200,90.000,-2.000
2018-03-03 14:00:00,7.960,425.000,789.200,84.000,-1.600
2018-03-03 15:00:00,8.290,311.000,705.200,73.000,-1.500
2018-03-03 16:00:00,8.020,173.000,547.700,56.000,-1.800
2018-03-03 17:00:00,8.050,42.000,238.200,21.000,-2.500
2018-03-03 18:00:00,8.010,0.000,0.000,0.000,-3.000
2018-03-03 19:00:00,8.080,0.000,0.000,0.000,-3.500
2018-03-03 20:00:00,8.070,0.000,0.000,0.000,-3.600
2018-03-03 21:00:00,7.890,0.000,0.000,0.000,-4.000
2018-03-03 22:00:00,8.150,0.000,0.000,0.000,-4.200
2018-03-03 23:00:00,8.100,0.000,0.000,0.000,-4.000
2018-03-04 00:00:00,7.740,0.000,0.000,0.000,-4.100
2018-03-04 01:00:00,7.920,0.000,0.000,0.000,-4.200
2018-03-04 02:00:00,7.480,0.000,0.000,0.000,-4.300
2018-03-04 03:00:00,7.040,0.000,0.000,0.000,-4.500
2018-03-04 04:00:00,6.990,0.000,0.000,0.000,-4.700
2018-03-04 05:00:00,7.340,0.000,0.000,0.000,-4.600
2018-03-04 06:00:00,7.520,0.000,0.000,0.000,-4.500
2018-03-04 07:00:00,7.430,33.000,164.000,19.000,-4.400
2018-03-04 08:00:00,6.270,144.000,420.800,56.000,-3.600
2018-03-04 09:00:00,5.610,272.000,540.300,91.000,-2.100
2018-03-04 10:00:00,5.340,392.000,664.300,105.000,-0.000
2018-03-04 11:00:00,5.020,414.000,549.000,143.000,1.300
2018-03-04 12:00:00,5.110,461.000,622.600,140.000,2.800
2018-03-04 13:00:00,5.170,349.000,360.600,170.000,3.600
2018-03-04 14:00:00,5.170,328.000,450.400,131.000,4.400
2018-03-04 15:00:00,5.380,199.000,312.300,92.000,4.500
2018-03-04 16:00:00,6.660,154.000,430.000,60.000,4.500
2018-03-04 17:00:00,7.340,37.000,187.400,20.000,3.300
2018-03-04 18:00:00,7.920,0.000,0.000,0.000,2.600
2018-03-04 19:00:00,8.080,0.000,0.000,0.000,2.100
2018-03-04 20:00:00,8.040,0.000,0.000,0.000,1.700
2018-03-04 21:00:00,7.780,0.000,0.000,0.000,1.400
2018-03-04 22:00:00,7.310,0.000,0.000,0.000,1.600
2018-03-04 23:00:00,6.860,0.000,0.000,0.000,2.000
2018-03-05 00:00:00,7.020,0.000,0.000,0.000,2.400
2018-03-05 01:00:00,7.160,0.000,0.000,0.000,2.600
2018-03-05 02:00:00,7.730,0.000,0.000,0.000,2.300
2018-03-05 03:00:00,7.890,0.000,0.000,0.000,2.500
2018-03-05 04:00:00,7.660,0.000,0.000,0.000,2.700
2018-03-05 05:00:00,7.520,0.000,0.000,0.000,2.900
2018-03-05 06:00:00,7.470,0.000,0.000,0.000,3.200
2018-03-05 07:00:00,7.200,35.000,169.800,20.000,3.400
2018-03-05 08:00:00,6.720,152.000,418.600,62.000,4.600
2018-03-05 09:00:00,5.510,285.000,607.200,78.000,6.300
2018-03-05 10:00:00,4.920,407.000,714.700,94.000,7.900
2018-03-05 11:00:00,4.930,489.000,798.900,90.000,9.300
2018-03-05 12:00:00,4.830,507.000,775.100,103.000,10.400
2018-03-05 13:00:00,4.470,489.000,779.000,98.000,11.000
2018-03-05 14:00:00,3.940,381.000,569.200,129.000,11.500
2018-03-05 15:00:00,3.400,204.000,192.600,137.000,11.200
2018-03-05 16:00:00,4.400,122.000,156.500,87.000,10.900
2018-03-05 17:00:00,4.890,37.000,107.300,27.000,9.600
2018-03-05 18:00:00,5.240,0.000,0.000,0.000,6.400
2018-03-05 19:00:00,5.830,0.000,0.000,0.000,4.500
2018-03-05 20:00:00,6.040,0.000,0.000,0.000,2.800
2018-03-05 21:00:00,5.940,0.000,0.000,0.000,1.800
2018-03-05 22:00:00,6.040,0.000,0.000,0.000,1.200
2018-03-05 23:00:00,5.300,0.000,0.000,0.000,0.700
2018-03-06 00:00:00,4.810,0.000,0.000,0.000,-0.300
2018-03-06 01:00:00,5.250,0.000,0.000,0.000,-0.000
2018-03-06 02:00:00,6.240,0.000,0.000,0.000,-0.100
2018-03-06 03:00:00,6.740,0.000,0.000,0.000,-0.100
2018-03-06 04:00:00,6.610,0.000,0.000,0.000,-0.100
2018-03-06 05:00:00,6.260,0.000,0.000,0.000,-0.700
2018-03-06 06:00:00,6.670,0.000,0.000,0.000,-1.100
2018-03-06 07:00:00,6.460,44.000,262.600,20.000,-1.100
2018-03-06 08:00:00,4.880,171.000,515.900,57.000,0.200
2018-03-06 09:00:00,3.610,304.000,640.000,82.000,1.700
2018-03-06 10:00:00,3.440,411.000,694.000,103.000,3.400
2018-03-06 11:00:00,3.820,480.000,728.400,112.000,4.900
2018-03-06 12:00:00,3.720,498.000,696.500,131.000,5.800
2018-03-06 13:00:00,3.610,466.000,640.500,141.000,6.500
2018-03-06 14:00:00,3.810,370.000,459.700,164.000,6.800
2018-03-06 15:00:00,4.030,245.000,274.800,148.000,6.500
2018-03-06 16:00:00,4.430,128.000,96.200,106.000,6.000
2018-03-06 17:00:00,5.430,33.000,0.000,33.000,4.600
2018-03-06 18:00:00,6.220,0.000,0.000,0.000,3.500
2018-03-06 19:00:00,5.910,0.000,0.000,0.000,2.700
2018-03-06 20:00:00,5.460,0.000,0.000,0.000,2.300
2018-03-06 21:00:00,4.830,0.000,0.000,0.000,1.800
2018-03-06 22:00:00,4.400,0.000,0.000,0.000,1.400
2018-03-06 23:00:00,3.830,0.000,0.000,0.000,1.200
2018-03-07 00:00:00,3.590,0.000,0.000,0.000,0.900
2018-03-07 01:00:00,3.710,0.000,0.000,0.000,0.700
2018-03-07 02:00:00,3.310,0.000,0.000,0.000,0.600
2018-03-07 03:00:00,2.430,0.000,0.000,0.000,0.700
2018-03-07 04:00:00,2.310,0.000,0.000,0.000,0.500
2018-03-07 05:00:00,2.720,0.000,0.000,0.000,0.100
2018-03-07 06:00:00,2.340,0.000,0.000,0.000,0.100
2018-03-07 07:00:00,1.480,28.000,0.000,28.000,0.500
2018-03-07 08:00:00,0.730,65.000,8.800,63.000,1.000
2018-03-07 09:00:00,1.630,106.000,2.800,105.000,1.400
2018-03-07 10:00:00,2.150,172.000,20.000,163.000,2.000
2018-03-07 11:00:00,2.640,302.000,129.100,236.000,3.200
2018-03-07 12:00:00,3.000,362.000,238.400,235.000,4.300
2018-03-07 13:00:00,3.670,342.000,253.400,212.000,5.300
2018-03-07 14:00:00,3.860,226.000,156.600,155.000,5.800
2018-03-07 15:00:00,3.320,200.000,237.300,115.000,6.000
2018-03-07 16:00:00,3.200,136.000,316.800,62.000,5.700
2018-03-07 17:00:00,3.920,40.000,142.500,26.000,4.200
2018-03-07 18:00:00,3.820,0.000,0.000,0.000,2.900
2018-03-07 19:00:00,3.160,0.000,0.000,0.000,2.400
2018-03-07 20:00:00,3.090,0.000,0.000,0.000,2.600
2018-03-07 21:00:00,3.160,0.000,0.000,0.000,2.000
2018-03-07 22:00:00,2.870,0.000,0.000,0.000,1.700
2018-03-07 23:00:00,4.180,0.000,0.000,0.000,1.300
2018-03-08 00:00:00,5.690,0.000,0.000,0.000,1.900
2018-03-08 01:00:00,6.330,0.000,0.000,0.000,2.800
2018-03-08 02:00:00,7.260,0.000,0.000,0.000,3.100
2018-03-08 03:00:00,7.670,0.000,0.000,0.000,3.400
2018-03-08 04:00:00,7.560,0.000,0.000,0.000,3.500
2018-03-08 05:00:00,7.820,0.000,0.000,0.000,3.700
2018-03-08 06:00:00,8.160,0.000,0.000,0.000,3.800
2018-03-08 07:00:00,8.380,11.000,0.000,11.000,4.000
2018-03-08 08:00:00,8.280,52.000,4.300,51.000,4.500
2018-03-08 09:00:00,9.630,169.000,217.300,91.000,5.100
2018-03-08 10:00:00,8.880,305.000,377.400,133.000,6.100
2018-03-08 11:00:00,8.720,388.000,410.100,176.000,7.400
2018-03-08 12:00:00,8.560,433.000,499.700,164.000,8.800
2018-03-08 13:00:00,7.940,325.000,237.200,202.000,9.400
2018-03-08 14:00:00,8.570,247.000,154.800,176.000,9.500
2018-03-08 15:00:00,8.590,178.000,156.900,121.000,9.100
2018-03-08 16:00:00,8.850,85.000,12.600,82.000,8.100
2018-03-08 17:00:00,8.740,26.000,39.700,22.000,7.100
2018-03-08 18:00:00,9.420,0.000,0.000,0.000,6.400
2018-03-08 19:00:00,10.010,0.000,0.000,0.000,5.300
2018-03-08 20:00:00,9.000,0.000,0.000,0.000,4.700
2018-03-08 21:00:00,9.870,0.000,0.000,0.000,4.300
2018-03-08 22:00:00,10.620,0.000,0.000,0.000,4.100
2018-03-08 23:00:00,11.450,0.000,0.000,0.000,3.900
2018-03-09 00:00:00,12.070,0.000,0.000,0.000,4.300
2018-03-09 01:00:00,12.360,0.000,0.000,0.000,4.600
2018-03-09 02:00:00,12.110,0.000,0.000,0.000,4.500
2018-03-09 03:00:00,11.490,0.000,0.000,0.000,4.100
2018-03-09 04:00:00,10.850,0.000,0.000,0.000,3.800
2018-03-09 05:00:00,9.880,0.000,0.000,0.000,3.900
2018-03-09 06:00:00,9.090,0.000,0.000,0.000,4.000
2018-03-09 07:00:00,8.410,48.000,238.200,24.000,3.900
2018-03-09 08:00:00,8.100,157.000,380.500,66.000,4.400
2018-03-09 09:00:00,9.180,252.000,394.500,108.000,4.800
2018-03-09 10:00:00,9.200,291.000,350.900,129.000,5.600
2018-03-09 11:00:00,8.600,240.000,126.200,174.000,6.400
2018-03-09 12:00:00,9.000,355.000,308.800,187.000,7.600
2018-03-09 13:00:00,8.490,317.000,267.200,177.000,8.000
2018-03-09 14:00:00,7.100,250.000,209.000,153.000,8.200
2018-03-09 15:00:00,6.070,212.000,198.100,139.000,8.300
2018-03-09 16:00:00,4.460,145.000,295.600,73.000,8.000
2018-03-09 17:00:00,3.160,45.000,116.100,33.000,7.800
2018-03-09 18:00:00,2.550,0.000,0.000,0.000,6.600
2018-03-09 19:00:00,2.280,0.000,0.000,0.000,4.500
2018-03-09 20:00:00,3.400,0.000,0.000,0.000,3.600
2018-03-09 21:00:00,4.670,0.000,0.000,0.000,3.500
2018-03-09 22:00:00,4.750,0.000,0.000,0.000,3.100
2018-03-09 23:00:00,5.440,0.000,0.000,0.000,3.100
2018-03-10 00:00:00,5.860,0.000,0.000,0.000,3.000
2018-03-10 01:00:00,6.040,0.000,0.000,0.000,3.100
2018-03-10 02:00:00,5.800,0.000,0.000,0.000,3.400
2018-03-10 03:00:00,5.800,0.000,0.000,0.000,3.700
2018-03-10 04:00:00,5.890,0.000,0.000,0.000,3.800
2018-03-10 05:00:00,5.920,0.000,0.000,0.000,4.000
2018-03-10 06:00:00,5.780,0.000,0.000,0.000,4.200
2018-03-10 07:00:00,5.460,5.000,0.000,5.000,4.600
2018-03-10 08:00:00,5.100,32.000,8.200,30.000,5.100
2018-03-10 09:00:00,5.000,41.000,0.000,41.000,6.600
2018-03-10 10:00:00,5.200,49.000,0.000,49.000,7.400
2018-03-10 11:00:00,4.110,53.000,1.900,52.000,8.800
2018-03-10 12:00:00,3.450,77.000,23.600,64.000,10.000
2018-03-10 13:00:00,3.610,167.000,128.400,99.000,11.600
2018-03-10 14:00:00,3.740,255.000,345.100,93.000,13.200
2018-03-10 15:00:00,4.080,217.000,326.500,95.000,13.800
2018-03-10 16:00:00,5.320,146.000,277.600,77.000,13.500
2018-03-10 17:00:00,6.770,40.000,56.700,34.000,12.500
2018-03-10 18:00:00,7.840,1.000,0.000,1.000,11.600
2018-03-10 19:00:00,7.920,0.000,0.000,0.000,11.400
2018-03-10 20:00:00,7.710,0.000,0.000,0.000,11.300
2018-03-10 21:00:00,7.320,0.000,0.000,0.000,11.000
2018-03-10 22:00:00,7.020,0.000,0.000,0.000,10.000
2018-03-10 23:00:00,7.290,0.000,0.000,0.000,9.600
2018-03-11 00:00:00,6.890,0.000,0.000,0.000,9.000
2018-03-11 01:00:00,6.760,0.000,0.000,0.000,8.900
2018-03-11 02:00:00,6.950,0.000,0.000,0.000,8.800
2018-03-11 03:00:00,6.820,0.000,0.000,0.000,9.000
2018-03-11 04:00:00,5.850,0.000,0.000,0.000,9.100
2018-03-11 05:00:00,5.410,0.000,0.000,0.000,9.300
2018-03-11 06:00:00,5.810,1.000,0.000,1.000,9.000
2018-03-11 07:00:00,5.940,50.000,121.400,37.000,9.200
2018-03-11 08:00:00,5.110,171.000,361.800,80.000,10.700
2018-03-11 09:00:00,4.390,286.000,455.900,114.000,12.200
2018-03-11 10:00:00,4.120,421.000,652.200,112.000,13.600
2018-03-11 11:00:00,4.770,444.000,557.400,146.000,14.700
2018-03-11 12:00:00,5.240,454.000,543.700,152.000,15.100
2018-03-11 13:00:00,4.680,371.000,414.900,149.000,15.600
2018-03-11 14:00:00,4.490,255.000,160.100,179.000,15.600
2018-03-11 15:00:00,5.160,187.000,179.500,119.000,15.500
2018-03-11 16:00:00,6.160,103.000,122.300,72.000,15.400
2018-03-11 17:00:00,6.160,29.000,18.500,27.000,14.700
2018-03-11 18:00:00,5.980,1.000,0.000,1.000,13.800
2018-03-11 19:00:00,5.700,0.000,0.000,0.000,13.100
2018-03-11 20:00:00,5.060,0.000,0.000,0.000,12.300
2018-03-11 21:00:00,4.570,0.000,0.000,0.000,11.700
2018-03-11 22:00:00,3.500,0.000,0.000,0.000,10.400
2018-03-11 23:00:00,3.490,0.000,0.000,0.000,9.200
2018-03-12 00:00:00,3.330,0.000,0.000,0.000,8.200
2018-03-12 01:00:00,3.110,0.000,0.000,0.000,7.200
2018-03-12 02:00:00,3.190,0.000,0.000,0.000,7.100
2018-03-12 03:00:00,3.480,0.000,0.000,0.000,6.800
2018-03-12 04:00:00,2.940,0.000,0.000,0.000,7.400
2018-03-12 05:00:00,1.700,0.000,0.000,0.000,7.800
2018-03-12 06:00:00,1.920,0.000,0.000,0.000,7.900
2018-03-12 07:00:00,3.220,18.000,0.000,18.000,7.700
2018-03-12 08:00:00,3.910,22.000,0.000,22.000,8.000
2018-03-12 09:00:00,4.020,38.000,0.000,38.000,8.500
2018-03-12 10:00:00,4.000,43.000,0.000,43.000,8.900
2018-03-12 11:00:00,4.600,50.000,3.700,48.000,9.200
2018-03-12 12:00:00,5.000,95.000,0.000,95.000,10.000
2018-03-12 13:00:00,5.400,76.000,0.000,76.000,10.200
2018-03-12 14:00:00,4.800,58.000,0.000,58.000,10.500
2018-03-12 15:00:00,4.500,58.000,0.000,58.000,10.900
2018-03-12 16:00:00,4.260,59.000,0.000,59.000,11.100
2018-03-12 17:00:00,3.640,21.000,0.000,21.000,10.100
2018-03-12 18:00:00,3.970,1.000,0.000,1.000,9.700
2018-03-12 19:00:00,5.300,0.000,0.000,0.000,9.600
2018-03-12 20:00:00,6.650,0.000,0.000,0.000,9.800
2018-03-12 21:00:00,7.440,0.000,0.000,0.000,9.500
2018-03-12 22:00:00,8.320,0.000,0.000,0.000,9.200
2018-03-12 23:00:00,8.190,0.000,0.000,0.000,8.900
2018-03-13 00:00:00,8.010,0.000,0.000,0.000,8.300
2018-03-13 01:00:00,7.980,0.000,0.000,0.000,8.200
2018-03-13 02:00:00,8.150,0.000,0.000,0.000,7.900
2018-03-13 03:00:00,8.130,0.000,0.000,0.000,8.200
2018-03-13 04:00:00,7.820,0.000,0.000,0.000,8.300
2018-03-13 05:00:00,7.840,0.000,0.000,0.000,8.200
2018-03-13 06:00:00,8.030,1.000,0.000,1.000,8.300
2018-03-13 07:00:00,7.860,19.000,0.000,19.000,8.400
2018-03-13 08:00:00,7.220,83.000,72.000,64.000,8.300
2018-03-13 09:00:00,7.420,125.000,112.900,81.000,8.400
2018-03-13 10:00:00,6.520,129.000,57.600,101.000,8.900
2018-03-13 11:00:00,7.130,119.000,16.500,110.000,9.200
2018-03-13 12:00:00,5.700,91.000,1.800,90.000,8.700
2018-03-13 13:00:00,5.480,163.000,76.900,121.000,8.700
2018-03-13 14:00:00,5.580,131.000,37.100,113.000,8.100
2018-03-13 15:00:00,6.660,87.000,7.700,84.000,7.300
2018-03-13 16:00:00,8.220,47.000,11.400,44.000,6.300
2018-03-13 17:00:00,7.840,18.000,0.000,18.000,5.100
2018-03-13 18:00:00,7.720,1.000,0.000,1.000,4.300
2018-03-13 19:00:00,7.690,0.000,0.000,0.000,3.900
2018-03-13 20:00:00,6.890,0.000,0.000,0.000,3.700
2018-03-13 21:00:00,6.620,0.000,0.000,0.000,3.600
2018-03-13 22:00:00,6.830,0.000,0.000,0.000,4.100
2018-03-13 23:00:00,6.950,0.000,0.000,0.000,4.300
2018-03-14 00:00:00,6.680,0.000,0.000,0.000,4.400
2018-03-14 01:00:00,6.550,0.000,0.000,0.000,4.400
2018-03-14 02:00:00,6.420,0.000,0.000,0.000,4.100
2018-03-14 03:00:00,6.530,0.000,0.000,0.000,4.000
2018-03-14 04:00:00,6.530,0.000,0.000,0.000,3.800
2018-03-14 05:00:00,6.040,0.000,0.000,0.000,3.700
2018-03-14 06:00:00,5.720,1.000,0.000,1.000,3.600
2018-03-14 07:00:00,5.550,30.000,16.100,28.000,3.700
2018-03-14 08:00:00,5.160,87.000,107.300,58.000,3.800
2018-03-14 09:00:00,4.470,184.000,146.600,126.000,4.100
2018-03-14 10:00:00,3.540,266.000,282.600,127.000,4.700
2018-03-14 11:00:00,3.180,282.000,226.300,157.000,5.100
2018-03-14 12:00:00,2.860,169.000,14.000,161.000,4.900
2018-03-14 13:00:00,2.560,183.000,52.600,154.000,5.100
2018-03-14 14:00:00,1.970,122.000,6.100,119.000,4.900
2018-03-14 15:00:00,1.080,107.000,5.100,105.000,5.000
2018-03-14 16:00:00,1.200,83.000,55.900,68.000,5.000
2018-03-14 17:00:00,2.530,36.000,49.200,30.000,4.700
2018-03-14 18:00:00,3.710,1.000,0.000,1.000,3.900
2018-03-14 19:00:00,4.280,0.000,0.000,0.000,3.500
2018-03-14 20:00:00,5.060,0.000,0.000,0.000,3.300
2018-03-14 21:00:00,5.980,0.000,0.000,0.000,3.000
2018-03-14 22:00:00,6.840,0.000,0.000,0.000,3.300
2018-03-14 23:00:00,7.610,0.000,0.000,0.000,3.000
2018-03-15 00:00:00,7.830,0.000,0.000,0.000,2.600
2018-03-15 01:00:00,7.850,0.000,0.000,0.000,2.000
2018-03-15 02:00:00,8.190,0.000,0.000,0.000,1.700
2018-03-15 03:00:00,8.100,0.000,0.000,0.000,1.500
2018-03-15 04:00:00,8.130,0.000,0.000,0.000,1.400
2018-03-15 05:00:00,8.610,0.000,0.000,0.000,1.400
2018-03-15 06:00:00,8.930,2.000,0.000,2.000,1.700
2018-03-15 07:00:00,9.680,52.000,130.600,35.000,2.300
2018-03-15 08:00:00,9.840,92.000,43.400,80.000,3.100
2018-03-15 09:00:00,10.190,159.000,44.800,141.000,3.900
2018-03-15 10:00:00,9.550,230.000,50.200,205.000,4.500
2018-03-15 11:00:00,9.750,271.000,77.000,228.000,5.300
2018-03-15 12:00:00,9.990,359.000,155.600,269.000,6.200
2018-03-15 13:00:00,10.480,350.000,183.100,248.000,6.600
2018-03-15 14:00:00,11.180,313.000,175.400,226.000,6.600
2018-03-15 15:00:00,11.520,217.000,115.200,171.000,6.200
2018-03-15 16:00:00,10.520,121.000,84.200,98.000,5.800
2018-03-15 17:00:00,10.940,41.000,47.300,35.000,5.300
2018-03-15 18:00:00,11.610,2.000,0.000,2.000,4.700
2018-03-15 19:00:00,11.310,0.000,0.000,0.000,4.300
2018-03-15 20:00:00,10.340,0.000,0.000,0.000,3.900
2018-03-15 21:00:00,10.240,0.000,0.000,0.000,3.600
2018-03-15 22:00:00,9.610,0.000,0.000,0.000,3.400
2018-03-15 23:00:00,10.300,0.000,0.000,0.000,3.200
2018-03-16 00:00:00,10.410,0.000,0.000,0.000,2.800
2018-03-16 01:00:00,9.920,0.000,0.000,0.000,2.800
2018-03-16 02:00:00,9.720,0.000,0.000,0.000,2.700
2018-03-16 03:00:00,9.500,0.000,0.000,0.000,2.600
2018-03-16 04:00:00,9.500,0.000,0.000,0.000,2.400
2018-03-16 05:00:00,9.630,0.000,0.000,0.000,2.300
2018-03-16 06:00:00,9.770,1.000,0.000,1.000,1.900
2018-03-16 07:00:00,9.490,20.000,0.000,20.000,1.600
2018-03-16 08:00:00,9.600,38.000,3.500,37.000,1.200
2018-03-16 09:00:00,9.630,60.000,0.000,60.000,0.800
2018-03-16 10:00:00,9.360,129.000,15.900,121.000,0.900
2018-03-16 11:00:00,9.430,132.000,12.400,125.000,0.500
2018-03-16 12:00:00,9.710,200.000,58.200,166.000,0.500
2018-03-16 13:00:00,9.710,128.000,8.900,123.000,0.100
2018-03-16 14:00:00,9.180,113.000,2.000,112.000,-0.000
2018-03-16 15:00:00,8.560,73.000,9.900,69.000,-0.200
2018-03-16 16:00:00,7.920,44.000,0.000,44.000,-0.500
2018-03-16 17:00:00,8.450,21.000,0.000,21.000,-0.700
2018-03-16 18:00:00,8.630,1.000,0.000,1.000,-0.700
2018-03-16 19:00:00,8.990,0.000,0.000,0.000,-0.800
2018-03-16 20:00:00,9.390,0.000,0.000,0.000,-1.000
2018-03-16 21:00:00,9.670,0.000,0.000,0.000,-1.400
2018-03-16 22:00:00,8.230,0.000,0.000,0.000,-2.400
2018-03-16 23:00:00,8.720,0.000,0.000,0.000,-2.800
2018-03-17 00:00:00,9.260,0.000,0.000,0.000,-3.100
2018-03-17 01:00:00,9.580,0.000,0.000,0.000,-3.500
2018-03-17 02:00:00,9.530,0.000,0.000,0.000,-3.800
2018-03-17 03:00:00,8.970,0.000,0.000,0.000,-4.000
2018-03-17 04:00:00,8.900,0.000,0.000,0.000,-4.200
2018-03-17 05:00:00,9.120,0.000,0.000,0.000,-4.400
2018-03-17 06:00:00,9.680,4.000,0.000,4.000,-4.700
2018-03-17 07:00:00,10.940,52.000,42.000,46.000,-4.800
2018-03-17 08:00:00,11.170,167.000,131.500,129.000,-4.600
2018-03-17 09:00:00,12.030,233.000,178.700,159.000,-4.200
2018-03-17 10:00:00,10.260,362.000,251.000,234.000,-3.900
2018-03-17 11:00:00,10.650,522.000,566.900,199.000,-3.300
2018-03-17 12:00:00,11.040,503.000,464.800,229.000,-2.800
2018-03-17 13:00:00,11.570,433.000,311.600,256.000,-2.400
2018-03-17 14:00:00,11.840,407.000,424.500,192.000,-2.000
2018-03-17 15:00:00,12.380,300.000,342.100,160.000,-1.800
2018-03-17 16:00:00,11.890,194.000,303.800,108.000,-1.900
2018-03-17 17:00:00,11.280,72.000,175.900,48.000,-2.100
2018-03-17 18:00:00,11.280,3.000,0.000,3.000,-2.300
2018-03-17 19:00:00,11.670,0.000,0.000,0.000,-2.500
2018-03-17 20:00:00,11.870,0.000,0.000,0.000,-2.700
2018-03-17 21:00:00,12.100,0.000,0.000,0.000,-3.000
2018-03-17 22:00:00,9.970,0.000,0.000,0.000,-2.600
2018-03-17 23:00:00,10.190,0.000,0.000,0.000,-2.900
2018-03-18 00:00:00,10.910,0.000,0.000,0.000,-3.100
2018-03-18 01:00:00,11.350,0.000,0.000,0.000,-3.500
2018-03-18 02:00:00,11.480,0.000,0.000,0.000,-3.800
2018-03-18 03:00:00,11.350,0.000,0.000,0.000,-4.100
2018-03-18 04:00:00,11.400,0.000,0.000,0.000,-4.400
2018-03-18 05:00:00,11.630,0.000,0.000,0.000,-4.600
2018-03-18 06:00:00,11.300,7.000,38.200,5.000,-4.700
2018-03-18 07:00:00,12.800,80.000,201.300,50.000,-4.300
2018-03-18 08:00:00,12.980,224.000,447.200,92.000,-3.600
2018-03-18 09:00:00,12.780,381.000,651.900,107.000,-2.800
2018-03-18 10:00:00,10.700,507.000,769.500,110.000,-2.000
2018-03-18 11:00:00,10.700,579.000,792.200,123.000,-1.200
2018-03-18 12:00:00,10.420,606.000,814.900,121.000,-0.500
2018-03-18 13:00:00,10.670,580.000,802.300,120.000,0.200
2018-03-18 14:00:00,10.900,506.000,772.000,111.000,0.600
2018-03-18 15:00:00,10.970,390.000,712.000,95.000,0.600
2018-03-18 16:00:00,10.510,241.000,580.000,74.000,0.400
2018-03-18 17:00:00,10.120,91.000,368.200,39.000,-0.300
2018-03-18 18:00:00,10.040,6.000,38.200,4.000,-0.900
2018-03-18 19:00:00,9.970,0.000,0.000,0.000,-1.200
2018-03-18 20:00:00,9.740,0.000,0.000,0.000,-1.600
2018-03-18 21:00:00,9.420,0.000,0.000,0.000,-2.100
2018-03-18 22:00:00,9.150,0.000,0.000,0.000,-2.500
2018-03-18 23:00:00,8.840,0.000,0.000,0.000,-2.900
2018-03-19 00:00:00,8.430,0.000,0.000,0.000,-3.200
2018-03-19 01:00:00,8.110,0.000,0.000,0.000,-3.700
2018-03-19 02:00:00,7.910,0.000,0.000,0.000,-4.200
2018-03-19 03:00:00,7.520,0.000,0.000,0.000,-4.700
2018-03-19 04:00:00,7.220,0.000,0.000,0.000,-5.000
2018-03-19 05:00:00,6.950,0.000,0.000,0.000,-5.300
2018-03-19 06:00:00,6.790,10.000,54.800,7.000,-5.300
2018-03-19 07:00:00,6.060,115.000,457.100,44.000,-3.800
2018-03-19 08:00:00,6.640,269.000,650.300,73.000,-2.400
2018-03-19 09:00:00,6.050,415.000,764.500,89.000,-1.300
2018-03-19 10:00:00,4.650,531.000,825.900,100.000,-0.300
2018-03-19 11:00:00,4.490,605.000,858.400,106.000,0.900
2018-03-19 12:00:00,4.440,630.000,869.000,108.000,1.700
2018-03-19 13:00:00,4.410,602.000,858.900,105.000,2.500
2018-03-19 14:00:00,4.550,524.000,822.400,99.000,3.000
2018-03-19 15:00:00,4.600,405.000,753.700,89.000,3.300
2018-03-19 16:00:00,4.320,257.000,635.300,71.000,3.300
2018-03-19 17:00:00,4.080,105.000,431.600,42.000,2.400
2018-03-19 18:00:00,4.170,7.000,38.200,5.000,0.400
2018-03-19 19:00:00,4.120,0.000,0.000,0.000,-1.100
2018-03-19 20:00:00,3.770,0.000,0.000,0.000,-2.100
2018-03-19 21:00:00,3.350,0.000,0.000,0.000,-3.100
2018-03-19 22:00:00,3.690,0.000,0.000,0.000,-3.500
2018-03-19 23:00:00,4.740,0.000,0.000,0.000,-3.300
2018-03-20 00:00:00,5.540,0.000,0.000,0.000,-3.300
2018-03-20 01:00:00,6.300,0.000,0.000,0.000,-2.800
2018-03-20 02:00:00,7.130,0.000,0.000,0.000,-2.400
2018-03-20 03:00:00,7.720,0.000,0.000,0.000,-2.100
2018-03-20 04:00:00,7.520,0.000,0.000,0.000,-1.700
2018-03-20 05:00:00,7.190,0.000,0.000,0.000,-0.900
2018-03-20 06:00:00,7.220,3.000,0.000,3.000,0.000
2018-03-20 07:00:00,8.040,34.000,18.600,31.000,0.700
2018-03-20 08:00:00,8.520,85.000,68.300,64.000,1.100
2018-03-20 09:00:00,10.030,167.000,173.400,92.000,1.700
2018-03-20 10:00:00,10.980,313.000,278.500,166.000,3.100
2018-03-20 11:00:00,11.100,374.000,289.600,204.000,4.000
2018-03-20 12:00:00,10.120,461.000,443.800,192.000,4.900
2018-03-20 13:00:00,8.950,554.000,722.700,132.000,5.500
2018-03-20 14:00:00,8.450,447.000,617.000,125.000,5.700
2018-03-20 15:00:00,7.810,384.000,655.300,106.000,5.800
2018-03-20 16:00:00,6.960,238.000,530.900,80.000,5.400
2018-03-20 17:00:00,6.720,99.000,364.900,44.000,4.500
2018-03-20 18:00:00,6.510,8.000,38.100,6.000,3.100
2018-03-20 19:00:00,6.180,0.000,0.000,0.000,1.700
2018-03-20 20:00:00,5.590,0.000,0.000,0.000,0.700
2018-03-20 21:00:00,4.880,0.000,0.000,0.000,-0.400
2018-03-20 22:00:00,3.790,0.000,0.000,0.000,-1.400
2018-03-20 23:00:00,2.800,0.000,0.000,0.000,-2.000
2018-03-21 00:00:00,2.420,0.000,0.000,0.000,-2.500
2018-03-21 01:00:00,2.340,0.000,0.000,0.000,-3.200
2018-03-21 02:00:00,2.630,0.000,0.000,0.000,-3.800
2018-03-21 03:00:00,3.440,0.000,0.000,0.000,-4.000
2018-03-21 04:00:00,4.340,0.000,0.000,0.000,-4.200
2018-03-21 05:00:00,4.700,0.000,0.000,0.000,-4.300
2018-03-21 06:00:00,4.900,13.000,81.900,8.000,-3.500
2018-03-21 07:00:00,4.500,117.000,399.300,50.000,-1.900
2018-03-21 08:00:00,3.800,267.000,608.900,76.000,0.000
2018-03-21 09:00:00,3.900,405.000,693.300,101.000,1.800
2018-03-21 10:00:00,4.830,516.000,751.500,115.000,3.500
2018-03-21 11:00:00,5.320,572.000,715.400,148.000,4.500
2018-03-21 12:00:00,5.260,550.000,582.000,194.000,5.300
2018-03-21 13:00:00,5.670,449.000,466.700,174.000,5.600
2018-03-21 14:00:00,5.980,238.000,81.600,195.000,4.900
2018-03-21 15:00:00,5.910,149.000,44.300,130.000,4.500
2018-03-21 16:00:00,5.900,121.000,112.400,87.000,4.700
2018-03-21 17:00:00,6.240,76.000,160.900,51.000,4.200
2018-03-21 18:00:00,7.210,8.000,18.200,7.000,3.300
2018-03-21 19:00:00,7.540,0.000,0.000,0.000,3.000
2018-03-21 20:00:00,7.830,0.000,0.000,0.000,3.000
2018-03-21 21:00:00,8.050,0.000,0.000,0.000,3.000
2018-03-21 22:00:00,8.060,0.000,0.000,0.000,2.700
2018-03-21 23:00:00,7.870,0.000,0.000,0.000,2.800
2018-03-22 00:00:00,8.140,0.000,0.000,0.000,3.000
2018-03-22 01:00:00,8.700,0.000,0.000,0.000,2.900
2018-03-22 02:00:00,8.410,0.000,0.000,0.000,2.600
2018-03-22 03:00:00,9.150,0.000,0.000,0.000,2.200
2018-03-22 04:00:00,10.000,0.000,0.000,0.000,1.900
2018-03-22 05:00:00,10.320,0.000,0.000,0.000,1.900
2018-03-22 06:00:00,10.600,4.000,15.600,3.000,1.800
2018-03-22 07:00:00,10.470,17.000,0.000,17.000,1.800
2018-03-22 08:00:00,9.850,32.000,3.100,31.000,1.900
2018-03-22 09:00:00,9.000,60.000,0.000,60.000,2.400
2018-03-22 10:00:00,8.710,81.000,9.300,76.000,2.700
2018-03-22 11:00:00,8.410,121.000,3.300,119.000,3.500
2018-03-22 12:00:00,8.790,102.000,4.900,99.000,4.200
2018-03-22 13:00:00,7.710,93.000,8.400,88.000,4.600
2018-03-22 14:00:00,7.360,69.000,0.000,69.000,5.200
2018-03-22 15:00:00,6.800,46.000,4.600,44.000,5.500
2018-03-22 16:00:00,6.320,31.000,0.000,31.000,5.600
2018-03-22 17:00:00,5.950,26.000,6.200,25.000,5.700
2018-03-22 18:00:00,5.910,2.000,0.000,2.000,5.400
2018-03-22 19:00:00,5.590,0.000,0.000,0.000,5.000
2018-03-22 20:00:00,5.730,0.000,0.000,0.000,4.700
2018-03-22 21:00:00,5.550,0.000,0.000,0.000,4.200
2018-03-22 22:00:00,4.750,0.000,0.000,0.000,4.000
2018-03-22 23:00:00,4.610,0.000,0.000,0.000,3.600
2018-03-23 00:00:00,4.120,0.000,0.000,0.000,3.200
2018-03-23 01:00:00,4.180,0.000,0.000,0.000,3.000
2018-03-23 02:00:00,4.070,0.000,0.000,0.000,2.900
2018-03-23 03:00:00,3.410,0.000,0.000,0.000,2.700
2018-03-23 04:00:00,2.820,0.000,0.000,0.000,2.200
2018-03-23 05:00:00,2.240,0.000,0.000,0.000,2.300
2018-03-23 06:00:00,1.060,6.000,0.000,6.000,2.400
2018-03-23 07:00:00,0.200,24.000,0.000,24.000,2.700
2018-03-23 08:00:00,0.810,58.000,15.300,53.000,3.100
2018-03-23 09:00:00,1.330,85.000,11.100,80.000,3.500
2018-03-23 10:00:00,1.600,95.000,7.300,91.000,4.300
2018-03-23 11:00:00,1.820,129.000,16.600,119.000,5.000
2018-03-23 12:00:00,2.020,132.000,1.600,131.000,5.600
2018-03-23 13:00:00,2.100,151.000,20.000,139.000,6.300
2018-03-23 14:00:00,2.400,102.000,5.600,99.000,6.600
2018-03-23 15:00:00,2.630,70.000,0.000,70.000,6.900
2018-03-23 16:00:00,2.600,54.000,3.200,53.000,7.000
2018-03-23 17:00:00,3.100,20.000,6.100,19.000,6.800
2018-03-23 18:00:00,3.510,2.000,0.000,2.000,6.400
2018-03-23 19:00:00,3.940,0.000,0.000,0.000,6.000
2018-03-23 20:00:00,4.430,0.000,0.000,0.000,5.500
2018-03-23 21:00:00,4.840,0.000,0.000,0.000,5.100
2018-03-23 22:00:00,5.340,0.000,0.000,0.000,4.900
2018-03-23 23:00:00,5.100,0.000,0.000,0.000,4.700
2018-03-24 00:00:00,4.650,0.000,0.000,0.000,4.300
2018-03-24 01:00:00,4.380,0.000,0.000,0.000,4.400
2018-03-24 02:00:00,3.980,0.000,0.000,0.000,4.200
2018-03-24 03:00:00,3.850,0.000,0.000,0.000,4.000
2018-03-24 04:00:00,3.620,0.000,0.000,0.000,3.600
2018-03-24 05:00:00,3.400,0.000,0.000,0.000,3.600
2018-03-24 06:00:00,3.180,7.000,14.200,6.000,3.500
2018-03-24 07:00:00,3.050,34.000,37.600,27.000,3.900
2018-03-24 08:00:00,2.480,99.000,81.400,72.000,5.000
2018-03-24 09:00:00,2.300,112.000,54.800,87.000,5.800
2018-03-24 10:00:00,2.690,153.000,65.400,117.000,6.300
2018-03-24 11:00:00,3.060,194.000,91.900,138.000,7.500
2018-03-24 12:00:00,3.680,175.000,39.800,150.000,8.100
2018-03-24 13:00:00,3.410,202.000,64.500,163.000,8.900
2018-03-24 14:00:00,3.480,215.000,134.700,142.000,9.600
2018-03-24 15:00:00,3.340,170.000,54.100,146.000,9.700
2018-03-24 16:00:00,3.220,170.000,243.300,93.000,9.600
2018-03-24 17:00:00,4.220,70.000,88.600,55.000,9.100
2018-03-24 18:00:00,5.170,7.000,16.200,6.000,8.200
2018-03-24 19:00:00,5.850,0.000,0.000,0.000,6.900
2018-03-24 20:00:00,6.130,0.000,0.000,0.000,6.100
2018-03-24 21:00:00,6.080,0.000,0.000,0.000,5.400
2018-03-24 22:00:00,5.780,0.000,0.000,0.000,4.900
2018-03-24 23:00:00,5.110,0.000,0.000,0.000,4.200
2018-03-25 00:00:00,4.940,0.000,0.000,0.000,3.500
2018-03-25 01:00:00,4.720,0.000,0.000,0.000,2.600
2018-03-25 02:00:00,4.080,0.000,0.000,0.000,2.700
2018-03-25 03:00:00,3.890,0.000,0.000,0.000,1.800
2018-03-25 04:00:00,3.550,0.000,0.000,0.000,1.900
2018-03-25 05:00:00,3.540,0.000,0.000,0.000,1.700
2018-03-25 06:00:00,3.450,13.000,40.900,10.000,1.500
2018-03-25 07:00:00,2.750,76.000,176.800,42.000,2.400
2018-03-25 08:00:00,1.410,201.000,278.300,107.000,4.100
2018-03-25 09:00:00,1.240,334.000,435.100,133.000,6.300
2018-03-25 10:00:00,1.550,445.000,544.500,142.000,8.100
2018-03-25 11:00:00,0.580,533.000,642.600,138.000,9.400
2018-03-25 12:00:00,1.500,533.000,613.100,145.000,10.000
2018-03-25 13:00:00,2.220,395.000,280.500,224.000,10.300
2018-03-25 14:00:00,2.520,306.000,201.200,196.000,10.500
2018-03-25 15:00:00,2.680,168.000,53.500,144.000,10.200
2018-03-25 16:00:00,2.820,111.000,59.200,92.000,9.900
2018-03-25 17:00:00,3.140,47.000,23.000,43.000,9.400
2018-03-25 18:00:00,4.000,6.000,15.600,5.000,8.400
2018-03-25 19:00:00,4.210,0.000,0.000,0.000,7.500
2018-03-25 20:00:00,3.980,0.000,0.000,0.000,6.700
2018-03-25 21:00:00,3.800,0.000,0.000,0.000,6.400
2018-03-25 22:00:00,3.880,0.000,0.000,0.000,5.800
2018-03-25 23:00:00,4.550,0.000,0.000,0.000,5.700
2018-03-26 00:00:00,4.840,0.000,0.000,0.000,6.000
2018-03-26 01:00:00,4.920,0.000,0.000,0.000,5.600
2018-03-26 02:00:00,4.900,0.000,0.000,0.000,5.700
2018-03-26 03:00:00,4.600,0.000,0.000,0.000,5.400
2018-03-26 04:00:00,4.460,0.000,0.000,0.000,5.100
2018-03-26 05:00:00,4.390,0.000,0.000,0.000,4.800
2018-03-26 06:00:00,4.530,11.000,39.300,8.000,4.500
2018-03-26 07:00:00,4.390,55.000,65.500,42.000,4.400
2018-03-26 08:00:00,4.100,141.000,93.100,109.000,4.800
2018-03-26 09:00:00,4.110,272.000,175.300,190.000,5.200
2018-03-26 10:00:00,4.040,396.000,332.700,209.000,6.100
2018-03-26 11:00:00,4.260,527.000,466.000,238.000,7.000
2018-03-26 12:00:00,4.600,539.000,562.600,180.000,7.300
2018-03-26 13:00:00,5.050,461.000,413.200,207.000,7.500
2018-03-26 14:00:00,5.280,460.000,549.400,157.000,7.700
2018-03-26 15:00:00,5.390,283.000,282.600,155.000,7.200
2018-03-26 16:00:00,5.300,183.000,291.600,88.000,6.800
2018-03-26 17:00:00,4.690,91.000,252.000,46.000,6.400
2018-03-26 18:00:00,4.330,14.000,75.300,9.000,5.200
2018-03-26 19:00:00,3.620,0.000,0.000,0.000,3.700
2018-03-26 20:00:00,2.860,0.000,0.000,0.000,2.300
2018-03-26 21:00:00,2.460,0.000,0.000,0.000,1.300
2018-03-26 22:00:00,2.080,0.000,0.000,0.000,0.300
2018-03-26 23:00:00,1.170,0.000,0.000,0.000,-0.100
2018-03-27 00:00:00,1.570,0.000,0.000,0.000,0.200
2018-03-27 01:00:00,1.980,0.000,0.000,0.000,0.400
2018-03-27 02:00:00,2.300,0.000,0.000,0.000,0.500
2018-03-27 03:00:00,2.910,0.000,0.000,0.000,0.000
2018-03-27 04:00:00,3.620,0.000,0.000,0.000,-0.300
2018-03-27 05:00:00,4.020,0.000,0.000,0.000,-0.600
2018-03-27 06:00:00,4.110,28.000,163.600,15.000,0.000
2018-03-27 07:00:00,3.830,153.000,484.400,54.000,1.700
2018-03-27 08:00:00,2.520,308.000,657.800,78.000,4.100
2018-03-27 09:00:00,2.810,442.000,749.600,87.000,5.900
2018-03-27 10:00:00,2.510,532.000,736.400,114.000,7.400
2018-03-27 11:00:00,2.770,567.000,674.600,145.000,8.600
2018-03-27 12:00:00,2.980,517.000,464.800,218.000,9.100
2018-03-27 13:00:00,3.480,354.000,217.900,219.000,9.100
2018-03-27 14:00:00,3.890,303.000,174.300,206.000,9.300
2018-03-27 15:00:00,3.810,237.000,98.300,192.000,9.500
2018-03-27 16:00:00,4.030,126.000,72.600,102.000,9.000
2018-03-27 17:00:00,4.820,80.000,98.300,62.000,8.700
2018-03-27 18:00:00,5.860,13.000,14.600,12.000,7.800
2018-03-27 19:00:00,6.580,0.000,0.000,0.000,7.300
2018-03-27 20:00:00,7.110,0.000,0.000,0.000,6.800
2018-03-27 21:00:00,7.370,0.000,0.000,0.000,6.300
2018-03-27 22:00:00,7.080,0.000,0.000,0.000,5.600
2018-03-27 23:00:00,7.180,0.000,0.000,0.000,5.200
2018-03-28 00:00:00,6.720,0.000,0.000,0.000,5.000
2018-03-28 01:00:00,6.270,0.000,0.000,0.000,4.800
2018-03-28 02:00:00,6.130,0.000,0.000,0.000,4.600
2018-03-28 03:00:00,5.500,0.000,0.000,0.000,4.500
2018-03-28 04:00:00,5.350,0.000,0.000,0.000,4.300
2018-03-28 05:00:00,5.600,0.000,0.000,0.000,4.100
2018-03-28 06:00:00,5.260,5.000,0.000,5.000,3.900
2018-03-28 07:00:00,4.780,24.000,0.000,24.000,3.900
2018-03-28 08:00:00,4.660,31.000,0.000,31.000,4.000
2018-03-28 09:00:00,4.840,75.000,0.000,75.000,4.200
2018-03-28 10:00:00,4.770,117.000,0.000,117.000,4.700
2018-03-28 11:00:00,5.120,113.000,0.000,113.000,5.000
2018-03-28 12:00:00,5.510,127.000,6.200,123.000,5.200
2018-03-28 13:00:00,6.280,105.000,8.000,100.000,5.200
2018-03-28 14:00:00,6.990,75.000,5.300,72.000,4.800
2018-03-28 15:00:00,8.220,85.000,2.200,84.000,4.700
2018-03-28 16:00:00,7.860,37.000,0.000,37.000,4.300
2018-03-28 17:00:00,7.420,20.000,0.000,20.000,4.100
2018-03-28 18:00:00,8.400,2.000,0.000,2.000,4.000
2018-03-28 19:00:00,8.560,0.000,0.000,0.000,3.900
2018-03-28 20:00:00,8.980,0.000,0.000,0.000,3.800
2018-03-28 21:00:00,8.820,0.000,0.000,0.000,3.800
2018-03-28 22:00:00,5.490,0.000,0.000,0.000,3.900
2018-03-28 23:00:00,3.830,0.000,0.000,0.000,4.400
2018-03-29 00:00:00,9.360,0.000,0.000,0.000,5.100
2018-03-29 01:00:00,11.650,0.000,0.000,0.000,4.300
2018-03-29 02:00:00,12.120,0.000,0.000,0.000,3.300
2018-03-29 03:00:00,11.320,0.000,0.000,0.000,3.100
2018-03-29 04:00:00,11.030,0.000,0.000,0.000,3.200
2018-03-29 05:00:00,10.950,0.000,0.000,0.000,3.300
2018-03-29 06:00:00,10.490,11.000,0.000,11.000,3.500
2018-03-29 07:00:00,10.010,39.000,4.600,38.000,3.700
2018-03-29 08:00:00,11.050,164.000,157.700,107.000,4.500
2018-03-29 09:00:00,9.900,305.000,317.500,151.000,5.300
2018-03-29 10:00:00,6.900,430.000,425.000,184.000,5.500
2018-03-29 11:00:00,6.680,496.000,539.100,153.000,6.000
2018-03-29 12:00:00,6.630,525.000,520.200,185.000,6.500
2018-03-29 13:00:00,6.380,551.000,573.400,190.000,7.100
2018-03-29 14:00:00,6.060,439.000,409.900,207.000,7.300
2018-03-29 15:00:00,6.930,303.000,329.800,149.000,6.400
2018-03-29 16:00:00,6.950,232.000,347.500,114.000,6.300
2018-03-29 17:00:00,5.570,87.000,124.800,63.000,5.900
2018-03-29 18:00:00,4.830,16.000,54.600,12.000,5.500
2018-03-29 19:00:00,3.720,0.000,0.000,0.000,3.700
2018-03-29 20:00:00,2.550,0.000,0.000,0.000,2.600
2018-03-29 21:00:00,2.110,0.000,0.000,0.000,2.000
2018-03-29 22:00:00,1.600,0.000,0.000,0.000,1.300
2018-03-29 23:00:00,0.580,0.000,0.000,0.000,1.700
2018-03-30 00:00:00,1.530,0.000,0.000,0.000,-0.500
2018-03-30 01:00:00,2.600,0.000,0.000,0.000,-0.900
2018-03-30 02:00:00,3.240,0.000,0.000,0.000,-0.800
2018-03-30 03:00:00,4.240,0.000,0.000,0.000,-0.500
2018-03-30 04:00:00,5.190,0.000,0.000,0.000,-0.500
2018-03-30 05:00:00,5.800,0.000,0.000,0.000,-0.400
2018-03-30 06:00:00,5.980,25.000,22.600,23.000,-0.200
2018-03-30 07:00:00,5.950,101.000,35.900,93.000,1.100
2018-03-30 08:00:00,5.730,186.000,62.600,163.000,2.700
2018-03-30 09:00:00,5.890,297.000,171.100,213.000,4.800
2018-03-30 10:00:00,5.130,388.000,222.500,258.000,7.100
2018-03-30 11:00:00,5.390,537.000,530.000,197.000,9.200
2018-03-30 12:00:00,6.020,532.000,510.100,196.000,10.600
2018-03-30 13:00:00,7.110,496.000,496.500,181.000,11.600
2018-03-30 14:00:00,8.270,324.000,241.800,186.000,11.400
2018-03-30 15:00:00,8.150,222.000,127.200,162.000,11.100
2018-03-30 16:00:00,8.270,159.000,127.900,115.000,10.700
2018-03-30 17:00:00,8.800,89.000,147.300,60.000,10.300
2018-03-30 18:00:00,9.300,19.000,39.700,16.000,9.300
2018-03-30 19:00:00,9.800,0.000,0.000,0.000,8.500
2018-03-30 20:00:00,10.300,0.000,0.000,0.000,7.800
2018-03-30 21:00:00,10.040,0.000,0.000,0.000,7.300
2018-03-30 22:00:00,10.320,0.000,0.000,0.000,7.000
2018-03-30 23:00:00,10.470,0.000,0.000,0.000,6.700
2018-03-31 00:00:00,10.100,0.000,0.000,0.000,6.400
2018-03-31 01:00:00,9.280,0.000,0.000,0.000,5.900
2018-03-31 02:00:00,8.400,0.000,0.000,0.000,5.600
2018-03-31 03:00:00,7.910,0.000,0.000,0.000,5.100
2018-03-31 04:00:00,7.750,0.000,0.000,0.000,4.300
2018-03-31 05:00:00,7.400,0.000,0.000,0.000,3.900
2018-03-31 06:00:00,6.720,13.000,0.000,13.000,3.600
2018-03-31 07:00:00,6.400,33.000,4.400,32.000,3.300
2018-03-31 08:00:00,5.830,52.000,0.000,52.000,3.300
2018-03-31 09:00:00,5.410,80.000,0.000,80.000,3.300
2018-03-31 10:00:00,4.480,119.000,1.700,118.000,2.900
2018-03-31 11:00:00,3.760,169.000,0.000,169.000,3.400
2018-03-31 12:00:00,4.240,201.000,15.100,191.000,3.800
2018-03-31 13:00:00,4.380,215.000,28.200,197.000,3.700
2018-03-31 14:00:00,4.110,170.000,17.400,160.000,3.300
2018-03-31 15:00:00,3.730,115.000,25.200,103.000,3.000
2018-03-31 16:00:00,3.910,93.000,22.900,85.000,2.800
2018-03-31 17:00:00,4.520,39.000,5.000,38.000,2.500
2018-03-31 18:00:00,4.910,8.000,12.900,7.000,2.500
2018-03-31 19:00:00,5.010,0.000,0.000,0.000,2.300
2018-03-31 20:00:00,4.910,0.000,0.000,0.000,2.200
2018-03-31 21:00:00,4.660,0.000,0.000,0.000,2.000
2018-03-31 22:00:00,3.980,0.000,0.000,0.000,1.500
2018-03-31 23:00:00,4.070,0.000,0.000,0.000,1.300
2018-04-01 00:00:00,4.740,0.000,0.000,0.000,1.200
2018-04-01 01:00:00,4.880,0.000,0.000,0.000,1.100
2018-04-01 02:00:00,5.280,0.000,0.000,0.000,0.900
2018-04-01 03:00:00,5.670,0.000,0.000,0.000,0.800
2018-04-01 04:00:00,5.520,0.000,0.000,0.000,0.700
2018-04-01 05:00:00,5.380,0.000,0.000,0.000,0.700
2018-04-01 06:00:00,5.740,19.000,0.000,19.000,0.900
2018-04-01 07:00:00,5.260,90.000,55.400,77.000,1.200
2018-04-01 08:00:00,5.110,132.000,65.900,107.000,1.700
2018-04-01 09:00:00,5.030,199.000,81.600,158.000,2.200
2018-04-01 10:00:00,5.520,298.000,112.500,231.000,2.600
2018-04-01 11:00:00,5.750,325.000,115.000,250.000,3.400
2018-04-01 12:00:00,6.760,401.000,139.100,308.000,4.200
2018-04-01 13:00:00,7.500,316.000,108.700,246.000,4.700
2018-04-01 14:00:00,8.000,271.000,48.300,243.000,5.300
2018-04-01 15:00:00,8.020,180.000,35.400,163.000,5.700
2018-04-01 16:00:00,7.460,131.000,45.300,115.000,5.700
2018-04-01 17:00:00,7.080,101.000,208.900,58.000,5.500
2018-04-01 18:00:00,7.000,21.000,100.000,13.000,4.300
2018-04-01 19:00:00,7.040,0.000,0.000,0.000,3.100
2018-04-01 20:00:00,7.070,0.000,0.000,0.000,2.600
2018-04-01 21:00:00,6.980,0.000,0.000,0.000,2.000
2018-04-01 22:00:00,6.360,0.000,0.000,0.000,1.900
2018-04-01 23:00:00,6.430,0.000,0.000,0.000,1.400
2018-04-02 00:00:00,6.580,0.000,0.000,0.000,1.000
2018-04-02 01:00:00,6.250,0.000,0.000,0.000,0.500
2018-04-02 02:00:00,5.630,0.000,0.000,0.000,0.300
2018-04-02 03:00:00,4.910,0.000,0.000,0.000,-0.000
2018-04-02 04:00:00,4.200,0.000,0.000,0.000,0.100
2018-04-02 05:00:00,3.710,0.000,0.000,0.000,-0.200
2018-04-02 06:00:00,2.710,31.000,71.600,24.000,0.300
2018-04-02 07:00:00,1.140,112.000,216.000,60.000,1.800
2018-04-02 08:00:00,0.320,173.000,225.900,86.000,3.300
2018-04-02 09:00:00,0.890,231.000,183.100,138.000,4.500
2018-04-02 10:00:00,1.250,352.000,319.600,160.000,5.500
2018-04-02 11:00:00,2.310,428.000,398.600,166.000,6.900
2018-04-02 12:00:00,3.090,414.000,273.100,230.000,8.500
2018-04-02 13:00:00,2.670,305.000,152.600,206.000,9.400
2018-04-02 14:00:00,4.010,193.000,12.000,186.000,9.800
2018-04-02 15:00:00,4.040,103.000,0.000,103.000,9.800
2018-04-02 16:00:00,3.920,70.000,11.200,66.000,9.300
2018-04-02 17:00:00,5.690,34.000,0.000,34.000,9.200
2018-04-02 18:00:00,7.430,15.000,24.300,13.000,8.600
2018-04-02 19:00:00,8.180,0.000,0.000,0.000,8.400
2018-04-02 20:00:00,8.200,0.000,0.000,0.000,8.200
2018-04-02 21:00:00,7.750,0.000,0.000,0.000,8.400
2018-04-02 22:00:00,8.030,0.000,0.000,0.000,8.700
2018-04-02 23:00:00,8.200,0.000,0.000,0.000,8.900
2018-04-03 00:00:00,7.730,0.000,0.000,0.000,8.500
2018-04-03 01:00:00,7.860,0.000,0.000,0.000,8.300
2018-04-03 02:00:00,8.680,0.000,0.000,0.000,8.500
2018-04-03 03:00:00,8.830,0.000,0.000,0.000,8.600
2018-04-03 04:00:00,8.820,0.000,0.000,0.000,8.500
2018-04-03 05:00:00,8.620,0.000,0.000,0.000,8.800
2018-04-03 06:00:00,8.450,10.000,0.000,10.000,9.300
2018-04-03 07:00:00,7.920,76.000,56.700,62.000,10.200
2018-04-03 08:00:00,6.710,255.000,388.800,103.000,12.100
2018-04-03 09:00:00,7.280,435.000,601.700,126.000,13.600
2018-04-03 10:00:00,6.890,583.000,782.000,109.000,15.300
2018-04-03 11:00:00,6.720,614.000,741.200,123.000,16.100
2018-04-03 12:00:00,6.490,635.000,753.000,124.000,17.300
2018-04-03 13:00:00,6.310,580.000,622.600,173.000,18.300
2018-04-03 14:00:00,6.240,474.000,497.200,181.000,17.300
2018-04-03 15:00:00,7.130,278.000,226.600,167.000,16.900
2018-04-03 16:00:00,6.490,138.000,110.500,98.000,16.900
2018-04-03 17:00:00,6.450,128.000,223.500,80.000,16.900
2018-04-03 18:00:00,6.620,30.000,142.200,18.000,15.500
2018-04-03 19:00:00,6.990,0.000,0.000,0.000,14.500
2018-04-03 20:00:00,7.730,0.000,0.000,0.000,14.000
2018-04-03 21:00:00,8.700,0.000,0.000,0.000,14.000
2018-04-03 22:00:00,7.180,0.000,0.000,0.000,13.900
2018-04-03 23:00:00,7.810,0.000,0.000,0.000,12.800
2018-04-04 00:00:00,8.360,0.000,0.000,0.000,12.200
2018-04-04 01:00:00,8.380,0.000,0.000,0.000,12.200
2018-04-04 02:00:00,8.740,0.000,0.000,0.000,12.200
2018-04-04 03:00:00,9.080,0.000,0.000,0.000,12.500
2018-04-04 04:00:00,8.390,0.000,0.000,0.000,11.400
2018-04-04 05:00:00,6.910,0.000,0.000,0.000,10.600
2018-04-04 06:00:00,5.440,50.000,202.400,29.000,10.300
2018-04-04 07:00:00,3.470,179.000,447.100,66.000,11.800
2018-04-04 08:00:00,3.190,331.000,594.900,95.000,13.000
2018-04-04 09:00:00,2.720,460.000,612.600,142.000,13.900
2018-04-04 10:00:00,3.450,500.000,508.600,189.000,15.500
2018-04-04 11:00:00,4.520,565.000,561.800,190.000,16.800
2018-04-04 12:00:00,5.620,347.000,206.300,206.000,16.600
2018-04-04 13:00:00,5.000,278.000,130.600,192.000,16.300
2018-04-04 14:00:00,3.700,274.000,202.100,154.000,16.500
2018-04-04 15:00:00,2.380,276.000,214.500,170.000,17.100
2018-04-04 16:00:00,4.520,168.000,103.700,130.000,15.400
2018-04-04 17:00:00,6.280,50.000,4.600,49.000,13.700
2018-04-04 18:00:00,6.910,14.000,0.000,14.000,12.300
2018-04-04 19:00:00,6.560,0.000,0.000,0.000,11.200
2018-04-04 20:00:00,6.820,0.000,0.000,0.000,10.300
2018-04-04 21:00:00,7.160,0.000,0.000,0.000,10.100
2018-04-04 22:00:00,8.190,0.000,0.000,0.000,9.800
2018-04-04 23:00:00,8.810,0.000,0.000,0.000,9.900
2018-04-05 00:00:00,8.060,0.000,0.000,0.000,9.700
2018-04-05 01:00:00,8.280,0.000,0.000,0.000,9.400
2018-04-05 02:00:00,8.410,0.000,0.000,0.000,9.200
2018-04-05 03:00:00,7.880,0.000,0.000,0.000,9.300
2018-04-05 04:00:00,8.090,0.000,0.000,0.000,9.400
2018-04-05 05:00:00,8.490,0.000,0.000,0.000,9.200
2018-04-05 06:00:00,8.910,41.000,168.600,23.000,9.400
2018-04-05 07:00:00,8.990,144.000,266.800,75.000,10.000
2018-04-05 08:00:00,9.680,229.000,275.800,118.000,10.800
2018-04-05 09:00:00,9.190,301.000,369.800,107.000,11.000
2018-04-05 10:00:00,9.280,468.000,512.400,152.000,11.400
2018-04-05 11:00:00,8.700,550.000,517.400,202.000,9.900
2018-04-05 12:00:00,10.850,378.000,345.700,140.000,9.900
2018-04-05 13:00:00,12.640,603.000,680.200,152.000,10.300
2018-04-05 14:00:00,12.760,499.000,598.300,141.000,9.200
2018-04-05 15:00:00,12.640,311.000,379.000,122.000,7.600
2018-04-05 16:00:00,11.740,100.000,53.900,80.000,5.800
2018-04-05 17:00:00,11.110,34.000,17.900,30.000,5.100
2018-04-05 18:00:00,10.350,19.000,33.800,16.000,5.300
2018-04-05 19:00:00,9.360,0.000,0.000,0.000,4.700
2018-04-05 20:00:00,8.430,0.000,0.000,0.000,4.200
2018-04-05 21:00:00,7.490,0.000,0.000,0.000,3.700
2018-04-05 22:00:00,6.770,0.000,0.000,0.000,3.200
2018-04-05 23:00:00,6.480,0.000,0.000,0.000,2.800
2018-04-06 00:00:00,5.810,0.000,0.000,0.000,2.400
2018-04-06 01:00:00,5.420,0.000,0.000,0.000,1.900
2018-04-06 02:00:00,5.460,0.000,0.000,0.000,1.300
2018-04-06 03:00:00,5.170,0.000,0.000,0.000,0.800
2018-04-06 04:00:00,4.530,0.000,0.000,0.000,0.100
2018-04-06 05:00:00,4.110,1.000,0.000,1.000,-0.200
2018-04-06 06:00:00,3.310,67.000,328.200,31.000,0.800
2018-04-06 07:00:00,1.780,215.000,570.900,64.000,3.100
2018-04-06 08:00:00,1.680,372.000,708.100,83.000,5.300
2018-04-06 09:00:00,2.260,516.000,790.500,97.000,7.000
2018-04-06 10:00:00,2.520,627.000,839.300,105.000,9.000
2018-04-06 11:00:00,2.840,694.000,863.400,109.000,10.300
2018-04-06 12:00:00,3.320,713.000,868.500,111.000,11.500
2018-04-06 13:00:00,3.830,681.000,856.800,109.000,12.500
2018-04-06 14:00:00,4.620,602.000,829.500,102.000,13.200
2018-04-06 15:00:00,5.440,483.000,775.300,93.000,13.500
2018-04-06 16:00:00,6.090,335.000,679.700,80.000,13.400
2018-04-06 17:00:00,6.990,177.000,530.700,56.000,12.700
2018-04-06 18:00:00,8.230,42.000,252.800,19.000,11.300
2018-04-06 19:00:00,8.700,0.000,0.000,0.000,9.800
2018-04-06 20:00:00,8.880,0.000,0.000,0.000,9.000
2018-04-06 21:00:00,8.930,0.000,0.000,0.000,7.900
2018-04-06 22:00:00,9.790,0.000,0.000,0.000,7.400
2018-04-06 23:00:00,9.960,0.000,0.000,0.000,6.900
2018-04-07 00:00:00,10.060,0.000,0.000,0.000,6.800
2018-04-07 01:00:00,9.720,0.000,0.000,0.000,6.500
2018-04-07 02:00:00,9.060,0.000,0.000,0.000,6.100
2018-04-07 03:00:00,8.560,0.000,0.000,0.000,5.500
2018-04-07 04:00:00,8.140,0.000,0.000,0.000,4.900
2018-04-07 05:00:00,8.140,2.000,0.000,2.000,4.600
2018-04-07 06:00:00,7.710,72.000,313.400,36.000,5.500
2018-04-07 07:00:00,7.650,217.000,525.300,75.000,7.600
2018-04-07 08:00:00,7.000,380.000,700.900,90.000,10.000
2018-04-07 09:00:00,6.480,523.000,778.800,106.000,12.200
2018-04-07 10:00:00,5.420,637.000,845.100,107.000,14.500
2018-04-07 11:00:00,5.720,704.000,871.800,109.000,16.300
2018-04-07 12:00:00,5.910,718.000,871.200,110.000,17.800
2018-04-07 13:00:00,5.820,686.000,858.400,109.000,19.200
2018-04-07 14:00:00,5.510,603.000,812.000,110.000,20.200
2018-04-07 15:00:00,6.040,484.000,762.800,97.000,20.700
2018-04-07 16:00:00,6.150,338.000,682.500,79.000,20.800
2018-04-07 17:00:00,6.860,179.000,525.000,57.000,19.900
2018-04-07 18:00:00,7.790,44.000,257.700,20.000,17.700
2018-04-07 19:00:00,8.060,0.000,0.000,0.000,15.500
2018-04-07 20:00:00,8.020,0.000,0.000,0.000,14.300
2018-04-07 21:00:00,7.690,0.000,0.000,0.000,13.400
2018-04-07 22:00:00,7.410,0.000,0.000,0.000,12.400
2018-04-07 23:00:00,7.120,0.000,0.000,0.000,11.400
2018-04-08 00:00:00,6.610,0.000,0.000,0.000,10.700
2018-04-08 01:00:00,6.300,0.000,0.000,0.000,9.500
2018-04-08 02:00:00,5.900,0.000,0.000,0.000,9.000
2018-04-08 03:00:00,5.600,0.000,0.000,0.000,8.400
2018-04-08 04:00:00,5.330,0.000,0.000,0.000,7.900
2018-04-08 05:00:00,5.300,2.000,0.000,2.000,7.500
2018-04-08 06:00:00,5.300,77.000,364.300,33.000,9.100
2018-04-08 07:00:00,4.770,220.000,565.100,64.000,12.100
2018-04-08 08:00:00,3.470,376.000,698.700,83.000,14.900
2018-04-08 09:00:00,2.910,515.000,776.600,95.000,17.500
2018-04-08 10:00:00,2.770,623.000,820.900,104.000,19.600
2018-04-08 11:00:00,3.040,687.000,843.800,107.000,21.200
2018-04-08 12:00:00,3.400,704.000,845.500,110.000,22.500
2018-04-08 13:00:00,3.540,672.000,833.500,108.000,23.200
2018-04-08 14:00:00,3.610,594.000,806.200,101.000,23.500
2018-04-08 15:00:00,3.910,477.000,752.500,92.000,23.400
2018-04-08 16:00:00,4.750,332.000,661.900,78.000,22.700
2018-04-08 17:00:00,6.190,177.000,507.000,57.000,21.100
2018-04-08 18:00:00,7.300,45.000,251.900,21.000,19.400
2018-04-08 19:00:00,7.420,0.000,0.000,0.000,17.300
2018-04-08 20:00:00,7.030,0.000,0.000,0.000,15.600
2018-04-08 21:00:00,6.460,0.000,0.000,0.000,14.600
2018-04-08 22:00:00,5.850,0.000,0.000,0.000,13.500
2018-04-08 23:00:00,5.470,0.000,0.000,0.000,12.200
2018-04-09 00:00:00,5.150,0.000,0.000,0.000,11.100
2018-04-09 01:00:00,4.790,0.000,0.000,0.000,10.200
2018-04-09 02:00:00,4.410,0.000,0.000,0.000,9.600
2018-04-09 03:00:00,4.130,0.000,0.000,0.000,8.800
2018-04-09 04:00:00,3.890,0.000,0.000,0.000,8.100
2018-04-09 05:00:00,3.510,3.000,19.100,2.000,7.500
2018-04-09 06:00:00,3.310,76.000,331.600,34.000,8.800
2018-04-09 07:00:00,2.830,215.000,528.800,66.000,11.800
2018-04-09 08:00:00,2.020,372.000,673.200,86.000,14.500
2018-04-09 09:00:00,1.820,512.000,763.700,95.000,16.900
2018-04-09 10:00:00,1.820,617.000,806.600,103.000,19.100
2018-04-09 11:00:00,2.500,682.000,829.300,108.000,20.500
2018-04-09 12:00:00,2.610,700.000,834.400,110.000,21.200
2018-04-09 13:00:00,3.210,669.000,823.700,108.000,21.800
2018-04-09 14:00:00,3.910,592.000,795.700,102.000,21.700
2018-04-09 15:00:00,4.370,471.000,717.300,101.000,21.300
2018-04-09 16:00:00,4.820,303.000,469.100,121.000,20.500
2018-04-09 17:00:00,6.000,148.000,215.800,96.000,19.400
2018-04-09 18:00:00,6.900,41.000,113.000,30.000,17.900
2018-04-09 19:00:00,7.320,0.000,0.000,0.000,16.500
2018-04-09 20:00:00,7.470,0.000,0.000,0.000,15.500
2018-04-09 21:00:00,7.300,0.000,0.000,0.000,14.700
2018-04-09 22:00:00,7.210,0.000,0.000,0.000,14.100
2018-04-09 23:00:00,7.250,0.000,0.000,0.000,13.700
2018-04-10 00:00:00,7.130,0.000,0.000,0.000,13.200
2018-04-10 01:00:00,6.840,0.000,0.000,0.000,12.800
2018-04-10 02:00:00,6.910,0.000,0.000,0.000,12.300
2018-04-10 03:00:00,6.610,0.000,0.000,0.000,11.800
2018-04-10 04:00:00,6.350,0.000,0.000,0.000,11.100
2018-04-10 05:00:00,6.710,4.000,0.000,4.000,10.700
2018-04-10 06:00:00,6.720,79.000,294.500,40.000,11.200
2018-04-10 07:00:00,5.660,227.000,567.200,64.000,13.200
2018-04-10 08:00:00,5.050,365.000,632.200,93.000,15.200
2018-04-10 09:00:00,4.470,500.000,696.600,116.000,16.900
2018-04-10 10:00:00,4.610,614.000,780.200,113.000,18.100
2018-04-10 11:00:00,5.290,671.000,805.000,110.000,19.300
2018-04-10 12:00:00,5.900,700.000,813.600,121.000,20.400
2018-04-10 13:00:00,6.340,668.000,806.800,115.000,21.200
2018-04-10 14:00:00,6.860,588.000,766.100,113.000,21.700
2018-04-10 15:00:00,7.510,474.000,723.000,98.000,21.700
2018-04-10 16:00:00,7.820,327.000,606.800,89.000,21.300
2018-04-10 17:00:00,9.120,180.000,481.200,62.000,20.200
2018-04-10 18:00:00,9.940,45.000,221.100,23.000,18.300
2018-04-10 19:00:00,10.200,0.000,0.000,0.000,16.600
2018-04-10 20:00:00,10.100,0.000,0.000,0.000,15.200
2018-04-10 21:00:00,9.590,0.000,0.000,0.000,13.600
2018-04-10 22:00:00,8.250,0.000,0.000,0.000,11.700
2018-04-10 23:00:00,8.540,0.000,0.000,0.000,11.100
2018-04-11 00:00:00,8.410,0.000,0.000,0.000,10.500
2018-04-11 01:00:00,8.570,0.000,0.000,0.000,9.900
2018-04-11 02:00:00,8.990,0.000,0.000,0.000,9.600
2018-04-11 03:00:00,8.850,0.000,0.000,0.000,9.400
2018-04-11 04:00:00,8.660,0.000,0.000,0.000,9.100
2018-04-11 05:00:00,8.440,4.000,0.000,4.000,9.100
2018-04-11 06:00:00,8.450,67.000,144.800,47.000,9.400
2018-04-11 07:00:00,7.020,168.000,262.900,91.000,10.100
2018-04-11 08:00:00,7.090,250.000,231.900,149.000,10.900
2018-04-11 09:00:00,7.270,401.000,431.400,161.000,11.900
2018-04-11 10:00:00,7.450,465.000,363.200,230.000,12.300
2018-04-11 11:00:00,7.370,549.000,471.800,218.000,13.400
2018-04-11 12:00:00,7.740,489.000,314.200,264.000,14.200
2018-04-11 13:00:00,7.720,377.000,192.800,244.000,14.500
2018-04-11 14:00:00,7.720,425.000,310.800,231.000,15.300
2018-04-11 15:00:00,7.570,276.000,270.900,134.000,15.000
2018-04-11 16:00:00,7.210,147.000,88.300,112.000,14.700
2018-04-11 17:00:00,7.660,110.000,180.400,65.000,14.000
2018-04-11 18:00:00,8.290,34.000,108.300,23.000,12.700
2018-04-11 19:00:00,8.730,0.000,0.000,0.000,12.000
2018-04-11 20:00:00,8.750,0.000,0.000,0.000,11.400
2018-04-11 21:00:00,8.580,0.000,0.000,0.000,10.700
2018-04-11 22:00:00,6.960,0.000,0.000,0.000,9.800
2018-04-11 23:00:00,7.720,0.000,0.000,0.000,9.300
2018-04-12 00:00:00,7.970,0.000,0.000,0.000,8.800
2018-04-12 01:00:00,7.490,0.000,0.000,0.000,8.600
2018-04-12 02:00:00,7.970,0.000,0.000,0.000,8.300
2018-04-12 03:00:00,8.260,0.000,0.000,0.000,8.100
2018-04-12 04:00:00,8.420,0.000,0.000,0.000,7.900
2018-04-12 05:00:00,8.700,5.000,19.100,4.000,8.000
2018-04-12 06:00:00,9.650,82.000,292.100,40.000,8.400
2018-04-12 07:00:00,9.460,117.000,63.700,98.000,9.400
2018-04-12 08:00:00,9.290,190.000,49.900,168.000,10.700
2018-04-12 09:00:00,9.040,275.000,112.200,212.000,12.000
2018-04-12 10:00:00,7.620,364.000,112.000,291.000,13.300
2018-04-12 11:00:00,7.700,376.000,128.900,285.000,14.500
2018-04-12 12:00:00,7.610,430.000,158.200,316.000,16.000
2018-04-12 13:00:00,9.030,463.000,239.200,297.000,17.400
2018-04-12 14:00:00,9.490,469.000,396.300,220.000,18.400
2018-04-12 15:00:00,7.690,310.000,234.700,186.000,19.400
2018-04-12 16:00:00,6.000,169.000,27.500,158.000,19.400
2018-04-12 17:00:00,5.790,99.000,47.300,87.000,18.900
2018-04-12 18:00:00,6.180,41.000,67.500,34.000,17.300
2018-04-12 19:00:00,6.500,0.000,0.000,0.000,16.200
2018-04-12 20:00:00,7.060,0.000,0.000,0.000,15.700
2018-04-12 21:00:00,7.450,0.000,0.000,0.000,15.400
2018-04-12 22:00:00,7.920,0.000,0.000,0.000,14.700
2018-04-12 23:00:00,7.240,0.000,0.000,0.000,14.200
2018-04-13 00:00:00,5.820,0.000,0.000,0.000,13.100
2018-04-13 01:00:00,4.830,0.000,0.000,0.000,12.600
2018-04-13 02:00:00,5.000,0.000,0.000,0.000,12.500
2018-04-13 03:00:00,4.320,0.000,0.000,0.000,11.900
2018-04-13 04:00:00,4.330,0.000,0.000,0.000,11.600
2018-04-13 05:00:00,5.020,4.000,0.000,4.000,11.500
2018-04-13 06:00:00,4.940,71.000,154.000,48.000,12.100
2018-04-13 07:00:00,4.270,90.000,42.800,77.000,13.100
2018-04-13 08:00:00,3.060,129.000,71.800,97.000,14.100
2018-04-13 09:00:00,2.320,263.000,114.800,198.000,14.800
2018-04-13 10:00:00,2.880,241.000,77.700,190.000,14.600
2018-04-13 11:00:00,2.650,360.000,122.400,273.000,15.800
2018-04-13 12:00:00,2.410,326.000,120.000,239.000,16.300
2018-04-13 13:00:00,1.900,359.000,224.900,202.000,16.800
2018-04-13 14:00:00,2.320,247.000,136.000,161.000,16.600
2018-04-13 15:00:00,3.050,203.000,95.800,152.000,16.300
2018-04-13 16:00:00,4.430,73.000,0.000,73.000,14.500
2018-04-13 17:00:00,3.810,39.000,0.000,39.000,13.600
2018-04-13 18:00:00,3.160,9.000,9.500,8.000,13.100
2018-04-13 19:00:00,3.740,0.000,0.000,0.000,12.700
2018-04-13 20:00:00,5.280,0.000,0.000,0.000,12.300
2018-04-13 21:00:00,7.680,0.000,0.000,0.000,11.900
2018-04-13 22:00:00,10.220,0.000,0.000,0.000,11.600
2018-04-13 23:00:00,12.020,0.000,0.000,0.000,10.900
2018-04-14 00:00:00,10.070,0.000,0.000,0.000,10.400
2018-04-14 01:00:00,8.600,0.000,0.000,0.000,10.300
2018-04-14 02:00:00,7.960,0.000,0.000,0.000,10.100
2018-04-14 03:00:00,7.830,0.000,0.000,0.000,9.900
2018-04-14 04:00:00,7.690,0.000,0.000,0.000,9.700
2018-04-14 05:00:00,7.640,3.000,0.000,3.000,9.700
2018-04-14 06:00:00,7.560,26.000,19.400,23.000,9.700
2018-04-14 07:00:00,6.990,140.000,129.500,100.000,10.200
2018-04-14 08:00:00,6.850,135.000,71.000,103.000,10.500
2018-04-14 09:00:00,6.890,203.000,99.800,146.000,11.100
2018-04-14 10:00:00,7.670,265.000,78.700,213.000,11.800
2018-04-14 11:00:00,7.750,343.000,191.600,206.000,12.900
2018-04-14 12:00:00,8.370,373.000,220.900,212.000,13.700
2018-04-14 13:00:00,7.950,276.000,125.300,188.000,13.800
2018-04-14 14:00:00,7.320,266.000,86.400,211.000,14.300
2018-04-14 15:00:00,6.230,223.000,63.400,189.000,14.500
2018-04-14 16:00:00,5.750,169.000,75.900,138.000,14.400
2018-04-14 17:00:00,4.220,156.000,336.000,68.000,13.700
2018-04-14 18:00:00,3.180,52.000,232.100,27.000,12.100
2018-04-14 19:00:00,2.190,1.000,0.000,1.000,9.800
2018-04-14 20:00:00,1.170,0.000,0.000,0.000,9.900
2018-04-14 21:00:00,0.820,0.000,0.000,0.000,10.300
2018-04-14 22:00:00,1.340,0.000,0.000,0.000,9.100
2018-04-14 23:00:00,1.700,0.000,0.000,0.000,8.600
2018-04-15 00:00:00,2.340,0.000,0.000,0.000,7.900
2018-04-15 01:00:00,3.750,0.000,0.000,0.000,7.900
2018-04-15 02:00:00,4.940,0.000,0.000,0.000,8.200
2018-04-15 03:00:00,5.450,0.000,0.000,0.000,8.100
2018-04-15 04:00:00,6.180,0.000,0.000,0.000,8.000
2018-04-15 05:00:00,5.820,6.000,0.000,6.000,8.100
2018-04-15 06:00:00,4.580,52.000,12.500,50.000,8.500
2018-04-15 07:00:00,3.420,60.000,0.000,60.000,9.300
2018-04-15 08:00:00,2.480,97.000,0.000,97.000,9.800
2018-04-15 09:00:00,2.050,127.000,0.000,127.000,10.500
2018-04-15 10:00:00,1.480,238.000,12.000,230.000,11.200
2018-04-15 11:00:00,1.350,498.000,298.900,283.000,13.300
2018-04-15 12:00:00,0.610,487.000,297.400,269.000,14.600
2018-04-15 13:00:00,0.780,412.000,303.000,198.000,15.600
2018-04-15 14:00:00,0.720,352.000,271.700,178.000,16.300
2018-04-15 15:00:00,0.360,357.000,422.000,129.000,16.800
2018-04-15 16:00:00,1.500,312.000,528.500,94.000,16.900
2018-04-15 17:00:00,2.690,142.000,304.500,61.000,16.100
2018-04-15 18:00:00,3.700,52.000,216.800,28.000,14.900
2018-04-15 19:00:00,4.610,1.000,0.000,1.000,13.600
2018-04-15 20:00:00,5.150,0.000,0.000,0.000,12.700
2018-04-15 21:00:00,5.020,0.000,0.000,0.000,11.900
2018-04-15 22:00:00,3.380,0.000,0.000,0.000,11.100
2018-04-15 23:00:00,3.100,0.000,0.000,0.000,10.900
2018-04-16 00:00:00,3.000,0.000,0.000,0.000,10.500
2018-04-16 01:00:00,2.200,0.000,0.000,0.000,10.300
2018-04-16 02:00:00,2.000,0.000,0.000,0.000,9.700
2018-04-16 03:00:00,1.700,0.000,0.000,0.000,9.800
2018-04-16 04:00:00,1.140,0.000,0.000,0.000,9.400
2018-04-16 05:00:00,0.910,7.000,0.000,7.000,9.600
2018-04-16 06:00:00,1.440,68.000,102.700,51.000,10.000
2018-04-16 07:00:00,1.990,164.000,144.000,118.000,11.300
2018-04-16 08:00:00,1.210,262.000,206.100,167.000,13.100
2018-04-16 09:00:00,1.300,373.000,313.500,191.000,14.700
2018-04-16 10:00:00,1.570,621.000,725.200,135.000,16.000
2018-04-16 11:00:00,2.100,659.000,671.700,173.000,17.100
2018-04-16 12:00:00,2.910,595.000,534.400,201.000,17.600
2018-04-16 13:00:00,3.640,655.000,723.700,141.000,18.400
2018-04-16 14:00:00,4.210,432.000,398.900,175.000,17.700
2018-04-16 15:00:00,5.000,325.000,281.200,172.000,17.800
2018-04-16 16:00:00,5.860,264.000,350.500,118.000,16.700
2018-04-16 17:00:00,5.620,146.000,274.000,72.000,16.400
2018-04-16 18:00:00,5.380,36.000,139.200,20.000,15.500
2018-04-16 19:00:00,5.040,2.000,0.000,2.000,14.400
2018-04-16 20:00:00,4.710,0.000,0.000,0.000,13.200
2018-04-16 21:00:00,4.780,0.000,0.000,0.000,12.500
2018-04-16 22:00:00,4.950,0.000,0.000,0.000,11.400
2018-04-16 23:00:00,4.470,0.000,0.000,0.000,10.400
2018-04-17 00:00:00,3.810,0.000,0.000,0.000,9.200
2018-04-17 01:00:00,3.230,0.000,0.000,0.000,7.900
2018-04-17 02:00:00,2.100,0.000,0.000,0.000,8.400
2018-04-17 03:00:00,0.980,0.000,0.000,0.000,7.500
2018-04-17 04:00:00,1.130,0.000,0.000,0.000,5.700
2018-04-17 05:00:00,1.980,12.000,65.100,8.000,6.100
2018-04-17 06:00:00,2.330,83.000,169.700,54.000,8.100
2018-04-17 07:00:00,1.620,208.000,369.800,88.000,11.200
2018-04-17 08:00:00,1.620,326.000,410.000,135.000,13.700
2018-04-17 09:00:00,1.800,503.000,615.100,143.000,15.400
2018-04-17 10:00:00,3.360,559.000,561.800,180.000,16.500
2018-04-17 11:00:00,3.670,619.000,603.200,180.000,17.600
2018-04-17 12:00:00,3.220,595.000,438.400,270.000,18.300
2018-04-17 13:00:00,2.510,658.000,680.500,172.000,19.100
2018-04-17 14:00:00,2.140,619.000,752.800,131.000,19.700
2018-04-17 15:00:00,1.910,500.000,682.400,126.000,20.000
2018-04-17 16:00:00,1.610,363.000,642.200,93.000,20.000
2018-04-17 17:00:00,0.760,191.000,357.500,93.000,19.600
2018-04-17 18:00:00,0.510,58.000,117.500,44.000,17.800
2018-04-17 19:00:00,1.910,2.000,0.000,2.000,14.800
2018-04-17 20:00:00,3.620,0.000,0.000,0.000,14.000
2018-04-17 21:00:00,4.830,0.000,0.000,0.000,13.300
2018-04-17 22:00:00,5.260,0.000,0.000,0.000,12.200
2018-04-17 23:00:00,5.540,0.000,0.000,0.000,11.300
2018-04-18 00:00:00,5.900,0.000,0.000,0.000,10.700
2018-04-18 01:00:00,5.920,0.000,0.000,0.000,10.200
2018-04-18 02:00:00,5.780,0.000,0.000,0.000,9.700
2018-04-18 03:00:00,5.410,0.000,0.000,0.000,9.200
2018-04-18 04:00:00,4.880,0.000,0.000,0.000,8.600
2018-04-18 05:00:00,4.330,15.000,93.600,9.000,8.500
2018-04-18 06:00:00,3.700,119.000,414.300,46.000,11.000
2018-04-18 07:00:00,2.160,270.000,600.700,72.000,14.100
2018-04-18 08:00:00,1.030,425.000,713.800,89.000,17.000
2018-04-18 09:00:00,0.540,563.000,783.200,101.000,19.200
2018-04-18 10:00:00,0.500,668.000,826.200,107.000,20.700
2018-04-18 11:00:00,0.640,731.000,845.600,112.000,21.900
2018-04-18 12:00:00,0.510,746.000,849.300,113.000,22.700
2018-04-18 13:00:00,0.510,714.000,839.700,111.000,23.300
2018-04-18 14:00:00,0.700,636.000,812.800,106.000,23.800
2018-04-18 15:00:00,0.820,519.000,766.400,96.000,23.900
2018-04-18 16:00:00,0.580,374.000,685.700,83.000,23.800
2018-04-18 17:00:00,1.000,218.000,553.600,64.000,23.200
2018-04-18 18:00:00,2.330,76.000,348.600,33.000,21.100
2018-04-18 19:00:00,3.580,3.000,19.100,2.000,17.700
2018-04-18 20:00:00,4.780,0.000,0.000,0.000,16.500
2018-04-18 21:00:00,5.670,0.000,0.000,0.000,15.400
2018-04-18 22:00:00,6.430,0.000,0.000,0.000,14.400
2018-04-18 23:00:00,6.430,0.000,0.000,0.000,13.400
2018-04-19 00:00:00,6.310,0.000,0.000,0.000,12.800
2018-04-19 01:00:00,6.160,0.000,0.000,0.000,12.200
2018-04-19 02:00:00,6.160,0.000,0.000,0.000,11.400
2018-04-19 03:00:00,6.010,0.000,0.000,0.000,10.900
2018-04-19 04:00:00,5.830,0.000,0.000,0.000,10.400
2018-04-19 05:00:00,5.470,17.000,104.900,10.000,10.400
2018-04-19 06:00:00,5.090,126.000,435.300,47.000,12.500
2018-04-19 07:00:00,4.420,280.000,618.500,73.000,15.900
2018-04-19 08:00:00,3.380,436.000,729.700,89.000,19.000
2018-04-19 09:00:00,3.560,573.000,795.600,100.000,21.300
2018-04-19 10:00:00,3.440,678.000,834.100,108.000,23.100
2018-04-19 11:00:00,3.540,740.000,853.000,112.000,24.300
2018-04-19 12:00:00,3.760,754.000,855.400,113.000,25.200
2018-04-19 13:00:00,4.020,721.000,844.900,111.000,25.800
2018-04-19 14:00:00,4.200,641.000,817.200,105.000,26.000
2018-04-19 15:00:00,4.570,524.000,768.400,97.000,25.900
2018-04-19 16:00:00,4.720,378.000,688.800,83.000,25.500
2018-04-19 17:00:00,5.310,222.000,556.300,65.000,24.600
2018-04-19 18:00:00,6.370,79.000,352.900,34.000,23.000
2018-04-19 19:00:00,7.200,3.000,19.100,2.000,20.600
2018-04-19 20:00:00,7.380,0.000,0.000,0.000,18.900
2018-04-19 21:00:00,7.310,0.000,0.000,0.000,17.600
2018-04-19 22:00:00,7.500,0.000,0.000,0.000,16.100
2018-04-19 23:00:00,7.300,0.000,0.000,0.000,15.500
2018-04-20 00:00:00,6.880,0.000,0.000,0.000,14.600
2018-04-20 01:00:00,6.620,0.000,0.000,0.000,13.900
2018-04-20 02:00:00,6.430,0.000,0.000,0.000,13.100
2018-04-20 03:00:00,6.240,0.000,0.000,0.000,12.400
2018-04-20 04:00:00,6.330,0.000,0.000,0.000,12.000
2018-04-20 05:00:00,6.500,19.000,115.500,11.000,12.200
2018-04-20 06:00:00,6.220,131.000,444.600,48.000,14.600
2018-04-20 07:00:00,5.660,286.000,627.000,73.000,17.600
2018-04-20 08:00:00,4.540,443.000,737.000,89.000,20.500
2018-04-20 09:00:00,4.610,581.000,803.000,100.000,22.800
2018-04-20 10:00:00,4.080,685.000,839.100,108.000,24.700
2018-04-20 11:00:00,4.400,747.000,857.800,112.000,25.900
2018-04-20 12:00:00,4.460,761.000,860.200,113.000,26.800
2018-04-20 13:00:00,4.620,726.000,848.700,110.000,27.300
2018-04-20 14:00:00,4.740,646.000,820.100,105.000,27.300
2018-04-20 15:00:00,4.680,527.000,770.300,96.000,27.200
2018-04-20 16:00:00,4.020,382.000,689.600,84.000,26.800
2018-04-20 17:00:00,3.610,224.000,555.600,65.000,25.800
2018-04-20 18:00:00,3.690,80.000,341.700,35.000,23.300
2018-04-20 19:00:00,3.890,4.000,19.100,3.000,20.400
2018-04-20 20:00:00,4.500,0.000,0.000,0.000,19.600
2018-04-20 21:00:00,5.540,0.000,0.000,0.000,18.400
2018-04-20 22:00:00,5.570,0.000,0.000,0.000,17.000
2018-04-20 23:00:00,4.630,0.000,0.000,0.000,15.000
2018-04-21 00:00:00,4.030,0.000,0.000,0.000,13.800
2018-04-21 01:00:00,3.940,0.000,0.000,0.000,13.300
2018-04-21 02:00:00,4.690,0.000,0.000,0.000,12.800
2018-04-21 03:00:00,5.220,0.000,0.000,0.000,12.100
2018-04-21 04:00:00,5.110,0.000,0.000,0.000,11.200
2018-04-21 05:00:00,4.830,21.000,125.300,12.000,10.500
2018-04-21 06:00:00,3.710,134.000,437.900,50.000,11.800
2018-04-21 07:00:00,2.590,283.000,603.500,75.000,13.400
2018-04-21 08:00:00,2.420,436.000,711.300,91.000,15.200
2018-04-21 09:00:00,2.640,571.000,775.500,103.000,16.700
2018-04-21 10:00:00,3.100,675.000,815.100,111.000,18.300
2018-04-21 11:00:00,3.070,737.000,837.000,114.000,19.200
2018-04-21 12:00:00,2.920,755.000,846.600,114.000,20.000
2018-04-21 13:00:00,3.410,721.000,833.400,113.000,20.600
2018-04-21 14:00:00,3.610,637.000,789.900,113.000,20.800
2018-04-21 15:00:00,3.700,531.000,770.500,97.000,20.800
2018-04-21 16:00:00,3.860,387.000,692.800,85.000,20.400
2018-04-21 17:00:00,3.980,231.000,565.200,67.000,19.600
2018-04-21 18:00:00,4.740,86.000,360.800,37.000,18.000
2018-04-21 19:00:00,5.140,5.000,19.100,4.000,15.600
2018-04-21 20:00:00,5.320,0.000,0.000,0.000,14.000
2018-04-21 21:00:00,5.070,0.000,0.000,0.000,12.600
2018-04-21 22:00:00,4.440,0.000,0.000,0.000,11.000
2018-04-21 23:00:00,4.220,0.000,0.000,0.000,9.500
2018-04-22 00:00:00,3.830,0.000,0.000,0.000,8.300
2018-04-22 01:00:00,3.500,0.000,0.000,0.000,7.200
2018-04-22 02:00:00,3.680,0.000,0.000,0.000,6.300
2018-04-22 03:00:00,3.950,0.000,0.000,0.000,6.000
2018-04-22 04:00:00,4.120,0.000,0.000,0.000,5.600
2018-04-22 05:00:00,4.080,24.000,147.900,13.000,6.500
2018-04-22 06:00:00,4.080,140.000,457.000,50.000,9.300
2018-04-22 07:00:00,3.260,293.000,615.100,78.000,12.400
2018-04-22 08:00:00,3.010,423.000,651.500,104.000,15.300
2018-04-22 09:00:00,3.110,558.000,738.600,109.000,17.500
2018-04-22 10:00:00,3.850,615.000,702.500,126.000,19.600
2018-04-22 11:00:00,4.220,574.000,517.200,187.000,20.800
2018-04-22 12:00:00,4.610,573.000,529.600,170.000,22.200
2018-04-22 13:00:00,4.410,647.000,684.600,145.000,23.500
2018-04-22 14:00:00,4.460,617.000,755.500,113.000,24.500
2018-04-22 15:00:00,4.680,485.000,652.600,115.000,24.800
2018-04-22 16:00:00,4.850,353.000,584.500,96.000,24.300
2018-04-22 17:00:00,5.040,211.000,479.500,70.000,23.400
2018-04-22 18:00:00,6.920,73.000,200.100,45.000,21.600
2018-04-22 19:00:00,8.490,4.000,19.100,3.000,19.300
2018-04-22 20:00:00,7.570,0.000,0.000,0.000,17.200
2018-04-22 21:00:00,7.710,0.000,0.000,0.000,16.300
2018-04-22 22:00:00,6.020,0.000,0.000,0.000,16.100
2018-04-22 23:00:00,7.330,0.000,0.000,0.000,15.200
2018-04-23 00:00:00,8.120,0.000,0.000,0.000,14.900
2018-04-23 01:00:00,8.130,0.000,0.000,0.000,14.500
2018-04-23 02:00:00,7.860,0.000,0.000,0.000,14.300
2018-04-23 03:00:00,7.820,0.000,0.000,0.000,14.400
2018-04-23 04:00:00,8.600,0.000,0.000,0.000,14.500
2018-04-23 05:00:00,8.010,21.000,65.100,16.000,14.900
2018-04-23 06:00:00,7.880,101.000,212.900,58.000,15.200
2018-04-23 07:00:00,8.260,245.000,378.200,111.000,15.800
2018-04-23 08:00:00,7.710,355.000,449.200,133.000,16.300
2018-04-23 09:00:00,7.690,519.000,615.800,142.000,16.900
2018-04-23 10:00:00,7.800,610.000,691.200,126.000,17.600
2018-04-23 11:00:00,8.100,608.000,598.200,158.000,17.800
2018-04-23 12:00:00,7.910,598.000,585.800,150.000,18.400
2018-04-23 13:00:00,7.510,614.000,647.300,137.000,18.600
2018-04-23 14:00:00,7.910,556.000,584.400,164.000,18.700
2018-04-23 15:00:00,8.020,467.000,588.800,131.000,18.600
2018-04-23 16:00:00,7.850,284.000,369.800,120.000,17.800
2018-04-23 17:00:00,7.430,151.000,154.400,105.000,16.900
2018-04-23 18:00:00,7.060,46.000,34.700,41.000,15.900
2018-04-23 19:00:00,6.460,5.000,0.000,5.000,14.400
2018-04-23 20:00:00,5.640,0.000,0.000,0.000,13.200
2018-04-23 21:00:00,5.100,0.000,0.000,0.000,12.000
2018-04-23 22:00:00,4.310,0.000,0.000,0.000,11.000
2018-04-23 23:00:00,3.610,0.000,0.000,0.000,9.800
2018-04-24 00:00:00,4.050,0.000,0.000,0.000,8.900
2018-04-24 01:00:00,5.230,0.000,0.000,0.000,9.200
2018-04-24 02:00:00,6.400,0.000,0.000,0.000,9.400
2018-04-24 03:00:00,6.990,0.000,0.000,0.000,9.500
2018-04-24 04:00:00,7.500,0.000,0.000,0.000,9.700
2018-04-24 05:00:00,7.830,21.000,25.200,19.000,10.000
2018-04-24 06:00:00,8.290,114.000,241.600,64.000,10.700
2018-04-24 07:00:00,10.200,191.000,142.000,140.000,11.200
2018-04-24 08:00:00,8.850,155.000,42.100,134.000,11.600
2018-04-24 09:00:00,9.310,131.000,3.200,129.000,11.400
2018-04-24 10:00:00,7.160,133.000,0.000,133.000,11.200
2018-04-24 11:00:00,9.130,130.000,0.000,130.000,11.300
2018-04-24 12:00:00,9.490,202.000,0.000,202.000,11.800
2018-04-24 13:00:00,9.270,219.000,13.500,209.000,12.100
2018-04-24 14:00:00,9.050,254.000,63.800,211.000,12.700
2018-04-24 15:00:00,8.300,193.000,33.100,174.000,13.000
2018-04-24 16:00:00,6.510,185.000,64.900,156.000,13.500
2018-04-24 17:00:00,6.280,116.000,96.100,87.000,13.800
2018-04-24 18:00:00,5.870,45.000,27.000,41.000,13.300
2018-04-24 19:00:00,5.290,3.000,0.000,3.000,12.500
2018-04-24 20:00:00,4.970,0.000,0.000,0.000,11.800
2018-04-24 21:00:00,4.900,0.000,0.000,0.000,11.500
2018-04-24 22:00:00,5.830,0.000,0.000,0.000,11.300
2018-04-24 23:00:00,5.720,0.000,0.000,0.000,11.400
2018-04-25 00:00:00,6.490,0.000,0.000,0.000,11.300
2018-04-25 01:00:00,7.630,0.000,0.000,0.000,11.700
2018-04-25 02:00:00,8.460,0.000,0.000,0.000,12.300
2018-04-25 03:00:00,8.990,0.000,0.000,0.000,12.800
2018-04-25 04:00:00,9.430,0.000,0.000,0.000,13.500
2018-04-25 05:00:00,9.780,4.000,0.000,4.000,13.700
2018-04-25 06:00:00,10.600,19.000,0.000,19.000,13.800
2018-04-25 07:00:00,11.150,163.000,203.500,89.000,14.100
2018-04-25 08:00:00,11.250,284.000,383.600,91.000,14.600
2018-04-25 09:00:00,12.350,378.000,349.600,161.000,13.700
2018-04-25 10:00:00,11.510,503.000,532.300,126.000,14.200
2018-04-25 11:00:00,12.280,575.000,521.200,179.000,13.300
2018-04-25 12:00:00,11.200,605.000,547.900,182.000,12.800
2018-04-25 13:00:00,10.040,586.000,540.300,184.000,12.400
2018-04-25 14:00:00,9.180,460.000,427.800,170.000,12.200
2018-04-25 15:00:00,8.320,382.000,425.800,136.000,12.200
2018-04-25 16:00:00,7.240,280.000,410.300,95.000,12.100
2018-04-25 17:00:00,6.690,183.000,330.500,82.000,11.900
2018-04-25 18:00:00,6.180,74.000,249.900,36.000,11.100
2018-04-25 19:00:00,5.260,7.000,38.200,5.000,10.000
2018-04-25 20:00:00,4.910,0.000,0.000,0.000,9.000
2018-04-25 21:00:00,5.170,0.000,0.000,0.000,8.300
2018-04-25 22:00:00,5.540,0.000,0.000,0.000,7.300
2018-04-25 23:00:00,5.410,0.000,0.000,0.000,7.100
2018-04-26 00:00:00,5.890,0.000,0.000,0.000,6.900
2018-04-26 01:00:00,6.930,0.000,0.000,0.000,7.100
2018-04-26 02:00:00,7.240,0.000,0.000,0.000,7.400
2018-04-26 03:00:00,7.220,0.000,0.000,0.000,7.600
2018-04-26 04:00:00,8.080,0.000,0.000,0.000,7.600
2018-04-26 05:00:00,8.510,20.000,59.500,15.000,7.700
2018-04-26 06:00:00,8.370,82.000,96.900,61.000,7.900
2018-04-26 07:00:00,8.290,103.000,46.200,86.000,7.800
2018-04-26 08:00:00,7.780,142.000,11.800,136.000,8.300
2018-04-26 09:00:00,7.310,295.000,152.100,200.000,9.000
2018-04-26 10:00:00,6.360,571.000,466.200,239.000,10.100
2018-04-26 11:00:00,7.210,543.000,330.000,291.000,10.700
2018-04-26 12:00:00,8.130,574.000,420.300,248.000,10.600
2018-04-26 13:00:00,8.270,496.000,282.200,285.000,11.500
2018-04-26 14:00:00,8.360,408.000,274.500,221.000,10.500
2018-04-26 15:00:00,8.630,421.000,411.100,182.000,10.900
2018-04-26 16:00:00,9.000,336.000,477.500,119.000,10.800
2018-04-26 17:00:00,7.030,180.000,297.300,88.000,8.900
2018-04-26 18:00:00,6.500,80.000,192.200,50.000,8.800
2018-04-26 19:00:00,5.630,7.000,18.400,6.000,8.000
2018-04-26 20:00:00,5.640,0.000,0.000,0.000,7.200
2018-04-26 21:00:00,6.050,0.000,0.000,0.000,6.900
2018-04-26 22:00:00,6.060,0.000,0.000,0.000,6.700
2018-04-26 23:00:00,6.570,0.000,0.000,0.000,6.300
2018-04-27 00:00:00,6.350,0.000,0.000,0.000,6.000
2018-04-27 01:00:00,6.050,0.000,0.000,0.000,5.400
2018-04-27 02:00:00,5.750,0.000,0.000,0.000,5.100
2018-04-27 03:00:00,5.610,0.000,0.000,0.000,4.900
2018-04-27 04:00:00,5.640,0.000,0.000,0.000,4.700
2018-04-27 05:00:00,5.780,32.000,127.300,21.000,5.000
2018-04-27 06:00:00,5.280,141.000,298.200,75.000,6.800
2018-04-27 07:00:00,4.030,270.000,343.300,142.000,9.100
2018-04-27 08:00:00,4.430,419.000,535.400,145.000,11.200
2018-04-27 09:00:00,4.740,546.000,679.100,119.000,12.400
2018-04-27 10:00:00,4.460,580.000,589.500,158.000,13.500
2018-04-27 11:00:00,4.550,603.000,516.200,207.000,14.300
2018-04-27 12:00:00,4.410,493.000,229.700,314.000,14.700
2018-04-27 13:00:00,4.180,354.000,61.300,308.000,15.000
2018-04-27 14:00:00,4.000,325.000,77.400,272.000,15.400
2018-04-27 15:00:00,4.590,340.000,227.400,207.000,15.900
2018-04-27 16:00:00,3.040,245.000,165.900,169.000,16.200
2018-04-27 17:00:00,3.300,160.000,210.800,94.000,15.700
2018-04-27 18:00:00,5.520,91.000,287.500,45.000,14.700
2018-04-27 19:00:00,6.600,10.000,53.300,7.000,13.200
2018-04-27 20:00:00,6.810,0.000,0.000,0.000,11.900
2018-04-27 21:00:00,6.740,0.000,0.000,0.000,10.900
2018-04-27 22:00:00,6.960,0.000,0.000,0.000,10.500
2018-04-27 23:00:00,6.950,0.000,0.000,0.000,10.000
2018-04-28 00:00:00,6.440,0.000,0.000,0.000,8.900
2018-04-28 01:00:00,5.550,0.000,0.000,0.000,8.100
2018-04-28 02:00:00,4.910,0.000,0.000,0.000,7.600
2018-04-28 03:00:00,5.600,0.000,0.000,0.000,7.300
2018-04-28 04:00:00,6.330,0.000,0.000,0.000,7.300
2018-04-28 05:00:00,7.070,39.000,214.200,20.000,8.300
2018-04-28 06:00:00,7.090,157.000,420.400,62.000,11.000
2018-04-28 07:00:00,6.220,263.000,336.700,136.000,13.200
2018-04-28 08:00:00,6.670,398.000,441.900,170.000,14.700
2018-04-28 09:00:00,6.760,547.000,597.400,169.000,15.700
2018-04-28 10:00:00,5.870,630.000,610.100,191.000,17.200
2018-04-28 11:00:00,6.360,592.000,480.100,222.000,17.400
2018-04-28 12:00:00,6.800,517.000,324.600,263.000,17.500
2018-04-28 13:00:00,6.630,418.000,182.900,280.000,17.700
2018-04-28 14:00:00,6.440,344.000,122.100,260.000,17.900
2018-04-28 15:00:00,5.700,332.000,317.900,145.000,18.000
2018-04-28 16:00:00,4.930,278.000,275.200,151.000,17.800
2018-04-28 17:00:00,3.600,163.000,129.400,122.000,17.300
2018-04-28 18:00:00,2.980,67.000,54.900,58.000,15.900
2018-04-28 19:00:00,2.340,9.000,0.000,9.000,15.300
2018-04-28 20:00:00,1.170,0.000,0.000,0.000,13.100
2018-04-28 21:00:00,0.220,0.000,0.000,0.000,12.500
2018-04-28 22:00:00,0.610,0.000,0.000,0.000,12.100
2018-04-28 23:00:00,1.460,0.000,0.000,0.000,11.800
2018-04-29 00:00:00,1.140,0.000,0.000,0.000,11.400
2018-04-29 01:00:00,2.210,0.000,0.000,0.000,11.500
2018-04-29 02:00:00,3.130,0.000,0.000,0.000,11.500
2018-04-29 03:00:00,3.540,0.000,0.000,0.000,10.800
2018-04-29 04:00:00,3.770,0.000,0.000,0.000,10.100
2018-04-29 05:00:00,4.000,37.000,143.000,24.000,9.600
2018-04-29 06:00:00,4.600,153.000,386.000,64.000,12.000
2018-04-29 07:00:00,3.180,305.000,539.900,99.000,14.700
2018-04-29 08:00:00,3.750,449.000,650.000,111.000,16.500
2018-04-29 09:00:00,4.920,584.000,725.800,122.000,17.900
2018-04-29 10:00:00,4.920,703.000,810.300,117.000,18.800
2018-04-29 11:00:00,4.380,639.000,569.600,198.000,19.100
2018-04-29 12:00:00,4.190,480.000,327.000,223.000,19.400
2018-04-29 13:00:00,5.010,514.000,377.500,228.000,20.400
2018-04-29 14:00:00,5.060,580.000,588.700,173.000,21.300
2018-04-29 15:00:00,5.230,522.000,667.700,127.000,21.500
2018-04-29 16:00:00,5.610,376.000,552.600,119.000,21.300
2018-04-29 17:00:00,6.180,231.000,464.900,82.000,20.700
2018-04-29 18:00:00,6.960,97.000,268.300,52.000,19.500
2018-04-29 19:00:00,7.650,11.000,33.200,9.000,18.200
2018-04-29 20:00:00,7.920,0.000,0.000,0.000,17.000
2018-04-29 21:00:00,8.100,0.000,0.000,0.000,16.700
2018-04-29 22:00:00,9.450,0.000,0.000,0.000,16.400
2018-04-29 23:00:00,10.410,0.000,0.000,0.000,16.200
2018-04-30 00:00:00,10.180,0.000,0.000,0.000,16.000
2018-04-30 01:00:00,8.910,0.000,0.000,0.000,15.700
2018-04-30 02:00:00,10.280,0.000,0.000,0.000,15.200
2018-04-30 03:00:00,10.240,0.000,0.000,0.000,14.700
2018-04-30 04:00:00,8.690,0.000,0.000,0.000,14.500
2018-04-30 05:00:00,7.850,42.000,193.300,24.000,14.500
2018-04-30 06:00:00,6.940,151.000,383.000,61.000,15.500
2018-04-30 07:00:00,5.620,288.000,513.300,90.000,16.800
2018-04-30 08:00:00,10.840,430.000,574.500,129.000,17.500
2018-04-30 09:00:00,10.650,459.000,412.300,195.000,16.300
2018-04-30 10:00:00,9.390,374.000,105.900,297.000,15.200
2018-04-30 11:00:00,8.850,389.000,263.600,184.000,14.200
2018-04-30 12:00:00,8.910,404.000,192.600,252.000,14.500
2018-04-30 13:00:00,9.440,411.000,253.700,218.000,15.500
2018-04-30 14:00:00,9.640,567.000,562.900,176.000,16.800
2018-04-30 15:00:00,8.960,480.000,613.600,115.000,16.900
2018-04-30 16:00:00,9.580,381.000,589.100,105.000,17.000
2018-04-30 17:00:00,8.380,226.000,465.900,75.000,16.500
2018-04-30 18:00:00,7.600,98.000,308.900,45.000,15.700
2018-04-30 19:00:00,7.750,14.000,80.600,9.000,14.500
2018-04-30 20:00:00,7.660,0.000,0.000,0.000,13.500
2018-04-30 21:00:00,8.260,0.000,0.000,0.000,12.800
2018-04-30 22:00:00,9.210,0.000,0.000,0.000,11.900
2018-04-30 23:00:00,9.820,0.000,0.000,0.000,12.000
2018-05-01 00:00:00,10.780,0.000,0.000,0.000,11.600
2018-05-01 01:00:00,11.760,0.000,0.000,0.000,10.800
2018-05-01 02:00:00,11.800,0.000,0.000,0.000,9.600
2018-05-01 03:00:00,11.710,0.000,0.000,0.000,8.800
2018-05-01 04:00:00,11.680,0.000,0.000,0.000,8.700
2018-05-01 05:00:00,11.810,33.000,63.000,27.000,8.500
2018-05-01 06:00:00,14.890,143.000,300.800,71.000,8.500
2018-05-01 07:00:00,14.960,157.000,61.600,133.000,8.600
2018-05-01 08:00:00,15.490,200.000,45.500,176.000,8.500
2018-05-01 09:00:00,15.100,315.000,169.300,206.000,8.600
2018-05-01 10:00:00,13.810,231.000,24.600,213.000,9.000
2018-05-01 11:00:00,11.820,268.000,41.000,236.000,9.500
2018-05-01 12:00:00,12.950,258.000,30.300,234.000,10.100
2018-05-01 13:00:00,12.620,337.000,128.300,239.000,10.900
2018-05-01 14:00:00,11.480,422.000,282.300,225.000,11.800
2018-05-01 15:00:00,11.010,332.000,190.600,218.000,12.100
2018-05-01 16:00:00,9.550,312.000,337.000,153.000,12.400
2018-05-01 17:00:00,8.000,253.000,509.700,86.000,12.200
2018-05-01 18:00:00,6.540,119.000,410.700,47.000,11.400
2018-05-01 19:00:00,5.300,16.000,93.900,10.000,9.600
2018-05-01 20:00:00,4.400,0.000,0.000,0.000,6.800
2018-05-01 21:00:00,3.700,0.000,0.000,0.000,5.800
2018-05-01 22:00:00,4.420,0.000,0.000,0.000,4.800
2018-05-01 23:00:00,3.010,0.000,0.000,0.000,5.200
2018-05-02 00:00:00,1.480,0.000,0.000,0.000,3.200
2018-05-02 01:00:00,2.260,0.000,0.000,0.000,2.400
2018-05-02 02:00:00,5.320,0.000,0.000,0.000,2.300
2018-05-02 03:00:00,5.780,0.000,0.000,0.000,1.900
2018-05-02 04:00:00,5.500,0.000,0.000,0.000,2.000
2018-05-02 05:00:00,5.680,52.000,277.500,25.000,3.100
2018-05-02 06:00:00,5.370,183.000,492.700,63.000,6.100
2018-05-02 07:00:00,4.220,325.000,551.000,108.000,9.100
2018-05-02 08:00:00,4.740,492.000,729.900,104.000,11.300
2018-05-02 09:00:00,5.050,627.000,787.700,117.000,12.900
2018-05-02 10:00:00,5.230,731.000,832.900,120.000,14.000
2018-05-02 11:00:00,5.320,773.000,786.900,156.000,14.700
2018-05-02 12:00:00,5.100,791.000,803.300,152.000,15.400
2018-05-02 13:00:00,4.560,752.000,788.700,147.000,15.800
2018-05-02 14:00:00,3.850,684.000,799.000,124.000,16.100
2018-05-02 15:00:00,3.830,556.000,725.100,120.000,16.200
2018-05-02 16:00:00,4.560,426.000,702.900,92.000,16.000
2018-05-02 17:00:00,4.740,251.000,459.000,99.000,15.500
2018-05-02 18:00:00,5.340,101.000,206.700,64.000,14.400
2018-05-02 19:00:00,5.750,14.000,15.200,13.000,13.100
2018-05-02 20:00:00,6.080,0.000,0.000,0.000,12.200
2018-05-02 21:00:00,5.660,0.000,0.000,0.000,11.300
2018-05-02 22:00:00,5.380,0.000,0.000,0.000,10.100
2018-05-02 23:00:00,4.870,0.000,0.000,0.000,9.300
2018-05-03 00:00:00,5.160,0.000,0.000,0.000,8.700
2018-05-03 01:00:00,5.590,0.000,0.000,0.000,8.200
2018-05-03 02:00:00,6.040,0.000,0.000,0.000,8.500
2018-05-03 03:00:00,6.530,0.000,0.000,0.000,8.200
2018-05-03 04:00:00,6.540,1.000,0.000,1.000,7.800
2018-05-03 05:00:00,6.500,52.000,261.800,26.000,8.700
2018-05-03 06:00:00,5.790,177.000,468.300,61.000,10.300
2018-05-03 07:00:00,5.780,315.000,548.100,97.000,11.400
2018-05-03 08:00:00,5.380,464.000,620.200,132.000,12.400
2018-05-03 09:00:00,5.020,617.000,754.300,126.000,13.200
2018-05-03 10:00:00,3.890,697.000,723.300,164.000,14.200
2018-05-03 11:00:00,3.750,773.000,768.500,168.000,14.900
2018-05-03 12:00:00,4.030,794.000,800.200,155.000,15.500
2018-05-03 13:00:00,3.970,769.000,807.700,147.000,15.900
2018-05-03 14:00:00,3.800,684.000,789.900,128.000,16.200
2018-05-03 15:00:00,3.690,574.000,762.700,113.000,16.300
2018-05-03 16:00:00,3.760,390.000,574.800,115.000,16.100
2018-05-03 17:00:00,3.850,244.000,466.200,88.000,15.600
2018-05-03 18:00:00,4.300,104.000,284.700,52.000,14.300
2018-05-03 19:00:00,5.050,18.000,88.900,12.000,12.400
2018-05-03 20:00:00,5.710,0.000,0.000,0.000,10.900
2018-05-03 21:00:00,5.970,0.000,0.000,0.000,9.600
2018-05-03 22:00:00,4.960,0.000,0.000,0.000,7.900
2018-05-03 23:00:00,4.530,0.000,0.000,0.000,6.800
2018-05-04 00:00:00,4.470,0.000,0.000,0.000,5.800
2018-05-04 01:00:00,4.600,0.000,0.000,0.000,4.900
2018-05-04 02:00:00,5.020,0.000,0.000,0.000,4.200
2018-05-04 03:00:00,5.050,0.000,0.000,0.000,3.700
2018-05-04 04:00:00,4.960,1.000,0.000,1.000,3.200
2018-05-04 05:00:00,4.390,57.000,286.400,28.000,4.300
2018-05-04 06:00:00,3.010,177.000,429.100,69.000,7.600
2018-05-04 07:00:00,2.210,303.000,463.200,117.000,10.500
2018-05-04 08:00:00,2.190,473.000,647.700,124.000,12.900
2018-05-04 09:00:00,1.770,619.000,742.800,133.000,14.200
2018-05-04 10:00:00,1.580,717.000,785.100,136.000,15.300
2018-05-04 11:00:00,1.460,746.000,711.200,184.000,16.000
2018-05-04 12:00:00,1.720,713.000,668.700,177.000,16.400
2018-05-04 13:00:00,1.980,712.000,681.700,185.000,17.100
2018-05-04 14:00:00,2.200,658.000,714.400,153.000,17.600
2018-05-04 15:00:00,2.480,552.000,706.200,123.000,17.900
2018-05-04 16:00:00,2.690,432.000,699.700,95.000,18.000
2018-05-04 17:00:00,2.970,274.000,585.800,76.000,17.600
2018-05-04 18:00:00,3.750,125.000,402.600,50.000,16.200
2018-05-04 19:00:00,4.960,20.000,115.500,12.000,13.800
2018-05-04 20:00:00,6.020,0.000,0.000,0.000,12.300
2018-05-04 21:00:00,6.670,0.000,0.000,0.000,11.300
2018-05-04 22:00:00,6.540,0.000,0.000,0.000,9.800
2018-05-04 23:00:00,6.610,0.000,0.000,0.000,8.800
2018-05-05 00:00:00,6.630,0.000,0.000,0.000,8.000
2018-05-05 01:00:00,6.150,0.000,0.000,0.000,7.200
2018-05-05 02:00:00,5.640,0.000,0.000,0.000,6.300
2018-05-05 03:00:00,5.210,0.000,0.000,0.000,5.600
2018-05-05 04:00:00,5.020,1.000,0.000,1.000,5.100
2018-05-05 05:00:00,4.980,60.000,298.800,29.000,6.500
2018-05-05 06:00:00,4.260,192.000,508.500,62.000,9.100
2018-05-05 07:00:00,3.950,350.000,653.900,85.000,11.600
2018-05-05 08:00:00,4.340,502.000,737.600,102.000,13.600
2018-05-05 09:00:00,4.810,622.000,731.500,141.000,15.000
2018-05-05 10:00:00,4.700,715.000,737.400,167.000,16.000
2018-05-05 11:00:00,4.400,744.000,675.700,208.000,17.100
2018-05-05 12:00:00,4.400,806.000,836.600,133.000,18.100
2018-05-05 13:00:00,4.300,779.000,846.700,122.000,19.000
2018-05-05 14:00:00,4.520,702.000,829.800,113.000,19.600
2018-05-05 15:00:00,4.740,585.000,786.200,105.000,19.900
2018-05-05 16:00:00,5.060,440.000,715.700,93.000,20.000
2018-05-05 17:00:00,5.050,282.000,606.400,75.000,19.500
2018-05-05 18:00:00,5.530,131.000,426.600,50.000,18.200
2018-05-05 19:00:00,6.310,22.000,140.800,12.000,15.700
2018-05-05 20:00:00,6.610,0.000,0.000,0.000,13.600
2018-05-05 21:00:00,6.700,0.000,0.000,0.000,12.200
2018-05-05 22:00:00,6.800,0.000,0.000,0.000,10.800
2018-05-05 23:00:00,6.920,0.000,0.000,0.000,10.100
2018-05-06 00:00:00,6.870,0.000,0.000,0.000,9.500
2018-05-06 01:00:00,6.690,0.000,0.000,0.000,8.700
2018-05-06 02:00:00,6.200,0.000,0.000,0.000,7.900
2018-05-06 03:00:00,5.910,0.000,0.000,0.000,7.500
2018-05-06 04:00:00,5.950,2.000,0.000,2.000,7.000
2018-05-06 05:00:00,5.790,63.000,296.800,31.000,8.100
2018-05-06 06:00:00,4.630,196.000,512.500,63.000,11.200
2018-05-06 07:00:00,3.440,353.000,655.500,85.000,13.900
2018-05-06 08:00:00,3.310,506.000,744.000,100.000,16.400
2018-05-06 09:00:00,3.850,638.000,797.500,111.000,18.300
2018-05-06 10:00:00,3.950,738.000,829.600,119.000,19.900
2018-05-06 11:00:00,4.260,796.000,845.300,123.000,21.000
2018-05-06 12:00:00,4.420,808.000,848.500,123.000,21.900
2018-05-06 13:00:00,4.700,773.000,837.200,121.000,22.600
2018-05-06 14:00:00,4.900,694.000,812.400,115.000,23.100
2018-05-06 15:00:00,4.900,578.000,769.300,106.000,23.200
2018-05-06 16:00:00,5.100,435.000,700.800,93.000,23.100
2018-05-06 17:00:00,5.100,280.000,591.800,76.000,22.500
2018-05-06 18:00:00,5.630,131.000,418.700,50.000,21.300
2018-05-06 19:00:00,6.450,23.000,137.400,13.000,18.900
2018-05-06 20:00:00,7.000,0.000,0.000,0.000,16.900
2018-05-06 21:00:00,7.350,0.000,0.000,0.000,15.200
2018-05-06 22:00:00,7.530,0.000,0.000,0.000,13.900
2018-05-06 23:00:00,7.250,0.000,0.000,0.000,13.000
2018-05-07 00:00:00,6.800,0.000,0.000,0.000,11.900
2018-05-07 01:00:00,6.400,0.000,0.000,0.000,10.800
2018-05-07 02:00:00,6.350,0.000,0.000,0.000,9.900
2018-05-07 03:00:00,6.080,0.000,0.000,0.000,9.300
2018-05-07 04:00:00,5.870,2.000,0.000,2.000,8.800
2018-05-07 05:00:00,5.660,66.000,313.100,31.000,10.000
2018-05-07 06:00:00,5.220,202.000,524.200,64.000,13.100
2018-05-07 07:00:00,4.300,361.000,669.200,85.000,16.100
2018-05-07 08:00:00,4.680,516.000,757.700,100.000,18.400
2018-05-07 09:00:00,5.390,651.000,811.900,112.000,19.800
2018-05-07 10:00:00,5.720,751.000,843.600,119.000,21.000
2018-05-07 11:00:00,5.760,810.000,859.800,123.000,22.000
2018-05-07 12:00:00,5.700,822.000,861.600,124.000,22.800
2018-05-07 13:00:00,5.850,786.000,850.800,121.000,23.700
2018-05-07 14:00:00,5.940,707.000,825.900,116.000,24.200
2018-05-07 15:00:00,6.040,589.000,783.400,106.000,24.300
2018-05-07 16:00:00,6.000,444.000,714.700,93.000,24.200
2018-05-07 17:00:00,5.840,286.000,603.400,76.000,23.600
2018-05-07 18:00:00,6.130,136.000,426.400,52.000,22.400
2018-05-07 19:00:00,6.740,25.000,147.600,14.000,20.100
2018-05-07 20:00:00,7.170,0.000,0.000,0.000,17.700
2018-05-07 21:00:00,7.550,0.000,0.000,0.000,16.600
2018-05-07 22:00:00,7.930,0.000,0.000,0.000,15.400
2018-05-07 23:00:00,7.810,0.000,0.000,0.000,14.400
2018-05-08 00:00:00,7.480,0.000,0.000,0.000,13.500
2018-05-08 01:00:00,7.200,0.000,0.000,0.000,12.500
2018-05-08 02:00:00,7.020,0.000,0.000,0.000,11.800
2018-05-08 03:00:00,6.710,0.000,0.000,0.000,11.100
2018-05-08 04:00:00,6.710,2.000,0.000,2.000,10.600
2018-05-08 05:00:00,6.670,68.000,311.100,32.000,12.200
2018-05-08 06:00:00,6.230,203.000,516.900,65.000,15.200
2018-05-08 07:00:00,5.380,360.000,658.800,86.000,17.700
2018-05-08 08:00:00,5.540,514.000,749.600,100.000,19.900
2018-05-08 09:00:00,6.220,648.000,805.100,111.000,21.500
2018-05-08 10:00:00,6.980,748.000,837.700,118.000,22.700
2018-05-08 11:00:00,7.340,807.000,854.300,122.000,23.500
2018-05-08 12:00:00,7.120,820.000,857.500,123.000,24.100
2018-05-08 13:00:00,6.980,786.000,847.800,121.000,24.700
2018-05-08 14:00:00,7.110,707.000,824.000,115.000,25.000
2018-05-08 15:00:00,6.980,590.000,781.300,106.000,25.100
2018-05-08 16:00:00,6.760,445.000,710.200,94.000,25.000
2018-05-08 17:00:00,6.170,288.000,600.600,77.000,24.500
2018-05-08 18:00:00,6.180,137.000,428.900,51.000,23.300
2018-05-08 19:00:00,6.710,27.000,157.400,15.000,20.900
2018-05-08 20:00:00,7.150,0.000,0.000,0.000,18.800
2018-05-08 21:00:00,7.320,0.000,0.000,0.000,17.600
2018-05-08 22:00:00,7.600,0.000,0.000,0.000,16.300
2018-05-08 23:00:00,7.470,0.000,0.000,0.000,15.600
2018-05-09 00:00:00,7.530,0.000,0.000,0.000,14.900
2018-05-09 01:00:00,7.570,0.000,0.000,0.000,14.000
2018-05-09 02:00:00,7.160,0.000,0.000,0.000,13.400
2018-05-09 03:00:00,6.600,0.000,0.000,0.000,12.900
2018-05-09 04:00:00,6.530,3.000,0.000,3.000,12.300
2018-05-09 05:00:00,6.360,69.000,301.100,33.000,13.500
2018-05-09 06:00:00,5.320,200.000,502.600,64.000,16.100
2018-05-09 07:00:00,3.850,353.000,639.200,85.000,18.700
2018-05-09 08:00:00,3.640,503.000,723.700,101.000,20.900
2018-05-09 09:00:00,3.590,632.000,777.600,111.000,22.700
2018-05-09 10:00:00,3.610,725.000,800.100,121.000,24.700
2018-05-09 11:00:00,5.040,783.000,820.300,123.000,25.600
2018-05-09 12:00:00,6.710,759.000,781.100,122.000,26.200
2018-05-09 13:00:00,7.240,650.000,661.900,129.000,26.400
2018-05-09 14:00:00,7.210,577.000,650.300,108.000,26.600
2018-05-09 15:00:00,7.150,439.000,541.500,102.000,26.500
2018-05-09 16:00:00,6.360,316.000,460.500,87.000,26.200
2018-05-09 17:00:00,5.600,237.000,459.700,74.000,25.700
2018-05-09 18:00:00,5.690,96.000,254.900,44.000,24.600
2018-05-09 19:00:00,5.790,22.000,128.400,12.000,22.500
2018-05-09 20:00:00,6.140,0.000,0.000,0.000,20.700
2018-05-09 21:00:00,6.390,0.000,0.000,0.000,19.100
2018-05-09 22:00:00,5.910,0.000,0.000,0.000,17.900
2018-05-09 23:00:00,6.170,0.000,0.000,0.000,17.100
2018-05-10 00:00:00,6.750,0.000,0.000,0.000,16.300
2018-05-10 01:00:00,6.190,0.000,0.000,0.000,15.600
2018-05-10 02:00:00,5.540,0.000,0.000,0.000,14.900
2018-05-10 03:00:00,5.200,0.000,0.000,0.000,14.700
2018-05-10 04:00:00,5.460,3.000,19.100,2.000,14.200
2018-05-10 05:00:00,5.140,68.000,275.700,34.000,15.000
2018-05-10 06:00:00,3.470,195.000,470.600,66.000,16.900
2018-05-10 07:00:00,2.440,345.000,601.000,91.000,19.000
2018-05-10 08:00:00,2.400,490.000,673.100,114.000,21.100
2018-05-10 09:00:00,2.640,629.000,760.900,117.000,22.700
2018-05-10 10:00:00,3.680,734.000,813.000,118.000,23.100
2018-05-10 11:00:00,5.380,766.000,794.100,125.000,23.300
2018-05-10 12:00:00,5.450,727.000,667.300,181.000,21.600
2018-05-10 13:00:00,5.290,496.000,306.400,254.000,19.400
2018-05-10 14:00:00,6.900,309.000,111.900,228.000,18.600
2018-05-10 15:00:00,9.530,249.000,89.600,193.000,17.000
2018-05-10 16:00:00,10.150,215.000,85.900,172.000,16.300
2018-05-10 17:00:00,8.610,145.000,134.100,97.000,15.500
2018-05-10 18:00:00,7.380,65.000,72.300,50.000,14.700
2018-05-10 19:00:00,6.900,9.000,0.000,9.000,14.000
2018-05-10 20:00:00,6.760,0.000,0.000,0.000,13.300
2018-05-10 21:00:00,6.600,0.000,0.000,0.000,12.700
2018-05-10 22:00:00,5.830,0.000,0.000,0.000,12.400
2018-05-10 23:00:00,5.140,0.000,0.000,0.000,12.100
2018-05-11 00:00:00,5.390,0.000,0.000,0.000,11.600
2018-05-11 01:00:00,6.360,0.000,0.000,0.000,11.400
2018-05-11 02:00:00,6.050,0.000,0.000,0.000,11.100
2018-05-11 03:00:00,5.720,0.000,0.000,0.000,10.900
2018-05-11 04:00:00,5.200,3.000,0.000,3.000,10.800
2018-05-11 05:00:00,4.720,58.000,189.000,34.000,10.600
2018-05-11 06:00:00,4.330,180.000,392.600,71.000,11.400
2018-05-11 07:00:00,3.360,292.000,389.800,126.000,12.400
2018-05-11 08:00:00,2.330,364.000,331.200,178.000,13.600
2018-05-11 09:00:00,1.390,362.000,128.700,275.000,15.000
2018-05-11 10:00:00,0.500,347.000,121.000,255.000,15.500
2018-05-11 11:00:00,0.300,293.000,65.400,240.000,15.900
2018-05-11 12:00:00,0.450,338.000,74.300,277.000,16.600
2018-05-11 13:00:00,0.410,256.000,18.900,241.000,17.100
2018-05-11 14:00:00,0.450,225.000,23.400,208.000,17.600
2018-05-11 15:00:00,0.580,246.000,92.400,188.000,17.800
2018-05-11 16:00:00,0.820,159.000,85.400,116.000,17.900
2018-05-11 17:00:00,1.300,116.000,55.400,96.000,17.700
2018-05-11 18:00:00,2.560,69.000,56.900,57.000,17.000
2018-05-11 19:00:00,3.330,23.000,110.800,14.000,16.000
2018-05-11 20:00:00,3.720,0.000,0.000,0.000,14.500
2018-05-11 21:00:00,4.240,0.000,0.000,0.000,14.200
2018-05-11 22:00:00,4.590,0.000,0.000,0.000,13.800
2018-05-11 23:00:00,5.640,0.000,0.000,0.000,13.700
2018-05-12 00:00:00,6.020,0.000,0.000,0.000,13.500
2018-05-12 01:00:00,6.080,0.000,0.000,0.000,12.800
2018-05-12 02:00:00,5.760,0.000,0.000,0.000,12.900
2018-05-12 03:00:00,5.380,0.000,0.000,0.000,12.600
2018-05-12 04:00:00,5.330,2.000,0.000,2.000,12.400
2018-05-12 05:00:00,4.830,45.000,137.800,27.000,13.000
2018-05-12 06:00:00,4.250,109.000,142.400,69.000,14.200
2018-05-12 07:00:00,3.850,132.000,93.200,92.000,15.300
2018-05-12 08:00:00,3.990,140.000,56.700,108.000,16.700
2018-05-12 09:00:00,4.370,90.000,5.900,86.000,17.900
2018-05-12 10:00:00,5.140,131.000,0.000,131.000,17.100
2018-05-12 11:00:00,5.450,177.000,0.000,177.000,18.000
2018-05-12 12:00:00,5.810,211.000,0.000,211.000,18.500
2018-05-12 13:00:00,6.000,277.000,104.400,194.000,19.600
2018-05-12 14:00:00,5.920,280.000,163.200,161.000,20.900
2018-05-12 15:00:00,5.460,194.000,44.400,166.000,21.100
2018-05-12 16:00:00,4.820,200.000,189.600,104.000,21.600
2018-05-12 17:00:00,5.150,127.000,101.600,90.000,21.200
2018-05-12 18:00:00,6.260,74.000,144.700,43.000,20.300
2018-05-12 19:00:00,7.690,24.000,120.700,14.000,18.900
2018-05-12 20:00:00,8.240,0.000,0.000,0.000,18.000
2018-05-12 21:00:00,8.230,0.000,0.000,0.000,17.700
2018-05-12 22:00:00,7.700,0.000,0.000,0.000,16.900
2018-05-12 23:00:00,7.960,0.000,0.000,0.000,16.300
2018-05-13 00:00:00,7.530,0.000,0.000,0.000,15.700
2018-05-13 01:00:00,6.940,0.000,0.000,0.000,15.000
2018-05-13 02:00:00,7.710,0.000,0.000,0.000,14.400
2018-05-13 03:00:00,7.550,0.000,0.000,0.000,13.800
2018-05-13 04:00:00,7.370,5.000,19.100,4.000,13.600
2018-05-13 05:00:00,6.960,72.000,261.000,37.000,14.500
2018-05-13 06:00:00,6.360,196.000,450.300,68.000,16.300
2018-05-13 07:00:00,5.570,325.000,532.300,95.000,18.200
2018-05-13 08:00:00,5.470,460.000,593.900,123.000,20.300
2018-05-13 09:00:00,5.460,584.000,631.200,154.000,22.100
2018-05-13 10:00:00,5.430,722.000,777.200,127.000,23.900
2018-05-13 11:00:00,6.140,786.000,798.900,135.000,25.300
2018-05-13 12:00:00,6.400,772.000,727.900,171.000,26.100
2018-05-13 13:00:00,6.690,733.000,734.900,147.000,26.400
2018-05-13 14:00:00,6.810,550.000,565.700,136.000,25.800
2018-05-13 15:00:00,7.000,481.000,550.900,132.000,25.800
2018-05-13 16:00:00,6.340,348.000,404.600,142.000,24.800
2018-05-13 17:00:00,5.120,239.000,422.100,84.000,23.900
2018-05-13 18:00:00,6.100,137.000,349.500,61.000,22.900
2018-05-13 19:00:00,7.180,33.000,165.800,19.000,20.900
2018-05-13 20:00:00,7.890,0.000,0.000,0.000,19.100
2018-05-13 21:00:00,8.220,0.000,0.000,0.000,18.000
2018-05-13 22:00:00,6.840,0.000,0.000,0.000,17.000
2018-05-13 23:00:00,7.240,0.000,0.000,0.000,16.000
2018-05-14 00:00:00,7.520,0.000,0.000,0.000,15.400
2018-05-14 01:00:00,7.620,0.000,0.000,0.000,14.700
2018-05-14 02:00:00,7.830,0.000,0.000,0.000,14.200
2018-05-14 03:00:00,7.950,0.000,0.000,0.000,13.700
2018-05-14 04:00:00,8.040,6.000,19.100,5.000,13.300
2018-05-14 05:00:00,7.910,82.000,320.000,38.000,14.600
2018-05-14 06:00:00,7.280,218.000,521.800,68.000,16.900
2018-05-14 07:00:00,6.220,372.000,652.800,88.000,19.200
2018-05-14 08:00:00,5.610,525.000,740.100,103.000,21.500
2018-05-14 09:00:00,5.800,655.000,791.200,114.000,23.400
2018-05-14 10:00:00,5.390,751.000,818.900,122.000,24.900
2018-05-14 11:00:00,6.770,717.000,695.000,149.000,25.800
2018-05-14 12:00:00,7.450,552.000,400.900,220.000,26.100
2018-05-14 13:00:00,7.640,597.000,521.400,180.000,26.700
2018-05-14 14:00:00,7.820,543.000,517.500,163.000,26.400
2018-05-14 15:00:00,7.910,529.000,603.600,145.000,26.300
2018-05-14 16:00:00,8.010,430.000,634.800,105.000,25.700
2018-05-14 17:00:00,7.940,297.000,577.900,83.000,25.000
2018-05-14 18:00:00,7.940,149.000,425.900,55.000,23.500
2018-05-14 19:00:00,7.740,37.000,186.000,21.000,21.400
2018-05-14 20:00:00,7.620,0.000,0.000,0.000,19.400
2018-05-14 21:00:00,7.360,0.000,0.000,0.000,18.000
2018-05-14 22:00:00,7.520,0.000,0.000,0.000,16.500
2018-05-14 23:00:00,7.110,0.000,0.000,0.000,15.200
2018-05-15 00:00:00,6.620,0.000,0.000,0.000,14.100
2018-05-15 01:00:00,6.590,0.000,0.000,0.000,13.100
2018-05-15 02:00:00,6.160,0.000,0.000,0.000,12.400
2018-05-15 03:00:00,6.070,0.000,0.000,0.000,11.700
2018-05-15 04:00:00,5.810,7.000,38.200,5.000,11.200
2018-05-15 05:00:00,5.370,85.000,326.600,39.000,12.600
2018-05-15 06:00:00,3.940,221.000,526.600,68.000,15.000
2018-05-15 07:00:00,3.060,372.000,644.000,90.000,17.900
2018-05-15 08:00:00,3.000,516.000,696.400,117.000,20.200
2018-05-15 09:00:00,4.130,593.000,572.600,200.000,21.500
2018-05-15 10:00:00,4.880,614.000,498.400,230.000,22.400
2018-05-15 11:00:00,5.120,507.000,378.200,197.000,22.700
2018-05-15 12:00:00,5.170,537.000,410.600,196.000,23.100
2018-05-15 13:00:00,5.670,604.000,508.600,196.000,23.600
2018-05-15 14:00:00,6.330,625.000,621.600,167.000,24.200
2018-05-15 15:00:00,6.460,463.000,486.900,152.000,23.000
2018-05-15 16:00:00,6.910,273.000,242.800,148.000,21.600
2018-05-15 17:00:00,6.790,182.000,139.300,130.000,19.700
2018-05-15 18:00:00,7.490,67.000,35.700,59.000,18.100
2018-05-15 19:00:00,5.470,8.000,0.000,8.000,16.800
2018-05-15 20:00:00,3.940,0.000,0.000,0.000,15.300
2018-05-15 21:00:00,4.680,0.000,0.000,0.000,14.400
2018-05-15 22:00:00,3.520,0.000,0.000,0.000,13.900
2018-05-15 23:00:00,3.260,0.000,0.000,0.000,12.700
2018-05-16 00:00:00,3.610,0.000,0.000,0.000,11.800
2018-05-16 01:00:00,4.100,0.000,0.000,0.000,11.500
2018-05-16 02:00:00,4.490,0.000,0.000,0.000,10.700
2018-05-16 03:00:00,4.180,0.000,0.000,0.000,10.400
2018-05-16 04:00:00,3.680,7.000,38.200,5.000,10.400
2018-05-16 05:00:00,3.450,82.000,284.600,41.000,11.200
2018-05-16 06:00:00,2.970,193.000,364.500,86.000,12.500
2018-05-16 07:00:00,3.260,239.000,245.100,131.000,13.800
2018-05-16 08:00:00,3.350,394.000,290.200,227.000,15.000
2018-05-16 09:00:00,4.060,486.000,309.200,273.000,16.300
2018-05-16 10:00:00,1.430,478.000,221.300,307.000,17.800
2018-05-16 11:00:00,1.980,416.000,121.700,316.000,18.000
2018-05-16 12:00:00,2.840,462.000,207.800,289.000,18.400
2018-05-16 13:00:00,3.470,466.000,226.200,284.000,19.200
2018-05-16 14:00:00,3.610,524.000,384.200,240.000,20.000
2018-05-16 15:00:00,3.320,468.000,411.600,204.000,20.500
2018-05-16 16:00:00,3.290,298.000,309.200,138.000,20.100
2018-05-16 17:00:00,4.720,219.000,297.700,107.000,19.600
2018-05-16 18:00:00,5.800,121.000,202.600,75.000,19.100
2018-05-16 19:00:00,6.910,36.000,101.000,27.000,18.400
2018-05-16 20:00:00,8.100,0.000,0.000,0.000,17.500
2018-05-16 21:00:00,8.500,0.000,0.000,0.000,16.700
2018-05-16 22:00:00,8.210,0.000,0.000,0.000,15.400
2018-05-16 23:00:00,7.870,0.000,0.000,0.000,14.200
2018-05-17 00:00:00,8.270,0.000,0.000,0.000,13.200
2018-05-17 01:00:00,7.960,0.000,0.000,0.000,12.300
2018-05-17 02:00:00,7.720,0.000,0.000,0.000,11.400
2018-05-17 03:00:00,7.430,0.000,0.000,0.000,10.800
2018-05-17 04:00:00,7.340,8.000,19.100,7.000,10.300
2018-05-17 05:00:00,7.410,83.000,244.600,47.000,10.100
2018-05-17 06:00:00,7.660,201.000,381.200,88.000,10.300
2018-05-17 07:00:00,7.890,288.000,311.200,150.000,10.800
2018-05-17 08:00:00,8.200,429.000,413.500,190.000,11.500
2018-05-17 09:00:00,8.030,591.000,574.400,194.000,12.300
2018-05-17 10:00:00,7.430,702.000,673.500,180.000,13.200
2018-05-17 11:00:00,7.000,796.000,773.000,159.000,14.000
2018-05-17 12:00:00,7.030,821.000,821.700,135.000,14.800
2018-05-17 13:00:00,7.160,798.000,829.300,129.000,15.400
2018-05-17 14:00:00,7.340,716.000,788.900,131.000,15.900
2018-05-17 15:00:00,7.580,602.000,753.300,117.000,15.800
2018-05-17 16:00:00,7.770,451.000,655.500,110.000,15.300
2018-05-17 17:00:00,7.740,285.000,514.400,90.000,14.300
2018-05-17 18:00:00,7.490,143.000,356.300,61.000,13.000
2018-05-17 19:00:00,7.210,28.000,77.300,21.000,11.900
2018-05-17 20:00:00,7.220,0.000,0.000,0.000,11.500
2018-05-17 21:00:00,6.910,0.000,0.000,0.000,11.600
2018-05-17 22:00:00,6.200,0.000,0.000,0.000,11.000
2018-05-17 23:00:00,6.460,0.000,0.000,0.000,10.900
2018-05-18 00:00:00,6.650,0.000,0.000,0.000,10.600
2018-05-18 01:00:00,7.010,0.000,0.000,0.000,10.200
2018-05-18 02:00:00,6.930,0.000,0.000,0.000,9.800
2018-05-18 03:00:00,6.580,0.000,0.000,0.000,9.600
2018-05-18 04:00:00,6.330,3.000,0.000,3.000,9.300
2018-05-18 05:00:00,6.240,26.000,0.000,26.000,9.000
2018-05-18 06:00:00,5.970,58.000,0.000,58.000,8.700
2018-05-18 07:00:00,5.630,102.000,42.600,83.000,8.600
2018-05-18 08:00:00,5.470,121.000,8.600,116.000,8.800
2018-05-18 09:00:00,5.280,163.000,2.900,161.000,8.900
2018-05-18 10:00:00,4.470,288.000,79.800,226.000,10.000
2018-05-18 11:00:00,4.550,335.000,124.700,232.000,10.900
2018-05-18 12:00:00,4.440,314.000,43.000,278.000,11.300
2018-05-18 13:00:00,3.810,371.000,96.400,293.000,12.200
2018-05-18 14:00:00,3.580,337.000,119.600,248.000,13.000
2018-05-18 15:00:00,3.500,284.000,89.700,226.000,13.600
2018-05-18 16:00:00,3.420,218.000,74.600,179.000,14.000
2018-05-18 17:00:00,3.110,110.000,26.200,100.000,13.900
2018-05-18 18:00:00,1.890,76.000,90.100,55.000,13.500
2018-05-18 19:00:00,1.730,10.000,0.000,10.000,13.000
2018-05-18 20:00:00,2.040,0.000,0.000,0.000,12.300
2018-05-18 21:00:00,2.020,0.000,0.000,0.000,11.500
2018-05-18 22:00:00,1.120,0.000,0.000,0.000,10.900
2018-05-18 23:00:00,0.500,0.000,0.000,0.000,11.000
2018-05-19 00:00:00,1.340,0.000,0.000,0.000,10.400
2018-05-19 01:00:00,1.660,0.000,0.000,0.000,9.900
2018-05-19 02:00:00,1.910,0.000,0.000,0.000,9.800
2018-05-19 03:00:00,2.100,0.000,0.000,0.000,9.800
2018-05-19 04:00:00,2.200,4.000,18.700,3.000,10.000
2018-05-19 05:00:00,2.520,41.000,84.900,28.000,10.000
2018-05-19 06:00:00,2.220,94.000,69.500,73.000,10.800
2018-05-19 07:00:00,2.410,125.000,58.000,99.000,11.800
2018-05-19 08:00:00,2.620,168.000,49.800,139.000,12.100
2018-05-19 09:00:00,2.640,236.000,115.000,156.000,13.000
2018-05-19 10:00:00,2.190,329.000,156.500,207.000,14.300
2018-05-19 11:00:00,2.190,346.000,83.300,277.000,15.100
2018-05-19 12:00:00,2.040,288.000,54.800,242.000,15.500
2018-05-19 13:00:00,2.020,327.000,106.000,241.000,16.100
2018-05-19 14:00:00,2.080,264.000,30.800,241.000,16.400
2018-05-19 15:00:00,1.980,212.000,32.400,191.000,16.800
2018-05-19 16:00:00,2.200,172.000,72.300,134.000,17.000
2018-05-19 17:00:00,2.330,138.000,41.600,122.000,16.900
2018-05-19 18:00:00,2.250,83.000,38.100,74.000,16.600
2018-05-19 19:00:00,2.460,23.000,42.800,19.000,15.400
2018-05-19 20:00:00,2.820,0.000,0.000,0.000,13.300
2018-05-19 21:00:00,3.380,0.000,0.000,0.000,12.400
2018-05-19 22:00:00,3.050,0.000,0.000,0.000,11.500
2018-05-19 23:00:00,3.320,0.000,0.000,0.000,11.100
2018-05-20 00:00:00,4.140,0.000,0.000,0.000,10.200
2018-05-20 01:00:00,5.410,0.000,0.000,0.000,9.500
2018-05-20 02:00:00,6.300,0.000,0.000,0.000,9.300
2018-05-20 03:00:00,6.600,0.000,0.000,0.000,8.900
2018-05-20 04:00:00,6.900,10.000,54.700,7.000,8.500
2018-05-20 05:00:00,6.700,94.000,327.100,43.000,9.900
2018-05-20 06:00:00,5.900,226.000,502.400,73.000,12.200
2018-05-20 07:00:00,5.300,375.000,598.800,105.000,14.600
2018-05-20 08:00:00,5.010,536.000,733.300,107.000,16.600
2018-05-20 09:00:00,5.040,669.000,782.600,123.000,18.500
2018-05-20 10:00:00,4.300,772.000,828.000,125.000,19.700
2018-05-20 11:00:00,4.200,833.000,847.900,129.000,20.700
2018-05-20 12:00:00,4.400,847.000,853.700,129.000,21.500
2018-05-20 13:00:00,4.600,815.000,846.100,127.000,22.100
2018-05-20 14:00:00,4.700,738.000,824.600,121.000,22.600
2018-05-20 15:00:00,5.100,624.000,785.000,113.000,22.700
2018-05-20 16:00:00,5.700,482.000,723.700,100.000,22.500
2018-05-20 17:00:00,6.000,325.000,622.200,84.000,22.100
2018-05-20 18:00:00,6.200,173.000,468.500,61.000,21.100
2018-05-20 19:00:00,6.810,51.000,263.700,26.000,19.100
2018-05-20 20:00:00,7.610,1.000,0.000,1.000,17.100
2018-05-20 21:00:00,7.900,0.000,0.000,0.000,15.600
2018-05-20 22:00:00,8.340,0.000,0.000,0.000,14.500
2018-05-20 23:00:00,8.120,0.000,0.000,0.000,13.400
2018-05-21 00:00:00,8.330,0.000,0.000,0.000,12.500
2018-05-21 01:00:00,8.050,0.000,0.000,0.000,11.700
2018-05-21 02:00:00,7.760,0.000,0.000,0.000,10.900
2018-05-21 03:00:00,7.520,0.000,0.000,0.000,10.300
2018-05-21 04:00:00,7.710,12.000,71.300,8.000,10.000
2018-05-21 05:00:00,7.710,101.000,359.400,44.000,11.800
2018-05-21 06:00:00,7.000,241.000,547.100,73.000,14.000
2018-05-21 07:00:00,6.830,400.000,679.600,92.000,16.800
2018-05-21 08:00:00,7.160,553.000,763.000,105.000,18.900
2018-05-21 09:00:00,8.260,684.000,810.300,117.000,20.500
2018-05-21 10:00:00,8.130,782.000,838.800,125.000,21.400
2018-05-21 11:00:00,8.000,841.000,858.000,127.000,22.200
2018-05-21 12:00:00,7.910,852.000,857.700,129.000,23.000
2018-05-21 13:00:00,7.830,818.000,849.000,126.000,23.600
2018-05-21 14:00:00,7.830,740.000,824.900,121.000,23.800
2018-05-21 15:00:00,7.790,624.000,783.800,112.000,24.000
2018-05-21 16:00:00,7.720,481.000,716.600,101.000,23.700
2018-05-21 17:00:00,7.180,324.000,612.800,85.000,23.200
2018-05-21 18:00:00,6.570,174.000,467.200,61.000,22.300
2018-05-21 19:00:00,6.560,52.000,249.600,28.000,20.300
2018-05-21 20:00:00,7.020,1.000,0.000,1.000,18.200
2018-05-21 21:00:00,7.530,0.000,0.000,0.000,16.900
2018-05-21 22:00:00,8.140,0.000,0.000,0.000,15.800
2018-05-21 23:00:00,8.160,0.000,0.000,0.000,14.900
2018-05-22 00:00:00,7.680,0.000,0.000,0.000,13.900
2018-05-22 01:00:00,7.120,0.000,0.000,0.000,12.900
2018-05-22 02:00:00,6.910,0.000,0.000,0.000,12.300
2018-05-22 03:00:00,7.120,0.000,0.000,0.000,11.500
2018-05-22 04:00:00,6.910,12.000,69.700,8.000,11.200
2018-05-22 05:00:00,6.530,99.000,322.600,47.000,12.900
2018-05-22 06:00:00,5.570,235.000,513.800,76.000,15.300
2018-05-22 07:00:00,5.360,388.000,643.400,95.000,17.600
2018-05-22 08:00:00,5.150,506.000,607.600,148.000,19.800
2018-05-22 09:00:00,5.250,607.000,657.000,146.000,21.400
2018-05-22 10:00:00,6.100,726.000,726.000,156.000,22.800
2018-05-22 11:00:00,5.070,834.000,845.400,129.000,24.000
2018-05-22 12:00:00,4.270,787.000,756.400,148.000,24.400
2018-05-22 13:00:00,3.860,784.000,780.900,146.000,24.800
2018-05-22 14:00:00,3.860,623.000,602.100,170.000,24.600
2018-05-22 15:00:00,3.950,463.000,398.200,202.000,24.100
2018-05-22 16:00:00,4.080,407.000,444.900,170.000,23.700
2018-05-22 17:00:00,3.960,229.000,224.200,141.000,23.100
2018-05-22 18:00:00,4.160,118.000,106.300,92.000,22.200
2018-05-22 19:00:00,3.930,41.000,50.600,36.000,20.600
2018-05-22 20:00:00,4.200,1.000,0.000,1.000,18.800
2018-05-22 21:00:00,5.510,0.000,0.000,0.000,17.300
2018-05-22 22:00:00,6.410,0.000,0.000,0.000,16.000
2018-05-22 23:00:00,6.910,0.000,0.000,0.000,15.600
2018-05-23 00:00:00,7.010,0.000,0.000,0.000,15.300
2018-05-23 01:00:00,6.800,0.000,0.000,0.000,14.500
2018-05-23 02:00:00,6.600,0.000,0.000,0.000,14.200
2018-05-23 03:00:00,6.510,0.000,0.000,0.000,13.400
2018-05-23 04:00:00,6.580,12.000,34.100,10.000,13.300
2018-05-23 05:00:00,6.380,84.000,134.400,62.000,14.700
2018-05-23 06:00:00,6.280,205.000,314.400,107.000,16.400
2018-05-23 07:00:00,5.380,270.000,251.400,155.000,18.600
2018-05-23 08:00:00,5.410,413.000,363.700,198.000,20.600
2018-05-23 09:00:00,5.460,593.000,537.300,215.000,22.100
2018-05-23 10:00:00,4.960,697.000,608.700,218.000,23.200
2018-05-23 11:00:00,4.960,658.000,519.300,224.000,23.700
2018-05-23 12:00:00,4.880,779.000,641.400,236.000,24.600
2018-05-23 13:00:00,5.100,719.000,619.200,212.000,25.200
2018-05-23 14:00:00,5.410,677.000,636.300,197.000,25.300
2018-05-23 15:00:00,5.690,600.000,699.600,140.000,25.400
2018-05-23 16:00:00,5.980,477.000,674.800,116.000,25.000
2018-05-23 17:00:00,6.360,326.000,612.600,84.000,24.300
2018-05-23 18:00:00,7.110,178.000,477.300,60.000,23.300
2018-05-23 19:00:00,7.920,45.000,78.600,37.000,21.700
2018-05-23 20:00:00,7.920,1.000,0.000,1.000,20.000
2018-05-23 21:00:00,8.010,0.000,0.000,0.000,18.600
2018-05-23 22:00:00,8.140,0.000,0.000,0.000,17.600
2018-05-23 23:00:00,7.970,0.000,0.000,0.000,16.600
2018-05-24 00:00:00,7.540,0.000,0.000,0.000,15.800
2018-05-24 01:00:00,7.600,0.000,0.000,0.000,15.100
2018-05-24 02:00:00,7.720,0.000,0.000,0.000,14.400
2018-05-24 03:00:00,7.420,0.000,0.000,0.000,13.800
2018-05-24 04:00:00,7.450,13.000,50.200,10.000,13.700
2018-05-24 05:00:00,7.430,92.000,241.000,52.000,15.000
2018-05-24 06:00:00,6.760,215.000,398.200,90.000,16.900
2018-05-24 07:00:00,7.100,353.000,463.500,140.000,18.500
2018-05-24 08:00:00,7.210,484.000,524.500,173.000,20.400
2018-05-24 09:00:00,7.530,617.000,592.700,199.000,21.600
2018-05-24 10:00:00,7.320,727.000,668.300,200.000,22.300
2018-05-24 11:00:00,7.480,729.000,570.800,251.000,22.800
2018-05-24 12:00:00,7.470,758.000,616.500,235.000,23.400
2018-05-24 13:00:00,7.680,660.000,459.400,283.000,23.900
2018-05-24 14:00:00,7.760,645.000,599.000,192.000,24.400
2018-05-24 15:00:00,7.240,514.000,538.200,159.000,24.700
2018-05-24 16:00:00,7.060,399.000,474.700,144.000,24.300
2018-05-24 17:00:00,6.870,221.000,294.400,104.000,23.700
2018-05-24 18:00:00,6.810,134.000,244.200,73.000,23.000
2018-05-24 19:00:00,7.030,38.000,57.400,32.000,22.000
2018-05-24 20:00:00,7.230,1.000,0.000,1.000,20.700
2018-05-24 21:00:00,7.030,0.000,0.000,0.000,20.100
2018-05-24 22:00:00,8.290,0.000,0.000,0.000,19.500
2018-05-24 23:00:00,8.410,0.000,0.000,0.000,18.700
2018-05-25 00:00:00,8.240,0.000,0.000,0.000,17.900
2018-05-25 01:00:00,7.880,0.000,0.000,0.000,17.400
2018-05-25 02:00:00,7.730,0.000,0.000,0.000,16.600
2018-05-25 03:00:00,7.610,0.000,0.000,0.000,15.900
2018-05-25 04:00:00,7.800,13.000,49.300,10.000,15.900
2018-05-25 05:00:00,7.710,89.000,202.100,55.000,16.800
2018-05-25 06:00:00,6.530,225.000,414.600,94.000,18.500
2018-05-25 07:00:00,6.380,370.000,539.700,121.000,20.200
2018-05-25 08:00:00,6.330,508.000,623.800,137.000,21.900
2018-05-25 09:00:00,6.650,624.000,700.300,129.000,23.200
2018-05-25 10:00:00,6.550,735.000,747.900,144.000,24.500
2018-05-25 11:00:00,6.480,615.000,470.800,220.000,25.100
2018-05-25 12:00:00,6.230,554.000,374.100,236.000,25.400
2018-05-25 13:00:00,5.820,630.000,565.400,165.000,26.100
2018-05-25 14:00:00,5.190,602.000,554.000,182.000,26.700
2018-05-25 15:00:00,4.740,368.000,219.200,223.000,26.400
2018-05-25 16:00:00,4.440,316.000,341.100,132.000,26.200
2018-05-25 17:00:00,4.160,265.000,380.200,113.000,25.700
2018-05-25 18:00:00,4.030,149.000,313.000,70.000,24.500
2018-05-25 19:00:00,5.220,48.000,177.300,29.000,22.800
2018-05-25 20:00:00,7.760,2.000,0.000,2.000,21.100
2018-05-25 21:00:00,8.450,0.000,0.000,0.000,20.000
2018-05-25 22:00:00,7.920,0.000,0.000,0.000,19.000
2018-05-25 23:00:00,7.240,0.000,0.000,0.000,17.900
2018-05-26 00:00:00,6.340,0.000,0.000,0.000,16.900
2018-05-26 01:00:00,5.920,0.000,0.000,0.000,16.000
2018-05-26 02:00:00,5.610,0.000,0.000,0.000,15.200
2018-05-26 03:00:00,5.620,0.000,0.000,0.000,14.300
2018-05-26 04:00:00,5.410,15.000,80.800,10.000,14.100
2018-05-26 05:00:00,5.040,104.000,334.500,47.000,15.200
2018-05-26 06:00:00,3.850,239.000,512.800,76.000,17.100
2018-05-26 07:00:00,3.420,393.000,647.700,93.000,19.400
2018-05-26 08:00:00,3.130,540.000,724.300,108.000,21.600
2018-05-26 09:00:00,3.180,669.000,776.300,119.000,23.700
2018-05-26 10:00:00,3.200,768.000,810.900,126.000,25.400
2018-05-26 11:00:00,2.790,800.000,791.200,135.000,26.600
2018-05-26 12:00:00,2.250,756.000,731.600,133.000,27.100
2018-05-26 13:00:00,2.200,718.000,700.200,141.000,27.500
2018-05-26 14:00:00,1.890,637.000,642.200,149.000,27.600
2018-05-26 15:00:00,1.610,480.000,497.300,150.000,27.700
2018-05-26 16:00:00,1.790,368.000,487.500,104.000,27.700
2018-05-26 17:00:00,2.470,266.000,435.200,91.000,27.100
2018-05-26 18:00:00,3.660,141.000,309.900,62.000,25.700
2018-05-26 19:00:00,5.720,58.000,245.800,31.000,23.700
2018-05-26 20:00:00,6.820,2.000,0.000,2.000,21.900
2018-05-26 21:00:00,6.900,0.000,0.000,0.000,20.400
2018-05-26 22:00:00,6.740,0.000,0.000,0.000,18.800
2018-05-26 23:00:00,6.090,0.000,0.000,0.000,17.600
2018-05-27 00:00:00,5.790,0.000,0.000,0.000,16.800
2018-05-27 01:00:00,5.630,0.000,0.000,0.000,15.800
2018-05-27 02:00:00,5.820,0.000,0.000,0.000,15.100
2018-05-27 03:00:00,6.260,0.000,0.000,0.000,14.600
2018-05-27 04:00:00,6.400,16.000,79.500,11.000,14.600
2018-05-27 05:00:00,5.410,105.000,336.400,47.000,15.400
2018-05-27 06:00:00,3.930,230.000,484.800,75.000,16.800
2018-05-27 07:00:00,3.540,391.000,634.500,96.000,19.000
2018-05-27 08:00:00,3.810,540.000,724.100,107.000,21.000
2018-05-27 09:00:00,4.200,666.000,769.100,120.000,22.700
2018-05-27 10:00:00,4.370,760.000,799.300,126.000,24.000
2018-05-27 11:00:00,4.440,797.000,789.800,132.000,25.300
2018-05-27 12:00:00,3.910,771.000,705.700,169.000,26.000
2018-05-27 13:00:00,3.790,687.000,612.800,181.000,26.200
2018-05-27 14:00:00,3.670,570.000,514.600,178.000,26.400
2018-05-27 15:00:00,3.320,557.000,602.600,156.000,26.400
2018-05-27 16:00:00,3.200,383.000,386.300,173.000,26.100
2018-05-27 17:00:00,3.770,251.000,254.700,148.000,25.600
2018-05-27 18:00:00,5.110,120.000,151.500,81.000,24.500
2018-05-27 19:00:00,3.280,36.000,44.500,31.000,22.500
2018-05-27 20:00:00,3.550,2.000,0.000,2.000,20.400
2018-05-27 21:00:00,5.520,0.000,0.000,0.000,19.600
2018-05-27 22:00:00,4.100,0.000,0.000,0.000,18.600
2018-05-27 23:00:00,5.630,0.000,0.000,0.000,18.500
2018-05-28 00:00:00,6.230,0.000,0.000,0.000,18.000
2018-05-28 01:00:00,5.850,0.000,0.000,0.000,17.500
2018-05-28 02:00:00,5.550,0.000,0.000,0.000,17.000
2018-05-28 03:00:00,5.530,0.000,0.000,0.000,16.600
2018-05-28 04:00:00,5.390,15.000,47.000,12.000,16.600
2018-05-28 05:00:00,5.120,90.000,200.700,55.000,17.300
2018-05-28 06:00:00,3.860,215.000,410.600,83.000,18.600
2018-05-28 07:00:00,3.420,357.000,493.000,127.000,20.200
2018-05-28 08:00:00,3.370,378.000,340.300,174.000,22.000
2018-05-28 09:00:00,3.230,518.000,454.100,195.000,24.100
2018-05-28 10:00:00,2.670,585.000,495.900,191.000,25.300
2018-05-28 11:00:00,2.980,688.000,576.300,202.000,27.400
2018-05-28 12:00:00,3.350,770.000,695.100,176.000,29.000
2018-05-28 13:00:00,3.640,750.000,669.700,196.000,30.100
2018-05-28 14:00:00,3.410,641.000,572.400,204.000,30.600
2018-05-28 15:00:00,3.850,491.000,433.000,202.000,30.900
2018-05-28 16:00:00,3.930,369.000,346.300,180.000,30.500
2018-05-28 17:00:00,4.110,225.000,265.600,117.000,29.900
2018-05-28 18:00:00,5.020,128.000,207.900,74.000,28.600
2018-05-28 19:00:00,6.400,42.000,130.400,27.000,26.700
2018-05-28 20:00:00,7.380,2.000,0.000,2.000,24.900
2018-05-28 21:00:00,7.670,0.000,0.000,0.000,23.600
2018-05-28 22:00:00,6.600,0.000,0.000,0.000,23.100
2018-05-28 23:00:00,6.600,0.000,0.000,0.000,22.000
2018-05-29 00:00:00,7.110,0.000,0.000,0.000,21.200
2018-05-29 01:00:00,6.200,0.000,0.000,0.000,20.300
2018-05-29 02:00:00,6.010,0.000,0.000,0.000,19.600
2018-05-29 03:00:00,6.460,0.000,0.000,0.000,19.400
2018-05-29 04:00:00,6.700,17.000,77.300,12.000,19.100
2018-05-29 05:00:00,6.450,98.000,300.800,45.000,20.600
2018-05-29 06:00:00,5.350,233.000,470.300,81.000,22.500
2018-05-29 07:00:00,5.570,384.000,619.600,94.000,24.600
2018-05-29 08:00:00,5.890,523.000,677.300,116.000,26.500
2018-05-29 09:00:00,6.250,627.000,691.700,134.000,28.100
2018-05-29 10:00:00,6.090,733.000,753.900,133.000,29.700
2018-05-29 11:00:00,6.960,806.000,799.100,131.000,30.800
2018-05-29 12:00:00,7.640,807.000,782.800,137.000,31.600
2018-05-29 13:00:00,7.910,753.000,709.500,165.000,32.000
2018-05-29 14:00:00,7.720,666.000,691.400,137.000,32.300
2018-05-29 15:00:00,7.490,580.000,650.000,145.000,31.500
2018-05-29 16:00:00,7.470,455.000,622.600,114.000,31.100
2018-05-29 17:00:00,6.580,296.000,496.500,93.000,30.400
2018-05-29 18:00:00,5.550,164.000,328.100,78.000,28.500
2018-05-29 19:00:00,2.050,42.000,76.600,33.000,26.400
2018-05-29 20:00:00,1.730,2.000,0.000,2.000,25.000
2018-05-29 21:00:00,3.820,0.000,0.000,0.000,23.700
2018-05-29 22:00:00,6.890,0.000,0.000,0.000,23.200
2018-05-29 23:00:00,6.640,0.000,0.000,0.000,22.300
2018-05-30 00:00:00,5.250,0.000,0.000,0.000,20.600
2018-05-30 01:00:00,4.530,0.000,0.000,0.000,19.500
2018-05-30 02:00:00,3.700,0.000,0.000,0.000,18.400
2018-05-30 03:00:00,2.780,0.000,0.000,0.000,17.600
2018-05-30 04:00:00,0.950,18.000,91.600,12.000,17.800
2018-05-30 05:00:00,0.540,99.000,292.300,47.000,19.100
2018-05-30 06:00:00,1.710,227.000,471.100,74.000,20.300
2018-05-30 07:00:00,2.330,284.000,349.300,120.000,21.100
2018-05-30 08:00:00,2.600,366.000,327.100,169.000,21.200
2018-05-30 09:00:00,2.000,470.000,344.600,224.000,22.400
2018-05-30 10:00:00,1.260,573.000,466.700,201.000,23.700
2018-05-30 11:00:00,0.710,615.000,478.700,210.000,24.700
2018-05-30 12:00:00,0.450,627.000,478.200,217.000,25.700
2018-05-30 13:00:00,0.510,623.000,525.100,187.000,26.100
2018-05-30 14:00:00,0.900,585.000,495.600,205.000,26.300
2018-05-30 15:00:00,0.300,363.000,293.600,166.000,25.300
2018-05-30 16:00:00,1.140,258.000,209.200,143.000,24.200
2018-05-30 17:00:00,2.040,91.000,34.100,77.000,23.900
2018-05-30 18:00:00,2.450,78.000,34.000,69.000,23.500
2018-05-30 19:00:00,2.020,50.000,108.400,37.000,22.000
2018-05-30 20:00:00,1.530,3.000,0.000,3.000,20.400
2018-05-30 21:00:00,0.760,0.000,0.000,0.000,19.500
2018-05-30 22:00:00,3.820,0.000,0.000,0.000,20.100
2018-05-30 23:00:00,4.180,0.000,0.000,0.000,18.900
2018-05-31 00:00:00,3.760,0.000,0.000,0.000,18.000
2018-05-31 01:00:00,3.110,0.000,0.000,0.000,16.900
2018-05-31 02:00:00,3.900,0.000,0.000,0.000,16.300
2018-05-31 03:00:00,4.700,0.000,0.000,0.000,15.800
2018-05-31 04:00:00,4.610,18.000,90.500,12.000,16.100
2018-05-31 05:00:00,3.760,107.000,328.600,48.000,18.100
2018-05-31 06:00:00,2.400,235.000,469.000,82.000,20.500
2018-05-31 07:00:00,2.140,383.000,603.200,99.000,22.800
2018-05-31 08:00:00,2.750,533.000,701.000,110.000,24.700
2018-05-31 09:00:00,3.280,656.000,742.500,125.000,26.200
2018-05-31 10:00:00,2.670,746.000,759.100,140.000,27.200
2018-05-31 11:00:00,2.810,770.000,722.400,158.000,28.100
2018-05-31 12:00:00,3.040,746.000,655.700,183.000,28.400
2018-05-31 13:00:00,3.340,741.000,696.200,162.000,29.100
2018-05-31 14:00:00,3.630,673.000,657.300,168.000,29.400
2018-05-31 15:00:00,3.470,536.000,587.100,141.000,29.800
2018-05-31 16:00:00,3.580,423.000,533.000,129.000,30.300
2018-05-31 17:00:00,2.800,223.000,276.000,109.000,29.000
2018-05-31 18:00:00,2.400,88.000,127.500,54.000,26.500
2018-05-31 19:00:00,3.860,32.000,8.200,31.000,23.400
2018-05-31 20:00:00,3.490,2.000,0.000,2.000,21.600
2018-05-31 21:00:00,2.910,0.000,0.000,0.000,20.800
2018-05-31 22:00:00,1.410,0.000,0.000,0.000,20.200
2018-05-31 23:00:00,1.170,0.000,0.000,0.000,19.300
2018-06-01 00:00:00,2.090,0.000,0.000,0.000,19.200
2018-06-01 01:00:00,1.170,0.000,0.000,0.000,19.500
2018-06-01 02:00:00,0.950,0.000,0.000,0.000,18.500
2018-06-01 03:00:00,3.040,0.000,0.000,0.000,17.600
2018-06-01 04:00:00,2.950,18.000,44.700,15.000,18.400
2018-06-01 05:00:00,1.800,78.000,110.400,58.000,19.000
2018-06-01 06:00:00,1.000,201.000,314.400,98.000,20.400
2018-06-01 07:00:00,1.390,314.000,368.600,140.000,21.900
2018-06-01 08:00:00,1.840,446.000,426.700,188.000,23.200
2018-06-01 09:00:00,1.750,422.000,358.800,165.000,24.000
2018-06-01 10:00:00,2.480,640.000,542.900,206.000,24.400
2018-06-01 11:00:00,3.220,606.000,425.500,245.000,24.900
2018-06-01 12:00:00,3.320,673.000,516.400,229.000,25.500
2018-06-01 13:00:00,3.180,521.000,342.100,236.000,24.400
2018-06-01 14:00:00,3.040,237.000,113.000,150.000,22.000
2018-06-01 15:00:00,2.640,160.000,7.400,155.000,22.700
2018-06-01 16:00:00,2.590,147.000,0.000,147.000,23.400
2018-06-01 17:00:00,1.170,168.000,21.700,159.000,23.400
2018-06-01 18:00:00,1.170,115.000,44.600,103.000,23.000
2018-06-01 19:00:00,4.180,27.000,24.100,24.000,21.400
2018-06-01 20:00:00,4.460,2.000,0.000,2.000,20.100
2018-06-01 21:00:00,3.400,0.000,0.000,0.000,18.900
2018-06-01 22:00:00,3.130,0.000,0.000,0.000,18.700
2018-06-01 23:00:00,4.610,0.000,0.000,0.000,18.400
2018-06-02 00:00:00,5.660,0.000,0.000,0.000,18.100
2018-06-02 01:00:00,6.240,0.000,0.000,0.000,18.000
2018-06-02 02:00:00,6.250,0.000,0.000,0.000,17.900
2018-06-02 03:00:00,6.400,0.000,0.000,0.000,18.000
2018-06-02 04:00:00,6.800,6.000,0.000,6.000,17.900
2018-06-02 05:00:00,7.530,28.000,5.500,27.000,17.800
2018-06-02 06:00:00,7.630,36.000,0.000,36.000,17.300
2018-06-02 07:00:00,7.350,51.000,0.000,51.000,17.000
2018-06-02 08:00:00,6.730,125.000,9.900,119.000,16.800
2018-06-02 09:00:00,6.810,200.000,16.700,188.000,17.300
2018-06-02 10:00:00,5.400,226.000,13.700,215.000,17.500
2018-06-02 11:00:00,6.400,162.000,1.200,161.000,17.700
2018-06-02 12:00:00,6.410,202.000,2.300,200.000,18.000
2018-06-02 13:00:00,6.630,242.000,39.600,209.000,18.600
2018-06-02 14:00:00,6.700,237.000,6.500,232.000,19.400
2018-06-02 15:00:00,6.430,220.000,35.500,196.000,19.900
2018-06-02 16:00:00,6.040,174.000,14.400,166.000,20.200
2018-06-02 17:00:00,5.960,140.000,62.300,114.000,20.200
2018-06-02 18:00:00,4.840,108.000,118.100,76.000,19.900
2018-06-02 19:00:00,4.170,35.000,15.800,33.000,19.400
2018-06-02 20:00:00,3.940,3.000,0.000,3.000,18.700
2018-06-02 21:00:00,4.120,0.000,0.000,0.000,18.000
2018-06-02 22:00:00,4.560,0.000,0.000,0.000,17.500
2018-06-02 23:00:00,3.960,0.000,0.000,0.000,17.100
2018-06-03 00:00:00,3.550,0.000,0.000,0.000,16.800
2018-06-03 01:00:00,4.110,0.000,0.000,0.000,16.500
2018-06-03 02:00:00,4.440,0.000,0.000,0.000,16.200
2018-06-03 03:00:00,4.030,0.000,0.000,0.000,15.900
2018-06-03 04:00:00,3.900,18.000,58.500,14.000,16.000
2018-06-03 05:00:00,3.210,94.000,239.300,50.000,16.600
2018-06-03 06:00:00,2.770,232.000,448.400,84.000,17.900
2018-06-03 07:00:00,2.350,177.000,130.700,115.000,19.100
2018-06-03 08:00:00,2.450,345.000,288.400,170.000,20.000
2018-06-03 09:00:00,2.960,478.000,419.100,177.000,20.500
2018-06-03 10:00:00,2.730,503.000,361.800,213.000,21.300
2018-06-03 11:00:00,3.240,454.000,252.800,239.000,21.700
2018-06-03 12:00:00,3.420,643.000,549.800,169.000,22.400
2018-06-03 13:00:00,3.400,577.000,489.400,168.000,22.500
2018-06-03 14:00:00,3.380,529.000,450.400,181.000,22.900
2018-06-03 15:00:00,3.320,405.000,373.300,152.000,23.100
2018-06-03 16:00:00,3.060,247.000,237.000,115.000,23.100
2018-06-03 17:00:00,2.640,199.000,221.900,106.000,23.000
2018-06-03 18:00:00,2.160,119.000,205.100,63.000,22.500
2018-06-03 19:00:00,2.150,60.000,193.800,35.000,21.100
2018-06-03 20:00:00,2.180,5.000,19.100,4.000,18.800
2018-06-03 21:00:00,2.200,0.000,0.000,0.000,17.500
2018-06-03 22:00:00,2.500,0.000,0.000,0.000,16.100
2018-06-03 23:00:00,1.920,0.000,0.000,0.000,15.600
2018-06-04 00:00:00,1.710,0.000,0.000,0.000,15.100
2018-06-04 01:00:00,1.790,0.000,0.000,0.000,14.600
2018-06-04 02:00:00,1.930,0.000,0.000,0.000,14.600
2018-06-04 03:00:00,2.160,0.000,0.000,0.000,14.600
2018-06-04 04:00:00,1.510,19.000,87.000,13.000,14.600
2018-06-04 05:00:00,1.390,110.000,324.100,50.000,15.800
2018-06-04 06:00:00,1.640,247.000,513.300,77.000,17.600
2018-06-04 07:00:00,2.500,282.000,374.500,104.000,19.200
2018-06-04 08:00:00,3.110,381.000,381.800,149.000,20.500
2018-06-04 09:00:00,3.610,511.000,439.400,195.000,21.200
2018-06-04 10:00:00,3.110,568.000,421.300,230.000,21.400
2018-06-04 11:00:00,3.560,515.000,247.800,304.000,21.800
2018-06-04 12:00:00,3.890,576.000,337.100,285.000,22.600
2018-06-04 13:00:00,4.390,519.000,285.600,280.000,23.100
2018-06-04 14:00:00,4.940,469.000,232.500,289.000,23.500
2018-06-04 15:00:00,5.450,357.000,238.500,195.000,23.100
2018-06-04 16:00:00,5.810,353.000,381.200,140.000,22.700
2018-06-04 17:00:00,5.870,272.000,316.000,139.000,22.000
2018-06-04 18:00:00,5.420,160.000,280.000,83.000,20.800
2018-06-04 19:00:00,4.610,51.000,76.300,41.000,19.600
2018-06-04 20:00:00,4.480,5.000,19.100,4.000,18.400
2018-06-04 21:00:00,4.500,0.000,0.000,0.000,17.400
2018-06-04 22:00:00,3.810,0.000,0.000,0.000,16.500
2018-06-04 23:00:00,3.890,0.000,0.000,0.000,16.100
2018-06-05 00:00:00,4.100,0.000,0.000,0.000,16.000
2018-06-05 01:00:00,4.120,0.000,0.000,0.000,15.700
2018-06-05 02:00:00,3.880,0.000,0.000,0.000,15.600
2018-06-05 03:00:00,3.860,0.000,0.000,0.000,15.300
2018-06-05 04:00:00,3.550,7.000,0.000,7.000,14.700
2018-06-05 05:00:00,2.870,40.000,5.400,39.000,14.700
2018-06-05 06:00:00,2.590,96.000,12.000,92.000,14.600
2018-06-05 07:00:00,2.300,187.000,58.800,159.000,15.000
2018-06-05 08:00:00,2.130,235.000,37.800,212.000,15.300
2018-06-05 09:00:00,1.920,359.000,123.600,270.000,16.000
2018-06-05 10:00:00,1.520,527.000,295.100,290.000,17.400
2018-06-05 11:00:00,1.080,698.000,496.200,275.000,18.800
2018-06-05 12:00:00,1.040,824.000,756.700,170.000,20.300
2018-06-05 13:00:00,1.410,830.000,822.200,141.000,21.500
2018-06-05 14:00:00,1.600,760.000,822.800,122.000,22.600
2018-06-05 15:00:00,1.840,644.000,778.700,114.000,23.200
2018-06-05 16:00:00,1.800,506.000,721.000,102.000,23.700
2018-06-05 17:00:00,1.700,355.000,631.800,88.000,23.500
2018-06-05 18:00:00,1.490,202.000,487.600,67.000,22.900
2018-06-05 19:00:00,1.170,77.000,293.200,38.000,22.300
2018-06-05 20:00:00,1.840,6.000,19.100,5.000,20.400
2018-06-05 21:00:00,2.690,0.000,0.000,0.000,18.100
2018-06-05 22:00:00,3.900,0.000,0.000,0.000,17.500
2018-06-05 23:00:00,5.740,0.000,0.000,0.000,16.200
2018-06-06 00:00:00,6.990,0.000,0.000,0.000,16.300
2018-06-06 01:00:00,7.200,0.000,0.000,0.000,15.300
2018-06-06 02:00:00,6.870,0.000,0.000,0.000,14.300
2018-06-06 03:00:00,6.680,0.000,0.000,0.000,13.300
2018-06-06 04:00:00,6.760,23.000,128.500,14.000,12.900
2018-06-06 05:00:00,6.400,119.000,363.100,51.000,14.300
2018-06-06 06:00:00,5.510,258.000,540.400,78.000,16.000
2018-06-06 07:00:00,5.160,409.000,656.200,96.000,17.900
2018-06-06 08:00:00,4.930,557.000,732.100,111.000,19.700
2018-06-06 09:00:00,5.020,685.000,781.100,122.000,21.300
2018-06-06 10:00:00,5.330,782.000,813.500,128.000,22.700
2018-06-06 11:00:00,5.670,840.000,828.600,133.000,23.900
2018-06-06 12:00:00,5.630,854.000,833.300,133.000,24.700
2018-06-06 13:00:00,5.440,831.000,841.400,125.000,25.400
2018-06-06 14:00:00,5.120,744.000,790.600,130.000,25.900
2018-06-06 15:00:00,4.810,629.000,752.100,116.000,26.100
2018-06-06 16:00:00,5.000,494.000,683.400,110.000,26.200
2018-06-06 17:00:00,5.140,337.000,565.600,97.000,25.700
2018-06-06 18:00:00,5.620,200.000,473.700,68.000,25.100
2018-06-06 19:00:00,6.710,76.000,281.700,38.000,23.500
2018-06-06 20:00:00,7.720,7.000,38.200,5.000,21.500
2018-06-06 21:00:00,8.050,0.000,0.000,0.000,20.200
2018-06-06 22:00:00,8.100,0.000,0.000,0.000,18.700
2018-06-06 23:00:00,7.600,0.000,0.000,0.000,17.700
2018-06-07 00:00:00,7.410,0.000,0.000,0.000,16.500
2018-06-07 01:00:00,7.120,0.000,0.000,0.000,15.700
2018-06-07 02:00:00,6.710,0.000,0.000,0.000,15.200
2018-06-07 03:00:00,6.530,0.000,0.000,0.000,14.300
2018-06-07 04:00:00,6.500,24.000,127.700,15.000,14.200
2018-06-07 05:00:00,6.480,118.000,361.300,50.000,15.500
2018-06-07 06:00:00,5.390,253.000,524.100,78.000,17.400
2018-06-07 07:00:00,4.900,409.000,655.200,96.000,19.300
2018-06-07 08:00:00,4.680,557.000,731.300,111.000,21.000
2018-06-07 09:00:00,4.490,684.000,780.400,121.000,22.900
2018-06-07 10:00:00,3.510,779.000,809.000,128.000,24.800
2018-06-07 11:00:00,3.450,836.000,824.300,132.000,26.300
2018-06-07 12:00:00,3.180,862.000,847.500,128.000,27.600
2018-06-07 13:00:00,2.940,794.000,788.000,132.000,28.500
2018-06-07 14:00:00,2.480,643.000,654.400,134.000,28.800
2018-06-07 15:00:00,2.080,559.000,614.600,139.000,28.900
2018-06-07 16:00:00,1.750,450.000,587.500,119.000,28.600
2018-06-07 17:00:00,1.420,297.000,493.000,87.000,27.900
2018-06-07 18:00:00,1.430,162.000,356.600,62.000,27.200
2018-06-07 19:00:00,2.150,60.000,219.400,30.000,25.300
2018-06-07 20:00:00,3.840,6.000,19.100,5.000,23.400
2018-06-07 21:00:00,4.620,0.000,0.000,0.000,22.400
2018-06-07 22:00:00,3.860,0.000,0.000,0.000,21.000
2018-06-07 23:00:00,2.900,0.000,0.000,0.000,19.500
2018-06-08 00:00:00,1.620,0.000,0.000,0.000,18.500
2018-06-08 01:00:00,0.720,0.000,0.000,0.000,17.500
2018-06-08 02:00:00,1.530,0.000,0.000,0.000,16.800
2018-06-08 03:00:00,2.000,0.000,0.000,0.000,16.100
2018-06-08 04:00:00,1.810,20.000,98.700,13.000,16.500
2018-06-08 05:00:00,1.300,98.000,264.500,48.000,18.800
2018-06-08 06:00:00,0.640,215.000,412.400,77.000,20.900
2018-06-08 07:00:00,0.510,396.000,629.200,95.000,23.500
2018-06-08 08:00:00,0.820,530.000,684.700,112.000,25.800
2018-06-08 09:00:00,1.640,625.000,659.300,149.000,27.400
2018-06-08 10:00:00,1.700,707.000,694.100,148.000,28.600
2018-06-08 11:00:00,2.100,544.000,404.800,198.000,28.900
2018-06-08 12:00:00,2.020,620.000,483.300,201.000,29.400
2018-06-08 13:00:00,1.330,597.000,488.700,186.000,29.100
2018-06-08 14:00:00,0.410,562.000,481.500,187.000,28.900
2018-06-08 15:00:00,0.450,481.000,457.200,168.000,28.300
2018-06-08 16:00:00,0.920,314.000,331.100,127.000,27.500
2018-06-08 17:00:00,1.170,185.000,226.900,88.000,26.900
2018-06-08 18:00:00,1.530,122.000,187.900,69.000,26.300
2018-06-08 19:00:00,3.280,56.000,101.100,42.000,25.000
2018-06-08 20:00:00,4.960,6.000,0.000,6.000,23.200
2018-06-08 21:00:00,5.100,0.000,0.000,0.000,22.200
2018-06-08 22:00:00,4.030,0.000,0.000,0.000,21.600
2018-06-08 23:00:00,3.890,0.000,0.000,0.000,20.500
2018-06-09 00:00:00,4.030,0.000,0.000,0.000,19.600
2018-06-09 01:00:00,4.700,0.000,0.000,0.000,19.000
2018-06-09 02:00:00,5.320,0.000,0.000,0.000,18.700
2018-06-09 03:00:00,5.020,0.000,0.000,0.000,18.200
2018-06-09 04:00:00,4.300,20.000,70.200,15.000,18.000
2018-06-09 05:00:00,3.610,95.000,179.100,61.000,18.900
2018-06-09 06:00:00,2.570,216.000,384.800,87.000,20.400
2018-06-09 07:00:00,2.260,281.000,340.300,118.000,22.200
2018-06-09 08:00:00,1.750,385.000,252.000,231.000,24.000
2018-06-09 09:00:00,1.750,544.000,397.200,257.000,25.700
2018-06-09 10:00:00,1.710,735.000,680.000,187.000,27.000
2018-06-09 11:00:00,2.110,784.000,733.000,157.000,28.500
2018-06-09 12:00:00,1.890,759.000,645.400,199.000,29.400
2018-06-09 13:00:00,0.220,680.000,586.700,186.000,29.700
2018-06-09 14:00:00,1.420,683.000,646.200,179.000,30.000
2018-06-09 15:00:00,1.870,559.000,616.800,136.000,30.300
2018-06-09 16:00:00,2.420,421.000,487.500,145.000,30.000
2018-06-09 17:00:00,2.590,282.000,368.400,124.000,29.300
2018-06-09 18:00:00,2.530,110.000,77.600,88.000,27.800
2018-06-09 19:00:00,3.220,59.000,157.100,37.000,25.900
2018-06-09 20:00:00,2.190,6.000,19.100,5.000,24.200
2018-06-09 21:00:00,0.940,0.000,0.000,0.000,23.100
2018-06-09 22:00:00,2.060,0.000,0.000,0.000,21.900
2018-06-09 23:00:00,1.390,0.000,0.000,0.000,20.600
2018-06-10 00:00:00,1.000,0.000,0.000,0.000,19.500
2018-06-10 01:00:00,2.900,0.000,0.000,0.000,18.900
2018-06-10 02:00:00,3.670,0.000,0.000,0.000,18.600
2018-06-10 03:00:00,3.210,0.000,0.000,0.000,18.200
2018-06-10 04:00:00,3.900,18.000,14.000,17.000,18.400
2018-06-10 05:00:00,4.030,93.000,115.500,71.000,19.600
2018-06-10 06:00:00,3.340,197.000,256.100,111.000,20.500
2018-06-10 07:00:00,2.900,181.000,75.100,145.000,21.000
2018-06-10 08:00:00,3.800,236.000,98.100,176.000,21.800
2018-06-10 09:00:00,4.540,295.000,78.800,238.000,22.600
2018-06-10 10:00:00,4.730,209.000,33.500,182.000,20.600
2018-06-10 11:00:00,4.300,231.000,14.000,219.000,20.100
2018-06-10 12:00:00,4.000,177.000,4.600,173.000,19.800
2018-06-10 13:00:00,3.860,234.000,24.900,213.000,20.200
2018-06-10 14:00:00,4.160,208.000,35.900,180.000,21.100
2018-06-10 15:00:00,4.530,403.000,304.200,194.000,22.300
2018-06-10 16:00:00,5.100,337.000,350.700,138.000,22.600
2018-06-10 17:00:00,5.600,245.000,341.600,98.000,22.400
2018-06-10 18:00:00,4.800,120.000,231.500,54.000,21.600
2018-06-10 19:00:00,4.960,66.000,211.900,36.000,20.600
2018-06-10 20:00:00,5.520,7.000,19.100,6.000,19.200
2018-06-10 21:00:00,5.690,0.000,0.000,0.000,18.100
2018-06-10 22:00:00,5.940,0.000,0.000,0.000,17.100
2018-06-10 23:00:00,5.810,0.000,0.000,0.000,16.200
2018-06-11 00:00:00,5.470,0.000,0.000,0.000,15.400
2018-06-11 01:00:00,4.640,0.000,0.000,0.000,14.700
2018-06-11 02:00:00,4.460,0.000,0.000,0.000,14.200
2018-06-11 03:00:00,4.060,0.000,0.000,0.000,13.900
2018-06-11 04:00:00,3.610,20.000,83.500,14.000,13.800
2018-06-11 05:00:00,3.050,86.000,136.100,60.000,14.000
2018-06-11 06:00:00,2.830,188.000,243.800,106.000,14.500
2018-06-11 07:00:00,3.040,178.000,66.700,146.000,15.200
2018-06-11 08:00:00,3.400,299.000,160.200,201.000,16.100
2018-06-11 09:00:00,3.060,523.000,387.100,243.000,17.200
2018-06-11 10:00:00,2.730,705.000,611.000,212.000,18.700
2018-06-11 11:00:00,2.780,814.000,767.100,157.000,19.900
2018-06-11 12:00:00,3.020,853.000,809.000,150.000,21.100
2018-06-11 13:00:00,3.240,788.000,699.400,198.000,21.900
2018-06-11 14:00:00,3.580,732.000,731.700,160.000,22.400
2018-06-11 15:00:00,3.640,641.000,758.700,119.000,22.700
2018-06-11 16:00:00,4.120,492.000,626.200,136.000,22.600
2018-06-11 17:00:00,4.880,298.000,319.800,160.000,21.900
2018-06-11 18:00:00,5.770,152.000,122.200,117.000,20.900
2018-06-11 19:00:00,6.460,72.000,139.900,52.000,19.600
2018-06-11 20:00:00,6.610,8.000,0.000,8.000,18.200
2018-06-11 21:00:00,6.360,0.000,0.000,0.000,16.900
2018-06-11 22:00:00,6.530,0.000,0.000,0.000,15.000
2018-06-11 23:00:00,6.230,0.000,0.000,0.000,14.000
2018-06-12 00:00:00,5.370,0.000,0.000,0.000,13.100
2018-06-12 01:00:00,4.840,0.000,0.000,0.000,12.400
2018-06-12 02:00:00,4.550,0.000,0.000,0.000,12.000
2018-06-12 03:00:00,4.250,0.000,0.000,0.000,11.700
2018-06-12 04:00:00,4.200,24.000,97.100,17.000,12.100
2018-06-12 05:00:00,4.300,98.000,229.800,54.000,12.900
2018-06-12 06:00:00,5.380,202.000,320.800,94.000,13.900
2018-06-12 07:00:00,5.280,255.000,281.200,120.000,14.500
2018-06-12 08:00:00,4.680,270.000,102.900,207.000,14.800
2018-06-12 09:00:00,4.530,346.000,118.800,260.000,15.100
2018-06-12 10:00:00,5.100,417.000,128.800,313.000,16.400
2018-06-12 11:00:00,4.890,533.000,196.000,365.000,17.000
2018-06-12 12:00:00,5.040,474.000,164.400,331.000,17.600
2018-06-12 13:00:00,5.200,399.000,61.600,347.000,17.700
2018-06-12 14:00:00,5.260,428.000,146.900,313.000,18.000
2018-06-12 15:00:00,5.740,322.000,103.100,251.000,17.900
2018-06-12 16:00:00,5.660,275.000,100.100,218.000,17.700
2018-06-12 17:00:00,5.300,124.000,20.800,115.000,16.900
2018-06-12 18:00:00,5.300,96.000,10.400,93.000,16.400
2018-06-12 19:00:00,5.300,30.000,0.000,30.000,15.700
2018-06-12 20:00:00,4.950,5.000,0.000,5.000,15.000
2018-06-12 21:00:00,5.030,0.000,0.000,0.000,14.400
2018-06-12 22:00:00,5.380,0.000,0.000,0.000,14.300
2018-06-12 23:00:00,5.220,0.000,0.000,0.000,14.000
2018-06-13 00:00:00,4.800,0.000,0.000,0.000,13.600
2018-06-13 01:00:00,5.010,0.000,0.000,0.000,13.300
2018-06-13 02:00:00,5.500,0.000,0.000,0.000,12.700
2018-06-13 03:00:00,6.130,0.000,0.000,0.000,12.400
2018-06-13 04:00:00,6.440,12.000,41.500,9.000,12.500
2018-06-13 05:00:00,6.670,69.000,119.900,46.000,12.700
2018-06-13 06:00:00,6.880,113.000,89.000,83.000,12.900
2018-06-13 07:00:00,6.390,105.000,4.200,103.000,13.600
2018-06-13 08:00:00,5.770,174.000,13.100,166.000,14.400
2018-06-13 09:00:00,6.900,181.000,15.200,170.000,14.600
2018-06-13 10:00:00,6.460,311.000,59.400,263.000,15.100
2018-06-13 11:00:00,6.990,314.000,43.200,277.000,15.400
2018-06-13 12:00:00,7.380,315.000,54.000,268.000,15.900
2018-06-13 13:00:00,7.070,322.000,66.300,266.000,16.200
2018-06-13 14:00:00,6.880,343.000,111.100,256.000,16.700
2018-06-13 15:00:00,6.640,261.000,43.500,231.000,16.700
2018-06-13 16:00:00,6.480,197.000,56.100,165.000,16.700
2018-06-13 17:00:00,6.140,171.000,59.900,145.000,16.700
2018-06-13 18:00:00,5.600,89.000,34.600,79.000,16.200
2018-06-13 19:00:00,5.460,36.000,20.600,33.000,15.600
2018-06-13 20:00:00,5.380,6.000,19.100,5.000,14.800
2018-06-13 21:00:00,5.060,0.000,0.000,0.000,13.700
2018-06-13 22:00:00,4.950,0.000,0.000,0.000,12.500
2018-06-13 23:00:00,3.960,0.000,0.000,0.000,11.500
2018-06-14 00:00:00,2.640,0.000,0.000,0.000,10.600
2018-06-14 01:00:00,3.010,0.000,0.000,0.000,10.100
2018-06-14 02:00:00,3.270,0.000,0.000,0.000,9.800
2018-06-14 03:00:00,3.690,0.000,0.000,0.000,9.500
2018-06-14 04:00:00,4.020,20.000,69.100,15.000,10.200
2018-06-14 05:00:00,4.210,74.000,88.500,57.000,11.800
2018-06-14 06:00:00,3.760,135.000,124.600,93.000,13.600
2018-06-14 07:00:00,4.160,183.000,52.000,158.000,15.500
2018-06-14 08:00:00,4.700,240.000,62.000,202.000,16.600
2018-06-14 09:00:00,4.210,362.000,102.200,288.000,17.500
2018-06-14 10:00:00,3.400,548.000,255.000,342.000,18.800
2018-06-14 11:00:00,3.920,537.000,276.300,300.000,19.400
2018-06-14 12:00:00,4.300,700.000,466.400,294.000,20.700
2018-06-14 13:00:00,4.750,776.000,662.400,216.000,21.600
2018-06-14 14:00:00,5.300,738.000,739.700,158.000,22.500
2018-06-14 15:00:00,5.450,625.000,706.600,137.000,22.900
2018-06-14 16:00:00,5.780,394.000,374.400,180.000,22.500
2018-06-14 17:00:00,5.770,268.000,227.700,169.000,22.100
2018-06-14 18:00:00,5.950,130.000,120.700,95.000,19.700
2018-06-14 19:00:00,5.360,29.000,27.300,25.000,17.000
2018-06-14 20:00:00,4.600,2.000,0.000,2.000,15.400
2018-06-14 21:00:00,4.780,0.000,0.000,0.000,14.900
2018-06-14 22:00:00,4.880,0.000,0.000,0.000,15.100
2018-06-14 23:00:00,4.960,0.000,0.000,0.000,15.200
2018-06-15 00:00:00,5.060,0.000,0.000,0.000,15.200
2018-06-15 01:00:00,4.640,0.000,0.000,0.000,15.300
2018-06-15 02:00:00,3.710,0.000,0.000,0.000,15.200
2018-06-15 03:00:00,3.010,0.000,0.000,0.000,15.000
2018-06-15 04:00:00,2.500,7.000,0.000,7.000,14.900
2018-06-15 05:00:00,2.300,29.000,20.800,25.000,14.900
2018-06-15 06:00:00,1.970,97.000,124.600,55.000,15.500
2018-06-15 07:00:00,1.240,284.000,280.900,149.000,16.200
2018-06-15 08:00:00,0.910,431.000,404.800,183.000,17.400
2018-06-15 09:00:00,1.100,531.000,432.200,218.000,18.500
2018-06-15 10:00:00,1.330,507.000,331.700,239.000,19.500
2018-06-15 11:00:00,1.460,546.000,410.300,194.000,20.500
2018-06-15 12:00:00,1.500,610.000,422.500,242.000,21.600
2018-06-15 13:00:00,1.800,542.000,358.200,239.000,22.100
2018-06-15 14:00:00,1.840,452.000,260.000,248.000,22.600
2018-06-15 15:00:00,2.010,335.000,138.800,239.000,22.700
2018-06-15 16:00:00,1.750,201.000,24.500,187.000,22.600
2018-06-15 17:00:00,1.220,126.000,41.300,108.000,22.300
2018-06-15 18:00:00,0.580,106.000,103.100,76.000,21.900
2018-06-15 19:00:00,0.580,57.000,121.900,39.000,20.800
2018-06-15 20:00:00,1.350,7.000,19.100,6.000,19.100
2018-06-15 21:00:00,2.550,0.000,0.000,0.000,17.900
2018-06-15 22:00:00,4.950,0.000,0.000,0.000,17.100
2018-06-15 23:00:00,5.100,0.000,0.000,0.000,16.600
2018-06-16 00:00:00,4.700,0.000,0.000,0.000,16.100
2018-06-16 01:00:00,4.400,0.000,0.000,0.000,15.900
2018-06-16 02:00:00,4.460,0.000,0.000,0.000,15.600
2018-06-16 03:00:00,4.470,0.000,0.000,0.000,15.700
2018-06-16 04:00:00,4.370,16.000,41.400,13.000,15.800
2018-06-16 05:00:00,4.150,62.000,62.400,50.000,16.900
2018-06-16 06:00:00,4.200,143.000,157.200,90.000,18.300
2018-06-16 07:00:00,3.550,196.000,108.200,144.000,19.900
2018-06-16 08:00:00,3.710,278.000,98.000,218.000,21.700
2018-06-16 09:00:00,3.800,371.000,156.000,258.000,22.900
2018-06-16 10:00:00,4.370,399.000,153.500,275.000,23.300
2018-06-16 11:00:00,4.400,545.000,266.800,316.000,24.200
2018-06-16 12:00:00,4.570,418.000,169.900,270.000,24.500
2018-06-16 13:00:00,4.940,368.000,172.500,222.000,24.600
2018-06-16 14:00:00,5.100,374.000,193.500,222.000,24.900
2018-06-16 15:00:00,4.810,267.000,102.600,196.000,24.900
2018-06-16 16:00:00,4.610,241.000,109.900,178.000,24.400
2018-06-16 17:00:00,4.050,222.000,187.800,140.000,24.200
2018-06-16 18:00:00,3.140,129.000,202.100,70.000,23.600
2018-06-16 19:00:00,2.620,71.000,235.600,36.000,22.200
2018-06-16 20:00:00,2.950,8.000,38.200,6.000,19.300
2018-06-16 21:00:00,3.760,0.000,0.000,0.000,18.300
2018-06-16 22:00:00,3.180,0.000,0.000,0.000,17.700
2018-06-16 23:00:00,4.420,0.000,0.000,0.000,17.800
2018-06-17 00:00:00,4.750,0.000,0.000,0.000,17.100
2018-06-17 01:00:00,4.770,0.000,0.000,0.000,16.500
2018-06-17 02:00:00,5.040,0.000,0.000,0.000,16.000
2018-06-17 03:00:00,5.640,0.000,0.000,0.000,15.600
2018-06-17 04:00:00,4.900,16.000,55.200,12.000,15.300
2018-06-17 05:00:00,4.340,78.000,140.500,51.000,15.800
2018-06-17 06:00:00,4.150,187.000,267.000,97.000,16.800
2018-06-17 07:00:00,6.410,346.000,487.100,112.000,18.000
2018-06-17 08:00:00,6.890,461.000,512.700,147.000,19.000
2018-06-17 09:00:00,6.930,467.000,382.500,190.000,19.900
2018-06-17 10:00:00,6.890,609.000,469.000,230.000,20.600
2018-06-17 11:00:00,7.600,736.000,581.400,237.000,21.400
2018-06-17 12:00:00,7.810,638.000,413.100,278.000,21.600
2018-06-17 13:00:00,7.960,584.000,324.700,309.000,21.900
2018-06-17 14:00:00,7.940,523.000,251.900,325.000,21.800
2018-06-17 15:00:00,7.640,397.000,119.800,314.000,21.300
2018-06-17 16:00:00,6.410,308.000,108.000,246.000,20.800
2018-06-17 17:00:00,5.380,204.000,86.800,166.000,20.300
2018-06-17 18:00:00,4.750,125.000,88.800,99.000,19.800
2018-06-17 19:00:00,4.080,58.000,66.900,48.000,19.100
2018-06-17 20:00:00,3.790,7.000,19.100,6.000,17.600
2018-06-17 21:00:00,3.810,0.000,0.000,0.000,16.700
2018-06-17 22:00:00,5.510,0.000,0.000,0.000,15.700
2018-06-17 23:00:00,5.420,0.000,0.000,0.000,15.300
2018-06-18 00:00:00,5.100,0.000,0.000,0.000,15.000
2018-06-18 01:00:00,4.810,0.000,0.000,0.000,14.900
2018-06-18 02:00:00,4.430,0.000,0.000,0.000,14.400
2018-06-18 03:00:00,4.440,0.000,0.000,0.000,14.300
2018-06-18 04:00:00,4.250,18.000,55.300,14.000,14.200
2018-06-18 05:00:00,4.060,101.000,213.500,60.000,14.900
2018-06-18 06:00:00,4.270,154.000,151.400,103.000,15.900
2018-06-18 07:00:00,5.120,231.000,166.600,151.000,17.000
2018-06-18 08:00:00,5.870,240.000,109.400,173.000,17.600
2018-06-18 09:00:00,5.950,204.000,18.000,191.000,17.900
2018-06-18 10:00:00,5.590,92.000,1.200,91.000,18.200
2018-06-18 11:00:00,6.560,125.000,2.300,123.000,18.700
2018-06-18 12:00:00,6.440,164.000,8.000,157.000,19.600
2018-06-18 13:00:00,6.550,211.000,16.500,197.000,20.700
2018-06-18 14:00:00,6.240,183.000,6.400,178.000,21.200
2018-06-18 15:00:00,5.720,175.000,8.700,169.000,21.400
2018-06-18 16:00:00,5.690,139.000,26.100,124.000,21.300
2018-06-18 17:00:00,5.990,80.000,2.300,79.000,20.800
2018-06-18 18:00:00,6.570,38.000,3.400,37.000,20.300
2018-06-18 19:00:00,6.400,19.000,0.000,19.000,19.900
2018-06-18 20:00:00,6.330,3.000,0.000,3.000,19.200
2018-06-18 21:00:00,5.790,0.000,0.000,0.000,18.200
2018-06-18 22:00:00,5.920,0.000,0.000,0.000,17.300
2018-06-18 23:00:00,5.900,0.000,0.000,0.000,16.900
2018-06-19 00:00:00,6.170,0.000,0.000,0.000,16.600
2018-06-19 01:00:00,6.330,0.000,0.000,0.000,16.200
2018-06-19 02:00:00,6.480,0.000,0.000,0.000,15.800
2018-06-19 03:00:00,6.450,0.000,0.000,0.000,15.300
2018-06-19 04:00:00,6.530,21.000,97.000,14.000,15.600
2018-06-19 05:00:00,6.620,55.000,73.000,41.000,16.300
2018-06-19 06:00:00,6.410,95.000,35.700,83.000,17.100
2018-06-19 07:00:00,6.840,154.000,14.600,147.000,17.800
2018-06-19 08:00:00,6.860,186.000,22.900,172.000,18.200
2018-06-19 09:00:00,7.610,169.000,0.000,169.000,18.700
2018-06-19 10:00:00,6.220,87.000,0.000,87.000,18.900
2018-06-19 11:00:00,6.260,140.000,2.300,138.000,19.500
2018-06-19 12:00:00,7.080,116.000,2.300,114.000,19.700
2018-06-19 13:00:00,7.050,154.000,1.200,153.000,20.100
2018-06-19 14:00:00,6.830,140.000,1.300,139.000,20.500
2018-06-19 15:00:00,7.010,101.000,13.000,92.000,20.300
2018-06-19 16:00:00,6.260,156.000,19.100,145.000,20.600
2018-06-19 17:00:00,5.770,106.000,0.000,106.000,20.700
2018-06-19 18:00:00,5.160,83.000,54.400,67.000,20.400
2018-06-19 19:00:00,4.870,67.000,152.400,44.000,19.900
2018-06-19 20:00:00,4.670,8.000,18.800,7.000,19.100
2018-06-19 21:00:00,4.530,0.000,0.000,0.000,18.300
2018-06-19 22:00:00,3.800,0.000,0.000,0.000,17.500
2018-06-19 23:00:00,3.080,0.000,0.000,0.000,17.100
2018-06-20 00:00:00,2.460,0.000,0.000,0.000,17.300
2018-06-20 01:00:00,1.300,0.000,0.000,0.000,16.900
2018-06-20 02:00:00,0.860,0.000,0.000,0.000,17.100
2018-06-20 03:00:00,2.380,0.000,0.000,0.000,16.700
2018-06-20 04:00:00,3.830,10.000,13.900,9.000,16.600
2018-06-20 05:00:00,4.270,54.000,67.900,41.000,17.700
2018-06-20 06:00:00,3.700,93.000,41.700,79.000,19.100
2018-06-20 07:00:00,4.210,308.000,408.800,112.000,20.300
2018-06-20 08:00:00,5.260,388.000,363.000,166.000,20.900
2018-06-20 09:00:00,5.600,329.000,128.500,236.000,21.400
2018-06-20 10:00:00,4.810,305.000,53.200,262.000,22.000
2018-06-20 11:00:00,5.240,384.000,99.000,299.000,23.200
2018-06-20 12:00:00,5.610,458.000,180.000,301.000,24.300
2018-06-20 13:00:00,6.050,402.000,126.200,295.000,25.100
2018-06-20 14:00:00,6.260,452.000,257.900,249.000,26.000
2018-06-20 15:00:00,6.310,380.000,240.500,213.000,26.300
2018-06-20 16:00:00,6.260,361.000,298.600,189.000,26.700
2018-06-20 17:00:00,5.820,298.000,407.100,119.000,26.900
2018-06-20 18:00:00,4.740,186.000,311.900,94.000,26.000
2018-06-20 19:00:00,4.320,73.000,184.700,45.000,24.700
2018-06-20 20:00:00,4.590,11.000,56.200,8.000,22.300
2018-06-20 21:00:00,5.320,0.000,0.000,0.000,20.700
2018-06-20 22:00:00,5.650,0.000,0.000,0.000,18.600
2018-06-20 23:00:00,5.640,0.000,0.000,0.000,17.600
2018-06-21 00:00:00,5.320,0.000,0.000,0.000,16.800
2018-06-21 01:00:00,5.100,0.000,0.000,0.000,16.200
2018-06-21 02:00:00,5.690,0.000,0.000,0.000,15.400
2018-06-21 03:00:00,6.140,0.000,0.000,0.000,15.300
2018-06-21 04:00:00,6.580,24.000,111.400,16.000,15.700
2018-06-21 05:00:00,6.440,107.000,251.500,59.000,17.400
2018-06-21 06:00:00,5.910,199.000,318.800,92.000,18.600
2018-06-21 07:00:00,9.680,227.000,219.200,122.000,18.700
2018-06-21 08:00:00,10.480,157.000,65.400,117.000,17.700
2018-06-21 09:00:00,7.720,110.000,16.600,98.000,15.000
2018-06-21 10:00:00,5.230,135.000,2.500,133.000,13.900
2018-06-21 11:00:00,8.740,357.000,160.800,219.000,14.800
2018-06-21 12:00:00,12.590,350.000,243.100,138.000,14.900
2018-06-21 13:00:00,11.850,532.000,430.500,167.000,15.800
2018-06-21 14:00:00,12.110,692.000,657.800,174.000,16.600
2018-06-21 15:00:00,12.080,603.000,663.400,142.000,16.100
2018-06-21 16:00:00,11.850,339.000,333.100,147.000,14.800
2018-06-21 17:00:00,10.480,278.000,381.600,110.000,14.400
2018-06-21 18:00:00,9.750,174.000,341.800,73.000,14.000
2018-06-21 19:00:00,9.300,78.000,236.600,42.000,12.900
2018-06-21 20:00:00,9.210,9.000,37.300,7.000,11.700
2018-06-21 21:00:00,9.000,0.000,0.000,0.000,10.900
2018-06-21 22:00:00,9.300,0.000,0.000,0.000,10.500
2018-06-21 23:00:00,10.600,0.000,0.000,0.000,10.200
2018-06-22 00:00:00,9.620,0.000,0.000,0.000,10.200
2018-06-22 01:00:00,9.950,0.000,0.000,0.000,10.000
2018-06-22 02:00:00,10.070,0.000,0.000,0.000,10.000
2018-06-22 03:00:00,10.520,0.000,0.000,0.000,10.100
2018-06-22 04:00:00,9.530,9.000,0.000,9.000,10.000
2018-06-22 05:00:00,9.630,41.000,21.000,37.000,9.600
2018-06-22 06:00:00,9.600,61.000,0.000,61.000,9.600
2018-06-22 07:00:00,9.150,132.000,16.700,124.000,10.200
2018-06-22 08:00:00,9.250,194.000,45.900,166.000,11.400
2018-06-22 09:00:00,8.250,471.000,368.000,205.000,13.000
2018-06-22 10:00:00,6.370,572.000,472.000,191.000,14.300
2018-06-22 11:00:00,7.380,669.000,482.500,255.000,15.400
2018-06-22 12:00:00,8.420,642.000,411.700,283.000,16.000
2018-06-22 13:00:00,8.680,608.000,430.400,243.000,16.300
2018-06-22 14:00:00,9.660,575.000,486.200,192.000,16.500
2018-06-22 15:00:00,10.360,504.000,447.300,193.000,16.900
2018-06-22 16:00:00,10.440,413.000,513.100,117.000,16.600
2018-06-22 17:00:00,10.210,295.000,453.800,95.000,16.100
2018-06-22 18:00:00,10.650,184.000,344.600,82.000,15.400
2018-06-22 19:00:00,9.780,66.000,163.900,41.000,14.300
2018-06-22 20:00:00,9.260,8.000,37.100,6.000,13.500
2018-06-22 21:00:00,9.270,0.000,0.000,0.000,12.900
2018-06-22 22:00:00,9.200,0.000,0.000,0.000,12.400
2018-06-22 23:00:00,9.420,0.000,0.000,0.000,12.000
2018-06-23 00:00:00,9.300,0.000,0.000,0.000,11.500
2018-06-23 01:00:00,8.540,0.000,0.000,0.000,11.000
2018-06-23 02:00:00,8.490,0.000,0.000,0.000,10.900
2018-06-23 03:00:00,8.130,0.000,0.000,0.000,10.900
2018-06-23 04:00:00,8.040,7.000,0.000,7.000,11.000
2018-06-23 05:00:00,8.710,17.000,0.000,17.000,10.800
2018-06-23 06:00:00,9.130,36.000,9.000,33.000,11.200
2018-06-23 07:00:00,8.390,31.000,0.000,31.000,11.800
2018-06-23 08:00:00,8.760,85.000,3.300,83.000,12.700
2018-06-23 09:00:00,9.440,207.000,52.600,169.000,13.800
2018-06-23 10:00:00,7.930,364.000,109.100,276.000,15.000
2018-06-23 11:00:00,8.140,334.000,45.500,295.000,15.400
2018-06-23 12:00:00,9.360,313.000,55.000,265.000,15.300
2018-06-23 13:00:00,10.070,339.000,75.500,275.000,15.500
2018-06-23 14:00:00,9.990,223.000,34.300,196.000,15.300
2018-06-23 15:00:00,9.600,146.000,7.200,141.000,15.100
2018-06-23 16:00:00,9.000,138.000,12.100,131.000,14.800
2018-06-23 17:00:00,9.660,69.000,0.000,69.000,14.400
2018-06-23 18:00:00,8.600,40.000,3.400,39.000,14.000
2018-06-23 19:00:00,7.990,15.000,0.000,15.000,13.600
2018-06-23 20:00:00,7.220,3.000,0.000,3.000,13.400
2018-06-23 21:00:00,7.020,0.000,0.000,0.000,13.000
2018-06-23 22:00:00,6.750,0.000,0.000,0.000,12.800
2018-06-23 23:00:00,6.400,0.000,0.000,0.000,12.500
2018-06-24 00:00:00,6.500,0.000,0.000,0.000,11.800
2018-06-24 01:00:00,6.040,0.000,0.000,0.000,11.100
2018-06-24 02:00:00,6.380,0.000,0.000,0.000,10.700
2018-06-24 03:00:00,6.450,0.000,0.000,0.000,10.500
2018-06-24 04:00:00,6.150,10.000,14.100,9.000,10.700
2018-06-24 05:00:00,6.460,21.000,0.000,21.000,11.200
2018-06-24 06:00:00,7.020,27.000,0.000,27.000,11.600
2018-06-24 07:00:00,6.720,81.000,6.300,78.000,12.100
2018-06-24 08:00:00,6.240,91.000,9.800,85.000,12.600
2018-06-24 09:00:00,6.840,122.000,1.400,121.000,13.400
2018-06-24 10:00:00,5.430,118.000,0.000,118.000,13.500
2018-06-24 11:00:00,6.310,117.000,0.000,117.000,13.600
2018-06-24 12:00:00,6.710,79.000,1.100,78.000,13.700
2018-06-24 13:00:00,7.090,109.000,2.400,107.000,14.000
2018-06-24 14:00:00,8.390,101.000,0.000,101.000,14.200
2018-06-24 15:00:00,8.300,93.000,1.400,92.000,14.100
2018-06-24 16:00:00,6.500,72.000,1.700,71.000,14.200
2018-06-24 17:00:00,5.890,72.000,0.000,72.000,14.200
2018-06-24 18:00:00,5.690,42.000,0.000,42.000,14.100
2018-06-24 19:00:00,5.590,13.000,0.000,13.000,13.900
2018-06-24 20:00:00,5.660,3.000,0.000,3.000,13.700
2018-06-24 21:00:00,5.850,0.000,0.000,0.000,13.400
2018-06-24 22:00:00,5.870,0.000,0.000,0.000,12.900
2018-06-24 23:00:00,5.190,0.000,0.000,0.000,12.600
2018-06-25 00:00:00,4.780,0.000,0.000,0.000,12.400
2018-06-25 01:00:00,4.910,0.000,0.000,0.000,12.100
2018-06-25 02:00:00,4.250,0.000,0.000,0.000,11.800
2018-06-25 03:00:00,4.020,0.000,0.000,0.000,11.600
2018-06-25 04:00:00,4.870,17.000,85.100,11.000,11.800
2018-06-25 05:00:00,5.370,97.000,271.200,46.000,12.800
2018-06-25 06:00:00,4.530,173.000,255.400,88.000,13.900
2018-06-25 07:00:00,4.650,175.000,56.700,148.000,14.700
2018-06-25 08:00:00,5.420,246.000,92.000,190.000,15.500
2018-06-25 09:00:00,5.880,329.000,104.000,254.000,16.300
2018-06-25 10:00:00,6.260,360.000,73.200,301.000,16.900
2018-06-25 11:00:00,6.580,288.000,38.500,255.000,16.600
2018-06-25 12:00:00,6.260,382.000,67.700,323.000,17.200
2018-06-25 13:00:00,5.950,379.000,74.300,316.000,17.600
2018-06-25 14:00:00,5.720,414.000,166.200,283.000,18.600
2018-06-25 15:00:00,5.910,370.000,235.700,206.000,19.000
2018-06-25 16:00:00,6.190,327.000,193.900,215.000,19.200
2018-06-25 17:00:00,6.440,240.000,201.500,151.000,18.700
2018-06-25 18:00:00,6.300,115.000,80.800,91.000,17.600
2018-06-25 19:00:00,5.880,40.000,26.100,36.000,16.700
2018-06-25 20:00:00,5.620,5.000,0.000,5.000,15.700
2018-06-25 21:00:00,5.140,0.000,0.000,0.000,15.200
2018-06-25 22:00:00,5.240,0.000,0.000,0.000,14.200
2018-06-25 23:00:00,4.750,0.000,0.000,0.000,13.900
2018-06-26 00:00:00,4.240,0.000,0.000,0.000,13.700
2018-06-26 01:00:00,4.030,0.000,0.000,0.000,13.400
2018-06-26 02:00:00,3.920,0.000,0.000,0.000,13.300
2018-06-26 03:00:00,3.860,0.000,0.000,0.000,13.200
2018-06-26 04:00:00,3.660,7.000,0.000,7.000,13.100
2018-06-26 05:00:00,3.300,32.000,0.000,32.000,12.900
2018-06-26 06:00:00,2.480,82.000,15.100,77.000,13.000
2018-06-26 07:00:00,1.980,123.000,14.700,116.000,13.100
2018-06-26 08:00:00,1.910,190.000,4.900,187.000,13.400
2018-06-26 09:00:00,1.780,364.000,108.300,286.000,14.400
2018-06-26 10:00:00,1.640,431.000,149.000,311.000,15.500
2018-06-26 11:00:00,1.360,581.000,262.600,356.000,16.800
2018-06-26 12:00:00,1.420,763.000,568.100,268.000,18.300
2018-06-26 13:00:00,1.560,790.000,701.700,195.000,19.600
2018-06-26 14:00:00,1.200,759.000,807.000,123.000,20.800
2018-06-26 15:00:00,1.170,650.000,764.400,118.000,21.500
2018-06-26 16:00:00,2.130,514.000,707.800,105.000,21.800
2018-06-26 17:00:00,3.380,360.000,606.700,92.000,21.900
2018-06-26 18:00:00,4.700,205.000,437.700,75.000,21.400
2018-06-26 19:00:00,6.020,83.000,273.900,41.000,20.200
2018-06-26 20:00:00,6.520,11.000,55.300,8.000,18.500
2018-06-26 21:00:00,6.520,0.000,0.000,0.000,17.500
2018-06-26 22:00:00,5.730,0.000,0.000,0.000,15.500
2018-06-26 23:00:00,4.880,0.000,0.000,0.000,14.600
2018-06-27 00:00:00,4.730,0.000,0.000,0.000,13.900
2018-06-27 01:00:00,4.710,0.000,0.000,0.000,13.400
2018-06-27 02:00:00,4.810,0.000,0.000,0.000,12.800
2018-06-27 03:00:00,4.780,0.000,0.000,0.000,12.600
2018-06-27 04:00:00,4.520,23.000,115.000,15.000,12.400
2018-06-27 05:00:00,3.940,117.000,360.000,50.000,13.700
2018-06-27 06:00:00,3.260,256.000,544.000,76.000,15.400
2018-06-27 07:00:00,2.830,336.000,406.800,143.000,17.100
2018-06-27 08:00:00,3.200,503.000,616.000,129.000,19.100
2018-06-27 09:00:00,4.300,655.000,737.700,124.000,20.700
2018-06-27 10:00:00,4.880,774.000,802.600,128.000,22.400
2018-06-27 11:00:00,5.650,812.000,753.100,167.000,23.500
2018-06-27 12:00:00,5.630,774.000,645.200,212.000,24.300
2018-06-27 13:00:00,5.580,696.000,526.100,250.000,24.800
2018-06-27 14:00:00,5.750,627.000,484.800,245.000,25.300
2018-06-27 15:00:00,5.490,425.000,261.500,243.000,24.900
2018-06-27 16:00:00,5.480,277.000,205.900,158.000,24.700
2018-06-27 17:00:00,5.580,180.000,95.100,138.000,24.300
2018-06-27 18:00:00,4.620,158.000,218.900,93.000,23.700
2018-06-27 19:00:00,4.480,63.000,123.900,44.000,22.700
2018-06-27 20:00:00,5.190,10.000,36.900,8.000,19.700
2018-06-27 21:00:00,5.680,0.000,0.000,0.000,18.400
2018-06-27 22:00:00,6.300,0.000,0.000,0.000,17.800
2018-06-27 23:00:00,6.960,0.000,0.000,0.000,16.700
2018-06-28 00:00:00,6.410,0.000,0.000,0.000,15.800
2018-06-28 01:00:00,5.710,0.000,0.000,0.000,14.800
2018-06-28 02:00:00,4.880,0.000,0.000,0.000,13.800
2018-06-28 03:00:00,4.680,0.000,0.000,0.000,13.300
2018-06-28 04:00:00,4.830,23.000,115.800,15.000,13.300
2018-06-28 05:00:00,4.470,113.000,313.500,55.000,15.200
2018-06-28 06:00:00,3.400,231.000,442.700,85.000,17.300
2018-06-28 07:00:00,3.320,393.000,612.500,103.000,19.700
2018-06-28 08:00:00,3.610,530.000,668.000,125.000,22.000
2018-06-28 09:00:00,4.630,658.000,717.600,142.000,23.800
2018-06-28 10:00:00,4.640,751.000,738.600,157.000,25.200
2018-06-28 11:00:00,4.740,813.000,738.400,181.000,26.100
2018-06-28 12:00:00,5.020,828.000,753.400,172.000,26.900
2018-06-28 13:00:00,5.690,780.000,731.600,160.000,27.600
2018-06-28 14:00:00,5.990,417.000,228.500,237.000,27.100
2018-06-28 15:00:00,6.180,277.000,115.000,197.000,27.100
2018-06-28 16:00:00,6.470,238.000,91.700,185.000,27.100
2018-06-28 17:00:00,6.490,276.000,378.000,109.000,26.900
2018-06-28 18:00:00,6.230,168.000,336.800,68.000,26.100
2018-06-28 19:00:00,6.710,90.000,313.400,42.000,24.500
2018-06-28 20:00:00,6.980,11.000,55.500,8.000,22.500
2018-06-28 21:00:00,6.800,0.000,0.000,0.000,20.700
2018-06-28 22:00:00,6.710,0.000,0.000,0.000,18.600
2018-06-28 23:00:00,5.880,0.000,0.000,0.000,17.100
2018-06-29 00:00:00,5.280,0.000,0.000,0.000,15.700
2018-06-29 01:00:00,5.200,0.000,0.000,0.000,14.600
2018-06-29 02:00:00,4.740,0.000,0.000,0.000,13.900
2018-06-29 03:00:00,3.980,0.000,0.000,0.000,13.100
2018-06-29 04:00:00,3.810,23.000,131.300,14.000,13.600
2018-06-29 05:00:00,4.220,117.000,369.800,49.000,15.900
2018-06-29 06:00:00,3.270,253.000,544.600,74.000,18.600
2018-06-29 07:00:00,2.910,402.000,654.000,93.000,21.000
2018-06-29 08:00:00,2.830,551.000,731.900,108.000,23.300
2018-06-29 09:00:00,3.580,680.000,783.900,117.000,24.800
2018-06-29 10:00:00,3.860,780.000,815.100,125.000,26.000
2018-06-29 11:00:00,4.530,839.000,831.200,128.000,26.900
2018-06-29 12:00:00,4.750,852.000,823.900,135.000,27.600
2018-06-29 13:00:00,5.190,823.000,810.900,136.000,28.000
2018-06-29 14:00:00,5.440,736.000,723.700,166.000,28.200
2018-06-29 15:00:00,5.430,566.000,553.400,181.000,28.200
2018-06-29 16:00:00,5.320,419.000,472.500,146.000,27.800
2018-06-29 17:00:00,5.980,292.000,389.500,120.000,27.100
2018-06-29 18:00:00,6.460,171.000,293.200,84.000,25.700
2018-06-29 19:00:00,6.720,86.000,294.300,41.000,24.200
2018-06-29 20:00:00,6.930,11.000,55.600,8.000,22.200
2018-06-29 21:00:00,7.250,0.000,0.000,0.000,20.700
2018-06-29 22:00:00,7.390,0.000,0.000,0.000,18.800
2018-06-29 23:00:00,7.180,0.000,0.000,0.000,17.200
2018-06-30 00:00:00,6.730,0.000,0.000,0.000,16.100
2018-06-30 01:00:00,6.560,0.000,0.000,0.000,14.700
2018-06-30 02:00:00,6.750,0.000,0.000,0.000,13.600
2018-06-30 03:00:00,6.950,0.000,0.000,0.000,12.500
2018-06-30 04:00:00,7.030,24.000,147.200,14.000,12.600
2018-06-30 05:00:00,6.410,122.000,399.600,49.000,14.300
2018-06-30 06:00:00,5.910,261.000,561.800,77.000,16.100
2018-06-30 07:00:00,5.740,418.000,689.500,93.000,18.100
2018-06-30 08:00:00,5.900,569.000,766.200,106.000,19.800
2018-06-30 09:00:00,6.020,695.000,798.800,122.000,21.000
2018-06-30 10:00:00,5.680,801.000,844.500,123.000,22.000
2018-06-30 11:00:00,5.450,859.000,856.300,127.000,22.600
2018-06-30 12:00:00,5.510,870.000,837.000,142.000,23.500
2018-06-30 13:00:00,5.500,859.000,871.500,121.000,24.000
2018-06-30 14:00:00,5.410,782.000,844.600,117.000,24.300
2018-06-30 15:00:00,5.320,673.000,809.500,110.000,24.500
2018-06-30 16:00:00,5.200,533.000,737.700,107.000,24.300
2018-06-30 17:00:00,5.200,377.000,645.700,92.000,23.800
2018-06-30 18:00:00,5.200,224.000,512.800,72.000,23.000
2018-06-30 19:00:00,5.500,92.000,321.300,43.000,21.700
2018-06-30 20:00:00,6.700,12.000,74.400,8.000,19.400
2018-06-30 21:00:00,7.210,0.000,0.000,0.000,17.900
2018-06-30 22:00:00,6.810,0.000,0.000,0.000,16.300
2018-06-30 23:00:00,6.510,0.000,0.000,0.000,15.500
2018-07-01 00:00:00,6.390,0.000,0.000,0.000,14.300
2018-07-01 01:00:00,6.680,0.000,0.000,0.000,13.300
2018-07-01 02:00:00,6.550,0.000,0.000,0.000,12.700
2018-07-01 03:00:00,6.260,0.000,0.000,0.000,11.900
2018-07-01 04:00:00,6.140,22.000,118.800,14.000,12.000
2018-07-01 05:00:00,5.690,116.000,369.400,49.000,13.900
2018-07-01 06:00:00,5.280,259.000,567.000,74.000,15.700
2018-07-01 07:00:00,5.060,413.000,680.600,93.000,17.400
2018-07-01 08:00:00,5.580,562.000,752.600,108.000,18.900
2018-07-01 09:00:00,5.850,697.000,811.000,116.000,20.000
2018-07-01 10:00:00,5.810,799.000,842.900,123.000,20.900
2018-07-01 11:00:00,6.400,859.000,850.000,133.000,22.000
2018-07-01 12:00:00,6.200,869.000,838.600,140.000,23.000
2018-07-01 13:00:00,5.800,845.000,838.900,135.000,23.600
2018-07-01 14:00:00,5.700,779.000,837.400,120.000,24.000
2018-07-01 15:00:00,5.910,669.000,796.900,115.000,24.100
2018-07-01 16:00:00,5.910,534.000,746.700,103.000,23.900
2018-07-01 17:00:00,5.800,380.000,659.800,89.000,23.300
2018-07-01 18:00:00,5.710,225.000,516.800,72.000,22.500
2018-07-01 19:00:00,5.720,94.000,348.600,41.000,21.300
2018-07-01 20:00:00,6.490,12.000,74.700,8.000,19.100
2018-07-01 21:00:00,7.280,0.000,0.000,0.000,17.500
2018-07-01 22:00:00,8.100,0.000,0.000,0.000,16.100
2018-07-01 23:00:00,7.220,0.000,0.000,0.000,15.000
2018-07-02 00:00:00,6.600,0.000,0.000,0.000,13.600
2018-07-02 01:00:00,6.100,0.000,0.000,0.000,12.400
2018-07-02 02:00:00,5.700,0.000,0.000,0.000,11.400
2018-07-02 03:00:00,5.820,0.000,0.000,0.000,10.600
2018-07-02 04:00:00,5.710,22.000,134.900,13.000,10.400
2018-07-02 05:00:00,4.700,118.000,388.900,48.000,12.700
2018-07-02 06:00:00,3.900,258.000,563.100,75.000,15.000
2018-07-02 07:00:00,3.710,414.000,684.500,93.000,17.100
2018-07-02 08:00:00,3.810,566.000,762.300,107.000,18.900
2018-07-02 09:00:00,4.000,697.000,810.700,117.000,20.500
2018-07-02 10:00:00,3.800,799.000,842.500,124.000,21.400
2018-07-02 11:00:00,3.900,862.000,861.200,127.000,22.400
2018-07-02 12:00:00,3.650,884.000,873.700,125.000,23.200
2018-07-02 13:00:00,3.350,859.000,872.500,121.000,23.900
2018-07-02 14:00:00,2.950,785.000,844.200,121.000,24.500
2018-07-02 15:00:00,2.560,672.000,804.500,113.000,24.800
2018-07-02 16:00:00,2.340,537.000,750.700,104.000,24.800
2018-07-02 17:00:00,2.000,379.000,651.300,92.000,24.700
2018-07-02 18:00:00,1.790,228.000,538.000,69.000,24.300
2018-07-02 19:00:00,1.530,94.000,343.400,42.000,23.200
2018-07-02 20:00:00,1.940,11.000,75.200,7.000,18.700
2018-07-02 21:00:00,3.040,0.000,0.000,0.000,17.400
2018-07-02 22:00:00,3.580,0.000,0.000,0.000,15.200
2018-07-02 23:00:00,3.040,0.000,0.000,0.000,13.000
2018-07-03 00:00:00,1.350,0.000,0.000,0.000,11.800
2018-07-03 01:00:00,1.200,0.000,0.000,0.000,11.800
2018-07-03 02:00:00,2.010,0.000,0.000,0.000,12.000
2018-07-03 03:00:00,2.210,0.000,0.000,0.000,10.200
2018-07-03 04:00:00,1.810,21.000,121.200,13.000,9.800
2018-07-03 05:00:00,1.410,117.000,386.400,48.000,12.800
2018-07-03 06:00:00,0.580,255.000,562.400,73.000,16.700
2018-07-03 07:00:00,1.080,409.000,677.800,92.000,19.900
2018-07-03 08:00:00,1.550,558.000,752.100,106.000,22.300
2018-07-03 09:00:00,2.010,688.000,799.200,117.000,23.700
2018-07-03 10:00:00,1.710,786.000,822.200,128.000,24.700
2018-07-03 11:00:00,2.500,846.000,836.200,133.000,25.400
2018-07-03 12:00:00,3.130,845.000,769.600,177.000,26.000
2018-07-03 13:00:00,3.300,815.000,761.800,171.000,26.600
2018-07-03 14:00:00,3.160,744.000,727.700,172.000,27.000
2018-07-03 15:00:00,3.200,643.000,711.500,149.000,27.300
2018-07-03 16:00:00,3.220,518.000,701.000,114.000,27.200
2018-07-03 17:00:00,3.280,370.000,627.100,94.000,26.900
2018-07-03 18:00:00,3.410,215.000,471.300,76.000,25.900
2018-07-03 19:00:00,4.710,92.000,338.400,41.000,23.500
2018-07-03 20:00:00,5.800,11.000,56.700,8.000,20.400
2018-07-03 21:00:00,5.850,0.000,0.000,0.000,18.500
2018-07-03 22:00:00,5.310,0.000,0.000,0.000,16.800
2018-07-03 23:00:00,4.640,0.000,0.000,0.000,15.200
2018-07-04 00:00:00,3.800,0.000,0.000,0.000,13.800
2018-07-04 01:00:00,3.220,0.000,0.000,0.000,12.500
2018-07-04 02:00:00,2.110,0.000,0.000,0.000,11.400
2018-07-04 03:00:00,2.280,0.000,0.000,0.000,10.400
2018-07-04 04:00:00,2.640,20.000,122.500,12.000,10.800
2018-07-04 05:00:00,2.240,113.000,372.700,47.000,13.400
2018-07-04 06:00:00,1.390,250.000,549.400,73.000,16.000
2018-07-04 07:00:00,0.810,401.000,664.700,91.000,18.600
2018-07-04 08:00:00,0.600,548.000,735.200,107.000,21.100
2018-07-04 09:00:00,0.540,677.000,780.800,120.000,23.300
2018-07-04 10:00:00,0.360,772.000,809.400,125.000,25.300
2018-07-04 11:00:00,1.550,835.000,822.900,134.000,27.000
2018-07-04 12:00:00,2.510,857.000,840.500,128.000,28.300
2018-07-04 13:00:00,3.300,830.000,831.100,128.000,29.100
2018-07-04 14:00:00,3.500,676.000,721.800,109.000,29.400
2018-07-04 15:00:00,3.400,647.000,752.400,125.000,30.100
2018-07-04 16:00:00,3.110,515.000,708.700,107.000,30.100
2018-07-04 17:00:00,2.750,352.000,582.500,96.000,29.800
2018-07-04 18:00:00,2.560,193.000,397.700,76.000,28.600
2018-07-04 19:00:00,3.410,71.000,186.800,43.000,26.600
2018-07-04 20:00:00,4.100,10.000,38.100,8.000,24.200
2018-07-04 21:00:00,5.000,0.000,0.000,0.000,21.900
2018-07-04 22:00:00,6.520,0.000,0.000,0.000,20.800
2018-07-04 23:00:00,5.740,0.000,0.000,0.000,19.800
2018-07-05 00:00:00,5.160,0.000,0.000,0.000,18.700
2018-07-05 01:00:00,4.850,0.000,0.000,0.000,17.900
2018-07-05 02:00:00,4.800,0.000,0.000,0.000,17.000
2018-07-05 03:00:00,4.730,0.000,0.000,0.000,16.400
2018-07-05 04:00:00,4.240,18.000,93.000,12.000,15.800
2018-07-05 05:00:00,2.700,94.000,256.500,49.000,16.400
2018-07-05 06:00:00,1.580,225.000,458.400,78.000,18.200
2018-07-05 07:00:00,1.840,363.000,589.300,89.000,19.900
2018-07-05 08:00:00,2.220,500.000,618.200,130.000,21.800
2018-07-05 09:00:00,2.610,614.000,658.500,145.000,23.500
2018-07-05 10:00:00,3.050,719.000,690.200,168.000,24.900
2018-07-05 11:00:00,4.000,818.000,803.800,134.000,25.900
2018-07-05 12:00:00,4.690,808.000,759.300,150.000,26.600
2018-07-05 13:00:00,5.410,778.000,712.100,177.000,26.900
2018-07-05 14:00:00,6.060,698.000,652.400,186.000,27.200
2018-07-05 15:00:00,6.610,615.000,640.600,171.000,27.100
2018-07-05 16:00:00,7.210,483.000,594.700,141.000,26.600
2018-07-05 17:00:00,7.020,342.000,487.800,128.000,25.400
2018-07-05 18:00:00,6.600,213.000,473.700,74.000,23.400
2018-07-05 19:00:00,6.350,86.000,308.800,40.000,21.000
2018-07-05 20:00:00,6.310,10.000,57.300,7.000,18.800
2018-07-05 21:00:00,5.940,0.000,0.000,0.000,17.400
2018-07-05 22:00:00,4.780,0.000,0.000,0.000,16.500
2018-07-05 23:00:00,4.610,0.000,0.000,0.000,15.800
2018-07-06 00:00:00,4.740,0.000,0.000,0.000,15.300
2018-07-06 01:00:00,4.520,0.000,0.000,0.000,15.200
2018-07-06 02:00:00,4.900,0.000,0.000,0.000,15.500
2018-07-06 03:00:00,4.970,0.000,0.000,0.000,15.700
2018-07-06 04:00:00,5.500,10.000,15.700,9.000,15.700
2018-07-06 05:00:00,6.310,52.000,40.300,45.000,16.100
2018-07-06 06:00:00,7.050,94.000,0.000,94.000,16.100
2018-07-06 07:00:00,7.110,132.000,19.400,123.000,16.500
2018-07-06 08:00:00,7.030,164.000,33.500,144.000,16.500
2018-07-06 09:00:00,6.950,212.000,9.800,205.000,17.100
2018-07-06 10:00:00,6.440,256.000,20.100,240.000,17.900
2018-07-06 11:00:00,6.810,327.000,68.200,269.000,19.000
2018-07-06 12:00:00,6.980,440.000,188.300,277.000,20.400
2018-07-06 13:00:00,6.710,522.000,288.200,279.000,21.600
2018-07-06 14:00:00,7.220,579.000,423.400,247.000,22.700
2018-07-06 15:00:00,7.640,612.000,654.200,159.000,23.400
2018-07-06 16:00:00,7.810,520.000,726.000,103.000,23.400
2018-07-06 17:00:00,7.930,377.000,662.200,87.000,22.500
2018-07-06 18:00:00,7.570,227.000,547.000,67.000,21.400
2018-07-06 19:00:00,7.350,94.000,358.300,41.000,19.600
2018-07-06 20:00:00,7.210,11.000,57.300,8.000,16.400
2018-07-06 21:00:00,6.930,0.000,0.000,0.000,15.600
2018-07-06 22:00:00,6.290,0.000,0.000,0.000,13.800
2018-07-06 23:00:00,6.120,0.000,0.000,0.000,12.600
2018-07-07 00:00:00,5.970,0.000,0.000,0.000,11.900
2018-07-07 01:00:00,6.090,0.000,0.000,0.000,11.400
2018-07-07 02:00:00,6.260,0.000,0.000,0.000,11.100
2018-07-07 03:00:00,6.310,0.000,0.000,0.000,11.000
2018-07-07 04:00:00,5.950,16.000,79.500,11.000,11.200
2018-07-07 05:00:00,5.160,86.000,215.200,49.000,12.700
2018-07-07 06:00:00,5.880,176.000,283.600,86.000,14.500
2018-07-07 07:00:00,5.910,296.000,272.800,170.000,16.200
2018-07-07 08:00:00,6.440,438.000,409.600,194.000,17.500
2018-07-07 09:00:00,6.750,552.000,459.400,226.000,19.100
2018-07-07 10:00:00,6.450,673.000,624.300,176.000,20.200
2018-07-07 11:00:00,6.710,772.000,736.200,147.000,21.100
2018-07-07 12:00:00,6.980,835.000,800.200,143.000,22.100
2018-07-07 13:00:00,7.020,815.000,802.500,139.000,22.800
2018-07-07 14:00:00,7.180,752.000,790.200,133.000,23.300
2018-07-07 15:00:00,7.370,650.000,776.400,113.000,23.300
2018-07-07 16:00:00,7.570,517.000,727.100,100.000,23.000
2018-07-07 17:00:00,7.420,367.000,643.000,86.000,22.200
2018-07-07 18:00:00,7.280,217.000,514.600,67.000,20.800
2018-07-07 19:00:00,7.020,87.000,320.200,40.000,19.200
2018-07-07 20:00:00,7.090,9.000,38.200,7.000,17.400
2018-07-07 21:00:00,6.810,0.000,0.000,0.000,15.800
2018-07-07 22:00:00,6.230,0.000,0.000,0.000,14.400
2018-07-07 23:00:00,5.950,0.000,0.000,0.000,13.600
2018-07-08 00:00:00,5.890,0.000,0.000,0.000,12.800
2018-07-08 01:00:00,5.810,0.000,0.000,0.000,12.100
2018-07-08 02:00:00,5.670,0.000,0.000,0.000,11.800
2018-07-08 03:00:00,5.420,0.000,0.000,0.000,11.900
2018-07-08 04:00:00,5.160,14.000,64.600,10.000,12.000
2018-07-08 05:00:00,5.660,96.000,288.200,47.000,13.000
2018-07-08 06:00:00,5.470,195.000,316.900,95.000,14.500
2018-07-08 07:00:00,5.100,298.000,360.700,132.000,15.900
2018-07-08 08:00:00,4.530,444.000,414.000,198.000,17.800
2018-07-08 09:00:00,4.320,514.000,345.900,269.000,19.700
2018-07-08 10:00:00,4.060,652.000,508.300,248.000,21.900
2018-07-08 11:00:00,4.140,637.000,436.400,267.000,23.200
2018-07-08 12:00:00,4.340,665.000,472.300,257.000,24.200
2018-07-08 13:00:00,4.460,633.000,487.200,223.000,25.200
2018-07-08 14:00:00,4.530,632.000,545.700,205.000,26.100
2018-07-08 15:00:00,4.670,555.000,563.100,166.000,26.100
2018-07-08 16:00:00,4.810,440.000,506.400,150.000,25.800
2018-07-08 17:00:00,5.370,343.000,529.700,112.000,25.100
2018-07-08 18:00:00,6.220,211.000,471.800,74.000,23.600
2018-07-08 19:00:00,6.810,85.000,316.000,39.000,21.700
2018-07-08 20:00:00,6.920,9.000,57.300,6.000,19.400
2018-07-08 21:00:00,6.560,0.000,0.000,0.000,17.400
2018-07-08 22:00:00,6.470,0.000,0.000,0.000,16.000
2018-07-08 23:00:00,5.720,0.000,0.000,0.000,14.600
2018-07-09 00:00:00,5.310,0.000,0.000,0.000,13.500
2018-07-09 01:00:00,5.230,0.000,0.000,0.000,12.500
2018-07-09 02:00:00,5.090,0.000,0.000,0.000,11.900
2018-07-09 03:00:00,5.160,0.000,0.000,0.000,11.600
2018-07-09 04:00:00,5.020,15.000,65.600,11.000,11.600
2018-07-09 05:00:00,5.300,82.000,238.000,42.000,12.700
2018-07-09 06:00:00,4.830,195.000,357.100,83.000,14.500
2018-07-09 07:00:00,4.800,174.000,63.300,145.000,15.900
2018-07-09 08:00:00,5.370,275.000,135.000,195.000,18.200
2018-07-09 09:00:00,6.090,312.000,94.800,245.000,19.100
2018-07-09 10:00:00,6.440,332.000,44.100,297.000,19.800
2018-07-09 11:00:00,7.340,285.000,24.800,264.000,20.700
2018-07-09 12:00:00,8.250,327.000,44.000,289.000,21.200
2018-07-09 13:00:00,8.460,277.000,42.800,241.000,20.900
2018-07-09 14:00:00,8.070,296.000,52.500,255.000,21.000
2018-07-09 15:00:00,8.020,262.000,60.900,220.000,20.500
2018-07-09 16:00:00,7.680,228.000,52.500,198.000,19.800
2018-07-09 17:00:00,7.720,123.000,16.100,116.000,18.700
2018-07-09 18:00:00,7.820,71.000,10.400,68.000,17.600
2018-07-09 19:00:00,7.460,36.000,20.800,33.000,16.800
2018-07-09 20:00:00,6.460,3.000,0.000,3.000,16.000
2018-07-09 21:00:00,6.000,0.000,0.000,0.000,15.200
2018-07-09 22:00:00,4.550,0.000,0.000,0.000,14.600
2018-07-09 23:00:00,5.150,0.000,0.000,0.000,14.200
2018-07-10 00:00:00,6.080,0.000,0.000,0.000,13.700
2018-07-10 01:00:00,6.020,0.000,0.000,0.000,13.200
2018-07-10 02:00:00,5.670,0.000,0.000,0.000,12.600
2018-07-10 03:00:00,5.500,0.000,0.000,0.000,11.700
2018-07-10 04:00:00,5.740,13.000,66.600,9.000,11.900
2018-07-10 05:00:00,5.570,63.000,174.700,34.000,12.500
2018-07-10 06:00:00,5.640,156.000,240.600,81.000,13.200
2018-07-10 07:00:00,5.610,183.000,162.100,109.000,14.000
2018-07-10 08:00:00,5.330,142.000,55.800,109.000,14.400
2018-07-10 09:00:00,5.190,133.000,28.400,113.000,14.300
2018-07-10 10:00:00,5.950,99.000,0.000,99.000,12.900
2018-07-10 11:00:00,5.160,147.000,0.000,147.000,13.300
2018-07-10 12:00:00,4.080,151.000,8.100,144.000,13.800
2018-07-10 13:00:00,2.940,190.000,39.300,157.000,14.300
2018-07-10 14:00:00,4.050,393.000,242.100,204.000,15.300
2018-07-10 15:00:00,5.110,376.000,315.000,159.000,15.700
2018-07-10 16:00:00,4.530,365.000,329.500,177.000,16.100
2018-07-10 17:00:00,4.090,250.000,262.800,136.000,16.400
2018-07-10 18:00:00,4.200,157.000,257.000,83.000,16.300
2018-07-10 19:00:00,4.330,53.000,84.100,41.000,15.700
2018-07-10 20:00:00,4.210,6.000,19.100,5.000,14.700
2018-07-10 21:00:00,4.080,0.000,0.000,0.000,13.700
2018-07-10 22:00:00,3.520,0.000,0.000,0.000,13.200
2018-07-10 23:00:00,4.590,0.000,0.000,0.000,12.200
2018-07-11 00:00:00,5.480,0.000,0.000,0.000,11.500
2018-07-11 01:00:00,5.520,0.000,0.000,0.000,11.500
2018-07-11 02:00:00,4.790,0.000,0.000,0.000,11.600
2018-07-11 03:00:00,4.220,0.000,0.000,0.000,11.200
2018-07-11 04:00:00,2.800,11.000,33.900,9.000,12.000
2018-07-11 05:00:00,2.900,55.000,36.600,49.000,12.900
2018-07-11 06:00:00,4.140,102.000,12.900,98.000,13.600
2018-07-11 07:00:00,6.110,27.000,0.000,27.000,14.300
2018-07-11 08:00:00,7.420,116.000,30.600,98.000,15.300
2018-07-11 09:00:00,6.000,177.000,65.400,131.000,15.700
2018-07-11 10:00:00,4.880,94.000,43.000,60.000,14.800
2018-07-11 11:00:00,3.940,117.000,16.600,103.000,15.100
2018-07-11 12:00:00,3.050,263.000,61.600,210.000,15.800
2018-07-11 13:00:00,1.980,250.000,58.400,201.000,17.000
2018-07-11 14:00:00,1.390,340.000,156.500,218.000,17.900
2018-07-11 15:00:00,0.220,424.000,357.700,178.000,18.600
2018-07-11 16:00:00,1.750,336.000,331.900,147.000,18.600
2018-07-11 17:00:00,2.500,259.000,291.300,133.000,18.500
2018-07-11 18:00:00,2.620,110.000,104.700,80.000,18.000
2018-07-11 19:00:00,3.160,40.000,28.300,36.000,17.100
2018-07-11 20:00:00,3.140,7.000,38.200,5.000,16.100
2018-07-11 21:00:00,2.820,0.000,0.000,0.000,15.300
2018-07-11 22:00:00,4.100,0.000,0.000,0.000,13.000
2018-07-11 23:00:00,3.500,0.000,0.000,0.000,13.200
2018-07-12 00:00:00,3.680,0.000,0.000,0.000,13.000
2018-07-12 01:00:00,3.220,0.000,0.000,0.000,13.300
2018-07-12 02:00:00,4.020,0.000,0.000,0.000,13.300
2018-07-12 03:00:00,5.270,0.000,0.000,0.000,13.600
2018-07-12 04:00:00,5.520,6.000,17.300,5.000,13.600
2018-07-12 05:00:00,5.750,43.000,86.600,29.000,14.600
2018-07-12 06:00:00,5.690,101.000,71.500,79.000,15.600
2018-07-12 07:00:00,5.330,142.000,55.200,117.000,17.000
2018-07-12 08:00:00,5.020,228.000,86.800,177.000,18.500
2018-07-12 09:00:00,4.390,322.000,138.100,225.000,20.400
2018-07-12 10:00:00,4.020,547.000,362.300,261.000,21.800
2018-07-12 11:00:00,4.300,596.000,359.500,293.000,22.900
2018-07-12 12:00:00,4.470,570.000,414.300,214.000,23.400
2018-07-12 13:00:00,4.390,657.000,580.500,171.000,24.700
2018-07-12 14:00:00,4.380,491.000,400.900,179.000,24.400
2018-07-12 15:00:00,4.580,393.000,356.900,148.000,24.200
2018-07-12 16:00:00,5.460,327.000,376.700,113.000,24.200
2018-07-12 17:00:00,5.340,233.000,317.700,96.000,23.100
2018-07-12 18:00:00,4.740,130.000,221.000,67.000,21.900
2018-07-12 19:00:00,4.690,41.000,93.100,28.000,21.000
2018-07-12 20:00:00,5.690,4.000,19.100,3.000,19.400
2018-07-12 21:00:00,6.110,0.000,0.000,0.000,18.600
2018-07-12 22:00:00,5.520,0.000,0.000,0.000,17.900
2018-07-12 23:00:00,5.530,0.000,0.000,0.000,16.800
2018-07-13 00:00:00,6.040,0.000,0.000,0.000,15.900
2018-07-13 01:00:00,5.820,0.000,0.000,0.000,15.200
2018-07-13 02:00:00,5.510,0.000,0.000,0.000,14.700
2018-07-13 03:00:00,4.920,0.000,0.000,0.000,14.300
2018-07-13 04:00:00,4.310,10.000,52.800,7.000,14.200
2018-07-13 05:00:00,4.050,67.000,150.600,43.000,14.400
2018-07-13 06:00:00,4.520,168.000,258.700,89.000,14.600
2018-07-13 07:00:00,5.000,173.000,102.000,127.000,15.300
2018-07-13 08:00:00,4.950,316.000,153.700,226.000,16.300
2018-07-13 09:00:00,5.240,478.000,284.100,279.000,17.300
2018-07-13 10:00:00,4.710,603.000,455.700,244.000,18.500
2018-07-13 11:00:00,5.090,756.000,675.000,188.000,19.800
2018-07-13 12:00:00,5.520,834.000,824.000,127.000,21.100
2018-07-13 13:00:00,5.770,804.000,809.800,127.000,22.100
2018-07-13 14:00:00,5.490,750.000,812.000,119.000,22.900
2018-07-13 15:00:00,5.300,572.000,664.000,117.000,23.500
2018-07-13 16:00:00,5.540,432.000,546.900,122.000,23.600
2018-07-13 17:00:00,5.730,299.000,488.600,89.000,23.200
2018-07-13 18:00:00,5.740,174.000,391.600,63.000,22.100
2018-07-13 19:00:00,5.970,79.000,297.500,38.000,20.700
2018-07-13 20:00:00,5.390,7.000,38.200,5.000,18.700
2018-07-13 21:00:00,4.920,0.000,0.000,0.000,17.000
2018-07-13 22:00:00,4.960,0.000,0.000,0.000,15.400
2018-07-13 23:00:00,4.690,0.000,0.000,0.000,14.700
2018-07-14 00:00:00,4.470,0.000,0.000,0.000,13.900
2018-07-14 01:00:00,3.760,0.000,0.000,0.000,13.100
2018-07-14 02:00:00,2.920,0.000,0.000,0.000,12.200
2018-07-14 03:00:00,2.460,0.000,0.000,0.000,11.700
2018-07-14 04:00:00,1.860,12.000,71.800,8.000,11.800
2018-07-14 05:00:00,1.780,93.000,318.500,43.000,12.900
2018-07-14 06:00:00,2.200,214.000,471.600,71.000,14.200
2018-07-14 07:00:00,2.640,241.000,196.100,153.000,15.600
2018-07-14 08:00:00,3.110,360.000,291.200,190.000,17.000
2018-07-14 09:00:00,3.260,441.000,297.600,233.000,18.400
2018-07-14 10:00:00,2.640,581.000,380.300,282.000,19.500
2018-07-14 11:00:00,3.310,492.000,177.400,343.000,20.100
2018-07-14 12:00:00,3.720,424.000,109.700,330.000,20.900
2018-07-14 13:00:00,4.000,395.000,65.900,340.000,21.200
2018-07-14 14:00:00,4.170,356.000,76.100,297.000,21.600
2018-07-14 15:00:00,4.100,446.000,239.800,282.000,22.500
2018-07-14 16:00:00,3.980,395.000,413.900,161.000,22.400
2018-07-14 17:00:00,4.050,296.000,397.000,126.000,22.300
2018-07-14 18:00:00,3.960,200.000,461.400,70.000,21.500
2018-07-14 19:00:00,4.030,74.000,257.400,39.000,19.900
2018-07-14 20:00:00,4.440,6.000,19.100,5.000,17.700
2018-07-14 21:00:00,4.810,0.000,0.000,0.000,16.300
2018-07-14 22:00:00,4.700,0.000,0.000,0.000,14.900
2018-07-14 23:00:00,3.810,0.000,0.000,0.000,13.600
2018-07-15 00:00:00,3.160,0.000,0.000,0.000,12.400
2018-07-15 01:00:00,3.160,0.000,0.000,0.000,11.200
2018-07-15 02:00:00,3.140,0.000,0.000,0.000,10.500
2018-07-15 03:00:00,3.050,0.000,0.000,0.000,9.900
2018-07-15 04:00:00,3.130,12.000,73.400,8.000,9.800
2018-07-15 05:00:00,3.440,96.000,349.400,42.000,11.600
2018-07-15 06:00:00,2.130,230.000,538.300,68.000,14.600
2018-07-15 07:00:00,1.350,376.000,640.300,90.000,17.000
2018-07-15 08:00:00,1.430,529.000,727.100,106.000,18.800
2018-07-15 09:00:00,1.920,653.000,770.400,116.000,19.900
2018-07-15 10:00:00,2.050,761.000,808.000,127.000,21.100
2018-07-15 11:00:00,2.690,790.000,735.800,173.000,22.300
2018-07-15 12:00:00,2.760,809.000,741.300,175.000,23.400
2018-07-15 13:00:00,3.050,778.000,742.800,159.000,24.400
2018-07-15 14:00:00,3.250,671.000,667.600,154.000,25.200
2018-07-15 15:00:00,3.470,528.000,526.000,169.000,25.600
2018-07-15 16:00:00,3.680,416.000,477.000,147.000,25.400
2018-07-15 17:00:00,3.550,344.000,611.800,83.000,25.100
2018-07-15 18:00:00,3.610,204.000,475.000,71.000,24.100
2018-07-15 19:00:00,4.380,71.000,253.700,37.000,22.600
2018-07-15 20:00:00,5.400,6.000,19.100,5.000,20.300
2018-07-15 21:00:00,6.190,0.000,0.000,0.000,18.400
2018-07-15 22:00:00,6.140,0.000,0.000,0.000,17.200
2018-07-15 23:00:00,5.550,0.000,0.000,0.000,16.200
2018-07-16 00:00:00,4.920,0.000,0.000,0.000,15.300
2018-07-16 01:00:00,4.370,0.000,0.000,0.000,14.200
2018-07-16 02:00:00,4.200,0.000,0.000,0.000,13.300
2018-07-16 03:00:00,4.200,0.000,0.000,0.000,12.600
2018-07-16 04:00:00,4.390,11.000,56.300,8.000,12.700
2018-07-16 05:00:00,4.410,93.000,342.000,41.000,14.700
2018-07-16 06:00:00,3.130,223.000,519.100,68.000,17.700
2018-07-16 07:00:00,2.570,377.000,652.400,87.000,20.200
2018-07-16 08:00:00,2.550,520.000,722.700,101.000,22.200
2018-07-16 09:00:00,2.310,650.000,766.700,117.000,23.700
2018-07-16 10:00:00,2.020,733.000,759.900,138.000,25.100
2018-07-16 11:00:00,1.990,737.000,716.800,137.000,25.900
2018-07-16 12:00:00,1.800,783.000,735.600,155.000,26.700
2018-07-16 13:00:00,1.920,798.000,812.600,122.000,27.600
2018-07-16 14:00:00,1.840,721.000,777.500,120.000,27.800
2018-07-16 15:00:00,1.700,618.000,725.300,124.000,28.000
2018-07-16 16:00:00,1.910,446.000,553.100,135.000,28.200
2018-07-16 17:00:00,2.060,327.000,539.000,98.000,27.900
2018-07-16 18:00:00,2.130,191.000,438.700,69.000,27.100
2018-07-16 19:00:00,2.410,77.000,303.100,37.000,25.500
2018-07-16 20:00:00,3.330,6.000,19.100,5.000,23.100
2018-07-16 21:00:00,4.460,0.000,0.000,0.000,20.300
2018-07-16 22:00:00,4.950,0.000,0.000,0.000,18.500
2018-07-16 23:00:00,4.830,0.000,0.000,0.000,17.200
2018-07-17 00:00:00,4.200,0.000,0.000,0.000,16.100
2018-07-17 01:00:00,3.230,0.000,0.000,0.000,14.800
2018-07-17 02:00:00,2.180,0.000,0.000,0.000,14.200
2018-07-17 03:00:00,1.710,0.000,0.000,0.000,14.100
2018-07-17 04:00:00,1.480,10.000,57.300,7.000,14.100
2018-07-17 05:00:00,1.430,92.000,347.800,40.000,15.900
2018-07-17 06:00:00,0.940,224.000,530.000,67.000,18.800
2018-07-17 07:00:00,0.500,369.000,624.100,93.000,21.800
2018-07-17 08:00:00,1.130,515.000,694.100,114.000,24.300
2018-07-17 09:00:00,1.770,653.000,777.400,114.000,26.500
2018-07-17 10:00:00,1.860,683.000,663.000,165.000,27.600
2018-07-17 11:00:00,2.590,749.000,736.100,134.000,28.500
2018-07-17 12:00:00,3.720,716.000,671.200,144.000,29.000
2018-07-17 13:00:00,4.360,725.000,643.100,191.000,29.500
2018-07-17 14:00:00,4.720,618.000,585.900,166.000,29.800
2018-07-17 15:00:00,4.740,567.000,641.700,131.000,30.000
2018-07-17 16:00:00,4.800,489.000,688.500,103.000,29.800
2018-07-17 17:00:00,4.880,322.000,538.900,94.000,29.500
2018-07-17 18:00:00,4.940,172.000,409.200,59.000,27.900
2018-07-17 19:00:00,5.580,69.000,285.100,32.000,26.200
2018-07-17 20:00:00,6.640,4.000,19.100,3.000,23.800
2018-07-17 21:00:00,8.350,0.000,0.000,0.000,22.500
2018-07-17 22:00:00,8.800,0.000,0.000,0.000,21.500
2018-07-17 23:00:00,7.260,0.000,0.000,0.000,19.800
2018-07-18 00:00:00,6.370,0.000,0.000,0.000,19.000
2018-07-18 01:00:00,6.620,0.000,0.000,0.000,18.300
2018-07-18 02:00:00,6.850,0.000,0.000,0.000,17.400
2018-07-18 03:00:00,6.580,0.000,0.000,0.000,16.600
2018-07-18 04:00:00,6.540,9.000,38.200,7.000,16.000
2018-07-18 05:00:00,6.240,80.000,258.600,42.000,15.900
2018-07-18 06:00:00,6.750,198.000,401.700,80.000,16.700
2018-07-18 07:00:00,6.710,308.000,445.400,112.000,17.800
2018-07-18 08:00:00,6.710,388.000,401.300,157.000,19.300
2018-07-18 09:00:00,6.930,485.000,419.400,195.000,20.600
2018-07-18 10:00:00,6.700,481.000,272.000,269.000,21.500
2018-07-18 11:00:00,6.950,540.000,333.400,262.000,22.400
2018-07-18 12:00:00,7.390,637.000,392.600,303.000,23.200
2018-07-18 13:00:00,7.140,618.000,396.900,289.000,23.400
2018-07-18 14:00:00,6.720,611.000,453.300,262.000,24.100
2018-07-18 15:00:00,6.520,637.000,755.300,125.000,24.200
2018-07-18 16:00:00,6.500,489.000,683.500,107.000,24.100
2018-07-18 17:00:00,6.600,357.000,650.500,83.000,23.600
2018-07-18 18:00:00,6.260,206.000,518.100,64.000,22.700
2018-07-18 19:00:00,6.320,75.000,313.600,35.000,21.200
2018-07-18 20:00:00,6.310,5.000,19.100,4.000,19.000
2018-07-18 21:00:00,6.130,0.000,0.000,0.000,17.400
2018-07-18 22:00:00,6.040,0.000,0.000,0.000,16.000
2018-07-18 23:00:00,5.540,0.000,0.000,0.000,14.800
2018-07-19 00:00:00,5.220,0.000,0.000,0.000,14.000
2018-07-19 01:00:00,4.970,0.000,0.000,0.000,13.000
2018-07-19 02:00:00,4.710,0.000,0.000,0.000,12.000
2018-07-19 03:00:00,4.510,0.000,0.000,0.000,11.100
2018-07-19 04:00:00,4.050,9.000,57.300,6.000,10.600
2018-07-19 05:00:00,3.490,90.000,353.500,39.000,12.900
2018-07-19 06:00:00,2.420,226.000,549.300,66.000,15.800
2018-07-19 07:00:00,2.240,373.000,651.100,88.000,18.200
2018-07-19 08:00:00,2.380,525.000,737.500,102.000,20.400
2018-07-19 09:00:00,2.940,662.000,799.100,111.000,22.000
2018-07-19 10:00:00,3.010,757.000,821.700,118.000,23.200
2018-07-19 11:00:00,3.470,774.000,735.500,162.000,24.300
2018-07-19 12:00:00,3.320,700.000,547.700,235.000,24.900
2018-07-19 13:00:00,3.580,607.000,427.900,253.000,25.600
2018-07-19 14:00:00,3.890,479.000,277.200,266.000,25.700
2018-07-19 15:00:00,4.430,456.000,374.200,203.000,25.700
2018-07-19 16:00:00,4.970,417.000,488.300,145.000,25.600
2018-07-19 17:00:00,5.290,269.000,334.000,129.000,24.900
2018-07-19 18:00:00,4.950,143.000,239.100,78.000,24.100
2018-07-19 19:00:00,4.740,61.000,231.600,32.000,22.500
2018-07-19 20:00:00,4.800,4.000,19.100,3.000,19.800
2018-07-19 21:00:00,4.970,0.000,0.000,0.000,18.400
2018-07-19 22:00:00,4.790,0.000,0.000,0.000,16.900
2018-07-19 23:00:00,3.830,0.000,0.000,0.000,16.100
2018-07-20 00:00:00,3.500,0.000,0.000,0.000,15.200
2018-07-20 01:00:00,3.420,0.000,0.000,0.000,14.900
2018-07-20 02:00:00,3.410,0.000,0.000,0.000,14.000
2018-07-20 03:00:00,3.960,0.000,0.000,0.000,13.600
2018-07-20 04:00:00,4.250,6.000,38.200,4.000,13.800
2018-07-20 05:00:00,4.300,61.000,176.600,36.000,14.800
2018-07-20 06:00:00,3.260,153.000,280.500,72.000,16.700
2018-07-20 07:00:00,2.550,322.000,537.500,88.000,19.200
2018-07-20 08:00:00,2.190,363.000,306.300,188.000,20.900
2018-07-20 09:00:00,2.150,464.000,299.600,258.000,22.100
2018-07-20 10:00:00,2.860,595.000,510.400,199.000,23.500
2018-07-20 11:00:00,2.520,642.000,534.700,198.000,24.800
2018-07-20 12:00:00,1.900,735.000,639.700,193.000,26.200
2018-07-20 13:00:00,1.330,769.000,672.300,214.000,27.300
2018-07-20 14:00:00,0.820,638.000,550.500,216.000,27.700
2018-07-20 15:00:00,0.540,552.000,523.500,199.000,28.000
2018-07-20 16:00:00,0.500,370.000,324.200,190.000,27.800
2018-07-20 17:00:00,1.240,307.000,422.000,131.000,27.600
2018-07-20 18:00:00,2.560,163.000,289.300,85.000,26.800
2018-07-20 19:00:00,4.510,57.000,122.200,42.000,24.300
2018-07-20 20:00:00,6.400,4.000,19.100,3.000,22.500
2018-07-20 21:00:00,7.890,0.000,0.000,0.000,21.400
2018-07-20 22:00:00,8.010,0.000,0.000,0.000,20.000
2018-07-20 23:00:00,7.920,0.000,0.000,0.000,18.900
2018-07-21 00:00:00,7.700,0.000,0.000,0.000,18.000
2018-07-21 01:00:00,7.270,0.000,0.000,0.000,17.200
2018-07-21 02:00:00,7.200,0.000,0.000,0.000,16.800
2018-07-21 03:00:00,7.420,0.000,0.000,0.000,16.300
2018-07-21 04:00:00,7.110,6.000,0.000,6.000,15.900
2018-07-21 05:00:00,6.420,70.000,151.200,49.000,16.700
2018-07-21 06:00:00,5.720,175.000,244.600,105.000,18.500
2018-07-21 07:00:00,5.220,186.000,113.200,137.000,20.400
2018-07-21 08:00:00,5.310,347.000,267.100,195.000,22.200
2018-07-21 09:00:00,5.410,531.000,407.000,252.000,23.900
2018-07-21 10:00:00,5.350,579.000,392.800,275.000,25.300
2018-07-21 11:00:00,4.490,685.000,503.300,268.000,26.500
2018-07-21 12:00:00,3.670,765.000,698.900,174.000,27.400
2018-07-21 13:00:00,3.310,598.000,524.400,166.000,27.600
2018-07-21 14:00:00,2.980,643.000,655.100,142.000,28.300
2018-07-21 15:00:00,2.970,478.000,492.200,147.000,28.200
2018-07-21 16:00:00,4.900,346.000,374.200,139.000,28.200
2018-07-21 17:00:00,4.910,195.000,272.300,82.000,27.300
2018-07-21 18:00:00,3.400,99.000,131.000,64.000,26.000
2018-07-21 19:00:00,3.600,32.000,41.600,27.000,24.400
2018-07-21 20:00:00,4.230,2.000,0.000,2.000,22.500
2018-07-21 21:00:00,4.790,0.000,0.000,0.000,21.200
2018-07-21 22:00:00,5.060,0.000,0.000,0.000,21.200
2018-07-21 23:00:00,5.550,0.000,0.000,0.000,20.700
2018-07-22 00:00:00,6.470,0.000,0.000,0.000,20.200
2018-07-22 01:00:00,6.550,0.000,0.000,0.000,19.900
2018-07-22 02:00:00,6.310,0.000,0.000,0.000,19.500
2018-07-22 03:00:00,6.190,0.000,0.000,0.000,19.600
2018-07-22 04:00:00,5.740,5.000,19.100,4.000,19.600
2018-07-22 05:00:00,5.120,50.000,124.900,33.000,19.600
2018-07-22 06:00:00,4.530,125.000,155.100,81.000,20.400
2018-07-22 07:00:00,4.400,263.000,355.300,110.000,21.500
2018-07-22 08:00:00,4.210,379.000,426.800,137.000,23.200
2018-07-22 09:00:00,4.120,506.000,537.000,139.000,24.700
2018-07-22 10:00:00,3.610,650.000,636.000,159.000,25.500
2018-07-22 11:00:00,3.980,733.000,687.100,165.000,26.700
2018-07-22 12:00:00,4.800,757.000,733.600,138.000,27.300
2018-07-22 13:00:00,4.400,752.000,759.100,128.000,27.400
2018-07-22 14:00:00,3.960,629.000,663.300,123.000,27.200
2018-07-22 15:00:00,3.640,496.000,560.800,120.000,26.500
2018-07-22 16:00:00,3.760,327.000,366.600,125.000,25.300
2018-07-22 17:00:00,4.500,210.000,266.600,100.000,24.900
2018-07-22 18:00:00,4.980,145.000,287.000,69.000,24.500
2018-07-22 19:00:00,5.250,55.000,212.700,30.000,23.400
2018-07-22 20:00:00,5.440,2.000,0.000,2.000,21.800
2018-07-22 21:00:00,4.880,0.000,0.000,0.000,20.300
2018-07-22 22:00:00,4.610,0.000,0.000,0.000,18.600
2018-07-22 23:00:00,3.800,0.000,0.000,0.000,17.300
2018-07-23 00:00:00,3.340,0.000,0.000,0.000,16.400
2018-07-23 01:00:00,3.300,0.000,0.000,0.000,15.500
2018-07-23 02:00:00,3.060,0.000,0.000,0.000,14.600
2018-07-23 03:00:00,2.550,0.000,0.000,0.000,14.000
2018-07-23 04:00:00,1.530,6.000,19.100,5.000,14.000
2018-07-23 05:00:00,1.120,75.000,285.100,37.000,15.300
2018-07-23 06:00:00,1.080,200.000,469.700,68.000,17.300
2018-07-23 07:00:00,1.460,275.000,338.700,130.000,19.600
2018-07-23 08:00:00,1.520,390.000,417.900,154.000,21.400
2018-07-23 09:00:00,1.630,616.000,707.500,134.000,23.000
2018-07-23 10:00:00,1.970,724.000,779.200,124.000,24.700
2018-07-23 11:00:00,2.240,694.000,614.700,187.000,25.600
2018-07-23 12:00:00,2.660,750.000,614.100,233.000,26.900
2018-07-23 13:00:00,2.900,565.000,358.500,271.000,27.700
2018-07-23 14:00:00,3.110,349.000,80.200,288.000,27.800
2018-07-23 15:00:00,3.280,263.000,47.900,231.000,28.100
2018-07-23 16:00:00,3.020,226.000,43.700,202.000,28.300
2018-07-23 17:00:00,2.520,201.000,192.500,122.000,28.000
2018-07-23 18:00:00,1.610,135.000,205.900,81.000,27.400
2018-07-23 19:00:00,0.810,58.000,226.500,32.000,26.000
2018-07-23 20:00:00,0.640,3.000,0.000,3.000,23.100
2018-07-23 21:00:00,1.080,0.000,0.000,0.000,21.900
2018-07-23 22:00:00,2.150,0.000,0.000,0.000,20.800
2018-07-23 23:00:00,2.470,0.000,0.000,0.000,19.500
2018-07-24 00:00:00,3.110,0.000,0.000,0.000,17.700
2018-07-24 01:00:00,3.420,0.000,0.000,0.000,16.700
2018-07-24 02:00:00,3.580,0.000,0.000,0.000,16.300
2018-07-24 03:00:00,3.980,0.000,0.000,0.000,16.100
2018-07-24 04:00:00,4.160,5.000,19.100,4.000,16.000
2018-07-24 05:00:00,3.400,74.000,299.100,35.000,18.000
2018-07-24 06:00:00,2.200,201.000,492.200,64.000,21.300
2018-07-24 07:00:00,1.200,352.000,636.600,81.000,24.400
2018-07-24 08:00:00,1.200,500.000,721.900,94.000,26.800
2018-07-24 09:00:00,1.210,631.000,777.500,103.000,28.200
2018-07-24 10:00:00,1.350,731.000,811.200,108.000,29.300
2018-07-24 11:00:00,1.000,792.000,824.000,114.000,30.400
2018-07-24 12:00:00,0.640,810.000,823.800,118.000,31.100
2018-07-24 13:00:00,0.500,785.000,815.200,118.000,31.900
2018-07-24 14:00:00,0.580,705.000,773.400,118.000,32.500
2018-07-24 15:00:00,0.810,613.000,762.400,105.000,32.800
2018-07-24 16:00:00,1.170,478.000,698.900,96.000,32.900
2018-07-24 17:00:00,1.170,324.000,595.800,81.000,32.700
2018-07-24 18:00:00,1.990,172.000,427.600,61.000,31.900
2018-07-24 19:00:00,3.350,55.000,232.300,29.000,30.600
2018-07-24 20:00:00,4.590,2.000,0.000,2.000,27.600
2018-07-24 21:00:00,5.180,0.000,0.000,0.000,25.200
2018-07-24 22:00:00,5.300,0.000,0.000,0.000,23.700
2018-07-24 23:00:00,5.510,0.000,0.000,0.000,23.000
2018-07-25 00:00:00,5.240,0.000,0.000,0.000,22.400
2018-07-25 01:00:00,4.960,0.000,0.000,0.000,21.600
2018-07-25 02:00:00,4.880,0.000,0.000,0.000,20.800
2018-07-25 03:00:00,4.610,0.000,0.000,0.000,20.200
2018-07-25 04:00:00,4.120,4.000,19.100,3.000,19.400
2018-07-25 05:00:00,3.480,69.000,274.600,34.000,21.100
2018-07-25 06:00:00,2.160,182.000,424.600,65.000,23.900
2018-07-25 07:00:00,1.080,285.000,468.000,87.000,26.400
2018-07-25 08:00:00,0.700,417.000,482.100,147.000,29.100
2018-07-25 09:00:00,0.540,570.000,607.200,159.000,31.000
2018-07-25 10:00:00,2.470,654.000,685.500,129.000,32.100
2018-07-25 11:00:00,2.780,746.000,748.000,132.000,32.800
2018-07-25 12:00:00,2.750,757.000,736.300,140.000,33.400
2018-07-25 13:00:00,2.520,731.000,702.100,158.000,33.900
2018-07-25 14:00:00,2.360,592.000,593.300,143.000,33.800
2018-07-25 15:00:00,3.270,564.000,679.200,113.000,33.700
2018-07-25 16:00:00,4.330,375.000,485.200,111.000,32.700
2018-07-25 17:00:00,5.170,190.000,256.600,86.000,31.700
2018-07-25 18:00:00,5.930,120.000,210.300,66.000,30.500
2018-07-25 19:00:00,6.130,50.000,192.800,29.000,28.700
2018-07-25 20:00:00,6.070,1.000,0.000,1.000,26.900
2018-07-25 21:00:00,6.280,0.000,0.000,0.000,25.600
2018-07-25 22:00:00,5.910,0.000,0.000,0.000,24.400
2018-07-25 23:00:00,6.320,0.000,0.000,0.000,23.800
2018-07-26 00:00:00,6.200,0.000,0.000,0.000,23.200
2018-07-26 01:00:00,5.850,0.000,0.000,0.000,22.500
2018-07-26 02:00:00,5.510,0.000,0.000,0.000,21.600
2018-07-26 03:00:00,5.000,0.000,0.000,0.000,20.800
2018-07-26 04:00:00,4.930,4.000,19.100,3.000,20.000
2018-07-26 05:00:00,4.800,65.000,257.100,33.000,21.500
2018-07-26 06:00:00,3.900,189.000,447.300,67.000,23.800
2018-07-26 07:00:00,3.400,344.000,623.100,82.000,26.300
2018-07-26 08:00:00,3.610,490.000,694.100,103.000,28.600
2018-07-26 09:00:00,3.900,618.000,729.300,126.000,30.300
2018-07-26 10:00:00,3.620,717.000,756.800,139.000,31.600
2018-07-26 11:00:00,4.240,770.000,771.900,138.000,32.400
2018-07-26 12:00:00,4.700,717.000,708.200,125.000,33.100
2018-07-26 13:00:00,4.830,639.000,614.200,139.000,33.500
2018-07-26 14:00:00,4.750,585.000,599.000,133.000,33.800
2018-07-26 15:00:00,4.790,453.000,480.600,135.000,33.800
2018-07-26 16:00:00,5.170,385.000,533.600,96.000,33.800
2018-07-26 17:00:00,5.510,271.000,447.200,91.000,33.300
2018-07-26 18:00:00,5.660,141.000,319.000,60.000,32.100
2018-07-26 19:00:00,6.460,46.000,207.900,24.000,30.400
2018-07-26 20:00:00,6.870,1.000,0.000,1.000,28.500
2018-07-26 21:00:00,6.870,0.000,0.000,0.000,27.000
2018-07-26 22:00:00,7.110,0.000,0.000,0.000,26.000
2018-07-26 23:00:00,6.900,0.000,0.000,0.000,25.000
2018-07-27 00:00:00,6.510,0.000,0.000,0.000,23.700
2018-07-27 01:00:00,5.800,0.000,0.000,0.000,22.800
2018-07-27 02:00:00,5.500,0.000,0.000,0.000,21.500
2018-07-27 03:00:00,5.420,0.000,0.000,0.000,20.700
2018-07-27 04:00:00,5.590,3.000,19.100,2.000,20.000
2018-07-27 05:00:00,5.220,69.000,304.800,32.000,20.900
2018-07-27 06:00:00,4.540,197.000,500.200,62.000,23.000
2018-07-27 07:00:00,4.010,348.000,639.000,81.000,25.000
2018-07-27 08:00:00,3.520,498.000,724.200,96.000,27.100
2018-07-27 09:00:00,3.670,628.000,776.500,106.000,28.800
2018-07-27 10:00:00,4.300,713.000,785.300,115.000,30.300
2018-07-27 11:00:00,4.690,778.000,788.700,134.000,31.400
2018-07-27 12:00:00,4.560,786.000,782.000,134.000,32.100
2018-07-27 13:00:00,4.560,769.000,794.500,124.000,32.700
2018-07-27 14:00:00,4.660,702.000,769.600,123.000,33.000
2018-07-27 15:00:00,4.790,578.000,711.400,109.000,32.900
2018-07-27 16:00:00,5.220,431.000,593.600,111.000,32.800
2018-07-27 17:00:00,6.210,230.000,297.700,111.000,31.800
2018-07-27 18:00:00,6.110,100.000,167.400,58.000,30.600
2018-07-27 19:00:00,6.500,48.000,233.900,24.000,29.000
2018-07-27 20:00:00,7.320,1.000,0.000,1.000,27.400
2018-07-27 21:00:00,7.230,0.000,0.000,0.000,26.100
2018-07-27 22:00:00,6.960,0.000,0.000,0.000,24.900
2018-07-27 23:00:00,6.590,0.000,0.000,0.000,23.900
2018-07-28 00:00:00,6.520,0.000,0.000,0.000,23.000
2018-07-28 01:00:00,5.980,0.000,0.000,0.000,22.200
2018-07-28 02:00:00,5.740,0.000,0.000,0.000,21.400
2018-07-28 03:00:00,6.110,0.000,0.000,0.000,20.900
2018-07-28 04:00:00,6.500,3.000,0.000,3.000,20.500
2018-07-28 05:00:00,6.670,62.000,262.200,31.000,21.400
2018-07-28 06:00:00,5.830,183.000,453.300,62.000,23.200
2018-07-28 07:00:00,5.660,302.000,534.800,80.000,24.900
2018-07-28 08:00:00,5.800,451.000,599.100,120.000,26.900
2018-07-28 09:00:00,5.940,606.000,733.000,115.000,28.500
2018-07-28 10:00:00,6.100,698.000,745.500,132.000,30.600
2018-07-28 11:00:00,5.990,728.000,686.500,169.000,31.500
2018-07-28 12:00:00,4.920,700.000,642.200,166.000,32.300
2018-07-28 13:00:00,4.550,577.000,480.500,188.000,29.400
2018-07-28 14:00:00,2.960,292.000,125.300,198.000,24.200
2018-07-28 15:00:00,2.830,251.000,91.400,191.000,24.900
2018-07-28 16:00:00,2.780,324.000,344.900,139.000,26.600
2018-07-28 17:00:00,2.800,273.000,373.000,125.000,26.300
2018-07-28 18:00:00,4.220,86.000,80.700,66.000,21.800
2018-07-28 19:00:00,6.260,27.000,70.500,20.000,20.100
2018-07-28 20:00:00,4.760,0.000,0.000,0.000,19.600
2018-07-28 21:00:00,3.760,0.000,0.000,0.000,18.600
2018-07-28 22:00:00,3.420,0.000,0.000,0.000,18.100
2018-07-28 23:00:00,2.560,0.000,0.000,0.000,17.600
2018-07-29 00:00:00,1.550,0.000,0.000,0.000,17.100
2018-07-29 01:00:00,1.530,0.000,0.000,0.000,16.700
2018-07-29 02:00:00,2.470,0.000,0.000,0.000,16.200
2018-07-29 03:00:00,2.690,0.000,0.000,0.000,15.500
2018-07-29 04:00:00,2.840,2.000,0.000,2.000,16.300
2018-07-29 05:00:00,2.940,55.000,139.100,39.000,16.000
2018-07-29 06:00:00,2.430,159.000,238.700,96.000,17.700
2018-07-29 07:00:00,2.060,251.000,208.600,165.000,19.400
2018-07-29 08:00:00,2.340,429.000,469.200,171.000,20.800
2018-07-29 09:00:00,3.280,563.000,563.400,187.000,22.300
2018-07-29 10:00:00,4.580,712.000,743.900,149.000,24.500
2018-07-29 11:00:00,5.940,785.000,802.900,133.000,26.000
2018-07-29 12:00:00,6.110,776.000,786.300,124.000,27.300
2018-07-29 13:00:00,5.550,632.000,572.300,170.000,27.800
2018-07-29 14:00:00,5.290,591.000,583.300,155.000,28.600
2018-07-29 15:00:00,5.220,428.000,359.200,193.000,29.000
2018-07-29 16:00:00,4.960,245.000,65.600,210.000,29.000
2018-07-29 17:00:00,4.540,121.000,17.800,114.000,28.200
2018-07-29 18:00:00,3.760,73.000,40.900,63.000,27.800
2018-07-29 19:00:00,4.750,44.000,184.700,26.000,26.200
2018-07-29 20:00:00,5.990,1.000,0.000,1.000,24.700
2018-07-29 21:00:00,6.910,0.000,0.000,0.000,23.600
2018-07-29 22:00:00,6.380,0.000,0.000,0.000,23.200
2018-07-29 23:00:00,6.450,0.000,0.000,0.000,22.700
2018-07-30 00:00:00,6.390,0.000,0.000,0.000,22.300
2018-07-30 01:00:00,6.660,0.000,0.000,0.000,21.700
2018-07-30 02:00:00,6.200,0.000,0.000,0.000,21.600
2018-07-30 03:00:00,5.330,0.000,0.000,0.000,20.900
2018-07-30 04:00:00,4.100,2.000,0.000,2.000,20.100
2018-07-30 05:00:00,2.510,56.000,223.700,31.000,21.300
2018-07-30 06:00:00,1.440,161.000,379.500,62.000,23.100
2018-07-30 07:00:00,0.920,266.000,398.100,103.000,25.200
2018-07-30 08:00:00,0.780,460.000,654.200,102.000,27.300
2018-07-30 09:00:00,0.670,582.000,696.300,119.000,28.900
2018-07-30 10:00:00,0.000,702.000,775.400,117.000,30.000
2018-07-30 11:00:00,1.250,734.000,738.600,136.000,31.100
2018-07-30 12:00:00,2.100,678.000,619.200,166.000,31.800
2018-07-30 13:00:00,2.420,715.000,729.400,128.000,32.500
2018-07-30 14:00:00,2.000,655.000,708.800,127.000,32.600
2018-07-30 15:00:00,1.710,549.000,684.600,103.000,32.900
2018-07-30 16:00:00,1.490,387.000,546.500,97.000,32.900
2018-07-30 17:00:00,1.220,275.000,499.100,80.000,32.700
2018-07-30 18:00:00,1.610,124.000,261.200,61.000,31.500
2018-07-30 19:00:00,3.350,34.000,114.700,23.000,28.700
2018-07-30 20:00:00,4.800,0.000,0.000,0.000,26.900
2018-07-30 21:00:00,5.560,0.000,0.000,0.000,25.800
2018-07-30 22:00:00,6.580,0.000,0.000,0.000,24.100
2018-07-30 23:00:00,7.000,0.000,0.000,0.000,23.900
2018-07-31 00:00:00,7.580,0.000,0.000,0.000,23.600
2018-07-31 01:00:00,7.290,0.000,0.000,0.000,23.000
2018-07-31 02:00:00,6.580,0.000,0.000,0.000,22.400
2018-07-31 03:00:00,6.290,0.000,0.000,0.000,22.100
2018-07-31 04:00:00,6.120,2.000,0.000,2.000,21.300
2018-07-31 05:00:00,5.370,60.000,285.900,29.000,22.000
2018-07-31 06:00:00,3.890,185.000,488.800,59.000,24.500
2018-07-31 07:00:00,2.320,325.000,600.200,81.000,26.800
2018-07-31 08:00:00,1.750,404.000,578.500,89.000,29.200
2018-07-31 09:00:00,1.530,313.000,237.000,156.000,31.000
2018-07-31 10:00:00,1.840,480.000,457.500,136.000,31.600
2018-07-31 11:00:00,1.610,656.000,593.400,177.000,33.500
2018-07-31 12:00:00,2.750,612.000,435.500,253.000,34.200
2018-07-31 13:00:00,4.020,488.000,372.700,189.000,34.400
2018-07-31 14:00:00,3.830,399.000,284.200,188.000,34.000
2018-07-31 15:00:00,3.450,423.000,353.000,194.000,34.000
2018-07-31 16:00:00,4.630,362.000,454.800,122.000,33.800
2018-07-31 17:00:00,6.090,248.000,438.700,78.000,33.000
2018-07-31 18:00:00,7.500,135.000,349.000,52.000,30.900
2018-07-31 19:00:00,8.130,39.000,201.700,20.000,28.100
2018-07-31 20:00:00,8.050,0.000,0.000,0.000,26.100
2018-07-31 21:00:00,7.730,0.000,0.000,0.000,25.000
2018-07-31 22:00:00,6.460,0.000,0.000,0.000,23.900
2018-07-31 23:00:00,6.570,0.000,0.000,0.000,22.900
2018-08-01 00:00:00,6.400,0.000,0.000,0.000,21.800
2018-08-01 01:00:00,6.220,0.000,0.000,0.000,21.100
2018-08-01 02:00:00,5.470,0.000,0.000,0.000,20.200
2018-08-01 03:00:00,5.120,0.000,0.000,0.000,19.200
2018-08-01 04:00:00,4.540,1.000,0.000,1.000,18.300
2018-08-01 05:00:00,3.950,52.000,209.400,30.000,18.500
2018-08-01 06:00:00,2.260,128.000,306.300,50.000,19.500
2018-08-01 07:00:00,2.080,245.000,386.500,89.000,21.400
2018-08-01 08:00:00,2.100,423.000,574.100,112.000,23.200
2018-08-01 09:00:00,2.330,575.000,691.200,119.000,24.400
2018-08-01 10:00:00,2.600,687.000,745.900,128.000,25.600
2018-08-01 11:00:00,2.940,764.000,791.500,127.000,27.200
2018-08-01 12:00:00,3.010,791.000,816.400,120.000,28.300
2018-08-01 13:00:00,2.920,738.000,747.800,140.000,28.800
2018-08-01 14:00:00,2.630,643.000,604.300,196.000,29.300
2018-08-01 15:00:00,2.300,510.000,444.400,223.000,29.500
2018-08-01 16:00:00,2.710,373.000,318.300,206.000,29.500
2018-08-01 17:00:00,3.310,240.000,236.800,149.000,28.900
2018-08-01 18:00:00,3.900,122.000,128.100,92.000,27.900
2018-08-01 19:00:00,4.800,40.000,183.700,23.000,26.400
2018-08-01 20:00:00,5.810,0.000,0.000,0.000,25.300
2018-08-01 21:00:00,6.140,0.000,0.000,0.000,24.300
2018-08-01 22:00:00,5.990,0.000,0.000,0.000,23.700
2018-08-01 23:00:00,5.150,0.000,0.000,0.000,22.200
2018-08-02 00:00:00,4.880,0.000,0.000,0.000,20.800
2018-08-02 01:00:00,5.600,0.000,0.000,0.000,20.000
2018-08-02 02:00:00,5.050,0.000,0.000,0.000,19.400
2018-08-02 03:00:00,4.520,0.000,0.000,0.000,19.000
2018-08-02 04:00:00,4.720,1.000,0.000,1.000,19.000
2018-08-02 05:00:00,4.400,30.000,98.400,20.000,18.600
2018-08-02 06:00:00,3.700,122.000,230.700,64.000,19.800
2018-08-02 07:00:00,3.040,233.000,332.000,100.000,21.400
2018-08-02 08:00:00,2.940,424.000,584.500,109.000,23.100
2018-08-02 09:00:00,2.900,577.000,712.300,109.000,24.700
2018-08-02 10:00:00,3.000,692.000,769.900,117.000,27.200
2018-08-02 11:00:00,3.100,756.000,790.300,122.000,28.500
2018-08-02 12:00:00,2.800,688.000,609.000,189.000,29.400
2018-08-02 13:00:00,2.700,684.000,686.300,137.000,30.200
2018-08-02 14:00:00,2.210,641.000,694.800,129.000,30.800
2018-08-02 15:00:00,2.160,485.000,572.400,117.000,30.700
2018-08-02 16:00:00,2.330,378.000,477.500,129.000,30.800
2018-08-02 17:00:00,2.510,270.000,462.100,94.000,30.600
2018-08-02 18:00:00,2.910,133.000,346.800,53.000,29.600
2018-08-02 19:00:00,4.090,37.000,187.300,20.000,28.200
2018-08-02 20:00:00,4.970,0.000,0.000,0.000,25.500
2018-08-02 21:00:00,5.270,0.000,0.000,0.000,24.000
2018-08-02 22:00:00,4.960,0.000,0.000,0.000,22.500
2018-08-02 23:00:00,4.970,0.000,0.000,0.000,21.600
2018-08-03 00:00:00,4.440,0.000,0.000,0.000,20.800
2018-08-03 01:00:00,4.430,0.000,0.000,0.000,20.000
2018-08-03 02:00:00,4.590,0.000,0.000,0.000,19.500
2018-08-03 03:00:00,4.830,0.000,0.000,0.000,18.900
2018-08-03 04:00:00,4.960,1.000,0.000,1.000,18.500
2018-08-03 05:00:00,4.890,53.000,271.400,26.000,19.300
2018-08-03 06:00:00,3.910,174.000,467.400,58.000,22.100
2018-08-03 07:00:00,3.300,323.000,613.800,79.000,24.800
2018-08-03 08:00:00,3.200,470.000,701.400,94.000,27.100
2018-08-03 09:00:00,3.260,599.000,753.400,106.000,28.600
2018-08-03 10:00:00,2.750,700.000,790.100,112.000,29.900
2018-08-03 11:00:00,2.940,764.000,809.100,117.000,30.800
2018-08-03 12:00:00,2.480,733.000,705.300,157.000,31.400
2018-08-03 13:00:00,2.000,746.000,770.400,134.000,32.200
2018-08-03 14:00:00,1.390,672.000,752.000,120.000,32.700
2018-08-03 15:00:00,0.710,466.000,534.500,124.000,32.800
2018-08-03 16:00:00,0.570,360.000,459.300,122.000,32.800
2018-08-03 17:00:00,0.810,247.000,421.300,88.000,32.300
2018-08-03 18:00:00,1.560,137.000,378.900,51.000,31.700
2018-08-03 19:00:00,3.160,37.000,202.300,19.000,29.300
2018-08-03 20:00:00,4.930,0.000,0.000,0.000,27.100
2018-08-03 21:00:00,5.610,0.000,0.000,0.000,25.500
2018-08-03 22:00:00,5.300,0.000,0.000,0.000,24.100
2018-08-03 23:00:00,4.490,0.000,0.000,0.000,22.900
2018-08-04 00:00:00,4.340,0.000,0.000,0.000,21.700
2018-08-04 01:00:00,4.700,0.000,0.000,0.000,20.800
2018-08-04 02:00:00,4.920,0.000,0.000,0.000,20.100
2018-08-04 03:00:00,5.460,0.000,0.000,0.000,19.900
2018-08-04 04:00:00,5.350,1.000,0.000,1.000,19.500
2018-08-04 05:00:00,4.630,39.000,163.400,23.000,19.800
2018-08-04 06:00:00,3.180,114.000,191.900,67.000,21.000
2018-08-04 07:00:00,2.200,214.000,238.300,120.000,22.200
2018-08-04 08:00:00,2.460,358.000,362.000,165.000,24.100
2018-08-04 09:00:00,3.180,467.000,435.900,183.000,25.700
2018-08-04 10:00:00,3.490,673.000,710.700,146.000,28.000
2018-08-04 11:00:00,2.980,757.000,803.100,117.000,29.300
2018-08-04 12:00:00,2.950,784.000,820.600,116.000,30.500
2018-08-04 13:00:00,3.610,767.000,822.400,116.000,31.200
2018-08-04 14:00:00,4.670,660.000,755.000,108.000,31.400
2018-08-04 15:00:00,5.750,435.000,490.000,123.000,31.100
2018-08-04 16:00:00,6.130,337.000,454.500,103.000,30.700
2018-08-04 17:00:00,5.920,234.000,422.600,76.000,29.400
2018-08-04 18:00:00,5.770,118.000,268.800,58.000,28.000
2018-08-04 19:00:00,6.000,29.000,126.200,18.000,26.600
2018-08-04 20:00:00,6.130,0.000,0.000,0.000,24.900
2018-08-04 21:00:00,5.690,0.000,0.000,0.000,23.700
2018-08-04 22:00:00,6.020,0.000,0.000,0.000,22.100
2018-08-04 23:00:00,5.480,0.000,0.000,0.000,20.900
2018-08-05 00:00:00,5.140,0.000,0.000,0.000,19.800
2018-08-05 01:00:00,5.000,0.000,0.000,0.000,19.100
2018-08-05 02:00:00,5.400,0.000,0.000,0.000,18.600
2018-08-05 03:00:00,5.420,0.000,0.000,0.000,17.800
2018-08-05 04:00:00,4.800,0.000,0.000,0.000,17.600
2018-08-05 05:00:00,4.200,33.000,83.100,25.000,17.900
2018-08-05 06:00:00,4.630,120.000,235.900,63.000,18.700
2018-08-05 07:00:00,4.580,239.000,365.400,96.000,19.300
2018-08-05 08:00:00,4.360,383.000,509.200,113.000,19.900
2018-08-05 09:00:00,4.520,475.000,477.800,165.000,20.800
2018-08-05 10:00:00,4.330,564.000,510.300,187.000,22.000
2018-08-05 11:00:00,4.750,636.000,552.700,197.000,23.000
2018-08-05 12:00:00,4.970,700.000,623.700,194.000,23.600
2018-08-05 13:00:00,5.040,661.000,583.200,201.000,24.200
2018-08-05 14:00:00,5.240,595.000,594.700,162.000,24.800
2018-08-05 15:00:00,5.530,457.000,497.200,142.000,25.100
2018-08-05 16:00:00,5.600,318.000,287.400,171.000,25.100
2018-08-05 17:00:00,5.240,251.000,421.400,95.000,24.700
2018-08-05 18:00:00,4.830,144.000,392.100,58.000,23.300
2018-08-05 19:00:00,4.370,31.000,152.500,18.000,21.700
2018-08-05 20:00:00,4.120,0.000,0.000,0.000,19.600
2018-08-05 21:00:00,3.710,0.000,0.000,0.000,17.900
2018-08-05 22:00:00,2.630,0.000,0.000,0.000,16.400
2018-08-05 23:00:00,2.090,0.000,0.000,0.000,15.300
2018-08-06 00:00:00,2.250,0.000,0.000,0.000,14.000
2018-08-06 01:00:00,2.160,0.000,0.000,0.000,13.100
2018-08-06 02:00:00,1.500,0.000,0.000,0.000,13.400
2018-08-06 03:00:00,0.910,0.000,0.000,0.000,13.700
2018-08-06 04:00:00,0.720,0.000,0.000,0.000,13.400
2018-08-06 05:00:00,1.500,48.000,253.500,24.000,13.200
2018-08-06 06:00:00,2.250,171.000,478.500,57.000,16.600
2018-08-06 07:00:00,2.480,320.000,620.800,79.000,19.500
2018-08-06 08:00:00,2.610,472.000,716.900,94.000,21.800
2018-08-06 09:00:00,2.550,607.000,778.800,104.000,23.500
2018-08-06 10:00:00,2.640,712.000,816.500,111.000,25.200
2018-08-06 11:00:00,3.130,777.000,836.400,115.000,26.800
2018-08-06 12:00:00,3.540,798.000,844.800,115.000,28.200
2018-08-06 13:00:00,3.620,774.000,839.900,114.000,29.400
2018-08-06 14:00:00,3.800,704.000,822.000,108.000,30.300
2018-08-06 15:00:00,3.940,595.000,785.400,100.000,30.800
2018-08-06 16:00:00,3.900,458.000,726.400,89.000,31.000
2018-08-06 17:00:00,3.490,304.000,630.300,73.000,30.700
2018-08-06 18:00:00,3.770,152.000,464.300,52.000,29.500
2018-08-06 19:00:00,5.760,35.000,204.000,18.000,26.700
2018-08-06 20:00:00,7.240,0.000,0.000,0.000,24.500
2018-08-06 21:00:00,7.740,0.000,0.000,0.000,23.000
2018-08-06 22:00:00,7.150,0.000,0.000,0.000,21.600
2018-08-06 23:00:00,7.020,0.000,0.000,0.000,20.900
2018-08-07 00:00:00,6.660,0.000,0.000,0.000,20.000
2018-08-07 01:00:00,6.240,0.000,0.000,0.000,19.300
2018-08-07 02:00:00,5.660,0.000,0.000,0.000,18.500
2018-08-07 03:00:00,5.300,0.000,0.000,0.000,17.900
2018-08-07 04:00:00,4.960,0.000,0.000,0.000,17.300
2018-08-07 05:00:00,4.470,46.000,247.200,23.000,18.200
2018-08-07 06:00:00,3.500,168.000,476.900,56.000,21.000
2018-08-07 07:00:00,2.250,310.000,602.600,78.000,24.300
2018-08-07 08:00:00,1.970,454.000,673.300,101.000,27.600
2018-08-07 09:00:00,2.020,595.000,762.000,105.000,30.300
2018-08-07 10:00:00,2.720,697.000,797.900,112.000,32.200
2018-08-07 11:00:00,3.340,768.000,831.800,112.000,33.800
2018-08-07 12:00:00,3.810,730.000,747.300,128.000,34.700
2018-08-07 13:00:00,3.340,659.000,668.100,136.000,35.500
2018-08-07 14:00:00,2.810,634.000,700.900,128.000,36.100
2018-08-07 15:00:00,2.800,532.000,655.600,121.000,36.400
2018-08-07 16:00:00,2.620,446.000,687.900,99.000,36.400
2018-08-07 17:00:00,2.100,269.000,501.800,87.000,35.700
2018-08-07 18:00:00,1.800,121.000,321.700,53.000,33.800
2018-08-07 19:00:00,3.280,31.000,172.000,17.000,30.700
2018-08-07 20:00:00,5.690,0.000,0.000,0.000,28.800
2018-08-07 21:00:00,7.210,0.000,0.000,0.000,27.400
2018-08-07 22:00:00,7.260,0.000,0.000,0.000,26.900
2018-08-07 23:00:00,7.160,0.000,0.000,0.000,26.000
2018-08-08 00:00:00,7.470,0.000,0.000,0.000,25.200
2018-08-08 01:00:00,6.710,0.000,0.000,0.000,24.800
2018-08-08 02:00:00,8.000,0.000,0.000,0.000,24.200
2018-08-08 03:00:00,8.740,0.000,0.000,0.000,23.900
2018-08-08 04:00:00,7.310,0.000,0.000,0.000,23.600
2018-08-08 05:00:00,6.780,42.000,218.800,22.000,23.900
2018-08-08 06:00:00,6.470,152.000,363.000,68.000,25.000
2018-08-08 07:00:00,5.040,255.000,392.900,105.000,26.300
2018-08-08 08:00:00,3.880,352.000,395.200,146.000,27.300
2018-08-08 09:00:00,3.610,486.000,454.600,195.000,28.700
2018-08-08 10:00:00,4.880,624.000,625.700,167.000,29.700
2018-08-08 11:00:00,6.910,694.000,649.000,184.000,30.600
2018-08-08 12:00:00,7.550,519.000,356.300,233.000,30.600
2018-08-08 13:00:00,6.530,594.000,483.500,217.000,30.700
2018-08-08 14:00:00,7.320,582.000,563.500,177.000,30.500
2018-08-08 15:00:00,7.430,490.000,556.500,143.000,29.800
2018-08-08 16:00:00,7.420,340.000,429.300,125.000,29.100
2018-08-08 17:00:00,7.240,198.000,281.500,97.000,28.300
2018-08-08 18:00:00,6.550,104.000,221.900,58.000,27.100
2018-08-08 19:00:00,5.820,21.000,63.000,16.000,25.600
2018-08-08 20:00:00,5.360,0.000,0.000,0.000,24.300
2018-08-08 21:00:00,4.890,0.000,0.000,0.000,23.100
2018-08-08 22:00:00,3.330,0.000,0.000,0.000,21.400
2018-08-08 23:00:00,2.900,0.000,0.000,0.000,20.300
2018-08-09 00:00:00,2.580,0.000,0.000,0.000,19.300
2018-08-09 01:00:00,2.280,0.000,0.000,0.000,18.500
2018-08-09 02:00:00,2.900,0.000,0.000,0.000,17.800
2018-08-09 03:00:00,2.860,0.000,0.000,0.000,17.300
2018-08-09 04:00:00,3.620,0.000,0.000,0.000,17.100
2018-08-09 05:00:00,4.530,36.000,189.500,19.000,17.600
2018-08-09 06:00:00,3.700,152.000,425.500,55.000,19.500
2018-08-09 07:00:00,3.910,205.000,303.800,90.000,21.800
2018-08-09 08:00:00,4.420,366.000,478.600,118.000,23.800
2018-08-09 09:00:00,4.850,462.000,538.400,119.000,25.300
2018-08-09 10:00:00,3.470,524.000,522.400,144.000,27.200
2018-08-09 11:00:00,3.300,659.000,673.200,132.000,28.700
2018-08-09 12:00:00,4.950,703.000,705.300,139.000,30.200
2018-08-09 13:00:00,5.580,662.000,691.400,125.000,31.200
2018-08-09 14:00:00,6.580,576.000,620.600,132.000,31.400
2018-08-09 15:00:00,8.100,345.000,348.400,129.000,31.000
2018-08-09 16:00:00,8.290,188.000,92.500,142.000,30.300
2018-08-09 17:00:00,10.280,133.000,107.100,95.000,27.700
2018-08-09 18:00:00,5.890,45.000,19.700,41.000,22.100
2018-08-09 19:00:00,6.800,16.000,51.700,12.000,21.400
2018-08-09 20:00:00,7.430,0.000,0.000,0.000,21.200
2018-08-09 21:00:00,7.940,0.000,0.000,0.000,21.300
2018-08-09 22:00:00,8.170,0.000,0.000,0.000,21.400
2018-08-09 23:00:00,8.500,0.000,0.000,0.000,21.200
2018-08-10 00:00:00,11.090,0.000,0.000,0.000,20.300
2018-08-10 01:00:00,12.180,0.000,0.000,0.000,18.900
2018-08-10 02:00:00,11.340,0.000,0.000,0.000,17.900
2018-08-10 03:00:00,10.960,0.000,0.000,0.000,17.300
2018-08-10 04:00:00,11.180,0.000,0.000,0.000,16.900
2018-08-10 05:00:00,10.600,33.000,113.600,23.000,16.400
2018-08-10 06:00:00,9.300,140.000,334.000,65.000,16.500
2018-08-10 07:00:00,8.320,276.000,471.600,99.000,16.900
2018-08-10 08:00:00,7.920,453.000,671.800,107.000,17.700
2018-08-10 09:00:00,7.960,566.000,704.900,119.000,19.100
2018-08-10 10:00:00,6.670,594.000,644.600,127.000,19.800
2018-08-10 11:00:00,6.370,527.000,469.300,161.000,20.300
2018-08-10 12:00:00,6.570,588.000,492.100,196.000,21.300
2018-08-10 13:00:00,6.900,579.000,535.200,165.000,22.300
2018-08-10 14:00:00,6.710,560.000,606.700,128.000,22.900
2018-08-10 15:00:00,6.820,445.000,502.800,135.000,22.800
2018-08-10 16:00:00,7.050,345.000,454.100,121.000,22.600
2018-08-10 17:00:00,6.540,194.000,265.100,101.000,22.400
2018-08-10 18:00:00,4.840,125.000,362.100,53.000,21.700
2018-08-10 19:00:00,3.720,22.000,106.300,14.000,18.800
2018-08-10 20:00:00,3.330,0.000,0.000,0.000,16.800
2018-08-10 21:00:00,3.810,0.000,0.000,0.000,15.400
2018-08-10 22:00:00,5.380,0.000,0.000,0.000,14.400
2018-08-10 23:00:00,6.000,0.000,0.000,0.000,14.500
2018-08-11 00:00:00,6.570,0.000,0.000,0.000,14.200
2018-08-11 01:00:00,7.060,0.000,0.000,0.000,14.400
2018-08-11 02:00:00,7.220,0.000,0.000,0.000,14.300
2018-08-11 03:00:00,7.290,0.000,0.000,0.000,14.800
2018-08-11 04:00:00,7.050,0.000,0.000,0.000,14.800
2018-08-11 05:00:00,7.000,23.000,104.300,14.000,13.100
2018-08-11 06:00:00,7.210,55.000,90.500,35.000,13.000
2018-08-11 07:00:00,8.600,191.000,298.400,80.000,14.500
2018-08-11 08:00:00,8.540,288.000,339.900,114.000,15.900
2018-08-11 09:00:00,8.710,500.000,560.900,146.000,17.400
2018-08-11 10:00:00,8.960,592.000,607.100,154.000,18.700
2018-08-11 11:00:00,9.160,581.000,525.100,173.000,19.200
2018-08-11 12:00:00,9.760,574.000,473.800,198.000,19.900
2018-08-11 13:00:00,10.050,404.000,202.500,248.000,19.500
2018-08-11 14:00:00,9.580,365.000,237.100,197.000,20.000
2018-08-11 15:00:00,9.500,330.000,186.000,216.000,19.800
2018-08-11 16:00:00,8.620,142.000,71.500,107.000,19.700
2018-08-11 17:00:00,8.080,138.000,149.900,86.000,19.600
2018-08-11 18:00:00,6.230,73.000,138.800,46.000,19.000
2018-08-11 19:00:00,5.230,15.000,54.700,11.000,17.800
2018-08-11 20:00:00,4.610,0.000,0.000,0.000,16.000
2018-08-11 21:00:00,3.900,0.000,0.000,0.000,14.800
2018-08-11 22:00:00,2.930,0.000,0.000,0.000,12.300
2018-08-11 23:00:00,3.180,0.000,0.000,0.000,11.300
2018-08-12 00:00:00,3.720,0.000,0.000,0.000,10.900
2018-08-12 01:00:00,4.600,0.000,0.000,0.000,11.100
2018-08-12 02:00:00,4.800,0.000,0.000,0.000,11.100
2018-08-12 03:00:00,4.550,0.000,0.000,0.000,11.500
2018-08-12 04:00:00,4.390,0.000,0.000,0.000,11.100
2018-08-12 05:00:00,4.560,32.000,153.600,19.000,11.600
2018-08-12 06:00:00,4.490,147.000,381.600,64.000,13.700
2018-08-12 07:00:00,3.580,287.000,501.800,102.000,16.700
2018-08-12 08:00:00,3.970,437.000,619.200,122.000,19.100
2018-08-12 09:00:00,4.810,559.000,664.000,142.000,20.900
2018-08-12 10:00:00,4.050,672.000,765.500,122.000,22.400
2018-08-12 11:00:00,3.580,738.000,788.200,128.000,23.600
2018-08-12 12:00:00,3.280,750.000,779.300,134.000,24.700
2018-08-12 13:00:00,3.360,642.000,624.500,163.000,25.300
2018-08-12 14:00:00,3.250,570.000,595.500,150.000,26.000
2018-08-12 15:00:00,2.420,444.000,528.500,122.000,26.400
2018-08-12 16:00:00,1.530,381.000,535.500,121.000,26.600
2018-08-12 17:00:00,1.320,265.000,545.800,78.000,26.200
2018-08-12 18:00:00,0.730,124.000,378.600,52.000,24.500
2018-08-12 19:00:00,2.330,19.000,56.300,15.000,20.900
2018-08-12 20:00:00,3.800,0.000,0.000,0.000,19.700
2018-08-12 21:00:00,4.840,0.000,0.000,0.000,18.800
2018-08-12 22:00:00,4.830,0.000,0.000,0.000,17.800
2018-08-12 23:00:00,4.240,0.000,0.000,0.000,17.100
2018-08-13 00:00:00,4.320,0.000,0.000,0.000,16.300
2018-08-13 01:00:00,4.120,0.000,0.000,0.000,15.600
2018-08-13 02:00:00,4.420,0.000,0.000,0.000,14.600
2018-08-13 03:00:00,4.730,0.000,0.000,0.000,14.200
2018-08-13 04:00:00,4.900,0.000,0.000,0.000,14.000
2018-08-13 05:00:00,4.810,28.000,168.900,14.000,15.300
2018-08-13 06:00:00,4.730,126.000,289.700,64.000,17.600
2018-08-13 07:00:00,3.910,242.000,320.200,125.000,21.000
2018-08-13 08:00:00,3.400,331.000,265.100,197.000,23.400
2018-08-13 09:00:00,4.560,438.000,265.600,272.000,25.400
2018-08-13 10:00:00,8.100,449.000,195.700,309.000,25.300
2018-08-13 11:00:00,7.540,358.000,76.500,299.000,23.600
2018-08-13 12:00:00,5.710,168.000,0.000,168.000,20.900
2018-08-13 13:00:00,6.490,88.000,1.300,87.000,20.100
2018-08-13 14:00:00,5.850,87.000,2.900,85.000,20.100
2018-08-13 15:00:00,5.920,231.000,72.700,187.000,21.300
2018-08-13 16:00:00,5.730,254.000,162.000,176.000,22.300
2018-08-13 17:00:00,5.360,177.000,209.800,106.000,22.400
2018-08-13 18:00:00,7.190,71.000,102.300,52.000,20.100
2018-08-13 19:00:00,6.860,5.000,14.500,4.000,19.100
2018-08-13 20:00:00,7.360,0.000,0.000,0.000,18.100
2018-08-13 21:00:00,7.380,0.000,0.000,0.000,17.900
2018-08-13 22:00:00,7.050,0.000,0.000,0.000,17.000
2018-08-13 23:00:00,7.820,0.000,0.000,0.000,16.800
2018-08-14 00:00:00,7.710,0.000,0.000,0.000,16.700
2018-08-14 01:00:00,7.580,0.000,0.000,0.000,16.600
2018-08-14 02:00:00,7.620,0.000,0.000,0.000,16.500
2018-08-14 03:00:00,7.690,0.000,0.000,0.000,16.300
2018-08-14 04:00:00,7.250,0.000,0.000,0.000,16.400
2018-08-14 05:00:00,7.000,15.000,12.300,14.000,16.500
2018-08-14 06:00:00,7.940,54.000,28.500,48.000,17.200
2018-08-14 07:00:00,8.600,175.000,146.400,122.000,18.100
2018-08-14 08:00:00,8.010,216.000,119.500,156.000,18.600
2018-08-14 09:00:00,7.600,166.000,98.100,105.000,19.200
2018-08-14 10:00:00,6.620,353.000,183.900,222.000,19.300
2018-08-14 11:00:00,6.310,377.000,196.700,226.000,19.700
2018-08-14 12:00:00,6.480,527.000,418.400,199.000,20.800
2018-08-14 13:00:00,9.210,505.000,413.000,191.000,20.800
2018-08-14 14:00:00,9.730,377.000,280.800,181.000,20.900
2018-08-14 15:00:00,8.530,370.000,384.000,139.000,20.900
2018-08-14 16:00:00,7.620,284.000,416.800,85.000,21.400
2018-08-14 17:00:00,8.140,147.000,236.500,68.000,21.100
2018-08-14 18:00:00,8.200,78.000,237.500,35.000,20.500
2018-08-14 19:00:00,8.030,13.000,60.100,9.000,19.400
2018-08-14 20:00:00,7.560,0.000,0.000,0.000,18.600
2018-08-14 21:00:00,7.270,0.000,0.000,0.000,18.000
2018-08-14 22:00:00,6.870,0.000,0.000,0.000,17.300
2018-08-14 23:00:00,6.200,0.000,0.000,0.000,16.900
2018-08-15 00:00:00,5.550,0.000,0.000,0.000,16.500
2018-08-15 01:00:00,5.320,0.000,0.000,0.000,16.000
2018-08-15 02:00:00,5.220,0.000,0.000,0.000,15.700
2018-08-15 03:00:00,5.120,0.000,0.000,0.000,15.200
2018-08-15 04:00:00,5.690,0.000,0.000,0.000,15.200
2018-08-15 05:00:00,5.790,21.000,100.800,13.000,15.400
2018-08-15 06:00:00,5.260,101.000,246.600,50.000,16.600
2018-08-15 07:00:00,4.720,184.000,237.100,99.000,18.000
2018-08-15 08:00:00,4.920,316.000,384.800,124.000,19.300
2018-08-15 09:00:00,4.940,379.000,371.900,149.000,20.400
2018-08-15 10:00:00,3.920,469.000,392.100,191.000,21.100
2018-08-15 11:00:00,4.000,517.000,397.700,213.000,21.800
2018-08-15 12:00:00,3.880,335.000,121.700,240.000,22.400
2018-08-15 13:00:00,3.790,324.000,60.800,278.000,23.000
2018-08-15 14:00:00,3.760,256.000,51.900,220.000,23.300
2018-08-15 15:00:00,3.960,250.000,98.700,191.000,23.400
2018-08-15 16:00:00,3.670,173.000,67.600,141.000,23.300
2018-08-15 17:00:00,3.410,195.000,327.800,87.000,23.400
2018-08-15 18:00:00,3.360,104.000,323.200,47.000,22.400
2018-08-15 19:00:00,3.890,14.000,77.900,9.000,20.000
2018-08-15 20:00:00,4.300,0.000,0.000,0.000,18.400
2018-08-15 21:00:00,4.520,0.000,0.000,0.000,17.700
2018-08-15 22:00:00,5.320,0.000,0.000,0.000,16.700
2018-08-15 23:00:00,5.280,0.000,0.000,0.000,16.200
2018-08-16 00:00:00,5.280,0.000,0.000,0.000,15.700
2018-08-16 01:00:00,5.350,0.000,0.000,0.000,15.400
2018-08-16 02:00:00,5.440,0.000,0.000,0.000,14.900
2018-08-16 03:00:00,5.120,0.000,0.000,0.000,14.700
2018-08-16 04:00:00,4.900,0.000,0.000,0.000,14.700
2018-08-16 05:00:00,5.050,21.000,116.100,12.000,14.800
2018-08-16 06:00:00,4.920,99.000,221.600,54.000,16.800
2018-08-16 07:00:00,3.920,235.000,419.700,86.000,19.500
2018-08-16 08:00:00,3.960,426.000,671.900,93.000,22.100
2018-08-16 09:00:00,4.320,549.000,721.700,105.000,23.900
2018-08-16 10:00:00,3.310,664.000,786.400,109.000,25.100
2018-08-16 11:00:00,3.800,732.000,816.000,111.000,26.000
2018-08-16 12:00:00,3.710,754.000,827.400,111.000,27.200
2018-08-16 13:00:00,3.470,727.000,815.300,113.000,28.000
2018-08-16 14:00:00,3.230,655.000,795.100,106.000,28.600
2018-08-16 15:00:00,3.040,534.000,722.800,105.000,28.800
2018-08-16 16:00:00,2.640,410.000,688.900,87.000,29.000
2018-08-16 17:00:00,2.130,240.000,495.500,79.000,28.500
2018-08-16 18:00:00,1.610,109.000,361.400,47.000,27.300
2018-08-16 19:00:00,1.920,13.000,64.700,9.000,25.200
2018-08-16 20:00:00,3.000,0.000,0.000,0.000,23.500
2018-08-16 21:00:00,4.370,0.000,0.000,0.000,22.400
2018-08-16 22:00:00,5.640,0.000,0.000,0.000,19.200
2018-08-16 23:00:00,6.530,0.000,0.000,0.000,18.600
2018-08-17 00:00:00,6.120,0.000,0.000,0.000,17.800
2018-08-17 01:00:00,5.710,0.000,0.000,0.000,17.000
2018-08-17 02:00:00,5.280,0.000,0.000,0.000,16.400
2018-08-17 03:00:00,4.920,0.000,0.000,0.000,16.000
2018-08-17 04:00:00,5.020,0.000,0.000,0.000,15.900
2018-08-17 05:00:00,4.800,21.000,118.900,12.000,16.200
2018-08-17 06:00:00,3.980,115.000,300.900,55.000,17.800
2018-08-17 07:00:00,3.980,252.000,480.800,83.000,19.400
2018-08-17 08:00:00,3.980,267.000,310.800,114.000,21.300
2018-08-17 09:00:00,4.240,425.000,459.200,144.000,22.200
2018-08-17 10:00:00,3.970,560.000,576.600,155.000,23.000
2018-08-17 11:00:00,4.080,635.000,607.200,175.000,23.700
2018-08-17 12:00:00,4.340,624.000,615.300,148.000,23.900
2018-08-17 13:00:00,5.170,566.000,443.000,234.000,24.300
2018-08-17 14:00:00,5.880,371.000,157.300,263.000,23.500
2018-08-17 15:00:00,5.880,255.000,112.000,189.000,23.400
2018-08-17 16:00:00,5.730,266.000,264.800,143.000,23.200
2018-08-17 17:00:00,5.660,153.000,134.300,110.000,22.400
2018-08-17 18:00:00,5.200,70.000,144.000,46.000,21.400
2018-08-17 19:00:00,4.480,10.000,50.500,7.000,19.900
2018-08-17 20:00:00,3.730,0.000,0.000,0.000,18.400
2018-08-17 21:00:00,3.610,0.000,0.000,0.000,17.500
2018-08-17 22:00:00,3.510,0.000,0.000,0.000,16.000
2018-08-17 23:00:00,3.810,0.000,0.000,0.000,15.200
2018-08-18 00:00:00,3.000,0.000,0.000,0.000,14.100
2018-08-18 01:00:00,1.870,0.000,0.000,0.000,13.600
2018-08-18 02:00:00,1.300,0.000,0.000,0.000,13.600
2018-08-18 03:00:00,1.530,0.000,0.000,0.000,13.600
2018-08-18 04:00:00,2.280,0.000,0.000,0.000,13.900
2018-08-18 05:00:00,2.730,21.000,121.800,12.000,12.800
2018-08-18 06:00:00,2.910,121.000,368.000,49.000,15.200
2018-08-18 07:00:00,2.020,278.000,577.700,77.000,18.200
2018-08-18 08:00:00,2.330,431.000,689.500,94.000,20.600
2018-08-18 09:00:00,3.050,555.000,739.500,105.000,21.900
2018-08-18 10:00:00,3.310,639.000,705.300,146.000,22.600
2018-08-18 11:00:00,3.670,683.000,728.000,134.000,23.500
2018-08-18 12:00:00,3.940,692.000,702.600,151.000,24.300
2018-08-18 13:00:00,4.140,698.000,761.800,130.000,25.000
2018-08-18 14:00:00,4.240,646.000,791.200,106.000,25.500
2018-08-18 15:00:00,4.440,545.000,769.100,95.000,25.600
2018-08-18 16:00:00,4.400,401.000,689.300,84.000,25.400
2018-08-18 17:00:00,4.200,240.000,516.600,77.000,24.800
2018-08-18 18:00:00,3.670,96.000,309.200,46.000,23.500
2018-08-18 19:00:00,3.930,9.000,35.100,7.000,21.100
2018-08-18 20:00:00,4.020,0.000,0.000,0.000,19.600
2018-08-18 21:00:00,4.240,0.000,0.000,0.000,18.800
2018-08-18 22:00:00,4.170,0.000,0.000,0.000,17.200
2018-08-18 23:00:00,4.220,0.000,0.000,0.000,16.200
2018-08-19 00:00:00,4.250,0.000,0.000,0.000,15.300
2018-08-19 01:00:00,3.800,0.000,0.000,0.000,14.500
2018-08-19 02:00:00,2.950,0.000,0.000,0.000,13.900
2018-08-19 03:00:00,2.210,0.000,0.000,0.000,13.500
2018-08-19 04:00:00,2.000,0.000,0.000,0.000,13.200
2018-08-19 05:00:00,3.000,19.000,97.200,12.000,13.700
2018-08-19 06:00:00,3.510,117.000,344.000,51.000,16.200
2018-08-19 07:00:00,2.440,254.000,496.600,83.000,18.700
2018-08-19 08:00:00,2.590,386.000,585.200,102.000,20.800
2018-08-19 09:00:00,3.440,525.000,672.600,118.000,22.300
2018-08-19 10:00:00,3.190,588.000,639.700,143.000,23.900
2018-08-19 11:00:00,3.640,589.000,550.200,176.000,25.000
2018-08-19 12:00:00,4.020,544.000,488.000,170.000,25.900
2018-08-19 13:00:00,4.760,709.000,799.500,116.000,27.100
2018-08-19 14:00:00,5.170,646.000,803.300,101.000,27.800
2018-08-19 15:00:00,5.440,528.000,742.100,97.000,28.100
2018-08-19 16:00:00,5.690,391.000,672.100,85.000,27.900
2018-08-19 17:00:00,5.530,240.000,556.900,67.000,27.300
2018-08-19 18:00:00,5.710,98.000,363.900,41.000,25.900
2018-08-19 19:00:00,6.080,9.000,55.100,6.000,23.400
2018-08-19 20:00:00,5.710,0.000,0.000,0.000,21.500
2018-08-19 21:00:00,5.360,0.000,0.000,0.000,20.500
2018-08-19 22:00:00,5.100,0.000,0.000,0.000,19.400
2018-08-19 23:00:00,5.300,0.000,0.000,0.000,19.300
2018-08-20 00:00:00,5.570,0.000,0.000,0.000,19.300
2018-08-20 01:00:00,5.940,0.000,0.000,0.000,19.500
2018-08-20 02:00:00,6.080,0.000,0.000,0.000,19.600
2018-08-20 03:00:00,6.320,0.000,0.000,0.000,19.500
2018-08-20 04:00:00,6.450,0.000,0.000,0.000,19.500
2018-08-20 05:00:00,6.240,7.000,14.300,6.000,19.500
2018-08-20 06:00:00,5.870,51.000,58.500,40.000,19.500
2018-08-20 07:00:00,6.940,149.000,149.700,98.000,20.000
2018-08-20 08:00:00,6.610,199.000,166.100,119.000,20.600
2018-08-20 09:00:00,7.000,256.000,162.900,158.000,21.000
2018-08-20 10:00:00,7.420,305.000,173.400,185.000,21.600
2018-08-20 11:00:00,6.790,344.000,121.800,253.000,21.800
2018-08-20 12:00:00,6.790,329.000,97.000,255.000,22.000
2018-08-20 13:00:00,6.690,246.000,48.800,210.000,22.200
2018-08-20 14:00:00,6.260,216.000,22.200,201.000,22.600
2018-08-20 15:00:00,6.070,155.000,20.800,143.000,22.400
2018-08-20 16:00:00,5.150,161.000,13.300,155.000,22.500
2018-08-20 17:00:00,4.440,90.000,62.100,71.000,22.100
2018-08-20 18:00:00,3.720,41.000,46.200,34.000,21.300
2018-08-20 19:00:00,3.830,3.000,19.100,2.000,20.700
2018-08-20 20:00:00,4.390,0.000,0.000,0.000,20.300
2018-08-20 21:00:00,4.630,0.000,0.000,0.000,19.700
2018-08-20 22:00:00,4.590,0.000,0.000,0.000,18.900
2018-08-20 23:00:00,3.790,0.000,0.000,0.000,18.300
2018-08-21 00:00:00,2.730,0.000,0.000,0.000,17.600
2018-08-21 01:00:00,2.160,0.000,0.000,0.000,16.900
2018-08-21 02:00:00,1.920,0.000,0.000,0.000,16.500
2018-08-21 03:00:00,2.010,0.000,0.000,0.000,15.800
2018-08-21 04:00:00,2.150,0.000,0.000,0.000,15.300
2018-08-21 05:00:00,2.080,16.000,87.900,10.000,15.400
2018-08-21 06:00:00,1.910,118.000,380.000,48.000,16.400
2018-08-21 07:00:00,1.880,204.000,365.000,81.000,17.800
2018-08-21 08:00:00,1.650,372.000,552.100,108.000,19.200
2018-08-21 09:00:00,0.850,461.000,575.200,117.000,20.400
2018-08-21 10:00:00,1.200,473.000,447.300,165.000,21.400
2018-08-21 11:00:00,1.300,449.000,310.700,218.000,22.400
2018-08-21 12:00:00,1.680,552.000,438.800,219.000,23.100
2018-08-21 13:00:00,1.730,651.000,688.200,146.000,24.200
2018-08-21 14:00:00,1.810,598.000,686.500,138.000,24.800
2018-08-21 15:00:00,2.100,510.000,708.200,105.000,25.200
2018-08-21 16:00:00,2.040,386.000,672.800,86.000,25.100
2018-08-21 17:00:00,1.890,224.000,512.100,70.000,24.800
2018-08-21 18:00:00,1.640,84.000,314.500,38.000,23.200
2018-08-21 19:00:00,2.210,6.000,38.200,4.000,20.600
2018-08-21 20:00:00,3.210,0.000,0.000,0.000,18.800
2018-08-21 21:00:00,4.400,0.000,0.000,0.000,17.800
2018-08-21 22:00:00,5.900,0.000,0.000,0.000,17.000
2018-08-21 23:00:00,6.460,0.000,0.000,0.000,16.500
2018-08-22 00:00:00,6.450,0.000,0.000,0.000,16.000
2018-08-22 01:00:00,5.950,0.000,0.000,0.000,15.400
2018-08-22 02:00:00,5.750,0.000,0.000,0.000,15.000
2018-08-22 03:00:00,5.810,0.000,0.000,0.000,14.500
2018-08-22 04:00:00,5.750,0.000,0.000,0.000,14.100
2018-08-22 05:00:00,5.750,15.000,90.500,9.000,14.400
2018-08-22 06:00:00,5.380,114.000,382.600,45.000,16.700
2018-08-22 07:00:00,3.960,253.000,540.100,73.000,19.600
2018-08-22 08:00:00,3.680,392.000,621.700,97.000,22.400
2018-08-22 09:00:00,3.610,502.000,647.600,117.000,24.400
2018-08-22 10:00:00,3.890,616.000,703.700,134.000,26.200
2018-08-22 11:00:00,3.800,695.000,773.300,123.000,27.500
2018-08-22 12:00:00,3.360,698.000,748.400,133.000,28.500
2018-08-22 13:00:00,2.960,669.000,738.600,130.000,29.600
2018-08-22 14:00:00,2.470,323.000,190.800,196.000,29.700
2018-08-22 15:00:00,2.060,181.000,52.900,151.000,29.800
2018-08-22 16:00:00,0.950,130.000,24.900,119.000,29.800
2018-08-22 17:00:00,1.340,114.000,108.200,82.000,29.600
2018-08-22 18:00:00,3.260,66.000,198.600,38.000,27.100
2018-08-22 19:00:00,4.940,3.000,0.000,3.000,23.400
2018-08-22 20:00:00,5.660,0.000,0.000,0.000,22.400
2018-08-22 21:00:00,5.720,0.000,0.000,0.000,21.300
2018-08-22 22:00:00,6.660,0.000,0.000,0.000,20.900
2018-08-22 23:00:00,5.540,0.000,0.000,0.000,20.000
2018-08-23 00:00:00,4.500,0.000,0.000,0.000,19.100
2018-08-23 01:00:00,3.720,0.000,0.000,0.000,17.600
2018-08-23 02:00:00,4.110,0.000,0.000,0.000,17.100
2018-08-23 03:00:00,4.440,0.000,0.000,0.000,16.400
2018-08-23 04:00:00,4.660,0.000,0.000,0.000,16.000
2018-08-23 05:00:00,4.630,14.000,77.700,9.000,15.900
2018-08-23 06:00:00,3.500,111.000,374.100,45.000,17.300
2018-08-23 07:00:00,2.440,229.000,434.000,86.000,19.200
2018-08-23 08:00:00,2.120,389.000,594.600,109.000,21.400
2018-08-23 09:00:00,2.400,495.000,595.700,143.000,23.200
2018-08-23 10:00:00,2.830,593.000,672.300,135.000,25.100
2018-08-23 11:00:00,3.640,640.000,649.500,162.000,26.400
2018-08-23 12:00:00,4.030,608.000,556.600,190.000,27.400
2018-08-23 13:00:00,4.900,595.000,607.800,154.000,28.100
2018-08-23 14:00:00,5.390,562.000,671.400,118.000,28.600
2018-08-23 15:00:00,5.530,484.000,638.100,125.000,28.800
2018-08-23 16:00:00,5.510,336.000,568.600,88.000,28.600
2018-08-23 17:00:00,5.250,197.000,433.700,71.000,27.700
2018-08-23 18:00:00,4.470,70.000,272.800,33.000,26.300
2018-08-23 19:00:00,4.700,4.000,19.100,3.000,23.900
2018-08-23 20:00:00,5.050,0.000,0.000,0.000,21.900
2018-08-23 21:00:00,4.380,0.000,0.000,0.000,20.500
2018-08-23 22:00:00,4.670,0.000,0.000,0.000,19.300
2018-08-23 23:00:00,5.700,0.000,0.000,0.000,19.200
2018-08-24 00:00:00,6.230,0.000,0.000,0.000,19.000
2018-08-24 01:00:00,6.100,0.000,0.000,0.000,18.700
2018-08-24 02:00:00,5.770,0.000,0.000,0.000,18.400
2018-08-24 03:00:00,5.180,0.000,0.000,0.000,18.200
2018-08-24 04:00:00,5.410,0.000,0.000,0.000,18.000
2018-08-24 05:00:00,6.120,5.000,0.000,5.000,17.800
2018-08-24 06:00:00,6.320,41.000,52.200,32.000,17.600
2018-08-24 07:00:00,6.000,187.000,307.000,87.000,18.100
2018-08-24 08:00:00,5.710,245.000,203.300,150.000,18.400
2018-08-24 09:00:00,5.810,235.000,81.700,187.000,18.700
2018-08-24 10:00:00,4.610,146.000,17.700,134.000,18.300
2018-08-24 11:00:00,5.560,174.000,27.300,154.000,17.800
2018-08-24 12:00:00,6.180,353.000,162.000,232.000,19.100
2018-08-24 13:00:00,7.650,527.000,557.200,125.000,20.000
2018-08-24 14:00:00,8.100,512.000,586.100,127.000,20.600
2018-08-24 15:00:00,8.250,415.000,451.700,163.000,20.900
2018-08-24 16:00:00,7.890,235.000,162.400,165.000,20.500
2018-08-24 17:00:00,7.270,138.000,73.600,117.000,19.400
2018-08-24 18:00:00,6.820,43.000,7.700,42.000,18.000
2018-08-24 19:00:00,6.550,2.000,0.000,2.000,16.800
2018-08-24 20:00:00,5.240,0.000,0.000,0.000,16.100
2018-08-24 21:00:00,4.420,0.000,0.000,0.000,15.200
2018-08-24 22:00:00,4.750,0.000,0.000,0.000,13.900
2018-08-24 23:00:00,4.460,0.000,0.000,0.000,12.800
2018-08-25 00:00:00,4.600,0.000,0.000,0.000,12.000
2018-08-25 01:00:00,5.150,0.000,0.000,0.000,12.300
2018-08-25 02:00:00,5.510,0.000,0.000,0.000,12.300
2018-08-25 03:00:00,5.190,0.000,0.000,0.000,12.200
2018-08-25 04:00:00,5.350,0.000,0.000,0.000,12.400
2018-08-25 05:00:00,5.920,8.000,0.000,8.000,12.600
2018-08-25 06:00:00,6.280,84.000,183.900,53.000,13.800
2018-08-25 07:00:00,6.480,214.000,434.900,74.000,14.500
2018-08-25 08:00:00,7.960,237.000,215.800,137.000,14.300
2018-08-25 09:00:00,6.370,173.000,104.500,112.000,13.500
2018-08-25 10:00:00,7.020,190.000,65.300,146.000,13.400
2018-08-25 11:00:00,7.430,414.000,280.100,210.000,14.500
2018-08-25 12:00:00,7.720,493.000,410.500,188.000,15.000
2018-08-25 13:00:00,7.600,589.000,541.000,201.000,15.500
2018-08-25 14:00:00,7.240,560.000,599.300,169.000,16.000
2018-08-25 15:00:00,7.060,476.000,612.900,137.000,16.400
2018-08-25 16:00:00,7.680,309.000,474.000,107.000,15.700
2018-08-25 17:00:00,7.650,157.000,289.300,76.000,14.000
2018-08-25 18:00:00,5.710,51.000,200.400,26.000,13.200
2018-08-25 19:00:00,6.200,2.000,0.000,2.000,12.200
2018-08-25 20:00:00,6.600,0.000,0.000,0.000,11.900
2018-08-25 21:00:00,6.640,0.000,0.000,0.000,11.500
2018-08-25 22:00:00,8.420,0.000,0.000,0.000,11.000
2018-08-25 23:00:00,6.990,0.000,0.000,0.000,10.700
2018-08-26 00:00:00,6.710,0.000,0.000,0.000,9.900
2018-08-26 01:00:00,6.830,0.000,0.000,0.000,9.600
2018-08-26 02:00:00,6.330,0.000,0.000,0.000,9.100
2018-08-26 03:00:00,6.790,0.000,0.000,0.000,8.900
2018-08-26 04:00:00,7.130,0.000,0.000,0.000,8.500
2018-08-26 05:00:00,6.960,11.000,68.400,7.000,8.600
2018-08-26 06:00:00,6.320,107.000,382.900,44.000,10.100
2018-08-26 07:00:00,5.880,252.000,565.900,72.000,12.000
2018-08-26 08:00:00,6.400,377.000,604.700,99.000,14.200
2018-08-26 09:00:00,6.340,458.000,622.700,97.000,15.700
2018-08-26 10:00:00,5.810,524.000,574.600,139.000,16.800
2018-08-26 11:00:00,5.170,582.000,579.900,162.000,17.800
2018-08-26 12:00:00,5.090,544.000,512.900,165.000,18.600
2018-08-26 13:00:00,5.060,434.000,336.700,194.000,18.600
2018-08-26 14:00:00,4.750,421.000,310.300,220.000,19.400
2018-08-26 15:00:00,4.660,368.000,352.000,175.000,19.500
2018-08-26 16:00:00,4.580,235.000,230.400,138.000,19.400
2018-08-26 17:00:00,3.540,183.000,367.700,82.000,18.900
2018-08-26 18:00:00,1.640,64.000,226.400,37.000,17.900
2018-08-26 19:00:00,1.840,2.000,0.000,2.000,14.900
2018-08-26 20:00:00,4.330,0.000,0.000,0.000,14.800
2018-08-26 21:00:00,6.260,0.000,0.000,0.000,14.800
2018-08-26 22:00:00,7.760,0.000,0.000,0.000,14.900
2018-08-26 23:00:00,8.000,0.000,0.000,0.000,15.000
2018-08-27 00:00:00,8.100,0.000,0.000,0.000,15.700
2018-08-27 01:00:00,8.040,0.000,0.000,0.000,16.000
2018-08-27 02:00:00,8.170,0.000,0.000,0.000,15.400
2018-08-27 03:00:00,8.910,0.000,0.000,0.000,15.200
2018-08-27 04:00:00,9.240,0.000,0.000,0.000,15.200
2018-08-27 05:00:00,9.010,1.000,0.000,1.000,15.300
2018-08-27 06:00:00,8.920,13.000,0.000,13.000,15.500
2018-08-27 07:00:00,8.940,32.000,0.000,32.000,15.600
2018-08-27 08:00:00,9.060,64.000,8.800,60.000,16.200
2018-08-27 09:00:00,9.040,89.000,10.400,83.000,15.100
2018-08-27 10:00:00,6.570,102.000,9.000,96.000,15.900
2018-08-27 11:00:00,6.490,133.000,5.600,129.000,17.100
2018-08-27 12:00:00,8.450,273.000,76.200,217.000,18.800
2018-08-27 13:00:00,8.700,325.000,170.800,204.000,19.400
2018-08-27 14:00:00,8.290,354.000,315.600,151.000,20.000
2018-08-27 15:00:00,8.680,294.000,347.800,105.000,20.200
2018-08-27 16:00:00,7.570,224.000,346.200,80.000,20.100
2018-08-27 17:00:00,8.400,124.000,241.300,59.000,19.100
2018-08-27 18:00:00,7.710,36.000,88.000,26.000,18.000
2018-08-27 19:00:00,6.900,1.000,0.000,1.000,16.900
2018-08-27 20:00:00,6.310,0.000,0.000,0.000,16.800
2018-08-27 21:00:00,6.030,0.000,0.000,0.000,16.500
2018-08-27 22:00:00,6.000,0.000,0.000,0.000,16.400
2018-08-27 23:00:00,6.230,0.000,0.000,0.000,16.000
2018-08-28 00:00:00,6.250,0.000,0.000,0.000,15.500
2018-08-28 01:00:00,6.350,0.000,0.000,0.000,15.000
2018-08-28 02:00:00,6.300,0.000,0.000,0.000,14.700
2018-08-28 03:00:00,5.940,0.000,0.000,0.000,14.400
2018-08-28 04:00:00,5.540,0.000,0.000,0.000,14.200
2018-08-28 05:00:00,5.290,6.000,18.300,5.000,14.000
2018-08-28 06:00:00,5.190,84.000,268.300,42.000,14.800
2018-08-28 07:00:00,4.310,222.000,464.000,78.000,16.100
2018-08-28 08:00:00,4.630,380.000,628.200,96.000,17.600
2018-08-28 09:00:00,4.410,491.000,648.400,120.000,19.000
2018-08-28 10:00:00,3.650,502.000,531.500,150.000,19.700
2018-08-28 11:00:00,3.610,447.000,294.600,236.000,20.500
2018-08-28 12:00:00,3.520,348.000,141.000,245.000,20.700
2018-08-28 13:00:00,3.080,248.000,68.200,200.000,21.000
2018-08-28 14:00:00,2.340,300.000,131.500,216.000,21.500
2018-08-28 15:00:00,1.390,234.000,96.600,182.000,21.500
2018-08-28 16:00:00,0.510,188.000,97.400,148.000,21.500
2018-08-28 17:00:00,0.640,122.000,159.100,80.000,21.300
2018-08-28 18:00:00,1.020,47.000,175.000,28.000,20.000
2018-08-28 19:00:00,1.900,1.000,0.000,1.000,17.400
2018-08-28 20:00:00,3.210,0.000,0.000,0.000,16.300
2018-08-28 21:00:00,4.660,0.000,0.000,0.000,15.600
2018-08-28 22:00:00,5.920,0.000,0.000,0.000,14.000
2018-08-28 23:00:00,6.400,0.000,0.000,0.000,13.200
2018-08-29 00:00:00,6.660,0.000,0.000,0.000,12.600
2018-08-29 01:00:00,6.710,0.000,0.000,0.000,12.200
2018-08-29 02:00:00,6.690,0.000,0.000,0.000,11.800
2018-08-29 03:00:00,6.630,0.000,0.000,0.000,11.700
2018-08-29 04:00:00,6.600,0.000,0.000,0.000,11.600
2018-08-29 05:00:00,6.380,8.000,38.100,6.000,11.600
2018-08-29 06:00:00,6.160,96.000,354.100,42.000,13.100
2018-08-29 07:00:00,5.330,241.000,561.300,69.000,15.700
2018-08-29 08:00:00,4.970,393.000,680.400,88.000,18.700
2018-08-29 09:00:00,4.740,528.000,754.900,99.000,21.200
2018-08-29 10:00:00,3.780,631.000,795.900,107.000,23.800
2018-08-29 11:00:00,4.480,694.000,817.100,112.000,25.400
2018-08-29 12:00:00,4.830,710.000,824.700,111.000,26.600
2018-08-29 13:00:00,4.520,673.000,789.000,121.000,27.400
2018-08-29 14:00:00,4.350,594.000,749.400,119.000,27.800
2018-08-29 15:00:00,3.960,474.000,669.100,117.000,28.100
2018-08-29 16:00:00,3.140,316.000,490.700,117.000,27.800
2018-08-29 17:00:00,1.800,178.000,375.200,81.000,26.700
2018-08-29 18:00:00,0.730,52.000,170.100,34.000,24.100
2018-08-29 19:00:00,2.090,0.000,0.000,0.000,22.500
2018-08-29 20:00:00,6.120,0.000,0.000,0.000,22.100
2018-08-29 21:00:00,7.850,0.000,0.000,0.000,21.700
2018-08-29 22:00:00,7.320,0.000,0.000,0.000,19.800
2018-08-29 23:00:00,7.070,0.000,0.000,0.000,19.000
2018-08-30 00:00:00,7.520,0.000,0.000,0.000,18.500
2018-08-30 01:00:00,7.200,0.000,0.000,0.000,17.800
2018-08-30 02:00:00,7.250,0.000,0.000,0.000,17.000
2018-08-30 03:00:00,7.290,0.000,0.000,0.000,16.300
2018-08-30 04:00:00,7.130,0.000,0.000,0.000,15.900
2018-08-30 05:00:00,6.670,1.000,0.000,1.000,15.900
2018-08-30 06:00:00,7.280,16.000,6.700,15.000,16.000
2018-08-30 07:00:00,7.820,59.000,16.500,54.000,16.200
2018-08-30 08:00:00,8.270,139.000,117.000,87.000,16.100
2018-08-30 09:00:00,8.830,277.000,274.600,122.000,16.800
2018-08-30 10:00:00,8.200,374.000,305.600,174.000,17.500
2018-08-30 11:00:00,8.430,419.000,319.100,193.000,18.200
2018-08-30 12:00:00,9.780,440.000,321.300,208.000,18.900
2018-08-30 13:00:00,10.180,424.000,345.300,184.000,19.000
2018-08-30 14:00:00,9.790,395.000,416.500,133.000,18.400
2018-08-30 15:00:00,8.320,247.000,281.900,98.000,18.000
2018-08-30 16:00:00,7.720,191.000,299.800,71.000,17.400
2018-08-30 17:00:00,6.880,105.000,185.800,58.000,17.100
2018-08-30 18:00:00,7.030,43.000,193.900,23.000,16.300
2018-08-30 19:00:00,6.860,0.000,0.000,0.000,15.400
2018-08-30 20:00:00,6.690,0.000,0.000,0.000,14.500
2018-08-30 21:00:00,6.600,0.000,0.000,0.000,13.500
2018-08-30 22:00:00,6.920,0.000,0.000,0.000,12.900
2018-08-30 23:00:00,6.480,0.000,0.000,0.000,12.300
2018-08-31 00:00:00,6.000,0.000,0.000,0.000,11.500
2018-08-31 01:00:00,5.490,0.000,0.000,0.000,10.900
2018-08-31 02:00:00,5.100,0.000,0.000,0.000,10.100
2018-08-31 03:00:00,5.230,0.000,0.000,0.000,9.600
2018-08-31 04:00:00,5.280,0.000,0.000,0.000,9.200
2018-08-31 05:00:00,5.150,5.000,19.100,4.000,9.300
2018-08-31 06:00:00,4.850,75.000,228.600,42.000,10.400
2018-08-31 07:00:00,4.330,142.000,154.100,96.000,12.400
2018-08-31 08:00:00,4.920,281.000,249.700,171.000,14.200
2018-08-31 09:00:00,4.690,382.000,335.400,194.000,15.700
2018-08-31 10:00:00,3.860,357.000,226.000,210.000,16.600
2018-08-31 11:00:00,4.130,408.000,220.200,253.000,17.400
2018-08-31 12:00:00,3.980,398.000,121.200,311.000,17.800
2018-08-31 13:00:00,4.250,294.000,68.100,247.000,18.100
2018-08-31 14:00:00,4.210,345.000,189.000,227.000,18.700
2018-08-31 15:00:00,4.300,295.000,217.800,181.000,18.900
2018-08-31 16:00:00,4.240,162.000,83.500,129.000,18.600
2018-08-31 17:00:00,3.760,80.000,56.600,66.000,17.900
2018-08-31 18:00:00,4.000,24.000,49.800,19.000,16.800
2018-08-31 19:00:00,4.390,0.000,0.000,0.000,15.200
2018-08-31 20:00:00,4.770,0.000,0.000,0.000,13.600
2018-08-31 21:00:00,4.860,0.000,0.000,0.000,12.300
2018-08-31 22:00:00,4.820,0.000,0.000,0.000,11.800
2018-08-31 23:00:00,4.780,0.000,0.000,0.000,11.200
2018-09-01 00:00:00,4.940,0.000,0.000,0.000,10.400
2018-09-01 01:00:00,4.530,0.000,0.000,0.000,9.600
2018-09-01 02:00:00,4.250,0.000,0.000,0.000,9.100
2018-09-01 03:00:00,5.160,0.000,0.000,0.000,9.000
2018-09-01 04:00:00,5.270,0.000,0.000,0.000,8.600
2018-09-01 05:00:00,4.470,5.000,19.100,4.000,8.500
2018-09-01 06:00:00,3.530,71.000,242.300,37.000,9.600
2018-09-01 07:00:00,2.280,189.000,366.600,81.000,11.800
2018-09-01 08:00:00,2.440,261.000,327.600,118.000,13.900
2018-09-01 09:00:00,2.460,356.000,380.900,144.000,15.700
2018-09-01 10:00:00,1.630,428.000,363.600,193.000,17.700
2018-09-01 11:00:00,1.300,437.000,335.800,202.000,19.000
2018-09-01 12:00:00,1.720,404.000,260.700,218.000,20.000
2018-09-01 13:00:00,2.200,400.000,306.200,190.000,20.800
2018-09-01 14:00:00,2.250,265.000,129.200,185.000,21.000
2018-09-01 15:00:00,2.510,201.000,129.200,134.000,21.300
2018-09-01 16:00:00,2.730,165.000,154.000,105.000,21.100
2018-09-01 17:00:00,3.130,107.000,177.700,64.000,20.500
2018-09-01 18:00:00,3.540,31.000,143.400,17.000,18.200
2018-09-01 19:00:00,4.350,0.000,0.000,0.000,16.600
2018-09-01 20:00:00,5.060,0.000,0.000,0.000,15.400
2018-09-01 21:00:00,5.690,0.000,0.000,0.000,14.700
2018-09-01 22:00:00,5.520,0.000,0.000,0.000,14.100
2018-09-01 23:00:00,5.330,0.000,0.000,0.000,13.200
2018-09-02 00:00:00,4.890,0.000,0.000,0.000,12.600
2018-09-02 01:00:00,5.010,0.000,0.000,0.000,11.700
2018-09-02 02:00:00,4.790,0.000,0.000,0.000,11.000
2018-09-02 03:00:00,4.630,0.000,0.000,0.000,10.200
2018-09-02 04:00:00,4.900,0.000,0.000,0.000,9.500
2018-09-02 05:00:00,5.100,4.000,19.100,3.000,9.100
2018-09-02 06:00:00,5.160,79.000,301.000,38.000,10.700
2018-09-02 07:00:00,4.030,224.000,533.400,69.000,13.900
2018-09-02 08:00:00,4.240,369.000,642.600,91.000,16.600
2018-09-02 09:00:00,4.340,514.000,752.900,98.000,18.400
2018-09-02 10:00:00,3.860,630.000,815.800,106.000,20.000
2018-09-02 11:00:00,4.200,643.000,694.400,160.000,20.900
2018-09-02 12:00:00,4.940,617.000,640.400,163.000,21.600
2018-09-02 13:00:00,5.370,482.000,390.500,216.000,21.700
2018-09-02 14:00:00,6.040,289.000,162.700,189.000,21.900
2018-09-02 15:00:00,6.400,165.000,79.900,124.000,22.100
2018-09-02 16:00:00,5.780,93.000,26.000,83.000,21.900
2018-09-02 17:00:00,5.190,69.000,97.300,46.000,21.600
2018-09-02 18:00:00,5.080,14.000,42.200,10.000,21.000
2018-09-02 19:00:00,5.480,0.000,0.000,0.000,20.300
2018-09-02 20:00:00,5.700,0.000,0.000,0.000,19.900
2018-09-02 21:00:00,5.740,0.000,0.000,0.000,19.600
2018-09-02 22:00:00,5.330,0.000,0.000,0.000,19.300
2018-09-02 23:00:00,5.060,0.000,0.000,0.000,19.100
2018-09-03 00:00:00,5.740,0.000,0.000,0.000,18.600
2018-09-03 01:00:00,6.240,0.000,0.000,0.000,18.100
2018-09-03 02:00:00,5.950,0.000,0.000,0.000,17.500
2018-09-03 03:00:00,5.950,0.000,0.000,0.000,17.000
2018-09-03 04:00:00,6.110,0.000,0.000,0.000,16.700
2018-09-03 05:00:00,5.860,2.000,0.000,2.000,16.500
2018-09-03 06:00:00,5.330,37.000,75.700,27.000,17.100
2018-09-03 07:00:00,4.650,172.000,335.000,76.000,18.500
2018-09-03 08:00:00,5.120,290.000,389.600,123.000,20.300
2018-09-03 09:00:00,5.500,342.000,362.800,143.000,22.000
2018-09-03 10:00:00,4.310,430.000,410.600,168.000,23.100
2018-09-03 11:00:00,4.230,480.000,465.800,158.000,24.100
2018-09-03 12:00:00,5.110,562.000,582.100,152.000,25.400
2018-09-03 13:00:00,5.900,574.000,651.900,133.000,26.400
2018-09-03 14:00:00,6.310,498.000,605.400,129.000,26.900
2018-09-03 15:00:00,6.230,401.000,608.400,92.000,27.100
2018-09-03 16:00:00,5.510,242.000,435.700,77.000,26.700
2018-09-03 17:00:00,5.310,114.000,299.100,45.000,25.700
2018-09-03 18:00:00,5.470,29.000,141.400,16.000,24.100
2018-09-03 19:00:00,5.690,0.000,0.000,0.000,22.900
2018-09-03 20:00:00,5.940,0.000,0.000,0.000,22.100
2018-09-03 21:00:00,6.240,0.000,0.000,0.000,21.400
2018-09-03 22:00:00,5.220,0.000,0.000,0.000,20.900
2018-09-03 23:00:00,5.120,0.000,0.000,0.000,20.100
2018-09-04 00:00:00,5.200,0.000,0.000,0.000,19.300
2018-09-04 01:00:00,5.110,0.000,0.000,0.000,18.300
2018-09-04 02:00:00,5.160,0.000,0.000,0.000,17.400
2018-09-04 03:00:00,4.890,0.000,0.000,0.000,16.700
2018-09-04 04:00:00,4.880,0.000,0.000,0.000,16.200
2018-09-04 05:00:00,4.570,3.000,0.000,3.000,15.900
2018-09-04 06:00:00,4.400,73.000,297.000,35.000,16.200
2018-09-04 07:00:00,3.510,141.000,208.900,82.000,17.200
2018-09-04 08:00:00,2.680,270.000,346.200,123.000,18.900
2018-09-04 09:00:00,2.690,406.000,376.500,201.000,20.500
2018-09-04 10:00:00,2.830,542.000,615.200,152.000,22.200
2018-09-04 11:00:00,2.700,598.000,643.400,156.000,24.000
2018-09-04 12:00:00,2.620,623.000,708.800,127.000,25.300
2018-09-04 13:00:00,2.690,575.000,632.800,150.000,25.900
2018-09-04 14:00:00,2.620,475.000,603.900,110.000,26.200
2018-09-04 15:00:00,2.840,412.000,591.000,115.000,26.100
2018-09-04 16:00:00,3.120,271.000,514.600,79.000,25.700
2018-09-04 17:00:00,3.470,154.000,440.200,55.000,24.700
2018-09-04 18:00:00,4.340,36.000,190.900,19.000,22.300
2018-09-04 19:00:00,5.380,0.000,0.000,0.000,20.300
2018-09-04 20:00:00,5.850,0.000,0.000,0.000,19.000
2018-09-04 21:00:00,6.280,0.000,0.000,0.000,17.700
2018-09-04 22:00:00,6.140,0.000,0.000,0.000,17.000
2018-09-04 23:00:00,5.510,0.000,0.000,0.000,16.000
2018-09-05 00:00:00,5.540,0.000,0.000,0.000,15.200
2018-09-05 01:00:00,5.080,0.000,0.000,0.000,14.100
2018-09-05 02:00:00,5.510,0.000,0.000,0.000,13.600
2018-09-05 03:00:00,5.220,0.000,0.000,0.000,13.100
2018-09-05 04:00:00,5.240,0.000,0.000,0.000,12.500
2018-09-05 05:00:00,5.190,2.000,0.000,2.000,12.400
2018-09-05 06:00:00,5.170,73.000,307.100,35.000,13.200
2018-09-05 07:00:00,4.920,136.000,194.000,82.000,15.000
2018-09-05 08:00:00,4.540,205.000,142.700,145.000,17.100
2018-09-05 09:00:00,4.410,366.000,364.600,169.000,18.600
2018-09-05 10:00:00,3.770,475.000,468.500,180.000,20.000
2018-09-05 11:00:00,3.810,475.000,452.700,166.000,21.500
2018-09-05 12:00:00,3.700,549.000,470.400,222.000,22.800
2018-09-05 13:00:00,3.500,496.000,524.900,146.000,23.400
2018-09-05 14:00:00,3.400,504.000,610.800,138.000,24.100
2018-09-05 15:00:00,3.510,395.000,541.100,126.000,24.500
2018-09-05 16:00:00,3.710,256.000,454.500,89.000,24.400
2018-09-05 17:00:00,4.030,121.000,260.300,64.000,23.700
2018-09-05 18:00:00,4.740,30.000,150.900,17.000,21.200
2018-09-05 19:00:00,5.120,0.000,0.000,0.000,19.300
2018-09-05 20:00:00,5.630,0.000,0.000,0.000,18.300
2018-09-05 21:00:00,6.010,0.000,0.000,0.000,17.600
2018-09-05 22:00:00,6.740,0.000,0.000,0.000,16.700
2018-09-05 23:00:00,6.450,0.000,0.000,0.000,16.100
2018-09-06 00:00:00,6.160,0.000,0.000,0.000,15.500
2018-09-06 01:00:00,6.430,0.000,0.000,0.000,14.900
2018-09-06 02:00:00,6.550,0.000,0.000,0.000,14.400
2018-09-06 03:00:00,6.280,0.000,0.000,0.000,13.800
2018-09-06 04:00:00,6.210,0.000,0.000,0.000,13.800
2018-09-06 05:00:00,6.380,2.000,0.000,2.000,13.500
2018-09-06 06:00:00,6.020,57.000,200.800,33.000,14.500
2018-09-06 07:00:00,4.900,171.000,320.900,83.000,16.700
2018-09-06 08:00:00,4.590,276.000,417.900,102.000,18.900
2018-09-06 09:00:00,4.610,442.000,598.800,121.000,21.200
2018-09-06 10:00:00,4.270,516.000,612.500,133.000,23.300
2018-09-06 11:00:00,4.520,629.000,733.000,132.000,25.000
2018-09-06 12:00:00,4.260,531.000,562.000,143.000,25.600
2018-09-06 13:00:00,3.740,472.000,486.600,150.000,25.900
2018-09-06 14:00:00,3.110,405.000,422.600,154.000,25.500
2018-09-06 15:00:00,3.330,279.000,288.800,137.000,24.400
2018-09-06 16:00:00,2.610,142.000,55.300,122.000,21.900
2018-09-06 17:00:00,2.380,76.000,61.000,63.000,20.100
2018-09-06 18:00:00,3.000,17.000,36.100,14.000,19.100
2018-09-06 19:00:00,3.140,0.000,0.000,0.000,17.700
2018-09-06 20:00:00,3.470,0.000,0.000,0.000,17.400
2018-09-06 21:00:00,3.680,0.000,0.000,0.000,16.800
2018-09-06 22:00:00,1.430,0.000,0.000,0.000,16.800
2018-09-06 23:00:00,3.210,0.000,0.000,0.000,16.800
2018-09-07 00:00:00,4.060,0.000,0.000,0.000,16.700
2018-09-07 01:00:00,4.350,0.000,0.000,0.000,16.700
2018-09-07 02:00:00,5.280,0.000,0.000,0.000,16.600
2018-09-07 03:00:00,6.300,0.000,0.000,0.000,16.300
2018-09-07 04:00:00,6.360,0.000,0.000,0.000,15.900
2018-09-07 05:00:00,5.710,1.000,0.000,1.000,15.500
2018-09-07 06:00:00,5.000,21.000,0.000,21.000,15.700
2018-09-07 07:00:00,4.880,102.000,111.100,72.000,16.300
2018-09-07 08:00:00,4.830,213.000,186.800,136.000,16.800
2018-09-07 09:00:00,4.970,386.000,494.500,123.000,17.300
2018-09-07 10:00:00,4.000,498.000,578.100,139.000,18.500
2018-09-07 11:00:00,4.530,457.000,398.000,189.000,19.600
2018-09-07 12:00:00,5.800,438.000,401.100,163.000,20.100
2018-09-07 13:00:00,7.380,401.000,389.800,145.000,20.000
2018-09-07 14:00:00,8.630,344.000,314.300,159.000,19.400
2018-09-07 15:00:00,8.690,246.000,337.400,82.000,18.200
2018-09-07 16:00:00,7.920,128.000,174.200,66.000,17.800
2018-09-07 17:00:00,7.000,83.000,193.100,43.000,17.200
2018-09-07 18:00:00,6.230,20.000,99.800,12.000,16.000
2018-09-07 19:00:00,5.640,0.000,0.000,0.000,14.500
2018-09-07 20:00:00,5.010,0.000,0.000,0.000,13.400
2018-09-07 21:00:00,4.540,0.000,0.000,0.000,12.200
2018-09-07 22:00:00,5.960,0.000,0.000,0.000,10.900
2018-09-07 23:00:00,6.440,0.000,0.000,0.000,10.900
2018-09-08 00:00:00,6.650,0.000,0.000,0.000,10.800
2018-09-08 01:00:00,7.500,0.000,0.000,0.000,11.000
2018-09-08 02:00:00,8.270,0.000,0.000,0.000,11.100
2018-09-08 03:00:00,8.360,0.000,0.000,0.000,10.800
2018-09-08 04:00:00,8.090,0.000,0.000,0.000,10.700
2018-09-08 05:00:00,7.950,1.000,0.000,1.000,10.500
2018-09-08 06:00:00,7.730,62.000,279.100,31.000,11.500
2018-09-08 07:00:00,7.000,183.000,421.200,71.000,13.200
2018-09-08 08:00:00,7.120,321.000,534.300,103.000,14.900
2018-09-08 09:00:00,7.160,461.000,653.900,116.000,16.600
2018-09-08 10:00:00,7.250,564.000,712.000,125.000,17.900
2018-09-08 11:00:00,6.710,554.000,604.000,150.000,18.800
2018-09-08 12:00:00,6.660,439.000,332.000,213.000,19.300
2018-09-08 13:00:00,6.300,284.000,98.200,220.000,19.500
2018-09-08 14:00:00,5.800,332.000,217.700,205.000,20.100
2018-09-08 15:00:00,5.710,338.000,395.500,148.000,20.300
2018-09-08 16:00:00,5.510,244.000,388.500,108.000,19.900
2018-09-08 17:00:00,4.430,121.000,298.400,61.000,19.000
2018-09-08 18:00:00,3.640,18.000,25.900,16.000,17.400
2018-09-08 19:00:00,3.220,0.000,0.000,0.000,15.900
2018-09-08 20:00:00,3.160,0.000,0.000,0.000,15.100
2018-09-08 21:00:00,3.110,0.000,0.000,0.000,14.700
2018-09-08 22:00:00,3.470,0.000,0.000,0.000,14.500
2018-09-08 23:00:00,3.760,0.000,0.000,0.000,14.500
2018-09-09 00:00:00,4.240,0.000,0.000,0.000,14.100
2018-09-09 01:00:00,3.940,0.000,0.000,0.000,13.900
2018-09-09 02:00:00,4.290,0.000,0.000,0.000,13.200
2018-09-09 03:00:00,4.840,0.000,0.000,0.000,12.800
2018-09-09 04:00:00,5.060,0.000,0.000,0.000,12.400
2018-09-09 05:00:00,5.300,1.000,0.000,1.000,11.800
2018-09-09 06:00:00,5.230,55.000,193.000,34.000,13.000
2018-09-09 07:00:00,4.140,195.000,500.600,64.000,15.400
2018-09-09 08:00:00,3.410,320.000,535.000,104.000,17.600
2018-09-09 09:00:00,3.360,455.000,653.600,113.000,19.200
2018-09-09 10:00:00,3.720,551.000,702.500,121.000,20.400
2018-09-09 11:00:00,3.620,595.000,670.000,150.000,21.400
2018-09-09 12:00:00,3.470,634.000,756.000,123.000,22.100
2018-09-09 13:00:00,3.610,606.000,762.600,113.000,22.700
2018-09-09 14:00:00,4.030,531.000,732.000,108.000,23.100
2018-09-09 15:00:00,3.960,400.000,604.500,113.000,23.000
2018-09-09 16:00:00,3.470,252.000,496.800,81.000,22.900
2018-09-09 17:00:00,2.840,111.000,276.900,57.000,22.400
2018-09-09 18:00:00,2.910,19.000,94.500,12.000,19.300
2018-09-09 19:00:00,3.380,0.000,0.000,0.000,17.300
2018-09-09 20:00:00,3.830,0.000,0.000,0.000,16.100
2018-09-09 21:00:00,4.370,0.000,0.000,0.000,15.300
2018-09-09 22:00:00,4.160,0.000,0.000,0.000,14.800
2018-09-09 23:00:00,4.850,0.000,0.000,0.000,14.500
2018-09-10 00:00:00,5.510,0.000,0.000,0.000,14.100
2018-09-10 01:00:00,6.090,0.000,0.000,0.000,13.900
2018-09-10 02:00:00,6.460,0.000,0.000,0.000,14.100
2018-09-10 03:00:00,6.740,0.000,0.000,0.000,14.000
2018-09-10 04:00:00,6.800,0.000,0.000,0.000,14.100
2018-09-10 05:00:00,6.580,0.000,0.000,0.000,14.200
2018-09-10 06:00:00,6.450,29.000,46.900,24.000,15.200
2018-09-10 07:00:00,6.470,104.000,54.400,90.000,16.900
2018-09-10 08:00:00,6.080,132.000,32.500,119.000,18.600
2018-09-10 09:00:00,5.610,229.000,86.700,184.000,19.700
2018-09-10 10:00:00,4.530,423.000,320.900,228.000,20.600
2018-09-10 11:00:00,4.480,394.000,289.600,203.000,21.500
2018-09-10 12:00:00,4.570,505.000,496.300,172.000,22.500
2018-09-10 13:00:00,6.050,404.000,263.600,235.000,22.600
2018-09-10 14:00:00,6.800,245.000,52.400,215.000,22.300
2018-09-10 15:00:00,5.800,156.000,53.300,131.000,21.800
2018-09-10 16:00:00,5.620,140.000,38.400,127.000,21.200
2018-09-10 17:00:00,5.120,56.000,15.900,53.000,20.500
2018-09-10 18:00:00,4.940,10.000,0.000,10.000,19.200
2018-09-10 19:00:00,4.120,0.000,0.000,0.000,18.100
2018-09-10 20:00:00,4.270,0.000,0.000,0.000,17.400
2018-09-10 21:00:00,4.250,0.000,0.000,0.000,17.000
2018-09-10 22:00:00,4.410,0.000,0.000,0.000,16.300
2018-09-10 23:00:00,4.950,0.000,0.000,0.000,16.100
2018-09-11 00:00:00,5.170,0.000,0.000,0.000,16.200
2018-09-11 01:00:00,6.150,0.000,0.000,0.000,16.300
2018-09-11 02:00:00,6.720,0.000,0.000,0.000,16.400
2018-09-11 03:00:00,6.950,0.000,0.000,0.000,16.300
2018-09-11 04:00:00,6.600,0.000,0.000,0.000,16.200
2018-09-11 05:00:00,6.750,0.000,0.000,0.000,16.100
2018-09-11 06:00:00,7.850,40.000,105.200,29.000,16.500
2018-09-11 07:00:00,8.530,118.000,205.400,66.000,17.300
2018-09-11 08:00:00,9.540,210.000,205.000,129.000,18.200
2018-09-11 09:00:00,9.290,354.000,402.300,147.000,19.200
2018-09-11 10:00:00,8.040,475.000,446.100,206.000,20.700
2018-09-11 11:00:00,8.280,521.000,456.700,222.000,22.300
2018-09-11 12:00:00,8.880,599.000,651.700,165.000,24.000
2018-09-11 13:00:00,9.390,519.000,575.500,153.000,24.800
2018-09-11 14:00:00,9.380,482.000,608.600,137.000,25.400
2018-09-11 15:00:00,8.830,341.000,472.700,122.000,25.500
2018-09-11 16:00:00,8.100,189.000,334.100,78.000,25.100
2018-09-11 17:00:00,7.470,76.000,175.100,44.000,24.600
2018-09-11 18:00:00,7.450,10.000,29.400,8.000,23.600
2018-09-11 19:00:00,7.270,0.000,0.000,0.000,22.900
2018-09-11 20:00:00,7.060,0.000,0.000,0.000,22.600
2018-09-11 21:00:00,6.710,0.000,0.000,0.000,22.100
2018-09-11 22:00:00,6.430,0.000,0.000,0.000,20.500
2018-09-11 23:00:00,6.450,0.000,0.000,0.000,19.700
2018-09-12 00:00:00,6.620,0.000,0.000,0.000,19.300
2018-09-12 01:00:00,6.750,0.000,0.000,0.000,18.700
2018-09-12 02:00:00,6.760,0.000,0.000,0.000,18.000
2018-09-12 03:00:00,6.720,0.000,0.000,0.000,17.600
2018-09-12 04:00:00,6.520,0.000,0.000,0.000,17.300
2018-09-12 05:00:00,6.320,0.000,0.000,0.000,17.100
2018-09-12 06:00:00,6.520,36.000,136.700,22.000,17.300
2018-09-12 07:00:00,6.330,77.000,104.500,51.000,18.400
2018-09-12 08:00:00,6.880,188.000,281.500,78.000,19.300
2018-09-12 09:00:00,7.490,296.000,366.600,109.000,20.200
2018-09-12 10:00:00,6.910,395.000,439.500,132.000,21.000
2018-09-12 11:00:00,6.020,298.000,252.400,134.000,19.400
2018-09-12 12:00:00,5.470,214.000,62.000,173.000,18.300
2018-09-12 13:00:00,5.660,164.000,33.300,143.000,17.600
2018-09-12 14:00:00,5.350,155.000,74.800,113.000,17.000
2018-09-12 15:00:00,4.660,81.000,17.500,73.000,16.400
2018-09-12 16:00:00,4.520,34.000,0.000,34.000,15.800
2018-09-12 17:00:00,4.570,9.000,0.000,9.000,15.100
2018-09-12 18:00:00,4.300,1.000,0.000,1.000,14.800
2018-09-12 19:00:00,3.630,0.000,0.000,0.000,14.800
2018-09-12 20:00:00,3.300,0.000,0.000,0.000,14.600
2018-09-12 21:00:00,2.900,0.000,0.000,0.000,14.200
2018-09-12 22:00:00,2.210,0.000,0.000,0.000,14.000
2018-09-12 23:00:00,2.410,0.000,0.000,0.000,13.700
2018-09-13 00:00:00,2.240,0.000,0.000,0.000,13.300
2018-09-13 01:00:00,2.190,0.000,0.000,0.000,13.000
2018-09-13 02:00:00,1.980,0.000,0.000,0.000,12.700
2018-09-13 03:00:00,2.150,0.000,0.000,0.000,12.500
2018-09-13 04:00:00,2.590,0.000,0.000,0.000,12.400
2018-09-13 05:00:00,3.200,0.000,0.000,0.000,12.100
2018-09-13 06:00:00,3.470,16.000,59.800,10.000,11.800
2018-09-13 07:00:00,3.550,41.000,45.000,30.000,12.600
2018-09-13 08:00:00,3.020,49.000,10.400,45.000,13.200
2018-09-13 09:00:00,2.770,77.000,11.900,71.000,13.800
2018-09-13 10:00:00,2.690,122.000,23.600,108.000,14.000
2018-09-13 11:00:00,3.440,170.000,80.600,118.000,14.300
2018-09-13 12:00:00,2.910,263.000,122.000,183.000,14.900
2018-09-13 13:00:00,1.910,249.000,140.700,161.000,15.400
2018-09-13 14:00:00,1.220,257.000,165.600,165.000,16.000
2018-09-13 15:00:00,1.120,124.000,6.600,121.000,15.800
2018-09-13 16:00:00,0.860,71.000,3.100,70.000,15.700
2018-09-13 17:00:00,0.220,32.000,5.900,31.000,15.600
2018-09-13 18:00:00,0.630,8.000,32.400,6.000,14.500
2018-09-13 19:00:00,1.260,0.000,0.000,0.000,12.800
2018-09-13 20:00:00,1.730,0.000,0.000,0.000,12.600
2018-09-13 21:00:00,2.000,0.000,0.000,0.000,11.900
2018-09-13 22:00:00,2.060,0.000,0.000,0.000,10.800
2018-09-13 23:00:00,1.770,0.000,0.000,0.000,10.600
2018-09-14 00:00:00,2.060,0.000,0.000,0.000,10.000
2018-09-14 01:00:00,2.280,0.000,0.000,0.000,9.500
2018-09-14 02:00:00,2.060,0.000,0.000,0.000,9.400
2018-09-14 03:00:00,2.000,0.000,0.000,0.000,8.600
2018-09-14 04:00:00,2.190,0.000,0.000,0.000,8.300
2018-09-14 05:00:00,2.560,0.000,0.000,0.000,8.400
2018-09-14 06:00:00,2.500,39.000,183.400,21.000,8.900
2018-09-14 07:00:00,1.840,131.000,312.200,56.000,10.800
2018-09-14 08:00:00,1.780,248.000,366.400,108.000,12.800
2018-09-14 09:00:00,2.110,382.000,510.900,126.000,14.900
2018-09-14 10:00:00,2.300,451.000,468.500,175.000,16.600
2018-09-14 11:00:00,2.550,533.000,609.300,143.000,17.800
2018-09-14 12:00:00,2.620,421.000,312.000,218.000,18.400
2018-09-14 13:00:00,2.830,297.000,95.200,238.000,18.700
2018-09-14 14:00:00,3.020,351.000,261.800,207.000,19.400
2018-09-14 15:00:00,3.220,266.000,213.100,171.000,19.300
2018-09-14 16:00:00,3.670,167.000,181.500,110.000,19.000
2018-09-14 17:00:00,3.260,75.000,170.600,47.000,17.800
2018-09-14 18:00:00,2.690,8.000,34.100,6.000,15.400
2018-09-14 19:00:00,2.820,0.000,0.000,0.000,13.400
2018-09-14 20:00:00,3.610,0.000,0.000,0.000,12.600
2018-09-14 21:00:00,4.490,0.000,0.000,0.000,12.700
2018-09-14 22:00:00,6.240,0.000,0.000,0.000,12.700
2018-09-14 23:00:00,6.140,0.000,0.000,0.000,12.700
2018-09-15 00:00:00,5.750,0.000,0.000,0.000,12.400
2018-09-15 01:00:00,6.110,0.000,0.000,0.000,12.100
2018-09-15 02:00:00,6.610,0.000,0.000,0.000,12.000
2018-09-15 03:00:00,6.870,0.000,0.000,0.000,11.700
2018-09-15 04:00:00,7.300,0.000,0.000,0.000,11.400
2018-09-15 05:00:00,7.320,0.000,0.000,0.000,11.200
2018-09-15 06:00:00,7.130,40.000,198.000,21.000,11.700
2018-09-15 07:00:00,6.370,148.000,373.100,60.000,13.700
2018-09-15 08:00:00,6.550,270.000,471.300,92.000,15.400
2018-09-15 09:00:00,7.270,355.000,457.200,128.000,16.700
2018-09-15 10:00:00,6.540,440.000,487.700,155.000,17.900
2018-09-15 11:00:00,6.580,505.000,587.200,132.000,18.500
2018-09-15 12:00:00,7.030,433.000,447.800,144.000,18.200
2018-09-15 13:00:00,7.210,358.000,338.500,150.000,18.300
2018-09-15 14:00:00,7.100,280.000,301.300,116.000,18.600
2018-09-15 15:00:00,7.000,316.000,491.100,100.000,18.900
2018-09-15 16:00:00,6.110,140.000,246.800,64.000,18.300
2018-09-15 17:00:00,5.380,61.000,183.700,32.000,17.800
2018-09-15 18:00:00,4.780,6.000,18.000,5.000,16.500
2018-09-15 19:00:00,4.210,0.000,0.000,0.000,14.900
2018-09-15 20:00:00,3.960,0.000,0.000,0.000,13.400
2018-09-15 21:00:00,3.960,0.000,0.000,0.000,12.300
2018-09-15 22:00:00,3.760,0.000,0.000,0.000,11.600
2018-09-15 23:00:00,3.010,0.000,0.000,0.000,10.400
2018-09-16 00:00:00,2.610,0.000,0.000,0.000,10.000
2018-09-16 01:00:00,2.660,0.000,0.000,0.000,9.500
2018-09-16 02:00:00,3.260,0.000,0.000,0.000,9.100
2018-09-16 03:00:00,4.220,0.000,0.000,0.000,8.800
2018-09-16 04:00:00,4.300,0.000,0.000,0.000,8.800
2018-09-16 05:00:00,4.510,0.000,0.000,0.000,8.900
2018-09-16 06:00:00,4.830,38.000,138.600,25.000,9.700
2018-09-16 07:00:00,4.220,160.000,419.100,63.000,12.300
2018-09-16 08:00:00,3.300,292.000,527.800,95.000,15.300
2018-09-16 09:00:00,3.350,423.000,652.500,102.000,17.800
2018-09-16 10:00:00,3.400,507.000,672.800,117.000,19.200
2018-09-16 11:00:00,3.640,555.000,642.600,150.000,20.500
2018-09-16 12:00:00,3.940,567.000,615.400,173.000,21.300
2018-09-16 13:00:00,3.880,495.000,474.500,206.000,21.600
2018-09-16 14:00:00,3.860,456.000,538.400,166.000,21.900
2018-09-16 15:00:00,3.770,362.000,580.800,110.000,22.000
2018-09-16 16:00:00,3.290,224.000,447.200,89.000,21.800
2018-09-16 17:00:00,3.700,82.000,178.000,55.000,20.300
2018-09-16 18:00:00,4.100,6.000,0.000,6.000,17.800
2018-09-16 19:00:00,4.230,0.000,0.000,0.000,16.400
2018-09-16 20:00:00,4.150,0.000,0.000,0.000,15.300
2018-09-16 21:00:00,4.270,0.000,0.000,0.000,14.500
2018-09-16 22:00:00,4.790,0.000,0.000,0.000,13.700
2018-09-16 23:00:00,5.190,0.000,0.000,0.000,12.700
2018-09-17 00:00:00,5.590,0.000,0.000,0.000,12.000
2018-09-17 01:00:00,5.520,0.000,0.000,0.000,11.000
2018-09-17 02:00:00,5.520,0.000,0.000,0.000,10.500
2018-09-17 03:00:00,5.860,0.000,0.000,0.000,10.700
2018-09-17 04:00:00,5.690,0.000,0.000,0.000,10.200
2018-09-17 05:00:00,5.320,0.000,0.000,0.000,9.800
2018-09-17 06:00:00,5.320,39.000,174.600,23.000,10.800
2018-09-17 07:00:00,4.880,149.000,312.700,78.000,13.700
2018-09-17 08:00:00,3.330,284.000,463.700,113.000,16.800
2018-09-17 09:00:00,2.970,399.000,496.500,157.000,19.600
2018-09-17 10:00:00,2.280,494.000,547.900,179.000,21.800
2018-09-17 11:00:00,2.640,582.000,713.300,136.000,23.500
2018-09-17 12:00:00,3.330,607.000,784.200,109.000,24.600
2018-09-17 13:00:00,3.680,569.000,758.900,111.000,25.100
2018-09-17 14:00:00,3.540,483.000,696.200,112.000,25.600
2018-09-17 15:00:00,3.110,363.000,609.900,102.000,25.700
2018-09-17 16:00:00,2.280,220.000,449.700,87.000,25.200
2018-09-17 17:00:00,1.630,88.000,275.000,48.000,23.100
2018-09-17 18:00:00,2.010,6.000,19.100,5.000,19.100
2018-09-17 19:00:00,3.580,0.000,0.000,0.000,17.500
2018-09-17 20:00:00,5.190,0.000,0.000,0.000,16.200
2018-09-17 21:00:00,6.190,0.000,0.000,0.000,15.100
2018-09-17 22:00:00,6.710,0.000,0.000,0.000,14.400
2018-09-17 23:00:00,6.550,0.000,0.000,0.000,13.600
2018-09-18 00:00:00,6.400,0.000,0.000,0.000,13.300
2018-09-18 01:00:00,6.710,0.000,0.000,0.000,13.100
2018-09-18 02:00:00,6.800,0.000,0.000,0.000,13.100
2018-09-18 03:00:00,6.920,0.000,0.000,0.000,12.800
2018-09-18 04:00:00,7.140,0.000,0.000,0.000,12.600
2018-09-18 05:00:00,7.260,0.000,0.000,0.000,12.500
2018-09-18 06:00:00,7.320,37.000,201.300,19.000,13.400
2018-09-18 07:00:00,7.200,161.000,467.100,57.000,17.000
2018-09-18 08:00:00,6.300,305.000,623.200,78.000,20.600
2018-09-18 09:00:00,5.810,434.000,708.400,92.000,23.800
2018-09-18 10:00:00,4.900,532.000,756.000,101.000,26.400
2018-09-18 11:00:00,5.510,588.000,777.100,106.000,28.200
2018-09-18 12:00:00,6.000,599.000,781.300,107.000,29.600
2018-09-18 13:00:00,6.360,561.000,765.900,103.000,30.500
2018-09-18 14:00:00,6.740,478.000,724.600,96.000,31.000
2018-09-18 15:00:00,6.650,360.000,651.700,85.000,31.100
2018-09-18 16:00:00,6.330,221.000,531.600,67.000,30.600
2018-09-18 17:00:00,6.710,85.000,337.600,38.000,28.700
2018-09-18 18:00:00,6.960,5.000,19.100,4.000,25.800
2018-09-18 19:00:00,6.960,0.000,0.000,0.000,24.200
2018-09-18 20:00:00,7.300,0.000,0.000,0.000,23.000
2018-09-18 21:00:00,7.040,0.000,0.000,0.000,21.800
2018-09-18 22:00:00,6.380,0.000,0.000,0.000,20.300
2018-09-18 23:00:00,5.050,0.000,0.000,0.000,18.700
2018-09-19 00:00:00,4.440,0.000,0.000,0.000,17.200
2018-09-19 01:00:00,4.300,0.000,0.000,0.000,16.200
2018-09-19 02:00:00,4.660,0.000,0.000,0.000,15.400
2018-09-19 03:00:00,5.420,0.000,0.000,0.000,15.000
2018-09-19 04:00:00,5.640,0.000,0.000,0.000,14.600
2018-09-19 05:00:00,5.990,0.000,0.000,0.000,14.400
2018-09-19 06:00:00,5.920,28.000,45.900,24.000,15.000
2018-09-19 07:00:00,4.880,150.000,435.300,55.000,17.600
2018-09-19 08:00:00,4.080,288.000,578.100,80.000,19.900
2018-09-19 09:00:00,4.120,415.000,667.200,96.000,22.000
2018-09-19 10:00:00,3.220,513.000,723.600,104.000,24.000
2018-09-19 11:00:00,4.980,569.000,749.400,108.000,25.400
2018-09-19 12:00:00,7.120,581.000,759.000,107.000,26.600
2018-09-19 13:00:00,7.080,516.000,675.100,116.000,27.900
2018-09-19 14:00:00,6.370,174.000,53.700,146.000,27.400
2018-09-19 15:00:00,6.300,187.000,127.400,134.000,27.700
2018-09-19 16:00:00,6.170,161.000,352.600,61.000,27.200
2018-09-19 17:00:00,6.090,76.000,308.200,35.000,26.200
2018-09-19 18:00:00,6.080,4.000,19.100,3.000,23.900
2018-09-19 19:00:00,5.900,0.000,0.000,0.000,22.100
2018-09-19 20:00:00,5.800,0.000,0.000,0.000,21.100
2018-09-19 21:00:00,6.260,0.000,0.000,0.000,20.200
2018-09-19 22:00:00,7.010,0.000,0.000,0.000,19.700
2018-09-19 23:00:00,6.710,0.000,0.000,0.000,19.100
2018-09-20 00:00:00,6.280,0.000,0.000,0.000,18.700
2018-09-20 01:00:00,5.980,0.000,0.000,0.000,18.100
2018-09-20 02:00:00,5.940,0.000,0.000,0.000,17.400
2018-09-20 03:00:00,6.300,0.000,0.000,0.000,16.700
2018-09-20 04:00:00,6.750,0.000,0.000,0.000,16.300
2018-09-20 05:00:00,6.800,0.000,0.000,0.000,15.800
2018-09-20 06:00:00,6.760,29.000,141.200,17.000,16.000
2018-09-20 07:00:00,6.370,137.000,392.900,53.000,18.200
2018-09-20 08:00:00,5.470,277.000,554.500,80.000,20.700
2018-09-20 09:00:00,6.020,379.000,597.700,96.000,22.600
2018-09-20 10:00:00,5.940,457.000,597.800,122.000,24.000
2018-09-20 11:00:00,6.970,424.000,444.200,153.000,24.700
2018-09-20 12:00:00,7.640,454.000,452.200,174.000,25.400
2018-09-20 13:00:00,6.940,500.000,589.500,154.000,26.000
2018-09-20 14:00:00,6.740,333.000,300.600,178.000,25.900
2018-09-20 15:00:00,6.480,288.000,324.300,155.000,26.100
2018-09-20 16:00:00,5.520,169.000,291.900,88.000,25.600
2018-09-20 17:00:00,4.840,73.000,283.800,37.000,24.300
2018-09-20 18:00:00,5.190,3.000,19.100,2.000,21.300
2018-09-20 19:00:00,5.820,0.000,0.000,0.000,20.000
2018-09-20 20:00:00,6.040,0.000,0.000,0.000,19.000
2018-09-20 21:00:00,6.400,0.000,0.000,0.000,18.700
2018-09-20 22:00:00,7.350,0.000,0.000,0.000,18.300
2018-09-20 23:00:00,7.760,0.000,0.000,0.000,18.600
2018-09-21 00:00:00,8.250,0.000,0.000,0.000,18.700
2018-09-21 01:00:00,8.420,0.000,0.000,0.000,18.700
2018-09-21 02:00:00,8.710,0.000,0.000,0.000,18.900
2018-09-21 03:00:00,9.050,0.000,0.000,0.000,19.200
2018-09-21 04:00:00,9.240,0.000,0.000,0.000,19.600
2018-09-21 05:00:00,9.980,0.000,0.000,0.000,19.800
2018-09-21 06:00:00,10.610,28.000,132.900,17.000,20.600
2018-09-21 07:00:00,11.300,128.000,262.700,73.000,22.400
2018-09-21 08:00:00,9.870,200.000,216.700,124.000,24.000
2018-09-21 09:00:00,10.340,247.000,93.900,203.000,24.500
2018-09-21 10:00:00,10.730,249.000,52.200,220.000,24.500
2018-09-21 11:00:00,11.600,255.000,31.400,236.000,23.400
2018-09-21 12:00:00,13.390,274.000,122.200,199.000,18.100
2018-09-21 13:00:00,11.530,105.000,10.300,99.000,14.000
2018-09-21 14:00:00,9.680,53.000,5.900,50.000,13.900
2018-09-21 15:00:00,9.600,152.000,148.400,92.000,14.700
2018-09-21 16:00:00,9.790,137.000,210.000,80.000,15.100
2018-09-21 17:00:00,9.670,56.000,174.000,35.000,14.900
2018-09-21 18:00:00,10.180,2.000,0.000,2.000,14.000
2018-09-21 19:00:00,10.500,0.000,0.000,0.000,12.900
2018-09-21 20:00:00,10.470,0.000,0.000,0.000,11.800
2018-09-21 21:00:00,10.300,0.000,0.000,0.000,11.400
2018-09-21 22:00:00,11.140,0.000,0.000,0.000,11.400
2018-09-21 23:00:00,10.820,0.000,0.000,0.000,11.300
2018-09-22 00:00:00,10.880,0.000,0.000,0.000,11.100
2018-09-22 01:00:00,11.530,0.000,0.000,0.000,10.900
2018-09-22 02:00:00,12.030,0.000,0.000,0.000,10.800
2018-09-22 03:00:00,10.980,0.000,0.000,0.000,10.800
2018-09-22 04:00:00,9.490,0.000,0.000,0.000,10.700
2018-09-22 05:00:00,8.820,0.000,0.000,0.000,10.600
2018-09-22 06:00:00,8.840,22.000,111.700,13.000,10.600
2018-09-22 07:00:00,8.280,119.000,331.900,51.000,11.600
2018-09-22 08:00:00,9.350,238.000,430.400,89.000,12.900
2018-09-22 09:00:00,10.120,309.000,359.800,142.000,14.000
2018-09-22 10:00:00,9.310,387.000,437.700,146.000,14.900
2018-09-22 11:00:00,9.200,431.000,373.400,207.000,15.800
2018-09-22 12:00:00,9.130,346.000,226.800,208.000,16.100
2018-09-22 13:00:00,9.120,356.000,220.500,229.000,15.400
2018-09-22 14:00:00,9.900,314.000,216.200,205.000,15.100
2018-09-22 15:00:00,9.460,159.000,50.200,139.000,14.900
2018-09-22 16:00:00,8.570,88.000,11.300,85.000,13.000
2018-09-22 17:00:00,7.710,14.000,0.000,14.000,11.400
2018-09-22 18:00:00,7.220,0.000,0.000,0.000,10.700
2018-09-22 19:00:00,6.990,0.000,0.000,0.000,10.300
2018-09-22 20:00:00,6.930,0.000,0.000,0.000,10.200
2018-09-22 21:00:00,6.990,0.000,0.000,0.000,9.900
2018-09-22 22:00:00,6.280,0.000,0.000,0.000,10.000
2018-09-22 23:00:00,6.180,0.000,0.000,0.000,10.000
2018-09-23 00:00:00,6.360,0.000,0.000,0.000,9.600
2018-09-23 01:00:00,6.080,0.000,0.000,0.000,9.500
2018-09-23 02:00:00,5.160,0.000,0.000,0.000,9.300
2018-09-23 03:00:00,4.610,0.000,0.000,0.000,9.000
2018-09-23 04:00:00,4.550,0.000,0.000,0.000,8.700
2018-09-23 05:00:00,4.000,0.000,0.000,0.000,9.000
2018-09-23 06:00:00,3.220,12.000,51.100,8.000,9.400
2018-09-23 07:00:00,2.380,24.000,0.000,24.000,10.000
2018-09-23 08:00:00,1.360,39.000,17.600,33.000,10.700
2018-09-23 09:00:00,1.530,52.000,0.000,52.000,11.100
2018-09-23 10:00:00,3.030,123.000,9.200,118.000,11.700
2018-09-23 11:00:00,2.530,120.000,1.700,119.000,11.600
2018-09-23 12:00:00,3.550,63.000,0.000,63.000,11.100
2018-09-23 13:00:00,6.090,31.000,0.000,31.000,10.800
2018-09-23 14:00:00,5.830,19.000,0.000,19.000,10.300
2018-09-23 15:00:00,6.320,15.000,0.000,15.000,10.100
2018-09-23 16:00:00,7.030,13.000,0.000,13.000,9.800
2018-09-23 17:00:00,7.910,6.000,0.000,6.000,9.500
2018-09-23 18:00:00,7.510,0.000,0.000,0.000,9.000
2018-09-23 19:00:00,6.790,0.000,0.000,0.000,9.000
2018-09-23 20:00:00,7.420,0.000,0.000,0.000,9.000
2018-09-23 21:00:00,8.390,0.000,0.000,0.000,8.900
2018-09-23 22:00:00,8.580,0.000,0.000,0.000,8.500
2018-09-23 23:00:00,8.920,0.000,0.000,0.000,8.400
2018-09-24 00:00:00,9.180,0.000,0.000,0.000,8.300
2018-09-24 01:00:00,9.370,0.000,0.000,0.000,8.100
2018-09-24 02:00:00,9.170,0.000,0.000,0.000,8.100
2018-09-24 03:00:00,9.490,0.000,0.000,0.000,8.100
2018-09-24 04:00:00,9.560,0.000,0.000,0.000,7.900
2018-09-24 05:00:00,9.660,0.000,0.000,0.000,8.100
2018-09-24 06:00:00,9.740,17.000,78.900,11.000,7.800
2018-09-24 07:00:00,9.240,97.000,229.700,52.000,8.700
2018-09-24 08:00:00,10.720,220.000,388.800,89.000,10.000
2018-09-24 09:00:00,11.200,345.000,541.200,99.000,11.000
2018-09-24 10:00:00,9.930,445.000,582.600,130.000,11.500
2018-09-24 11:00:00,8.900,487.000,632.700,114.000,11.600
2018-09-24 12:00:00,8.250,490.000,565.600,152.000,12.000
2018-09-24 13:00:00,9.920,468.000,561.600,151.000,11.000
2018-09-24 14:00:00,8.990,275.000,266.100,144.000,9.800
2018-09-24 15:00:00,9.640,252.000,422.200,89.000,10.800
2018-09-24 16:00:00,9.150,150.000,312.300,71.000,10.800
2018-09-24 17:00:00,8.810,55.000,244.700,29.000,9.800
2018-09-24 18:00:00,8.040,0.000,0.000,0.000,8.900
2018-09-24 19:00:00,7.660,0.000,0.000,0.000,8.100
2018-09-24 20:00:00,7.270,0.000,0.000,0.000,7.500
2018-09-24 21:00:00,6.750,0.000,0.000,0.000,7.100
2018-09-24 22:00:00,6.580,0.000,0.000,0.000,6.600
2018-09-24 23:00:00,6.650,0.000,0.000,0.000,6.200
2018-09-25 00:00:00,7.020,0.000,0.000,0.000,5.900
2018-09-25 01:00:00,7.020,0.000,0.000,0.000,5.800
2018-09-25 02:00:00,6.990,0.000,0.000,0.000,5.500
2018-09-25 03:00:00,6.310,0.000,0.000,0.000,5.300
2018-09-25 04:00:00,6.100,0.000,0.000,0.000,5.100
2018-09-25 05:00:00,5.670,0.000,0.000,0.000,4.900
2018-09-25 06:00:00,5.350,18.000,67.700,13.000,4.900
2018-09-25 07:00:00,4.530,119.000,334.500,55.000,6.600
2018-09-25 08:00:00,3.850,196.000,279.900,103.000,8.700
2018-09-25 09:00:00,4.020,358.000,520.300,124.000,10.400
2018-09-25 10:00:00,3.200,421.000,519.000,143.000,12.100
2018-09-25 11:00:00,3.360,393.000,402.200,158.000,12.900
2018-09-25 12:00:00,3.400,490.000,567.500,154.000,13.900
2018-09-25 13:00:00,3.050,272.000,143.200,192.000,13.900
2018-09-25 14:00:00,2.500,238.000,162.400,159.000,14.100
2018-09-25 15:00:00,2.500,188.000,221.100,104.000,14.100
2018-09-25 16:00:00,2.500,110.000,166.200,69.000,13.600
2018-09-25 17:00:00,2.180,29.000,67.900,22.000,12.100
2018-09-25 18:00:00,2.620,0.000,0.000,0.000,9.900
2018-09-25 19:00:00,3.400,0.000,0.000,0.000,8.700
2018-09-25 20:00:00,4.550,0.000,0.000,0.000,8.300
2018-09-25 21:00:00,5.000,0.000,0.000,0.000,8.000
2018-09-25 22:00:00,5.980,0.000,0.000,0.000,7.700
2018-09-25 23:00:00,6.010,0.000,0.000,0.000,7.600
2018-09-26 00:00:00,6.310,0.000,0.000,0.000,6.900
2018-09-26 01:00:00,6.850,0.000,0.000,0.000,7.000
2018-09-26 02:00:00,7.070,0.000,0.000,0.000,6.800
2018-09-26 03:00:00,6.900,0.000,0.000,0.000,6.800
2018-09-26 04:00:00,7.290,0.000,0.000,0.000,6.800
2018-09-26 05:00:00,7.490,0.000,0.000,0.000,6.600
2018-09-26 06:00:00,7.690,18.000,55.900,14.000,6.900
2018-09-26 07:00:00,7.910,80.000,53.500,70.000,8.400
2018-09-26 08:00:00,7.280,195.000,183.200,135.000,10.300
2018-09-26 09:00:00,7.500,301.000,249.500,190.000,11.900
2018-09-26 10:00:00,7.060,420.000,439.100,187.000,13.600
2018-09-26 11:00:00,7.720,490.000,549.300,172.000,15.000
2018-09-26 12:00:00,8.020,500.000,543.800,181.000,16.000
2018-09-26 13:00:00,8.220,473.000,584.100,150.000,16.800
2018-09-26 14:00:00,8.510,410.000,620.300,112.000,17.500
2018-09-26 15:00:00,8.300,302.000,580.500,85.000,17.500
2018-09-26 16:00:00,8.050,167.000,445.100,60.000,17.300
2018-09-26 17:00:00,8.420,45.000,220.300,23.000,16.500
2018-09-26 18:00:00,8.670,0.000,0.000,0.000,15.800
2018-09-26 19:00:00,8.780,0.000,0.000,0.000,15.500
2018-09-26 20:00:00,8.630,0.000,0.000,0.000,15.400
2018-09-26 21:00:00,8.610,0.000,0.000,0.000,15.200
2018-09-26 22:00:00,8.300,0.000,0.000,0.000,14.800
2018-09-26 23:00:00,8.200,0.000,0.000,0.000,14.400
2018-09-27 00:00:00,8.040,0.000,0.000,0.000,14.200
2018-09-27 01:00:00,7.830,0.000,0.000,0.000,14.200
2018-09-27 02:00:00,7.600,0.000,0.000,0.000,14.000
2018-09-27 03:00:00,7.310,0.000,0.000,0.000,13.800
2018-09-27 04:00:00,6.870,0.000,0.000,0.000,13.600
2018-09-27 05:00:00,6.770,0.000,0.000,0.000,13.500
2018-09-27 06:00:00,6.710,9.000,28.900,7.000,13.400
2018-09-27 07:00:00,6.590,76.000,142.700,50.000,14.000
2018-09-27 08:00:00,5.710,176.000,275.700,87.000,15.000
2018-09-27 09:00:00,5.690,298.000,391.000,126.000,16.300
2018-09-27 10:00:00,4.940,376.000,460.500,134.000,18.700
2018-09-27 11:00:00,5.020,487.000,636.400,122.000,20.000
2018-09-27 12:00:00,5.220,531.000,731.500,106.000,21.300
2018-09-27 13:00:00,5.110,490.000,709.200,102.000,22.100
2018-09-27 14:00:00,4.840,422.000,702.000,89.000,22.700
2018-09-27 15:00:00,4.660,307.000,628.400,76.000,22.800
2018-09-27 16:00:00,4.360,172.000,486.900,58.000,21.900
2018-09-27 17:00:00,5.010,48.000,258.700,23.000,19.200
2018-09-27 18:00:00,5.520,0.000,0.000,0.000,16.500
2018-09-27 19:00:00,6.060,0.000,0.000,0.000,14.800
2018-09-27 20:00:00,6.350,0.000,0.000,0.000,13.500
2018-09-27 21:00:00,6.540,0.000,0.000,0.000,12.800
2018-09-27 22:00:00,7.100,0.000,0.000,0.000,12.000
2018-09-27 23:00:00,7.000,0.000,0.000,0.000,11.400
2018-09-28 00:00:00,7.050,0.000,0.000,0.000,10.900
2018-09-28 01:00:00,7.020,0.000,0.000,0.000,11.000
2018-09-28 02:00:00,6.090,0.000,0.000,0.000,11.300
2018-09-28 03:00:00,5.370,0.000,0.000,0.000,11.700
2018-09-28 04:00:00,5.320,0.000,0.000,0.000,12.100
2018-09-28 05:00:00,6.050,0.000,0.000,0.000,12.100
2018-09-28 06:00:00,6.610,8.000,29.900,6.000,11.800
2018-09-28 07:00:00,6.330,84.000,214.000,46.000,11.700
2018-09-28 08:00:00,5.980,192.000,364.600,76.000,12.000
2018-09-28 09:00:00,5.590,308.000,434.500,119.000,12.700
2018-09-28 10:00:00,4.960,414.000,580.400,112.000,13.700
2018-09-28 11:00:00,5.220,452.000,515.700,159.000,14.500
2018-09-28 12:00:00,6.130,547.000,750.900,115.000,15.300
2018-09-28 13:00:00,6.850,469.000,602.300,143.000,15.400
2018-09-28 14:00:00,7.480,331.000,412.100,138.000,15.200
2018-09-28 15:00:00,7.560,223.000,287.800,119.000,14.800
2018-09-28 16:00:00,6.900,135.000,285.300,70.000,14.100
2018-09-28 17:00:00,6.830,38.000,171.300,22.000,12.600
2018-09-28 18:00:00,6.960,0.000,0.000,0.000,10.800
2018-09-28 19:00:00,6.690,0.000,0.000,0.000,9.600
2018-09-28 20:00:00,6.310,0.000,0.000,0.000,8.500
2018-09-28 21:00:00,6.180,0.000,0.000,0.000,7.700
2018-09-28 22:00:00,5.690,0.000,0.000,0.000,6.800
2018-09-28 23:00:00,5.110,0.000,0.000,0.000,5.900
2018-09-29 00:00:00,4.470,0.000,0.000,0.000,5.000
2018-09-29 01:00:00,3.800,0.000,0.000,0.000,3.900
2018-09-29 02:00:00,3.680,0.000,0.000,0.000,3.000
2018-09-29 03:00:00,3.720,0.000,0.000,0.000,2.100
2018-09-29 04:00:00,3.450,0.000,0.000,0.000,1.900
2018-09-29 05:00:00,3.230,0.000,0.000,0.000,2.000
2018-09-29 06:00:00,3.200,13.000,61.900,9.000,2.600
2018-09-29 07:00:00,3.420,106.000,335.300,48.000,5.200
2018-09-29 08:00:00,2.380,250.000,552.100,77.000,8.600
2018-09-29 09:00:00,2.280,377.000,662.700,92.000,11.000
2018-09-29 10:00:00,1.880,464.000,700.800,103.000,12.600
2018-09-29 11:00:00,1.660,483.000,652.100,116.000,13.400
2018-09-29 12:00:00,1.560,442.000,531.900,139.000,14.100
2018-09-29 13:00:00,1.640,379.000,431.500,148.000,14.500
2018-09-29 14:00:00,1.800,293.000,389.400,113.000,14.700
2018-09-29 15:00:00,1.980,207.000,292.800,103.000,14.700
2018-09-29 16:00:00,1.640,107.000,185.100,66.000,14.200
2018-09-29 17:00:00,0.850,33.000,155.200,19.000,12.900
2018-09-29 18:00:00,1.000,0.000,0.000,0.000,9.400
2018-09-29 19:00:00,1.980,0.000,0.000,0.000,7.800
2018-09-29 20:00:00,3.140,0.000,0.000,0.000,6.700
2018-09-29 21:00:00,4.110,0.000,0.000,0.000,5.900
2018-09-29 22:00:00,4.850,0.000,0.000,0.000,5.300
2018-09-29 23:00:00,5.300,0.000,0.000,0.000,4.900
2018-09-30 00:00:00,5.770,0.000,0.000,0.000,4.800
2018-09-30 01:00:00,6.200,0.000,0.000,0.000,4.700
2018-09-30 02:00:00,6.050,0.000,0.000,0.000,4.600
2018-09-30 03:00:00,6.220,0.000,0.000,0.000,4.200
2018-09-30 04:00:00,5.880,0.000,0.000,0.000,3.900
2018-09-30 05:00:00,5.450,0.000,0.000,0.000,3.500
2018-09-30 06:00:00,5.230,13.000,80.200,8.000,3.600
2018-09-30 07:00:00,4.820,116.000,415.800,46.000,6.100
2018-09-30 08:00:00,3.660,255.000,593.100,72.000,9.500
2018-09-30 09:00:00,3.390,384.000,703.400,85.000,12.100
2018-09-30 10:00:00,3.080,483.000,760.900,95.000,14.200
2018-09-30 11:00:00,3.080,540.000,791.300,99.000,15.500
2018-09-30 12:00:00,3.410,550.000,799.700,99.000,16.500
2018-09-30 13:00:00,3.410,509.000,781.900,95.000,16.800
2018-09-30 14:00:00,3.350,423.000,725.700,92.000,16.900
2018-09-30 15:00:00,3.200,302.000,636.200,80.000,16.700
2018-09-30 16:00:00,3.310,164.000,497.200,57.000,16.000
2018-09-30 17:00:00,3.960,37.000,206.900,19.000,12.700
2018-09-30 18:00:00,4.030,0.000,0.000,0.000,10.200
2018-09-30 19:00:00,3.710,0.000,0.000,0.000,9.500
2018-09-30 20:00:00,3.540,0.000,0.000,0.000,9.000
2018-09-30 21:00:00,3.820,0.000,0.000,0.000,8.000
2018-09-30 22:00:00,5.600,0.000,0.000,0.000,7.700
2018-09-30 23:00:00,5.790,0.000,0.000,0.000,7.700
2018-10-01 00:00:00,5.710,0.000,0.000,0.000,7.900
2018-10-01 01:00:00,5.490,0.000,0.000,0.000,8.200
2018-10-01 02:00:00,5.460,0.000,0.000,0.000,8.100
2018-10-01 03:00:00,5.520,0.000,0.000,0.000,8.200
2018-10-01 04:00:00,5.810,0.000,0.000,0.000,8.200
2018-10-01 05:00:00,6.280,0.000,0.000,0.000,8.100
2018-10-01 06:00:00,6.280,5.000,0.000,5.000,8.600
2018-10-01 07:00:00,6.310,44.000,67.200,33.000,9.200
2018-10-01 08:00:00,5.940,87.000,59.300,69.000,10.400
2018-10-01 09:00:00,6.170,231.000,295.200,107.000,11.500
2018-10-01 10:00:00,6.520,313.000,390.300,116.000,12.100
2018-10-01 11:00:00,6.530,433.000,534.600,138.000,12.800
2018-10-01 12:00:00,7.040,469.000,569.600,151.000,12.700
2018-10-01 13:00:00,9.180,418.000,504.200,154.000,11.400
2018-10-01 14:00:00,8.890,275.000,368.900,109.000,10.500
2018-10-01 15:00:00,7.210,194.000,274.300,100.000,10.400
2018-10-01 16:00:00,7.330,140.000,387.800,59.000,10.000
2018-10-01 17:00:00,7.970,30.000,167.100,16.000,9.000
2018-10-01 18:00:00,8.080,0.000,0.000,0.000,7.900
2018-10-01 19:00:00,7.600,0.000,0.000,0.000,7.600
2018-10-01 20:00:00,7.210,0.000,0.000,0.000,7.300
2018-10-01 21:00:00,7.260,0.000,0.000,0.000,7.100
2018-10-01 22:00:00,7.450,0.000,0.000,0.000,6.700
2018-10-01 23:00:00,7.300,0.000,0.000,0.000,6.200
2018-10-02 00:00:00,7.500,0.000,0.000,0.000,5.900
2018-10-02 01:00:00,7.310,0.000,0.000,0.000,5.500
2018-10-02 02:00:00,7.260,0.000,0.000,0.000,5.600
2018-10-02 03:00:00,7.430,0.000,0.000,0.000,5.300
2018-10-02 04:00:00,7.650,0.000,0.000,0.000,5.500
2018-10-02 05:00:00,8.010,0.000,0.000,0.000,5.800
2018-10-02 06:00:00,8.070,5.000,17.300,4.000,6.400
2018-10-02 07:00:00,8.500,49.000,0.000,49.000,6.700
2018-10-02 08:00:00,9.400,59.000,13.400,55.000,7.300
2018-10-02 09:00:00,9.790,47.000,0.000,47.000,7.500
2018-10-02 10:00:00,9.870,50.000,0.000,50.000,7.500
2018-10-02 11:00:00,11.030,49.000,0.000,49.000,8.000
2018-10-02 12:00:00,11.560,49.000,0.000,49.000,8.300
2018-10-02 13:00:00,11.620,40.000,0.000,40.000,8.800
2018-10-02 14:00:00,11.400,38.000,0.000,38.000,9.500
2018-10-02 15:00:00,11.140,27.000,0.000,27.000,10.300
2018-10-02 16:00:00,10.590,17.000,4.900,16.000,10.900
2018-10-02 17:00:00,10.160,8.000,12.400,7.000,11.200
2018-10-02 18:00:00,9.920,0.000,0.000,0.000,11.700
2018-10-02 19:00:00,9.910,0.000,0.000,0.000,11.500
2018-10-02 20:00:00,10.820,0.000,0.000,0.000,11.100
2018-10-02 21:00:00,11.400,0.000,0.000,0.000,10.900
2018-10-02 22:00:00,11.720,0.000,0.000,0.000,10.700
2018-10-02 23:00:00,11.610,0.000,0.000,0.000,10.500
2018-10-03 00:00:00,11.800,0.000,0.000,0.000,10.500
2018-10-03 01:00:00,11.600,0.000,0.000,0.000,10.400
2018-10-03 02:00:00,11.600,0.000,0.000,0.000,10.300
2018-10-03 03:00:00,11.300,0.000,0.000,0.000,10.400
2018-10-03 04:00:00,11.210,0.000,0.000,0.000,10.400
2018-10-03 05:00:00,11.020,0.000,0.000,0.000,10.600
2018-10-03 06:00:00,10.650,6.000,36.100,4.000,10.500
2018-10-03 07:00:00,10.490,71.000,207.300,39.000,10.800
2018-10-03 08:00:00,9.180,164.000,261.800,87.000,11.500
2018-10-03 09:00:00,9.690,242.000,309.800,115.000,12.000
2018-10-03 10:00:00,9.530,320.000,449.200,98.000,12.800
2018-10-03 11:00:00,9.900,337.000,340.200,153.000,13.300
2018-10-03 12:00:00,10.510,289.000,298.100,126.000,13.500
2018-10-03 13:00:00,10.980,330.000,406.500,122.000,14.000
2018-10-03 14:00:00,10.240,265.000,347.200,113.000,14.200
2018-10-03 15:00:00,8.680,189.000,299.800,90.000,13.800
2018-10-03 16:00:00,7.660,105.000,285.200,49.000,13.100
2018-10-03 17:00:00,7.250,21.000,116.300,12.000,12.100
2018-10-03 18:00:00,6.650,0.000,0.000,0.000,11.000
2018-10-03 19:00:00,6.240,0.000,0.000,0.000,10.100
2018-10-03 20:00:00,6.140,0.000,0.000,0.000,9.700
2018-10-03 21:00:00,6.200,0.000,0.000,0.000,9.200
2018-10-03 22:00:00,6.800,0.000,0.000,0.000,9.100
2018-10-03 23:00:00,6.810,0.000,0.000,0.000,8.600
2018-10-04 00:00:00,6.640,0.000,0.000,0.000,8.300
2018-10-04 01:00:00,6.300,0.000,0.000,0.000,8.100
2018-10-04 02:00:00,6.020,0.000,0.000,0.000,7.900
2018-10-04 03:00:00,5.890,0.000,0.000,0.000,7.900
2018-10-04 04:00:00,5.870,0.000,0.000,0.000,8.100
2018-10-04 05:00:00,6.160,0.000,0.000,0.000,8.600
2018-10-04 06:00:00,6.580,5.000,18.900,4.000,9.000
2018-10-04 07:00:00,6.690,14.000,6.700,13.000,9.800
2018-10-04 08:00:00,7.360,35.000,0.000,35.000,10.800
2018-10-04 09:00:00,6.810,67.000,17.300,60.000,11.600
2018-10-04 10:00:00,5.850,76.000,20.500,66.000,11.600
2018-10-04 11:00:00,6.800,164.000,57.900,133.000,12.700
2018-10-04 12:00:00,6.650,292.000,279.100,141.000,14.000
2018-10-04 13:00:00,6.070,342.000,415.200,132.000,15.000
2018-10-04 14:00:00,5.410,280.000,410.000,103.000,15.600
2018-10-04 15:00:00,5.120,163.000,231.400,88.000,15.400
2018-10-04 16:00:00,5.380,78.000,152.600,49.000,15.000
2018-10-04 17:00:00,5.660,15.000,53.900,11.000,13.800
2018-10-04 18:00:00,5.690,0.000,0.000,0.000,13.000
2018-10-04 19:00:00,5.760,0.000,0.000,0.000,12.600
2018-10-04 20:00:00,5.700,0.000,0.000,0.000,12.700
2018-10-04 21:00:00,5.760,0.000,0.000,0.000,12.300
2018-10-04 22:00:00,6.420,0.000,0.000,0.000,12.300
2018-10-04 23:00:00,6.380,0.000,0.000,0.000,11.800
2018-10-05 00:00:00,6.500,0.000,0.000,0.000,10.900
2018-10-05 01:00:00,6.640,0.000,0.000,0.000,10.500
2018-10-05 02:00:00,6.540,0.000,0.000,0.000,9.700
2018-10-05 03:00:00,6.170,0.000,0.000,0.000,9.400
2018-10-05 04:00:00,5.920,0.000,0.000,0.000,8.800
2018-10-05 05:00:00,5.980,0.000,0.000,0.000,8.200
2018-10-05 06:00:00,6.060,6.000,38.200,4.000,8.000
2018-10-05 07:00:00,5.690,82.000,289.600,40.000,10.000
2018-10-05 08:00:00,4.430,206.000,450.100,78.000,12.500
2018-10-05 09:00:00,4.110,341.000,637.700,86.000,14.900
2018-10-05 10:00:00,3.820,439.000,719.600,91.000,16.800
2018-10-05 11:00:00,3.930,498.000,758.800,96.000,18.400
2018-10-05 12:00:00,3.950,504.000,762.100,96.000,19.500
2018-10-05 13:00:00,4.130,464.000,742.300,93.000,20.100
2018-10-05 14:00:00,4.260,381.000,695.400,85.000,20.500
2018-10-05 15:00:00,4.340,263.000,603.900,71.000,20.500
2018-10-05 16:00:00,4.980,129.000,440.500,48.000,19.700
2018-10-05 17:00:00,5.830,21.000,126.700,12.000,17.200
2018-10-05 18:00:00,6.260,0.000,0.000,0.000,14.800
2018-10-05 19:00:00,6.180,0.000,0.000,0.000,13.800
2018-10-05 20:00:00,5.900,0.000,0.000,0.000,12.600
2018-10-05 21:00:00,6.030,0.000,0.000,0.000,11.900
2018-10-05 22:00:00,6.320,0.000,0.000,0.000,10.800
2018-10-05 23:00:00,6.670,0.000,0.000,0.000,10.200
2018-10-06 00:00:00,6.840,0.000,0.000,0.000,10.100
2018-10-06 01:00:00,7.000,0.000,0.000,0.000,10.000
2018-10-06 02:00:00,6.880,0.000,0.000,0.000,9.700
2018-10-06 03:00:00,6.680,0.000,0.000,0.000,9.500
2018-10-06 04:00:00,6.470,0.000,0.000,0.000,9.200
2018-10-06 05:00:00,6.120,0.000,0.000,0.000,8.900
2018-10-06 06:00:00,5.960,6.000,38.200,4.000,8.500
2018-10-06 07:00:00,5.640,90.000,363.400,39.000,10.600
2018-10-06 08:00:00,4.700,221.000,554.500,66.000,13.800
2018-10-06 09:00:00,3.980,346.000,668.700,82.000,16.300
2018-10-06 10:00:00,3.800,439.000,727.600,91.000,18.500
2018-10-06 11:00:00,3.760,489.000,753.400,94.000,20.300
2018-10-06 12:00:00,3.640,492.000,747.700,96.000,21.700
2018-10-06 13:00:00,3.440,448.000,718.800,93.000,22.600
2018-10-06 14:00:00,3.480,357.000,622.000,96.000,22.900
2018-10-06 15:00:00,3.570,236.000,471.500,89.000,22.600
2018-10-06 16:00:00,4.100,116.000,348.900,54.000,21.500
2018-10-06 17:00:00,5.220,17.000,73.700,12.000,19.100
2018-10-06 18:00:00,6.460,0.000,0.000,0.000,17.900
2018-10-06 19:00:00,7.290,0.000,0.000,0.000,17.000
2018-10-06 20:00:00,7.360,0.000,0.000,0.000,16.300
2018-10-06 21:00:00,6.760,0.000,0.000,0.000,16.000
2018-10-06 22:00:00,5.580,0.000,0.000,0.000,15.400
2018-10-06 23:00:00,6.160,0.000,0.000,0.000,14.600
2018-10-07 00:00:00,6.550,0.000,0.000,0.000,13.800
2018-10-07 01:00:00,6.240,0.000,0.000,0.000,13.300
2018-10-07 02:00:00,6.940,0.000,0.000,0.000,12.800
2018-10-07 03:00:00,7.410,0.000,0.000,0.000,12.300
2018-10-07 04:00:00,8.120,0.000,0.000,0.000,11.600
2018-10-07 05:00:00,7.240,0.000,0.000,0.000,10.900
2018-10-07 06:00:00,7.300,1.000,0.000,1.000,10.000
2018-10-07 07:00:00,6.400,40.000,59.000,32.000,9.400
2018-10-07 08:00:00,5.410,126.000,174.800,78.000,9.300
2018-10-07 09:00:00,4.910,245.000,333.600,115.000,10.100
2018-10-07 10:00:00,4.200,374.000,499.000,138.000,11.100
2018-10-07 11:00:00,4.010,455.000,647.700,119.000,12.200
2018-10-07 12:00:00,3.520,490.000,721.500,112.000,12.900
2018-10-07 13:00:00,3.520,455.000,739.700,94.000,13.700
2018-10-07 14:00:00,3.280,374.000,679.400,93.000,14.000
2018-10-07 15:00:00,3.010,250.000,549.600,82.000,13.900
2018-10-07 16:00:00,2.660,118.000,367.100,55.000,12.800
2018-10-07 17:00:00,2.910,16.000,77.200,11.000,10.500
2018-10-07 18:00:00,3.160,0.000,0.000,0.000,8.600
2018-10-07 19:00:00,3.370,0.000,0.000,0.000,7.100
2018-10-07 20:00:00,3.440,0.000,0.000,0.000,6.000
2018-10-07 21:00:00,4.600,0.000,0.000,0.000,5.000
2018-10-07 22:00:00,5.250,0.000,0.000,0.000,4.500
2018-10-07 23:00:00,4.850,0.000,0.000,0.000,3.900
2018-10-08 00:00:00,4.390,0.000,0.000,0.000,3.300
2018-10-08 01:00:00,4.400,0.000,0.000,0.000,2.700
2018-10-08 02:00:00,3.930,0.000,0.000,0.000,2.500
2018-10-08 03:00:00,3.710,0.000,0.000,0.000,2.000
2018-10-08 04:00:00,3.980,0.000,0.000,0.000,2.000
2018-10-08 05:00:00,4.060,0.000,0.000,0.000,1.700
2018-10-08 06:00:00,4.130,4.000,19.100,3.000,2.000
2018-10-08 07:00:00,3.710,79.000,282.500,42.000,4.000
2018-10-08 08:00:00,2.500,195.000,418.800,82.000,6.800
2018-10-08 09:00:00,2.620,306.000,501.800,113.000,9.400
2018-10-08 10:00:00,2.160,399.000,573.000,131.000,11.700
2018-10-08 11:00:00,2.190,460.000,664.400,119.000,13.300
2018-10-08 12:00:00,2.390,460.000,640.700,128.000,14.500
2018-10-08 13:00:00,2.480,417.000,603.600,126.000,15.200
2018-10-08 14:00:00,2.640,343.000,581.400,106.000,15.600
2018-10-08 15:00:00,2.500,228.000,467.300,88.000,15.600
2018-10-08 16:00:00,2.400,104.000,296.000,55.000,14.400
2018-10-08 17:00:00,2.620,13.000,48.600,10.000,11.800
2018-10-08 18:00:00,3.060,0.000,0.000,0.000,9.800
2018-10-08 19:00:00,3.380,0.000,0.000,0.000,8.300
2018-10-08 20:00:00,3.700,0.000,0.000,0.000,7.600
2018-10-08 21:00:00,4.030,0.000,0.000,0.000,6.900
2018-10-08 22:00:00,4.430,0.000,0.000,0.000,6.400
2018-10-08 23:00:00,4.780,0.000,0.000,0.000,6.200
2018-10-09 00:00:00,4.970,0.000,0.000,0.000,6.000
2018-10-09 01:00:00,4.660,0.000,0.000,0.000,5.900
2018-10-09 02:00:00,4.360,0.000,0.000,0.000,5.500
2018-10-09 03:00:00,4.260,0.000,0.000,0.000,5.000
2018-10-09 04:00:00,4.240,0.000,0.000,0.000,4.900
2018-10-09 05:00:00,4.240,0.000,0.000,0.000,4.900
2018-10-09 06:00:00,4.420,3.000,0.000,3.000,5.200
2018-10-09 07:00:00,4.650,70.000,166.300,49.000,6.400
2018-10-09 08:00:00,3.980,174.000,260.500,105.000,9.200
2018-10-09 09:00:00,2.510,292.000,450.500,121.000,12.300
2018-10-09 10:00:00,2.460,400.000,614.200,116.000,15.400
2018-10-09 11:00:00,2.910,437.000,577.100,144.000,17.100
2018-10-09 12:00:00,2.780,412.000,450.700,181.000,18.200
2018-10-09 13:00:00,2.640,361.000,367.400,186.000,19.000
2018-10-09 14:00:00,2.600,288.000,341.100,151.000,19.600
2018-10-09 15:00:00,2.910,177.000,187.300,122.000,19.500
2018-10-09 16:00:00,3.100,76.000,75.200,64.000,18.100
2018-10-09 17:00:00,3.230,8.000,0.000,8.000,15.300
2018-10-09 18:00:00,3.570,0.000,0.000,0.000,13.900
2018-10-09 19:00:00,4.060,0.000,0.000,0.000,12.800
2018-10-09 20:00:00,4.770,0.000,0.000,0.000,12.100
2018-10-09 21:00:00,5.200,0.000,0.000,0.000,11.300
2018-10-09 22:00:00,5.800,0.000,0.000,0.000,10.800
2018-10-09 23:00:00,5.220,0.000,0.000,0.000,9.300
2018-10-10 00:00:00,4.610,0.000,0.000,0.000,8.600
2018-10-10 01:00:00,4.070,0.000,0.000,0.000,8.100
2018-10-10 02:00:00,3.450,0.000,0.000,0.000,7.700
2018-10-10 03:00:00,2.820,0.000,0.000,0.000,7.200
2018-10-10 04:00:00,2.000,0.000,0.000,0.000,6.600
2018-10-10 05:00:00,1.700,0.000,0.000,0.000,6.200
2018-10-10 06:00:00,2.870,3.000,0.000,3.000,6.400
2018-10-10 07:00:00,4.200,68.000,254.900,37.000,8.000
2018-10-10 08:00:00,4.180,157.000,253.800,91.000,11.200
2018-10-10 09:00:00,3.820,297.000,510.000,106.000,15.000
2018-10-10 10:00:00,4.220,398.000,634.400,108.000,17.900
2018-10-10 11:00:00,4.870,466.000,742.700,93.000,20.400
2018-10-10 12:00:00,5.610,471.000,745.800,93.000,21.800
2018-10-10 13:00:00,6.410,428.000,716.300,91.000,22.500
2018-10-10 14:00:00,7.020,344.000,659.500,83.000,22.700
2018-10-10 15:00:00,7.120,228.000,552.700,69.000,22.400
2018-10-10 16:00:00,7.770,101.000,384.100,42.000,21.400
2018-10-10 17:00:00,8.220,10.000,53.900,7.000,19.300
2018-10-10 18:00:00,8.520,0.000,0.000,0.000,18.100
2018-10-10 19:00:00,8.820,0.000,0.000,0.000,17.400
2018-10-10 20:00:00,8.990,0.000,0.000,0.000,16.800
2018-10-10 21:00:00,8.680,0.000,0.000,0.000,16.300
2018-10-10 22:00:00,8.820,0.000,0.000,0.000,15.900
2018-10-10 23:00:00,8.520,0.000,0.000,0.000,15.200
2018-10-11 00:00:00,8.350,0.000,0.000,0.000,14.700
2018-10-11 01:00:00,8.440,0.000,0.000,0.000,14.200
2018-10-11 02:00:00,8.320,0.000,0.000,0.000,13.700
2018-10-11 03:00:00,7.780,0.000,0.000,0.000,13.200
2018-10-11 04:00:00,7.580,0.000,0.000,0.000,12.500
2018-10-11 05:00:00,7.340,0.000,0.000,0.000,11.900
2018-10-11 06:00:00,6.970,2.000,0.000,2.000,11.700
2018-10-11 07:00:00,6.930,74.000,350.600,33.000,12.600
2018-10-11 08:00:00,6.470,202.000,548.600,62.000,14.600
2018-10-11 09:00:00,5.620,325.000,668.600,78.000,16.700
2018-10-11 10:00:00,4.550,418.000,732.600,87.000,19.200
2018-10-11 11:00:00,4.160,468.000,758.900,91.000,21.000
2018-10-11 12:00:00,3.720,472.000,758.200,92.000,22.300
2018-10-11 13:00:00,3.900,429.000,733.700,88.000,22.900
2018-10-11 14:00:00,4.120,344.000,679.600,79.000,23.200
2018-10-11 15:00:00,4.470,227.000,574.900,65.000,22.900
2018-10-11 16:00:00,5.590,98.000,392.600,40.000,21.500
2018-10-11 17:00:00,6.440,8.000,57.000,5.000,18.900
2018-10-11 18:00:00,6.670,0.000,0.000,0.000,17.200
2018-10-11 19:00:00,6.690,0.000,0.000,0.000,16.100
2018-10-11 20:00:00,6.590,0.000,0.000,0.000,15.100
2018-10-11 21:00:00,6.320,0.000,0.000,0.000,14.600
2018-10-11 22:00:00,6.630,0.000,0.000,0.000,13.700
2018-10-11 23:00:00,6.510,0.000,0.000,0.000,13.200
2018-10-12 00:00:00,6.380,0.000,0.000,0.000,12.600
2018-10-12 01:00:00,6.530,0.000,0.000,0.000,12.700
2018-10-12 02:00:00,6.430,0.000,0.000,0.000,13.100
2018-10-12 03:00:00,6.240,0.000,0.000,0.000,12.900
2018-10-12 04:00:00,6.510,0.000,0.000,0.000,12.800
2018-10-12 05:00:00,6.820,0.000,0.000,0.000,12.600
2018-10-12 06:00:00,7.060,2.000,0.000,2.000,12.700
2018-10-12 07:00:00,6.750,66.000,320.700,30.000,14.400
2018-10-12 08:00:00,6.130,187.000,503.300,61.000,17.600
2018-10-12 09:00:00,4.610,303.000,620.300,77.000,20.100
2018-10-12 10:00:00,3.470,392.000,683.000,87.000,21.800
2018-10-12 11:00:00,3.010,443.000,712.400,93.000,23.200
2018-10-12 12:00:00,3.280,448.000,716.400,93.000,24.200
2018-10-12 13:00:00,3.550,406.000,688.500,90.000,24.800
2018-10-12 14:00:00,4.010,325.000,638.000,80.000,25.100
2018-10-12 15:00:00,4.160,212.000,536.400,64.000,24.800
2018-10-12 16:00:00,4.780,89.000,359.500,38.000,23.500
2018-10-12 17:00:00,5.760,7.000,38.200,5.000,20.600
2018-10-12 18:00:00,6.460,0.000,0.000,0.000,19.100
2018-10-12 19:00:00,7.160,0.000,0.000,0.000,18.000
2018-10-12 20:00:00,7.400,0.000,0.000,0.000,17.500
2018-10-12 21:00:00,7.480,0.000,0.000,0.000,17.300
2018-10-12 22:00:00,8.150,0.000,0.000,0.000,16.800
2018-10-12 23:00:00,7.560,0.000,0.000,0.000,16.300
2018-10-13 00:00:00,7.180,0.000,0.000,0.000,16.000
2018-10-13 01:00:00,7.080,0.000,0.000,0.000,15.300
2018-10-13 02:00:00,6.860,0.000,0.000,0.000,15.100
2018-10-13 03:00:00,6.580,0.000,0.000,0.000,14.700
2018-10-13 04:00:00,6.260,0.000,0.000,0.000,14.400
2018-10-13 05:00:00,6.210,0.000,0.000,0.000,14.000
2018-10-13 06:00:00,6.560,1.000,0.000,1.000,14.100
2018-10-13 07:00:00,6.530,62.000,306.900,29.000,15.500
2018-10-13 08:00:00,5.980,179.000,488.900,59.000,18.300
2018-10-13 09:00:00,4.880,297.000,615.200,76.000,21.000
2018-10-13 10:00:00,4.140,386.000,679.900,86.000,23.400
2018-10-13 11:00:00,4.250,437.000,714.300,90.000,25.000
2018-10-13 12:00:00,4.430,443.000,720.600,90.000,26.100
2018-10-13 13:00:00,4.790,403.000,699.500,86.000,26.800
2018-10-13 14:00:00,5.270,322.000,645.200,78.000,26.900
2018-10-13 15:00:00,5.950,209.000,540.700,63.000,26.400
2018-10-13 16:00:00,7.000,86.000,360.300,37.000,24.800
2018-10-13 17:00:00,7.640,6.000,38.200,4.000,22.100
2018-10-13 18:00:00,7.990,0.000,0.000,0.000,20.500
2018-10-13 19:00:00,8.000,0.000,0.000,0.000,19.300
2018-10-13 20:00:00,7.990,0.000,0.000,0.000,18.300
2018-10-13 21:00:00,7.990,0.000,0.000,0.000,17.300
2018-10-13 22:00:00,7.470,0.000,0.000,0.000,16.500
2018-10-13 23:00:00,6.800,0.000,0.000,0.000,15.600
2018-10-14 00:00:00,6.140,0.000,0.000,0.000,14.400
2018-10-14 01:00:00,5.860,0.000,0.000,0.000,13.300
2018-10-14 02:00:00,6.090,0.000,0.000,0.000,12.500
2018-10-14 03:00:00,6.270,0.000,0.000,0.000,11.800
2018-10-14 04:00:00,6.380,0.000,0.000,0.000,11.300
2018-10-14 05:00:00,6.640,0.000,0.000,0.000,10.900
2018-10-14 06:00:00,6.930,1.000,0.000,1.000,10.600
2018-10-14 07:00:00,6.820,63.000,326.500,29.000,12.200
2018-10-14 08:00:00,6.170,187.000,532.200,59.000,14.800
2018-10-14 09:00:00,4.920,308.000,658.000,75.000,17.600
2018-10-14 10:00:00,4.560,400.000,724.900,84.000,20.100
2018-10-14 11:00:00,4.740,451.000,753.800,89.000,21.900
2018-10-14 12:00:00,4.710,453.000,751.800,89.000,23.300
2018-10-14 13:00:00,4.620,408.000,719.800,86.000,24.200
2018-10-14 14:00:00,5.060,322.000,660.800,76.000,24.500
2018-10-14 15:00:00,5.780,207.000,549.000,62.000,24.100
2018-10-14 16:00:00,6.950,83.000,361.100,36.000,22.500
2018-10-14 17:00:00,7.540,5.000,19.100,4.000,20.200
2018-10-14 18:00:00,7.350,0.000,0.000,0.000,18.800
2018-10-14 19:00:00,7.110,0.000,0.000,0.000,17.700
2018-10-14 20:00:00,6.960,0.000,0.000,0.000,16.400
2018-10-14 21:00:00,6.870,0.000,0.000,0.000,15.500
2018-10-14 22:00:00,6.730,0.000,0.000,0.000,14.600
2018-10-14 23:00:00,6.460,0.000,0.000,0.000,13.600
2018-10-15 00:00:00,6.140,0.000,0.000,0.000,12.800
2018-10-15 01:00:00,5.850,0.000,0.000,0.000,12.100
2018-10-15 02:00:00,5.460,0.000,0.000,0.000,11.600
2018-10-15 03:00:00,5.350,0.000,0.000,0.000,11.200
2018-10-15 04:00:00,5.300,0.000,0.000,0.000,10.700
2018-10-15 05:00:00,5.300,0.000,0.000,0.000,10.400
2018-10-15 06:00:00,5.610,1.000,0.000,1.000,10.200
2018-10-15 07:00:00,5.770,58.000,305.100,27.000,11.900
2018-10-15 08:00:00,5.120,177.000,505.200,58.000,15.100
2018-10-15 09:00:00,3.800,287.000,593.200,80.000,18.100
2018-10-15 10:00:00,2.530,381.000,689.800,84.000,21.100
2018-10-15 11:00:00,2.570,431.000,722.500,88.000,23.100
2018-10-15 12:00:00,2.380,436.000,725.200,89.000,24.400
2018-10-15 13:00:00,2.110,391.000,686.300,88.000,25.300
2018-10-15 14:00:00,2.380,308.000,630.400,77.000,25.500
2018-10-15 15:00:00,3.540,196.000,511.200,64.000,25.000
2018-10-15 16:00:00,4.800,77.000,345.900,34.000,21.700
2018-10-15 17:00:00,5.330,3.000,19.100,2.000,18.000
2018-10-15 18:00:00,5.470,0.000,0.000,0.000,15.800
2018-10-15 19:00:00,5.020,0.000,0.000,0.000,14.500
2018-10-15 20:00:00,4.700,0.000,0.000,0.000,13.400
2018-10-15 21:00:00,4.110,0.000,0.000,0.000,12.300
2018-10-15 22:00:00,2.900,0.000,0.000,0.000,11.600
2018-10-15 23:00:00,2.520,0.000,0.000,0.000,11.100
2018-10-16 00:00:00,2.380,0.000,0.000,0.000,10.800
2018-10-16 01:00:00,3.030,0.000,0.000,0.000,10.300
2018-10-16 02:00:00,3.420,0.000,0.000,0.000,10.000
2018-10-16 03:00:00,3.380,0.000,0.000,0.000,9.400
2018-10-16 04:00:00,3.420,0.000,0.000,0.000,9.300
2018-10-16 05:00:00,3.450,0.000,0.000,0.000,9.300
2018-10-16 06:00:00,3.290,0.000,0.000,0.000,9.600
2018-10-16 07:00:00,3.610,52.000,272.500,25.000,11.000
2018-10-16 08:00:00,3.760,163.000,433.600,63.000,13.500
2018-10-16 09:00:00,2.920,238.000,413.000,96.000,15.200
2018-10-16 10:00:00,1.480,338.000,569.200,96.000,18.300
2018-10-16 11:00:00,1.920,361.000,547.800,104.000,20.000
2018-10-16 12:00:00,2.100,381.000,569.000,112.000,20.900
2018-10-16 13:00:00,2.640,337.000,564.600,91.000,21.600
2018-10-16 14:00:00,2.820,239.000,399.400,95.000,21.700
2018-10-16 15:00:00,3.130,143.000,321.000,62.000,21.100
2018-10-16 16:00:00,3.980,50.000,168.800,30.000,19.700
2018-10-16 17:00:00,3.540,2.000,0.000,2.000,17.900
2018-10-16 18:00:00,2.700,0.000,0.000,0.000,16.600
2018-10-16 19:00:00,2.270,0.000,0.000,0.000,15.300
2018-10-16 20:00:00,2.190,0.000,0.000,0.000,14.400
2018-10-16 21:00:00,2.020,0.000,0.000,0.000,14.500
2018-10-16 22:00:00,1.510,0.000,0.000,0.000,14.100
2018-10-16 23:00:00,0.710,0.000,0.000,0.000,13.500
2018-10-17 00:00:00,1.020,0.000,0.000,0.000,12.900
2018-10-17 01:00:00,1.410,0.000,0.000,0.000,11.500
2018-10-17 02:00:00,1.140,0.000,0.000,0.000,10.700
2018-10-17 03:00:00,1.390,0.000,0.000,0.000,10.200
2018-10-17 04:00:00,1.520,0.000,0.000,0.000,10.000
2018-10-17 05:00:00,1.750,0.000,0.000,0.000,9.700
2018-10-17 06:00:00,1.930,0.000,0.000,0.000,9.300
2018-10-17 07:00:00,2.180,34.000,82.900,26.000,10.500
2018-10-17 08:00:00,2.100,122.000,208.300,75.000,13.800
2018-10-17 09:00:00,1.870,220.000,321.900,111.000,16.400
2018-10-17 10:00:00,0.640,342.000,531.200,119.000,19.400
2018-10-17 11:00:00,0.570,391.000,571.600,126.000,21.100
2018-10-17 12:00:00,0.280,365.000,473.200,144.000,22.100
2018-10-17 13:00:00,0.200,334.000,460.600,136.000,22.500
2018-10-17 14:00:00,0.510,254.000,420.100,105.000,22.600
2018-10-17 15:00:00,0.800,164.000,332.700,82.000,22.300
2018-10-17 16:00:00,0.980,58.000,150.800,41.000,20.600
2018-10-17 17:00:00,1.300,2.000,0.000,2.000,18.500
2018-10-17 18:00:00,1.500,0.000,0.000,0.000,16.800
2018-10-17 19:00:00,1.140,0.000,0.000,0.000,15.300
2018-10-17 20:00:00,0.220,0.000,0.000,0.000,13.800
2018-10-17 21:00:00,1.280,0.000,0.000,0.000,12.400
2018-10-17 22:00:00,3.970,0.000,0.000,0.000,11.400
2018-10-17 23:00:00,4.790,0.000,0.000,0.000,11.200
2018-10-18 00:00:00,4.790,0.000,0.000,0.000,11.000
2018-10-18 01:00:00,4.970,0.000,0.000,0.000,10.500
2018-10-18 02:00:00,5.610,0.000,0.000,0.000,10.800
2018-10-18 03:00:00,5.820,0.000,0.000,0.000,10.600
2018-10-18 04:00:00,5.410,0.000,0.000,0.000,10.800
2018-10-18 05:00:00,4.650,0.000,0.000,0.000,11.000
2018-10-18 06:00:00,4.100,0.000,0.000,0.000,11.000
2018-10-18 07:00:00,4.170,20.000,10.600,19.000,11.600
2018-10-18 08:00:00,5.160,58.000,18.100,54.000,12.100
2018-10-18 09:00:00,4.740,97.000,33.000,86.000,12.900
2018-10-18 10:00:00,4.110,118.000,21.700,109.000,14.200
2018-10-18 11:00:00,3.720,130.000,17.500,122.000,14.600
2018-10-18 12:00:00,4.110,161.000,36.800,144.000,15.200
2018-10-18 13:00:00,4.390,111.000,2.400,110.000,15.400
2018-10-18 14:00:00,4.410,83.000,0.000,83.000,15.300
2018-10-18 15:00:00,4.200,38.000,4.200,37.000,15.000
2018-10-18 16:00:00,4.620,17.000,18.700,15.000,14.300
2018-10-18 17:00:00,4.870,0.000,0.000,0.000,13.600
2018-10-18 18:00:00,4.900,0.000,0.000,0.000,12.800
2018-10-18 19:00:00,5.060,0.000,0.000,0.000,12.000
2018-10-18 20:00:00,5.080,0.000,0.000,0.000,11.400
2018-10-18 21:00:00,5.000,0.000,0.000,0.000,10.400
2018-10-18 22:00:00,4.830,0.000,0.000,0.000,9.100
2018-10-18 23:00:00,4.740,0.000,0.000,0.000,7.800
2018-10-19 00:00:00,4.530,0.000,0.000,0.000,6.800
2018-10-19 01:00:00,4.190,0.000,0.000,0.000,5.800
2018-10-19 02:00:00,3.860,0.000,0.000,0.000,4.900
2018-10-19 03:00:00,3.470,0.000,0.000,0.000,4.000
2018-10-19 04:00:00,3.310,0.000,0.000,0.000,3.000
2018-10-19 05:00:00,3.180,0.000,0.000,0.000,2.600
2018-10-19 06:00:00,3.090,0.000,0.000,0.000,2.100
2018-10-19 07:00:00,3.000,43.000,207.700,24.000,3.800
2018-10-19 08:00:00,2.280,134.000,324.500,64.000,6.500
2018-10-19 09:00:00,2.110,233.000,377.700,109.000,9.100
2018-10-19 10:00:00,2.160,311.000,491.400,110.000,11.300
2018-10-19 11:00:00,2.330,315.000,415.500,127.000,12.400
2018-10-19 12:00:00,1.900,324.000,377.500,152.000,13.300
2018-10-19 13:00:00,1.560,281.000,363.400,129.000,13.700
2018-10-19 14:00:00,1.500,218.000,306.100,113.000,13.900
2018-10-19 15:00:00,1.580,140.000,289.500,72.000,13.500
2018-10-19 16:00:00,2.050,45.000,166.200,28.000,12.100
2018-10-19 17:00:00,2.690,1.000,0.000,1.000,10.000
2018-10-19 18:00:00,3.120,0.000,0.000,0.000,8.500
2018-10-19 19:00:00,3.260,0.000,0.000,0.000,7.900
2018-10-19 20:00:00,3.310,0.000,0.000,0.000,7.500
2018-10-19 21:00:00,3.180,0.000,0.000,0.000,7.200
2018-10-19 22:00:00,2.120,0.000,0.000,0.000,5.400
2018-10-19 23:00:00,1.630,0.000,0.000,0.000,4.700
2018-10-20 00:00:00,1.790,0.000,0.000,0.000,4.700
2018-10-20 01:00:00,2.700,0.000,0.000,0.000,4.200
2018-10-20 02:00:00,3.420,0.000,0.000,0.000,4.000
2018-10-20 03:00:00,2.300,0.000,0.000,0.000,4.000
2018-10-20 04:00:00,2.850,0.000,0.000,0.000,3.800
2018-10-20 05:00:00,3.060,0.000,0.000,0.000,3.200
2018-10-20 06:00:00,3.400,0.000,0.000,0.000,3.000
2018-10-20 07:00:00,3.330,31.000,134.900,19.000,3.800
2018-10-20 08:00:00,2.960,126.000,289.400,65.000,6.500
2018-10-20 09:00:00,2.720,211.000,390.000,85.000,8.900
2018-10-20 10:00:00,3.400,309.000,490.500,111.000,11.000
2018-10-20 11:00:00,3.810,327.000,458.700,122.000,12.300
2018-10-20 12:00:00,4.200,328.000,482.200,111.000,13.100
2018-10-20 13:00:00,4.430,281.000,383.000,123.000,13.800
2018-10-20 14:00:00,4.790,231.000,415.100,91.000,14.000
2018-10-20 15:00:00,5.060,118.000,200.700,72.000,13.700
2018-10-20 16:00:00,5.010,39.000,120.900,27.000,13.200
2018-10-20 17:00:00,5.200,0.000,0.000,0.000,12.300
2018-10-20 18:00:00,5.210,0.000,0.000,0.000,11.200
2018-10-20 19:00:00,5.420,0.000,0.000,0.000,10.500
2018-10-20 20:00:00,5.670,0.000,0.000,0.000,10.200
2018-10-20 21:00:00,5.510,0.000,0.000,0.000,10.300
2018-10-20 22:00:00,5.220,0.000,0.000,0.000,9.800
2018-10-20 23:00:00,4.490,0.000,0.000,0.000,9.600
2018-10-21 00:00:00,4.440,0.000,0.000,0.000,9.500
2018-10-21 01:00:00,4.150,0.000,0.000,0.000,9.400
2018-10-21 02:00:00,4.140,0.000,0.000,0.000,9.400
2018-10-21 03:00:00,4.310,0.000,0.000,0.000,9.100
2018-10-21 04:00:00,4.240,0.000,0.000,0.000,8.800
2018-10-21 05:00:00,3.650,0.000,0.000,0.000,8.600
2018-10-21 06:00:00,3.100,0.000,0.000,0.000,8.800
2018-10-21 07:00:00,3.080,18.000,34.700,15.000,9.300
2018-10-21 08:00:00,2.600,48.000,19.400,44.000,10.400
2018-10-21 09:00:00,2.640,84.000,25.200,76.000,11.700
2018-10-21 10:00:00,2.600,122.000,37.700,107.000,12.800
2018-10-21 11:00:00,2.730,155.000,52.100,132.000,13.800
2018-10-21 12:00:00,2.750,221.000,189.000,137.000,14.800
2018-10-21 13:00:00,2.820,261.000,361.300,114.000,15.500
2018-10-21 14:00:00,2.580,143.000,102.600,109.000,15.300
2018-10-21 15:00:00,2.620,91.000,67.100,76.000,15.000
2018-10-21 16:00:00,2.730,32.000,51.900,27.000,14.000
2018-10-21 17:00:00,3.310,0.000,0.000,0.000,11.400
2018-10-21 18:00:00,3.720,0.000,0.000,0.000,10.000
2018-10-21 19:00:00,4.070,0.000,0.000,0.000,9.300
2018-10-21 20:00:00,4.610,0.000,0.000,0.000,8.700
2018-10-21 21:00:00,5.060,0.000,0.000,0.000,8.300
2018-10-21 22:00:00,5.030,0.000,0.000,0.000,7.900
2018-10-21 23:00:00,5.330,0.000,0.000,0.000,8.100
2018-10-22 00:00:00,5.530,0.000,0.000,0.000,8.400
2018-10-22 01:00:00,5.500,0.000,0.000,0.000,8.700
2018-10-22 02:00:00,5.740,0.000,0.000,0.000,9.200
2018-10-22 03:00:00,5.720,0.000,0.000,0.000,9.200
2018-10-22 04:00:00,5.760,0.000,0.000,0.000,9.400
2018-10-22 05:00:00,5.920,0.000,0.000,0.000,9.700
2018-10-22 06:00:00,5.800,0.000,0.000,0.000,9.900
2018-10-22 07:00:00,6.170,4.000,0.000,4.000,10.200
2018-10-22 08:00:00,6.900,4.000,0.000,4.000,10.400
2018-10-22 09:00:00,7.110,9.000,0.000,9.000,10.900
2018-10-22 10:00:00,6.080,76.000,81.400,44.000,11.400
2018-10-22 11:00:00,5.410,145.000,146.800,81.000,12.100
2018-10-22 12:00:00,5.610,273.000,392.100,101.000,13.000
2018-10-22 13:00:00,5.910,251.000,246.800,152.000,13.300
2018-10-22 14:00:00,6.330,150.000,141.200,104.000,12.900
2018-10-22 15:00:00,7.020,90.000,137.700,60.000,12.300
2018-10-22 16:00:00,5.310,24.000,53.600,19.000,11.100
2018-10-22 17:00:00,6.290,0.000,0.000,0.000,9.500
2018-10-22 18:00:00,5.560,0.000,0.000,0.000,8.200
2018-10-22 19:00:00,5.220,0.000,0.000,0.000,7.400
2018-10-22 20:00:00,6.300,0.000,0.000,0.000,6.700
2018-10-22 21:00:00,7.050,0.000,0.000,0.000,5.900
2018-10-22 22:00:00,7.710,0.000,0.000,0.000,5.400
2018-10-22 23:00:00,7.940,0.000,0.000,0.000,5.200
2018-10-23 00:00:00,8.590,0.000,0.000,0.000,5.300
2018-10-23 01:00:00,9.220,0.000,0.000,0.000,5.600
2018-10-23 02:00:00,9.840,0.000,0.000,0.000,6.300
2018-10-23 03:00:00,10.550,0.000,0.000,0.000,6.800
2018-10-23 04:00:00,11.200,0.000,0.000,0.000,7.200
2018-10-23 05:00:00,11.890,0.000,0.000,0.000,7.900
2018-10-23 06:00:00,12.350,0.000,0.000,0.000,8.500
2018-10-23 07:00:00,12.880,6.000,0.000,6.000,8.900
2018-10-23 08:00:00,12.640,27.000,0.000,27.000,9.400
2018-10-23 09:00:00,11.460,56.000,6.500,54.000,9.900
2018-10-23 10:00:00,11.500,36.000,0.000,36.000,10.400
2018-10-23 11:00:00,12.930,62.000,9.300,58.000,10.900
2018-10-23 12:00:00,13.240,52.000,0.000,52.000,11.100
2018-10-23 13:00:00,14.040,33.000,0.000,33.000,11.400
2018-10-23 14:00:00,13.410,22.000,0.000,22.000,11.500
2018-10-23 15:00:00,13.330,16.000,0.000,16.000,11.700
2018-10-23 16:00:00,13.620,5.000,0.000,5.000,11.900
2018-10-23 17:00:00,13.400,0.000,0.000,0.000,12.000
2018-10-23 18:00:00,13.460,0.000,0.000,0.000,12.100
2018-10-23 19:00:00,13.530,0.000,0.000,0.000,12.200
2018-10-23 20:00:00,13.580,0.000,0.000,0.000,12.300
2018-10-23 21:00:00,13.420,0.000,0.000,0.000,12.300
2018-10-23 22:00:00,12.870,0.000,0.000,0.000,12.300
2018-10-23 23:00:00,12.900,0.000,0.000,0.000,12.000
2018-10-24 00:00:00,12.690,0.000,0.000,0.000,11.900
2018-10-24 01:00:00,11.740,0.000,0.000,0.000,12.000
2018-10-24 02:00:00,11.780,0.000,0.000,0.000,12.200
2018-10-24 03:00:00,11.470,0.000,0.000,0.000,12.000
2018-10-24 04:00:00,11.620,0.000,0.000,0.000,11.800
2018-10-24 05:00:00,11.100,0.000,0.000,0.000,11.500
2018-10-24 06:00:00,10.470,0.000,0.000,0.000,11.200
2018-10-24 07:00:00,9.720,4.000,0.000,4.000,10.900
2018-10-24 08:00:00,8.450,19.000,0.000,19.000,10.900
2018-10-24 09:00:00,7.290,57.000,29.700,48.000,11.000
2018-10-24 10:00:00,7.010,133.000,117.700,88.000,11.200
2018-10-24 11:00:00,7.310,162.000,160.000,94.000,11.600
2018-10-24 12:00:00,7.140,170.000,131.000,114.000,12.100
2018-10-24 13:00:00,8.200,153.000,112.800,109.000,12.400
2018-10-24 14:00:00,8.170,148.000,225.700,77.000,12.200
2018-10-24 15:00:00,7.410,78.000,130.600,51.000,11.900
2018-10-24 16:00:00,7.160,13.000,0.000,13.000,11.600
2018-10-24 17:00:00,6.910,0.000,0.000,0.000,11.100
2018-10-24 18:00:00,6.820,0.000,0.000,0.000,10.900
2018-10-24 19:00:00,7.330,0.000,0.000,0.000,11.100
2018-10-24 20:00:00,7.890,0.000,0.000,0.000,11.300
2018-10-24 21:00:00,8.730,0.000,0.000,0.000,11.500
2018-10-24 22:00:00,8.710,0.000,0.000,0.000,11.700
2018-10-24 23:00:00,9.400,0.000,0.000,0.000,11.900
2018-10-25 00:00:00,9.400,0.000,0.000,0.000,12.000
2018-10-25 01:00:00,9.440,0.000,0.000,0.000,12.000
2018-10-25 02:00:00,9.750,0.000,0.000,0.000,12.000
2018-10-25 03:00:00,10.010,0.000,0.000,0.000,12.000
2018-10-25 04:00:00,10.060,0.000,0.000,0.000,12.100
2018-10-25 05:00:00,10.110,0.000,0.000,0.000,11.800
2018-10-25 06:00:00,10.020,0.000,0.000,0.000,11.600
2018-10-25 07:00:00,10.100,7.000,0.000,7.000,11.600
2018-10-25 08:00:00,10.400,24.000,5.400,23.000,11.800
2018-10-25 09:00:00,10.410,32.000,0.000,32.000,11.800
2018-10-25 10:00:00,10.470,62.000,8.000,59.000,11.900
2018-10-25 11:00:00,10.180,81.000,40.500,64.000,12.100
2018-10-25 12:00:00,9.590,131.000,101.900,88.000,12.700
2018-10-25 13:00:00,10.030,148.000,96.300,111.000,12.900
2018-10-25 14:00:00,9.800,168.000,284.700,80.000,13.200
2018-10-25 15:00:00,9.410,91.000,198.700,51.000,12.800
2018-10-25 16:00:00,9.180,27.000,141.500,15.000,12.200
2018-10-25 17:00:00,8.730,0.000,0.000,0.000,11.800
2018-10-25 18:00:00,8.320,0.000,0.000,0.000,11.200
2018-10-25 19:00:00,8.200,0.000,0.000,0.000,10.700
2018-10-25 20:00:00,7.960,0.000,0.000,0.000,10.400
2018-10-25 21:00:00,7.550,0.000,0.000,0.000,10.200
2018-10-25 22:00:00,6.920,0.000,0.000,0.000,9.800
2018-10-25 23:00:00,6.410,0.000,0.000,0.000,9.400
2018-10-26 00:00:00,6.140,0.000,0.000,0.000,9.400
2018-10-26 01:00:00,6.020,0.000,0.000,0.000,9.100
2018-10-26 02:00:00,5.910,0.000,0.000,0.000,9.000
2018-10-26 03:00:00,5.910,0.000,0.000,0.000,9.100
2018-10-26 04:00:00,5.690,0.000,0.000,0.000,9.300
2018-10-26 05:00:00,6.000,0.000,0.000,0.000,9.400
2018-10-26 06:00:00,6.310,0.000,0.000,0.000,9.500
2018-10-26 07:00:00,6.660,6.000,0.000,6.000,9.900
2018-10-26 08:00:00,7.440,24.000,0.000,24.000,10.400
2018-10-26 09:00:00,7.370,50.000,6.800,48.000,10.900
2018-10-26 10:00:00,7.140,48.000,0.000,48.000,10.800
2018-10-26 11:00:00,7.070,63.000,7.200,60.000,10.800
2018-10-26 12:00:00,7.140,115.000,21.600,106.000,10.900
2018-10-26 13:00:00,7.780,185.000,179.400,117.000,11.100
2018-10-26 14:00:00,8.560,91.000,69.100,70.000,10.800
2018-10-26 15:00:00,8.790,44.000,25.500,39.000,10.700
2018-10-26 16:00:00,9.080,8.000,0.000,8.000,10.400
2018-10-26 17:00:00,9.460,0.000,0.000,0.000,9.700
2018-10-26 18:00:00,9.080,0.000,0.000,0.000,9.100
2018-10-26 19:00:00,8.900,0.000,0.000,0.000,8.900
2018-10-26 20:00:00,9.050,0.000,0.000,0.000,8.800
2018-10-26 21:00:00,9.140,0.000,0.000,0.000,8.300
2018-10-26 22:00:00,9.010,0.000,0.000,0.000,8.300
2018-10-26 23:00:00,9.270,0.000,0.000,0.000,7.700
2018-10-27 00:00:00,9.940,0.000,0.000,0.000,7.200
2018-10-27 01:00:00,10.200,0.000,0.000,0.000,6.900
2018-10-27 02:00:00,10.410,0.000,0.000,0.000,6.700
2018-10-27 03:00:00,10.140,0.000,0.000,0.000,6.500
2018-10-27 04:00:00,9.630,0.000,0.000,0.000,6.600
2018-10-27 05:00:00,9.450,0.000,0.000,0.000,6.700
2018-10-27 06:00:00,8.880,0.000,0.000,0.000,6.500
2018-10-27 07:00:00,8.370,17.000,70.000,12.000,6.300
2018-10-27 08:00:00,8.300,117.000,379.700,50.000,6.800
2018-10-27 09:00:00,9.000,211.000,469.900,76.000,7.300
2018-10-27 10:00:00,6.420,234.000,346.400,107.000,7.900
2018-10-27 11:00:00,5.850,248.000,288.600,130.000,8.600
2018-10-27 12:00:00,5.390,240.000,282.100,124.000,8.900
2018-10-27 13:00:00,4.850,219.000,275.700,116.000,9.100
2018-10-27 14:00:00,4.100,193.000,258.100,116.000,9.100
2018-10-27 15:00:00,4.050,109.000,183.500,74.000,8.700
2018-10-27 16:00:00,4.600,26.000,63.000,21.000,7.700
2018-10-27 17:00:00,4.710,0.000,0.000,0.000,6.700
2018-10-27 18:00:00,5.030,0.000,0.000,0.000,5.900
2018-10-27 19:00:00,5.010,0.000,0.000,0.000,5.200
2018-10-27 20:00:00,5.220,0.000,0.000,0.000,4.800
2018-10-27 21:00:00,5.690,0.000,0.000,0.000,3.900
2018-10-27 22:00:00,5.730,0.000,0.000,0.000,2.500
2018-10-27 23:00:00,5.710,0.000,0.000,0.000,2.100
2018-10-28 00:00:00,5.280,0.000,0.000,0.000,1.800
2018-10-28 01:00:00,5.330,0.000,0.000,0.000,1.500
2018-10-28 02:00:00,4.800,0.000,0.000,0.000,1.600
2018-10-28 03:00:00,5.160,0.000,0.000,0.000,1.700
2018-10-28 04:00:00,5.640,0.000,0.000,0.000,1.600
2018-10-28 05:00:00,5.240,0.000,0.000,0.000,1.500
2018-10-28 06:00:00,5.460,0.000,0.000,0.000,1.300
2018-10-28 07:00:00,5.580,16.000,43.500,13.000,1.500
2018-10-28 08:00:00,6.120,76.000,93.200,60.000,2.100
2018-10-28 09:00:00,7.150,166.000,251.500,95.000,3.100
2018-10-28 10:00:00,6.790,239.000,340.300,116.000,4.800
2018-10-28 11:00:00,7.440,244.000,297.300,124.000,5.900
2018-10-28 12:00:00,7.300,180.000,140.400,123.000,6.300
2018-10-28 13:00:00,8.030,131.000,62.500,108.000,6.600
2018-10-28 14:00:00,8.270,68.000,10.200,65.000,6.500
2018-10-28 15:00:00,7.720,32.000,0.000,32.000,6.400
2018-10-28 16:00:00,7.720,9.000,0.000,9.000,6.100
2018-10-28 17:00:00,7.790,0.000,0.000,0.000,5.700
2018-10-28 18:00:00,8.270,0.000,0.000,0.000,5.200
2018-10-28 19:00:00,7.570,0.000,0.000,0.000,4.700
2018-10-28 20:00:00,8.210,0.000,0.000,0.000,4.600
2018-10-28 21:00:00,8.070,0.000,0.000,0.000,4.300
2018-10-28 22:00:00,8.430,0.000,0.000,0.000,4.200
2018-10-28 23:00:00,7.950,0.000,0.000,0.000,4.300
2018-10-29 00:00:00,7.630,0.000,0.000,0.000,4.400
2018-10-29 01:00:00,7.480,0.000,0.000,0.000,4.400
2018-10-29 02:00:00,7.850,0.000,0.000,0.000,4.700
2018-10-29 03:00:00,7.370,0.000,0.000,0.000,4.800
2018-10-29 04:00:00,7.380,0.000,0.000,0.000,4.800
2018-10-29 05:00:00,8.410,0.000,0.000,0.000,4.900
2018-10-29 06:00:00,8.030,0.000,0.000,0.000,5.000
2018-10-29 07:00:00,8.380,4.000,0.000,4.000,4.900
2018-10-29 08:00:00,7.470,32.000,6.000,31.000,4.900
2018-10-29 09:00:00,8.810,33.000,0.000,33.000,4.700
2018-10-29 10:00:00,7.980,58.000,8.400,55.000,4.900
2018-10-29 11:00:00,9.060,76.000,5.000,74.000,5.100
2018-10-29 12:00:00,8.200,63.000,0.000,63.000,5.100
2018-10-29 13:00:00,7.640,48.000,0.000,48.000,5.100
2018-10-29 14:00:00,7.650,47.000,0.000,47.000,5.000
2018-10-29 15:00:00,8.640,20.000,0.000,20.000,4.800
2018-10-29 16:00:00,8.260,4.000,0.000,4.000,4.700
2018-10-29 17:00:00,8.560,0.000,0.000,0.000,4.500
2018-10-29 18:00:00,7.680,0.000,0.000,0.000,4.500
2018-10-29 19:00:00,8.300,0.000,0.000,0.000,4.400
2018-10-29 20:00:00,8.320,0.000,0.000,0.000,4.400
2018-10-29 21:00:00,8.520,0.000,0.000,0.000,4.400
2018-10-29 22:00:00,6.120,0.000,0.000,0.000,4.400
2018-10-29 23:00:00,7.450,0.000,0.000,0.000,4.200
2018-10-30 00:00:00,8.010,0.000,0.000,0.000,4.000
2018-10-30 01:00:00,8.040,0.000,0.000,0.000,4.000
2018-10-30 02:00:00,8.050,0.000,0.000,0.000,4.200
2018-10-30 03:00:00,7.250,0.000,0.000,0.000,4.600
2018-10-30 04:00:00,7.240,0.000,0.000,0.000,5.000
2018-10-30 05:00:00,7.360,0.000,0.000,0.000,5.500
2018-10-30 06:00:00,6.360,0.000,0.000,0.000,6.200
2018-10-30 07:00:00,6.680,6.000,0.000,6.000,7.000
2018-10-30 08:00:00,6.710,52.000,61.700,42.000,7.800
2018-10-30 09:00:00,7.320,120.000,102.800,92.000,9.100
2018-10-30 10:00:00,6.820,190.000,253.300,101.000,10.100
2018-10-30 11:00:00,8.710,205.000,221.200,118.000,10.500
2018-10-30 12:00:00,9.240,231.000,204.800,150.000,10.400
2018-10-30 13:00:00,9.330,193.000,178.900,129.000,9.800
2018-10-30 14:00:00,9.930,82.000,31.800,73.000,9.000
2018-10-30 15:00:00,11.040,52.000,39.900,45.000,8.200
2018-10-30 16:00:00,11.400,13.000,42.000,10.000,7.600
2018-10-30 17:00:00,10.950,0.000,0.000,0.000,6.600
2018-10-30 18:00:00,11.400,0.000,0.000,0.000,5.800
2018-10-30 19:00:00,12.360,0.000,0.000,0.000,5.900
2018-10-30 20:00:00,13.610,0.000,0.000,0.000,6.600
2018-10-30 21:00:00,14.820,0.000,0.000,0.000,7.700
2018-10-30 22:00:00,14.580,0.000,0.000,0.000,8.400
2018-10-30 23:00:00,15.200,0.000,0.000,0.000,8.800
2018-10-31 00:00:00,14.720,0.000,0.000,0.000,9.200
2018-10-31 01:00:00,13.590,0.000,0.000,0.000,9.400
2018-10-31 02:00:00,12.380,0.000,0.000,0.000,9.600
2018-10-31 03:00:00,11.310,0.000,0.000,0.000,9.500
2018-10-31 04:00:00,10.420,0.000,0.000,0.000,9.000
2018-10-31 05:00:00,9.620,0.000,0.000,0.000,8.600
2018-10-31 06:00:00,9.070,0.000,0.000,0.000,7.900
2018-10-31 07:00:00,8.350,16.000,113.500,9.000,7.500
2018-10-31 08:00:00,7.960,108.000,406.500,44.000,7.900
2018-10-31 09:00:00,7.220,219.000,579.200,64.000,8.600
2018-10-31 10:00:00,5.720,290.000,563.100,95.000,9.500
2018-10-31 11:00:00,5.410,337.000,600.200,104.000,10.400
2018-10-31 12:00:00,4.630,348.000,666.000,88.000,11.200
2018-10-31 13:00:00,4.000,303.000,609.400,88.000,11.400
2018-10-31 14:00:00,4.050,212.000,446.300,88.000,11.400
2018-10-31 15:00:00,4.620,99.000,152.300,73.000,10.900
2018-10-31 16:00:00,5.480,19.000,43.500,16.000,9.700
2018-10-31 17:00:00,6.630,0.000,0.000,0.000,8.800
2018-10-31 18:00:00,7.190,0.000,0.000,0.000,8.800
2018-10-31 19:00:00,6.900,0.000,0.000,0.000,8.900
2018-10-31 20:00:00,6.580,0.000,0.000,0.000,9.000
2018-10-31 21:00:00,6.440,0.000,0.000,0.000,8.900
2018-10-31 22:00:00,6.440,0.000,0.000,0.000,8.400
2018-10-31 23:00:00,6.370,0.000,0.000,0.000,8.400
2018-11-01 00:00:00,6.090,0.000,0.000,0.000,8.300
2018-11-01 01:00:00,5.770,0.000,0.000,0.000,7.600
2018-11-01 02:00:00,6.710,0.000,0.000,0.000,6.900
2018-11-01 03:00:00,6.800,0.000,0.000,0.000,6.600
2018-11-01 04:00:00,7.150,0.000,0.000,0.000,6.000
2018-11-01 05:00:00,7.470,0.000,0.000,0.000,5.700
2018-11-01 06:00:00,7.540,0.000,0.000,0.000,5.600
2018-11-01 07:00:00,7.450,13.000,50.600,10.000,5.200
2018-11-01 08:00:00,6.800,103.000,392.800,43.000,6.000
2018-11-01 09:00:00,5.200,203.000,487.200,75.000,7.500
2018-11-01 10:00:00,4.870,225.000,237.300,144.000,9.000
2018-11-01 11:00:00,4.480,253.000,214.000,171.000,10.000
2018-11-01 12:00:00,3.980,226.000,119.400,180.000,10.400
2018-11-01 13:00:00,3.740,169.000,48.900,152.000,10.800
2018-11-01 14:00:00,3.400,108.000,7.300,106.000,10.800
2018-11-01 15:00:00,4.410,51.000,30.100,46.000,10.300
2018-11-01 16:00:00,4.690,6.000,0.000,6.000,9.900
2018-11-01 17:00:00,4.810,0.000,0.000,0.000,9.400
2018-11-01 18:00:00,6.570,0.000,0.000,0.000,9.200
2018-11-01 19:00:00,6.940,0.000,0.000,0.000,8.900
2018-11-01 20:00:00,7.000,0.000,0.000,0.000,8.200
2018-11-01 21:00:00,7.340,0.000,0.000,0.000,8.000
2018-11-01 22:00:00,7.440,0.000,0.000,0.000,7.500
2018-11-01 23:00:00,7.970,0.000,0.000,0.000,7.600
2018-11-02 00:00:00,8.640,0.000,0.000,0.000,8.200
2018-11-02 01:00:00,8.550,0.000,0.000,0.000,8.300
2018-11-02 02:00:00,8.680,0.000,0.000,0.000,8.500
2018-11-02 03:00:00,8.360,0.000,0.000,0.000,8.600
2018-11-02 04:00:00,8.500,0.000,0.000,0.000,8.400
2018-11-02 05:00:00,8.940,0.000,0.000,0.000,8.900
2018-11-02 06:00:00,8.820,0.000,0.000,0.000,9.800
2018-11-02 07:00:00,8.650,11.000,70.300,7.000,10.000
2018-11-02 08:00:00,8.220,64.000,162.100,40.000,10.500
2018-11-02 09:00:00,7.720,96.000,112.400,67.000,11.000
2018-11-02 10:00:00,7.160,130.000,53.500,112.000,11.400
2018-11-02 11:00:00,6.190,172.000,166.600,109.000,11.700
2018-11-02 12:00:00,5.640,228.000,315.500,108.000,11.800
2018-11-02 13:00:00,5.280,231.000,443.500,79.000,11.800
2018-11-02 14:00:00,4.810,155.000,328.300,67.000,11.400
2018-11-02 15:00:00,5.080,77.000,223.300,41.000,10.900
2018-11-02 16:00:00,5.250,13.000,78.000,8.000,10.400
2018-11-02 17:00:00,5.500,0.000,0.000,0.000,9.400
2018-11-02 18:00:00,5.220,0.000,0.000,0.000,8.500
2018-11-02 19:00:00,5.510,0.000,0.000,0.000,8.000
2018-11-02 20:00:00,5.100,0.000,0.000,0.000,7.300
2018-11-02 21:00:00,4.810,0.000,0.000,0.000,6.900
2018-11-02 22:00:00,5.230,0.000,0.000,0.000,5.500
2018-11-02 23:00:00,4.400,0.000,0.000,0.000,4.800
2018-11-03 00:00:00,4.600,0.000,0.000,0.000,4.300
2018-11-03 01:00:00,4.620,0.000,0.000,0.000,3.400
2018-11-03 02:00:00,4.340,0.000,0.000,0.000,3.000
2018-11-03 03:00:00,4.700,0.000,0.000,0.000,2.600
2018-11-03 04:00:00,4.400,0.000,0.000,0.000,2.100
2018-11-03 05:00:00,4.000,0.000,0.000,0.000,1.300
2018-11-03 06:00:00,3.910,0.000,0.000,0.000,0.800
2018-11-03 07:00:00,3.410,10.000,55.100,7.000,1.000
2018-11-03 08:00:00,2.570,82.000,272.000,43.000,2.800
2018-11-03 09:00:00,1.220,188.000,430.700,79.000,4.900
2018-11-03 10:00:00,1.020,273.000,540.100,94.000,7.100
2018-11-03 11:00:00,1.000,328.000,627.200,94.000,8.700
2018-11-03 12:00:00,1.200,328.000,639.500,88.000,9.600
2018-11-03 13:00:00,1.000,283.000,612.800,76.000,10.000
2018-11-03 14:00:00,0.950,218.000,585.100,64.000,10.100
2018-11-03 15:00:00,1.560,112.000,440.800,43.000,9.300
2018-11-03 16:00:00,2.770,17.000,129.700,9.000,7.100
2018-11-03 17:00:00,4.490,0.000,0.000,0.000,5.500
2018-11-03 18:00:00,5.730,0.000,0.000,0.000,4.400
2018-11-03 19:00:00,6.040,0.000,0.000,0.000,3.700
2018-11-03 20:00:00,6.160,0.000,0.000,0.000,3.200
2018-11-03 21:00:00,6.130,0.000,0.000,0.000,3.300
2018-11-03 22:00:00,6.280,0.000,0.000,0.000,2.700
2018-11-03 23:00:00,6.140,0.000,0.000,0.000,2.700
2018-11-04 00:00:00,6.000,0.000,0.000,0.000,2.700
2018-11-04 01:00:00,5.990,0.000,0.000,0.000,2.900
2018-11-04 02:00:00,6.090,0.000,0.000,0.000,3.400
2018-11-04 03:00:00,6.130,0.000,0.000,0.000,3.800
2018-11-04 04:00:00,6.040,0.000,0.000,0.000,4.300
2018-11-04 05:00:00,5.780,0.000,0.000,0.000,4.400
2018-11-04 06:00:00,5.440,0.000,0.000,0.000,4.600
2018-11-04 07:00:00,5.470,6.000,19.100,5.000,5.300
2018-11-04 08:00:00,5.160,39.000,86.500,27.000,6.300
2018-11-04 09:00:00,4.300,96.000,116.800,67.000,7.100
2018-11-04 10:00:00,4.140,167.000,242.000,88.000,8.200
2018-11-04 11:00:00,3.840,127.000,78.800,98.000,8.700
2018-11-04 12:00:00,3.750,124.000,102.600,86.000,9.200
2018-11-04 13:00:00,3.340,177.000,264.300,89.000,9.900
2018-11-04 14:00:00,3.720,126.000,162.500,84.000,10.100
2018-11-04 15:00:00,4.030,74.000,158.000,50.000,9.900
2018-11-04 16:00:00,5.090,9.000,16.900,8.000,9.800
2018-11-04 17:00:00,5.590,0.000,0.000,0.000,9.800
2018-11-04 18:00:00,5.550,0.000,0.000,0.000,9.800
2018-11-04 19:00:00,5.320,0.000,0.000,0.000,10.000
2018-11-04 20:00:00,4.790,0.000,0.000,0.000,9.900
2018-11-04 21:00:00,4.660,0.000,0.000,0.000,9.900
2018-11-04 22:00:00,4.900,0.000,0.000,0.000,9.600
2018-11-04 23:00:00,5.150,0.000,0.000,0.000,9.600
2018-11-05 00:00:00,5.130,0.000,0.000,0.000,9.800
2018-11-05 01:00:00,5.250,0.000,0.000,0.000,9.800
2018-11-05 02:00:00,5.480,0.000,0.000,0.000,9.900
2018-11-05 03:00:00,5.430,0.000,0.000,0.000,10.200
2018-11-05 04:00:00,5.410,0.000,0.000,0.000,10.400
2018-11-05 05:00:00,5.390,0.000,0.000,0.000,10.500
2018-11-05 06:00:00,5.460,0.000,0.000,0.000,10.700
2018-11-05 07:00:00,5.380,3.000,0.000,3.000,10.800
2018-11-05 08:00:00,5.160,33.000,37.300,28.000,10.900
2018-11-05 09:00:00,4.970,78.000,20.500,73.000,11.100
2018-11-05 10:00:00,5.680,144.000,68.400,122.000,11.300
2018-11-05 11:00:00,5.590,155.000,63.300,132.000,11.600
2018-11-05 12:00:00,5.150,201.000,177.900,136.000,12.000
2018-11-05 13:00:00,4.790,183.000,182.900,123.000,12.300
2018-11-05 14:00:00,4.590,136.000,189.200,88.000,12.300
2018-11-05 15:00:00,5.360,76.000,149.300,54.000,12.000
2018-11-05 16:00:00,6.240,10.000,0.000,10.000,11.600
2018-11-05 17:00:00,6.320,0.000,0.000,0.000,10.700
2018-11-05 18:00:00,6.130,0.000,0.000,0.000,10.000
2018-11-05 19:00:00,5.830,0.000,0.000,0.000,9.400
2018-11-05 20:00:00,5.440,0.000,0.000,0.000,8.900
2018-11-05 21:00:00,5.170,0.000,0.000,0.000,7.600
2018-11-05 22:00:00,5.280,0.000,0.000,0.000,7.600
2018-11-05 23:00:00,5.570,0.000,0.000,0.000,7.200
2018-11-06 00:00:00,5.810,0.000,0.000,0.000,7.000
2018-11-06 01:00:00,5.680,0.000,0.000,0.000,6.500
2018-11-06 02:00:00,6.170,0.000,0.000,0.000,6.700
2018-11-06 03:00:00,6.130,0.000,0.000,0.000,6.700
2018-11-06 04:00:00,5.760,0.000,0.000,0.000,6.800
2018-11-06 05:00:00,5.390,0.000,0.000,0.000,6.500
2018-11-06 06:00:00,5.140,0.000,0.000,0.000,6.500
2018-11-06 07:00:00,5.400,7.000,38.200,5.000,6.700
2018-11-06 08:00:00,5.110,83.000,363.200,36.000,7.800
2018-11-06 09:00:00,3.860,180.000,481.900,65.000,9.500
2018-11-06 10:00:00,2.090,250.000,486.300,96.000,11.200
2018-11-06 11:00:00,1.910,289.000,502.400,109.000,12.900
2018-11-06 12:00:00,2.150,278.000,421.600,126.000,14.300
2018-11-06 13:00:00,2.980,235.000,362.000,118.000,15.000
2018-11-06 14:00:00,3.690,171.000,329.300,89.000,14.800
2018-11-06 15:00:00,5.100,83.000,210.000,53.000,13.700
2018-11-06 16:00:00,6.380,10.000,36.600,8.000,12.300
2018-11-06 17:00:00,6.710,0.000,0.000,0.000,11.400
2018-11-06 18:00:00,6.420,0.000,0.000,0.000,10.800
2018-11-06 19:00:00,6.280,0.000,0.000,0.000,10.100
2018-11-06 20:00:00,6.090,0.000,0.000,0.000,9.400
2018-11-06 21:00:00,5.860,0.000,0.000,0.000,8.800
2018-11-06 22:00:00,5.390,0.000,0.000,0.000,8.200
2018-11-06 23:00:00,4.980,0.000,0.000,0.000,7.200
2018-11-07 00:00:00,4.690,0.000,0.000,0.000,6.500
2018-11-07 01:00:00,4.880,0.000,0.000,0.000,6.400
2018-11-07 02:00:00,5.810,0.000,0.000,0.000,6.600
2018-11-07 03:00:00,6.360,0.000,0.000,0.000,6.900
2018-11-07 04:00:00,6.350,0.000,0.000,0.000,7.000
2018-11-07 05:00:00,6.070,0.000,0.000,0.000,6.900
2018-11-07 06:00:00,6.410,0.000,0.000,0.000,6.900
2018-11-07 07:00:00,6.160,6.000,38.200,4.000,6.900
2018-11-07 08:00:00,5.780,78.000,328.500,37.000,8.200
2018-11-07 09:00:00,5.190,180.000,513.100,60.000,10.300
2018-11-07 10:00:00,3.930,264.000,625.300,69.000,12.200
2018-11-07 11:00:00,3.770,309.000,665.000,74.000,13.700
2018-11-07 12:00:00,3.410,311.000,669.200,73.000,15.200
2018-11-07 13:00:00,3.610,271.000,637.400,68.000,16.000
2018-11-07 14:00:00,3.900,192.000,548.200,58.000,16.200
2018-11-07 15:00:00,5.190,91.000,389.900,37.000,15.400
2018-11-07 16:00:00,5.980,10.000,76.300,6.000,13.000
2018-11-07 17:00:00,6.120,0.000,0.000,0.000,11.600
2018-11-07 18:00:00,6.200,0.000,0.000,0.000,10.600
2018-11-07 19:00:00,6.310,0.000,0.000,0.000,10.500
2018-11-07 20:00:00,6.320,0.000,0.000,0.000,10.300
2018-11-07 21:00:00,6.360,0.000,0.000,0.000,9.800
2018-11-07 22:00:00,6.800,0.000,0.000,0.000,9.300
2018-11-07 23:00:00,6.910,0.000,0.000,0.000,9.400
2018-11-08 00:00:00,6.670,0.000,0.000,0.000,9.400
2018-11-08 01:00:00,6.900,0.000,0.000,0.000,9.400
2018-11-08 02:00:00,6.950,0.000,0.000,0.000,9.800
2018-11-08 03:00:00,6.940,0.000,0.000,0.000,10.200
2018-11-08 04:00:00,6.330,0.000,0.000,0.000,9.900
2018-11-08 05:00:00,6.320,0.000,0.000,0.000,9.700
2018-11-08 06:00:00,6.910,0.000,0.000,0.000,9.700
2018-11-08 07:00:00,6.900,5.000,0.000,5.000,9.600
2018-11-08 08:00:00,6.440,52.000,58.200,45.000,10.300
2018-11-08 09:00:00,5.960,122.000,144.000,89.000,11.600
2018-11-08 10:00:00,3.940,213.000,325.700,113.000,12.900
2018-11-08 11:00:00,4.460,258.000,395.900,120.000,13.500
2018-11-08 12:00:00,4.220,257.000,399.000,117.000,13.900
2018-11-08 13:00:00,3.770,256.000,557.600,81.000,14.300
2018-11-08 14:00:00,3.110,164.000,366.800,76.000,14.000
2018-11-08 15:00:00,2.560,75.000,231.100,44.000,12.800
2018-11-08 16:00:00,2.190,8.000,19.100,7.000,10.600
2018-11-08 17:00:00,1.800,0.000,0.000,0.000,9.500
2018-11-08 18:00:00,2.010,0.000,0.000,0.000,8.500
2018-11-08 19:00:00,2.660,0.000,0.000,0.000,7.700
2018-11-08 20:00:00,3.740,0.000,0.000,0.000,6.100
2018-11-08 21:00:00,4.480,0.000,0.000,0.000,5.400
2018-11-08 22:00:00,5.590,0.000,0.000,0.000,5.700
2018-11-08 23:00:00,5.730,0.000,0.000,0.000,6.000
2018-11-09 00:00:00,5.450,0.000,0.000,0.000,6.300
2018-11-09 01:00:00,6.280,0.000,0.000,0.000,6.400
2018-11-09 02:00:00,6.400,0.000,0.000,0.000,6.900
2018-11-09 03:00:00,6.560,0.000,0.000,0.000,7.200
2018-11-09 04:00:00,7.260,0.000,0.000,0.000,7.600
2018-11-09 05:00:00,7.120,0.000,0.000,0.000,7.900
2018-11-09 06:00:00,7.300,0.000,0.000,0.000,8.200
2018-11-09 07:00:00,6.740,3.000,0.000,3.000,8.700
2018-11-09 08:00:00,6.640,43.000,103.700,31.000,9.000
2018-11-09 09:00:00,6.650,89.000,133.600,59.000,9.600
2018-11-09 10:00:00,6.460,124.000,99.200,94.000,11.000
2018-11-09 11:00:00,6.670,167.000,142.500,118.000,12.000
2018-11-09 12:00:00,6.640,201.000,228.200,122.000,12.800
2018-11-09 13:00:00,6.180,189.000,300.800,96.000,13.400
2018-11-09 14:00:00,5.150,126.000,191.100,81.000,13.300
2018-11-09 15:00:00,5.100,52.000,77.000,42.000,12.300
2018-11-09 16:00:00,5.520,6.000,0.000,6.000,11.300
2018-11-09 17:00:00,5.890,0.000,0.000,0.000,10.400
2018-11-09 18:00:00,6.110,0.000,0.000,0.000,9.700
2018-11-09 19:00:00,6.110,0.000,0.000,0.000,9.300
2018-11-09 20:00:00,6.310,0.000,0.000,0.000,9.300
2018-11-09 21:00:00,6.540,0.000,0.000,0.000,9.300
2018-11-09 22:00:00,6.020,0.000,0.000,0.000,9.200
2018-11-09 23:00:00,6.200,0.000,0.000,0.000,9.100
2018-11-10 00:00:00,6.230,0.000,0.000,0.000,8.900
2018-11-10 01:00:00,6.670,0.000,0.000,0.000,9.000
2018-11-10 02:00:00,7.270,0.000,0.000,0.000,9.000
2018-11-10 03:00:00,7.430,0.000,0.000,0.000,8.800
2018-11-10 04:00:00,7.670,0.000,0.000,0.000,9.500
2018-11-10 05:00:00,7.760,0.000,0.000,0.000,9.700
2018-11-10 06:00:00,8.150,0.000,0.000,0.000,9.900
2018-11-10 07:00:00,8.520,2.000,0.000,2.000,10.000
2018-11-10 08:00:00,8.430,39.000,18.000,37.000,10.700
2018-11-10 09:00:00,8.310,70.000,31.800,63.000,11.400
2018-11-10 10:00:00,8.410,61.000,13.400,57.000,11.400
2018-11-10 11:00:00,7.510,139.000,106.200,103.000,12.600
2018-11-10 12:00:00,6.610,161.000,108.300,124.000,13.200
2018-11-10 13:00:00,7.220,132.000,59.100,114.000,13.500
2018-11-10 14:00:00,7.680,82.000,26.000,76.000,13.600
2018-11-10 15:00:00,7.610,33.000,0.000,33.000,13.500
2018-11-10 16:00:00,7.720,3.000,0.000,3.000,13.200
2018-11-10 17:00:00,8.060,0.000,0.000,0.000,13.000
2018-11-10 18:00:00,8.560,0.000,0.000,0.000,13.000
2018-11-10 19:00:00,8.730,0.000,0.000,0.000,13.000
2018-11-10 20:00:00,9.020,0.000,0.000,0.000,12.700
2018-11-10 21:00:00,9.010,0.000,0.000,0.000,12.600
2018-11-10 22:00:00,8.900,0.000,0.000,0.000,12.400
2018-11-10 23:00:00,9.100,0.000,0.000,0.000,12.500
2018-11-11 00:00:00,9.010,0.000,0.000,0.000,12.300
2018-11-11 01:00:00,8.730,0.000,0.000,0.000,12.000
2018-11-11 02:00:00,8.550,0.000,0.000,0.000,11.700
2018-11-11 03:00:00,8.630,0.000,0.000,0.000,11.800
2018-11-11 04:00:00,8.740,0.000,0.000,0.000,11.800
2018-11-11 05:00:00,8.830,0.000,0.000,0.000,11.400
2018-11-11 06:00:00,8.570,0.000,0.000,0.000,11.100
2018-11-11 07:00:00,8.460,3.000,19.100,2.000,11.200
2018-11-11 08:00:00,8.570,56.000,215.600,33.000,11.700
2018-11-11 09:00:00,9.060,86.000,111.500,62.000,11.900
2018-11-11 10:00:00,8.980,61.000,23.900,54.000,12.000
2018-11-11 11:00:00,8.340,177.000,215.300,105.000,13.200
2018-11-11 12:00:00,8.130,247.000,451.100,95.000,14.300
2018-11-11 13:00:00,9.620,212.000,452.900,76.000,14.600
2018-11-11 14:00:00,8.680,158.000,440.800,58.000,14.500
2018-11-11 15:00:00,8.100,55.000,115.000,41.000,14.200
2018-11-11 16:00:00,7.840,3.000,0.000,3.000,13.800
2018-11-11 17:00:00,7.850,0.000,0.000,0.000,13.000
2018-11-11 18:00:00,7.760,0.000,0.000,0.000,12.800
2018-11-11 19:00:00,7.810,0.000,0.000,0.000,13.100
2018-11-11 20:00:00,7.820,0.000,0.000,0.000,12.400
2018-11-11 21:00:00,7.210,0.000,0.000,0.000,12.100
2018-11-11 22:00:00,7.710,0.000,0.000,0.000,11.900
2018-11-11 23:00:00,7.000,0.000,0.000,0.000,11.300
2018-11-12 00:00:00,6.500,0.000,0.000,0.000,11.000
2018-11-12 01:00:00,6.640,0.000,0.000,0.000,11.100
2018-11-12 02:00:00,6.240,0.000,0.000,0.000,11.000
2018-11-12 03:00:00,5.910,0.000,0.000,0.000,10.800
2018-11-12 04:00:00,5.790,0.000,0.000,0.000,10.800
2018-11-12 05:00:00,4.650,0.000,0.000,0.000,10.800
2018-11-12 06:00:00,4.020,0.000,0.000,0.000,10.900
2018-11-12 07:00:00,4.570,1.000,0.000,1.000,11.100
2018-11-12 08:00:00,4.960,11.000,0.000,11.000,11.200
2018-11-12 09:00:00,5.280,16.000,0.000,16.000,11.600
2018-11-12 10:00:00,5.760,41.000,10.400,38.000,12.100
2018-11-12 11:00:00,5.660,80.000,42.400,66.000,13.100
2018-11-12 12:00:00,6.930,134.000,189.500,71.000,14.800
2018-11-12 13:00:00,8.790,152.000,283.900,68.000,16.600
2018-11-12 14:00:00,8.920,77.000,139.200,46.000,16.900
2018-11-12 15:00:00,8.290,39.000,135.800,23.000,16.900
2018-11-12 16:00:00,8.100,3.000,0.000,3.000,16.200
2018-11-12 17:00:00,8.410,0.000,0.000,0.000,15.400
2018-11-12 18:00:00,8.130,0.000,0.000,0.000,14.400
2018-11-12 19:00:00,6.800,0.000,0.000,0.000,13.600
2018-11-12 20:00:00,5.940,0.000,0.000,0.000,12.600
2018-11-12 21:00:00,4.810,0.000,0.000,0.000,11.900
2018-11-12 22:00:00,4.100,0.000,0.000,0.000,11.600
2018-11-12 23:00:00,3.680,0.000,0.000,0.000,11.100
2018-11-13 00:00:00,3.850,0.000,0.000,0.000,10.900
2018-11-13 01:00:00,3.610,0.000,0.000,0.000,10.700
2018-11-13 02:00:00,3.620,0.000,0.000,0.000,10.300
2018-11-13 03:00:00,4.020,0.000,0.000,0.000,10.100
2018-11-13 04:00:00,4.530,0.000,0.000,0.000,9.900
2018-11-13 05:00:00,5.060,0.000,0.000,0.000,10.000
2018-11-13 06:00:00,5.730,0.000,0.000,0.000,10.100
2018-11-13 07:00:00,6.310,1.000,0.000,1.000,10.300
2018-11-13 08:00:00,7.010,27.000,0.000,27.000,10.600
2018-11-13 09:00:00,7.510,63.000,9.700,61.000,10.800
2018-11-13 10:00:00,6.440,157.000,214.900,96.000,11.600
2018-11-13 11:00:00,7.640,262.000,556.100,81.000,12.400
2018-11-13 12:00:00,7.290,234.000,426.700,94.000,12.700
2018-11-13 13:00:00,8.440,215.000,486.800,73.000,12.600
2018-11-13 14:00:00,9.850,129.000,329.300,57.000,12.000
2018-11-13 15:00:00,9.460,54.000,175.500,34.000,11.400
2018-11-13 16:00:00,8.760,4.000,19.100,3.000,10.500
2018-11-13 17:00:00,8.800,0.000,0.000,0.000,10.100
2018-11-13 18:00:00,9.020,0.000,0.000,0.000,9.800
2018-11-13 19:00:00,8.990,0.000,0.000,0.000,9.600
2018-11-13 20:00:00,8.730,0.000,0.000,0.000,9.500
2018-11-13 21:00:00,8.730,0.000,0.000,0.000,9.300
2018-11-13 22:00:00,8.970,0.000,0.000,0.000,9.000
2018-11-13 23:00:00,8.080,0.000,0.000,0.000,8.700
2018-11-14 00:00:00,7.620,0.000,0.000,0.000,8.200
2018-11-14 01:00:00,7.400,0.000,0.000,0.000,7.800
2018-11-14 02:00:00,6.740,0.000,0.000,0.000,7.500
2018-11-14 03:00:00,6.500,0.000,0.000,0.000,7.000
2018-11-14 04:00:00,5.950,0.000,0.000,0.000,6.600
2018-11-14 05:00:00,5.940,0.000,0.000,0.000,6.400
2018-11-14 06:00:00,5.890,0.000,0.000,0.000,6.400
2018-11-14 07:00:00,5.590,1.000,0.000,1.000,6.100
2018-11-14 08:00:00,5.380,44.000,138.800,31.000,6.700
2018-11-14 09:00:00,4.690,107.000,168.400,73.000,8.300
2018-11-14 10:00:00,3.820,194.000,361.400,93.000,9.800
2018-11-14 11:00:00,3.560,263.000,570.000,80.000,10.900
2018-11-14 12:00:00,3.330,267.000,611.500,69.000,11.700
2018-11-14 13:00:00,3.050,224.000,476.500,87.000,11.900
2018-11-14 14:00:00,2.820,125.000,149.100,93.000,11.900
2018-11-14 15:00:00,3.610,52.000,63.500,45.000,11.400
2018-11-14 16:00:00,4.900,3.000,0.000,3.000,10.000
2018-11-14 17:00:00,5.200,0.000,0.000,0.000,9.000
2018-11-14 18:00:00,5.500,0.000,0.000,0.000,8.400
2018-11-14 19:00:00,5.710,0.000,0.000,0.000,8.000
2018-11-14 20:00:00,5.660,0.000,0.000,0.000,7.700
2018-11-14 21:00:00,5.300,0.000,0.000,0.000,7.500
2018-11-14 22:00:00,4.340,0.000,0.000,0.000,6.600
2018-11-14 23:00:00,3.910,0.000,0.000,0.000,6.200
2018-11-15 00:00:00,4.370,0.000,0.000,0.000,5.800
2018-11-15 01:00:00,4.390,0.000,0.000,0.000,5.600
2018-11-15 02:00:00,3.980,0.000,0.000,0.000,5.000
2018-11-15 03:00:00,3.860,0.000,0.000,0.000,4.200
2018-11-15 04:00:00,4.150,0.000,0.000,0.000,3.900
2018-11-15 05:00:00,4.360,0.000,0.000,0.000,3.700
2018-11-15 06:00:00,4.230,0.000,0.000,0.000,3.000
2018-11-15 07:00:00,3.880,1.000,0.000,1.000,2.600
2018-11-15 08:00:00,3.890,47.000,234.800,26.000,3.400
2018-11-15 09:00:00,3.380,130.000,339.100,63.000,4.900
2018-11-15 10:00:00,3.020,216.000,519.700,73.000,5.900
2018-11-15 11:00:00,3.260,275.000,637.700,73.000,6.600
2018-11-15 12:00:00,3.390,278.000,644.500,72.000,7.100
2018-11-15 13:00:00,3.260,233.000,567.900,72.000,7.700
2018-11-15 14:00:00,3.610,163.000,507.500,56.000,7.700
2018-11-15 15:00:00,4.920,69.000,356.300,31.000,7.200
2018-11-15 16:00:00,6.050,4.000,19.100,3.000,6.200
2018-11-15 17:00:00,6.370,0.000,0.000,0.000,5.600
2018-11-15 18:00:00,6.300,0.000,0.000,0.000,5.000
2018-11-15 19:00:00,6.090,0.000,0.000,0.000,4.500
2018-11-15 20:00:00,5.870,0.000,0.000,0.000,4.500
2018-11-15 21:00:00,5.660,0.000,0.000,0.000,4.300
2018-11-15 22:00:00,5.540,0.000,0.000,0.000,3.900
2018-11-15 23:00:00,5.900,0.000,0.000,0.000,3.700
2018-11-16 00:00:00,5.970,0.000,0.000,0.000,3.500
2018-11-16 01:00:00,6.030,0.000,0.000,0.000,3.300
2018-11-16 02:00:00,5.870,0.000,0.000,0.000,3.100
2018-11-16 03:00:00,5.810,0.000,0.000,0.000,2.900
2018-11-16 04:00:00,5.840,0.000,0.000,0.000,2.800
2018-11-16 05:00:00,6.320,0.000,0.000,0.000,2.700
2018-11-16 06:00:00,6.550,0.000,0.000,0.000,2.600
2018-11-16 07:00:00,6.380,1.000,0.000,1.000,2.600
2018-11-16 08:00:00,6.190,52.000,321.300,24.000,3.300
2018-11-16 09:00:00,6.230,146.000,501.700,49.000,4.700
2018-11-16 10:00:00,5.460,227.000,609.100,62.000,6.300
2018-11-16 11:00:00,5.410,274.000,659.100,68.000,8.000
2018-11-16 12:00:00,5.690,279.000,668.800,68.000,9.000
2018-11-16 13:00:00,5.920,241.000,633.100,64.000,9.400
2018-11-16 14:00:00,6.290,165.000,540.700,53.000,9.300
2018-11-16 15:00:00,7.120,68.000,368.300,30.000,8.200
2018-11-16 16:00:00,7.620,3.000,19.100,2.000,6.700
2018-11-16 17:00:00,7.970,0.000,0.000,0.000,5.800
2018-11-16 18:00:00,8.320,0.000,0.000,0.000,5.200
2018-11-16 19:00:00,8.490,0.000,0.000,0.000,4.800
2018-11-16 20:00:00,8.520,0.000,0.000,0.000,4.200
2018-11-16 21:00:00,8.260,0.000,0.000,0.000,3.800
2018-11-16 22:00:00,8.510,0.000,0.000,0.000,3.400
2018-11-16 23:00:00,8.380,0.000,0.000,0.000,3.000
2018-11-17 00:00:00,8.230,0.000,0.000,0.000,2.400
2018-11-17 01:00:00,7.910,0.000,0.000,0.000,2.100
2018-11-17 02:00:00,7.620,0.000,0.000,0.000,1.700
2018-11-17 03:00:00,7.690,0.000,0.000,0.000,1.300
2018-11-17 04:00:00,8.000,0.000,0.000,0.000,1.200
2018-11-17 05:00:00,8.080,0.000,0.000,0.000,1.100
2018-11-17 06:00:00,7.760,0.000,0.000,0.000,0.800
2018-11-17 07:00:00,7.780,1.000,0.000,1.000,0.700
2018-11-17 08:00:00,7.780,47.000,282.600,23.000,0.900
2018-11-17 09:00:00,7.140,141.000,470.400,52.000,1.900
2018-11-17 10:00:00,6.680,219.000,543.600,74.000,3.100
2018-11-17 11:00:00,6.420,275.000,671.100,68.000,4.200
2018-11-17 12:00:00,6.400,279.000,677.300,68.000,5.300
2018-11-17 13:00:00,6.410,238.000,623.800,66.000,5.800
2018-11-17 14:00:00,6.400,164.000,545.300,53.000,5.800
2018-11-17 15:00:00,7.300,66.000,370.600,29.000,4.900
2018-11-17 16:00:00,7.800,3.000,19.100,2.000,3.500
2018-11-17 17:00:00,7.900,0.000,0.000,0.000,2.700
2018-11-17 18:00:00,8.000,0.000,0.000,0.000,2.200
2018-11-17 19:00:00,8.210,0.000,0.000,0.000,1.800
2018-11-17 20:00:00,8.050,0.000,0.000,0.000,1.500
2018-11-17 21:00:00,7.710,0.000,0.000,0.000,0.900
2018-11-17 22:00:00,7.500,0.000,0.000,0.000,0.200
2018-11-17 23:00:00,7.450,0.000,0.000,0.000,-0.300
2018-11-18 00:00:00,7.210,0.000,0.000,0.000,-0.700
2018-11-18 01:00:00,7.510,0.000,0.000,0.000,-1.100
2018-11-18 02:00:00,7.300,0.000,0.000,0.000,-1.400
2018-11-18 03:00:00,6.900,0.000,0.000,0.000,-1.800
2018-11-18 04:00:00,6.660,0.000,0.000,0.000,-2.100
2018-11-18 05:00:00,7.020,0.000,0.000,0.000,-2.200
2018-11-18 06:00:00,6.110,0.000,0.000,0.000,-2.400
2018-11-18 07:00:00,5.840,0.000,0.000,0.000,-2.500
2018-11-18 08:00:00,5.460,44.000,181.300,29.000,-1.900
2018-11-18 09:00:00,4.490,130.000,361.900,63.000,-0.700
2018-11-18 10:00:00,3.890,172.000,247.500,107.000,0.700
2018-11-18 11:00:00,3.670,247.000,499.300,95.000,2.400
2018-11-18 12:00:00,4.280,274.000,669.600,68.000,3.700
2018-11-18 13:00:00,4.600,220.000,547.700,71.000,4.400
2018-11-18 14:00:00,5.590,128.000,379.900,52.000,4.400
2018-11-18 15:00:00,5.950,38.000,144.900,24.000,3.700
2018-11-18 16:00:00,6.650,1.000,0.000,1.000,3.500
2018-11-18 17:00:00,6.590,0.000,0.000,0.000,3.700
2018-11-18 18:00:00,7.300,0.000,0.000,0.000,4.000
2018-11-18 19:00:00,8.120,0.000,0.000,0.000,4.400
2018-11-18 20:00:00,7.740,0.000,0.000,0.000,4.300
2018-11-18 21:00:00,7.220,0.000,0.000,0.000,4.000
2018-11-18 22:00:00,7.280,0.000,0.000,0.000,4.700
2018-11-18 23:00:00,7.850,0.000,0.000,0.000,4.800
2018-11-19 00:00:00,8.060,0.000,0.000,0.000,5.100
2018-11-19 01:00:00,8.010,0.000,0.000,0.000,5.100
2018-11-19 02:00:00,8.210,0.000,0.000,0.000,5.200
2018-11-19 03:00:00,9.150,0.000,0.000,0.000,5.100
2018-11-19 04:00:00,8.710,0.000,0.000,0.000,4.900
2018-11-19 05:00:00,8.180,0.000,0.000,0.000,4.900
2018-11-19 06:00:00,8.030,0.000,0.000,0.000,4.800
2018-11-19 07:00:00,7.940,0.000,0.000,0.000,4.700
2018-11-19 08:00:00,8.030,19.000,0.000,19.000,4.800
2018-11-19 09:00:00,8.650,90.000,149.000,63.000,4.900
2018-11-19 10:00:00,7.970,154.000,309.200,74.000,5.200
2018-11-19 11:00:00,8.140,190.000,356.000,83.000,5.300
2018-11-19 12:00:00,8.470,146.000,223.700,78.000,5.100
2018-11-19 13:00:00,9.420,138.000,264.400,67.000,4.900
2018-11-19 14:00:00,10.500,95.000,137.200,68.000,5.000
2018-11-19 15:00:00,9.940,46.000,192.500,28.000,4.500
2018-11-19 16:00:00,10.000,1.000,0.000,1.000,4.000
2018-11-19 17:00:00,10.190,0.000,0.000,0.000,3.900
2018-11-19 18:00:00,10.090,0.000,0.000,0.000,3.900
2018-11-19 19:00:00,10.120,0.000,0.000,0.000,3.800
2018-11-19 20:00:00,10.240,0.000,0.000,0.000,3.800
2018-11-19 21:00:00,10.420,0.000,0.000,0.000,3.700
2018-11-19 22:00:00,10.070,0.000,0.000,0.000,3.500
2018-11-19 23:00:00,10.100,0.000,0.000,0.000,3.200
2018-11-20 00:00:00,10.030,0.000,0.000,0.000,3.300
2018-11-20 01:00:00,10.690,0.000,0.000,0.000,3.400
2018-11-20 02:00:00,10.720,0.000,0.000,0.000,3.500
2018-11-20 03:00:00,10.830,0.000,0.000,0.000,3.300
2018-11-20 04:00:00,10.870,0.000,0.000,0.000,2.900
2018-11-20 05:00:00,10.610,0.000,0.000,0.000,2.600
2018-11-20 06:00:00,10.410,0.000,0.000,0.000,2.400
2018-11-20 07:00:00,10.540,0.000,0.000,0.000,2.200
2018-11-20 08:00:00,11.760,18.000,51.000,14.000,2.400
2018-11-20 09:00:00,12.710,47.000,22.600,43.000,2.400
2018-11-20 10:00:00,12.030,81.000,19.600,76.000,2.600
2018-11-20 11:00:00,11.320,100.000,23.600,93.000,2.700
2018-11-20 12:00:00,11.240,101.000,16.700,96.000,2.900
2018-11-20 13:00:00,10.780,71.000,0.000,71.000,2.900
2018-11-20 14:00:00,10.240,53.000,5.200,52.000,2.700
2018-11-20 15:00:00,9.510,20.000,0.000,20.000,2.400
2018-11-20 16:00:00,9.600,0.000,0.000,0.000,2.100
2018-11-20 17:00:00,9.900,0.000,0.000,0.000,1.700
2018-11-20 18:00:00,10.220,0.000,0.000,0.000,1.600
2018-11-20 19:00:00,10.080,0.000,0.000,0.000,1.600
2018-11-20 20:00:00,9.390,0.000,0.000,0.000,1.700
2018-11-20 21:00:00,8.630,0.000,0.000,0.000,1.800
2018-11-20 22:00:00,7.650,0.000,0.000,0.000,1.800
2018-11-20 23:00:00,8.040,0.000,0.000,0.000,1.900
2018-11-21 00:00:00,8.610,0.000,0.000,0.000,1.900
2018-11-21 01:00:00,7.960,0.000,0.000,0.000,2.000
2018-11-21 02:00:00,7.550,0.000,0.000,0.000,2.000
2018-11-21 03:00:00,7.820,0.000,0.000,0.000,1.900
2018-11-21 04:00:00,7.820,0.000,0.000,0.000,1.800
2018-11-21 05:00:00,7.420,0.000,0.000,0.000,1.800
2018-11-21 06:00:00,7.130,0.000,0.000,0.000,1.600
2018-11-21 07:00:00,6.940,0.000,0.000,0.000,1.400
2018-11-21 08:00:00,6.700,21.000,91.600,14.000,1.400
2018-11-21 09:00:00,7.120,60.000,34.600,54.000,1.600
2018-11-21 10:00:00,6.310,118.000,107.500,91.000,2.000
2018-11-21 11:00:00,6.200,134.000,92.100,107.000,2.200
2018-11-21 12:00:00,6.210,132.000,50.500,117.000,2.300
2018-11-21 13:00:00,6.630,83.000,65.000,66.000,2.100
2018-11-21 14:00:00,6.830,62.000,5.300,61.000,2.000
2018-11-21 15:00:00,6.420,33.000,45.600,29.000,1.800
2018-11-21 16:00:00,6.810,1.000,0.000,1.000,1.500
2018-11-21 17:00:00,6.920,0.000,0.000,0.000,1.500
2018-11-21 18:00:00,6.720,0.000,0.000,0.000,1.600
2018-11-21 19:00:00,6.700,0.000,0.000,0.000,1.400
2018-11-21 20:00:00,6.900,0.000,0.000,0.000,1.400
2018-11-21 21:00:00,7.100,0.000,0.000,0.000,1.400
2018-11-21 22:00:00,6.600,0.000,0.000,0.000,1.200
2018-11-21 23:00:00,6.900,0.000,0.000,0.000,1.200
2018-11-22 00:00:00,6.500,0.000,0.000,0.000,1.100
2018-11-22 01:00:00,6.900,0.000,0.000,0.000,1.100
2018-11-22 02:00:00,6.800,0.000,0.000,0.000,1.100
2018-11-22 03:00:00,6.800,0.000,0.000,0.000,1.100
2018-11-22 04:00:00,6.510,0.000,0.000,0.000,1.000
2018-11-22 05:00:00,6.310,0.000,0.000,0.000,1.000
2018-11-22 06:00:00,6.310,0.000,0.000,0.000,1.000
2018-11-22 07:00:00,5.600,0.000,0.000,0.000,1.200
2018-11-22 08:00:00,6.310,6.000,0.000,6.000,1.100
2018-11-22 09:00:00,6.480,24.000,5.900,23.000,1.300
2018-11-22 10:00:00,5.200,54.000,20.200,49.000,1.400
2018-11-22 11:00:00,5.360,93.000,93.300,66.000,1.600
2018-11-22 12:00:00,5.580,79.000,61.400,61.000,1.700
2018-11-22 13:00:00,5.630,85.000,139.300,49.000,1.800
2018-11-22 14:00:00,5.660,76.000,176.000,43.000,2.000
2018-11-22 15:00:00,5.570,27.000,105.400,18.000,2.000
2018-11-22 16:00:00,5.660,1.000,0.000,1.000,2.000
2018-11-22 17:00:00,5.820,0.000,0.000,0.000,2.000
2018-11-22 18:00:00,5.890,0.000,0.000,0.000,2.000
2018-11-22 19:00:00,5.920,0.000,0.000,0.000,2.000
2018-11-22 20:00:00,5.780,0.000,0.000,0.000,2.000
2018-11-22 21:00:00,5.590,0.000,0.000,0.000,2.100
2018-11-22 22:00:00,5.250,0.000,0.000,0.000,1.900
2018-11-22 23:00:00,5.370,0.000,0.000,0.000,2.100
2018-11-23 00:00:00,5.790,0.000,0.000,0.000,1.900
2018-11-23 01:00:00,5.820,0.000,0.000,0.000,1.700
2018-11-23 02:00:00,5.550,0.000,0.000,0.000,1.700
2018-11-23 03:00:00,5.270,0.000,0.000,0.000,1.600
2018-11-23 04:00:00,5.220,0.000,0.000,0.000,1.500
2018-11-23 05:00:00,5.370,0.000,0.000,0.000,1.300
2018-11-23 06:00:00,5.300,0.000,0.000,0.000,1.100
2018-11-23 07:00:00,5.080,0.000,0.000,0.000,1.000
2018-11-23 08:00:00,4.880,29.000,165.800,17.000,0.900
2018-11-23 09:00:00,4.160,102.000,325.300,48.000,1.400
2018-11-23 10:00:00,3.140,189.000,484.300,71.000,2.500
2018-11-23 11:00:00,3.190,240.000,591.100,71.000,3.100
2018-11-23 12:00:00,2.920,250.000,631.300,67.000,3.700
2018-11-23 13:00:00,2.620,212.000,591.400,61.000,4.000
2018-11-23 14:00:00,2.970,137.000,466.000,51.000,4.000
2018-11-23 15:00:00,3.640,49.000,309.900,23.000,3.900
2018-11-23 16:00:00,4.340,1.000,0.000,1.000,3.400
2018-11-23 17:00:00,4.850,0.000,0.000,0.000,3.000
2018-11-23 18:00:00,4.940,0.000,0.000,0.000,2.400
2018-11-23 19:00:00,4.630,0.000,0.000,0.000,2.100
2018-11-23 20:00:00,4.390,0.000,0.000,0.000,1.700
2018-11-23 21:00:00,4.400,0.000,0.000,0.000,0.700
2018-11-23 22:00:00,4.200,0.000,0.000,0.000,1.500
2018-11-23 23:00:00,4.590,0.000,0.000,0.000,0.800
2018-11-24 00:00:00,4.360,0.000,0.000,0.000,0.900
2018-11-24 01:00:00,4.710,0.000,0.000,0.000,1.000
2018-11-24 02:00:00,4.900,0.000,0.000,0.000,1.300
2018-11-24 03:00:00,4.430,0.000,0.000,0.000,1.100
2018-11-24 04:00:00,4.400,0.000,0.000,0.000,1.100
2018-11-24 05:00:00,4.510,0.000,0.000,0.000,1.000
2018-11-24 06:00:00,4.300,0.000,0.000,0.000,0.900
2018-11-24 07:00:00,3.700,0.000,0.000,0.000,1.000
2018-11-24 08:00:00,3.200,12.000,0.000,12.000,0.600
2018-11-24 09:00:00,2.900,54.000,6.200,53.000,0.800
2018-11-24 10:00:00,2.730,67.000,4.200,66.000,0.900
2018-11-24 11:00:00,2.900,94.000,3.500,93.000,1.300
2018-11-24 12:00:00,3.130,108.000,14.000,104.000,1.800
2018-11-24 13:00:00,2.900,91.000,19.800,86.000,2.300
2018-11-24 14:00:00,3.370,38.000,0.000,38.000,2.400
2018-11-24 15:00:00,3.960,10.000,0.000,10.000,2.200
2018-11-24 16:00:00,4.550,0.000,0.000,0.000,2.100
2018-11-24 17:00:00,4.490,0.000,0.000,0.000,1.900
2018-11-24 18:00:00,4.490,0.000,0.000,0.000,1.800
2018-11-24 19:00:00,4.370,0.000,0.000,0.000,1.700
2018-11-24 20:00:00,4.230,0.000,0.000,0.000,1.700
2018-11-24 21:00:00,4.160,0.000,0.000,0.000,1.800
2018-11-24 22:00:00,4.310,0.000,0.000,0.000,1.900
2018-11-24 23:00:00,4.420,0.000,0.000,0.000,2.000
2018-11-25 00:00:00,4.240,0.000,0.000,0.000,2.000
2018-11-25 01:00:00,4.020,0.000,0.000,0.000,2.300
2018-11-25 02:00:00,3.770,0.000,0.000,0.000,2.300
2018-11-25 03:00:00,3.420,0.000,0.000,0.000,2.700
2018-11-25 04:00:00,3.620,0.000,0.000,0.000,2.800
2018-11-25 05:00:00,3.690,0.000,0.000,0.000,2.900
2018-11-25 06:00:00,3.760,0.000,0.000,0.000,2.900
2018-11-25 07:00:00,3.890,0.000,0.000,0.000,2.900
2018-11-25 08:00:00,4.150,3.000,0.000,3.000,3.000
2018-11-25 09:00:00,3.280,19.000,0.000,19.000,3.200
2018-11-25 10:00:00,3.280,27.000,0.000,27.000,3.400
2018-11-25 11:00:00,3.360,33.000,0.000,33.000,3.600
2018-11-25 12:00:00,3.810,40.000,0.000,40.000,3.900
2018-11-25 13:00:00,3.980,28.000,0.000,28.000,4.000
2018-11-25 14:00:00,3.980,21.000,0.000,21.000,4.200
2018-11-25 15:00:00,4.120,6.000,0.000,6.000,4.400
2018-11-25 16:00:00,4.830,0.000,0.000,0.000,4.400
2018-11-25 17:00:00,5.500,0.000,0.000,0.000,4.500
2018-11-25 18:00:00,5.760,0.000,0.000,0.000,4.600
2018-11-25 19:00:00,6.010,0.000,0.000,0.000,4.400
2018-11-25 20:00:00,6.140,0.000,0.000,0.000,4.400
2018-11-25 21:00:00,6.060,0.000,0.000,0.000,4.400
2018-11-25 22:00:00,5.570,0.000,0.000,0.000,4.300
2018-11-25 23:00:00,5.980,0.000,0.000,0.000,4.300
2018-11-26 00:00:00,6.150,0.000,0.000,0.000,4.100
2018-11-26 01:00:00,6.280,0.000,0.000,0.000,3.900
2018-11-26 02:00:00,6.430,0.000,0.000,0.000,3.500
2018-11-26 03:00:00,6.500,0.000,0.000,0.000,3.100
2018-11-26 04:00:00,6.440,0.000,0.000,0.000,2.700
2018-11-26 05:00:00,6.660,0.000,0.000,0.000,2.400
2018-11-26 06:00:00,6.800,0.000,0.000,0.000,2.100
2018-11-26 07:00:00,6.960,0.000,0.000,0.000,1.900
2018-11-26 08:00:00,6.930,10.000,15.000,9.000,2.000
2018-11-26 09:00:00,6.430,35.000,0.000,35.000,2.200
2018-11-26 10:00:00,6.450,60.000,0.000,60.000,2.100
2018-11-26 11:00:00,6.140,71.000,0.000,71.000,2.500
2018-11-26 12:00:00,5.680,59.000,0.000,59.000,2.800
2018-11-26 13:00:00,5.260,50.000,0.000,50.000,3.100
2018-11-26 14:00:00,5.280,25.000,0.000,25.000,3.200
2018-11-26 15:00:00,5.250,12.000,0.000,12.000,3.200
2018-11-26 16:00:00,5.390,0.000,0.000,0.000,3.100
2018-11-26 17:00:00,5.510,0.000,0.000,0.000,3.200
2018-11-26 18:00:00,5.640,0.000,0.000,0.000,3.200
2018-11-26 19:00:00,5.350,0.000,0.000,0.000,3.200
2018-11-26 20:00:00,5.120,0.000,0.000,0.000,3.000
2018-11-26 21:00:00,4.900,0.000,0.000,0.000,2.800
2018-11-26 22:00:00,4.750,0.000,0.000,0.000,2.300
2018-11-26 23:00:00,4.490,0.000,0.000,0.000,2.100
2018-11-27 00:00:00,4.350,0.000,0.000,0.000,1.700
2018-11-27 01:00:00,4.350,0.000,0.000,0.000,1.500
2018-11-27 02:00:00,4.430,0.000,0.000,0.000,1.300
2018-11-27 03:00:00,4.610,0.000,0.000,0.000,0.900
2018-11-27 04:00:00,4.740,0.000,0.000,0.000,0.800
2018-11-27 05:00:00,4.720,0.000,0.000,0.000,0.400
2018-11-27 06:00:00,4.620,0.000,0.000,0.000,0.200
2018-11-27 07:00:00,4.510,0.000,0.000,0.000,-0.100
2018-11-27 08:00:00,4.340,13.000,15.500,12.000,-0.400
2018-11-27 09:00:00,4.010,72.000,59.300,63.000,-0.100
2018-11-27 10:00:00,4.470,123.000,82.700,104.000,0.200
2018-11-27 11:00:00,3.860,167.000,139.500,129.000,0.900
2018-11-27 12:00:00,4.120,180.000,212.800,121.000,1.500
2018-11-27 13:00:00,4.770,193.000,455.600,82.000,1.800
2018-11-27 14:00:00,4.790,120.000,339.100,61.000,1.600
2018-11-27 15:00:00,5.040,38.000,191.300,23.000,0.900
2018-11-27 16:00:00,5.570,0.000,0.000,0.000,0.100
2018-11-27 17:00:00,5.920,0.000,0.000,0.000,-0.700
2018-11-27 18:00:00,5.510,0.000,0.000,0.000,-0.800
2018-11-27 19:00:00,5.300,0.000,0.000,0.000,-1.500
2018-11-27 20:00:00,5.610,0.000,0.000,0.000,-1.600
2018-11-27 21:00:00,5.630,0.000,0.000,0.000,-1.700
2018-11-27 22:00:00,6.900,0.000,0.000,0.000,-1.700
2018-11-27 23:00:00,6.730,0.000,0.000,0.000,-1.700
2018-11-28 00:00:00,6.720,0.000,0.000,0.000,-2.100
2018-11-28 01:00:00,6.650,0.000,0.000,0.000,-2.300
2018-11-28 02:00:00,6.790,0.000,0.000,0.000,-2.400
2018-11-28 03:00:00,7.010,0.000,0.000,0.000,-2.600
2018-11-28 04:00:00,7.390,0.000,0.000,0.000,-2.600
2018-11-28 05:00:00,7.530,0.000,0.000,0.000,-2.700
2018-11-28 06:00:00,7.680,0.000,0.000,0.000,-2.700
2018-11-28 07:00:00,7.760,0.000,0.000,0.000,-2.700
2018-11-28 08:00:00,7.840,21.000,127.400,13.000,-2.400
2018-11-28 09:00:00,8.250,91.000,269.800,51.000,-1.500
2018-11-28 10:00:00,6.790,139.000,238.600,85.000,-0.400
2018-11-28 11:00:00,6.940,177.000,237.600,113.000,0.800
2018-11-28 12:00:00,6.810,178.000,229.600,115.000,1.500
2018-11-28 13:00:00,7.230,144.000,153.500,107.000,1.900
2018-11-28 14:00:00,8.140,94.000,128.200,72.000,1.900
2018-11-28 15:00:00,8.980,31.000,38.900,28.000,1.500
2018-11-28 16:00:00,9.280,0.000,0.000,0.000,1.200
2018-11-28 17:00:00,9.120,0.000,0.000,0.000,1.100
2018-11-28 18:00:00,9.180,0.000,0.000,0.000,1.300
2018-11-28 19:00:00,9.130,0.000,0.000,0.000,1.500
2018-11-28 20:00:00,8.990,0.000,0.000,0.000,1.800
2018-11-28 21:00:00,9.180,0.000,0.000,0.000,2.000
2018-11-28 22:00:00,8.470,0.000,0.000,0.000,1.800
2018-11-28 23:00:00,8.640,0.000,0.000,0.000,2.100
2018-11-29 00:00:00,8.930,0.000,0.000,0.000,2.600
2018-11-29 01:00:00,9.160,0.000,0.000,0.000,2.900
2018-11-29 02:00:00,9.380,0.000,0.000,0.000,3.200
2018-11-29 03:00:00,9.430,0.000,0.000,0.000,3.100
2018-11-29 04:00:00,9.100,0.000,0.000,0.000,3.000
2018-11-29 05:00:00,8.900,0.000,0.000,0.000,3.300
2018-11-29 06:00:00,8.800,0.000,0.000,0.000,3.500
2018-11-29 07:00:00,8.910,0.000,0.000,0.000,3.800
2018-11-29 08:00:00,9.110,5.000,0.000,5.000,4.000
2018-11-29 09:00:00,8.820,17.000,6.900,16.000,4.100
2018-11-29 10:00:00,7.780,32.000,4.500,31.000,4.600
2018-11-29 11:00:00,8.150,77.000,33.800,68.000,5.200
2018-11-29 12:00:00,8.610,93.000,84.700,70.000,5.800
2018-11-29 13:00:00,8.810,115.000,155.200,78.000,6.500
2018-11-29 14:00:00,9.140,71.000,59.100,61.000,6.900
2018-11-29 15:00:00,9.460,19.000,0.000,19.000,6.900
2018-11-29 16:00:00,9.670,0.000,0.000,0.000,6.900
2018-11-29 17:00:00,9.910,0.000,0.000,0.000,6.900
2018-11-29 18:00:00,10.380,0.000,0.000,0.000,7.000
2018-11-29 19:00:00,10.740,0.000,0.000,0.000,7.100
2018-11-29 20:00:00,10.000,0.000,0.000,0.000,7.100
2018-11-29 21:00:00,9.240,0.000,0.000,0.000,7.200
2018-11-29 22:00:00,8.710,0.000,0.000,0.000,7.100
2018-11-29 23:00:00,8.960,0.000,0.000,0.000,6.700
2018-11-30 00:00:00,8.810,0.000,0.000,0.000,6.300
2018-11-30 01:00:00,8.710,0.000,0.000,0.000,6.300
2018-11-30 02:00:00,8.400,0.000,0.000,0.000,6.400
2018-11-30 03:00:00,8.560,0.000,0.000,0.000,6.600
2018-11-30 04:00:00,8.630,0.000,0.000,0.000,6.200
2018-11-30 05:00:00,8.630,0.000,0.000,0.000,5.800
2018-11-30 06:00:00,8.560,0.000,0.000,0.000,5.600
2018-11-30 07:00:00,8.760,0.000,0.000,0.000,5.800
2018-11-30 08:00:00,8.540,10.000,0.000,10.000,6.000
2018-11-30 09:00:00,7.910,41.000,7.100,40.000,6.200
2018-11-30 10:00:00,7.720,87.000,27.300,81.000,6.700
2018-11-30 11:00:00,7.400,120.000,38.000,110.000,7.400
2018-11-30 12:00:00,7.690,117.000,74.400,97.000,7.700
2018-11-30 13:00:00,7.290,106.000,72.000,89.000,7.900
2018-11-30 14:00:00,6.670,82.000,65.800,71.000,7.900
2018-11-30 15:00:00,6.670,26.000,0.000,26.000,7.300
2018-11-30 16:00:00,7.050,0.000,0.000,0.000,6.700
2018-11-30 17:00:00,7.270,0.000,0.000,0.000,6.400
2018-11-30 18:00:00,7.210,0.000,0.000,0.000,6.300
2018-11-30 19:00:00,7.190,0.000,0.000,0.000,6.300
2018-11-30 20:00:00,7.170,0.000,0.000,0.000,6.300
2018-11-30 21:00:00,7.340,0.000,0.000,0.000,6.300
2018-11-30 22:00:00,7.270,0.000,0.000,0.000,5.800
2018-11-30 23:00:00,7.410,0.000,0.000,0.000,5.500
2018-12-01 00:00:00,7.230,0.000,0.000,0.000,5.400
2018-12-01 01:00:00,7.070,0.000,0.000,0.000,5.200
2018-12-01 02:00:00,6.930,0.000,0.000,0.000,5.100
2018-12-01 03:00:00,7.010,0.000,0.000,0.000,5.200
2018-12-01 04:00:00,7.080,0.000,0.000,0.000,5.400
2018-12-01 05:00:00,7.010,0.000,0.000,0.000,5.800
2018-12-01 06:00:00,7.060,0.000,0.000,0.000,6.400
2018-12-01 07:00:00,7.020,0.000,0.000,0.000,6.600
2018-12-01 08:00:00,6.960,10.000,17.400,9.000,6.900
2018-12-01 09:00:00,6.990,44.000,50.500,37.000,7.400
2018-12-01 10:00:00,6.940,92.000,83.000,74.000,8.500
2018-12-01 11:00:00,6.420,172.000,318.600,89.000,9.200
2018-12-01 12:00:00,6.300,176.000,379.400,75.000,9.700
2018-12-01 13:00:00,6.380,130.000,222.500,78.000,9.800
2018-12-01 14:00:00,6.860,94.000,272.400,49.000,9.600
2018-12-01 15:00:00,6.940,27.000,135.300,17.000,8.700
2018-12-01 16:00:00,7.600,0.000,0.000,0.000,8.000
2018-12-01 17:00:00,8.320,0.000,0.000,0.000,7.500
2018-12-01 18:00:00,8.420,0.000,0.000,0.000,7.400
2018-12-01 19:00:00,7.880,0.000,0.000,0.000,7.400
2018-12-01 20:00:00,8.060,0.000,0.000,0.000,7.500
2018-12-01 21:00:00,8.540,0.000,0.000,0.000,7.600
2018-12-01 22:00:00,9.140,0.000,0.000,0.000,7.800
2018-12-01 23:00:00,9.030,0.000,0.000,0.000,8.000
2018-12-02 00:00:00,8.670,0.000,0.000,0.000,8.300
2018-12-02 01:00:00,8.700,0.000,0.000,0.000,8.500
2018-12-02 02:00:00,8.760,0.000,0.000,0.000,8.600
2018-12-02 03:00:00,8.590,0.000,0.000,0.000,8.600
2018-12-02 04:00:00,8.560,0.000,0.000,0.000,8.600
2018-12-02 05:00:00,8.660,0.000,0.000,0.000,8.500
2018-12-02 06:00:00,8.760,0.000,0.000,0.000,8.400
2018-12-02 07:00:00,8.680,0.000,0.000,0.000,8.400
2018-12-02 08:00:00,8.450,2.000,0.000,2.000,8.500
2018-12-02 09:00:00,8.250,8.000,0.000,8.000,8.400
2018-12-02 10:00:00,7.400,13.000,0.000,13.000,8.500
2018-12-02 11:00:00,7.320,32.000,0.000,32.000,9.000
2018-12-02 12:00:00,8.230,53.000,7.600,51.000,9.400
2018-12-02 13:00:00,8.630,29.000,0.000,29.000,9.700
2018-12-02 14:00:00,8.440,13.000,0.000,13.000,10.000
2018-12-02 15:00:00,8.810,6.000,0.000,6.000,10.700
2018-12-02 16:00:00,8.970,0.000,0.000,0.000,11.300
2018-12-02 17:00:00,10.120,0.000,0.000,0.000,12.000
2018-12-02 18:00:00,10.310,0.000,0.000,0.000,12.100
2018-12-02 19:00:00,9.180,0.000,0.000,0.000,12.000
2018-12-02 20:00:00,8.280,0.000,0.000,0.000,11.900
2018-12-02 21:00:00,8.590,0.000,0.000,0.000,12.000
2018-12-02 22:00:00,8.930,0.000,0.000,0.000,12.300
2018-12-02 23:00:00,8.360,0.000,0.000,0.000,12.100
2018-12-03 00:00:00,7.340,0.000,0.000,0.000,11.900
2018-12-03 01:00:00,7.610,0.000,0.000,0.000,11.800
2018-12-03 02:00:00,8.530,0.000,0.000,0.000,11.800
2018-12-03 03:00:00,8.620,0.000,0.000,0.000,12.100
2018-12-03 04:00:00,8.510,0.000,0.000,0.000,12.300
2018-12-03 05:00:00,8.900,0.000,0.000,0.000,12.100
2018-12-03 06:00:00,8.850,0.000,0.000,0.000,11.700
2018-12-03 07:00:00,9.710,0.000,0.000,0.000,12.000
2018-12-03 08:00:00,9.950,6.000,0.000,6.000,12.300
2018-12-03 09:00:00,10.340,52.000,135.800,34.000,12.100
2018-12-03 10:00:00,8.510,120.000,345.600,47.000,12.400
2018-12-03 11:00:00,9.440,172.000,450.700,57.000,12.400
2018-12-03 12:00:00,8.640,154.000,348.200,63.000,12.500
2018-12-03 13:00:00,8.010,134.000,353.100,53.000,12.500
2018-12-03 14:00:00,7.560,71.000,216.700,36.000,12.300
2018-12-03 15:00:00,7.160,27.000,138.800,17.000,11.600
2018-12-03 16:00:00,7.310,0.000,0.000,0.000,11.100
2018-12-03 17:00:00,7.290,0.000,0.000,0.000,10.700
2018-12-03 18:00:00,7.420,0.000,0.000,0.000,10.600
2018-12-03 19:00:00,7.580,0.000,0.000,0.000,10.800
2018-12-03 20:00:00,7.990,0.000,0.000,0.000,10.700
2018-12-03 21:00:00,8.700,0.000,0.000,0.000,10.400
2018-12-03 22:00:00,8.440,0.000,0.000,0.000,10.500
2018-12-03 23:00:00,8.230,0.000,0.000,0.000,10.800
2018-12-04 00:00:00,8.190,0.000,0.000,0.000,9.800
2018-12-04 01:00:00,8.620,0.000,0.000,0.000,8.200
2018-12-04 02:00:00,8.050,0.000,0.000,0.000,7.300
2018-12-04 03:00:00,8.460,0.000,0.000,0.000,6.900
2018-12-04 04:00:00,8.930,0.000,0.000,0.000,6.900
2018-12-04 05:00:00,8.680,0.000,0.000,0.000,6.400
2018-12-04 06:00:00,8.610,0.000,0.000,0.000,5.800
2018-12-04 07:00:00,8.570,0.000,0.000,0.000,5.500
2018-12-04 08:00:00,8.430,12.000,75.800,8.000,5.300
2018-12-04 09:00:00,8.220,77.000,293.000,39.000,5.800
2018-12-04 10:00:00,7.090,143.000,417.200,56.000,6.500
2018-12-04 11:00:00,7.240,205.000,554.100,65.000,7.200
2018-12-04 12:00:00,7.670,212.000,555.700,68.000,7.500
2018-12-04 13:00:00,7.790,184.000,549.500,59.000,7.600
2018-12-04 14:00:00,8.420,108.000,387.900,46.000,7.100
2018-12-04 15:00:00,7.560,32.000,210.600,17.000,6.300
2018-12-04 16:00:00,7.130,0.000,0.000,0.000,5.200
2018-12-04 17:00:00,7.180,0.000,0.000,0.000,4.400
2018-12-04 18:00:00,6.910,0.000,0.000,0.000,3.900
2018-12-04 19:00:00,6.810,0.000,0.000,0.000,3.200
2018-12-04 20:00:00,7.130,0.000,0.000,0.000,3.100
2018-12-04 21:00:00,6.650,0.000,0.000,0.000,2.800
2018-12-04 22:00:00,6.560,0.000,0.000,0.000,2.300
2018-12-04 23:00:00,5.970,0.000,0.000,0.000,2.000
2018-12-05 00:00:00,5.440,0.000,0.000,0.000,1.500
2018-12-05 01:00:00,5.240,0.000,0.000,0.000,0.900
2018-12-05 02:00:00,5.080,0.000,0.000,0.000,0.600
2018-12-05 03:00:00,5.040,0.000,0.000,0.000,0.000
2018-12-05 04:00:00,5.240,0.000,0.000,0.000,-0.900
2018-12-05 05:00:00,5.300,0.000,0.000,0.000,-1.100
2018-12-05 06:00:00,5.420,0.000,0.000,0.000,-1.100
2018-12-05 07:00:00,5.890,0.000,0.000,0.000,-0.700
2018-12-05 08:00:00,6.260,14.000,114.600,8.000,-0.200
2018-12-05 09:00:00,5.940,89.000,409.500,37.000,1.300
2018-12-05 10:00:00,5.520,166.000,534.100,56.000,3.300
2018-12-05 11:00:00,4.520,204.000,515.400,75.000,4.300
2018-12-05 12:00:00,4.320,191.000,346.300,102.000,5.100
2018-12-05 13:00:00,4.330,150.000,221.600,100.000,5.100
2018-12-05 14:00:00,5.370,94.000,176.900,66.000,4.600
2018-12-05 15:00:00,6.350,30.000,85.200,24.000,3.700
2018-12-05 16:00:00,7.190,0.000,0.000,0.000,3.300
2018-12-05 17:00:00,7.600,0.000,0.000,0.000,3.300
2018-12-05 18:00:00,7.760,0.000,0.000,0.000,3.600
2018-12-05 19:00:00,7.750,0.000,0.000,0.000,3.900
2018-12-05 20:00:00,7.490,0.000,0.000,0.000,4.000
2018-12-05 21:00:00,7.210,0.000,0.000,0.000,4.100
2018-12-05 22:00:00,6.480,0.000,0.000,0.000,4.300
2018-12-05 23:00:00,6.610,0.000,0.000,0.000,4.200
2018-12-06 00:00:00,7.090,0.000,0.000,0.000,4.100
2018-12-06 01:00:00,7.280,0.000,0.000,0.000,4.300
2018-12-06 02:00:00,7.520,0.000,0.000,0.000,4.500
2018-12-06 03:00:00,7.910,0.000,0.000,0.000,4.800
2018-12-06 04:00:00,7.730,0.000,0.000,0.000,5.000
2018-12-06 05:00:00,7.090,0.000,0.000,0.000,5.300
2018-12-06 06:00:00,7.170,0.000,0.000,0.000,5.500
2018-12-06 07:00:00,7.710,0.000,0.000,0.000,5.800
2018-12-06 08:00:00,7.710,2.000,0.000,2.000,6.100
2018-12-06 09:00:00,7.320,14.000,0.000,14.000,6.500
2018-12-06 10:00:00,6.470,29.000,14.700,26.000,7.200
2018-12-06 11:00:00,6.890,41.000,16.100,37.000,8.000
2018-12-06 12:00:00,6.930,43.000,0.000,43.000,8.600
2018-12-06 13:00:00,7.420,37.000,8.900,35.000,9.100
2018-12-06 14:00:00,7.940,16.000,0.000,16.000,9.400
2018-12-06 15:00:00,8.220,4.000,0.000,4.000,9.700
2018-12-06 16:00:00,8.300,0.000,0.000,0.000,9.900
2018-12-06 17:00:00,8.150,0.000,0.000,0.000,10.000
2018-12-06 18:00:00,8.130,0.000,0.000,0.000,10.100
2018-12-06 19:00:00,8.280,0.000,0.000,0.000,10.200
2018-12-06 20:00:00,8.520,0.000,0.000,0.000,10.400
2018-12-06 21:00:00,8.800,0.000,0.000,0.000,10.700
2018-12-06 22:00:00,9.080,0.000,0.000,0.000,11.300
2018-12-06 23:00:00,9.850,0.000,0.000,0.000,11.500
2018-12-07 00:00:00,10.060,0.000,0.000,0.000,11.600
2018-12-07 01:00:00,9.930,0.000,0.000,0.000,11.500
2018-12-07 02:00:00,9.670,0.000,0.000,0.000,11.500
2018-12-07 03:00:00,9.540,0.000,0.000,0.000,11.500
2018-12-07 04:00:00,9.720,0.000,0.000,0.000,11.500
2018-12-07 05:00:00,9.400,0.000,0.000,0.000,11.400
2018-12-07 06:00:00,8.880,0.000,0.000,0.000,11.300
2018-12-07 07:00:00,8.720,0.000,0.000,0.000,11.300
2018-12-07 08:00:00,8.940,1.000,0.000,1.000,11.300
2018-12-07 09:00:00,9.410,6.000,0.000,6.000,11.400
2018-12-07 10:00:00,9.260,11.000,0.000,11.000,11.500
2018-12-07 11:00:00,9.420,16.000,0.000,16.000,11.600
2018-12-07 12:00:00,9.550,13.000,0.000,13.000,11.600
2018-12-07 13:00:00,9.700,10.000,0.000,10.000,11.700
2018-12-07 14:00:00,9.560,9.000,0.000,9.000,11.800
2018-12-07 15:00:00,9.600,3.000,0.000,3.000,11.600
2018-12-07 16:00:00,9.990,0.000,0.000,0.000,11.300
2018-12-07 17:00:00,10.490,0.000,0.000,0.000,11.200
2018-12-07 18:00:00,10.300,0.000,0.000,0.000,11.100
2018-12-07 19:00:00,10.630,0.000,0.000,0.000,10.500
2018-12-07 20:00:00,12.020,0.000,0.000,0.000,10.200
2018-12-07 21:00:00,14.230,0.000,0.000,0.000,9.500
2018-12-07 22:00:00,13.640,0.000,0.000,0.000,7.600
2018-12-07 23:00:00,11.800,0.000,0.000,0.000,7.200
2018-12-08 00:00:00,11.730,0.000,0.000,0.000,6.800
2018-12-08 01:00:00,11.490,0.000,0.000,0.000,6.500
2018-12-08 02:00:00,11.290,0.000,0.000,0.000,6.200
2018-12-08 03:00:00,11.540,0.000,0.000,0.000,6.300
2018-12-08 04:00:00,11.520,0.000,0.000,0.000,6.300
2018-12-08 05:00:00,11.680,0.000,0.000,0.000,6.400
2018-12-08 06:00:00,12.290,0.000,0.000,0.000,6.400
2018-12-08 07:00:00,12.780,0.000,0.000,0.000,6.700
2018-12-08 08:00:00,12.930,8.000,38.200,6.000,7.100
2018-12-08 09:00:00,12.740,64.000,200.800,40.000,7.100
2018-12-08 10:00:00,12.150,126.000,326.700,61.000,7.500
2018-12-08 11:00:00,11.320,129.000,245.900,69.000,7.600
2018-12-08 12:00:00,12.680,97.000,51.700,84.000,7.200
2018-12-08 13:00:00,12.530,37.000,9.100,35.000,7.400
2018-12-08 14:00:00,12.760,47.000,77.700,35.000,7.800
2018-12-08 15:00:00,12.880,22.000,116.600,14.000,7.800
2018-12-08 16:00:00,13.150,0.000,0.000,0.000,7.900
2018-12-08 17:00:00,12.840,0.000,0.000,0.000,7.800
2018-12-08 18:00:00,12.140,0.000,0.000,0.000,7.900
2018-12-08 19:00:00,11.730,0.000,0.000,0.000,8.000
2018-12-08 20:00:00,10.980,0.000,0.000,0.000,7.900
2018-12-08 21:00:00,10.420,0.000,0.000,0.000,7.500
2018-12-08 22:00:00,11.150,0.000,0.000,0.000,7.800
2018-12-08 23:00:00,12.680,0.000,0.000,0.000,8.300
2018-12-09 00:00:00,11.760,0.000,0.000,0.000,8.800
2018-12-09 01:00:00,12.750,0.000,0.000,0.000,8.800
2018-12-09 02:00:00,12.370,0.000,0.000,0.000,8.200
2018-12-09 03:00:00,11.880,0.000,0.000,0.000,7.800
2018-12-09 04:00:00,12.240,0.000,0.000,0.000,7.400
2018-12-09 05:00:00,12.710,0.000,0.000,0.000,7.400
2018-12-09 06:00:00,12.360,0.000,0.000,0.000,7.100
2018-12-09 07:00:00,11.400,0.000,0.000,0.000,6.900
2018-12-09 08:00:00,11.650,3.000,0.000,3.000,6.700
2018-12-09 09:00:00,11.700,16.000,0.000,16.000,6.700
2018-12-09 10:00:00,10.810,61.000,50.800,51.000,7.400
2018-12-09 11:00:00,11.210,91.000,148.700,55.000,7.700
2018-12-09 12:00:00,10.720,130.000,256.100,66.000,7.900
2018-12-09 13:00:00,11.150,120.000,241.300,67.000,8.100
2018-12-09 14:00:00,11.740,56.000,58.600,47.000,7.900
2018-12-09 15:00:00,10.740,20.000,88.100,14.000,7.400
2018-12-09 16:00:00,11.040,0.000,0.000,0.000,7.300
2018-12-09 17:00:00,11.060,0.000,0.000,0.000,6.900
2018-12-09 18:00:00,11.500,0.000,0.000,0.000,6.600
2018-12-09 19:00:00,12.050,0.000,0.000,0.000,6.400
2018-12-09 20:00:00,12.050,0.000,0.000,0.000,6.100
2018-12-09 21:00:00,11.800,0.000,0.000,0.000,6.000
2018-12-09 22:00:00,11.650,0.000,0.000,0.000,5.600
2018-12-09 23:00:00,11.100,0.000,0.000,0.000,5.500
2018-12-10 00:00:00,10.990,0.000,0.000,0.000,5.200
2018-12-10 01:00:00,11.160,0.000,0.000,0.000,4.900
2018-12-10 02:00:00,11.040,0.000,0.000,0.000,4.500
2018-12-10 03:00:00,10.830,0.000,0.000,0.000,4.500
2018-12-10 04:00:00,11.000,0.000,0.000,0.000,4.500
2018-12-10 05:00:00,10.970,0.000,0.000,0.000,4.400
2018-12-10 06:00:00,10.750,0.000,0.000,0.000,3.900
2018-12-10 07:00:00,10.610,0.000,0.000,0.000,4.000
2018-12-10 08:00:00,10.610,7.000,38.200,5.000,3.900
2018-12-10 09:00:00,10.710,59.000,234.400,32.000,4.200
2018-12-10 10:00:00,10.390,114.000,302.600,55.000,4.600
2018-12-10 11:00:00,10.000,151.000,320.300,74.000,5.000
2018-12-10 12:00:00,10.110,160.000,334.000,77.000,4.900
2018-12-10 13:00:00,10.520,105.000,192.200,63.000,5.100
2018-12-10 14:00:00,11.630,68.000,170.300,42.000,5.100
2018-12-10 15:00:00,11.700,15.000,29.500,13.000,4.500
2018-12-10 16:00:00,11.570,0.000,0.000,0.000,4.100
2018-12-10 17:00:00,11.400,0.000,0.000,0.000,4.000
2018-12-10 18:00:00,11.480,0.000,0.000,0.000,4.000
2018-12-10 19:00:00,11.510,0.000,0.000,0.000,4.300
2018-12-10 20:00:00,11.400,0.000,0.000,0.000,4.500
2018-12-10 21:00:00,11.010,0.000,0.000,0.000,4.600
2018-12-10 22:00:00,11.320,0.000,0.000,0.000,4.300
2018-12-10 23:00:00,11.350,0.000,0.000,0.000,4.200
2018-12-11 00:00:00,11.230,0.000,0.000,0.000,4.500
2018-12-11 01:00:00,10.510,0.000,0.000,0.000,4.700
2018-12-11 02:00:00,10.480,0.000,0.000,0.000,4.700
2018-12-11 03:00:00,10.480,0.000,0.000,0.000,4.600
2018-12-11 04:00:00,10.260,0.000,0.000,0.000,4.600
2018-12-11 05:00:00,9.940,0.000,0.000,0.000,4.300
2018-12-11 06:00:00,9.440,0.000,0.000,0.000,4.200
2018-12-11 07:00:00,9.000,0.000,0.000,0.000,4.000
2018-12-11 08:00:00,8.680,7.000,38.200,5.000,3.700
2018-12-11 09:00:00,8.190,47.000,185.600,26.000,4.100
2018-12-11 10:00:00,7.940,61.000,51.800,51.000,4.500
2018-12-11 11:00:00,7.200,108.000,134.000,76.000,5.300
2018-12-11 12:00:00,7.050,139.000,242.700,79.000,5.900
2018-12-11 13:00:00,7.720,116.000,220.700,68.000,6.000
2018-12-11 14:00:00,6.930,82.000,276.400,40.000,5.800
2018-12-11 15:00:00,6.530,20.000,118.700,12.000,5.600
2018-12-11 16:00:00,6.340,0.000,0.000,0.000,5.200
2018-12-11 17:00:00,6.270,0.000,0.000,0.000,4.900
2018-12-11 18:00:00,6.000,0.000,0.000,0.000,4.900
2018-12-11 19:00:00,5.730,0.000,0.000,0.000,4.700
2018-12-11 20:00:00,5.610,0.000,0.000,0.000,4.500
2018-12-11 21:00:00,5.510,0.000,0.000,0.000,4.100
2018-12-11 22:00:00,5.980,0.000,0.000,0.000,3.900
2018-12-11 23:00:00,5.760,0.000,0.000,0.000,3.800
2018-12-12 00:00:00,5.410,0.000,0.000,0.000,3.600
2018-12-12 01:00:00,5.060,0.000,0.000,0.000,3.300
2018-12-12 02:00:00,5.020,0.000,0.000,0.000,3.300
2018-12-12 03:00:00,4.830,0.000,0.000,0.000,3.200
2018-12-12 04:00:00,4.500,0.000,0.000,0.000,3.100
2018-12-12 05:00:00,4.200,0.000,0.000,0.000,3.000
2018-12-12 06:00:00,4.110,0.000,0.000,0.000,2.900
2018-12-12 07:00:00,4.370,0.000,0.000,0.000,3.000
2018-12-12 08:00:00,4.640,4.000,0.000,4.000,2.900
2018-12-12 09:00:00,4.700,34.000,53.900,28.000,3.400
2018-12-12 10:00:00,3.980,86.000,135.800,60.000,3.800
2018-12-12 11:00:00,3.940,106.000,143.200,72.000,4.200
2018-12-12 12:00:00,3.940,106.000,101.600,81.000,4.200
2018-12-12 13:00:00,4.290,92.000,152.300,59.000,4.200
2018-12-12 14:00:00,4.660,40.000,33.000,35.000,4.200
2018-12-12 15:00:00,4.940,11.000,14.900,10.000,4.200
2018-12-12 16:00:00,5.100,0.000,0.000,0.000,3.800
2018-12-12 17:00:00,5.470,0.000,0.000,0.000,3.400
2018-12-12 18:00:00,5.520,0.000,0.000,0.000,3.000
2018-12-12 19:00:00,5.690,0.000,0.000,0.000,2.700
2018-12-12 20:00:00,5.590,0.000,0.000,0.000,2.700
2018-12-12 21:00:00,5.480,0.000,0.000,0.000,2.600
2018-12-12 22:00:00,5.280,0.000,0.000,0.000,2.500
2018-12-12 23:00:00,5.100,0.000,0.000,0.000,2.300
2018-12-13 00:00:00,5.000,0.000,0.000,0.000,2.200
2018-12-13 01:00:00,5.190,0.000,0.000,0.000,1.900
2018-12-13 02:00:00,5.150,0.000,0.000,0.000,1.700
2018-12-13 03:00:00,5.260,0.000,0.000,0.000,1.100
2018-12-13 04:00:00,5.280,0.000,0.000,0.000,1.100
2018-12-13 05:00:00,5.640,0.000,0.000,0.000,0.800
2018-12-13 06:00:00,6.130,0.000,0.000,0.000,0.800
2018-12-13 07:00:00,6.080,0.000,0.000,0.000,1.200
2018-12-13 08:00:00,5.910,2.000,0.000,2.000,1.500
2018-12-13 09:00:00,6.280,34.000,54.800,28.000,1.800
2018-12-13 10:00:00,6.770,82.000,84.300,66.000,1.800
2018-12-13 11:00:00,6.820,114.000,173.700,73.000,2.000
2018-12-13 12:00:00,5.800,150.000,298.000,77.000,2.200
2018-12-13 13:00:00,5.350,102.000,148.200,70.000,2.400
2018-12-13 14:00:00,5.010,81.000,238.500,45.000,2.200
2018-12-13 15:00:00,5.330,27.000,179.100,15.000,1.900
2018-12-13 16:00:00,5.550,0.000,0.000,0.000,1.500
2018-12-13 17:00:00,5.740,0.000,0.000,0.000,1.500
2018-12-13 18:00:00,5.760,0.000,0.000,0.000,1.900
2018-12-13 19:00:00,5.550,0.000,0.000,0.000,1.800
2018-12-13 20:00:00,5.340,0.000,0.000,0.000,1.700
2018-12-13 21:00:00,5.410,0.000,0.000,0.000,1.400
2018-12-13 22:00:00,6.200,0.000,0.000,0.000,1.600
2018-12-13 23:00:00,6.110,0.000,0.000,0.000,1.600
2018-12-14 00:00:00,5.800,0.000,0.000,0.000,1.600
2018-12-14 01:00:00,5.760,0.000,0.000,0.000,1.400
2018-12-14 02:00:00,5.570,0.000,0.000,0.000,1.200
2018-12-14 03:00:00,5.600,0.000,0.000,0.000,1.200
2018-12-14 04:00:00,5.660,0.000,0.000,0.000,1.200
2018-12-14 05:00:00,5.760,0.000,0.000,0.000,1.300
2018-12-14 06:00:00,5.530,0.000,0.000,0.000,1.100
2018-12-14 07:00:00,5.450,0.000,0.000,0.000,1.100
2018-12-14 08:00:00,5.700,4.000,19.100,3.000,0.900
2018-12-14 09:00:00,5.300,35.000,46.400,30.000,0.600
2018-12-14 10:00:00,5.330,68.000,53.100,58.000,0.800
2018-12-14 11:00:00,5.020,100.000,51.100,88.000,1.000
2018-12-14 12:00:00,5.000,105.000,82.000,85.000,1.100
2018-12-14 13:00:00,5.000,71.000,23.200,66.000,1.100
2018-12-14 14:00:00,5.100,43.000,0.000,43.000,1.000
2018-12-14 15:00:00,5.110,16.000,29.900,14.000,1.000
2018-12-14 16:00:00,5.300,0.000,0.000,0.000,0.700
2018-12-14 17:00:00,5.500,0.000,0.000,0.000,0.600
2018-12-14 18:00:00,5.600,0.000,0.000,0.000,0.300
2018-12-14 19:00:00,5.600,0.000,0.000,0.000,0.200
2018-12-14 20:00:00,5.200,0.000,0.000,0.000,0.100
2018-12-14 21:00:00,4.910,0.000,0.000,0.000,-0.100
2018-12-14 22:00:00,4.600,0.000,0.000,0.000,0.400
2018-12-14 23:00:00,4.700,0.000,0.000,0.000,0.500
2018-12-15 00:00:00,5.100,0.000,0.000,0.000,0.400
2018-12-15 01:00:00,4.830,0.000,0.000,0.000,0.500
2018-12-15 02:00:00,4.670,0.000,0.000,0.000,0.500
2018-12-15 03:00:00,4.320,0.000,0.000,0.000,0.500
2018-12-15 04:00:00,4.510,0.000,0.000,0.000,0.300
2018-12-15 05:00:00,4.630,0.000,0.000,0.000,0.400
2018-12-15 06:00:00,4.810,0.000,0.000,0.000,0.300
2018-12-15 07:00:00,5.350,0.000,0.000,0.000,0.300
2018-12-15 08:00:00,5.470,4.000,0.000,4.000,0.200
2018-12-15 09:00:00,5.250,36.000,37.700,32.000,0.300
2018-12-15 10:00:00,5.520,74.000,58.800,63.000,0.300
2018-12-15 11:00:00,5.680,132.000,218.200,81.000,0.400
2018-12-15 12:00:00,5.690,137.000,217.900,84.000,0.400
2018-12-15 13:00:00,5.330,107.000,139.700,77.000,0.300
2018-12-15 14:00:00,5.620,69.000,119.600,51.000,0.200
2018-12-15 15:00:00,5.410,24.000,119.700,16.000,0.100
2018-12-15 16:00:00,5.800,0.000,0.000,0.000,-0.100
2018-12-15 17:00:00,6.300,0.000,0.000,0.000,-0.300
2018-12-15 18:00:00,6.960,0.000,0.000,0.000,-0.400
2018-12-15 19:00:00,7.520,0.000,0.000,0.000,-0.300
2018-12-15 20:00:00,7.480,0.000,0.000,0.000,-0.600
2018-12-15 21:00:00,7.860,0.000,0.000,0.000,-0.800
2018-12-15 22:00:00,7.960,0.000,0.000,0.000,-0.900
2018-12-15 23:00:00,8.230,0.000,0.000,0.000,-1.100
2018-12-16 00:00:00,8.390,0.000,0.000,0.000,-1.300
2018-12-16 01:00:00,8.310,0.000,0.000,0.000,-1.300
2018-12-16 02:00:00,8.250,0.000,0.000,0.000,-1.300
2018-12-16 03:00:00,8.170,0.000,0.000,0.000,-1.400
2018-12-16 04:00:00,7.710,0.000,0.000,0.000,-1.400
2018-12-16 05:00:00,8.060,0.000,0.000,0.000,-1.300
2018-12-16 06:00:00,8.180,0.000,0.000,0.000,-1.100
2018-12-16 07:00:00,7.500,0.000,0.000,0.000,-1.000
2018-12-16 08:00:00,7.160,5.000,0.000,5.000,-1.000
2018-12-16 09:00:00,6.680,50.000,86.100,41.000,-0.900
2018-12-16 10:00:00,6.090,96.000,97.000,78.000,-0.400
2018-12-16 11:00:00,5.760,98.000,43.000,88.000,-0.300
2018-12-16 12:00:00,4.740,78.000,20.600,73.000,-0.400
2018-12-16 13:00:00,4.080,58.000,28.000,52.000,-0.400
2018-12-16 14:00:00,3.760,38.000,0.000,38.000,-0.500
2018-12-16 15:00:00,3.990,12.000,14.900,11.000,-0.500
2018-12-16 16:00:00,3.760,0.000,0.000,0.000,-0.600
2018-12-16 17:00:00,3.570,0.000,0.000,0.000,-0.600
2018-12-16 18:00:00,3.750,0.000,0.000,0.000,-0.700
2018-12-16 19:00:00,3.850,0.000,0.000,0.000,-0.600
2018-12-16 20:00:00,4.000,0.000,0.000,0.000,-0.600
2018-12-16 21:00:00,4.350,0.000,0.000,0.000,-0.500
2018-12-16 22:00:00,4.260,0.000,0.000,0.000,0.100
2018-12-16 23:00:00,4.110,0.000,0.000,0.000,0.400
2018-12-17 00:00:00,3.890,0.000,0.000,0.000,0.600
2018-12-17 01:00:00,4.190,0.000,0.000,0.000,0.700
2018-12-17 02:00:00,3.550,0.000,0.000,0.000,0.900
2018-12-17 03:00:00,3.450,0.000,0.000,0.000,1.100
2018-12-17 04:00:00,4.530,0.000,0.000,0.000,1.200
2018-12-17 05:00:00,4.660,0.000,0.000,0.000,1.400
2018-12-17 06:00:00,4.460,0.000,0.000,0.000,1.600
2018-12-17 07:00:00,5.020,0.000,0.000,0.000,1.600
2018-12-17 08:00:00,5.330,3.000,0.000,3.000,1.600
2018-12-17 09:00:00,5.670,30.000,29.100,27.000,1.800
2018-12-17 10:00:00,5.420,63.000,48.800,54.000,2.300
2018-12-17 11:00:00,5.200,79.000,17.300,75.000,2.900
2018-12-17 12:00:00,5.000,85.000,37.200,76.000,3.400
2018-12-17 13:00:00,5.110,67.000,9.300,65.000,4.000
2018-12-17 14:00:00,5.300,31.000,0.000,31.000,4.000
2018-12-17 15:00:00,5.580,8.000,0.000,8.000,4.000
2018-12-17 16:00:00,6.020,0.000,0.000,0.000,4.000
2018-12-17 17:00:00,6.330,0.000,0.000,0.000,4.200
2018-12-17 18:00:00,6.500,0.000,0.000,0.000,4.600
2018-12-17 19:00:00,6.810,0.000,0.000,0.000,4.800
2018-12-17 20:00:00,7.170,0.000,0.000,0.000,4.800
2018-12-17 21:00:00,7.460,0.000,0.000,0.000,4.800
2018-12-17 22:00:00,7.030,0.000,0.000,0.000,5.500
2018-12-17 23:00:00,6.900,0.000,0.000,0.000,5.400
2018-12-18 00:00:00,6.990,0.000,0.000,0.000,5.400
2018-12-18 01:00:00,6.940,0.000,0.000,0.000,5.400
2018-12-18 02:00:00,6.750,0.000,0.000,0.000,5.400
2018-12-18 03:00:00,6.680,0.000,0.000,0.000,5.400
2018-12-18 04:00:00,6.210,0.000,0.000,0.000,5.300
2018-12-18 05:00:00,5.640,0.000,0.000,0.000,5.300
2018-12-18 06:00:00,5.520,0.000,0.000,0.000,5.300
2018-12-18 07:00:00,5.690,0.000,0.000,0.000,5.400
2018-12-18 08:00:00,5.830,1.000,0.000,1.000,5.700
2018-12-18 09:00:00,5.850,21.000,49.100,16.000,5.900
2018-12-18 10:00:00,5.520,37.000,10.900,35.000,5.900
2018-12-18 11:00:00,5.530,84.000,108.200,59.000,6.200
2018-12-18 12:00:00,5.320,121.000,194.600,74.000,6.400
2018-12-18 13:00:00,5.010,124.000,242.900,72.000,6.300
2018-12-18 14:00:00,5.850,69.000,73.000,58.000,5.900
2018-12-18 15:00:00,6.510,18.000,59.500,14.000,5.000
2018-12-18 16:00:00,6.850,0.000,0.000,0.000,4.400
2018-12-18 17:00:00,6.810,0.000,0.000,0.000,4.200
2018-12-18 18:00:00,6.710,0.000,0.000,0.000,3.800
2018-12-18 19:00:00,6.820,0.000,0.000,0.000,3.500
2018-12-18 20:00:00,6.820,0.000,0.000,0.000,3.100
2018-12-18 21:00:00,7.340,0.000,0.000,0.000,2.900
2018-12-18 22:00:00,7.600,0.000,0.000,0.000,2.700
2018-12-18 23:00:00,7.800,0.000,0.000,0.000,2.400
2018-12-19 00:00:00,8.030,0.000,0.000,0.000,2.100
2018-12-19 01:00:00,8.210,0.000,0.000,0.000,1.900
2018-12-19 02:00:00,8.370,0.000,0.000,0.000,2.000
2018-12-19 03:00:00,8.340,0.000,0.000,0.000,1.900
2018-12-19 04:00:00,8.040,0.000,0.000,0.000,2.100
2018-12-19 05:00:00,7.550,0.000,0.000,0.000,2.400
2018-12-19 06:00:00,7.210,0.000,0.000,0.000,2.800
2018-12-19 07:00:00,7.400,0.000,0.000,0.000,3.100
2018-12-19 08:00:00,7.640,2.000,0.000,2.000,3.500
2018-12-19 09:00:00,7.790,20.000,0.000,20.000,3.700
2018-12-19 10:00:00,7.200,38.000,0.000,38.000,3.700
2018-12-19 11:00:00,7.420,38.000,0.000,38.000,4.100
2018-12-19 12:00:00,7.340,40.000,0.000,40.000,4.600
2018-12-19 13:00:00,7.030,37.000,0.000,37.000,5.200
2018-12-19 14:00:00,6.450,47.000,79.500,35.000,5.600
2018-12-19 15:00:00,6.290,18.000,89.000,12.000,5.500
2018-12-19 16:00:00,6.570,0.000,0.000,0.000,4.900
2018-12-19 17:00:00,7.000,0.000,0.000,0.000,4.500
2018-12-19 18:00:00,7.090,0.000,0.000,0.000,4.200
2018-12-19 19:00:00,7.040,0.000,0.000,0.000,4.400
2018-12-19 20:00:00,6.840,0.000,0.000,0.000,4.500
2018-12-19 21:00:00,6.490,0.000,0.000,0.000,4.400
2018-12-19 22:00:00,6.020,0.000,0.000,0.000,4.200
2018-12-19 23:00:00,6.480,0.000,0.000,0.000,3.900
2018-12-20 00:00:00,6.510,0.000,0.000,0.000,4.300
2018-12-20 01:00:00,6.320,0.000,0.000,0.000,4.400
2018-12-20 02:00:00,6.240,0.000,0.000,0.000,4.600
2018-12-20 03:00:00,6.040,0.000,0.000,0.000,4.900
2018-12-20 04:00:00,6.070,0.000,0.000,0.000,4.900
2018-12-20 05:00:00,6.230,0.000,0.000,0.000,4.800
2018-12-20 06:00:00,6.580,0.000,0.000,0.000,4.700
2018-12-20 07:00:00,6.610,0.000,0.000,0.000,4.900
2018-12-20 08:00:00,6.530,4.000,19.100,3.000,4.700
2018-12-20 09:00:00,6.260,50.000,170.700,33.000,5.300
2018-12-20 10:00:00,5.720,99.000,220.200,59.000,6.100
2018-12-20 11:00:00,5.910,119.000,182.700,77.000,6.800
2018-12-20 12:00:00,5.730,104.000,49.800,92.000,7.100
2018-12-20 13:00:00,5.370,67.000,4.700,66.000,7.400
2018-12-20 14:00:00,5.500,41.000,0.000,41.000,7.600
2018-12-20 15:00:00,6.280,10.000,0.000,10.000,7.300
2018-12-20 16:00:00,6.660,0.000,0.000,0.000,7.000
2018-12-20 17:00:00,6.780,0.000,0.000,0.000,6.800
2018-12-20 18:00:00,7.420,0.000,0.000,0.000,6.600
2018-12-20 19:00:00,7.650,0.000,0.000,0.000,6.700
2018-12-20 20:00:00,7.650,0.000,0.000,0.000,6.600
2018-12-20 21:00:00,7.740,0.000,0.000,0.000,6.800
2018-12-20 22:00:00,8.110,0.000,0.000,0.000,6.300
2018-12-20 23:00:00,8.000,0.000,0.000,0.000,6.800
2018-12-21 00:00:00,7.600,0.000,0.000,0.000,6.900
2018-12-21 01:00:00,7.660,0.000,0.000,0.000,6.700
2018-12-21 02:00:00,7.820,0.000,0.000,0.000,6.800
2018-12-21 03:00:00,7.680,0.000,0.000,0.000,7.000
2018-12-21 04:00:00,7.890,0.000,0.000,0.000,6.900
2018-12-21 05:00:00,7.800,0.000,0.000,0.000,6.900
2018-12-21 06:00:00,8.190,0.000,0.000,0.000,6.900
2018-12-21 07:00:00,8.220,0.000,0.000,0.000,6.800
2018-12-21 08:00:00,8.680,2.000,0.000,2.000,7.000
2018-12-21 09:00:00,8.840,19.000,0.000,19.000,6.900
2018-12-21 10:00:00,9.800,29.000,0.000,29.000,7.200
2018-12-21 11:00:00,9.770,16.000,0.000,16.000,6.900
2018-12-21 12:00:00,9.180,15.000,0.000,15.000,7.100
2018-12-21 13:00:00,9.110,17.000,0.000,17.000,7.500
2018-12-21 14:00:00,8.910,6.000,0.000,6.000,7.900
2018-12-21 15:00:00,9.780,4.000,0.000,4.000,9.700
2018-12-21 16:00:00,12.410,0.000,0.000,0.000,11.400
2018-12-21 17:00:00,13.470,0.000,0.000,0.000,11.200
2018-12-21 18:00:00,13.880,0.000,0.000,0.000,11.000
2018-12-21 19:00:00,13.960,0.000,0.000,0.000,10.700
2018-12-21 20:00:00,14.560,0.000,0.000,0.000,10.400
2018-12-21 21:00:00,14.990,0.000,0.000,0.000,10.200
2018-12-21 22:00:00,13.700,0.000,0.000,0.000,9.700
2018-12-21 23:00:00,13.670,0.000,0.000,0.000,9.000
2018-12-22 00:00:00,12.870,0.000,0.000,0.000,8.500
2018-12-22 01:00:00,11.820,0.000,0.000,0.000,8.100
2018-12-22 02:00:00,11.200,0.000,0.000,0.000,7.900
2018-12-22 03:00:00,9.700,0.000,0.000,0.000,7.500
2018-12-22 04:00:00,8.610,0.000,0.000,0.000,7.200
2018-12-22 05:00:00,7.520,0.000,0.000,0.000,6.600
2018-12-22 06:00:00,6.310,0.000,0.000,0.000,6.000
2018-12-22 07:00:00,5.570,0.000,0.000,0.000,6.000
2018-12-22 08:00:00,4.970,1.000,0.000,1.000,5.900
2018-12-22 09:00:00,5.280,10.000,0.000,10.000,6.100
2018-12-22 10:00:00,6.150,32.000,11.100,30.000,6.200
2018-12-22 11:00:00,6.710,27.000,0.000,27.000,6.200
2018-12-22 12:00:00,6.720,51.000,4.100,50.000,6.600
2018-12-22 13:00:00,6.310,82.000,55.900,70.000,7.000
2018-12-22 14:00:00,6.320,49.000,39.300,43.000,6.800
2018-12-22 15:00:00,6.300,14.000,14.600,13.000,6.200
2018-12-22 16:00:00,8.540,0.000,0.000,0.000,6.800
2018-12-22 17:00:00,10.790,0.000,0.000,0.000,7.700
2018-12-22 18:00:00,11.110,0.000,0.000,0.000,7.900
2018-12-22 19:00:00,10.540,0.000,0.000,0.000,7.700
2018-12-22 20:00:00,9.790,0.000,0.000,0.000,7.400
2018-12-22 21:00:00,8.610,0.000,0.000,0.000,7.200
2018-12-22 22:00:00,7.050,0.000,0.000,0.000,7.100
2018-12-22 23:00:00,7.050,0.000,0.000,0.000,7.100
2018-12-23 00:00:00,7.030,0.000,0.000,0.000,7.000
2018-12-23 01:00:00,7.370,0.000,0.000,0.000,6.900
2018-12-23 02:00:00,7.500,0.000,0.000,0.000,7.000
2018-12-23 03:00:00,8.450,0.000,0.000,0.000,7.000
2018-12-23 04:00:00,8.780,0.000,0.000,0.000,7.000
2018-12-23 05:00:00,8.680,0.000,0.000,0.000,7.000
2018-12-23 06:00:00,8.320,0.000,0.000,0.000,6.900
2018-12-23 07:00:00,8.480,0.000,0.000,0.000,6.900
2018-12-23 08:00:00,8.380,2.000,0.000,2.000,7.100
2018-12-23 09:00:00,8.190,23.000,0.000,23.000,7.200
2018-12-23 10:00:00,8.320,48.000,5.600,47.000,7.500
2018-12-23 11:00:00,8.600,54.000,0.000,54.000,7.700
2018-12-23 12:00:00,8.150,58.000,0.000,58.000,7.800
2018-12-23 13:00:00,8.670,46.000,0.000,46.000,7.500
2018-12-23 14:00:00,7.420,30.000,0.000,30.000,7.200
2018-12-23 15:00:00,6.300,9.000,0.000,9.000,6.900
2018-12-23 16:00:00,5.310,0.000,0.000,0.000,6.500
2018-12-23 17:00:00,4.740,0.000,0.000,0.000,6.200
2018-12-23 18:00:00,4.400,0.000,0.000,0.000,6.100
2018-12-23 19:00:00,4.230,0.000,0.000,0.000,6.000
2018-12-23 20:00:00,4.080,0.000,0.000,0.000,5.900
2018-12-23 21:00:00,4.570,0.000,0.000,0.000,5.600
2018-12-23 22:00:00,5.170,0.000,0.000,0.000,5.500
2018-12-23 23:00:00,5.840,0.000,0.000,0.000,5.500
2018-12-24 00:00:00,6.010,0.000,0.000,0.000,5.600
2018-12-24 01:00:00,6.440,0.000,0.000,0.000,5.800
2018-12-24 02:00:00,6.460,0.000,0.000,0.000,5.700
2018-12-24 03:00:00,7.060,0.000,0.000,0.000,5.200
2018-12-24 04:00:00,6.840,0.000,0.000,0.000,4.500
2018-12-24 05:00:00,6.200,0.000,0.000,0.000,3.900
2018-12-24 06:00:00,6.240,0.000,0.000,0.000,3.400
2018-12-24 07:00:00,5.390,0.000,0.000,0.000,2.900
2018-12-24 08:00:00,5.220,1.000,0.000,1.000,2.400
2018-12-24 09:00:00,5.260,24.000,62.200,18.000,2.000
2018-12-24 10:00:00,4.660,48.000,33.400,42.000,2.100
2018-12-24 11:00:00,4.490,50.000,26.200,44.000,2.100
2018-12-24 12:00:00,5.320,74.000,41.400,64.000,2.100
2018-12-24 13:00:00,5.230,60.000,9.300,58.000,2.300
2018-12-24 14:00:00,4.620,49.000,51.800,41.000,2.400
2018-12-24 15:00:00,5.040,22.000,86.200,16.000,2.300
2018-12-24 16:00:00,6.200,0.000,0.000,0.000,2.100
2018-12-24 17:00:00,6.910,0.000,0.000,0.000,2.400
2018-12-24 18:00:00,7.610,0.000,0.000,0.000,2.700
2018-12-24 19:00:00,7.710,0.000,0.000,0.000,2.900
2018-12-24 20:00:00,7.860,0.000,0.000,0.000,3.000
2018-12-24 21:00:00,7.910,0.000,0.000,0.000,3.400
2018-12-24 22:00:00,8.070,0.000,0.000,0.000,3.700
2018-12-24 23:00:00,7.720,0.000,0.000,0.000,3.400
2018-12-25 00:00:00,7.530,0.000,0.000,0.000,3.400
2018-12-25 01:00:00,7.350,0.000,0.000,0.000,3.500
2018-12-25 02:00:00,7.550,0.000,0.000,0.000,3.600
2018-12-25 03:00:00,7.710,0.000,0.000,0.000,3.700
2018-12-25 04:00:00,7.900,0.000,0.000,0.000,4.000
2018-12-25 05:00:00,8.300,0.000,0.000,0.000,4.100
2018-12-25 06:00:00,8.610,0.000,0.000,0.000,4.300
2018-12-25 07:00:00,8.630,0.000,0.000,0.000,4.500
2018-12-25 08:00:00,8.710,2.000,0.000,2.000,4.800
2018-12-25 09:00:00,8.750,28.000,31.300,25.000,5.000
2018-12-25 10:00:00,8.100,71.000,139.400,46.000,5.400
2018-12-25 11:00:00,7.510,125.000,266.200,64.000,5.700
2018-12-25 12:00:00,7.830,131.000,252.200,70.000,6.000
2018-12-25 13:00:00,7.840,123.000,318.400,54.000,6.100
2018-12-25 14:00:00,8.810,82.000,276.800,39.000,6.000
2018-12-25 15:00:00,8.410,27.000,170.800,15.000,5.900
2018-12-25 16:00:00,8.400,0.000,0.000,0.000,5.800
2018-12-25 17:00:00,8.500,0.000,0.000,0.000,6.000
2018-12-25 18:00:00,8.810,0.000,0.000,0.000,6.300
2018-12-25 19:00:00,8.910,0.000,0.000,0.000,6.300
2018-12-25 20:00:00,9.110,0.000,0.000,0.000,6.300
2018-12-25 21:00:00,9.410,0.000,0.000,0.000,6.200
2018-12-25 22:00:00,9.600,0.000,0.000,0.000,6.000
2018-12-25 23:00:00,9.500,0.000,0.000,0.000,5.700
2018-12-26 00:00:00,9.420,0.000,0.000,0.000,5.400
2018-12-26 01:00:00,9.280,0.000,0.000,0.000,5.000
2018-12-26 02:00:00,9.140,0.000,0.000,0.000,4.600
2018-12-26 03:00:00,9.160,0.000,0.000,0.000,4.200
2018-12-26 04:00:00,9.670,0.000,0.000,0.000,3.900
2018-12-26 05:00:00,9.830,0.000,0.000,0.000,3.500
2018-12-26 06:00:00,10.280,0.000,0.000,0.000,3.400
2018-12-26 07:00:00,10.010,0.000,0.000,0.000,3.300
2018-12-26 08:00:00,9.580,1.000,0.000,1.000,3.500
2018-12-26 09:00:00,9.150,9.000,0.000,9.000,3.800
2018-12-26 10:00:00,7.160,22.000,0.000,22.000,3.900
2018-12-26 11:00:00,7.600,39.000,13.100,36.000,4.200
2018-12-26 12:00:00,7.760,50.000,20.600,45.000,4.600
2018-12-26 13:00:00,7.550,38.000,0.000,38.000,4.600
2018-12-26 14:00:00,7.730,20.000,0.000,20.000,4.500
2018-12-26 15:00:00,7.440,7.000,0.000,7.000,4.500
2018-12-26 16:00:00,7.280,0.000,0.000,0.000,4.600
2018-12-26 17:00:00,7.060,0.000,0.000,0.000,4.600
2018-12-26 18:00:00,6.910,0.000,0.000,0.000,4.600
2018-12-26 19:00:00,6.990,0.000,0.000,0.000,4.700
2018-12-26 20:00:00,6.820,0.000,0.000,0.000,4.700
2018-12-26 21:00:00,6.510,0.000,0.000,0.000,4.700
2018-12-26 22:00:00,5.480,0.000,0.000,0.000,4.600
2018-12-26 23:00:00,5.850,0.000,0.000,0.000,4.500
2018-12-27 00:00:00,6.070,0.000,0.000,0.000,4.300
2018-12-27 01:00:00,6.200,0.000,0.000,0.000,4.300
2018-12-27 02:00:00,6.610,0.000,0.000,0.000,4.000
2018-12-27 03:00:00,6.710,0.000,0.000,0.000,3.500
2018-12-27 04:00:00,6.610,0.000,0.000,0.000,3.200
2018-12-27 05:00:00,6.680,0.000,0.000,0.000,2.700
2018-12-27 06:00:00,6.710,0.000,0.000,0.000,2.400
2018-12-27 07:00:00,6.840,0.000,0.000,0.000,2.600
2018-12-27 08:00:00,6.690,2.000,0.000,2.000,2.600
2018-12-27 09:00:00,7.170,16.000,0.000,16.000,3.000
2018-12-27 10:00:00,6.230,35.000,0.000,35.000,3.800
2018-12-27 11:00:00,5.660,46.000,4.400,45.000,4.500
2018-12-27 12:00:00,5.070,62.000,4.100,61.000,4.900
2018-12-27 13:00:00,4.870,57.000,0.000,57.000,5.100
2018-12-27 14:00:00,5.360,44.000,19.000,41.000,5.000
2018-12-27 15:00:00,5.430,17.000,0.000,17.000,4.900
2018-12-27 16:00:00,5.820,0.000,0.000,0.000,4.600
2018-12-27 17:00:00,5.820,0.000,0.000,0.000,4.500
2018-12-27 18:00:00,5.460,0.000,0.000,0.000,4.300
2018-12-27 19:00:00,5.390,0.000,0.000,0.000,4.400
2018-12-27 20:00:00,5.760,0.000,0.000,0.000,4.200
2018-12-27 21:00:00,5.910,0.000,0.000,0.000,4.300
2018-12-27 22:00:00,5.700,0.000,0.000,0.000,4.500
2018-12-27 23:00:00,5.940,0.000,0.000,0.000,4.500
2018-12-28 00:00:00,5.930,0.000,0.000,0.000,4.500
2018-12-28 01:00:00,5.700,0.000,0.000,0.000,4.600
2018-12-28 02:00:00,5.810,0.000,0.000,0.000,4.600
2018-12-28 03:00:00,6.310,0.000,0.000,0.000,4.600
2018-12-28 04:00:00,6.100,0.000,0.000,0.000,4.600
2018-12-28 05:00:00,6.210,0.000,0.000,0.000,4.500
2018-12-28 06:00:00,6.440,0.000,0.000,0.000,4.500
2018-12-28 07:00:00,6.660,0.000,0.000,0.000,4.600
2018-12-28 08:00:00,6.650,1.000,0.000,1.000,4.500
2018-12-28 09:00:00,6.630,12.000,0.000,12.000,4.400
2018-12-28 10:00:00,6.730,28.000,0.000,28.000,4.600
2018-12-28 11:00:00,5.920,39.000,4.300,38.000,4.700
2018-12-28 12:00:00,6.020,37.000,0.000,37.000,4.800
2018-12-28 13:00:00,6.040,41.000,9.100,39.000,5.100
2018-12-28 14:00:00,6.410,21.000,0.000,21.000,5.100
2018-12-28 15:00:00,6.240,9.000,0.000,9.000,5.100
2018-12-28 16:00:00,6.380,0.000,0.000,0.000,5.000
2018-12-28 17:00:00,6.850,0.000,0.000,0.000,4.900
2018-12-28 18:00:00,6.970,0.000,0.000,0.000,4.800
2018-12-28 19:00:00,6.960,0.000,0.000,0.000,4.600
2018-12-28 20:00:00,7.010,0.000,0.000,0.000,4.600
2018-12-28 21:00:00,6.890,0.000,0.000,0.000,4.500
2018-12-28 22:00:00,6.710,0.000,0.000,0.000,4.400
2018-12-28 23:00:00,6.750,0.000,0.000,0.000,4.300
2018-12-29 00:00:00,6.600,0.000,0.000,0.000,4.200
2018-12-29 01:00:00,6.650,0.000,0.000,0.000,4.300
2018-12-29 02:00:00,6.680,0.000,0.000,0.000,4.400
2018-12-29 03:00:00,6.870,0.000,0.000,0.000,4.500
2018-12-29 04:00:00,6.610,0.000,0.000,0.000,4.700
2018-12-29 05:00:00,6.770,0.000,0.000,0.000,4.900
2018-12-29 06:00:00,6.560,0.000,0.000,0.000,5.000
2018-12-29 07:00:00,6.580,0.000,0.000,0.000,5.200
2018-12-29 08:00:00,6.480,1.000,0.000,1.000,5.300
2018-12-29 09:00:00,6.540,20.000,10.500,19.000,5.500
2018-12-29 10:00:00,6.300,56.000,55.600,46.000,6.000
2018-12-29 11:00:00,7.240,60.000,17.300,56.000,6.100
2018-12-29 12:00:00,7.880,57.000,4.100,56.000,6.400
2018-12-29 13:00:00,8.460,44.000,4.500,43.000,6.500
2018-12-29 14:00:00,9.950,26.000,0.000,26.000,6.700
2018-12-29 15:00:00,10.310,7.000,0.000,7.000,6.500
2018-12-29 16:00:00,10.500,0.000,0.000,0.000,6.200
2018-12-29 17:00:00,10.820,0.000,0.000,0.000,6.300
2018-12-29 18:00:00,11.230,0.000,0.000,0.000,6.600
2018-12-29 19:00:00,11.230,0.000,0.000,0.000,6.900
2018-12-29 20:00:00,11.240,0.000,0.000,0.000,7.000
2018-12-29 21:00:00,11.130,0.000,0.000,0.000,7.300
2018-12-29 22:00:00,11.830,0.000,0.000,0.000,7.300
2018-12-29 23:00:00,11.230,0.000,0.000,0.000,7.300
2018-12-30 00:00:00,11.080,0.000,0.000,0.000,7.200
2018-12-30 01:00:00,11.590,0.000,0.000,0.000,7.600
2018-12-30 02:00:00,12.950,0.000,0.000,0.000,7.500
2018-12-30 03:00:00,12.930,0.000,0.000,0.000,6.700
2018-12-30 04:00:00,12.280,0.000,0.000,0.000,6.400
2018-12-30 05:00:00,11.400,0.000,0.000,0.000,6.700
2018-12-30 06:00:00,10.740,0.000,0.000,0.000,6.800
2018-12-30 07:00:00,10.220,0.000,0.000,0.000,7.100
2018-12-30 08:00:00,9.760,2.000,0.000,2.000,7.100
2018-12-30 09:00:00,9.230,21.000,0.000,21.000,7.300
2018-12-30 10:00:00,8.550,48.000,27.700,43.000,7.700
2018-12-30 11:00:00,8.860,127.000,271.900,64.000,8.000
2018-12-30 12:00:00,10.750,140.000,329.300,59.000,8.200
2018-12-30 13:00:00,10.250,104.000,166.500,67.000,8.300
2018-12-30 14:00:00,9.180,63.000,117.100,44.000,8.400
2018-12-30 15:00:00,8.320,23.000,121.100,14.000,8.200
2018-12-30 16:00:00,8.290,0.000,0.000,0.000,8.000
2018-12-30 17:00:00,7.850,0.000,0.000,0.000,7.700
2018-12-30 18:00:00,7.540,0.000,0.000,0.000,7.500
2018-12-30 19:00:00,6.670,0.000,0.000,0.000,7.300
2018-12-30 20:00:00,6.180,0.000,0.000,0.000,6.900
2018-12-30 21:00:00,5.630,0.000,0.000,0.000,6.700
2018-12-30 22:00:00,5.010,0.000,0.000,0.000,6.600
2018-12-30 23:00:00,5.000,0.000,0.000,0.000,6.600
2018-12-31 00:00:00,4.620,0.000,0.000,0.000,6.400
2018-12-31 01:00:00,4.950,0.000,0.000,0.000,6.400
2018-12-31 02:00:00,4.900,0.000,0.000,0.000,6.500
2018-12-31 03:00:00,4.010,0.000,0.000,0.000,6.500
2018-12-31 04:00:00,3.310,0.000,0.000,0.000,6.600
2018-12-31 05:00:00,3.040,0.000,0.000,0.000,6.600
2018-12-31 06:00:00,3.100,0.000,0.000,0.000,6.700
2018-12-31 07:00:00,3.440,0.000,0.000,0.000,6.700
2018-12-31 08:00:00,3.420,0.000,0.000,0.000,6.800
2018-12-31 09:00:00,3.700,5.000,0.000,5.000,7.100
2018-12-31 10:00:00,3.710,9.000,0.000,9.000,7.500
2018-12-31 11:00:00,4.310,23.000,4.300,22.000,7.900
2018-12-31 12:00:00,4.230,31.000,0.000,31.000,8.300
2018-12-31 13:00:00,4.570,36.000,4.500,35.000,8.700
2018-12-31 14:00:00,4.830,23.000,0.000,23.000,8.800
2018-12-31 15:00:00,5.300,13.000,0.000,13.000,8.800
2018-12-31 16:00:00,5.840,0.000,0.000,0.000,8.600
2018-12-31 17:00:00,6.240,0.000,0.000,0.000,8.600
2018-12-31 18:00:00,6.750,0.000,0.000,0.000,8.600
2018-12-31 19:00:00,7.090,0.000,0.000,0.000,8.700
2018-12-31 20:00:00,7.180,0.000,0.000,0.000,8.800
2018-12-31 21:00:00,7.500,0.000,0.000,0.000,8.900
2018-12-31 22:00:00,8.060,0.000,0.000,0.000,8.600
2018-12-31 23:00:00,8.400,0.000,0.000,0.000,8.200
