time,ws100,ghi,dni,dhi,t2m
2014-01-01 00:00:00,7.720,0.000,0.000,0.000,1.900
2014-01-01 01:00:00,7.620,0.000,0.000,0.000,2.000
2014-01-01 02:00:00,7.710,0.000,0.000,0.000,2.200
2014-01-01 03:00:00,7.870,0.000,0.000,0.000,2.400
2014-01-01 04:00:00,7.670,0.000,0.000,0.000,2.700
2014-01-01 05:00:00,7.560,0.000,0.000,0.000,3.100
2014-01-01 06:00:00,7.480,0.000,0.000,0.000,3.200
2014-01-01 07:00:00,7.190,0.000,0.000,0.000,3.000
2014-01-01 08:00:00,7.120,1.000,0.000,1.000,3.100
2014-01-01 09:00:00,7.080,26.000,20.700,24.000,3.500
2014-01-01 10:00:00,7.070,93.000,137.400,68.000,4.400
2014-01-01 11:00:00,6.540,171.000,418.800,73.000,5.400
2014-01-01 12:00:00,5.580,175.000,377.400,81.000,6.000
2014-01-01 13:00:00,6.220,173.000,477.800,65.000,6.300
2014-01-01 14:00:00,6.610,108.000,312.200,56.000,5.800
2014-01-01 15:00:00,7.020,40.000,221.200,23.000,5.200
2014-01-01 16:00:00,7.360,1.000,0.000,1.000,4.500
2014-01-01 17:00:00,7.980,0.000,0.000,0.000,4.100
2014-01-01 18:00:00,8.400,0.000,0.000,0.000,3.700
2014-01-01 19:00:00,8.630,0.000,0.000,0.000,3.600
2014-01-01 20:00:00,8.670,0.000,0.000,0.000,3.500
2014-01-01 21:00:00,8.850,0.000,0.000,0.000,3.600
2014-01-01 22:00:00,8.780,0.000,0.000,0.000,3.800
2014-01-01 23:00:00,9.190,0.000,0.000,0.000,4.500
2014-01-02 00:00:00,9.540,0.000,0.000,0.000,5.500
2014-01-02 01:00:00,10.130,0.000,0.000,0.000,5.800
2014-01-02 02:00:00,10.200,0.000,0.000,0.000,6.000
2014-01-02 03:00:00,9.850,0.000,0.000,0.000,6.100
2014-01-02 04:00:00,9.540,0.000,0.000,0.000,6.100
2014-01-02 05:00:00,9.440,0.000,0.000,0.000,6.300
2014-01-02 06:00:00,9.300,0.000,0.000,0.000,6.800
2014-01-02 07:00:00,9.400,0.000,0.000,0.000,6.700
2014-01-02 08:00:00,9.610,1.000,0.000,1.000,6.500
2014-01-02 09:00:00,9.920,13.000,0.000,13.000,6.700
2014-01-02 10:00:00,9.590,29.000,0.000,29.000,7.200
2014-01-02 11:00:00,9.280,51.000,4.300,50.000,7.500
2014-01-02 12:00:00,9.020,60.000,12.000,57.000,8.000
2014-01-02 13:00:00,9.000,102.000,109.700,77.000,8.500
2014-01-02 14:00:00,8.850,99.000,189.800,67.000,8.500
2014-01-02 15:00:00,8.760,32.000,89.700,25.000,8.600
2014-01-02 16:00:00,8.860,0.000,0.000,0.000,9.000
2014-01-02 17:00:00,9.870,0.000,0.000,0.000,8.900
2014-01-02 18:00:00,9.840,0.000,0.000,0.000,8.400
2014-01-02 19:00:00,8.770,0.000,0.000,0.000,7.800
2014-01-02 20:00:00,7.630,0.000,0.000,0.000,7.300
2014-01-02 21:00:00,7.070,0.000,0.000,0.000,6.400
2014-01-02 22:00:00,7.470,0.000,0.000,0.000,5.900
2014-01-02 23:00:00,7.710,0.000,0.000,0.000,5.600
2014-01-03 00:00:00,7.570,0.000,0.000,0.000,5.500
2014-01-03 01:00:00,7.700,0.000,0.000,0.000,5.100
2014-01-03 02:00:00,8.100,0.000,0.000,0.000,5.100
2014-01-03 03:00:00,8.100,0.000,0.000,0.000,5.000
2014-01-03 04:00:00,8.400,0.000,0.000,0.000,4.900
2014-01-03 05:00:00,8.850,0.000,0.000,0.000,4.900
2014-01-03 06:00:00,9.070,0.000,0.000,0.000,5.100
2014-01-03 07:00:00,9.240,0.000,0.000,0.000,5.300
2014-01-03 08:00:00,9.600,4.000,0.000,4.000,5.700
2014-01-03 09:00:00,9.800,49.000,112.700,38.000,6.700
2014-01-03 10:00:00,9.730,96.000,81.600,81.000,7.600
2014-01-03 11:00:00,9.900,125.000,93.000,103.000,8.500
2014-01-03 12:00:00,10.400,113.000,190.400,65.000,8.700
2014-01-03 13:00:00,10.450,37.000,13.100,34.000,9.000
2014-01-03 14:00:00,10.110,21.000,0.000,21.000,9.200
2014-01-03 15:00:00,9.360,22.000,25.200,20.000,9.200
2014-01-03 16:00:00,9.330,1.000,0.000,1.000,9.000
2014-01-03 17:00:00,9.400,0.000,0.000,0.000,8.900
2014-01-03 18:00:00,9.330,0.000,0.000,0.000,9.000
2014-01-03 19:00:00,9.970,0.000,0.000,0.000,9.000
2014-01-03 20:00:00,10.850,0.000,0.000,0.000,8.500
2014-01-03 21:00:00,12.450,0.000,0.000,0.000,7.700
2014-01-03 22:00:00,11.590,0.000,0.000,0.000,6.900
2014-01-03 23:00:00,10.280,0.000,0.000,0.000,6.700
2014-01-04 00:00:00,10.820,0.000,0.000,0.000,6.200
2014-01-04 01:00:00,11.210,0.000,0.000,0.000,6.500
2014-01-04 02:00:00,11.070,0.000,0.000,0.000,6.800
2014-01-04 03:00:00,10.710,0.000,0.000,0.000,6.800
2014-01-04 04:00:00,10.180,0.000,0.000,0.000,6.600
2014-01-04 05:00:00,9.260,0.000,0.000,0.000,6.300
2014-01-04 06:00:00,8.630,0.000,0.000,0.000,5.800
2014-01-04 07:00:00,8.280,0.000,0.000,0.000,5.400
2014-01-04 08:00:00,8.480,4.000,19.100,3.000,5.300
2014-01-04 09:00:00,8.250,61.000,314.800,30.000,5.600
2014-01-04 10:00:00,7.200,133.000,411.000,57.000,6.600
2014-01-04 11:00:00,6.100,171.000,340.500,90.000,7.300
2014-01-04 12:00:00,6.320,172.000,244.300,110.000,7.700
2014-01-04 13:00:00,6.930,130.000,120.900,102.000,7.700
2014-01-04 14:00:00,6.540,87.000,46.300,79.000,7.600
2014-01-04 15:00:00,6.720,32.000,0.000,32.000,7.100
2014-01-04 16:00:00,7.320,1.000,0.000,1.000,6.200
2014-01-04 17:00:00,7.630,0.000,0.000,0.000,5.900
2014-01-04 18:00:00,7.410,0.000,0.000,0.000,5.700
2014-01-04 19:00:00,6.880,0.000,0.000,0.000,5.700
2014-01-04 20:00:00,6.160,0.000,0.000,0.000,5.600
2014-01-04 21:00:00,5.450,0.000,0.000,0.000,5.000
2014-01-04 22:00:00,5.800,0.000,0.000,0.000,4.800
2014-01-04 23:00:00,5.710,0.000,0.000,0.000,4.700
2014-01-05 00:00:00,6.040,0.000,0.000,0.000,4.800
2014-01-05 01:00:00,6.530,0.000,0.000,0.000,5.000
2014-01-05 02:00:00,6.350,0.000,0.000,0.000,4.100
2014-01-05 03:00:00,6.530,0.000,0.000,0.000,3.900
2014-01-05 04:00:00,6.440,0.000,0.000,0.000,4.500
2014-01-05 05:00:00,6.850,0.000,0.000,0.000,4.700
2014-01-05 06:00:00,6.760,0.000,0.000,0.000,5.400
2014-01-05 07:00:00,7.490,0.000,0.000,0.000,6.000
2014-01-05 08:00:00,7.960,1.000,0.000,1.000,6.400
2014-01-05 09:00:00,7.470,12.000,0.000,12.000,6.700
2014-01-05 10:00:00,6.860,53.000,10.700,51.000,6.800
2014-01-05 11:00:00,8.100,103.000,71.000,86.000,6.900
2014-01-05 12:00:00,7.810,165.000,332.500,80.000,7.100
2014-01-05 13:00:00,7.310,157.000,346.600,76.000,7.300
2014-01-05 14:00:00,6.820,116.000,382.600,49.000,7.100
2014-01-05 15:00:00,7.070,44.000,214.700,26.000,6.500
2014-01-05 16:00:00,7.170,1.000,0.000,1.000,5.300
2014-01-05 17:00:00,7.110,0.000,0.000,0.000,4.200
2014-01-05 18:00:00,7.210,0.000,0.000,0.000,3.600
2014-01-05 19:00:00,6.960,0.000,0.000,0.000,3.300
2014-01-05 20:00:00,6.940,0.000,0.000,0.000,2.700
2014-01-05 21:00:00,6.980,0.000,0.000,0.000,2.500
2014-01-05 22:00:00,8.190,0.000,0.000,0.000,2.900
2014-01-05 23:00:00,8.230,0.000,0.000,0.000,2.900
2014-01-06 00:00:00,8.150,0.000,0.000,0.000,2.900
2014-01-06 01:00:00,8.550,0.000,0.000,0.000,2.900
2014-01-06 02:00:00,9.020,0.000,0.000,0.000,3.100
2014-01-06 03:00:00,9.100,0.000,0.000,0.000,3.300
2014-01-06 04:00:00,9.830,0.000,0.000,0.000,3.700
2014-01-06 05:00:00,10.780,0.000,0.000,0.000,4.500
2014-01-06 06:00:00,11.130,0.000,0.000,0.000,5.300
2014-01-06 07:00:00,11.100,0.000,0.000,0.000,5.900
2014-01-06 08:00:00,11.130,2.000,0.000,2.000,6.400
2014-01-06 09:00:00,11.060,17.000,0.000,17.000,6.300
2014-01-06 10:00:00,10.140,25.000,0.000,25.000,7.100
2014-01-06 11:00:00,10.360,31.000,0.000,31.000,7.500
2014-01-06 12:00:00,10.120,35.000,0.000,35.000,7.800
2014-01-06 13:00:00,9.350,51.000,4.200,50.000,8.400
2014-01-06 14:00:00,9.690,112.000,304.200,58.000,8.800
2014-01-06 15:00:00,9.460,42.000,150.500,29.000,8.700
2014-01-06 16:00:00,10.100,1.000,0.000,1.000,8.600
2014-01-06 17:00:00,10.820,0.000,0.000,0.000,8.600
2014-01-06 18:00:00,11.380,0.000,0.000,0.000,8.700
2014-01-06 19:00:00,11.500,0.000,0.000,0.000,9.000
2014-01-06 20:00:00,11.690,0.000,0.000,0.000,9.000
2014-01-06 21:00:00,11.480,0.000,0.000,0.000,9.200
2014-01-06 22:00:00,11.290,0.000,0.000,0.000,9.700
2014-01-06 23:00:00,11.320,0.000,0.000,0.000,9.800
2014-01-07 00:00:00,11.800,0.000,0.000,0.000,10.000
2014-01-07 01:00:00,11.530,0.000,0.000,0.000,9.900
2014-01-07 02:00:00,10.910,0.000,0.000,0.000,10.000
2014-01-07 03:00:00,10.370,0.000,0.000,0.000,9.800
2014-01-07 04:00:00,9.890,0.000,0.000,0.000,9.500
2014-01-07 05:00:00,9.270,0.000,0.000,0.000,9.300
2014-01-07 06:00:00,9.480,0.000,0.000,0.000,9.300
2014-01-07 07:00:00,9.690,0.000,0.000,0.000,9.100
2014-01-07 08:00:00,9.630,4.000,0.000,4.000,9.300
2014-01-07 09:00:00,9.310,55.000,167.100,38.000,9.700
2014-01-07 10:00:00,8.980,132.000,391.400,58.000,10.500
2014-01-07 11:00:00,8.680,174.000,391.000,79.000,11.100
2014-01-07 12:00:00,7.960,180.000,331.100,94.000,11.500
2014-01-07 13:00:00,8.860,170.000,415.400,71.000,11.700
2014-01-07 14:00:00,8.880,118.000,349.800,55.000,11.400
2014-01-07 15:00:00,8.860,48.000,179.600,32.000,10.900
2014-01-07 16:00:00,8.820,2.000,0.000,2.000,10.300
2014-01-07 17:00:00,9.350,0.000,0.000,0.000,10.000
2014-01-07 18:00:00,9.790,0.000,0.000,0.000,10.000
2014-01-07 19:00:00,9.720,0.000,0.000,0.000,10.100
2014-01-07 20:00:00,9.640,0.000,0.000,0.000,10.100
2014-01-07 21:00:00,9.490,0.000,0.000,0.000,10.100
2014-01-07 22:00:00,9.320,0.000,0.000,0.000,10.300
2014-01-07 23:00:00,8.800,0.000,0.000,0.000,9.900
2014-01-08 00:00:00,8.530,0.000,0.000,0.000,9.400
2014-01-08 01:00:00,8.160,0.000,0.000,0.000,9.100
2014-01-08 02:00:00,7.800,0.000,0.000,0.000,9.000
2014-01-08 03:00:00,7.570,0.000,0.000,0.000,8.600
2014-01-08 04:00:00,8.140,0.000,0.000,0.000,8.900
2014-01-08 05:00:00,8.180,0.000,0.000,0.000,9.300
2014-01-08 06:00:00,9.680,0.000,0.000,0.000,9.500
2014-01-08 07:00:00,11.450,0.000,0.000,0.000,9.700
2014-01-08 08:00:00,12.020,1.000,0.000,1.000,9.700
2014-01-08 09:00:00,11.720,26.000,77.600,18.000,9.400
2014-01-08 10:00:00,9.800,97.000,157.300,67.000,9.200
2014-01-08 11:00:00,9.230,174.000,379.700,81.000,9.500
2014-01-08 12:00:00,9.840,186.000,377.900,87.000,9.700
2014-01-08 13:00:00,8.770,167.000,357.200,81.000,9.900
2014-01-08 14:00:00,9.040,100.000,142.300,74.000,9.700
2014-01-08 15:00:00,8.770,40.000,65.300,34.000,9.600
2014-01-08 16:00:00,8.900,2.000,0.000,2.000,9.000
2014-01-08 17:00:00,8.830,0.000,0.000,0.000,8.600
2014-01-08 18:00:00,8.550,0.000,0.000,0.000,8.200
2014-01-08 19:00:00,7.920,0.000,0.000,0.000,7.700
2014-01-08 20:00:00,7.420,0.000,0.000,0.000,7.000
2014-01-08 21:00:00,6.490,0.000,0.000,0.000,7.000
2014-01-08 22:00:00,6.120,0.000,0.000,0.000,6.400
2014-01-08 23:00:00,5.950,0.000,0.000,0.000,6.000
2014-01-09 00:00:00,6.090,0.000,0.000,0.000,5.700
2014-01-09 01:00:00,6.100,0.000,0.000,0.000,5.500
2014-01-09 02:00:00,6.790,0.000,0.000,0.000,5.700
2014-01-09 03:00:00,7.860,0.000,0.000,0.000,6.400
2014-01-09 04:00:00,8.670,0.000,0.000,0.000,7.100
2014-01-09 05:00:00,9.020,0.000,0.000,0.000,7.900
2014-01-09 06:00:00,9.080,0.000,0.000,0.000,8.800
2014-01-09 07:00:00,9.460,0.000,0.000,0.000,9.300
2014-01-09 08:00:00,9.800,2.000,0.000,2.000,9.500
2014-01-09 09:00:00,10.600,28.000,19.100,26.000,10.000
2014-01-09 10:00:00,10.800,102.000,124.700,78.000,10.900
2014-01-09 11:00:00,11.600,119.000,85.000,98.000,11.600
2014-01-09 12:00:00,11.610,131.000,79.400,110.000,12.200
2014-01-09 13:00:00,12.590,89.000,16.400,85.000,12.400
2014-01-09 14:00:00,13.790,48.000,10.800,46.000,12.300
2014-01-09 15:00:00,14.590,32.000,10.500,31.000,11.800
2014-01-09 16:00:00,14.340,2.000,0.000,2.000,11.100
2014-01-09 17:00:00,14.220,0.000,0.000,0.000,10.300
2014-01-09 18:00:00,13.780,0.000,0.000,0.000,9.100
2014-01-09 19:00:00,13.940,0.000,0.000,0.000,8.500
2014-01-09 20:00:00,13.000,0.000,0.000,0.000,7.600
2014-01-09 21:00:00,12.350,0.000,0.000,0.000,7.400
2014-01-09 22:00:00,11.940,0.000,0.000,0.000,6.800
2014-01-09 23:00:00,12.230,0.000,0.000,0.000,6.800
2014-01-10 00:00:00,12.390,0.000,0.000,0.000,6.500
2014-01-10 01:00:00,11.970,0.000,0.000,0.000,6.100
2014-01-10 02:00:00,12.160,0.000,0.000,0.000,5.700
2014-01-10 03:00:00,12.080,0.000,0.000,0.000,5.800
2014-01-10 04:00:00,11.750,0.000,0.000,0.000,6.000
2014-01-10 05:00:00,11.610,0.000,0.000,0.000,6.000
2014-01-10 06:00:00,11.790,0.000,0.000,0.000,6.100
2014-01-10 07:00:00,11.810,0.000,0.000,0.000,6.200
2014-01-10 08:00:00,11.420,2.000,0.000,2.000,6.200
2014-01-10 09:00:00,11.230,34.000,75.300,26.000,6.200
2014-01-10 10:00:00,10.370,79.000,133.700,53.000,6.400
2014-01-10 11:00:00,10.770,136.000,252.800,73.000,6.600
2014-01-10 12:00:00,10.530,149.000,251.100,82.000,6.800
2014-01-10 13:00:00,10.300,153.000,308.700,77.000,7.000
2014-01-10 14:00:00,9.790,100.000,222.800,58.000,7.100
2014-01-10 15:00:00,8.670,44.000,143.100,30.000,6.800
2014-01-10 16:00:00,8.420,2.000,0.000,2.000,6.500
2014-01-10 17:00:00,8.290,0.000,0.000,0.000,6.100
2014-01-10 18:00:00,8.190,0.000,0.000,0.000,6.000
2014-01-10 19:00:00,8.210,0.000,0.000,0.000,5.800
2014-01-10 20:00:00,8.230,0.000,0.000,0.000,5.500
2014-01-10 21:00:00,8.140,0.000,0.000,0.000,5.300
2014-01-10 22:00:00,7.650,0.000,0.000,0.000,5.100
2014-01-10 23:00:00,7.430,0.000,0.000,0.000,4.800
2014-01-11 00:00:00,7.630,0.000,0.000,0.000,4.900
2014-01-11 01:00:00,7.800,0.000,0.000,0.000,5.100
2014-01-11 02:00:00,7.290,0.000,0.000,0.000,5.200
2014-01-11 03:00:00,7.270,0.000,0.000,0.000,5.000
2014-01-11 04:00:00,7.380,0.000,0.000,0.000,4.900
2014-01-11 05:00:00,7.270,0.000,0.000,0.000,4.500
2014-01-11 06:00:00,7.300,0.000,0.000,0.000,4.100
2014-01-11 07:00:00,7.310,0.000,0.000,0.000,4.100
2014-01-11 08:00:00,7.500,4.000,19.100,3.000,3.700
2014-01-11 09:00:00,7.640,48.000,176.000,29.000,4.000
2014-01-11 10:00:00,7.570,118.000,310.400,57.000,5.100
2014-01-11 11:00:00,8.300,155.000,314.000,76.000,5.600
2014-01-11 12:00:00,9.240,162.000,278.300,87.000,6.400
2014-01-11 13:00:00,8.430,155.000,341.300,70.000,6.800
2014-01-11 14:00:00,9.290,81.000,99.200,62.000,6.900
2014-01-11 15:00:00,10.550,14.000,0.000,14.000,6.500
2014-01-11 16:00:00,11.890,2.000,0.000,2.000,5.800
2014-01-11 17:00:00,12.360,0.000,0.000,0.000,5.400
2014-01-11 18:00:00,10.470,0.000,0.000,0.000,4.700
2014-01-11 19:00:00,10.920,0.000,0.000,0.000,4.600
2014-01-11 20:00:00,10.930,0.000,0.000,0.000,4.400
2014-01-11 21:00:00,10.700,0.000,0.000,0.000,4.500
2014-01-11 22:00:00,10.910,0.000,0.000,0.000,4.100
2014-01-11 23:00:00,10.900,0.000,0.000,0.000,4.100
2014-01-12 00:00:00,10.800,0.000,0.000,0.000,3.900
2014-01-12 01:00:00,10.410,0.000,0.000,0.000,3.900
2014-01-12 02:00:00,10.400,0.000,0.000,0.000,3.700
2014-01-12 03:00:00,10.210,0.000,0.000,0.000,3.400
2014-01-12 04:00:00,9.810,0.000,0.000,0.000,3.300
2014-01-12 05:00:00,9.400,0.000,0.000,0.000,3.000
2014-01-12 06:00:00,9.100,0.000,0.000,0.000,2.500
2014-01-12 07:00:00,8.620,0.000,0.000,0.000,2.300
2014-01-12 08:00:00,8.250,5.000,19.100,4.000,2.100
2014-01-12 09:00:00,7.860,53.000,209.400,30.000,2.800
2014-01-12 10:00:00,6.670,122.000,317.100,59.000,4.000
2014-01-12 11:00:00,7.380,168.000,350.300,79.000,4.600
2014-01-12 12:00:00,7.520,218.000,532.600,73.000,5.100
2014-01-12 13:00:00,6.740,164.000,353.200,75.000,5.200
2014-01-12 14:00:00,6.420,124.000,344.100,57.000,5.000
2014-01-12 15:00:00,5.740,57.000,239.800,32.000,4.300
2014-01-12 16:00:00,5.380,4.000,19.100,3.000,3.300
2014-01-12 17:00:00,4.970,0.000,0.000,0.000,2.300
2014-01-12 18:00:00,4.850,0.000,0.000,0.000,1.600
2014-01-12 19:00:00,4.190,0.000,0.000,0.000,1.000
2014-01-12 20:00:00,3.410,0.000,0.000,0.000,0.600
2014-01-12 21:00:00,3.010,0.000,0.000,0.000,0.200
2014-01-12 22:00:00,5.100,0.000,0.000,0.000,-0.100
2014-01-12 23:00:00,5.880,0.000,0.000,0.000,-0.200
2014-01-13 00:00:00,6.460,0.000,0.000,0.000,-0.100
2014-01-13 01:00:00,6.820,0.000,0.000,0.000,-0.100
2014-01-13 02:00:00,6.670,0.000,0.000,0.000,0.300
2014-01-13 03:00:00,6.240,0.000,0.000,0.000,0.500
2014-01-13 04:00:00,6.360,0.000,0.000,0.000,0.600
2014-01-13 05:00:00,6.200,0.000,0.000,0.000,0.700
2014-01-13 06:00:00,6.210,0.000,0.000,0.000,1.000
2014-01-13 07:00:00,6.510,0.000,0.000,0.000,1.500
2014-01-13 08:00:00,6.920,4.000,0.000,4.000,2.000
2014-01-13 09:00:00,7.080,23.000,44.700,18.000,2.300
2014-01-13 10:00:00,8.140,28.000,5.000,27.000,3.700
2014-01-13 11:00:00,8.310,42.000,3.900,41.000,5.000
2014-01-13 12:00:00,8.350,81.000,40.000,70.000,5.900
2014-01-13 13:00:00,7.630,80.000,54.900,66.000,6.500
2014-01-13 14:00:00,6.850,65.000,50.500,55.000,6.600
2014-01-13 15:00:00,6.110,45.000,120.800,32.000,6.300
2014-01-13 16:00:00,6.380,4.000,19.100,3.000,5.400
2014-01-13 17:00:00,6.730,0.000,0.000,0.000,4.500
2014-01-13 18:00:00,6.480,0.000,0.000,0.000,4.600
2014-01-13 19:00:00,6.280,0.000,0.000,0.000,4.600
2014-01-13 20:00:00,6.530,0.000,0.000,0.000,4.800
2014-01-13 21:00:00,6.100,0.000,0.000,0.000,4.500
2014-01-13 22:00:00,6.390,0.000,0.000,0.000,4.900
2014-01-13 23:00:00,6.070,0.000,0.000,0.000,4.500
2014-01-14 00:00:00,5.910,0.000,0.000,0.000,3.900
2014-01-14 01:00:00,5.980,0.000,0.000,0.000,3.600
2014-01-14 02:00:00,5.570,0.000,0.000,0.000,3.400
2014-01-14 03:00:00,5.500,0.000,0.000,0.000,3.000
2014-01-14 04:00:00,5.320,0.000,0.000,0.000,2.700
2014-01-14 05:00:00,5.250,0.000,0.000,0.000,2.500
2014-01-14 06:00:00,4.840,0.000,0.000,0.000,2.000
2014-01-14 07:00:00,4.510,0.000,0.000,0.000,1.800
2014-01-14 08:00:00,4.180,5.000,0.000,5.000,1.600
2014-01-14 09:00:00,4.030,53.000,52.700,47.000,1.900
2014-01-14 10:00:00,2.730,109.000,118.000,85.000,3.000
2014-01-14 11:00:00,2.860,137.000,88.700,114.000,3.900
2014-01-14 12:00:00,2.640,129.000,53.900,114.000,4.400
2014-01-14 13:00:00,2.690,115.000,27.100,108.000,4.900
2014-01-14 14:00:00,3.220,79.000,34.800,72.000,4.900
2014-01-14 15:00:00,3.440,39.000,18.000,37.000,4.500
2014-01-14 16:00:00,3.990,3.000,0.000,3.000,3.400
2014-01-14 17:00:00,4.490,0.000,0.000,0.000,2.900
2014-01-14 18:00:00,4.830,0.000,0.000,0.000,2.700
2014-01-14 19:00:00,4.360,0.000,0.000,0.000,2.500
2014-01-14 20:00:00,3.640,0.000,0.000,0.000,2.300
2014-01-14 21:00:00,3.220,0.000,0.000,0.000,1.900
2014-01-14 22:00:00,3.450,0.000,0.000,0.000,1.600
2014-01-14 23:00:00,3.440,0.000,0.000,0.000,1.300
2014-01-15 00:00:00,3.670,0.000,0.000,0.000,1.600
2014-01-15 01:00:00,3.980,0.000,0.000,0.000,1.300
2014-01-15 02:00:00,4.250,0.000,0.000,0.000,1.700
2014-01-15 03:00:00,4.240,0.000,0.000,0.000,1.700
2014-01-15 04:00:00,4.120,0.000,0.000,0.000,1.900
2014-01-15 05:00:00,4.010,0.000,0.000,0.000,2.200
2014-01-15 06:00:00,4.000,0.000,0.000,0.000,2.500
2014-01-15 07:00:00,3.960,0.000,0.000,0.000,2.800
2014-01-15 08:00:00,4.030,2.000,0.000,2.000,2.600
2014-01-15 09:00:00,3.920,24.000,17.200,22.000,2.900
2014-01-15 10:00:00,3.890,76.000,106.800,54.000,4.100
2014-01-15 11:00:00,4.240,128.000,232.600,67.000,4.700
2014-01-15 12:00:00,3.620,117.000,128.000,81.000,5.100
2014-01-15 13:00:00,2.970,127.000,221.700,69.000,5.100
2014-01-15 14:00:00,3.340,101.000,180.700,64.000,5.100
2014-01-15 15:00:00,4.980,63.000,174.600,43.000,4.500
2014-01-15 16:00:00,6.040,6.000,19.100,5.000,3.500
2014-01-15 17:00:00,6.560,0.000,0.000,0.000,3.400
2014-01-15 18:00:00,7.060,0.000,0.000,0.000,3.200
2014-01-15 19:00:00,6.990,0.000,0.000,0.000,3.100
2014-01-15 20:00:00,6.800,0.000,0.000,0.000,3.200
2014-01-15 21:00:00,6.550,0.000,0.000,0.000,3.300
2014-01-15 22:00:00,6.840,0.000,0.000,0.000,3.300
2014-01-15 23:00:00,6.640,0.000,0.000,0.000,3.100
2014-01-16 00:00:00,6.610,0.000,0.000,0.000,2.900
2014-01-16 01:00:00,6.610,0.000,0.000,0.000,2.900
2014-01-16 02:00:00,6.390,0.000,0.000,0.000,3.100
2014-01-16 03:00:00,6.100,0.000,0.000,0.000,3.300
2014-01-16 04:00:00,5.950,0.000,0.000,0.000,3.400
2014-01-16 05:00:00,5.870,0.000,0.000,0.000,3.700
2014-01-16 06:00:00,5.800,0.000,0.000,0.000,3.900
2014-01-16 07:00:00,5.970,0.000,0.000,0.000,4.000
2014-01-16 08:00:00,6.040,2.000,0.000,2.000,4.200
2014-01-16 09:00:00,5.990,20.000,0.000,20.000,4.500
2014-01-16 10:00:00,5.790,48.000,0.000,48.000,5.000
2014-01-16 11:00:00,5.760,74.000,26.400,67.000,5.600
2014-01-16 12:00:00,5.700,64.000,0.000,64.000,5.900
2014-01-16 13:00:00,6.740,72.000,7.500,70.000,6.300
2014-01-16 14:00:00,5.900,61.000,9.600,59.000,6.500
2014-01-16 15:00:00,6.140,37.000,8.500,36.000,6.200
2014-01-16 16:00:00,6.530,5.000,0.000,5.000,5.900
2014-01-16 17:00:00,6.400,0.000,0.000,0.000,6.100
2014-01-16 18:00:00,6.520,0.000,0.000,0.000,6.100
2014-01-16 19:00:00,6.870,0.000,0.000,0.000,6.300
2014-01-16 20:00:00,7.610,0.000,0.000,0.000,6.600
2014-01-16 21:00:00,7.670,0.000,0.000,0.000,6.800
2014-01-16 22:00:00,6.850,0.000,0.000,0.000,6.700
2014-01-16 23:00:00,6.640,0.000,0.000,0.000,6.400
2014-01-17 00:00:00,5.990,0.000,0.000,0.000,6.000
2014-01-17 01:00:00,5.480,0.000,0.000,0.000,5.300
2014-01-17 02:00:00,6.150,0.000,0.000,0.000,4.900
2014-01-17 03:00:00,7.240,0.000,0.000,0.000,4.700
2014-01-17 04:00:00,7.710,0.000,0.000,0.000,5.000
2014-01-17 05:00:00,7.620,0.000,0.000,0.000,5.500
2014-01-17 06:00:00,7.020,0.000,0.000,0.000,5.900
2014-01-17 07:00:00,7.050,0.000,0.000,0.000,5.700
2014-01-17 08:00:00,7.300,8.000,38.200,6.000,5.800
2014-01-17 09:00:00,7.180,73.000,297.500,37.000,6.200
2014-01-17 10:00:00,6.250,160.000,496.800,55.000,7.200
2014-01-17 11:00:00,5.500,208.000,514.600,70.000,8.000
2014-01-17 12:00:00,5.300,215.000,479.700,77.000,8.600
2014-01-17 13:00:00,5.120,155.000,227.200,94.000,8.700
2014-01-17 14:00:00,5.290,70.000,61.300,57.000,8.500
2014-01-17 15:00:00,5.390,33.000,24.600,30.000,8.600
2014-01-17 16:00:00,5.710,5.000,0.000,5.000,8.100
2014-01-17 17:00:00,6.400,0.000,0.000,0.000,7.500
2014-01-17 18:00:00,7.010,0.000,0.000,0.000,7.100
2014-01-17 19:00:00,7.400,0.000,0.000,0.000,6.600
2014-01-17 20:00:00,7.620,0.000,0.000,0.000,6.200
2014-01-17 21:00:00,7.450,0.000,0.000,0.000,6.300
2014-01-17 22:00:00,7.160,0.000,0.000,0.000,6.500
2014-01-17 23:00:00,6.830,0.000,0.000,0.000,6.500
2014-01-18 00:00:00,6.610,0.000,0.000,0.000,6.500
2014-01-18 01:00:00,7.100,0.000,0.000,0.000,6.200
2014-01-18 02:00:00,7.300,0.000,0.000,0.000,5.900
2014-01-18 03:00:00,7.410,0.000,0.000,0.000,5.800
2014-01-18 04:00:00,7.220,0.000,0.000,0.000,5.500
2014-01-18 05:00:00,6.810,0.000,0.000,0.000,5.000
2014-01-18 06:00:00,6.600,0.000,0.000,0.000,4.700
2014-01-18 07:00:00,6.330,0.000,0.000,0.000,4.100
2014-01-18 08:00:00,6.220,8.000,19.100,7.000,3.700
2014-01-18 09:00:00,5.770,70.000,186.100,47.000,4.300
2014-01-18 10:00:00,5.260,138.000,233.400,88.000,5.300
2014-01-18 11:00:00,4.270,193.000,302.200,111.000,6.300
2014-01-18 12:00:00,4.470,198.000,237.100,129.000,7.000
2014-01-18 13:00:00,5.080,174.000,180.100,125.000,7.300
2014-01-18 14:00:00,5.750,134.000,190.100,93.000,7.100
2014-01-18 15:00:00,6.500,66.000,95.500,54.000,6.300
2014-01-18 16:00:00,7.220,9.000,19.100,8.000,5.300
2014-01-18 17:00:00,7.750,0.000,0.000,0.000,4.600
2014-01-18 18:00:00,8.050,0.000,0.000,0.000,4.200
2014-01-18 19:00:00,8.520,0.000,0.000,0.000,3.900
2014-01-18 20:00:00,8.990,0.000,0.000,0.000,3.700
2014-01-18 21:00:00,8.950,0.000,0.000,0.000,3.700
2014-01-18 22:00:00,8.950,0.000,0.000,0.000,3.700
2014-01-18 23:00:00,8.810,0.000,0.000,0.000,3.800
2014-01-19 00:00:00,9.020,0.000,0.000,0.000,3.800
2014-01-19 01:00:00,9.300,0.000,0.000,0.000,3.900
2014-01-19 02:00:00,9.300,0.000,0.000,0.000,4.000
2014-01-19 03:00:00,9.440,0.000,0.000,0.000,4.200
2014-01-19 04:00:00,9.490,0.000,0.000,0.000,4.400
2014-01-19 05:00:00,9.280,0.000,0.000,0.000,4.600
2014-01-19 06:00:00,9.250,0.000,0.000,0.000,4.600
2014-01-19 07:00:00,9.340,0.000,0.000,0.000,4.500
2014-01-19 08:00:00,9.440,2.000,0.000,2.000,4.500
2014-01-19 09:00:00,9.200,16.000,0.000,16.000,4.300
2014-01-19 10:00:00,8.410,29.000,0.000,29.000,4.000
2014-01-19 11:00:00,8.110,45.000,0.000,45.000,3.900
2014-01-19 12:00:00,8.100,49.000,3.400,48.000,3.700
2014-01-19 13:00:00,8.300,53.000,0.000,53.000,3.400
2014-01-19 14:00:00,8.010,44.000,0.000,44.000,3.200
2014-01-19 15:00:00,7.820,25.000,0.000,25.000,2.800
2014-01-19 16:00:00,7.810,3.000,0.000,3.000,2.600
2014-01-19 17:00:00,7.600,0.000,0.000,0.000,2.200
2014-01-19 18:00:00,7.400,0.000,0.000,0.000,1.900
2014-01-19 19:00:00,7.310,0.000,0.000,0.000,1.600
2014-01-19 20:00:00,6.910,0.000,0.000,0.000,1.400
2014-01-19 21:00:00,6.700,0.000,0.000,0.000,1.200
2014-01-19 22:00:00,6.210,0.000,0.000,0.000,0.700
2014-01-19 23:00:00,6.050,0.000,0.000,0.000,0.500
2014-01-20 00:00:00,5.870,0.000,0.000,0.000,0.400
2014-01-20 01:00:00,5.980,0.000,0.000,0.000,0.100
2014-01-20 02:00:00,6.240,0.000,0.000,0.000,-0.200
2014-01-20 03:00:00,6.280,0.000,0.000,0.000,-0.400
2014-01-20 04:00:00,6.050,0.000,0.000,0.000,-0.500
2014-01-20 05:00:00,6.280,0.000,0.000,0.000,-0.600
2014-01-20 06:00:00,6.400,0.000,0.000,0.000,-0.700
2014-01-20 07:00:00,6.140,0.000,0.000,0.000,-0.700
2014-01-20 08:00:00,5.530,4.000,0.000,4.000,-0.700
2014-01-20 09:00:00,5.220,22.000,7.800,21.000,-0.600
2014-01-20 10:00:00,4.200,39.000,13.600,36.000,-0.900
2014-01-20 11:00:00,4.740,42.000,18.000,37.000,-0.900
2014-01-20 12:00:00,4.680,47.000,3.400,46.000,-0.900
2014-01-20 13:00:00,4.460,41.000,3.600,40.000,-0.800
2014-01-20 14:00:00,4.460,30.000,0.000,30.000,-0.800
2014-01-20 15:00:00,4.460,14.000,0.000,14.000,-0.800
2014-01-20 16:00:00,4.520,2.000,0.000,2.000,-0.900
2014-01-20 17:00:00,4.730,0.000,0.000,0.000,-1.000
2014-01-20 18:00:00,4.690,0.000,0.000,0.000,-1.100
2014-01-20 19:00:00,4.280,0.000,0.000,0.000,-1.100
2014-01-20 20:00:00,3.860,0.000,0.000,0.000,-1.000
2014-01-20 21:00:00,3.230,0.000,0.000,0.000,-1.000
2014-01-20 22:00:00,2.910,0.000,0.000,0.000,-1.200
2014-01-20 23:00:00,3.190,0.000,0.000,0.000,-1.300
2014-01-21 00:00:00,3.500,0.000,0.000,0.000,-1.300
2014-01-21 01:00:00,3.720,0.000,0.000,0.000,-1.400
2014-01-21 02:00:00,3.100,0.000,0.000,0.000,-1.400
2014-01-21 03:00:00,2.600,0.000,0.000,0.000,-1.500
2014-01-21 04:00:00,2.730,0.000,0.000,0.000,-1.600
2014-01-21 05:00:00,2.860,0.000,0.000,0.000,-1.600
2014-01-21 06:00:00,2.660,0.000,0.000,0.000,-1.700
2014-01-21 07:00:00,2.400,0.000,0.000,0.000,-1.700
2014-01-21 08:00:00,2.060,1.000,0.000,1.000,-1.600
2014-01-21 09:00:00,1.750,10.000,0.000,10.000,-1.600
2014-01-21 10:00:00,1.840,27.000,0.000,27.000,-1.300
2014-01-21 11:00:00,1.790,28.000,0.000,28.000,-1.300
2014-01-21 12:00:00,1.840,38.000,0.000,38.000,-1.300
2014-01-21 13:00:00,1.790,36.000,3.500,35.000,-1.300
2014-01-21 14:00:00,1.900,21.000,0.000,21.000,-1.200
2014-01-21 15:00:00,1.940,15.000,0.000,15.000,-1.200
2014-01-21 16:00:00,1.920,2.000,0.000,2.000,-1.200
2014-01-21 17:00:00,2.040,0.000,0.000,0.000,-1.200
2014-01-21 18:00:00,2.010,0.000,0.000,0.000,-1.200
2014-01-21 19:00:00,2.100,0.000,0.000,0.000,-1.200
2014-01-21 20:00:00,2.200,0.000,0.000,0.000,-1.200
2014-01-21 21:00:00,2.400,0.000,0.000,0.000,-1.200
2014-01-21 22:00:00,3.620,0.000,0.000,0.000,-1.200
2014-01-21 23:00:00,3.910,0.000,0.000,0.000,-1.200
2014-01-22 00:00:00,3.820,0.000,0.000,0.000,-1.300
2014-01-22 01:00:00,3.610,0.000,0.000,0.000,-1.300
2014-01-22 02:00:00,3.500,0.000,0.000,0.000,-1.300
2014-01-22 03:00:00,3.710,0.000,0.000,0.000,-1.400
2014-01-22 04:00:00,4.310,0.000,0.000,0.000,-1.500
2014-01-22 05:00:00,4.600,0.000,0.000,0.000,-1.600
2014-01-22 06:00:00,4.710,0.000,0.000,0.000,-1.600
2014-01-22 07:00:00,5.020,0.000,0.000,0.000,-1.600
2014-01-22 08:00:00,5.120,3.000,0.000,3.000,-1.700
2014-01-22 09:00:00,5.010,22.000,0.000,22.000,-1.800
2014-01-22 10:00:00,5.120,40.000,8.800,38.000,-1.800
2014-01-22 11:00:00,5.300,52.000,3.500,51.000,-1.800
2014-01-22 12:00:00,5.910,99.000,49.100,84.000,-1.600
2014-01-22 13:00:00,6.140,63.000,3.500,62.000,-1.700
2014-01-22 14:00:00,6.050,55.000,26.000,49.000,-1.700
2014-01-22 15:00:00,6.040,28.000,28.300,24.000,-1.800
2014-01-22 16:00:00,6.140,6.000,17.600,5.000,-1.900
2014-01-22 17:00:00,6.150,0.000,0.000,0.000,-2.100
2014-01-22 18:00:00,6.220,0.000,0.000,0.000,-2.300
2014-01-22 19:00:00,6.430,0.000,0.000,0.000,-2.400
2014-01-22 20:00:00,6.450,0.000,0.000,0.000,-2.500
2014-01-22 21:00:00,6.380,0.000,0.000,0.000,-2.600
2014-01-22 22:00:00,6.210,0.000,0.000,0.000,-2.900
2014-01-22 23:00:00,6.280,0.000,0.000,0.000,-3.000
2014-01-23 00:00:00,6.330,0.000,0.000,0.000,-3.200
2014-01-23 01:00:00,6.360,0.000,0.000,0.000,-3.300
2014-01-23 02:00:00,6.380,0.000,0.000,0.000,-3.200
2014-01-23 03:00:00,6.380,0.000,0.000,0.000,-3.300
2014-01-23 04:00:00,6.480,0.000,0.000,0.000,-3.300
2014-01-23 05:00:00,6.390,0.000,0.000,0.000,-3.100
2014-01-23 06:00:00,6.370,0.000,0.000,0.000,-3.200
2014-01-23 07:00:00,6.360,0.000,0.000,0.000,-3.000
2014-01-23 08:00:00,6.490,3.000,0.000,3.000,-3.000
2014-01-23 09:00:00,6.540,21.000,0.000,21.000,-3.000
2014-01-23 10:00:00,6.400,32.000,0.000,32.000,-3.100
2014-01-23 11:00:00,6.540,71.000,55.500,55.000,-3.000
2014-01-23 12:00:00,6.690,69.000,35.600,58.000,-3.000
2014-01-23 13:00:00,6.450,69.000,17.200,64.000,-2.900
2014-01-23 14:00:00,6.490,47.000,12.800,44.000,-2.900
2014-01-23 15:00:00,6.630,25.000,6.900,24.000,-2.800
2014-01-23 16:00:00,6.990,5.000,0.000,5.000,-2.600
2014-01-23 17:00:00,7.600,0.000,0.000,0.000,-2.500
2014-01-23 18:00:00,7.950,0.000,0.000,0.000,-2.400
2014-01-23 19:00:00,8.490,0.000,0.000,0.000,-2.400
2014-01-23 20:00:00,8.470,0.000,0.000,0.000,-2.500
2014-01-23 21:00:00,8.210,0.000,0.000,0.000,-2.600
2014-01-23 22:00:00,7.210,0.000,0.000,0.000,-2.600
2014-01-23 23:00:00,8.000,0.000,0.000,0.000,-2.700
2014-01-24 00:00:00,7.420,0.000,0.000,0.000,-2.900
2014-01-24 01:00:00,7.400,0.000,0.000,0.000,-3.100
2014-01-24 02:00:00,7.240,0.000,0.000,0.000,-3.200
2014-01-24 03:00:00,7.110,0.000,0.000,0.000,-3.500
2014-01-24 04:00:00,6.700,0.000,0.000,0.000,-3.700
2014-01-24 05:00:00,6.500,0.000,0.000,0.000,-3.900
2014-01-24 06:00:00,6.450,0.000,0.000,0.000,-4.000
2014-01-24 07:00:00,6.610,0.000,0.000,0.000,-4.100
2014-01-24 08:00:00,6.510,11.000,17.800,10.000,-4.100
2014-01-24 09:00:00,6.480,48.000,70.800,38.000,-4.000
2014-01-24 10:00:00,6.400,113.000,102.800,89.000,-4.000
2014-01-24 11:00:00,5.900,154.000,154.000,109.000,-3.700
2014-01-24 12:00:00,5.520,207.000,284.200,118.000,-3.700
2014-01-24 13:00:00,5.260,168.000,118.600,133.000,-3.900
2014-01-24 14:00:00,5.320,120.000,158.800,82.000,-4.200
2014-01-24 15:00:00,5.730,61.000,100.400,46.000,-4.300
2014-01-24 16:00:00,5.770,11.000,32.700,9.000,-4.600
2014-01-24 17:00:00,6.140,0.000,0.000,0.000,-4.700
2014-01-24 18:00:00,6.460,0.000,0.000,0.000,-4.800
2014-01-24 19:00:00,6.700,0.000,0.000,0.000,-5.000
2014-01-24 20:00:00,6.910,0.000,0.000,0.000,-5.300
2014-01-24 21:00:00,6.330,0.000,0.000,0.000,-5.400
2014-01-24 22:00:00,5.870,0.000,0.000,0.000,-5.500
2014-01-24 23:00:00,6.160,0.000,0.000,0.000,-5.800
2014-01-25 00:00:00,5.730,0.000,0.000,0.000,-6.100
2014-01-25 01:00:00,5.150,0.000,0.000,0.000,-6.400
2014-01-25 02:00:00,5.710,0.000,0.000,0.000,-6.800
2014-01-25 03:00:00,6.430,0.000,0.000,0.000,-7.500
2014-01-25 04:00:00,6.970,0.000,0.000,0.000,-8.100
2014-01-25 05:00:00,7.840,0.000,0.000,0.000,-8.800
2014-01-25 06:00:00,7.790,0.000,0.000,0.000,-9.200
2014-01-25 07:00:00,7.340,0.000,0.000,0.000,-9.700
2014-01-25 08:00:00,6.950,15.000,34.500,13.000,-9.700
2014-01-25 09:00:00,7.030,93.000,221.500,61.000,-9.300
2014-01-25 10:00:00,6.760,179.000,367.100,92.000,-8.700
2014-01-25 11:00:00,6.040,228.000,381.900,115.000,-8.100
2014-01-25 12:00:00,5.900,288.000,640.200,85.000,-7.600
2014-01-25 13:00:00,5.900,262.000,578.300,89.000,-7.200
2014-01-25 14:00:00,5.770,183.000,373.900,92.000,-7.100
2014-01-25 15:00:00,6.540,86.000,110.800,69.000,-7.100
2014-01-25 16:00:00,7.160,16.000,0.000,16.000,-7.400
2014-01-25 17:00:00,8.010,0.000,0.000,0.000,-7.900
2014-01-25 18:00:00,7.300,0.000,0.000,0.000,-8.200
2014-01-25 19:00:00,7.700,0.000,0.000,0.000,-8.500
2014-01-25 20:00:00,9.100,0.000,0.000,0.000,-8.700
2014-01-25 21:00:00,9.210,0.000,0.000,0.000,-8.900
2014-01-25 22:00:00,7.800,0.000,0.000,0.000,-8.600
2014-01-25 23:00:00,7.830,0.000,0.000,0.000,-8.500
2014-01-26 00:00:00,8.250,0.000,0.000,0.000,-8.400
2014-01-26 01:00:00,8.080,0.000,0.000,0.000,-8.700
2014-01-26 02:00:00,8.260,0.000,0.000,0.000,-9.100
2014-01-26 03:00:00,8.060,0.000,0.000,0.000,-9.400
2014-01-26 04:00:00,7.930,0.000,0.000,0.000,-9.500
2014-01-26 05:00:00,7.640,0.000,0.000,0.000,-9.600
2014-01-26 06:00:00,6.840,0.000,0.000,0.000,-9.600
2014-01-26 07:00:00,6.340,0.000,0.000,0.000,-9.800
2014-01-26 08:00:00,6.350,14.000,83.800,9.000,-10.100
2014-01-26 09:00:00,6.170,89.000,270.500,49.000,-9.900
2014-01-26 10:00:00,5.980,168.000,386.400,75.000,-9.400
2014-01-26 11:00:00,5.260,242.000,500.400,92.000,-9.000
2014-01-26 12:00:00,4.700,266.000,554.300,88.000,-8.300
2014-01-26 13:00:00,4.790,216.000,339.500,113.000,-7.800
2014-01-26 14:00:00,5.540,132.000,197.900,83.000,-7.600
2014-01-26 15:00:00,5.870,54.000,82.400,41.000,-7.600
2014-01-26 16:00:00,6.090,8.000,15.300,7.000,-7.500
2014-01-26 17:00:00,6.590,0.000,0.000,0.000,-7.300
2014-01-26 18:00:00,7.250,0.000,0.000,0.000,-7.100
2014-01-26 19:00:00,7.610,0.000,0.000,0.000,-6.800
2014-01-26 20:00:00,8.130,0.000,0.000,0.000,-6.300
2014-01-26 21:00:00,8.600,0.000,0.000,0.000,-5.700
2014-01-26 22:00:00,8.180,0.000,0.000,0.000,-5.500
2014-01-26 23:00:00,9.180,0.000,0.000,0.000,-4.700
2014-01-27 00:00:00,10.040,0.000,0.000,0.000,-4.000
2014-01-27 01:00:00,9.480,0.000,0.000,0.000,-3.200
2014-01-27 02:00:00,9.070,0.000,0.000,0.000,-2.200
2014-01-27 03:00:00,8.730,0.000,0.000,0.000,-1.200
2014-01-27 04:00:00,8.000,0.000,0.000,0.000,-0.500
2014-01-27 05:00:00,7.380,0.000,0.000,0.000,0.300
2014-01-27 06:00:00,7.080,0.000,0.000,0.000,1.300
2014-01-27 07:00:00,6.910,0.000,0.000,0.000,1.800
2014-01-27 08:00:00,6.630,12.000,32.500,10.000,1.600
2014-01-27 09:00:00,6.320,64.000,92.500,50.000,1.900
2014-01-27 10:00:00,5.590,112.000,90.000,90.000,2.600
2014-01-27 11:00:00,6.510,171.000,174.500,118.000,3.300
2014-01-27 12:00:00,5.660,223.000,335.100,114.000,3.600
2014-01-27 13:00:00,4.980,188.000,279.600,102.000,4.000
2014-01-27 14:00:00,4.660,162.000,321.500,81.000,3.900
2014-01-27 15:00:00,5.320,100.000,308.700,50.000,3.500
2014-01-27 16:00:00,6.180,23.000,147.600,13.000,2.200
2014-01-27 17:00:00,6.770,0.000,0.000,0.000,1.400
2014-01-27 18:00:00,6.960,0.000,0.000,0.000,0.700
2014-01-27 19:00:00,6.960,0.000,0.000,0.000,0.300
2014-01-27 20:00:00,7.180,0.000,0.000,0.000,-0.000
2014-01-27 21:00:00,7.370,0.000,0.000,0.000,-0.200
2014-01-27 22:00:00,7.740,0.000,0.000,0.000,0.200
2014-01-27 23:00:00,7.770,0.000,0.000,0.000,0.400
2014-01-28 00:00:00,7.590,0.000,0.000,0.000,0.400
2014-01-28 01:00:00,7.260,0.000,0.000,0.000,0.400
2014-01-28 02:00:00,7.340,0.000,0.000,0.000,0.500
2014-01-28 03:00:00,7.100,0.000,0.000,0.000,0.600
2014-01-28 04:00:00,6.870,0.000,0.000,0.000,0.700
2014-01-28 05:00:00,6.840,0.000,0.000,0.000,0.700
2014-01-28 06:00:00,6.480,0.000,0.000,0.000,0.600
2014-01-28 07:00:00,6.170,0.000,0.000,0.000,0.200
2014-01-28 08:00:00,6.040,21.000,142.000,12.000,-0.100
2014-01-28 09:00:00,5.940,109.000,399.800,47.000,0.200
2014-01-28 10:00:00,5.590,206.000,563.700,66.000,1.800
2014-01-28 11:00:00,5.590,269.000,613.800,80.000,2.400
2014-01-28 12:00:00,6.510,278.000,594.600,82.000,2.800
2014-01-28 13:00:00,6.560,228.000,391.000,106.000,3.100
2014-01-28 14:00:00,5.440,160.000,312.100,80.000,3.100
2014-01-28 15:00:00,5.020,102.000,210.400,67.000,2.400
2014-01-28 16:00:00,7.400,24.000,42.800,21.000,1.400
2014-01-28 17:00:00,8.130,0.000,0.000,0.000,1.000
2014-01-28 18:00:00,8.130,0.000,0.000,0.000,0.500
2014-01-28 19:00:00,8.230,0.000,0.000,0.000,0.200
2014-01-28 20:00:00,8.040,0.000,0.000,0.000,-0.100
2014-01-28 21:00:00,7.880,0.000,0.000,0.000,-0.400
2014-01-28 22:00:00,7.000,0.000,0.000,0.000,-0.500
2014-01-28 23:00:00,7.280,0.000,0.000,0.000,-0.800
2014-01-29 00:00:00,7.370,0.000,0.000,0.000,-1.200
2014-01-29 01:00:00,7.340,0.000,0.000,0.000,-1.600
2014-01-29 02:00:00,7.420,0.000,0.000,0.000,-2.100
2014-01-29 03:00:00,7.510,0.000,0.000,0.000,-2.600
2014-01-29 04:00:00,7.720,0.000,0.000,0.000,-3.000
2014-01-29 05:00:00,7.630,0.000,0.000,0.000,-3.400
2014-01-29 06:00:00,7.530,0.000,0.000,0.000,-3.900
2014-01-29 07:00:00,7.430,0.000,0.000,0.000,-4.200
2014-01-29 08:00:00,7.230,13.000,45.900,10.000,-4.500
2014-01-29 09:00:00,7.160,59.000,69.200,48.000,-4.400
2014-01-29 10:00:00,6.900,101.000,87.200,79.000,-4.700
2014-01-29 11:00:00,6.670,152.000,134.600,110.000,-4.600
2014-01-29 12:00:00,6.960,159.000,95.800,127.000,-4.600
2014-01-29 13:00:00,7.160,152.000,107.400,118.000,-4.800
2014-01-29 14:00:00,7.160,117.000,95.800,92.000,-4.800
2014-01-29 15:00:00,7.340,78.000,117.100,58.000,-4.900
2014-01-29 16:00:00,7.130,17.000,13.800,16.000,-4.900
2014-01-29 17:00:00,7.890,0.000,0.000,0.000,-4.800
2014-01-29 18:00:00,7.480,0.000,0.000,0.000,-4.600
2014-01-29 19:00:00,7.090,0.000,0.000,0.000,-4.700
2014-01-29 20:00:00,7.060,0.000,0.000,0.000,-4.500
2014-01-29 21:00:00,6.940,0.000,0.000,0.000,-4.600
2014-01-29 22:00:00,6.450,0.000,0.000,0.000,-4.800
2014-01-29 23:00:00,6.820,0.000,0.000,0.000,-4.600
2014-01-30 00:00:00,7.510,0.000,0.000,0.000,-4.500
2014-01-30 01:00:00,7.500,0.000,0.000,0.000,-4.300
2014-01-30 02:00:00,7.630,0.000,0.000,0.000,-4.400
2014-01-30 03:00:00,7.470,0.000,0.000,0.000,-4.400
2014-01-30 04:00:00,7.180,0.000,0.000,0.000,-4.400
2014-01-30 05:00:00,7.180,0.000,0.000,0.000,-4.300
2014-01-30 06:00:00,7.160,0.000,0.000,0.000,-4.300
2014-01-30 07:00:00,7.300,0.000,0.000,0.000,-4.400
2014-01-30 08:00:00,7.180,19.000,74.300,14.000,-4.200
2014-01-30 09:00:00,6.420,102.000,294.800,54.000,-4.000
2014-01-30 10:00:00,5.870,189.000,393.700,88.000,-2.600
2014-01-30 11:00:00,5.890,247.000,426.600,112.000,-1.800
2014-01-30 12:00:00,6.040,248.000,333.800,135.000,-1.300
2014-01-30 13:00:00,6.040,220.000,242.900,142.000,-0.800
2014-01-30 14:00:00,6.040,172.000,203.500,118.000,-0.500
2014-01-30 15:00:00,6.690,97.000,91.200,81.000,-0.900
2014-01-30 16:00:00,7.960,29.000,120.300,20.000,-1.800
2014-01-30 17:00:00,8.340,0.000,0.000,0.000,-2.400
2014-01-30 18:00:00,8.300,0.000,0.000,0.000,-3.000
2014-01-30 19:00:00,8.130,0.000,0.000,0.000,-3.400
2014-01-30 20:00:00,7.670,0.000,0.000,0.000,-3.900
2014-01-30 21:00:00,7.280,0.000,0.000,0.000,-4.100
2014-01-30 22:00:00,7.410,0.000,0.000,0.000,-4.500
2014-01-30 23:00:00,7.410,0.000,0.000,0.000,-4.700
2014-01-31 00:00:00,7.620,0.000,0.000,0.000,-4.700
2014-01-31 01:00:00,7.550,0.000,0.000,0.000,-4.700
2014-01-31 02:00:00,7.210,0.000,0.000,0.000,-4.400
2014-01-31 03:00:00,7.500,0.000,0.000,0.000,-4.000
2014-01-31 04:00:00,6.830,0.000,0.000,0.000,-3.900
2014-01-31 05:00:00,5.980,0.000,0.000,0.000,-3.700
2014-01-31 06:00:00,5.910,0.000,0.000,0.000,-3.800
2014-01-31 07:00:00,6.590,0.000,0.000,0.000,-3.500
2014-01-31 08:00:00,5.170,24.000,144.100,14.000,-3.600
2014-01-31 09:00:00,3.620,120.000,431.500,48.000,-3.200
2014-01-31 10:00:00,3.140,207.000,506.100,75.000,-2.600
2014-01-31 11:00:00,2.950,268.000,542.200,94.000,-1.800
2014-01-31 12:00:00,3.110,310.000,679.200,77.000,-0.900
2014-01-31 13:00:00,2.620,292.000,663.100,76.000,-0.000
2014-01-31 14:00:00,2.100,230.000,603.500,67.000,0.800
2014-01-31 15:00:00,2.690,136.000,477.900,50.000,0.900
2014-01-31 16:00:00,4.300,36.000,233.000,18.000,-0.000
2014-01-31 17:00:00,5.070,0.000,0.000,0.000,-0.800
2014-01-31 18:00:00,6.430,0.000,0.000,0.000,-1.100
2014-01-31 19:00:00,6.860,0.000,0.000,0.000,-1.200
2014-01-31 20:00:00,7.100,0.000,0.000,0.000,-1.300
2014-01-31 21:00:00,7.600,0.000,0.000,0.000,-1.200
2014-01-31 22:00:00,8.210,0.000,0.000,0.000,-1.100
2014-01-31 23:00:00,8.320,0.000,0.000,0.000,-0.800
2014-02-01 00:00:00,8.240,0.000,0.000,0.000,-0.500
2014-02-01 01:00:00,8.220,0.000,0.000,0.000,-0.300
2014-02-01 02:00:00,8.080,0.000,0.000,0.000,-0.200
2014-02-01 03:00:00,8.430,0.000,0.000,0.000,-0.100
2014-02-01 04:00:00,8.950,0.000,0.000,0.000,-0.000
2014-02-01 05:00:00,9.530,0.000,0.000,0.000,0.600
2014-02-01 06:00:00,10.040,0.000,0.000,0.000,1.300
2014-02-01 07:00:00,10.650,0.000,0.000,0.000,2.300
2014-02-01 08:00:00,11.010,11.000,0.000,11.000,3.200
2014-02-01 09:00:00,11.100,32.000,0.000,32.000,4.100
2014-02-01 10:00:00,10.000,64.000,0.000,64.000,5.400
2014-02-01 11:00:00,9.520,92.000,0.000,92.000,5.600
2014-02-01 12:00:00,9.530,84.000,2.900,83.000,5.500
2014-02-01 13:00:00,9.300,69.000,0.000,69.000,5.100
2014-02-01 14:00:00,8.920,41.000,0.000,41.000,4.500
2014-02-01 15:00:00,8.770,27.000,0.000,27.000,4.400
2014-02-01 16:00:00,8.320,10.000,0.000,10.000,4.400
2014-02-01 17:00:00,7.950,0.000,0.000,0.000,4.200
2014-02-01 18:00:00,7.920,0.000,0.000,0.000,4.200
2014-02-01 19:00:00,7.920,0.000,0.000,0.000,4.200
2014-02-01 20:00:00,7.750,0.000,0.000,0.000,4.000
2014-02-01 21:00:00,7.460,0.000,0.000,0.000,3.700
2014-02-01 22:00:00,7.430,0.000,0.000,0.000,3.100
2014-02-01 23:00:00,7.000,0.000,0.000,0.000,3.200
2014-02-02 00:00:00,6.770,0.000,0.000,0.000,3.100
2014-02-02 01:00:00,6.520,0.000,0.000,0.000,3.000
2014-02-02 02:00:00,6.170,0.000,0.000,0.000,2.800
2014-02-02 03:00:00,6.370,0.000,0.000,0.000,2.700
2014-02-02 04:00:00,6.200,0.000,0.000,0.000,2.800
2014-02-02 05:00:00,6.170,0.000,0.000,0.000,2.800
2014-02-02 06:00:00,6.280,0.000,0.000,0.000,2.500
2014-02-02 07:00:00,6.310,0.000,0.000,0.000,2.300
2014-02-02 08:00:00,6.480,23.000,13.600,22.000,2.400
2014-02-02 09:00:00,6.330,109.000,245.400,66.000,3.200
2014-02-02 10:00:00,6.210,176.000,289.300,98.000,4.500
2014-02-02 11:00:00,4.950,257.000,436.200,113.000,5.700
2014-02-02 12:00:00,4.270,291.000,505.000,113.000,6.500
2014-02-02 13:00:00,4.220,266.000,533.900,87.000,7.000
2014-02-02 14:00:00,4.630,225.000,572.200,65.000,7.200
2014-02-02 15:00:00,5.110,143.000,480.600,52.000,6.800
2014-02-02 16:00:00,6.200,42.000,255.500,21.000,5.500
2014-02-02 17:00:00,6.650,0.000,0.000,0.000,4.200
2014-02-02 18:00:00,6.960,0.000,0.000,0.000,2.900
2014-02-02 19:00:00,6.870,0.000,0.000,0.000,2.700
2014-02-02 20:00:00,6.710,0.000,0.000,0.000,2.200
2014-02-02 21:00:00,6.210,0.000,0.000,0.000,1.700
2014-02-02 22:00:00,6.320,0.000,0.000,0.000,1.300
2014-02-02 23:00:00,5.750,0.000,0.000,0.000,0.400
2014-02-03 00:00:00,4.970,0.000,0.000,0.000,-0.500
2014-02-03 01:00:00,4.240,0.000,0.000,0.000,-1.000
2014-02-03 02:00:00,2.910,0.000,0.000,0.000,-1.400
2014-02-03 03:00:00,2.100,0.000,0.000,0.000,-2.100
2014-02-03 04:00:00,1.750,0.000,0.000,0.000,-2.000
2014-02-03 05:00:00,2.760,0.000,0.000,0.000,-1.300
2014-02-03 06:00:00,4.140,0.000,0.000,0.000,-1.600
2014-02-03 07:00:00,4.180,0.000,0.000,0.000,-1.500
2014-02-03 08:00:00,4.840,26.000,52.600,22.000,-0.900
2014-02-03 09:00:00,5.430,106.000,167.100,76.000,-0.300
2014-02-03 10:00:00,5.470,181.000,251.600,112.000,1.000
2014-02-03 11:00:00,4.950,253.000,409.200,116.000,2.100
2014-02-03 12:00:00,5.220,249.000,313.500,137.000,2.700
2014-02-03 13:00:00,6.010,229.000,270.500,137.000,3.000
2014-02-03 14:00:00,6.100,198.000,344.500,100.000,2.900
2014-02-03 15:00:00,7.400,119.000,293.600,62.000,2.200
2014-02-03 16:00:00,8.240,27.000,70.800,21.000,2.200
2014-02-03 17:00:00,8.200,0.000,0.000,0.000,2.000
2014-02-03 18:00:00,7.540,0.000,0.000,0.000,2.000
2014-02-03 19:00:00,6.890,0.000,0.000,0.000,1.900
2014-02-03 20:00:00,6.720,0.000,0.000,0.000,1.700
2014-02-03 21:00:00,6.940,0.000,0.000,0.000,1.500
2014-02-03 22:00:00,6.310,0.000,0.000,0.000,1.500
2014-02-03 23:00:00,5.900,0.000,0.000,0.000,1.100
2014-02-04 00:00:00,5.700,0.000,0.000,0.000,0.900
2014-02-04 01:00:00,5.390,0.000,0.000,0.000,0.800
2014-02-04 02:00:00,5.260,0.000,0.000,0.000,0.700
2014-02-04 03:00:00,5.400,0.000,0.000,0.000,0.800
2014-02-04 04:00:00,5.500,0.000,0.000,0.000,0.800
2014-02-04 05:00:00,5.630,0.000,0.000,0.000,0.800
2014-02-04 06:00:00,5.980,0.000,0.000,0.000,0.700
2014-02-04 07:00:00,6.620,0.000,0.000,0.000,0.800
2014-02-04 08:00:00,7.030,32.000,140.500,21.000,1.400
2014-02-04 09:00:00,7.060,116.000,233.700,73.000,2.500
2014-02-04 10:00:00,5.820,188.000,279.700,110.000,4.400
2014-02-04 11:00:00,4.610,192.000,156.100,139.000,5.300
2014-02-04 12:00:00,4.440,164.000,46.900,147.000,5.500
2014-02-04 13:00:00,4.440,104.000,40.600,90.000,5.200
2014-02-04 14:00:00,4.440,124.000,58.700,107.000,5.600
2014-02-04 15:00:00,5.150,88.000,55.300,77.000,5.300
2014-02-04 16:00:00,5.820,35.000,80.200,28.000,4.500
2014-02-04 17:00:00,6.400,0.000,0.000,0.000,3.300
2014-02-04 18:00:00,6.530,0.000,0.000,0.000,2.900
2014-02-04 19:00:00,6.420,0.000,0.000,0.000,2.300
2014-02-04 20:00:00,6.330,0.000,0.000,0.000,1.900
2014-02-04 21:00:00,6.300,0.000,0.000,0.000,1.700
2014-02-04 22:00:00,6.970,0.000,0.000,0.000,1.000
2014-02-04 23:00:00,6.670,0.000,0.000,0.000,0.700
2014-02-05 00:00:00,6.360,0.000,0.000,0.000,0.600
2014-02-05 01:00:00,5.950,0.000,0.000,0.000,0.500
2014-02-05 02:00:00,5.690,0.000,0.000,0.000,0.000
2014-02-05 03:00:00,6.160,0.000,0.000,0.000,-0.100
2014-02-05 04:00:00,6.510,0.000,0.000,0.000,-0.100
2014-02-05 05:00:00,6.450,0.000,0.000,0.000,-0.200
2014-02-05 06:00:00,6.790,0.000,0.000,0.000,-0.200
2014-02-05 07:00:00,7.120,0.000,0.000,0.000,-0.400
2014-02-05 08:00:00,6.930,35.000,223.200,17.000,0.100
2014-02-05 09:00:00,6.600,133.000,397.800,58.000,0.900
2014-02-05 10:00:00,4.830,235.000,539.600,82.000,2.600
2014-02-05 11:00:00,4.490,300.000,600.900,93.000,3.700
2014-02-05 12:00:00,3.910,257.000,305.000,145.000,4.400
2014-02-05 13:00:00,4.270,199.000,140.000,150.000,4.700
2014-02-05 14:00:00,4.970,160.000,142.700,118.000,5.300
2014-02-05 15:00:00,6.540,130.000,255.100,78.000,5.200
2014-02-05 16:00:00,7.420,35.000,89.100,27.000,4.500
2014-02-05 17:00:00,8.020,0.000,0.000,0.000,4.000
2014-02-05 18:00:00,8.040,0.000,0.000,0.000,3.900
2014-02-05 19:00:00,8.060,0.000,0.000,0.000,4.300
2014-02-05 20:00:00,8.220,0.000,0.000,0.000,4.300
2014-02-05 21:00:00,8.340,0.000,0.000,0.000,4.000
2014-02-05 22:00:00,8.030,0.000,0.000,0.000,3.900
2014-02-05 23:00:00,8.220,0.000,0.000,0.000,3.600
2014-02-06 00:00:00,8.350,0.000,0.000,0.000,3.400
2014-02-06 01:00:00,8.670,0.000,0.000,0.000,4.000
2014-02-06 02:00:00,9.120,0.000,0.000,0.000,4.500
2014-02-06 03:00:00,9.260,0.000,0.000,0.000,5.300
2014-02-06 04:00:00,9.350,0.000,0.000,0.000,5.500
2014-02-06 05:00:00,9.120,0.000,0.000,0.000,5.800
2014-02-06 06:00:00,8.860,0.000,0.000,0.000,6.000
2014-02-06 07:00:00,8.810,0.000,0.000,0.000,6.100
2014-02-06 08:00:00,8.700,25.000,60.200,20.000,6.300
2014-02-06 09:00:00,8.600,87.000,113.900,65.000,6.900
2014-02-06 10:00:00,8.220,146.000,131.800,108.000,8.100
2014-02-06 11:00:00,7.610,208.000,329.100,93.000,8.800
2014-02-06 12:00:00,8.430,247.000,386.900,103.000,9.200
2014-02-06 13:00:00,7.780,221.000,259.100,129.000,9.600
2014-02-06 14:00:00,6.860,181.000,284.000,96.000,9.700
2014-02-06 15:00:00,6.760,112.000,186.900,73.000,9.300
2014-02-06 16:00:00,6.610,35.000,43.300,31.000,8.200
2014-02-06 17:00:00,7.810,1.000,0.000,1.000,6.800
2014-02-06 18:00:00,8.440,0.000,0.000,0.000,6.600
2014-02-06 19:00:00,8.650,0.000,0.000,0.000,6.700
2014-02-06 20:00:00,8.930,0.000,0.000,0.000,6.800
2014-02-06 21:00:00,8.810,0.000,0.000,0.000,6.900
2014-02-06 22:00:00,9.470,0.000,0.000,0.000,6.900
2014-02-06 23:00:00,9.280,0.000,0.000,0.000,6.300
2014-02-07 00:00:00,8.950,0.000,0.000,0.000,6.100
2014-02-07 01:00:00,9.010,0.000,0.000,0.000,6.200
2014-02-07 02:00:00,9.490,0.000,0.000,0.000,6.300
2014-02-07 03:00:00,9.910,0.000,0.000,0.000,6.500
2014-02-07 04:00:00,10.490,0.000,0.000,0.000,6.900
2014-02-07 05:00:00,11.210,0.000,0.000,0.000,7.300
2014-02-07 06:00:00,11.290,0.000,0.000,0.000,8.000
2014-02-07 07:00:00,11.010,0.000,0.000,0.000,7.800
2014-02-07 08:00:00,11.180,25.000,35.100,22.000,8.800
2014-02-07 09:00:00,11.600,88.000,30.300,82.000,9.800
2014-02-07 10:00:00,11.520,163.000,156.900,117.000,10.800
2014-02-07 11:00:00,12.110,185.000,93.100,152.000,12.100
2014-02-07 12:00:00,12.750,229.000,169.600,165.000,12.900
2014-02-07 13:00:00,14.370,214.000,144.400,162.000,13.000
2014-02-07 14:00:00,15.750,141.000,65.700,121.000,12.600
2014-02-07 15:00:00,16.220,77.000,18.700,73.000,11.400
2014-02-07 16:00:00,16.570,32.000,10.500,31.000,10.200
2014-02-07 17:00:00,16.530,1.000,0.000,1.000,8.700
2014-02-07 18:00:00,15.320,0.000,0.000,0.000,7.100
2014-02-07 19:00:00,13.440,0.000,0.000,0.000,6.200
2014-02-07 20:00:00,11.650,0.000,0.000,0.000,6.000
2014-02-07 21:00:00,11.150,0.000,0.000,0.000,6.100
2014-02-07 22:00:00,10.110,0.000,0.000,0.000,6.200
2014-02-07 23:00:00,9.630,0.000,0.000,0.000,6.100
2014-02-08 00:00:00,9.220,0.000,0.000,0.000,6.000
2014-02-08 01:00:00,8.990,0.000,0.000,0.000,5.600
2014-02-08 02:00:00,8.170,0.000,0.000,0.000,5.100
2014-02-08 03:00:00,8.040,0.000,0.000,0.000,4.200
2014-02-08 04:00:00,8.550,0.000,0.000,0.000,4.100
2014-02-08 05:00:00,9.350,0.000,0.000,0.000,4.100
2014-02-08 06:00:00,9.700,0.000,0.000,0.000,4.300
2014-02-08 07:00:00,10.050,0.000,0.000,0.000,4.900
2014-02-08 08:00:00,10.280,23.000,0.000,23.000,5.400
2014-02-08 09:00:00,10.380,52.000,4.900,51.000,6.300
2014-02-08 10:00:00,9.350,113.000,40.300,101.000,7.100
2014-02-08 11:00:00,9.220,221.000,189.200,153.000,8.400
2014-02-08 12:00:00,9.530,219.000,298.100,105.000,9.100
2014-02-08 13:00:00,9.300,154.000,43.800,138.000,9.200
2014-02-08 14:00:00,9.980,130.000,100.200,99.000,9.200
2014-02-08 15:00:00,9.610,44.000,9.100,42.000,8.600
2014-02-08 16:00:00,9.580,12.000,0.000,12.000,8.100
2014-02-08 17:00:00,9.630,0.000,0.000,0.000,7.200
2014-02-08 18:00:00,9.510,0.000,0.000,0.000,6.500
2014-02-08 19:00:00,9.490,0.000,0.000,0.000,6.400
2014-02-08 20:00:00,9.550,0.000,0.000,0.000,6.200
2014-02-08 21:00:00,9.250,0.000,0.000,0.000,6.000
2014-02-08 22:00:00,8.920,0.000,0.000,0.000,6.100
2014-02-08 23:00:00,9.180,0.000,0.000,0.000,6.100
2014-02-09 00:00:00,9.420,0.000,0.000,0.000,5.900
2014-02-09 01:00:00,9.930,0.000,0.000,0.000,6.100
2014-02-09 02:00:00,10.070,0.000,0.000,0.000,5.900
2014-02-09 03:00:00,10.900,0.000,0.000,0.000,5.800
2014-02-09 04:00:00,11.230,0.000,0.000,0.000,5.600
2014-02-09 05:00:00,10.770,0.000,0.000,0.000,5.400
2014-02-09 06:00:00,10.740,0.000,0.000,0.000,5.400
2014-02-09 07:00:00,10.650,0.000,0.000,0.000,5.300
2014-02-09 08:00:00,10.240,29.000,66.300,23.000,5.900
2014-02-09 09:00:00,9.320,126.000,299.000,64.000,6.600
2014-02-09 10:00:00,9.600,219.000,349.700,113.000,7.300
2014-02-09 11:00:00,10.380,272.000,392.300,129.000,8.000
2014-02-09 12:00:00,10.680,299.000,451.600,124.000,8.300
2014-02-09 13:00:00,11.290,319.000,591.200,100.000,8.600
2014-02-09 14:00:00,10.790,249.000,499.100,92.000,8.600
2014-02-09 15:00:00,9.620,136.000,187.800,94.000,8.200
2014-02-09 16:00:00,9.840,43.000,28.900,40.000,7.900
2014-02-09 17:00:00,10.060,1.000,0.000,1.000,7.600
2014-02-09 18:00:00,9.780,0.000,0.000,0.000,7.200
2014-02-09 19:00:00,9.770,0.000,0.000,0.000,6.700
2014-02-09 20:00:00,9.780,0.000,0.000,0.000,6.400
2014-02-09 21:00:00,9.780,0.000,0.000,0.000,6.100
2014-02-09 22:00:00,9.770,0.000,0.000,0.000,5.800
2014-02-09 23:00:00,9.400,0.000,0.000,0.000,5.200
2014-02-10 00:00:00,8.840,0.000,0.000,0.000,4.500
2014-02-10 01:00:00,8.160,0.000,0.000,0.000,4.000
2014-02-10 02:00:00,7.850,0.000,0.000,0.000,3.300
2014-02-10 03:00:00,7.600,0.000,0.000,0.000,2.600
2014-02-10 04:00:00,7.430,0.000,0.000,0.000,2.300
2014-02-10 05:00:00,7.550,0.000,0.000,0.000,1.900
2014-02-10 06:00:00,7.230,0.000,0.000,0.000,1.600
2014-02-10 07:00:00,7.200,0.000,0.000,0.000,1.500
2014-02-10 08:00:00,6.920,54.000,301.000,26.000,2.100
2014-02-10 09:00:00,5.760,142.000,287.400,81.000,3.400
2014-02-10 10:00:00,4.310,203.000,210.900,138.000,4.900
2014-02-10 11:00:00,4.160,245.000,254.300,151.000,6.000
2014-02-10 12:00:00,3.720,247.000,152.800,187.000,7.000
2014-02-10 13:00:00,3.890,232.000,157.100,173.000,7.600
2014-02-10 14:00:00,4.390,192.000,118.900,154.000,7.600
2014-02-10 15:00:00,5.500,115.000,48.100,104.000,7.200
2014-02-10 16:00:00,7.100,46.000,9.200,45.000,6.500
2014-02-10 17:00:00,8.230,2.000,0.000,2.000,6.000
2014-02-10 18:00:00,8.420,0.000,0.000,0.000,5.700
2014-02-10 19:00:00,8.030,0.000,0.000,0.000,5.700
2014-02-10 20:00:00,7.380,0.000,0.000,0.000,5.500
2014-02-10 21:00:00,6.660,0.000,0.000,0.000,5.200
2014-02-10 22:00:00,5.810,0.000,0.000,0.000,4.500
2014-02-10 23:00:00,5.440,0.000,0.000,0.000,4.000
2014-02-11 00:00:00,4.530,0.000,0.000,0.000,3.600
2014-02-11 01:00:00,4.920,0.000,0.000,0.000,3.500
2014-02-11 02:00:00,6.500,0.000,0.000,0.000,3.400
2014-02-11 03:00:00,7.070,0.000,0.000,0.000,3.400
2014-02-11 04:00:00,7.650,0.000,0.000,0.000,3.600
2014-02-11 05:00:00,7.780,0.000,0.000,0.000,3.900
2014-02-11 06:00:00,8.050,0.000,0.000,0.000,4.000
2014-02-11 07:00:00,8.300,0.000,0.000,0.000,3.800
2014-02-11 08:00:00,8.350,16.000,10.500,15.000,4.200
2014-02-11 09:00:00,8.220,53.000,18.400,49.000,4.600
2014-02-11 10:00:00,7.130,115.000,111.700,80.000,5.100
2014-02-11 11:00:00,7.870,132.000,138.700,80.000,5.400
2014-02-11 12:00:00,8.780,131.000,82.900,98.000,5.700
2014-02-11 13:00:00,8.900,134.000,44.600,117.000,5.900
2014-02-11 14:00:00,8.180,195.000,341.800,84.000,6.100
2014-02-11 15:00:00,7.580,125.000,291.100,57.000,6.500
2014-02-11 16:00:00,7.140,58.000,211.500,34.000,6.200
2014-02-11 17:00:00,6.490,3.000,0.000,3.000,5.000
2014-02-11 18:00:00,6.950,0.000,0.000,0.000,5.100
2014-02-11 19:00:00,8.030,0.000,0.000,0.000,5.400
2014-02-11 20:00:00,8.920,0.000,0.000,0.000,5.700
2014-02-11 21:00:00,9.210,0.000,0.000,0.000,5.700
2014-02-11 22:00:00,8.800,0.000,0.000,0.000,5.900
2014-02-11 23:00:00,8.920,0.000,0.000,0.000,5.600
2014-02-12 00:00:00,8.300,0.000,0.000,0.000,5.500
2014-02-12 01:00:00,7.710,0.000,0.000,0.000,5.200
2014-02-12 02:00:00,7.450,0.000,0.000,0.000,4.800
2014-02-12 03:00:00,7.550,0.000,0.000,0.000,4.300
2014-02-12 04:00:00,6.700,0.000,0.000,0.000,4.100
2014-02-12 05:00:00,6.900,0.000,0.000,0.000,3.700
2014-02-12 06:00:00,6.900,0.000,0.000,0.000,3.600
2014-02-12 07:00:00,7.220,1.000,0.000,1.000,3.600
2014-02-12 08:00:00,7.470,57.000,275.000,30.000,4.100
2014-02-12 09:00:00,7.480,124.000,252.100,68.000,4.600
2014-02-12 10:00:00,6.730,192.000,273.300,105.000,5.700
2014-02-12 11:00:00,7.220,206.000,173.700,140.000,6.300
2014-02-12 12:00:00,7.720,260.000,297.700,140.000,7.000
2014-02-12 13:00:00,7.430,258.000,323.800,133.000,7.500
2014-02-12 14:00:00,7.120,251.000,424.300,111.000,7.900
2014-02-12 15:00:00,6.320,188.000,502.900,68.000,7.900
2014-02-12 16:00:00,6.850,80.000,380.300,35.000,7.000
2014-02-12 17:00:00,7.800,4.000,19.100,3.000,5.700
2014-02-12 18:00:00,8.960,0.000,0.000,0.000,5.100
2014-02-12 19:00:00,9.600,0.000,0.000,0.000,4.900
2014-02-12 20:00:00,10.220,0.000,0.000,0.000,4.900
2014-02-12 21:00:00,10.300,0.000,0.000,0.000,5.100
2014-02-12 22:00:00,10.340,0.000,0.000,0.000,5.400
2014-02-12 23:00:00,10.170,0.000,0.000,0.000,5.900
2014-02-13 00:00:00,10.530,0.000,0.000,0.000,6.100
2014-02-13 01:00:00,10.980,0.000,0.000,0.000,5.700
2014-02-13 02:00:00,11.310,0.000,0.000,0.000,5.300
2014-02-13 03:00:00,11.320,0.000,0.000,0.000,5.300
2014-02-13 04:00:00,10.590,0.000,0.000,0.000,5.500
2014-02-13 05:00:00,10.140,0.000,0.000,0.000,5.600
2014-02-13 06:00:00,9.540,0.000,0.000,0.000,5.500
2014-02-13 07:00:00,9.290,1.000,0.000,1.000,5.100
2014-02-13 08:00:00,9.020,62.000,320.600,29.000,5.700
2014-02-13 09:00:00,7.830,182.000,550.300,57.000,6.600
2014-02-13 10:00:00,9.360,263.000,565.800,80.000,7.700
2014-02-13 11:00:00,8.030,320.000,599.600,89.000,8.300
2014-02-13 12:00:00,5.920,298.000,394.200,137.000,8.700
2014-02-13 13:00:00,4.160,181.000,53.700,160.000,8.700
2014-02-13 14:00:00,5.700,99.000,6.000,97.000,8.400
2014-02-13 15:00:00,4.020,59.000,0.000,59.000,7.600
2014-02-13 16:00:00,4.250,21.000,0.000,21.000,6.700
2014-02-13 17:00:00,4.600,1.000,0.000,1.000,5.900
2014-02-13 18:00:00,3.560,0.000,0.000,0.000,5.200
2014-02-13 19:00:00,2.140,0.000,0.000,0.000,4.600
2014-02-13 20:00:00,2.920,0.000,0.000,0.000,4.500
2014-02-13 21:00:00,6.150,0.000,0.000,0.000,4.400
2014-02-13 22:00:00,8.090,0.000,0.000,0.000,3.400
2014-02-13 23:00:00,8.950,0.000,0.000,0.000,3.100
2014-02-14 00:00:00,9.650,0.000,0.000,0.000,3.100
2014-02-14 01:00:00,8.770,0.000,0.000,0.000,3.500
2014-02-14 02:00:00,9.160,0.000,0.000,0.000,3.800
2014-02-14 03:00:00,8.660,0.000,0.000,0.000,3.800
2014-02-14 04:00:00,8.300,0.000,0.000,0.000,3.500
2014-02-14 05:00:00,8.500,0.000,0.000,0.000,2.900
2014-02-14 06:00:00,8.200,0.000,0.000,0.000,2.700
2014-02-14 07:00:00,7.910,2.000,0.000,2.000,2.600
2014-02-14 08:00:00,7.620,69.000,352.400,31.000,3.200
2014-02-14 09:00:00,7.090,182.000,516.700,62.000,4.200
2014-02-14 10:00:00,8.320,284.000,602.500,86.000,5.500
2014-02-14 11:00:00,8.350,283.000,343.100,149.000,6.300
2014-02-14 12:00:00,7.520,267.000,265.900,157.000,7.100
2014-02-14 13:00:00,6.660,315.000,451.400,136.000,7.900
2014-02-14 14:00:00,6.610,254.000,379.200,125.000,8.200
2014-02-14 15:00:00,6.240,144.000,281.500,74.000,7.900
2014-02-14 16:00:00,6.320,82.000,335.900,39.000,7.100
2014-02-14 17:00:00,7.430,5.000,0.000,5.000,6.200
2014-02-14 18:00:00,8.410,0.000,0.000,0.000,6.000
2014-02-14 19:00:00,9.040,0.000,0.000,0.000,5.900
2014-02-14 20:00:00,9.820,0.000,0.000,0.000,6.000
2014-02-14 21:00:00,10.790,0.000,0.000,0.000,5.500
2014-02-14 22:00:00,9.730,0.000,0.000,0.000,5.400
2014-02-14 23:00:00,10.060,0.000,0.000,0.000,5.500
2014-02-15 00:00:00,10.250,0.000,0.000,0.000,5.800
2014-02-15 01:00:00,10.280,0.000,0.000,0.000,6.400
2014-02-15 02:00:00,10.910,0.000,0.000,0.000,6.900
2014-02-15 03:00:00,11.510,0.000,0.000,0.000,7.200
2014-02-15 04:00:00,12.070,0.000,0.000,0.000,7.400
2014-02-15 05:00:00,11.790,0.000,0.000,0.000,8.000
2014-02-15 06:00:00,11.460,0.000,0.000,0.000,8.700
2014-02-15 07:00:00,11.190,2.000,0.000,2.000,9.100
2014-02-15 08:00:00,10.830,56.000,150.700,39.000,9.800
2014-02-15 09:00:00,10.870,140.000,189.600,95.000,11.000
2014-02-15 10:00:00,9.390,212.000,227.600,136.000,11.900
2014-02-15 11:00:00,10.290,277.000,293.000,161.000,12.700
2014-02-15 12:00:00,11.900,280.000,231.500,183.000,12.900
2014-02-15 13:00:00,12.670,266.000,251.400,165.000,12.800
2014-02-15 14:00:00,11.480,233.000,283.700,135.000,12.600
2014-02-15 15:00:00,11.280,119.000,177.400,74.000,12.200
2014-02-15 16:00:00,10.540,60.000,120.400,44.000,11.600
2014-02-15 17:00:00,10.700,5.000,19.100,4.000,11.100
2014-02-15 18:00:00,10.840,0.000,0.000,0.000,10.600
2014-02-15 19:00:00,11.460,0.000,0.000,0.000,10.300
2014-02-15 20:00:00,11.570,0.000,0.000,0.000,9.900
2014-02-15 21:00:00,11.720,0.000,0.000,0.000,9.300
2014-02-15 22:00:00,12.180,0.000,0.000,0.000,9.000
2014-02-15 23:00:00,12.510,0.000,0.000,0.000,8.600
2014-02-16 00:00:00,12.910,0.000,0.000,0.000,7.900
2014-02-16 01:00:00,12.520,0.000,0.000,0.000,7.700
2014-02-16 02:00:00,12.290,0.000,0.000,0.000,7.400
2014-02-16 03:00:00,11.620,0.000,0.000,0.000,7.100
2014-02-16 04:00:00,11.220,0.000,0.000,0.000,7.000
2014-02-16 05:00:00,11.430,0.000,0.000,0.000,6.800
2014-02-16 06:00:00,11.180,0.000,0.000,0.000,6.600
2014-02-16 07:00:00,10.850,2.000,0.000,2.000,6.600
2014-02-16 08:00:00,11.350,62.000,237.400,34.000,6.800
2014-02-16 09:00:00,11.250,165.000,387.400,71.000,7.300
2014-02-16 10:00:00,10.190,272.000,568.900,79.000,7.800
2014-02-16 11:00:00,11.360,339.000,618.000,91.000,8.200
2014-02-16 12:00:00,11.860,314.000,520.700,93.000,8.500
2014-02-16 13:00:00,11.960,321.000,555.100,95.000,8.800
2014-02-16 14:00:00,10.790,308.000,627.400,88.000,9.000
2014-02-16 15:00:00,9.820,182.000,417.300,74.000,8.800
2014-02-16 16:00:00,9.120,95.000,406.300,39.000,8.100
2014-02-16 17:00:00,8.460,8.000,57.300,5.000,6.900
2014-02-16 18:00:00,7.820,0.000,0.000,0.000,5.900
2014-02-16 19:00:00,7.590,0.000,0.000,0.000,5.100
2014-02-16 20:00:00,7.350,0.000,0.000,0.000,4.500
2014-02-16 21:00:00,7.250,0.000,0.000,0.000,4.100
2014-02-16 22:00:00,7.520,0.000,0.000,0.000,3.700
2014-02-16 23:00:00,7.120,0.000,0.000,0.000,3.000
2014-02-17 00:00:00,6.840,0.000,0.000,0.000,2.700
2014-02-17 01:00:00,6.670,0.000,0.000,0.000,2.200
2014-02-17 02:00:00,6.690,0.000,0.000,0.000,2.100
2014-02-17 03:00:00,6.380,0.000,0.000,0.000,2.000
2014-02-17 04:00:00,6.060,0.000,0.000,0.000,1.800
2014-02-17 05:00:00,6.080,0.000,0.000,0.000,1.700
2014-02-17 06:00:00,6.300,0.000,0.000,0.000,1.800
2014-02-17 07:00:00,6.490,4.000,19.100,3.000,1.700
2014-02-17 08:00:00,6.450,75.000,308.600,37.000,3.000
2014-02-17 09:00:00,5.660,168.000,330.700,86.000,4.600
2014-02-17 10:00:00,4.600,230.000,264.000,139.000,6.000
2014-02-17 11:00:00,4.390,305.000,351.600,162.000,7.400
2014-02-17 12:00:00,5.500,295.000,307.000,163.000,8.300
2014-02-17 13:00:00,4.830,275.000,242.400,175.000,8.800
2014-02-17 14:00:00,4.470,206.000,205.100,133.000,9.000
2014-02-17 15:00:00,4.130,126.000,113.700,96.000,8.700
2014-02-17 16:00:00,4.970,57.000,77.000,46.000,8.000
2014-02-17 17:00:00,5.050,5.000,0.000,5.000,7.000
2014-02-17 18:00:00,4.920,0.000,0.000,0.000,6.100
2014-02-17 19:00:00,4.830,0.000,0.000,0.000,5.200
2014-02-17 20:00:00,4.720,0.000,0.000,0.000,4.700
2014-02-17 21:00:00,4.750,0.000,0.000,0.000,4.600
2014-02-17 22:00:00,4.880,0.000,0.000,0.000,3.900
2014-02-17 23:00:00,5.090,0.000,0.000,0.000,3.700
2014-02-18 00:00:00,5.560,0.000,0.000,0.000,3.000
2014-02-18 01:00:00,5.800,0.000,0.000,0.000,2.800
2014-02-18 02:00:00,5.590,0.000,0.000,0.000,2.100
2014-02-18 03:00:00,5.650,0.000,0.000,0.000,1.400
2014-02-18 04:00:00,5.540,0.000,0.000,0.000,1.200
2014-02-18 05:00:00,5.710,0.000,0.000,0.000,0.900
2014-02-18 06:00:00,6.400,0.000,0.000,0.000,1.200
2014-02-18 07:00:00,6.830,5.000,0.000,5.000,1.500
2014-02-18 08:00:00,6.440,69.000,101.200,56.000,2.700
2014-02-18 09:00:00,6.210,166.000,221.000,110.000,4.200
2014-02-18 10:00:00,5.020,246.000,257.000,156.000,5.700
2014-02-18 11:00:00,5.300,294.000,254.700,189.000,6.800
2014-02-18 12:00:00,5.280,322.000,289.400,196.000,7.400
2014-02-18 13:00:00,5.200,303.000,303.800,176.000,7.800
2014-02-18 14:00:00,5.210,252.000,249.100,162.000,7.900
2014-02-18 15:00:00,5.140,164.000,159.800,121.000,7.500
2014-02-18 16:00:00,5.520,73.000,60.900,64.000,7.100
2014-02-18 17:00:00,5.500,9.000,0.000,9.000,6.300
2014-02-18 18:00:00,5.950,0.000,0.000,0.000,5.800
2014-02-18 19:00:00,6.460,0.000,0.000,0.000,5.400
2014-02-18 20:00:00,6.530,0.000,0.000,0.000,5.100
2014-02-18 21:00:00,6.500,0.000,0.000,0.000,4.900
2014-02-18 22:00:00,6.600,0.000,0.000,0.000,4.500
2014-02-18 23:00:00,6.620,0.000,0.000,0.000,4.100
2014-02-19 00:00:00,6.480,0.000,0.000,0.000,3.700
2014-02-19 01:00:00,6.400,0.000,0.000,0.000,3.900
2014-02-19 02:00:00,6.440,0.000,0.000,0.000,4.400
2014-02-19 03:00:00,6.410,0.000,0.000,0.000,5.000
2014-02-19 04:00:00,6.260,0.000,0.000,0.000,5.000
2014-02-19 05:00:00,6.360,0.000,0.000,0.000,4.900
2014-02-19 06:00:00,6.650,0.000,0.000,0.000,5.000
2014-02-19 07:00:00,6.510,4.000,0.000,4.000,5.300
2014-02-19 08:00:00,6.720,42.000,22.400,39.000,5.500
2014-02-19 09:00:00,7.830,79.000,3.900,78.000,5.800
2014-02-19 10:00:00,8.640,95.000,8.400,92.000,6.400
2014-02-19 11:00:00,9.280,119.000,19.100,111.000,6.800
2014-02-19 12:00:00,7.990,106.000,4.500,104.000,7.400
2014-02-19 13:00:00,6.530,104.000,0.000,104.000,7.700
2014-02-19 14:00:00,6.300,128.000,79.100,99.000,7.900
2014-02-19 15:00:00,6.590,126.000,200.500,71.000,8.100
2014-02-19 16:00:00,5.940,81.000,294.600,36.000,7.900
2014-02-19 17:00:00,5.920,9.000,52.300,6.000,7.400
2014-02-19 18:00:00,6.260,0.000,0.000,0.000,7.400
2014-02-19 19:00:00,6.710,0.000,0.000,0.000,7.200
2014-02-19 20:00:00,6.860,0.000,0.000,0.000,7.000
2014-02-19 21:00:00,6.900,0.000,0.000,0.000,6.600
2014-02-19 22:00:00,7.260,0.000,0.000,0.000,6.400
2014-02-19 23:00:00,6.670,0.000,0.000,0.000,6.300
2014-02-20 00:00:00,6.440,0.000,0.000,0.000,6.200
2014-02-20 01:00:00,6.710,0.000,0.000,0.000,6.000
2014-02-20 02:00:00,6.630,0.000,0.000,0.000,6.000
2014-02-20 03:00:00,6.630,0.000,0.000,0.000,5.800
2014-02-20 04:00:00,6.210,0.000,0.000,0.000,5.900
2014-02-20 05:00:00,5.810,0.000,0.000,0.000,5.700
2014-02-20 06:00:00,6.380,0.000,0.000,0.000,5.700
2014-02-20 07:00:00,6.660,8.000,57.300,5.000,5.800
2014-02-20 08:00:00,6.530,91.000,344.500,43.000,6.600
2014-02-20 09:00:00,5.690,205.000,483.900,77.000,7.600
2014-02-20 10:00:00,5.470,307.000,619.700,83.000,8.300
2014-02-20 11:00:00,7.070,372.000,627.900,106.000,9.400
2014-02-20 12:00:00,7.250,395.000,644.800,107.000,10.400
2014-02-20 13:00:00,7.740,362.000,580.300,113.000,11.000
2014-02-20 14:00:00,7.890,240.000,309.100,125.000,11.100
2014-02-20 15:00:00,7.400,175.000,329.100,83.000,11.000
2014-02-20 16:00:00,7.670,100.000,354.900,44.000,10.200
2014-02-20 17:00:00,8.160,10.000,50.100,7.000,9.400
2014-02-20 18:00:00,8.430,0.000,0.000,0.000,9.100
2014-02-20 19:00:00,8.590,0.000,0.000,0.000,8.800
2014-02-20 20:00:00,8.540,0.000,0.000,0.000,8.700
2014-02-20 21:00:00,8.540,0.000,0.000,0.000,9.000
2014-02-20 22:00:00,8.350,0.000,0.000,0.000,9.200
2014-02-20 23:00:00,8.490,0.000,0.000,0.000,8.900
2014-02-21 00:00:00,8.510,0.000,0.000,0.000,8.500
2014-02-21 01:00:00,8.490,0.000,0.000,0.000,8.300
2014-02-21 02:00:00,8.420,0.000,0.000,0.000,8.500
2014-02-21 03:00:00,8.300,0.000,0.000,0.000,8.300
2014-02-21 04:00:00,7.660,0.000,0.000,0.000,8.200
2014-02-21 05:00:00,7.140,0.000,0.000,0.000,8.100
2014-02-21 06:00:00,6.990,0.000,0.000,0.000,7.900
2014-02-21 07:00:00,6.310,3.000,0.000,3.000,7.700
2014-02-21 08:00:00,5.690,38.000,27.600,34.000,8.400
2014-02-21 09:00:00,5.800,158.000,248.000,91.000,8.900
2014-02-21 10:00:00,5.040,257.000,400.300,110.000,9.700
2014-02-21 11:00:00,8.020,292.000,396.000,122.000,9.500
2014-02-21 12:00:00,8.630,324.000,422.300,133.000,8.500
2014-02-21 13:00:00,8.320,327.000,517.700,102.000,9.300
2014-02-21 14:00:00,7.870,277.000,492.700,91.000,9.400
2014-02-21 15:00:00,8.020,191.000,382.800,82.000,8.600
2014-02-21 16:00:00,7.460,79.000,184.200,49.000,7.700
2014-02-21 17:00:00,6.650,12.000,48.000,9.000,6.500
2014-02-21 18:00:00,6.870,0.000,0.000,0.000,5.700
2014-02-21 19:00:00,6.780,0.000,0.000,0.000,4.900
2014-02-21 20:00:00,6.950,0.000,0.000,0.000,4.800
2014-02-21 21:00:00,7.300,0.000,0.000,0.000,4.500
2014-02-21 22:00:00,7.820,0.000,0.000,0.000,3.900
2014-02-21 23:00:00,8.270,0.000,0.000,0.000,3.700
2014-02-22 00:00:00,8.280,0.000,0.000,0.000,3.600
2014-02-22 01:00:00,8.210,0.000,0.000,0.000,3.400
2014-02-22 02:00:00,8.180,0.000,0.000,0.000,3.300
2014-02-22 03:00:00,8.180,0.000,0.000,0.000,3.300
2014-02-22 04:00:00,8.220,0.000,0.000,0.000,3.200
2014-02-22 05:00:00,8.320,0.000,0.000,0.000,3.000
2014-02-22 06:00:00,8.550,0.000,0.000,0.000,3.000
2014-02-22 07:00:00,8.690,10.000,72.200,6.000,2.900
2014-02-22 08:00:00,8.860,103.000,405.300,42.000,4.100
2014-02-22 09:00:00,7.920,227.000,576.300,68.000,5.600
2014-02-22 10:00:00,8.930,309.000,560.400,100.000,6.800
2014-02-22 11:00:00,9.220,318.000,455.100,120.000,7.500
2014-02-22 12:00:00,8.220,210.000,93.900,167.000,7.600
2014-02-22 13:00:00,8.560,140.000,20.400,131.000,7.200
2014-02-22 14:00:00,8.270,125.000,33.900,112.000,7.100
2014-02-22 15:00:00,6.920,140.000,151.700,96.000,7.200
2014-02-22 16:00:00,6.290,71.000,172.700,42.000,6.900
2014-02-22 17:00:00,6.440,12.000,61.500,8.000,6.500
2014-02-22 18:00:00,6.720,0.000,0.000,0.000,5.900
2014-02-22 19:00:00,7.010,0.000,0.000,0.000,5.500
2014-02-22 20:00:00,7.220,0.000,0.000,0.000,5.400
2014-02-22 21:00:00,7.220,0.000,0.000,0.000,5.300
2014-02-22 22:00:00,7.360,0.000,0.000,0.000,4.800
2014-02-22 23:00:00,6.860,0.000,0.000,0.000,4.400
2014-02-23 00:00:00,6.790,0.000,0.000,0.000,3.900
2014-02-23 01:00:00,6.900,0.000,0.000,0.000,3.500
2014-02-23 02:00:00,6.660,0.000,0.000,0.000,3.100
2014-02-23 03:00:00,6.550,0.000,0.000,0.000,2.700
2014-02-23 04:00:00,6.480,0.000,0.000,0.000,2.400
2014-02-23 05:00:00,6.740,0.000,0.000,0.000,2.300
2014-02-23 06:00:00,7.080,0.000,0.000,0.000,2.200
2014-02-23 07:00:00,7.370,12.000,85.700,7.000,2.000
2014-02-23 08:00:00,7.510,105.000,396.900,43.000,3.500
2014-02-23 09:00:00,6.320,217.000,482.800,81.000,5.400
2014-02-23 10:00:00,6.550,339.000,662.600,88.000,7.100
2014-02-23 11:00:00,6.330,409.000,698.600,101.000,8.000
2014-02-23 12:00:00,6.090,427.000,720.200,93.000,8.800
2014-02-23 13:00:00,6.040,429.000,762.600,89.000,9.400
2014-02-23 14:00:00,6.160,357.000,700.400,85.000,9.700
2014-02-23 15:00:00,6.170,254.000,623.100,70.000,9.600
2014-02-23 16:00:00,5.940,129.000,479.800,46.000,8.800
2014-02-23 17:00:00,6.330,20.000,133.200,11.000,7.200
2014-02-23 18:00:00,6.870,0.000,0.000,0.000,6.000
2014-02-23 19:00:00,7.060,0.000,0.000,0.000,5.600
2014-02-23 20:00:00,7.200,0.000,0.000,0.000,5.000
2014-02-23 21:00:00,7.240,0.000,0.000,0.000,4.700
2014-02-23 22:00:00,7.330,0.000,0.000,0.000,4.600
2014-02-23 23:00:00,6.990,0.000,0.000,0.000,4.200
2014-02-24 00:00:00,6.810,0.000,0.000,0.000,3.700
2014-02-24 01:00:00,6.620,0.000,0.000,0.000,3.400
2014-02-24 02:00:00,6.420,0.000,0.000,0.000,2.900
2014-02-24 03:00:00,6.450,0.000,0.000,0.000,2.300
2014-02-24 04:00:00,6.710,0.000,0.000,0.000,1.900
2014-02-24 05:00:00,7.120,0.000,0.000,0.000,1.700
2014-02-24 06:00:00,7.340,0.000,0.000,0.000,1.600
2014-02-24 07:00:00,7.610,15.000,98.000,9.000,2.100
2014-02-24 08:00:00,7.470,117.000,444.600,45.000,4.000
2014-02-24 09:00:00,6.780,248.000,626.000,68.000,6.200
2014-02-24 10:00:00,6.290,360.000,725.400,81.000,8.500
2014-02-24 11:00:00,6.650,435.000,776.800,88.000,10.200
2014-02-24 12:00:00,6.770,463.000,783.800,95.000,11.400
2014-02-24 13:00:00,6.800,444.000,788.600,88.000,12.400
2014-02-24 14:00:00,6.930,375.000,746.500,81.000,12.700
2014-02-24 15:00:00,7.180,267.000,655.400,70.000,12.600
2014-02-24 16:00:00,8.220,135.000,483.000,49.000,11.600
2014-02-24 17:00:00,8.790,23.000,142.500,13.000,9.800
2014-02-24 18:00:00,8.630,0.000,0.000,0.000,8.600
2014-02-24 19:00:00,8.220,0.000,0.000,0.000,7.800
2014-02-24 20:00:00,7.770,0.000,0.000,0.000,7.100
2014-02-24 21:00:00,7.570,0.000,0.000,0.000,6.600
2014-02-24 22:00:00,7.800,0.000,0.000,0.000,6.000
2014-02-24 23:00:00,7.740,0.000,0.000,0.000,5.500
2014-02-25 00:00:00,7.710,0.000,0.000,0.000,5.300
2014-02-25 01:00:00,7.450,0.000,0.000,0.000,4.800
2014-02-25 02:00:00,7.260,0.000,0.000,0.000,4.400
2014-02-25 03:00:00,7.120,0.000,0.000,0.000,3.900
2014-02-25 04:00:00,6.940,0.000,0.000,0.000,3.700
2014-02-25 05:00:00,6.900,0.000,0.000,0.000,3.500
2014-02-25 06:00:00,7.100,0.000,0.000,0.000,3.600
2014-02-25 07:00:00,7.210,16.000,93.500,10.000,3.700
2014-02-25 08:00:00,7.120,117.000,411.300,48.000,5.600
2014-02-25 09:00:00,6.530,240.000,559.000,76.000,7.600
2014-02-25 10:00:00,5.710,350.000,673.500,87.000,9.900
2014-02-25 11:00:00,5.710,413.000,685.000,103.000,11.500
2014-02-25 12:00:00,5.710,436.000,702.800,102.000,12.800
2014-02-25 13:00:00,5.800,410.000,669.500,104.000,13.700
2014-02-25 14:00:00,6.000,336.000,596.000,98.000,13.800
2014-02-25 15:00:00,5.940,219.000,392.300,99.000,13.600
2014-02-25 16:00:00,6.350,98.000,163.800,68.000,12.800
2014-02-25 17:00:00,6.870,19.000,41.200,16.000,11.400
2014-02-25 18:00:00,7.350,0.000,0.000,0.000,10.400
2014-02-25 19:00:00,7.400,0.000,0.000,0.000,9.800
2014-02-25 20:00:00,7.030,0.000,0.000,0.000,9.300
2014-02-25 21:00:00,6.940,0.000,0.000,0.000,9.000
2014-02-25 22:00:00,7.100,0.000,0.000,0.000,8.800
2014-02-25 23:00:00,6.940,0.000,0.000,0.000,8.500
2014-02-26 00:00:00,6.610,0.000,0.000,0.000,8.200
2014-02-26 01:00:00,6.340,0.000,0.000,0.000,7.800
2014-02-26 02:00:00,6.350,0.000,0.000,0.000,7.500
2014-02-26 03:00:00,6.300,0.000,0.000,0.000,7.200
2014-02-26 04:00:00,6.140,0.000,0.000,0.000,6.700
2014-02-26 05:00:00,5.850,0.000,0.000,0.000,6.700
2014-02-26 06:00:00,5.410,0.000,0.000,0.000,6.600
2014-02-26 07:00:00,5.130,14.000,14.900,13.000,6.300
2014-02-26 08:00:00,4.650,87.000,86.400,72.000,7.200
2014-02-26 09:00:00,2.950,201.000,327.500,103.000,9.000
2014-02-26 10:00:00,2.940,280.000,401.100,121.000,10.200
2014-02-26 11:00:00,2.910,345.000,466.800,131.000,11.000
2014-02-26 12:00:00,3.690,326.000,382.500,142.000,11.300
2014-02-26 13:00:00,3.830,337.000,453.800,127.000,11.400
2014-02-26 14:00:00,3.650,250.000,378.000,97.000,11.100
2014-02-26 15:00:00,3.040,156.000,131.800,115.000,10.800
2014-02-26 16:00:00,2.530,87.000,148.800,59.000,10.200
2014-02-26 17:00:00,2.060,15.000,53.100,11.000,9.900
2014-02-26 18:00:00,1.900,0.000,0.000,0.000,8.600
2014-02-26 19:00:00,2.180,0.000,0.000,0.000,6.900
2014-02-26 20:00:00,2.820,0.000,0.000,0.000,6.700
2014-02-26 21:00:00,3.350,0.000,0.000,0.000,6.400
2014-02-26 22:00:00,3.980,0.000,0.000,0.000,4.900
2014-02-26 23:00:00,4.180,0.000,0.000,0.000,4.500
2014-02-27 00:00:00,4.080,0.000,0.000,0.000,4.400
2014-02-27 01:00:00,3.720,0.000,0.000,0.000,4.100
2014-02-27 02:00:00,3.300,0.000,0.000,0.000,3.700
2014-02-27 03:00:00,3.510,0.000,0.000,0.000,3.200
2014-02-27 04:00:00,3.540,0.000,0.000,0.000,2.800
2014-02-27 05:00:00,3.480,0.000,0.000,0.000,2.500
2014-02-27 06:00:00,3.080,0.000,0.000,0.000,2.000
2014-02-27 07:00:00,3.240,19.000,99.800,12.000,2.800
2014-02-27 08:00:00,3.580,116.000,339.900,55.000,4.400
2014-02-27 09:00:00,2.850,235.000,481.700,88.000,6.200
2014-02-27 10:00:00,2.930,334.000,576.600,102.000,8.600
2014-02-27 11:00:00,3.900,399.000,665.500,90.000,9.600
2014-02-27 12:00:00,4.810,357.000,527.900,100.000,10.100
2014-02-27 13:00:00,5.210,344.000,484.700,117.000,10.500
2014-02-27 14:00:00,5.120,290.000,419.300,118.000,10.700
2014-02-27 15:00:00,5.570,191.000,290.700,99.000,10.400
2014-02-27 16:00:00,5.810,116.000,300.000,58.000,9.800
2014-02-27 17:00:00,6.250,26.000,154.100,14.000,8.200
2014-02-27 18:00:00,6.710,0.000,0.000,0.000,7.000
2014-02-27 19:00:00,7.100,0.000,0.000,0.000,6.400
2014-02-27 20:00:00,7.300,0.000,0.000,0.000,6.100
2014-02-27 21:00:00,7.110,0.000,0.000,0.000,5.800
2014-02-27 22:00:00,6.140,0.000,0.000,0.000,5.400
2014-02-27 23:00:00,5.850,0.000,0.000,0.000,4.800
2014-02-28 00:00:00,5.340,0.000,0.000,0.000,4.800
2014-02-28 01:00:00,5.320,0.000,0.000,0.000,4.800
2014-02-28 02:00:00,5.410,0.000,0.000,0.000,4.600
2014-02-28 03:00:00,5.060,0.000,0.000,0.000,4.600
2014-02-28 04:00:00,4.970,0.000,0.000,0.000,4.400
2014-02-28 05:00:00,4.720,0.000,0.000,0.000,4.400
2014-02-28 06:00:00,4.520,0.000,0.000,0.000,4.400
2014-02-28 07:00:00,4.340,8.000,0.000,8.000,4.400
2014-02-28 08:00:00,4.240,46.000,0.000,46.000,4.700
2014-02-28 09:00:00,4.390,106.000,70.700,84.000,5.400
2014-02-28 10:00:00,2.000,103.000,7.300,100.000,5.700
2014-02-28 11:00:00,1.800,202.000,59.600,174.000,6.600
2014-02-28 12:00:00,2.100,186.000,34.500,169.000,6.800
2014-02-28 13:00:00,2.210,158.000,33.800,142.000,6.900
2014-02-28 14:00:00,1.810,124.000,50.500,103.000,7.000
2014-02-28 15:00:00,1.680,160.000,248.700,80.000,7.200
2014-02-28 16:00:00,2.000,132.000,388.100,55.000,7.000
2014-02-28 17:00:00,2.690,31.000,186.400,16.000,4.300
2014-02-28 18:00:00,3.620,0.000,0.000,0.000,3.000
2014-02-28 19:00:00,4.340,0.000,0.000,0.000,2.600
2014-02-28 20:00:00,4.880,0.000,0.000,0.000,2.600
2014-02-28 21:00:00,5.280,0.000,0.000,0.000,2.400
2014-02-28 22:00:00,5.330,0.000,0.000,0.000,1.600
2014-02-28 23:00:00,5.510,0.000,0.000,0.000,1.100
2014-03-01 00:00:00,5.550,0.000,0.000,0.000,0.700
2014-03-01 01:00:00,5.370,0.000,0.000,0.000,-0.100
2014-03-01 02:00:00,5.500,0.000,0.000,0.000,-0.100
2014-03-01 03:00:00,5.640,0.000,0.000,0.000,-0.100
2014-03-01 04:00:00,5.690,0.000,0.000,0.000,0.100
2014-03-01 05:00:00,5.550,0.000,0.000,0.000,0.100
2014-03-01 06:00:00,5.640,0.000,0.000,0.000,0.300
2014-03-01 07:00:00,5.870,14.000,26.200,12.000,0.800
2014-03-01 08:00:00,5.190,80.000,94.100,62.000,2.000
2014-03-01 09:00:00,3.810,164.000,141.900,119.000,3.700
2014-03-01 10:00:00,2.830,210.000,152.100,147.000,6.000
2014-03-01 11:00:00,2.560,286.000,203.800,189.000,7.700
2014-03-01 12:00:00,2.620,330.000,299.000,181.000,8.900
2014-03-01 13:00:00,3.040,313.000,314.800,162.000,9.800
2014-03-01 14:00:00,3.180,186.000,99.700,144.000,9.900
2014-03-01 15:00:00,2.480,150.000,88.700,121.000,10.000
2014-03-01 16:00:00,2.240,81.000,39.300,73.000,9.600
2014-03-01 17:00:00,3.200,15.000,12.000,14.000,8.600
2014-03-01 18:00:00,4.000,0.000,0.000,0.000,7.800
2014-03-01 19:00:00,4.740,0.000,0.000,0.000,7.200
2014-03-01 20:00:00,4.960,0.000,0.000,0.000,6.600
2014-03-01 21:00:00,4.470,0.000,0.000,0.000,6.000
2014-03-01 22:00:00,2.530,0.000,0.000,0.000,5.200
2014-03-01 23:00:00,3.540,0.000,0.000,0.000,5.000
2014-03-02 00:00:00,4.630,0.000,0.000,0.000,4.800
2014-03-02 01:00:00,4.730,0.000,0.000,0.000,4.100
2014-03-02 02:00:00,4.130,0.000,0.000,0.000,2.500
2014-03-02 03:00:00,3.600,0.000,0.000,0.000,2.300
2014-03-02 04:00:00,3.510,0.000,0.000,0.000,2.200
2014-03-02 05:00:00,4.380,0.000,0.000,0.000,2.000
2014-03-02 06:00:00,5.460,0.000,0.000,0.000,1.700
2014-03-02 07:00:00,5.800,27.000,126.200,17.000,1.700
2014-03-02 08:00:00,5.660,127.000,324.600,63.000,2.900
2014-03-02 09:00:00,6.310,223.000,346.700,111.000,4.400
2014-03-02 10:00:00,6.180,206.000,109.500,160.000,5.600
2014-03-02 11:00:00,6.020,211.000,78.900,173.000,6.100
2014-03-02 12:00:00,6.250,206.000,59.500,176.000,6.700
2014-03-02 13:00:00,5.620,171.000,47.400,148.000,7.100
2014-03-02 14:00:00,4.960,165.000,61.000,139.000,7.400
2014-03-02 15:00:00,4.700,132.000,60.200,112.000,7.600
2014-03-02 16:00:00,3.800,96.000,139.100,67.000,7.600
2014-03-02 17:00:00,3.720,28.000,105.200,19.000,6.100
2014-03-02 18:00:00,4.510,0.000,0.000,0.000,4.400
2014-03-02 19:00:00,5.280,0.000,0.000,0.000,3.400
2014-03-02 20:00:00,5.560,0.000,0.000,0.000,3.000
2014-03-02 21:00:00,5.940,0.000,0.000,0.000,2.200
2014-03-02 22:00:00,6.220,0.000,0.000,0.000,2.200
2014-03-02 23:00:00,6.120,0.000,0.000,0.000,1.800
2014-03-03 00:00:00,5.800,0.000,0.000,0.000,1.100
2014-03-03 01:00:00,5.940,0.000,0.000,0.000,1.300
2014-03-03 02:00:00,6.360,0.000,0.000,0.000,1.500
2014-03-03 03:00:00,6.820,0.000,0.000,0.000,1.600
2014-03-03 04:00:00,7.120,0.000,0.000,0.000,1.400
2014-03-03 05:00:00,7.290,0.000,0.000,0.000,1.300
2014-03-03 06:00:00,7.600,0.000,0.000,0.000,1.500
2014-03-03 07:00:00,7.870,28.000,145.900,16.000,2.000
2014-03-03 08:00:00,7.930,139.000,388.900,60.000,3.700
2014-03-03 09:00:00,6.540,257.000,504.600,91.000,5.500
2014-03-03 10:00:00,6.790,344.000,495.200,133.000,7.800
2014-03-03 11:00:00,8.860,382.000,465.400,155.000,9.200
2014-03-03 12:00:00,7.650,378.000,370.700,189.000,9.900
2014-03-03 13:00:00,6.820,348.000,317.900,192.000,10.300
2014-03-03 14:00:00,6.400,302.000,412.100,124.000,10.700
2014-03-03 15:00:00,5.310,196.000,260.800,108.000,10.600
2014-03-03 16:00:00,4.980,94.000,89.000,75.000,10.000
2014-03-03 17:00:00,4.850,18.000,22.700,16.000,9.200
2014-03-03 18:00:00,4.650,0.000,0.000,0.000,8.000
2014-03-03 19:00:00,4.300,0.000,0.000,0.000,7.300
2014-03-03 20:00:00,3.760,0.000,0.000,0.000,6.200
2014-03-03 21:00:00,3.380,0.000,0.000,0.000,5.200
2014-03-03 22:00:00,4.380,0.000,0.000,0.000,3.800
2014-03-03 23:00:00,4.130,0.000,0.000,0.000,2.800
2014-03-04 00:00:00,3.640,0.000,0.000,0.000,2.000
2014-03-04 01:00:00,2.930,0.000,0.000,0.000,1.300
2014-03-04 02:00:00,2.630,0.000,0.000,0.000,0.800
2014-03-04 03:00:00,2.690,0.000,0.000,0.000,-0.000
2014-03-04 04:00:00,2.970,0.000,0.000,0.000,-0.700
2014-03-04 05:00:00,3.080,0.000,0.000,0.000,-1.300
2014-03-04 06:00:00,3.090,0.000,0.000,0.000,-1.700
2014-03-04 07:00:00,2.930,34.000,175.800,19.000,-0.800
2014-03-04 08:00:00,2.300,143.000,363.500,67.000,1.500
2014-03-04 09:00:00,1.130,263.000,477.700,103.000,4.200
2014-03-04 10:00:00,1.020,348.000,460.700,149.000,6.500
2014-03-04 11:00:00,1.400,414.000,518.700,158.000,8.000
2014-03-04 12:00:00,1.940,411.000,461.700,173.000,8.900
2014-03-04 13:00:00,2.190,341.000,261.900,211.000,9.600
2014-03-04 14:00:00,1.800,261.000,292.700,133.000,10.000
2014-03-04 15:00:00,1.350,170.000,148.900,119.000,9.900
2014-03-04 16:00:00,1.080,90.000,86.900,71.000,9.000
2014-03-04 17:00:00,0.810,31.000,99.300,22.000,8.300
2014-03-04 18:00:00,0.630,0.000,0.000,0.000,6.600
2014-03-04 19:00:00,0.720,0.000,0.000,0.000,4.900
2014-03-04 20:00:00,1.330,0.000,0.000,0.000,3.400
2014-03-04 21:00:00,1.890,0.000,0.000,0.000,3.200
2014-03-04 22:00:00,2.060,0.000,0.000,0.000,1.700
2014-03-04 23:00:00,2.330,0.000,0.000,0.000,1.200
2014-03-05 00:00:00,2.920,0.000,0.000,0.000,1.300
2014-03-05 01:00:00,3.710,0.000,0.000,0.000,1.100
2014-03-05 02:00:00,4.650,0.000,0.000,0.000,0.700
2014-03-05 03:00:00,5.220,0.000,0.000,0.000,0.500
2014-03-05 04:00:00,5.400,0.000,0.000,0.000,0.800
2014-03-05 05:00:00,5.260,0.000,0.000,0.000,1.500
2014-03-05 06:00:00,5.180,0.000,0.000,0.000,1.700
2014-03-05 07:00:00,5.330,28.000,34.000,25.000,2.300
2014-03-05 08:00:00,5.010,100.000,97.700,79.000,3.700
2014-03-05 09:00:00,3.930,180.000,126.100,137.000,5.000
2014-03-05 10:00:00,3.490,299.000,267.200,182.000,6.900
2014-03-05 11:00:00,3.260,366.000,316.400,208.000,8.100
2014-03-05 12:00:00,3.500,393.000,408.700,180.000,9.100
2014-03-05 13:00:00,3.800,339.000,382.600,147.000,9.500
2014-03-05 14:00:00,3.960,372.000,571.500,119.000,10.000
2014-03-05 15:00:00,3.680,286.000,566.500,89.000,10.000
2014-03-05 16:00:00,4.040,151.000,433.900,54.000,9.400
2014-03-05 17:00:00,4.820,41.000,246.800,18.000,8.000
2014-03-05 18:00:00,5.100,0.000,0.000,0.000,6.300
2014-03-05 19:00:00,4.690,0.000,0.000,0.000,4.700
2014-03-05 20:00:00,4.160,0.000,0.000,0.000,3.500
2014-03-05 21:00:00,3.890,0.000,0.000,0.000,2.800
2014-03-05 22:00:00,3.310,0.000,0.000,0.000,2.300
2014-03-05 23:00:00,2.120,0.000,0.000,0.000,1.800
2014-03-06 00:00:00,1.390,0.000,0.000,0.000,1.400
2014-03-06 01:00:00,1.570,0.000,0.000,0.000,0.800
2014-03-06 02:00:00,2.220,0.000,0.000,0.000,-0.300
2014-03-06 03:00:00,2.700,0.000,0.000,0.000,-0.900
2014-03-06 04:00:00,3.000,0.000,0.000,0.000,-0.000
2014-03-06 05:00:00,2.530,0.000,0.000,0.000,0.500
2014-03-06 06:00:00,2.480,0.000,0.000,0.000,0.700
2014-03-06 07:00:00,2.060,19.000,10.900,18.000,0.700
2014-03-06 08:00:00,1.860,78.000,36.200,70.000,1.300
2014-03-06 09:00:00,1.840,130.000,28.800,120.000,2.500
2014-03-06 10:00:00,2.010,186.000,38.300,169.000,3.800
2014-03-06 11:00:00,1.990,216.000,43.500,194.000,4.800
2014-03-06 12:00:00,2.260,257.000,51.200,230.000,6.000
2014-03-06 13:00:00,2.620,294.000,149.800,218.000,7.500
2014-03-06 14:00:00,3.110,271.000,174.100,193.000,8.500
2014-03-06 15:00:00,3.200,264.000,453.400,104.000,9.500
2014-03-06 16:00:00,3.160,162.000,428.900,64.000,9.300
2014-03-06 17:00:00,4.250,48.000,261.200,23.000,7.400
2014-03-06 18:00:00,5.590,0.000,0.000,0.000,6.000
2014-03-06 19:00:00,6.670,0.000,0.000,0.000,4.700
2014-03-06 20:00:00,7.180,0.000,0.000,0.000,4.200
2014-03-06 21:00:00,7.090,0.000,0.000,0.000,3.600
2014-03-06 22:00:00,7.540,0.000,0.000,0.000,3.100
2014-03-06 23:00:00,7.620,0.000,0.000,0.000,2.700
2014-03-07 00:00:00,7.100,0.000,0.000,0.000,2.600
2014-03-07 01:00:00,6.310,0.000,0.000,0.000,1.600
2014-03-07 02:00:00,5.930,0.000,0.000,0.000,1.400
2014-03-07 03:00:00,5.940,0.000,0.000,0.000,1.100
2014-03-07 04:00:00,6.240,0.000,0.000,0.000,1.000
2014-03-07 05:00:00,6.330,0.000,0.000,0.000,0.800
2014-03-07 06:00:00,6.320,0.000,0.000,0.000,0.700
2014-03-07 07:00:00,5.970,44.000,180.000,27.000,1.300
2014-03-07 08:00:00,5.140,156.000,357.000,75.000,3.200
2014-03-07 09:00:00,4.000,262.000,388.400,125.000,4.800
2014-03-07 10:00:00,3.640,366.000,464.800,157.000,7.300
2014-03-07 11:00:00,3.450,435.000,508.800,175.000,9.300
2014-03-07 12:00:00,3.300,473.000,591.500,158.000,10.700
2014-03-07 13:00:00,3.540,468.000,645.400,137.000,12.000
2014-03-07 14:00:00,3.900,410.000,655.100,113.000,12.600
2014-03-07 15:00:00,4.050,299.000,541.800,105.000,12.700
2014-03-07 16:00:00,3.750,155.000,278.400,90.000,11.800
2014-03-07 17:00:00,3.820,34.000,20.400,32.000,10.800
2014-03-07 18:00:00,4.340,0.000,0.000,0.000,9.900
2014-03-07 19:00:00,5.270,0.000,0.000,0.000,9.300
2014-03-07 20:00:00,7.100,0.000,0.000,0.000,9.100
2014-03-07 21:00:00,6.700,0.000,0.000,0.000,9.000
2014-03-07 22:00:00,6.990,0.000,0.000,0.000,8.500
2014-03-07 23:00:00,6.830,0.000,0.000,0.000,8.500
2014-03-08 00:00:00,6.640,0.000,0.000,0.000,8.800
2014-03-08 01:00:00,5.310,0.000,0.000,0.000,7.800
2014-03-08 02:00:00,5.800,0.000,0.000,0.000,7.000
2014-03-08 03:00:00,6.080,0.000,0.000,0.000,6.100
2014-03-08 04:00:00,4.810,0.000,0.000,0.000,3.700
2014-03-08 05:00:00,3.910,0.000,0.000,0.000,2.500
2014-03-08 06:00:00,3.260,0.000,0.000,0.000,2.500
2014-03-08 07:00:00,2.900,50.000,235.800,27.000,2.400
2014-03-08 08:00:00,2.600,157.000,279.100,92.000,5.300
2014-03-08 09:00:00,2.020,255.000,281.500,154.000,7.400
2014-03-08 10:00:00,2.620,389.000,535.500,145.000,9.000
2014-03-08 11:00:00,2.480,508.000,779.800,105.000,10.500
2014-03-08 12:00:00,2.550,537.000,811.900,100.000,11.500
2014-03-08 13:00:00,2.620,512.000,798.600,98.000,12.500
2014-03-08 14:00:00,2.970,439.000,758.700,91.000,13.100
2014-03-08 15:00:00,3.640,328.000,682.800,80.000,13.200
2014-03-08 16:00:00,4.440,191.000,545.200,61.000,12.900
2014-03-08 17:00:00,6.160,58.000,307.700,27.000,11.300
2014-03-08 18:00:00,7.390,0.000,0.000,0.000,9.400
2014-03-08 19:00:00,8.070,0.000,0.000,0.000,8.300
2014-03-08 20:00:00,8.380,0.000,0.000,0.000,7.900
2014-03-08 21:00:00,8.320,0.000,0.000,0.000,7.700
2014-03-08 22:00:00,8.250,0.000,0.000,0.000,7.000
2014-03-08 23:00:00,8.130,0.000,0.000,0.000,6.300
2014-03-09 00:00:00,7.890,0.000,0.000,0.000,5.900
2014-03-09 01:00:00,7.710,0.000,0.000,0.000,5.400
2014-03-09 02:00:00,7.700,0.000,0.000,0.000,4.900
2014-03-09 03:00:00,7.810,0.000,0.000,0.000,4.600
2014-03-09 04:00:00,8.120,0.000,0.000,0.000,4.200
2014-03-09 05:00:00,8.220,0.000,0.000,0.000,4.000
2014-03-09 06:00:00,8.170,0.000,0.000,0.000,3.400
2014-03-09 07:00:00,7.810,58.000,317.900,26.000,4.800
2014-03-09 08:00:00,7.280,193.000,552.300,61.000,8.000
2014-03-09 09:00:00,5.730,332.000,690.700,80.000,11.000
2014-03-09 10:00:00,5.200,446.000,766.900,92.000,14.000
2014-03-09 11:00:00,4.700,519.000,805.500,98.000,16.200
2014-03-09 12:00:00,4.400,544.000,816.300,100.000,17.800
2014-03-09 13:00:00,4.520,519.000,803.600,98.000,19.000
2014-03-09 14:00:00,4.790,446.000,762.900,92.000,19.800
2014-03-09 15:00:00,5.350,334.000,689.600,80.000,20.000
2014-03-09 16:00:00,6.260,197.000,554.600,62.000,19.000
2014-03-09 17:00:00,7.350,62.000,329.300,28.000,16.700
2014-03-09 18:00:00,7.980,1.000,0.000,1.000,14.200
2014-03-09 19:00:00,8.140,0.000,0.000,0.000,13.100
2014-03-09 20:00:00,7.910,0.000,0.000,0.000,12.000
2014-03-09 21:00:00,7.500,0.000,0.000,0.000,10.900
2014-03-09 22:00:00,7.800,0.000,0.000,0.000,9.200
2014-03-09 23:00:00,7.710,0.000,0.000,0.000,8.100
2014-03-10 00:00:00,7.520,0.000,0.000,0.000,7.000
2014-03-10 01:00:00,7.220,0.000,0.000,0.000,5.700
2014-03-10 02:00:00,6.820,0.000,0.000,0.000,5.000
2014-03-10 03:00:00,6.320,0.000,0.000,0.000,4.100
2014-03-10 04:00:00,5.660,0.000,0.000,0.000,2.900
2014-03-10 05:00:00,3.800,0.000,0.000,0.000,3.200
2014-03-10 06:00:00,3.080,1.000,0.000,1.000,2.700
2014-03-10 07:00:00,3.260,63.000,337.200,28.000,3.400
2014-03-10 08:00:00,1.700,199.000,558.900,62.000,7.200
2014-03-10 09:00:00,1.200,336.000,690.200,80.000,10.400
2014-03-10 10:00:00,0.700,448.000,761.400,92.000,13.700
2014-03-10 11:00:00,0.710,520.000,796.500,99.000,16.200
2014-03-10 12:00:00,0.760,544.000,807.800,100.000,18.000
2014-03-10 13:00:00,0.410,519.000,793.300,99.000,19.200
2014-03-10 14:00:00,0.940,446.000,754.200,92.000,19.600
2014-03-10 15:00:00,1.660,335.000,680.100,81.000,19.600
2014-03-10 16:00:00,2.190,198.000,547.500,62.000,18.800
2014-03-10 17:00:00,2.190,64.000,330.900,29.000,17.100
2014-03-10 18:00:00,2.220,1.000,0.000,1.000,13.700
2014-03-10 19:00:00,3.000,0.000,0.000,0.000,10.900
2014-03-10 20:00:00,5.000,0.000,0.000,0.000,8.300
2014-03-10 21:00:00,6.740,0.000,0.000,0.000,8.300
2014-03-10 22:00:00,7.080,0.000,0.000,0.000,7.900
2014-03-10 23:00:00,7.420,0.000,0.000,0.000,7.600
2014-03-11 00:00:00,7.430,0.000,0.000,0.000,7.400
2014-03-11 01:00:00,7.470,0.000,0.000,0.000,6.500
2014-03-11 02:00:00,7.370,0.000,0.000,0.000,5.700
2014-03-11 03:00:00,7.080,0.000,0.000,0.000,5.300
2014-03-11 04:00:00,7.030,0.000,0.000,0.000,4.900
2014-03-11 05:00:00,6.660,0.000,0.000,0.000,4.400
2014-03-11 06:00:00,5.800,1.000,0.000,1.000,4.000
2014-03-11 07:00:00,5.810,29.000,18.700,27.000,4.700
2014-03-11 08:00:00,5.120,84.000,15.900,80.000,5.700
2014-03-11 09:00:00,4.620,156.000,31.800,144.000,6.400
2014-03-11 10:00:00,4.430,213.000,48.600,190.000,7.200
2014-03-11 11:00:00,3.830,282.000,74.800,242.000,8.300
2014-03-11 12:00:00,3.970,365.000,275.500,212.000,9.700
2014-03-11 13:00:00,4.190,394.000,344.000,210.000,11.100
2014-03-11 14:00:00,4.340,390.000,474.000,165.000,12.300
2014-03-11 15:00:00,4.760,285.000,443.700,117.000,12.800
2014-03-11 16:00:00,4.840,172.000,367.100,79.000,12.800
2014-03-11 17:00:00,5.400,63.000,295.500,31.000,11.500
2014-03-11 18:00:00,6.540,1.000,0.000,1.000,9.600
2014-03-11 19:00:00,7.320,0.000,0.000,0.000,8.400
2014-03-11 20:00:00,7.520,0.000,0.000,0.000,7.300
2014-03-11 21:00:00,7.120,0.000,0.000,0.000,6.600
2014-03-11 22:00:00,6.900,0.000,0.000,0.000,5.400
2014-03-11 23:00:00,6.670,0.000,0.000,0.000,4.700
2014-03-12 00:00:00,6.220,0.000,0.000,0.000,3.700
2014-03-12 01:00:00,5.970,0.000,0.000,0.000,2.900
2014-03-12 02:00:00,5.830,0.000,0.000,0.000,1.900
2014-03-12 03:00:00,5.500,0.000,0.000,0.000,1.300
2014-03-12 04:00:00,5.220,0.000,0.000,0.000,0.700
2014-03-12 05:00:00,4.920,0.000,0.000,0.000,0.500
2014-03-12 06:00:00,5.100,1.000,0.000,1.000,0.200
2014-03-12 07:00:00,5.000,70.000,341.900,32.000,1.200
2014-03-12 08:00:00,3.910,205.000,547.600,64.000,3.900
2014-03-12 09:00:00,3.300,342.000,675.900,83.000,6.300
2014-03-12 10:00:00,3.100,453.000,746.400,95.000,9.300
2014-03-12 11:00:00,3.300,524.000,782.900,101.000,11.600
2014-03-12 12:00:00,3.750,549.000,794.900,103.000,13.300
2014-03-12 13:00:00,4.110,524.000,782.700,101.000,14.200
2014-03-12 14:00:00,3.980,452.000,745.800,94.000,14.600
2014-03-12 15:00:00,3.580,341.000,674.900,82.000,14.800
2014-03-12 16:00:00,3.490,205.000,545.800,64.000,14.400
2014-03-12 17:00:00,4.440,70.000,347.300,31.000,13.200
2014-03-12 18:00:00,5.300,2.000,0.000,2.000,10.500
2014-03-12 19:00:00,5.880,0.000,0.000,0.000,8.600
2014-03-12 20:00:00,5.900,0.000,0.000,0.000,7.300
2014-03-12 21:00:00,5.690,0.000,0.000,0.000,6.000
2014-03-12 22:00:00,5.060,0.000,0.000,0.000,4.600
2014-03-12 23:00:00,5.020,0.000,0.000,0.000,3.600
2014-03-13 00:00:00,4.820,0.000,0.000,0.000,2.700
2014-03-13 01:00:00,4.280,0.000,0.000,0.000,1.900
2014-03-13 02:00:00,3.770,0.000,0.000,0.000,1.300
2014-03-13 03:00:00,3.580,0.000,0.000,0.000,0.500
2014-03-13 04:00:00,3.700,0.000,0.000,0.000,0.200
2014-03-13 05:00:00,3.860,0.000,0.000,0.000,-0.300
2014-03-13 06:00:00,3.410,2.000,0.000,2.000,-0.300
2014-03-13 07:00:00,2.530,75.000,357.800,33.000,1.400
2014-03-13 08:00:00,2.100,214.000,565.000,65.000,5.300
2014-03-13 09:00:00,1.170,352.000,690.900,83.000,8.500
2014-03-13 10:00:00,0.710,465.000,761.800,95.000,11.500
2014-03-13 11:00:00,1.000,538.000,800.100,101.000,13.500
2014-03-13 12:00:00,1.260,564.000,813.400,103.000,14.800
2014-03-13 13:00:00,1.600,539.000,802.200,101.000,15.800
2014-03-13 14:00:00,2.310,467.000,766.500,95.000,16.400
2014-03-13 15:00:00,2.970,354.000,694.300,84.000,16.400
2014-03-13 16:00:00,3.670,215.000,565.900,66.000,15.800
2014-03-13 17:00:00,4.550,76.000,358.700,34.000,14.000
2014-03-13 18:00:00,4.950,2.000,0.000,2.000,10.600
2014-03-13 19:00:00,5.200,0.000,0.000,0.000,8.700
2014-03-13 20:00:00,5.390,0.000,0.000,0.000,7.200
2014-03-13 21:00:00,5.550,0.000,0.000,0.000,6.200
2014-03-13 22:00:00,5.850,0.000,0.000,0.000,5.400
2014-03-13 23:00:00,5.580,0.000,0.000,0.000,4.600
2014-03-14 00:00:00,5.120,0.000,0.000,0.000,3.200
2014-03-14 01:00:00,5.090,0.000,0.000,0.000,2.700
2014-03-14 02:00:00,4.880,0.000,0.000,0.000,1.900
2014-03-14 03:00:00,4.670,0.000,0.000,0.000,1.300
2014-03-14 04:00:00,4.670,0.000,0.000,0.000,1.100
2014-03-14 05:00:00,4.170,0.000,0.000,0.000,1.000
2014-03-14 06:00:00,3.610,3.000,19.100,2.000,-0.000
2014-03-14 07:00:00,2.840,68.000,258.800,36.000,1.600
2014-03-14 08:00:00,1.530,150.000,207.400,94.000,2.800
2014-03-14 09:00:00,1.410,247.000,283.200,135.000,3.900
2014-03-14 10:00:00,1.400,359.000,349.800,187.000,4.900
2014-03-14 11:00:00,1.700,394.000,358.700,196.000,6.100
2014-03-14 12:00:00,2.090,525.000,653.400,151.000,7.600
2014-03-14 13:00:00,2.530,527.000,752.600,112.000,9.300
2014-03-14 14:00:00,2.560,464.000,754.200,94.000,10.500
2014-03-14 15:00:00,2.940,352.000,680.300,84.000,11.200
2014-03-14 16:00:00,3.610,206.000,481.000,77.000,11.400
2014-03-14 17:00:00,4.570,68.000,180.400,46.000,10.200
2014-03-14 18:00:00,6.450,2.000,0.000,2.000,8.500
2014-03-14 19:00:00,7.890,0.000,0.000,0.000,7.700
2014-03-14 20:00:00,9.120,0.000,0.000,0.000,7.600
2014-03-14 21:00:00,10.180,0.000,0.000,0.000,8.100
2014-03-14 22:00:00,11.020,0.000,0.000,0.000,8.600
2014-03-14 23:00:00,11.620,0.000,0.000,0.000,8.800
2014-03-15 00:00:00,12.020,0.000,0.000,0.000,9.000
2014-03-15 01:00:00,12.630,0.000,0.000,0.000,9.100
2014-03-15 02:00:00,13.020,0.000,0.000,0.000,9.000
2014-03-15 03:00:00,12.660,0.000,0.000,0.000,8.400
2014-03-15 04:00:00,12.730,0.000,0.000,0.000,7.300
2014-03-15 05:00:00,12.870,0.000,0.000,0.000,7.000
2014-03-15 06:00:00,13.170,1.000,0.000,1.000,6.600
2014-03-15 07:00:00,12.710,31.000,7.700,30.000,6.800
2014-03-15 08:00:00,11.930,116.000,97.700,89.000,7.300
2014-03-15 09:00:00,14.890,208.000,184.200,134.000,7.500
2014-03-15 10:00:00,12.330,288.000,295.300,141.000,8.400
2014-03-15 11:00:00,11.520,389.000,471.400,126.000,9.000
2014-03-15 12:00:00,11.800,389.000,432.500,139.000,9.300
2014-03-15 13:00:00,11.280,389.000,484.800,119.000,9.500
2014-03-15 14:00:00,12.030,379.000,469.900,146.000,9.800
2014-03-15 15:00:00,11.640,256.000,310.700,132.000,9.000
2014-03-15 16:00:00,10.300,177.000,355.100,80.000,8.800
2014-03-15 17:00:00,10.530,65.000,221.000,37.000,8.100
2014-03-15 18:00:00,9.630,2.000,0.000,2.000,7.800
2014-03-15 19:00:00,10.130,0.000,0.000,0.000,7.500
2014-03-15 20:00:00,10.310,0.000,0.000,0.000,7.500
2014-03-15 21:00:00,10.850,0.000,0.000,0.000,7.500
2014-03-15 22:00:00,11.360,0.000,0.000,0.000,7.400
2014-03-15 23:00:00,13.000,0.000,0.000,0.000,7.300
2014-03-16 00:00:00,13.940,0.000,0.000,0.000,7.400
2014-03-16 01:00:00,13.710,0.000,0.000,0.000,7.700
2014-03-16 02:00:00,13.440,0.000,0.000,0.000,8.300
2014-03-16 03:00:00,13.420,0.000,0.000,0.000,8.700
2014-03-16 04:00:00,13.660,0.000,0.000,0.000,8.900
2014-03-16 05:00:00,13.750,0.000,0.000,0.000,9.000
2014-03-16 06:00:00,13.630,0.000,0.000,0.000,9.100
2014-03-16 07:00:00,13.400,10.000,0.000,10.000,9.200
2014-03-16 08:00:00,13.320,22.000,0.000,22.000,9.300
2014-03-16 09:00:00,13.420,51.000,2.500,50.000,9.600
2014-03-16 10:00:00,12.330,88.000,9.900,83.000,10.200
2014-03-16 11:00:00,14.680,144.000,3.500,142.000,10.600
2014-03-16 12:00:00,14.920,135.000,5.100,132.000,10.700
2014-03-16 13:00:00,14.690,136.000,12.400,129.000,10.800
2014-03-16 14:00:00,13.950,115.000,16.000,107.000,10.900
2014-03-16 15:00:00,12.060,75.000,4.900,73.000,10.700
2014-03-16 16:00:00,11.120,46.000,3.600,45.000,10.600
2014-03-16 17:00:00,10.760,16.000,0.000,16.000,10.300
2014-03-16 18:00:00,10.630,1.000,0.000,1.000,10.100
2014-03-16 19:00:00,10.850,0.000,0.000,0.000,9.900
2014-03-16 20:00:00,10.850,0.000,0.000,0.000,9.800
2014-03-16 21:00:00,10.610,0.000,0.000,0.000,9.400
2014-03-16 22:00:00,10.030,0.000,0.000,0.000,9.000
2014-03-16 23:00:00,10.310,0.000,0.000,0.000,8.900
2014-03-17 00:00:00,10.160,0.000,0.000,0.000,9.000
2014-03-17 01:00:00,10.120,0.000,0.000,0.000,9.000
2014-03-17 02:00:00,10.210,0.000,0.000,0.000,9.300
2014-03-17 03:00:00,10.000,0.000,0.000,0.000,9.400
2014-03-17 04:00:00,9.910,0.000,0.000,0.000,9.400
2014-03-17 05:00:00,10.120,0.000,0.000,0.000,9.500
2014-03-17 06:00:00,10.210,1.000,0.000,1.000,9.500
2014-03-17 07:00:00,10.100,13.000,7.000,12.000,9.600
2014-03-17 08:00:00,9.800,43.000,0.000,43.000,9.900
2014-03-17 09:00:00,10.500,66.000,2.400,65.000,10.200
2014-03-17 10:00:00,10.610,197.000,135.400,128.000,10.800
2014-03-17 11:00:00,10.640,182.000,61.400,147.000,10.800
2014-03-17 12:00:00,10.560,208.000,93.300,153.000,10.900
2014-03-17 13:00:00,10.480,230.000,107.400,169.000,11.300
2014-03-17 14:00:00,8.510,154.000,27.700,140.000,11.300
2014-03-17 15:00:00,7.610,130.000,85.500,95.000,11.200
2014-03-17 16:00:00,8.510,75.000,42.400,63.000,11.000
2014-03-17 17:00:00,7.800,34.000,7.300,33.000,10.800
2014-03-17 18:00:00,7.500,2.000,0.000,2.000,10.300
2014-03-17 19:00:00,7.400,0.000,0.000,0.000,10.000
2014-03-17 20:00:00,7.300,0.000,0.000,0.000,9.800
2014-03-17 21:00:00,7.100,0.000,0.000,0.000,9.700
2014-03-17 22:00:00,7.140,0.000,0.000,0.000,9.300
2014-03-17 23:00:00,7.470,0.000,0.000,0.000,9.000
2014-03-18 00:00:00,7.670,0.000,0.000,0.000,8.800
2014-03-18 01:00:00,7.640,0.000,0.000,0.000,8.800
2014-03-18 02:00:00,7.470,0.000,0.000,0.000,8.700
2014-03-18 03:00:00,7.270,0.000,0.000,0.000,8.500
2014-03-18 04:00:00,7.320,0.000,0.000,0.000,8.400
2014-03-18 05:00:00,7.380,0.000,0.000,0.000,8.300
2014-03-18 06:00:00,7.610,3.000,0.000,3.000,8.100
2014-03-18 07:00:00,7.480,43.000,13.400,41.000,8.300
2014-03-18 08:00:00,7.160,121.000,91.500,94.000,8.900
2014-03-18 09:00:00,8.230,243.000,261.800,133.000,9.300
2014-03-18 10:00:00,8.200,260.000,240.400,136.000,10.300
2014-03-18 11:00:00,9.120,225.000,57.400,192.000,10.400
2014-03-18 12:00:00,9.420,144.000,5.000,141.000,10.200
2014-03-18 13:00:00,8.540,147.000,27.900,131.000,10.100
2014-03-18 14:00:00,8.760,158.000,54.700,130.000,10.200
2014-03-18 15:00:00,7.690,120.000,33.800,106.000,10.000
2014-03-18 16:00:00,7.780,69.000,48.600,55.000,9.900
2014-03-18 17:00:00,8.100,26.000,42.500,20.000,9.600
2014-03-18 18:00:00,9.010,2.000,0.000,2.000,9.200
2014-03-18 19:00:00,9.200,0.000,0.000,0.000,8.900
2014-03-18 20:00:00,9.630,0.000,0.000,0.000,8.600
2014-03-18 21:00:00,9.140,0.000,0.000,0.000,8.000
2014-03-18 22:00:00,8.960,0.000,0.000,0.000,7.600
2014-03-18 23:00:00,8.960,0.000,0.000,0.000,7.400
2014-03-19 00:00:00,10.480,0.000,0.000,0.000,7.800
2014-03-19 01:00:00,11.010,0.000,0.000,0.000,7.900
2014-03-19 02:00:00,11.530,0.000,0.000,0.000,8.100
2014-03-19 03:00:00,11.030,0.000,0.000,0.000,8.100
2014-03-19 04:00:00,10.510,0.000,0.000,0.000,8.100
2014-03-19 05:00:00,10.790,0.000,0.000,0.000,8.300
2014-03-19 06:00:00,10.740,3.000,0.000,3.000,8.400
2014-03-19 07:00:00,10.510,16.000,6.400,15.000,8.700
2014-03-19 08:00:00,10.520,66.000,39.800,54.000,9.200
2014-03-19 09:00:00,11.540,136.000,46.900,116.000,9.500
2014-03-19 10:00:00,11.210,276.000,210.800,166.000,9.900
2014-03-19 11:00:00,11.760,274.000,151.400,186.000,10.500
2014-03-19 12:00:00,9.870,164.000,15.000,155.000,10.900
2014-03-19 13:00:00,11.550,146.000,29.400,129.000,11.700
2014-03-19 14:00:00,10.730,300.000,245.800,173.000,13.300
2014-03-19 15:00:00,10.760,104.000,11.900,99.000,13.400
2014-03-19 16:00:00,10.340,97.000,47.800,83.000,13.800
2014-03-19 17:00:00,9.750,72.000,130.300,53.000,13.500
2014-03-19 18:00:00,9.700,6.000,19.100,5.000,12.300
2014-03-19 19:00:00,10.040,0.000,0.000,0.000,11.900
2014-03-19 20:00:00,10.310,0.000,0.000,0.000,11.700
2014-03-19 21:00:00,10.330,0.000,0.000,0.000,11.500
2014-03-19 22:00:00,10.720,0.000,0.000,0.000,11.100
2014-03-19 23:00:00,10.500,0.000,0.000,0.000,10.700
2014-03-20 00:00:00,10.180,0.000,0.000,0.000,10.300
2014-03-20 01:00:00,9.740,0.000,0.000,0.000,9.900
2014-03-20 02:00:00,9.270,0.000,0.000,0.000,9.400
2014-03-20 03:00:00,8.840,0.000,0.000,0.000,8.800
2014-03-20 04:00:00,8.410,0.000,0.000,0.000,8.400
2014-03-20 05:00:00,8.360,0.000,0.000,0.000,7.900
2014-03-20 06:00:00,8.200,11.000,69.200,7.000,7.600
2014-03-20 07:00:00,7.910,109.000,396.500,45.000,8.900
2014-03-20 08:00:00,6.870,257.000,598.600,73.000,11.000
2014-03-20 09:00:00,6.720,397.000,710.200,90.000,12.700
2014-03-20 10:00:00,5.690,506.000,754.300,108.000,14.900
2014-03-20 11:00:00,5.910,569.000,763.400,121.000,16.600
2014-03-20 12:00:00,5.920,600.000,795.400,118.000,18.000
2014-03-20 13:00:00,6.090,551.000,690.300,148.000,19.100
2014-03-20 14:00:00,6.640,441.000,490.700,185.000,19.500
2014-03-20 15:00:00,7.500,350.000,502.300,137.000,19.600
2014-03-20 16:00:00,8.300,214.000,366.500,105.000,19.100
2014-03-20 17:00:00,9.120,84.000,152.800,61.000,18.100
2014-03-20 18:00:00,10.140,7.000,19.100,6.000,16.500
2014-03-20 19:00:00,11.040,0.000,0.000,0.000,15.900
2014-03-20 20:00:00,11.280,0.000,0.000,0.000,15.700
2014-03-20 21:00:00,11.320,0.000,0.000,0.000,15.500
2014-03-20 22:00:00,12.400,0.000,0.000,0.000,15.100
2014-03-20 23:00:00,11.180,0.000,0.000,0.000,14.900
2014-03-21 00:00:00,10.460,0.000,0.000,0.000,14.200
2014-03-21 01:00:00,9.510,0.000,0.000,0.000,13.900
2014-03-21 02:00:00,8.980,0.000,0.000,0.000,13.300
2014-03-21 03:00:00,8.770,0.000,0.000,0.000,13.100
2014-03-21 04:00:00,8.290,0.000,0.000,0.000,12.600
2014-03-21 05:00:00,7.820,0.000,0.000,0.000,12.500
2014-03-21 06:00:00,7.400,9.000,0.000,9.000,12.400
2014-03-21 07:00:00,7.390,63.000,59.600,53.000,13.000
2014-03-21 08:00:00,6.790,154.000,121.200,116.000,14.000
2014-03-21 09:00:00,8.280,256.000,189.400,173.000,14.900
2014-03-21 10:00:00,8.130,382.000,329.900,206.000,15.700
2014-03-21 11:00:00,9.900,402.000,322.300,211.000,16.200
2014-03-21 12:00:00,11.670,420.000,322.200,223.000,16.700
2014-03-21 13:00:00,13.340,283.000,147.700,196.000,15.100
2014-03-21 14:00:00,13.210,85.000,7.600,81.000,12.800
2014-03-21 15:00:00,12.260,139.000,49.000,118.000,12.300
2014-03-21 16:00:00,10.150,101.000,105.900,69.000,10.000
2014-03-21 17:00:00,7.690,26.000,12.900,24.000,8.000
2014-03-21 18:00:00,6.320,4.000,0.000,4.000,6.600
2014-03-21 19:00:00,6.070,0.000,0.000,0.000,5.900
2014-03-21 20:00:00,5.390,0.000,0.000,0.000,5.300
2014-03-21 21:00:00,4.460,0.000,0.000,0.000,4.300
2014-03-21 22:00:00,3.940,0.000,0.000,0.000,3.100
2014-03-21 23:00:00,3.690,0.000,0.000,0.000,3.000
2014-03-22 00:00:00,4.130,0.000,0.000,0.000,3.300
2014-03-22 01:00:00,5.000,0.000,0.000,0.000,3.500
2014-03-22 02:00:00,4.730,0.000,0.000,0.000,3.200
2014-03-22 03:00:00,4.750,0.000,0.000,0.000,3.200
2014-03-22 04:00:00,4.960,0.000,0.000,0.000,3.500
2014-03-22 05:00:00,5.160,0.000,0.000,0.000,3.900
2014-03-22 06:00:00,5.470,7.000,0.000,7.000,4.400
2014-03-22 07:00:00,5.780,64.000,5.800,63.000,5.300
2014-03-22 08:00:00,5.280,158.000,78.200,133.000,6.700
2014-03-22 09:00:00,5.640,192.000,69.800,161.000,8.200
2014-03-22 10:00:00,6.420,282.000,127.900,213.000,9.600
2014-03-22 11:00:00,6.310,312.000,127.100,236.000,10.900
2014-03-22 12:00:00,8.150,347.000,118.300,274.000,11.900
2014-03-22 13:00:00,6.080,247.000,106.000,184.000,11.900
2014-03-22 14:00:00,6.590,271.000,95.900,220.000,11.900
2014-03-22 15:00:00,6.800,218.000,138.300,158.000,11.800
2014-03-22 16:00:00,6.220,150.000,101.000,119.000,11.400
2014-03-22 17:00:00,6.170,69.000,62.500,59.000,10.600
2014-03-22 18:00:00,6.320,6.000,0.000,6.000,8.800
2014-03-22 19:00:00,6.960,0.000,0.000,0.000,7.600
2014-03-22 20:00:00,6.230,0.000,0.000,0.000,6.900
2014-03-22 21:00:00,6.310,0.000,0.000,0.000,6.200
2014-03-22 22:00:00,7.110,0.000,0.000,0.000,5.200
2014-03-22 23:00:00,7.000,0.000,0.000,0.000,4.500
2014-03-23 00:00:00,6.400,0.000,0.000,0.000,4.100
2014-03-23 01:00:00,6.220,0.000,0.000,0.000,3.300
2014-03-23 02:00:00,6.160,0.000,0.000,0.000,2.900
2014-03-23 03:00:00,6.080,0.000,0.000,0.000,2.600
2014-03-23 04:00:00,6.680,0.000,0.000,0.000,2.400
2014-03-23 05:00:00,6.500,0.000,0.000,0.000,2.300
2014-03-23 06:00:00,6.240,15.000,44.600,12.000,2.700
2014-03-23 07:00:00,6.080,101.000,238.800,58.000,3.700
2014-03-23 08:00:00,7.170,210.000,303.900,111.000,5.500
2014-03-23 09:00:00,6.960,217.000,171.000,140.000,6.700
2014-03-23 10:00:00,5.460,322.000,284.400,167.000,7.700
2014-03-23 11:00:00,5.360,377.000,276.600,210.000,8.500
2014-03-23 12:00:00,4.800,400.000,242.700,249.000,9.100
2014-03-23 13:00:00,4.430,362.000,231.900,223.000,9.700
2014-03-23 14:00:00,3.960,340.000,231.000,216.000,10.000
2014-03-23 15:00:00,3.380,292.000,271.300,173.000,10.000
2014-03-23 16:00:00,3.490,168.000,195.700,107.000,9.600
2014-03-23 17:00:00,4.410,90.000,200.500,57.000,8.500
2014-03-23 18:00:00,4.880,10.000,16.800,9.000,6.600
2014-03-23 19:00:00,3.640,0.000,0.000,0.000,5.800
2014-03-23 20:00:00,2.820,0.000,0.000,0.000,4.700
2014-03-23 21:00:00,3.700,0.000,0.000,0.000,4.000
2014-03-23 22:00:00,4.970,0.000,0.000,0.000,3.200
2014-03-23 23:00:00,4.740,0.000,0.000,0.000,2.500
2014-03-24 00:00:00,4.080,0.000,0.000,0.000,1.900
2014-03-24 01:00:00,4.270,0.000,0.000,0.000,1.800
2014-03-24 02:00:00,4.410,0.000,0.000,0.000,1.800
2014-03-24 03:00:00,3.640,0.000,0.000,0.000,1.700
2014-03-24 04:00:00,3.520,0.000,0.000,0.000,1.500
2014-03-24 05:00:00,3.400,0.000,0.000,0.000,0.800
2014-03-24 06:00:00,3.770,17.000,85.400,11.000,1.700
2014-03-24 07:00:00,3.140,67.000,59.100,56.000,2.400
2014-03-24 08:00:00,2.530,184.000,174.800,126.000,3.800
2014-03-24 09:00:00,2.440,285.000,260.900,166.000,5.200
2014-03-24 10:00:00,1.770,404.000,446.600,158.000,6.600
2014-03-24 11:00:00,2.140,492.000,526.900,171.000,7.600
2014-03-24 12:00:00,2.530,528.000,570.500,170.000,8.000
2014-03-24 13:00:00,3.100,548.000,655.100,152.000,8.500
2014-03-24 14:00:00,3.610,443.000,476.300,185.000,8.800
2014-03-24 15:00:00,3.890,318.000,383.400,148.000,8.400
2014-03-24 16:00:00,4.580,207.000,309.800,109.000,8.100
2014-03-24 17:00:00,4.120,87.000,177.300,57.000,7.200
2014-03-24 18:00:00,4.300,10.000,48.600,7.000,5.100
2014-03-24 19:00:00,3.740,0.000,0.000,0.000,3.800
2014-03-24 20:00:00,3.110,0.000,0.000,0.000,3.500
2014-03-24 21:00:00,2.220,0.000,0.000,0.000,3.000
2014-03-24 22:00:00,1.560,0.000,0.000,0.000,2.000
2014-03-24 23:00:00,2.150,0.000,0.000,0.000,1.000
2014-03-25 00:00:00,4.160,0.000,0.000,0.000,0.500
2014-03-25 01:00:00,4.180,0.000,0.000,0.000,0.800
2014-03-25 02:00:00,3.880,0.000,0.000,0.000,0.300
2014-03-25 03:00:00,3.700,0.000,0.000,0.000,-0.000
2014-03-25 04:00:00,3.550,0.000,0.000,0.000,-0.300
2014-03-25 05:00:00,3.230,0.000,0.000,0.000,-0.300
2014-03-25 06:00:00,2.790,15.000,27.300,13.000,-0.000
2014-03-25 07:00:00,2.250,127.000,338.100,62.000,1.000
2014-03-25 08:00:00,1.300,268.000,544.700,84.000,3.700
2014-03-25 09:00:00,1.320,408.000,642.900,111.000,5.700
2014-03-25 10:00:00,0.950,477.000,616.400,134.000,7.600
2014-03-25 11:00:00,1.390,536.000,610.100,161.000,8.200
2014-03-25 12:00:00,1.920,569.000,652.600,156.000,8.600
2014-03-25 13:00:00,2.610,557.000,628.300,174.000,9.100
2014-03-25 14:00:00,3.020,447.000,494.000,177.000,9.100
2014-03-25 15:00:00,3.180,342.000,437.300,146.000,9.300
2014-03-25 16:00:00,3.810,231.000,392.500,105.000,8.400
2014-03-25 17:00:00,3.310,93.000,247.400,50.000,6.900
2014-03-25 18:00:00,2.410,12.000,62.500,8.000,5.400
2014-03-25 19:00:00,2.640,0.000,0.000,0.000,4.100
2014-03-25 20:00:00,3.540,0.000,0.000,0.000,3.000
2014-03-25 21:00:00,4.370,0.000,0.000,0.000,3.000
2014-03-25 22:00:00,4.020,0.000,0.000,0.000,2.200
2014-03-25 23:00:00,3.910,0.000,0.000,0.000,1.900
2014-03-26 00:00:00,4.080,0.000,0.000,0.000,1.600
2014-03-26 01:00:00,3.890,0.000,0.000,0.000,1.400
2014-03-26 02:00:00,3.620,0.000,0.000,0.000,1.000
2014-03-26 03:00:00,2.200,0.000,0.000,0.000,0.900
2014-03-26 04:00:00,1.400,0.000,0.000,0.000,0.800
2014-03-26 05:00:00,2.130,0.000,0.000,0.000,0.300
2014-03-26 06:00:00,2.920,22.000,52.400,18.000,0.400
2014-03-26 07:00:00,3.040,121.000,252.100,71.000,2.000
2014-03-26 08:00:00,2.200,271.000,506.300,97.000,4.600
2014-03-26 09:00:00,2.430,413.000,632.800,117.000,6.500
2014-03-26 10:00:00,3.490,523.000,699.300,130.000,8.200
2014-03-26 11:00:00,3.720,606.000,759.600,135.000,9.200
2014-03-26 12:00:00,3.880,609.000,711.600,155.000,9.800
2014-03-26 13:00:00,3.890,563.000,652.500,162.000,10.300
2014-03-26 14:00:00,4.240,495.000,636.500,144.000,10.600
2014-03-26 15:00:00,5.060,378.000,583.000,114.000,10.500
2014-03-26 16:00:00,6.020,239.000,454.500,91.000,10.200
2014-03-26 17:00:00,6.410,117.000,353.100,54.000,9.500
2014-03-26 18:00:00,7.410,14.000,60.300,10.000,8.100
2014-03-26 19:00:00,8.100,0.000,0.000,0.000,7.100
2014-03-26 20:00:00,8.510,0.000,0.000,0.000,6.800
2014-03-26 21:00:00,8.810,0.000,0.000,0.000,6.500
2014-03-26 22:00:00,9.420,0.000,0.000,0.000,5.900
2014-03-26 23:00:00,8.970,0.000,0.000,0.000,5.400
2014-03-27 00:00:00,8.460,0.000,0.000,0.000,4.900
2014-03-27 01:00:00,8.200,0.000,0.000,0.000,4.300
2014-03-27 02:00:00,8.410,0.000,0.000,0.000,3.800
2014-03-27 03:00:00,8.540,0.000,0.000,0.000,3.400
2014-03-27 04:00:00,8.370,0.000,0.000,0.000,3.100
2014-03-27 05:00:00,8.530,0.000,0.000,0.000,3.000
2014-03-27 06:00:00,8.770,25.000,75.500,19.000,3.200
2014-03-27 07:00:00,8.670,128.000,249.600,77.000,4.200
2014-03-27 08:00:00,8.270,258.000,369.000,129.000,5.700
2014-03-27 09:00:00,8.150,415.000,608.200,127.000,7.300
2014-03-27 10:00:00,9.040,534.000,701.200,136.000,9.400
2014-03-27 11:00:00,9.260,617.000,799.500,117.000,10.700
2014-03-27 12:00:00,8.180,604.000,691.900,159.000,11.500
2014-03-27 13:00:00,8.080,600.000,774.800,120.000,12.200
2014-03-27 14:00:00,7.610,533.000,767.700,106.000,12.300
2014-03-27 15:00:00,7.310,403.000,662.200,100.000,12.200
2014-03-27 16:00:00,7.310,270.000,569.300,82.000,12.000
2014-03-27 17:00:00,7.230,123.000,393.500,51.000,11.100
2014-03-27 18:00:00,7.280,17.000,102.100,10.000,9.600
2014-03-27 19:00:00,7.570,0.000,0.000,0.000,8.300
2014-03-27 20:00:00,8.080,0.000,0.000,0.000,7.500
2014-03-27 21:00:00,8.440,0.000,0.000,0.000,7.000
2014-03-27 22:00:00,8.670,0.000,0.000,0.000,5.900
2014-03-27 23:00:00,8.650,0.000,0.000,0.000,5.100
2014-03-28 00:00:00,8.420,0.000,0.000,0.000,4.400
2014-03-28 01:00:00,8.110,0.000,0.000,0.000,3.900
2014-03-28 02:00:00,8.010,0.000,0.000,0.000,3.600
2014-03-28 03:00:00,8.130,0.000,0.000,0.000,3.400
2014-03-28 04:00:00,8.130,0.000,0.000,0.000,3.200
2014-03-28 05:00:00,8.020,0.000,0.000,0.000,3.300
2014-03-28 06:00:00,7.610,30.000,169.700,16.000,3.500
2014-03-28 07:00:00,6.820,144.000,347.000,71.000,4.100
2014-03-28 08:00:00,6.800,250.000,309.400,140.000,5.100
2014-03-28 09:00:00,6.300,327.000,237.900,213.000,6.200
2014-03-28 10:00:00,5.640,411.000,291.400,244.000,7.600
2014-03-28 11:00:00,5.510,399.000,204.500,270.000,8.300
2014-03-28 12:00:00,5.300,327.000,148.100,231.000,8.500
2014-03-28 13:00:00,5.510,397.000,270.600,228.000,9.200
2014-03-28 14:00:00,6.140,319.000,142.600,239.000,9.400
2014-03-28 15:00:00,6.820,201.000,82.200,163.000,9.100
2014-03-28 16:00:00,6.490,109.000,23.900,101.000,8.700
2014-03-28 17:00:00,7.100,43.000,26.700,38.000,8.100
2014-03-28 18:00:00,6.320,6.000,14.100,5.000,7.900
2014-03-28 19:00:00,5.970,0.000,0.000,0.000,7.900
2014-03-28 20:00:00,5.920,0.000,0.000,0.000,6.800
2014-03-28 21:00:00,5.600,0.000,0.000,0.000,6.800
2014-03-28 22:00:00,5.570,0.000,0.000,0.000,6.900
2014-03-28 23:00:00,5.730,0.000,0.000,0.000,6.600
2014-03-29 00:00:00,6.310,0.000,0.000,0.000,6.100
2014-03-29 01:00:00,6.800,0.000,0.000,0.000,5.900
2014-03-29 02:00:00,6.950,0.000,0.000,0.000,5.600
2014-03-29 03:00:00,6.800,0.000,0.000,0.000,5.600
2014-03-29 04:00:00,6.500,0.000,0.000,0.000,5.500
2014-03-29 05:00:00,6.140,0.000,0.000,0.000,5.200
2014-03-29 06:00:00,5.640,33.000,187.100,17.000,5.000
2014-03-29 07:00:00,4.340,151.000,425.100,59.000,5.900
2014-03-29 08:00:00,3.890,238.000,351.400,111.000,7.100
2014-03-29 09:00:00,3.940,393.000,499.000,151.000,8.700
2014-03-29 10:00:00,3.860,556.000,763.800,114.000,10.300
2014-03-29 11:00:00,3.560,636.000,833.200,106.000,12.500
2014-03-29 12:00:00,3.240,654.000,834.100,109.000,14.500
2014-03-29 13:00:00,3.360,624.000,821.400,107.000,15.900
2014-03-29 14:00:00,3.980,548.000,788.300,102.000,16.700
2014-03-29 15:00:00,4.770,431.000,726.100,92.000,16.800
2014-03-29 16:00:00,5.160,288.000,624.600,76.000,16.400
2014-03-29 17:00:00,5.940,138.000,452.900,51.000,15.400
2014-03-29 18:00:00,6.760,22.000,136.700,12.000,13.300
2014-03-29 19:00:00,7.280,0.000,0.000,0.000,11.200
2014-03-29 20:00:00,7.120,0.000,0.000,0.000,9.900
2014-03-29 21:00:00,6.580,0.000,0.000,0.000,8.700
2014-03-29 22:00:00,6.390,0.000,0.000,0.000,7.800
2014-03-29 23:00:00,6.360,0.000,0.000,0.000,7.100
2014-03-30 00:00:00,6.170,0.000,0.000,0.000,6.500
2014-03-30 01:00:00,5.770,0.000,0.000,0.000,5.700
2014-03-30 02:00:00,5.460,0.000,0.000,0.000,5.500
2014-03-30 03:00:00,5.080,0.000,0.000,0.000,4.600
2014-03-30 04:00:00,4.840,0.000,0.000,0.000,3.900
2014-03-30 05:00:00,4.570,0.000,0.000,0.000,3.300
2014-03-30 06:00:00,4.220,36.000,203.200,18.000,4.100
2014-03-30 07:00:00,3.530,155.000,418.000,62.000,5.900
2014-03-30 08:00:00,2.570,271.000,457.300,103.000,8.400
2014-03-30 09:00:00,2.330,411.000,576.700,128.000,10.900
2014-03-30 10:00:00,2.330,560.000,772.000,109.000,13.600
2014-03-30 11:00:00,2.040,628.000,806.000,111.000,16.100
2014-03-30 12:00:00,1.900,651.000,821.600,110.000,17.900
2014-03-30 13:00:00,1.630,620.000,800.900,112.000,18.800
2014-03-30 14:00:00,0.940,535.000,752.000,106.000,19.200
2014-03-30 15:00:00,0.410,345.000,460.300,128.000,19.200
2014-03-30 16:00:00,0.670,228.000,407.000,88.000,18.800
2014-03-30 17:00:00,1.060,120.000,320.400,57.000,17.800
2014-03-30 18:00:00,1.350,21.000,106.100,13.000,15.800
2014-03-30 19:00:00,1.350,0.000,0.000,0.000,13.300
2014-03-30 20:00:00,0.940,0.000,0.000,0.000,12.200
2014-03-30 21:00:00,0.760,0.000,0.000,0.000,11.100
2014-03-30 22:00:00,1.000,0.000,0.000,0.000,10.500
2014-03-30 23:00:00,2.140,0.000,0.000,0.000,8.300
2014-03-31 00:00:00,2.970,0.000,0.000,0.000,7.100
2014-03-31 01:00:00,3.670,0.000,0.000,0.000,6.100
2014-03-31 02:00:00,4.440,0.000,0.000,0.000,6.100
2014-03-31 03:00:00,4.310,0.000,0.000,0.000,6.000
2014-03-31 04:00:00,4.080,0.000,0.000,0.000,5.100
2014-03-31 05:00:00,4.070,0.000,0.000,0.000,4.900
2014-03-31 06:00:00,3.800,38.000,207.400,19.000,5.600
2014-03-31 07:00:00,2.660,94.000,78.800,76.000,6.400
2014-03-31 08:00:00,2.180,157.000,93.800,122.000,8.000
2014-03-31 09:00:00,2.220,313.000,251.800,188.000,9.900
2014-03-31 10:00:00,2.020,473.000,469.800,196.000,10.400
2014-03-31 11:00:00,2.020,600.000,725.300,131.000,12.600
2014-03-31 12:00:00,1.940,647.000,794.200,120.000,14.300
2014-03-31 13:00:00,1.500,593.000,732.200,125.000,15.500
2014-03-31 14:00:00,1.530,474.000,575.400,143.000,15.900
2014-03-31 15:00:00,1.840,330.000,453.700,114.000,16.000
2014-03-31 16:00:00,2.280,259.000,441.900,105.000,15.800
2014-03-31 17:00:00,2.750,120.000,238.600,72.000,14.700
2014-03-31 18:00:00,3.210,23.000,77.300,17.000,12.800
2014-03-31 19:00:00,3.470,0.000,0.000,0.000,10.700
2014-03-31 20:00:00,3.220,0.000,0.000,0.000,9.200
2014-03-31 21:00:00,3.050,0.000,0.000,0.000,8.500
2014-03-31 22:00:00,3.040,0.000,0.000,0.000,7.400
2014-03-31 23:00:00,2.720,0.000,0.000,0.000,6.300
2014-04-01 00:00:00,2.240,0.000,0.000,0.000,5.800
2014-04-01 01:00:00,2.410,0.000,0.000,0.000,5.300
2014-04-01 02:00:00,2.330,0.000,0.000,0.000,4.800
2014-04-01 03:00:00,2.120,0.000,0.000,0.000,4.800
2014-04-01 04:00:00,2.140,0.000,0.000,0.000,4.600
2014-04-01 05:00:00,2.520,0.000,0.000,0.000,4.500
2014-04-01 06:00:00,2.920,42.000,211.300,22.000,5.400
2014-04-01 07:00:00,3.860,165.000,409.300,69.000,7.400
2014-04-01 08:00:00,3.550,293.000,453.700,121.000,9.600
2014-04-01 09:00:00,3.400,398.000,446.100,174.000,11.600
2014-04-01 10:00:00,3.670,418.000,393.200,184.000,13.600
2014-04-01 11:00:00,3.360,555.000,579.800,177.000,15.300
2014-04-01 12:00:00,3.530,519.000,441.200,224.000,16.000
2014-04-01 13:00:00,3.850,434.000,346.300,211.000,16.500
2014-04-01 14:00:00,3.890,420.000,341.400,222.000,16.800
2014-04-01 15:00:00,4.110,224.000,185.200,135.000,16.200
2014-04-01 16:00:00,4.710,178.000,113.300,138.000,15.600
2014-04-01 17:00:00,5.120,84.000,43.800,75.000,14.700
2014-04-01 18:00:00,6.460,18.000,12.500,17.000,13.500
2014-04-01 19:00:00,7.560,0.000,0.000,0.000,12.200
2014-04-01 20:00:00,7.560,0.000,0.000,0.000,11.800
2014-04-01 21:00:00,7.080,0.000,0.000,0.000,11.300
2014-04-01 22:00:00,6.720,0.000,0.000,0.000,11.000
2014-04-01 23:00:00,6.900,0.000,0.000,0.000,10.300
2014-04-02 00:00:00,6.650,0.000,0.000,0.000,9.600
2014-04-02 01:00:00,6.010,0.000,0.000,0.000,9.100
2014-04-02 02:00:00,5.730,0.000,0.000,0.000,8.300
2014-04-02 03:00:00,5.660,0.000,0.000,0.000,7.800
2014-04-02 04:00:00,5.300,0.000,0.000,0.000,7.300
2014-04-02 05:00:00,5.020,0.000,0.000,0.000,6.900
2014-04-02 06:00:00,4.880,47.000,225.300,25.000,7.000
2014-04-02 07:00:00,3.890,163.000,353.300,78.000,8.900
2014-04-02 08:00:00,2.720,303.000,465.000,124.000,11.200
2014-04-02 09:00:00,2.420,435.000,557.400,152.000,13.000
2014-04-02 10:00:00,2.620,545.000,632.800,165.000,15.800
2014-04-02 11:00:00,2.360,618.000,706.100,154.000,17.800
2014-04-02 12:00:00,2.250,668.000,821.000,115.000,19.500
2014-04-02 13:00:00,2.510,610.000,786.100,100.000,20.500
2014-04-02 14:00:00,2.520,527.000,728.800,101.000,21.000
2014-04-02 15:00:00,2.110,391.000,591.600,104.000,21.000
2014-04-02 16:00:00,1.120,273.000,472.800,104.000,20.700
2014-04-02 17:00:00,0.580,120.000,228.400,72.000,19.800
2014-04-02 18:00:00,1.080,17.000,24.400,15.000,19.800
2014-04-02 19:00:00,2.020,0.000,0.000,0.000,17.400
2014-04-02 20:00:00,2.500,0.000,0.000,0.000,15.000
2014-04-02 21:00:00,2.420,0.000,0.000,0.000,12.900
2014-04-02 22:00:00,1.970,0.000,0.000,0.000,11.800
2014-04-02 23:00:00,1.900,0.000,0.000,0.000,11.200
2014-04-03 00:00:00,1.910,0.000,0.000,0.000,10.300
2014-04-03 01:00:00,1.750,0.000,0.000,0.000,9.400
2014-04-03 02:00:00,1.520,0.000,0.000,0.000,9.300
2014-04-03 03:00:00,1.120,0.000,0.000,0.000,8.800
2014-04-03 04:00:00,0.890,0.000,0.000,0.000,8.200
2014-04-03 05:00:00,0.950,0.000,0.000,0.000,7.400
2014-04-03 06:00:00,1.610,51.000,258.300,25.000,7.000
2014-04-03 07:00:00,2.690,158.000,292.000,86.000,9.400
2014-04-03 08:00:00,2.720,316.000,532.300,108.000,11.900
2014-04-03 09:00:00,2.730,445.000,609.700,132.000,14.100
2014-04-03 10:00:00,2.730,562.000,721.200,125.000,16.900
2014-04-03 11:00:00,2.500,608.000,694.600,148.000,18.700
2014-04-03 12:00:00,2.310,612.000,680.900,150.000,20.000
2014-04-03 13:00:00,2.200,514.000,468.200,208.000,20.600
2014-04-03 14:00:00,2.410,431.000,427.800,179.000,20.900
2014-04-03 15:00:00,2.500,404.000,545.300,137.000,21.100
2014-04-03 16:00:00,3.060,280.000,527.800,89.000,20.800
2014-04-03 17:00:00,4.950,149.000,433.300,56.000,19.200
2014-04-03 18:00:00,6.020,26.000,118.600,16.000,16.500
2014-04-03 19:00:00,7.450,0.000,0.000,0.000,15.900
2014-04-03 20:00:00,8.260,0.000,0.000,0.000,15.100
2014-04-03 21:00:00,8.460,0.000,0.000,0.000,14.000
2014-04-03 22:00:00,7.730,0.000,0.000,0.000,12.800
2014-04-03 23:00:00,7.800,0.000,0.000,0.000,11.700
2014-04-04 00:00:00,8.010,0.000,0.000,0.000,11.000
2014-04-04 01:00:00,7.670,0.000,0.000,0.000,10.400
2014-04-04 02:00:00,7.320,0.000,0.000,0.000,9.800
2014-04-04 03:00:00,7.570,0.000,0.000,0.000,9.600
2014-04-04 04:00:00,7.440,0.000,0.000,0.000,9.400
2014-04-04 05:00:00,6.820,0.000,0.000,0.000,9.200
2014-04-04 06:00:00,6.360,37.000,106.100,26.000,8.800
2014-04-04 07:00:00,5.940,138.000,229.700,80.000,9.000
2014-04-04 08:00:00,5.020,199.000,156.400,137.000,9.500
2014-04-04 09:00:00,4.940,251.000,192.700,151.000,9.900
2014-04-04 10:00:00,4.500,392.000,305.900,205.000,9.900
2014-04-04 11:00:00,5.010,383.000,251.700,215.000,10.300
2014-04-04 12:00:00,4.900,473.000,386.300,209.000,10.900
2014-04-04 13:00:00,5.020,418.000,343.300,192.000,11.400
2014-04-04 14:00:00,4.810,349.000,267.800,190.000,11.900
2014-04-04 15:00:00,5.410,268.000,222.600,158.000,12.300
2014-04-04 16:00:00,5.610,247.000,384.900,106.000,12.100
2014-04-04 17:00:00,5.600,138.000,319.600,68.000,11.600
2014-04-04 18:00:00,6.150,29.000,92.500,21.000,10.900
2014-04-04 19:00:00,6.510,0.000,0.000,0.000,10.300
2014-04-04 20:00:00,6.330,0.000,0.000,0.000,10.000
2014-04-04 21:00:00,5.790,0.000,0.000,0.000,9.700
2014-04-04 22:00:00,5.260,0.000,0.000,0.000,9.200
2014-04-04 23:00:00,5.420,0.000,0.000,0.000,9.000
2014-04-05 00:00:00,5.260,0.000,0.000,0.000,8.700
2014-04-05 01:00:00,4.610,0.000,0.000,0.000,8.300
2014-04-05 02:00:00,4.690,0.000,0.000,0.000,8.200
2014-04-05 03:00:00,5.180,0.000,0.000,0.000,8.000
2014-04-05 04:00:00,5.460,0.000,0.000,0.000,7.900
2014-04-05 05:00:00,5.410,0.000,0.000,0.000,7.800
2014-04-05 06:00:00,4.810,43.000,150.000,27.000,7.700
2014-04-05 07:00:00,3.310,89.000,27.100,82.000,8.600
2014-04-05 08:00:00,2.390,129.000,54.700,107.000,9.400
2014-04-05 09:00:00,1.910,224.000,122.000,160.000,10.600
2014-04-05 10:00:00,1.600,314.000,118.400,241.000,10.700
2014-04-05 11:00:00,1.240,447.000,227.500,294.000,12.100
2014-04-05 12:00:00,0.600,516.000,437.400,215.000,13.100
2014-04-05 13:00:00,1.170,462.000,366.600,219.000,13.500
2014-04-05 14:00:00,2.250,358.000,287.500,186.000,13.800
2014-04-05 15:00:00,2.920,179.000,126.400,116.000,13.200
2014-04-05 16:00:00,3.090,136.000,167.300,74.000,12.700
2014-04-05 17:00:00,3.050,69.000,120.800,42.000,12.300
2014-04-05 18:00:00,2.550,16.000,45.100,12.000,12.100
2014-04-05 19:00:00,2.140,0.000,0.000,0.000,11.300
2014-04-05 20:00:00,1.920,0.000,0.000,0.000,11.100
2014-04-05 21:00:00,1.620,0.000,0.000,0.000,10.700
2014-04-05 22:00:00,0.000,0.000,0.000,0.000,9.400
2014-04-05 23:00:00,1.120,0.000,0.000,0.000,8.800
2014-04-06 00:00:00,2.160,0.000,0.000,0.000,8.800
2014-04-06 01:00:00,2.620,0.000,0.000,0.000,8.500
2014-04-06 02:00:00,2.550,0.000,0.000,0.000,8.400
2014-04-06 03:00:00,3.240,0.000,0.000,0.000,8.600
2014-04-06 04:00:00,3.720,0.000,0.000,0.000,8.400
2014-04-06 05:00:00,3.720,1.000,0.000,1.000,8.400
2014-04-06 06:00:00,3.710,44.000,100.400,33.000,8.500
2014-04-06 07:00:00,3.760,152.000,291.300,75.000,9.800
2014-04-06 08:00:00,4.360,278.000,335.800,141.000,11.800
2014-04-06 09:00:00,4.910,421.000,503.900,154.000,13.500
2014-04-06 10:00:00,3.890,531.000,649.700,127.000,15.800
2014-04-06 11:00:00,4.530,520.000,541.800,153.000,17.000
2014-04-06 12:00:00,4.530,486.000,409.800,202.000,18.000
2014-04-06 13:00:00,5.190,282.000,80.900,228.000,18.200
2014-04-06 14:00:00,4.650,209.000,73.000,165.000,18.300
2014-04-06 15:00:00,4.680,221.000,115.300,163.000,18.400
2014-04-06 16:00:00,4.590,181.000,120.000,136.000,17.600
2014-04-06 17:00:00,5.200,104.000,158.000,68.000,16.900
2014-04-06 18:00:00,5.820,19.000,88.000,11.000,16.000
2014-04-06 19:00:00,5.810,0.000,0.000,0.000,15.100
2014-04-06 20:00:00,6.180,0.000,0.000,0.000,14.500
2014-04-06 21:00:00,6.240,0.000,0.000,0.000,14.200
2014-04-06 22:00:00,6.300,0.000,0.000,0.000,14.400
2014-04-06 23:00:00,6.370,0.000,0.000,0.000,14.300
2014-04-07 00:00:00,6.340,0.000,0.000,0.000,14.000
2014-04-07 01:00:00,6.480,0.000,0.000,0.000,13.700
2014-04-07 02:00:00,6.280,0.000,0.000,0.000,13.700
2014-04-07 03:00:00,6.240,0.000,0.000,0.000,13.600
2014-04-07 04:00:00,6.110,0.000,0.000,0.000,13.500
2014-04-07 05:00:00,5.950,1.000,0.000,1.000,13.400
2014-04-07 06:00:00,5.780,36.000,17.400,34.000,13.800
2014-04-07 07:00:00,5.520,128.000,159.200,85.000,14.600
2014-04-07 08:00:00,4.310,250.000,253.900,145.000,15.500
2014-04-07 09:00:00,4.180,348.000,358.700,156.000,16.400
2014-04-07 10:00:00,3.410,502.000,550.300,157.000,17.900
2014-04-07 11:00:00,4.070,501.000,489.500,167.000,18.700
2014-04-07 12:00:00,4.550,553.000,547.500,171.000,19.500
2014-04-07 13:00:00,4.700,448.000,339.300,220.000,19.800
2014-04-07 14:00:00,4.320,357.000,199.300,236.000,19.800
2014-04-07 15:00:00,3.560,236.000,136.000,167.000,20.100
2014-04-07 16:00:00,3.100,164.000,68.500,138.000,20.100
2014-04-07 17:00:00,3.570,88.000,34.400,80.000,19.700
2014-04-07 18:00:00,4.830,22.000,64.500,16.000,17.700
2014-04-07 19:00:00,6.310,0.000,0.000,0.000,16.500
2014-04-07 20:00:00,7.340,0.000,0.000,0.000,15.800
2014-04-07 21:00:00,7.460,0.000,0.000,0.000,16.000
2014-04-07 22:00:00,7.840,0.000,0.000,0.000,16.000
2014-04-07 23:00:00,8.430,0.000,0.000,0.000,15.800
2014-04-08 00:00:00,8.600,0.000,0.000,0.000,15.700
2014-04-08 01:00:00,9.140,0.000,0.000,0.000,15.500
2014-04-08 02:00:00,8.490,0.000,0.000,0.000,14.800
2014-04-08 03:00:00,7.960,0.000,0.000,0.000,14.300
2014-04-08 04:00:00,7.020,0.000,0.000,0.000,14.200
2014-04-08 05:00:00,8.290,2.000,0.000,2.000,14.000
2014-04-08 06:00:00,10.860,35.000,58.000,28.000,13.900
2014-04-08 07:00:00,12.180,128.000,268.200,54.000,13.400
2014-04-08 08:00:00,11.800,222.000,262.400,112.000,12.700
2014-04-08 09:00:00,11.030,337.000,340.300,153.000,12.300
2014-04-08 10:00:00,10.000,477.000,500.000,161.000,12.100
2014-04-08 11:00:00,9.060,578.000,602.400,164.000,12.200
2014-04-08 12:00:00,12.150,583.000,549.600,197.000,11.700
2014-04-08 13:00:00,11.980,486.000,453.800,179.000,11.600
2014-04-08 14:00:00,12.180,485.000,587.200,126.000,10.900
2014-04-08 15:00:00,11.820,380.000,443.800,153.000,9.300
2014-04-08 16:00:00,11.200,263.000,385.800,115.000,9.400
2014-04-08 17:00:00,10.510,165.000,422.700,65.000,8.500
2014-04-08 18:00:00,10.500,35.000,168.100,19.000,7.300
2014-04-08 19:00:00,10.110,0.000,0.000,0.000,6.600
2014-04-08 20:00:00,9.770,0.000,0.000,0.000,6.200
2014-04-08 21:00:00,10.100,0.000,0.000,0.000,6.100
2014-04-08 22:00:00,10.490,0.000,0.000,0.000,6.200
2014-04-08 23:00:00,10.330,0.000,0.000,0.000,6.000
2014-04-09 00:00:00,10.240,0.000,0.000,0.000,5.700
2014-04-09 01:00:00,10.170,0.000,0.000,0.000,5.500
2014-04-09 02:00:00,9.390,0.000,0.000,0.000,6.100
2014-04-09 03:00:00,8.980,0.000,0.000,0.000,6.100
2014-04-09 04:00:00,8.940,0.000,0.000,0.000,5.500
2014-04-09 05:00:00,9.000,3.000,19.100,2.000,5.200
2014-04-09 06:00:00,9.010,77.000,340.000,34.000,5.800
2014-04-09 07:00:00,10.330,221.000,532.700,71.000,7.100
2014-04-09 08:00:00,9.230,339.000,536.900,111.000,8.600
2014-04-09 09:00:00,9.440,419.000,474.500,160.000,9.700
2014-04-09 10:00:00,9.640,501.000,486.600,191.000,10.600
2014-04-09 11:00:00,10.600,501.000,458.100,184.000,10.600
2014-04-09 12:00:00,9.900,569.000,520.500,201.000,10.900
2014-04-09 13:00:00,9.500,501.000,406.800,224.000,11.100
2014-04-09 14:00:00,9.800,346.000,238.800,199.000,11.300
2014-04-09 15:00:00,10.590,278.000,257.900,145.000,10.400
2014-04-09 16:00:00,9.560,197.000,219.100,112.000,10.000
2014-04-09 17:00:00,8.830,101.000,174.400,59.000,9.500
2014-04-09 18:00:00,8.730,25.000,102.700,15.000,9.200
2014-04-09 19:00:00,8.520,0.000,0.000,0.000,9.100
2014-04-09 20:00:00,8.200,0.000,0.000,0.000,9.200
2014-04-09 21:00:00,8.160,0.000,0.000,0.000,9.000
2014-04-09 22:00:00,9.060,0.000,0.000,0.000,8.800
2014-04-09 23:00:00,8.330,0.000,0.000,0.000,8.600
2014-04-10 00:00:00,8.500,0.000,0.000,0.000,8.600
2014-04-10 01:00:00,8.160,0.000,0.000,0.000,8.300
2014-04-10 02:00:00,7.550,0.000,0.000,0.000,8.400
2014-04-10 03:00:00,7.570,0.000,0.000,0.000,8.400
2014-04-10 04:00:00,7.120,0.000,0.000,0.000,8.500
2014-04-10 05:00:00,6.020,1.000,0.000,1.000,8.400
2014-04-10 06:00:00,5.020,20.000,0.000,20.000,8.700
2014-04-10 07:00:00,5.450,39.000,0.000,39.000,8.800
2014-04-10 08:00:00,6.120,67.000,4.700,65.000,9.300
2014-04-10 09:00:00,5.040,95.000,1.800,94.000,10.000
2014-04-10 10:00:00,4.400,112.000,14.000,103.000,10.200
2014-04-10 11:00:00,3.970,115.000,5.700,111.000,10.400
2014-04-10 12:00:00,3.610,226.000,150.400,119.000,11.500
2014-04-10 13:00:00,3.260,218.000,89.000,157.000,12.000
2014-04-10 14:00:00,2.830,191.000,40.300,166.000,12.200
2014-04-10 15:00:00,2.200,116.000,15.400,108.000,12.200
2014-04-10 16:00:00,1.440,90.000,12.800,85.000,12.300
2014-04-10 17:00:00,0.700,50.000,4.100,49.000,12.000
2014-04-10 18:00:00,0.940,20.000,50.300,15.000,11.600
2014-04-10 19:00:00,1.820,0.000,0.000,0.000,10.600
2014-04-10 20:00:00,2.510,0.000,0.000,0.000,9.800
2014-04-10 21:00:00,3.200,0.000,0.000,0.000,9.700
2014-04-10 22:00:00,3.610,0.000,0.000,0.000,9.500
2014-04-10 23:00:00,3.540,0.000,0.000,0.000,9.400
2014-04-11 00:00:00,3.240,0.000,0.000,0.000,9.300
2014-04-11 01:00:00,2.860,0.000,0.000,0.000,9.400
2014-04-11 02:00:00,2.960,0.000,0.000,0.000,9.500
2014-04-11 03:00:00,3.320,0.000,0.000,0.000,9.700
2014-04-11 04:00:00,3.490,0.000,0.000,0.000,9.900
2014-04-11 05:00:00,3.050,0.000,0.000,0.000,9.600
2014-04-11 06:00:00,2.550,12.000,0.000,12.000,9.500
2014-04-11 07:00:00,1.680,73.000,68.300,53.000,9.600
2014-04-11 08:00:00,1.000,115.000,94.200,74.000,9.900
2014-04-11 09:00:00,1.030,105.000,19.800,94.000,10.300
2014-04-11 10:00:00,1.630,122.000,20.100,109.000,10.200
2014-04-11 11:00:00,1.860,141.000,35.600,116.000,10.700
2014-04-11 12:00:00,2.250,229.000,104.800,154.000,11.200
2014-04-11 13:00:00,2.080,240.000,116.000,160.000,11.800
2014-04-11 14:00:00,2.200,190.000,28.800,172.000,12.200
2014-04-11 15:00:00,2.780,109.000,19.100,99.000,12.100
2014-04-11 16:00:00,2.970,143.000,63.100,118.000,12.300
2014-04-11 17:00:00,3.050,135.000,228.600,78.000,12.000
2014-04-11 18:00:00,3.340,43.000,187.100,24.000,10.700
2014-04-11 19:00:00,4.000,0.000,0.000,0.000,9.100
2014-04-11 20:00:00,4.530,0.000,0.000,0.000,8.500
2014-04-11 21:00:00,4.570,0.000,0.000,0.000,7.700
2014-04-11 22:00:00,4.800,0.000,0.000,0.000,6.700
2014-04-11 23:00:00,4.300,0.000,0.000,0.000,5.800
2014-04-12 00:00:00,3.610,0.000,0.000,0.000,4.700
2014-04-12 01:00:00,2.820,0.000,0.000,0.000,3.800
2014-04-12 02:00:00,2.770,0.000,0.000,0.000,3.300
2014-04-12 03:00:00,2.860,0.000,0.000,0.000,2.600
2014-04-12 04:00:00,2.310,0.000,0.000,0.000,3.400
2014-04-12 05:00:00,2.060,5.000,19.100,4.000,2.700
2014-04-12 06:00:00,0.640,65.000,69.600,55.000,3.600
2014-04-12 07:00:00,0.220,117.000,36.900,106.000,5.000
2014-04-12 08:00:00,0.510,196.000,54.500,172.000,6.800
2014-04-12 09:00:00,0.610,259.000,49.900,231.000,8.600
2014-04-12 10:00:00,0.850,385.000,165.700,277.000,10.200
2014-04-12 11:00:00,1.120,574.000,464.600,246.000,12.200
2014-04-12 12:00:00,2.160,659.000,662.200,182.000,13.800
2014-04-12 13:00:00,2.900,542.000,475.600,212.000,14.500
2014-04-12 14:00:00,3.280,330.000,192.600,209.000,14.800
2014-04-12 15:00:00,3.370,298.000,257.500,162.000,15.000
2014-04-12 16:00:00,3.710,172.000,59.900,148.000,14.700
2014-04-12 17:00:00,4.080,95.000,23.700,89.000,14.100
2014-04-12 18:00:00,4.850,29.000,9.700,28.000,13.000
2014-04-12 19:00:00,5.110,0.000,0.000,0.000,12.000
2014-04-12 20:00:00,5.190,0.000,0.000,0.000,11.300
2014-04-12 21:00:00,5.340,0.000,0.000,0.000,10.600
2014-04-12 22:00:00,5.500,0.000,0.000,0.000,10.300
2014-04-12 23:00:00,5.510,0.000,0.000,0.000,9.900
2014-04-13 00:00:00,5.760,0.000,0.000,0.000,9.500
2014-04-13 01:00:00,6.480,0.000,0.000,0.000,9.100
2014-04-13 02:00:00,7.350,0.000,0.000,0.000,8.500
2014-04-13 03:00:00,7.650,0.000,0.000,0.000,8.100
2014-04-13 04:00:00,7.430,0.000,0.000,0.000,7.900
2014-04-13 05:00:00,7.420,5.000,19.100,4.000,7.800
2014-04-13 06:00:00,7.130,30.000,60.300,21.000,8.500
2014-04-13 07:00:00,8.000,88.000,26.300,80.000,9.300
2014-04-13 08:00:00,7.820,182.000,179.400,102.000,10.400
2014-04-13 09:00:00,8.780,290.000,249.000,149.000,11.700
2014-04-13 10:00:00,8.560,469.000,414.400,197.000,12.400
2014-04-13 11:00:00,8.970,394.000,183.000,264.000,12.700
2014-04-13 12:00:00,9.000,435.000,223.600,273.000,13.100
2014-04-13 13:00:00,8.880,374.000,203.400,232.000,13.300
2014-04-13 14:00:00,8.730,389.000,272.000,217.000,13.500
2014-04-13 15:00:00,8.610,302.000,291.200,147.000,13.300
2014-04-13 16:00:00,7.950,226.000,272.000,116.000,12.800
2014-04-13 17:00:00,7.620,89.000,104.800,62.000,12.100
2014-04-13 18:00:00,7.830,21.000,28.400,18.000,11.300
2014-04-13 19:00:00,7.890,0.000,0.000,0.000,10.500
2014-04-13 20:00:00,7.430,0.000,0.000,0.000,9.900
2014-04-13 21:00:00,7.620,0.000,0.000,0.000,9.400
2014-04-13 22:00:00,7.820,0.000,0.000,0.000,9.000
2014-04-13 23:00:00,8.030,0.000,0.000,0.000,8.800
2014-04-14 00:00:00,8.320,0.000,0.000,0.000,8.300
2014-04-14 01:00:00,8.990,0.000,0.000,0.000,7.800
2014-04-14 02:00:00,9.620,0.000,0.000,0.000,7.400
2014-04-14 03:00:00,11.200,0.000,0.000,0.000,7.400
2014-04-14 04:00:00,11.710,0.000,0.000,0.000,7.200
2014-04-14 05:00:00,12.120,3.000,0.000,3.000,7.100
2014-04-14 06:00:00,11.650,59.000,96.900,44.000,7.200
2014-04-14 07:00:00,10.480,174.000,307.500,79.000,7.500
2014-04-14 08:00:00,10.700,320.000,476.800,105.000,7.900
2014-04-14 09:00:00,11.190,457.000,542.900,147.000,8.700
2014-04-14 10:00:00,10.870,445.000,363.000,205.000,8.200
2014-04-14 11:00:00,11.480,580.000,530.100,201.000,9.400
2014-04-14 12:00:00,12.140,612.000,563.900,201.000,9.700
2014-04-14 13:00:00,12.550,448.000,303.400,235.000,7.600
2014-04-14 14:00:00,11.630,396.000,345.700,176.000,8.300
2014-04-14 15:00:00,12.180,455.000,552.000,159.000,8.400
2014-04-14 16:00:00,12.450,272.000,438.200,93.000,8.000
2014-04-14 17:00:00,11.790,154.000,282.600,80.000,7.000
2014-04-14 18:00:00,11.590,50.000,176.500,31.000,6.300
2014-04-14 19:00:00,10.460,1.000,0.000,1.000,5.500
2014-04-14 20:00:00,10.520,0.000,0.000,0.000,5.100
2014-04-14 21:00:00,10.070,0.000,0.000,0.000,4.800
2014-04-14 22:00:00,9.930,0.000,0.000,0.000,4.700
2014-04-14 23:00:00,9.710,0.000,0.000,0.000,5.100
2014-04-15 00:00:00,9.600,0.000,0.000,0.000,5.200
2014-04-15 01:00:00,9.490,0.000,0.000,0.000,5.100
2014-04-15 02:00:00,9.510,0.000,0.000,0.000,5.100
2014-04-15 03:00:00,9.320,0.000,0.000,0.000,4.900
2014-04-15 04:00:00,8.800,0.000,0.000,0.000,4.700
2014-04-15 05:00:00,8.240,7.000,35.600,5.000,4.700
2014-04-15 06:00:00,7.560,65.000,156.100,40.000,5.100
2014-04-15 07:00:00,9.650,217.000,417.000,86.000,6.000
2014-04-15 08:00:00,9.360,313.000,425.500,119.000,6.800
2014-04-15 09:00:00,9.550,364.000,309.100,186.000,7.400
2014-04-15 10:00:00,9.140,406.000,255.400,236.000,8.400
2014-04-15 11:00:00,8.720,380.000,228.000,216.000,8.700
2014-04-15 12:00:00,8.560,492.000,354.700,232.000,9.200
2014-04-15 13:00:00,8.210,479.000,414.900,186.000,9.200
2014-04-15 14:00:00,7.760,530.000,568.500,166.000,9.500
2014-04-15 15:00:00,7.300,356.000,312.900,187.000,9.200
2014-04-15 16:00:00,7.020,245.000,307.900,118.000,9.200
2014-04-15 17:00:00,6.600,137.000,233.100,75.000,8.700
2014-04-15 18:00:00,6.080,57.000,217.000,33.000,8.000
2014-04-15 19:00:00,5.600,1.000,0.000,1.000,6.900
2014-04-15 20:00:00,5.280,0.000,0.000,0.000,6.000
2014-04-15 21:00:00,5.170,0.000,0.000,0.000,5.000
2014-04-15 22:00:00,4.500,0.000,0.000,0.000,3.800
2014-04-15 23:00:00,4.400,0.000,0.000,0.000,2.900
2014-04-16 00:00:00,4.340,0.000,0.000,0.000,2.200
2014-04-16 01:00:00,4.080,0.000,0.000,0.000,1.300
2014-04-16 02:00:00,3.550,0.000,0.000,0.000,0.400
2014-04-16 03:00:00,3.200,0.000,0.000,0.000,-0.000
2014-04-16 04:00:00,3.340,0.000,0.000,0.000,-0.600
2014-04-16 05:00:00,3.260,12.000,68.100,8.000,-0.600
2014-04-16 06:00:00,2.850,113.000,410.900,45.000,1.800
2014-04-16 07:00:00,1.390,265.000,598.100,74.000,4.600
2014-04-16 08:00:00,1.080,411.000,666.100,104.000,7.500
2014-04-16 09:00:00,1.030,563.000,794.100,102.000,9.100
2014-04-16 10:00:00,1.520,666.000,813.300,121.000,10.800
2014-04-16 11:00:00,1.530,601.000,562.500,194.000,11.800
2014-04-16 12:00:00,1.560,498.000,373.100,223.000,12.200
2014-04-16 13:00:00,1.220,434.000,280.200,235.000,12.700
2014-04-16 14:00:00,1.030,514.000,478.100,206.000,13.200
2014-04-16 15:00:00,1.250,346.000,257.300,206.000,13.200
2014-04-16 16:00:00,1.880,253.000,269.000,141.000,13.300
2014-04-16 17:00:00,2.600,116.000,88.900,92.000,12.900
2014-04-16 18:00:00,3.700,56.000,200.300,33.000,11.500
2014-04-16 19:00:00,4.650,2.000,0.000,2.000,8.200
2014-04-16 20:00:00,5.280,0.000,0.000,0.000,7.000
2014-04-16 21:00:00,5.540,0.000,0.000,0.000,6.100
2014-04-16 22:00:00,6.530,0.000,0.000,0.000,5.500
2014-04-16 23:00:00,6.900,0.000,0.000,0.000,5.000
2014-04-17 00:00:00,7.570,0.000,0.000,0.000,4.900
2014-04-17 01:00:00,7.570,0.000,0.000,0.000,4.700
2014-04-17 02:00:00,7.350,0.000,0.000,0.000,3.900
2014-04-17 03:00:00,7.090,0.000,0.000,0.000,3.500
2014-04-17 04:00:00,7.010,0.000,0.000,0.000,3.100
2014-04-17 05:00:00,7.160,13.000,81.400,8.000,3.400
2014-04-17 06:00:00,6.910,118.000,409.800,48.000,5.400
2014-04-17 07:00:00,5.800,272.000,607.200,75.000,8.000
2014-04-17 08:00:00,5.910,401.000,590.400,126.000,10.100
2014-04-17 09:00:00,6.050,496.000,504.100,201.000,11.600
2014-04-17 10:00:00,5.480,611.000,584.100,217.000,12.600
2014-04-17 11:00:00,5.610,642.000,527.700,258.000,13.600
2014-04-17 12:00:00,5.680,614.000,393.900,322.000,14.100
2014-04-17 13:00:00,5.910,607.000,442.500,291.000,14.800
2014-04-17 14:00:00,6.350,600.000,637.200,187.000,15.400
2014-04-17 15:00:00,6.770,513.000,731.800,112.000,15.600
2014-04-17 16:00:00,6.820,364.000,630.400,99.000,15.500
2014-04-17 17:00:00,6.160,180.000,350.300,84.000,14.900
2014-04-17 18:00:00,6.450,43.000,25.200,40.000,13.900
2014-04-17 19:00:00,7.110,1.000,0.000,1.000,12.800
2014-04-17 20:00:00,7.640,0.000,0.000,0.000,12.300
2014-04-17 21:00:00,7.470,0.000,0.000,0.000,11.800
2014-04-17 22:00:00,7.920,0.000,0.000,0.000,10.800
2014-04-17 23:00:00,7.830,0.000,0.000,0.000,9.300
2014-04-18 00:00:00,7.500,0.000,0.000,0.000,8.100
2014-04-18 01:00:00,6.930,0.000,0.000,0.000,7.400
2014-04-18 02:00:00,6.620,0.000,0.000,0.000,7.100
2014-04-18 03:00:00,7.260,0.000,0.000,0.000,6.600
2014-04-18 04:00:00,7.470,0.000,0.000,0.000,6.000
2014-04-18 05:00:00,7.620,12.000,46.800,9.000,5.800
2014-04-18 06:00:00,7.310,85.000,210.100,48.000,6.200
2014-04-18 07:00:00,6.480,198.000,279.200,106.000,6.800
2014-04-18 08:00:00,6.480,304.000,331.500,148.000,7.300
2014-04-18 09:00:00,6.670,361.000,198.400,244.000,8.200
2014-04-18 10:00:00,5.870,467.000,244.500,301.000,9.000
2014-04-18 11:00:00,6.570,454.000,206.300,303.000,9.200
2014-04-18 12:00:00,6.980,482.000,273.700,278.000,9.600
2014-04-18 13:00:00,7.160,447.000,312.000,223.000,9.900
2014-04-18 14:00:00,7.130,341.000,207.100,206.000,10.000
2014-04-18 15:00:00,7.180,322.000,290.000,162.000,9.500
2014-04-18 16:00:00,6.580,202.000,160.300,134.000,8.200
2014-04-18 17:00:00,5.850,91.000,43.200,79.000,7.400
2014-04-18 18:00:00,4.600,30.000,48.700,24.000,6.900
2014-04-18 19:00:00,3.720,2.000,0.000,2.000,6.200
2014-04-18 20:00:00,3.670,0.000,0.000,0.000,5.800
2014-04-18 21:00:00,3.980,0.000,0.000,0.000,4.700
2014-04-18 22:00:00,4.700,0.000,0.000,0.000,4.100
2014-04-18 23:00:00,5.170,0.000,0.000,0.000,4.000
2014-04-19 00:00:00,5.100,0.000,0.000,0.000,3.300
2014-04-19 01:00:00,4.420,0.000,0.000,0.000,2.800
2014-04-19 02:00:00,4.120,0.000,0.000,0.000,2.000
2014-04-19 03:00:00,4.740,0.000,0.000,0.000,1.700
2014-04-19 04:00:00,4.960,0.000,0.000,0.000,1.800
2014-04-19 05:00:00,5.260,17.000,90.000,11.000,2.000
2014-04-19 06:00:00,4.590,125.000,402.600,52.000,3.600
2014-04-19 07:00:00,4.020,117.000,17.900,111.000,5.500
2014-04-19 08:00:00,4.120,226.000,61.000,197.000,7.300
2014-04-19 09:00:00,4.370,310.000,90.900,256.000,9.400
2014-04-19 10:00:00,4.550,465.000,305.900,256.000,10.900
2014-04-19 11:00:00,5.290,563.000,366.800,293.000,12.500
2014-04-19 12:00:00,5.820,698.000,680.700,188.000,13.900
2014-04-19 13:00:00,6.150,641.000,660.800,164.000,15.300
2014-04-19 14:00:00,8.280,566.000,609.900,166.000,16.500
2014-04-19 15:00:00,8.780,366.000,367.200,162.000,17.200
2014-04-19 16:00:00,7.270,158.000,37.400,142.000,17.300
2014-04-19 17:00:00,7.140,130.000,180.800,79.000,17.100
2014-04-19 18:00:00,8.280,61.000,204.100,35.000,16.000
2014-04-19 19:00:00,8.920,3.000,19.100,2.000,14.500
2014-04-19 20:00:00,8.820,0.000,0.000,0.000,13.500
2014-04-19 21:00:00,8.520,0.000,0.000,0.000,12.800
2014-04-19 22:00:00,9.160,0.000,0.000,0.000,11.600
2014-04-19 23:00:00,8.450,0.000,0.000,0.000,10.900
2014-04-20 00:00:00,8.140,0.000,0.000,0.000,10.300
2014-04-20 01:00:00,8.050,0.000,0.000,0.000,9.900
2014-04-20 02:00:00,7.950,0.000,0.000,0.000,9.500
2014-04-20 03:00:00,7.910,0.000,0.000,0.000,9.100
2014-04-20 04:00:00,7.750,0.000,0.000,0.000,8.900
2014-04-20 05:00:00,7.790,18.000,101.100,11.000,8.800
2014-04-20 06:00:00,8.010,124.000,386.000,52.000,10.100
2014-04-20 07:00:00,6.990,275.000,586.100,76.000,12.200
2014-04-20 08:00:00,7.500,424.000,685.100,95.000,14.600
2014-04-20 09:00:00,8.560,544.000,698.000,126.000,16.100
2014-04-20 10:00:00,8.970,549.000,491.600,211.000,16.900
2014-04-20 11:00:00,8.690,634.000,620.100,175.000,17.900
2014-04-20 12:00:00,8.340,634.000,645.300,148.000,18.600
2014-04-20 13:00:00,8.370,636.000,706.900,123.000,19.100
2014-04-20 14:00:00,8.340,541.000,606.400,141.000,19.300
2014-04-20 15:00:00,8.430,465.000,602.400,128.000,19.700
2014-04-20 16:00:00,8.020,337.000,574.100,89.000,19.300
2014-04-20 17:00:00,7.300,213.000,506.900,68.000,18.700
2014-04-20 18:00:00,7.400,77.000,288.800,39.000,17.100
2014-04-20 19:00:00,7.400,4.000,19.100,3.000,15.000
2014-04-20 20:00:00,7.420,0.000,0.000,0.000,13.900
2014-04-20 21:00:00,7.430,0.000,0.000,0.000,13.100
2014-04-20 22:00:00,7.580,0.000,0.000,0.000,12.300
2014-04-20 23:00:00,6.730,0.000,0.000,0.000,12.200
2014-04-21 00:00:00,6.530,0.000,0.000,0.000,11.700
2014-04-21 01:00:00,6.140,0.000,0.000,0.000,11.500
2014-04-21 02:00:00,6.240,0.000,0.000,0.000,11.100
2014-04-21 03:00:00,6.330,0.000,0.000,0.000,10.900
2014-04-21 04:00:00,6.090,0.000,0.000,0.000,10.700
2014-04-21 05:00:00,5.770,3.000,0.000,3.000,10.400
2014-04-21 06:00:00,5.300,16.000,0.000,16.000,10.200
2014-04-21 07:00:00,4.610,66.000,23.200,58.000,11.000
2014-04-21 08:00:00,3.710,174.000,99.000,126.000,12.300
2014-04-21 09:00:00,3.710,317.000,190.600,202.000,12.800
2014-04-21 10:00:00,3.600,539.000,514.600,183.000,14.000
2014-04-21 11:00:00,4.100,556.000,419.200,244.000,15.200
2014-04-21 12:00:00,4.720,577.000,371.200,296.000,16.200
2014-04-21 13:00:00,5.220,502.000,313.900,273.000,16.600
2014-04-21 14:00:00,5.150,508.000,429.700,223.000,16.800
2014-04-21 15:00:00,5.920,474.000,584.200,145.000,16.500
2014-04-21 16:00:00,5.890,279.000,335.000,133.000,15.200
2014-04-21 17:00:00,5.920,116.000,134.500,77.000,14.700
2014-04-21 18:00:00,5.990,53.000,140.000,34.000,13.900
2014-04-21 19:00:00,6.300,4.000,0.000,4.000,12.900
2014-04-21 20:00:00,6.600,0.000,0.000,0.000,12.400
2014-04-21 21:00:00,6.850,0.000,0.000,0.000,11.700
2014-04-21 22:00:00,5.490,0.000,0.000,0.000,10.900
2014-04-21 23:00:00,7.090,0.000,0.000,0.000,10.200
2014-04-22 00:00:00,6.200,0.000,0.000,0.000,9.700
2014-04-22 01:00:00,5.520,0.000,0.000,0.000,9.100
2014-04-22 02:00:00,5.230,0.000,0.000,0.000,8.500
2014-04-22 03:00:00,4.980,0.000,0.000,0.000,8.200
2014-04-22 04:00:00,4.920,0.000,0.000,0.000,7.700
2014-04-22 05:00:00,4.590,22.000,121.200,13.000,8.000
2014-04-22 06:00:00,3.360,126.000,371.000,53.000,9.600
2014-04-22 07:00:00,2.140,277.000,552.500,84.000,11.200
2014-04-22 08:00:00,1.560,420.000,623.100,115.000,13.100
2014-04-22 09:00:00,1.480,500.000,520.000,184.000,14.800
2014-04-22 10:00:00,0.810,591.000,541.700,214.000,16.200
2014-04-22 11:00:00,1.430,612.000,478.500,254.000,17.300
2014-04-22 12:00:00,1.220,541.000,283.900,325.000,17.800
2014-04-22 13:00:00,1.350,466.000,278.200,262.000,18.200
2014-04-22 14:00:00,1.200,482.000,311.900,274.000,18.600
2014-04-22 15:00:00,0.700,343.000,314.000,165.000,17.600
2014-04-22 16:00:00,2.060,248.000,268.400,130.000,16.000
2014-04-22 17:00:00,2.480,93.000,44.200,80.000,15.600
2014-04-22 18:00:00,2.340,64.000,186.000,38.000,14.700
2014-04-22 19:00:00,3.540,5.000,19.100,4.000,12.900
2014-04-22 20:00:00,3.710,0.000,0.000,0.000,11.900
2014-04-22 21:00:00,2.760,0.000,0.000,0.000,11.400
2014-04-22 22:00:00,2.930,0.000,0.000,0.000,10.100
2014-04-22 23:00:00,3.010,0.000,0.000,0.000,9.500
2014-04-23 00:00:00,3.080,0.000,0.000,0.000,8.900
2014-04-23 01:00:00,3.110,0.000,0.000,0.000,8.500
2014-04-23 02:00:00,4.000,0.000,0.000,0.000,8.500
2014-04-23 03:00:00,4.700,0.000,0.000,0.000,8.400
2014-04-23 04:00:00,4.600,0.000,0.000,0.000,8.400
2014-04-23 05:00:00,4.310,22.000,104.200,14.000,8.300
2014-04-23 06:00:00,2.910,116.000,252.700,65.000,9.500
2014-04-23 07:00:00,2.040,247.000,426.400,96.000,11.300
2014-04-23 08:00:00,1.960,348.000,439.200,131.000,13.500
2014-04-23 09:00:00,1.660,494.000,550.600,157.000,15.100
2014-04-23 10:00:00,1.460,653.000,728.500,143.000,17.300
2014-04-23 11:00:00,1.710,584.000,505.300,204.000,18.000
2014-04-23 12:00:00,1.640,546.000,465.600,190.000,18.500
2014-04-23 13:00:00,1.580,605.000,587.700,172.000,18.900
2014-04-23 14:00:00,1.770,467.000,445.900,168.000,19.000
2014-04-23 15:00:00,1.710,444.000,539.900,136.000,19.000
2014-04-23 16:00:00,2.420,262.000,351.900,106.000,18.500
2014-04-23 17:00:00,3.350,137.000,214.900,73.000,17.400
2014-04-23 18:00:00,4.940,70.000,194.600,42.000,16.200
2014-04-23 19:00:00,4.950,4.000,19.100,3.000,14.600
2014-04-23 20:00:00,4.800,0.000,0.000,0.000,12.700
2014-04-23 21:00:00,4.850,0.000,0.000,0.000,11.700
2014-04-23 22:00:00,4.950,0.000,0.000,0.000,11.700
2014-04-23 23:00:00,4.900,0.000,0.000,0.000,11.000
2014-04-24 00:00:00,4.530,0.000,0.000,0.000,10.100
2014-04-24 01:00:00,4.020,0.000,0.000,0.000,9.300
2014-04-24 02:00:00,4.410,0.000,0.000,0.000,9.700
2014-04-24 03:00:00,4.950,0.000,0.000,0.000,9.800
2014-04-24 04:00:00,4.830,0.000,0.000,0.000,10.000
2014-04-24 05:00:00,4.620,20.000,63.100,15.000,9.900
2014-04-24 06:00:00,4.700,77.000,82.200,60.000,9.900
2014-04-24 07:00:00,4.000,131.000,83.600,101.000,10.200
2014-04-24 08:00:00,3.110,198.000,92.300,152.000,11.000
2014-04-24 09:00:00,2.700,377.000,228.800,236.000,11.600
2014-04-24 10:00:00,2.620,441.000,179.000,315.000,13.900
2014-04-24 11:00:00,2.320,645.000,627.100,171.000,15.500
2014-04-24 12:00:00,2.400,619.000,551.900,195.000,16.400
2014-04-24 13:00:00,3.100,658.000,676.600,157.000,17.200
2014-04-24 14:00:00,3.700,625.000,723.800,137.000,17.800
2014-04-24 15:00:00,4.180,511.000,701.900,108.000,18.100
2014-04-24 16:00:00,5.030,350.000,545.800,106.000,17.900
2014-04-24 17:00:00,5.320,208.000,391.100,90.000,17.200
2014-04-24 18:00:00,5.820,88.000,331.200,39.000,15.900
2014-04-24 19:00:00,6.100,7.000,38.200,5.000,14.100
2014-04-24 20:00:00,5.700,0.000,0.000,0.000,12.900
2014-04-24 21:00:00,5.710,0.000,0.000,0.000,12.100
2014-04-24 22:00:00,6.700,0.000,0.000,0.000,11.000
2014-04-24 23:00:00,6.010,0.000,0.000,0.000,10.700
2014-04-25 00:00:00,5.810,0.000,0.000,0.000,10.200
2014-04-25 01:00:00,5.700,0.000,0.000,0.000,9.900
2014-04-25 02:00:00,5.570,0.000,0.000,0.000,9.800
2014-04-25 03:00:00,5.820,0.000,0.000,0.000,9.600
2014-04-25 04:00:00,6.060,0.000,0.000,0.000,9.600
2014-04-25 05:00:00,6.060,28.000,134.800,17.000,10.000
2014-04-25 06:00:00,5.250,126.000,278.800,67.000,10.800
2014-04-25 07:00:00,5.800,165.000,121.000,121.000,12.200
2014-04-25 08:00:00,5.900,226.000,65.600,193.000,13.700
2014-04-25 09:00:00,6.100,381.000,227.200,240.000,15.700
2014-04-25 10:00:00,5.760,480.000,248.600,304.000,17.600
2014-04-25 11:00:00,5.510,584.000,442.300,248.000,19.300
2014-04-25 12:00:00,5.690,659.000,625.700,176.000,20.300
2014-04-25 13:00:00,6.430,564.000,559.200,148.000,21.000
2014-04-25 14:00:00,5.990,504.000,581.400,110.000,21.600
2014-04-25 15:00:00,5.900,489.000,656.100,110.000,22.100
2014-04-25 16:00:00,5.910,306.000,454.800,101.000,21.800
2014-04-25 17:00:00,6.300,208.000,451.700,70.000,21.100
2014-04-25 18:00:00,6.800,74.000,230.300,39.000,19.700
2014-04-25 19:00:00,7.510,7.000,38.200,5.000,17.600
2014-04-25 20:00:00,7.610,0.000,0.000,0.000,16.300
2014-04-25 21:00:00,7.610,0.000,0.000,0.000,15.500
2014-04-25 22:00:00,7.800,0.000,0.000,0.000,14.700
2014-04-25 23:00:00,7.720,0.000,0.000,0.000,13.800
2014-04-26 00:00:00,7.400,0.000,0.000,0.000,12.600
2014-04-26 01:00:00,6.670,0.000,0.000,0.000,11.800
2014-04-26 02:00:00,6.110,0.000,0.000,0.000,10.900
2014-04-26 03:00:00,5.990,0.000,0.000,0.000,10.200
2014-04-26 04:00:00,5.630,0.000,0.000,0.000,9.900
2014-04-26 05:00:00,5.220,33.000,178.600,18.000,9.900
2014-04-26 06:00:00,4.330,152.000,443.500,56.000,11.900
2014-04-26 07:00:00,2.950,306.000,619.400,78.000,13.900
2014-04-26 08:00:00,2.600,452.000,697.800,98.000,16.000
2014-04-26 09:00:00,2.750,589.000,763.700,112.000,17.700
2014-04-26 10:00:00,3.200,672.000,772.600,122.000,19.200
2014-04-26 11:00:00,3.160,658.000,648.400,163.000,19.900
2014-04-26 12:00:00,2.940,659.000,635.700,166.000,20.400
2014-04-26 13:00:00,2.970,681.000,664.900,184.000,20.700
2014-04-26 14:00:00,3.100,572.000,610.700,156.000,20.600
2014-04-26 15:00:00,3.160,398.000,425.000,151.000,20.400
2014-04-26 16:00:00,2.910,294.000,286.100,164.000,20.400
2014-04-26 17:00:00,1.040,151.000,168.100,99.000,18.300
2014-04-26 18:00:00,0.810,42.000,12.800,40.000,17.000
2014-04-26 19:00:00,2.010,4.000,0.000,4.000,15.700
2014-04-26 20:00:00,2.840,0.000,0.000,0.000,15.400
2014-04-26 21:00:00,3.930,0.000,0.000,0.000,15.100
2014-04-26 22:00:00,2.020,0.000,0.000,0.000,14.300
2014-04-26 23:00:00,2.120,0.000,0.000,0.000,13.800
2014-04-27 00:00:00,3.040,0.000,0.000,0.000,13.400
2014-04-27 01:00:00,3.960,0.000,0.000,0.000,13.200
2014-04-27 02:00:00,5.310,0.000,0.000,0.000,12.800
2014-04-27 03:00:00,6.000,0.000,0.000,0.000,12.500
2014-04-27 04:00:00,6.310,0.000,0.000,0.000,12.200
2014-04-27 05:00:00,6.500,29.000,46.300,25.000,12.400
2014-04-27 06:00:00,6.600,119.000,176.300,80.000,13.300
2014-04-27 07:00:00,7.120,256.000,399.900,107.000,14.200
2014-04-27 08:00:00,7.400,334.000,285.400,188.000,15.400
2014-04-27 09:00:00,7.860,453.000,364.300,224.000,16.600
2014-04-27 10:00:00,6.840,559.000,475.000,219.000,18.700
2014-04-27 11:00:00,5.880,507.000,361.100,230.000,19.400
2014-04-27 12:00:00,5.900,548.000,444.100,202.000,19.700
2014-04-27 13:00:00,6.200,531.000,403.500,228.000,20.000
2014-04-27 14:00:00,4.710,429.000,289.200,231.000,20.100
2014-04-27 15:00:00,3.000,260.000,162.500,165.000,19.500
2014-04-27 16:00:00,3.340,163.000,65.500,133.000,18.600
2014-04-27 17:00:00,4.360,97.000,73.500,74.000,17.200
2014-04-27 18:00:00,4.410,43.000,12.500,41.000,15.900
2014-04-27 19:00:00,3.790,5.000,0.000,5.000,15.000
2014-04-27 20:00:00,3.490,0.000,0.000,0.000,13.900
2014-04-27 21:00:00,2.720,0.000,0.000,0.000,13.300
2014-04-27 22:00:00,1.060,0.000,0.000,0.000,12.200
2014-04-27 23:00:00,1.320,0.000,0.000,0.000,11.600
2014-04-28 00:00:00,2.310,0.000,0.000,0.000,11.200
2014-04-28 01:00:00,2.530,0.000,0.000,0.000,11.100
2014-04-28 02:00:00,2.820,0.000,0.000,0.000,11.100
2014-04-28 03:00:00,3.380,0.000,0.000,0.000,10.900
2014-04-28 04:00:00,3.860,0.000,0.000,0.000,10.500
2014-04-28 05:00:00,4.050,29.000,135.400,17.000,10.900
2014-04-28 06:00:00,4.220,128.000,296.700,61.000,11.900
2014-04-28 07:00:00,4.750,116.000,53.000,96.000,13.000
2014-04-28 08:00:00,5.150,262.000,207.500,155.000,14.300
2014-04-28 09:00:00,5.760,353.000,295.600,166.000,15.100
2014-04-28 10:00:00,5.300,439.000,415.600,140.000,16.000
2014-04-28 11:00:00,4.530,533.000,469.800,171.000,17.000
2014-04-28 12:00:00,3.510,448.000,291.400,220.000,17.400
2014-04-28 13:00:00,2.730,387.000,129.900,289.000,17.700
2014-04-28 14:00:00,2.440,311.000,130.800,221.000,17.800
2014-04-28 15:00:00,2.370,363.000,241.500,221.000,18.400
2014-04-28 16:00:00,2.050,298.000,374.900,125.000,18.500
2014-04-28 17:00:00,2.440,188.000,315.700,88.000,18.200
2014-04-28 18:00:00,3.500,85.000,225.900,48.000,16.900
2014-04-28 19:00:00,4.400,9.000,51.500,6.000,15.400
2014-04-28 20:00:00,4.880,0.000,0.000,0.000,13.900
2014-04-28 21:00:00,5.100,0.000,0.000,0.000,12.900
2014-04-28 22:00:00,5.230,0.000,0.000,0.000,12.300
2014-04-28 23:00:00,5.480,0.000,0.000,0.000,11.700
2014-04-29 00:00:00,5.630,0.000,0.000,0.000,11.100
2014-04-29 01:00:00,5.300,0.000,0.000,0.000,10.700
2014-04-29 02:00:00,4.920,0.000,0.000,0.000,10.100
2014-04-29 03:00:00,4.550,0.000,0.000,0.000,10.000
2014-04-29 04:00:00,4.500,0.000,0.000,0.000,9.200
2014-04-29 05:00:00,4.310,36.000,165.100,21.000,9.400
2014-04-29 06:00:00,3.310,138.000,321.200,64.000,10.900
2014-04-29 07:00:00,2.120,200.000,293.700,88.000,12.800
2014-04-29 08:00:00,1.920,378.000,494.400,121.000,15.100
2014-04-29 09:00:00,1.900,516.000,583.000,145.000,17.500
2014-04-29 10:00:00,1.140,659.000,715.000,142.000,18.900
2014-04-29 11:00:00,1.500,674.000,651.100,170.000,19.700
2014-04-29 12:00:00,2.000,638.000,581.600,181.000,20.400
2014-04-29 13:00:00,2.300,580.000,513.500,191.000,20.700
2014-04-29 14:00:00,1.900,357.000,172.100,238.000,20.500
2014-04-29 15:00:00,1.700,305.000,186.000,195.000,20.500
2014-04-29 16:00:00,1.700,224.000,204.300,129.000,20.400
2014-04-29 17:00:00,1.710,176.000,280.900,86.000,19.900
2014-04-29 18:00:00,2.010,84.000,214.700,48.000,18.100
2014-04-29 19:00:00,2.910,9.000,33.300,7.000,15.200
2014-04-29 20:00:00,4.240,0.000,0.000,0.000,13.600
2014-04-29 21:00:00,5.260,0.000,0.000,0.000,12.900
2014-04-29 22:00:00,4.600,0.000,0.000,0.000,13.100
2014-04-29 23:00:00,5.100,0.000,0.000,0.000,12.300
2014-04-30 00:00:00,5.150,0.000,0.000,0.000,12.100
2014-04-30 01:00:00,4.590,0.000,0.000,0.000,11.100
2014-04-30 02:00:00,4.430,0.000,0.000,0.000,10.100
2014-04-30 03:00:00,3.830,0.000,0.000,0.000,9.400
2014-04-30 04:00:00,3.320,0.000,0.000,0.000,9.300
2014-04-30 05:00:00,3.160,34.000,129.000,22.000,9.600
2014-04-30 06:00:00,2.620,144.000,366.200,58.000,11.900
2014-04-30 07:00:00,1.490,271.000,430.500,105.000,14.300
2014-04-30 08:00:00,1.170,362.000,429.500,137.000,16.500
2014-04-30 09:00:00,1.390,472.000,448.300,185.000,18.000
2014-04-30 10:00:00,0.580,624.000,589.000,196.000,19.100
2014-04-30 11:00:00,0.940,710.000,668.800,190.000,20.200
2014-04-30 12:00:00,0.810,623.000,567.700,175.000,20.400
2014-04-30 13:00:00,0.760,588.000,549.400,170.000,20.600
2014-04-30 14:00:00,0.920,515.000,522.700,152.000,20.400
2014-04-30 15:00:00,0.820,460.000,512.800,155.000,20.300
2014-04-30 16:00:00,0.950,318.000,414.200,124.000,20.200
2014-04-30 17:00:00,1.770,174.000,246.900,94.000,19.700
2014-04-30 18:00:00,3.190,62.000,105.000,44.000,17.900
2014-04-30 19:00:00,3.800,11.000,64.500,7.000,16.300
2014-04-30 20:00:00,4.170,0.000,0.000,0.000,15.000
2014-04-30 21:00:00,5.280,0.000,0.000,0.000,14.200
2014-04-30 22:00:00,6.690,0.000,0.000,0.000,14.100
2014-04-30 23:00:00,5.500,0.000,0.000,0.000,13.700
2014-05-01 00:00:00,4.380,0.000,0.000,0.000,12.800
2014-05-01 01:00:00,3.840,0.000,0.000,0.000,12.400
2014-05-01 02:00:00,3.440,0.000,0.000,0.000,11.300
2014-05-01 03:00:00,3.660,0.000,0.000,0.000,11.000
2014-05-01 04:00:00,3.690,0.000,0.000,0.000,11.000
2014-05-01 05:00:00,3.610,37.000,168.100,21.000,10.900
2014-05-01 06:00:00,2.630,119.000,196.500,72.000,10.700
2014-05-01 07:00:00,1.800,266.000,408.000,107.000,11.300
2014-05-01 08:00:00,1.020,382.000,477.500,130.000,12.100
2014-05-01 09:00:00,1.140,552.000,615.100,156.000,13.300
2014-05-01 10:00:00,1.410,603.000,558.800,195.000,14.500
2014-05-01 11:00:00,1.730,636.000,590.400,175.000,14.900
2014-05-01 12:00:00,2.150,633.000,507.400,231.000,15.300
2014-05-01 13:00:00,2.200,455.000,285.400,237.000,15.100
2014-05-01 14:00:00,2.600,475.000,397.000,198.000,15.200
2014-05-01 15:00:00,3.520,395.000,356.200,182.000,15.600
2014-05-01 16:00:00,4.240,287.000,317.900,137.000,15.500
2014-05-01 17:00:00,4.110,133.000,91.600,103.000,14.800
2014-05-01 18:00:00,3.960,51.000,39.900,44.000,14.100
2014-05-01 19:00:00,4.740,10.000,15.700,9.000,13.600
2014-05-01 20:00:00,6.120,0.000,0.000,0.000,12.700
2014-05-01 21:00:00,6.380,0.000,0.000,0.000,11.900
2014-05-01 22:00:00,6.620,0.000,0.000,0.000,10.900
2014-05-01 23:00:00,6.760,0.000,0.000,0.000,10.500
2014-05-02 00:00:00,6.450,0.000,0.000,0.000,9.900
2014-05-02 01:00:00,6.690,0.000,0.000,0.000,9.100
2014-05-02 02:00:00,6.940,0.000,0.000,0.000,8.300
2014-05-02 03:00:00,6.990,0.000,0.000,0.000,7.700
2014-05-02 04:00:00,6.580,0.000,0.000,0.000,7.300
2014-05-02 05:00:00,6.040,8.000,0.000,8.000,6.900
2014-05-02 06:00:00,6.020,20.000,0.000,20.000,6.400
2014-05-02 07:00:00,5.990,75.000,5.100,73.000,6.200
2014-05-02 08:00:00,5.990,90.000,9.400,85.000,6.200
2014-05-02 09:00:00,6.080,103.000,4.600,100.000,6.700
2014-05-02 10:00:00,5.370,156.000,1.400,155.000,7.100
2014-05-02 11:00:00,6.690,222.000,26.800,201.000,8.100
2014-05-02 12:00:00,6.550,296.000,77.900,234.000,8.700
2014-05-02 13:00:00,6.210,280.000,73.000,224.000,9.200
2014-05-02 14:00:00,6.490,259.000,94.200,193.000,9.600
2014-05-02 15:00:00,6.160,285.000,149.700,195.000,10.100
2014-05-02 16:00:00,5.190,189.000,126.300,129.000,10.100
2014-05-02 17:00:00,4.890,143.000,117.800,104.000,9.900
2014-05-02 18:00:00,4.470,53.000,50.300,44.000,9.100
2014-05-02 19:00:00,4.050,7.000,15.200,6.000,8.300
2014-05-02 20:00:00,3.700,0.000,0.000,0.000,7.600
2014-05-02 21:00:00,3.610,0.000,0.000,0.000,7.000
2014-05-02 22:00:00,5.020,0.000,0.000,0.000,6.200
2014-05-02 23:00:00,4.880,0.000,0.000,0.000,5.900
2014-05-03 00:00:00,4.660,0.000,0.000,0.000,5.200
2014-05-03 01:00:00,5.100,0.000,0.000,0.000,4.600
2014-05-03 02:00:00,5.370,0.000,0.000,0.000,3.600
2014-05-03 03:00:00,5.370,0.000,0.000,0.000,2.800
2014-05-03 04:00:00,5.390,1.000,0.000,1.000,2.000
2014-05-03 05:00:00,4.960,55.000,282.000,27.000,2.800
2014-05-03 06:00:00,3.730,191.000,516.900,63.000,4.600
2014-05-03 07:00:00,3.310,335.000,608.500,93.000,6.900
2014-05-03 08:00:00,3.310,479.000,698.800,105.000,8.800
2014-05-03 09:00:00,3.270,641.000,783.500,131.000,10.000
2014-05-03 10:00:00,2.940,763.000,884.900,111.000,11.100
2014-05-03 11:00:00,3.370,783.000,818.100,139.000,11.900
2014-05-03 12:00:00,3.420,777.000,755.200,174.000,12.700
2014-05-03 13:00:00,3.410,592.000,488.300,216.000,13.000
2014-05-03 14:00:00,3.570,559.000,450.400,242.000,13.700
2014-05-03 15:00:00,3.890,461.000,340.800,255.000,13.900
2014-05-03 16:00:00,4.300,329.000,271.700,199.000,13.700
2014-05-03 17:00:00,5.520,174.000,131.500,130.000,12.900
2014-05-03 18:00:00,6.640,117.000,350.400,53.000,11.700
2014-05-03 19:00:00,7.050,18.000,103.700,11.000,9.700
2014-05-03 20:00:00,6.890,0.000,0.000,0.000,7.900
2014-05-03 21:00:00,6.350,0.000,0.000,0.000,6.600
2014-05-03 22:00:00,4.880,0.000,0.000,0.000,5.600
2014-05-03 23:00:00,4.240,0.000,0.000,0.000,4.400
2014-05-04 00:00:00,4.430,0.000,0.000,0.000,3.700
2014-05-04 01:00:00,4.900,0.000,0.000,0.000,3.300
2014-05-04 02:00:00,5.190,0.000,0.000,0.000,3.400
2014-05-04 03:00:00,5.070,0.000,0.000,0.000,3.400
2014-05-04 04:00:00,5.300,1.000,0.000,1.000,3.500
2014-05-04 05:00:00,5.530,46.000,197.500,26.000,3.900
2014-05-04 06:00:00,4.900,142.000,309.900,64.000,5.300
2014-05-04 07:00:00,5.310,144.000,119.600,96.000,6.500
2014-05-04 08:00:00,5.630,289.000,261.700,148.000,7.400
2014-05-04 09:00:00,5.130,309.000,224.700,162.000,7.800
2014-05-04 10:00:00,3.940,256.000,66.200,207.000,8.800
2014-05-04 11:00:00,3.810,284.000,26.600,263.000,9.200
2014-05-04 12:00:00,4.090,283.000,41.200,250.000,9.500
2014-05-04 13:00:00,4.620,286.000,36.200,258.000,9.600
2014-05-04 14:00:00,4.520,215.000,26.900,196.000,9.800
2014-05-04 15:00:00,4.070,210.000,31.300,191.000,9.900
2014-05-04 16:00:00,3.860,132.000,24.900,120.000,9.800
2014-05-04 17:00:00,3.500,90.000,17.800,84.000,9.500
2014-05-04 18:00:00,2.820,39.000,10.700,37.000,9.000
2014-05-04 19:00:00,2.560,7.000,0.000,7.000,7.800
2014-05-04 20:00:00,2.260,0.000,0.000,0.000,7.000
2014-05-04 21:00:00,2.010,0.000,0.000,0.000,6.700
2014-05-04 22:00:00,1.900,0.000,0.000,0.000,6.100
2014-05-04 23:00:00,1.610,0.000,0.000,0.000,5.900
2014-05-05 00:00:00,1.490,0.000,0.000,0.000,5.100
2014-05-05 01:00:00,1.440,0.000,0.000,0.000,5.300
2014-05-05 02:00:00,1.480,0.000,0.000,0.000,4.400
2014-05-05 03:00:00,1.660,0.000,0.000,0.000,4.400
2014-05-05 04:00:00,1.560,1.000,0.000,1.000,4.300
2014-05-05 05:00:00,1.840,53.000,221.800,30.000,5.100
2014-05-05 06:00:00,1.750,156.000,324.700,73.000,6.900
2014-05-05 07:00:00,1.080,269.000,343.000,130.000,8.700
2014-05-05 08:00:00,1.100,429.000,453.600,183.000,9.900
2014-05-05 09:00:00,0.980,562.000,536.900,209.000,11.300
2014-05-05 10:00:00,1.660,598.000,467.000,251.000,12.200
2014-05-05 11:00:00,1.560,663.000,527.000,245.000,13.500
2014-05-05 12:00:00,1.560,600.000,406.500,273.000,14.300
2014-05-05 13:00:00,1.770,498.000,279.700,281.000,15.000
2014-05-05 14:00:00,1.490,460.000,284.600,258.000,15.400
2014-05-05 15:00:00,1.610,443.000,384.900,208.000,15.700
2014-05-05 16:00:00,1.880,348.000,408.400,150.000,15.800
2014-05-05 17:00:00,2.470,194.000,222.700,118.000,15.500
2014-05-05 18:00:00,3.830,98.000,184.400,63.000,14.500
2014-05-05 19:00:00,5.100,19.000,56.300,15.000,12.700
2014-05-05 20:00:00,6.020,0.000,0.000,0.000,11.100
2014-05-05 21:00:00,6.900,0.000,0.000,0.000,10.500
2014-05-05 22:00:00,7.370,0.000,0.000,0.000,10.100
2014-05-05 23:00:00,7.730,0.000,0.000,0.000,10.000
2014-05-06 00:00:00,7.820,0.000,0.000,0.000,9.800
2014-05-06 01:00:00,7.320,0.000,0.000,0.000,9.400
2014-05-06 02:00:00,7.020,0.000,0.000,0.000,9.100
2014-05-06 03:00:00,7.000,0.000,0.000,0.000,8.800
2014-05-06 04:00:00,6.990,1.000,0.000,1.000,8.500
2014-05-06 05:00:00,6.830,45.000,46.400,40.000,8.800
2014-05-06 06:00:00,6.660,125.000,46.300,113.000,10.200
2014-05-06 07:00:00,6.050,194.000,53.800,172.000,11.600
2014-05-06 08:00:00,5.440,300.000,93.500,249.000,13.400
2014-05-06 09:00:00,5.590,377.000,102.900,309.000,14.800
2014-05-06 10:00:00,5.170,454.000,111.200,371.000,16.600
2014-05-06 11:00:00,5.700,480.000,178.400,338.000,17.800
2014-05-06 12:00:00,6.090,476.000,114.000,384.000,18.600
2014-05-06 13:00:00,6.690,355.000,42.400,322.000,18.900
2014-05-06 14:00:00,6.940,294.000,21.000,279.000,19.100
2014-05-06 15:00:00,7.320,167.000,11.400,160.000,18.500
2014-05-06 16:00:00,6.790,89.000,0.000,89.000,16.600
2014-05-06 17:00:00,5.900,49.000,2.900,48.000,15.700
2014-05-06 18:00:00,5.690,36.000,20.700,32.000,15.300
2014-05-06 19:00:00,5.590,14.000,55.000,10.000,14.200
2014-05-06 20:00:00,5.530,0.000,0.000,0.000,13.700
2014-05-06 21:00:00,5.780,0.000,0.000,0.000,13.200
2014-05-06 22:00:00,6.800,0.000,0.000,0.000,12.900
2014-05-06 23:00:00,7.080,0.000,0.000,0.000,12.900
2014-05-07 00:00:00,7.030,0.000,0.000,0.000,12.800
2014-05-07 01:00:00,7.600,0.000,0.000,0.000,12.800
2014-05-07 02:00:00,8.140,0.000,0.000,0.000,12.800
2014-05-07 03:00:00,9.040,0.000,0.000,0.000,12.500
2014-05-07 04:00:00,8.330,0.000,0.000,0.000,12.300
2014-05-07 05:00:00,7.470,19.000,44.700,14.000,11.700
2014-05-07 06:00:00,7.420,157.000,364.700,61.000,12.200
2014-05-07 07:00:00,8.750,296.000,475.300,100.000,12.800
2014-05-07 08:00:00,8.080,451.000,601.100,121.000,13.400
2014-05-07 09:00:00,7.820,424.000,277.200,240.000,13.600
2014-05-07 10:00:00,7.910,474.000,214.900,313.000,13.700
2014-05-07 11:00:00,8.340,515.000,190.200,363.000,13.900
2014-05-07 12:00:00,7.720,549.000,296.300,309.000,14.300
2014-05-07 13:00:00,7.940,688.000,587.300,229.000,14.900
2014-05-07 14:00:00,7.850,579.000,564.600,175.000,15.800
2014-05-07 15:00:00,7.540,491.000,571.000,139.000,15.300
2014-05-07 16:00:00,7.730,311.000,336.000,146.000,15.300
2014-05-07 17:00:00,6.410,211.000,327.600,97.000,14.100
2014-05-07 18:00:00,4.200,92.000,182.800,56.000,13.000
2014-05-07 19:00:00,5.470,20.000,80.600,14.000,11.900
2014-05-07 20:00:00,5.820,0.000,0.000,0.000,11.200
2014-05-07 21:00:00,6.190,0.000,0.000,0.000,10.900
2014-05-07 22:00:00,7.030,0.000,0.000,0.000,10.700
2014-05-07 23:00:00,6.710,0.000,0.000,0.000,10.400
2014-05-08 00:00:00,6.360,0.000,0.000,0.000,9.800
2014-05-08 01:00:00,6.510,0.000,0.000,0.000,9.600
2014-05-08 02:00:00,7.140,0.000,0.000,0.000,9.700
2014-05-08 03:00:00,7.420,0.000,0.000,0.000,9.900
2014-05-08 04:00:00,7.780,2.000,0.000,2.000,9.800
2014-05-08 05:00:00,8.200,28.000,34.600,24.000,10.100
2014-05-08 06:00:00,8.200,113.000,127.400,79.000,10.700
2014-05-08 07:00:00,8.500,82.000,26.500,71.000,11.400
2014-05-08 08:00:00,8.870,219.000,114.100,156.000,12.000
2014-05-08 09:00:00,8.010,360.000,241.400,199.000,12.700
2014-05-08 10:00:00,8.740,536.000,441.500,204.000,13.400
2014-05-08 11:00:00,7.210,545.000,330.500,280.000,13.600
2014-05-08 12:00:00,8.680,607.000,337.100,333.000,13.800
2014-05-08 13:00:00,9.850,572.000,295.800,340.000,14.100
2014-05-08 14:00:00,9.230,456.000,252.000,275.000,13.800
2014-05-08 15:00:00,7.240,264.000,124.300,187.000,13.500
2014-05-08 16:00:00,7.310,177.000,16.200,169.000,13.000
2014-05-08 17:00:00,8.300,90.000,2.800,89.000,12.400
2014-05-08 18:00:00,7.080,31.000,0.000,31.000,11.400
2014-05-08 19:00:00,5.600,12.000,0.000,12.000,10.800
2014-05-08 20:00:00,4.900,0.000,0.000,0.000,10.500
2014-05-08 21:00:00,5.620,0.000,0.000,0.000,10.400
2014-05-08 22:00:00,6.730,0.000,0.000,0.000,10.400
2014-05-08 23:00:00,7.210,0.000,0.000,0.000,11.000
2014-05-09 00:00:00,7.690,0.000,0.000,0.000,11.400
2014-05-09 01:00:00,8.310,0.000,0.000,0.000,11.700
2014-05-09 02:00:00,8.780,0.000,0.000,0.000,12.100
2014-05-09 03:00:00,9.060,0.000,0.000,0.000,12.500
2014-05-09 04:00:00,9.140,0.000,0.000,0.000,12.800
2014-05-09 05:00:00,9.510,14.000,8.400,13.000,12.800
2014-05-09 06:00:00,8.850,71.000,66.500,53.000,13.300
2014-05-09 07:00:00,9.080,152.000,105.000,108.000,13.800
2014-05-09 08:00:00,8.950,203.000,34.200,184.000,14.100
2014-05-09 09:00:00,8.290,189.000,91.100,128.000,13.800
2014-05-09 10:00:00,8.340,420.000,201.400,268.000,14.700
2014-05-09 11:00:00,7.790,461.000,299.600,220.000,15.600
2014-05-09 12:00:00,9.990,513.000,263.700,298.000,16.100
2014-05-09 13:00:00,11.580,473.000,269.400,261.000,15.900
2014-05-09 14:00:00,12.030,498.000,468.700,160.000,15.800
2014-05-09 15:00:00,11.260,432.000,437.100,160.000,15.500
2014-05-09 16:00:00,8.350,276.000,215.200,169.000,12.800
2014-05-09 17:00:00,9.360,142.000,104.400,105.000,11.600
2014-05-09 18:00:00,8.440,109.000,201.100,68.000,10.800
2014-05-09 19:00:00,8.100,12.000,0.000,12.000,9.300
2014-05-09 20:00:00,8.780,0.000,0.000,0.000,8.900
2014-05-09 21:00:00,8.540,0.000,0.000,0.000,8.700
2014-05-09 22:00:00,10.020,0.000,0.000,0.000,8.800
2014-05-09 23:00:00,10.730,0.000,0.000,0.000,8.700
2014-05-10 00:00:00,10.870,0.000,0.000,0.000,8.700
2014-05-10 01:00:00,10.480,0.000,0.000,0.000,8.700
2014-05-10 02:00:00,9.730,0.000,0.000,0.000,8.800
2014-05-10 03:00:00,9.020,0.000,0.000,0.000,9.000
2014-05-10 04:00:00,8.540,2.000,0.000,2.000,8.900
2014-05-10 05:00:00,7.660,66.000,251.500,35.000,9.200
2014-05-10 06:00:00,7.070,192.000,434.200,73.000,10.300
2014-05-10 07:00:00,7.530,346.000,565.600,107.000,11.500
2014-05-10 08:00:00,6.630,399.000,427.900,160.000,12.600
2014-05-10 09:00:00,6.290,440.000,419.100,158.000,13.200
2014-05-10 10:00:00,5.870,379.000,175.500,246.000,14.000
2014-05-10 11:00:00,7.190,399.000,123.900,299.000,14.400
2014-05-10 12:00:00,8.900,220.000,4.900,216.000,13.500
2014-05-10 13:00:00,7.460,201.000,10.100,193.000,12.800
2014-05-10 14:00:00,6.690,155.000,0.000,155.000,11.800
2014-05-10 15:00:00,7.300,214.000,36.800,191.000,12.000
2014-05-10 16:00:00,7.570,125.000,24.000,113.000,12.100
2014-05-10 17:00:00,7.740,32.000,2.800,31.000,12.200
2014-05-10 18:00:00,8.390,16.000,0.000,16.000,12.200
2014-05-10 19:00:00,9.180,7.000,0.000,7.000,12.100
2014-05-10 20:00:00,9.360,0.000,0.000,0.000,12.000
2014-05-10 21:00:00,9.140,0.000,0.000,0.000,12.100
2014-05-10 22:00:00,9.620,0.000,0.000,0.000,11.800
2014-05-10 23:00:00,10.140,0.000,0.000,0.000,11.400
2014-05-11 00:00:00,10.350,0.000,0.000,0.000,10.900
2014-05-11 01:00:00,10.540,0.000,0.000,0.000,10.500
2014-05-11 02:00:00,10.710,0.000,0.000,0.000,10.300
2014-05-11 03:00:00,10.630,0.000,0.000,0.000,10.100
2014-05-11 04:00:00,10.580,3.000,0.000,3.000,9.900
2014-05-11 05:00:00,10.510,55.000,173.300,33.000,10.100
2014-05-11 06:00:00,10.200,139.000,266.700,65.000,10.200
2014-05-11 07:00:00,10.990,246.000,317.100,111.000,10.700
2014-05-11 08:00:00,10.870,357.000,325.900,174.000,11.000
2014-05-11 09:00:00,11.180,361.000,219.000,213.000,11.200
2014-05-11 10:00:00,8.850,430.000,219.600,263.000,11.000
2014-05-11 11:00:00,9.540,493.000,352.000,208.000,11.700
2014-05-11 12:00:00,9.730,738.000,573.900,267.000,13.100
2014-05-11 13:00:00,10.650,496.000,174.200,358.000,12.100
2014-05-11 14:00:00,8.920,397.000,194.100,256.000,12.300
2014-05-11 15:00:00,10.320,290.000,162.400,188.000,12.500
2014-05-11 16:00:00,10.100,280.000,224.600,167.000,12.600
2014-05-11 17:00:00,9.730,190.000,254.900,98.000,12.400
2014-05-11 18:00:00,9.330,80.000,85.400,62.000,11.300
2014-05-11 19:00:00,9.210,23.000,61.600,18.000,10.400
2014-05-11 20:00:00,9.080,0.000,0.000,0.000,10.100
2014-05-11 21:00:00,8.770,0.000,0.000,0.000,9.800
2014-05-11 22:00:00,10.020,0.000,0.000,0.000,9.600
2014-05-11 23:00:00,9.260,0.000,0.000,0.000,9.700
2014-05-12 00:00:00,9.270,0.000,0.000,0.000,9.700
2014-05-12 01:00:00,9.880,0.000,0.000,0.000,9.600
2014-05-12 02:00:00,9.900,0.000,0.000,0.000,9.600
2014-05-12 03:00:00,10.260,0.000,0.000,0.000,9.600
2014-05-12 04:00:00,10.300,3.000,0.000,3.000,9.600
2014-05-12 05:00:00,10.290,30.000,0.000,30.000,9.600
2014-05-12 06:00:00,10.620,73.000,24.900,66.000,9.700
2014-05-12 07:00:00,11.600,94.000,7.000,91.000,10.100
2014-05-12 08:00:00,12.030,176.000,58.500,143.000,10.200
2014-05-12 09:00:00,12.110,211.000,45.700,180.000,10.400
2014-05-12 10:00:00,8.500,284.000,104.900,204.000,10.600
2014-05-12 11:00:00,8.410,305.000,92.300,230.000,11.300
2014-05-12 12:00:00,8.990,436.000,184.700,284.000,12.300
2014-05-12 13:00:00,8.500,434.000,134.600,327.000,12.600
2014-05-12 14:00:00,8.320,414.000,155.000,301.000,12.900
2014-05-12 15:00:00,9.610,359.000,195.000,236.000,12.500
2014-05-12 16:00:00,7.690,244.000,167.900,159.000,11.300
2014-05-12 17:00:00,7.630,108.000,30.200,97.000,11.000
2014-05-12 18:00:00,7.310,82.000,18.700,78.000,10.400
2014-05-12 19:00:00,6.500,23.000,48.300,19.000,10.000
2014-05-12 20:00:00,6.510,0.000,0.000,0.000,9.500
2014-05-12 21:00:00,6.610,0.000,0.000,0.000,9.500
2014-05-12 22:00:00,6.130,0.000,0.000,0.000,9.000
2014-05-12 23:00:00,6.400,0.000,0.000,0.000,9.000
2014-05-13 00:00:00,6.510,0.000,0.000,0.000,9.000
2014-05-13 01:00:00,6.430,0.000,0.000,0.000,9.300
2014-05-13 02:00:00,6.340,0.000,0.000,0.000,8.900
2014-05-13 03:00:00,6.260,0.000,0.000,0.000,8.600
2014-05-13 04:00:00,6.100,3.000,19.100,2.000,8.300
2014-05-13 05:00:00,5.970,42.000,104.500,28.000,8.500
2014-05-13 06:00:00,6.500,126.000,214.700,65.000,9.100
2014-05-13 07:00:00,5.910,165.000,55.600,141.000,9.900
2014-05-13 08:00:00,5.910,274.000,167.400,179.000,10.600
2014-05-13 09:00:00,6.440,423.000,337.700,193.000,11.000
2014-05-13 10:00:00,5.310,498.000,372.300,213.000,11.500
2014-05-13 11:00:00,5.640,632.000,482.300,239.000,12.600
2014-05-13 12:00:00,6.330,563.000,331.900,289.000,13.200
2014-05-13 13:00:00,6.900,572.000,396.300,256.000,13.300
2014-05-13 14:00:00,7.690,580.000,526.200,195.000,13.200
2014-05-13 15:00:00,8.100,497.000,574.700,133.000,13.200
2014-05-13 16:00:00,7.840,372.000,473.500,131.000,13.300
2014-05-13 17:00:00,7.660,256.000,457.600,88.000,12.700
2014-05-13 18:00:00,7.580,146.000,381.900,63.000,11.700
2014-05-13 19:00:00,7.640,36.000,189.600,20.000,10.200
2014-05-13 20:00:00,7.320,0.000,0.000,0.000,9.200
2014-05-13 21:00:00,7.000,0.000,0.000,0.000,8.400
2014-05-13 22:00:00,6.710,0.000,0.000,0.000,7.600
2014-05-13 23:00:00,6.830,0.000,0.000,0.000,6.800
2014-05-14 00:00:00,7.350,0.000,0.000,0.000,6.600
2014-05-14 01:00:00,7.620,0.000,0.000,0.000,6.500
2014-05-14 02:00:00,7.730,0.000,0.000,0.000,6.300
2014-05-14 03:00:00,7.910,0.000,0.000,0.000,6.100
2014-05-14 04:00:00,7.890,4.000,19.100,3.000,6.200
2014-05-14 05:00:00,7.960,67.000,225.600,36.000,6.700
2014-05-14 06:00:00,7.300,186.000,372.400,79.000,7.900
2014-05-14 07:00:00,7.760,292.000,457.500,93.000,9.000
2014-05-14 08:00:00,7.280,468.000,610.400,120.000,10.000
2014-05-14 09:00:00,7.020,573.000,579.200,177.000,10.600
2014-05-14 10:00:00,6.360,638.000,545.600,219.000,11.400
2014-05-14 11:00:00,6.840,611.000,450.300,243.000,11.900
2014-05-14 12:00:00,7.010,633.000,410.600,293.000,11.900
2014-05-14 13:00:00,7.280,676.000,558.900,229.000,12.500
2014-05-14 14:00:00,7.950,544.000,434.500,225.000,12.300
2014-05-14 15:00:00,8.250,527.000,602.200,144.000,12.000
2014-05-14 16:00:00,7.990,377.000,468.900,137.000,11.800
2014-05-14 17:00:00,7.430,226.000,348.500,97.000,11.300
2014-05-14 18:00:00,6.870,123.000,267.500,64.000,10.400
2014-05-14 19:00:00,6.650,32.000,151.200,19.000,9.100
2014-05-14 20:00:00,6.370,0.000,0.000,0.000,8.400
2014-05-14 21:00:00,6.120,0.000,0.000,0.000,8.200
2014-05-14 22:00:00,5.280,0.000,0.000,0.000,7.400
2014-05-14 23:00:00,5.370,0.000,0.000,0.000,7.300
2014-05-15 00:00:00,5.500,0.000,0.000,0.000,7.000
2014-05-15 01:00:00,5.730,0.000,0.000,0.000,6.700
2014-05-15 02:00:00,5.610,0.000,0.000,0.000,6.600
2014-05-15 03:00:00,5.080,0.000,0.000,0.000,6.500
2014-05-15 04:00:00,4.680,6.000,19.100,5.000,6.700
2014-05-15 05:00:00,4.600,69.000,206.100,40.000,7.100
2014-05-15 06:00:00,4.160,197.000,423.500,74.000,8.300
2014-05-15 07:00:00,4.340,222.000,198.700,135.000,9.400
2014-05-15 08:00:00,3.710,242.000,150.100,156.000,10.700
2014-05-15 09:00:00,3.640,237.000,33.500,214.000,11.500
2014-05-15 10:00:00,3.690,310.000,129.800,210.000,11.900
2014-05-15 11:00:00,4.410,335.000,147.600,214.000,12.500
2014-05-15 12:00:00,4.970,498.000,317.900,234.000,13.600
2014-05-15 13:00:00,5.350,463.000,290.500,230.000,14.400
2014-05-15 14:00:00,5.710,382.000,219.900,220.000,14.900
2014-05-15 15:00:00,6.220,264.000,79.900,213.000,15.300
2014-05-15 16:00:00,6.440,183.000,95.200,134.000,14.900
2014-05-15 17:00:00,6.500,192.000,257.300,96.000,14.700
2014-05-15 18:00:00,6.640,85.000,147.500,52.000,14.000
2014-05-15 19:00:00,6.670,30.000,137.100,18.000,12.900
2014-05-15 20:00:00,6.670,0.000,0.000,0.000,11.300
2014-05-15 21:00:00,6.580,0.000,0.000,0.000,10.200
2014-05-15 22:00:00,6.240,0.000,0.000,0.000,9.800
2014-05-15 23:00:00,6.090,0.000,0.000,0.000,9.100
2014-05-16 00:00:00,5.510,0.000,0.000,0.000,8.200
2014-05-16 01:00:00,5.150,0.000,0.000,0.000,7.600
2014-05-16 02:00:00,5.390,0.000,0.000,0.000,7.100
2014-05-16 03:00:00,4.980,0.000,0.000,0.000,6.700
2014-05-16 04:00:00,4.240,7.000,38.200,5.000,6.000
2014-05-16 05:00:00,3.880,83.000,270.900,44.000,7.100
2014-05-16 06:00:00,3.140,191.000,347.600,89.000,8.700
2014-05-16 07:00:00,2.800,275.000,320.000,134.000,10.600
2014-05-16 08:00:00,2.410,407.000,413.600,169.000,12.400
2014-05-16 09:00:00,3.030,551.000,469.000,228.000,14.100
2014-05-16 10:00:00,3.450,631.000,597.900,169.000,15.600
2014-05-16 11:00:00,4.790,584.000,365.000,284.000,16.300
2014-05-16 12:00:00,5.140,505.000,251.000,296.000,17.000
2014-05-16 13:00:00,5.150,430.000,267.300,215.000,17.500
2014-05-16 14:00:00,5.220,433.000,246.200,251.000,17.900
2014-05-16 15:00:00,5.510,391.000,269.800,218.000,17.900
2014-05-16 16:00:00,5.610,366.000,365.300,177.000,17.800
2014-05-16 17:00:00,5.510,242.000,300.500,129.000,17.400
2014-05-16 18:00:00,5.530,118.000,198.300,73.000,16.100
2014-05-16 19:00:00,5.920,39.000,191.000,22.000,14.100
2014-05-16 20:00:00,6.130,0.000,0.000,0.000,12.600
2014-05-16 21:00:00,5.820,0.000,0.000,0.000,11.600
2014-05-16 22:00:00,5.820,0.000,0.000,0.000,10.500
2014-05-16 23:00:00,5.150,0.000,0.000,0.000,9.900
2014-05-17 00:00:00,4.660,0.000,0.000,0.000,9.000
2014-05-17 01:00:00,4.540,0.000,0.000,0.000,8.200
2014-05-17 02:00:00,4.310,0.000,0.000,0.000,8.100
2014-05-17 03:00:00,4.400,0.000,0.000,0.000,8.000
2014-05-17 04:00:00,4.410,8.000,38.200,6.000,8.200
2014-05-17 05:00:00,3.810,85.000,292.400,42.000,8.800
2014-05-17 06:00:00,3.440,207.000,421.800,82.000,9.900
2014-05-17 07:00:00,3.510,258.000,291.000,129.000,11.200
2014-05-17 08:00:00,3.710,237.000,131.500,161.000,12.700
2014-05-17 09:00:00,4.030,384.000,150.500,280.000,14.000
2014-05-17 10:00:00,3.690,432.000,214.200,266.000,15.500
2014-05-17 11:00:00,4.210,390.000,98.300,309.000,16.400
2014-05-17 12:00:00,4.430,409.000,116.200,312.000,17.100
2014-05-17 13:00:00,4.630,299.000,24.800,279.000,17.700
2014-05-17 14:00:00,4.390,294.000,35.100,268.000,18.300
2014-05-17 15:00:00,4.120,209.000,26.400,192.000,18.400
2014-05-17 16:00:00,3.960,144.000,28.800,129.000,18.300
2014-05-17 17:00:00,4.090,93.000,0.000,93.000,18.000
2014-05-17 18:00:00,4.480,72.000,43.500,62.000,17.500
2014-05-17 19:00:00,5.090,26.000,55.300,21.000,16.200
2014-05-17 20:00:00,5.310,0.000,0.000,0.000,14.300
2014-05-17 21:00:00,5.340,0.000,0.000,0.000,12.700
2014-05-17 22:00:00,5.420,0.000,0.000,0.000,12.200
2014-05-17 23:00:00,5.120,0.000,0.000,0.000,11.000
2014-05-18 00:00:00,5.020,0.000,0.000,0.000,10.300
2014-05-18 01:00:00,5.100,0.000,0.000,0.000,9.900
2014-05-18 02:00:00,5.110,0.000,0.000,0.000,9.500
2014-05-18 03:00:00,5.260,0.000,0.000,0.000,9.500
2014-05-18 04:00:00,5.220,8.000,38.200,6.000,9.400
2014-05-18 05:00:00,4.630,84.000,266.500,44.000,10.300
2014-05-18 06:00:00,3.670,203.000,437.900,72.000,12.300
2014-05-18 07:00:00,3.400,378.000,636.900,94.000,14.300
2014-05-18 08:00:00,3.760,530.000,723.700,110.000,16.000
2014-05-18 09:00:00,4.310,649.000,735.600,139.000,16.900
2014-05-18 10:00:00,4.060,738.000,760.400,147.000,18.500
2014-05-18 11:00:00,4.960,549.000,354.700,256.000,18.700
2014-05-18 12:00:00,5.320,378.000,151.700,251.000,18.400
2014-05-18 13:00:00,4.440,366.000,98.900,286.000,18.100
2014-05-18 14:00:00,4.570,295.000,68.600,244.000,17.400
2014-05-18 15:00:00,4.600,280.000,66.500,237.000,16.300
2014-05-18 16:00:00,4.600,183.000,26.800,169.000,15.300
2014-05-18 17:00:00,3.890,109.000,31.400,97.000,14.400
2014-05-18 18:00:00,3.780,47.000,8.600,45.000,13.600
2014-05-18 19:00:00,3.520,26.000,21.800,24.000,13.100
2014-05-18 20:00:00,3.020,0.000,0.000,0.000,12.500
2014-05-18 21:00:00,2.660,0.000,0.000,0.000,11.800
2014-05-18 22:00:00,2.870,0.000,0.000,0.000,11.500
2014-05-18 23:00:00,2.890,0.000,0.000,0.000,11.300
2014-05-19 00:00:00,2.700,0.000,0.000,0.000,11.200
2014-05-19 01:00:00,2.240,0.000,0.000,0.000,11.100
2014-05-19 02:00:00,1.910,0.000,0.000,0.000,11.200
2014-05-19 03:00:00,2.300,0.000,0.000,0.000,11.200
2014-05-19 04:00:00,2.920,3.000,0.000,3.000,11.100
2014-05-19 05:00:00,2.920,18.000,6.500,17.000,11.200
2014-05-19 06:00:00,2.400,69.000,9.900,66.000,11.300
2014-05-19 07:00:00,1.610,151.000,107.000,103.000,11.700
2014-05-19 08:00:00,1.390,200.000,77.200,155.000,12.900
2014-05-19 09:00:00,1.000,286.000,113.600,207.000,13.700
2014-05-19 10:00:00,2.750,423.000,184.800,279.000,15.300
2014-05-19 11:00:00,2.500,474.000,214.900,296.000,16.300
2014-05-19 12:00:00,1.870,362.000,51.300,319.000,17.100
2014-05-19 13:00:00,1.300,353.000,96.200,275.000,18.100
2014-05-19 14:00:00,1.390,414.000,260.100,220.000,18.900
2014-05-19 15:00:00,1.630,482.000,484.200,168.000,19.700
2014-05-19 16:00:00,1.780,342.000,399.800,132.000,20.000
2014-05-19 17:00:00,2.350,268.000,447.300,96.000,20.000
2014-05-19 18:00:00,3.900,136.000,326.200,59.000,19.400
2014-05-19 19:00:00,5.700,42.000,171.400,26.000,17.700
2014-05-19 20:00:00,6.400,0.000,0.000,0.000,16.100
2014-05-19 21:00:00,6.360,0.000,0.000,0.000,15.000
2014-05-19 22:00:00,6.350,0.000,0.000,0.000,13.800
2014-05-19 23:00:00,6.300,0.000,0.000,0.000,13.300
2014-05-20 00:00:00,5.940,0.000,0.000,0.000,12.900
2014-05-20 01:00:00,5.390,0.000,0.000,0.000,12.400
2014-05-20 02:00:00,4.840,0.000,0.000,0.000,11.700
2014-05-20 03:00:00,4.490,0.000,0.000,0.000,11.300
2014-05-20 04:00:00,4.160,11.000,54.800,8.000,10.600
2014-05-20 05:00:00,3.830,94.000,327.300,43.000,13.000
2014-05-20 06:00:00,3.160,230.000,518.900,72.000,15.700
2014-05-20 07:00:00,2.020,381.000,641.000,92.000,18.700
2014-05-20 08:00:00,1.580,529.000,719.700,108.000,21.300
2014-05-20 09:00:00,1.530,658.000,772.600,119.000,23.100
2014-05-20 10:00:00,1.390,755.000,805.100,126.000,24.900
2014-05-20 11:00:00,2.000,811.000,816.700,133.000,26.000
2014-05-20 12:00:00,2.110,801.000,784.800,141.000,26.700
2014-05-20 13:00:00,2.050,737.000,719.500,152.000,27.000
2014-05-20 14:00:00,2.300,618.000,597.400,171.000,26.800
2014-05-20 15:00:00,2.730,460.000,427.100,182.000,26.500
2014-05-20 16:00:00,3.140,364.000,452.800,125.000,26.000
2014-05-20 17:00:00,3.970,236.000,348.600,101.000,25.400
2014-05-20 18:00:00,5.220,142.000,343.200,60.000,24.100
2014-05-20 19:00:00,5.910,48.000,232.200,26.000,21.300
2014-05-20 20:00:00,6.110,1.000,0.000,1.000,19.100
2014-05-20 21:00:00,6.080,0.000,0.000,0.000,18.000
2014-05-20 22:00:00,6.460,0.000,0.000,0.000,17.200
2014-05-20 23:00:00,6.330,0.000,0.000,0.000,16.600
2014-05-21 00:00:00,6.230,0.000,0.000,0.000,16.000
2014-05-21 01:00:00,6.360,0.000,0.000,0.000,15.300
2014-05-21 02:00:00,6.520,0.000,0.000,0.000,14.800
2014-05-21 03:00:00,6.380,0.000,0.000,0.000,14.400
2014-05-21 04:00:00,5.980,9.000,17.800,8.000,14.400
2014-05-21 05:00:00,5.770,65.000,44.200,58.000,16.100
2014-05-21 06:00:00,5.380,143.000,48.900,128.000,18.400
2014-05-21 07:00:00,3.920,381.000,637.700,92.000,20.700
2014-05-21 08:00:00,3.360,514.000,686.400,111.000,23.000
2014-05-21 09:00:00,2.510,622.000,691.700,138.000,25.000
2014-05-21 10:00:00,1.390,752.000,792.900,131.000,25.700
2014-05-21 11:00:00,0.850,805.000,805.200,135.000,26.600
2014-05-21 12:00:00,1.750,817.000,813.800,131.000,27.500
2014-05-21 13:00:00,3.420,682.000,636.800,163.000,28.100
2014-05-21 14:00:00,3.990,545.000,438.500,216.000,28.100
2014-05-21 15:00:00,4.600,391.000,260.300,221.000,27.800
2014-05-21 16:00:00,5.160,321.000,292.300,166.000,27.500
2014-05-21 17:00:00,6.360,262.000,400.100,106.000,26.800
2014-05-21 18:00:00,7.210,146.000,281.300,78.000,25.600
2014-05-21 19:00:00,8.010,47.000,166.500,31.000,24.300
2014-05-21 20:00:00,8.820,1.000,0.000,1.000,22.500
2014-05-21 21:00:00,8.910,0.000,0.000,0.000,21.600
2014-05-21 22:00:00,8.680,0.000,0.000,0.000,20.100
2014-05-21 23:00:00,8.460,0.000,0.000,0.000,19.300
2014-05-22 00:00:00,8.440,0.000,0.000,0.000,18.500
2014-05-22 01:00:00,8.720,0.000,0.000,0.000,18.000
2014-05-22 02:00:00,8.570,0.000,0.000,0.000,17.700
2014-05-22 03:00:00,8.010,0.000,0.000,0.000,17.100
2014-05-22 04:00:00,6.930,12.000,69.700,8.000,16.700
2014-05-22 05:00:00,6.440,99.000,341.300,44.000,17.500
2014-05-22 06:00:00,4.750,234.000,523.600,72.000,19.400
2014-05-22 07:00:00,3.510,382.000,630.200,95.000,21.500
2014-05-22 08:00:00,3.100,528.000,709.500,110.000,23.500
2014-05-22 09:00:00,2.970,657.000,768.200,118.000,24.900
2014-05-22 10:00:00,2.340,752.000,798.600,125.000,26.100
2014-05-22 11:00:00,2.560,808.000,813.000,130.000,27.200
2014-05-22 12:00:00,2.680,820.000,816.800,130.000,27.600
2014-05-22 13:00:00,2.280,787.000,805.400,129.000,28.100
2014-05-22 14:00:00,1.200,703.000,751.000,138.000,28.300
2014-05-22 15:00:00,0.700,590.000,698.900,132.000,28.400
2014-05-22 16:00:00,1.610,451.000,606.500,128.000,28.000
2014-05-22 17:00:00,1.120,294.000,463.700,112.000,27.500
2014-05-22 18:00:00,0.780,157.000,347.600,72.000,25.800
2014-05-22 19:00:00,0.910,46.000,151.800,31.000,23.100
2014-05-22 20:00:00,6.310,1.000,0.000,1.000,20.900
2014-05-22 21:00:00,9.730,0.000,0.000,0.000,19.900
2014-05-22 22:00:00,7.120,0.000,0.000,0.000,18.300
2014-05-22 23:00:00,8.320,0.000,0.000,0.000,17.400
2014-05-23 00:00:00,9.720,0.000,0.000,0.000,17.000
2014-05-23 01:00:00,8.820,0.000,0.000,0.000,16.200
2014-05-23 02:00:00,7.240,0.000,0.000,0.000,15.400
2014-05-23 03:00:00,5.900,0.000,0.000,0.000,14.700
2014-05-23 04:00:00,5.360,6.000,0.000,6.000,14.000
2014-05-23 05:00:00,3.740,56.000,116.100,37.000,14.400
2014-05-23 06:00:00,3.400,157.000,237.400,83.000,15.300
2014-05-23 07:00:00,2.730,283.000,303.800,144.000,16.000
2014-05-23 08:00:00,2.930,310.000,162.400,214.000,16.900
2014-05-23 09:00:00,3.400,319.000,76.800,265.000,17.600
2014-05-23 10:00:00,3.700,337.000,91.500,265.000,17.500
2014-05-23 11:00:00,4.200,357.000,146.000,235.000,17.700
2014-05-23 12:00:00,4.740,212.000,27.200,189.000,16.900
2014-05-23 13:00:00,4.180,85.000,1.200,84.000,15.600
2014-05-23 14:00:00,3.950,83.000,19.900,68.000,15.700
2014-05-23 15:00:00,4.080,143.000,21.300,129.000,16.500
2014-05-23 16:00:00,3.980,227.000,183.200,129.000,17.500
2014-05-23 17:00:00,3.810,263.000,400.000,105.000,18.000
2014-05-23 18:00:00,2.830,165.000,404.600,65.000,17.800
2014-05-23 19:00:00,2.410,45.000,147.500,30.000,16.500
2014-05-23 20:00:00,2.720,1.000,0.000,1.000,13.900
2014-05-23 21:00:00,2.850,0.000,0.000,0.000,12.600
2014-05-23 22:00:00,2.920,0.000,0.000,0.000,12.300
2014-05-23 23:00:00,2.340,0.000,0.000,0.000,11.800
2014-05-24 00:00:00,1.430,0.000,0.000,0.000,11.900
2014-05-24 01:00:00,1.630,0.000,0.000,0.000,10.500
2014-05-24 02:00:00,2.120,0.000,0.000,0.000,9.600
2014-05-24 03:00:00,2.010,0.000,0.000,0.000,9.200
2014-05-24 04:00:00,1.820,14.000,67.000,10.000,9.500
2014-05-24 05:00:00,1.910,101.000,319.300,48.000,10.800
2014-05-24 06:00:00,1.600,232.000,477.900,82.000,12.800
2014-05-24 07:00:00,1.800,261.000,154.500,190.000,15.100
2014-05-24 08:00:00,1.330,466.000,490.700,175.000,17.200
2014-05-24 09:00:00,0.850,555.000,499.100,203.000,18.700
2014-05-24 10:00:00,1.430,685.000,613.800,201.000,19.900
2014-05-24 11:00:00,1.030,634.000,545.800,177.000,20.700
2014-05-24 12:00:00,0.710,679.000,613.000,159.000,21.600
2014-05-24 13:00:00,0.720,664.000,552.000,211.000,22.100
2014-05-24 14:00:00,1.640,485.000,358.400,214.000,22.000
2014-05-24 15:00:00,3.920,420.000,344.200,193.000,21.500
2014-05-24 16:00:00,1.900,311.000,249.500,177.000,20.000
2014-05-24 17:00:00,1.410,144.000,88.100,109.000,17.800
2014-05-24 18:00:00,2.640,78.000,32.000,70.000,16.700
2014-05-24 19:00:00,3.540,47.000,134.100,33.000,16.100
2014-05-24 20:00:00,4.940,2.000,0.000,2.000,14.700
2014-05-24 21:00:00,5.560,0.000,0.000,0.000,14.500
2014-05-24 22:00:00,4.610,0.000,0.000,0.000,14.200
2014-05-24 23:00:00,4.390,0.000,0.000,0.000,13.500
2014-05-25 00:00:00,4.020,0.000,0.000,0.000,12.900
2014-05-25 01:00:00,4.120,0.000,0.000,0.000,12.200
2014-05-25 02:00:00,5.160,0.000,0.000,0.000,11.700
2014-05-25 03:00:00,5.010,0.000,0.000,0.000,11.300
2014-05-25 04:00:00,4.790,15.000,82.200,10.000,11.300
2014-05-25 05:00:00,4.830,104.000,338.800,47.000,12.300
2014-05-25 06:00:00,3.810,239.000,512.800,77.000,14.000
2014-05-25 07:00:00,3.480,375.000,565.700,114.000,15.800
2014-05-25 08:00:00,3.230,526.000,689.400,116.000,17.600
2014-05-25 09:00:00,3.040,677.000,778.100,127.000,19.000
2014-05-25 10:00:00,1.920,687.000,629.000,190.000,19.900
2014-05-25 11:00:00,2.120,750.000,628.200,223.000,20.500
2014-05-25 12:00:00,2.010,810.000,753.000,170.000,21.400
2014-05-25 13:00:00,1.700,620.000,415.900,278.000,21.500
2014-05-25 14:00:00,1.200,437.000,167.500,310.000,21.700
2014-05-25 15:00:00,0.810,339.000,139.100,247.000,21.800
2014-05-25 16:00:00,0.630,291.000,196.500,185.000,21.700
2014-05-25 17:00:00,0.610,258.000,335.200,124.000,21.500
2014-05-25 18:00:00,1.000,177.000,447.800,64.000,21.000
2014-05-25 19:00:00,1.700,59.000,261.400,31.000,18.400
2014-05-25 20:00:00,2.500,2.000,0.000,2.000,15.900
2014-05-25 21:00:00,3.530,0.000,0.000,0.000,14.600
2014-05-25 22:00:00,4.170,0.000,0.000,0.000,13.900
2014-05-25 23:00:00,5.100,0.000,0.000,0.000,13.100
2014-05-26 00:00:00,5.990,0.000,0.000,0.000,12.800
2014-05-26 01:00:00,6.410,0.000,0.000,0.000,12.400
2014-05-26 02:00:00,6.400,0.000,0.000,0.000,12.000
2014-05-26 03:00:00,6.230,0.000,0.000,0.000,11.700
2014-05-26 04:00:00,6.330,16.000,80.800,11.000,12.000
2014-05-26 05:00:00,6.260,104.000,328.700,48.000,14.000
2014-05-26 06:00:00,5.320,236.000,500.100,77.000,16.300
2014-05-26 07:00:00,4.850,371.000,580.700,102.000,18.400
2014-05-26 08:00:00,4.790,535.000,705.900,114.000,20.400
2014-05-26 09:00:00,5.190,664.000,762.200,124.000,21.900
2014-05-26 10:00:00,5.330,728.000,735.100,146.000,23.100
2014-05-26 11:00:00,6.040,675.000,616.300,157.000,23.400
2014-05-26 12:00:00,6.550,658.000,569.600,173.000,23.900
2014-05-26 13:00:00,7.250,655.000,540.000,210.000,24.000
2014-05-26 14:00:00,7.380,592.000,569.800,159.000,24.100
2014-05-26 15:00:00,7.620,442.000,423.500,161.000,24.000
2014-05-26 16:00:00,7.570,306.000,297.400,145.000,23.600
2014-05-26 17:00:00,7.540,271.000,447.700,91.000,23.000
2014-05-26 18:00:00,7.940,142.000,282.600,70.000,21.700
2014-05-26 19:00:00,8.380,45.000,182.200,25.000,20.400
2014-05-26 20:00:00,8.660,2.000,0.000,2.000,19.200
2014-05-26 21:00:00,8.860,0.000,0.000,0.000,18.100
2014-05-26 22:00:00,8.380,0.000,0.000,0.000,17.500
2014-05-26 23:00:00,8.170,0.000,0.000,0.000,16.400
2014-05-27 00:00:00,7.620,0.000,0.000,0.000,15.600
2014-05-27 01:00:00,7.350,0.000,0.000,0.000,15.000
2014-05-27 02:00:00,6.580,0.000,0.000,0.000,14.700
2014-05-27 03:00:00,6.520,0.000,0.000,0.000,14.200
2014-05-27 04:00:00,6.910,11.000,31.800,9.000,14.000
2014-05-27 05:00:00,6.710,71.000,156.600,44.000,14.400
2014-05-27 06:00:00,5.850,183.000,294.000,89.000,15.300
2014-05-27 07:00:00,5.680,177.000,150.600,107.000,16.000
2014-05-27 08:00:00,5.690,258.000,127.100,182.000,16.200
2014-05-27 09:00:00,5.680,224.000,70.400,174.000,16.000
2014-05-27 10:00:00,6.260,208.000,47.900,170.000,15.600
2014-05-27 11:00:00,6.750,218.000,3.600,215.000,15.300
2014-05-27 12:00:00,8.340,135.000,0.000,135.000,15.300
2014-05-27 13:00:00,7.930,110.000,0.000,110.000,15.400
2014-05-27 14:00:00,8.230,90.000,0.000,90.000,15.300
2014-05-27 15:00:00,7.340,101.000,0.000,101.000,15.400
2014-05-27 16:00:00,7.300,65.000,0.000,65.000,14.900
2014-05-27 17:00:00,7.620,35.000,0.000,35.000,14.200
2014-05-27 18:00:00,7.700,16.000,0.000,16.000,13.800
2014-05-27 19:00:00,7.540,6.000,0.000,6.000,13.500
2014-05-27 20:00:00,7.520,0.000,0.000,0.000,12.900
2014-05-27 21:00:00,7.430,0.000,0.000,0.000,12.200
2014-05-27 22:00:00,5.960,0.000,0.000,0.000,11.300
2014-05-27 23:00:00,5.880,0.000,0.000,0.000,10.900
2014-05-28 00:00:00,6.050,0.000,0.000,0.000,10.700
2014-05-28 01:00:00,6.380,0.000,0.000,0.000,10.400
2014-05-28 02:00:00,6.440,0.000,0.000,0.000,10.100
2014-05-28 03:00:00,6.520,0.000,0.000,0.000,10.000
2014-05-28 04:00:00,6.410,2.000,0.000,2.000,9.800
2014-05-28 05:00:00,6.540,8.000,0.000,8.000,9.700
2014-05-28 06:00:00,6.590,25.000,0.000,25.000,9.700
2014-05-28 07:00:00,6.500,21.000,0.000,21.000,9.800
2014-05-28 08:00:00,6.670,52.000,0.000,52.000,10.100
2014-05-28 09:00:00,6.310,55.000,0.000,55.000,10.300
2014-05-28 10:00:00,5.800,40.000,0.000,40.000,10.500
2014-05-28 11:00:00,7.320,58.000,0.000,58.000,10.800
2014-05-28 12:00:00,8.200,58.000,0.000,58.000,10.900
2014-05-28 13:00:00,6.740,52.000,0.000,52.000,10.800
2014-05-28 14:00:00,6.440,53.000,0.000,53.000,10.600
2014-05-28 15:00:00,6.400,35.000,0.000,35.000,10.400
2014-05-28 16:00:00,6.330,24.000,0.000,24.000,10.200
2014-05-28 17:00:00,6.240,15.000,0.000,15.000,10.000
2014-05-28 18:00:00,6.070,15.000,0.000,15.000,9.900
2014-05-28 19:00:00,6.190,4.000,0.000,4.000,9.700
2014-05-28 20:00:00,6.440,0.000,0.000,0.000,9.500
2014-05-28 21:00:00,6.570,0.000,0.000,0.000,9.200
2014-05-28 22:00:00,6.600,0.000,0.000,0.000,8.600
2014-05-28 23:00:00,6.720,0.000,0.000,0.000,8.300
2014-05-29 00:00:00,6.750,0.000,0.000,0.000,7.900
2014-05-29 01:00:00,6.930,0.000,0.000,0.000,7.500
2014-05-29 02:00:00,6.930,0.000,0.000,0.000,7.400
2014-05-29 03:00:00,6.980,0.000,0.000,0.000,7.300
2014-05-29 04:00:00,6.840,2.000,0.000,2.000,7.200
2014-05-29 05:00:00,6.750,13.000,0.000,13.000,7.400
2014-05-29 06:00:00,6.500,32.000,3.100,31.000,7.600
2014-05-29 07:00:00,6.260,92.000,44.900,71.000,8.000
2014-05-29 08:00:00,7.030,175.000,88.200,122.000,8.700
2014-05-29 09:00:00,6.460,226.000,68.800,177.000,9.400
2014-05-29 10:00:00,6.240,317.000,105.500,233.000,10.500
2014-05-29 11:00:00,5.300,372.000,63.900,318.000,11.000
2014-05-29 12:00:00,4.880,355.000,66.600,298.000,11.500
2014-05-29 13:00:00,4.630,397.000,66.400,342.000,12.000
2014-05-29 14:00:00,4.330,312.000,60.100,266.000,12.300
2014-05-29 15:00:00,4.310,272.000,77.700,220.000,12.500
2014-05-29 16:00:00,4.300,152.000,14.600,144.000,12.400
2014-05-29 17:00:00,3.270,113.000,24.500,103.000,12.200
2014-05-29 18:00:00,3.090,60.000,19.100,55.000,11.900
2014-05-29 19:00:00,3.000,19.000,8.500,18.000,11.400
2014-05-29 20:00:00,3.140,1.000,0.000,1.000,10.800
2014-05-29 21:00:00,3.110,0.000,0.000,0.000,9.500
2014-05-29 22:00:00,2.910,0.000,0.000,0.000,8.600
2014-05-29 23:00:00,2.800,0.000,0.000,0.000,7.900
2014-05-30 00:00:00,3.550,0.000,0.000,0.000,7.400
2014-05-30 01:00:00,4.040,0.000,0.000,0.000,6.500
2014-05-30 02:00:00,3.640,0.000,0.000,0.000,5.700
2014-05-30 03:00:00,3.050,0.000,0.000,0.000,5.100
2014-05-30 04:00:00,2.620,18.000,91.600,12.000,4.700
2014-05-30 05:00:00,1.930,104.000,314.700,48.000,7.100
2014-05-30 06:00:00,0.820,235.000,452.600,88.000,10.000
2014-05-30 07:00:00,0.980,406.000,653.900,99.000,12.500
2014-05-30 08:00:00,1.210,522.000,680.800,112.000,13.800
2014-05-30 09:00:00,1.030,690.000,782.900,131.000,15.200
2014-05-30 10:00:00,0.860,706.000,652.300,186.000,16.100
2014-05-30 11:00:00,1.430,613.000,391.300,282.000,16.700
2014-05-30 12:00:00,2.140,481.000,206.500,304.000,17.100
2014-05-30 13:00:00,2.690,476.000,227.700,287.000,17.500
2014-05-30 14:00:00,2.910,464.000,272.600,255.000,17.800
2014-05-30 15:00:00,3.420,453.000,395.000,188.000,18.000
2014-05-30 16:00:00,4.050,330.000,280.200,176.000,18.000
2014-05-30 17:00:00,4.370,254.000,309.100,127.000,17.800
2014-05-30 18:00:00,4.670,190.000,454.000,70.000,17.100
2014-05-30 19:00:00,5.230,69.000,283.800,35.000,15.200
2014-05-30 20:00:00,5.540,4.000,19.100,3.000,12.900
2014-05-30 21:00:00,5.530,0.000,0.000,0.000,11.600
2014-05-30 22:00:00,6.000,0.000,0.000,0.000,10.200
2014-05-30 23:00:00,5.870,0.000,0.000,0.000,9.700
2014-05-31 00:00:00,5.880,0.000,0.000,0.000,9.100
2014-05-31 01:00:00,6.020,0.000,0.000,0.000,8.700
2014-05-31 02:00:00,6.280,0.000,0.000,0.000,8.500
2014-05-31 03:00:00,6.320,0.000,0.000,0.000,8.400
2014-05-31 04:00:00,6.000,19.000,75.400,14.000,8.300
2014-05-31 05:00:00,6.110,116.000,362.000,51.000,9.600
2014-05-31 06:00:00,5.830,254.000,539.500,78.000,10.900
2014-05-31 07:00:00,4.900,338.000,388.700,155.000,12.500
2014-05-31 08:00:00,4.880,517.000,584.900,164.000,14.000
2014-05-31 09:00:00,5.260,680.000,755.100,140.000,15.200
2014-05-31 10:00:00,5.350,759.000,756.600,155.000,16.600
2014-05-31 11:00:00,5.790,828.000,756.600,187.000,17.400
2014-05-31 12:00:00,5.950,851.000,790.800,172.000,18.100
2014-05-31 13:00:00,6.180,822.000,805.600,152.000,18.700
2014-05-31 14:00:00,6.070,730.000,762.800,144.000,19.000
2014-05-31 15:00:00,6.000,617.000,734.400,123.000,19.000
2014-05-31 16:00:00,6.110,481.000,640.100,128.000,18.800
2014-05-31 17:00:00,6.220,337.000,569.000,102.000,18.100
2014-05-31 18:00:00,6.300,191.000,442.700,73.000,17.100
2014-05-31 19:00:00,6.470,64.000,163.700,44.000,15.300
2014-05-31 20:00:00,6.340,4.000,19.100,3.000,13.400
2014-05-31 21:00:00,6.040,0.000,0.000,0.000,11.800
2014-05-31 22:00:00,4.850,0.000,0.000,0.000,10.000
2014-05-31 23:00:00,4.410,0.000,0.000,0.000,8.700
2014-06-01 00:00:00,3.940,0.000,0.000,0.000,7.200
2014-06-01 01:00:00,3.470,0.000,0.000,0.000,6.200
2014-06-01 02:00:00,3.400,0.000,0.000,0.000,6.000
2014-06-01 03:00:00,3.930,0.000,0.000,0.000,5.900
2014-06-01 04:00:00,4.460,19.000,89.500,13.000,6.600
2014-06-01 05:00:00,4.340,99.000,276.100,49.000,8.300
2014-06-01 06:00:00,4.270,215.000,378.500,91.000,10.300
2014-06-01 07:00:00,4.340,215.000,175.800,132.000,12.000
2014-06-01 08:00:00,3.810,367.000,317.500,175.000,13.000
2014-06-01 09:00:00,3.620,368.000,231.800,202.000,13.500
2014-06-01 10:00:00,3.160,345.000,131.300,240.000,14.000
2014-06-01 11:00:00,3.310,450.000,159.100,315.000,15.000
2014-06-01 12:00:00,3.180,370.000,87.200,295.000,15.300
2014-06-01 13:00:00,3.180,309.000,56.400,262.000,15.800
2014-06-01 14:00:00,3.300,441.000,283.200,223.000,16.400
2014-06-01 15:00:00,3.400,278.000,37.100,253.000,16.500
2014-06-01 16:00:00,3.220,186.000,83.100,140.000,16.200
2014-06-01 17:00:00,3.200,133.000,60.200,108.000,15.800
2014-06-01 18:00:00,3.240,81.000,81.900,59.000,15.100
2014-06-01 19:00:00,3.300,52.000,144.600,34.000,14.000
2014-06-01 20:00:00,3.320,4.000,0.000,4.000,12.400
2014-06-01 21:00:00,3.350,0.000,0.000,0.000,11.500
2014-06-01 22:00:00,3.760,0.000,0.000,0.000,10.000
2014-06-01 23:00:00,3.470,0.000,0.000,0.000,9.400
2014-06-02 00:00:00,3.320,0.000,0.000,0.000,9.100
2014-06-02 01:00:00,3.110,0.000,0.000,0.000,8.900
2014-06-02 02:00:00,3.040,0.000,0.000,0.000,8.600
2014-06-02 03:00:00,3.010,0.000,0.000,0.000,8.100
2014-06-02 04:00:00,2.700,14.000,59.000,10.000,8.400
2014-06-02 05:00:00,2.610,84.000,202.700,47.000,9.600
2014-06-02 06:00:00,2.000,184.000,316.200,80.000,11.800
2014-06-02 07:00:00,1.600,270.000,300.100,128.000,14.200
2014-06-02 08:00:00,1.650,439.000,492.000,141.000,15.600
2014-06-02 09:00:00,1.410,598.000,630.100,146.000,16.400
2014-06-02 10:00:00,2.000,511.000,437.300,161.000,17.200
2014-06-02 11:00:00,2.000,497.000,297.800,244.000,17.900
2014-06-02 12:00:00,1.490,381.000,138.200,262.000,18.100
2014-06-02 13:00:00,1.280,367.000,182.200,215.000,18.700
2014-06-02 14:00:00,1.270,419.000,215.200,253.000,19.500
2014-06-02 15:00:00,1.280,314.000,211.500,171.000,19.600
2014-06-02 16:00:00,1.300,266.000,266.600,118.000,19.600
2014-06-02 17:00:00,1.170,230.000,278.200,114.000,19.800
2014-06-02 18:00:00,1.340,122.000,169.900,76.000,18.800
2014-06-02 19:00:00,2.400,60.000,181.600,37.000,17.200
2014-06-02 20:00:00,3.280,4.000,0.000,4.000,14.900
2014-06-02 21:00:00,3.850,0.000,0.000,0.000,13.800
2014-06-02 22:00:00,3.580,0.000,0.000,0.000,11.900
2014-06-02 23:00:00,2.830,0.000,0.000,0.000,10.700
2014-06-03 00:00:00,2.770,0.000,0.000,0.000,9.500
2014-06-03 01:00:00,2.860,0.000,0.000,0.000,8.200
2014-06-03 02:00:00,3.010,0.000,0.000,0.000,8.100
2014-06-03 03:00:00,3.130,0.000,0.000,0.000,8.300
2014-06-03 04:00:00,3.090,15.000,43.900,12.000,8.500
2014-06-03 05:00:00,2.940,88.000,195.800,52.000,10.400
2014-06-03 06:00:00,1.840,178.000,245.400,97.000,12.900
2014-06-03 07:00:00,1.120,326.000,396.400,138.000,15.300
2014-06-03 08:00:00,0.850,479.000,530.700,157.000,17.700
2014-06-03 09:00:00,0.410,621.000,657.100,149.000,19.100
2014-06-03 10:00:00,0.610,588.000,509.100,180.000,19.700
2014-06-03 11:00:00,0.820,566.000,433.900,197.000,20.000
2014-06-03 12:00:00,0.910,702.000,523.100,251.000,20.800
2014-06-03 13:00:00,0.630,707.000,621.100,188.000,21.300
2014-06-03 14:00:00,0.320,601.000,533.200,189.000,21.600
2014-06-03 15:00:00,0.500,480.000,492.900,146.000,21.600
2014-06-03 16:00:00,0.850,306.000,260.400,161.000,21.400
2014-06-03 17:00:00,1.750,283.000,441.600,98.000,20.900
2014-06-03 18:00:00,2.590,162.000,337.200,70.000,20.200
2014-06-03 19:00:00,3.410,72.000,279.400,36.000,18.200
2014-06-03 20:00:00,4.530,5.000,19.100,4.000,15.600
2014-06-03 21:00:00,5.970,0.000,0.000,0.000,14.800
2014-06-03 22:00:00,5.880,0.000,0.000,0.000,14.600
2014-06-03 23:00:00,5.880,0.000,0.000,0.000,13.800
2014-06-04 00:00:00,5.640,0.000,0.000,0.000,13.100
2014-06-04 01:00:00,5.300,0.000,0.000,0.000,12.400
2014-06-04 02:00:00,5.690,0.000,0.000,0.000,12.000
2014-06-04 03:00:00,5.800,0.000,0.000,0.000,11.500
2014-06-04 04:00:00,5.500,22.000,130.500,13.000,11.300
2014-06-04 05:00:00,5.220,118.000,367.400,50.000,12.800
2014-06-04 06:00:00,4.420,256.000,540.500,77.000,15.400
2014-06-04 07:00:00,3.750,406.000,648.000,98.000,17.900
2014-06-04 08:00:00,4.250,551.000,717.500,115.000,19.900
2014-06-04 09:00:00,4.980,673.000,756.400,129.000,21.000
2014-06-04 10:00:00,4.740,748.000,751.600,145.000,22.100
2014-06-04 11:00:00,4.830,735.000,658.900,174.000,22.600
2014-06-04 12:00:00,4.740,771.000,661.500,200.000,22.800
2014-06-04 13:00:00,4.780,682.000,556.900,216.000,22.700
2014-06-04 14:00:00,5.200,596.000,462.500,238.000,22.500
2014-06-04 15:00:00,5.330,446.000,356.400,204.000,22.000
2014-06-04 16:00:00,5.160,290.000,195.100,181.000,21.200
2014-06-04 17:00:00,5.800,217.000,142.600,157.000,20.300
2014-06-04 18:00:00,5.240,100.000,18.200,95.000,19.000
2014-06-04 19:00:00,4.600,29.000,7.600,28.000,18.000
2014-06-04 20:00:00,3.670,2.000,0.000,2.000,16.900
2014-06-04 21:00:00,3.500,0.000,0.000,0.000,16.300
2014-06-04 22:00:00,3.410,0.000,0.000,0.000,15.300
2014-06-04 23:00:00,4.030,0.000,0.000,0.000,15.100
2014-06-05 00:00:00,4.260,0.000,0.000,0.000,14.900
2014-06-05 01:00:00,4.900,0.000,0.000,0.000,14.600
2014-06-05 02:00:00,5.410,0.000,0.000,0.000,14.500
2014-06-05 03:00:00,7.410,0.000,0.000,0.000,14.200
2014-06-05 04:00:00,9.000,2.000,0.000,2.000,13.500
2014-06-05 05:00:00,8.050,11.000,0.000,11.000,12.600
2014-06-05 06:00:00,8.640,41.000,0.000,41.000,12.200
2014-06-05 07:00:00,8.360,160.000,63.000,130.000,12.600
2014-06-05 08:00:00,7.670,420.000,440.500,152.000,13.300
2014-06-05 09:00:00,8.740,654.000,644.500,190.000,14.600
2014-06-05 10:00:00,7.210,724.000,714.700,150.000,16.400
2014-06-05 11:00:00,8.840,576.000,321.500,302.000,16.600
2014-06-05 12:00:00,9.050,556.000,369.100,237.000,16.200
2014-06-05 13:00:00,9.300,601.000,480.900,198.000,16.700
2014-06-05 14:00:00,9.620,624.000,576.600,177.000,17.200
2014-06-05 15:00:00,9.480,581.000,649.500,139.000,17.300
2014-06-05 16:00:00,9.000,456.000,612.200,113.000,17.200
2014-06-05 17:00:00,8.540,265.000,390.500,100.000,16.600
2014-06-05 18:00:00,7.280,154.000,350.500,57.000,16.100
2014-06-05 19:00:00,6.530,46.000,127.900,29.000,15.400
2014-06-05 20:00:00,5.880,5.000,19.100,4.000,14.400
2014-06-05 21:00:00,5.940,0.000,0.000,0.000,13.500
2014-06-05 22:00:00,6.500,0.000,0.000,0.000,12.300
2014-06-05 23:00:00,5.950,0.000,0.000,0.000,11.700
2014-06-06 00:00:00,6.320,0.000,0.000,0.000,11.300
2014-06-06 01:00:00,6.320,0.000,0.000,0.000,10.700
2014-06-06 02:00:00,6.180,0.000,0.000,0.000,10.300
2014-06-06 03:00:00,6.160,0.000,0.000,0.000,9.600
2014-06-06 04:00:00,6.100,24.000,128.500,15.000,9.600
2014-06-06 05:00:00,5.630,117.000,357.800,50.000,11.600
2014-06-06 06:00:00,4.250,259.000,540.400,79.000,14.000
2014-06-06 07:00:00,3.450,411.000,654.100,99.000,16.000
2014-06-06 08:00:00,3.180,561.000,735.400,113.000,17.900
2014-06-06 09:00:00,3.260,692.000,788.100,124.000,18.900
2014-06-06 10:00:00,3.300,789.000,818.500,131.000,20.000
2014-06-06 11:00:00,3.260,805.000,723.100,188.000,20.700
2014-06-06 12:00:00,2.970,832.000,761.700,173.000,21.400
2014-06-06 13:00:00,2.380,794.000,744.900,169.000,22.000
2014-06-06 14:00:00,2.060,696.000,685.100,164.000,22.500
2014-06-06 15:00:00,1.460,577.000,620.300,154.000,22.900
2014-06-06 16:00:00,1.200,458.000,567.800,139.000,23.100
2014-06-06 17:00:00,0.810,266.000,315.900,132.000,23.100
2014-06-06 18:00:00,1.440,142.000,226.200,79.000,22.700
2014-06-06 19:00:00,2.980,76.000,289.300,37.000,20.000
2014-06-06 20:00:00,3.970,7.000,19.100,6.000,16.600
2014-06-06 21:00:00,4.740,0.000,0.000,0.000,15.100
2014-06-06 22:00:00,4.840,0.000,0.000,0.000,14.400
2014-06-06 23:00:00,4.800,0.000,0.000,0.000,13.500
2014-06-07 00:00:00,4.180,0.000,0.000,0.000,12.500
2014-06-07 01:00:00,3.350,0.000,0.000,0.000,11.700
2014-06-07 02:00:00,2.610,0.000,0.000,0.000,11.200
2014-06-07 03:00:00,2.060,0.000,0.000,0.000,11.200
2014-06-07 04:00:00,1.920,23.000,127.700,14.000,11.400
2014-06-07 05:00:00,1.680,118.000,361.300,50.000,13.900
2014-06-07 06:00:00,1.240,253.000,527.100,77.000,16.500
2014-06-07 07:00:00,0.630,391.000,584.000,112.000,19.100
2014-06-07 08:00:00,0.630,528.000,632.900,142.000,21.600
2014-06-07 09:00:00,0.720,653.000,675.100,166.000,23.400
2014-06-07 10:00:00,0.500,754.000,743.200,156.000,25.000
2014-06-07 11:00:00,0.900,822.000,785.700,151.000,26.300
2014-06-07 12:00:00,1.410,842.000,816.300,135.000,27.400
2014-06-07 13:00:00,1.840,812.000,808.300,133.000,28.100
2014-06-07 14:00:00,2.060,739.000,788.200,126.000,28.600
2014-06-07 15:00:00,2.280,626.000,731.700,126.000,28.700
2014-06-07 16:00:00,2.430,453.000,523.700,158.000,28.500
2014-06-07 17:00:00,1.800,269.000,244.200,165.000,27.500
2014-06-07 18:00:00,1.040,130.000,74.900,109.000,26.600
2014-06-07 19:00:00,1.330,50.000,14.600,48.000,24.700
2014-06-07 20:00:00,2.810,6.000,0.000,6.000,23.000
2014-06-07 21:00:00,4.400,0.000,0.000,0.000,21.700
2014-06-07 22:00:00,4.420,0.000,0.000,0.000,19.800
2014-06-07 23:00:00,4.100,0.000,0.000,0.000,18.200
2014-06-08 00:00:00,4.220,0.000,0.000,0.000,17.800
2014-06-08 01:00:00,4.810,0.000,0.000,0.000,16.900
2014-06-08 02:00:00,5.180,0.000,0.000,0.000,16.800
2014-06-08 03:00:00,5.610,0.000,0.000,0.000,16.500
2014-06-08 04:00:00,5.900,23.000,112.900,15.000,16.900
2014-06-08 05:00:00,5.900,109.000,312.100,50.000,18.700
2014-06-08 06:00:00,5.330,248.000,511.000,77.000,21.600
2014-06-08 07:00:00,3.960,377.000,562.300,108.000,23.900
2014-06-08 08:00:00,2.870,287.000,172.000,182.000,25.900
2014-06-08 09:00:00,2.480,567.000,592.800,139.000,27.500
2014-06-08 10:00:00,1.910,729.000,732.600,139.000,28.000
2014-06-08 11:00:00,1.840,813.000,790.900,137.000,29.100
2014-06-08 12:00:00,5.170,825.000,786.700,143.000,29.600
2014-06-08 13:00:00,3.760,780.000,734.800,162.000,29.800
2014-06-08 14:00:00,3.450,590.000,459.700,232.000,28.400
2014-06-08 15:00:00,5.010,328.000,138.800,233.000,26.900
2014-06-08 16:00:00,5.500,207.000,62.000,172.000,25.700
2014-06-08 17:00:00,5.280,145.000,79.600,111.000,25.100
2014-06-08 18:00:00,5.190,147.000,248.300,77.000,23.800
2014-06-08 19:00:00,5.390,72.000,253.000,37.000,21.800
2014-06-08 20:00:00,5.410,7.000,19.100,6.000,20.400
2014-06-08 21:00:00,5.280,0.000,0.000,0.000,19.100
2014-06-08 22:00:00,3.280,0.000,0.000,0.000,18.500
2014-06-08 23:00:00,2.690,0.000,0.000,0.000,17.500
2014-06-09 00:00:00,2.640,0.000,0.000,0.000,16.700
2014-06-09 01:00:00,2.600,0.000,0.000,0.000,16.100
2014-06-09 02:00:00,1.800,0.000,0.000,0.000,16.200
2014-06-09 03:00:00,1.570,0.000,0.000,0.000,16.100
2014-06-09 04:00:00,3.040,22.000,98.300,15.000,16.500
2014-06-09 05:00:00,3.790,103.000,268.700,52.000,17.500
2014-06-09 06:00:00,4.240,207.000,307.200,104.000,18.100
2014-06-09 07:00:00,4.650,278.000,256.800,155.000,19.100
2014-06-09 08:00:00,4.470,415.000,358.400,196.000,20.500
2014-06-09 09:00:00,4.320,516.000,370.900,248.000,22.200
2014-06-09 10:00:00,4.030,707.000,624.200,204.000,23.500
2014-06-09 11:00:00,3.570,806.000,770.400,147.000,25.200
2014-06-09 12:00:00,3.880,793.000,757.200,136.000,26.400
2014-06-09 13:00:00,4.630,787.000,774.400,135.000,27.300
2014-06-09 14:00:00,4.300,709.000,725.800,143.000,27.400
2014-06-09 15:00:00,4.020,600.000,685.300,130.000,27.200
2014-06-09 16:00:00,4.610,456.000,572.400,132.000,27.000
2014-06-09 17:00:00,5.040,301.000,447.700,109.000,26.800
2014-06-09 18:00:00,5.300,153.000,236.300,86.000,26.100
2014-06-09 19:00:00,6.000,63.000,157.200,41.000,24.800
2014-06-09 20:00:00,7.130,6.000,19.100,5.000,23.300
2014-06-09 21:00:00,7.520,0.000,0.000,0.000,22.400
2014-06-09 22:00:00,6.490,0.000,0.000,0.000,20.800
2014-06-09 23:00:00,4.340,0.000,0.000,0.000,20.300
2014-06-10 00:00:00,2.530,0.000,0.000,0.000,19.800
2014-06-10 01:00:00,1.140,0.000,0.000,0.000,19.300
2014-06-10 02:00:00,4.080,0.000,0.000,0.000,18.700
2014-06-10 03:00:00,5.810,0.000,0.000,0.000,18.500
2014-06-10 04:00:00,5.880,23.000,111.800,15.000,18.300
2014-06-10 05:00:00,5.240,110.000,304.600,52.000,18.800
2014-06-10 06:00:00,2.200,234.000,419.900,93.000,19.800
2014-06-10 07:00:00,2.910,272.000,210.700,171.000,20.700
2014-06-10 08:00:00,2.530,356.000,196.200,236.000,21.900
2014-06-10 09:00:00,1.840,506.000,330.600,267.000,23.300
2014-06-10 10:00:00,3.210,734.000,689.500,178.000,24.900
2014-06-10 11:00:00,4.860,778.000,705.600,174.000,26.000
2014-06-10 12:00:00,6.100,825.000,787.700,141.000,26.800
2014-06-10 13:00:00,4.880,801.000,795.000,131.000,27.900
2014-06-10 14:00:00,2.830,729.000,772.200,126.000,28.900
2014-06-10 15:00:00,1.550,622.000,732.300,119.000,30.500
2014-06-10 16:00:00,1.000,435.000,569.300,112.000,29.500
2014-06-10 17:00:00,0.640,83.000,51.100,61.000,25.100
2014-06-10 18:00:00,2.310,21.000,0.000,21.000,24.800
2014-06-10 19:00:00,4.300,43.000,84.800,31.000,24.000
2014-06-10 20:00:00,4.300,2.000,0.000,2.000,22.800
2014-06-10 21:00:00,4.340,0.000,0.000,0.000,22.100
2014-06-10 22:00:00,3.320,0.000,0.000,0.000,21.300
2014-06-10 23:00:00,0.730,0.000,0.000,0.000,20.500
2014-06-11 00:00:00,4.440,0.000,0.000,0.000,19.900
2014-06-11 01:00:00,5.480,0.000,0.000,0.000,19.000
2014-06-11 02:00:00,6.020,0.000,0.000,0.000,18.700
2014-06-11 03:00:00,6.050,0.000,0.000,0.000,18.400
2014-06-11 04:00:00,6.240,22.000,97.500,15.000,18.500
2014-06-11 05:00:00,6.220,111.000,298.400,54.000,19.300
2014-06-11 06:00:00,4.880,233.000,437.200,86.000,19.900
2014-06-11 07:00:00,4.480,349.000,479.400,119.000,20.200
2014-06-11 08:00:00,3.980,353.000,274.600,185.000,20.100
2014-06-11 09:00:00,4.200,358.000,215.700,202.000,19.700
2014-06-11 10:00:00,2.410,277.000,75.600,216.000,19.500
2014-06-11 11:00:00,2.940,272.000,45.500,233.000,19.200
2014-06-11 12:00:00,3.470,558.000,355.600,249.000,20.100
2014-06-11 13:00:00,3.690,543.000,367.500,233.000,20.400
2014-06-11 14:00:00,3.440,530.000,401.700,216.000,21.000
2014-06-11 15:00:00,3.410,479.000,337.200,247.000,21.300
2014-06-11 16:00:00,3.670,352.000,316.600,172.000,21.500
2014-06-11 17:00:00,4.750,246.000,356.900,92.000,21.200
2014-06-11 18:00:00,5.600,170.000,349.200,70.000,20.700
2014-06-11 19:00:00,5.410,60.000,174.900,35.000,19.700
2014-06-11 20:00:00,6.090,8.000,38.200,6.000,18.400
2014-06-11 21:00:00,6.260,0.000,0.000,0.000,17.100
2014-06-11 22:00:00,5.150,0.000,0.000,0.000,14.800
2014-06-11 23:00:00,4.810,0.000,0.000,0.000,13.500
2014-06-12 00:00:00,4.250,0.000,0.000,0.000,12.200
2014-06-12 01:00:00,4.340,0.000,0.000,0.000,11.300
2014-06-12 02:00:00,4.200,0.000,0.000,0.000,10.400
2014-06-12 03:00:00,3.530,0.000,0.000,0.000,10.200
2014-06-12 04:00:00,3.140,26.000,138.800,16.000,10.700
2014-06-12 05:00:00,2.970,123.000,355.200,55.000,12.800
2014-06-12 06:00:00,2.830,261.000,528.800,83.000,14.500
2014-06-12 07:00:00,2.940,377.000,549.900,113.000,16.000
2014-06-12 08:00:00,3.520,472.000,526.000,150.000,17.100
2014-06-12 09:00:00,3.640,494.000,435.300,179.000,17.600
2014-06-12 10:00:00,3.420,522.000,319.600,264.000,18.300
2014-06-12 11:00:00,3.970,551.000,260.200,328.000,19.200
2014-06-12 12:00:00,4.360,525.000,226.500,328.000,19.500
2014-06-12 13:00:00,4.200,503.000,203.700,331.000,20.000
2014-06-12 14:00:00,4.400,426.000,175.100,289.000,20.400
2014-06-12 15:00:00,4.750,407.000,200.300,269.000,20.700
2014-06-12 16:00:00,4.690,252.000,96.600,197.000,20.500
2014-06-12 17:00:00,4.820,230.000,235.700,128.000,20.400
2014-06-12 18:00:00,4.740,183.000,347.600,83.000,19.800
2014-06-12 19:00:00,4.960,64.000,173.300,39.000,18.400
2014-06-12 20:00:00,5.280,9.000,38.200,7.000,16.100
2014-06-12 21:00:00,5.490,0.000,0.000,0.000,14.600
2014-06-12 22:00:00,5.420,0.000,0.000,0.000,13.600
2014-06-12 23:00:00,4.800,0.000,0.000,0.000,12.500
2014-06-13 00:00:00,4.320,0.000,0.000,0.000,11.300
2014-06-13 01:00:00,4.240,0.000,0.000,0.000,10.900
2014-06-13 02:00:00,4.400,0.000,0.000,0.000,10.800
2014-06-13 03:00:00,5.050,0.000,0.000,0.000,11.000
2014-06-13 04:00:00,5.430,25.000,124.600,16.000,11.400
2014-06-13 05:00:00,5.760,119.000,338.900,54.000,12.800
2014-06-13 06:00:00,5.480,253.000,489.700,88.000,14.200
2014-06-13 07:00:00,5.790,323.000,412.200,125.000,15.400
2014-06-13 08:00:00,6.280,413.000,414.800,159.000,16.500
2014-06-13 09:00:00,7.020,388.000,303.900,168.000,17.200
2014-06-13 10:00:00,6.110,430.000,291.000,195.000,17.500
2014-06-13 11:00:00,6.450,297.000,110.800,202.000,17.500
2014-06-13 12:00:00,6.500,309.000,141.400,186.000,17.500
2014-06-13 13:00:00,7.240,323.000,124.300,218.000,18.000
2014-06-13 14:00:00,8.170,344.000,143.000,232.000,18.700
2014-06-13 15:00:00,8.830,466.000,468.200,143.000,19.200
2014-06-13 16:00:00,8.340,361.000,434.600,113.000,18.900
2014-06-13 17:00:00,8.160,293.000,447.200,99.000,18.400
2014-06-13 18:00:00,8.220,189.000,405.100,72.000,17.600
2014-06-13 19:00:00,8.070,66.000,178.700,40.000,16.200
2014-06-13 20:00:00,7.640,8.000,38.200,6.000,15.000
2014-06-13 21:00:00,7.310,0.000,0.000,0.000,14.300
2014-06-13 22:00:00,6.780,0.000,0.000,0.000,13.700
2014-06-13 23:00:00,6.740,0.000,0.000,0.000,13.300
2014-06-14 00:00:00,6.720,0.000,0.000,0.000,13.000
2014-06-14 01:00:00,6.890,0.000,0.000,0.000,12.600
2014-06-14 02:00:00,6.840,0.000,0.000,0.000,12.700
2014-06-14 03:00:00,6.620,0.000,0.000,0.000,12.600
2014-06-14 04:00:00,6.400,14.000,27.600,12.000,12.600
2014-06-14 05:00:00,6.770,61.000,46.900,52.000,12.900
2014-06-14 06:00:00,5.600,126.000,97.900,93.000,13.400
2014-06-14 07:00:00,5.060,256.000,260.100,131.000,14.300
2014-06-14 08:00:00,4.640,409.000,400.000,164.000,15.300
2014-06-14 09:00:00,4.690,475.000,313.500,248.000,16.000
2014-06-14 10:00:00,3.680,530.000,302.100,286.000,16.400
2014-06-14 11:00:00,3.910,497.000,274.000,262.000,16.700
2014-06-14 12:00:00,4.270,602.000,427.300,230.000,17.500
2014-06-14 13:00:00,4.690,557.000,418.700,203.000,17.500
2014-06-14 14:00:00,4.400,585.000,431.100,247.000,18.000
2014-06-14 15:00:00,3.260,451.000,392.400,180.000,17.600
2014-06-14 16:00:00,3.540,369.000,402.400,139.000,16.300
2014-06-14 17:00:00,3.420,225.000,257.500,113.000,16.900
2014-06-14 18:00:00,3.400,137.000,251.800,64.000,16.900
2014-06-14 19:00:00,3.570,63.000,170.500,38.000,16.200
2014-06-14 20:00:00,3.800,8.000,38.200,6.000,14.300
2014-06-14 21:00:00,3.710,0.000,0.000,0.000,12.600
2014-06-14 22:00:00,3.730,0.000,0.000,0.000,11.500
2014-06-14 23:00:00,2.510,0.000,0.000,0.000,11.200
2014-06-15 00:00:00,2.620,0.000,0.000,0.000,11.100
2014-06-15 01:00:00,3.500,0.000,0.000,0.000,11.100
2014-06-15 02:00:00,4.220,0.000,0.000,0.000,11.100
2014-06-15 03:00:00,4.580,0.000,0.000,0.000,11.500
2014-06-15 04:00:00,4.480,14.000,55.200,10.000,11.800
2014-06-15 05:00:00,4.260,61.000,78.000,46.000,12.600
2014-06-15 06:00:00,3.890,122.000,127.500,79.000,13.600
2014-06-15 07:00:00,2.980,129.000,47.900,106.000,14.700
2014-06-15 08:00:00,2.470,197.000,57.100,162.000,15.700
2014-06-15 09:00:00,2.640,302.000,194.700,161.000,16.900
2014-06-15 10:00:00,1.920,437.000,263.600,224.000,17.300
2014-06-15 11:00:00,2.130,546.000,416.100,189.000,18.200
2014-06-15 12:00:00,2.720,680.000,540.800,209.000,19.400
2014-06-15 13:00:00,3.040,551.000,401.900,211.000,19.900
2014-06-15 14:00:00,2.770,558.000,472.800,187.000,20.500
2014-06-15 15:00:00,2.730,390.000,273.300,201.000,20.800
2014-06-15 16:00:00,2.730,389.000,473.400,118.000,21.200
2014-06-15 17:00:00,2.840,242.000,293.700,114.000,20.900
2014-06-15 18:00:00,3.520,160.000,295.600,74.000,20.200
2014-06-15 19:00:00,5.320,63.000,149.000,41.000,18.300
2014-06-15 20:00:00,6.680,8.000,38.200,6.000,16.000
2014-06-15 21:00:00,7.210,0.000,0.000,0.000,14.500
2014-06-15 22:00:00,6.710,0.000,0.000,0.000,13.700
2014-06-15 23:00:00,5.880,0.000,0.000,0.000,12.600
2014-06-16 00:00:00,5.530,0.000,0.000,0.000,11.900
2014-06-16 01:00:00,5.460,0.000,0.000,0.000,11.200
2014-06-16 02:00:00,5.500,0.000,0.000,0.000,10.700
2014-06-16 03:00:00,5.490,0.000,0.000,0.000,10.400
2014-06-16 04:00:00,5.100,24.000,110.400,16.000,10.400
2014-06-16 05:00:00,4.850,113.000,280.800,59.000,11.600
2014-06-16 06:00:00,4.900,229.000,352.900,110.000,12.600
2014-06-16 07:00:00,4.810,222.000,120.700,164.000,13.200
2014-06-16 08:00:00,4.870,226.000,65.300,186.000,13.700
2014-06-16 09:00:00,5.420,272.000,37.300,245.000,14.100
2014-06-16 10:00:00,5.030,349.000,76.700,287.000,14.600
2014-06-16 11:00:00,5.740,302.000,32.600,274.000,14.900
2014-06-16 12:00:00,6.230,273.000,43.600,235.000,14.800
2014-06-16 13:00:00,6.750,235.000,10.600,226.000,14.900
2014-06-16 14:00:00,6.930,163.000,3.800,160.000,15.000
2014-06-16 15:00:00,6.170,180.000,5.800,176.000,15.600
2014-06-16 16:00:00,6.260,163.000,15.700,154.000,15.700
2014-06-16 17:00:00,5.280,149.000,50.400,127.000,15.700
2014-06-16 18:00:00,4.970,75.000,20.600,69.000,15.400
2014-06-16 19:00:00,5.370,23.000,0.000,23.000,15.000
2014-06-16 20:00:00,5.370,3.000,0.000,3.000,14.500
2014-06-16 21:00:00,5.240,0.000,0.000,0.000,14.000
2014-06-16 22:00:00,4.700,0.000,0.000,0.000,13.500
2014-06-16 23:00:00,4.480,0.000,0.000,0.000,13.200
2014-06-17 00:00:00,3.760,0.000,0.000,0.000,12.900
2014-06-17 01:00:00,4.110,0.000,0.000,0.000,12.700
2014-06-17 02:00:00,4.300,0.000,0.000,0.000,12.600
2014-06-17 03:00:00,3.960,0.000,0.000,0.000,12.600
2014-06-17 04:00:00,3.830,13.000,41.400,10.000,12.600
2014-06-17 05:00:00,3.420,76.000,166.500,44.000,13.200
2014-06-17 06:00:00,3.090,149.000,145.400,100.000,14.000
2014-06-17 07:00:00,2.870,186.000,141.500,118.000,14.900
2014-06-17 08:00:00,2.660,248.000,153.500,154.000,16.200
2014-06-17 09:00:00,2.130,345.000,234.700,175.000,17.300
2014-06-17 10:00:00,2.190,391.000,201.700,228.000,18.300
2014-06-17 11:00:00,2.100,519.000,328.500,237.000,19.500
2014-06-17 12:00:00,2.250,619.000,459.000,219.000,20.600
2014-06-17 13:00:00,2.470,529.000,346.000,236.000,21.300
2014-06-17 14:00:00,2.670,438.000,241.800,248.000,21.700
2014-06-17 15:00:00,2.960,369.000,213.600,221.000,21.600
2014-06-17 16:00:00,3.160,278.000,162.000,185.000,21.400
2014-06-17 17:00:00,3.280,165.000,77.700,131.000,21.100
2014-06-17 18:00:00,3.540,122.000,126.400,85.000,20.300
2014-06-17 19:00:00,4.090,68.000,187.400,40.000,18.900
2014-06-17 20:00:00,5.090,10.000,57.200,7.000,17.300
2014-06-17 21:00:00,5.570,0.000,0.000,0.000,16.100
2014-06-17 22:00:00,5.950,0.000,0.000,0.000,14.500
2014-06-17 23:00:00,5.760,0.000,0.000,0.000,13.300
2014-06-18 00:00:00,5.860,0.000,0.000,0.000,12.400
2014-06-18 01:00:00,5.520,0.000,0.000,0.000,11.400
2014-06-18 02:00:00,5.060,0.000,0.000,0.000,10.700
2014-06-18 03:00:00,5.100,0.000,0.000,0.000,10.100
2014-06-18 04:00:00,4.680,22.000,41.500,19.000,10.000
2014-06-18 05:00:00,4.360,99.000,135.400,73.000,11.400
2014-06-18 06:00:00,3.710,213.000,282.000,118.000,13.100
2014-06-18 07:00:00,3.700,337.000,362.400,163.000,14.700
2014-06-18 08:00:00,4.340,463.000,486.700,165.000,16.000
2014-06-18 09:00:00,4.900,483.000,385.300,204.000,16.800
2014-06-18 10:00:00,4.070,586.000,414.600,251.000,18.100
2014-06-18 11:00:00,4.430,496.000,263.300,270.000,18.600
2014-06-18 12:00:00,5.220,408.000,109.000,313.000,18.600
2014-06-18 13:00:00,5.570,408.000,127.500,300.000,19.200
2014-06-18 14:00:00,5.980,452.000,253.100,253.000,19.400
2014-06-18 15:00:00,6.400,417.000,304.300,206.000,19.700
2014-06-18 16:00:00,6.490,309.000,247.100,167.000,19.300
2014-06-18 17:00:00,6.180,246.000,287.500,120.000,19.000
2014-06-18 18:00:00,5.880,151.000,255.500,76.000,18.000
2014-06-18 19:00:00,6.020,70.000,193.000,41.000,17.100
2014-06-18 20:00:00,5.880,8.000,18.900,7.000,15.800
2014-06-18 21:00:00,5.830,0.000,0.000,0.000,15.000
2014-06-18 22:00:00,5.390,0.000,0.000,0.000,14.500
2014-06-18 23:00:00,5.680,0.000,0.000,0.000,13.800
2014-06-19 00:00:00,5.690,0.000,0.000,0.000,13.300
2014-06-19 01:00:00,5.790,0.000,0.000,0.000,13.000
2014-06-19 02:00:00,6.090,0.000,0.000,0.000,12.700
2014-06-19 03:00:00,6.480,0.000,0.000,0.000,12.600
2014-06-19 04:00:00,6.210,12.000,41.500,9.000,12.600
2014-06-19 05:00:00,6.910,55.000,41.700,47.000,12.800
2014-06-19 06:00:00,8.560,107.000,65.400,85.000,13.100
2014-06-19 07:00:00,8.400,152.000,35.400,135.000,13.600
2014-06-19 08:00:00,9.040,156.000,9.800,150.000,14.100
2014-06-19 09:00:00,9.050,159.000,9.700,152.000,14.500
2014-06-19 10:00:00,8.100,198.000,8.700,191.000,15.000
2014-06-19 11:00:00,8.830,171.000,15.100,158.000,15.100
2014-06-19 12:00:00,8.940,206.000,13.800,194.000,15.500
2014-06-19 13:00:00,9.620,212.000,18.900,196.000,15.400
2014-06-19 14:00:00,9.650,305.000,115.700,214.000,15.700
2014-06-19 15:00:00,9.800,253.000,69.200,205.000,15.800
2014-06-19 16:00:00,9.300,320.000,271.100,164.000,16.100
2014-06-19 17:00:00,9.420,251.000,314.300,113.000,15.700
2014-06-19 18:00:00,9.620,156.000,278.700,74.000,15.100
2014-06-19 19:00:00,8.820,52.000,132.500,32.000,14.500
2014-06-19 20:00:00,8.600,9.000,37.700,7.000,13.800
2014-06-19 21:00:00,8.700,0.000,0.000,0.000,13.400
2014-06-19 22:00:00,8.480,0.000,0.000,0.000,13.100
2014-06-19 23:00:00,8.230,0.000,0.000,0.000,13.000
2014-06-20 00:00:00,8.220,0.000,0.000,0.000,12.700
2014-06-20 01:00:00,8.560,0.000,0.000,0.000,12.500
2014-06-20 02:00:00,8.660,0.000,0.000,0.000,12.200
2014-06-20 03:00:00,8.640,0.000,0.000,0.000,12.000
2014-06-20 04:00:00,8.210,12.000,0.000,12.000,12.000
2014-06-20 05:00:00,8.100,63.000,26.100,58.000,12.000
2014-06-20 06:00:00,8.640,125.000,74.400,100.000,12.400
2014-06-20 07:00:00,8.880,184.000,133.500,120.000,13.100
2014-06-20 08:00:00,9.580,311.000,248.500,159.000,13.800
2014-06-20 09:00:00,9.870,358.000,221.100,198.000,14.600
2014-06-20 10:00:00,8.730,456.000,321.900,196.000,15.400
2014-06-20 11:00:00,10.040,552.000,396.100,212.000,16.100
2014-06-20 12:00:00,9.740,474.000,212.200,289.000,16.400
2014-06-20 13:00:00,10.040,389.000,77.900,323.000,16.300
2014-06-20 14:00:00,9.960,416.000,226.100,238.000,16.700
2014-06-20 15:00:00,9.900,449.000,298.100,242.000,16.900
2014-06-20 16:00:00,9.570,295.000,189.300,186.000,16.600
2014-06-20 17:00:00,8.630,229.000,195.600,143.000,16.000
2014-06-20 18:00:00,7.980,139.000,156.000,93.000,15.300
2014-06-20 19:00:00,8.030,61.000,118.800,43.000,14.400
2014-06-20 20:00:00,7.530,8.000,37.500,6.000,13.600
2014-06-20 21:00:00,7.200,0.000,0.000,0.000,13.000
2014-06-20 22:00:00,6.300,0.000,0.000,0.000,12.500
2014-06-20 23:00:00,6.650,0.000,0.000,0.000,11.800
2014-06-21 00:00:00,6.890,0.000,0.000,0.000,11.600
2014-06-21 01:00:00,6.750,0.000,0.000,0.000,11.400
2014-06-21 02:00:00,6.760,0.000,0.000,0.000,11.400
2014-06-21 03:00:00,6.910,0.000,0.000,0.000,11.400
2014-06-21 04:00:00,7.100,13.000,27.800,11.000,11.700
2014-06-21 05:00:00,7.010,47.000,31.400,41.000,12.000
2014-06-21 06:00:00,8.840,141.000,175.800,82.000,12.800
2014-06-21 07:00:00,8.690,203.000,194.200,110.000,13.600
2014-06-21 08:00:00,8.020,325.000,286.300,150.000,14.000
2014-06-21 09:00:00,8.950,282.000,145.200,177.000,14.500
2014-06-21 10:00:00,7.630,259.000,83.000,192.000,14.700
2014-06-21 11:00:00,7.720,372.000,173.600,223.000,15.000
2014-06-21 12:00:00,8.000,374.000,131.900,259.000,15.200
2014-06-21 13:00:00,8.320,424.000,255.900,207.000,15.800
2014-06-21 14:00:00,8.480,335.000,210.800,169.000,15.900
2014-06-21 15:00:00,9.010,302.000,213.000,154.000,16.300
2014-06-21 16:00:00,8.750,260.000,215.100,136.000,16.000
2014-06-21 17:00:00,7.370,165.000,181.700,85.000,15.700
2014-06-21 18:00:00,7.060,112.000,176.000,60.000,15.300
2014-06-21 19:00:00,7.270,55.000,144.600,33.000,14.500
2014-06-21 20:00:00,6.720,6.000,18.600,5.000,13.700
2014-06-21 21:00:00,6.400,0.000,0.000,0.000,13.000
2014-06-21 22:00:00,6.310,0.000,0.000,0.000,12.500
2014-06-21 23:00:00,6.170,0.000,0.000,0.000,12.200
2014-06-22 00:00:00,5.980,0.000,0.000,0.000,11.900
2014-06-22 01:00:00,6.070,0.000,0.000,0.000,11.500
2014-06-22 02:00:00,5.970,0.000,0.000,0.000,11.300
2014-06-22 03:00:00,5.980,0.000,0.000,0.000,10.900
2014-06-22 04:00:00,6.140,20.000,97.800,13.000,11.000
2014-06-22 05:00:00,6.410,95.000,252.200,47.000,11.900
2014-06-22 06:00:00,7.790,197.000,349.200,80.000,13.200
2014-06-22 07:00:00,7.240,296.000,361.600,123.000,14.300
2014-06-22 08:00:00,6.680,429.000,470.000,142.000,14.900
2014-06-22 09:00:00,6.650,432.000,379.100,158.000,15.900
2014-06-22 10:00:00,6.990,450.000,261.400,239.000,16.000
2014-06-22 11:00:00,7.490,505.000,336.800,216.000,16.600
2014-06-22 12:00:00,8.140,572.000,428.900,198.000,17.200
2014-06-22 13:00:00,8.280,539.000,406.800,194.000,17.700
2014-06-22 14:00:00,8.370,538.000,460.800,175.000,18.200
2014-06-22 15:00:00,8.250,363.000,248.800,190.000,18.000
2014-06-22 16:00:00,8.070,347.000,261.800,196.000,17.900
2014-06-22 17:00:00,7.700,301.000,390.300,129.000,17.400
2014-06-22 18:00:00,7.440,187.000,358.200,81.000,16.400
2014-06-22 19:00:00,7.080,88.000,262.200,48.000,14.900
2014-06-22 20:00:00,6.520,11.000,55.700,8.000,13.200
2014-06-22 21:00:00,6.260,0.000,0.000,0.000,12.000
2014-06-22 22:00:00,6.050,0.000,0.000,0.000,10.800
2014-06-22 23:00:00,5.860,0.000,0.000,0.000,10.000
2014-06-23 00:00:00,5.820,0.000,0.000,0.000,9.400
2014-06-23 01:00:00,5.800,0.000,0.000,0.000,9.000
2014-06-23 02:00:00,5.770,0.000,0.000,0.000,8.900
2014-06-23 03:00:00,6.010,0.000,0.000,0.000,9.200
2014-06-23 04:00:00,5.900,17.000,56.100,13.000,9.300
2014-06-23 05:00:00,5.900,73.000,116.000,51.000,10.600
2014-06-23 06:00:00,5.200,151.000,143.600,103.000,12.000
2014-06-23 07:00:00,6.540,285.000,326.500,129.000,13.200
2014-06-23 08:00:00,7.430,334.000,226.200,196.000,14.100
2014-06-23 09:00:00,7.430,343.000,150.900,234.000,14.600
2014-06-23 10:00:00,6.130,340.000,42.100,306.000,15.700
2014-06-23 11:00:00,5.780,317.000,52.500,272.000,16.400
2014-06-23 12:00:00,6.090,380.000,59.600,328.000,17.200
2014-06-23 13:00:00,5.910,410.000,107.300,319.000,18.000
2014-06-23 14:00:00,5.900,383.000,154.800,261.000,18.300
2014-06-23 15:00:00,5.990,316.000,64.700,271.000,18.800
2014-06-23 16:00:00,6.040,247.000,64.100,210.000,18.700
2014-06-23 17:00:00,5.900,205.000,77.100,171.000,18.200
2014-06-23 18:00:00,5.890,109.000,101.200,79.000,17.500
2014-06-23 19:00:00,5.750,81.000,235.500,45.000,16.300
2014-06-23 20:00:00,5.460,11.000,55.600,8.000,14.600
2014-06-23 21:00:00,5.060,0.000,0.000,0.000,12.600
2014-06-23 22:00:00,4.020,0.000,0.000,0.000,11.700
2014-06-23 23:00:00,2.780,0.000,0.000,0.000,10.600
2014-06-24 00:00:00,3.440,0.000,0.000,0.000,10.700
2014-06-24 01:00:00,4.400,0.000,0.000,0.000,10.700
2014-06-24 02:00:00,5.200,0.000,0.000,0.000,11.500
2014-06-24 03:00:00,5.410,0.000,0.000,0.000,11.500
2014-06-24 04:00:00,5.530,18.000,70.500,13.000,12.000
2014-06-24 05:00:00,5.630,74.000,127.000,50.000,12.700
2014-06-24 06:00:00,5.000,128.000,89.900,98.000,13.600
2014-06-24 07:00:00,4.940,200.000,192.800,108.000,14.200
2014-06-24 08:00:00,4.550,295.000,182.100,184.000,15.200
2014-06-24 09:00:00,4.280,390.000,292.300,179.000,16.100
2014-06-24 10:00:00,3.900,569.000,342.200,293.000,16.800
2014-06-24 11:00:00,4.600,558.000,298.500,302.000,17.100
2014-06-24 12:00:00,5.300,572.000,323.500,290.000,17.700
2014-06-24 13:00:00,6.010,447.000,324.300,172.000,17.100
2014-06-24 14:00:00,5.950,546.000,450.500,191.000,16.800
2014-06-24 15:00:00,5.320,489.000,389.500,218.000,17.300
2014-06-24 16:00:00,6.890,348.000,270.100,192.000,16.800
2014-06-24 17:00:00,5.920,205.000,126.900,149.000,15.600
2014-06-24 18:00:00,4.750,101.000,40.500,89.000,14.800
2014-06-24 19:00:00,4.510,25.000,6.500,24.000,14.000
2014-06-24 20:00:00,3.630,5.000,0.000,5.000,13.200
2014-06-24 21:00:00,2.910,0.000,0.000,0.000,12.300
2014-06-24 22:00:00,4.000,0.000,0.000,0.000,11.600
2014-06-24 23:00:00,3.830,0.000,0.000,0.000,11.600
2014-06-25 00:00:00,4.660,0.000,0.000,0.000,11.400
2014-06-25 01:00:00,4.680,0.000,0.000,0.000,11.100
2014-06-25 02:00:00,5.060,0.000,0.000,0.000,10.800
2014-06-25 03:00:00,4.710,0.000,0.000,0.000,10.500
2014-06-25 04:00:00,4.350,17.000,56.700,13.000,10.100
2014-06-25 05:00:00,3.760,77.000,159.500,47.000,10.500
2014-06-25 06:00:00,3.800,203.000,348.600,87.000,11.400
2014-06-25 07:00:00,3.190,317.000,373.700,139.000,12.400
2014-06-25 08:00:00,3.410,403.000,359.700,184.000,13.300
2014-06-25 09:00:00,3.680,520.000,420.100,217.000,14.200
2014-06-25 10:00:00,3.770,568.000,395.800,249.000,14.800
2014-06-25 11:00:00,4.100,457.000,257.800,236.000,13.800
2014-06-25 12:00:00,4.110,609.000,414.200,248.000,14.100
2014-06-25 13:00:00,4.530,502.000,340.800,213.000,15.100
2014-06-25 14:00:00,3.720,612.000,496.100,221.000,16.000
2014-06-25 15:00:00,3.440,548.000,566.200,154.000,16.200
2014-06-25 16:00:00,2.820,436.000,529.700,130.000,16.800
2014-06-25 17:00:00,2.250,299.000,443.800,103.000,16.800
2014-06-25 18:00:00,1.550,176.000,333.500,77.000,16.600
2014-06-25 19:00:00,2.190,56.000,110.900,39.000,15.400
2014-06-25 20:00:00,2.550,10.000,55.400,7.000,14.100
2014-06-25 21:00:00,2.560,0.000,0.000,0.000,11.900
2014-06-25 22:00:00,1.620,0.000,0.000,0.000,11.700
2014-06-25 23:00:00,1.970,0.000,0.000,0.000,9.100
2014-06-26 00:00:00,2.580,0.000,0.000,0.000,8.700
2014-06-26 01:00:00,2.510,0.000,0.000,0.000,8.100
2014-06-26 02:00:00,2.000,0.000,0.000,0.000,7.900
2014-06-26 03:00:00,1.360,0.000,0.000,0.000,8.500
2014-06-26 04:00:00,0.810,17.000,0.000,17.000,9.100
2014-06-26 05:00:00,0.920,70.000,5.300,69.000,9.900
2014-06-26 06:00:00,1.260,147.000,48.200,131.000,11.400
2014-06-26 07:00:00,1.020,272.000,201.900,176.000,13.400
2014-06-26 08:00:00,0.710,425.000,312.500,235.000,15.400
2014-06-26 09:00:00,0.420,503.000,308.100,281.000,16.700
2014-06-26 10:00:00,1.030,384.000,126.600,282.000,16.700
2014-06-26 11:00:00,0.810,355.000,85.200,282.000,17.000
2014-06-26 12:00:00,1.270,380.000,110.200,284.000,17.100
2014-06-26 13:00:00,1.270,378.000,148.600,252.000,17.100
2014-06-26 14:00:00,1.130,513.000,319.800,261.000,17.600
2014-06-26 15:00:00,1.030,383.000,370.700,125.000,17.700
2014-06-26 16:00:00,1.580,423.000,446.500,165.000,18.400
2014-06-26 17:00:00,1.980,247.000,353.200,91.000,18.000
2014-06-26 18:00:00,2.220,202.000,437.800,72.000,18.100
2014-06-26 19:00:00,1.910,78.000,247.800,40.000,16.300
2014-06-26 20:00:00,2.200,10.000,55.300,7.000,14.100
2014-06-26 21:00:00,2.940,0.000,0.000,0.000,12.100
2014-06-26 22:00:00,4.130,0.000,0.000,0.000,10.300
2014-06-26 23:00:00,4.440,0.000,0.000,0.000,9.600
2014-06-27 00:00:00,4.270,0.000,0.000,0.000,9.000
2014-06-27 01:00:00,4.000,0.000,0.000,0.000,8.400
2014-06-27 02:00:00,4.120,0.000,0.000,0.000,8.200
2014-06-27 03:00:00,4.150,0.000,0.000,0.000,7.800
2014-06-27 04:00:00,4.180,22.000,86.200,16.000,8.700
2014-06-27 05:00:00,4.270,101.000,214.900,61.000,10.700
2014-06-27 06:00:00,3.670,155.000,211.600,85.000,12.500
2014-06-27 07:00:00,2.910,298.000,215.000,196.000,15.300
2014-06-27 08:00:00,2.720,465.000,393.600,226.000,17.600
2014-06-27 09:00:00,3.100,622.000,571.000,211.000,19.200
2014-06-27 10:00:00,2.600,742.000,685.800,190.000,20.700
2014-06-27 11:00:00,2.410,624.000,477.500,215.000,21.400
2014-06-27 12:00:00,2.610,583.000,403.000,232.000,22.100
2014-06-27 13:00:00,3.220,613.000,395.200,278.000,22.600
2014-06-27 14:00:00,3.670,433.000,248.700,237.000,22.600
2014-06-27 15:00:00,3.790,376.000,231.300,215.000,22.400
2014-06-27 16:00:00,3.640,292.000,141.900,210.000,22.300
2014-06-27 17:00:00,3.010,199.000,90.500,159.000,21.800
2014-06-27 18:00:00,2.770,106.000,30.300,97.000,20.500
2014-06-27 19:00:00,3.240,51.000,6.500,50.000,18.900
2014-06-27 20:00:00,3.940,6.000,0.000,6.000,17.800
2014-06-27 21:00:00,4.530,0.000,0.000,0.000,17.000
2014-06-27 22:00:00,3.090,0.000,0.000,0.000,16.400
2014-06-27 23:00:00,2.470,0.000,0.000,0.000,15.300
2014-06-28 00:00:00,3.280,0.000,0.000,0.000,15.000
2014-06-28 01:00:00,5.020,0.000,0.000,0.000,14.700
2014-06-28 02:00:00,5.800,0.000,0.000,0.000,14.500
2014-06-28 03:00:00,5.320,0.000,0.000,0.000,13.900
2014-06-28 04:00:00,4.890,13.000,0.000,13.000,13.800
2014-06-28 05:00:00,4.280,64.000,37.800,57.000,14.400
2014-06-28 06:00:00,3.140,161.000,121.300,121.000,16.000
2014-06-28 07:00:00,3.220,278.000,280.900,145.000,17.200
2014-06-28 08:00:00,3.620,424.000,356.300,208.000,18.100
2014-06-28 09:00:00,3.980,457.000,264.200,267.000,18.700
2014-06-28 10:00:00,4.690,481.000,215.100,308.000,19.900
2014-06-28 11:00:00,5.090,573.000,333.000,288.000,20.800
2014-06-28 12:00:00,5.320,607.000,288.300,356.000,21.200
2014-06-28 13:00:00,5.300,493.000,151.000,365.000,20.700
2014-06-28 14:00:00,4.520,382.000,71.100,326.000,21.000
2014-06-28 15:00:00,4.460,263.000,27.300,244.000,20.200
2014-06-28 16:00:00,4.680,181.000,27.700,165.000,19.300
2014-06-28 17:00:00,3.790,131.000,34.000,116.000,18.500
2014-06-28 18:00:00,2.510,84.000,13.500,80.000,17.900
2014-06-28 19:00:00,1.580,14.000,0.000,14.000,17.200
2014-06-28 20:00:00,1.910,3.000,0.000,3.000,16.500
2014-06-28 21:00:00,3.000,0.000,0.000,0.000,15.800
2014-06-28 22:00:00,3.760,0.000,0.000,0.000,14.800
2014-06-28 23:00:00,2.910,0.000,0.000,0.000,14.600
2014-06-29 00:00:00,2.800,0.000,0.000,0.000,14.400
2014-06-29 01:00:00,4.070,0.000,0.000,0.000,14.100
2014-06-29 02:00:00,5.020,0.000,0.000,0.000,13.900
2014-06-29 03:00:00,5.910,0.000,0.000,0.000,13.700
2014-06-29 04:00:00,5.510,2.000,0.000,2.000,13.500
2014-06-29 05:00:00,5.390,13.000,0.000,13.000,13.400
2014-06-29 06:00:00,5.190,29.000,0.000,29.000,13.500
2014-06-29 07:00:00,4.920,55.000,0.000,55.000,13.700
2014-06-29 08:00:00,4.670,102.000,5.000,99.000,13.800
2014-06-29 09:00:00,3.720,209.000,51.500,172.000,14.100
2014-06-29 10:00:00,3.160,356.000,166.800,222.000,15.700
2014-06-29 11:00:00,3.100,586.000,394.000,249.000,17.000
2014-06-29 12:00:00,3.100,503.000,281.500,258.000,17.600
2014-06-29 13:00:00,2.750,388.000,201.800,217.000,17.400
2014-06-29 14:00:00,4.850,310.000,148.500,193.000,16.400
2014-06-29 15:00:00,6.110,237.000,87.700,176.000,15.300
2014-06-29 16:00:00,5.140,263.000,150.600,176.000,15.400
2014-06-29 17:00:00,3.450,169.000,124.500,114.000,15.700
2014-06-29 18:00:00,3.340,156.000,215.700,92.000,15.700
2014-06-29 19:00:00,4.130,38.000,39.200,32.000,14.700
2014-06-29 20:00:00,4.540,9.000,37.100,7.000,13.800
2014-06-29 21:00:00,4.700,0.000,0.000,0.000,13.200
2014-06-29 22:00:00,5.120,0.000,0.000,0.000,12.800
2014-06-29 23:00:00,5.010,0.000,0.000,0.000,12.300
2014-06-30 00:00:00,5.530,0.000,0.000,0.000,12.300
2014-06-30 01:00:00,5.200,0.000,0.000,0.000,12.000
2014-06-30 02:00:00,5.300,0.000,0.000,0.000,11.900
2014-06-30 03:00:00,5.180,0.000,0.000,0.000,11.700
2014-06-30 04:00:00,4.870,16.000,58.900,12.000,11.700
2014-06-30 05:00:00,4.010,90.000,180.700,57.000,12.600
2014-06-30 06:00:00,4.010,189.000,357.200,72.000,13.500
2014-06-30 07:00:00,3.370,302.000,390.400,118.000,14.400
2014-06-30 08:00:00,3.520,382.000,284.600,210.000,15.500
2014-06-30 09:00:00,3.850,429.000,264.900,239.000,16.100
2014-06-30 10:00:00,3.810,573.000,389.900,260.000,15.900
2014-06-30 11:00:00,4.900,578.000,299.500,322.000,16.200
2014-06-30 12:00:00,5.230,488.000,220.700,296.000,16.400
2014-06-30 13:00:00,4.700,536.000,309.400,274.000,16.500
2014-06-30 14:00:00,5.530,443.000,205.700,281.000,16.200
2014-06-30 15:00:00,7.250,411.000,263.100,228.000,15.700
2014-06-30 16:00:00,6.290,262.000,117.700,194.000,15.500
2014-06-30 17:00:00,5.160,208.000,176.700,130.000,15.500
2014-06-30 18:00:00,4.850,185.000,354.200,80.000,15.200
2014-06-30 19:00:00,5.360,64.000,183.600,36.000,14.100
2014-06-30 20:00:00,5.710,9.000,37.200,7.000,13.600
2014-06-30 21:00:00,5.800,0.000,0.000,0.000,12.500
2014-06-30 22:00:00,5.410,0.000,0.000,0.000,11.400
2014-06-30 23:00:00,5.970,0.000,0.000,0.000,11.000
2014-07-01 00:00:00,5.600,0.000,0.000,0.000,10.600
2014-07-01 01:00:00,4.910,0.000,0.000,0.000,10.500
2014-07-01 02:00:00,4.700,0.000,0.000,0.000,10.300
2014-07-01 03:00:00,4.900,0.000,0.000,0.000,9.800
2014-07-01 04:00:00,4.710,21.000,118.800,13.000,9.800
2014-07-01 05:00:00,4.220,109.000,319.800,51.000,10.900
2014-07-01 06:00:00,3.260,233.000,475.100,78.000,12.500
2014-07-01 07:00:00,3.260,311.000,444.500,102.000,13.900
2014-07-01 08:00:00,3.500,473.000,562.000,134.000,15.200
2014-07-01 09:00:00,3.800,548.000,554.100,151.000,15.500
2014-07-01 10:00:00,3.130,565.000,436.400,215.000,16.100
2014-07-01 11:00:00,3.310,529.000,346.500,233.000,16.600
2014-07-01 12:00:00,3.710,690.000,559.100,204.000,16.800
2014-07-01 13:00:00,3.930,591.000,368.600,279.000,17.100
2014-07-01 14:00:00,4.030,495.000,339.300,228.000,17.400
2014-07-01 15:00:00,4.200,399.000,328.000,171.000,17.300
2014-07-01 16:00:00,5.000,328.000,381.100,108.000,17.400
2014-07-01 17:00:00,5.350,295.000,405.800,116.000,17.600
2014-07-01 18:00:00,5.010,170.000,310.700,78.000,17.000
2014-07-01 19:00:00,4.030,73.000,230.200,38.000,15.500
2014-07-01 20:00:00,4.100,8.000,37.400,6.000,14.000
2014-07-01 21:00:00,4.740,0.000,0.000,0.000,12.700
2014-07-01 22:00:00,5.150,0.000,0.000,0.000,12.100
2014-07-01 23:00:00,5.600,0.000,0.000,0.000,11.300
2014-07-02 00:00:00,5.900,0.000,0.000,0.000,10.900
2014-07-02 01:00:00,5.810,0.000,0.000,0.000,10.400
2014-07-02 02:00:00,5.610,0.000,0.000,0.000,10.100
2014-07-02 03:00:00,5.600,0.000,0.000,0.000,9.900
2014-07-02 04:00:00,5.600,20.000,105.000,13.000,9.900
2014-07-02 05:00:00,5.200,105.000,311.200,49.000,11.000
2014-07-02 06:00:00,5.140,226.000,458.500,77.000,12.700
2014-07-02 07:00:00,4.880,330.000,418.000,134.000,14.400
2014-07-02 08:00:00,5.120,471.000,584.600,119.000,15.500
2014-07-02 09:00:00,5.220,516.000,500.400,158.000,16.300
2014-07-02 10:00:00,3.880,520.000,405.700,195.000,16.500
2014-07-02 11:00:00,4.230,529.000,386.700,199.000,16.800
2014-07-02 12:00:00,4.600,633.000,504.200,195.000,17.700
2014-07-02 13:00:00,4.900,582.000,438.600,211.000,18.500
2014-07-02 14:00:00,5.410,543.000,434.800,201.000,18.800
2014-07-02 15:00:00,5.650,383.000,332.500,152.000,18.900
2014-07-02 16:00:00,5.640,397.000,481.900,119.000,19.200
2014-07-02 17:00:00,5.410,255.000,354.000,99.000,18.900
2014-07-02 18:00:00,4.490,133.000,175.900,81.000,18.600
2014-07-02 19:00:00,3.610,63.000,184.900,35.000,17.500
2014-07-02 20:00:00,2.980,10.000,37.600,8.000,14.300
2014-07-02 21:00:00,2.880,0.000,0.000,0.000,12.000
2014-07-02 22:00:00,1.140,0.000,0.000,0.000,11.600
2014-07-02 23:00:00,0.220,0.000,0.000,0.000,11.500
2014-07-03 00:00:00,1.300,0.000,0.000,0.000,10.300
2014-07-03 01:00:00,3.050,0.000,0.000,0.000,9.900
2014-07-03 02:00:00,4.260,0.000,0.000,0.000,9.600
2014-07-03 03:00:00,5.040,0.000,0.000,0.000,9.600
2014-07-03 04:00:00,5.750,20.000,106.100,13.000,9.700
2014-07-03 05:00:00,5.590,107.000,268.900,59.000,11.800
2014-07-03 06:00:00,4.580,250.000,543.900,74.000,14.400
2014-07-03 07:00:00,4.270,400.000,658.600,92.000,17.000
2014-07-03 08:00:00,4.760,536.000,670.600,133.000,19.100
2014-07-03 09:00:00,4.980,660.000,713.900,150.000,20.100
2014-07-03 10:00:00,3.830,757.000,739.800,165.000,21.200
2014-07-03 11:00:00,4.040,810.000,747.100,173.000,22.200
2014-07-03 12:00:00,4.320,769.000,646.300,208.000,22.800
2014-07-03 13:00:00,4.360,654.000,454.300,270.000,23.200
2014-07-03 14:00:00,4.300,704.000,697.100,156.000,23.900
2014-07-03 15:00:00,4.250,646.000,746.000,128.000,24.400
2014-07-03 16:00:00,3.980,520.000,723.500,103.000,24.700
2014-07-03 17:00:00,3.000,370.000,640.700,88.000,24.500
2014-07-03 18:00:00,2.010,220.000,511.900,69.000,23.800
2014-07-03 19:00:00,1.700,90.000,318.400,42.000,21.400
2014-07-03 20:00:00,2.420,11.000,56.700,8.000,18.000
2014-07-03 21:00:00,3.090,0.000,0.000,0.000,16.300
2014-07-03 22:00:00,3.210,0.000,0.000,0.000,14.300
2014-07-03 23:00:00,4.200,0.000,0.000,0.000,13.800
2014-07-04 00:00:00,5.000,0.000,0.000,0.000,13.300
2014-07-04 01:00:00,5.200,0.000,0.000,0.000,13.000
2014-07-04 02:00:00,5.110,0.000,0.000,0.000,12.800
2014-07-04 03:00:00,5.050,0.000,0.000,0.000,12.700
2014-07-04 04:00:00,5.140,20.000,122.600,12.000,12.900
2014-07-04 05:00:00,5.130,113.000,372.800,47.000,15.300
2014-07-04 06:00:00,4.570,250.000,546.300,74.000,18.400
2014-07-04 07:00:00,3.160,401.000,660.500,93.000,21.200
2014-07-04 08:00:00,2.940,552.000,743.600,106.000,23.700
2014-07-04 09:00:00,3.850,683.000,794.900,116.000,25.400
2014-07-04 10:00:00,3.040,782.000,824.500,123.000,26.700
2014-07-04 11:00:00,3.350,843.000,840.500,127.000,27.500
2014-07-04 12:00:00,3.100,860.000,842.800,129.000,28.100
2014-07-04 13:00:00,3.180,831.000,834.600,126.000,28.600
2014-07-04 14:00:00,3.570,758.000,810.900,121.000,28.800
2014-07-04 15:00:00,3.030,649.000,772.500,113.000,29.100
2014-07-04 16:00:00,2.410,514.000,713.800,103.000,28.700
2014-07-04 17:00:00,1.800,352.000,587.000,94.000,27.900
2014-07-04 18:00:00,2.550,185.000,350.000,82.000,27.000
2014-07-04 19:00:00,3.610,63.000,106.700,47.000,24.900
2014-07-04 20:00:00,4.920,7.000,0.000,7.000,23.000
2014-07-04 21:00:00,5.590,0.000,0.000,0.000,21.400
2014-07-04 22:00:00,2.820,0.000,0.000,0.000,20.400
2014-07-04 23:00:00,2.920,0.000,0.000,0.000,19.400
2014-07-05 00:00:00,2.680,0.000,0.000,0.000,18.600
2014-07-05 01:00:00,3.480,0.000,0.000,0.000,18.400
2014-07-05 02:00:00,5.030,0.000,0.000,0.000,17.700
2014-07-05 03:00:00,5.020,0.000,0.000,0.000,17.600
2014-07-05 04:00:00,4.690,16.000,46.500,13.000,18.100
2014-07-05 05:00:00,4.260,97.000,228.000,57.000,19.200
2014-07-05 06:00:00,3.700,185.000,252.600,104.000,20.500
2014-07-05 07:00:00,3.040,303.000,367.800,132.000,22.200
2014-07-05 08:00:00,3.000,495.000,598.200,137.000,23.500
2014-07-05 09:00:00,3.120,629.000,717.500,118.000,24.500
2014-07-05 10:00:00,1.820,752.000,787.900,123.000,26.100
2014-07-05 11:00:00,3.100,766.000,745.000,132.000,26.800
2014-07-05 12:00:00,3.450,803.000,740.900,161.000,27.100
2014-07-05 13:00:00,5.250,591.000,495.300,173.000,26.700
2014-07-05 14:00:00,5.200,559.000,508.400,160.000,26.400
2014-07-05 15:00:00,5.450,412.000,336.100,179.000,23.300
2014-07-05 16:00:00,6.280,174.000,62.600,138.000,21.400
2014-07-05 17:00:00,5.830,89.000,2.300,88.000,21.300
2014-07-05 18:00:00,5.240,94.000,13.600,90.000,21.100
2014-07-05 19:00:00,5.520,55.000,87.200,42.000,20.700
2014-07-05 20:00:00,5.760,8.000,38.200,6.000,19.900
2014-07-05 21:00:00,6.010,0.000,0.000,0.000,19.700
2014-07-05 22:00:00,5.560,0.000,0.000,0.000,19.200
2014-07-05 23:00:00,6.560,0.000,0.000,0.000,19.000
2014-07-06 00:00:00,6.650,0.000,0.000,0.000,18.600
2014-07-06 01:00:00,5.800,0.000,0.000,0.000,18.300
2014-07-06 02:00:00,5.560,0.000,0.000,0.000,17.900
2014-07-06 03:00:00,5.370,0.000,0.000,0.000,17.700
2014-07-06 04:00:00,5.500,15.000,47.100,12.000,18.000
2014-07-06 05:00:00,5.530,84.000,161.200,56.000,19.000
2014-07-06 06:00:00,4.840,202.000,322.900,99.000,20.500
2014-07-06 07:00:00,4.920,373.000,593.400,98.000,21.800
2014-07-06 08:00:00,5.730,489.000,628.000,114.000,23.200
2014-07-06 09:00:00,6.140,528.000,524.600,155.000,24.100
2014-07-06 10:00:00,5.220,535.000,498.000,138.000,25.400
2014-07-06 11:00:00,5.700,555.000,354.100,254.000,26.200
2014-07-06 12:00:00,5.930,531.000,403.100,182.000,27.200
2014-07-06 13:00:00,5.950,470.000,372.400,156.000,27.300
2014-07-06 14:00:00,5.000,639.000,665.700,117.000,28.300
2014-07-06 15:00:00,5.020,526.000,573.300,129.000,28.300
2014-07-06 16:00:00,4.520,448.000,616.300,94.000,28.300
2014-07-06 17:00:00,4.890,312.000,513.700,87.000,28.100
2014-07-06 18:00:00,5.990,161.000,321.300,67.000,27.600
2014-07-06 19:00:00,6.410,56.000,47.300,49.000,26.100
2014-07-06 20:00:00,6.720,9.000,19.100,8.000,24.500
2014-07-06 21:00:00,6.850,0.000,0.000,0.000,23.500
2014-07-06 22:00:00,5.700,0.000,0.000,0.000,21.800
2014-07-06 23:00:00,5.810,0.000,0.000,0.000,21.200
2014-07-07 00:00:00,7.520,0.000,0.000,0.000,20.600
2014-07-07 01:00:00,7.070,0.000,0.000,0.000,20.100
2014-07-07 02:00:00,7.340,0.000,0.000,0.000,19.300
2014-07-07 03:00:00,7.310,0.000,0.000,0.000,18.300
2014-07-07 04:00:00,7.400,8.000,15.900,7.000,17.400
2014-07-07 05:00:00,7.050,52.000,34.900,46.000,16.700
2014-07-07 06:00:00,5.410,139.000,116.600,102.000,16.700
2014-07-07 07:00:00,5.220,244.000,168.900,166.000,17.300
2014-07-07 08:00:00,5.060,402.000,407.900,159.000,17.900
2014-07-07 09:00:00,4.280,454.000,381.900,183.000,18.400
2014-07-07 10:00:00,2.790,529.000,344.200,255.000,19.600
2014-07-07 11:00:00,2.160,555.000,312.100,290.000,20.000
2014-07-07 12:00:00,1.800,581.000,239.400,374.000,20.600
2014-07-07 13:00:00,1.000,635.000,415.500,285.000,21.300
2014-07-07 14:00:00,0.950,567.000,386.800,264.000,22.000
2014-07-07 15:00:00,1.240,535.000,414.900,248.000,22.400
2014-07-07 16:00:00,1.120,392.000,346.900,193.000,22.400
2014-07-07 17:00:00,1.490,297.000,350.000,144.000,22.200
2014-07-07 18:00:00,2.320,155.000,209.200,94.000,22.000
2014-07-07 19:00:00,3.400,57.000,47.700,50.000,20.600
2014-07-07 20:00:00,4.490,6.000,0.000,6.000,18.800
2014-07-07 21:00:00,5.550,0.000,0.000,0.000,18.600
2014-07-07 22:00:00,5.610,0.000,0.000,0.000,17.900
2014-07-07 23:00:00,6.220,0.000,0.000,0.000,17.800
2014-07-08 00:00:00,6.360,0.000,0.000,0.000,17.600
2014-07-08 01:00:00,6.260,0.000,0.000,0.000,17.000
2014-07-08 02:00:00,5.950,0.000,0.000,0.000,16.800
2014-07-08 03:00:00,5.860,0.000,0.000,0.000,16.600
2014-07-08 04:00:00,6.110,8.000,0.000,8.000,16.100
2014-07-08 05:00:00,6.020,28.000,0.000,28.000,15.600
2014-07-08 06:00:00,6.360,59.000,0.000,59.000,15.600
2014-07-08 07:00:00,6.540,54.000,0.000,54.000,15.700
2014-07-08 08:00:00,6.030,78.000,0.000,78.000,16.100
2014-07-08 09:00:00,6.030,54.000,0.000,54.000,16.200
2014-07-08 10:00:00,4.470,66.000,0.000,66.000,16.600
2014-07-08 11:00:00,3.920,112.000,1.200,111.000,17.300
2014-07-08 12:00:00,3.020,136.000,4.600,132.000,18.000
2014-07-08 13:00:00,2.200,187.000,5.900,182.000,18.600
2014-07-08 14:00:00,1.250,209.000,35.800,181.000,19.500
2014-07-08 15:00:00,1.570,138.000,5.800,134.000,19.900
2014-07-08 16:00:00,2.250,98.000,7.000,94.000,19.600
2014-07-08 17:00:00,4.310,59.000,0.000,59.000,19.300
2014-07-08 18:00:00,5.470,52.000,6.900,50.000,18.800
2014-07-08 19:00:00,5.590,24.000,0.000,24.000,18.200
2014-07-08 20:00:00,5.590,2.000,0.000,2.000,17.700
2014-07-08 21:00:00,5.910,0.000,0.000,0.000,17.400
2014-07-08 22:00:00,7.890,0.000,0.000,0.000,15.900
2014-07-08 23:00:00,7.470,0.000,0.000,0.000,15.600
2014-07-09 00:00:00,8.270,0.000,0.000,0.000,15.400
2014-07-09 01:00:00,8.640,0.000,0.000,0.000,15.100
2014-07-09 02:00:00,8.820,0.000,0.000,0.000,14.800
2014-07-09 03:00:00,9.240,0.000,0.000,0.000,14.600
2014-07-09 04:00:00,8.560,2.000,0.000,2.000,14.500
2014-07-09 05:00:00,7.720,11.000,0.000,11.000,14.600
2014-07-09 06:00:00,5.650,20.000,0.000,20.000,15.000
2014-07-09 07:00:00,3.950,38.000,0.000,38.000,15.800
2014-07-09 08:00:00,3.310,90.000,1.700,89.000,16.800
2014-07-09 09:00:00,4.550,102.000,1.400,101.000,18.400
2014-07-09 10:00:00,5.330,82.000,0.000,82.000,20.200
2014-07-09 11:00:00,5.040,108.000,0.000,108.000,20.700
2014-07-09 12:00:00,4.580,226.000,13.900,214.000,22.600
2014-07-09 13:00:00,5.520,418.000,135.600,304.000,24.100
2014-07-09 14:00:00,8.200,381.000,194.500,229.000,23.300
2014-07-09 15:00:00,5.350,239.000,94.200,174.000,21.800
2014-07-09 16:00:00,4.830,128.000,0.000,128.000,21.200
2014-07-09 17:00:00,3.920,103.000,2.300,102.000,20.200
2014-07-09 18:00:00,3.800,103.000,31.100,94.000,19.800
2014-07-09 19:00:00,2.750,50.000,97.000,36.000,19.300
2014-07-09 20:00:00,2.280,7.000,19.100,6.000,18.300
2014-07-09 21:00:00,2.330,0.000,0.000,0.000,17.700
2014-07-09 22:00:00,3.180,0.000,0.000,0.000,17.700
2014-07-09 23:00:00,3.570,0.000,0.000,0.000,17.300
2014-07-10 00:00:00,2.420,0.000,0.000,0.000,15.800
2014-07-10 01:00:00,0.630,0.000,0.000,0.000,16.000
2014-07-10 02:00:00,1.600,0.000,0.000,0.000,16.000
2014-07-10 03:00:00,1.420,0.000,0.000,0.000,15.900
2014-07-10 04:00:00,0.920,10.000,33.300,8.000,16.400
2014-07-10 05:00:00,1.200,81.000,204.700,47.000,17.500
2014-07-10 06:00:00,2.100,180.000,330.400,77.000,18.700
2014-07-10 07:00:00,3.410,176.000,41.600,157.000,20.200
2014-07-10 08:00:00,4.650,288.000,145.500,202.000,21.600
2014-07-10 09:00:00,5.060,412.000,218.300,258.000,22.900
2014-07-10 10:00:00,2.870,513.000,267.600,301.000,24.100
2014-07-10 11:00:00,3.230,612.000,383.200,288.000,25.500
2014-07-10 12:00:00,3.700,678.000,539.600,213.000,26.700
2014-07-10 13:00:00,4.510,619.000,506.200,194.000,27.100
2014-07-10 14:00:00,5.390,587.000,538.100,167.000,27.200
2014-07-10 15:00:00,5.790,475.000,415.200,189.000,26.000
2014-07-10 16:00:00,6.120,360.000,390.800,137.000,25.500
2014-07-10 17:00:00,5.440,220.000,285.800,96.000,24.700
2014-07-10 18:00:00,4.960,122.000,201.400,64.000,23.300
2014-07-10 19:00:00,4.670,71.000,231.100,38.000,21.700
2014-07-10 20:00:00,5.830,7.000,38.200,5.000,19.800
2014-07-10 21:00:00,6.730,0.000,0.000,0.000,19.500
2014-07-10 22:00:00,6.020,0.000,0.000,0.000,19.600
2014-07-10 23:00:00,5.840,0.000,0.000,0.000,18.700
2014-07-11 00:00:00,5.860,0.000,0.000,0.000,18.300
2014-07-11 01:00:00,5.620,0.000,0.000,0.000,17.600
2014-07-11 02:00:00,5.030,0.000,0.000,0.000,17.100
2014-07-11 03:00:00,5.530,0.000,0.000,0.000,16.600
2014-07-11 04:00:00,6.010,13.000,67.800,9.000,16.500
2014-07-11 05:00:00,5.590,99.000,335.500,44.000,17.400
2014-07-11 06:00:00,4.200,228.000,506.800,71.000,18.900
2014-07-11 07:00:00,3.500,376.000,633.200,88.000,20.400
2014-07-11 08:00:00,3.180,523.000,714.500,102.000,22.100
2014-07-11 09:00:00,3.190,649.000,762.900,112.000,23.400
2014-07-11 10:00:00,4.390,746.000,786.500,124.000,25.100
2014-07-11 11:00:00,4.920,802.000,797.100,129.000,25.700
2014-07-11 12:00:00,5.190,784.000,714.700,169.000,26.200
2014-07-11 13:00:00,5.200,726.000,676.300,159.000,26.200
2014-07-11 14:00:00,5.470,613.000,590.100,153.000,26.400
2014-07-11 15:00:00,6.050,570.000,628.100,138.000,26.400
2014-07-11 16:00:00,6.620,419.000,514.500,126.000,26.200
2014-07-11 17:00:00,6.690,277.000,418.400,96.000,25.300
2014-07-11 18:00:00,6.750,168.000,342.000,70.000,24.100
2014-07-11 19:00:00,6.650,68.000,247.700,33.000,22.400
2014-07-11 20:00:00,6.950,7.000,38.200,5.000,20.600
2014-07-11 21:00:00,7.060,0.000,0.000,0.000,19.400
2014-07-11 22:00:00,6.000,0.000,0.000,0.000,17.400
2014-07-11 23:00:00,5.280,0.000,0.000,0.000,15.700
2014-07-12 00:00:00,5.190,0.000,0.000,0.000,14.400
2014-07-12 01:00:00,5.380,0.000,0.000,0.000,13.600
2014-07-12 02:00:00,4.980,0.000,0.000,0.000,12.800
2014-07-12 03:00:00,4.480,0.000,0.000,0.000,12.200
2014-07-12 04:00:00,4.110,14.000,69.000,10.000,12.100
2014-07-12 05:00:00,3.850,89.000,210.200,55.000,13.600
2014-07-12 06:00:00,3.210,188.000,234.000,116.000,15.200
2014-07-12 07:00:00,3.610,266.000,253.900,151.000,16.900
2014-07-12 08:00:00,3.650,381.000,313.200,197.000,17.900
2014-07-12 09:00:00,3.820,514.000,438.600,206.000,19.000
2014-07-12 10:00:00,3.040,621.000,549.800,187.000,20.300
2014-07-12 11:00:00,2.500,605.000,495.900,187.000,20.900
2014-07-12 12:00:00,2.430,582.000,415.500,225.000,21.200
2014-07-12 13:00:00,2.510,516.000,342.800,229.000,21.600
2014-07-12 14:00:00,2.320,498.000,353.300,223.000,22.200
2014-07-12 15:00:00,2.450,342.000,214.100,195.000,22.000
2014-07-12 16:00:00,3.040,307.000,285.100,145.000,21.800
2014-07-12 17:00:00,4.020,191.000,234.200,90.000,21.000
2014-07-12 18:00:00,4.580,163.000,347.300,64.000,19.900
2014-07-12 19:00:00,3.960,61.000,207.700,32.000,18.800
2014-07-12 20:00:00,2.930,6.000,19.100,5.000,17.000
2014-07-12 21:00:00,2.600,0.000,0.000,0.000,15.700
2014-07-12 22:00:00,2.600,0.000,0.000,0.000,14.600
2014-07-12 23:00:00,3.300,0.000,0.000,0.000,14.300
2014-07-13 00:00:00,2.820,0.000,0.000,0.000,13.900
2014-07-13 01:00:00,2.360,0.000,0.000,0.000,14.100
2014-07-13 02:00:00,2.420,0.000,0.000,0.000,13.900
2014-07-13 03:00:00,2.880,0.000,0.000,0.000,13.800
2014-07-13 04:00:00,3.520,7.000,0.000,7.000,13.700
2014-07-13 05:00:00,3.830,58.000,31.400,53.000,14.300
2014-07-13 06:00:00,3.450,146.000,130.900,106.000,15.300
2014-07-13 07:00:00,3.010,245.000,219.600,146.000,16.100
2014-07-13 08:00:00,3.200,347.000,233.900,210.000,17.300
2014-07-13 09:00:00,2.950,543.000,468.200,215.000,18.400
2014-07-13 10:00:00,3.260,566.000,375.700,270.000,19.100
2014-07-13 11:00:00,3.680,488.000,242.400,284.000,19.300
2014-07-13 12:00:00,3.770,402.000,129.400,291.000,18.200
2014-07-13 13:00:00,3.740,402.000,119.600,302.000,19.700
2014-07-13 14:00:00,3.660,490.000,209.700,327.000,19.900
2014-07-13 15:00:00,3.740,448.000,255.400,273.000,20.400
2014-07-13 16:00:00,3.560,267.000,120.000,199.000,19.300
2014-07-13 17:00:00,3.330,244.000,218.700,150.000,18.900
2014-07-13 18:00:00,3.940,148.000,257.500,75.000,18.200
2014-07-13 19:00:00,4.530,34.000,29.000,30.000,17.700
2014-07-13 20:00:00,3.140,3.000,0.000,3.000,17.000
2014-07-13 21:00:00,2.830,0.000,0.000,0.000,16.700
2014-07-13 22:00:00,4.720,0.000,0.000,0.000,16.100
2014-07-13 23:00:00,5.810,0.000,0.000,0.000,16.100
2014-07-14 00:00:00,5.780,0.000,0.000,0.000,16.100
2014-07-14 01:00:00,5.640,0.000,0.000,0.000,16.200
2014-07-14 02:00:00,5.950,0.000,0.000,0.000,16.100
2014-07-14 03:00:00,6.410,0.000,0.000,0.000,16.100
2014-07-14 04:00:00,6.590,5.000,0.000,5.000,16.200
2014-07-14 05:00:00,6.260,44.000,12.700,42.000,16.700
2014-07-14 06:00:00,6.870,99.000,19.800,93.000,17.400
2014-07-14 07:00:00,5.740,254.000,262.900,136.000,18.100
2014-07-14 08:00:00,5.330,309.000,284.400,143.000,19.100
2014-07-14 09:00:00,5.460,430.000,349.100,186.000,19.500
2014-07-14 10:00:00,5.240,624.000,544.300,196.000,20.700
2014-07-14 11:00:00,5.570,618.000,448.700,241.000,21.400
2014-07-14 12:00:00,6.330,646.000,498.400,219.000,22.000
2014-07-14 13:00:00,6.730,628.000,517.500,196.000,22.000
2014-07-14 14:00:00,6.460,627.000,622.600,144.000,22.600
2014-07-14 15:00:00,6.560,403.000,345.000,167.000,22.900
2014-07-14 16:00:00,7.050,298.000,260.000,151.000,22.900
2014-07-14 17:00:00,6.210,202.000,214.800,110.000,21.800
2014-07-14 18:00:00,5.800,132.000,269.700,56.000,20.400
2014-07-14 19:00:00,5.510,42.000,132.400,24.000,19.500
2014-07-14 20:00:00,5.200,4.000,19.100,3.000,18.600
2014-07-14 21:00:00,5.120,0.000,0.000,0.000,18.000
2014-07-14 22:00:00,5.080,0.000,0.000,0.000,17.800
2014-07-14 23:00:00,5.340,0.000,0.000,0.000,17.300
2014-07-15 00:00:00,5.730,0.000,0.000,0.000,16.900
2014-07-15 01:00:00,5.690,0.000,0.000,0.000,16.000
2014-07-15 02:00:00,5.410,0.000,0.000,0.000,15.200
2014-07-15 03:00:00,5.090,0.000,0.000,0.000,14.900
2014-07-15 04:00:00,4.910,11.000,55.000,8.000,14.600
2014-07-15 05:00:00,4.700,85.000,239.200,48.000,15.500
2014-07-15 06:00:00,4.000,203.000,378.700,89.000,17.000
2014-07-15 07:00:00,4.690,339.000,488.000,121.000,18.400
2014-07-15 08:00:00,5.230,452.000,510.400,155.000,19.600
2014-07-15 09:00:00,6.170,514.000,461.900,192.000,20.100
2014-07-15 10:00:00,5.060,451.000,206.400,289.000,21.300
2014-07-15 11:00:00,5.380,513.000,246.800,306.000,22.400
2014-07-15 12:00:00,5.850,566.000,270.100,335.000,23.400
2014-07-15 13:00:00,5.990,560.000,276.000,330.000,24.100
2014-07-15 14:00:00,6.070,511.000,360.200,232.000,24.000
2014-07-15 15:00:00,6.220,427.000,268.100,244.000,24.100
2014-07-15 16:00:00,6.220,301.000,152.500,215.000,23.700
2014-07-15 17:00:00,6.100,217.000,192.200,135.000,23.000
2014-07-15 18:00:00,6.230,136.000,196.400,81.000,22.100
2014-07-15 19:00:00,5.840,56.000,141.700,37.000,20.900
2014-07-15 20:00:00,5.530,4.000,0.000,4.000,19.500
2014-07-15 21:00:00,5.000,0.000,0.000,0.000,18.600
2014-07-15 22:00:00,4.670,0.000,0.000,0.000,18.000
2014-07-15 23:00:00,4.370,0.000,0.000,0.000,17.200
2014-07-16 00:00:00,4.060,0.000,0.000,0.000,16.600
2014-07-16 01:00:00,3.820,0.000,0.000,0.000,16.200
2014-07-16 02:00:00,3.510,0.000,0.000,0.000,15.900
2014-07-16 03:00:00,3.400,0.000,0.000,0.000,15.700
2014-07-16 04:00:00,3.200,8.000,37.500,6.000,15.600
2014-07-16 05:00:00,2.700,66.000,210.300,34.000,16.400
2014-07-16 06:00:00,1.600,155.000,264.500,76.000,17.700
2014-07-16 07:00:00,1.170,293.000,389.100,120.000,19.100
2014-07-16 08:00:00,1.250,340.000,289.700,172.000,20.300
2014-07-16 09:00:00,1.620,375.000,297.700,168.000,21.200
2014-07-16 10:00:00,1.390,536.000,441.900,190.000,22.000
2014-07-16 11:00:00,1.340,579.000,473.100,183.000,22.600
2014-07-16 12:00:00,1.530,651.000,527.100,201.000,23.100
2014-07-16 13:00:00,1.960,665.000,628.700,142.000,23.800
2014-07-16 14:00:00,2.150,579.000,521.300,176.000,24.200
2014-07-16 15:00:00,2.300,475.000,516.800,123.000,24.200
2014-07-16 16:00:00,2.270,415.000,542.400,110.000,24.600
2014-07-16 17:00:00,2.280,279.000,414.200,103.000,24.600
2014-07-16 18:00:00,2.190,155.000,327.200,64.000,24.200
2014-07-16 19:00:00,2.420,71.000,272.800,35.000,23.100
2014-07-16 20:00:00,3.110,5.000,19.100,4.000,21.200
2014-07-16 21:00:00,3.860,0.000,0.000,0.000,19.400
2014-07-16 22:00:00,4.650,0.000,0.000,0.000,16.100
2014-07-16 23:00:00,4.310,0.000,0.000,0.000,15.500
2014-07-17 00:00:00,3.520,0.000,0.000,0.000,14.600
2014-07-17 01:00:00,2.910,0.000,0.000,0.000,13.800
2014-07-17 02:00:00,2.330,0.000,0.000,0.000,13.000
2014-07-17 03:00:00,2.210,0.000,0.000,0.000,12.500
2014-07-17 04:00:00,1.220,10.000,57.300,7.000,12.500
2014-07-17 05:00:00,0.910,90.000,327.500,41.000,15.000
2014-07-17 06:00:00,1.100,223.000,519.700,69.000,18.000
2014-07-17 07:00:00,0.510,373.000,644.300,88.000,20.900
2014-07-17 08:00:00,0.400,522.000,728.600,101.000,23.300
2014-07-17 09:00:00,0.300,652.000,778.700,112.000,24.600
2014-07-17 10:00:00,1.600,739.000,760.200,145.000,25.400
2014-07-17 11:00:00,0.450,703.000,556.600,238.000,25.900
2014-07-17 12:00:00,0.320,739.000,634.800,198.000,26.700
2014-07-17 13:00:00,0.730,666.000,482.900,265.000,27.100
2014-07-17 14:00:00,1.170,545.000,355.100,271.000,27.400
2014-07-17 15:00:00,1.270,496.000,388.500,232.000,27.900
2014-07-17 16:00:00,1.200,320.000,181.900,218.000,27.800
2014-07-17 17:00:00,1.300,264.000,269.400,150.000,28.000
2014-07-17 18:00:00,2.360,167.000,275.200,91.000,27.300
2014-07-17 19:00:00,3.740,67.000,261.900,33.000,25.000
2014-07-17 20:00:00,5.300,5.000,19.100,4.000,22.400
2014-07-17 21:00:00,5.840,0.000,0.000,0.000,20.900
2014-07-17 22:00:00,6.130,0.000,0.000,0.000,19.700
2014-07-17 23:00:00,6.240,0.000,0.000,0.000,19.000
2014-07-18 00:00:00,6.170,0.000,0.000,0.000,18.300
2014-07-18 01:00:00,5.770,0.000,0.000,0.000,17.600
2014-07-18 02:00:00,5.610,0.000,0.000,0.000,17.000
2014-07-18 03:00:00,5.660,0.000,0.000,0.000,16.400
2014-07-18 04:00:00,5.340,8.000,38.200,6.000,16.200
2014-07-18 05:00:00,4.820,75.000,244.900,39.000,17.500
2014-07-18 06:00:00,4.250,183.000,384.500,70.000,19.800
2014-07-18 07:00:00,3.200,316.000,481.700,104.000,22.300
2014-07-18 08:00:00,2.910,432.000,514.100,136.000,24.500
2014-07-18 09:00:00,3.340,589.000,639.200,147.000,26.200
2014-07-18 10:00:00,3.800,711.000,729.900,142.000,28.000
2014-07-18 11:00:00,3.610,807.000,810.700,131.000,28.800
2014-07-18 12:00:00,3.140,806.000,794.700,130.000,29.400
2014-07-18 13:00:00,2.640,732.000,731.100,126.000,29.800
2014-07-18 14:00:00,2.500,584.000,601.300,121.000,30.100
2014-07-18 15:00:00,2.550,525.000,559.100,146.000,30.400
2014-07-18 16:00:00,2.870,407.000,518.900,117.000,30.400
2014-07-18 17:00:00,3.770,278.000,465.300,82.000,29.800
2014-07-18 18:00:00,5.160,172.000,372.200,70.000,28.800
2014-07-18 19:00:00,6.240,67.000,258.700,34.000,27.100
2014-07-18 20:00:00,6.710,4.000,19.100,3.000,24.800
2014-07-18 21:00:00,6.780,0.000,0.000,0.000,23.500
2014-07-18 22:00:00,7.290,0.000,0.000,0.000,22.100
2014-07-18 23:00:00,6.720,0.000,0.000,0.000,20.900
2014-07-19 00:00:00,6.320,0.000,0.000,0.000,20.200
2014-07-19 01:00:00,6.240,0.000,0.000,0.000,19.500
2014-07-19 02:00:00,6.520,0.000,0.000,0.000,19.000
2014-07-19 03:00:00,6.600,0.000,0.000,0.000,18.600
2014-07-19 04:00:00,6.380,8.000,38.200,6.000,18.500
2014-07-19 05:00:00,6.140,87.000,332.500,39.000,19.800
2014-07-19 06:00:00,5.640,218.000,521.600,66.000,22.200
2014-07-19 07:00:00,4.360,367.000,641.900,86.000,24.700
2014-07-19 08:00:00,4.070,515.000,723.500,100.000,27.000
2014-07-19 09:00:00,4.340,643.000,774.400,109.000,28.800
2014-07-19 10:00:00,4.470,749.000,815.200,115.000,30.400
2014-07-19 11:00:00,5.150,811.000,829.200,121.000,31.400
2014-07-19 12:00:00,5.690,808.000,795.000,133.000,32.000
2014-07-19 13:00:00,5.350,803.000,807.500,135.000,32.400
2014-07-19 14:00:00,4.920,740.000,813.500,115.000,32.500
2014-07-19 15:00:00,5.080,632.000,776.500,107.000,32.600
2014-07-19 16:00:00,5.150,501.000,725.200,97.000,32.400
2014-07-19 17:00:00,4.780,350.000,639.300,82.000,31.800
2014-07-19 18:00:00,5.740,201.000,507.500,63.000,30.300
2014-07-19 19:00:00,6.920,73.000,311.500,34.000,27.700
2014-07-19 20:00:00,7.700,4.000,19.100,3.000,25.300
2014-07-19 21:00:00,8.100,0.000,0.000,0.000,24.000
2014-07-19 22:00:00,8.900,0.000,0.000,0.000,23.700
2014-07-19 23:00:00,9.110,0.000,0.000,0.000,22.900
2014-07-20 00:00:00,8.730,0.000,0.000,0.000,22.100
2014-07-20 01:00:00,8.720,0.000,0.000,0.000,21.300
2014-07-20 02:00:00,8.240,0.000,0.000,0.000,20.400
2014-07-20 03:00:00,8.240,0.000,0.000,0.000,19.700
2014-07-20 04:00:00,7.850,8.000,38.200,6.000,19.300
2014-07-20 05:00:00,6.750,75.000,183.500,49.000,19.900
2014-07-20 06:00:00,5.540,190.000,342.700,91.000,21.600
2014-07-20 07:00:00,4.180,325.000,427.200,139.000,23.500
2014-07-20 08:00:00,3.530,469.000,554.700,152.000,25.800
2014-07-20 09:00:00,2.640,587.000,599.200,175.000,27.500
2014-07-20 10:00:00,1.140,627.000,510.400,231.000,29.500
2014-07-20 11:00:00,0.760,633.000,399.800,301.000,30.400
2014-07-20 12:00:00,1.170,505.000,249.000,294.000,30.500
2014-07-20 13:00:00,1.710,334.000,101.700,250.000,29.900
2014-07-20 14:00:00,1.970,497.000,370.500,213.000,30.400
2014-07-20 15:00:00,2.080,404.000,327.700,183.000,30.400
2014-07-20 16:00:00,1.910,348.000,356.700,150.000,30.400
2014-07-20 17:00:00,2.510,216.000,242.100,115.000,30.100
2014-07-20 18:00:00,3.080,66.000,26.000,59.000,28.500
2014-07-20 19:00:00,5.050,43.000,57.000,36.000,27.000
2014-07-20 20:00:00,4.220,3.000,0.000,3.000,26.300
2014-07-20 21:00:00,2.580,0.000,0.000,0.000,24.300
2014-07-20 22:00:00,2.140,0.000,0.000,0.000,23.600
2014-07-20 23:00:00,4.100,0.000,0.000,0.000,22.800
2014-07-21 00:00:00,5.410,0.000,0.000,0.000,22.400
2014-07-21 01:00:00,6.760,0.000,0.000,0.000,21.800
2014-07-21 02:00:00,7.220,0.000,0.000,0.000,21.300
2014-07-21 03:00:00,7.310,0.000,0.000,0.000,20.800
2014-07-21 04:00:00,6.850,3.000,0.000,3.000,20.500
2014-07-21 05:00:00,6.450,29.000,14.400,27.000,20.400
2014-07-21 06:00:00,5.770,78.000,38.400,67.000,20.500
2014-07-21 07:00:00,5.260,114.000,0.000,114.000,21.200
2014-07-21 08:00:00,5.170,269.000,108.900,207.000,21.900
2014-07-21 09:00:00,4.890,321.000,118.200,240.000,23.000
2014-07-21 10:00:00,3.470,340.000,42.600,307.000,23.400
2014-07-21 11:00:00,4.170,283.000,47.100,244.000,23.900
2014-07-21 12:00:00,4.220,351.000,117.100,252.000,24.600
2014-07-21 13:00:00,4.120,398.000,145.700,278.000,25.600
2014-07-21 14:00:00,4.070,352.000,94.100,280.000,25.900
2014-07-21 15:00:00,4.740,425.000,278.100,238.000,26.600
2014-07-21 16:00:00,5.360,279.000,177.200,181.000,26.500
2014-07-21 17:00:00,5.610,203.000,163.900,135.000,25.800
2014-07-21 18:00:00,4.880,113.000,59.900,97.000,25.000
2014-07-21 19:00:00,6.260,21.000,0.000,21.000,24.200
2014-07-21 20:00:00,7.930,2.000,0.000,2.000,23.300
2014-07-21 21:00:00,8.150,0.000,0.000,0.000,22.100
2014-07-21 22:00:00,7.350,0.000,0.000,0.000,21.300
2014-07-21 23:00:00,6.800,0.000,0.000,0.000,20.200
2014-07-22 00:00:00,6.060,0.000,0.000,0.000,19.100
2014-07-22 01:00:00,5.940,0.000,0.000,0.000,18.100
2014-07-22 02:00:00,6.340,0.000,0.000,0.000,17.400
2014-07-22 03:00:00,6.330,0.000,0.000,0.000,16.800
2014-07-22 04:00:00,6.020,6.000,19.100,5.000,16.600
2014-07-22 05:00:00,8.900,77.000,279.100,39.000,17.300
2014-07-22 06:00:00,7.140,206.000,482.900,69.000,18.300
2014-07-22 07:00:00,6.340,129.000,4.600,127.000,19.700
2014-07-22 08:00:00,5.670,198.000,21.200,186.000,20.900
2014-07-22 09:00:00,5.450,254.000,23.400,238.000,22.000
2014-07-22 10:00:00,4.310,345.000,69.900,291.000,23.200
2014-07-22 11:00:00,4.960,372.000,107.700,283.000,24.600
2014-07-22 12:00:00,4.560,481.000,199.100,313.000,26.000
2014-07-22 13:00:00,4.480,551.000,401.500,221.000,27.200
2014-07-22 14:00:00,4.760,601.000,568.900,167.000,28.000
2014-07-22 15:00:00,5.040,444.000,437.000,151.000,28.000
2014-07-22 16:00:00,5.380,372.000,461.000,118.000,28.200
2014-07-22 17:00:00,5.400,217.000,315.000,87.000,27.700
2014-07-22 18:00:00,6.240,141.000,268.100,70.000,27.000
2014-07-22 19:00:00,7.450,61.000,263.700,30.000,25.400
2014-07-22 20:00:00,7.920,3.000,0.000,3.000,23.900
2014-07-22 21:00:00,7.760,0.000,0.000,0.000,22.900
2014-07-22 22:00:00,7.600,0.000,0.000,0.000,21.300
2014-07-22 23:00:00,7.180,0.000,0.000,0.000,20.400
2014-07-23 00:00:00,6.860,0.000,0.000,0.000,19.500
2014-07-23 01:00:00,6.620,0.000,0.000,0.000,18.600
2014-07-23 02:00:00,6.670,0.000,0.000,0.000,17.900
2014-07-23 03:00:00,6.820,0.000,0.000,0.000,17.300
2014-07-23 04:00:00,6.900,6.000,19.100,5.000,16.800
2014-07-23 05:00:00,6.760,77.000,292.600,38.000,17.800
2014-07-23 06:00:00,6.000,207.000,505.300,65.000,19.200
2014-07-23 07:00:00,5.740,285.000,427.400,102.000,20.900
2014-07-23 08:00:00,5.440,473.000,628.600,118.000,22.500
2014-07-23 09:00:00,5.360,577.000,579.800,182.000,23.800
2014-07-23 10:00:00,5.200,729.000,787.000,123.000,25.300
2014-07-23 11:00:00,5.010,788.000,795.300,132.000,26.500
2014-07-23 12:00:00,4.890,709.000,605.800,199.000,27.000
2014-07-23 13:00:00,5.020,701.000,688.900,136.000,27.700
2014-07-23 14:00:00,5.330,648.000,663.600,143.000,27.900
2014-07-23 15:00:00,5.750,612.000,727.100,126.000,28.200
2014-07-23 16:00:00,6.330,459.000,630.400,113.000,28.100
2014-07-23 17:00:00,6.810,324.000,545.900,100.000,27.600
2014-07-23 18:00:00,7.230,188.000,476.600,63.000,26.300
2014-07-23 19:00:00,7.840,65.000,287.500,32.000,24.800
2014-07-23 20:00:00,8.040,3.000,0.000,3.000,22.900
2014-07-23 21:00:00,7.660,0.000,0.000,0.000,21.300
2014-07-23 22:00:00,7.480,0.000,0.000,0.000,19.800
2014-07-23 23:00:00,7.210,0.000,0.000,0.000,18.600
2014-07-24 00:00:00,6.690,0.000,0.000,0.000,17.700
2014-07-24 01:00:00,6.380,0.000,0.000,0.000,16.800
2014-07-24 02:00:00,6.620,0.000,0.000,0.000,16.200
2014-07-24 03:00:00,6.490,0.000,0.000,0.000,15.800
2014-07-24 04:00:00,6.170,5.000,19.100,4.000,15.500
2014-07-24 05:00:00,5.770,75.000,299.000,36.000,16.300
2014-07-24 06:00:00,5.100,202.000,492.200,65.000,18.100
2014-07-24 07:00:00,4.870,325.000,559.100,87.000,19.800
2014-07-24 08:00:00,4.250,467.000,618.800,119.000,21.400
2014-07-24 09:00:00,4.330,608.000,678.800,147.000,22.700
2014-07-24 10:00:00,4.980,654.000,592.400,199.000,23.700
2014-07-24 11:00:00,5.910,659.000,549.300,207.000,24.300
2014-07-24 12:00:00,7.200,485.000,211.900,307.000,22.400
2014-07-24 13:00:00,7.280,522.000,353.200,233.000,22.700
2014-07-24 14:00:00,7.880,518.000,407.100,209.000,23.600
2014-07-24 15:00:00,6.540,384.000,225.100,234.000,23.200
2014-07-24 16:00:00,5.570,326.000,250.700,189.000,23.300
2014-07-24 17:00:00,5.280,208.000,218.200,119.000,20.400
2014-07-24 18:00:00,5.580,61.000,30.800,53.000,18.400
2014-07-24 19:00:00,6.540,40.000,44.700,35.000,17.900
2014-07-24 20:00:00,5.760,1.000,0.000,1.000,17.400
2014-07-24 21:00:00,4.920,0.000,0.000,0.000,17.100
2014-07-24 22:00:00,4.290,0.000,0.000,0.000,16.400
2014-07-24 23:00:00,4.960,0.000,0.000,0.000,16.400
2014-07-25 00:00:00,4.970,0.000,0.000,0.000,16.500
2014-07-25 01:00:00,4.950,0.000,0.000,0.000,16.700
2014-07-25 02:00:00,4.390,0.000,0.000,0.000,16.700
2014-07-25 03:00:00,4.880,0.000,0.000,0.000,16.700
2014-07-25 04:00:00,5.630,0.000,0.000,0.000,16.600
2014-07-25 05:00:00,5.950,8.000,0.000,8.000,16.500
2014-07-25 06:00:00,5.230,36.000,0.000,36.000,16.600
2014-07-25 07:00:00,5.470,51.000,0.000,51.000,16.700
2014-07-25 08:00:00,4.220,63.000,3.600,61.000,17.000
2014-07-25 09:00:00,3.820,92.000,0.000,92.000,17.400
2014-07-25 10:00:00,2.510,116.000,15.700,104.000,17.800
2014-07-25 11:00:00,2.260,175.000,4.900,171.000,18.600
2014-07-25 12:00:00,2.340,198.000,13.100,187.000,19.100
2014-07-25 13:00:00,2.920,342.000,166.600,206.000,20.200
2014-07-25 14:00:00,3.110,403.000,190.300,259.000,21.000
2014-07-25 15:00:00,2.860,248.000,103.900,179.000,21.100
2014-07-25 16:00:00,3.140,103.000,14.700,95.000,19.700
2014-07-25 17:00:00,3.680,45.000,0.000,45.000,19.000
2014-07-25 18:00:00,3.410,36.000,0.000,36.000,19.000
2014-07-25 19:00:00,3.610,35.000,91.800,25.000,18.700
2014-07-25 20:00:00,4.490,1.000,0.000,1.000,18.100
2014-07-25 21:00:00,4.240,0.000,0.000,0.000,17.700
2014-07-25 22:00:00,3.010,0.000,0.000,0.000,17.400
2014-07-25 23:00:00,3.110,0.000,0.000,0.000,17.400
2014-07-26 00:00:00,3.240,0.000,0.000,0.000,17.300
2014-07-26 01:00:00,2.550,0.000,0.000,0.000,17.100
2014-07-26 02:00:00,2.720,0.000,0.000,0.000,17.000
2014-07-26 03:00:00,2.620,0.000,0.000,0.000,16.700
2014-07-26 04:00:00,2.270,3.000,0.000,3.000,16.500
2014-07-26 05:00:00,2.460,43.000,40.200,38.000,16.700
2014-07-26 06:00:00,2.380,114.000,102.600,86.000,17.200
2014-07-26 07:00:00,2.100,158.000,80.800,124.000,17.900
2014-07-26 08:00:00,2.150,237.000,197.300,127.000,18.700
2014-07-26 09:00:00,2.470,362.000,234.200,204.000,19.700
2014-07-26 10:00:00,1.420,511.000,336.500,254.000,22.300
2014-07-26 11:00:00,2.060,638.000,478.800,246.000,23.700
2014-07-26 12:00:00,1.210,688.000,618.500,171.000,24.600
2014-07-26 13:00:00,1.060,562.000,469.200,180.000,25.300
2014-07-26 14:00:00,1.280,553.000,527.400,155.000,25.600
2014-07-26 15:00:00,1.000,479.000,515.300,138.000,26.100
2014-07-26 16:00:00,0.780,388.000,520.600,106.000,25.800
2014-07-26 17:00:00,0.220,266.000,422.300,96.000,25.400
2014-07-26 18:00:00,0.510,145.000,275.600,75.000,24.900
2014-07-26 19:00:00,0.570,38.000,151.100,22.000,23.100
2014-07-26 20:00:00,0.320,1.000,0.000,1.000,21.500
2014-07-26 21:00:00,0.220,0.000,0.000,0.000,20.000
2014-07-26 22:00:00,1.920,0.000,0.000,0.000,19.000
2014-07-26 23:00:00,1.970,0.000,0.000,0.000,18.700
2014-07-27 00:00:00,1.920,0.000,0.000,0.000,18.200
2014-07-27 01:00:00,1.890,0.000,0.000,0.000,18.100
2014-07-27 02:00:00,2.160,0.000,0.000,0.000,17.600
2014-07-27 03:00:00,2.800,0.000,0.000,0.000,17.100
2014-07-27 04:00:00,2.570,2.000,0.000,2.000,16.700
2014-07-27 05:00:00,1.910,48.000,123.500,33.000,17.200
2014-07-27 06:00:00,2.350,173.000,407.500,63.000,19.000
2014-07-27 07:00:00,2.350,303.000,445.100,117.000,20.800
2014-07-27 08:00:00,2.700,483.000,680.900,105.000,22.800
2014-07-27 09:00:00,2.710,590.000,715.400,109.000,24.100
2014-07-27 10:00:00,2.300,683.000,724.800,131.000,25.500
2014-07-27 11:00:00,2.240,747.000,758.000,128.000,26.300
2014-07-27 12:00:00,3.290,716.000,687.200,143.000,26.500
2014-07-27 13:00:00,4.440,709.000,705.800,136.000,26.700
2014-07-27 14:00:00,4.440,593.000,610.000,134.000,26.400
2014-07-27 15:00:00,4.600,447.000,485.300,127.000,26.100
2014-07-27 16:00:00,4.210,356.000,454.500,111.000,26.400
2014-07-27 17:00:00,4.370,243.000,370.200,95.000,26.100
2014-07-27 18:00:00,4.160,144.000,354.600,55.000,25.100
2014-07-27 19:00:00,4.300,48.000,214.200,26.000,23.500
2014-07-27 20:00:00,4.880,1.000,0.000,1.000,21.800
2014-07-27 21:00:00,4.990,0.000,0.000,0.000,20.900
2014-07-27 22:00:00,4.500,0.000,0.000,0.000,19.300
2014-07-27 23:00:00,3.830,0.000,0.000,0.000,18.500
2014-07-28 00:00:00,3.140,0.000,0.000,0.000,17.900
2014-07-28 01:00:00,3.450,0.000,0.000,0.000,17.200
2014-07-28 02:00:00,3.500,0.000,0.000,0.000,16.900
2014-07-28 03:00:00,3.470,0.000,0.000,0.000,16.700
2014-07-28 04:00:00,3.620,3.000,0.000,3.000,16.500
2014-07-28 05:00:00,3.500,51.000,118.300,37.000,16.900
2014-07-28 06:00:00,3.110,116.000,97.400,90.000,17.900
2014-07-28 07:00:00,2.240,171.000,43.400,153.000,19.200
2014-07-28 08:00:00,2.020,304.000,179.200,205.000,21.300
2014-07-28 09:00:00,2.150,492.000,359.700,251.000,22.700
2014-07-28 10:00:00,3.510,533.000,405.700,225.000,24.200
2014-07-28 11:00:00,3.310,524.000,342.600,245.000,25.100
2014-07-28 12:00:00,3.410,600.000,401.700,266.000,26.200
2014-07-28 13:00:00,2.830,717.000,660.800,182.000,27.000
2014-07-28 14:00:00,3.230,651.000,628.000,180.000,27.700
2014-07-28 15:00:00,3.980,543.000,564.800,172.000,28.100
2014-07-28 16:00:00,4.480,419.000,507.100,147.000,28.300
2014-07-28 17:00:00,4.100,260.000,380.400,109.000,27.500
2014-07-28 18:00:00,4.970,117.000,189.600,70.000,26.500
2014-07-28 19:00:00,5.640,40.000,181.100,22.000,25.000
2014-07-28 20:00:00,5.940,1.000,0.000,1.000,23.300
2014-07-28 21:00:00,5.770,0.000,0.000,0.000,22.000
2014-07-28 22:00:00,5.170,0.000,0.000,0.000,21.200
2014-07-28 23:00:00,4.980,0.000,0.000,0.000,20.600
2014-07-29 00:00:00,4.840,0.000,0.000,0.000,19.900
2014-07-29 01:00:00,4.600,0.000,0.000,0.000,19.600
2014-07-29 02:00:00,4.970,0.000,0.000,0.000,19.300
2014-07-29 03:00:00,5.120,0.000,0.000,0.000,18.900
2014-07-29 04:00:00,4.830,2.000,0.000,2.000,18.700
2014-07-29 05:00:00,4.330,51.000,121.600,37.000,19.100
2014-07-29 06:00:00,3.140,158.000,299.200,79.000,20.100
2014-07-29 07:00:00,2.970,161.000,138.200,104.000,21.400
2014-07-29 08:00:00,3.280,388.000,380.000,179.000,23.000
2014-07-29 09:00:00,3.110,416.000,272.700,234.000,24.100
2014-07-29 10:00:00,1.490,462.000,235.200,284.000,24.200
2014-07-29 11:00:00,1.530,402.000,172.400,262.000,24.600
2014-07-29 12:00:00,1.530,457.000,191.700,298.000,25.100
2014-07-29 13:00:00,2.400,495.000,216.800,320.000,25.800
2014-07-29 14:00:00,2.930,454.000,175.200,323.000,26.500
2014-07-29 15:00:00,3.320,308.000,249.100,145.000,25.600
2014-07-29 16:00:00,3.980,320.000,327.900,145.000,26.500
2014-07-29 17:00:00,3.810,175.000,236.100,82.000,25.600
2014-07-29 18:00:00,4.540,89.000,110.400,62.000,24.100
2014-07-29 19:00:00,4.230,30.000,71.800,23.000,22.500
2014-07-29 20:00:00,3.500,0.000,0.000,0.000,21.700
2014-07-29 21:00:00,3.410,0.000,0.000,0.000,20.600
2014-07-29 22:00:00,3.620,0.000,0.000,0.000,20.600
2014-07-29 23:00:00,5.440,0.000,0.000,0.000,20.100
2014-07-30 00:00:00,5.600,0.000,0.000,0.000,19.500
2014-07-30 01:00:00,5.190,0.000,0.000,0.000,19.000
2014-07-30 02:00:00,5.680,0.000,0.000,0.000,18.800
2014-07-30 03:00:00,6.070,0.000,0.000,0.000,18.700
2014-07-30 04:00:00,5.500,1.000,0.000,1.000,18.600
2014-07-30 05:00:00,5.070,18.000,17.900,16.000,18.500
2014-07-30 06:00:00,5.020,53.000,30.700,45.000,18.600
2014-07-30 07:00:00,5.200,95.000,2.400,94.000,18.900
2014-07-30 08:00:00,5.030,107.000,11.000,101.000,19.400
2014-07-30 09:00:00,5.300,103.000,24.100,87.000,20.000
2014-07-30 10:00:00,6.080,120.000,37.100,92.000,18.900
2014-07-30 11:00:00,6.190,252.000,63.000,201.000,19.900
2014-07-30 12:00:00,5.750,367.000,169.300,227.000,20.700
2014-07-30 13:00:00,5.810,492.000,301.900,249.000,21.900
2014-07-30 14:00:00,5.730,410.000,304.700,183.000,22.700
2014-07-30 15:00:00,6.510,390.000,369.900,149.000,23.000
2014-07-30 16:00:00,6.650,291.000,288.300,138.000,22.800
2014-07-30 17:00:00,6.510,200.000,289.100,87.000,22.400
2014-07-30 18:00:00,6.290,146.000,368.800,57.000,21.600
2014-07-30 19:00:00,6.220,47.000,229.400,25.000,20.200
2014-07-30 20:00:00,5.950,1.000,0.000,1.000,19.000
2014-07-30 21:00:00,5.360,0.000,0.000,0.000,18.200
2014-07-30 22:00:00,4.740,0.000,0.000,0.000,16.500
2014-07-30 23:00:00,4.210,0.000,0.000,0.000,15.600
2014-07-31 00:00:00,4.400,0.000,0.000,0.000,15.200
2014-07-31 01:00:00,4.640,0.000,0.000,0.000,14.800
2014-07-31 02:00:00,4.250,0.000,0.000,0.000,14.500
2014-07-31 03:00:00,4.460,0.000,0.000,0.000,14.300
2014-07-31 04:00:00,5.000,2.000,0.000,2.000,14.000
2014-07-31 05:00:00,4.750,55.000,248.700,28.000,14.700
2014-07-31 06:00:00,4.180,186.000,476.900,63.000,16.300
2014-07-31 07:00:00,4.020,302.000,496.700,100.000,17.700
2014-07-31 08:00:00,4.000,421.000,536.100,129.000,18.700
2014-07-31 09:00:00,3.900,542.000,566.100,167.000,19.700
2014-07-31 10:00:00,3.300,622.000,597.000,173.000,20.900
2014-07-31 11:00:00,3.210,672.000,602.000,186.000,22.000
2014-07-31 12:00:00,3.320,664.000,576.100,189.000,22.900
2014-07-31 13:00:00,3.540,571.000,420.000,234.000,23.600
2014-07-31 14:00:00,3.350,538.000,506.400,162.000,24.000
2014-07-31 15:00:00,3.080,432.000,428.500,154.000,24.200
2014-07-31 16:00:00,2.620,251.000,236.800,126.000,24.000
2014-07-31 17:00:00,2.280,262.000,436.000,93.000,23.900
2014-07-31 18:00:00,1.840,168.000,462.400,58.000,23.200
2014-07-31 19:00:00,1.060,45.000,222.800,24.000,21.400
2014-07-31 20:00:00,0.500,0.000,0.000,0.000,18.100
2014-07-31 21:00:00,1.170,0.000,0.000,0.000,16.300
2014-07-31 22:00:00,3.420,0.000,0.000,0.000,15.100
2014-07-31 23:00:00,4.600,0.000,0.000,0.000,14.800
2014-08-01 00:00:00,5.380,0.000,0.000,0.000,14.300
2014-08-01 01:00:00,5.880,0.000,0.000,0.000,14.300
2014-08-01 02:00:00,6.020,0.000,0.000,0.000,14.100
2014-08-01 03:00:00,5.850,0.000,0.000,0.000,13.900
2014-08-01 04:00:00,5.690,1.000,0.000,1.000,13.900
2014-08-01 05:00:00,5.520,56.000,218.600,33.000,14.800
2014-08-01 06:00:00,4.720,180.000,451.400,65.000,17.200
2014-08-01 07:00:00,3.470,314.000,527.600,101.000,20.000
2014-08-01 08:00:00,3.690,480.000,706.800,97.000,22.300
2014-08-01 09:00:00,3.720,603.000,748.700,109.000,24.100
2014-08-01 10:00:00,3.740,689.000,760.500,119.000,25.600
2014-08-01 11:00:00,3.640,584.000,551.700,140.000,26.000
2014-08-01 12:00:00,3.800,659.000,585.200,178.000,26.600
2014-08-01 13:00:00,3.910,587.000,532.600,161.000,27.000
2014-08-01 14:00:00,3.830,483.000,359.600,217.000,27.100
2014-08-01 15:00:00,3.840,430.000,362.300,196.000,27.400
2014-08-01 16:00:00,4.240,287.000,259.200,151.000,27.000
2014-08-01 17:00:00,4.790,259.000,392.900,108.000,26.700
2014-08-01 18:00:00,6.050,143.000,337.000,64.000,25.600
2014-08-01 19:00:00,7.290,40.000,140.400,27.000,23.700
2014-08-01 20:00:00,7.320,0.000,0.000,0.000,21.600
2014-08-01 21:00:00,6.580,0.000,0.000,0.000,20.500
2014-08-01 22:00:00,6.720,0.000,0.000,0.000,19.700
2014-08-01 23:00:00,6.370,0.000,0.000,0.000,18.800
2014-08-02 00:00:00,5.880,0.000,0.000,0.000,18.300
2014-08-02 01:00:00,5.760,0.000,0.000,0.000,17.500
2014-08-02 02:00:00,5.350,0.000,0.000,0.000,17.200
2014-08-02 03:00:00,5.410,0.000,0.000,0.000,16.600
2014-08-02 04:00:00,5.910,1.000,0.000,1.000,16.600
2014-08-02 05:00:00,5.950,55.000,245.600,30.000,17.400
2014-08-02 06:00:00,5.190,176.000,449.200,63.000,19.300
2014-08-02 07:00:00,4.590,322.000,591.400,85.000,21.100
2014-08-02 08:00:00,4.120,465.000,660.400,109.000,22.800
2014-08-02 09:00:00,4.030,576.000,640.600,155.000,24.100
2014-08-02 10:00:00,4.290,662.000,664.000,166.000,25.500
2014-08-02 11:00:00,4.570,555.000,431.300,209.000,26.300
2014-08-02 12:00:00,5.300,555.000,361.200,259.000,26.700
2014-08-02 13:00:00,5.250,430.000,219.500,255.000,26.800
2014-08-02 14:00:00,5.270,448.000,228.000,280.000,27.100
2014-08-02 15:00:00,5.010,371.000,199.100,243.000,27.300
2014-08-02 16:00:00,4.280,286.000,176.400,194.000,27.300
2014-08-02 17:00:00,4.140,205.000,189.000,133.000,27.100
2014-08-02 18:00:00,4.190,109.000,190.700,65.000,26.100
2014-08-02 19:00:00,4.460,30.000,22.000,28.000,24.600
2014-08-02 20:00:00,4.550,0.000,0.000,0.000,23.400
2014-08-02 21:00:00,4.160,0.000,0.000,0.000,22.300
2014-08-02 22:00:00,3.130,0.000,0.000,0.000,21.100
2014-08-02 23:00:00,3.420,0.000,0.000,0.000,20.600
2014-08-03 00:00:00,4.180,0.000,0.000,0.000,20.300
2014-08-03 01:00:00,4.740,0.000,0.000,0.000,20.100
2014-08-03 02:00:00,5.350,0.000,0.000,0.000,19.900
2014-08-03 03:00:00,4.970,0.000,0.000,0.000,19.500
2014-08-03 04:00:00,4.330,0.000,0.000,0.000,19.100
2014-08-03 05:00:00,4.010,23.000,50.200,18.000,18.800
2014-08-03 06:00:00,3.410,62.000,76.500,43.000,19.300
2014-08-03 07:00:00,3.500,267.000,417.400,101.000,20.000
2014-08-03 08:00:00,3.100,415.000,525.900,133.000,21.300
2014-08-03 09:00:00,3.010,567.000,655.500,138.000,22.700
2014-08-03 10:00:00,3.130,641.000,628.800,173.000,24.700
2014-08-03 11:00:00,3.600,609.000,480.200,225.000,25.200
2014-08-03 12:00:00,4.120,563.000,390.500,244.000,25.600
2014-08-03 13:00:00,3.540,465.000,299.600,227.000,25.600
2014-08-03 14:00:00,3.490,496.000,425.000,184.000,25.600
2014-08-03 15:00:00,3.100,319.000,245.300,162.000,25.400
2014-08-03 16:00:00,2.950,276.000,235.400,154.000,25.700
2014-08-03 17:00:00,2.720,159.000,119.200,114.000,25.000
2014-08-03 18:00:00,2.960,76.000,70.500,60.000,23.800
2014-08-03 19:00:00,3.380,22.000,22.500,20.000,22.300
2014-08-03 20:00:00,3.220,0.000,0.000,0.000,21.300
2014-08-03 21:00:00,3.310,0.000,0.000,0.000,20.800
2014-08-03 22:00:00,3.610,0.000,0.000,0.000,20.300
2014-08-03 23:00:00,4.390,0.000,0.000,0.000,19.800
2014-08-04 00:00:00,3.700,0.000,0.000,0.000,19.200
2014-08-04 01:00:00,2.470,0.000,0.000,0.000,18.500
2014-08-04 02:00:00,3.350,0.000,0.000,0.000,18.200
2014-08-04 03:00:00,3.000,0.000,0.000,0.000,17.800
2014-08-04 04:00:00,1.920,0.000,0.000,0.000,17.500
2014-08-04 05:00:00,1.080,30.000,51.000,25.000,17.600
2014-08-04 06:00:00,0.940,112.000,106.100,86.000,18.200
2014-08-04 07:00:00,1.700,175.000,121.600,127.000,18.900
2014-08-04 08:00:00,1.810,195.000,61.900,162.000,19.600
2014-08-04 09:00:00,1.930,158.000,18.400,146.000,19.700
2014-08-04 10:00:00,2.110,198.000,25.600,179.000,19.300
2014-08-04 11:00:00,3.100,314.000,124.200,215.000,19.600
2014-08-04 12:00:00,3.040,410.000,207.600,241.000,21.000
2014-08-04 13:00:00,2.130,514.000,372.600,219.000,21.700
2014-08-04 14:00:00,2.200,432.000,365.200,165.000,22.400
2014-08-04 15:00:00,2.780,444.000,400.400,189.000,22.300
2014-08-04 16:00:00,2.280,265.000,258.300,132.000,20.100
2014-08-04 17:00:00,1.030,118.000,61.500,95.000,19.800
2014-08-04 18:00:00,0.580,88.000,98.500,66.000,19.800
2014-08-04 19:00:00,0.720,21.000,45.900,17.000,19.100
2014-08-04 20:00:00,0.950,0.000,0.000,0.000,17.200
2014-08-04 21:00:00,1.250,0.000,0.000,0.000,16.700
2014-08-04 22:00:00,1.080,0.000,0.000,0.000,18.100
2014-08-04 23:00:00,2.250,0.000,0.000,0.000,16.800
2014-08-05 00:00:00,3.000,0.000,0.000,0.000,16.100
2014-08-05 01:00:00,3.800,0.000,0.000,0.000,15.800
2014-08-05 02:00:00,4.300,0.000,0.000,0.000,15.800
2014-08-05 03:00:00,4.330,0.000,0.000,0.000,15.900
2014-08-05 04:00:00,3.900,0.000,0.000,0.000,15.900
2014-08-05 05:00:00,3.110,28.000,103.800,18.000,16.300
2014-08-05 06:00:00,3.200,105.000,190.300,59.000,16.900
2014-08-05 07:00:00,3.610,263.000,388.300,111.000,17.600
2014-08-05 08:00:00,3.890,244.000,194.200,141.000,18.200
2014-08-05 09:00:00,3.770,323.000,197.300,195.000,18.900
2014-08-05 10:00:00,2.250,469.000,261.200,276.000,19.000
2014-08-05 11:00:00,3.720,497.000,258.100,292.000,19.700
2014-08-05 12:00:00,4.410,536.000,299.500,293.000,20.200
2014-08-05 13:00:00,4.520,558.000,410.700,234.000,21.000
2014-08-05 14:00:00,4.260,510.000,440.800,189.000,21.600
2014-08-05 15:00:00,4.050,415.000,374.000,178.000,22.000
2014-08-05 16:00:00,3.890,307.000,338.200,134.000,22.200
2014-08-05 17:00:00,3.890,226.000,324.100,106.000,22.100
2014-08-05 18:00:00,3.550,109.000,246.100,55.000,21.000
2014-08-05 19:00:00,3.320,30.000,140.700,18.000,19.600
2014-08-05 20:00:00,3.760,0.000,0.000,0.000,17.800
2014-08-05 21:00:00,4.680,0.000,0.000,0.000,16.300
2014-08-05 22:00:00,4.810,0.000,0.000,0.000,14.900
2014-08-05 23:00:00,4.470,0.000,0.000,0.000,13.800
2014-08-06 00:00:00,3.940,0.000,0.000,0.000,12.600
2014-08-06 01:00:00,3.260,0.000,0.000,0.000,11.900
2014-08-06 02:00:00,2.640,0.000,0.000,0.000,11.300
2014-08-06 03:00:00,1.750,0.000,0.000,0.000,11.700
2014-08-06 04:00:00,0.710,0.000,0.000,0.000,11.800
2014-08-06 05:00:00,0.510,49.000,263.900,24.000,11.900
2014-08-06 06:00:00,1.320,174.000,486.700,58.000,14.300
2014-08-06 07:00:00,0.920,325.000,630.900,80.000,17.000
2014-08-06 08:00:00,0.890,477.000,722.400,96.000,18.900
2014-08-06 09:00:00,1.060,611.000,775.500,110.000,20.500
2014-08-06 10:00:00,1.560,692.000,759.400,133.000,22.000
2014-08-06 11:00:00,1.940,740.000,755.500,142.000,23.100
2014-08-06 12:00:00,2.360,736.000,707.400,164.000,23.500
2014-08-06 13:00:00,2.700,558.000,447.900,206.000,23.700
2014-08-06 14:00:00,3.160,589.000,573.700,173.000,23.900
2014-08-06 15:00:00,3.180,285.000,158.600,185.000,23.900
2014-08-06 16:00:00,3.000,283.000,257.800,152.000,23.900
2014-08-06 17:00:00,3.180,207.000,294.600,99.000,23.600
2014-08-06 18:00:00,4.270,120.000,259.900,64.000,22.500
2014-08-06 19:00:00,5.270,31.000,143.900,19.000,20.200
2014-08-06 20:00:00,6.040,0.000,0.000,0.000,18.600
2014-08-06 21:00:00,6.650,0.000,0.000,0.000,17.900
2014-08-06 22:00:00,6.000,0.000,0.000,0.000,17.300
2014-08-06 23:00:00,5.470,0.000,0.000,0.000,17.100
2014-08-07 00:00:00,4.540,0.000,0.000,0.000,16.700
2014-08-07 01:00:00,3.480,0.000,0.000,0.000,16.400
2014-08-07 02:00:00,2.720,0.000,0.000,0.000,16.200
2014-08-07 03:00:00,2.840,0.000,0.000,0.000,16.100
2014-08-07 04:00:00,3.180,0.000,0.000,0.000,16.000
2014-08-07 05:00:00,3.000,11.000,0.000,11.000,16.000
2014-08-07 06:00:00,2.820,35.000,0.000,35.000,16.300
2014-08-07 07:00:00,2.400,94.000,49.300,75.000,16.700
2014-08-07 08:00:00,0.920,104.000,1.900,103.000,17.400
2014-08-07 09:00:00,0.670,209.000,38.900,184.000,18.100
2014-08-07 10:00:00,1.490,302.000,100.900,228.000,18.700
2014-08-07 11:00:00,1.840,466.000,246.000,272.000,19.800
2014-08-07 12:00:00,2.120,570.000,425.700,227.000,20.700
2014-08-07 13:00:00,2.280,644.000,556.900,208.000,21.700
2014-08-07 14:00:00,2.500,574.000,502.800,211.000,22.100
2014-08-07 15:00:00,2.800,390.000,287.100,210.000,22.400
2014-08-07 16:00:00,2.820,309.000,350.800,132.000,23.100
2014-08-07 17:00:00,2.630,205.000,292.200,99.000,23.000
2014-08-07 18:00:00,2.770,80.000,123.000,54.000,21.200
2014-08-07 19:00:00,2.420,25.000,135.100,14.000,19.500
2014-08-07 20:00:00,3.320,0.000,0.000,0.000,17.100
2014-08-07 21:00:00,3.520,0.000,0.000,0.000,16.600
2014-08-07 22:00:00,1.550,0.000,0.000,0.000,15.900
2014-08-07 23:00:00,0.580,0.000,0.000,0.000,15.000
2014-08-08 00:00:00,1.260,0.000,0.000,0.000,14.000
2014-08-08 01:00:00,2.060,0.000,0.000,0.000,13.200
2014-08-08 02:00:00,2.340,0.000,0.000,0.000,13.000
2014-08-08 03:00:00,2.300,0.000,0.000,0.000,12.200
2014-08-08 04:00:00,2.100,0.000,0.000,0.000,12.700
2014-08-08 05:00:00,1.330,40.000,185.900,23.000,13.500
2014-08-08 06:00:00,1.330,127.000,190.000,83.000,15.000
2014-08-08 07:00:00,1.730,285.000,479.200,102.000,17.100
2014-08-08 08:00:00,1.140,434.000,604.300,119.000,19.600
2014-08-08 09:00:00,1.080,558.000,646.700,144.000,21.200
2014-08-08 10:00:00,1.970,631.000,635.300,167.000,22.700
2014-08-08 11:00:00,2.250,728.000,740.600,146.000,23.700
2014-08-08 12:00:00,2.660,699.000,696.400,140.000,24.600
2014-08-08 13:00:00,2.980,686.000,716.800,127.000,25.100
2014-08-08 14:00:00,3.330,662.000,754.100,120.000,25.700
2014-08-08 15:00:00,3.610,531.000,670.300,113.000,25.800
2014-08-08 16:00:00,4.100,409.000,559.000,129.000,25.700
2014-08-08 17:00:00,4.470,222.000,259.100,129.000,25.200
2014-08-08 18:00:00,5.100,97.000,130.200,70.000,23.800
2014-08-08 19:00:00,5.950,13.000,0.000,13.000,22.300
2014-08-08 20:00:00,7.380,0.000,0.000,0.000,21.800
2014-08-08 21:00:00,8.050,0.000,0.000,0.000,21.300
2014-08-08 22:00:00,8.410,0.000,0.000,0.000,21.100
2014-08-08 23:00:00,8.790,0.000,0.000,0.000,21.100
2014-08-09 00:00:00,9.150,0.000,0.000,0.000,21.000
2014-08-09 01:00:00,9.360,0.000,0.000,0.000,20.700
2014-08-09 02:00:00,8.870,0.000,0.000,0.000,20.500
2014-08-09 03:00:00,8.630,0.000,0.000,0.000,20.000
2014-08-09 04:00:00,8.560,0.000,0.000,0.000,19.400
2014-08-09 05:00:00,8.210,32.000,144.800,19.000,19.700
2014-08-09 06:00:00,7.640,100.000,201.700,54.000,20.200
2014-08-09 07:00:00,8.010,126.000,76.600,97.000,21.100
2014-08-09 08:00:00,7.930,196.000,125.400,131.000,21.900
2014-08-09 09:00:00,8.060,302.000,202.400,173.000,23.000
2014-08-09 10:00:00,7.500,351.000,214.400,195.000,21.100
2014-08-09 11:00:00,10.030,434.000,339.700,168.000,21.300
2014-08-09 12:00:00,9.980,648.000,601.400,167.000,22.000
2014-08-09 13:00:00,9.620,720.000,702.900,174.000,22.600
2014-08-09 14:00:00,8.830,681.000,750.500,144.000,23.000
2014-08-09 15:00:00,7.810,566.000,720.800,119.000,23.400
2014-08-09 16:00:00,6.740,441.000,696.000,95.000,23.700
2014-08-09 17:00:00,5.660,283.000,563.500,83.000,23.300
2014-08-09 18:00:00,4.430,130.000,344.600,60.000,22.100
2014-08-09 19:00:00,3.550,27.000,155.100,15.000,18.700
2014-08-09 20:00:00,2.840,0.000,0.000,0.000,17.000
2014-08-09 21:00:00,2.770,0.000,0.000,0.000,15.900
2014-08-09 22:00:00,3.920,0.000,0.000,0.000,14.900
2014-08-09 23:00:00,4.900,0.000,0.000,0.000,14.600
2014-08-10 00:00:00,5.690,0.000,0.000,0.000,14.300
2014-08-10 01:00:00,6.320,0.000,0.000,0.000,14.300
2014-08-10 02:00:00,6.420,0.000,0.000,0.000,14.800
2014-08-10 03:00:00,6.970,0.000,0.000,0.000,15.200
2014-08-10 04:00:00,7.310,0.000,0.000,0.000,15.700
2014-08-10 05:00:00,7.500,22.000,34.100,19.000,16.400
2014-08-10 06:00:00,7.530,62.000,13.400,59.000,16.800
2014-08-10 07:00:00,7.810,100.000,40.000,85.000,17.000
2014-08-10 08:00:00,7.500,298.000,209.700,190.000,17.500
2014-08-10 09:00:00,7.510,445.000,362.700,215.000,19.200
2014-08-10 10:00:00,6.390,356.000,153.200,245.000,21.600
2014-08-10 11:00:00,7.480,575.000,452.600,222.000,23.000
2014-08-10 12:00:00,7.080,719.000,744.300,126.000,24.300
2014-08-10 13:00:00,7.120,569.000,537.800,153.000,24.700
2014-08-10 14:00:00,7.450,562.000,536.400,180.000,25.200
2014-08-10 15:00:00,7.980,430.000,353.600,212.000,25.900
2014-08-10 16:00:00,7.790,141.000,18.200,132.000,23.200
2014-08-10 17:00:00,7.710,49.000,2.800,48.000,21.700
2014-08-10 18:00:00,8.460,48.000,45.200,39.000,21.300
2014-08-10 19:00:00,8.710,22.000,66.400,17.000,21.200
2014-08-10 20:00:00,9.120,0.000,0.000,0.000,21.200
2014-08-10 21:00:00,9.750,0.000,0.000,0.000,21.100
2014-08-10 22:00:00,8.880,0.000,0.000,0.000,20.600
2014-08-10 23:00:00,10.500,0.000,0.000,0.000,19.300
2014-08-11 00:00:00,10.090,0.000,0.000,0.000,18.200
2014-08-11 01:00:00,9.010,0.000,0.000,0.000,17.300
2014-08-11 02:00:00,8.470,0.000,0.000,0.000,16.700
2014-08-11 03:00:00,8.080,0.000,0.000,0.000,16.100
2014-08-11 04:00:00,8.220,0.000,0.000,0.000,15.400
2014-08-11 05:00:00,8.210,35.000,185.300,19.000,15.300
2014-08-11 06:00:00,7.430,152.000,429.700,57.000,16.000
2014-08-11 07:00:00,9.460,307.000,602.000,83.000,16.600
2014-08-11 08:00:00,10.210,411.000,566.500,121.000,17.600
2014-08-11 09:00:00,9.890,484.000,459.500,194.000,18.400
2014-08-11 10:00:00,8.320,584.000,566.800,175.000,19.500
2014-08-11 11:00:00,8.140,614.000,549.600,187.000,20.300
2014-08-11 12:00:00,8.180,603.000,530.500,182.000,20.700
2014-08-11 13:00:00,8.150,608.000,591.900,152.000,21.300
2014-08-11 14:00:00,7.790,593.000,646.200,135.000,21.700
2014-08-11 15:00:00,7.290,461.000,541.700,129.000,21.600
2014-08-11 16:00:00,6.810,390.000,604.700,94.000,21.300
2014-08-11 17:00:00,5.630,269.000,559.400,75.000,20.500
2014-08-11 18:00:00,5.840,127.000,395.700,50.000,18.800
2014-08-11 19:00:00,6.170,20.000,109.400,12.000,16.800
2014-08-11 20:00:00,6.440,0.000,0.000,0.000,15.900
2014-08-11 21:00:00,6.590,0.000,0.000,0.000,15.200
2014-08-11 22:00:00,7.790,0.000,0.000,0.000,14.500
2014-08-11 23:00:00,7.060,0.000,0.000,0.000,13.800
2014-08-12 00:00:00,7.360,0.000,0.000,0.000,13.500
2014-08-12 01:00:00,7.350,0.000,0.000,0.000,13.300
2014-08-12 02:00:00,7.630,0.000,0.000,0.000,13.500
2014-08-12 03:00:00,7.680,0.000,0.000,0.000,13.700
2014-08-12 04:00:00,7.520,0.000,0.000,0.000,13.900
2014-08-12 05:00:00,7.320,28.000,130.000,17.000,14.100
2014-08-12 06:00:00,7.130,138.000,367.700,58.000,14.800
2014-08-12 07:00:00,9.070,273.000,490.900,92.000,15.700
2014-08-12 08:00:00,9.180,349.000,458.000,116.000,16.400
2014-08-12 09:00:00,9.130,526.000,633.700,128.000,17.400
2014-08-12 10:00:00,8.060,592.000,597.100,163.000,18.500
2014-08-12 11:00:00,8.800,616.000,549.200,191.000,19.600
2014-08-12 12:00:00,9.520,612.000,585.700,149.000,19.700
2014-08-12 13:00:00,9.440,655.000,638.800,165.000,20.200
2014-08-12 14:00:00,9.230,621.000,693.400,132.000,20.200
2014-08-12 15:00:00,9.000,487.000,612.200,114.000,20.300
2014-08-12 16:00:00,7.910,411.000,652.800,94.000,20.400
2014-08-12 17:00:00,6.400,259.000,534.100,76.000,19.300
2014-08-12 18:00:00,6.540,103.000,310.200,44.000,18.100
2014-08-12 19:00:00,5.690,15.000,42.300,12.000,16.500
2014-08-12 20:00:00,5.590,0.000,0.000,0.000,15.200
2014-08-12 21:00:00,5.750,0.000,0.000,0.000,14.600
2014-08-12 22:00:00,6.350,0.000,0.000,0.000,14.300
2014-08-12 23:00:00,6.180,0.000,0.000,0.000,13.900
2014-08-13 00:00:00,6.450,0.000,0.000,0.000,13.300
2014-08-13 01:00:00,6.410,0.000,0.000,0.000,12.700
2014-08-13 02:00:00,6.260,0.000,0.000,0.000,12.400
2014-08-13 03:00:00,6.330,0.000,0.000,0.000,12.300
2014-08-13 04:00:00,5.950,0.000,0.000,0.000,12.000
2014-08-13 05:00:00,5.920,32.000,168.900,18.000,12.500
2014-08-13 06:00:00,5.160,142.000,369.100,63.000,14.100
2014-08-13 07:00:00,4.050,255.000,457.000,88.000,15.800
2014-08-13 08:00:00,4.110,413.000,565.700,127.000,17.800
2014-08-13 09:00:00,4.580,536.000,596.800,163.000,19.200
2014-08-13 10:00:00,3.310,541.000,415.100,244.000,20.000
2014-08-13 11:00:00,4.270,653.000,607.200,185.000,21.100
2014-08-13 12:00:00,3.940,695.000,677.000,162.000,21.700
2014-08-13 13:00:00,3.720,728.000,767.300,142.000,22.500
2014-08-13 14:00:00,3.060,551.000,500.200,200.000,22.700
2014-08-13 15:00:00,2.550,351.000,158.500,255.000,22.500
2014-08-13 16:00:00,2.510,181.000,78.900,143.000,20.800
2014-08-13 17:00:00,2.940,67.000,0.000,67.000,18.700
2014-08-13 18:00:00,3.350,29.000,0.000,29.000,17.700
2014-08-13 19:00:00,3.850,7.000,0.000,7.000,17.000
2014-08-13 20:00:00,4.590,0.000,0.000,0.000,16.200
2014-08-13 21:00:00,5.610,0.000,0.000,0.000,15.700
2014-08-13 22:00:00,5.680,0.000,0.000,0.000,15.500
2014-08-13 23:00:00,6.890,0.000,0.000,0.000,15.000
2014-08-14 00:00:00,6.850,0.000,0.000,0.000,14.600
2014-08-14 01:00:00,6.460,0.000,0.000,0.000,14.000
2014-08-14 02:00:00,6.710,0.000,0.000,0.000,13.600
2014-08-14 03:00:00,6.950,0.000,0.000,0.000,13.300
2014-08-14 04:00:00,7.100,0.000,0.000,0.000,13.000
2014-08-14 05:00:00,7.420,30.000,172.500,16.000,13.400
2014-08-14 06:00:00,7.220,141.000,408.600,55.000,14.600
2014-08-14 07:00:00,8.680,261.000,486.200,85.000,15.900
2014-08-14 08:00:00,8.230,291.000,274.700,153.000,17.000
2014-08-14 09:00:00,7.780,431.000,390.800,188.000,17.900
2014-08-14 10:00:00,5.990,480.000,428.200,175.000,18.900
2014-08-14 11:00:00,6.100,540.000,474.200,176.000,19.900
2014-08-14 12:00:00,6.050,590.000,507.700,192.000,20.400
2014-08-14 13:00:00,5.900,549.000,537.900,140.000,20.700
2014-08-14 14:00:00,6.160,559.000,577.300,156.000,20.900
2014-08-14 15:00:00,5.640,469.000,550.200,138.000,20.200
2014-08-14 16:00:00,5.100,336.000,513.100,91.000,19.900
2014-08-14 17:00:00,5.630,187.000,356.200,68.000,18.600
2014-08-14 18:00:00,4.140,90.000,259.400,43.000,17.400
2014-08-14 19:00:00,4.940,12.000,60.100,8.000,16.100
2014-08-14 20:00:00,5.500,0.000,0.000,0.000,15.200
2014-08-14 21:00:00,5.950,0.000,0.000,0.000,14.400
2014-08-14 22:00:00,6.170,0.000,0.000,0.000,14.300
2014-08-14 23:00:00,6.080,0.000,0.000,0.000,13.900
2014-08-15 00:00:00,5.720,0.000,0.000,0.000,13.800
2014-08-15 01:00:00,5.740,0.000,0.000,0.000,13.400
2014-08-15 02:00:00,5.280,0.000,0.000,0.000,13.000
2014-08-15 03:00:00,4.840,0.000,0.000,0.000,13.000
2014-08-15 04:00:00,4.680,0.000,0.000,0.000,13.100
2014-08-15 05:00:00,4.570,15.000,0.000,15.000,13.200
2014-08-15 06:00:00,4.490,79.000,58.000,67.000,14.000
2014-08-15 07:00:00,3.910,213.000,264.900,118.000,14.800
2014-08-15 08:00:00,3.500,343.000,348.700,169.000,16.100
2014-08-15 09:00:00,3.190,423.000,344.300,210.000,17.100
2014-08-15 10:00:00,3.490,467.000,258.100,284.000,17.900
2014-08-15 11:00:00,3.180,487.000,177.900,351.000,18.500
2014-08-15 12:00:00,3.310,465.000,213.900,298.000,18.200
2014-08-15 13:00:00,3.370,388.000,162.500,265.000,18.100
2014-08-15 14:00:00,3.320,408.000,237.600,243.000,18.100
2014-08-15 15:00:00,4.670,338.000,222.500,205.000,18.700
2014-08-15 16:00:00,4.020,219.000,126.800,159.000,17.900
2014-08-15 17:00:00,4.520,139.000,94.000,108.000,16.600
2014-08-15 18:00:00,4.570,68.000,90.700,52.000,16.000
2014-08-15 19:00:00,4.500,9.000,15.600,8.000,15.100
2014-08-15 20:00:00,5.200,0.000,0.000,0.000,14.400
2014-08-15 21:00:00,5.710,0.000,0.000,0.000,13.900
2014-08-15 22:00:00,5.410,0.000,0.000,0.000,13.700
2014-08-15 23:00:00,5.800,0.000,0.000,0.000,13.600
2014-08-16 00:00:00,6.810,0.000,0.000,0.000,13.400
2014-08-16 01:00:00,6.730,0.000,0.000,0.000,13.300
2014-08-16 02:00:00,6.310,0.000,0.000,0.000,13.100
2014-08-16 03:00:00,6.120,0.000,0.000,0.000,12.700
2014-08-16 04:00:00,6.110,0.000,0.000,0.000,12.500
2014-08-16 05:00:00,6.300,18.000,90.200,11.000,12.400
2014-08-16 06:00:00,6.510,116.000,315.000,52.000,13.200
2014-08-16 07:00:00,5.530,202.000,284.400,101.000,14.200
2014-08-16 08:00:00,4.900,319.000,387.400,127.000,15.400
2014-08-16 09:00:00,4.960,427.000,370.600,199.000,16.400
2014-08-16 10:00:00,5.830,501.000,335.800,264.000,16.900
2014-08-16 11:00:00,6.560,544.000,382.400,253.000,17.100
2014-08-16 12:00:00,8.350,545.000,374.400,254.000,17.400
2014-08-16 13:00:00,8.370,548.000,463.400,199.000,17.600
2014-08-16 14:00:00,8.790,378.000,250.500,205.000,17.900
2014-08-16 15:00:00,8.510,307.000,213.900,180.000,17.700
2014-08-16 16:00:00,8.010,205.000,142.900,138.000,17.000
2014-08-16 17:00:00,6.810,155.000,144.600,108.000,16.900
2014-08-16 18:00:00,6.400,71.000,93.200,55.000,16.000
2014-08-16 19:00:00,6.360,4.000,0.000,4.000,15.100
2014-08-16 20:00:00,6.510,0.000,0.000,0.000,14.800
2014-08-16 21:00:00,7.020,0.000,0.000,0.000,14.600
2014-08-16 22:00:00,8.200,0.000,0.000,0.000,14.600
2014-08-16 23:00:00,8.030,0.000,0.000,0.000,14.200
2014-08-17 00:00:00,7.620,0.000,0.000,0.000,13.600
2014-08-17 01:00:00,7.340,0.000,0.000,0.000,13.200
2014-08-17 02:00:00,7.340,0.000,0.000,0.000,13.100
2014-08-17 03:00:00,7.500,0.000,0.000,0.000,13.000
2014-08-17 04:00:00,7.710,0.000,0.000,0.000,13.300
2014-08-17 05:00:00,8.070,13.000,26.400,11.000,13.800
2014-08-17 06:00:00,8.440,66.000,100.300,46.000,14.400
2014-08-17 07:00:00,9.730,80.000,48.400,63.000,15.000
2014-08-17 08:00:00,10.790,223.000,158.500,145.000,15.500
2014-08-17 09:00:00,10.510,383.000,331.700,180.000,16.500
2014-08-17 10:00:00,11.030,378.000,289.000,175.000,17.100
2014-08-17 11:00:00,11.100,371.000,163.700,247.000,17.200
2014-08-17 12:00:00,11.210,470.000,266.300,264.000,17.600
2014-08-17 13:00:00,11.710,292.000,104.100,214.000,17.600
2014-08-17 14:00:00,11.120,293.000,118.000,212.000,17.700
2014-08-17 15:00:00,9.940,171.000,40.700,147.000,17.600
2014-08-17 16:00:00,10.500,106.000,43.100,86.000,17.400
2014-08-17 17:00:00,10.420,64.000,25.000,56.000,17.100
2014-08-17 18:00:00,10.320,27.000,12.000,25.000,16.400
2014-08-17 19:00:00,10.760,1.000,0.000,1.000,15.200
2014-08-17 20:00:00,11.250,0.000,0.000,0.000,14.600
2014-08-17 21:00:00,11.220,0.000,0.000,0.000,14.500
2014-08-17 22:00:00,10.500,0.000,0.000,0.000,14.100
2014-08-17 23:00:00,9.680,0.000,0.000,0.000,14.000
2014-08-18 00:00:00,9.490,0.000,0.000,0.000,13.800
2014-08-18 01:00:00,9.240,0.000,0.000,0.000,13.400
2014-08-18 02:00:00,8.510,0.000,0.000,0.000,13.200
2014-08-18 03:00:00,8.260,0.000,0.000,0.000,12.700
2014-08-18 04:00:00,8.350,0.000,0.000,0.000,12.400
2014-08-18 05:00:00,8.560,17.000,67.600,12.000,12.600
2014-08-18 06:00:00,8.630,101.000,194.200,63.000,13.400
2014-08-18 07:00:00,8.770,194.000,350.600,72.000,14.700
2014-08-18 08:00:00,9.550,364.000,511.400,114.000,15.700
2014-08-18 09:00:00,10.330,488.000,532.400,164.000,16.200
2014-08-18 10:00:00,10.780,609.000,660.800,147.000,16.800
2014-08-18 11:00:00,11.700,607.000,530.300,207.000,17.000
2014-08-18 12:00:00,12.400,577.000,509.000,185.000,17.100
2014-08-18 13:00:00,12.650,588.000,557.800,172.000,17.400
2014-08-18 14:00:00,13.000,519.000,498.000,179.000,16.900
2014-08-18 15:00:00,10.690,275.000,256.300,125.000,15.900
2014-08-18 16:00:00,11.050,244.000,230.400,138.000,15.600
2014-08-18 17:00:00,10.060,177.000,281.900,88.000,15.600
2014-08-18 18:00:00,10.280,69.000,179.100,40.000,15.100
2014-08-18 19:00:00,10.140,9.000,35.100,7.000,14.400
2014-08-18 20:00:00,9.610,0.000,0.000,0.000,13.900
2014-08-18 21:00:00,8.860,0.000,0.000,0.000,13.700
2014-08-18 22:00:00,9.000,0.000,0.000,0.000,13.100
2014-08-18 23:00:00,7.940,0.000,0.000,0.000,12.700
2014-08-19 00:00:00,8.250,0.000,0.000,0.000,12.500
2014-08-19 01:00:00,8.520,0.000,0.000,0.000,11.900
2014-08-19 02:00:00,8.730,0.000,0.000,0.000,11.600
2014-08-19 03:00:00,7.520,0.000,0.000,0.000,11.400
2014-08-19 04:00:00,6.980,0.000,0.000,0.000,11.100
2014-08-19 05:00:00,6.860,19.000,97.200,12.000,11.100
2014-08-19 06:00:00,7.360,110.000,244.900,63.000,12.300
2014-08-19 07:00:00,6.740,189.000,243.900,105.000,13.300
2014-08-19 08:00:00,6.340,171.000,49.500,147.000,14.300
2014-08-19 09:00:00,6.510,298.000,125.600,222.000,14.100
2014-08-19 10:00:00,5.840,351.000,235.700,187.000,15.400
2014-08-19 11:00:00,6.000,261.000,85.300,197.000,16.000
2014-08-19 12:00:00,6.240,322.000,50.900,283.000,14.800
2014-08-19 13:00:00,8.410,205.000,18.900,191.000,14.300
2014-08-19 14:00:00,6.850,189.000,36.800,164.000,14.100
2014-08-19 15:00:00,7.490,333.000,223.800,203.000,14.800
2014-08-19 16:00:00,8.240,291.000,331.500,140.000,14.700
2014-08-19 17:00:00,8.510,169.000,263.800,87.000,13.000
2014-08-19 18:00:00,8.470,50.000,102.000,34.000,12.000
2014-08-19 19:00:00,8.600,7.000,18.300,6.000,11.600
2014-08-19 20:00:00,8.490,0.000,0.000,0.000,11.500
2014-08-19 21:00:00,8.440,0.000,0.000,0.000,11.300
2014-08-19 22:00:00,9.130,0.000,0.000,0.000,10.500
2014-08-19 23:00:00,9.400,0.000,0.000,0.000,10.300
2014-08-20 00:00:00,9.810,0.000,0.000,0.000,10.100
2014-08-20 01:00:00,9.330,0.000,0.000,0.000,10.100
2014-08-20 02:00:00,8.700,0.000,0.000,0.000,10.100
2014-08-20 03:00:00,8.630,0.000,0.000,0.000,10.200
2014-08-20 04:00:00,8.660,0.000,0.000,0.000,10.000
2014-08-20 05:00:00,9.080,15.000,57.000,11.000,10.000
2014-08-20 06:00:00,10.240,99.000,217.900,58.000,10.800
2014-08-20 07:00:00,9.850,133.000,164.300,77.000,12.100
2014-08-20 08:00:00,9.650,315.000,394.400,125.000,13.500
2014-08-20 09:00:00,9.240,398.000,397.200,159.000,14.700
2014-08-20 10:00:00,7.010,555.000,595.200,143.000,15.800
2014-08-20 11:00:00,6.800,488.000,368.100,213.000,16.200
2014-08-20 12:00:00,7.150,594.000,575.600,155.000,16.500
2014-08-20 13:00:00,7.430,554.000,536.600,158.000,16.500
2014-08-20 14:00:00,7.780,460.000,424.100,174.000,16.700
2014-08-20 15:00:00,7.710,383.000,411.100,146.000,16.500
2014-08-20 16:00:00,5.830,317.000,472.500,104.000,15.900
2014-08-20 17:00:00,4.330,190.000,369.400,77.000,15.000
2014-08-20 18:00:00,4.080,80.000,257.100,41.000,14.100
2014-08-20 19:00:00,4.300,8.000,38.200,6.000,12.800
2014-08-20 20:00:00,5.020,0.000,0.000,0.000,11.400
2014-08-20 21:00:00,5.190,0.000,0.000,0.000,11.000
2014-08-20 22:00:00,5.190,0.000,0.000,0.000,10.200
2014-08-20 23:00:00,5.520,0.000,0.000,0.000,9.900
2014-08-21 00:00:00,5.630,0.000,0.000,0.000,9.800
2014-08-21 01:00:00,5.330,0.000,0.000,0.000,9.200
2014-08-21 02:00:00,5.350,0.000,0.000,0.000,8.700
2014-08-21 03:00:00,5.220,0.000,0.000,0.000,8.700
2014-08-21 04:00:00,4.900,0.000,0.000,0.000,8.800
2014-08-21 05:00:00,5.020,15.000,73.200,10.000,9.000
2014-08-21 06:00:00,4.740,110.000,352.700,45.000,10.200
2014-08-21 07:00:00,4.740,222.000,409.400,84.000,11.500
2014-08-21 08:00:00,4.430,364.000,478.800,135.000,13.300
2014-08-21 09:00:00,4.780,501.000,615.200,133.000,14.500
2014-08-21 10:00:00,4.340,545.000,592.500,137.000,15.600
2014-08-21 11:00:00,4.830,551.000,542.100,148.000,16.300
2014-08-21 12:00:00,5.250,641.000,621.900,169.000,17.000
2014-08-21 13:00:00,5.500,537.000,520.500,155.000,17.500
2014-08-21 14:00:00,5.550,476.000,462.500,166.000,17.900
2014-08-21 15:00:00,5.390,380.000,374.100,166.000,18.000
2014-08-21 16:00:00,4.880,297.000,408.000,115.000,18.000
2014-08-21 17:00:00,4.410,156.000,259.200,78.000,17.300
2014-08-21 18:00:00,4.160,71.000,204.800,41.000,15.600
2014-08-21 19:00:00,4.360,6.000,19.100,5.000,13.900
2014-08-21 20:00:00,4.530,0.000,0.000,0.000,13.200
2014-08-21 21:00:00,5.080,0.000,0.000,0.000,12.300
2014-08-21 22:00:00,5.830,0.000,0.000,0.000,12.000
2014-08-21 23:00:00,6.170,0.000,0.000,0.000,11.800
2014-08-22 00:00:00,6.410,0.000,0.000,0.000,12.000
2014-08-22 01:00:00,6.300,0.000,0.000,0.000,12.000
2014-08-22 02:00:00,6.440,0.000,0.000,0.000,11.900
2014-08-22 03:00:00,6.860,0.000,0.000,0.000,11.800
2014-08-22 04:00:00,7.080,0.000,0.000,0.000,11.600
2014-08-22 05:00:00,7.110,14.000,30.100,12.000,11.400
2014-08-22 06:00:00,6.930,93.000,155.200,65.000,12.400
2014-08-22 07:00:00,6.130,221.000,282.000,127.000,13.900
2014-08-22 08:00:00,6.450,317.000,299.200,175.000,15.600
2014-08-22 09:00:00,7.640,437.000,391.900,204.000,16.700
2014-08-22 10:00:00,7.180,559.000,532.800,194.000,17.300
2014-08-22 11:00:00,7.860,486.000,392.000,196.000,17.900
2014-08-22 12:00:00,8.150,546.000,429.100,222.000,18.700
2014-08-22 13:00:00,8.160,556.000,443.900,232.000,18.800
2014-08-22 14:00:00,8.180,553.000,557.100,182.000,19.100
2014-08-22 15:00:00,8.170,356.000,297.800,187.000,18.700
2014-08-22 16:00:00,7.920,260.000,269.700,141.000,17.600
2014-08-22 17:00:00,6.980,107.000,67.600,87.000,16.600
2014-08-22 18:00:00,6.360,22.000,7.100,21.000,15.100
2014-08-22 19:00:00,6.870,2.000,0.000,2.000,14.000
2014-08-22 20:00:00,7.450,0.000,0.000,0.000,13.200
2014-08-22 21:00:00,7.600,0.000,0.000,0.000,12.800
2014-08-22 22:00:00,7.380,0.000,0.000,0.000,12.300
2014-08-22 23:00:00,6.720,0.000,0.000,0.000,11.900
2014-08-23 00:00:00,6.150,0.000,0.000,0.000,11.700
2014-08-23 01:00:00,5.700,0.000,0.000,0.000,11.700
2014-08-23 02:00:00,5.850,0.000,0.000,0.000,11.700
2014-08-23 03:00:00,5.920,0.000,0.000,0.000,11.300
2014-08-23 04:00:00,5.520,0.000,0.000,0.000,10.900
2014-08-23 05:00:00,5.510,10.000,15.500,9.000,10.900
2014-08-23 06:00:00,5.870,84.000,175.600,53.000,11.700
2014-08-23 07:00:00,5.640,156.000,115.300,118.000,12.900
2014-08-23 08:00:00,5.790,300.000,303.600,157.000,14.000
2014-08-23 09:00:00,5.280,410.000,416.300,164.000,15.000
2014-08-23 10:00:00,4.900,484.000,400.700,211.000,15.900
2014-08-23 11:00:00,4.830,566.000,505.400,194.000,16.500
2014-08-23 12:00:00,5.020,448.000,323.500,205.000,16.300
2014-08-23 13:00:00,4.830,454.000,407.900,158.000,15.900
2014-08-23 14:00:00,4.340,600.000,681.800,149.000,16.600
2014-08-23 15:00:00,3.860,441.000,494.000,163.000,16.200
2014-08-23 16:00:00,4.300,327.000,463.000,125.000,16.000
2014-08-23 17:00:00,6.200,197.000,423.100,74.000,14.700
2014-08-23 18:00:00,5.730,50.000,132.500,32.000,13.400
2014-08-23 19:00:00,3.980,3.000,0.000,3.000,12.300
2014-08-23 20:00:00,4.620,0.000,0.000,0.000,11.200
2014-08-23 21:00:00,5.350,0.000,0.000,0.000,10.800
2014-08-23 22:00:00,6.310,0.000,0.000,0.000,10.200
2014-08-23 23:00:00,6.080,0.000,0.000,0.000,9.900
2014-08-24 00:00:00,6.810,0.000,0.000,0.000,9.800
2014-08-24 01:00:00,6.730,0.000,0.000,0.000,9.500
2014-08-24 02:00:00,6.340,0.000,0.000,0.000,9.100
2014-08-24 03:00:00,6.560,0.000,0.000,0.000,8.800
2014-08-24 04:00:00,6.690,0.000,0.000,0.000,8.900
2014-08-24 05:00:00,6.580,11.000,48.000,8.000,9.100
2014-08-24 06:00:00,6.610,84.000,226.000,45.000,10.200
2014-08-24 07:00:00,7.620,171.000,230.200,96.000,11.300
2014-08-24 08:00:00,7.000,210.000,128.400,150.000,12.400
2014-08-24 09:00:00,6.810,350.000,338.900,151.000,13.700
2014-08-24 10:00:00,6.300,535.000,565.200,152.000,15.000
2014-08-24 11:00:00,6.380,573.000,594.100,138.000,15.400
2014-08-24 12:00:00,6.850,560.000,567.500,136.000,15.900
2014-08-24 13:00:00,6.760,476.000,428.200,167.000,16.200
2014-08-24 14:00:00,8.040,461.000,499.200,133.000,16.300
2014-08-24 15:00:00,7.090,396.000,421.100,161.000,16.100
2014-08-24 16:00:00,5.600,277.000,421.900,95.000,15.900
2014-08-24 17:00:00,5.110,169.000,336.300,73.000,15.000
2014-08-24 18:00:00,4.900,58.000,222.400,29.000,13.700
2014-08-24 19:00:00,4.870,3.000,19.100,2.000,12.700
2014-08-24 20:00:00,5.280,0.000,0.000,0.000,11.600
2014-08-24 21:00:00,5.780,0.000,0.000,0.000,11.200
2014-08-24 22:00:00,6.180,0.000,0.000,0.000,10.600
2014-08-24 23:00:00,5.310,0.000,0.000,0.000,9.600
2014-08-25 00:00:00,5.420,0.000,0.000,0.000,9.300
2014-08-25 01:00:00,5.730,0.000,0.000,0.000,8.800
2014-08-25 02:00:00,6.040,0.000,0.000,0.000,8.300
2014-08-25 03:00:00,6.130,0.000,0.000,0.000,7.800
2014-08-25 04:00:00,5.900,0.000,0.000,0.000,7.400
2014-08-25 05:00:00,5.690,12.000,66.100,8.000,7.500
2014-08-25 06:00:00,5.160,110.000,379.600,46.000,9.100
2014-08-25 07:00:00,4.220,215.000,406.800,84.000,11.300
2014-08-25 08:00:00,4.210,394.000,636.400,99.000,13.200
2014-08-25 09:00:00,4.460,502.000,671.700,110.000,14.400
2014-08-25 10:00:00,4.510,521.000,552.000,149.000,15.600
2014-08-25 11:00:00,4.390,498.000,521.800,118.000,16.200
2014-08-25 12:00:00,4.300,509.000,462.900,165.000,16.800
2014-08-25 13:00:00,4.790,471.000,444.700,152.000,17.100
2014-08-25 14:00:00,4.850,457.000,467.400,152.000,17.000
2014-08-25 15:00:00,5.020,318.000,328.900,136.000,16.900
2014-08-25 16:00:00,3.500,141.000,42.200,123.000,16.300
2014-08-25 17:00:00,2.610,79.000,25.000,72.000,15.500
2014-08-25 18:00:00,2.010,32.000,40.000,27.000,14.200
2014-08-25 19:00:00,1.240,2.000,0.000,2.000,13.200
2014-08-25 20:00:00,0.710,0.000,0.000,0.000,12.200
2014-08-25 21:00:00,0.910,0.000,0.000,0.000,11.800
2014-08-25 22:00:00,2.010,0.000,0.000,0.000,11.400
2014-08-25 23:00:00,2.530,0.000,0.000,0.000,11.000
2014-08-26 00:00:00,3.280,0.000,0.000,0.000,10.600
2014-08-26 01:00:00,4.240,0.000,0.000,0.000,10.600
2014-08-26 02:00:00,4.610,0.000,0.000,0.000,10.500
2014-08-26 03:00:00,4.810,0.000,0.000,0.000,10.300
2014-08-26 04:00:00,5.260,0.000,0.000,0.000,10.300
2014-08-26 05:00:00,5.660,4.000,0.000,4.000,10.300
2014-08-26 06:00:00,5.570,30.000,0.000,30.000,10.700
2014-08-26 07:00:00,5.150,98.000,18.900,92.000,11.600
2014-08-26 08:00:00,4.560,216.000,158.800,143.000,12.700
2014-08-26 09:00:00,4.480,302.000,250.100,157.000,13.800
2014-08-26 10:00:00,4.730,420.000,270.100,239.000,16.000
2014-08-26 11:00:00,3.830,389.000,214.000,234.000,16.600
2014-08-26 12:00:00,3.010,335.000,132.600,237.000,16.900
2014-08-26 13:00:00,2.280,378.000,155.700,267.000,17.600
2014-08-26 14:00:00,2.050,290.000,112.700,217.000,18.000
2014-08-26 15:00:00,2.120,281.000,100.300,226.000,18.300
2014-08-26 16:00:00,2.270,166.000,106.800,121.000,17.900
2014-08-26 17:00:00,2.200,156.000,236.500,91.000,17.700
2014-08-26 18:00:00,2.410,48.000,134.000,32.000,15.800
2014-08-26 19:00:00,3.120,2.000,0.000,2.000,13.500
2014-08-26 20:00:00,3.620,0.000,0.000,0.000,11.800
2014-08-26 21:00:00,3.840,0.000,0.000,0.000,11.000
2014-08-26 22:00:00,2.970,0.000,0.000,0.000,10.000
2014-08-26 23:00:00,3.620,0.000,0.000,0.000,9.400
2014-08-27 00:00:00,4.200,0.000,0.000,0.000,9.100
2014-08-27 01:00:00,4.640,0.000,0.000,0.000,8.700
2014-08-27 02:00:00,4.730,0.000,0.000,0.000,8.300
2014-08-27 03:00:00,4.520,0.000,0.000,0.000,7.800
2014-08-27 04:00:00,3.800,0.000,0.000,0.000,7.300
2014-08-27 05:00:00,3.160,10.000,53.100,7.000,7.200
2014-08-27 06:00:00,2.860,104.000,373.600,44.000,9.000
2014-08-27 07:00:00,1.720,238.000,515.500,76.000,11.100
2014-08-27 08:00:00,1.660,386.000,609.700,108.000,13.700
2014-08-27 09:00:00,2.410,523.000,696.100,122.000,15.900
2014-08-27 10:00:00,2.400,505.000,525.300,155.000,17.700
2014-08-27 11:00:00,2.360,658.000,728.800,133.000,18.900
2014-08-27 12:00:00,2.370,658.000,676.300,161.000,19.700
2014-08-27 13:00:00,2.510,676.000,793.100,114.000,20.200
2014-08-27 14:00:00,2.870,581.000,663.700,154.000,20.800
2014-08-27 15:00:00,3.300,426.000,550.100,127.000,20.800
2014-08-27 16:00:00,3.220,296.000,466.300,102.000,20.800
2014-08-27 17:00:00,2.770,178.000,389.600,73.000,20.100
2014-08-27 18:00:00,2.910,63.000,263.500,33.000,17.600
2014-08-27 19:00:00,2.890,2.000,0.000,2.000,13.700
2014-08-27 20:00:00,2.750,0.000,0.000,0.000,11.700
2014-08-27 21:00:00,2.380,0.000,0.000,0.000,10.700
2014-08-27 22:00:00,2.240,0.000,0.000,0.000,9.700
2014-08-27 23:00:00,1.410,0.000,0.000,0.000,9.500
2014-08-28 00:00:00,0.450,0.000,0.000,0.000,9.900
2014-08-28 01:00:00,0.500,0.000,0.000,0.000,9.500
2014-08-28 02:00:00,1.490,0.000,0.000,0.000,8.500
2014-08-28 03:00:00,2.430,0.000,0.000,0.000,6.800
2014-08-28 04:00:00,3.320,0.000,0.000,0.000,6.800
2014-08-28 05:00:00,3.790,9.000,55.000,6.000,7.400
2014-08-28 06:00:00,3.930,100.000,370.400,42.000,10.200
2014-08-28 07:00:00,3.600,251.000,589.600,68.000,14.100
2014-08-28 08:00:00,2.750,404.000,703.300,86.000,17.300
2014-08-28 09:00:00,3.220,540.000,769.000,100.000,19.400
2014-08-28 10:00:00,3.880,643.000,807.800,108.000,20.800
2014-08-28 11:00:00,4.040,708.000,832.000,112.000,21.700
2014-08-28 12:00:00,3.710,706.000,792.400,127.000,22.500
2014-08-28 13:00:00,3.410,632.000,710.100,132.000,23.100
2014-08-28 14:00:00,3.400,488.000,523.000,154.000,23.600
2014-08-28 15:00:00,3.210,359.000,356.500,167.000,23.700
2014-08-28 16:00:00,2.710,212.000,243.400,112.000,23.200
2014-08-28 17:00:00,3.070,124.000,200.700,71.000,22.300
2014-08-28 18:00:00,4.020,37.000,64.400,30.000,20.500
2014-08-28 19:00:00,4.730,1.000,0.000,1.000,19.000
2014-08-28 20:00:00,5.150,0.000,0.000,0.000,18.500
2014-08-28 21:00:00,5.600,0.000,0.000,0.000,18.000
2014-08-28 22:00:00,4.910,0.000,0.000,0.000,17.200
2014-08-28 23:00:00,4.900,0.000,0.000,0.000,16.900
2014-08-29 00:00:00,5.020,0.000,0.000,0.000,16.700
2014-08-29 01:00:00,5.120,0.000,0.000,0.000,16.800
2014-08-29 02:00:00,5.030,0.000,0.000,0.000,16.700
2014-08-29 03:00:00,5.100,0.000,0.000,0.000,16.400
2014-08-29 04:00:00,5.190,0.000,0.000,0.000,16.300
2014-08-29 05:00:00,5.520,3.000,0.000,3.000,16.300
2014-08-29 06:00:00,5.550,29.000,0.000,29.000,16.600
2014-08-29 07:00:00,5.820,52.000,6.500,50.000,16.900
2014-08-29 08:00:00,5.410,48.000,2.200,47.000,17.000
2014-08-29 09:00:00,5.890,70.000,0.000,70.000,17.400
2014-08-29 10:00:00,5.340,165.000,39.500,139.000,17.900
2014-08-29 11:00:00,5.940,337.000,237.300,168.000,19.300
2014-08-29 12:00:00,5.770,527.000,512.100,155.000,20.600
2014-08-29 13:00:00,6.430,574.000,603.100,152.000,21.500
2014-08-29 14:00:00,6.610,575.000,714.600,122.000,22.000
2014-08-29 15:00:00,6.400,447.000,650.200,100.000,21.900
2014-08-29 16:00:00,5.600,308.000,532.500,92.000,21.300
2014-08-29 17:00:00,4.400,167.000,398.300,64.000,20.300
2014-08-29 18:00:00,4.330,46.000,188.800,26.000,18.700
2014-08-29 19:00:00,4.840,1.000,0.000,1.000,16.800
2014-08-29 20:00:00,5.460,0.000,0.000,0.000,15.900
2014-08-29 21:00:00,5.730,0.000,0.000,0.000,15.400
2014-08-29 22:00:00,6.000,0.000,0.000,0.000,15.400
2014-08-29 23:00:00,5.690,0.000,0.000,0.000,14.900
2014-08-30 00:00:00,5.550,0.000,0.000,0.000,14.700
2014-08-30 01:00:00,5.330,0.000,0.000,0.000,14.400
2014-08-30 02:00:00,5.300,0.000,0.000,0.000,14.300
2014-08-30 03:00:00,5.670,0.000,0.000,0.000,14.100
2014-08-30 04:00:00,6.080,0.000,0.000,0.000,14.000
2014-08-30 05:00:00,6.380,6.000,19.100,5.000,14.100
2014-08-30 06:00:00,6.330,79.000,242.500,43.000,15.000
2014-08-30 07:00:00,6.250,204.000,419.800,77.000,16.000
2014-08-30 08:00:00,8.200,275.000,270.000,155.000,16.800
2014-08-30 09:00:00,7.300,310.000,178.900,209.000,17.000
2014-08-30 10:00:00,5.820,246.000,79.500,194.000,17.700
2014-08-30 11:00:00,6.140,197.000,89.000,134.000,18.000
2014-08-30 12:00:00,6.140,329.000,155.100,217.000,18.800
2014-08-30 13:00:00,5.980,321.000,198.500,183.000,19.100
2014-08-30 14:00:00,6.120,259.000,117.600,185.000,18.200
2014-08-30 15:00:00,6.310,303.000,240.300,176.000,18.800
2014-08-30 16:00:00,6.450,145.000,109.900,101.000,17.800
2014-08-30 17:00:00,6.480,45.000,15.800,41.000,17.100
2014-08-30 18:00:00,6.300,14.000,9.700,13.000,16.900
2014-08-30 19:00:00,6.790,0.000,0.000,0.000,16.500
2014-08-30 20:00:00,6.740,0.000,0.000,0.000,16.300
2014-08-30 21:00:00,6.470,0.000,0.000,0.000,16.000
2014-08-30 22:00:00,7.570,0.000,0.000,0.000,15.500
2014-08-30 23:00:00,7.180,0.000,0.000,0.000,15.300
2014-08-31 00:00:00,6.750,0.000,0.000,0.000,15.000
2014-08-31 01:00:00,6.370,0.000,0.000,0.000,14.600
2014-08-31 02:00:00,6.170,0.000,0.000,0.000,14.200
2014-08-31 03:00:00,6.020,0.000,0.000,0.000,13.500
2014-08-31 04:00:00,5.890,0.000,0.000,0.000,13.400
2014-08-31 05:00:00,5.630,4.000,0.000,4.000,13.300
2014-08-31 06:00:00,5.980,44.000,76.200,33.000,13.400
2014-08-31 07:00:00,5.510,133.000,167.500,83.000,14.000
2014-08-31 08:00:00,4.820,202.000,97.600,159.000,14.700
2014-08-31 09:00:00,4.400,305.000,256.900,161.000,15.400
2014-08-31 10:00:00,4.230,263.000,90.700,204.000,16.500
2014-08-31 11:00:00,3.950,300.000,130.700,208.000,16.900
2014-08-31 12:00:00,3.730,306.000,124.000,217.000,16.400
2014-08-31 13:00:00,3.760,266.000,105.700,193.000,16.700
2014-08-31 14:00:00,3.830,289.000,108.900,221.000,16.800
2014-08-31 15:00:00,3.940,252.000,147.100,175.000,17.200
2014-08-31 16:00:00,4.880,189.000,182.300,117.000,16.600
2014-08-31 17:00:00,4.120,87.000,92.900,64.000,16.100
2014-08-31 18:00:00,4.270,30.000,109.500,19.000,15.000
2014-08-31 19:00:00,4.580,0.000,0.000,0.000,13.700
2014-08-31 20:00:00,4.940,0.000,0.000,0.000,12.900
2014-08-31 21:00:00,5.440,0.000,0.000,0.000,12.700
2014-08-31 22:00:00,5.750,0.000,0.000,0.000,12.200
2014-08-31 23:00:00,5.410,0.000,0.000,0.000,11.800
2014-09-01 00:00:00,5.240,0.000,0.000,0.000,11.700
2014-09-01 01:00:00,5.550,0.000,0.000,0.000,11.700
2014-09-01 02:00:00,5.500,0.000,0.000,0.000,12.000
2014-09-01 03:00:00,5.170,0.000,0.000,0.000,12.000
2014-09-01 04:00:00,5.610,0.000,0.000,0.000,12.000
2014-09-01 05:00:00,5.510,4.000,19.100,3.000,12.000
2014-09-01 06:00:00,5.340,70.000,242.300,36.000,12.600
2014-09-01 07:00:00,5.000,78.000,71.300,57.000,13.500
2014-09-01 08:00:00,4.790,144.000,98.500,101.000,14.100
2014-09-01 09:00:00,4.550,331.000,330.600,147.000,14.900
2014-09-01 10:00:00,4.030,390.000,357.400,159.000,16.000
2014-09-01 11:00:00,4.340,477.000,434.400,173.000,16.700
2014-09-01 12:00:00,4.110,433.000,335.000,194.000,17.500
2014-09-01 13:00:00,4.210,323.000,217.200,174.000,17.800
2014-09-01 14:00:00,4.550,268.000,187.300,152.000,18.000
2014-09-01 15:00:00,4.490,277.000,260.400,142.000,18.100
2014-09-01 16:00:00,4.390,204.000,243.800,109.000,18.200
2014-09-01 17:00:00,5.080,93.000,173.500,51.000,17.500
2014-09-01 18:00:00,5.490,32.000,143.400,18.000,16.700
2014-09-01 19:00:00,5.390,0.000,0.000,0.000,16.000
2014-09-01 20:00:00,5.310,0.000,0.000,0.000,15.700
2014-09-01 21:00:00,5.440,0.000,0.000,0.000,15.400
2014-09-01 22:00:00,5.460,0.000,0.000,0.000,15.100
2014-09-01 23:00:00,5.640,0.000,0.000,0.000,15.000
2014-09-02 00:00:00,5.440,0.000,0.000,0.000,14.700
2014-09-02 01:00:00,5.080,0.000,0.000,0.000,14.800
2014-09-02 02:00:00,4.920,0.000,0.000,0.000,14.800
2014-09-02 03:00:00,4.390,0.000,0.000,0.000,14.600
2014-09-02 04:00:00,3.860,0.000,0.000,0.000,14.600
2014-09-02 05:00:00,3.980,1.000,0.000,1.000,14.600
2014-09-02 06:00:00,4.730,7.000,0.000,7.000,14.800
2014-09-02 07:00:00,6.160,32.000,0.000,32.000,15.400
2014-09-02 08:00:00,6.660,51.000,0.000,51.000,15.700
2014-09-02 09:00:00,6.400,137.000,45.200,112.000,16.100
2014-09-02 10:00:00,5.660,196.000,77.800,146.000,16.600
2014-09-02 11:00:00,4.850,215.000,48.900,181.000,17.100
2014-09-02 12:00:00,4.880,276.000,101.600,204.000,17.700
2014-09-02 13:00:00,4.920,289.000,138.000,195.000,18.300
2014-09-02 14:00:00,4.570,273.000,91.100,217.000,18.600
2014-09-02 15:00:00,4.580,212.000,146.100,137.000,18.700
2014-09-02 16:00:00,4.300,207.000,231.600,118.000,19.000
2014-09-02 17:00:00,4.030,132.000,253.700,72.000,18.500
2014-09-02 18:00:00,3.810,39.000,179.200,22.000,16.500
2014-09-02 19:00:00,3.890,0.000,0.000,0.000,14.400
2014-09-02 20:00:00,4.290,0.000,0.000,0.000,13.300
2014-09-02 21:00:00,4.970,0.000,0.000,0.000,12.900
2014-09-02 22:00:00,5.800,0.000,0.000,0.000,13.100
2014-09-02 23:00:00,6.030,0.000,0.000,0.000,12.800
2014-09-03 00:00:00,5.900,0.000,0.000,0.000,12.300
2014-09-03 01:00:00,5.110,0.000,0.000,0.000,11.600
2014-09-03 02:00:00,5.050,0.000,0.000,0.000,11.000
2014-09-03 03:00:00,4.830,0.000,0.000,0.000,10.700
2014-09-03 04:00:00,4.840,0.000,0.000,0.000,10.400
2014-09-03 05:00:00,5.070,3.000,19.100,2.000,10.100
2014-09-03 06:00:00,5.050,72.000,257.400,38.000,11.300
2014-09-03 07:00:00,5.740,184.000,328.000,90.000,13.300
2014-09-03 08:00:00,5.540,271.000,298.600,143.000,15.100
2014-09-03 09:00:00,5.550,391.000,428.400,156.000,16.500
2014-09-03 10:00:00,6.420,451.000,416.800,185.000,18.500
2014-09-03 11:00:00,6.140,480.000,402.100,202.000,19.300
2014-09-03 12:00:00,6.140,498.000,350.600,251.000,20.100
2014-09-03 13:00:00,6.200,488.000,357.700,246.000,20.500
2014-09-03 14:00:00,6.240,426.000,339.600,219.000,20.600
2014-09-03 15:00:00,6.260,289.000,190.900,192.000,20.400
2014-09-03 16:00:00,6.300,221.000,234.900,132.000,20.300
2014-09-03 17:00:00,6.170,154.000,398.600,62.000,19.600
2014-09-03 18:00:00,6.480,38.000,195.600,20.000,17.900
2014-09-03 19:00:00,6.800,0.000,0.000,0.000,16.400
2014-09-03 20:00:00,7.130,0.000,0.000,0.000,15.600
2014-09-03 21:00:00,7.320,0.000,0.000,0.000,15.100
2014-09-03 22:00:00,7.830,0.000,0.000,0.000,14.600
2014-09-03 23:00:00,7.210,0.000,0.000,0.000,14.200
2014-09-04 00:00:00,6.730,0.000,0.000,0.000,13.600
2014-09-04 01:00:00,6.450,0.000,0.000,0.000,13.100
2014-09-04 02:00:00,6.030,0.000,0.000,0.000,12.700
2014-09-04 03:00:00,5.850,0.000,0.000,0.000,12.200
2014-09-04 04:00:00,6.000,0.000,0.000,0.000,11.900
2014-09-04 05:00:00,6.220,3.000,0.000,3.000,11.700
2014-09-04 06:00:00,6.170,68.000,257.900,35.000,12.900
2014-09-04 07:00:00,5.410,205.000,481.400,69.000,14.700
2014-09-04 08:00:00,5.400,348.000,603.000,92.000,16.600
2014-09-04 09:00:00,5.300,432.000,538.100,139.000,18.400
2014-09-04 10:00:00,5.930,565.000,664.100,144.000,20.900
2014-09-04 11:00:00,6.150,585.000,585.200,183.000,21.800
2014-09-04 12:00:00,6.340,639.000,657.200,179.000,22.700
2014-09-04 13:00:00,6.330,621.000,719.000,138.000,23.300
2014-09-04 14:00:00,6.340,546.000,674.900,138.000,23.700
2014-09-04 15:00:00,6.350,373.000,441.600,151.000,23.600
2014-09-04 16:00:00,6.050,247.000,367.000,110.000,23.300
2014-09-04 17:00:00,5.710,114.000,226.600,63.000,22.300
2014-09-04 18:00:00,5.870,22.000,89.700,14.000,20.600
2014-09-04 19:00:00,5.910,0.000,0.000,0.000,19.200
2014-09-04 20:00:00,5.590,0.000,0.000,0.000,18.500
2014-09-04 21:00:00,5.390,0.000,0.000,0.000,18.200
2014-09-04 22:00:00,6.260,0.000,0.000,0.000,16.500
2014-09-04 23:00:00,6.240,0.000,0.000,0.000,16.100
2014-09-05 00:00:00,5.970,0.000,0.000,0.000,15.600
2014-09-05 01:00:00,5.610,0.000,0.000,0.000,15.200
2014-09-05 02:00:00,5.360,0.000,0.000,0.000,14.800
2014-09-05 03:00:00,5.230,0.000,0.000,0.000,14.600
2014-09-05 04:00:00,5.250,0.000,0.000,0.000,14.300
2014-09-05 05:00:00,5.180,2.000,0.000,2.000,14.100
2014-09-05 06:00:00,4.690,57.000,210.100,31.000,15.000
2014-09-05 07:00:00,3.590,200.000,477.700,67.000,16.800
2014-09-05 08:00:00,3.100,325.000,535.100,100.000,18.800
2014-09-05 09:00:00,3.080,454.000,595.900,132.000,20.400
2014-09-05 10:00:00,3.100,556.000,652.700,145.000,22.200
2014-09-05 11:00:00,3.450,605.000,632.900,173.000,23.500
2014-09-05 12:00:00,3.450,601.000,579.600,198.000,24.400
2014-09-05 13:00:00,3.420,548.000,532.300,193.000,25.300
2014-09-05 14:00:00,3.260,465.000,458.800,190.000,25.900
2014-09-05 15:00:00,2.920,316.000,305.600,164.000,26.000
2014-09-05 16:00:00,2.560,228.000,280.200,125.000,26.000
2014-09-05 17:00:00,2.880,105.000,127.700,77.000,25.100
2014-09-05 18:00:00,3.830,19.000,11.600,18.000,22.900
2014-09-05 19:00:00,4.570,0.000,0.000,0.000,20.700
2014-09-05 20:00:00,4.880,0.000,0.000,0.000,19.400
2014-09-05 21:00:00,5.060,0.000,0.000,0.000,18.900
2014-09-05 22:00:00,4.420,0.000,0.000,0.000,18.200
2014-09-05 23:00:00,3.260,0.000,0.000,0.000,17.400
2014-09-06 00:00:00,2.720,0.000,0.000,0.000,16.900
2014-09-06 01:00:00,1.800,0.000,0.000,0.000,16.300
2014-09-06 02:00:00,1.080,0.000,0.000,0.000,15.600
2014-09-06 03:00:00,0.810,0.000,0.000,0.000,15.100
2014-09-06 04:00:00,0.570,0.000,0.000,0.000,14.900
2014-09-06 05:00:00,0.820,2.000,0.000,2.000,14.600
2014-09-06 06:00:00,0.730,62.000,242.500,33.000,15.900
2014-09-06 07:00:00,1.100,147.000,313.500,61.000,17.800
2014-09-06 08:00:00,1.000,290.000,497.100,83.000,19.600
2014-09-06 09:00:00,0.410,397.000,520.400,118.000,21.300
2014-09-06 10:00:00,0.730,472.000,548.400,129.000,23.000
2014-09-06 11:00:00,0.320,520.000,547.100,149.000,24.100
2014-09-06 12:00:00,0.140,631.000,738.500,121.000,25.100
2014-09-06 13:00:00,0.320,550.000,639.100,127.000,25.300
2014-09-06 14:00:00,0.810,519.000,669.900,121.000,25.500
2014-09-06 15:00:00,1.900,304.000,429.000,93.000,24.800
2014-09-06 16:00:00,1.840,170.000,268.000,73.000,23.000
2014-09-06 17:00:00,1.630,66.000,79.700,49.000,21.500
2014-09-06 18:00:00,1.320,16.000,60.000,11.000,19.800
2014-09-06 19:00:00,1.140,0.000,0.000,0.000,19.000
2014-09-06 20:00:00,1.080,0.000,0.000,0.000,18.900
2014-09-06 21:00:00,0.890,0.000,0.000,0.000,17.600
2014-09-06 22:00:00,1.860,0.000,0.000,0.000,17.200
2014-09-06 23:00:00,2.670,0.000,0.000,0.000,17.200
2014-09-07 00:00:00,3.360,0.000,0.000,0.000,17.200
2014-09-07 01:00:00,3.070,0.000,0.000,0.000,16.800
2014-09-07 02:00:00,2.200,0.000,0.000,0.000,16.200
2014-09-07 03:00:00,2.360,0.000,0.000,0.000,16.100
2014-09-07 04:00:00,2.330,0.000,0.000,0.000,16.200
2014-09-07 05:00:00,2.690,1.000,0.000,1.000,16.200
2014-09-07 06:00:00,3.130,29.000,17.300,27.000,16.400
2014-09-07 07:00:00,3.510,66.000,29.600,58.000,17.000
2014-09-07 08:00:00,3.010,124.000,41.200,107.000,17.900
2014-09-07 09:00:00,2.770,153.000,28.200,138.000,18.600
2014-09-07 10:00:00,2.470,196.000,40.300,171.000,18.500
2014-09-07 11:00:00,1.800,173.000,40.100,146.000,18.600
2014-09-07 12:00:00,2.100,195.000,45.200,164.000,19.100
2014-09-07 13:00:00,3.420,193.000,109.600,121.000,19.600
2014-09-07 14:00:00,3.110,260.000,219.100,131.000,20.200
2014-09-07 15:00:00,3.200,237.000,218.000,131.000,20.700
2014-09-07 16:00:00,4.030,160.000,202.200,88.000,20.200
2014-09-07 17:00:00,4.200,82.000,192.900,42.000,19.400
2014-09-07 18:00:00,4.520,17.000,87.200,10.000,18.200
2014-09-07 19:00:00,4.700,0.000,0.000,0.000,17.000
2014-09-07 20:00:00,4.400,0.000,0.000,0.000,16.200
2014-09-07 21:00:00,3.380,0.000,0.000,0.000,15.300
2014-09-07 22:00:00,3.850,0.000,0.000,0.000,13.500
2014-09-07 23:00:00,3.580,0.000,0.000,0.000,12.400
2014-09-08 00:00:00,3.450,0.000,0.000,0.000,11.800
2014-09-08 01:00:00,2.530,0.000,0.000,0.000,12.000
2014-09-08 02:00:00,1.750,0.000,0.000,0.000,11.700
2014-09-08 03:00:00,1.620,0.000,0.000,0.000,11.200
2014-09-08 04:00:00,1.610,0.000,0.000,0.000,11.100
2014-09-08 05:00:00,1.200,1.000,0.000,1.000,11.800
2014-09-08 06:00:00,1.610,56.000,261.000,27.000,12.100
2014-09-08 07:00:00,1.220,99.000,56.400,84.000,14.000
2014-09-08 08:00:00,1.400,153.000,44.100,135.000,15.700
2014-09-08 09:00:00,2.010,297.000,265.300,157.000,17.000
2014-09-08 10:00:00,1.710,408.000,379.500,174.000,17.900
2014-09-08 11:00:00,2.530,483.000,487.300,157.000,19.100
2014-09-08 12:00:00,3.400,499.000,512.500,150.000,19.800
2014-09-08 13:00:00,4.160,456.000,517.000,119.000,20.100
2014-09-08 14:00:00,4.740,442.000,550.100,121.000,20.500
2014-09-08 15:00:00,4.790,374.000,572.100,99.000,20.300
2014-09-08 16:00:00,4.830,272.000,556.600,77.000,19.700
2014-09-08 17:00:00,5.050,133.000,387.500,55.000,18.600
2014-09-08 18:00:00,5.280,23.000,129.400,13.000,16.500
2014-09-08 19:00:00,4.850,0.000,0.000,0.000,14.700
2014-09-08 20:00:00,4.270,0.000,0.000,0.000,13.900
2014-09-08 21:00:00,3.800,0.000,0.000,0.000,13.000
2014-09-08 22:00:00,4.650,0.000,0.000,0.000,12.000
2014-09-08 23:00:00,4.570,0.000,0.000,0.000,11.800
2014-09-09 00:00:00,4.750,0.000,0.000,0.000,11.500
2014-09-09 01:00:00,4.940,0.000,0.000,0.000,11.500
2014-09-09 02:00:00,5.300,0.000,0.000,0.000,11.400
2014-09-09 03:00:00,5.500,0.000,0.000,0.000,11.400
2014-09-09 04:00:00,5.700,0.000,0.000,0.000,11.200
2014-09-09 05:00:00,5.800,1.000,0.000,1.000,10.900
2014-09-09 06:00:00,5.710,54.000,165.400,36.000,11.300
2014-09-09 07:00:00,6.000,162.000,332.400,75.000,13.000
2014-09-09 08:00:00,6.030,253.000,299.600,132.000,14.700
2014-09-09 09:00:00,6.080,321.000,284.700,172.000,15.800
2014-09-09 10:00:00,5.600,270.000,102.900,207.000,16.400
2014-09-09 11:00:00,5.970,212.000,22.600,197.000,16.600
2014-09-09 12:00:00,6.260,288.000,108.000,215.000,17.100
2014-09-09 13:00:00,6.530,307.000,165.500,200.000,17.700
2014-09-09 14:00:00,6.810,221.000,65.700,183.000,17.700
2014-09-09 15:00:00,6.840,166.000,80.000,128.000,17.700
2014-09-09 16:00:00,6.310,109.000,84.200,80.000,17.200
2014-09-09 17:00:00,5.560,73.000,107.600,52.000,16.500
2014-09-09 18:00:00,5.470,14.000,40.400,11.000,15.500
2014-09-09 19:00:00,5.280,0.000,0.000,0.000,15.100
2014-09-09 20:00:00,5.150,0.000,0.000,0.000,14.700
2014-09-09 21:00:00,4.830,0.000,0.000,0.000,14.500
2014-09-09 22:00:00,5.370,0.000,0.000,0.000,14.600
2014-09-09 23:00:00,5.800,0.000,0.000,0.000,14.400
2014-09-10 00:00:00,5.410,0.000,0.000,0.000,14.100
2014-09-10 01:00:00,5.220,0.000,0.000,0.000,13.900
2014-09-10 02:00:00,5.150,0.000,0.000,0.000,13.700
2014-09-10 03:00:00,5.280,0.000,0.000,0.000,13.600
2014-09-10 04:00:00,5.370,0.000,0.000,0.000,13.400
2014-09-10 05:00:00,5.260,0.000,0.000,0.000,13.200
2014-09-10 06:00:00,5.320,28.000,46.900,23.000,13.100
2014-09-10 07:00:00,5.020,85.000,112.600,56.000,13.700
2014-09-10 08:00:00,5.950,140.000,75.100,110.000,14.100
2014-09-10 09:00:00,6.090,238.000,115.600,178.000,14.900
2014-09-10 10:00:00,5.640,249.000,172.800,144.000,15.400
2014-09-10 11:00:00,5.590,198.000,50.000,165.000,15.900
2014-09-10 12:00:00,5.460,238.000,40.200,211.000,16.100
2014-09-10 13:00:00,5.500,301.000,107.600,232.000,16.800
2014-09-10 14:00:00,5.730,244.000,127.500,171.000,17.200
2014-09-10 15:00:00,6.150,205.000,202.400,110.000,17.200
2014-09-10 16:00:00,6.580,132.000,189.100,68.000,16.900
2014-09-10 17:00:00,5.530,69.000,137.500,43.000,16.400
2014-09-10 18:00:00,5.620,9.000,28.100,7.000,15.700
2014-09-10 19:00:00,5.260,0.000,0.000,0.000,14.800
2014-09-10 20:00:00,5.230,0.000,0.000,0.000,14.200
2014-09-10 21:00:00,5.380,0.000,0.000,0.000,13.800
2014-09-10 22:00:00,5.880,0.000,0.000,0.000,13.100
2014-09-10 23:00:00,5.600,0.000,0.000,0.000,13.200
2014-09-11 00:00:00,5.360,0.000,0.000,0.000,13.000
2014-09-11 01:00:00,5.360,0.000,0.000,0.000,12.900
2014-09-11 02:00:00,5.530,0.000,0.000,0.000,12.500
2014-09-11 03:00:00,5.600,0.000,0.000,0.000,12.300
2014-09-11 04:00:00,5.550,0.000,0.000,0.000,12.200
2014-09-11 05:00:00,5.500,0.000,0.000,0.000,12.000
2014-09-11 06:00:00,6.240,32.000,105.200,21.000,12.200
2014-09-11 07:00:00,5.470,74.000,27.600,67.000,12.700
2014-09-11 08:00:00,5.450,167.000,113.900,122.000,13.500
2014-09-11 09:00:00,5.950,313.000,264.300,177.000,14.200
2014-09-11 10:00:00,4.360,347.000,336.600,144.000,15.000
2014-09-11 11:00:00,4.690,506.000,536.000,155.000,16.000
2014-09-11 12:00:00,5.140,514.000,528.500,162.000,16.800
2014-09-11 13:00:00,5.440,447.000,444.900,164.000,17.300
2014-09-11 14:00:00,5.310,284.000,232.800,152.000,17.100
2014-09-11 15:00:00,4.780,196.000,151.000,126.000,17.200
2014-09-11 16:00:00,4.520,132.000,114.300,94.000,16.900
2014-09-11 17:00:00,4.000,65.000,87.400,49.000,16.300
2014-09-11 18:00:00,4.110,14.000,58.800,10.000,14.600
2014-09-11 19:00:00,4.680,0.000,0.000,0.000,12.900
2014-09-11 20:00:00,4.860,0.000,0.000,0.000,12.000
2014-09-11 21:00:00,4.700,0.000,0.000,0.000,11.800
2014-09-11 22:00:00,4.690,0.000,0.000,0.000,11.500
2014-09-11 23:00:00,4.410,0.000,0.000,0.000,11.200
2014-09-12 00:00:00,4.850,0.000,0.000,0.000,11.000
2014-09-12 01:00:00,5.770,0.000,0.000,0.000,11.100
2014-09-12 02:00:00,6.330,0.000,0.000,0.000,11.100
2014-09-12 03:00:00,6.420,0.000,0.000,0.000,11.000
2014-09-12 04:00:00,6.300,0.000,0.000,0.000,11.100
2014-09-12 05:00:00,6.450,0.000,0.000,0.000,11.600
2014-09-12 06:00:00,6.450,41.000,156.100,25.000,12.100
2014-09-12 07:00:00,6.820,49.000,4.000,48.000,13.200
2014-09-12 08:00:00,8.190,109.000,46.000,91.000,14.700
2014-09-12 09:00:00,8.770,230.000,162.700,147.000,16.400
2014-09-12 10:00:00,8.110,280.000,103.600,218.000,17.300
2014-09-12 11:00:00,8.130,338.000,127.700,255.000,18.500
2014-09-12 12:00:00,8.580,352.000,134.600,263.000,19.300
2014-09-12 13:00:00,8.580,371.000,228.300,227.000,20.000
2014-09-12 14:00:00,8.210,360.000,263.600,212.000,20.600
2014-09-12 15:00:00,7.670,247.000,220.700,146.000,20.500
2014-09-12 16:00:00,7.740,157.000,186.900,96.000,20.200
2014-09-12 17:00:00,8.010,57.000,28.300,52.000,19.200
2014-09-12 18:00:00,8.050,7.000,15.400,6.000,18.100
2014-09-12 19:00:00,7.790,0.000,0.000,0.000,17.200
2014-09-12 20:00:00,7.320,0.000,0.000,0.000,16.600
2014-09-12 21:00:00,6.850,0.000,0.000,0.000,16.100
2014-09-12 22:00:00,6.400,0.000,0.000,0.000,15.400
2014-09-12 23:00:00,6.130,0.000,0.000,0.000,15.100
2014-09-13 00:00:00,6.170,0.000,0.000,0.000,14.700
2014-09-13 01:00:00,6.170,0.000,0.000,0.000,14.500
2014-09-13 02:00:00,6.090,0.000,0.000,0.000,14.400
2014-09-13 03:00:00,5.970,0.000,0.000,0.000,14.500
2014-09-13 04:00:00,5.730,0.000,0.000,0.000,14.500
2014-09-13 05:00:00,5.890,0.000,0.000,0.000,14.500
2014-09-13 06:00:00,6.250,19.000,59.800,13.000,14.400
2014-09-13 07:00:00,7.350,30.000,0.000,30.000,14.600
2014-09-13 08:00:00,7.760,40.000,0.000,40.000,15.300
2014-09-13 09:00:00,7.740,91.000,7.900,87.000,16.000
2014-09-13 10:00:00,6.070,123.000,21.900,110.000,16.700
2014-09-13 11:00:00,6.300,118.000,0.000,118.000,17.600
2014-09-13 12:00:00,6.600,90.000,0.000,90.000,18.000
2014-09-13 13:00:00,6.400,119.000,8.000,114.000,18.300
2014-09-13 14:00:00,6.110,108.000,0.000,108.000,18.400
2014-09-13 15:00:00,6.020,46.000,0.000,46.000,18.200
2014-09-13 16:00:00,5.720,47.000,12.500,43.000,17.900
2014-09-13 17:00:00,5.390,27.000,46.900,19.000,17.400
2014-09-13 18:00:00,5.480,3.000,0.000,3.000,16.800
2014-09-13 19:00:00,5.440,0.000,0.000,0.000,16.300
2014-09-13 20:00:00,5.310,0.000,0.000,0.000,16.000
2014-09-13 21:00:00,4.950,0.000,0.000,0.000,15.800
2014-09-13 22:00:00,5.160,0.000,0.000,0.000,15.800
2014-09-13 23:00:00,5.230,0.000,0.000,0.000,15.800
2014-09-14 00:00:00,5.160,0.000,0.000,0.000,15.700
2014-09-14 01:00:00,5.020,0.000,0.000,0.000,15.600
2014-09-14 02:00:00,4.920,0.000,0.000,0.000,15.400
2014-09-14 03:00:00,4.320,0.000,0.000,0.000,15.200
2014-09-14 04:00:00,4.140,0.000,0.000,0.000,15.100
2014-09-14 05:00:00,4.220,0.000,0.000,0.000,15.000
2014-09-14 06:00:00,4.600,8.000,0.000,8.000,15.100
2014-09-14 07:00:00,4.840,39.000,8.300,37.000,15.400
2014-09-14 08:00:00,3.530,109.000,52.300,89.000,16.000
2014-09-14 09:00:00,2.500,226.000,133.700,159.000,16.800
2014-09-14 10:00:00,2.120,313.000,208.700,190.000,18.300
2014-09-14 11:00:00,2.310,401.000,298.300,210.000,18.900
2014-09-14 12:00:00,2.510,382.000,295.000,190.000,19.600
2014-09-14 13:00:00,2.330,288.000,172.600,181.000,19.700
2014-09-14 14:00:00,2.770,312.000,212.700,195.000,19.900
2014-09-14 15:00:00,2.830,242.000,269.100,122.000,19.700
2014-09-14 16:00:00,2.730,183.000,327.700,80.000,19.500
2014-09-14 17:00:00,3.320,78.000,182.600,48.000,18.700
2014-09-14 18:00:00,4.020,8.000,34.100,6.000,17.100
2014-09-14 19:00:00,4.300,0.000,0.000,0.000,16.300
2014-09-14 20:00:00,3.720,0.000,0.000,0.000,16.200
2014-09-14 21:00:00,2.690,0.000,0.000,0.000,15.400
2014-09-14 22:00:00,3.800,0.000,0.000,0.000,15.300
2014-09-14 23:00:00,4.100,0.000,0.000,0.000,15.600
2014-09-15 00:00:00,3.910,0.000,0.000,0.000,15.500
2014-09-15 01:00:00,3.260,0.000,0.000,0.000,15.200
2014-09-15 02:00:00,3.380,0.000,0.000,0.000,14.600
2014-09-15 03:00:00,2.560,0.000,0.000,0.000,15.000
2014-09-15 04:00:00,2.530,0.000,0.000,0.000,15.200
2014-09-15 05:00:00,2.930,0.000,0.000,0.000,15.400
2014-09-15 06:00:00,3.810,21.000,72.900,14.000,15.600
2014-09-15 07:00:00,3.810,65.000,72.100,48.000,15.900
2014-09-15 08:00:00,3.710,154.000,97.900,117.000,16.500
2014-09-15 09:00:00,4.120,235.000,134.900,168.000,17.500
2014-09-15 10:00:00,4.250,224.000,44.500,198.000,18.600
2014-09-15 11:00:00,4.070,284.000,56.700,248.000,19.500
2014-09-15 12:00:00,4.120,273.000,52.700,239.000,20.200
2014-09-15 13:00:00,4.080,267.000,105.800,202.000,20.600
2014-09-15 14:00:00,4.280,366.000,371.000,164.000,21.400
2014-09-15 15:00:00,4.690,309.000,456.800,108.000,21.800
2014-09-15 16:00:00,4.620,202.000,392.600,81.000,21.500
2014-09-15 17:00:00,4.210,56.000,101.200,40.000,20.400
2014-09-15 18:00:00,3.970,3.000,0.000,3.000,18.800
2014-09-15 19:00:00,4.100,0.000,0.000,0.000,17.500
2014-09-15 20:00:00,3.940,0.000,0.000,0.000,16.900
2014-09-15 21:00:00,4.240,0.000,0.000,0.000,16.600
2014-09-15 22:00:00,4.750,0.000,0.000,0.000,15.700
2014-09-15 23:00:00,5.120,0.000,0.000,0.000,15.700
2014-09-16 00:00:00,5.730,0.000,0.000,0.000,15.500
2014-09-16 01:00:00,5.950,0.000,0.000,0.000,15.300
2014-09-16 02:00:00,5.980,0.000,0.000,0.000,14.900
2014-09-16 03:00:00,6.150,0.000,0.000,0.000,14.500
2014-09-16 04:00:00,6.310,0.000,0.000,0.000,14.100
2014-09-16 05:00:00,6.400,0.000,0.000,0.000,13.900
2014-09-16 06:00:00,6.200,39.000,181.100,22.000,14.100
2014-09-16 07:00:00,5.600,144.000,354.100,62.000,15.400
2014-09-16 08:00:00,5.100,281.000,525.000,85.000,16.900
2014-09-16 09:00:00,5.150,364.000,499.900,118.000,18.200
2014-09-16 10:00:00,5.040,400.000,410.500,162.000,20.500
2014-09-16 11:00:00,5.030,410.000,361.700,182.000,21.900
2014-09-16 12:00:00,5.130,389.000,271.700,215.000,22.700
2014-09-16 13:00:00,5.350,400.000,307.000,213.000,23.400
2014-09-16 14:00:00,5.970,365.000,341.500,181.000,23.800
2014-09-16 15:00:00,6.160,268.000,306.400,135.000,23.700
2014-09-16 16:00:00,5.900,180.000,317.800,84.000,23.400
2014-09-16 17:00:00,6.170,81.000,243.700,44.000,22.300
2014-09-16 18:00:00,6.650,6.000,19.100,5.000,20.400
2014-09-16 19:00:00,6.970,0.000,0.000,0.000,19.500
2014-09-16 20:00:00,6.820,0.000,0.000,0.000,18.800
2014-09-16 21:00:00,6.920,0.000,0.000,0.000,18.300
2014-09-16 22:00:00,6.790,0.000,0.000,0.000,17.400
2014-09-16 23:00:00,6.760,0.000,0.000,0.000,16.700
2014-09-17 00:00:00,6.840,0.000,0.000,0.000,16.300
2014-09-17 01:00:00,7.030,0.000,0.000,0.000,15.500
2014-09-17 02:00:00,7.010,0.000,0.000,0.000,15.100
2014-09-17 03:00:00,7.020,0.000,0.000,0.000,14.800
2014-09-17 04:00:00,7.030,0.000,0.000,0.000,14.500
2014-09-17 05:00:00,6.940,0.000,0.000,0.000,14.100
2014-09-17 06:00:00,6.750,36.000,185.500,19.000,14.300
2014-09-17 07:00:00,5.930,151.000,409.400,58.000,15.500
2014-09-17 08:00:00,5.740,291.000,558.500,85.000,17.300
2014-09-17 09:00:00,5.840,421.000,658.500,100.000,19.000
2014-09-17 10:00:00,5.850,515.000,706.100,109.000,20.800
2014-09-17 11:00:00,6.240,563.000,719.600,113.000,22.100
2014-09-17 12:00:00,6.440,579.000,736.900,111.000,23.000
2014-09-17 13:00:00,6.650,559.000,747.100,108.000,23.500
2014-09-17 14:00:00,6.810,480.000,712.900,100.000,23.800
2014-09-17 15:00:00,6.740,360.000,628.400,91.000,23.700
2014-09-17 16:00:00,5.920,195.000,412.300,73.000,23.200
2014-09-17 17:00:00,5.850,77.000,281.600,36.000,21.800
2014-09-17 18:00:00,6.500,5.000,19.100,4.000,20.200
2014-09-17 19:00:00,7.000,0.000,0.000,0.000,19.300
2014-09-17 20:00:00,7.100,0.000,0.000,0.000,18.600
2014-09-17 21:00:00,7.050,0.000,0.000,0.000,18.000
2014-09-17 22:00:00,6.930,0.000,0.000,0.000,16.900
2014-09-17 23:00:00,6.540,0.000,0.000,0.000,16.200
2014-09-18 00:00:00,6.150,0.000,0.000,0.000,15.500
2014-09-18 01:00:00,6.010,0.000,0.000,0.000,14.800
2014-09-18 02:00:00,5.990,0.000,0.000,0.000,14.200
2014-09-18 03:00:00,5.970,0.000,0.000,0.000,13.700
2014-09-18 04:00:00,6.060,0.000,0.000,0.000,13.300
2014-09-18 05:00:00,5.990,0.000,0.000,0.000,12.900
2014-09-18 06:00:00,5.890,34.000,178.800,18.000,13.200
2014-09-18 07:00:00,5.190,150.000,422.000,56.000,15.100
2014-09-18 08:00:00,4.710,293.000,579.100,82.000,17.100
2014-09-18 09:00:00,4.590,413.000,656.500,96.000,18.900
2014-09-18 10:00:00,4.020,518.000,720.800,107.000,20.700
2014-09-18 11:00:00,4.140,576.000,751.200,110.000,22.100
2014-09-18 12:00:00,4.240,586.000,762.100,106.000,22.900
2014-09-18 13:00:00,4.160,517.000,642.000,133.000,23.800
2014-09-18 14:00:00,3.800,405.000,557.600,111.000,24.000
2014-09-18 15:00:00,3.410,267.000,371.900,110.000,23.300
2014-09-18 16:00:00,3.670,196.000,403.700,79.000,23.000
2014-09-18 17:00:00,4.790,74.000,258.400,38.000,21.500
2014-09-18 18:00:00,5.330,4.000,19.100,3.000,19.500
2014-09-18 19:00:00,5.240,0.000,0.000,0.000,18.200
2014-09-18 20:00:00,4.900,0.000,0.000,0.000,17.200
2014-09-18 21:00:00,4.300,0.000,0.000,0.000,16.400
2014-09-18 22:00:00,3.680,0.000,0.000,0.000,16.300
2014-09-18 23:00:00,3.610,0.000,0.000,0.000,15.300
2014-09-19 00:00:00,3.850,0.000,0.000,0.000,14.800
2014-09-19 01:00:00,3.550,0.000,0.000,0.000,14.700
2014-09-19 02:00:00,3.050,0.000,0.000,0.000,14.900
2014-09-19 03:00:00,3.060,0.000,0.000,0.000,15.100
2014-09-19 04:00:00,3.770,0.000,0.000,0.000,15.200
2014-09-19 05:00:00,4.790,0.000,0.000,0.000,15.100
2014-09-19 06:00:00,5.000,22.000,103.100,13.000,15.200
2014-09-19 07:00:00,4.060,93.000,192.400,51.000,15.900
2014-09-19 08:00:00,2.980,219.000,327.900,101.000,16.900
2014-09-19 09:00:00,2.620,325.000,405.700,131.000,18.100
2014-09-19 10:00:00,2.770,384.000,452.800,128.000,20.000
2014-09-19 11:00:00,2.060,467.000,531.500,140.000,21.000
2014-09-19 12:00:00,2.200,488.000,530.000,157.000,21.800
2014-09-19 13:00:00,2.500,425.000,486.000,137.000,22.200
2014-09-19 14:00:00,2.440,327.000,372.000,133.000,22.700
2014-09-19 15:00:00,2.860,232.000,338.800,91.000,22.400
2014-09-19 16:00:00,3.330,138.000,225.600,74.000,21.100
2014-09-19 17:00:00,3.750,40.000,82.600,29.000,20.200
2014-09-19 18:00:00,3.680,2.000,0.000,2.000,19.100
2014-09-19 19:00:00,3.480,0.000,0.000,0.000,18.400
2014-09-19 20:00:00,3.690,0.000,0.000,0.000,18.100
2014-09-19 21:00:00,3.360,0.000,0.000,0.000,17.100
2014-09-19 22:00:00,1.680,0.000,0.000,0.000,16.700
2014-09-19 23:00:00,1.270,0.000,0.000,0.000,16.600
2014-09-20 00:00:00,1.890,0.000,0.000,0.000,16.100
2014-09-20 01:00:00,2.200,0.000,0.000,0.000,15.800
2014-09-20 02:00:00,2.380,0.000,0.000,0.000,15.600
2014-09-20 03:00:00,2.250,0.000,0.000,0.000,15.900
2014-09-20 04:00:00,2.340,0.000,0.000,0.000,15.900
2014-09-20 05:00:00,1.720,0.000,0.000,0.000,16.100
2014-09-20 06:00:00,2.200,12.000,35.300,9.000,16.300
2014-09-20 07:00:00,2.300,35.000,9.400,33.000,17.000
2014-09-20 08:00:00,1.870,88.000,22.500,80.000,17.800
2014-09-20 09:00:00,1.600,122.000,16.900,114.000,18.700
2014-09-20 10:00:00,1.660,192.000,99.900,136.000,19.100
2014-09-20 11:00:00,1.550,324.000,199.900,202.000,19.900
2014-09-20 12:00:00,1.700,319.000,251.900,163.000,20.100
2014-09-20 13:00:00,2.100,248.000,139.700,166.000,20.100
2014-09-20 14:00:00,2.330,273.000,205.500,167.000,20.700
2014-09-20 15:00:00,2.400,209.000,251.100,106.000,21.100
2014-09-20 16:00:00,2.550,138.000,227.000,75.000,20.400
2014-09-20 17:00:00,2.850,59.000,204.900,33.000,18.900
2014-09-20 18:00:00,3.080,2.000,0.000,2.000,17.400
2014-09-20 19:00:00,4.020,0.000,0.000,0.000,17.100
2014-09-20 20:00:00,4.030,0.000,0.000,0.000,16.300
2014-09-20 21:00:00,4.010,0.000,0.000,0.000,16.000
2014-09-20 22:00:00,4.890,0.000,0.000,0.000,15.400
2014-09-20 23:00:00,3.980,0.000,0.000,0.000,15.200
2014-09-21 00:00:00,5.360,0.000,0.000,0.000,15.300
2014-09-21 01:00:00,5.380,0.000,0.000,0.000,15.000
2014-09-21 02:00:00,5.330,0.000,0.000,0.000,14.900
2014-09-21 03:00:00,5.370,0.000,0.000,0.000,15.000
2014-09-21 04:00:00,5.680,0.000,0.000,0.000,15.000
2014-09-21 05:00:00,5.550,0.000,0.000,0.000,15.000
2014-09-21 06:00:00,5.280,12.000,0.000,12.000,15.100
2014-09-21 07:00:00,5.330,43.000,0.000,43.000,15.200
2014-09-21 08:00:00,5.610,72.000,8.600,69.000,15.700
2014-09-21 09:00:00,6.160,127.000,23.500,116.000,16.500
2014-09-21 10:00:00,7.430,168.000,50.400,140.000,16.300
2014-09-21 11:00:00,6.580,216.000,181.800,106.000,16.300
2014-09-21 12:00:00,6.300,331.000,262.200,170.000,17.200
2014-09-21 13:00:00,6.720,405.000,397.300,174.000,18.000
2014-09-21 14:00:00,7.650,392.000,504.000,135.000,18.200
2014-09-21 15:00:00,8.220,295.000,477.500,102.000,17.600
2014-09-21 16:00:00,8.440,150.000,305.700,67.000,16.600
2014-09-21 17:00:00,8.790,49.000,190.500,26.000,15.600
2014-09-21 18:00:00,7.990,2.000,0.000,2.000,14.300
2014-09-21 19:00:00,7.970,0.000,0.000,0.000,13.800
2014-09-21 20:00:00,8.440,0.000,0.000,0.000,13.500
2014-09-21 21:00:00,8.730,0.000,0.000,0.000,13.400
2014-09-21 22:00:00,8.550,0.000,0.000,0.000,13.200
2014-09-21 23:00:00,8.680,0.000,0.000,0.000,12.900
2014-09-22 00:00:00,9.120,0.000,0.000,0.000,12.600
2014-09-22 01:00:00,9.630,0.000,0.000,0.000,12.500
2014-09-22 02:00:00,9.550,0.000,0.000,0.000,12.500
2014-09-22 03:00:00,9.970,0.000,0.000,0.000,12.400
2014-09-22 04:00:00,10.160,0.000,0.000,0.000,12.200
2014-09-22 05:00:00,10.400,0.000,0.000,0.000,12.100
2014-09-22 06:00:00,10.500,15.000,37.200,12.000,12.000
2014-09-22 07:00:00,10.940,104.000,292.700,44.000,11.900
2014-09-22 08:00:00,10.780,205.000,323.500,93.000,12.000
2014-09-22 09:00:00,8.860,272.000,305.900,130.000,11.200
2014-09-22 10:00:00,8.070,253.000,234.200,124.000,10.900
2014-09-22 11:00:00,7.920,434.000,496.700,136.000,12.200
2014-09-22 12:00:00,8.770,503.000,601.400,137.000,13.300
2014-09-22 13:00:00,9.220,420.000,475.800,146.000,14.000
2014-09-22 14:00:00,9.950,283.000,303.500,130.000,14.200
2014-09-22 15:00:00,10.200,146.000,60.300,122.000,14.100
2014-09-22 16:00:00,9.850,74.000,30.100,66.000,13.800
2014-09-22 17:00:00,9.290,25.000,0.000,25.000,13.500
2014-09-22 18:00:00,8.930,1.000,0.000,1.000,13.100
2014-09-22 19:00:00,8.100,0.000,0.000,0.000,12.700
2014-09-22 20:00:00,7.620,0.000,0.000,0.000,12.100
2014-09-22 21:00:00,7.170,0.000,0.000,0.000,11.600
2014-09-22 22:00:00,7.040,0.000,0.000,0.000,11.300
2014-09-22 23:00:00,6.650,0.000,0.000,0.000,10.700
2014-09-23 00:00:00,6.220,0.000,0.000,0.000,10.200
2014-09-23 01:00:00,5.810,0.000,0.000,0.000,9.400
2014-09-23 02:00:00,5.520,0.000,0.000,0.000,8.700
2014-09-23 03:00:00,5.320,0.000,0.000,0.000,8.200
2014-09-23 04:00:00,5.200,0.000,0.000,0.000,7.500
2014-09-23 05:00:00,4.880,0.000,0.000,0.000,6.800
2014-09-23 06:00:00,4.340,25.000,127.600,15.000,6.900
2014-09-23 07:00:00,3.290,126.000,374.000,51.000,8.900
2014-09-23 08:00:00,2.690,255.000,497.600,85.000,11.200
2014-09-23 09:00:00,3.130,362.000,559.400,105.000,12.600
2014-09-23 10:00:00,3.160,406.000,432.400,170.000,14.200
2014-09-23 11:00:00,3.000,396.000,406.800,154.000,15.100
2014-09-23 12:00:00,3.060,246.000,94.500,189.000,15.200
2014-09-23 13:00:00,3.400,212.000,115.700,146.000,15.500
2014-09-23 14:00:00,3.600,196.000,112.400,140.000,15.500
2014-09-23 15:00:00,3.710,148.000,107.100,106.000,15.400
2014-09-23 16:00:00,3.340,85.000,92.600,61.000,15.000
2014-09-23 17:00:00,3.610,30.000,73.100,22.000,13.800
2014-09-23 18:00:00,4.210,1.000,0.000,1.000,12.700
2014-09-23 19:00:00,4.570,0.000,0.000,0.000,11.800
2014-09-23 20:00:00,4.700,0.000,0.000,0.000,11.200
2014-09-23 21:00:00,4.860,0.000,0.000,0.000,10.800
2014-09-23 22:00:00,5.100,0.000,0.000,0.000,10.200
2014-09-23 23:00:00,5.230,0.000,0.000,0.000,9.500
2014-09-24 00:00:00,5.460,0.000,0.000,0.000,9.300
2014-09-24 01:00:00,5.920,0.000,0.000,0.000,9.300
2014-09-24 02:00:00,6.050,0.000,0.000,0.000,9.300
2014-09-24 03:00:00,5.870,0.000,0.000,0.000,9.400
2014-09-24 04:00:00,5.830,0.000,0.000,0.000,9.500
2014-09-24 05:00:00,5.950,0.000,0.000,0.000,9.500
2014-09-24 06:00:00,6.130,12.000,0.000,12.000,9.600
2014-09-24 07:00:00,6.170,85.000,71.400,71.000,10.400
2014-09-24 08:00:00,5.590,179.000,136.500,133.000,11.700
2014-09-24 09:00:00,5.410,255.000,165.000,180.000,12.700
2014-09-24 10:00:00,5.120,318.000,127.600,249.000,13.600
2014-09-24 11:00:00,5.450,348.000,122.100,276.000,14.300
2014-09-24 12:00:00,5.590,352.000,137.200,270.000,14.600
2014-09-24 13:00:00,5.120,305.000,79.700,260.000,14.900
2014-09-24 14:00:00,5.110,254.000,60.900,224.000,15.400
2014-09-24 15:00:00,5.320,144.000,28.500,133.000,15.300
2014-09-24 16:00:00,5.520,71.000,7.900,69.000,15.200
2014-09-24 17:00:00,5.730,28.000,37.600,24.000,14.600
2014-09-24 18:00:00,6.180,0.000,0.000,0.000,13.600
2014-09-24 19:00:00,6.410,0.000,0.000,0.000,13.000
2014-09-24 20:00:00,6.470,0.000,0.000,0.000,12.600
2014-09-24 21:00:00,6.580,0.000,0.000,0.000,12.300
2014-09-24 22:00:00,7.240,0.000,0.000,0.000,11.800
2014-09-24 23:00:00,6.840,0.000,0.000,0.000,11.700
2014-09-25 00:00:00,7.120,0.000,0.000,0.000,11.900
2014-09-25 01:00:00,6.830,0.000,0.000,0.000,12.100
2014-09-25 02:00:00,6.500,0.000,0.000,0.000,12.000
2014-09-25 03:00:00,6.210,0.000,0.000,0.000,12.000
2014-09-25 04:00:00,6.430,0.000,0.000,0.000,11.800
2014-09-25 05:00:00,6.530,0.000,0.000,0.000,11.500
2014-09-25 06:00:00,6.940,12.000,27.100,10.000,11.700
2014-09-25 07:00:00,6.990,59.000,52.200,49.000,12.200
2014-09-25 08:00:00,6.910,120.000,108.300,84.000,12.900
2014-09-25 09:00:00,6.760,181.000,100.000,136.000,13.500
2014-09-25 10:00:00,7.450,350.000,296.800,191.000,15.000
2014-09-25 11:00:00,8.290,396.000,393.600,166.000,15.700
2014-09-25 12:00:00,8.750,378.000,391.700,146.000,16.000
2014-09-25 13:00:00,8.600,350.000,343.500,158.000,16.000
2014-09-25 14:00:00,8.680,268.000,279.500,132.000,16.000
2014-09-25 15:00:00,7.930,168.000,139.400,115.000,16.000
2014-09-25 16:00:00,7.500,65.000,20.300,60.000,15.700
2014-09-25 17:00:00,7.510,22.000,19.400,20.000,15.300
2014-09-25 18:00:00,7.710,0.000,0.000,0.000,14.900
2014-09-25 19:00:00,8.000,0.000,0.000,0.000,14.500
2014-09-25 20:00:00,8.200,0.000,0.000,0.000,14.200
2014-09-25 21:00:00,8.200,0.000,0.000,0.000,14.100
2014-09-25 22:00:00,7.440,0.000,0.000,0.000,13.500
2014-09-25 23:00:00,7.510,0.000,0.000,0.000,13.200
2014-09-26 00:00:00,7.650,0.000,0.000,0.000,12.900
2014-09-26 01:00:00,7.590,0.000,0.000,0.000,12.800
2014-09-26 02:00:00,7.640,0.000,0.000,0.000,12.800
2014-09-26 03:00:00,7.530,0.000,0.000,0.000,12.900
2014-09-26 04:00:00,7.530,0.000,0.000,0.000,13.200
2014-09-26 05:00:00,7.400,0.000,0.000,0.000,13.300
2014-09-26 06:00:00,7.310,4.000,0.000,4.000,13.400
2014-09-26 07:00:00,7.380,26.000,5.400,25.000,13.800
2014-09-26 08:00:00,7.150,64.000,18.300,58.000,14.200
2014-09-26 09:00:00,7.340,98.000,9.000,94.000,14.900
2014-09-26 10:00:00,8.930,129.000,18.800,119.000,15.500
2014-09-26 11:00:00,8.660,149.000,53.500,118.000,16.200
2014-09-26 12:00:00,8.450,138.000,10.200,132.000,16.400
2014-09-26 13:00:00,8.970,95.000,3.600,93.000,16.400
2014-09-26 14:00:00,8.760,61.000,0.000,61.000,16.100
2014-09-26 15:00:00,7.500,29.000,0.000,29.000,15.900
2014-09-26 16:00:00,7.770,19.000,0.000,19.000,15.900
2014-09-26 17:00:00,7.840,7.000,0.000,7.000,15.900
2014-09-26 18:00:00,7.420,0.000,0.000,0.000,15.900
2014-09-26 19:00:00,6.940,0.000,0.000,0.000,15.900
2014-09-26 20:00:00,6.700,0.000,0.000,0.000,15.900
2014-09-26 21:00:00,6.950,0.000,0.000,0.000,15.600
2014-09-26 22:00:00,7.000,0.000,0.000,0.000,14.900
2014-09-26 23:00:00,6.450,0.000,0.000,0.000,14.500
2014-09-27 00:00:00,6.210,0.000,0.000,0.000,14.000
2014-09-27 01:00:00,5.850,0.000,0.000,0.000,13.300
2014-09-27 02:00:00,5.000,0.000,0.000,0.000,12.900
2014-09-27 03:00:00,4.270,0.000,0.000,0.000,12.500
2014-09-27 04:00:00,3.850,0.000,0.000,0.000,11.800
2014-09-27 05:00:00,3.810,0.000,0.000,0.000,11.800
2014-09-27 06:00:00,4.000,12.000,43.300,9.000,11.500
2014-09-27 07:00:00,4.210,63.000,137.100,38.000,12.100
2014-09-27 08:00:00,4.650,135.000,136.200,91.000,13.200
2014-09-27 09:00:00,4.340,264.000,347.700,111.000,14.400
2014-09-27 10:00:00,3.260,380.000,458.500,139.000,15.800
2014-09-27 11:00:00,3.110,417.000,432.300,169.000,16.600
2014-09-27 12:00:00,3.110,486.000,571.300,154.000,17.500
2014-09-27 13:00:00,3.130,509.000,732.700,108.000,18.000
2014-09-27 14:00:00,3.040,406.000,613.200,115.000,18.200
2014-09-27 15:00:00,2.750,295.000,562.800,88.000,18.300
2014-09-27 16:00:00,2.310,170.000,473.700,59.000,17.600
2014-09-27 17:00:00,2.120,47.000,248.100,23.000,14.700
2014-09-27 18:00:00,2.020,0.000,0.000,0.000,11.700
2014-09-27 19:00:00,1.890,0.000,0.000,0.000,10.300
2014-09-27 20:00:00,2.050,0.000,0.000,0.000,9.300
2014-09-27 21:00:00,2.200,0.000,0.000,0.000,8.800
2014-09-27 22:00:00,2.810,0.000,0.000,0.000,7.700
2014-09-27 23:00:00,3.700,0.000,0.000,0.000,7.400
2014-09-28 00:00:00,4.300,0.000,0.000,0.000,7.300
2014-09-28 01:00:00,4.600,0.000,0.000,0.000,7.100
2014-09-28 02:00:00,4.700,0.000,0.000,0.000,6.900
2014-09-28 03:00:00,4.700,0.000,0.000,0.000,6.600
2014-09-28 04:00:00,4.520,0.000,0.000,0.000,6.600
2014-09-28 05:00:00,4.430,0.000,0.000,0.000,6.600
2014-09-28 06:00:00,4.220,16.000,89.500,10.000,7.400
2014-09-28 07:00:00,4.120,118.000,377.000,51.000,9.500
2014-09-28 08:00:00,3.000,247.000,512.200,84.000,12.600
2014-09-28 09:00:00,2.300,376.000,634.200,100.000,15.100
2014-09-28 10:00:00,1.800,462.000,647.500,125.000,17.500
2014-09-28 11:00:00,1.510,509.000,640.500,145.000,19.200
2014-09-28 12:00:00,1.840,473.000,458.700,209.000,20.000
2014-09-28 13:00:00,2.120,428.000,413.700,204.000,20.600
2014-09-28 14:00:00,2.420,297.000,194.200,206.000,20.600
2014-09-28 15:00:00,2.420,214.000,154.900,158.000,20.500
2014-09-28 16:00:00,2.370,124.000,140.300,92.000,19.600
2014-09-28 17:00:00,3.400,36.000,74.800,29.000,17.500
2014-09-28 18:00:00,4.500,0.000,0.000,0.000,15.700
2014-09-28 19:00:00,4.740,0.000,0.000,0.000,14.400
2014-09-28 20:00:00,4.650,0.000,0.000,0.000,13.500
2014-09-28 21:00:00,4.770,0.000,0.000,0.000,13.300
2014-09-28 22:00:00,5.110,0.000,0.000,0.000,12.700
2014-09-28 23:00:00,5.540,0.000,0.000,0.000,12.500
2014-09-29 00:00:00,5.530,0.000,0.000,0.000,12.400
2014-09-29 01:00:00,5.000,0.000,0.000,0.000,12.000
2014-09-29 02:00:00,4.580,0.000,0.000,0.000,11.700
2014-09-29 03:00:00,4.390,0.000,0.000,0.000,11.700
2014-09-29 04:00:00,4.680,0.000,0.000,0.000,11.700
2014-09-29 05:00:00,4.500,0.000,0.000,0.000,11.500
2014-09-29 06:00:00,4.520,12.000,15.500,11.000,12.000
2014-09-29 07:00:00,4.620,93.000,138.600,69.000,13.500
2014-09-29 08:00:00,3.670,214.000,357.300,102.000,16.200
2014-09-29 09:00:00,2.880,341.000,520.700,117.000,18.400
2014-09-29 10:00:00,1.940,427.000,533.700,152.000,20.600
2014-09-29 11:00:00,2.190,460.000,497.400,180.000,21.900
2014-09-29 12:00:00,2.390,426.000,391.300,203.000,22.600
2014-09-29 13:00:00,2.830,363.000,334.200,184.000,22.900
2014-09-29 14:00:00,3.610,275.000,255.200,157.000,22.900
2014-09-29 15:00:00,3.900,199.000,250.400,110.000,22.300
2014-09-29 16:00:00,4.300,120.000,221.000,71.000,21.400
2014-09-29 17:00:00,4.570,27.000,55.400,22.000,19.700
2014-09-29 18:00:00,5.010,0.000,0.000,0.000,18.600
2014-09-29 19:00:00,5.460,0.000,0.000,0.000,18.400
2014-09-29 20:00:00,6.040,0.000,0.000,0.000,18.200
2014-09-29 21:00:00,5.680,0.000,0.000,0.000,18.100
2014-09-29 22:00:00,5.810,0.000,0.000,0.000,16.800
2014-09-29 23:00:00,6.000,0.000,0.000,0.000,16.400
2014-09-30 00:00:00,5.700,0.000,0.000,0.000,16.200
2014-09-30 01:00:00,4.970,0.000,0.000,0.000,16.200
2014-09-30 02:00:00,4.520,0.000,0.000,0.000,16.000
2014-09-30 03:00:00,4.430,0.000,0.000,0.000,15.900
2014-09-30 04:00:00,4.720,0.000,0.000,0.000,15.700
2014-09-30 05:00:00,4.800,0.000,0.000,0.000,15.500
2014-09-30 06:00:00,4.880,10.000,48.100,7.000,15.600
2014-09-30 07:00:00,4.660,86.000,219.600,49.000,16.200
2014-09-30 08:00:00,4.920,197.000,356.300,87.000,16.900
2014-09-30 09:00:00,5.160,224.000,221.100,130.000,17.400
2014-09-30 10:00:00,3.290,304.000,276.400,163.000,18.100
2014-09-30 11:00:00,3.130,346.000,281.600,189.000,18.900
2014-09-30 12:00:00,3.260,299.000,248.200,159.000,19.200
2014-09-30 13:00:00,3.180,324.000,337.900,145.000,19.500
2014-09-30 14:00:00,3.610,291.000,374.700,120.000,19.600
2014-09-30 15:00:00,3.550,206.000,358.000,81.000,19.200
2014-09-30 16:00:00,4.230,116.000,283.200,55.000,18.900
2014-09-30 17:00:00,3.520,26.000,126.300,15.000,17.100
2014-09-30 18:00:00,4.080,0.000,0.000,0.000,16.100
2014-09-30 19:00:00,4.830,0.000,0.000,0.000,15.700
2014-09-30 20:00:00,4.910,0.000,0.000,0.000,15.000
2014-09-30 21:00:00,4.700,0.000,0.000,0.000,14.600
2014-09-30 22:00:00,4.900,0.000,0.000,0.000,14.100
2014-09-30 23:00:00,4.530,0.000,0.000,0.000,13.000
2014-10-01 00:00:00,4.160,0.000,0.000,0.000,12.600
2014-10-01 01:00:00,3.610,0.000,0.000,0.000,12.200
2014-10-01 02:00:00,3.210,0.000,0.000,0.000,11.400
2014-10-01 03:00:00,2.900,0.000,0.000,0.000,11.400
2014-10-01 04:00:00,2.620,0.000,0.000,0.000,11.000
2014-10-01 05:00:00,2.970,0.000,0.000,0.000,11.200
2014-10-01 06:00:00,3.340,10.000,33.300,8.000,11.600
2014-10-01 07:00:00,2.750,53.000,30.500,48.000,12.900
2014-10-01 08:00:00,2.240,130.000,102.000,99.000,14.400
2014-10-01 09:00:00,2.190,226.000,188.000,147.000,15.900
2014-10-01 10:00:00,1.140,305.000,287.200,160.000,17.400
2014-10-01 11:00:00,1.620,390.000,463.800,134.000,18.600
2014-10-01 12:00:00,1.840,378.000,492.400,103.000,19.500
2014-10-01 13:00:00,1.790,341.000,458.200,101.000,19.800
2014-10-01 14:00:00,1.660,279.000,408.700,95.000,20.000
2014-10-01 15:00:00,1.440,181.000,312.000,74.000,19.900
2014-10-01 16:00:00,1.360,118.000,310.800,53.000,19.500
2014-10-01 17:00:00,1.610,22.000,119.200,12.000,16.500
2014-10-01 18:00:00,1.880,0.000,0.000,0.000,14.700
2014-10-01 19:00:00,2.060,0.000,0.000,0.000,13.800
2014-10-01 20:00:00,2.190,0.000,0.000,0.000,13.500
2014-10-01 21:00:00,2.420,0.000,0.000,0.000,12.900
2014-10-01 22:00:00,3.490,0.000,0.000,0.000,13.400
2014-10-01 23:00:00,2.790,0.000,0.000,0.000,12.700
2014-10-02 00:00:00,2.820,0.000,0.000,0.000,12.900
2014-10-02 01:00:00,2.660,0.000,0.000,0.000,12.600
2014-10-02 02:00:00,2.820,0.000,0.000,0.000,12.600
2014-10-02 03:00:00,3.080,0.000,0.000,0.000,12.600
2014-10-02 04:00:00,3.130,0.000,0.000,0.000,12.500
2014-10-02 05:00:00,3.270,0.000,0.000,0.000,12.700
2014-10-02 06:00:00,3.360,4.000,0.000,4.000,13.000
2014-10-02 07:00:00,2.880,40.000,44.000,33.000,13.500
2014-10-02 08:00:00,1.860,147.000,260.800,69.000,14.500
2014-10-02 09:00:00,1.000,181.000,183.000,105.000,15.400
2014-10-02 10:00:00,0.500,239.000,196.200,141.000,17.000
2014-10-02 11:00:00,0.220,303.000,331.200,122.000,18.300
2014-10-02 12:00:00,0.200,298.000,322.000,120.000,19.100
2014-10-02 13:00:00,0.140,270.000,312.800,108.000,19.600
2014-10-02 14:00:00,0.450,257.000,344.500,104.000,19.800
2014-10-02 15:00:00,0.730,217.000,418.800,76.000,19.700
2014-10-02 16:00:00,0.820,99.000,241.600,50.000,19.300
2014-10-02 17:00:00,0.980,20.000,99.200,12.000,18.300
2014-10-02 18:00:00,1.490,0.000,0.000,0.000,16.200
2014-10-02 19:00:00,2.380,0.000,0.000,0.000,15.700
2014-10-02 20:00:00,3.490,0.000,0.000,0.000,15.600
2014-10-02 21:00:00,4.390,0.000,0.000,0.000,15.200
2014-10-02 22:00:00,4.890,0.000,0.000,0.000,15.200
2014-10-02 23:00:00,4.830,0.000,0.000,0.000,14.700
2014-10-03 00:00:00,4.660,0.000,0.000,0.000,14.200
2014-10-03 01:00:00,4.520,0.000,0.000,0.000,13.700
2014-10-03 02:00:00,4.330,0.000,0.000,0.000,13.400
2014-10-03 03:00:00,4.220,0.000,0.000,0.000,12.800
2014-10-03 04:00:00,4.080,0.000,0.000,0.000,12.400
2014-10-03 05:00:00,4.060,0.000,0.000,0.000,12.100
2014-10-03 06:00:00,4.100,7.000,36.100,5.000,12.100
2014-10-03 07:00:00,4.080,90.000,317.100,41.000,13.100
2014-10-03 08:00:00,3.310,213.000,496.200,67.000,15.400
2014-10-03 09:00:00,2.730,324.000,575.400,88.000,17.400
2014-10-03 10:00:00,2.730,432.000,675.700,98.000,19.300
2014-10-03 11:00:00,2.860,466.000,671.000,103.000,20.600
2014-10-03 12:00:00,3.040,495.000,718.500,102.000,21.400
2014-10-03 13:00:00,3.240,453.000,693.500,98.000,21.800
2014-10-03 14:00:00,3.420,366.000,625.500,92.000,21.900
2014-10-03 15:00:00,3.680,265.000,577.900,74.000,21.500
2014-10-03 16:00:00,4.500,134.000,427.400,50.000,20.500
2014-10-03 17:00:00,5.770,25.000,142.000,14.000,18.600
2014-10-03 18:00:00,6.640,0.000,0.000,0.000,16.800
2014-10-03 19:00:00,6.940,0.000,0.000,0.000,15.600
2014-10-03 20:00:00,6.790,0.000,0.000,0.000,14.800
2014-10-03 21:00:00,6.530,0.000,0.000,0.000,14.100
2014-10-03 22:00:00,6.440,0.000,0.000,0.000,13.300
2014-10-03 23:00:00,6.080,0.000,0.000,0.000,12.500
2014-10-04 00:00:00,5.800,0.000,0.000,0.000,12.100
2014-10-04 01:00:00,5.660,0.000,0.000,0.000,11.500
2014-10-04 02:00:00,5.660,0.000,0.000,0.000,11.100
2014-10-04 03:00:00,5.800,0.000,0.000,0.000,10.700
2014-10-04 04:00:00,5.800,0.000,0.000,0.000,10.300
2014-10-04 05:00:00,5.730,0.000,0.000,0.000,9.800
2014-10-04 06:00:00,5.800,8.000,37.700,6.000,9.600
2014-10-04 07:00:00,5.590,95.000,353.700,42.000,10.900
2014-10-04 08:00:00,4.550,222.000,511.400,74.000,12.800
2014-10-04 09:00:00,4.620,347.000,636.900,89.000,14.900
2014-10-04 10:00:00,4.920,446.000,715.700,96.000,16.800
2014-10-04 11:00:00,5.140,501.000,747.000,101.000,18.300
2014-10-04 12:00:00,5.300,508.000,755.700,99.000,19.400
2014-10-04 13:00:00,5.660,468.000,735.300,96.000,19.900
2014-10-04 14:00:00,6.130,385.000,687.600,88.000,20.000
2014-10-04 15:00:00,6.660,268.000,598.200,74.000,19.600
2014-10-04 16:00:00,7.560,134.000,441.400,50.000,18.600
2014-10-04 17:00:00,8.050,23.000,134.600,13.000,16.600
2014-10-04 18:00:00,7.850,0.000,0.000,0.000,15.000
2014-10-04 19:00:00,7.400,0.000,0.000,0.000,14.100
2014-10-04 20:00:00,7.320,0.000,0.000,0.000,13.300
2014-10-04 21:00:00,7.400,0.000,0.000,0.000,12.500
2014-10-04 22:00:00,7.320,0.000,0.000,0.000,11.700
2014-10-04 23:00:00,6.290,0.000,0.000,0.000,10.900
2014-10-05 00:00:00,5.890,0.000,0.000,0.000,10.300
2014-10-05 01:00:00,5.540,0.000,0.000,0.000,9.700
2014-10-05 02:00:00,5.420,0.000,0.000,0.000,9.200
2014-10-05 03:00:00,5.200,0.000,0.000,0.000,8.700
2014-10-05 04:00:00,4.800,0.000,0.000,0.000,8.300
2014-10-05 05:00:00,4.480,0.000,0.000,0.000,7.900
2014-10-05 06:00:00,4.380,7.000,19.100,6.000,7.800
2014-10-05 07:00:00,4.030,75.000,158.500,52.000,9.100
2014-10-05 08:00:00,2.800,165.000,221.400,102.000,11.200
2014-10-05 09:00:00,2.410,245.000,282.500,132.000,13.400
2014-10-05 10:00:00,2.060,345.000,370.000,166.000,14.700
2014-10-05 11:00:00,2.560,403.000,411.400,185.000,16.300
2014-10-05 12:00:00,2.830,429.000,448.200,189.000,17.500
2014-10-05 13:00:00,3.060,379.000,388.000,185.000,18.100
2014-10-05 14:00:00,3.320,263.000,225.400,167.000,18.200
2014-10-05 15:00:00,3.320,211.000,336.400,104.000,18.000
2014-10-05 16:00:00,3.580,91.000,184.700,57.000,17.000
2014-10-05 17:00:00,4.490,13.000,42.200,10.000,14.900
2014-10-05 18:00:00,5.190,0.000,0.000,0.000,13.600
2014-10-05 19:00:00,5.570,0.000,0.000,0.000,12.700
2014-10-05 20:00:00,5.830,0.000,0.000,0.000,12.100
2014-10-05 21:00:00,6.020,0.000,0.000,0.000,11.600
2014-10-05 22:00:00,6.660,0.000,0.000,0.000,11.000
2014-10-05 23:00:00,6.480,0.000,0.000,0.000,10.700
2014-10-06 00:00:00,6.400,0.000,0.000,0.000,10.400
2014-10-06 01:00:00,6.170,0.000,0.000,0.000,10.100
2014-10-06 02:00:00,6.090,0.000,0.000,0.000,9.900
2014-10-06 03:00:00,6.170,0.000,0.000,0.000,9.900
2014-10-06 04:00:00,6.200,0.000,0.000,0.000,10.000
2014-10-06 05:00:00,6.260,0.000,0.000,0.000,10.000
2014-10-06 06:00:00,6.550,4.000,0.000,4.000,10.100
2014-10-06 07:00:00,6.780,62.000,128.200,44.000,11.000
2014-10-06 08:00:00,7.120,142.000,200.300,86.000,12.200
2014-10-06 09:00:00,7.050,217.000,205.100,136.000,13.500
2014-10-06 10:00:00,6.660,308.000,338.600,146.000,15.600
2014-10-06 11:00:00,7.080,246.000,97.300,195.000,16.500
2014-10-06 12:00:00,7.220,200.000,71.700,162.000,17.000
2014-10-06 13:00:00,7.500,187.000,97.200,139.000,17.300
2014-10-06 14:00:00,6.780,169.000,150.100,106.000,17.400
2014-10-06 15:00:00,6.940,84.000,32.100,74.000,17.100
2014-10-06 16:00:00,6.840,50.000,22.500,46.000,16.400
2014-10-06 17:00:00,6.850,9.000,29.400,7.000,15.500
2014-10-06 18:00:00,7.080,0.000,0.000,0.000,14.700
2014-10-06 19:00:00,7.380,0.000,0.000,0.000,14.000
2014-10-06 20:00:00,7.570,0.000,0.000,0.000,13.500
2014-10-06 21:00:00,7.410,0.000,0.000,0.000,13.200
2014-10-06 22:00:00,7.460,0.000,0.000,0.000,13.100
2014-10-06 23:00:00,6.760,0.000,0.000,0.000,12.800
2014-10-07 00:00:00,7.030,0.000,0.000,0.000,12.500
2014-10-07 01:00:00,7.230,0.000,0.000,0.000,12.300
2014-10-07 02:00:00,7.670,0.000,0.000,0.000,12.100
2014-10-07 03:00:00,7.930,0.000,0.000,0.000,11.800
2014-10-07 04:00:00,7.920,0.000,0.000,0.000,11.600
2014-10-07 05:00:00,7.500,0.000,0.000,0.000,11.600
2014-10-07 06:00:00,7.560,2.000,0.000,2.000,11.500
2014-10-07 07:00:00,7.850,11.000,7.400,10.000,11.600
2014-10-07 08:00:00,8.390,24.000,0.000,24.000,12.100
2014-10-07 09:00:00,8.810,114.000,66.700,88.000,12.900
2014-10-07 10:00:00,6.360,294.000,334.000,136.000,15.200
2014-10-07 11:00:00,7.790,189.000,86.700,144.000,14.800
2014-10-07 12:00:00,9.200,70.000,3.800,68.000,15.200
2014-10-07 13:00:00,9.570,279.000,338.000,114.000,16.900
2014-10-07 14:00:00,10.280,264.000,333.500,126.000,17.200
2014-10-07 15:00:00,11.580,174.000,261.600,94.000,16.300
2014-10-07 16:00:00,10.120,76.000,168.900,47.000,15.500
2014-10-07 17:00:00,8.720,11.000,30.800,9.000,14.500
2014-10-07 18:00:00,8.150,0.000,0.000,0.000,13.700
2014-10-07 19:00:00,7.290,0.000,0.000,0.000,13.100
2014-10-07 20:00:00,7.650,0.000,0.000,0.000,12.600
2014-10-07 21:00:00,7.780,0.000,0.000,0.000,12.000
2014-10-07 22:00:00,9.840,0.000,0.000,0.000,11.000
2014-10-07 23:00:00,9.370,0.000,0.000,0.000,10.700
2014-10-08 00:00:00,8.700,0.000,0.000,0.000,10.400
2014-10-08 01:00:00,8.580,0.000,0.000,0.000,10.200
2014-10-08 02:00:00,8.250,0.000,0.000,0.000,10.000
2014-10-08 03:00:00,7.780,0.000,0.000,0.000,9.800
2014-10-08 04:00:00,7.270,0.000,0.000,0.000,9.600
2014-10-08 05:00:00,6.890,0.000,0.000,0.000,9.400
2014-10-08 06:00:00,6.450,4.000,0.000,4.000,9.600
2014-10-08 07:00:00,5.970,61.000,61.000,53.000,10.500
2014-10-08 08:00:00,4.900,159.000,185.300,109.000,12.300
2014-10-08 09:00:00,5.010,256.000,249.500,160.000,13.700
2014-10-08 10:00:00,6.960,324.000,395.500,139.000,14.700
2014-10-08 11:00:00,7.170,297.000,165.600,212.000,15.400
2014-10-08 12:00:00,6.080,207.000,48.200,182.000,15.400
2014-10-08 13:00:00,5.900,136.000,2.100,135.000,15.100
2014-10-08 14:00:00,6.450,85.000,4.900,83.000,14.800
2014-10-08 15:00:00,6.910,64.000,23.400,57.000,14.500
2014-10-08 16:00:00,7.270,18.000,0.000,18.000,14.500
2014-10-08 17:00:00,7.320,1.000,0.000,1.000,14.700
2014-10-08 18:00:00,7.900,0.000,0.000,0.000,15.100
2014-10-08 19:00:00,8.640,0.000,0.000,0.000,15.200
2014-10-08 20:00:00,8.880,0.000,0.000,0.000,14.900
2014-10-08 21:00:00,8.590,0.000,0.000,0.000,14.900
2014-10-08 22:00:00,8.970,0.000,0.000,0.000,15.400
2014-10-08 23:00:00,8.200,0.000,0.000,0.000,15.400
2014-10-09 00:00:00,8.080,0.000,0.000,0.000,15.400
2014-10-09 01:00:00,8.470,0.000,0.000,0.000,15.900
2014-10-09 02:00:00,8.610,0.000,0.000,0.000,16.500
2014-10-09 03:00:00,8.630,0.000,0.000,0.000,16.800
2014-10-09 04:00:00,8.410,0.000,0.000,0.000,16.500
2014-10-09 05:00:00,8.510,0.000,0.000,0.000,16.300
2014-10-09 06:00:00,8.000,2.000,0.000,2.000,16.200
2014-10-09 07:00:00,7.110,49.000,47.500,43.000,16.300
2014-10-09 08:00:00,6.240,133.000,166.000,89.000,16.900
2014-10-09 09:00:00,5.320,194.000,213.300,113.000,17.400
2014-10-09 10:00:00,5.880,223.000,224.900,119.000,18.500
2014-10-09 11:00:00,5.640,215.000,165.400,131.000,18.900
2014-10-09 12:00:00,6.260,172.000,76.100,133.000,18.800
2014-10-09 13:00:00,5.500,98.000,4.200,96.000,18.400
2014-10-09 14:00:00,6.140,106.000,5.000,104.000,18.400
2014-10-09 15:00:00,5.990,66.000,6.800,64.000,17.800
2014-10-09 16:00:00,5.920,26.000,0.000,26.000,17.200
2014-10-09 17:00:00,5.920,4.000,0.000,4.000,16.400
2014-10-09 18:00:00,6.590,0.000,0.000,0.000,15.700
2014-10-09 19:00:00,7.450,0.000,0.000,0.000,15.400
2014-10-09 20:00:00,7.800,0.000,0.000,0.000,15.100
2014-10-09 21:00:00,7.740,0.000,0.000,0.000,14.800
2014-10-09 22:00:00,8.000,0.000,0.000,0.000,13.600
2014-10-09 23:00:00,7.660,0.000,0.000,0.000,13.100
2014-10-10 00:00:00,7.430,0.000,0.000,0.000,12.600
2014-10-10 01:00:00,7.090,0.000,0.000,0.000,12.300
2014-10-10 02:00:00,7.410,0.000,0.000,0.000,12.200
2014-10-10 03:00:00,7.460,0.000,0.000,0.000,12.100
2014-10-10 04:00:00,7.570,0.000,0.000,0.000,12.000
2014-10-10 05:00:00,7.340,0.000,0.000,0.000,12.100
2014-10-10 06:00:00,7.240,2.000,0.000,2.000,12.400
2014-10-10 07:00:00,7.110,43.000,8.200,42.000,12.700
2014-10-10 08:00:00,6.980,128.000,84.600,106.000,13.600
2014-10-10 09:00:00,6.220,200.000,184.200,131.000,14.600
2014-10-10 10:00:00,6.220,312.000,358.700,148.000,15.800
2014-10-10 11:00:00,5.840,396.000,483.800,153.000,17.000
2014-10-10 12:00:00,4.960,359.000,392.600,160.000,17.700
2014-10-10 13:00:00,4.820,332.000,382.500,152.000,18.100
2014-10-10 14:00:00,4.760,287.000,379.000,137.000,18.100
2014-10-10 15:00:00,3.910,163.000,163.400,116.000,17.600
2014-10-10 16:00:00,3.190,76.000,97.600,61.000,16.400
2014-10-10 17:00:00,2.690,8.000,18.000,7.000,14.500
2014-10-10 18:00:00,2.180,0.000,0.000,0.000,13.400
2014-10-10 19:00:00,1.600,0.000,0.000,0.000,12.600
2014-10-10 20:00:00,1.710,0.000,0.000,0.000,12.200
2014-10-10 21:00:00,2.270,0.000,0.000,0.000,11.800
2014-10-10 22:00:00,2.460,0.000,0.000,0.000,11.400
2014-10-10 23:00:00,2.720,0.000,0.000,0.000,11.600
2014-10-11 00:00:00,3.310,0.000,0.000,0.000,11.700
2014-10-11 01:00:00,4.440,0.000,0.000,0.000,12.000
2014-10-11 02:00:00,4.810,0.000,0.000,0.000,11.900
2014-10-11 03:00:00,4.810,0.000,0.000,0.000,11.800
2014-10-11 04:00:00,4.620,0.000,0.000,0.000,11.700
2014-10-11 05:00:00,4.480,0.000,0.000,0.000,11.100
2014-10-11 06:00:00,4.240,1.000,0.000,1.000,11.200
2014-10-11 07:00:00,4.200,44.000,17.100,42.000,11.600
2014-10-11 08:00:00,3.700,126.000,66.600,109.000,13.000
2014-10-11 09:00:00,2.970,227.000,186.700,158.000,14.100
2014-10-11 10:00:00,2.600,254.000,170.400,177.000,16.000
2014-10-11 11:00:00,1.390,295.000,209.300,191.000,16.800
2014-10-11 12:00:00,1.490,314.000,287.300,170.000,17.600
2014-10-11 13:00:00,2.050,318.000,432.500,117.000,18.100
2014-10-11 14:00:00,2.200,268.000,405.200,110.000,18.200
2014-10-11 15:00:00,2.150,174.000,351.300,75.000,18.000
2014-10-11 16:00:00,2.610,71.000,230.100,37.000,17.200
2014-10-11 17:00:00,3.240,5.000,19.000,4.000,15.600
2014-10-11 18:00:00,4.250,0.000,0.000,0.000,14.400
2014-10-11 19:00:00,5.000,0.000,0.000,0.000,14.400
2014-10-11 20:00:00,5.540,0.000,0.000,0.000,14.200
2014-10-11 21:00:00,5.850,0.000,0.000,0.000,13.900
2014-10-11 22:00:00,6.390,0.000,0.000,0.000,13.800
2014-10-11 23:00:00,6.890,0.000,0.000,0.000,14.000
2014-10-12 00:00:00,7.470,0.000,0.000,0.000,13.800
2014-10-12 01:00:00,7.220,0.000,0.000,0.000,13.300
2014-10-12 02:00:00,6.910,0.000,0.000,0.000,13.200
2014-10-12 03:00:00,5.870,0.000,0.000,0.000,12.700
2014-10-12 04:00:00,5.370,0.000,0.000,0.000,12.200
2014-10-12 05:00:00,5.470,0.000,0.000,0.000,11.800
2014-10-12 06:00:00,5.330,2.000,0.000,2.000,11.700
2014-10-12 07:00:00,5.780,29.000,17.800,27.000,12.000
2014-10-12 08:00:00,5.010,104.000,67.900,87.000,13.000
2014-10-12 09:00:00,3.720,203.000,208.500,127.000,13.800
2014-10-12 10:00:00,2.760,267.000,300.000,133.000,14.500
2014-10-12 11:00:00,2.050,377.000,480.300,141.000,15.500
2014-10-12 12:00:00,1.350,432.000,611.400,129.000,16.200
2014-10-12 13:00:00,0.730,410.000,651.400,111.000,16.700
2014-10-12 14:00:00,1.000,319.000,562.400,103.000,16.700
2014-10-12 15:00:00,2.100,211.000,460.200,84.000,16.400
2014-10-12 16:00:00,4.000,88.000,303.000,45.000,15.000
2014-10-12 17:00:00,5.390,7.000,38.200,5.000,13.700
2014-10-12 18:00:00,6.310,0.000,0.000,0.000,13.100
2014-10-12 19:00:00,6.730,0.000,0.000,0.000,12.900
2014-10-12 20:00:00,6.760,0.000,0.000,0.000,12.600
2014-10-12 21:00:00,7.380,0.000,0.000,0.000,12.600
2014-10-12 22:00:00,8.320,0.000,0.000,0.000,12.300
2014-10-12 23:00:00,8.170,0.000,0.000,0.000,12.400
2014-10-13 00:00:00,7.910,0.000,0.000,0.000,12.500
2014-10-13 01:00:00,7.820,0.000,0.000,0.000,12.500
2014-10-13 02:00:00,7.090,0.000,0.000,0.000,12.500
2014-10-13 03:00:00,6.940,0.000,0.000,0.000,12.600
2014-10-13 04:00:00,6.780,0.000,0.000,0.000,12.600
2014-10-13 05:00:00,6.220,0.000,0.000,0.000,12.700
2014-10-13 06:00:00,5.880,1.000,0.000,1.000,12.900
2014-10-13 07:00:00,5.390,34.000,18.600,32.000,13.100
2014-10-13 08:00:00,4.440,136.000,224.000,81.000,13.800
2014-10-13 09:00:00,3.270,222.000,303.300,113.000,14.600
2014-10-13 10:00:00,4.340,262.000,208.500,170.000,16.000
2014-10-13 11:00:00,4.960,275.000,265.500,146.000,16.800
2014-10-13 12:00:00,4.900,283.000,269.400,151.000,17.600
2014-10-13 13:00:00,3.420,222.000,112.500,171.000,17.900
2014-10-13 14:00:00,3.470,179.000,105.700,139.000,18.200
2014-10-13 15:00:00,3.610,127.000,118.500,95.000,18.100
2014-10-13 16:00:00,4.310,52.000,44.100,46.000,17.200
2014-10-13 17:00:00,4.100,4.000,0.000,4.000,15.800
2014-10-13 18:00:00,4.110,0.000,0.000,0.000,14.900
2014-10-13 19:00:00,4.260,0.000,0.000,0.000,14.800
2014-10-13 20:00:00,4.500,0.000,0.000,0.000,14.800
2014-10-13 21:00:00,5.190,0.000,0.000,0.000,14.600
2014-10-13 22:00:00,6.120,0.000,0.000,0.000,13.700
2014-10-13 23:00:00,6.360,0.000,0.000,0.000,13.500
2014-10-14 00:00:00,6.340,0.000,0.000,0.000,13.100
2014-10-14 01:00:00,5.910,0.000,0.000,0.000,12.700
2014-10-14 02:00:00,5.410,0.000,0.000,0.000,12.300
2014-10-14 03:00:00,5.380,0.000,0.000,0.000,12.000
2014-10-14 04:00:00,5.520,0.000,0.000,0.000,11.900
2014-10-14 05:00:00,5.550,0.000,0.000,0.000,11.600
2014-10-14 06:00:00,5.340,1.000,0.000,1.000,11.400
2014-10-14 07:00:00,5.110,34.000,19.200,32.000,11.900
2014-10-14 08:00:00,4.760,128.000,124.700,98.000,13.200
2014-10-14 09:00:00,3.820,252.000,344.400,130.000,14.400
2014-10-14 10:00:00,3.300,371.000,575.700,120.000,16.300
2014-10-14 11:00:00,4.680,398.000,599.500,110.000,17.200
2014-10-14 12:00:00,4.820,363.000,530.700,106.000,17.800
2014-10-14 13:00:00,4.810,359.000,547.500,114.000,18.400
2014-10-14 14:00:00,4.320,199.000,228.200,114.000,18.400
2014-10-14 15:00:00,3.240,137.000,196.800,85.000,18.200
2014-10-14 16:00:00,2.910,61.000,222.600,32.000,17.100
2014-10-14 17:00:00,2.970,3.000,19.100,2.000,14.600
2014-10-14 18:00:00,3.300,0.000,0.000,0.000,13.600
2014-10-14 19:00:00,3.550,0.000,0.000,0.000,13.000
2014-10-14 20:00:00,4.140,0.000,0.000,0.000,12.300
2014-10-14 21:00:00,4.550,0.000,0.000,0.000,12.300
2014-10-14 22:00:00,4.380,0.000,0.000,0.000,11.800
2014-10-14 23:00:00,4.080,0.000,0.000,0.000,11.200
2014-10-15 00:00:00,3.940,0.000,0.000,0.000,11.000
2014-10-15 01:00:00,4.880,0.000,0.000,0.000,11.300
2014-10-15 02:00:00,5.440,0.000,0.000,0.000,11.300
2014-10-15 03:00:00,5.520,0.000,0.000,0.000,11.600
2014-10-15 04:00:00,5.690,0.000,0.000,0.000,11.800
2014-10-15 05:00:00,5.610,0.000,0.000,0.000,11.600
2014-10-15 06:00:00,6.050,1.000,0.000,1.000,11.800
2014-10-15 07:00:00,5.780,37.000,88.500,28.000,12.200
2014-10-15 08:00:00,5.140,130.000,271.600,66.000,13.000
2014-10-15 09:00:00,6.740,214.000,335.200,97.000,13.700
2014-10-15 10:00:00,5.080,234.000,264.700,120.000,14.500
2014-10-15 11:00:00,5.140,190.000,99.000,143.000,14.500
2014-10-15 12:00:00,5.020,278.000,309.200,130.000,15.000
2014-10-15 13:00:00,5.220,272.000,400.800,95.000,15.200
2014-10-15 14:00:00,5.520,212.000,330.100,91.000,15.200
2014-10-15 15:00:00,5.490,102.000,193.500,52.000,14.700
2014-10-15 16:00:00,5.280,40.000,104.400,27.000,14.000
2014-10-15 17:00:00,5.620,2.000,0.000,2.000,13.400
2014-10-15 18:00:00,5.840,0.000,0.000,0.000,13.100
2014-10-15 19:00:00,6.060,0.000,0.000,0.000,12.600
2014-10-15 20:00:00,6.060,0.000,0.000,0.000,12.200
2014-10-15 21:00:00,5.900,0.000,0.000,0.000,11.700
2014-10-15 22:00:00,6.190,0.000,0.000,0.000,11.400
2014-10-15 23:00:00,5.520,0.000,0.000,0.000,11.000
2014-10-16 00:00:00,4.910,0.000,0.000,0.000,10.900
2014-10-16 01:00:00,4.390,0.000,0.000,0.000,10.600
2014-10-16 02:00:00,4.550,0.000,0.000,0.000,10.200
2014-10-16 03:00:00,4.130,0.000,0.000,0.000,10.200
2014-10-16 04:00:00,3.940,0.000,0.000,0.000,10.200
2014-10-16 05:00:00,3.160,0.000,0.000,0.000,10.400
2014-10-16 06:00:00,3.400,0.000,0.000,0.000,10.600
2014-10-16 07:00:00,3.450,12.000,10.100,11.000,10.900
2014-10-16 08:00:00,4.070,29.000,0.000,29.000,11.500
2014-10-16 09:00:00,4.180,100.000,34.900,88.000,12.000
2014-10-16 10:00:00,4.810,181.000,152.800,116.000,13.100
2014-10-16 11:00:00,4.030,200.000,125.700,141.000,13.700
2014-10-16 12:00:00,3.320,156.000,84.600,116.000,14.000
2014-10-16 13:00:00,3.620,91.000,61.900,64.000,14.100
2014-10-16 14:00:00,4.080,65.000,25.000,56.000,14.200
2014-10-16 15:00:00,4.240,33.000,7.900,31.000,14.800
2014-10-16 16:00:00,5.550,24.000,16.900,22.000,14.500
2014-10-16 17:00:00,5.870,1.000,0.000,1.000,13.900
2014-10-16 18:00:00,6.310,0.000,0.000,0.000,13.500
2014-10-16 19:00:00,6.360,0.000,0.000,0.000,13.500
2014-10-16 20:00:00,6.710,0.000,0.000,0.000,13.300
2014-10-16 21:00:00,6.710,0.000,0.000,0.000,13.300
2014-10-16 22:00:00,6.130,0.000,0.000,0.000,12.700
2014-10-16 23:00:00,6.310,0.000,0.000,0.000,12.400
2014-10-17 00:00:00,6.310,0.000,0.000,0.000,12.200
2014-10-17 01:00:00,5.730,0.000,0.000,0.000,11.900
2014-10-17 02:00:00,4.880,0.000,0.000,0.000,11.600
2014-10-17 03:00:00,4.940,0.000,0.000,0.000,11.500
2014-10-17 04:00:00,5.280,0.000,0.000,0.000,11.700
2014-10-17 05:00:00,5.710,0.000,0.000,0.000,11.900
2014-10-17 06:00:00,5.640,0.000,0.000,0.000,12.000
2014-10-17 07:00:00,5.480,21.000,10.300,20.000,12.500
2014-10-17 08:00:00,6.110,63.000,35.400,55.000,13.000
2014-10-17 09:00:00,8.370,75.000,5.900,73.000,13.900
2014-10-17 10:00:00,6.900,100.000,14.300,94.000,14.200
2014-10-17 11:00:00,6.060,204.000,92.700,161.000,15.100
2014-10-17 12:00:00,5.510,250.000,254.700,131.000,15.800
2014-10-17 13:00:00,5.390,224.000,248.800,117.000,16.400
2014-10-17 14:00:00,5.580,206.000,352.200,81.000,16.700
2014-10-17 15:00:00,6.410,128.000,247.300,67.000,16.400
2014-10-17 16:00:00,6.050,50.000,150.600,33.000,16.200
2014-10-17 17:00:00,5.410,2.000,0.000,2.000,14.700
2014-10-17 18:00:00,5.150,0.000,0.000,0.000,13.900
2014-10-17 19:00:00,4.900,0.000,0.000,0.000,13.200
2014-10-17 20:00:00,5.370,0.000,0.000,0.000,12.700
2014-10-17 21:00:00,5.420,0.000,0.000,0.000,12.600
2014-10-17 22:00:00,4.970,0.000,0.000,0.000,11.900
2014-10-17 23:00:00,4.520,0.000,0.000,0.000,11.400
2014-10-18 00:00:00,4.650,0.000,0.000,0.000,11.300
2014-10-18 01:00:00,4.070,0.000,0.000,0.000,11.000
2014-10-18 02:00:00,3.820,0.000,0.000,0.000,11.000
2014-10-18 03:00:00,4.270,0.000,0.000,0.000,10.800
2014-10-18 04:00:00,4.810,0.000,0.000,0.000,10.700
2014-10-18 05:00:00,5.350,0.000,0.000,0.000,10.500
2014-10-18 06:00:00,5.700,0.000,0.000,0.000,11.000
2014-10-18 07:00:00,5.950,42.000,127.500,30.000,11.400
2014-10-18 08:00:00,6.310,108.000,108.700,84.000,12.400
2014-10-18 09:00:00,5.890,142.000,30.000,132.000,13.400
2014-10-18 10:00:00,5.760,269.000,236.400,171.000,15.200
2014-10-18 11:00:00,5.020,326.000,303.400,187.000,16.600
2014-10-18 12:00:00,5.420,313.000,251.300,197.000,17.100
2014-10-18 13:00:00,5.910,283.000,268.700,169.000,17.500
2014-10-18 14:00:00,6.210,227.000,286.500,127.000,17.600
2014-10-18 15:00:00,6.230,152.000,294.700,81.000,17.400
2014-10-18 16:00:00,6.940,58.000,195.900,37.000,17.000
2014-10-18 17:00:00,7.600,1.000,0.000,1.000,16.100
2014-10-18 18:00:00,7.630,0.000,0.000,0.000,15.600
2014-10-18 19:00:00,7.450,0.000,0.000,0.000,15.300
2014-10-18 20:00:00,7.690,0.000,0.000,0.000,14.900
2014-10-18 21:00:00,8.100,0.000,0.000,0.000,14.900
2014-10-18 22:00:00,8.170,0.000,0.000,0.000,14.800
2014-10-18 23:00:00,8.130,0.000,0.000,0.000,14.600
2014-10-19 00:00:00,8.100,0.000,0.000,0.000,14.400
2014-10-19 01:00:00,7.790,0.000,0.000,0.000,14.100
2014-10-19 02:00:00,7.890,0.000,0.000,0.000,14.100
2014-10-19 03:00:00,7.840,0.000,0.000,0.000,13.900
2014-10-19 04:00:00,7.750,0.000,0.000,0.000,13.800
2014-10-19 05:00:00,7.620,0.000,0.000,0.000,13.800
2014-10-19 06:00:00,7.830,0.000,0.000,0.000,13.700
2014-10-19 07:00:00,7.880,43.000,240.300,21.000,14.400
2014-10-19 08:00:00,8.140,153.000,458.600,54.000,16.100
2014-10-19 09:00:00,6.840,267.000,596.800,71.000,17.700
2014-10-19 10:00:00,6.490,356.000,674.500,80.000,19.400
2014-10-19 11:00:00,7.320,406.000,709.200,85.000,20.800
2014-10-19 12:00:00,8.060,411.000,713.000,86.000,21.900
2014-10-19 13:00:00,8.080,368.000,683.300,82.000,22.400
2014-10-19 14:00:00,8.790,284.000,614.700,73.000,22.300
2014-10-19 15:00:00,9.280,163.000,446.600,58.000,21.900
2014-10-19 16:00:00,9.600,49.000,234.400,25.000,20.800
2014-10-19 17:00:00,9.710,1.000,0.000,1.000,19.800
2014-10-19 18:00:00,10.090,0.000,0.000,0.000,18.000
2014-10-19 19:00:00,9.630,0.000,0.000,0.000,17.200
2014-10-19 20:00:00,9.390,0.000,0.000,0.000,16.900
2014-10-19 21:00:00,9.490,0.000,0.000,0.000,16.500
2014-10-19 22:00:00,9.010,0.000,0.000,0.000,15.700
2014-10-19 23:00:00,9.060,0.000,0.000,0.000,15.100
2014-10-20 00:00:00,9.100,0.000,0.000,0.000,14.800
2014-10-20 01:00:00,9.430,0.000,0.000,0.000,14.600
2014-10-20 02:00:00,9.880,0.000,0.000,0.000,14.400
2014-10-20 03:00:00,10.220,0.000,0.000,0.000,14.000
2014-10-20 04:00:00,10.270,0.000,0.000,0.000,14.100
2014-10-20 05:00:00,10.050,0.000,0.000,0.000,14.000
2014-10-20 06:00:00,10.320,0.000,0.000,0.000,14.000
2014-10-20 07:00:00,10.760,18.000,44.900,14.000,14.300
2014-10-20 08:00:00,11.130,82.000,128.000,55.000,14.400
2014-10-20 09:00:00,10.470,149.000,259.900,65.000,14.600
2014-10-20 10:00:00,8.880,230.000,354.100,87.000,15.100
2014-10-20 11:00:00,9.800,250.000,290.800,120.000,14.900
2014-10-20 12:00:00,8.710,284.000,362.100,121.000,15.300
2014-10-20 13:00:00,8.440,242.000,254.400,137.000,14.700
2014-10-20 14:00:00,8.300,160.000,198.500,93.000,15.000
2014-10-20 15:00:00,8.190,124.000,327.000,49.000,14.900
2014-10-20 16:00:00,7.380,39.000,171.100,22.000,14.300
2014-10-20 17:00:00,6.960,0.000,0.000,0.000,13.600
2014-10-20 18:00:00,7.270,0.000,0.000,0.000,13.300
2014-10-20 19:00:00,7.500,0.000,0.000,0.000,12.900
2014-10-20 20:00:00,7.480,0.000,0.000,0.000,12.800
2014-10-20 21:00:00,6.530,0.000,0.000,0.000,12.400
2014-10-20 22:00:00,6.650,0.000,0.000,0.000,12.500
2014-10-20 23:00:00,6.580,0.000,0.000,0.000,12.100
2014-10-21 00:00:00,7.250,0.000,0.000,0.000,12.100
2014-10-21 01:00:00,7.200,0.000,0.000,0.000,12.300
2014-10-21 02:00:00,7.020,0.000,0.000,0.000,12.100
2014-10-21 03:00:00,6.930,0.000,0.000,0.000,12.200
2014-10-21 04:00:00,7.090,0.000,0.000,0.000,12.200
2014-10-21 05:00:00,7.350,0.000,0.000,0.000,12.000
2014-10-21 06:00:00,7.570,0.000,0.000,0.000,12.000
2014-10-21 07:00:00,7.680,10.000,0.000,10.000,12.200
2014-10-21 08:00:00,8.060,35.000,4.900,34.000,12.300
2014-10-21 09:00:00,8.560,90.000,91.200,61.000,12.700
2014-10-21 10:00:00,7.840,127.000,123.000,78.000,13.300
2014-10-21 11:00:00,7.560,133.000,34.000,118.000,13.400
2014-10-21 12:00:00,9.190,143.000,87.700,104.000,13.000
2014-10-21 13:00:00,8.790,244.000,339.000,106.000,13.600
2014-10-21 14:00:00,8.730,125.000,144.700,77.000,13.100
2014-10-21 15:00:00,9.930,36.000,13.400,33.000,12.500
2014-10-21 16:00:00,9.090,7.000,0.000,7.000,12.100
2014-10-21 17:00:00,9.000,0.000,0.000,0.000,11.800
2014-10-21 18:00:00,9.370,0.000,0.000,0.000,11.700
2014-10-21 19:00:00,11.180,0.000,0.000,0.000,10.900
2014-10-21 20:00:00,10.500,0.000,0.000,0.000,10.100
2014-10-21 21:00:00,10.910,0.000,0.000,0.000,9.500
2014-10-21 22:00:00,9.940,0.000,0.000,0.000,9.400
2014-10-21 23:00:00,10.280,0.000,0.000,0.000,9.200
2014-10-22 00:00:00,10.630,0.000,0.000,0.000,8.900
2014-10-22 01:00:00,11.600,0.000,0.000,0.000,8.800
2014-10-22 02:00:00,11.980,0.000,0.000,0.000,8.500
2014-10-22 03:00:00,11.960,0.000,0.000,0.000,8.500
2014-10-22 04:00:00,12.240,0.000,0.000,0.000,8.400
2014-10-22 05:00:00,12.330,0.000,0.000,0.000,8.400
2014-10-22 06:00:00,12.930,0.000,0.000,0.000,8.400
2014-10-22 07:00:00,13.400,12.000,0.000,12.000,8.400
2014-10-22 08:00:00,13.530,45.000,10.000,43.000,8.300
2014-10-22 09:00:00,13.240,25.000,0.000,25.000,8.600
2014-10-22 10:00:00,12.250,61.000,5.100,59.000,9.000
2014-10-22 11:00:00,11.260,108.000,18.300,100.000,10.000
2014-10-22 12:00:00,11.040,145.000,36.500,129.000,11.100
2014-10-22 13:00:00,10.470,55.000,5.000,53.000,11.300
2014-10-22 14:00:00,10.580,61.000,73.600,37.000,11.400
2014-10-22 15:00:00,10.600,54.000,105.500,31.000,11.500
2014-10-22 16:00:00,10.770,14.000,53.500,9.000,11.200
2014-10-22 17:00:00,10.620,0.000,0.000,0.000,11.000
2014-10-22 18:00:00,10.540,0.000,0.000,0.000,10.900
2014-10-22 19:00:00,10.400,0.000,0.000,0.000,10.800
2014-10-22 20:00:00,10.060,0.000,0.000,0.000,10.800
2014-10-22 21:00:00,9.580,0.000,0.000,0.000,10.700
2014-10-22 22:00:00,9.010,0.000,0.000,0.000,10.300
2014-10-22 23:00:00,8.510,0.000,0.000,0.000,10.300
2014-10-23 00:00:00,8.250,0.000,0.000,0.000,10.300
2014-10-23 01:00:00,7.840,0.000,0.000,0.000,10.100
2014-10-23 02:00:00,7.300,0.000,0.000,0.000,9.900
2014-10-23 03:00:00,6.740,0.000,0.000,0.000,9.800
2014-10-23 04:00:00,6.180,0.000,0.000,0.000,9.600
2014-10-23 05:00:00,5.650,0.000,0.000,0.000,9.500
2014-10-23 06:00:00,5.430,0.000,0.000,0.000,9.200
2014-10-23 07:00:00,5.420,23.000,122.800,13.000,8.900
2014-10-23 08:00:00,5.100,107.000,321.300,44.000,9.700
2014-10-23 09:00:00,4.000,171.000,292.400,81.000,10.600
2014-10-23 10:00:00,3.400,266.000,422.900,102.000,12.000
2014-10-23 11:00:00,3.700,328.000,543.500,94.000,12.700
2014-10-23 12:00:00,3.850,326.000,463.900,125.000,13.100
2014-10-23 13:00:00,3.760,285.000,427.100,116.000,13.300
2014-10-23 14:00:00,3.580,174.000,202.900,109.000,13.100
2014-10-23 15:00:00,3.610,87.000,141.200,57.000,12.600
2014-10-23 16:00:00,4.000,25.000,77.300,18.000,11.900
2014-10-23 17:00:00,3.970,0.000,0.000,0.000,11.200
2014-10-23 18:00:00,4.040,0.000,0.000,0.000,11.100
2014-10-23 19:00:00,4.060,0.000,0.000,0.000,10.900
2014-10-23 20:00:00,4.100,0.000,0.000,0.000,10.800
2014-10-23 21:00:00,4.300,0.000,0.000,0.000,10.800
2014-10-23 22:00:00,4.880,0.000,0.000,0.000,10.000
2014-10-23 23:00:00,4.850,0.000,0.000,0.000,10.000
2014-10-24 00:00:00,4.810,0.000,0.000,0.000,10.200
2014-10-24 01:00:00,4.970,0.000,0.000,0.000,10.200
2014-10-24 02:00:00,5.200,0.000,0.000,0.000,10.200
2014-10-24 03:00:00,5.390,0.000,0.000,0.000,10.200
2014-10-24 04:00:00,5.410,0.000,0.000,0.000,10.100
2014-10-24 05:00:00,5.340,0.000,0.000,0.000,10.200
2014-10-24 06:00:00,5.340,0.000,0.000,0.000,10.300
2014-10-24 07:00:00,5.300,14.000,38.000,11.000,10.400
2014-10-24 08:00:00,5.150,35.000,15.700,32.000,10.800
2014-10-24 09:00:00,4.540,76.000,19.800,70.000,11.700
2014-10-24 10:00:00,4.470,105.000,39.200,90.000,12.300
2014-10-24 11:00:00,4.530,170.000,94.100,130.000,13.000
2014-10-24 12:00:00,5.610,174.000,112.200,126.000,13.600
2014-10-24 13:00:00,6.440,175.000,184.600,103.000,14.000
2014-10-24 14:00:00,5.760,142.000,165.200,90.000,14.000
2014-10-24 15:00:00,4.920,75.000,87.000,57.000,13.400
2014-10-24 16:00:00,4.820,23.000,45.600,19.000,12.400
2014-10-24 17:00:00,5.010,0.000,0.000,0.000,11.600
2014-10-24 18:00:00,5.500,0.000,0.000,0.000,11.200
2014-10-24 19:00:00,5.700,0.000,0.000,0.000,11.000
2014-10-24 20:00:00,6.000,0.000,0.000,0.000,10.700
2014-10-24 21:00:00,6.200,0.000,0.000,0.000,10.600
2014-10-24 22:00:00,6.600,0.000,0.000,0.000,10.300
2014-10-24 23:00:00,6.400,0.000,0.000,0.000,10.000
2014-10-25 00:00:00,6.130,0.000,0.000,0.000,9.800
2014-10-25 01:00:00,5.940,0.000,0.000,0.000,9.800
2014-10-25 02:00:00,6.180,0.000,0.000,0.000,10.000
2014-10-25 03:00:00,6.220,0.000,0.000,0.000,10.000
2014-10-25 04:00:00,5.890,0.000,0.000,0.000,9.700
2014-10-25 05:00:00,6.090,0.000,0.000,0.000,9.200
2014-10-25 06:00:00,6.710,0.000,0.000,0.000,9.200
2014-10-25 07:00:00,6.220,9.000,0.000,9.000,9.400
2014-10-25 08:00:00,5.770,47.000,37.600,40.000,10.000
2014-10-25 09:00:00,5.690,40.000,13.400,36.000,10.500
2014-10-25 10:00:00,5.910,37.000,2.700,36.000,10.900
2014-10-25 11:00:00,4.860,53.000,0.000,53.000,11.200
2014-10-25 12:00:00,4.330,59.000,2.400,58.000,11.800
2014-10-25 13:00:00,4.840,86.000,41.600,70.000,12.500
2014-10-25 14:00:00,5.550,69.000,25.900,61.000,12.900
2014-10-25 15:00:00,4.480,32.000,0.000,32.000,13.100
2014-10-25 16:00:00,4.030,12.000,23.600,10.000,12.900
2014-10-25 17:00:00,4.200,0.000,0.000,0.000,12.700
2014-10-25 18:00:00,4.530,0.000,0.000,0.000,12.200
2014-10-25 19:00:00,4.740,0.000,0.000,0.000,11.800
2014-10-25 20:00:00,4.740,0.000,0.000,0.000,11.700
2014-10-25 21:00:00,4.970,0.000,0.000,0.000,11.500
2014-10-25 22:00:00,5.190,0.000,0.000,0.000,11.400
2014-10-25 23:00:00,5.300,0.000,0.000,0.000,11.600
2014-10-26 00:00:00,5.340,0.000,0.000,0.000,11.800
2014-10-26 01:00:00,5.550,0.000,0.000,0.000,11.800
2014-10-26 02:00:00,5.640,0.000,0.000,0.000,11.900
2014-10-26 03:00:00,5.590,0.000,0.000,0.000,11.400
2014-10-26 04:00:00,5.560,0.000,0.000,0.000,10.500
2014-10-26 05:00:00,5.710,0.000,0.000,0.000,9.900
2014-10-26 06:00:00,5.810,0.000,0.000,0.000,9.400
2014-10-26 07:00:00,6.020,24.000,135.300,14.000,9.600
2014-10-26 08:00:00,6.020,100.000,259.200,53.000,10.700
2014-10-26 09:00:00,5.140,188.000,348.800,86.000,11.800
2014-10-26 10:00:00,5.040,245.000,260.800,148.000,13.000
2014-10-26 11:00:00,5.590,253.000,255.800,147.000,13.700
2014-10-26 12:00:00,6.580,302.000,352.700,155.000,14.400
2014-10-26 13:00:00,6.750,270.000,327.100,146.000,14.500
2014-10-26 14:00:00,5.240,182.000,204.000,120.000,14.500
2014-10-26 15:00:00,4.860,98.000,101.900,78.000,14.100
2014-10-26 16:00:00,4.740,24.000,24.400,22.000,13.700
2014-10-26 17:00:00,4.840,0.000,0.000,0.000,12.800
2014-10-26 18:00:00,5.220,0.000,0.000,0.000,12.400
2014-10-26 19:00:00,5.860,0.000,0.000,0.000,12.000
2014-10-26 20:00:00,6.640,0.000,0.000,0.000,11.500
2014-10-26 21:00:00,6.650,0.000,0.000,0.000,11.300
2014-10-26 22:00:00,6.470,0.000,0.000,0.000,11.100
2014-10-26 23:00:00,6.690,0.000,0.000,0.000,10.900
2014-10-27 00:00:00,6.850,0.000,0.000,0.000,10.900
2014-10-27 01:00:00,6.980,0.000,0.000,0.000,10.800
2014-10-27 02:00:00,6.740,0.000,0.000,0.000,10.700
2014-10-27 03:00:00,6.440,0.000,0.000,0.000,10.400
2014-10-27 04:00:00,6.070,0.000,0.000,0.000,10.300
2014-10-27 05:00:00,5.770,0.000,0.000,0.000,10.300
2014-10-27 06:00:00,5.680,0.000,0.000,0.000,10.500
2014-10-27 07:00:00,5.590,13.000,42.000,10.000,10.500
2014-10-27 08:00:00,5.550,69.000,107.700,50.000,11.500
2014-10-27 09:00:00,4.610,122.000,180.900,70.000,12.400
2014-10-27 10:00:00,4.200,207.000,245.400,117.000,14.100
2014-10-27 11:00:00,4.110,228.000,198.100,147.000,14.700
2014-10-27 12:00:00,4.160,229.000,213.900,141.000,15.200
2014-10-27 13:00:00,4.480,237.000,305.100,123.000,15.700
2014-10-27 14:00:00,4.700,166.000,214.400,102.000,15.500
2014-10-27 15:00:00,4.210,95.000,172.900,62.000,14.700
2014-10-27 16:00:00,4.470,26.000,88.200,19.000,13.400
2014-10-27 17:00:00,5.050,0.000,0.000,0.000,12.200
2014-10-27 18:00:00,5.840,0.000,0.000,0.000,11.400
2014-10-27 19:00:00,6.260,0.000,0.000,0.000,10.700
2014-10-27 20:00:00,6.590,0.000,0.000,0.000,10.300
2014-10-27 21:00:00,6.750,0.000,0.000,0.000,9.900
2014-10-27 22:00:00,6.590,0.000,0.000,0.000,9.400
2014-10-27 23:00:00,6.570,0.000,0.000,0.000,8.900
2014-10-28 00:00:00,6.310,0.000,0.000,0.000,8.400
2014-10-28 01:00:00,5.980,0.000,0.000,0.000,7.600
2014-10-28 02:00:00,5.690,0.000,0.000,0.000,6.800
2014-10-28 03:00:00,5.540,0.000,0.000,0.000,6.300
2014-10-28 04:00:00,5.460,0.000,0.000,0.000,5.800
2014-10-28 05:00:00,5.300,0.000,0.000,0.000,5.500
2014-10-28 06:00:00,5.330,0.000,0.000,0.000,5.300
2014-10-28 07:00:00,5.120,17.000,72.500,12.000,5.600
2014-10-28 08:00:00,4.520,92.000,192.200,59.000,6.700
2014-10-28 09:00:00,4.100,187.000,361.200,85.000,7.700
2014-10-28 10:00:00,3.450,285.000,553.200,85.000,8.700
2014-10-28 11:00:00,3.650,347.000,597.000,106.000,9.500
2014-10-28 12:00:00,3.850,365.000,672.400,92.000,10.200
2014-10-28 13:00:00,4.130,318.000,597.300,98.000,10.700
2014-10-28 14:00:00,4.430,238.000,521.800,85.000,10.800
2014-10-28 15:00:00,4.540,128.000,382.300,57.000,10.000
2014-10-28 16:00:00,5.220,31.000,182.500,17.000,8.200
2014-10-28 17:00:00,5.910,0.000,0.000,0.000,7.200
2014-10-28 18:00:00,6.320,0.000,0.000,0.000,6.700
2014-10-28 19:00:00,6.740,0.000,0.000,0.000,6.500
2014-10-28 20:00:00,6.950,0.000,0.000,0.000,6.300
2014-10-28 21:00:00,7.080,0.000,0.000,0.000,5.900
2014-10-28 22:00:00,6.760,0.000,0.000,0.000,5.200
2014-10-28 23:00:00,7.020,0.000,0.000,0.000,5.100
2014-10-29 00:00:00,6.950,0.000,0.000,0.000,4.700
2014-10-29 01:00:00,6.720,0.000,0.000,0.000,4.400
2014-10-29 02:00:00,6.580,0.000,0.000,0.000,4.000
2014-10-29 03:00:00,6.390,0.000,0.000,0.000,3.900
2014-10-29 04:00:00,6.450,0.000,0.000,0.000,3.800
2014-10-29 05:00:00,6.520,0.000,0.000,0.000,3.900
2014-10-29 06:00:00,6.440,0.000,0.000,0.000,4.200
2014-10-29 07:00:00,6.300,19.000,105.300,12.000,4.200
2014-10-29 08:00:00,6.010,105.000,341.600,48.000,5.400
2014-10-29 09:00:00,4.880,203.000,490.300,67.000,6.800
2014-10-29 10:00:00,3.780,250.000,454.600,88.000,8.200
2014-10-29 11:00:00,3.700,202.000,228.400,111.000,9.000
2014-10-29 12:00:00,3.540,125.000,102.300,84.000,9.300
2014-10-29 13:00:00,3.360,75.000,27.500,65.000,9.300
2014-10-29 14:00:00,3.410,39.000,13.900,35.000,9.300
2014-10-29 15:00:00,3.670,11.000,5.500,10.000,9.300
2014-10-29 16:00:00,3.880,3.000,0.000,3.000,9.400
2014-10-29 17:00:00,3.810,0.000,0.000,0.000,9.300
2014-10-29 18:00:00,3.510,0.000,0.000,0.000,9.100
2014-10-29 19:00:00,3.270,0.000,0.000,0.000,8.900
2014-10-29 20:00:00,2.510,0.000,0.000,0.000,8.700
2014-10-29 21:00:00,1.930,0.000,0.000,0.000,8.600
2014-10-29 22:00:00,1.500,0.000,0.000,0.000,8.600
2014-10-29 23:00:00,1.710,0.000,0.000,0.000,8.600
2014-10-30 00:00:00,1.630,0.000,0.000,0.000,8.500
2014-10-30 01:00:00,2.140,0.000,0.000,0.000,8.400
2014-10-30 02:00:00,1.530,0.000,0.000,0.000,8.400
2014-10-30 03:00:00,1.300,0.000,0.000,0.000,8.300
2014-10-30 04:00:00,1.200,0.000,0.000,0.000,8.200
2014-10-30 05:00:00,1.560,0.000,0.000,0.000,8.200
2014-10-30 06:00:00,1.980,0.000,0.000,0.000,8.200
2014-10-30 07:00:00,2.250,3.000,0.000,3.000,8.100
2014-10-30 08:00:00,1.900,35.000,30.800,30.000,8.600
2014-10-30 09:00:00,1.480,59.000,22.000,53.000,9.100
2014-10-30 10:00:00,1.490,72.000,8.500,69.000,9.900
2014-10-30 11:00:00,1.560,72.000,0.000,72.000,10.400
2014-10-30 12:00:00,1.840,76.000,0.000,76.000,10.700
2014-10-30 13:00:00,1.980,74.000,0.000,74.000,11.000
2014-10-30 14:00:00,2.770,53.000,0.000,53.000,11.000
2014-10-30 15:00:00,2.970,19.000,0.000,19.000,11.000
2014-10-30 16:00:00,3.400,5.000,0.000,5.000,11.000
2014-10-30 17:00:00,3.750,0.000,0.000,0.000,10.700
2014-10-30 18:00:00,3.970,0.000,0.000,0.000,10.700
2014-10-30 19:00:00,4.020,0.000,0.000,0.000,10.800
2014-10-30 20:00:00,4.180,0.000,0.000,0.000,10.900
2014-10-30 21:00:00,4.590,0.000,0.000,0.000,11.000
2014-10-30 22:00:00,4.370,0.000,0.000,0.000,11.000
2014-10-30 23:00:00,4.590,0.000,0.000,0.000,11.100
2014-10-31 00:00:00,5.020,0.000,0.000,0.000,11.100
2014-10-31 01:00:00,5.100,0.000,0.000,0.000,10.900
2014-10-31 02:00:00,4.970,0.000,0.000,0.000,10.700
2014-10-31 03:00:00,5.380,0.000,0.000,0.000,10.600
2014-10-31 04:00:00,5.950,0.000,0.000,0.000,10.500
2014-10-31 05:00:00,5.860,0.000,0.000,0.000,10.200
2014-10-31 06:00:00,5.780,0.000,0.000,0.000,10.100
2014-10-31 07:00:00,5.820,11.000,48.700,8.000,10.500
2014-10-31 08:00:00,5.720,78.000,203.300,46.000,11.400
2014-10-31 09:00:00,5.310,165.000,265.300,94.000,12.700
2014-10-31 10:00:00,4.150,163.000,112.600,124.000,14.200
2014-10-31 11:00:00,4.240,200.000,144.300,144.000,15.400
2014-10-31 12:00:00,4.070,209.000,110.100,166.000,16.300
2014-10-31 13:00:00,3.850,223.000,229.600,142.000,16.900
2014-10-31 14:00:00,4.020,130.000,72.000,110.000,16.800
2014-10-31 15:00:00,4.660,70.000,29.300,65.000,16.100
2014-10-31 16:00:00,5.460,15.000,14.500,14.000,15.100
2014-10-31 17:00:00,6.040,0.000,0.000,0.000,14.300
2014-10-31 18:00:00,6.310,0.000,0.000,0.000,14.000
2014-10-31 19:00:00,6.470,0.000,0.000,0.000,13.800
2014-10-31 20:00:00,6.460,0.000,0.000,0.000,13.400
2014-10-31 21:00:00,6.380,0.000,0.000,0.000,12.900
2014-10-31 22:00:00,5.760,0.000,0.000,0.000,12.400
2014-10-31 23:00:00,5.780,0.000,0.000,0.000,11.800
2014-11-01 00:00:00,5.770,0.000,0.000,0.000,11.500
2014-11-01 01:00:00,5.850,0.000,0.000,0.000,11.200
2014-11-01 02:00:00,5.800,0.000,0.000,0.000,10.900
2014-11-01 03:00:00,5.690,0.000,0.000,0.000,10.600
2014-11-01 04:00:00,5.770,0.000,0.000,0.000,10.300
2014-11-01 05:00:00,5.950,0.000,0.000,0.000,10.100
2014-11-01 06:00:00,6.140,0.000,0.000,0.000,9.900
2014-11-01 07:00:00,6.140,14.000,67.500,10.000,9.900
2014-11-01 08:00:00,5.820,93.000,301.200,47.000,11.500
2014-11-01 09:00:00,5.140,199.000,491.000,70.000,13.400
2014-11-01 10:00:00,4.030,285.000,609.400,77.000,15.600
2014-11-01 11:00:00,3.920,333.000,657.700,81.000,17.100
2014-11-01 12:00:00,3.920,338.000,674.700,78.000,18.300
2014-11-01 13:00:00,3.820,295.000,632.600,75.000,19.000
2014-11-01 14:00:00,4.220,217.000,564.200,63.000,18.900
2014-11-01 15:00:00,5.420,111.000,403.600,44.000,17.900
2014-11-01 16:00:00,6.460,20.000,120.200,12.000,16.600
2014-11-01 17:00:00,7.100,0.000,0.000,0.000,15.800
2014-11-01 18:00:00,7.300,0.000,0.000,0.000,15.300
2014-11-01 19:00:00,7.180,0.000,0.000,0.000,14.500
2014-11-01 20:00:00,7.120,0.000,0.000,0.000,13.700
2014-11-01 21:00:00,7.060,0.000,0.000,0.000,13.300
2014-11-01 22:00:00,7.080,0.000,0.000,0.000,12.600
2014-11-01 23:00:00,7.160,0.000,0.000,0.000,12.400
2014-11-02 00:00:00,7.380,0.000,0.000,0.000,12.000
2014-11-02 01:00:00,7.290,0.000,0.000,0.000,11.700
2014-11-02 02:00:00,7.000,0.000,0.000,0.000,11.200
2014-11-02 03:00:00,6.660,0.000,0.000,0.000,10.800
2014-11-02 04:00:00,6.450,0.000,0.000,0.000,10.600
2014-11-02 05:00:00,6.580,0.000,0.000,0.000,10.300
2014-11-02 06:00:00,6.760,0.000,0.000,0.000,10.300
2014-11-02 07:00:00,6.840,12.000,87.900,7.000,10.400
2014-11-02 08:00:00,6.710,97.000,384.900,40.000,11.900
2014-11-02 09:00:00,6.440,191.000,500.100,62.000,13.300
2014-11-02 10:00:00,5.390,245.000,445.900,95.000,14.600
2014-11-02 11:00:00,5.490,288.000,454.800,116.000,15.500
2014-11-02 12:00:00,5.510,310.000,546.900,102.000,16.300
2014-11-02 13:00:00,5.740,285.000,592.100,82.000,17.000
2014-11-02 14:00:00,5.820,196.000,470.000,70.000,17.000
2014-11-02 15:00:00,6.840,105.000,384.400,43.000,16.200
2014-11-02 16:00:00,7.790,18.000,124.800,10.000,14.900
2014-11-02 17:00:00,8.590,0.000,0.000,0.000,13.900
2014-11-02 18:00:00,8.760,0.000,0.000,0.000,13.500
2014-11-02 19:00:00,8.770,0.000,0.000,0.000,13.100
2014-11-02 20:00:00,8.900,0.000,0.000,0.000,13.100
2014-11-02 21:00:00,8.920,0.000,0.000,0.000,13.100
2014-11-02 22:00:00,8.710,0.000,0.000,0.000,13.100
2014-11-02 23:00:00,8.850,0.000,0.000,0.000,13.100
2014-11-03 00:00:00,9.170,0.000,0.000,0.000,13.500
2014-11-03 01:00:00,9.340,0.000,0.000,0.000,13.900
2014-11-03 02:00:00,9.560,0.000,0.000,0.000,14.300
2014-11-03 03:00:00,9.750,0.000,0.000,0.000,14.300
2014-11-03 04:00:00,9.980,0.000,0.000,0.000,14.100
2014-11-03 05:00:00,9.710,0.000,0.000,0.000,13.800
2014-11-03 06:00:00,9.300,0.000,0.000,0.000,13.200
2014-11-03 07:00:00,9.320,9.000,55.100,6.000,13.200
2014-11-03 08:00:00,9.240,66.000,251.000,30.000,13.900
2014-11-03 09:00:00,8.250,181.000,482.000,59.000,14.600
2014-11-03 10:00:00,8.010,241.000,476.600,83.000,15.400
2014-11-03 11:00:00,8.650,247.000,418.000,91.000,16.100
2014-11-03 12:00:00,9.050,257.000,396.900,108.000,16.300
2014-11-03 13:00:00,8.850,199.000,293.000,100.000,16.100
2014-11-03 14:00:00,9.290,130.000,144.300,92.000,15.900
2014-11-03 15:00:00,9.370,66.000,51.100,58.000,15.500
2014-11-03 16:00:00,10.060,11.000,0.000,11.000,14.900
2014-11-03 17:00:00,10.390,0.000,0.000,0.000,14.700
2014-11-03 18:00:00,10.820,0.000,0.000,0.000,14.600
2014-11-03 19:00:00,11.150,0.000,0.000,0.000,14.600
2014-11-03 20:00:00,11.360,0.000,0.000,0.000,14.700
2014-11-03 21:00:00,11.360,0.000,0.000,0.000,14.700
2014-11-03 22:00:00,10.810,0.000,0.000,0.000,14.400
2014-11-03 23:00:00,11.040,0.000,0.000,0.000,14.300
2014-11-04 00:00:00,10.420,0.000,0.000,0.000,14.400
2014-11-04 01:00:00,11.120,0.000,0.000,0.000,14.300
2014-11-04 02:00:00,11.160,0.000,0.000,0.000,14.000
2014-11-04 03:00:00,10.720,0.000,0.000,0.000,14.200
2014-11-04 04:00:00,10.380,0.000,0.000,0.000,14.200
2014-11-04 05:00:00,9.660,0.000,0.000,0.000,13.800
2014-11-04 06:00:00,9.170,0.000,0.000,0.000,13.400
2014-11-04 07:00:00,8.460,4.000,0.000,4.000,13.100
2014-11-04 08:00:00,7.660,54.000,122.500,37.000,13.000
2014-11-04 09:00:00,6.330,95.000,72.500,77.000,13.200
2014-11-04 10:00:00,5.030,133.000,110.200,97.000,13.300
2014-11-04 11:00:00,5.260,186.000,301.400,75.000,13.500
2014-11-04 12:00:00,3.710,144.000,113.400,102.000,13.000
2014-11-04 13:00:00,3.080,111.000,30.000,101.000,12.600
2014-11-04 14:00:00,3.000,73.000,3.900,72.000,12.300
2014-11-04 15:00:00,2.520,25.000,0.000,25.000,11.800
2014-11-04 16:00:00,3.130,3.000,0.000,3.000,11.200
2014-11-04 17:00:00,3.350,0.000,0.000,0.000,10.600
2014-11-04 18:00:00,3.130,0.000,0.000,0.000,10.300
2014-11-04 19:00:00,3.180,0.000,0.000,0.000,10.100
2014-11-04 20:00:00,3.640,0.000,0.000,0.000,9.900
2014-11-04 21:00:00,3.550,0.000,0.000,0.000,9.600
2014-11-04 22:00:00,5.040,0.000,0.000,0.000,9.700
2014-11-04 23:00:00,4.800,0.000,0.000,0.000,9.500
2014-11-05 00:00:00,5.110,0.000,0.000,0.000,9.400
2014-11-05 01:00:00,4.610,0.000,0.000,0.000,9.300
2014-11-05 02:00:00,4.220,0.000,0.000,0.000,9.200
2014-11-05 03:00:00,3.010,0.000,0.000,0.000,9.100
2014-11-05 04:00:00,3.040,0.000,0.000,0.000,9.100
2014-11-05 05:00:00,4.840,0.000,0.000,0.000,9.100
2014-11-05 06:00:00,5.080,0.000,0.000,0.000,9.200
2014-11-05 07:00:00,4.830,1.000,0.000,1.000,9.100
2014-11-05 08:00:00,5.190,7.000,0.000,7.000,9.100
2014-11-05 09:00:00,5.280,20.000,4.100,19.000,9.100
2014-11-05 10:00:00,4.800,40.000,12.400,36.000,9.500
2014-11-05 11:00:00,5.690,91.000,16.500,85.000,10.000
2014-11-05 12:00:00,6.170,108.000,38.300,94.000,10.400
2014-11-05 13:00:00,5.640,104.000,27.400,95.000,10.600
2014-11-05 14:00:00,5.160,61.000,7.900,59.000,10.400
2014-11-05 15:00:00,4.520,23.000,0.000,23.000,10.200
2014-11-05 16:00:00,3.470,3.000,0.000,3.000,9.900
2014-11-05 17:00:00,3.690,0.000,0.000,0.000,9.600
2014-11-05 18:00:00,3.760,0.000,0.000,0.000,9.400
2014-11-05 19:00:00,3.880,0.000,0.000,0.000,9.200
2014-11-05 20:00:00,3.780,0.000,0.000,0.000,8.700
2014-11-05 21:00:00,3.580,0.000,0.000,0.000,8.100
2014-11-05 22:00:00,3.400,0.000,0.000,0.000,8.300
2014-11-05 23:00:00,3.300,0.000,0.000,0.000,7.800
2014-11-06 00:00:00,3.640,0.000,0.000,0.000,7.200
2014-11-06 01:00:00,3.910,0.000,0.000,0.000,6.600
2014-11-06 02:00:00,3.500,0.000,0.000,0.000,6.800
2014-11-06 03:00:00,4.300,0.000,0.000,0.000,6.600
2014-11-06 04:00:00,4.700,0.000,0.000,0.000,6.400
2014-11-06 05:00:00,4.900,0.000,0.000,0.000,6.400
2014-11-06 06:00:00,4.900,0.000,0.000,0.000,6.600
2014-11-06 07:00:00,4.830,7.000,38.200,5.000,6.500
2014-11-06 08:00:00,3.450,70.000,223.900,41.000,7.600
2014-11-06 09:00:00,3.220,139.000,213.600,88.000,8.600
2014-11-06 10:00:00,2.860,210.000,366.100,94.000,9.400
2014-11-06 11:00:00,3.420,223.000,290.200,119.000,10.100
2014-11-06 12:00:00,2.880,204.000,230.100,121.000,10.600
2014-11-06 13:00:00,2.640,176.000,231.900,101.000,10.700
2014-11-06 14:00:00,2.920,143.000,268.900,76.000,10.500
2014-11-06 15:00:00,3.220,70.000,167.800,46.000,9.900
2014-11-06 16:00:00,3.880,9.000,54.800,6.000,8.200
2014-11-06 17:00:00,3.960,0.000,0.000,0.000,7.500
2014-11-06 18:00:00,3.970,0.000,0.000,0.000,6.100
2014-11-06 19:00:00,4.620,0.000,0.000,0.000,6.400
2014-11-06 20:00:00,5.440,0.000,0.000,0.000,6.300
2014-11-06 21:00:00,5.820,0.000,0.000,0.000,6.400
2014-11-06 22:00:00,5.720,0.000,0.000,0.000,6.000
2014-11-06 23:00:00,5.600,0.000,0.000,0.000,5.800
2014-11-07 00:00:00,5.480,0.000,0.000,0.000,5.500
2014-11-07 01:00:00,5.290,0.000,0.000,0.000,5.100
2014-11-07 02:00:00,5.350,0.000,0.000,0.000,4.900
2014-11-07 03:00:00,5.460,0.000,0.000,0.000,4.400
2014-11-07 04:00:00,5.360,0.000,0.000,0.000,3.800
2014-11-07 05:00:00,5.500,0.000,0.000,0.000,3.400
2014-11-07 06:00:00,5.710,0.000,0.000,0.000,3.000
2014-11-07 07:00:00,5.570,6.000,38.200,4.000,3.000
2014-11-07 08:00:00,5.940,80.000,368.200,34.000,4.100
2014-11-07 09:00:00,5.680,180.000,487.100,66.000,5.700
2014-11-07 10:00:00,5.140,273.000,647.400,71.000,7.700
2014-11-07 11:00:00,4.950,315.000,676.000,76.000,9.000
2014-11-07 12:00:00,5.030,324.000,699.800,75.000,9.800
2014-11-07 13:00:00,5.920,283.000,668.400,70.000,10.000
2014-11-07 14:00:00,6.820,202.000,584.700,59.000,9.700
2014-11-07 15:00:00,7.380,95.000,411.100,38.000,9.000
2014-11-07 16:00:00,7.520,11.000,76.200,7.000,7.700
2014-11-07 17:00:00,7.790,0.000,0.000,0.000,7.300
2014-11-07 18:00:00,7.500,0.000,0.000,0.000,7.500
2014-11-07 19:00:00,7.400,0.000,0.000,0.000,7.900
2014-11-07 20:00:00,7.370,0.000,0.000,0.000,8.000
2014-11-07 21:00:00,7.420,0.000,0.000,0.000,8.200
2014-11-07 22:00:00,7.760,0.000,0.000,0.000,8.200
2014-11-07 23:00:00,7.660,0.000,0.000,0.000,7.700
2014-11-08 00:00:00,7.930,0.000,0.000,0.000,7.300
2014-11-08 01:00:00,7.920,0.000,0.000,0.000,7.100
2014-11-08 02:00:00,8.130,0.000,0.000,0.000,7.100
2014-11-08 03:00:00,8.070,0.000,0.000,0.000,7.300
2014-11-08 04:00:00,7.910,0.000,0.000,0.000,7.200
2014-11-08 05:00:00,7.800,0.000,0.000,0.000,7.300
2014-11-08 06:00:00,7.840,0.000,0.000,0.000,7.400
2014-11-08 07:00:00,7.790,5.000,19.100,4.000,7.700
2014-11-08 08:00:00,7.470,67.000,232.700,39.000,8.800
2014-11-08 09:00:00,7.070,166.000,431.700,67.000,10.100
2014-11-08 10:00:00,6.180,227.000,432.900,94.000,11.300
2014-11-08 11:00:00,6.720,257.000,461.700,96.000,12.400
2014-11-08 12:00:00,6.600,194.000,236.400,111.000,12.900
2014-11-08 13:00:00,6.300,182.000,283.400,93.000,13.200
2014-11-08 14:00:00,5.420,136.000,216.600,84.000,13.000
2014-11-08 15:00:00,5.510,74.000,238.200,42.000,11.900
2014-11-08 16:00:00,5.740,8.000,57.300,5.000,9.900
2014-11-08 17:00:00,6.120,0.000,0.000,0.000,9.000
2014-11-08 18:00:00,6.200,0.000,0.000,0.000,8.300
2014-11-08 19:00:00,6.000,0.000,0.000,0.000,7.500
2014-11-08 20:00:00,5.980,0.000,0.000,0.000,6.600
2014-11-08 21:00:00,6.070,0.000,0.000,0.000,6.200
2014-11-08 22:00:00,6.280,0.000,0.000,0.000,5.900
2014-11-08 23:00:00,6.180,0.000,0.000,0.000,5.500
2014-11-09 00:00:00,5.920,0.000,0.000,0.000,5.000
2014-11-09 01:00:00,6.070,0.000,0.000,0.000,4.700
2014-11-09 02:00:00,6.340,0.000,0.000,0.000,4.700
2014-11-09 03:00:00,6.720,0.000,0.000,0.000,4.700
2014-11-09 04:00:00,6.870,0.000,0.000,0.000,4.600
2014-11-09 05:00:00,6.530,0.000,0.000,0.000,4.600
2014-11-09 06:00:00,6.060,0.000,0.000,0.000,4.300
2014-11-09 07:00:00,6.570,4.000,0.000,4.000,4.300
2014-11-09 08:00:00,6.710,63.000,181.300,42.000,5.100
2014-11-09 09:00:00,5.920,170.000,485.200,61.000,6.900
2014-11-09 10:00:00,4.800,259.000,638.100,66.000,8.900
2014-11-09 11:00:00,4.190,302.000,668.600,72.000,10.400
2014-11-09 12:00:00,3.610,280.000,531.200,96.000,11.100
2014-11-09 13:00:00,3.640,226.000,365.200,113.000,11.400
2014-11-09 14:00:00,3.880,167.000,394.700,74.000,11.200
2014-11-09 15:00:00,4.560,76.000,253.600,43.000,10.000
2014-11-09 16:00:00,5.080,7.000,38.200,5.000,8.700
2014-11-09 17:00:00,4.980,0.000,0.000,0.000,8.000
2014-11-09 18:00:00,5.120,0.000,0.000,0.000,7.400
2014-11-09 19:00:00,5.510,0.000,0.000,0.000,6.800
2014-11-09 20:00:00,5.500,0.000,0.000,0.000,6.600
2014-11-09 21:00:00,5.530,0.000,0.000,0.000,6.300
2014-11-09 22:00:00,5.080,0.000,0.000,0.000,5.000
2014-11-09 23:00:00,5.200,0.000,0.000,0.000,4.900
2014-11-10 00:00:00,5.220,0.000,0.000,0.000,5.300
2014-11-10 01:00:00,4.900,0.000,0.000,0.000,5.400
2014-11-10 02:00:00,4.700,0.000,0.000,0.000,5.400
2014-11-10 03:00:00,4.780,0.000,0.000,0.000,5.600
2014-11-10 04:00:00,4.140,0.000,0.000,0.000,5.600
2014-11-10 05:00:00,4.130,0.000,0.000,0.000,5.700
2014-11-10 06:00:00,4.120,0.000,0.000,0.000,6.100
2014-11-10 07:00:00,4.270,2.000,0.000,2.000,6.300
2014-11-10 08:00:00,4.610,24.000,18.000,22.000,6.800
2014-11-10 09:00:00,4.690,73.000,86.400,54.000,7.400
2014-11-10 10:00:00,3.830,136.000,107.500,104.000,8.800
2014-11-10 11:00:00,3.960,208.000,212.200,136.000,10.000
2014-11-10 12:00:00,4.340,228.000,222.400,152.000,10.700
2014-11-10 13:00:00,5.660,167.000,147.600,122.000,11.000
2014-11-10 14:00:00,4.900,84.000,34.600,76.000,11.000
2014-11-10 15:00:00,4.920,32.000,39.700,27.000,10.700
2014-11-10 16:00:00,5.300,3.000,0.000,3.000,10.200
2014-11-10 17:00:00,5.920,0.000,0.000,0.000,9.800
2014-11-10 18:00:00,6.420,0.000,0.000,0.000,9.400
2014-11-10 19:00:00,6.500,0.000,0.000,0.000,9.200
2014-11-10 20:00:00,6.460,0.000,0.000,0.000,8.800
2014-11-10 21:00:00,6.430,0.000,0.000,0.000,7.900
2014-11-10 22:00:00,6.680,0.000,0.000,0.000,6.800
2014-11-10 23:00:00,6.500,0.000,0.000,0.000,6.800
2014-11-11 00:00:00,6.160,0.000,0.000,0.000,6.300
2014-11-11 01:00:00,5.790,0.000,0.000,0.000,5.800
2014-11-11 02:00:00,5.720,0.000,0.000,0.000,5.400
2014-11-11 03:00:00,5.900,0.000,0.000,0.000,5.000
2014-11-11 04:00:00,5.870,0.000,0.000,0.000,5.000
2014-11-11 05:00:00,5.100,0.000,0.000,0.000,4.800
2014-11-11 06:00:00,4.750,0.000,0.000,0.000,4.500
2014-11-11 07:00:00,5.450,3.000,19.100,2.000,4.600
2014-11-11 08:00:00,5.660,60.000,234.000,35.000,5.200
2014-11-11 09:00:00,5.190,136.000,292.400,73.000,6.500
2014-11-11 10:00:00,4.490,221.000,474.200,82.000,7.900
2014-11-11 11:00:00,5.000,256.000,484.100,94.000,9.500
2014-11-11 12:00:00,4.930,276.000,560.600,87.000,10.500
2014-11-11 13:00:00,5.120,223.000,426.000,95.000,11.000
2014-11-11 14:00:00,5.620,154.000,348.000,75.000,10.700
2014-11-11 15:00:00,7.200,66.000,213.200,40.000,9.900
2014-11-11 16:00:00,7.920,5.000,19.100,4.000,9.200
2014-11-11 17:00:00,7.480,0.000,0.000,0.000,9.100
2014-11-11 18:00:00,7.450,0.000,0.000,0.000,9.300
2014-11-11 19:00:00,7.640,0.000,0.000,0.000,9.500
2014-11-11 20:00:00,7.670,0.000,0.000,0.000,9.800
2014-11-11 21:00:00,7.600,0.000,0.000,0.000,9.900
2014-11-11 22:00:00,6.940,0.000,0.000,0.000,10.100
2014-11-11 23:00:00,7.200,0.000,0.000,0.000,10.200
2014-11-12 00:00:00,6.480,0.000,0.000,0.000,10.200
2014-11-12 01:00:00,6.070,0.000,0.000,0.000,10.200
2014-11-12 02:00:00,5.910,0.000,0.000,0.000,10.100
2014-11-12 03:00:00,5.790,0.000,0.000,0.000,9.900
2014-11-12 04:00:00,5.950,0.000,0.000,0.000,9.700
2014-11-12 05:00:00,6.020,0.000,0.000,0.000,9.600
2014-11-12 06:00:00,5.330,0.000,0.000,0.000,9.300
2014-11-12 07:00:00,5.020,1.000,0.000,1.000,9.300
2014-11-12 08:00:00,4.790,25.000,39.100,21.000,9.500
2014-11-12 09:00:00,4.430,52.000,4.700,51.000,9.600
2014-11-12 10:00:00,4.110,99.000,38.100,88.000,9.700
2014-11-12 11:00:00,3.530,127.000,42.400,113.000,9.900
2014-11-12 12:00:00,2.920,157.000,87.200,128.000,10.200
2014-11-12 13:00:00,2.340,104.000,33.800,94.000,10.100
2014-11-12 14:00:00,2.140,73.000,35.900,65.000,10.100
2014-11-12 15:00:00,1.710,33.000,8.500,32.000,10.000
2014-11-12 16:00:00,0.600,2.000,0.000,2.000,9.800
2014-11-12 17:00:00,0.220,0.000,0.000,0.000,9.500
2014-11-12 18:00:00,0.420,0.000,0.000,0.000,9.400
2014-11-12 19:00:00,0.780,0.000,0.000,0.000,9.400
2014-11-12 20:00:00,1.280,0.000,0.000,0.000,8.600
2014-11-12 21:00:00,2.420,0.000,0.000,0.000,8.700
2014-11-12 22:00:00,2.940,0.000,0.000,0.000,9.000
2014-11-12 23:00:00,3.400,0.000,0.000,0.000,9.000
2014-11-13 00:00:00,3.190,0.000,0.000,0.000,8.800
2014-11-13 01:00:00,2.970,0.000,0.000,0.000,8.800
2014-11-13 02:00:00,2.640,0.000,0.000,0.000,8.500
2014-11-13 03:00:00,2.220,0.000,0.000,0.000,8.800
2014-11-13 04:00:00,2.280,0.000,0.000,0.000,8.300
2014-11-13 05:00:00,2.600,0.000,0.000,0.000,8.500
2014-11-13 06:00:00,2.600,0.000,0.000,0.000,8.200
2014-11-13 07:00:00,2.320,1.000,0.000,1.000,8.400
2014-11-13 08:00:00,1.800,32.000,51.000,27.000,8.900
2014-11-13 09:00:00,0.950,74.000,63.000,61.000,9.400
2014-11-13 10:00:00,0.760,147.000,211.200,87.000,10.300
2014-11-13 11:00:00,1.100,156.000,159.700,104.000,10.800
2014-11-13 12:00:00,1.490,106.000,18.300,100.000,10.900
2014-11-13 13:00:00,1.360,87.000,30.800,78.000,11.000
2014-11-13 14:00:00,1.170,58.000,9.100,56.000,11.000
2014-11-13 15:00:00,1.560,25.000,8.800,24.000,10.800
2014-11-13 16:00:00,3.040,2.000,0.000,2.000,10.400
2014-11-13 17:00:00,3.450,0.000,0.000,0.000,10.400
2014-11-13 18:00:00,3.440,0.000,0.000,0.000,10.300
2014-11-13 19:00:00,3.240,0.000,0.000,0.000,9.400
2014-11-13 20:00:00,3.610,0.000,0.000,0.000,9.300
2014-11-13 21:00:00,4.300,0.000,0.000,0.000,9.100
2014-11-13 22:00:00,3.990,0.000,0.000,0.000,9.700
2014-11-13 23:00:00,4.020,0.000,0.000,0.000,9.700
2014-11-14 00:00:00,4.400,0.000,0.000,0.000,9.600
2014-11-14 01:00:00,5.000,0.000,0.000,0.000,9.400
2014-11-14 02:00:00,5.730,0.000,0.000,0.000,9.600
2014-11-14 03:00:00,6.320,0.000,0.000,0.000,9.600
2014-11-14 04:00:00,6.390,0.000,0.000,0.000,9.600
2014-11-14 05:00:00,6.170,0.000,0.000,0.000,9.600
2014-11-14 06:00:00,5.990,0.000,0.000,0.000,9.500
2014-11-14 07:00:00,6.320,1.000,0.000,1.000,9.600
2014-11-14 08:00:00,6.590,34.000,64.000,28.000,10.000
2014-11-14 09:00:00,6.590,72.000,59.400,60.000,10.400
2014-11-14 10:00:00,6.170,97.000,42.900,85.000,11.000
2014-11-14 11:00:00,6.760,169.000,161.900,117.000,11.600
2014-11-14 12:00:00,8.100,182.000,240.800,104.000,11.900
2014-11-14 13:00:00,7.170,164.000,215.500,102.000,12.100
2014-11-14 14:00:00,8.240,95.000,41.900,86.000,12.100
2014-11-14 15:00:00,8.100,38.000,36.200,34.000,11.900
2014-11-14 16:00:00,8.410,3.000,0.000,3.000,11.600
2014-11-14 17:00:00,7.990,0.000,0.000,0.000,11.600
2014-11-14 18:00:00,7.940,0.000,0.000,0.000,11.300
2014-11-14 19:00:00,8.460,0.000,0.000,0.000,10.800
2014-11-14 20:00:00,8.180,0.000,0.000,0.000,10.300
2014-11-14 21:00:00,7.840,0.000,0.000,0.000,10.000
2014-11-14 22:00:00,7.560,0.000,0.000,0.000,10.100
2014-11-14 23:00:00,7.420,0.000,0.000,0.000,9.900
2014-11-15 00:00:00,7.250,0.000,0.000,0.000,9.600
2014-11-15 01:00:00,7.250,0.000,0.000,0.000,9.300
2014-11-15 02:00:00,7.250,0.000,0.000,0.000,9.300
2014-11-15 03:00:00,7.290,0.000,0.000,0.000,9.200
2014-11-15 04:00:00,7.280,0.000,0.000,0.000,9.100
2014-11-15 05:00:00,7.490,0.000,0.000,0.000,9.100
2014-11-15 06:00:00,7.690,0.000,0.000,0.000,9.200
2014-11-15 07:00:00,7.980,1.000,0.000,1.000,9.300
2014-11-15 08:00:00,7.930,23.000,0.000,23.000,9.600
2014-11-15 09:00:00,6.930,53.000,5.100,52.000,9.900
2014-11-15 10:00:00,6.710,78.000,7.300,76.000,10.800
2014-11-15 11:00:00,6.620,66.000,0.000,66.000,11.000
2014-11-15 12:00:00,6.890,63.000,0.000,63.000,11.300
2014-11-15 13:00:00,7.300,67.000,0.000,67.000,11.400
2014-11-15 14:00:00,7.680,60.000,4.700,59.000,11.400
2014-11-15 15:00:00,6.710,22.000,0.000,22.000,11.300
2014-11-15 16:00:00,6.560,2.000,0.000,2.000,11.000
2014-11-15 17:00:00,6.390,0.000,0.000,0.000,10.900
2014-11-15 18:00:00,6.620,0.000,0.000,0.000,10.900
2014-11-15 19:00:00,5.730,0.000,0.000,0.000,10.800
2014-11-15 20:00:00,5.030,0.000,0.000,0.000,10.600
2014-11-15 21:00:00,5.050,0.000,0.000,0.000,10.500
2014-11-15 22:00:00,4.900,0.000,0.000,0.000,10.300
2014-11-15 23:00:00,4.800,0.000,0.000,0.000,10.200
2014-11-16 00:00:00,4.700,0.000,0.000,0.000,10.100
2014-11-16 01:00:00,4.910,0.000,0.000,0.000,10.200
2014-11-16 02:00:00,5.570,0.000,0.000,0.000,10.000
2014-11-16 03:00:00,5.870,0.000,0.000,0.000,10.000
2014-11-16 04:00:00,6.340,0.000,0.000,0.000,9.900
2014-11-16 05:00:00,6.840,0.000,0.000,0.000,9.800
2014-11-16 06:00:00,6.940,0.000,0.000,0.000,9.600
2014-11-16 07:00:00,6.720,0.000,0.000,0.000,9.400
2014-11-16 08:00:00,6.130,13.000,0.000,13.000,9.300
2014-11-16 09:00:00,5.810,37.000,0.000,37.000,9.100
2014-11-16 10:00:00,5.610,38.000,0.000,38.000,8.900
2014-11-16 11:00:00,5.630,30.000,0.000,30.000,8.600
2014-11-16 12:00:00,5.810,35.000,0.000,35.000,8.400
2014-11-16 13:00:00,6.030,29.000,0.000,29.000,8.300
2014-11-16 14:00:00,5.600,15.000,0.000,15.000,8.200
2014-11-16 15:00:00,5.050,9.000,0.000,9.000,8.300
2014-11-16 16:00:00,4.480,0.000,0.000,0.000,8.500
2014-11-16 17:00:00,4.330,0.000,0.000,0.000,8.900
2014-11-16 18:00:00,5.260,0.000,0.000,0.000,9.200
2014-11-16 19:00:00,5.610,0.000,0.000,0.000,9.000
2014-11-16 20:00:00,5.250,0.000,0.000,0.000,8.400
2014-11-16 21:00:00,5.330,0.000,0.000,0.000,7.900
2014-11-16 22:00:00,5.390,0.000,0.000,0.000,8.300
2014-11-16 23:00:00,5.410,0.000,0.000,0.000,8.200
2014-11-17 00:00:00,5.550,0.000,0.000,0.000,7.600
2014-11-17 01:00:00,5.910,0.000,0.000,0.000,7.200
2014-11-17 02:00:00,5.640,0.000,0.000,0.000,6.700
2014-11-17 03:00:00,5.780,0.000,0.000,0.000,6.500
2014-11-17 04:00:00,5.840,0.000,0.000,0.000,6.300
2014-11-17 05:00:00,5.950,0.000,0.000,0.000,6.300
2014-11-17 06:00:00,5.880,0.000,0.000,0.000,6.200
2014-11-17 07:00:00,5.920,1.000,0.000,1.000,6.000
2014-11-17 08:00:00,5.580,48.000,282.500,24.000,6.500
2014-11-17 09:00:00,5.220,138.000,449.000,53.000,7.700
2014-11-17 10:00:00,4.080,213.000,528.500,72.000,9.100
2014-11-17 11:00:00,3.760,259.000,589.900,77.000,10.200
2014-11-17 12:00:00,3.670,262.000,584.000,80.000,11.100
2014-11-17 13:00:00,3.790,226.000,565.500,70.000,11.500
2014-11-17 14:00:00,4.600,150.000,451.800,58.000,11.300
2014-11-17 15:00:00,6.070,62.000,330.300,29.000,10.000
2014-11-17 16:00:00,7.420,2.000,0.000,2.000,8.800
2014-11-17 17:00:00,7.610,0.000,0.000,0.000,8.300
2014-11-17 18:00:00,7.200,0.000,0.000,0.000,8.000
2014-11-17 19:00:00,6.860,0.000,0.000,0.000,7.800
2014-11-17 20:00:00,7.230,0.000,0.000,0.000,7.500
2014-11-17 21:00:00,7.510,0.000,0.000,0.000,7.600
2014-11-17 22:00:00,6.460,0.000,0.000,0.000,7.300
2014-11-17 23:00:00,6.170,0.000,0.000,0.000,7.500
2014-11-18 00:00:00,6.160,0.000,0.000,0.000,7.700
2014-11-18 01:00:00,6.640,0.000,0.000,0.000,7.700
2014-11-18 02:00:00,6.780,0.000,0.000,0.000,7.700
2014-11-18 03:00:00,6.580,0.000,0.000,0.000,7.600
2014-11-18 04:00:00,6.710,0.000,0.000,0.000,7.600
2014-11-18 05:00:00,7.220,0.000,0.000,0.000,7.600
2014-11-18 06:00:00,7.130,0.000,0.000,0.000,7.500
2014-11-18 07:00:00,7.470,0.000,0.000,0.000,7.500
2014-11-18 08:00:00,7.430,8.000,0.000,8.000,7.400
2014-11-18 09:00:00,7.070,24.000,0.000,24.000,7.500
2014-11-18 10:00:00,5.820,53.000,22.800,47.000,7.600
2014-11-18 11:00:00,6.960,57.000,9.900,54.000,7.500
2014-11-18 12:00:00,7.140,51.000,3.200,50.000,7.500
2014-11-18 13:00:00,7.380,44.000,0.000,44.000,7.600
2014-11-18 14:00:00,6.860,24.000,0.000,24.000,7.500
2014-11-18 15:00:00,6.620,13.000,0.000,13.000,7.500
2014-11-18 16:00:00,6.360,0.000,0.000,0.000,7.500
2014-11-18 17:00:00,6.020,0.000,0.000,0.000,7.400
2014-11-18 18:00:00,5.660,0.000,0.000,0.000,7.200
2014-11-18 19:00:00,5.490,0.000,0.000,0.000,7.200
2014-11-18 20:00:00,5.200,0.000,0.000,0.000,7.000
2014-11-18 21:00:00,5.020,0.000,0.000,0.000,6.900
2014-11-18 22:00:00,5.100,0.000,0.000,0.000,6.700
2014-11-18 23:00:00,4.840,0.000,0.000,0.000,6.600
2014-11-19 00:00:00,4.560,0.000,0.000,0.000,6.400
2014-11-19 01:00:00,4.360,0.000,0.000,0.000,6.300
2014-11-19 02:00:00,4.480,0.000,0.000,0.000,6.200
2014-11-19 03:00:00,4.000,0.000,0.000,0.000,6.200
2014-11-19 04:00:00,3.740,0.000,0.000,0.000,6.200
2014-11-19 05:00:00,3.360,0.000,0.000,0.000,6.100
2014-11-19 06:00:00,3.260,0.000,0.000,0.000,6.100
2014-11-19 07:00:00,3.140,0.000,0.000,0.000,6.200
2014-11-19 08:00:00,2.970,8.000,0.000,8.000,6.200
2014-11-19 09:00:00,3.090,28.000,0.000,28.000,6.300
2014-11-19 10:00:00,2.690,44.000,0.000,44.000,6.400
2014-11-19 11:00:00,2.590,59.000,6.700,57.000,6.600
2014-11-19 12:00:00,2.330,44.000,0.000,44.000,6.600
2014-11-19 13:00:00,2.100,40.000,7.400,38.000,6.700
2014-11-19 14:00:00,1.970,22.000,0.000,22.000,6.600
2014-11-19 15:00:00,1.840,11.000,0.000,11.000,6.700
2014-11-19 16:00:00,2.240,0.000,0.000,0.000,6.500
2014-11-19 17:00:00,2.310,0.000,0.000,0.000,6.400
2014-11-19 18:00:00,2.010,0.000,0.000,0.000,6.200
2014-11-19 19:00:00,1.530,0.000,0.000,0.000,6.300
2014-11-19 20:00:00,1.170,0.000,0.000,0.000,6.200
2014-11-19 21:00:00,1.080,0.000,0.000,0.000,6.200
2014-11-19 22:00:00,2.250,0.000,0.000,0.000,6.100
2014-11-19 23:00:00,1.840,0.000,0.000,0.000,6.100
2014-11-20 00:00:00,1.910,0.000,0.000,0.000,6.000
2014-11-20 01:00:00,2.270,0.000,0.000,0.000,5.900
2014-11-20 02:00:00,2.280,0.000,0.000,0.000,6.000
2014-11-20 03:00:00,2.080,0.000,0.000,0.000,5.900
2014-11-20 04:00:00,2.330,0.000,0.000,0.000,5.900
2014-11-20 05:00:00,2.550,0.000,0.000,0.000,5.700
2014-11-20 06:00:00,2.200,0.000,0.000,0.000,5.700
2014-11-20 07:00:00,1.940,0.000,0.000,0.000,5.600
2014-11-20 08:00:00,1.880,11.000,12.700,10.000,5.600
2014-11-20 09:00:00,1.900,50.000,39.500,43.000,6.000
2014-11-20 10:00:00,1.800,94.000,125.600,62.000,6.300
2014-11-20 11:00:00,1.660,129.000,148.200,85.000,6.700
2014-11-20 12:00:00,1.750,148.000,153.200,102.000,6.900
2014-11-20 13:00:00,1.660,123.000,128.300,89.000,7.200
2014-11-20 14:00:00,1.800,78.000,82.700,62.000,7.100
2014-11-20 15:00:00,1.920,31.000,55.200,26.000,6.600
2014-11-20 16:00:00,1.800,1.000,0.000,1.000,6.100
2014-11-20 17:00:00,1.750,0.000,0.000,0.000,5.500
2014-11-20 18:00:00,1.530,0.000,0.000,0.000,4.900
2014-11-20 19:00:00,1.490,0.000,0.000,0.000,4.200
2014-11-20 20:00:00,1.620,0.000,0.000,0.000,4.000
2014-11-20 21:00:00,1.730,0.000,0.000,0.000,3.800
2014-11-20 22:00:00,1.800,0.000,0.000,0.000,4.300
2014-11-20 23:00:00,1.610,0.000,0.000,0.000,4.000
2014-11-21 00:00:00,1.800,0.000,0.000,0.000,3.500
2014-11-21 01:00:00,1.900,0.000,0.000,0.000,3.100
2014-11-21 02:00:00,1.680,0.000,0.000,0.000,3.100
2014-11-21 03:00:00,1.990,0.000,0.000,0.000,2.800
2014-11-21 04:00:00,2.400,0.000,0.000,0.000,2.800
2014-11-21 05:00:00,2.820,0.000,0.000,0.000,2.700
2014-11-21 06:00:00,3.040,0.000,0.000,0.000,2.900
2014-11-21 07:00:00,3.610,0.000,0.000,0.000,2.800
2014-11-21 08:00:00,3.990,18.000,65.400,13.000,3.300
2014-11-21 09:00:00,3.770,39.000,23.100,35.000,4.000
2014-11-21 10:00:00,3.540,82.000,27.900,75.000,5.000
2014-11-21 11:00:00,3.310,90.000,54.600,74.000,5.500
2014-11-21 12:00:00,3.230,155.000,279.700,72.000,5.900
2014-11-21 13:00:00,3.670,113.000,164.300,70.000,5.900
2014-11-21 14:00:00,3.830,71.000,110.300,50.000,5.900
2014-11-21 15:00:00,4.420,24.000,91.200,16.000,5.600
2014-11-21 16:00:00,4.930,1.000,0.000,1.000,5.100
2014-11-21 17:00:00,5.280,0.000,0.000,0.000,4.800
2014-11-21 18:00:00,5.430,0.000,0.000,0.000,4.600
2014-11-21 19:00:00,5.730,0.000,0.000,0.000,4.500
2014-11-21 20:00:00,5.880,0.000,0.000,0.000,4.300
2014-11-21 21:00:00,6.230,0.000,0.000,0.000,4.400
2014-11-21 22:00:00,6.300,0.000,0.000,0.000,4.300
2014-11-21 23:00:00,6.230,0.000,0.000,0.000,4.400
2014-11-22 00:00:00,6.290,0.000,0.000,0.000,4.500
2014-11-22 01:00:00,6.360,0.000,0.000,0.000,4.300
2014-11-22 02:00:00,6.650,0.000,0.000,0.000,4.300
2014-11-22 03:00:00,6.720,0.000,0.000,0.000,4.000
2014-11-22 04:00:00,6.750,0.000,0.000,0.000,3.700
2014-11-22 05:00:00,6.530,0.000,0.000,0.000,3.800
2014-11-22 06:00:00,6.350,0.000,0.000,0.000,3.800
2014-11-22 07:00:00,6.550,0.000,0.000,0.000,3.800
2014-11-22 08:00:00,6.410,23.000,13.400,22.000,4.100
2014-11-22 09:00:00,6.520,101.000,218.000,64.000,4.700
2014-11-22 10:00:00,5.440,183.000,440.600,74.000,5.600
2014-11-22 11:00:00,5.540,231.000,531.900,77.000,6.600
2014-11-22 12:00:00,4.810,248.000,610.200,69.000,7.300
2014-11-22 13:00:00,4.620,205.000,529.900,68.000,7.600
2014-11-22 14:00:00,5.080,122.000,320.000,62.000,7.600
2014-11-22 15:00:00,6.240,40.000,82.000,33.000,7.100
2014-11-22 16:00:00,6.150,1.000,0.000,1.000,6.600
2014-11-22 17:00:00,6.370,0.000,0.000,0.000,6.300
2014-11-22 18:00:00,6.300,0.000,0.000,0.000,6.000
2014-11-22 19:00:00,6.020,0.000,0.000,0.000,5.700
2014-11-22 20:00:00,6.420,0.000,0.000,0.000,5.500
2014-11-22 21:00:00,6.830,0.000,0.000,0.000,5.300
2014-11-22 22:00:00,6.460,0.000,0.000,0.000,5.400
2014-11-22 23:00:00,6.670,0.000,0.000,0.000,5.200
2014-11-23 00:00:00,6.740,0.000,0.000,0.000,5.400
2014-11-23 01:00:00,6.660,0.000,0.000,0.000,5.300
2014-11-23 02:00:00,6.430,0.000,0.000,0.000,5.300
2014-11-23 03:00:00,6.180,0.000,0.000,0.000,4.900
2014-11-23 04:00:00,6.140,0.000,0.000,0.000,5.100
2014-11-23 05:00:00,6.240,0.000,0.000,0.000,5.300
2014-11-23 06:00:00,6.110,0.000,0.000,0.000,5.300
2014-11-23 07:00:00,6.200,0.000,0.000,0.000,5.000
2014-11-23 08:00:00,6.380,30.000,179.500,17.000,5.700
2014-11-23 09:00:00,6.400,111.000,379.400,48.000,6.900
2014-11-23 10:00:00,5.150,189.000,525.200,61.000,8.600
2014-11-23 11:00:00,4.160,236.000,597.900,65.000,9.700
2014-11-23 12:00:00,4.290,241.000,610.400,64.000,11.000
2014-11-23 13:00:00,5.640,203.000,544.300,64.000,11.600
2014-11-23 14:00:00,6.440,133.000,449.700,50.000,11.600
2014-11-23 15:00:00,7.120,48.000,274.100,25.000,10.600
2014-11-23 16:00:00,7.910,1.000,0.000,1.000,9.800
2014-11-23 17:00:00,8.380,0.000,0.000,0.000,9.500
2014-11-23 18:00:00,8.140,0.000,0.000,0.000,9.400
2014-11-23 19:00:00,8.020,0.000,0.000,0.000,9.200
2014-11-23 20:00:00,8.220,0.000,0.000,0.000,9.200
2014-11-23 21:00:00,8.720,0.000,0.000,0.000,9.400
2014-11-23 22:00:00,8.320,0.000,0.000,0.000,9.600
2014-11-23 23:00:00,8.370,0.000,0.000,0.000,9.900
2014-11-24 00:00:00,8.700,0.000,0.000,0.000,9.800
2014-11-24 01:00:00,8.680,0.000,0.000,0.000,9.800
2014-11-24 02:00:00,8.610,0.000,0.000,0.000,9.600
2014-11-24 03:00:00,8.600,0.000,0.000,0.000,9.900
2014-11-24 04:00:00,8.500,0.000,0.000,0.000,10.300
2014-11-24 05:00:00,8.350,0.000,0.000,0.000,10.200
2014-11-24 06:00:00,8.670,0.000,0.000,0.000,9.800
2014-11-24 07:00:00,7.690,0.000,0.000,0.000,9.000
2014-11-24 08:00:00,7.240,6.000,14.200,5.000,8.300
2014-11-24 09:00:00,7.330,53.000,55.400,44.000,8.200
2014-11-24 10:00:00,6.110,136.000,245.700,77.000,8.600
2014-11-24 11:00:00,6.430,201.000,442.500,76.000,9.100
2014-11-24 12:00:00,5.840,218.000,495.300,76.000,9.600
2014-11-24 13:00:00,5.620,160.000,317.100,80.000,9.800
2014-11-24 14:00:00,5.600,126.000,401.600,53.000,9.400
2014-11-24 15:00:00,5.800,42.000,242.600,22.000,8.500
2014-11-24 16:00:00,6.050,1.000,0.000,1.000,7.200
2014-11-24 17:00:00,6.650,0.000,0.000,0.000,6.400
2014-11-24 18:00:00,7.370,0.000,0.000,0.000,6.000
2014-11-24 19:00:00,7.320,0.000,0.000,0.000,5.700
2014-11-24 20:00:00,7.090,0.000,0.000,0.000,5.600
2014-11-24 21:00:00,6.940,0.000,0.000,0.000,5.500
2014-11-24 22:00:00,6.600,0.000,0.000,0.000,5.400
2014-11-24 23:00:00,6.010,0.000,0.000,0.000,5.000
2014-11-25 00:00:00,5.600,0.000,0.000,0.000,4.300
2014-11-25 01:00:00,5.400,0.000,0.000,0.000,4.000
2014-11-25 02:00:00,4.910,0.000,0.000,0.000,3.500
2014-11-25 03:00:00,4.310,0.000,0.000,0.000,2.400
2014-11-25 04:00:00,4.000,0.000,0.000,0.000,2.300
2014-11-25 05:00:00,3.900,0.000,0.000,0.000,1.300
2014-11-25 06:00:00,3.400,0.000,0.000,0.000,1.400
2014-11-25 07:00:00,2.410,0.000,0.000,0.000,1.800
2014-11-25 08:00:00,1.360,18.000,29.200,16.000,1.800
2014-11-25 09:00:00,0.420,64.000,63.000,54.000,2.600
2014-11-25 10:00:00,1.140,110.000,63.400,95.000,4.400
2014-11-25 11:00:00,0.940,111.000,60.900,94.000,5.600
2014-11-25 12:00:00,1.360,135.000,116.400,102.000,6.200
2014-11-25 13:00:00,1.710,102.000,48.100,90.000,6.200
2014-11-25 14:00:00,2.210,60.000,39.100,53.000,6.100
2014-11-25 15:00:00,3.100,23.000,12.300,22.000,5.700
2014-11-25 16:00:00,4.100,0.000,0.000,0.000,5.300
2014-11-25 17:00:00,4.900,0.000,0.000,0.000,5.000
2014-11-25 18:00:00,5.300,0.000,0.000,0.000,4.900
2014-11-25 19:00:00,5.420,0.000,0.000,0.000,4.500
2014-11-25 20:00:00,5.540,0.000,0.000,0.000,4.200
2014-11-25 21:00:00,5.640,0.000,0.000,0.000,3.900
2014-11-25 22:00:00,6.020,0.000,0.000,0.000,3.500
2014-11-25 23:00:00,6.420,0.000,0.000,0.000,3.500
2014-11-26 00:00:00,6.650,0.000,0.000,0.000,3.500
2014-11-26 01:00:00,6.650,0.000,0.000,0.000,3.500
2014-11-26 02:00:00,6.510,0.000,0.000,0.000,3.500
2014-11-26 03:00:00,6.720,0.000,0.000,0.000,3.500
2014-11-26 04:00:00,6.650,0.000,0.000,0.000,3.500
2014-11-26 05:00:00,7.080,0.000,0.000,0.000,3.500
2014-11-26 06:00:00,7.180,0.000,0.000,0.000,3.400
2014-11-26 07:00:00,7.380,0.000,0.000,0.000,3.600
2014-11-26 08:00:00,8.320,19.000,120.100,11.000,3.500
2014-11-26 09:00:00,9.970,56.000,64.400,46.000,4.000
2014-11-26 10:00:00,8.420,100.000,60.000,86.000,4.300
2014-11-26 11:00:00,8.190,146.000,206.700,89.000,4.800
2014-11-26 12:00:00,7.850,166.000,231.800,101.000,5.200
2014-11-26 13:00:00,8.290,136.000,206.900,85.000,5.500
2014-11-26 14:00:00,8.350,90.000,181.300,58.000,5.300
2014-11-26 15:00:00,8.700,35.000,112.900,26.000,4.800
2014-11-26 16:00:00,9.110,0.000,0.000,0.000,4.400
2014-11-26 17:00:00,9.190,0.000,0.000,0.000,4.300
2014-11-26 18:00:00,8.720,0.000,0.000,0.000,4.200
2014-11-26 19:00:00,8.370,0.000,0.000,0.000,4.100
2014-11-26 20:00:00,8.080,0.000,0.000,0.000,4.000
2014-11-26 21:00:00,7.980,0.000,0.000,0.000,3.900
2014-11-26 22:00:00,8.360,0.000,0.000,0.000,3.300
2014-11-26 23:00:00,8.600,0.000,0.000,0.000,3.000
2014-11-27 00:00:00,7.740,0.000,0.000,0.000,2.800
2014-11-27 01:00:00,7.220,0.000,0.000,0.000,2.300
2014-11-27 02:00:00,7.420,0.000,0.000,0.000,1.900
2014-11-27 03:00:00,7.560,0.000,0.000,0.000,1.500
2014-11-27 04:00:00,7.420,0.000,0.000,0.000,1.300
2014-11-27 05:00:00,7.610,0.000,0.000,0.000,1.000
2014-11-27 06:00:00,7.700,0.000,0.000,0.000,1.000
2014-11-27 07:00:00,7.790,0.000,0.000,0.000,0.800
2014-11-27 08:00:00,7.880,23.000,154.500,13.000,1.000
2014-11-27 09:00:00,7.620,105.000,408.400,43.000,1.800
2014-11-27 10:00:00,7.470,167.000,470.000,59.000,2.700
2014-11-27 11:00:00,7.080,182.000,392.500,75.000,3.500
2014-11-27 12:00:00,6.930,223.000,522.800,78.000,4.300
2014-11-27 13:00:00,7.240,166.000,328.200,86.000,4.400
2014-11-27 14:00:00,7.790,103.000,201.100,68.000,4.100
2014-11-27 15:00:00,8.350,35.000,102.000,27.000,3.600
2014-11-27 16:00:00,8.620,0.000,0.000,0.000,3.300
2014-11-27 17:00:00,8.450,0.000,0.000,0.000,3.000
2014-11-27 18:00:00,8.520,0.000,0.000,0.000,2.900
2014-11-27 19:00:00,8.670,0.000,0.000,0.000,2.800
2014-11-27 20:00:00,8.450,0.000,0.000,0.000,2.700
2014-11-27 21:00:00,8.670,0.000,0.000,0.000,2.800
2014-11-27 22:00:00,9.420,0.000,0.000,0.000,2.600
2014-11-27 23:00:00,9.270,0.000,0.000,0.000,2.500
2014-11-28 00:00:00,9.710,0.000,0.000,0.000,2.600
2014-11-28 01:00:00,9.520,0.000,0.000,0.000,2.600
2014-11-28 02:00:00,9.240,0.000,0.000,0.000,2.400
2014-11-28 03:00:00,9.360,0.000,0.000,0.000,2.400
2014-11-28 04:00:00,9.520,0.000,0.000,0.000,2.400
2014-11-28 05:00:00,9.520,0.000,0.000,0.000,2.300
2014-11-28 06:00:00,9.680,0.000,0.000,0.000,2.400
2014-11-28 07:00:00,9.950,0.000,0.000,0.000,2.400
2014-11-28 08:00:00,10.040,19.000,143.100,10.000,2.400
2014-11-28 09:00:00,9.600,88.000,283.000,46.000,2.500
2014-11-28 10:00:00,9.680,144.000,340.000,67.000,2.500
2014-11-28 11:00:00,9.310,202.000,441.600,83.000,2.600
2014-11-28 12:00:00,9.180,185.000,357.100,87.000,2.500
2014-11-28 13:00:00,9.140,160.000,336.000,79.000,2.300
2014-11-28 14:00:00,9.220,102.000,267.900,56.000,2.300
2014-11-28 15:00:00,8.650,32.000,116.500,23.000,2.200
2014-11-28 16:00:00,8.540,0.000,0.000,0.000,2.200
2014-11-28 17:00:00,9.090,0.000,0.000,0.000,2.200
2014-11-28 18:00:00,9.140,0.000,0.000,0.000,2.300
2014-11-28 19:00:00,9.080,0.000,0.000,0.000,2.300
2014-11-28 20:00:00,9.060,0.000,0.000,0.000,2.400
2014-11-28 21:00:00,8.940,0.000,0.000,0.000,2.400
2014-11-28 22:00:00,8.440,0.000,0.000,0.000,2.000
2014-11-28 23:00:00,8.270,0.000,0.000,0.000,1.900
2014-11-29 00:00:00,8.290,0.000,0.000,0.000,2.000
2014-11-29 01:00:00,8.860,0.000,0.000,0.000,1.800
2014-11-29 02:00:00,8.320,0.000,0.000,0.000,1.500
2014-11-29 03:00:00,7.980,0.000,0.000,0.000,1.300
2014-11-29 04:00:00,8.270,0.000,0.000,0.000,1.200
2014-11-29 05:00:00,8.530,0.000,0.000,0.000,0.900
2014-11-29 06:00:00,8.020,0.000,0.000,0.000,0.800
2014-11-29 07:00:00,7.790,0.000,0.000,0.000,0.600
2014-11-29 08:00:00,8.100,17.000,65.500,13.000,0.600
2014-11-29 09:00:00,7.500,76.000,220.500,44.000,0.700
2014-11-29 10:00:00,7.120,140.000,318.000,69.000,0.800
2014-11-29 11:00:00,6.550,174.000,334.100,85.000,1.100
2014-11-29 12:00:00,6.360,186.000,408.600,75.000,1.100
2014-11-29 13:00:00,6.680,151.000,335.400,71.000,1.200
2014-11-29 14:00:00,7.060,102.000,271.500,56.000,1.000
2014-11-29 15:00:00,6.860,37.000,223.500,20.000,0.900
2014-11-29 16:00:00,7.200,0.000,0.000,0.000,0.700
2014-11-29 17:00:00,6.960,0.000,0.000,0.000,0.700
2014-11-29 18:00:00,7.110,0.000,0.000,0.000,0.700
2014-11-29 19:00:00,7.200,0.000,0.000,0.000,0.600
2014-11-29 20:00:00,7.030,0.000,0.000,0.000,0.600
2014-11-29 21:00:00,6.910,0.000,0.000,0.000,0.500
2014-11-29 22:00:00,6.040,0.000,0.000,0.000,0.400
2014-11-29 23:00:00,6.060,0.000,0.000,0.000,0.300
2014-11-30 00:00:00,6.280,0.000,0.000,0.000,0.100
2014-11-30 01:00:00,6.260,0.000,0.000,0.000,-0.000
2014-11-30 02:00:00,6.000,0.000,0.000,0.000,-0.100
2014-11-30 03:00:00,6.430,0.000,0.000,0.000,-0.100
2014-11-30 04:00:00,6.960,0.000,0.000,0.000,-0.100
2014-11-30 05:00:00,6.910,0.000,0.000,0.000,-0.100
2014-11-30 06:00:00,6.650,0.000,0.000,0.000,-0.200
2014-11-30 07:00:00,6.430,0.000,0.000,0.000,-0.100
2014-11-30 08:00:00,6.650,14.000,50.500,11.000,-0.200
2014-11-30 09:00:00,6.460,68.000,133.900,49.000,-0.200
2014-11-30 10:00:00,6.450,117.000,199.900,73.000,-0.000
2014-11-30 11:00:00,5.850,167.000,360.600,72.000,0.200
2014-11-30 12:00:00,5.800,196.000,457.400,73.000,0.500
2014-11-30 13:00:00,6.120,156.000,347.300,74.000,0.500
2014-11-30 14:00:00,6.690,107.000,334.800,51.000,0.500
2014-11-30 15:00:00,6.860,30.000,146.700,19.000,0.300
2014-11-30 16:00:00,6.820,0.000,0.000,0.000,0.100
2014-11-30 17:00:00,7.110,0.000,0.000,0.000,-0.100
2014-11-30 18:00:00,7.420,0.000,0.000,0.000,-0.200
2014-11-30 19:00:00,7.530,0.000,0.000,0.000,-0.100
2014-11-30 20:00:00,7.540,0.000,0.000,0.000,-0.100
2014-11-30 21:00:00,7.620,0.000,0.000,0.000,-0.100
2014-11-30 22:00:00,7.810,0.000,0.000,0.000,-0.100
2014-11-30 23:00:00,7.130,0.000,0.000,0.000,-0.100
2014-12-01 00:00:00,7.530,0.000,0.000,0.000,-0.400
2014-12-01 01:00:00,7.420,0.000,0.000,0.000,-0.500
2014-12-01 02:00:00,7.420,0.000,0.000,0.000,-0.700
2014-12-01 03:00:00,8.200,0.000,0.000,0.000,-0.900
2014-12-01 04:00:00,7.810,0.000,0.000,0.000,-1.000
2014-12-01 05:00:00,8.210,0.000,0.000,0.000,-1.200
2014-12-01 06:00:00,8.320,0.000,0.000,0.000,-1.300
2014-12-01 07:00:00,8.320,0.000,0.000,0.000,-1.500
2014-12-01 08:00:00,8.050,12.000,34.700,10.000,-1.700
2014-12-01 09:00:00,8.230,78.000,252.300,43.000,-1.800
2014-12-01 10:00:00,7.710,159.000,451.400,61.000,-1.800
2014-12-01 11:00:00,7.700,214.000,567.800,66.000,-1.800
2014-12-01 12:00:00,7.800,229.000,619.500,64.000,-1.600
2014-12-01 13:00:00,8.000,182.000,509.000,63.000,-1.700
2014-12-01 14:00:00,7.630,121.000,453.800,46.000,-1.800
2014-12-01 15:00:00,7.380,39.000,270.500,19.000,-2.000
2014-12-01 16:00:00,7.750,0.000,0.000,0.000,-2.200
2014-12-01 17:00:00,8.120,0.000,0.000,0.000,-2.200
2014-12-01 18:00:00,8.000,0.000,0.000,0.000,-2.000
2014-12-01 19:00:00,7.800,0.000,0.000,0.000,-2.300
2014-12-01 20:00:00,7.720,0.000,0.000,0.000,-2.400
2014-12-01 21:00:00,7.520,0.000,0.000,0.000,-2.400
2014-12-01 22:00:00,6.020,0.000,0.000,0.000,-2.600
2014-12-01 23:00:00,6.000,0.000,0.000,0.000,-2.500
2014-12-02 00:00:00,5.820,0.000,0.000,0.000,-2.500
2014-12-02 01:00:00,5.920,0.000,0.000,0.000,-2.500
2014-12-02 02:00:00,5.810,0.000,0.000,0.000,-2.600
2014-12-02 03:00:00,5.520,0.000,0.000,0.000,-2.600
2014-12-02 04:00:00,5.600,0.000,0.000,0.000,-2.700
2014-12-02 05:00:00,5.330,0.000,0.000,0.000,-2.700
2014-12-02 06:00:00,5.510,0.000,0.000,0.000,-2.700
2014-12-02 07:00:00,5.900,0.000,0.000,0.000,-2.700
2014-12-02 08:00:00,6.000,17.000,125.000,10.000,-2.500
2014-12-02 09:00:00,5.530,84.000,302.200,43.000,-2.400
2014-12-02 10:00:00,4.620,154.000,396.800,69.000,-2.200
2014-12-02 11:00:00,4.200,205.000,542.800,65.000,-1.900
2014-12-02 12:00:00,3.910,222.000,606.400,62.000,-1.600
2014-12-02 13:00:00,3.710,188.000,561.300,58.000,-1.600
2014-12-02 14:00:00,4.030,119.000,446.900,46.000,-1.600
2014-12-02 15:00:00,4.250,37.000,260.300,18.000,-1.400
2014-12-02 16:00:00,4.290,0.000,0.000,0.000,-1.600
2014-12-02 17:00:00,4.300,0.000,0.000,0.000,-1.700
2014-12-02 18:00:00,4.290,0.000,0.000,0.000,-1.700
2014-12-02 19:00:00,4.210,0.000,0.000,0.000,-1.800
2014-12-02 20:00:00,4.030,0.000,0.000,0.000,-2.000
2014-12-02 21:00:00,3.830,0.000,0.000,0.000,-2.000
2014-12-02 22:00:00,3.570,0.000,0.000,0.000,-2.100
2014-12-02 23:00:00,3.400,0.000,0.000,0.000,-2.100
2014-12-03 00:00:00,3.360,0.000,0.000,0.000,-2.200
2014-12-03 01:00:00,3.380,0.000,0.000,0.000,-2.300
2014-12-03 02:00:00,3.560,0.000,0.000,0.000,-2.300
2014-12-03 03:00:00,3.700,0.000,0.000,0.000,-2.500
2014-12-03 04:00:00,3.890,0.000,0.000,0.000,-2.600
2014-12-03 05:00:00,4.040,0.000,0.000,0.000,-2.900
2014-12-03 06:00:00,3.970,0.000,0.000,0.000,-3.200
2014-12-03 07:00:00,3.920,0.000,0.000,0.000,-3.300
2014-12-03 08:00:00,3.720,5.000,0.000,5.000,-3.400
2014-12-03 09:00:00,3.580,26.000,7.500,25.000,-3.300
2014-12-03 10:00:00,3.530,57.000,9.500,55.000,-3.300
2014-12-03 11:00:00,3.350,73.000,11.800,70.000,-3.100
2014-12-03 12:00:00,3.280,73.000,15.300,69.000,-2.900
2014-12-03 13:00:00,3.110,78.000,87.100,58.000,-2.800
2014-12-03 14:00:00,3.300,55.000,49.500,47.000,-2.600
2014-12-03 15:00:00,3.700,15.000,41.600,12.000,-2.500
2014-12-03 16:00:00,4.300,0.000,0.000,0.000,-2.500
2014-12-03 17:00:00,4.610,0.000,0.000,0.000,-2.500
2014-12-03 18:00:00,4.850,0.000,0.000,0.000,-2.400
2014-12-03 19:00:00,5.090,0.000,0.000,0.000,-2.200
2014-12-03 20:00:00,5.170,0.000,0.000,0.000,-2.100
2014-12-03 21:00:00,4.950,0.000,0.000,0.000,-2.000
2014-12-03 22:00:00,4.300,0.000,0.000,0.000,-1.800
2014-12-03 23:00:00,4.650,0.000,0.000,0.000,-1.800
2014-12-04 00:00:00,5.000,0.000,0.000,0.000,-1.600
2014-12-04 01:00:00,5.340,0.000,0.000,0.000,-1.500
2014-12-04 02:00:00,5.570,0.000,0.000,0.000,-1.400
2014-12-04 03:00:00,5.540,0.000,0.000,0.000,-1.100
2014-12-04 04:00:00,5.590,0.000,0.000,0.000,-1.000
2014-12-04 05:00:00,5.610,0.000,0.000,0.000,-1.000
2014-12-04 06:00:00,5.690,0.000,0.000,0.000,-0.800
2014-12-04 07:00:00,5.760,0.000,0.000,0.000,-0.700
2014-12-04 08:00:00,5.690,3.000,0.000,3.000,-0.500
2014-12-04 09:00:00,6.040,29.000,15.400,27.000,-0.400
2014-12-04 10:00:00,4.750,75.000,91.100,56.000,0.100
2014-12-04 11:00:00,4.120,71.000,35.600,62.000,0.300
2014-12-04 12:00:00,3.790,114.000,108.000,86.000,0.600
2014-12-04 13:00:00,3.830,71.000,30.800,64.000,0.700
2014-12-04 14:00:00,3.950,46.000,50.000,38.000,0.700
2014-12-04 15:00:00,4.200,9.000,0.000,9.000,0.800
2014-12-04 16:00:00,4.200,0.000,0.000,0.000,0.900
2014-12-04 17:00:00,3.850,0.000,0.000,0.000,1.000
2014-12-04 18:00:00,3.810,0.000,0.000,0.000,1.000
2014-12-04 19:00:00,3.380,0.000,0.000,0.000,1.000
2014-12-04 20:00:00,2.910,0.000,0.000,0.000,0.700
2014-12-04 21:00:00,2.330,0.000,0.000,0.000,0.800
2014-12-04 22:00:00,1.280,0.000,0.000,0.000,0.900
2014-12-04 23:00:00,1.610,0.000,0.000,0.000,1.000
2014-12-05 00:00:00,1.730,0.000,0.000,0.000,1.100
2014-12-05 01:00:00,2.210,0.000,0.000,0.000,1.100
2014-12-05 02:00:00,2.750,0.000,0.000,0.000,1.300
2014-12-05 03:00:00,2.980,0.000,0.000,0.000,1.400
2014-12-05 04:00:00,3.400,0.000,0.000,0.000,1.300
2014-12-05 05:00:00,3.580,0.000,0.000,0.000,1.400
2014-12-05 06:00:00,3.730,0.000,0.000,0.000,1.400
2014-12-05 07:00:00,3.850,0.000,0.000,0.000,1.200
2014-12-05 08:00:00,4.110,10.000,57.300,7.000,1.200
2014-12-05 09:00:00,4.160,68.000,204.500,42.000,1.300
2014-12-05 10:00:00,3.020,108.000,228.100,61.000,1.700
2014-12-05 11:00:00,3.080,129.000,199.700,79.000,2.200
2014-12-05 12:00:00,3.240,150.000,303.400,72.000,2.600
2014-12-05 13:00:00,3.690,120.000,279.100,57.000,2.900
2014-12-05 14:00:00,3.660,58.000,88.400,44.000,3.100
2014-12-05 15:00:00,3.910,11.000,14.200,10.000,3.100
2014-12-05 16:00:00,4.100,0.000,0.000,0.000,2.700
2014-12-05 17:00:00,4.390,0.000,0.000,0.000,2.900
2014-12-05 18:00:00,4.680,0.000,0.000,0.000,3.000
2014-12-05 19:00:00,4.980,0.000,0.000,0.000,3.300
2014-12-05 20:00:00,5.200,0.000,0.000,0.000,3.200
2014-12-05 21:00:00,5.190,0.000,0.000,0.000,3.100
2014-12-05 22:00:00,4.960,0.000,0.000,0.000,3.100
2014-12-05 23:00:00,5.450,0.000,0.000,0.000,3.300
2014-12-06 00:00:00,5.660,0.000,0.000,0.000,3.500
2014-12-06 01:00:00,5.810,0.000,0.000,0.000,3.400
2014-12-06 02:00:00,5.810,0.000,0.000,0.000,3.400
2014-12-06 03:00:00,5.840,0.000,0.000,0.000,3.200
2014-12-06 04:00:00,5.770,0.000,0.000,0.000,3.100
2014-12-06 05:00:00,5.830,0.000,0.000,0.000,2.800
2014-12-06 06:00:00,5.640,0.000,0.000,0.000,3.100
2014-12-06 07:00:00,5.370,0.000,0.000,0.000,3.300
2014-12-06 08:00:00,5.280,4.000,0.000,4.000,3.500
2014-12-06 09:00:00,5.060,23.000,0.000,23.000,3.800
2014-12-06 10:00:00,4.840,43.000,4.900,42.000,4.300
2014-12-06 11:00:00,4.100,59.000,16.100,55.000,4.600
2014-12-06 12:00:00,4.040,73.000,23.500,67.000,5.000
2014-12-06 13:00:00,3.980,55.000,4.500,54.000,5.200
2014-12-06 14:00:00,3.890,33.000,0.000,33.000,5.400
2014-12-06 15:00:00,4.080,10.000,0.000,10.000,5.500
2014-12-06 16:00:00,4.210,0.000,0.000,0.000,5.300
2014-12-06 17:00:00,4.110,0.000,0.000,0.000,5.100
2014-12-06 18:00:00,4.210,0.000,0.000,0.000,4.800
2014-12-06 19:00:00,4.240,0.000,0.000,0.000,4.900
2014-12-06 20:00:00,3.930,0.000,0.000,0.000,4.500
2014-12-06 21:00:00,3.720,0.000,0.000,0.000,4.400
2014-12-06 22:00:00,3.000,0.000,0.000,0.000,3.500
2014-12-06 23:00:00,3.520,0.000,0.000,0.000,3.500
2014-12-07 00:00:00,3.580,0.000,0.000,0.000,3.800
2014-12-07 01:00:00,3.690,0.000,0.000,0.000,3.900
2014-12-07 02:00:00,4.030,0.000,0.000,0.000,4.000
2014-12-07 03:00:00,4.190,0.000,0.000,0.000,4.100
2014-12-07 04:00:00,4.600,0.000,0.000,0.000,3.900
2014-12-07 05:00:00,4.740,0.000,0.000,0.000,3.800
2014-12-07 06:00:00,4.970,0.000,0.000,0.000,3.700
2014-12-07 07:00:00,5.470,0.000,0.000,0.000,3.600
2014-12-07 08:00:00,6.280,6.000,19.100,5.000,3.700
2014-12-07 09:00:00,6.400,41.000,65.600,33.000,4.200
2014-12-07 10:00:00,6.740,89.000,104.400,68.000,4.700
2014-12-07 11:00:00,7.280,129.000,170.700,87.000,5.600
2014-12-07 12:00:00,7.050,117.000,106.600,90.000,6.000
2014-12-07 13:00:00,7.480,124.000,247.300,69.000,6.100
2014-12-07 14:00:00,8.080,90.000,199.100,59.000,5.900
2014-12-07 15:00:00,8.520,21.000,57.800,17.000,5.400
2014-12-07 16:00:00,8.790,0.000,0.000,0.000,5.200
2014-12-07 17:00:00,9.160,0.000,0.000,0.000,5.100
2014-12-07 18:00:00,9.440,0.000,0.000,0.000,4.900
2014-12-07 19:00:00,9.850,0.000,0.000,0.000,4.700
2014-12-07 20:00:00,10.290,0.000,0.000,0.000,4.700
2014-12-07 21:00:00,9.780,0.000,0.000,0.000,4.700
2014-12-07 22:00:00,8.820,0.000,0.000,0.000,4.600
2014-12-07 23:00:00,8.420,0.000,0.000,0.000,5.100
2014-12-08 00:00:00,9.040,0.000,0.000,0.000,5.200
2014-12-08 01:00:00,8.820,0.000,0.000,0.000,5.000
2014-12-08 02:00:00,8.630,0.000,0.000,0.000,4.100
2014-12-08 03:00:00,8.740,0.000,0.000,0.000,3.400
2014-12-08 04:00:00,8.790,0.000,0.000,0.000,3.000
2014-12-08 05:00:00,8.710,0.000,0.000,0.000,2.700
2014-12-08 06:00:00,8.770,0.000,0.000,0.000,2.200
2014-12-08 07:00:00,8.680,0.000,0.000,0.000,1.900
2014-12-08 08:00:00,8.610,11.000,76.400,7.000,2.000
2014-12-08 09:00:00,8.130,76.000,342.900,35.000,2.700
2014-12-08 10:00:00,7.600,146.000,447.200,57.000,3.800
2014-12-08 11:00:00,6.800,193.000,524.600,65.000,4.400
2014-12-08 12:00:00,7.150,195.000,504.900,68.000,5.100
2014-12-08 13:00:00,7.160,149.000,316.700,79.000,5.200
2014-12-08 14:00:00,7.600,91.000,258.800,51.000,5.000
2014-12-08 15:00:00,7.560,30.000,189.500,17.000,4.400
2014-12-08 16:00:00,7.440,0.000,0.000,0.000,3.700
2014-12-08 17:00:00,7.070,0.000,0.000,0.000,3.200
2014-12-08 18:00:00,6.720,0.000,0.000,0.000,2.900
2014-12-08 19:00:00,6.620,0.000,0.000,0.000,2.900
2014-12-08 20:00:00,6.710,0.000,0.000,0.000,2.700
2014-12-08 21:00:00,6.500,0.000,0.000,0.000,2.700
2014-12-08 22:00:00,6.530,0.000,0.000,0.000,2.300
2014-12-08 23:00:00,6.600,0.000,0.000,0.000,2.200
2014-12-09 00:00:00,6.310,0.000,0.000,0.000,2.300
2014-12-09 01:00:00,5.520,0.000,0.000,0.000,2.400
2014-12-09 02:00:00,5.220,0.000,0.000,0.000,2.400
2014-12-09 03:00:00,4.870,0.000,0.000,0.000,2.400
2014-12-09 04:00:00,4.620,0.000,0.000,0.000,2.400
2014-12-09 05:00:00,4.430,0.000,0.000,0.000,2.400
2014-12-09 06:00:00,4.390,0.000,0.000,0.000,2.400
2014-12-09 07:00:00,4.650,0.000,0.000,0.000,2.500
2014-12-09 08:00:00,4.580,4.000,0.000,4.000,2.400
2014-12-09 09:00:00,5.280,29.000,8.500,28.000,2.700
2014-12-09 10:00:00,4.830,92.000,157.400,61.000,2.900
2014-12-09 11:00:00,4.800,127.000,256.000,65.000,3.100
2014-12-09 12:00:00,5.300,106.000,104.000,80.000,3.400
2014-12-09 13:00:00,5.900,97.000,141.100,66.000,3.700
2014-12-09 14:00:00,5.550,52.000,52.100,44.000,3.700
2014-12-09 15:00:00,5.010,12.000,14.700,11.000,3.700
2014-12-09 16:00:00,5.060,0.000,0.000,0.000,3.400
2014-12-09 17:00:00,5.640,0.000,0.000,0.000,3.100
2014-12-09 18:00:00,6.030,0.000,0.000,0.000,2.800
2014-12-09 19:00:00,6.640,0.000,0.000,0.000,2.600
2014-12-09 20:00:00,7.370,0.000,0.000,0.000,2.800
2014-12-09 21:00:00,8.010,0.000,0.000,0.000,2.600
2014-12-09 22:00:00,8.680,0.000,0.000,0.000,2.100
2014-12-09 23:00:00,8.940,0.000,0.000,0.000,2.100
2014-12-10 00:00:00,9.310,0.000,0.000,0.000,2.100
2014-12-10 01:00:00,10.100,0.000,0.000,0.000,2.200
2014-12-10 02:00:00,10.960,0.000,0.000,0.000,2.600
2014-12-10 03:00:00,11.740,0.000,0.000,0.000,3.000
2014-12-10 04:00:00,12.110,0.000,0.000,0.000,3.400
2014-12-10 05:00:00,12.460,0.000,0.000,0.000,3.700
2014-12-10 06:00:00,12.660,0.000,0.000,0.000,3.600
2014-12-10 07:00:00,13.010,0.000,0.000,0.000,3.400
2014-12-10 08:00:00,13.160,1.000,0.000,1.000,3.500
2014-12-10 09:00:00,13.290,7.000,0.000,7.000,3.800
2014-12-10 10:00:00,12.000,13.000,0.000,13.000,4.000
2014-12-10 11:00:00,11.410,33.000,0.000,33.000,4.500
2014-12-10 12:00:00,10.210,27.000,0.000,27.000,4.900
2014-12-10 13:00:00,9.120,24.000,4.600,23.000,5.500
2014-12-10 14:00:00,8.810,34.000,45.800,27.000,6.000
2014-12-10 15:00:00,8.970,15.000,59.100,11.000,5.700
2014-12-10 16:00:00,8.600,0.000,0.000,0.000,4.900
2014-12-10 17:00:00,8.010,0.000,0.000,0.000,4.600
2014-12-10 18:00:00,8.220,0.000,0.000,0.000,4.100
2014-12-10 19:00:00,8.840,0.000,0.000,0.000,3.900
2014-12-10 20:00:00,9.140,0.000,0.000,0.000,3.900
2014-12-10 21:00:00,9.440,0.000,0.000,0.000,3.900
2014-12-10 22:00:00,10.120,0.000,0.000,0.000,3.700
2014-12-10 23:00:00,10.180,0.000,0.000,0.000,3.600
2014-12-11 00:00:00,10.240,0.000,0.000,0.000,3.500
2014-12-11 01:00:00,10.260,0.000,0.000,0.000,3.300
2014-12-11 02:00:00,10.210,0.000,0.000,0.000,3.300
2014-12-11 03:00:00,10.320,0.000,0.000,0.000,3.200
2014-12-11 04:00:00,10.190,0.000,0.000,0.000,3.300
2014-12-11 05:00:00,10.340,0.000,0.000,0.000,3.800
2014-12-11 06:00:00,10.550,0.000,0.000,0.000,4.400
2014-12-11 07:00:00,10.890,0.000,0.000,0.000,4.700
2014-12-11 08:00:00,11.110,4.000,0.000,4.000,4.800
2014-12-11 09:00:00,10.980,29.000,0.000,29.000,5.100
2014-12-11 10:00:00,10.680,54.000,0.000,54.000,5.700
2014-12-11 11:00:00,10.850,70.000,8.400,68.000,5.900
2014-12-11 12:00:00,11.590,88.000,20.200,83.000,5.800
2014-12-11 13:00:00,11.390,75.000,9.200,73.000,5.700
2014-12-11 14:00:00,11.770,45.000,6.600,44.000,4.800
2014-12-11 15:00:00,11.330,15.000,0.000,15.000,4.100
2014-12-11 16:00:00,11.800,0.000,0.000,0.000,3.800
2014-12-11 17:00:00,11.620,0.000,0.000,0.000,3.500
2014-12-11 18:00:00,11.240,0.000,0.000,0.000,3.400
2014-12-11 19:00:00,10.970,0.000,0.000,0.000,3.400
2014-12-11 20:00:00,11.090,0.000,0.000,0.000,3.300
2014-12-11 21:00:00,10.970,0.000,0.000,0.000,3.300
2014-12-11 22:00:00,11.810,0.000,0.000,0.000,3.600
2014-12-11 23:00:00,11.500,0.000,0.000,0.000,4.000
2014-12-12 00:00:00,10.870,0.000,0.000,0.000,4.300
2014-12-12 01:00:00,10.460,0.000,0.000,0.000,4.900
2014-12-12 02:00:00,9.770,0.000,0.000,0.000,5.300
2014-12-12 03:00:00,9.740,0.000,0.000,0.000,5.500
2014-12-12 04:00:00,8.960,0.000,0.000,0.000,5.200
2014-12-12 05:00:00,10.130,0.000,0.000,0.000,5.800
2014-12-12 06:00:00,12.100,0.000,0.000,0.000,6.400
2014-12-12 07:00:00,12.310,0.000,0.000,0.000,6.800
2014-12-12 08:00:00,12.490,2.000,0.000,2.000,7.400
2014-12-12 09:00:00,13.310,23.000,0.000,23.000,7.900
2014-12-12 10:00:00,14.150,32.000,0.000,32.000,7.700
2014-12-12 11:00:00,15.300,31.000,0.000,31.000,8.100
2014-12-12 12:00:00,15.800,29.000,0.000,29.000,8.400
2014-12-12 13:00:00,15.210,26.000,0.000,26.000,8.600
2014-12-12 14:00:00,14.990,22.000,0.000,22.000,9.000
2014-12-12 15:00:00,14.650,5.000,0.000,5.000,9.100
2014-12-12 16:00:00,14.090,0.000,0.000,0.000,9.300
2014-12-12 17:00:00,13.070,0.000,0.000,0.000,9.100
2014-12-12 18:00:00,11.630,0.000,0.000,0.000,8.900
2014-12-12 19:00:00,10.490,0.000,0.000,0.000,8.200
2014-12-12 20:00:00,10.000,0.000,0.000,0.000,7.300
2014-12-12 21:00:00,10.230,0.000,0.000,0.000,6.600
2014-12-12 22:00:00,10.160,0.000,0.000,0.000,6.000
2014-12-12 23:00:00,10.080,0.000,0.000,0.000,5.600
2014-12-13 00:00:00,10.000,0.000,0.000,0.000,5.200
2014-12-13 01:00:00,9.500,0.000,0.000,0.000,4.900
2014-12-13 02:00:00,9.060,0.000,0.000,0.000,4.600
2014-12-13 03:00:00,8.440,0.000,0.000,0.000,4.400
2014-12-13 04:00:00,7.820,0.000,0.000,0.000,4.300
2014-12-13 05:00:00,7.880,0.000,0.000,0.000,4.200
2014-12-13 06:00:00,7.830,0.000,0.000,0.000,4.000
2014-12-13 07:00:00,7.820,0.000,0.000,0.000,4.000
2014-12-13 08:00:00,8.100,5.000,0.000,5.000,4.000
2014-12-13 09:00:00,8.050,48.000,18.300,46.000,4.500
2014-12-13 10:00:00,7.210,99.000,63.200,87.000,4.900
2014-12-13 11:00:00,6.820,126.000,67.800,110.000,5.300
2014-12-13 12:00:00,6.880,125.000,44.900,114.000,5.600
2014-12-13 13:00:00,6.850,102.000,18.500,98.000,5.600
2014-12-13 14:00:00,7.370,59.000,6.600,58.000,5.500
2014-12-13 15:00:00,7.180,17.000,0.000,17.000,5.200
2014-12-13 16:00:00,6.770,0.000,0.000,0.000,4.800
2014-12-13 17:00:00,6.390,0.000,0.000,0.000,4.500
2014-12-13 18:00:00,6.140,0.000,0.000,0.000,4.300
2014-12-13 19:00:00,5.890,0.000,0.000,0.000,4.000
2014-12-13 20:00:00,5.660,0.000,0.000,0.000,3.500
2014-12-13 21:00:00,5.390,0.000,0.000,0.000,3.400
2014-12-13 22:00:00,4.660,0.000,0.000,0.000,2.700
2014-12-13 23:00:00,4.590,0.000,0.000,0.000,2.500
2014-12-14 00:00:00,4.620,0.000,0.000,0.000,2.600
2014-12-14 01:00:00,4.430,0.000,0.000,0.000,2.500
2014-12-14 02:00:00,4.080,0.000,0.000,0.000,2.500
2014-12-14 03:00:00,4.130,0.000,0.000,0.000,2.600
2014-12-14 04:00:00,3.860,0.000,0.000,0.000,2.900
2014-12-14 05:00:00,3.770,0.000,0.000,0.000,3.300
2014-12-14 06:00:00,3.660,0.000,0.000,0.000,3.400
2014-12-14 07:00:00,3.640,0.000,0.000,0.000,3.500
2014-12-14 08:00:00,3.760,3.000,0.000,3.000,3.500
2014-12-14 09:00:00,5.510,21.000,9.300,20.000,3.800
2014-12-14 10:00:00,4.400,50.000,15.900,47.000,3.900
2014-12-14 11:00:00,4.560,89.000,55.400,76.000,4.300
2014-12-14 12:00:00,4.910,124.000,135.300,91.000,4.700
2014-12-14 13:00:00,4.800,140.000,357.700,63.000,4.800
2014-12-14 14:00:00,4.740,70.000,166.000,45.000,4.500
2014-12-14 15:00:00,5.170,21.000,104.700,14.000,3.400
2014-12-14 16:00:00,5.320,0.000,0.000,0.000,2.500
2014-12-14 17:00:00,5.440,0.000,0.000,0.000,1.900
2014-12-14 18:00:00,5.950,0.000,0.000,0.000,1.400
2014-12-14 19:00:00,6.720,0.000,0.000,0.000,1.600
2014-12-14 20:00:00,7.110,0.000,0.000,0.000,1.600
2014-12-14 21:00:00,7.240,0.000,0.000,0.000,1.200
2014-12-14 22:00:00,7.470,0.000,0.000,0.000,0.600
2014-12-14 23:00:00,7.830,0.000,0.000,0.000,0.300
2014-12-15 00:00:00,8.140,0.000,0.000,0.000,0.400
2014-12-15 01:00:00,8.150,0.000,0.000,0.000,0.600
2014-12-15 02:00:00,8.360,0.000,0.000,0.000,0.800
2014-12-15 03:00:00,8.450,0.000,0.000,0.000,1.100
2014-12-15 04:00:00,8.640,0.000,0.000,0.000,1.500
2014-12-15 05:00:00,9.120,0.000,0.000,0.000,1.900
2014-12-15 06:00:00,9.570,0.000,0.000,0.000,2.300
2014-12-15 07:00:00,9.740,0.000,0.000,0.000,3.000
2014-12-15 08:00:00,9.600,3.000,0.000,3.000,3.700
2014-12-15 09:00:00,9.340,21.000,0.000,21.000,4.200
2014-12-15 10:00:00,8.600,30.000,0.000,30.000,4.200
2014-12-15 11:00:00,9.000,34.000,0.000,34.000,4.000
2014-12-15 12:00:00,8.920,25.000,0.000,25.000,3.600
2014-12-15 13:00:00,8.830,38.000,0.000,38.000,3.900
2014-12-15 14:00:00,8.410,32.000,6.600,31.000,4.300
2014-12-15 15:00:00,7.830,11.000,15.000,10.000,4.700
2014-12-15 16:00:00,7.570,0.000,0.000,0.000,5.100
2014-12-15 17:00:00,7.480,0.000,0.000,0.000,5.200
2014-12-15 18:00:00,7.520,0.000,0.000,0.000,5.000
2014-12-15 19:00:00,7.290,0.000,0.000,0.000,4.900
2014-12-15 20:00:00,6.990,0.000,0.000,0.000,4.900
2014-12-15 21:00:00,7.090,0.000,0.000,0.000,4.700
2014-12-15 22:00:00,6.810,0.000,0.000,0.000,4.500
2014-12-15 23:00:00,7.150,0.000,0.000,0.000,4.600
2014-12-16 00:00:00,7.290,0.000,0.000,0.000,4.500
2014-12-16 01:00:00,7.150,0.000,0.000,0.000,4.600
2014-12-16 02:00:00,7.080,0.000,0.000,0.000,4.600
2014-12-16 03:00:00,6.860,0.000,0.000,0.000,4.500
2014-12-16 04:00:00,6.860,0.000,0.000,0.000,4.600
2014-12-16 05:00:00,6.650,0.000,0.000,0.000,4.600
2014-12-16 06:00:00,6.790,0.000,0.000,0.000,4.500
2014-12-16 07:00:00,7.000,0.000,0.000,0.000,4.500
2014-12-16 08:00:00,7.060,2.000,0.000,2.000,4.700
2014-12-16 09:00:00,7.210,20.000,0.000,20.000,5.000
2014-12-16 10:00:00,7.620,42.000,10.800,40.000,5.300
2014-12-16 11:00:00,8.240,60.000,12.900,57.000,5.500
2014-12-16 12:00:00,9.170,95.000,136.100,62.000,5.700
2014-12-16 13:00:00,9.210,114.000,242.500,62.000,5.900
2014-12-16 14:00:00,8.880,66.000,126.400,47.000,5.700
2014-12-16 15:00:00,8.840,18.000,44.900,15.000,5.800
2014-12-16 16:00:00,9.120,0.000,0.000,0.000,5.400
2014-12-16 17:00:00,8.470,0.000,0.000,0.000,5.400
2014-12-16 18:00:00,8.300,0.000,0.000,0.000,5.000
2014-12-16 19:00:00,7.900,0.000,0.000,0.000,4.400
2014-12-16 20:00:00,7.810,0.000,0.000,0.000,3.900
2014-12-16 21:00:00,7.580,0.000,0.000,0.000,3.300
2014-12-16 22:00:00,7.750,0.000,0.000,0.000,2.600
2014-12-16 23:00:00,7.710,0.000,0.000,0.000,2.000
2014-12-17 00:00:00,7.730,0.000,0.000,0.000,1.500
2014-12-17 01:00:00,7.780,0.000,0.000,0.000,1.300
2014-12-17 02:00:00,7.930,0.000,0.000,0.000,1.400
2014-12-17 03:00:00,8.000,0.000,0.000,0.000,1.600
2014-12-17 04:00:00,7.710,0.000,0.000,0.000,1.900
2014-12-17 05:00:00,7.680,0.000,0.000,0.000,2.300
2014-12-17 06:00:00,7.690,0.000,0.000,0.000,2.500
2014-12-17 07:00:00,7.880,0.000,0.000,0.000,2.900
2014-12-17 08:00:00,8.130,3.000,0.000,3.000,3.300
2014-12-17 09:00:00,8.160,25.000,0.000,25.000,3.700
2014-12-17 10:00:00,7.880,38.000,0.000,38.000,3.700
2014-12-17 11:00:00,8.080,46.000,4.300,45.000,3.800
2014-12-17 12:00:00,8.560,40.000,0.000,40.000,3.600
2014-12-17 13:00:00,8.580,24.000,0.000,24.000,3.500
2014-12-17 14:00:00,8.190,17.000,0.000,17.000,3.600
2014-12-17 15:00:00,7.750,3.000,0.000,3.000,3.900
2014-12-17 16:00:00,7.940,0.000,0.000,0.000,4.500
2014-12-17 17:00:00,8.340,0.000,0.000,0.000,5.400
2014-12-17 18:00:00,8.930,0.000,0.000,0.000,6.600
2014-12-17 19:00:00,9.010,0.000,0.000,0.000,7.300
2014-12-17 20:00:00,8.840,0.000,0.000,0.000,7.800
2014-12-17 21:00:00,8.710,0.000,0.000,0.000,8.000
2014-12-17 22:00:00,7.810,0.000,0.000,0.000,8.100
2014-12-17 23:00:00,7.430,0.000,0.000,0.000,8.300
2014-12-18 00:00:00,7.060,0.000,0.000,0.000,8.400
2014-12-18 01:00:00,7.220,0.000,0.000,0.000,8.500
2014-12-18 02:00:00,7.540,0.000,0.000,0.000,8.900
2014-12-18 03:00:00,7.620,0.000,0.000,0.000,9.000
2014-12-18 04:00:00,7.330,0.000,0.000,0.000,9.100
2014-12-18 05:00:00,7.190,0.000,0.000,0.000,9.200
2014-12-18 06:00:00,7.300,0.000,0.000,0.000,9.400
2014-12-18 07:00:00,7.530,0.000,0.000,0.000,9.600
2014-12-18 08:00:00,7.710,1.000,0.000,1.000,9.800
2014-12-18 09:00:00,7.990,9.000,0.000,9.000,10.100
2014-12-18 10:00:00,7.710,22.000,5.500,21.000,10.500
2014-12-18 11:00:00,7.990,22.000,0.000,22.000,10.800
2014-12-18 12:00:00,8.320,22.000,0.000,22.000,11.000
2014-12-18 13:00:00,8.280,18.000,0.000,18.000,11.100
2014-12-18 14:00:00,8.680,10.000,0.000,10.000,11.100
2014-12-18 15:00:00,9.240,4.000,0.000,4.000,11.100
2014-12-18 16:00:00,9.950,0.000,0.000,0.000,11.200
2014-12-18 17:00:00,10.510,0.000,0.000,0.000,11.600
2014-12-18 18:00:00,11.380,0.000,0.000,0.000,11.900
2014-12-18 19:00:00,12.180,0.000,0.000,0.000,12.100
2014-12-18 20:00:00,12.490,0.000,0.000,0.000,12.200
2014-12-18 21:00:00,12.470,0.000,0.000,0.000,12.200
2014-12-18 22:00:00,12.270,0.000,0.000,0.000,12.000
2014-12-18 23:00:00,12.400,0.000,0.000,0.000,11.800
2014-12-19 00:00:00,12.360,0.000,0.000,0.000,11.800
2014-12-19 01:00:00,12.270,0.000,0.000,0.000,11.800
2014-12-19 02:00:00,12.170,0.000,0.000,0.000,11.700
2014-12-19 03:00:00,12.210,0.000,0.000,0.000,11.600
2014-12-19 04:00:00,12.080,0.000,0.000,0.000,11.600
2014-12-19 05:00:00,12.140,0.000,0.000,0.000,11.600
2014-12-19 06:00:00,12.620,0.000,0.000,0.000,11.400
2014-12-19 07:00:00,12.950,0.000,0.000,0.000,11.300
2014-12-19 08:00:00,13.060,0.000,0.000,0.000,11.200
2014-12-19 09:00:00,13.350,7.000,0.000,7.000,11.100
2014-12-19 10:00:00,12.230,12.000,0.000,12.000,11.000
2014-12-19 11:00:00,12.300,11.000,0.000,11.000,10.800
2014-12-19 12:00:00,11.020,21.000,0.000,21.000,10.500
2014-12-19 13:00:00,9.770,18.000,0.000,18.000,9.900
2014-12-19 14:00:00,9.850,28.000,26.500,24.000,9.100
2014-12-19 15:00:00,10.240,13.000,29.700,11.000,8.400
2014-12-19 16:00:00,10.200,0.000,0.000,0.000,7.500
2014-12-19 17:00:00,10.230,0.000,0.000,0.000,7.000
2014-12-19 18:00:00,10.850,0.000,0.000,0.000,6.700
2014-12-19 19:00:00,11.440,0.000,0.000,0.000,6.600
2014-12-19 20:00:00,11.360,0.000,0.000,0.000,6.400
2014-12-19 21:00:00,11.400,0.000,0.000,0.000,6.200
2014-12-19 22:00:00,11.950,0.000,0.000,0.000,6.000
2014-12-19 23:00:00,12.070,0.000,0.000,0.000,6.000
2014-12-20 00:00:00,12.340,0.000,0.000,0.000,6.100
2014-12-20 01:00:00,12.930,0.000,0.000,0.000,6.100
2014-12-20 02:00:00,13.150,0.000,0.000,0.000,6.300
2014-12-20 03:00:00,13.190,0.000,0.000,0.000,6.500
2014-12-20 04:00:00,13.120,0.000,0.000,0.000,6.500
2014-12-20 05:00:00,13.220,0.000,0.000,0.000,6.500
2014-12-20 06:00:00,13.120,0.000,0.000,0.000,6.700
2014-12-20 07:00:00,13.500,0.000,0.000,0.000,6.800
2014-12-20 08:00:00,13.930,3.000,0.000,3.000,6.700
2014-12-20 09:00:00,14.480,28.000,30.100,25.000,6.400
2014-12-20 10:00:00,14.010,50.000,5.500,49.000,6.100
2014-12-20 11:00:00,14.230,63.000,4.300,62.000,5.800
2014-12-20 12:00:00,14.950,67.000,12.400,64.000,5.400
2014-12-20 13:00:00,14.040,52.000,9.300,50.000,5.300
2014-12-20 14:00:00,13.300,37.000,39.600,31.000,5.300
2014-12-20 15:00:00,13.200,14.000,29.500,12.000,5.000
2014-12-20 16:00:00,13.120,0.000,0.000,0.000,4.900
2014-12-20 17:00:00,12.730,0.000,0.000,0.000,4.600
2014-12-20 18:00:00,13.490,0.000,0.000,0.000,4.300
2014-12-20 19:00:00,13.000,0.000,0.000,0.000,4.200
2014-12-20 20:00:00,11.810,0.000,0.000,0.000,4.100
2014-12-20 21:00:00,11.620,0.000,0.000,0.000,4.200
2014-12-20 22:00:00,11.980,0.000,0.000,0.000,4.200
2014-12-20 23:00:00,12.010,0.000,0.000,0.000,4.300
2014-12-21 00:00:00,12.310,0.000,0.000,0.000,4.600
2014-12-21 01:00:00,12.110,0.000,0.000,0.000,4.700
2014-12-21 02:00:00,11.530,0.000,0.000,0.000,4.800
2014-12-21 03:00:00,10.890,0.000,0.000,0.000,4.900
2014-12-21 04:00:00,10.560,0.000,0.000,0.000,4.900
2014-12-21 05:00:00,10.110,0.000,0.000,0.000,4.900
2014-12-21 06:00:00,9.700,0.000,0.000,0.000,4.700
2014-12-21 07:00:00,9.380,0.000,0.000,0.000,4.400
2014-12-21 08:00:00,8.630,4.000,19.100,3.000,4.200
2014-12-21 09:00:00,8.840,52.000,172.300,35.000,4.700
2014-12-21 10:00:00,8.420,113.000,342.600,51.000,5.500
2014-12-21 11:00:00,10.030,81.000,69.700,65.000,6.000
2014-12-21 12:00:00,11.270,84.000,33.200,76.000,6.400
2014-12-21 13:00:00,10.110,49.000,14.000,46.000,6.300
2014-12-21 14:00:00,10.290,35.000,13.200,33.000,6.400
2014-12-21 15:00:00,10.420,9.000,0.000,9.000,6.200
2014-12-21 16:00:00,10.780,0.000,0.000,0.000,6.300
2014-12-21 17:00:00,11.240,0.000,0.000,0.000,6.500
2014-12-21 18:00:00,11.520,0.000,0.000,0.000,6.700
2014-12-21 19:00:00,11.730,0.000,0.000,0.000,7.000
2014-12-21 20:00:00,12.220,0.000,0.000,0.000,7.400
2014-12-21 21:00:00,12.530,0.000,0.000,0.000,7.700
2014-12-21 22:00:00,12.390,0.000,0.000,0.000,8.000
2014-12-21 23:00:00,13.210,0.000,0.000,0.000,8.300
2014-12-22 00:00:00,14.010,0.000,0.000,0.000,8.600
2014-12-22 01:00:00,14.370,0.000,0.000,0.000,8.800
2014-12-22 02:00:00,14.890,0.000,0.000,0.000,9.100
2014-12-22 03:00:00,14.970,0.000,0.000,0.000,9.200
2014-12-22 04:00:00,14.860,0.000,0.000,0.000,9.400
2014-12-22 05:00:00,14.990,0.000,0.000,0.000,9.500
2014-12-22 06:00:00,15.020,0.000,0.000,0.000,9.500
2014-12-22 07:00:00,15.010,0.000,0.000,0.000,9.600
2014-12-22 08:00:00,15.220,1.000,0.000,1.000,9.800
2014-12-22 09:00:00,15.670,7.000,0.000,7.000,9.800
2014-12-22 10:00:00,15.250,18.000,0.000,18.000,10.000
2014-12-22 11:00:00,15.760,32.000,0.000,32.000,10.200
2014-12-22 12:00:00,15.920,31.000,0.000,31.000,10.200
2014-12-22 13:00:00,15.650,23.000,0.000,23.000,10.300
2014-12-22 14:00:00,15.340,17.000,0.000,17.000,10.500
2014-12-22 15:00:00,15.030,4.000,0.000,4.000,10.700
2014-12-22 16:00:00,14.290,0.000,0.000,0.000,10.800
2014-12-22 17:00:00,13.740,0.000,0.000,0.000,10.700
2014-12-22 18:00:00,13.220,0.000,0.000,0.000,10.600
2014-12-22 19:00:00,12.720,0.000,0.000,0.000,10.600
2014-12-22 20:00:00,12.680,0.000,0.000,0.000,10.700
2014-12-22 21:00:00,12.940,0.000,0.000,0.000,10.800
2014-12-22 22:00:00,13.200,0.000,0.000,0.000,10.800
2014-12-22 23:00:00,13.240,0.000,0.000,0.000,10.700
2014-12-23 00:00:00,13.340,0.000,0.000,0.000,10.600
2014-12-23 01:00:00,12.820,0.000,0.000,0.000,10.500
2014-12-23 02:00:00,12.550,0.000,0.000,0.000,10.300
2014-12-23 03:00:00,12.740,0.000,0.000,0.000,10.100
2014-12-23 04:00:00,13.030,0.000,0.000,0.000,10.100
2014-12-23 05:00:00,13.160,0.000,0.000,0.000,10.100
2014-12-23 06:00:00,13.500,0.000,0.000,0.000,10.200
2014-12-23 07:00:00,13.720,0.000,0.000,0.000,10.300
2014-12-23 08:00:00,13.720,0.000,0.000,0.000,10.400
2014-12-23 09:00:00,13.700,7.000,0.000,7.000,10.300
2014-12-23 10:00:00,12.940,19.000,0.000,19.000,10.200
2014-12-23 11:00:00,13.000,26.000,0.000,26.000,10.200
2014-12-23 12:00:00,13.160,37.000,0.000,37.000,10.300
2014-12-23 13:00:00,12.840,31.000,0.000,31.000,10.400
2014-12-23 14:00:00,12.620,16.000,0.000,16.000,10.500
2014-12-23 15:00:00,12.690,4.000,0.000,4.000,10.600
2014-12-23 16:00:00,12.830,0.000,0.000,0.000,10.900
2014-12-23 17:00:00,12.590,0.000,0.000,0.000,10.800
2014-12-23 18:00:00,11.990,0.000,0.000,0.000,10.700
2014-12-23 19:00:00,12.080,0.000,0.000,0.000,10.700
2014-12-23 20:00:00,12.270,0.000,0.000,0.000,10.700
2014-12-23 21:00:00,11.640,0.000,0.000,0.000,10.600
2014-12-23 22:00:00,10.470,0.000,0.000,0.000,10.500
2014-12-23 23:00:00,10.820,0.000,0.000,0.000,10.400
2014-12-24 00:00:00,12.080,0.000,0.000,0.000,10.300
2014-12-24 01:00:00,12.440,0.000,0.000,0.000,10.200
2014-12-24 02:00:00,12.120,0.000,0.000,0.000,10.000
2014-12-24 03:00:00,12.080,0.000,0.000,0.000,9.600
2014-12-24 04:00:00,12.230,0.000,0.000,0.000,9.300
2014-12-24 05:00:00,12.400,0.000,0.000,0.000,9.000
2014-12-24 06:00:00,12.790,0.000,0.000,0.000,8.600
2014-12-24 07:00:00,12.950,0.000,0.000,0.000,8.500
2014-12-24 08:00:00,13.100,0.000,0.000,0.000,8.500
2014-12-24 09:00:00,13.310,7.000,0.000,7.000,8.600
2014-12-24 10:00:00,12.330,12.000,5.600,11.000,8.800
2014-12-24 11:00:00,12.850,12.000,0.000,12.000,8.900
2014-12-24 12:00:00,12.750,13.000,0.000,13.000,9.000
2014-12-24 13:00:00,12.060,13.000,0.000,13.000,8.900
2014-12-24 14:00:00,10.550,10.000,0.000,10.000,8.500
2014-12-24 15:00:00,9.300,8.000,28.700,6.000,8.100
2014-12-24 16:00:00,8.970,0.000,0.000,0.000,7.400
2014-12-24 17:00:00,8.880,0.000,0.000,0.000,6.600
2014-12-24 18:00:00,8.970,0.000,0.000,0.000,6.300
2014-12-24 19:00:00,9.230,0.000,0.000,0.000,5.900
2014-12-24 20:00:00,9.610,0.000,0.000,0.000,5.300
2014-12-24 21:00:00,9.310,0.000,0.000,0.000,4.900
2014-12-24 22:00:00,10.040,0.000,0.000,0.000,4.500
2014-12-24 23:00:00,10.180,0.000,0.000,0.000,4.300
2014-12-25 00:00:00,10.260,0.000,0.000,0.000,4.500
2014-12-25 01:00:00,10.320,0.000,0.000,0.000,4.400
2014-12-25 02:00:00,10.240,0.000,0.000,0.000,4.400
2014-12-25 03:00:00,10.500,0.000,0.000,0.000,4.600
2014-12-25 04:00:00,10.790,0.000,0.000,0.000,4.900
2014-12-25 05:00:00,11.330,0.000,0.000,0.000,5.300
2014-12-25 06:00:00,12.130,0.000,0.000,0.000,5.400
2014-12-25 07:00:00,12.490,0.000,0.000,0.000,5.500
2014-12-25 08:00:00,12.570,1.000,0.000,1.000,5.600
2014-12-25 09:00:00,12.450,30.000,52.100,25.000,5.600
2014-12-25 10:00:00,11.460,91.000,150.500,64.000,5.500
2014-12-25 11:00:00,11.660,131.000,279.200,67.000,5.900
2014-12-25 12:00:00,12.010,157.000,384.400,64.000,6.200
2014-12-25 13:00:00,12.000,137.000,350.600,61.000,6.200
2014-12-25 14:00:00,11.920,78.000,257.400,38.000,6.200
2014-12-25 15:00:00,11.820,28.000,170.800,16.000,5.500
2014-12-25 16:00:00,11.930,0.000,0.000,0.000,4.900
2014-12-25 17:00:00,11.490,0.000,0.000,0.000,4.000
2014-12-25 18:00:00,10.740,0.000,0.000,0.000,3.300
2014-12-25 19:00:00,9.140,0.000,0.000,0.000,2.600
2014-12-25 20:00:00,8.070,0.000,0.000,0.000,2.400
2014-12-25 21:00:00,7.780,0.000,0.000,0.000,2.200
2014-12-25 22:00:00,5.870,0.000,0.000,0.000,1.300
2014-12-25 23:00:00,5.460,0.000,0.000,0.000,1.300
2014-12-26 00:00:00,5.060,0.000,0.000,0.000,1.200
2014-12-26 01:00:00,5.080,0.000,0.000,0.000,1.100
2014-12-26 02:00:00,5.150,0.000,0.000,0.000,0.600
2014-12-26 03:00:00,4.910,0.000,0.000,0.000,0.400
2014-12-26 04:00:00,4.620,0.000,0.000,0.000,-0.100
2014-12-26 05:00:00,4.380,0.000,0.000,0.000,-0.800
2014-12-26 06:00:00,4.260,0.000,0.000,0.000,-1.000
2014-12-26 07:00:00,3.910,0.000,0.000,0.000,-1.200
2014-12-26 08:00:00,3.540,3.000,19.100,2.000,-1.400
2014-12-26 09:00:00,3.000,54.000,261.500,29.000,-1.000
2014-12-26 10:00:00,1.570,129.000,440.500,50.000,-0.900
2014-12-26 11:00:00,1.030,173.000,453.300,69.000,-0.500
2014-12-26 12:00:00,1.260,190.000,503.100,68.000,0.200
2014-12-26 13:00:00,2.200,177.000,537.600,60.000,0.600
2014-12-26 14:00:00,2.710,110.000,396.100,48.000,0.600
2014-12-26 15:00:00,2.830,34.000,211.400,19.000,-1.300
2014-12-26 16:00:00,2.750,0.000,0.000,0.000,-1.600
2014-12-26 17:00:00,2.910,0.000,0.000,0.000,-1.100
2014-12-26 18:00:00,3.480,0.000,0.000,0.000,-0.400
2014-12-26 19:00:00,4.030,0.000,0.000,0.000,-0.700
2014-12-26 20:00:00,4.060,0.000,0.000,0.000,-0.800
2014-12-26 21:00:00,4.300,0.000,0.000,0.000,-0.600
2014-12-26 22:00:00,3.770,0.000,0.000,0.000,-0.700
2014-12-26 23:00:00,3.920,0.000,0.000,0.000,-0.600
2014-12-27 00:00:00,4.540,0.000,0.000,0.000,-1.000
2014-12-27 01:00:00,5.070,0.000,0.000,0.000,-1.400
2014-12-27 02:00:00,5.900,0.000,0.000,0.000,-1.400
2014-12-27 03:00:00,6.270,0.000,0.000,0.000,-1.500
2014-12-27 04:00:00,6.790,0.000,0.000,0.000,-1.600
2014-12-27 05:00:00,6.970,0.000,0.000,0.000,-1.600
2014-12-27 06:00:00,7.520,0.000,0.000,0.000,-1.800
2014-12-27 07:00:00,8.010,0.000,0.000,0.000,-1.600
2014-12-27 08:00:00,8.560,3.000,0.000,3.000,-1.600
2014-12-27 09:00:00,8.900,31.000,0.000,31.000,-1.300
2014-12-27 10:00:00,8.370,67.000,0.000,67.000,-1.000
2014-12-27 11:00:00,8.510,97.000,8.700,95.000,-0.700
2014-12-27 12:00:00,8.710,97.000,4.100,96.000,-0.500
2014-12-27 13:00:00,8.610,88.000,13.700,85.000,-0.500
2014-12-27 14:00:00,9.100,63.000,6.300,62.000,-0.700
2014-12-27 15:00:00,9.700,21.000,0.000,21.000,-1.100
2014-12-27 16:00:00,9.660,0.000,0.000,0.000,-1.700
2014-12-27 17:00:00,9.590,0.000,0.000,0.000,-2.100
2014-12-27 18:00:00,9.730,0.000,0.000,0.000,-2.400
2014-12-27 19:00:00,9.430,0.000,0.000,0.000,-2.700
2014-12-27 20:00:00,10.430,0.000,0.000,0.000,-2.900
2014-12-27 21:00:00,9.970,0.000,0.000,0.000,-3.200
2014-12-27 22:00:00,10.490,0.000,0.000,0.000,-3.100
2014-12-27 23:00:00,9.710,0.000,0.000,0.000,-3.500
2014-12-28 00:00:00,9.000,0.000,0.000,0.000,-3.900
2014-12-28 01:00:00,8.260,0.000,0.000,0.000,-4.300
2014-12-28 02:00:00,7.850,0.000,0.000,0.000,-4.700
2014-12-28 03:00:00,8.000,0.000,0.000,0.000,-5.200
2014-12-28 04:00:00,8.140,0.000,0.000,0.000,-5.300
2014-12-28 05:00:00,7.700,0.000,0.000,0.000,-5.400
2014-12-28 06:00:00,6.810,0.000,0.000,0.000,-5.600
2014-12-28 07:00:00,6.300,0.000,0.000,0.000,-5.700
2014-12-28 08:00:00,5.030,3.000,19.100,2.000,-5.800
2014-12-28 09:00:00,2.970,49.000,199.400,30.000,-4.900
2014-12-28 10:00:00,3.100,92.000,150.400,65.000,-3.300
2014-12-28 11:00:00,3.010,112.000,112.900,86.000,-1.900
2014-12-28 12:00:00,3.020,105.000,61.500,90.000,-1.200
2014-12-28 13:00:00,3.420,112.000,122.900,85.000,-0.600
2014-12-28 14:00:00,4.440,81.000,157.100,56.000,-0.000
2014-12-28 15:00:00,5.230,32.000,165.500,20.000,-0.800
2014-12-28 16:00:00,5.660,0.000,0.000,0.000,-1.400
2014-12-28 17:00:00,5.690,0.000,0.000,0.000,-1.700
2014-12-28 18:00:00,6.150,0.000,0.000,0.000,-2.000
2014-12-28 19:00:00,6.060,0.000,0.000,0.000,-2.500
2014-12-28 20:00:00,6.110,0.000,0.000,0.000,-2.900
2014-12-28 21:00:00,7.180,0.000,0.000,0.000,-2.400
2014-12-28 22:00:00,8.130,0.000,0.000,0.000,-1.900
2014-12-28 23:00:00,9.340,0.000,0.000,0.000,-1.100
2014-12-29 00:00:00,10.170,0.000,0.000,0.000,-0.600
2014-12-29 01:00:00,10.420,0.000,0.000,0.000,-0.100
2014-12-29 02:00:00,10.740,0.000,0.000,0.000,0.100
2014-12-29 03:00:00,10.300,0.000,0.000,0.000,0.200
2014-12-29 04:00:00,9.710,0.000,0.000,0.000,0.400
2014-12-29 05:00:00,9.120,0.000,0.000,0.000,0.600
2014-12-29 06:00:00,8.460,0.000,0.000,0.000,0.900
2014-12-29 07:00:00,7.940,0.000,0.000,0.000,1.500
2014-12-29 08:00:00,7.560,1.000,0.000,1.000,1.700
2014-12-29 09:00:00,7.100,17.000,10.500,16.000,1.400
2014-12-29 10:00:00,7.150,42.000,50.000,33.000,0.900
2014-12-29 11:00:00,6.440,91.000,138.600,59.000,0.600
2014-12-29 12:00:00,5.100,103.000,118.400,74.000,0.000
2014-12-29 13:00:00,4.220,113.000,221.800,64.000,-0.000
2014-12-29 14:00:00,3.900,89.000,211.700,55.000,-0.100
2014-12-29 15:00:00,3.280,30.000,109.000,22.000,-0.600
2014-12-29 16:00:00,2.770,0.000,0.000,0.000,-1.400
2014-12-29 17:00:00,2.760,0.000,0.000,0.000,-1.700
2014-12-29 18:00:00,3.640,0.000,0.000,0.000,-1.400
2014-12-29 19:00:00,4.400,0.000,0.000,0.000,-1.400
2014-12-29 20:00:00,5.040,0.000,0.000,0.000,-0.800
2014-12-29 21:00:00,5.570,0.000,0.000,0.000,-0.800
2014-12-29 22:00:00,6.620,0.000,0.000,0.000,-0.800
2014-12-29 23:00:00,7.070,0.000,0.000,0.000,-0.800
2014-12-30 00:00:00,7.410,0.000,0.000,0.000,-0.700
2014-12-30 01:00:00,7.630,0.000,0.000,0.000,-0.300
2014-12-30 02:00:00,7.600,0.000,0.000,0.000,0.400
2014-12-30 03:00:00,7.740,0.000,0.000,0.000,1.000
2014-12-30 04:00:00,7.960,0.000,0.000,0.000,1.600
2014-12-30 05:00:00,7.630,0.000,0.000,0.000,2.000
2014-12-30 06:00:00,7.260,0.000,0.000,0.000,2.200
2014-12-30 07:00:00,7.140,0.000,0.000,0.000,2.300
2014-12-30 08:00:00,7.130,1.000,0.000,1.000,2.200
2014-12-30 09:00:00,7.100,18.000,10.500,17.000,2.500
2014-12-30 10:00:00,6.880,45.000,44.400,37.000,3.000
2014-12-30 11:00:00,6.360,93.000,47.500,82.000,3.700
2014-12-30 12:00:00,6.320,106.000,134.200,73.000,4.100
2014-12-30 13:00:00,6.430,66.000,58.500,53.000,4.100
2014-12-30 14:00:00,6.560,40.000,24.700,36.000,4.100
2014-12-30 15:00:00,6.550,11.000,13.500,10.000,4.000
2014-12-30 16:00:00,6.870,0.000,0.000,0.000,3.600
2014-12-30 17:00:00,6.900,0.000,0.000,0.000,3.200
2014-12-30 18:00:00,6.910,0.000,0.000,0.000,3.100
2014-12-30 19:00:00,7.520,0.000,0.000,0.000,3.000
2014-12-30 20:00:00,7.310,0.000,0.000,0.000,3.000
2014-12-30 21:00:00,7.520,0.000,0.000,0.000,3.000
2014-12-30 22:00:00,7.410,0.000,0.000,0.000,3.300
2014-12-30 23:00:00,6.900,0.000,0.000,0.000,3.500
2014-12-31 00:00:00,6.400,0.000,0.000,0.000,3.400
2014-12-31 01:00:00,6.200,0.000,0.000,0.000,3.400
2014-12-31 02:00:00,6.110,0.000,0.000,0.000,3.500
2014-12-31 03:00:00,6.210,0.000,0.000,0.000,3.500
2014-12-31 04:00:00,6.450,0.000,0.000,0.000,3.600
2014-12-31 05:00:00,6.760,0.000,0.000,0.000,3.700
2014-12-31 06:00:00,6.560,0.000,0.000,0.000,3.900
2014-12-31 07:00:00,6.650,0.000,0.000,0.000,4.200
2014-12-31 08:00:00,6.730,1.000,0.000,1.000,4.400
2014-12-31 09:00:00,6.610,7.000,0.000,7.000,4.600
2014-12-31 10:00:00,6.200,15.000,5.500,14.000,4.900
2014-12-31 11:00:00,6.610,20.000,0.000,20.000,5.200
2014-12-31 12:00:00,6.680,23.000,0.000,23.000,5.500
2014-12-31 13:00:00,6.280,28.000,0.000,28.000,5.800
2014-12-31 14:00:00,5.770,13.000,0.000,13.000,5.900
2014-12-31 15:00:00,5.610,7.000,0.000,7.000,5.900
2014-12-31 16:00:00,5.740,0.000,0.000,0.000,5.700
2014-12-31 17:00:00,6.110,0.000,0.000,0.000,5.600
2014-12-31 18:00:00,6.200,0.000,0.000,0.000,5.600
2014-12-31 19:00:00,6.210,0.000,0.000,0.000,5.400
2014-12-31 20:00:00,6.360,0.000,0.000,0.000,5.300
2014-12-31 21:00:00,6.510,0.000,0.000,0.000,4.900
2014-12-31 22:00:00,6.710,0.000,0.000,0.000,4.700
2014-12-31 23:00:00,7.040,0.000,0.000,0.000,4.400
